# Wavefront OBJ Harbor Wall
mtllib harbor_wall_straight.mtl

v -27.5000 -4.5000 1.8000
v 27.5000 -4.5000 1.8000
v 27.5000 -0.3500 1.8000
v -27.5000 -0.3500 1.8000
v -27.5000 -0.3500 2.0000
v 27.5000 -0.3500 2.0000
v 27.5000 0.0000 2.0000
v -27.5000 0.0000 2.0000
v 27.5000 -0.3500 1.8000
v 27.5000 -0.3500 2.0000
v -27.5000 -0.3500 2.0000
v -27.5000 -0.3500 1.8000
v -27.5000 0.0000 0.6000
v -27.5000 0.0000 2.0000
v 27.5000 0.0000 2.0000
v 27.5000 0.0000 0.6000
v -27.5000 0.0000 -1.5000
v -27.5000 0.0000 0.6000
v 27.5000 0.0000 0.6000
v 27.5000 0.0000 -1.5000
v -27.5000 0.0000 -16.2000
v -27.5000 0.0000 -1.5000
v 27.5000 0.0000 -1.5000
v 27.5000 0.0000 -16.2000
v 27.5000 -4.5000 -16.2000
v 27.5000 -4.5000 1.8000
v -27.5000 -4.5000 1.8000
v -27.5000 -4.5000 -16.2000
v -27.5000 -4.5000 -16.2000
v -27.5000 -4.5000 1.8000
v -27.5000 0.0000 2.0000
v -27.5000 0.0000 -16.2000
v 27.5000 0.0000 -16.2000
v 27.5000 0.0000 2.0000
v 27.5000 -4.5000 1.8000
v 27.5000 -4.5000 -16.2000
v -27.5000 0.0000 -16.2000
v 27.5000 0.0000 -16.2000
v 27.5000 -4.5000 -16.2000
v -27.5000 -4.5000 -16.2000
v -22.3000 0.0000 -0.6000
v -22.3000 0.0000 0.6000
v -22.2772 0.1148 0.6000
v -22.2772 0.1148 -0.6000
v -22.2772 0.1148 -0.6000
v -22.2772 0.1148 0.6000
v -22.2121 0.2121 0.6000
v -22.2121 0.2121 -0.6000
v -22.2121 0.2121 -0.6000
v -22.2121 0.2121 0.6000
v -22.1148 0.2772 0.6000
v -22.1148 0.2772 -0.6000
v -22.1148 0.2772 -0.6000
v -22.1148 0.2772 0.6000
v -22.0000 0.3000 0.6000
v -22.0000 0.3000 -0.6000
v -22.0000 0.3000 -0.6000
v -22.0000 0.3000 0.6000
v -21.8852 0.2772 0.6000
v -21.8852 0.2772 -0.6000
v -21.8852 0.2772 -0.6000
v -21.8852 0.2772 0.6000
v -21.7879 0.2121 0.6000
v -21.7879 0.2121 -0.6000
v -21.7879 0.2121 -0.6000
v -21.7879 0.2121 0.6000
v -21.7228 0.1148 0.6000
v -21.7228 0.1148 -0.6000
v -21.7228 0.1148 -0.6000
v -21.7228 0.1148 0.6000
v -21.7000 0.0000 0.6000
v -21.7000 0.0000 -0.6000
v -22.0000 0.0000 0.6000
v -22.2772 0.1148 0.6000
v -22.3000 0.0000 0.6000
v -22.0000 0.0000 -0.6000
v -22.3000 0.0000 -0.6000
v -22.2772 0.1148 -0.6000
v -22.0000 0.0000 0.6000
v -22.2121 0.2121 0.6000
v -22.2772 0.1148 0.6000
v -22.0000 0.0000 -0.6000
v -22.2772 0.1148 -0.6000
v -22.2121 0.2121 -0.6000
v -22.0000 0.0000 0.6000
v -22.1148 0.2772 0.6000
v -22.2121 0.2121 0.6000
v -22.0000 0.0000 -0.6000
v -22.2121 0.2121 -0.6000
v -22.1148 0.2772 -0.6000
v -22.0000 0.0000 0.6000
v -22.0000 0.3000 0.6000
v -22.1148 0.2772 0.6000
v -22.0000 0.0000 -0.6000
v -22.1148 0.2772 -0.6000
v -22.0000 0.3000 -0.6000
v -22.0000 0.0000 0.6000
v -21.8852 0.2772 0.6000
v -22.0000 0.3000 0.6000
v -22.0000 0.0000 -0.6000
v -22.0000 0.3000 -0.6000
v -21.8852 0.2772 -0.6000
v -22.0000 0.0000 0.6000
v -21.7879 0.2121 0.6000
v -21.8852 0.2772 0.6000
v -22.0000 0.0000 -0.6000
v -21.8852 0.2772 -0.6000
v -21.7879 0.2121 -0.6000
v -22.0000 0.0000 0.6000
v -21.7228 0.1148 0.6000
v -21.7879 0.2121 0.6000
v -22.0000 0.0000 -0.6000
v -21.7879 0.2121 -0.6000
v -21.7228 0.1148 -0.6000
v -22.0000 0.0000 0.6000
v -21.7000 0.0000 0.6000
v -21.7228 0.1148 0.6000
v -22.0000 0.0000 -0.6000
v -21.7228 0.1148 -0.6000
v -21.7000 0.0000 -0.6000
v -11.3000 0.0000 -0.6000
v -11.3000 0.0000 0.6000
v -11.2772 0.1148 0.6000
v -11.2772 0.1148 -0.6000
v -11.2772 0.1148 -0.6000
v -11.2772 0.1148 0.6000
v -11.2121 0.2121 0.6000
v -11.2121 0.2121 -0.6000
v -11.2121 0.2121 -0.6000
v -11.2121 0.2121 0.6000
v -11.1148 0.2772 0.6000
v -11.1148 0.2772 -0.6000
v -11.1148 0.2772 -0.6000
v -11.1148 0.2772 0.6000
v -11.0000 0.3000 0.6000
v -11.0000 0.3000 -0.6000
v -11.0000 0.3000 -0.6000
v -11.0000 0.3000 0.6000
v -10.8852 0.2772 0.6000
v -10.8852 0.2772 -0.6000
v -10.8852 0.2772 -0.6000
v -10.8852 0.2772 0.6000
v -10.7879 0.2121 0.6000
v -10.7879 0.2121 -0.6000
v -10.7879 0.2121 -0.6000
v -10.7879 0.2121 0.6000
v -10.7228 0.1148 0.6000
v -10.7228 0.1148 -0.6000
v -10.7228 0.1148 -0.6000
v -10.7228 0.1148 0.6000
v -10.7000 0.0000 0.6000
v -10.7000 0.0000 -0.6000
v -11.0000 0.0000 0.6000
v -11.2772 0.1148 0.6000
v -11.3000 0.0000 0.6000
v -11.0000 0.0000 -0.6000
v -11.3000 0.0000 -0.6000
v -11.2772 0.1148 -0.6000
v -11.0000 0.0000 0.6000
v -11.2121 0.2121 0.6000
v -11.2772 0.1148 0.6000
v -11.0000 0.0000 -0.6000
v -11.2772 0.1148 -0.6000
v -11.2121 0.2121 -0.6000
v -11.0000 0.0000 0.6000
v -11.1148 0.2772 0.6000
v -11.2121 0.2121 0.6000
v -11.0000 0.0000 -0.6000
v -11.2121 0.2121 -0.6000
v -11.1148 0.2772 -0.6000
v -11.0000 0.0000 0.6000
v -11.0000 0.3000 0.6000
v -11.1148 0.2772 0.6000
v -11.0000 0.0000 -0.6000
v -11.1148 0.2772 -0.6000
v -11.0000 0.3000 -0.6000
v -11.0000 0.0000 0.6000
v -10.8852 0.2772 0.6000
v -11.0000 0.3000 0.6000
v -11.0000 0.0000 -0.6000
v -11.0000 0.3000 -0.6000
v -10.8852 0.2772 -0.6000
v -11.0000 0.0000 0.6000
v -10.7879 0.2121 0.6000
v -10.8852 0.2772 0.6000
v -11.0000 0.0000 -0.6000
v -10.8852 0.2772 -0.6000
v -10.7879 0.2121 -0.6000
v -11.0000 0.0000 0.6000
v -10.7228 0.1148 0.6000
v -10.7879 0.2121 0.6000
v -11.0000 0.0000 -0.6000
v -10.7879 0.2121 -0.6000
v -10.7228 0.1148 -0.6000
v -11.0000 0.0000 0.6000
v -10.7000 0.0000 0.6000
v -10.7228 0.1148 0.6000
v -11.0000 0.0000 -0.6000
v -10.7228 0.1148 -0.6000
v -10.7000 0.0000 -0.6000
v -0.3000 0.0000 -0.6000
v -0.3000 0.0000 0.6000
v -0.2772 0.1148 0.6000
v -0.2772 0.1148 -0.6000
v -0.2772 0.1148 -0.6000
v -0.2772 0.1148 0.6000
v -0.2121 0.2121 0.6000
v -0.2121 0.2121 -0.6000
v -0.2121 0.2121 -0.6000
v -0.2121 0.2121 0.6000
v -0.1148 0.2772 0.6000
v -0.1148 0.2772 -0.6000
v -0.1148 0.2772 -0.6000
v -0.1148 0.2772 0.6000
v 0.0000 0.3000 0.6000
v 0.0000 0.3000 -0.6000
v 0.0000 0.3000 -0.6000
v 0.0000 0.3000 0.6000
v 0.1148 0.2772 0.6000
v 0.1148 0.2772 -0.6000
v 0.1148 0.2772 -0.6000
v 0.1148 0.2772 0.6000
v 0.2121 0.2121 0.6000
v 0.2121 0.2121 -0.6000
v 0.2121 0.2121 -0.6000
v 0.2121 0.2121 0.6000
v 0.2772 0.1148 0.6000
v 0.2772 0.1148 -0.6000
v 0.2772 0.1148 -0.6000
v 0.2772 0.1148 0.6000
v 0.3000 0.0000 0.6000
v 0.3000 0.0000 -0.6000
v 0.0000 0.0000 0.6000
v -0.2772 0.1148 0.6000
v -0.3000 0.0000 0.6000
v 0.0000 0.0000 -0.6000
v -0.3000 0.0000 -0.6000
v -0.2772 0.1148 -0.6000
v 0.0000 0.0000 0.6000
v -0.2121 0.2121 0.6000
v -0.2772 0.1148 0.6000
v 0.0000 0.0000 -0.6000
v -0.2772 0.1148 -0.6000
v -0.2121 0.2121 -0.6000
v 0.0000 0.0000 0.6000
v -0.1148 0.2772 0.6000
v -0.2121 0.2121 0.6000
v 0.0000 0.0000 -0.6000
v -0.2121 0.2121 -0.6000
v -0.1148 0.2772 -0.6000
v 0.0000 0.0000 0.6000
v 0.0000 0.3000 0.6000
v -0.1148 0.2772 0.6000
v 0.0000 0.0000 -0.6000
v -0.1148 0.2772 -0.6000
v 0.0000 0.3000 -0.6000
v 0.0000 0.0000 0.6000
v 0.1148 0.2772 0.6000
v 0.0000 0.3000 0.6000
v 0.0000 0.0000 -0.6000
v 0.0000 0.3000 -0.6000
v 0.1148 0.2772 -0.6000
v 0.0000 0.0000 0.6000
v 0.2121 0.2121 0.6000
v 0.1148 0.2772 0.6000
v 0.0000 0.0000 -0.6000
v 0.1148 0.2772 -0.6000
v 0.2121 0.2121 -0.6000
v 0.0000 0.0000 0.6000
v 0.2772 0.1148 0.6000
v 0.2121 0.2121 0.6000
v 0.0000 0.0000 -0.6000
v 0.2121 0.2121 -0.6000
v 0.2772 0.1148 -0.6000
v 0.0000 0.0000 0.6000
v 0.3000 0.0000 0.6000
v 0.2772 0.1148 0.6000
v 0.0000 0.0000 -0.6000
v 0.2772 0.1148 -0.6000
v 0.3000 0.0000 -0.6000
v 10.7000 0.0000 -0.6000
v 10.7000 0.0000 0.6000
v 10.7228 0.1148 0.6000
v 10.7228 0.1148 -0.6000
v 10.7228 0.1148 -0.6000
v 10.7228 0.1148 0.6000
v 10.7879 0.2121 0.6000
v 10.7879 0.2121 -0.6000
v 10.7879 0.2121 -0.6000
v 10.7879 0.2121 0.6000
v 10.8852 0.2772 0.6000
v 10.8852 0.2772 -0.6000
v 10.8852 0.2772 -0.6000
v 10.8852 0.2772 0.6000
v 11.0000 0.3000 0.6000
v 11.0000 0.3000 -0.6000
v 11.0000 0.3000 -0.6000
v 11.0000 0.3000 0.6000
v 11.1148 0.2772 0.6000
v 11.1148 0.2772 -0.6000
v 11.1148 0.2772 -0.6000
v 11.1148 0.2772 0.6000
v 11.2121 0.2121 0.6000
v 11.2121 0.2121 -0.6000
v 11.2121 0.2121 -0.6000
v 11.2121 0.2121 0.6000
v 11.2772 0.1148 0.6000
v 11.2772 0.1148 -0.6000
v 11.2772 0.1148 -0.6000
v 11.2772 0.1148 0.6000
v 11.3000 0.0000 0.6000
v 11.3000 0.0000 -0.6000
v 11.0000 0.0000 0.6000
v 10.7228 0.1148 0.6000
v 10.7000 0.0000 0.6000
v 11.0000 0.0000 -0.6000
v 10.7000 0.0000 -0.6000
v 10.7228 0.1148 -0.6000
v 11.0000 0.0000 0.6000
v 10.7879 0.2121 0.6000
v 10.7228 0.1148 0.6000
v 11.0000 0.0000 -0.6000
v 10.7228 0.1148 -0.6000
v 10.7879 0.2121 -0.6000
v 11.0000 0.0000 0.6000
v 10.8852 0.2772 0.6000
v 10.7879 0.2121 0.6000
v 11.0000 0.0000 -0.6000
v 10.7879 0.2121 -0.6000
v 10.8852 0.2772 -0.6000
v 11.0000 0.0000 0.6000
v 11.0000 0.3000 0.6000
v 10.8852 0.2772 0.6000
v 11.0000 0.0000 -0.6000
v 10.8852 0.2772 -0.6000
v 11.0000 0.3000 -0.6000
v 11.0000 0.0000 0.6000
v 11.1148 0.2772 0.6000
v 11.0000 0.3000 0.6000
v 11.0000 0.0000 -0.6000
v 11.0000 0.3000 -0.6000
v 11.1148 0.2772 -0.6000
v 11.0000 0.0000 0.6000
v 11.2121 0.2121 0.6000
v 11.1148 0.2772 0.6000
v 11.0000 0.0000 -0.6000
v 11.1148 0.2772 -0.6000
v 11.2121 0.2121 -0.6000
v 11.0000 0.0000 0.6000
v 11.2772 0.1148 0.6000
v 11.2121 0.2121 0.6000
v 11.0000 0.0000 -0.6000
v 11.2121 0.2121 -0.6000
v 11.2772 0.1148 -0.6000
v 11.0000 0.0000 0.6000
v 11.3000 0.0000 0.6000
v 11.2772 0.1148 0.6000
v 11.0000 0.0000 -0.6000
v 11.2772 0.1148 -0.6000
v 11.3000 0.0000 -0.6000
v 21.7000 0.0000 -0.6000
v 21.7000 0.0000 0.6000
v 21.7228 0.1148 0.6000
v 21.7228 0.1148 -0.6000
v 21.7228 0.1148 -0.6000
v 21.7228 0.1148 0.6000
v 21.7879 0.2121 0.6000
v 21.7879 0.2121 -0.6000
v 21.7879 0.2121 -0.6000
v 21.7879 0.2121 0.6000
v 21.8852 0.2772 0.6000
v 21.8852 0.2772 -0.6000
v 21.8852 0.2772 -0.6000
v 21.8852 0.2772 0.6000
v 22.0000 0.3000 0.6000
v 22.0000 0.3000 -0.6000
v 22.0000 0.3000 -0.6000
v 22.0000 0.3000 0.6000
v 22.1148 0.2772 0.6000
v 22.1148 0.2772 -0.6000
v 22.1148 0.2772 -0.6000
v 22.1148 0.2772 0.6000
v 22.2121 0.2121 0.6000
v 22.2121 0.2121 -0.6000
v 22.2121 0.2121 -0.6000
v 22.2121 0.2121 0.6000
v 22.2772 0.1148 0.6000
v 22.2772 0.1148 -0.6000
v 22.2772 0.1148 -0.6000
v 22.2772 0.1148 0.6000
v 22.3000 0.0000 0.6000
v 22.3000 0.0000 -0.6000
v 22.0000 0.0000 0.6000
v 21.7228 0.1148 0.6000
v 21.7000 0.0000 0.6000
v 22.0000 0.0000 -0.6000
v 21.7000 0.0000 -0.6000
v 21.7228 0.1148 -0.6000
v 22.0000 0.0000 0.6000
v 21.7879 0.2121 0.6000
v 21.7228 0.1148 0.6000
v 22.0000 0.0000 -0.6000
v 21.7228 0.1148 -0.6000
v 21.7879 0.2121 -0.6000
v 22.0000 0.0000 0.6000
v 21.8852 0.2772 0.6000
v 21.7879 0.2121 0.6000
v 22.0000 0.0000 -0.6000
v 21.7879 0.2121 -0.6000
v 21.8852 0.2772 -0.6000
v 22.0000 0.0000 0.6000
v 22.0000 0.3000 0.6000
v 21.8852 0.2772 0.6000
v 22.0000 0.0000 -0.6000
v 21.8852 0.2772 -0.6000
v 22.0000 0.3000 -0.6000
v 22.0000 0.0000 0.6000
v 22.1148 0.2772 0.6000
v 22.0000 0.3000 0.6000
v 22.0000 0.0000 -0.6000
v 22.0000 0.3000 -0.6000
v 22.1148 0.2772 -0.6000
v 22.0000 0.0000 0.6000
v 22.2121 0.2121 0.6000
v 22.1148 0.2772 0.6000
v 22.0000 0.0000 -0.6000
v 22.1148 0.2772 -0.6000
v 22.2121 0.2121 -0.6000
v 22.0000 0.0000 0.6000
v 22.2772 0.1148 0.6000
v 22.2121 0.2121 0.6000
v 22.0000 0.0000 -0.6000
v 22.2121 0.2121 -0.6000
v 22.2772 0.1148 -0.6000
v 22.0000 0.0000 0.6000
v 22.3000 0.0000 0.6000
v 22.2772 0.1148 0.6000
v 22.0000 0.0000 -0.6000
v 22.2772 0.1148 -0.6000
v 22.3000 0.0000 -0.6000
v -21.6500 -0.6500 1.8000
v -21.6969 -0.4750 1.8000
v -21.6969 -0.4750 1.8800
v -21.6500 -0.6500 1.8800
v -21.6969 -0.4750 1.8000
v -21.8250 -0.3469 1.8000
v -21.8250 -0.3469 1.8800
v -21.6969 -0.4750 1.8800
v -21.8250 -0.3469 1.8000
v -22.0000 -0.3000 1.8000
v -22.0000 -0.3000 1.8800
v -21.8250 -0.3469 1.8800
v -22.0000 -0.3000 1.8000
v -22.1750 -0.3469 1.8000
v -22.1750 -0.3469 1.8800
v -22.0000 -0.3000 1.8800
v -22.1750 -0.3469 1.8000
v -22.3031 -0.4750 1.8000
v -22.3031 -0.4750 1.8800
v -22.1750 -0.3469 1.8800
v -22.3031 -0.4750 1.8000
v -22.3500 -0.6500 1.8000
v -22.3500 -0.6500 1.8800
v -22.3031 -0.4750 1.8800
v -22.3500 -0.6500 1.8000
v -22.3031 -0.8250 1.8000
v -22.3031 -0.8250 1.8800
v -22.3500 -0.6500 1.8800
v -22.3031 -0.8250 1.8000
v -22.1750 -0.9531 1.8000
v -22.1750 -0.9531 1.8800
v -22.3031 -0.8250 1.8800
v -22.1750 -0.9531 1.8000
v -22.0000 -1.0000 1.8000
v -22.0000 -1.0000 1.8800
v -22.1750 -0.9531 1.8800
v -22.0000 -1.0000 1.8000
v -21.8250 -0.9531 1.8000
v -21.8250 -0.9531 1.8800
v -22.0000 -1.0000 1.8800
v -21.8250 -0.9531 1.8000
v -21.6969 -0.8250 1.8000
v -21.6969 -0.8250 1.8800
v -21.8250 -0.9531 1.8800
v -21.6969 -0.8250 1.8000
v -21.6969 -0.8250 1.8800
v -21.6500 -0.6500 1.8800
v -21.6500 -0.6500 1.8000
v -22.0000 -0.6500 1.8800
v -21.6500 -0.6500 1.8800
v -21.6969 -0.4750 1.8800
v -22.0000 -0.6500 1.8000
v -21.6969 -0.4750 1.8000
v -21.6500 -0.6500 1.8000
v -22.0000 -0.6500 1.8800
v -21.6969 -0.4750 1.8800
v -21.8250 -0.3469 1.8800
v -22.0000 -0.6500 1.8000
v -21.8250 -0.3469 1.8000
v -21.6969 -0.4750 1.8000
v -22.0000 -0.6500 1.8800
v -21.8250 -0.3469 1.8800
v -22.0000 -0.3000 1.8800
v -22.0000 -0.6500 1.8000
v -22.0000 -0.3000 1.8000
v -21.8250 -0.3469 1.8000
v -22.0000 -0.6500 1.8800
v -22.0000 -0.3000 1.8800
v -22.1750 -0.3469 1.8800
v -22.0000 -0.6500 1.8000
v -22.1750 -0.3469 1.8000
v -22.0000 -0.3000 1.8000
v -22.0000 -0.6500 1.8800
v -22.1750 -0.3469 1.8800
v -22.3031 -0.4750 1.8800
v -22.0000 -0.6500 1.8000
v -22.3031 -0.4750 1.8000
v -22.1750 -0.3469 1.8000
v -22.0000 -0.6500 1.8800
v -22.3031 -0.4750 1.8800
v -22.3500 -0.6500 1.8800
v -22.0000 -0.6500 1.8000
v -22.3500 -0.6500 1.8000
v -22.3031 -0.4750 1.8000
v -22.0000 -0.6500 1.8800
v -22.3500 -0.6500 1.8800
v -22.3031 -0.8250 1.8800
v -22.0000 -0.6500 1.8000
v -22.3031 -0.8250 1.8000
v -22.3500 -0.6500 1.8000
v -22.0000 -0.6500 1.8800
v -22.3031 -0.8250 1.8800
v -22.1750 -0.9531 1.8800
v -22.0000 -0.6500 1.8000
v -22.1750 -0.9531 1.8000
v -22.3031 -0.8250 1.8000
v -22.0000 -0.6500 1.8800
v -22.1750 -0.9531 1.8800
v -22.0000 -1.0000 1.8800
v -22.0000 -0.6500 1.8000
v -22.0000 -1.0000 1.8000
v -22.1750 -0.9531 1.8000
v -22.0000 -0.6500 1.8800
v -22.0000 -1.0000 1.8800
v -21.8250 -0.9531 1.8800
v -22.0000 -0.6500 1.8000
v -21.8250 -0.9531 1.8000
v -22.0000 -1.0000 1.8000
v -22.0000 -0.6500 1.8800
v -21.8250 -0.9531 1.8800
v -21.6969 -0.8250 1.8800
v -22.0000 -0.6500 1.8000
v -21.6969 -0.8250 1.8000
v -21.8250 -0.9531 1.8000
v -22.0000 -0.6500 1.8800
v -21.6969 -0.8250 1.8800
v -21.6500 -0.6500 1.8800
v -22.0000 -0.6500 1.8000
v -21.6500 -0.6500 1.8000
v -21.6969 -0.8250 1.8000
v -21.7800 -0.6500 1.8800
v -21.8095 -0.5400 1.8800
v -21.8095 -0.5400 2.3500
v -21.7800 -0.6500 2.3500
v -21.8095 -0.5400 1.8800
v -21.8900 -0.4595 1.8800
v -21.8900 -0.4595 2.3500
v -21.8095 -0.5400 2.3500
v -21.8900 -0.4595 1.8800
v -22.0000 -0.4300 1.8800
v -22.0000 -0.4300 2.3500
v -21.8900 -0.4595 2.3500
v -22.0000 -0.4300 1.8800
v -22.1100 -0.4595 1.8800
v -22.1100 -0.4595 2.3500
v -22.0000 -0.4300 2.3500
v -22.1100 -0.4595 1.8800
v -22.1905 -0.5400 1.8800
v -22.1905 -0.5400 2.3500
v -22.1100 -0.4595 2.3500
v -22.1905 -0.5400 1.8800
v -22.2200 -0.6500 1.8800
v -22.2200 -0.6500 2.3500
v -22.1905 -0.5400 2.3500
v -22.2200 -0.6500 1.8800
v -22.1905 -0.7600 1.8800
v -22.1905 -0.7600 2.3500
v -22.2200 -0.6500 2.3500
v -22.1905 -0.7600 1.8800
v -22.1100 -0.8405 1.8800
v -22.1100 -0.8405 2.3500
v -22.1905 -0.7600 2.3500
v -22.1100 -0.8405 1.8800
v -22.0000 -0.8700 1.8800
v -22.0000 -0.8700 2.3500
v -22.1100 -0.8405 2.3500
v -22.0000 -0.8700 1.8800
v -21.8900 -0.8405 1.8800
v -21.8900 -0.8405 2.3500
v -22.0000 -0.8700 2.3500
v -21.8900 -0.8405 1.8800
v -21.8095 -0.7600 1.8800
v -21.8095 -0.7600 2.3500
v -21.8900 -0.8405 2.3500
v -21.8095 -0.7600 1.8800
v -21.8095 -0.7600 2.3500
v -21.7800 -0.6500 2.3500
v -21.7800 -0.6500 1.8800
v -21.7100 -0.6500 2.3500
v -21.7489 -0.5050 2.3500
v -21.7489 -0.5050 2.4800
v -21.7100 -0.6500 2.4800
v -21.7489 -0.5050 2.3500
v -21.8550 -0.3989 2.3500
v -21.8550 -0.3989 2.4800
v -21.7489 -0.5050 2.4800
v -21.8550 -0.3989 2.3500
v -22.0000 -0.3600 2.3500
v -22.0000 -0.3600 2.4800
v -21.8550 -0.3989 2.4800
v -22.0000 -0.3600 2.3500
v -22.1450 -0.3989 2.3500
v -22.1450 -0.3989 2.4800
v -22.0000 -0.3600 2.4800
v -22.1450 -0.3989 2.3500
v -22.2511 -0.5050 2.3500
v -22.2511 -0.5050 2.4800
v -22.1450 -0.3989 2.4800
v -22.2511 -0.5050 2.3500
v -22.2900 -0.6500 2.3500
v -22.2900 -0.6500 2.4800
v -22.2511 -0.5050 2.4800
v -22.2900 -0.6500 2.3500
v -22.2511 -0.7950 2.3500
v -22.2511 -0.7950 2.4800
v -22.2900 -0.6500 2.4800
v -22.2511 -0.7950 2.3500
v -22.1450 -0.9011 2.3500
v -22.1450 -0.9011 2.4800
v -22.2511 -0.7950 2.4800
v -22.1450 -0.9011 2.3500
v -22.0000 -0.9400 2.3500
v -22.0000 -0.9400 2.4800
v -22.1450 -0.9011 2.4800
v -22.0000 -0.9400 2.3500
v -21.8550 -0.9011 2.3500
v -21.8550 -0.9011 2.4800
v -22.0000 -0.9400 2.4800
v -21.8550 -0.9011 2.3500
v -21.7489 -0.7950 2.3500
v -21.7489 -0.7950 2.4800
v -21.8550 -0.9011 2.4800
v -21.7489 -0.7950 2.3500
v -21.7489 -0.7950 2.4800
v -21.7100 -0.6500 2.4800
v -21.7100 -0.6500 2.3500
v -22.0000 -0.6500 2.4800
v -21.7100 -0.6500 2.4800
v -21.7489 -0.5050 2.4800
v -22.0000 -0.6500 2.3500
v -21.7489 -0.5050 2.3500
v -21.7100 -0.6500 2.3500
v -22.0000 -0.6500 2.4800
v -21.7489 -0.5050 2.4800
v -21.8550 -0.3989 2.4800
v -22.0000 -0.6500 2.3500
v -21.8550 -0.3989 2.3500
v -21.7489 -0.5050 2.3500
v -22.0000 -0.6500 2.4800
v -21.8550 -0.3989 2.4800
v -22.0000 -0.3600 2.4800
v -22.0000 -0.6500 2.3500
v -22.0000 -0.3600 2.3500
v -21.8550 -0.3989 2.3500
v -22.0000 -0.6500 2.4800
v -22.0000 -0.3600 2.4800
v -22.1450 -0.3989 2.4800
v -22.0000 -0.6500 2.3500
v -22.1450 -0.3989 2.3500
v -22.0000 -0.3600 2.3500
v -22.0000 -0.6500 2.4800
v -22.1450 -0.3989 2.4800
v -22.2511 -0.5050 2.4800
v -22.0000 -0.6500 2.3500
v -22.2511 -0.5050 2.3500
v -22.1450 -0.3989 2.3500
v -22.0000 -0.6500 2.4800
v -22.2511 -0.5050 2.4800
v -22.2900 -0.6500 2.4800
v -22.0000 -0.6500 2.3500
v -22.2900 -0.6500 2.3500
v -22.2511 -0.5050 2.3500
v -22.0000 -0.6500 2.4800
v -22.2900 -0.6500 2.4800
v -22.2511 -0.7950 2.4800
v -22.0000 -0.6500 2.3500
v -22.2511 -0.7950 2.3500
v -22.2900 -0.6500 2.3500
v -22.0000 -0.6500 2.4800
v -22.2511 -0.7950 2.4800
v -22.1450 -0.9011 2.4800
v -22.0000 -0.6500 2.3500
v -22.1450 -0.9011 2.3500
v -22.2511 -0.7950 2.3500
v -22.0000 -0.6500 2.4800
v -22.1450 -0.9011 2.4800
v -22.0000 -0.9400 2.4800
v -22.0000 -0.6500 2.3500
v -22.0000 -0.9400 2.3500
v -22.1450 -0.9011 2.3500
v -22.0000 -0.6500 2.4800
v -22.0000 -0.9400 2.4800
v -21.8550 -0.9011 2.4800
v -22.0000 -0.6500 2.3500
v -21.8550 -0.9011 2.3500
v -22.0000 -0.9400 2.3500
v -22.0000 -0.6500 2.4800
v -21.8550 -0.9011 2.4800
v -21.7489 -0.7950 2.4800
v -22.0000 -0.6500 2.3500
v -21.7489 -0.7950 2.3500
v -21.8550 -0.9011 2.3500
v -22.0000 -0.6500 2.4800
v -21.7489 -0.7950 2.4800
v -21.7100 -0.6500 2.4800
v -22.0000 -0.6500 2.3500
v -21.7100 -0.6500 2.3500
v -21.7489 -0.7950 2.3500
v -22.3800 -0.7300 2.2400
v -21.6200 -0.7300 2.2400
v -21.6200 -0.5700 2.2400
v -22.3800 -0.5700 2.2400
v -22.3800 -0.5700 2.1600
v -21.6200 -0.5700 2.1600
v -21.6200 -0.7300 2.1600
v -22.3800 -0.7300 2.1600
v -22.3800 -0.5700 2.1600
v -22.3800 -0.5700 2.2400
v -21.6200 -0.5700 2.2400
v -21.6200 -0.5700 2.1600
v -21.6200 -0.7300 2.1600
v -21.6200 -0.7300 2.2400
v -22.3800 -0.7300 2.2400
v -22.3800 -0.7300 2.1600
v -22.3800 -0.7300 2.1600
v -22.3800 -0.7300 2.2400
v -22.3800 -0.5700 2.2400
v -22.3800 -0.5700 2.1600
v -21.6200 -0.5700 2.1600
v -21.6200 -0.5700 2.2400
v -21.6200 -0.7300 2.2400
v -21.6200 -0.7300 2.1600
v -10.6500 -0.6500 1.8000
v -10.6969 -0.4750 1.8000
v -10.6969 -0.4750 1.8800
v -10.6500 -0.6500 1.8800
v -10.6969 -0.4750 1.8000
v -10.8250 -0.3469 1.8000
v -10.8250 -0.3469 1.8800
v -10.6969 -0.4750 1.8800
v -10.8250 -0.3469 1.8000
v -11.0000 -0.3000 1.8000
v -11.0000 -0.3000 1.8800
v -10.8250 -0.3469 1.8800
v -11.0000 -0.3000 1.8000
v -11.1750 -0.3469 1.8000
v -11.1750 -0.3469 1.8800
v -11.0000 -0.3000 1.8800
v -11.1750 -0.3469 1.8000
v -11.3031 -0.4750 1.8000
v -11.3031 -0.4750 1.8800
v -11.1750 -0.3469 1.8800
v -11.3031 -0.4750 1.8000
v -11.3500 -0.6500 1.8000
v -11.3500 -0.6500 1.8800
v -11.3031 -0.4750 1.8800
v -11.3500 -0.6500 1.8000
v -11.3031 -0.8250 1.8000
v -11.3031 -0.8250 1.8800
v -11.3500 -0.6500 1.8800
v -11.3031 -0.8250 1.8000
v -11.1750 -0.9531 1.8000
v -11.1750 -0.9531 1.8800
v -11.3031 -0.8250 1.8800
v -11.1750 -0.9531 1.8000
v -11.0000 -1.0000 1.8000
v -11.0000 -1.0000 1.8800
v -11.1750 -0.9531 1.8800
v -11.0000 -1.0000 1.8000
v -10.8250 -0.9531 1.8000
v -10.8250 -0.9531 1.8800
v -11.0000 -1.0000 1.8800
v -10.8250 -0.9531 1.8000
v -10.6969 -0.8250 1.8000
v -10.6969 -0.8250 1.8800
v -10.8250 -0.9531 1.8800
v -10.6969 -0.8250 1.8000
v -10.6969 -0.8250 1.8800
v -10.6500 -0.6500 1.8800
v -10.6500 -0.6500 1.8000
v -11.0000 -0.6500 1.8800
v -10.6500 -0.6500 1.8800
v -10.6969 -0.4750 1.8800
v -11.0000 -0.6500 1.8000
v -10.6969 -0.4750 1.8000
v -10.6500 -0.6500 1.8000
v -11.0000 -0.6500 1.8800
v -10.6969 -0.4750 1.8800
v -10.8250 -0.3469 1.8800
v -11.0000 -0.6500 1.8000
v -10.8250 -0.3469 1.8000
v -10.6969 -0.4750 1.8000
v -11.0000 -0.6500 1.8800
v -10.8250 -0.3469 1.8800
v -11.0000 -0.3000 1.8800
v -11.0000 -0.6500 1.8000
v -11.0000 -0.3000 1.8000
v -10.8250 -0.3469 1.8000
v -11.0000 -0.6500 1.8800
v -11.0000 -0.3000 1.8800
v -11.1750 -0.3469 1.8800
v -11.0000 -0.6500 1.8000
v -11.1750 -0.3469 1.8000
v -11.0000 -0.3000 1.8000
v -11.0000 -0.6500 1.8800
v -11.1750 -0.3469 1.8800
v -11.3031 -0.4750 1.8800
v -11.0000 -0.6500 1.8000
v -11.3031 -0.4750 1.8000
v -11.1750 -0.3469 1.8000
v -11.0000 -0.6500 1.8800
v -11.3031 -0.4750 1.8800
v -11.3500 -0.6500 1.8800
v -11.0000 -0.6500 1.8000
v -11.3500 -0.6500 1.8000
v -11.3031 -0.4750 1.8000
v -11.0000 -0.6500 1.8800
v -11.3500 -0.6500 1.8800
v -11.3031 -0.8250 1.8800
v -11.0000 -0.6500 1.8000
v -11.3031 -0.8250 1.8000
v -11.3500 -0.6500 1.8000
v -11.0000 -0.6500 1.8800
v -11.3031 -0.8250 1.8800
v -11.1750 -0.9531 1.8800
v -11.0000 -0.6500 1.8000
v -11.1750 -0.9531 1.8000
v -11.3031 -0.8250 1.8000
v -11.0000 -0.6500 1.8800
v -11.1750 -0.9531 1.8800
v -11.0000 -1.0000 1.8800
v -11.0000 -0.6500 1.8000
v -11.0000 -1.0000 1.8000
v -11.1750 -0.9531 1.8000
v -11.0000 -0.6500 1.8800
v -11.0000 -1.0000 1.8800
v -10.8250 -0.9531 1.8800
v -11.0000 -0.6500 1.8000
v -10.8250 -0.9531 1.8000
v -11.0000 -1.0000 1.8000
v -11.0000 -0.6500 1.8800
v -10.8250 -0.9531 1.8800
v -10.6969 -0.8250 1.8800
v -11.0000 -0.6500 1.8000
v -10.6969 -0.8250 1.8000
v -10.8250 -0.9531 1.8000
v -11.0000 -0.6500 1.8800
v -10.6969 -0.8250 1.8800
v -10.6500 -0.6500 1.8800
v -11.0000 -0.6500 1.8000
v -10.6500 -0.6500 1.8000
v -10.6969 -0.8250 1.8000
v -10.7800 -0.6500 1.8800
v -10.8095 -0.5400 1.8800
v -10.8095 -0.5400 2.3500
v -10.7800 -0.6500 2.3500
v -10.8095 -0.5400 1.8800
v -10.8900 -0.4595 1.8800
v -10.8900 -0.4595 2.3500
v -10.8095 -0.5400 2.3500
v -10.8900 -0.4595 1.8800
v -11.0000 -0.4300 1.8800
v -11.0000 -0.4300 2.3500
v -10.8900 -0.4595 2.3500
v -11.0000 -0.4300 1.8800
v -11.1100 -0.4595 1.8800
v -11.1100 -0.4595 2.3500
v -11.0000 -0.4300 2.3500
v -11.1100 -0.4595 1.8800
v -11.1905 -0.5400 1.8800
v -11.1905 -0.5400 2.3500
v -11.1100 -0.4595 2.3500
v -11.1905 -0.5400 1.8800
v -11.2200 -0.6500 1.8800
v -11.2200 -0.6500 2.3500
v -11.1905 -0.5400 2.3500
v -11.2200 -0.6500 1.8800
v -11.1905 -0.7600 1.8800
v -11.1905 -0.7600 2.3500
v -11.2200 -0.6500 2.3500
v -11.1905 -0.7600 1.8800
v -11.1100 -0.8405 1.8800
v -11.1100 -0.8405 2.3500
v -11.1905 -0.7600 2.3500
v -11.1100 -0.8405 1.8800
v -11.0000 -0.8700 1.8800
v -11.0000 -0.8700 2.3500
v -11.1100 -0.8405 2.3500
v -11.0000 -0.8700 1.8800
v -10.8900 -0.8405 1.8800
v -10.8900 -0.8405 2.3500
v -11.0000 -0.8700 2.3500
v -10.8900 -0.8405 1.8800
v -10.8095 -0.7600 1.8800
v -10.8095 -0.7600 2.3500
v -10.8900 -0.8405 2.3500
v -10.8095 -0.7600 1.8800
v -10.8095 -0.7600 2.3500
v -10.7800 -0.6500 2.3500
v -10.7800 -0.6500 1.8800
v -10.7100 -0.6500 2.3500
v -10.7489 -0.5050 2.3500
v -10.7489 -0.5050 2.4800
v -10.7100 -0.6500 2.4800
v -10.7489 -0.5050 2.3500
v -10.8550 -0.3989 2.3500
v -10.8550 -0.3989 2.4800
v -10.7489 -0.5050 2.4800
v -10.8550 -0.3989 2.3500
v -11.0000 -0.3600 2.3500
v -11.0000 -0.3600 2.4800
v -10.8550 -0.3989 2.4800
v -11.0000 -0.3600 2.3500
v -11.1450 -0.3989 2.3500
v -11.1450 -0.3989 2.4800
v -11.0000 -0.3600 2.4800
v -11.1450 -0.3989 2.3500
v -11.2511 -0.5050 2.3500
v -11.2511 -0.5050 2.4800
v -11.1450 -0.3989 2.4800
v -11.2511 -0.5050 2.3500
v -11.2900 -0.6500 2.3500
v -11.2900 -0.6500 2.4800
v -11.2511 -0.5050 2.4800
v -11.2900 -0.6500 2.3500
v -11.2511 -0.7950 2.3500
v -11.2511 -0.7950 2.4800
v -11.2900 -0.6500 2.4800
v -11.2511 -0.7950 2.3500
v -11.1450 -0.9011 2.3500
v -11.1450 -0.9011 2.4800
v -11.2511 -0.7950 2.4800
v -11.1450 -0.9011 2.3500
v -11.0000 -0.9400 2.3500
v -11.0000 -0.9400 2.4800
v -11.1450 -0.9011 2.4800
v -11.0000 -0.9400 2.3500
v -10.8550 -0.9011 2.3500
v -10.8550 -0.9011 2.4800
v -11.0000 -0.9400 2.4800
v -10.8550 -0.9011 2.3500
v -10.7489 -0.7950 2.3500
v -10.7489 -0.7950 2.4800
v -10.8550 -0.9011 2.4800
v -10.7489 -0.7950 2.3500
v -10.7489 -0.7950 2.4800
v -10.7100 -0.6500 2.4800
v -10.7100 -0.6500 2.3500
v -11.0000 -0.6500 2.4800
v -10.7100 -0.6500 2.4800
v -10.7489 -0.5050 2.4800
v -11.0000 -0.6500 2.3500
v -10.7489 -0.5050 2.3500
v -10.7100 -0.6500 2.3500
v -11.0000 -0.6500 2.4800
v -10.7489 -0.5050 2.4800
v -10.8550 -0.3989 2.4800
v -11.0000 -0.6500 2.3500
v -10.8550 -0.3989 2.3500
v -10.7489 -0.5050 2.3500
v -11.0000 -0.6500 2.4800
v -10.8550 -0.3989 2.4800
v -11.0000 -0.3600 2.4800
v -11.0000 -0.6500 2.3500
v -11.0000 -0.3600 2.3500
v -10.8550 -0.3989 2.3500
v -11.0000 -0.6500 2.4800
v -11.0000 -0.3600 2.4800
v -11.1450 -0.3989 2.4800
v -11.0000 -0.6500 2.3500
v -11.1450 -0.3989 2.3500
v -11.0000 -0.3600 2.3500
v -11.0000 -0.6500 2.4800
v -11.1450 -0.3989 2.4800
v -11.2511 -0.5050 2.4800
v -11.0000 -0.6500 2.3500
v -11.2511 -0.5050 2.3500
v -11.1450 -0.3989 2.3500
v -11.0000 -0.6500 2.4800
v -11.2511 -0.5050 2.4800
v -11.2900 -0.6500 2.4800
v -11.0000 -0.6500 2.3500
v -11.2900 -0.6500 2.3500
v -11.2511 -0.5050 2.3500
v -11.0000 -0.6500 2.4800
v -11.2900 -0.6500 2.4800
v -11.2511 -0.7950 2.4800
v -11.0000 -0.6500 2.3500
v -11.2511 -0.7950 2.3500
v -11.2900 -0.6500 2.3500
v -11.0000 -0.6500 2.4800
v -11.2511 -0.7950 2.4800
v -11.1450 -0.9011 2.4800
v -11.0000 -0.6500 2.3500
v -11.1450 -0.9011 2.3500
v -11.2511 -0.7950 2.3500
v -11.0000 -0.6500 2.4800
v -11.1450 -0.9011 2.4800
v -11.0000 -0.9400 2.4800
v -11.0000 -0.6500 2.3500
v -11.0000 -0.9400 2.3500
v -11.1450 -0.9011 2.3500
v -11.0000 -0.6500 2.4800
v -11.0000 -0.9400 2.4800
v -10.8550 -0.9011 2.4800
v -11.0000 -0.6500 2.3500
v -10.8550 -0.9011 2.3500
v -11.0000 -0.9400 2.3500
v -11.0000 -0.6500 2.4800
v -10.8550 -0.9011 2.4800
v -10.7489 -0.7950 2.4800
v -11.0000 -0.6500 2.3500
v -10.7489 -0.7950 2.3500
v -10.8550 -0.9011 2.3500
v -11.0000 -0.6500 2.4800
v -10.7489 -0.7950 2.4800
v -10.7100 -0.6500 2.4800
v -11.0000 -0.6500 2.3500
v -10.7100 -0.6500 2.3500
v -10.7489 -0.7950 2.3500
v -11.3800 -0.7300 2.2400
v -10.6200 -0.7300 2.2400
v -10.6200 -0.5700 2.2400
v -11.3800 -0.5700 2.2400
v -11.3800 -0.5700 2.1600
v -10.6200 -0.5700 2.1600
v -10.6200 -0.7300 2.1600
v -11.3800 -0.7300 2.1600
v -11.3800 -0.5700 2.1600
v -11.3800 -0.5700 2.2400
v -10.6200 -0.5700 2.2400
v -10.6200 -0.5700 2.1600
v -10.6200 -0.7300 2.1600
v -10.6200 -0.7300 2.2400
v -11.3800 -0.7300 2.2400
v -11.3800 -0.7300 2.1600
v -11.3800 -0.7300 2.1600
v -11.3800 -0.7300 2.2400
v -11.3800 -0.5700 2.2400
v -11.3800 -0.5700 2.1600
v -10.6200 -0.5700 2.1600
v -10.6200 -0.5700 2.2400
v -10.6200 -0.7300 2.2400
v -10.6200 -0.7300 2.1600
v 0.3500 -0.6500 1.8000
v 0.3031 -0.4750 1.8000
v 0.3031 -0.4750 1.8800
v 0.3500 -0.6500 1.8800
v 0.3031 -0.4750 1.8000
v 0.1750 -0.3469 1.8000
v 0.1750 -0.3469 1.8800
v 0.3031 -0.4750 1.8800
v 0.1750 -0.3469 1.8000
v 0.0000 -0.3000 1.8000
v 0.0000 -0.3000 1.8800
v 0.1750 -0.3469 1.8800
v 0.0000 -0.3000 1.8000
v -0.1750 -0.3469 1.8000
v -0.1750 -0.3469 1.8800
v 0.0000 -0.3000 1.8800
v -0.1750 -0.3469 1.8000
v -0.3031 -0.4750 1.8000
v -0.3031 -0.4750 1.8800
v -0.1750 -0.3469 1.8800
v -0.3031 -0.4750 1.8000
v -0.3500 -0.6500 1.8000
v -0.3500 -0.6500 1.8800
v -0.3031 -0.4750 1.8800
v -0.3500 -0.6500 1.8000
v -0.3031 -0.8250 1.8000
v -0.3031 -0.8250 1.8800
v -0.3500 -0.6500 1.8800
v -0.3031 -0.8250 1.8000
v -0.1750 -0.9531 1.8000
v -0.1750 -0.9531 1.8800
v -0.3031 -0.8250 1.8800
v -0.1750 -0.9531 1.8000
v -0.0000 -1.0000 1.8000
v -0.0000 -1.0000 1.8800
v -0.1750 -0.9531 1.8800
v -0.0000 -1.0000 1.8000
v 0.1750 -0.9531 1.8000
v 0.1750 -0.9531 1.8800
v -0.0000 -1.0000 1.8800
v 0.1750 -0.9531 1.8000
v 0.3031 -0.8250 1.8000
v 0.3031 -0.8250 1.8800
v 0.1750 -0.9531 1.8800
v 0.3031 -0.8250 1.8000
v 0.3031 -0.8250 1.8800
v 0.3500 -0.6500 1.8800
v 0.3500 -0.6500 1.8000
v 0.0000 -0.6500 1.8800
v 0.3500 -0.6500 1.8800
v 0.3031 -0.4750 1.8800
v 0.0000 -0.6500 1.8000
v 0.3031 -0.4750 1.8000
v 0.3500 -0.6500 1.8000
v 0.0000 -0.6500 1.8800
v 0.3031 -0.4750 1.8800
v 0.1750 -0.3469 1.8800
v 0.0000 -0.6500 1.8000
v 0.1750 -0.3469 1.8000
v 0.3031 -0.4750 1.8000
v 0.0000 -0.6500 1.8800
v 0.1750 -0.3469 1.8800
v 0.0000 -0.3000 1.8800
v 0.0000 -0.6500 1.8000
v 0.0000 -0.3000 1.8000
v 0.1750 -0.3469 1.8000
v 0.0000 -0.6500 1.8800
v 0.0000 -0.3000 1.8800
v -0.1750 -0.3469 1.8800
v 0.0000 -0.6500 1.8000
v -0.1750 -0.3469 1.8000
v 0.0000 -0.3000 1.8000
v 0.0000 -0.6500 1.8800
v -0.1750 -0.3469 1.8800
v -0.3031 -0.4750 1.8800
v 0.0000 -0.6500 1.8000
v -0.3031 -0.4750 1.8000
v -0.1750 -0.3469 1.8000
v 0.0000 -0.6500 1.8800
v -0.3031 -0.4750 1.8800
v -0.3500 -0.6500 1.8800
v 0.0000 -0.6500 1.8000
v -0.3500 -0.6500 1.8000
v -0.3031 -0.4750 1.8000
v 0.0000 -0.6500 1.8800
v -0.3500 -0.6500 1.8800
v -0.3031 -0.8250 1.8800
v 0.0000 -0.6500 1.8000
v -0.3031 -0.8250 1.8000
v -0.3500 -0.6500 1.8000
v 0.0000 -0.6500 1.8800
v -0.3031 -0.8250 1.8800
v -0.1750 -0.9531 1.8800
v 0.0000 -0.6500 1.8000
v -0.1750 -0.9531 1.8000
v -0.3031 -0.8250 1.8000
v 0.0000 -0.6500 1.8800
v -0.1750 -0.9531 1.8800
v -0.0000 -1.0000 1.8800
v 0.0000 -0.6500 1.8000
v -0.0000 -1.0000 1.8000
v -0.1750 -0.9531 1.8000
v 0.0000 -0.6500 1.8800
v -0.0000 -1.0000 1.8800
v 0.1750 -0.9531 1.8800
v 0.0000 -0.6500 1.8000
v 0.1750 -0.9531 1.8000
v -0.0000 -1.0000 1.8000
v 0.0000 -0.6500 1.8800
v 0.1750 -0.9531 1.8800
v 0.3031 -0.8250 1.8800
v 0.0000 -0.6500 1.8000
v 0.3031 -0.8250 1.8000
v 0.1750 -0.9531 1.8000
v 0.0000 -0.6500 1.8800
v 0.3031 -0.8250 1.8800
v 0.3500 -0.6500 1.8800
v 0.0000 -0.6500 1.8000
v 0.3500 -0.6500 1.8000
v 0.3031 -0.8250 1.8000
v 0.2200 -0.6500 1.8800
v 0.1905 -0.5400 1.8800
v 0.1905 -0.5400 2.3500
v 0.2200 -0.6500 2.3500
v 0.1905 -0.5400 1.8800
v 0.1100 -0.4595 1.8800
v 0.1100 -0.4595 2.3500
v 0.1905 -0.5400 2.3500
v 0.1100 -0.4595 1.8800
v 0.0000 -0.4300 1.8800
v 0.0000 -0.4300 2.3500
v 0.1100 -0.4595 2.3500
v 0.0000 -0.4300 1.8800
v -0.1100 -0.4595 1.8800
v -0.1100 -0.4595 2.3500
v 0.0000 -0.4300 2.3500
v -0.1100 -0.4595 1.8800
v -0.1905 -0.5400 1.8800
v -0.1905 -0.5400 2.3500
v -0.1100 -0.4595 2.3500
v -0.1905 -0.5400 1.8800
v -0.2200 -0.6500 1.8800
v -0.2200 -0.6500 2.3500
v -0.1905 -0.5400 2.3500
v -0.2200 -0.6500 1.8800
v -0.1905 -0.7600 1.8800
v -0.1905 -0.7600 2.3500
v -0.2200 -0.6500 2.3500
v -0.1905 -0.7600 1.8800
v -0.1100 -0.8405 1.8800
v -0.1100 -0.8405 2.3500
v -0.1905 -0.7600 2.3500
v -0.1100 -0.8405 1.8800
v -0.0000 -0.8700 1.8800
v -0.0000 -0.8700 2.3500
v -0.1100 -0.8405 2.3500
v -0.0000 -0.8700 1.8800
v 0.1100 -0.8405 1.8800
v 0.1100 -0.8405 2.3500
v -0.0000 -0.8700 2.3500
v 0.1100 -0.8405 1.8800
v 0.1905 -0.7600 1.8800
v 0.1905 -0.7600 2.3500
v 0.1100 -0.8405 2.3500
v 0.1905 -0.7600 1.8800
v 0.1905 -0.7600 2.3500
v 0.2200 -0.6500 2.3500
v 0.2200 -0.6500 1.8800
v 0.2900 -0.6500 2.3500
v 0.2511 -0.5050 2.3500
v 0.2511 -0.5050 2.4800
v 0.2900 -0.6500 2.4800
v 0.2511 -0.5050 2.3500
v 0.1450 -0.3989 2.3500
v 0.1450 -0.3989 2.4800
v 0.2511 -0.5050 2.4800
v 0.1450 -0.3989 2.3500
v 0.0000 -0.3600 2.3500
v 0.0000 -0.3600 2.4800
v 0.1450 -0.3989 2.4800
v 0.0000 -0.3600 2.3500
v -0.1450 -0.3989 2.3500
v -0.1450 -0.3989 2.4800
v 0.0000 -0.3600 2.4800
v -0.1450 -0.3989 2.3500
v -0.2511 -0.5050 2.3500
v -0.2511 -0.5050 2.4800
v -0.1450 -0.3989 2.4800
v -0.2511 -0.5050 2.3500
v -0.2900 -0.6500 2.3500
v -0.2900 -0.6500 2.4800
v -0.2511 -0.5050 2.4800
v -0.2900 -0.6500 2.3500
v -0.2511 -0.7950 2.3500
v -0.2511 -0.7950 2.4800
v -0.2900 -0.6500 2.4800
v -0.2511 -0.7950 2.3500
v -0.1450 -0.9011 2.3500
v -0.1450 -0.9011 2.4800
v -0.2511 -0.7950 2.4800
v -0.1450 -0.9011 2.3500
v -0.0000 -0.9400 2.3500
v -0.0000 -0.9400 2.4800
v -0.1450 -0.9011 2.4800
v -0.0000 -0.9400 2.3500
v 0.1450 -0.9011 2.3500
v 0.1450 -0.9011 2.4800
v -0.0000 -0.9400 2.4800
v 0.1450 -0.9011 2.3500
v 0.2511 -0.7950 2.3500
v 0.2511 -0.7950 2.4800
v 0.1450 -0.9011 2.4800
v 0.2511 -0.7950 2.3500
v 0.2511 -0.7950 2.4800
v 0.2900 -0.6500 2.4800
v 0.2900 -0.6500 2.3500
v 0.0000 -0.6500 2.4800
v 0.2900 -0.6500 2.4800
v 0.2511 -0.5050 2.4800
v 0.0000 -0.6500 2.3500
v 0.2511 -0.5050 2.3500
v 0.2900 -0.6500 2.3500
v 0.0000 -0.6500 2.4800
v 0.2511 -0.5050 2.4800
v 0.1450 -0.3989 2.4800
v 0.0000 -0.6500 2.3500
v 0.1450 -0.3989 2.3500
v 0.2511 -0.5050 2.3500
v 0.0000 -0.6500 2.4800
v 0.1450 -0.3989 2.4800
v 0.0000 -0.3600 2.4800
v 0.0000 -0.6500 2.3500
v 0.0000 -0.3600 2.3500
v 0.1450 -0.3989 2.3500
v 0.0000 -0.6500 2.4800
v 0.0000 -0.3600 2.4800
v -0.1450 -0.3989 2.4800
v 0.0000 -0.6500 2.3500
v -0.1450 -0.3989 2.3500
v 0.0000 -0.3600 2.3500
v 0.0000 -0.6500 2.4800
v -0.1450 -0.3989 2.4800
v -0.2511 -0.5050 2.4800
v 0.0000 -0.6500 2.3500
v -0.2511 -0.5050 2.3500
v -0.1450 -0.3989 2.3500
v 0.0000 -0.6500 2.4800
v -0.2511 -0.5050 2.4800
v -0.2900 -0.6500 2.4800
v 0.0000 -0.6500 2.3500
v -0.2900 -0.6500 2.3500
v -0.2511 -0.5050 2.3500
v 0.0000 -0.6500 2.4800
v -0.2900 -0.6500 2.4800
v -0.2511 -0.7950 2.4800
v 0.0000 -0.6500 2.3500
v -0.2511 -0.7950 2.3500
v -0.2900 -0.6500 2.3500
v 0.0000 -0.6500 2.4800
v -0.2511 -0.7950 2.4800
v -0.1450 -0.9011 2.4800
v 0.0000 -0.6500 2.3500
v -0.1450 -0.9011 2.3500
v -0.2511 -0.7950 2.3500
v 0.0000 -0.6500 2.4800
v -0.1450 -0.9011 2.4800
v -0.0000 -0.9400 2.4800
v 0.0000 -0.6500 2.3500
v -0.0000 -0.9400 2.3500
v -0.1450 -0.9011 2.3500
v 0.0000 -0.6500 2.4800
v -0.0000 -0.9400 2.4800
v 0.1450 -0.9011 2.4800
v 0.0000 -0.6500 2.3500
v 0.1450 -0.9011 2.3500
v -0.0000 -0.9400 2.3500
v 0.0000 -0.6500 2.4800
v 0.1450 -0.9011 2.4800
v 0.2511 -0.7950 2.4800
v 0.0000 -0.6500 2.3500
v 0.2511 -0.7950 2.3500
v 0.1450 -0.9011 2.3500
v 0.0000 -0.6500 2.4800
v 0.2511 -0.7950 2.4800
v 0.2900 -0.6500 2.4800
v 0.0000 -0.6500 2.3500
v 0.2900 -0.6500 2.3500
v 0.2511 -0.7950 2.3500
v -0.3800 -0.7300 2.2400
v 0.3800 -0.7300 2.2400
v 0.3800 -0.5700 2.2400
v -0.3800 -0.5700 2.2400
v -0.3800 -0.5700 2.1600
v 0.3800 -0.5700 2.1600
v 0.3800 -0.7300 2.1600
v -0.3800 -0.7300 2.1600
v -0.3800 -0.5700 2.1600
v -0.3800 -0.5700 2.2400
v 0.3800 -0.5700 2.2400
v 0.3800 -0.5700 2.1600
v 0.3800 -0.7300 2.1600
v 0.3800 -0.7300 2.2400
v -0.3800 -0.7300 2.2400
v -0.3800 -0.7300 2.1600
v -0.3800 -0.7300 2.1600
v -0.3800 -0.7300 2.2400
v -0.3800 -0.5700 2.2400
v -0.3800 -0.5700 2.1600
v 0.3800 -0.5700 2.1600
v 0.3800 -0.5700 2.2400
v 0.3800 -0.7300 2.2400
v 0.3800 -0.7300 2.1600
v 11.3500 -0.6500 1.8000
v 11.3031 -0.4750 1.8000
v 11.3031 -0.4750 1.8800
v 11.3500 -0.6500 1.8800
v 11.3031 -0.4750 1.8000
v 11.1750 -0.3469 1.8000
v 11.1750 -0.3469 1.8800
v 11.3031 -0.4750 1.8800
v 11.1750 -0.3469 1.8000
v 11.0000 -0.3000 1.8000
v 11.0000 -0.3000 1.8800
v 11.1750 -0.3469 1.8800
v 11.0000 -0.3000 1.8000
v 10.8250 -0.3469 1.8000
v 10.8250 -0.3469 1.8800
v 11.0000 -0.3000 1.8800
v 10.8250 -0.3469 1.8000
v 10.6969 -0.4750 1.8000
v 10.6969 -0.4750 1.8800
v 10.8250 -0.3469 1.8800
v 10.6969 -0.4750 1.8000
v 10.6500 -0.6500 1.8000
v 10.6500 -0.6500 1.8800
v 10.6969 -0.4750 1.8800
v 10.6500 -0.6500 1.8000
v 10.6969 -0.8250 1.8000
v 10.6969 -0.8250 1.8800
v 10.6500 -0.6500 1.8800
v 10.6969 -0.8250 1.8000
v 10.8250 -0.9531 1.8000
v 10.8250 -0.9531 1.8800
v 10.6969 -0.8250 1.8800
v 10.8250 -0.9531 1.8000
v 11.0000 -1.0000 1.8000
v 11.0000 -1.0000 1.8800
v 10.8250 -0.9531 1.8800
v 11.0000 -1.0000 1.8000
v 11.1750 -0.9531 1.8000
v 11.1750 -0.9531 1.8800
v 11.0000 -1.0000 1.8800
v 11.1750 -0.9531 1.8000
v 11.3031 -0.8250 1.8000
v 11.3031 -0.8250 1.8800
v 11.1750 -0.9531 1.8800
v 11.3031 -0.8250 1.8000
v 11.3031 -0.8250 1.8800
v 11.3500 -0.6500 1.8800
v 11.3500 -0.6500 1.8000
v 11.0000 -0.6500 1.8800
v 11.3500 -0.6500 1.8800
v 11.3031 -0.4750 1.8800
v 11.0000 -0.6500 1.8000
v 11.3031 -0.4750 1.8000
v 11.3500 -0.6500 1.8000
v 11.0000 -0.6500 1.8800
v 11.3031 -0.4750 1.8800
v 11.1750 -0.3469 1.8800
v 11.0000 -0.6500 1.8000
v 11.1750 -0.3469 1.8000
v 11.3031 -0.4750 1.8000
v 11.0000 -0.6500 1.8800
v 11.1750 -0.3469 1.8800
v 11.0000 -0.3000 1.8800
v 11.0000 -0.6500 1.8000
v 11.0000 -0.3000 1.8000
v 11.1750 -0.3469 1.8000
v 11.0000 -0.6500 1.8800
v 11.0000 -0.3000 1.8800
v 10.8250 -0.3469 1.8800
v 11.0000 -0.6500 1.8000
v 10.8250 -0.3469 1.8000
v 11.0000 -0.3000 1.8000
v 11.0000 -0.6500 1.8800
v 10.8250 -0.3469 1.8800
v 10.6969 -0.4750 1.8800
v 11.0000 -0.6500 1.8000
v 10.6969 -0.4750 1.8000
v 10.8250 -0.3469 1.8000
v 11.0000 -0.6500 1.8800
v 10.6969 -0.4750 1.8800
v 10.6500 -0.6500 1.8800
v 11.0000 -0.6500 1.8000
v 10.6500 -0.6500 1.8000
v 10.6969 -0.4750 1.8000
v 11.0000 -0.6500 1.8800
v 10.6500 -0.6500 1.8800
v 10.6969 -0.8250 1.8800
v 11.0000 -0.6500 1.8000
v 10.6969 -0.8250 1.8000
v 10.6500 -0.6500 1.8000
v 11.0000 -0.6500 1.8800
v 10.6969 -0.8250 1.8800
v 10.8250 -0.9531 1.8800
v 11.0000 -0.6500 1.8000
v 10.8250 -0.9531 1.8000
v 10.6969 -0.8250 1.8000
v 11.0000 -0.6500 1.8800
v 10.8250 -0.9531 1.8800
v 11.0000 -1.0000 1.8800
v 11.0000 -0.6500 1.8000
v 11.0000 -1.0000 1.8000
v 10.8250 -0.9531 1.8000
v 11.0000 -0.6500 1.8800
v 11.0000 -1.0000 1.8800
v 11.1750 -0.9531 1.8800
v 11.0000 -0.6500 1.8000
v 11.1750 -0.9531 1.8000
v 11.0000 -1.0000 1.8000
v 11.0000 -0.6500 1.8800
v 11.1750 -0.9531 1.8800
v 11.3031 -0.8250 1.8800
v 11.0000 -0.6500 1.8000
v 11.3031 -0.8250 1.8000
v 11.1750 -0.9531 1.8000
v 11.0000 -0.6500 1.8800
v 11.3031 -0.8250 1.8800
v 11.3500 -0.6500 1.8800
v 11.0000 -0.6500 1.8000
v 11.3500 -0.6500 1.8000
v 11.3031 -0.8250 1.8000
v 11.2200 -0.6500 1.8800
v 11.1905 -0.5400 1.8800
v 11.1905 -0.5400 2.3500
v 11.2200 -0.6500 2.3500
v 11.1905 -0.5400 1.8800
v 11.1100 -0.4595 1.8800
v 11.1100 -0.4595 2.3500
v 11.1905 -0.5400 2.3500
v 11.1100 -0.4595 1.8800
v 11.0000 -0.4300 1.8800
v 11.0000 -0.4300 2.3500
v 11.1100 -0.4595 2.3500
v 11.0000 -0.4300 1.8800
v 10.8900 -0.4595 1.8800
v 10.8900 -0.4595 2.3500
v 11.0000 -0.4300 2.3500
v 10.8900 -0.4595 1.8800
v 10.8095 -0.5400 1.8800
v 10.8095 -0.5400 2.3500
v 10.8900 -0.4595 2.3500
v 10.8095 -0.5400 1.8800
v 10.7800 -0.6500 1.8800
v 10.7800 -0.6500 2.3500
v 10.8095 -0.5400 2.3500
v 10.7800 -0.6500 1.8800
v 10.8095 -0.7600 1.8800
v 10.8095 -0.7600 2.3500
v 10.7800 -0.6500 2.3500
v 10.8095 -0.7600 1.8800
v 10.8900 -0.8405 1.8800
v 10.8900 -0.8405 2.3500
v 10.8095 -0.7600 2.3500
v 10.8900 -0.8405 1.8800
v 11.0000 -0.8700 1.8800
v 11.0000 -0.8700 2.3500
v 10.8900 -0.8405 2.3500
v 11.0000 -0.8700 1.8800
v 11.1100 -0.8405 1.8800
v 11.1100 -0.8405 2.3500
v 11.0000 -0.8700 2.3500
v 11.1100 -0.8405 1.8800
v 11.1905 -0.7600 1.8800
v 11.1905 -0.7600 2.3500
v 11.1100 -0.8405 2.3500
v 11.1905 -0.7600 1.8800
v 11.1905 -0.7600 2.3500
v 11.2200 -0.6500 2.3500
v 11.2200 -0.6500 1.8800
v 11.2900 -0.6500 2.3500
v 11.2511 -0.5050 2.3500
v 11.2511 -0.5050 2.4800
v 11.2900 -0.6500 2.4800
v 11.2511 -0.5050 2.3500
v 11.1450 -0.3989 2.3500
v 11.1450 -0.3989 2.4800
v 11.2511 -0.5050 2.4800
v 11.1450 -0.3989 2.3500
v 11.0000 -0.3600 2.3500
v 11.0000 -0.3600 2.4800
v 11.1450 -0.3989 2.4800
v 11.0000 -0.3600 2.3500
v 10.8550 -0.3989 2.3500
v 10.8550 -0.3989 2.4800
v 11.0000 -0.3600 2.4800
v 10.8550 -0.3989 2.3500
v 10.7489 -0.5050 2.3500
v 10.7489 -0.5050 2.4800
v 10.8550 -0.3989 2.4800
v 10.7489 -0.5050 2.3500
v 10.7100 -0.6500 2.3500
v 10.7100 -0.6500 2.4800
v 10.7489 -0.5050 2.4800
v 10.7100 -0.6500 2.3500
v 10.7489 -0.7950 2.3500
v 10.7489 -0.7950 2.4800
v 10.7100 -0.6500 2.4800
v 10.7489 -0.7950 2.3500
v 10.8550 -0.9011 2.3500
v 10.8550 -0.9011 2.4800
v 10.7489 -0.7950 2.4800
v 10.8550 -0.9011 2.3500
v 11.0000 -0.9400 2.3500
v 11.0000 -0.9400 2.4800
v 10.8550 -0.9011 2.4800
v 11.0000 -0.9400 2.3500
v 11.1450 -0.9011 2.3500
v 11.1450 -0.9011 2.4800
v 11.0000 -0.9400 2.4800
v 11.1450 -0.9011 2.3500
v 11.2511 -0.7950 2.3500
v 11.2511 -0.7950 2.4800
v 11.1450 -0.9011 2.4800
v 11.2511 -0.7950 2.3500
v 11.2511 -0.7950 2.4800
v 11.2900 -0.6500 2.4800
v 11.2900 -0.6500 2.3500
v 11.0000 -0.6500 2.4800
v 11.2900 -0.6500 2.4800
v 11.2511 -0.5050 2.4800
v 11.0000 -0.6500 2.3500
v 11.2511 -0.5050 2.3500
v 11.2900 -0.6500 2.3500
v 11.0000 -0.6500 2.4800
v 11.2511 -0.5050 2.4800
v 11.1450 -0.3989 2.4800
v 11.0000 -0.6500 2.3500
v 11.1450 -0.3989 2.3500
v 11.2511 -0.5050 2.3500
v 11.0000 -0.6500 2.4800
v 11.1450 -0.3989 2.4800
v 11.0000 -0.3600 2.4800
v 11.0000 -0.6500 2.3500
v 11.0000 -0.3600 2.3500
v 11.1450 -0.3989 2.3500
v 11.0000 -0.6500 2.4800
v 11.0000 -0.3600 2.4800
v 10.8550 -0.3989 2.4800
v 11.0000 -0.6500 2.3500
v 10.8550 -0.3989 2.3500
v 11.0000 -0.3600 2.3500
v 11.0000 -0.6500 2.4800
v 10.8550 -0.3989 2.4800
v 10.7489 -0.5050 2.4800
v 11.0000 -0.6500 2.3500
v 10.7489 -0.5050 2.3500
v 10.8550 -0.3989 2.3500
v 11.0000 -0.6500 2.4800
v 10.7489 -0.5050 2.4800
v 10.7100 -0.6500 2.4800
v 11.0000 -0.6500 2.3500
v 10.7100 -0.6500 2.3500
v 10.7489 -0.5050 2.3500
v 11.0000 -0.6500 2.4800
v 10.7100 -0.6500 2.4800
v 10.7489 -0.7950 2.4800
v 11.0000 -0.6500 2.3500
v 10.7489 -0.7950 2.3500
v 10.7100 -0.6500 2.3500
v 11.0000 -0.6500 2.4800
v 10.7489 -0.7950 2.4800
v 10.8550 -0.9011 2.4800
v 11.0000 -0.6500 2.3500
v 10.8550 -0.9011 2.3500
v 10.7489 -0.7950 2.3500
v 11.0000 -0.6500 2.4800
v 10.8550 -0.9011 2.4800
v 11.0000 -0.9400 2.4800
v 11.0000 -0.6500 2.3500
v 11.0000 -0.9400 2.3500
v 10.8550 -0.9011 2.3500
v 11.0000 -0.6500 2.4800
v 11.0000 -0.9400 2.4800
v 11.1450 -0.9011 2.4800
v 11.0000 -0.6500 2.3500
v 11.1450 -0.9011 2.3500
v 11.0000 -0.9400 2.3500
v 11.0000 -0.6500 2.4800
v 11.1450 -0.9011 2.4800
v 11.2511 -0.7950 2.4800
v 11.0000 -0.6500 2.3500
v 11.2511 -0.7950 2.3500
v 11.1450 -0.9011 2.3500
v 11.0000 -0.6500 2.4800
v 11.2511 -0.7950 2.4800
v 11.2900 -0.6500 2.4800
v 11.0000 -0.6500 2.3500
v 11.2900 -0.6500 2.3500
v 11.2511 -0.7950 2.3500
v 10.6200 -0.7300 2.2400
v 11.3800 -0.7300 2.2400
v 11.3800 -0.5700 2.2400
v 10.6200 -0.5700 2.2400
v 10.6200 -0.5700 2.1600
v 11.3800 -0.5700 2.1600
v 11.3800 -0.7300 2.1600
v 10.6200 -0.7300 2.1600
v 10.6200 -0.5700 2.1600
v 10.6200 -0.5700 2.2400
v 11.3800 -0.5700 2.2400
v 11.3800 -0.5700 2.1600
v 11.3800 -0.7300 2.1600
v 11.3800 -0.7300 2.2400
v 10.6200 -0.7300 2.2400
v 10.6200 -0.7300 2.1600
v 10.6200 -0.7300 2.1600
v 10.6200 -0.7300 2.2400
v 10.6200 -0.5700 2.2400
v 10.6200 -0.5700 2.1600
v 11.3800 -0.5700 2.1600
v 11.3800 -0.5700 2.2400
v 11.3800 -0.7300 2.2400
v 11.3800 -0.7300 2.1600
v 22.3500 -0.6500 1.8000
v 22.3031 -0.4750 1.8000
v 22.3031 -0.4750 1.8800
v 22.3500 -0.6500 1.8800
v 22.3031 -0.4750 1.8000
v 22.1750 -0.3469 1.8000
v 22.1750 -0.3469 1.8800
v 22.3031 -0.4750 1.8800
v 22.1750 -0.3469 1.8000
v 22.0000 -0.3000 1.8000
v 22.0000 -0.3000 1.8800
v 22.1750 -0.3469 1.8800
v 22.0000 -0.3000 1.8000
v 21.8250 -0.3469 1.8000
v 21.8250 -0.3469 1.8800
v 22.0000 -0.3000 1.8800
v 21.8250 -0.3469 1.8000
v 21.6969 -0.4750 1.8000
v 21.6969 -0.4750 1.8800
v 21.8250 -0.3469 1.8800
v 21.6969 -0.4750 1.8000
v 21.6500 -0.6500 1.8000
v 21.6500 -0.6500 1.8800
v 21.6969 -0.4750 1.8800
v 21.6500 -0.6500 1.8000
v 21.6969 -0.8250 1.8000
v 21.6969 -0.8250 1.8800
v 21.6500 -0.6500 1.8800
v 21.6969 -0.8250 1.8000
v 21.8250 -0.9531 1.8000
v 21.8250 -0.9531 1.8800
v 21.6969 -0.8250 1.8800
v 21.8250 -0.9531 1.8000
v 22.0000 -1.0000 1.8000
v 22.0000 -1.0000 1.8800
v 21.8250 -0.9531 1.8800
v 22.0000 -1.0000 1.8000
v 22.1750 -0.9531 1.8000
v 22.1750 -0.9531 1.8800
v 22.0000 -1.0000 1.8800
v 22.1750 -0.9531 1.8000
v 22.3031 -0.8250 1.8000
v 22.3031 -0.8250 1.8800
v 22.1750 -0.9531 1.8800
v 22.3031 -0.8250 1.8000
v 22.3031 -0.8250 1.8800
v 22.3500 -0.6500 1.8800
v 22.3500 -0.6500 1.8000
v 22.0000 -0.6500 1.8800
v 22.3500 -0.6500 1.8800
v 22.3031 -0.4750 1.8800
v 22.0000 -0.6500 1.8000
v 22.3031 -0.4750 1.8000
v 22.3500 -0.6500 1.8000
v 22.0000 -0.6500 1.8800
v 22.3031 -0.4750 1.8800
v 22.1750 -0.3469 1.8800
v 22.0000 -0.6500 1.8000
v 22.1750 -0.3469 1.8000
v 22.3031 -0.4750 1.8000
v 22.0000 -0.6500 1.8800
v 22.1750 -0.3469 1.8800
v 22.0000 -0.3000 1.8800
v 22.0000 -0.6500 1.8000
v 22.0000 -0.3000 1.8000
v 22.1750 -0.3469 1.8000
v 22.0000 -0.6500 1.8800
v 22.0000 -0.3000 1.8800
v 21.8250 -0.3469 1.8800
v 22.0000 -0.6500 1.8000
v 21.8250 -0.3469 1.8000
v 22.0000 -0.3000 1.8000
v 22.0000 -0.6500 1.8800
v 21.8250 -0.3469 1.8800
v 21.6969 -0.4750 1.8800
v 22.0000 -0.6500 1.8000
v 21.6969 -0.4750 1.8000
v 21.8250 -0.3469 1.8000
v 22.0000 -0.6500 1.8800
v 21.6969 -0.4750 1.8800
v 21.6500 -0.6500 1.8800
v 22.0000 -0.6500 1.8000
v 21.6500 -0.6500 1.8000
v 21.6969 -0.4750 1.8000
v 22.0000 -0.6500 1.8800
v 21.6500 -0.6500 1.8800
v 21.6969 -0.8250 1.8800
v 22.0000 -0.6500 1.8000
v 21.6969 -0.8250 1.8000
v 21.6500 -0.6500 1.8000
v 22.0000 -0.6500 1.8800
v 21.6969 -0.8250 1.8800
v 21.8250 -0.9531 1.8800
v 22.0000 -0.6500 1.8000
v 21.8250 -0.9531 1.8000
v 21.6969 -0.8250 1.8000
v 22.0000 -0.6500 1.8800
v 21.8250 -0.9531 1.8800
v 22.0000 -1.0000 1.8800
v 22.0000 -0.6500 1.8000
v 22.0000 -1.0000 1.8000
v 21.8250 -0.9531 1.8000
v 22.0000 -0.6500 1.8800
v 22.0000 -1.0000 1.8800
v 22.1750 -0.9531 1.8800
v 22.0000 -0.6500 1.8000
v 22.1750 -0.9531 1.8000
v 22.0000 -1.0000 1.8000
v 22.0000 -0.6500 1.8800
v 22.1750 -0.9531 1.8800
v 22.3031 -0.8250 1.8800
v 22.0000 -0.6500 1.8000
v 22.3031 -0.8250 1.8000
v 22.1750 -0.9531 1.8000
v 22.0000 -0.6500 1.8800
v 22.3031 -0.8250 1.8800
v 22.3500 -0.6500 1.8800
v 22.0000 -0.6500 1.8000
v 22.3500 -0.6500 1.8000
v 22.3031 -0.8250 1.8000
v 22.2200 -0.6500 1.8800
v 22.1905 -0.5400 1.8800
v 22.1905 -0.5400 2.3500
v 22.2200 -0.6500 2.3500
v 22.1905 -0.5400 1.8800
v 22.1100 -0.4595 1.8800
v 22.1100 -0.4595 2.3500
v 22.1905 -0.5400 2.3500
v 22.1100 -0.4595 1.8800
v 22.0000 -0.4300 1.8800
v 22.0000 -0.4300 2.3500
v 22.1100 -0.4595 2.3500
v 22.0000 -0.4300 1.8800
v 21.8900 -0.4595 1.8800
v 21.8900 -0.4595 2.3500
v 22.0000 -0.4300 2.3500
v 21.8900 -0.4595 1.8800
v 21.8095 -0.5400 1.8800
v 21.8095 -0.5400 2.3500
v 21.8900 -0.4595 2.3500
v 21.8095 -0.5400 1.8800
v 21.7800 -0.6500 1.8800
v 21.7800 -0.6500 2.3500
v 21.8095 -0.5400 2.3500
v 21.7800 -0.6500 1.8800
v 21.8095 -0.7600 1.8800
v 21.8095 -0.7600 2.3500
v 21.7800 -0.6500 2.3500
v 21.8095 -0.7600 1.8800
v 21.8900 -0.8405 1.8800
v 21.8900 -0.8405 2.3500
v 21.8095 -0.7600 2.3500
v 21.8900 -0.8405 1.8800
v 22.0000 -0.8700 1.8800
v 22.0000 -0.8700 2.3500
v 21.8900 -0.8405 2.3500
v 22.0000 -0.8700 1.8800
v 22.1100 -0.8405 1.8800
v 22.1100 -0.8405 2.3500
v 22.0000 -0.8700 2.3500
v 22.1100 -0.8405 1.8800
v 22.1905 -0.7600 1.8800
v 22.1905 -0.7600 2.3500
v 22.1100 -0.8405 2.3500
v 22.1905 -0.7600 1.8800
v 22.1905 -0.7600 2.3500
v 22.2200 -0.6500 2.3500
v 22.2200 -0.6500 1.8800
v 22.2900 -0.6500 2.3500
v 22.2511 -0.5050 2.3500
v 22.2511 -0.5050 2.4800
v 22.2900 -0.6500 2.4800
v 22.2511 -0.5050 2.3500
v 22.1450 -0.3989 2.3500
v 22.1450 -0.3989 2.4800
v 22.2511 -0.5050 2.4800
v 22.1450 -0.3989 2.3500
v 22.0000 -0.3600 2.3500
v 22.0000 -0.3600 2.4800
v 22.1450 -0.3989 2.4800
v 22.0000 -0.3600 2.3500
v 21.8550 -0.3989 2.3500
v 21.8550 -0.3989 2.4800
v 22.0000 -0.3600 2.4800
v 21.8550 -0.3989 2.3500
v 21.7489 -0.5050 2.3500
v 21.7489 -0.5050 2.4800
v 21.8550 -0.3989 2.4800
v 21.7489 -0.5050 2.3500
v 21.7100 -0.6500 2.3500
v 21.7100 -0.6500 2.4800
v 21.7489 -0.5050 2.4800
v 21.7100 -0.6500 2.3500
v 21.7489 -0.7950 2.3500
v 21.7489 -0.7950 2.4800
v 21.7100 -0.6500 2.4800
v 21.7489 -0.7950 2.3500
v 21.8550 -0.9011 2.3500
v 21.8550 -0.9011 2.4800
v 21.7489 -0.7950 2.4800
v 21.8550 -0.9011 2.3500
v 22.0000 -0.9400 2.3500
v 22.0000 -0.9400 2.4800
v 21.8550 -0.9011 2.4800
v 22.0000 -0.9400 2.3500
v 22.1450 -0.9011 2.3500
v 22.1450 -0.9011 2.4800
v 22.0000 -0.9400 2.4800
v 22.1450 -0.9011 2.3500
v 22.2511 -0.7950 2.3500
v 22.2511 -0.7950 2.4800
v 22.1450 -0.9011 2.4800
v 22.2511 -0.7950 2.3500
v 22.2511 -0.7950 2.4800
v 22.2900 -0.6500 2.4800
v 22.2900 -0.6500 2.3500
v 22.0000 -0.6500 2.4800
v 22.2900 -0.6500 2.4800
v 22.2511 -0.5050 2.4800
v 22.0000 -0.6500 2.3500
v 22.2511 -0.5050 2.3500
v 22.2900 -0.6500 2.3500
v 22.0000 -0.6500 2.4800
v 22.2511 -0.5050 2.4800
v 22.1450 -0.3989 2.4800
v 22.0000 -0.6500 2.3500
v 22.1450 -0.3989 2.3500
v 22.2511 -0.5050 2.3500
v 22.0000 -0.6500 2.4800
v 22.1450 -0.3989 2.4800
v 22.0000 -0.3600 2.4800
v 22.0000 -0.6500 2.3500
v 22.0000 -0.3600 2.3500
v 22.1450 -0.3989 2.3500
v 22.0000 -0.6500 2.4800
v 22.0000 -0.3600 2.4800
v 21.8550 -0.3989 2.4800
v 22.0000 -0.6500 2.3500
v 21.8550 -0.3989 2.3500
v 22.0000 -0.3600 2.3500
v 22.0000 -0.6500 2.4800
v 21.8550 -0.3989 2.4800
v 21.7489 -0.5050 2.4800
v 22.0000 -0.6500 2.3500
v 21.7489 -0.5050 2.3500
v 21.8550 -0.3989 2.3500
v 22.0000 -0.6500 2.4800
v 21.7489 -0.5050 2.4800
v 21.7100 -0.6500 2.4800
v 22.0000 -0.6500 2.3500
v 21.7100 -0.6500 2.3500
v 21.7489 -0.5050 2.3500
v 22.0000 -0.6500 2.4800
v 21.7100 -0.6500 2.4800
v 21.7489 -0.7950 2.4800
v 22.0000 -0.6500 2.3500
v 21.7489 -0.7950 2.3500
v 21.7100 -0.6500 2.3500
v 22.0000 -0.6500 2.4800
v 21.7489 -0.7950 2.4800
v 21.8550 -0.9011 2.4800
v 22.0000 -0.6500 2.3500
v 21.8550 -0.9011 2.3500
v 21.7489 -0.7950 2.3500
v 22.0000 -0.6500 2.4800
v 21.8550 -0.9011 2.4800
v 22.0000 -0.9400 2.4800
v 22.0000 -0.6500 2.3500
v 22.0000 -0.9400 2.3500
v 21.8550 -0.9011 2.3500
v 22.0000 -0.6500 2.4800
v 22.0000 -0.9400 2.4800
v 22.1450 -0.9011 2.4800
v 22.0000 -0.6500 2.3500
v 22.1450 -0.9011 2.3500
v 22.0000 -0.9400 2.3500
v 22.0000 -0.6500 2.4800
v 22.1450 -0.9011 2.4800
v 22.2511 -0.7950 2.4800
v 22.0000 -0.6500 2.3500
v 22.2511 -0.7950 2.3500
v 22.1450 -0.9011 2.3500
v 22.0000 -0.6500 2.4800
v 22.2511 -0.7950 2.4800
v 22.2900 -0.6500 2.4800
v 22.0000 -0.6500 2.3500
v 22.2900 -0.6500 2.3500
v 22.2511 -0.7950 2.3500
v 21.6200 -0.7300 2.2400
v 22.3800 -0.7300 2.2400
v 22.3800 -0.5700 2.2400
v 21.6200 -0.5700 2.2400
v 21.6200 -0.5700 2.1600
v 22.3800 -0.5700 2.1600
v 22.3800 -0.7300 2.1600
v 21.6200 -0.7300 2.1600
v 21.6200 -0.5700 2.1600
v 21.6200 -0.5700 2.2400
v 22.3800 -0.5700 2.2400
v 22.3800 -0.5700 2.1600
v 22.3800 -0.7300 2.1600
v 22.3800 -0.7300 2.2400
v 21.6200 -0.7300 2.2400
v 21.6200 -0.7300 2.1600
v 21.6200 -0.7300 2.1600
v 21.6200 -0.7300 2.2400
v 21.6200 -0.5700 2.2400
v 21.6200 -0.5700 2.1600
v 22.3800 -0.5700 2.1600
v 22.3800 -0.5700 2.2400
v 22.3800 -0.7300 2.2400
v 22.3800 -0.7300 2.1600
v -14.0650 -0.0500 2.2000
v -14.0250 -0.0500 2.2000
v -14.0250 0.0200 2.2000
v -14.0650 0.0200 2.2000
v -14.0650 0.0200 -1.2000
v -14.0250 0.0200 -1.2000
v -14.0250 -0.0500 -1.2000
v -14.0650 -0.0500 -1.2000
v -14.0650 0.0200 -1.2000
v -14.0650 0.0200 2.2000
v -14.0250 0.0200 2.2000
v -14.0250 0.0200 -1.2000
v -14.0250 -0.0500 -1.2000
v -14.0250 -0.0500 2.2000
v -14.0650 -0.0500 2.2000
v -14.0650 -0.0500 -1.2000
v -14.0650 -0.0500 -1.2000
v -14.0650 -0.0500 2.2000
v -14.0650 0.0200 2.2000
v -14.0650 0.0200 -1.2000
v -14.0250 0.0200 -1.2000
v -14.0250 0.0200 2.2000
v -14.0250 -0.0500 2.2000
v -14.0250 -0.0500 -1.2000
v -13.4750 -0.0500 2.2000
v -13.4350 -0.0500 2.2000
v -13.4350 0.0200 2.2000
v -13.4750 0.0200 2.2000
v -13.4750 0.0200 -1.2000
v -13.4350 0.0200 -1.2000
v -13.4350 -0.0500 -1.2000
v -13.4750 -0.0500 -1.2000
v -13.4750 0.0200 -1.2000
v -13.4750 0.0200 2.2000
v -13.4350 0.0200 2.2000
v -13.4350 0.0200 -1.2000
v -13.4350 -0.0500 -1.2000
v -13.4350 -0.0500 2.2000
v -13.4750 -0.0500 2.2000
v -13.4750 -0.0500 -1.2000
v -13.4750 -0.0500 -1.2000
v -13.4750 -0.0500 2.2000
v -13.4750 0.0200 2.2000
v -13.4750 0.0200 -1.2000
v -13.4350 0.0200 -1.2000
v -13.4350 0.0200 2.2000
v -13.4350 -0.0500 2.2000
v -13.4350 -0.0500 -1.2000
v -14.0250 -0.0300 -1.0320
v -13.4750 -0.0300 -1.0320
v -13.4750 0.0100 -1.0320
v -14.0250 0.0100 -1.0320
v -14.0250 0.0100 -1.0680
v -13.4750 0.0100 -1.0680
v -13.4750 -0.0300 -1.0680
v -14.0250 -0.0300 -1.0680
v -14.0250 0.0100 -1.0680
v -14.0250 0.0100 -1.0320
v -13.4750 0.0100 -1.0320
v -13.4750 0.0100 -1.0680
v -13.4750 -0.0300 -1.0680
v -13.4750 -0.0300 -1.0320
v -14.0250 -0.0300 -1.0320
v -14.0250 -0.0300 -1.0680
v -14.0250 -0.0300 -1.0680
v -14.0250 -0.0300 -1.0320
v -14.0250 0.0100 -1.0320
v -14.0250 0.0100 -1.0680
v -13.4750 0.0100 -1.0680
v -13.4750 0.0100 -1.0320
v -13.4750 -0.0300 -1.0320
v -13.4750 -0.0300 -1.0680
v -14.0250 -0.0300 -0.7320
v -13.4750 -0.0300 -0.7320
v -13.4750 0.0100 -0.7320
v -14.0250 0.0100 -0.7320
v -14.0250 0.0100 -0.7680
v -13.4750 0.0100 -0.7680
v -13.4750 -0.0300 -0.7680
v -14.0250 -0.0300 -0.7680
v -14.0250 0.0100 -0.7680
v -14.0250 0.0100 -0.7320
v -13.4750 0.0100 -0.7320
v -13.4750 0.0100 -0.7680
v -13.4750 -0.0300 -0.7680
v -13.4750 -0.0300 -0.7320
v -14.0250 -0.0300 -0.7320
v -14.0250 -0.0300 -0.7680
v -14.0250 -0.0300 -0.7680
v -14.0250 -0.0300 -0.7320
v -14.0250 0.0100 -0.7320
v -14.0250 0.0100 -0.7680
v -13.4750 0.0100 -0.7680
v -13.4750 0.0100 -0.7320
v -13.4750 -0.0300 -0.7320
v -13.4750 -0.0300 -0.7680
v -14.0250 -0.0300 -0.4320
v -13.4750 -0.0300 -0.4320
v -13.4750 0.0100 -0.4320
v -14.0250 0.0100 -0.4320
v -14.0250 0.0100 -0.4680
v -13.4750 0.0100 -0.4680
v -13.4750 -0.0300 -0.4680
v -14.0250 -0.0300 -0.4680
v -14.0250 0.0100 -0.4680
v -14.0250 0.0100 -0.4320
v -13.4750 0.0100 -0.4320
v -13.4750 0.0100 -0.4680
v -13.4750 -0.0300 -0.4680
v -13.4750 -0.0300 -0.4320
v -14.0250 -0.0300 -0.4320
v -14.0250 -0.0300 -0.4680
v -14.0250 -0.0300 -0.4680
v -14.0250 -0.0300 -0.4320
v -14.0250 0.0100 -0.4320
v -14.0250 0.0100 -0.4680
v -13.4750 0.0100 -0.4680
v -13.4750 0.0100 -0.4320
v -13.4750 -0.0300 -0.4320
v -13.4750 -0.0300 -0.4680
v -14.0250 -0.0300 -0.1320
v -13.4750 -0.0300 -0.1320
v -13.4750 0.0100 -0.1320
v -14.0250 0.0100 -0.1320
v -14.0250 0.0100 -0.1680
v -13.4750 0.0100 -0.1680
v -13.4750 -0.0300 -0.1680
v -14.0250 -0.0300 -0.1680
v -14.0250 0.0100 -0.1680
v -14.0250 0.0100 -0.1320
v -13.4750 0.0100 -0.1320
v -13.4750 0.0100 -0.1680
v -13.4750 -0.0300 -0.1680
v -13.4750 -0.0300 -0.1320
v -14.0250 -0.0300 -0.1320
v -14.0250 -0.0300 -0.1680
v -14.0250 -0.0300 -0.1680
v -14.0250 -0.0300 -0.1320
v -14.0250 0.0100 -0.1320
v -14.0250 0.0100 -0.1680
v -13.4750 0.0100 -0.1680
v -13.4750 0.0100 -0.1320
v -13.4750 -0.0300 -0.1320
v -13.4750 -0.0300 -0.1680
v -14.0250 -0.0300 0.1680
v -13.4750 -0.0300 0.1680
v -13.4750 0.0100 0.1680
v -14.0250 0.0100 0.1680
v -14.0250 0.0100 0.1320
v -13.4750 0.0100 0.1320
v -13.4750 -0.0300 0.1320
v -14.0250 -0.0300 0.1320
v -14.0250 0.0100 0.1320
v -14.0250 0.0100 0.1680
v -13.4750 0.0100 0.1680
v -13.4750 0.0100 0.1320
v -13.4750 -0.0300 0.1320
v -13.4750 -0.0300 0.1680
v -14.0250 -0.0300 0.1680
v -14.0250 -0.0300 0.1320
v -14.0250 -0.0300 0.1320
v -14.0250 -0.0300 0.1680
v -14.0250 0.0100 0.1680
v -14.0250 0.0100 0.1320
v -13.4750 0.0100 0.1320
v -13.4750 0.0100 0.1680
v -13.4750 -0.0300 0.1680
v -13.4750 -0.0300 0.1320
v -14.0250 -0.0300 0.4680
v -13.4750 -0.0300 0.4680
v -13.4750 0.0100 0.4680
v -14.0250 0.0100 0.4680
v -14.0250 0.0100 0.4320
v -13.4750 0.0100 0.4320
v -13.4750 -0.0300 0.4320
v -14.0250 -0.0300 0.4320
v -14.0250 0.0100 0.4320
v -14.0250 0.0100 0.4680
v -13.4750 0.0100 0.4680
v -13.4750 0.0100 0.4320
v -13.4750 -0.0300 0.4320
v -13.4750 -0.0300 0.4680
v -14.0250 -0.0300 0.4680
v -14.0250 -0.0300 0.4320
v -14.0250 -0.0300 0.4320
v -14.0250 -0.0300 0.4680
v -14.0250 0.0100 0.4680
v -14.0250 0.0100 0.4320
v -13.4750 0.0100 0.4320
v -13.4750 0.0100 0.4680
v -13.4750 -0.0300 0.4680
v -13.4750 -0.0300 0.4320
v -14.0250 -0.0300 0.7680
v -13.4750 -0.0300 0.7680
v -13.4750 0.0100 0.7680
v -14.0250 0.0100 0.7680
v -14.0250 0.0100 0.7320
v -13.4750 0.0100 0.7320
v -13.4750 -0.0300 0.7320
v -14.0250 -0.0300 0.7320
v -14.0250 0.0100 0.7320
v -14.0250 0.0100 0.7680
v -13.4750 0.0100 0.7680
v -13.4750 0.0100 0.7320
v -13.4750 -0.0300 0.7320
v -13.4750 -0.0300 0.7680
v -14.0250 -0.0300 0.7680
v -14.0250 -0.0300 0.7320
v -14.0250 -0.0300 0.7320
v -14.0250 -0.0300 0.7680
v -14.0250 0.0100 0.7680
v -14.0250 0.0100 0.7320
v -13.4750 0.0100 0.7320
v -13.4750 0.0100 0.7680
v -13.4750 -0.0300 0.7680
v -13.4750 -0.0300 0.7320
v -14.0250 -0.0300 1.0680
v -13.4750 -0.0300 1.0680
v -13.4750 0.0100 1.0680
v -14.0250 0.0100 1.0680
v -14.0250 0.0100 1.0320
v -13.4750 0.0100 1.0320
v -13.4750 -0.0300 1.0320
v -14.0250 -0.0300 1.0320
v -14.0250 0.0100 1.0320
v -14.0250 0.0100 1.0680
v -13.4750 0.0100 1.0680
v -13.4750 0.0100 1.0320
v -13.4750 -0.0300 1.0320
v -13.4750 -0.0300 1.0680
v -14.0250 -0.0300 1.0680
v -14.0250 -0.0300 1.0320
v -14.0250 -0.0300 1.0320
v -14.0250 -0.0300 1.0680
v -14.0250 0.0100 1.0680
v -14.0250 0.0100 1.0320
v -13.4750 0.0100 1.0320
v -13.4750 0.0100 1.0680
v -13.4750 -0.0300 1.0680
v -13.4750 -0.0300 1.0320
v -14.0250 -0.0300 1.3680
v -13.4750 -0.0300 1.3680
v -13.4750 0.0100 1.3680
v -14.0250 0.0100 1.3680
v -14.0250 0.0100 1.3320
v -13.4750 0.0100 1.3320
v -13.4750 -0.0300 1.3320
v -14.0250 -0.0300 1.3320
v -14.0250 0.0100 1.3320
v -14.0250 0.0100 1.3680
v -13.4750 0.0100 1.3680
v -13.4750 0.0100 1.3320
v -13.4750 -0.0300 1.3320
v -13.4750 -0.0300 1.3680
v -14.0250 -0.0300 1.3680
v -14.0250 -0.0300 1.3320
v -14.0250 -0.0300 1.3320
v -14.0250 -0.0300 1.3680
v -14.0250 0.0100 1.3680
v -14.0250 0.0100 1.3320
v -13.4750 0.0100 1.3320
v -13.4750 0.0100 1.3680
v -13.4750 -0.0300 1.3680
v -13.4750 -0.0300 1.3320
v -14.0250 -0.0300 1.6680
v -13.4750 -0.0300 1.6680
v -13.4750 0.0100 1.6680
v -14.0250 0.0100 1.6680
v -14.0250 0.0100 1.6320
v -13.4750 0.0100 1.6320
v -13.4750 -0.0300 1.6320
v -14.0250 -0.0300 1.6320
v -14.0250 0.0100 1.6320
v -14.0250 0.0100 1.6680
v -13.4750 0.0100 1.6680
v -13.4750 0.0100 1.6320
v -13.4750 -0.0300 1.6320
v -13.4750 -0.0300 1.6680
v -14.0250 -0.0300 1.6680
v -14.0250 -0.0300 1.6320
v -14.0250 -0.0300 1.6320
v -14.0250 -0.0300 1.6680
v -14.0250 0.0100 1.6680
v -14.0250 0.0100 1.6320
v -13.4750 0.0100 1.6320
v -13.4750 0.0100 1.6680
v -13.4750 -0.0300 1.6680
v -13.4750 -0.0300 1.6320
v 13.4350 -0.0500 2.2000
v 13.4750 -0.0500 2.2000
v 13.4750 0.0200 2.2000
v 13.4350 0.0200 2.2000
v 13.4350 0.0200 -1.2000
v 13.4750 0.0200 -1.2000
v 13.4750 -0.0500 -1.2000
v 13.4350 -0.0500 -1.2000
v 13.4350 0.0200 -1.2000
v 13.4350 0.0200 2.2000
v 13.4750 0.0200 2.2000
v 13.4750 0.0200 -1.2000
v 13.4750 -0.0500 -1.2000
v 13.4750 -0.0500 2.2000
v 13.4350 -0.0500 2.2000
v 13.4350 -0.0500 -1.2000
v 13.4350 -0.0500 -1.2000
v 13.4350 -0.0500 2.2000
v 13.4350 0.0200 2.2000
v 13.4350 0.0200 -1.2000
v 13.4750 0.0200 -1.2000
v 13.4750 0.0200 2.2000
v 13.4750 -0.0500 2.2000
v 13.4750 -0.0500 -1.2000
v 14.0250 -0.0500 2.2000
v 14.0650 -0.0500 2.2000
v 14.0650 0.0200 2.2000
v 14.0250 0.0200 2.2000
v 14.0250 0.0200 -1.2000
v 14.0650 0.0200 -1.2000
v 14.0650 -0.0500 -1.2000
v 14.0250 -0.0500 -1.2000
v 14.0250 0.0200 -1.2000
v 14.0250 0.0200 2.2000
v 14.0650 0.0200 2.2000
v 14.0650 0.0200 -1.2000
v 14.0650 -0.0500 -1.2000
v 14.0650 -0.0500 2.2000
v 14.0250 -0.0500 2.2000
v 14.0250 -0.0500 -1.2000
v 14.0250 -0.0500 -1.2000
v 14.0250 -0.0500 2.2000
v 14.0250 0.0200 2.2000
v 14.0250 0.0200 -1.2000
v 14.0650 0.0200 -1.2000
v 14.0650 0.0200 2.2000
v 14.0650 -0.0500 2.2000
v 14.0650 -0.0500 -1.2000
v 13.4750 -0.0300 -1.0320
v 14.0250 -0.0300 -1.0320
v 14.0250 0.0100 -1.0320
v 13.4750 0.0100 -1.0320
v 13.4750 0.0100 -1.0680
v 14.0250 0.0100 -1.0680
v 14.0250 -0.0300 -1.0680
v 13.4750 -0.0300 -1.0680
v 13.4750 0.0100 -1.0680
v 13.4750 0.0100 -1.0320
v 14.0250 0.0100 -1.0320
v 14.0250 0.0100 -1.0680
v 14.0250 -0.0300 -1.0680
v 14.0250 -0.0300 -1.0320
v 13.4750 -0.0300 -1.0320
v 13.4750 -0.0300 -1.0680
v 13.4750 -0.0300 -1.0680
v 13.4750 -0.0300 -1.0320
v 13.4750 0.0100 -1.0320
v 13.4750 0.0100 -1.0680
v 14.0250 0.0100 -1.0680
v 14.0250 0.0100 -1.0320
v 14.0250 -0.0300 -1.0320
v 14.0250 -0.0300 -1.0680
v 13.4750 -0.0300 -0.7320
v 14.0250 -0.0300 -0.7320
v 14.0250 0.0100 -0.7320
v 13.4750 0.0100 -0.7320
v 13.4750 0.0100 -0.7680
v 14.0250 0.0100 -0.7680
v 14.0250 -0.0300 -0.7680
v 13.4750 -0.0300 -0.7680
v 13.4750 0.0100 -0.7680
v 13.4750 0.0100 -0.7320
v 14.0250 0.0100 -0.7320
v 14.0250 0.0100 -0.7680
v 14.0250 -0.0300 -0.7680
v 14.0250 -0.0300 -0.7320
v 13.4750 -0.0300 -0.7320
v 13.4750 -0.0300 -0.7680
v 13.4750 -0.0300 -0.7680
v 13.4750 -0.0300 -0.7320
v 13.4750 0.0100 -0.7320
v 13.4750 0.0100 -0.7680
v 14.0250 0.0100 -0.7680
v 14.0250 0.0100 -0.7320
v 14.0250 -0.0300 -0.7320
v 14.0250 -0.0300 -0.7680
v 13.4750 -0.0300 -0.4320
v 14.0250 -0.0300 -0.4320
v 14.0250 0.0100 -0.4320
v 13.4750 0.0100 -0.4320
v 13.4750 0.0100 -0.4680
v 14.0250 0.0100 -0.4680
v 14.0250 -0.0300 -0.4680
v 13.4750 -0.0300 -0.4680
v 13.4750 0.0100 -0.4680
v 13.4750 0.0100 -0.4320
v 14.0250 0.0100 -0.4320
v 14.0250 0.0100 -0.4680
v 14.0250 -0.0300 -0.4680
v 14.0250 -0.0300 -0.4320
v 13.4750 -0.0300 -0.4320
v 13.4750 -0.0300 -0.4680
v 13.4750 -0.0300 -0.4680
v 13.4750 -0.0300 -0.4320
v 13.4750 0.0100 -0.4320
v 13.4750 0.0100 -0.4680
v 14.0250 0.0100 -0.4680
v 14.0250 0.0100 -0.4320
v 14.0250 -0.0300 -0.4320
v 14.0250 -0.0300 -0.4680
v 13.4750 -0.0300 -0.1320
v 14.0250 -0.0300 -0.1320
v 14.0250 0.0100 -0.1320
v 13.4750 0.0100 -0.1320
v 13.4750 0.0100 -0.1680
v 14.0250 0.0100 -0.1680
v 14.0250 -0.0300 -0.1680
v 13.4750 -0.0300 -0.1680
v 13.4750 0.0100 -0.1680
v 13.4750 0.0100 -0.1320
v 14.0250 0.0100 -0.1320
v 14.0250 0.0100 -0.1680
v 14.0250 -0.0300 -0.1680
v 14.0250 -0.0300 -0.1320
v 13.4750 -0.0300 -0.1320
v 13.4750 -0.0300 -0.1680
v 13.4750 -0.0300 -0.1680
v 13.4750 -0.0300 -0.1320
v 13.4750 0.0100 -0.1320
v 13.4750 0.0100 -0.1680
v 14.0250 0.0100 -0.1680
v 14.0250 0.0100 -0.1320
v 14.0250 -0.0300 -0.1320
v 14.0250 -0.0300 -0.1680
v 13.4750 -0.0300 0.1680
v 14.0250 -0.0300 0.1680
v 14.0250 0.0100 0.1680
v 13.4750 0.0100 0.1680
v 13.4750 0.0100 0.1320
v 14.0250 0.0100 0.1320
v 14.0250 -0.0300 0.1320
v 13.4750 -0.0300 0.1320
v 13.4750 0.0100 0.1320
v 13.4750 0.0100 0.1680
v 14.0250 0.0100 0.1680
v 14.0250 0.0100 0.1320
v 14.0250 -0.0300 0.1320
v 14.0250 -0.0300 0.1680
v 13.4750 -0.0300 0.1680
v 13.4750 -0.0300 0.1320
v 13.4750 -0.0300 0.1320
v 13.4750 -0.0300 0.1680
v 13.4750 0.0100 0.1680
v 13.4750 0.0100 0.1320
v 14.0250 0.0100 0.1320
v 14.0250 0.0100 0.1680
v 14.0250 -0.0300 0.1680
v 14.0250 -0.0300 0.1320
v 13.4750 -0.0300 0.4680
v 14.0250 -0.0300 0.4680
v 14.0250 0.0100 0.4680
v 13.4750 0.0100 0.4680
v 13.4750 0.0100 0.4320
v 14.0250 0.0100 0.4320
v 14.0250 -0.0300 0.4320
v 13.4750 -0.0300 0.4320
v 13.4750 0.0100 0.4320
v 13.4750 0.0100 0.4680
v 14.0250 0.0100 0.4680
v 14.0250 0.0100 0.4320
v 14.0250 -0.0300 0.4320
v 14.0250 -0.0300 0.4680
v 13.4750 -0.0300 0.4680
v 13.4750 -0.0300 0.4320
v 13.4750 -0.0300 0.4320
v 13.4750 -0.0300 0.4680
v 13.4750 0.0100 0.4680
v 13.4750 0.0100 0.4320
v 14.0250 0.0100 0.4320
v 14.0250 0.0100 0.4680
v 14.0250 -0.0300 0.4680
v 14.0250 -0.0300 0.4320
v 13.4750 -0.0300 0.7680
v 14.0250 -0.0300 0.7680
v 14.0250 0.0100 0.7680
v 13.4750 0.0100 0.7680
v 13.4750 0.0100 0.7320
v 14.0250 0.0100 0.7320
v 14.0250 -0.0300 0.7320
v 13.4750 -0.0300 0.7320
v 13.4750 0.0100 0.7320
v 13.4750 0.0100 0.7680
v 14.0250 0.0100 0.7680
v 14.0250 0.0100 0.7320
v 14.0250 -0.0300 0.7320
v 14.0250 -0.0300 0.7680
v 13.4750 -0.0300 0.7680
v 13.4750 -0.0300 0.7320
v 13.4750 -0.0300 0.7320
v 13.4750 -0.0300 0.7680
v 13.4750 0.0100 0.7680
v 13.4750 0.0100 0.7320
v 14.0250 0.0100 0.7320
v 14.0250 0.0100 0.7680
v 14.0250 -0.0300 0.7680
v 14.0250 -0.0300 0.7320
v 13.4750 -0.0300 1.0680
v 14.0250 -0.0300 1.0680
v 14.0250 0.0100 1.0680
v 13.4750 0.0100 1.0680
v 13.4750 0.0100 1.0320
v 14.0250 0.0100 1.0320
v 14.0250 -0.0300 1.0320
v 13.4750 -0.0300 1.0320
v 13.4750 0.0100 1.0320
v 13.4750 0.0100 1.0680
v 14.0250 0.0100 1.0680
v 14.0250 0.0100 1.0320
v 14.0250 -0.0300 1.0320
v 14.0250 -0.0300 1.0680
v 13.4750 -0.0300 1.0680
v 13.4750 -0.0300 1.0320
v 13.4750 -0.0300 1.0320
v 13.4750 -0.0300 1.0680
v 13.4750 0.0100 1.0680
v 13.4750 0.0100 1.0320
v 14.0250 0.0100 1.0320
v 14.0250 0.0100 1.0680
v 14.0250 -0.0300 1.0680
v 14.0250 -0.0300 1.0320
v 13.4750 -0.0300 1.3680
v 14.0250 -0.0300 1.3680
v 14.0250 0.0100 1.3680
v 13.4750 0.0100 1.3680
v 13.4750 0.0100 1.3320
v 14.0250 0.0100 1.3320
v 14.0250 -0.0300 1.3320
v 13.4750 -0.0300 1.3320
v 13.4750 0.0100 1.3320
v 13.4750 0.0100 1.3680
v 14.0250 0.0100 1.3680
v 14.0250 0.0100 1.3320
v 14.0250 -0.0300 1.3320
v 14.0250 -0.0300 1.3680
v 13.4750 -0.0300 1.3680
v 13.4750 -0.0300 1.3320
v 13.4750 -0.0300 1.3320
v 13.4750 -0.0300 1.3680
v 13.4750 0.0100 1.3680
v 13.4750 0.0100 1.3320
v 14.0250 0.0100 1.3320
v 14.0250 0.0100 1.3680
v 14.0250 -0.0300 1.3680
v 14.0250 -0.0300 1.3320
v 13.4750 -0.0300 1.6680
v 14.0250 -0.0300 1.6680
v 14.0250 0.0100 1.6680
v 13.4750 0.0100 1.6680
v 13.4750 0.0100 1.6320
v 14.0250 0.0100 1.6320
v 14.0250 -0.0300 1.6320
v 13.4750 -0.0300 1.6320
v 13.4750 0.0100 1.6320
v 13.4750 0.0100 1.6680
v 14.0250 0.0100 1.6680
v 14.0250 0.0100 1.6320
v 14.0250 -0.0300 1.6320
v 14.0250 -0.0300 1.6680
v 13.4750 -0.0300 1.6680
v 13.4750 -0.0300 1.6320
v 13.4750 -0.0300 1.6320
v 13.4750 -0.0300 1.6680
v 13.4750 0.0100 1.6680
v 13.4750 0.0100 1.6320
v 14.0250 0.0100 1.6320
v 14.0250 0.0100 1.6680
v 14.0250 -0.0300 1.6680
v 14.0250 -0.0300 1.6320

vt 0.0000 0.0000
vt 13.7500 0.0000
vt 13.7500 1.0375
vt 0.0000 1.0375
vt 0.0000 0.0000
vt 27.5000 0.0000
vt 27.5000 0.3500
vt 0.0000 0.3500
vt 0.0000 0.0000
vt 0.0000 0.2000
vt 27.5000 0.2000
vt 27.5000 0.0000
vt 0.0000 0.0000
vt 0.0000 0.9333
vt 11.0000 0.9333
vt 11.0000 0.0000
vt 0.0000 0.0000
vt 0.0000 1.0000
vt 13.7500 1.0000
vt 13.7500 0.0000
vt 0.0000 0.0000
vt 0.0000 3.6750
vt 9.1667 3.6750
vt 9.1667 0.0000
vt 0.0000 0.0000
vt 0.0000 4.5000
vt 9.1667 4.5000
vt 9.1667 0.0000
vt 0.0000 0.0000
vt 0.0000 4.5000
vt 1.1250 4.5000
vt 1.1250 0.0000
vt 0.0000 0.0000
vt 0.0000 4.5000
vt 1.1250 4.5000
vt 1.1250 0.0000
vt 0.0000 0.0000
vt 0.0000 13.7500
vt 13.7500 1.1250
vt 1.1250 0.0000
vt 0.0000 0.0000
vt 0.0000 1.0000
vt 0.1250 1.0000
vt 0.1250 0.0000
vt 0.1250 0.0000
vt 0.1250 1.0000
vt 0.2500 1.0000
vt 0.2500 0.0000
vt 0.2500 0.0000
vt 0.2500 1.0000
vt 0.3750 1.0000
vt 0.3750 0.0000
vt 0.3750 0.0000
vt 0.3750 1.0000
vt 0.5000 1.0000
vt 0.5000 0.0000
vt 0.5000 0.0000
vt 0.5000 1.0000
vt 0.6250 1.0000
vt 0.6250 0.0000
vt 0.6250 0.0000
vt 0.6250 1.0000
vt 0.7500 1.0000
vt 0.7500 0.0000
vt 0.7500 0.0000
vt 0.7500 1.0000
vt 0.8750 1.0000
vt 0.8750 0.0000
vt 0.8750 0.0000
vt 0.8750 1.0000
vt 1.0000 1.0000
vt 1.0000 0.0000
vt 0.5000 0.5000
vt 1.0000 1.0000
vt 0.5000 1.0000
vt 0.5000 0.5000
vt 0.5000 1.0000
vt 1.0000 1.0000
vt 0.5000 0.5000
vt 1.0000 1.0000
vt 0.5000 1.0000
vt 0.5000 0.5000
vt 0.5000 1.0000
vt 1.0000 1.0000
vt 0.5000 0.5000
vt 1.0000 1.0000
vt 0.5000 1.0000
vt 0.5000 0.5000
vt 0.5000 1.0000
vt 1.0000 1.0000
vt 0.5000 0.5000
vt 1.0000 1.0000
vt 0.5000 1.0000
vt 0.5000 0.5000
vt 0.5000 1.0000
vt 1.0000 1.0000
vt 0.5000 0.5000
vt 1.0000 1.0000
vt 0.5000 1.0000
vt 0.5000 0.5000
vt 0.5000 1.0000
vt 1.0000 1.0000
vt 0.5000 0.5000
vt 1.0000 1.0000
vt 0.5000 1.0000
vt 0.5000 0.5000
vt 0.5000 1.0000
vt 1.0000 1.0000
vt 0.5000 0.5000
vt 1.0000 1.0000
vt 0.5000 1.0000
vt 0.5000 0.5000
vt 0.5000 1.0000
vt 1.0000 1.0000
vt 0.5000 0.5000
vt 1.0000 1.0000
vt 0.5000 1.0000
vt 0.5000 0.5000
vt 0.5000 1.0000
vt 1.0000 1.0000
vt 0.0000 0.0000
vt 0.0000 1.0000
vt 0.1250 1.0000
vt 0.1250 0.0000
vt 0.1250 0.0000
vt 0.1250 1.0000
vt 0.2500 1.0000
vt 0.2500 0.0000
vt 0.2500 0.0000
vt 0.2500 1.0000
vt 0.3750 1.0000
vt 0.3750 0.0000
vt 0.3750 0.0000
vt 0.3750 1.0000
vt 0.5000 1.0000
vt 0.5000 0.0000
vt 0.5000 0.0000
vt 0.5000 1.0000
vt 0.6250 1.0000
vt 0.6250 0.0000
vt 0.6250 0.0000
vt 0.6250 1.0000
vt 0.7500 1.0000
vt 0.7500 0.0000
vt 0.7500 0.0000
vt 0.7500 1.0000
vt 0.8750 1.0000
vt 0.8750 0.0000
vt 0.8750 0.0000
vt 0.8750 1.0000
vt 1.0000 1.0000
vt 1.0000 0.0000
vt 0.5000 0.5000
vt 1.0000 1.0000
vt 0.5000 1.0000
vt 0.5000 0.5000
vt 0.5000 1.0000
vt 1.0000 1.0000
vt 0.5000 0.5000
vt 1.0000 1.0000
vt 0.5000 1.0000
vt 0.5000 0.5000
vt 0.5000 1.0000
vt 1.0000 1.0000
vt 0.5000 0.5000
vt 1.0000 1.0000
vt 0.5000 1.0000
vt 0.5000 0.5000
vt 0.5000 1.0000
vt 1.0000 1.0000
vt 0.5000 0.5000
vt 1.0000 1.0000
vt 0.5000 1.0000
vt 0.5000 0.5000
vt 0.5000 1.0000
vt 1.0000 1.0000
vt 0.5000 0.5000
vt 1.0000 1.0000
vt 0.5000 1.0000
vt 0.5000 0.5000
vt 0.5000 1.0000
vt 1.0000 1.0000
vt 0.5000 0.5000
vt 1.0000 1.0000
vt 0.5000 1.0000
vt 0.5000 0.5000
vt 0.5000 1.0000
vt 1.0000 1.0000
vt 0.5000 0.5000
vt 1.0000 1.0000
vt 0.5000 1.0000
vt 0.5000 0.5000
vt 0.5000 1.0000
vt 1.0000 1.0000
vt 0.5000 0.5000
vt 1.0000 1.0000
vt 0.5000 1.0000
vt 0.5000 0.5000
vt 0.5000 1.0000
vt 1.0000 1.0000
vt 0.0000 0.0000
vt 0.0000 1.0000
vt 0.1250 1.0000
vt 0.1250 0.0000
vt 0.1250 0.0000
vt 0.1250 1.0000
vt 0.2500 1.0000
vt 0.2500 0.0000
vt 0.2500 0.0000
vt 0.2500 1.0000
vt 0.3750 1.0000
vt 0.3750 0.0000
vt 0.3750 0.0000
vt 0.3750 1.0000
vt 0.5000 1.0000
vt 0.5000 0.0000
vt 0.5000 0.0000
vt 0.5000 1.0000
vt 0.6250 1.0000
vt 0.6250 0.0000
vt 0.6250 0.0000
vt 0.6250 1.0000
vt 0.7500 1.0000
vt 0.7500 0.0000
vt 0.7500 0.0000
vt 0.7500 1.0000
vt 0.8750 1.0000
vt 0.8750 0.0000
vt 0.8750 0.0000
vt 0.8750 1.0000
vt 1.0000 1.0000
vt 1.0000 0.0000
vt 0.5000 0.5000
vt 1.0000 1.0000
vt 0.5000 1.0000
vt 0.5000 0.5000
vt 0.5000 1.0000
vt 1.0000 1.0000
vt 0.5000 0.5000
vt 1.0000 1.0000
vt 0.5000 1.0000
vt 0.5000 0.5000
vt 0.5000 1.0000
vt 1.0000 1.0000
vt 0.5000 0.5000
vt 1.0000 1.0000
vt 0.5000 1.0000
vt 0.5000 0.5000
vt 0.5000 1.0000
vt 1.0000 1.0000
vt 0.5000 0.5000
vt 1.0000 1.0000
vt 0.5000 1.0000
vt 0.5000 0.5000
vt 0.5000 1.0000
vt 1.0000 1.0000
vt 0.5000 0.5000
vt 1.0000 1.0000
vt 0.5000 1.0000
vt 0.5000 0.5000
vt 0.5000 1.0000
vt 1.0000 1.0000
vt 0.5000 0.5000
vt 1.0000 1.0000
vt 0.5000 1.0000
vt 0.5000 0.5000
vt 0.5000 1.0000
vt 1.0000 1.0000
vt 0.5000 0.5000
vt 1.0000 1.0000
vt 0.5000 1.0000
vt 0.5000 0.5000
vt 0.5000 1.0000
vt 1.0000 1.0000
vt 0.5000 0.5000
vt 1.0000 1.0000
vt 0.5000 1.0000
vt 0.5000 0.5000
vt 0.5000 1.0000
vt 1.0000 1.0000
vt 0.0000 0.0000
vt 0.0000 1.0000
vt 0.1250 1.0000
vt 0.1250 0.0000
vt 0.1250 0.0000
vt 0.1250 1.0000
vt 0.2500 1.0000
vt 0.2500 0.0000
vt 0.2500 0.0000
vt 0.2500 1.0000
vt 0.3750 1.0000
vt 0.3750 0.0000
vt 0.3750 0.0000
vt 0.3750 1.0000
vt 0.5000 1.0000
vt 0.5000 0.0000
vt 0.5000 0.0000
vt 0.5000 1.0000
vt 0.6250 1.0000
vt 0.6250 0.0000
vt 0.6250 0.0000
vt 0.6250 1.0000
vt 0.7500 1.0000
vt 0.7500 0.0000
vt 0.7500 0.0000
vt 0.7500 1.0000
vt 0.8750 1.0000
vt 0.8750 0.0000
vt 0.8750 0.0000
vt 0.8750 1.0000
vt 1.0000 1.0000
vt 1.0000 0.0000
vt 0.5000 0.5000
vt 1.0000 1.0000
vt 0.5000 1.0000
vt 0.5000 0.5000
vt 0.5000 1.0000
vt 1.0000 1.0000
vt 0.5000 0.5000
vt 1.0000 1.0000
vt 0.5000 1.0000
vt 0.5000 0.5000
vt 0.5000 1.0000
vt 1.0000 1.0000
vt 0.5000 0.5000
vt 1.0000 1.0000
vt 0.5000 1.0000
vt 0.5000 0.5000
vt 0.5000 1.0000
vt 1.0000 1.0000
vt 0.5000 0.5000
vt 1.0000 1.0000
vt 0.5000 1.0000
vt 0.5000 0.5000
vt 0.5000 1.0000
vt 1.0000 1.0000
vt 0.5000 0.5000
vt 1.0000 1.0000
vt 0.5000 1.0000
vt 0.5000 0.5000
vt 0.5000 1.0000
vt 1.0000 1.0000
vt 0.5000 0.5000
vt 1.0000 1.0000
vt 0.5000 1.0000
vt 0.5000 0.5000
vt 0.5000 1.0000
vt 1.0000 1.0000
vt 0.5000 0.5000
vt 1.0000 1.0000
vt 0.5000 1.0000
vt 0.5000 0.5000
vt 0.5000 1.0000
vt 1.0000 1.0000
vt 0.5000 0.5000
vt 1.0000 1.0000
vt 0.5000 1.0000
vt 0.5000 0.5000
vt 0.5000 1.0000
vt 1.0000 1.0000
vt 0.0000 0.0000
vt 0.0000 1.0000
vt 0.1250 1.0000
vt 0.1250 0.0000
vt 0.1250 0.0000
vt 0.1250 1.0000
vt 0.2500 1.0000
vt 0.2500 0.0000
vt 0.2500 0.0000
vt 0.2500 1.0000
vt 0.3750 1.0000
vt 0.3750 0.0000
vt 0.3750 0.0000
vt 0.3750 1.0000
vt 0.5000 1.0000
vt 0.5000 0.0000
vt 0.5000 0.0000
vt 0.5000 1.0000
vt 0.6250 1.0000
vt 0.6250 0.0000
vt 0.6250 0.0000
vt 0.6250 1.0000
vt 0.7500 1.0000
vt 0.7500 0.0000
vt 0.7500 0.0000
vt 0.7500 1.0000
vt 0.8750 1.0000
vt 0.8750 0.0000
vt 0.8750 0.0000
vt 0.8750 1.0000
vt 1.0000 1.0000
vt 1.0000 0.0000
vt 0.5000 0.5000
vt 1.0000 1.0000
vt 0.5000 1.0000
vt 0.5000 0.5000
vt 0.5000 1.0000
vt 1.0000 1.0000
vt 0.5000 0.5000
vt 1.0000 1.0000
vt 0.5000 1.0000
vt 0.5000 0.5000
vt 0.5000 1.0000
vt 1.0000 1.0000
vt 0.5000 0.5000
vt 1.0000 1.0000
vt 0.5000 1.0000
vt 0.5000 0.5000
vt 0.5000 1.0000
vt 1.0000 1.0000
vt 0.5000 0.5000
vt 1.0000 1.0000
vt 0.5000 1.0000
vt 0.5000 0.5000
vt 0.5000 1.0000
vt 1.0000 1.0000
vt 0.5000 0.5000
vt 1.0000 1.0000
vt 0.5000 1.0000
vt 0.5000 0.5000
vt 0.5000 1.0000
vt 1.0000 1.0000
vt 0.5000 0.5000
vt 1.0000 1.0000
vt 0.5000 1.0000
vt 0.5000 0.5000
vt 0.5000 1.0000
vt 1.0000 1.0000
vt 0.5000 0.5000
vt 1.0000 1.0000
vt 0.5000 1.0000
vt 0.5000 0.5000
vt 0.5000 1.0000
vt 1.0000 1.0000
vt 0.5000 0.5000
vt 1.0000 1.0000
vt 0.5000 1.0000
vt 0.5000 0.5000
vt 0.5000 1.0000
vt 1.0000 1.0000
vt 0.0000 0.0000
vt 0.0833 0.0000
vt 0.0833 1.0000
vt 0.0000 1.0000
vt 0.0833 0.0000
vt 0.1667 0.0000
vt 0.1667 1.0000
vt 0.0833 1.0000
vt 0.1667 0.0000
vt 0.2500 0.0000
vt 0.2500 1.0000
vt 0.1667 1.0000
vt 0.2500 0.0000
vt 0.3333 0.0000
vt 0.3333 1.0000
vt 0.2500 1.0000
vt 0.3333 0.0000
vt 0.4167 0.0000
vt 0.4167 1.0000
vt 0.3333 1.0000
vt 0.4167 0.0000
vt 0.5000 0.0000
vt 0.5000 1.0000
vt 0.4167 1.0000
vt 0.5000 0.0000
vt 0.5833 0.0000
vt 0.5833 1.0000
vt 0.5000 1.0000
vt 0.5833 0.0000
vt 0.6667 0.0000
vt 0.6667 1.0000
vt 0.5833 1.0000
vt 0.6667 0.0000
vt 0.7500 0.0000
vt 0.7500 1.0000
vt 0.6667 1.0000
vt 0.7500 0.0000
vt 0.8333 0.0000
vt 0.8333 1.0000
vt 0.7500 1.0000
vt 0.8333 0.0000
vt 0.9167 0.0000
vt 0.9167 1.0000
vt 0.8333 1.0000
vt 0.9167 0.0000
vt 0.9167 1.0000
vt 1.0000 1.0000
vt 1.0000 0.0000
vt 0.5000 0.5000
vt 1.0000 0.5000
vt 0.9330 0.7500
vt 0.5000 0.5000
vt 0.9330 0.7500
vt 1.0000 0.5000
vt 0.5000 0.5000
vt 0.9330 0.7500
vt 0.7500 0.9330
vt 0.5000 0.5000
vt 0.7500 0.9330
vt 0.9330 0.7500
vt 0.5000 0.5000
vt 0.7500 0.9330
vt 0.5000 1.0000
vt 0.5000 0.5000
vt 0.5000 1.0000
vt 0.7500 0.9330
vt 0.5000 0.5000
vt 0.5000 1.0000
vt 0.2500 0.9330
vt 0.5000 0.5000
vt 0.2500 0.9330
vt 0.5000 1.0000
vt 0.5000 0.5000
vt 0.2500 0.9330
vt 0.0670 0.7500
vt 0.5000 0.5000
vt 0.0670 0.7500
vt 0.2500 0.9330
vt 0.5000 0.5000
vt 0.0670 0.7500
vt 0.0000 0.5000
vt 0.5000 0.5000
vt 0.0000 0.5000
vt 0.0670 0.7500
vt 0.5000 0.5000
vt 0.0000 0.5000
vt 0.0670 0.2500
vt 0.5000 0.5000
vt 0.0670 0.2500
vt 0.0000 0.5000
vt 0.5000 0.5000
vt 0.0670 0.2500
vt 0.2500 0.0670
vt 0.5000 0.5000
vt 0.2500 0.0670
vt 0.0670 0.2500
vt 0.5000 0.5000
vt 0.2500 0.0670
vt 0.5000 0.0000
vt 0.5000 0.5000
vt 0.5000 0.0000
vt 0.2500 0.0670
vt 0.5000 0.5000
vt 0.5000 0.0000
vt 0.7500 0.0670
vt 0.5000 0.5000
vt 0.7500 0.0670
vt 0.5000 0.0000
vt 0.5000 0.5000
vt 0.7500 0.0670
vt 0.9330 0.2500
vt 0.5000 0.5000
vt 0.9330 0.2500
vt 0.7500 0.0670
vt 0.5000 0.5000
vt 0.9330 0.2500
vt 1.0000 0.5000
vt 0.5000 0.5000
vt 1.0000 0.5000
vt 0.9330 0.2500
vt 0.0000 0.0000
vt 0.0833 0.0000
vt 0.0833 1.0000
vt 0.0000 1.0000
vt 0.0833 0.0000
vt 0.1667 0.0000
vt 0.1667 1.0000
vt 0.0833 1.0000
vt 0.1667 0.0000
vt 0.2500 0.0000
vt 0.2500 1.0000
vt 0.1667 1.0000
vt 0.2500 0.0000
vt 0.3333 0.0000
vt 0.3333 1.0000
vt 0.2500 1.0000
vt 0.3333 0.0000
vt 0.4167 0.0000
vt 0.4167 1.0000
vt 0.3333 1.0000
vt 0.4167 0.0000
vt 0.5000 0.0000
vt 0.5000 1.0000
vt 0.4167 1.0000
vt 0.5000 0.0000
vt 0.5833 0.0000
vt 0.5833 1.0000
vt 0.5000 1.0000
vt 0.5833 0.0000
vt 0.6667 0.0000
vt 0.6667 1.0000
vt 0.5833 1.0000
vt 0.6667 0.0000
vt 0.7500 0.0000
vt 0.7500 1.0000
vt 0.6667 1.0000
vt 0.7500 0.0000
vt 0.8333 0.0000
vt 0.8333 1.0000
vt 0.7500 1.0000
vt 0.8333 0.0000
vt 0.9167 0.0000
vt 0.9167 1.0000
vt 0.8333 1.0000
vt 0.9167 0.0000
vt 0.9167 1.0000
vt 1.0000 1.0000
vt 1.0000 0.0000
vt 0.0000 0.0000
vt 0.0833 0.0000
vt 0.0833 1.0000
vt 0.0000 1.0000
vt 0.0833 0.0000
vt 0.1667 0.0000
vt 0.1667 1.0000
vt 0.0833 1.0000
vt 0.1667 0.0000
vt 0.2500 0.0000
vt 0.2500 1.0000
vt 0.1667 1.0000
vt 0.2500 0.0000
vt 0.3333 0.0000
vt 0.3333 1.0000
vt 0.2500 1.0000
vt 0.3333 0.0000
vt 0.4167 0.0000
vt 0.4167 1.0000
vt 0.3333 1.0000
vt 0.4167 0.0000
vt 0.5000 0.0000
vt 0.5000 1.0000
vt 0.4167 1.0000
vt 0.5000 0.0000
vt 0.5833 0.0000
vt 0.5833 1.0000
vt 0.5000 1.0000
vt 0.5833 0.0000
vt 0.6667 0.0000
vt 0.6667 1.0000
vt 0.5833 1.0000
vt 0.6667 0.0000
vt 0.7500 0.0000
vt 0.7500 1.0000
vt 0.6667 1.0000
vt 0.7500 0.0000
vt 0.8333 0.0000
vt 0.8333 1.0000
vt 0.7500 1.0000
vt 0.8333 0.0000
vt 0.9167 0.0000
vt 0.9167 1.0000
vt 0.8333 1.0000
vt 0.9167 0.0000
vt 0.9167 1.0000
vt 1.0000 1.0000
vt 1.0000 0.0000
vt 0.5000 0.5000
vt 1.0000 0.5000
vt 0.9330 0.7500
vt 0.5000 0.5000
vt 0.9330 0.7500
vt 1.0000 0.5000
vt 0.5000 0.5000
vt 0.9330 0.7500
vt 0.7500 0.9330
vt 0.5000 0.5000
vt 0.7500 0.9330
vt 0.9330 0.7500
vt 0.5000 0.5000
vt 0.7500 0.9330
vt 0.5000 1.0000
vt 0.5000 0.5000
vt 0.5000 1.0000
vt 0.7500 0.9330
vt 0.5000 0.5000
vt 0.5000 1.0000
vt 0.2500 0.9330
vt 0.5000 0.5000
vt 0.2500 0.9330
vt 0.5000 1.0000
vt 0.5000 0.5000
vt 0.2500 0.9330
vt 0.0670 0.7500
vt 0.5000 0.5000
vt 0.0670 0.7500
vt 0.2500 0.9330
vt 0.5000 0.5000
vt 0.0670 0.7500
vt 0.0000 0.5000
vt 0.5000 0.5000
vt 0.0000 0.5000
vt 0.0670 0.7500
vt 0.5000 0.5000
vt 0.0000 0.5000
vt 0.0670 0.2500
vt 0.5000 0.5000
vt 0.0670 0.2500
vt 0.0000 0.5000
vt 0.5000 0.5000
vt 0.0670 0.2500
vt 0.2500 0.0670
vt 0.5000 0.5000
vt 0.2500 0.0670
vt 0.0670 0.2500
vt 0.5000 0.5000
vt 0.2500 0.0670
vt 0.5000 0.0000
vt 0.5000 0.5000
vt 0.5000 0.0000
vt 0.2500 0.0670
vt 0.5000 0.5000
vt 0.5000 0.0000
vt 0.7500 0.0670
vt 0.5000 0.5000
vt 0.7500 0.0670
vt 0.5000 0.0000
vt 0.5000 0.5000
vt 0.7500 0.0670
vt 0.9330 0.2500
vt 0.5000 0.5000
vt 0.9330 0.2500
vt 0.7500 0.0670
vt 0.5000 0.5000
vt 0.9330 0.2500
vt 1.0000 0.5000
vt 0.5000 0.5000
vt 1.0000 0.5000
vt 0.9330 0.2500
vt 0.0000 0.0000
vt 0.7600 0.0000
vt 0.7600 0.1600
vt 0.0000 0.1600
vt 0.0000 0.0000
vt 0.7600 0.0000
vt 0.7600 0.1600
vt 0.0000 0.1600
vt 0.0000 0.0000
vt 0.0000 0.0800
vt 0.7600 0.0800
vt 0.7600 0.0000
vt 0.0000 0.0000
vt 0.0000 0.0800
vt 0.7600 0.0800
vt 0.7600 0.0000
vt 0.0000 0.0000
vt 0.0000 0.0800
vt 0.1600 0.0800
vt 0.1600 0.0000
vt 0.0000 0.0000
vt 0.0000 0.0800
vt 0.1600 0.0800
vt 0.1600 0.0000
vt 0.0000 0.0000
vt 0.0833 0.0000
vt 0.0833 1.0000
vt 0.0000 1.0000
vt 0.0833 0.0000
vt 0.1667 0.0000
vt 0.1667 1.0000
vt 0.0833 1.0000
vt 0.1667 0.0000
vt 0.2500 0.0000
vt 0.2500 1.0000
vt 0.1667 1.0000
vt 0.2500 0.0000
vt 0.3333 0.0000
vt 0.3333 1.0000
vt 0.2500 1.0000
vt 0.3333 0.0000
vt 0.4167 0.0000
vt 0.4167 1.0000
vt 0.3333 1.0000
vt 0.4167 0.0000
vt 0.5000 0.0000
vt 0.5000 1.0000
vt 0.4167 1.0000
vt 0.5000 0.0000
vt 0.5833 0.0000
vt 0.5833 1.0000
vt 0.5000 1.0000
vt 0.5833 0.0000
vt 0.6667 0.0000
vt 0.6667 1.0000
vt 0.5833 1.0000
vt 0.6667 0.0000
vt 0.7500 0.0000
vt 0.7500 1.0000
vt 0.6667 1.0000
vt 0.7500 0.0000
vt 0.8333 0.0000
vt 0.8333 1.0000
vt 0.7500 1.0000
vt 0.8333 0.0000
vt 0.9167 0.0000
vt 0.9167 1.0000
vt 0.8333 1.0000
vt 0.9167 0.0000
vt 0.9167 1.0000
vt 1.0000 1.0000
vt 1.0000 0.0000
vt 0.5000 0.5000
vt 1.0000 0.5000
vt 0.9330 0.7500
vt 0.5000 0.5000
vt 0.9330 0.7500
vt 1.0000 0.5000
vt 0.5000 0.5000
vt 0.9330 0.7500
vt 0.7500 0.9330
vt 0.5000 0.5000
vt 0.7500 0.9330
vt 0.9330 0.7500
vt 0.5000 0.5000
vt 0.7500 0.9330
vt 0.5000 1.0000
vt 0.5000 0.5000
vt 0.5000 1.0000
vt 0.7500 0.9330
vt 0.5000 0.5000
vt 0.5000 1.0000
vt 0.2500 0.9330
vt 0.5000 0.5000
vt 0.2500 0.9330
vt 0.5000 1.0000
vt 0.5000 0.5000
vt 0.2500 0.9330
vt 0.0670 0.7500
vt 0.5000 0.5000
vt 0.0670 0.7500
vt 0.2500 0.9330
vt 0.5000 0.5000
vt 0.0670 0.7500
vt 0.0000 0.5000
vt 0.5000 0.5000
vt 0.0000 0.5000
vt 0.0670 0.7500
vt 0.5000 0.5000
vt 0.0000 0.5000
vt 0.0670 0.2500
vt 0.5000 0.5000
vt 0.0670 0.2500
vt 0.0000 0.5000
vt 0.5000 0.5000
vt 0.0670 0.2500
vt 0.2500 0.0670
vt 0.5000 0.5000
vt 0.2500 0.0670
vt 0.0670 0.2500
vt 0.5000 0.5000
vt 0.2500 0.0670
vt 0.5000 0.0000
vt 0.5000 0.5000
vt 0.5000 0.0000
vt 0.2500 0.0670
vt 0.5000 0.5000
vt 0.5000 0.0000
vt 0.7500 0.0670
vt 0.5000 0.5000
vt 0.7500 0.0670
vt 0.5000 0.0000
vt 0.5000 0.5000
vt 0.7500 0.0670
vt 0.9330 0.2500
vt 0.5000 0.5000
vt 0.9330 0.2500
vt 0.7500 0.0670
vt 0.5000 0.5000
vt 0.9330 0.2500
vt 1.0000 0.5000
vt 0.5000 0.5000
vt 1.0000 0.5000
vt 0.9330 0.2500
vt 0.0000 0.0000
vt 0.0833 0.0000
vt 0.0833 1.0000
vt 0.0000 1.0000
vt 0.0833 0.0000
vt 0.1667 0.0000
vt 0.1667 1.0000
vt 0.0833 1.0000
vt 0.1667 0.0000
vt 0.2500 0.0000
vt 0.2500 1.0000
vt 0.1667 1.0000
vt 0.2500 0.0000
vt 0.3333 0.0000
vt 0.3333 1.0000
vt 0.2500 1.0000
vt 0.3333 0.0000
vt 0.4167 0.0000
vt 0.4167 1.0000
vt 0.3333 1.0000
vt 0.4167 0.0000
vt 0.5000 0.0000
vt 0.5000 1.0000
vt 0.4167 1.0000
vt 0.5000 0.0000
vt 0.5833 0.0000
vt 0.5833 1.0000
vt 0.5000 1.0000
vt 0.5833 0.0000
vt 0.6667 0.0000
vt 0.6667 1.0000
vt 0.5833 1.0000
vt 0.6667 0.0000
vt 0.7500 0.0000
vt 0.7500 1.0000
vt 0.6667 1.0000
vt 0.7500 0.0000
vt 0.8333 0.0000
vt 0.8333 1.0000
vt 0.7500 1.0000
vt 0.8333 0.0000
vt 0.9167 0.0000
vt 0.9167 1.0000
vt 0.8333 1.0000
vt 0.9167 0.0000
vt 0.9167 1.0000
vt 1.0000 1.0000
vt 1.0000 0.0000
vt 0.0000 0.0000
vt 0.0833 0.0000
vt 0.0833 1.0000
vt 0.0000 1.0000
vt 0.0833 0.0000
vt 0.1667 0.0000
vt 0.1667 1.0000
vt 0.0833 1.0000
vt 0.1667 0.0000
vt 0.2500 0.0000
vt 0.2500 1.0000
vt 0.1667 1.0000
vt 0.2500 0.0000
vt 0.3333 0.0000
vt 0.3333 1.0000
vt 0.2500 1.0000
vt 0.3333 0.0000
vt 0.4167 0.0000
vt 0.4167 1.0000
vt 0.3333 1.0000
vt 0.4167 0.0000
vt 0.5000 0.0000
vt 0.5000 1.0000
vt 0.4167 1.0000
vt 0.5000 0.0000
vt 0.5833 0.0000
vt 0.5833 1.0000
vt 0.5000 1.0000
vt 0.5833 0.0000
vt 0.6667 0.0000
vt 0.6667 1.0000
vt 0.5833 1.0000
vt 0.6667 0.0000
vt 0.7500 0.0000
vt 0.7500 1.0000
vt 0.6667 1.0000
vt 0.7500 0.0000
vt 0.8333 0.0000
vt 0.8333 1.0000
vt 0.7500 1.0000
vt 0.8333 0.0000
vt 0.9167 0.0000
vt 0.9167 1.0000
vt 0.8333 1.0000
vt 0.9167 0.0000
vt 0.9167 1.0000
vt 1.0000 1.0000
vt 1.0000 0.0000
vt 0.5000 0.5000
vt 1.0000 0.5000
vt 0.9330 0.7500
vt 0.5000 0.5000
vt 0.9330 0.7500
vt 1.0000 0.5000
vt 0.5000 0.5000
vt 0.9330 0.7500
vt 0.7500 0.9330
vt 0.5000 0.5000
vt 0.7500 0.9330
vt 0.9330 0.7500
vt 0.5000 0.5000
vt 0.7500 0.9330
vt 0.5000 1.0000
vt 0.5000 0.5000
vt 0.5000 1.0000
vt 0.7500 0.9330
vt 0.5000 0.5000
vt 0.5000 1.0000
vt 0.2500 0.9330
vt 0.5000 0.5000
vt 0.2500 0.9330
vt 0.5000 1.0000
vt 0.5000 0.5000
vt 0.2500 0.9330
vt 0.0670 0.7500
vt 0.5000 0.5000
vt 0.0670 0.7500
vt 0.2500 0.9330
vt 0.5000 0.5000
vt 0.0670 0.7500
vt 0.0000 0.5000
vt 0.5000 0.5000
vt 0.0000 0.5000
vt 0.0670 0.7500
vt 0.5000 0.5000
vt 0.0000 0.5000
vt 0.0670 0.2500
vt 0.5000 0.5000
vt 0.0670 0.2500
vt 0.0000 0.5000
vt 0.5000 0.5000
vt 0.0670 0.2500
vt 0.2500 0.0670
vt 0.5000 0.5000
vt 0.2500 0.0670
vt 0.0670 0.2500
vt 0.5000 0.5000
vt 0.2500 0.0670
vt 0.5000 0.0000
vt 0.5000 0.5000
vt 0.5000 0.0000
vt 0.2500 0.0670
vt 0.5000 0.5000
vt 0.5000 0.0000
vt 0.7500 0.0670
vt 0.5000 0.5000
vt 0.7500 0.0670
vt 0.5000 0.0000
vt 0.5000 0.5000
vt 0.7500 0.0670
vt 0.9330 0.2500
vt 0.5000 0.5000
vt 0.9330 0.2500
vt 0.7500 0.0670
vt 0.5000 0.5000
vt 0.9330 0.2500
vt 1.0000 0.5000
vt 0.5000 0.5000
vt 1.0000 0.5000
vt 0.9330 0.2500
vt 0.0000 0.0000
vt 0.7600 0.0000
vt 0.7600 0.1600
vt 0.0000 0.1600
vt 0.0000 0.0000
vt 0.7600 0.0000
vt 0.7600 0.1600
vt 0.0000 0.1600
vt 0.0000 0.0000
vt 0.0000 0.0800
vt 0.7600 0.0800
vt 0.7600 0.0000
vt 0.0000 0.0000
vt 0.0000 0.0800
vt 0.7600 0.0800
vt 0.7600 0.0000
vt 0.0000 0.0000
vt 0.0000 0.0800
vt 0.1600 0.0800
vt 0.1600 0.0000
vt 0.0000 0.0000
vt 0.0000 0.0800
vt 0.1600 0.0800
vt 0.1600 0.0000
vt 0.0000 0.0000
vt 0.0833 0.0000
vt 0.0833 1.0000
vt 0.0000 1.0000
vt 0.0833 0.0000
vt 0.1667 0.0000
vt 0.1667 1.0000
vt 0.0833 1.0000
vt 0.1667 0.0000
vt 0.2500 0.0000
vt 0.2500 1.0000
vt 0.1667 1.0000
vt 0.2500 0.0000
vt 0.3333 0.0000
vt 0.3333 1.0000
vt 0.2500 1.0000
vt 0.3333 0.0000
vt 0.4167 0.0000
vt 0.4167 1.0000
vt 0.3333 1.0000
vt 0.4167 0.0000
vt 0.5000 0.0000
vt 0.5000 1.0000
vt 0.4167 1.0000
vt 0.5000 0.0000
vt 0.5833 0.0000
vt 0.5833 1.0000
vt 0.5000 1.0000
vt 0.5833 0.0000
vt 0.6667 0.0000
vt 0.6667 1.0000
vt 0.5833 1.0000
vt 0.6667 0.0000
vt 0.7500 0.0000
vt 0.7500 1.0000
vt 0.6667 1.0000
vt 0.7500 0.0000
vt 0.8333 0.0000
vt 0.8333 1.0000
vt 0.7500 1.0000
vt 0.8333 0.0000
vt 0.9167 0.0000
vt 0.9167 1.0000
vt 0.8333 1.0000
vt 0.9167 0.0000
vt 0.9167 1.0000
vt 1.0000 1.0000
vt 1.0000 0.0000
vt 0.5000 0.5000
vt 1.0000 0.5000
vt 0.9330 0.7500
vt 0.5000 0.5000
vt 0.9330 0.7500
vt 1.0000 0.5000
vt 0.5000 0.5000
vt 0.9330 0.7500
vt 0.7500 0.9330
vt 0.5000 0.5000
vt 0.7500 0.9330
vt 0.9330 0.7500
vt 0.5000 0.5000
vt 0.7500 0.9330
vt 0.5000 1.0000
vt 0.5000 0.5000
vt 0.5000 1.0000
vt 0.7500 0.9330
vt 0.5000 0.5000
vt 0.5000 1.0000
vt 0.2500 0.9330
vt 0.5000 0.5000
vt 0.2500 0.9330
vt 0.5000 1.0000
vt 0.5000 0.5000
vt 0.2500 0.9330
vt 0.0670 0.7500
vt 0.5000 0.5000
vt 0.0670 0.7500
vt 0.2500 0.9330
vt 0.5000 0.5000
vt 0.0670 0.7500
vt 0.0000 0.5000
vt 0.5000 0.5000
vt 0.0000 0.5000
vt 0.0670 0.7500
vt 0.5000 0.5000
vt 0.0000 0.5000
vt 0.0670 0.2500
vt 0.5000 0.5000
vt 0.0670 0.2500
vt 0.0000 0.5000
vt 0.5000 0.5000
vt 0.0670 0.2500
vt 0.2500 0.0670
vt 0.5000 0.5000
vt 0.2500 0.0670
vt 0.0670 0.2500
vt 0.5000 0.5000
vt 0.2500 0.0670
vt 0.5000 0.0000
vt 0.5000 0.5000
vt 0.5000 0.0000
vt 0.2500 0.0670
vt 0.5000 0.5000
vt 0.5000 0.0000
vt 0.7500 0.0670
vt 0.5000 0.5000
vt 0.7500 0.0670
vt 0.5000 0.0000
vt 0.5000 0.5000
vt 0.7500 0.0670
vt 0.9330 0.2500
vt 0.5000 0.5000
vt 0.9330 0.2500
vt 0.7500 0.0670
vt 0.5000 0.5000
vt 0.9330 0.2500
vt 1.0000 0.5000
vt 0.5000 0.5000
vt 1.0000 0.5000
vt 0.9330 0.2500
vt 0.0000 0.0000
vt 0.0833 0.0000
vt 0.0833 1.0000
vt 0.0000 1.0000
vt 0.0833 0.0000
vt 0.1667 0.0000
vt 0.1667 1.0000
vt 0.0833 1.0000
vt 0.1667 0.0000
vt 0.2500 0.0000
vt 0.2500 1.0000
vt 0.1667 1.0000
vt 0.2500 0.0000
vt 0.3333 0.0000
vt 0.3333 1.0000
vt 0.2500 1.0000
vt 0.3333 0.0000
vt 0.4167 0.0000
vt 0.4167 1.0000
vt 0.3333 1.0000
vt 0.4167 0.0000
vt 0.5000 0.0000
vt 0.5000 1.0000
vt 0.4167 1.0000
vt 0.5000 0.0000
vt 0.5833 0.0000
vt 0.5833 1.0000
vt 0.5000 1.0000
vt 0.5833 0.0000
vt 0.6667 0.0000
vt 0.6667 1.0000
vt 0.5833 1.0000
vt 0.6667 0.0000
vt 0.7500 0.0000
vt 0.7500 1.0000
vt 0.6667 1.0000
vt 0.7500 0.0000
vt 0.8333 0.0000
vt 0.8333 1.0000
vt 0.7500 1.0000
vt 0.8333 0.0000
vt 0.9167 0.0000
vt 0.9167 1.0000
vt 0.8333 1.0000
vt 0.9167 0.0000
vt 0.9167 1.0000
vt 1.0000 1.0000
vt 1.0000 0.0000
vt 0.0000 0.0000
vt 0.0833 0.0000
vt 0.0833 1.0000
vt 0.0000 1.0000
vt 0.0833 0.0000
vt 0.1667 0.0000
vt 0.1667 1.0000
vt 0.0833 1.0000
vt 0.1667 0.0000
vt 0.2500 0.0000
vt 0.2500 1.0000
vt 0.1667 1.0000
vt 0.2500 0.0000
vt 0.3333 0.0000
vt 0.3333 1.0000
vt 0.2500 1.0000
vt 0.3333 0.0000
vt 0.4167 0.0000
vt 0.4167 1.0000
vt 0.3333 1.0000
vt 0.4167 0.0000
vt 0.5000 0.0000
vt 0.5000 1.0000
vt 0.4167 1.0000
vt 0.5000 0.0000
vt 0.5833 0.0000
vt 0.5833 1.0000
vt 0.5000 1.0000
vt 0.5833 0.0000
vt 0.6667 0.0000
vt 0.6667 1.0000
vt 0.5833 1.0000
vt 0.6667 0.0000
vt 0.7500 0.0000
vt 0.7500 1.0000
vt 0.6667 1.0000
vt 0.7500 0.0000
vt 0.8333 0.0000
vt 0.8333 1.0000
vt 0.7500 1.0000
vt 0.8333 0.0000
vt 0.9167 0.0000
vt 0.9167 1.0000
vt 0.8333 1.0000
vt 0.9167 0.0000
vt 0.9167 1.0000
vt 1.0000 1.0000
vt 1.0000 0.0000
vt 0.5000 0.5000
vt 1.0000 0.5000
vt 0.9330 0.7500
vt 0.5000 0.5000
vt 0.9330 0.7500
vt 1.0000 0.5000
vt 0.5000 0.5000
vt 0.9330 0.7500
vt 0.7500 0.9330
vt 0.5000 0.5000
vt 0.7500 0.9330
vt 0.9330 0.7500
vt 0.5000 0.5000
vt 0.7500 0.9330
vt 0.5000 1.0000
vt 0.5000 0.5000
vt 0.5000 1.0000
vt 0.7500 0.9330
vt 0.5000 0.5000
vt 0.5000 1.0000
vt 0.2500 0.9330
vt 0.5000 0.5000
vt 0.2500 0.9330
vt 0.5000 1.0000
vt 0.5000 0.5000
vt 0.2500 0.9330
vt 0.0670 0.7500
vt 0.5000 0.5000
vt 0.0670 0.7500
vt 0.2500 0.9330
vt 0.5000 0.5000
vt 0.0670 0.7500
vt 0.0000 0.5000
vt 0.5000 0.5000
vt 0.0000 0.5000
vt 0.0670 0.7500
vt 0.5000 0.5000
vt 0.0000 0.5000
vt 0.0670 0.2500
vt 0.5000 0.5000
vt 0.0670 0.2500
vt 0.0000 0.5000
vt 0.5000 0.5000
vt 0.0670 0.2500
vt 0.2500 0.0670
vt 0.5000 0.5000
vt 0.2500 0.0670
vt 0.0670 0.2500
vt 0.5000 0.5000
vt 0.2500 0.0670
vt 0.5000 0.0000
vt 0.5000 0.5000
vt 0.5000 0.0000
vt 0.2500 0.0670
vt 0.5000 0.5000
vt 0.5000 0.0000
vt 0.7500 0.0670
vt 0.5000 0.5000
vt 0.7500 0.0670
vt 0.5000 0.0000
vt 0.5000 0.5000
vt 0.7500 0.0670
vt 0.9330 0.2500
vt 0.5000 0.5000
vt 0.9330 0.2500
vt 0.7500 0.0670
vt 0.5000 0.5000
vt 0.9330 0.2500
vt 1.0000 0.5000
vt 0.5000 0.5000
vt 1.0000 0.5000
vt 0.9330 0.2500
vt 0.0000 0.0000
vt 0.7600 0.0000
vt 0.7600 0.1600
vt 0.0000 0.1600
vt 0.0000 0.0000
vt 0.7600 0.0000
vt 0.7600 0.1600
vt 0.0000 0.1600
vt 0.0000 0.0000
vt 0.0000 0.0800
vt 0.7600 0.0800
vt 0.7600 0.0000
vt 0.0000 0.0000
vt 0.0000 0.0800
vt 0.7600 0.0800
vt 0.7600 0.0000
vt 0.0000 0.0000
vt 0.0000 0.0800
vt 0.1600 0.0800
vt 0.1600 0.0000
vt 0.0000 0.0000
vt 0.0000 0.0800
vt 0.1600 0.0800
vt 0.1600 0.0000
vt 0.0000 0.0000
vt 0.0833 0.0000
vt 0.0833 1.0000
vt 0.0000 1.0000
vt 0.0833 0.0000
vt 0.1667 0.0000
vt 0.1667 1.0000
vt 0.0833 1.0000
vt 0.1667 0.0000
vt 0.2500 0.0000
vt 0.2500 1.0000
vt 0.1667 1.0000
vt 0.2500 0.0000
vt 0.3333 0.0000
vt 0.3333 1.0000
vt 0.2500 1.0000
vt 0.3333 0.0000
vt 0.4167 0.0000
vt 0.4167 1.0000
vt 0.3333 1.0000
vt 0.4167 0.0000
vt 0.5000 0.0000
vt 0.5000 1.0000
vt 0.4167 1.0000
vt 0.5000 0.0000
vt 0.5833 0.0000
vt 0.5833 1.0000
vt 0.5000 1.0000
vt 0.5833 0.0000
vt 0.6667 0.0000
vt 0.6667 1.0000
vt 0.5833 1.0000
vt 0.6667 0.0000
vt 0.7500 0.0000
vt 0.7500 1.0000
vt 0.6667 1.0000
vt 0.7500 0.0000
vt 0.8333 0.0000
vt 0.8333 1.0000
vt 0.7500 1.0000
vt 0.8333 0.0000
vt 0.9167 0.0000
vt 0.9167 1.0000
vt 0.8333 1.0000
vt 0.9167 0.0000
vt 0.9167 1.0000
vt 1.0000 1.0000
vt 1.0000 0.0000
vt 0.5000 0.5000
vt 1.0000 0.5000
vt 0.9330 0.7500
vt 0.5000 0.5000
vt 0.9330 0.7500
vt 1.0000 0.5000
vt 0.5000 0.5000
vt 0.9330 0.7500
vt 0.7500 0.9330
vt 0.5000 0.5000
vt 0.7500 0.9330
vt 0.9330 0.7500
vt 0.5000 0.5000
vt 0.7500 0.9330
vt 0.5000 1.0000
vt 0.5000 0.5000
vt 0.5000 1.0000
vt 0.7500 0.9330
vt 0.5000 0.5000
vt 0.5000 1.0000
vt 0.2500 0.9330
vt 0.5000 0.5000
vt 0.2500 0.9330
vt 0.5000 1.0000
vt 0.5000 0.5000
vt 0.2500 0.9330
vt 0.0670 0.7500
vt 0.5000 0.5000
vt 0.0670 0.7500
vt 0.2500 0.9330
vt 0.5000 0.5000
vt 0.0670 0.7500
vt 0.0000 0.5000
vt 0.5000 0.5000
vt 0.0000 0.5000
vt 0.0670 0.7500
vt 0.5000 0.5000
vt 0.0000 0.5000
vt 0.0670 0.2500
vt 0.5000 0.5000
vt 0.0670 0.2500
vt 0.0000 0.5000
vt 0.5000 0.5000
vt 0.0670 0.2500
vt 0.2500 0.0670
vt 0.5000 0.5000
vt 0.2500 0.0670
vt 0.0670 0.2500
vt 0.5000 0.5000
vt 0.2500 0.0670
vt 0.5000 0.0000
vt 0.5000 0.5000
vt 0.5000 0.0000
vt 0.2500 0.0670
vt 0.5000 0.5000
vt 0.5000 0.0000
vt 0.7500 0.0670
vt 0.5000 0.5000
vt 0.7500 0.0670
vt 0.5000 0.0000
vt 0.5000 0.5000
vt 0.7500 0.0670
vt 0.9330 0.2500
vt 0.5000 0.5000
vt 0.9330 0.2500
vt 0.7500 0.0670
vt 0.5000 0.5000
vt 0.9330 0.2500
vt 1.0000 0.5000
vt 0.5000 0.5000
vt 1.0000 0.5000
vt 0.9330 0.2500
vt 0.0000 0.0000
vt 0.0833 0.0000
vt 0.0833 1.0000
vt 0.0000 1.0000
vt 0.0833 0.0000
vt 0.1667 0.0000
vt 0.1667 1.0000
vt 0.0833 1.0000
vt 0.1667 0.0000
vt 0.2500 0.0000
vt 0.2500 1.0000
vt 0.1667 1.0000
vt 0.2500 0.0000
vt 0.3333 0.0000
vt 0.3333 1.0000
vt 0.2500 1.0000
vt 0.3333 0.0000
vt 0.4167 0.0000
vt 0.4167 1.0000
vt 0.3333 1.0000
vt 0.4167 0.0000
vt 0.5000 0.0000
vt 0.5000 1.0000
vt 0.4167 1.0000
vt 0.5000 0.0000
vt 0.5833 0.0000
vt 0.5833 1.0000
vt 0.5000 1.0000
vt 0.5833 0.0000
vt 0.6667 0.0000
vt 0.6667 1.0000
vt 0.5833 1.0000
vt 0.6667 0.0000
vt 0.7500 0.0000
vt 0.7500 1.0000
vt 0.6667 1.0000
vt 0.7500 0.0000
vt 0.8333 0.0000
vt 0.8333 1.0000
vt 0.7500 1.0000
vt 0.8333 0.0000
vt 0.9167 0.0000
vt 0.9167 1.0000
vt 0.8333 1.0000
vt 0.9167 0.0000
vt 0.9167 1.0000
vt 1.0000 1.0000
vt 1.0000 0.0000
vt 0.0000 0.0000
vt 0.0833 0.0000
vt 0.0833 1.0000
vt 0.0000 1.0000
vt 0.0833 0.0000
vt 0.1667 0.0000
vt 0.1667 1.0000
vt 0.0833 1.0000
vt 0.1667 0.0000
vt 0.2500 0.0000
vt 0.2500 1.0000
vt 0.1667 1.0000
vt 0.2500 0.0000
vt 0.3333 0.0000
vt 0.3333 1.0000
vt 0.2500 1.0000
vt 0.3333 0.0000
vt 0.4167 0.0000
vt 0.4167 1.0000
vt 0.3333 1.0000
vt 0.4167 0.0000
vt 0.5000 0.0000
vt 0.5000 1.0000
vt 0.4167 1.0000
vt 0.5000 0.0000
vt 0.5833 0.0000
vt 0.5833 1.0000
vt 0.5000 1.0000
vt 0.5833 0.0000
vt 0.6667 0.0000
vt 0.6667 1.0000
vt 0.5833 1.0000
vt 0.6667 0.0000
vt 0.7500 0.0000
vt 0.7500 1.0000
vt 0.6667 1.0000
vt 0.7500 0.0000
vt 0.8333 0.0000
vt 0.8333 1.0000
vt 0.7500 1.0000
vt 0.8333 0.0000
vt 0.9167 0.0000
vt 0.9167 1.0000
vt 0.8333 1.0000
vt 0.9167 0.0000
vt 0.9167 1.0000
vt 1.0000 1.0000
vt 1.0000 0.0000
vt 0.5000 0.5000
vt 1.0000 0.5000
vt 0.9330 0.7500
vt 0.5000 0.5000
vt 0.9330 0.7500
vt 1.0000 0.5000
vt 0.5000 0.5000
vt 0.9330 0.7500
vt 0.7500 0.9330
vt 0.5000 0.5000
vt 0.7500 0.9330
vt 0.9330 0.7500
vt 0.5000 0.5000
vt 0.7500 0.9330
vt 0.5000 1.0000
vt 0.5000 0.5000
vt 0.5000 1.0000
vt 0.7500 0.9330
vt 0.5000 0.5000
vt 0.5000 1.0000
vt 0.2500 0.9330
vt 0.5000 0.5000
vt 0.2500 0.9330
vt 0.5000 1.0000
vt 0.5000 0.5000
vt 0.2500 0.9330
vt 0.0670 0.7500
vt 0.5000 0.5000
vt 0.0670 0.7500
vt 0.2500 0.9330
vt 0.5000 0.5000
vt 0.0670 0.7500
vt 0.0000 0.5000
vt 0.5000 0.5000
vt 0.0000 0.5000
vt 0.0670 0.7500
vt 0.5000 0.5000
vt 0.0000 0.5000
vt 0.0670 0.2500
vt 0.5000 0.5000
vt 0.0670 0.2500
vt 0.0000 0.5000
vt 0.5000 0.5000
vt 0.0670 0.2500
vt 0.2500 0.0670
vt 0.5000 0.5000
vt 0.2500 0.0670
vt 0.0670 0.2500
vt 0.5000 0.5000
vt 0.2500 0.0670
vt 0.5000 0.0000
vt 0.5000 0.5000
vt 0.5000 0.0000
vt 0.2500 0.0670
vt 0.5000 0.5000
vt 0.5000 0.0000
vt 0.7500 0.0670
vt 0.5000 0.5000
vt 0.7500 0.0670
vt 0.5000 0.0000
vt 0.5000 0.5000
vt 0.7500 0.0670
vt 0.9330 0.2500
vt 0.5000 0.5000
vt 0.9330 0.2500
vt 0.7500 0.0670
vt 0.5000 0.5000
vt 0.9330 0.2500
vt 1.0000 0.5000
vt 0.5000 0.5000
vt 1.0000 0.5000
vt 0.9330 0.2500
vt 0.0000 0.0000
vt 0.7600 0.0000
vt 0.7600 0.1600
vt 0.0000 0.1600
vt 0.0000 0.0000
vt 0.7600 0.0000
vt 0.7600 0.1600
vt 0.0000 0.1600
vt 0.0000 0.0000
vt 0.0000 0.0800
vt 0.7600 0.0800
vt 0.7600 0.0000
vt 0.0000 0.0000
vt 0.0000 0.0800
vt 0.7600 0.0800
vt 0.7600 0.0000
vt 0.0000 0.0000
vt 0.0000 0.0800
vt 0.1600 0.0800
vt 0.1600 0.0000
vt 0.0000 0.0000
vt 0.0000 0.0800
vt 0.1600 0.0800
vt 0.1600 0.0000
vt 0.0000 0.0000
vt 0.0833 0.0000
vt 0.0833 1.0000
vt 0.0000 1.0000
vt 0.0833 0.0000
vt 0.1667 0.0000
vt 0.1667 1.0000
vt 0.0833 1.0000
vt 0.1667 0.0000
vt 0.2500 0.0000
vt 0.2500 1.0000
vt 0.1667 1.0000
vt 0.2500 0.0000
vt 0.3333 0.0000
vt 0.3333 1.0000
vt 0.2500 1.0000
vt 0.3333 0.0000
vt 0.4167 0.0000
vt 0.4167 1.0000
vt 0.3333 1.0000
vt 0.4167 0.0000
vt 0.5000 0.0000
vt 0.5000 1.0000
vt 0.4167 1.0000
vt 0.5000 0.0000
vt 0.5833 0.0000
vt 0.5833 1.0000
vt 0.5000 1.0000
vt 0.5833 0.0000
vt 0.6667 0.0000
vt 0.6667 1.0000
vt 0.5833 1.0000
vt 0.6667 0.0000
vt 0.7500 0.0000
vt 0.7500 1.0000
vt 0.6667 1.0000
vt 0.7500 0.0000
vt 0.8333 0.0000
vt 0.8333 1.0000
vt 0.7500 1.0000
vt 0.8333 0.0000
vt 0.9167 0.0000
vt 0.9167 1.0000
vt 0.8333 1.0000
vt 0.9167 0.0000
vt 0.9167 1.0000
vt 1.0000 1.0000
vt 1.0000 0.0000
vt 0.5000 0.5000
vt 1.0000 0.5000
vt 0.9330 0.7500
vt 0.5000 0.5000
vt 0.9330 0.7500
vt 1.0000 0.5000
vt 0.5000 0.5000
vt 0.9330 0.7500
vt 0.7500 0.9330
vt 0.5000 0.5000
vt 0.7500 0.9330
vt 0.9330 0.7500
vt 0.5000 0.5000
vt 0.7500 0.9330
vt 0.5000 1.0000
vt 0.5000 0.5000
vt 0.5000 1.0000
vt 0.7500 0.9330
vt 0.5000 0.5000
vt 0.5000 1.0000
vt 0.2500 0.9330
vt 0.5000 0.5000
vt 0.2500 0.9330
vt 0.5000 1.0000
vt 0.5000 0.5000
vt 0.2500 0.9330
vt 0.0670 0.7500
vt 0.5000 0.5000
vt 0.0670 0.7500
vt 0.2500 0.9330
vt 0.5000 0.5000
vt 0.0670 0.7500
vt 0.0000 0.5000
vt 0.5000 0.5000
vt 0.0000 0.5000
vt 0.0670 0.7500
vt 0.5000 0.5000
vt 0.0000 0.5000
vt 0.0670 0.2500
vt 0.5000 0.5000
vt 0.0670 0.2500
vt 0.0000 0.5000
vt 0.5000 0.5000
vt 0.0670 0.2500
vt 0.2500 0.0670
vt 0.5000 0.5000
vt 0.2500 0.0670
vt 0.0670 0.2500
vt 0.5000 0.5000
vt 0.2500 0.0670
vt 0.5000 0.0000
vt 0.5000 0.5000
vt 0.5000 0.0000
vt 0.2500 0.0670
vt 0.5000 0.5000
vt 0.5000 0.0000
vt 0.7500 0.0670
vt 0.5000 0.5000
vt 0.7500 0.0670
vt 0.5000 0.0000
vt 0.5000 0.5000
vt 0.7500 0.0670
vt 0.9330 0.2500
vt 0.5000 0.5000
vt 0.9330 0.2500
vt 0.7500 0.0670
vt 0.5000 0.5000
vt 0.9330 0.2500
vt 1.0000 0.5000
vt 0.5000 0.5000
vt 1.0000 0.5000
vt 0.9330 0.2500
vt 0.0000 0.0000
vt 0.0833 0.0000
vt 0.0833 1.0000
vt 0.0000 1.0000
vt 0.0833 0.0000
vt 0.1667 0.0000
vt 0.1667 1.0000
vt 0.0833 1.0000
vt 0.1667 0.0000
vt 0.2500 0.0000
vt 0.2500 1.0000
vt 0.1667 1.0000
vt 0.2500 0.0000
vt 0.3333 0.0000
vt 0.3333 1.0000
vt 0.2500 1.0000
vt 0.3333 0.0000
vt 0.4167 0.0000
vt 0.4167 1.0000
vt 0.3333 1.0000
vt 0.4167 0.0000
vt 0.5000 0.0000
vt 0.5000 1.0000
vt 0.4167 1.0000
vt 0.5000 0.0000
vt 0.5833 0.0000
vt 0.5833 1.0000
vt 0.5000 1.0000
vt 0.5833 0.0000
vt 0.6667 0.0000
vt 0.6667 1.0000
vt 0.5833 1.0000
vt 0.6667 0.0000
vt 0.7500 0.0000
vt 0.7500 1.0000
vt 0.6667 1.0000
vt 0.7500 0.0000
vt 0.8333 0.0000
vt 0.8333 1.0000
vt 0.7500 1.0000
vt 0.8333 0.0000
vt 0.9167 0.0000
vt 0.9167 1.0000
vt 0.8333 1.0000
vt 0.9167 0.0000
vt 0.9167 1.0000
vt 1.0000 1.0000
vt 1.0000 0.0000
vt 0.0000 0.0000
vt 0.0833 0.0000
vt 0.0833 1.0000
vt 0.0000 1.0000
vt 0.0833 0.0000
vt 0.1667 0.0000
vt 0.1667 1.0000
vt 0.0833 1.0000
vt 0.1667 0.0000
vt 0.2500 0.0000
vt 0.2500 1.0000
vt 0.1667 1.0000
vt 0.2500 0.0000
vt 0.3333 0.0000
vt 0.3333 1.0000
vt 0.2500 1.0000
vt 0.3333 0.0000
vt 0.4167 0.0000
vt 0.4167 1.0000
vt 0.3333 1.0000
vt 0.4167 0.0000
vt 0.5000 0.0000
vt 0.5000 1.0000
vt 0.4167 1.0000
vt 0.5000 0.0000
vt 0.5833 0.0000
vt 0.5833 1.0000
vt 0.5000 1.0000
vt 0.5833 0.0000
vt 0.6667 0.0000
vt 0.6667 1.0000
vt 0.5833 1.0000
vt 0.6667 0.0000
vt 0.7500 0.0000
vt 0.7500 1.0000
vt 0.6667 1.0000
vt 0.7500 0.0000
vt 0.8333 0.0000
vt 0.8333 1.0000
vt 0.7500 1.0000
vt 0.8333 0.0000
vt 0.9167 0.0000
vt 0.9167 1.0000
vt 0.8333 1.0000
vt 0.9167 0.0000
vt 0.9167 1.0000
vt 1.0000 1.0000
vt 1.0000 0.0000
vt 0.5000 0.5000
vt 1.0000 0.5000
vt 0.9330 0.7500
vt 0.5000 0.5000
vt 0.9330 0.7500
vt 1.0000 0.5000
vt 0.5000 0.5000
vt 0.9330 0.7500
vt 0.7500 0.9330
vt 0.5000 0.5000
vt 0.7500 0.9330
vt 0.9330 0.7500
vt 0.5000 0.5000
vt 0.7500 0.9330
vt 0.5000 1.0000
vt 0.5000 0.5000
vt 0.5000 1.0000
vt 0.7500 0.9330
vt 0.5000 0.5000
vt 0.5000 1.0000
vt 0.2500 0.9330
vt 0.5000 0.5000
vt 0.2500 0.9330
vt 0.5000 1.0000
vt 0.5000 0.5000
vt 0.2500 0.9330
vt 0.0670 0.7500
vt 0.5000 0.5000
vt 0.0670 0.7500
vt 0.2500 0.9330
vt 0.5000 0.5000
vt 0.0670 0.7500
vt 0.0000 0.5000
vt 0.5000 0.5000
vt 0.0000 0.5000
vt 0.0670 0.7500
vt 0.5000 0.5000
vt 0.0000 0.5000
vt 0.0670 0.2500
vt 0.5000 0.5000
vt 0.0670 0.2500
vt 0.0000 0.5000
vt 0.5000 0.5000
vt 0.0670 0.2500
vt 0.2500 0.0670
vt 0.5000 0.5000
vt 0.2500 0.0670
vt 0.0670 0.2500
vt 0.5000 0.5000
vt 0.2500 0.0670
vt 0.5000 0.0000
vt 0.5000 0.5000
vt 0.5000 0.0000
vt 0.2500 0.0670
vt 0.5000 0.5000
vt 0.5000 0.0000
vt 0.7500 0.0670
vt 0.5000 0.5000
vt 0.7500 0.0670
vt 0.5000 0.0000
vt 0.5000 0.5000
vt 0.7500 0.0670
vt 0.9330 0.2500
vt 0.5000 0.5000
vt 0.9330 0.2500
vt 0.7500 0.0670
vt 0.5000 0.5000
vt 0.9330 0.2500
vt 1.0000 0.5000
vt 0.5000 0.5000
vt 1.0000 0.5000
vt 0.9330 0.2500
vt 0.0000 0.0000
vt 0.7600 0.0000
vt 0.7600 0.1600
vt 0.0000 0.1600
vt 0.0000 0.0000
vt 0.7600 0.0000
vt 0.7600 0.1600
vt 0.0000 0.1600
vt 0.0000 0.0000
vt 0.0000 0.0800
vt 0.7600 0.0800
vt 0.7600 0.0000
vt 0.0000 0.0000
vt 0.0000 0.0800
vt 0.7600 0.0800
vt 0.7600 0.0000
vt 0.0000 0.0000
vt 0.0000 0.0800
vt 0.1600 0.0800
vt 0.1600 0.0000
vt 0.0000 0.0000
vt 0.0000 0.0800
vt 0.1600 0.0800
vt 0.1600 0.0000
vt 0.0000 0.0000
vt 0.0400 0.0000
vt 0.0400 0.0700
vt 0.0000 0.0700
vt 0.0000 0.0000
vt 0.0400 0.0000
vt 0.0400 0.0700
vt 0.0000 0.0700
vt 0.0000 0.0000
vt 0.0000 3.4000
vt 0.0400 3.4000
vt 0.0400 0.0000
vt 0.0000 0.0000
vt 0.0000 3.4000
vt 0.0400 3.4000
vt 0.0400 0.0000
vt 0.0000 0.0000
vt 0.0000 3.4000
vt 0.0700 3.4000
vt 0.0700 0.0000
vt 0.0000 0.0000
vt 0.0000 3.4000
vt 0.0700 3.4000
vt 0.0700 0.0000
vt 0.0000 0.0000
vt 0.0400 0.0000
vt 0.0400 0.0700
vt 0.0000 0.0700
vt 0.0000 0.0000
vt 0.0400 0.0000
vt 0.0400 0.0700
vt 0.0000 0.0700
vt 0.0000 0.0000
vt 0.0000 3.4000
vt 0.0400 3.4000
vt 0.0400 0.0000
vt 0.0000 0.0000
vt 0.0000 3.4000
vt 0.0400 3.4000
vt 0.0400 0.0000
vt 0.0000 0.0000
vt 0.0000 3.4000
vt 0.0700 3.4000
vt 0.0700 0.0000
vt 0.0000 0.0000
vt 0.0000 3.4000
vt 0.0700 3.4000
vt 0.0700 0.0000
vt 0.0000 0.0000
vt 0.5500 0.0000
vt 0.5500 0.0400
vt 0.0000 0.0400
vt 0.0000 0.0000
vt 0.5500 0.0000
vt 0.5500 0.0400
vt 0.0000 0.0400
vt 0.0000 0.0000
vt 0.0000 0.0360
vt 0.5500 0.0360
vt 0.5500 0.0000
vt 0.0000 0.0000
vt 0.0000 0.0360
vt 0.5500 0.0360
vt 0.5500 0.0000
vt 0.0000 0.0000
vt 0.0000 0.0360
vt 0.0400 0.0360
vt 0.0400 0.0000
vt 0.0000 0.0000
vt 0.0000 0.0360
vt 0.0400 0.0360
vt 0.0400 0.0000
vt 0.0000 0.0000
vt 0.5500 0.0000
vt 0.5500 0.0400
vt 0.0000 0.0400
vt 0.0000 0.0000
vt 0.5500 0.0000
vt 0.5500 0.0400
vt 0.0000 0.0400
vt 0.0000 0.0000
vt 0.0000 0.0360
vt 0.5500 0.0360
vt 0.5500 0.0000
vt 0.0000 0.0000
vt 0.0000 0.0360
vt 0.5500 0.0360
vt 0.5500 0.0000
vt 0.0000 0.0000
vt 0.0000 0.0360
vt 0.0400 0.0360
vt 0.0400 0.0000
vt 0.0000 0.0000
vt 0.0000 0.0360
vt 0.0400 0.0360
vt 0.0400 0.0000
vt 0.0000 0.0000
vt 0.5500 0.0000
vt 0.5500 0.0400
vt 0.0000 0.0400
vt 0.0000 0.0000
vt 0.5500 0.0000
vt 0.5500 0.0400
vt 0.0000 0.0400
vt 0.0000 0.0000
vt 0.0000 0.0360
vt 0.5500 0.0360
vt 0.5500 0.0000
vt 0.0000 0.0000
vt 0.0000 0.0360
vt 0.5500 0.0360
vt 0.5500 0.0000
vt 0.0000 0.0000
vt 0.0000 0.0360
vt 0.0400 0.0360
vt 0.0400 0.0000
vt 0.0000 0.0000
vt 0.0000 0.0360
vt 0.0400 0.0360
vt 0.0400 0.0000
vt 0.0000 0.0000
vt 0.5500 0.0000
vt 0.5500 0.0400
vt 0.0000 0.0400
vt 0.0000 0.0000
vt 0.5500 0.0000
vt 0.5500 0.0400
vt 0.0000 0.0400
vt 0.0000 0.0000
vt 0.0000 0.0360
vt 0.5500 0.0360
vt 0.5500 0.0000
vt 0.0000 0.0000
vt 0.0000 0.0360
vt 0.5500 0.0360
vt 0.5500 0.0000
vt 0.0000 0.0000
vt 0.0000 0.0360
vt 0.0400 0.0360
vt 0.0400 0.0000
vt 0.0000 0.0000
vt 0.0000 0.0360
vt 0.0400 0.0360
vt 0.0400 0.0000
vt 0.0000 0.0000
vt 0.5500 0.0000
vt 0.5500 0.0400
vt 0.0000 0.0400
vt 0.0000 0.0000
vt 0.5500 0.0000
vt 0.5500 0.0400
vt 0.0000 0.0400
vt 0.0000 0.0000
vt 0.0000 0.0360
vt 0.5500 0.0360
vt 0.5500 0.0000
vt 0.0000 0.0000
vt 0.0000 0.0360
vt 0.5500 0.0360
vt 0.5500 0.0000
vt 0.0000 0.0000
vt 0.0000 0.0360
vt 0.0400 0.0360
vt 0.0400 0.0000
vt 0.0000 0.0000
vt 0.0000 0.0360
vt 0.0400 0.0360
vt 0.0400 0.0000
vt 0.0000 0.0000
vt 0.5500 0.0000
vt 0.5500 0.0400
vt 0.0000 0.0400
vt 0.0000 0.0000
vt 0.5500 0.0000
vt 0.5500 0.0400
vt 0.0000 0.0400
vt 0.0000 0.0000
vt 0.0000 0.0360
vt 0.5500 0.0360
vt 0.5500 0.0000
vt 0.0000 0.0000
vt 0.0000 0.0360
vt 0.5500 0.0360
vt 0.5500 0.0000
vt 0.0000 0.0000
vt 0.0000 0.0360
vt 0.0400 0.0360
vt 0.0400 0.0000
vt 0.0000 0.0000
vt 0.0000 0.0360
vt 0.0400 0.0360
vt 0.0400 0.0000
vt 0.0000 0.0000
vt 0.5500 0.0000
vt 0.5500 0.0400
vt 0.0000 0.0400
vt 0.0000 0.0000
vt 0.5500 0.0000
vt 0.5500 0.0400
vt 0.0000 0.0400
vt 0.0000 0.0000
vt 0.0000 0.0360
vt 0.5500 0.0360
vt 0.5500 0.0000
vt 0.0000 0.0000
vt 0.0000 0.0360
vt 0.5500 0.0360
vt 0.5500 0.0000
vt 0.0000 0.0000
vt 0.0000 0.0360
vt 0.0400 0.0360
vt 0.0400 0.0000
vt 0.0000 0.0000
vt 0.0000 0.0360
vt 0.0400 0.0360
vt 0.0400 0.0000
vt 0.0000 0.0000
vt 0.5500 0.0000
vt 0.5500 0.0400
vt 0.0000 0.0400
vt 0.0000 0.0000
vt 0.5500 0.0000
vt 0.5500 0.0400
vt 0.0000 0.0400
vt 0.0000 0.0000
vt 0.0000 0.0360
vt 0.5500 0.0360
vt 0.5500 0.0000
vt 0.0000 0.0000
vt 0.0000 0.0360
vt 0.5500 0.0360
vt 0.5500 0.0000
vt 0.0000 0.0000
vt 0.0000 0.0360
vt 0.0400 0.0360
vt 0.0400 0.0000
vt 0.0000 0.0000
vt 0.0000 0.0360
vt 0.0400 0.0360
vt 0.0400 0.0000
vt 0.0000 0.0000
vt 0.5500 0.0000
vt 0.5500 0.0400
vt 0.0000 0.0400
vt 0.0000 0.0000
vt 0.5500 0.0000
vt 0.5500 0.0400
vt 0.0000 0.0400
vt 0.0000 0.0000
vt 0.0000 0.0360
vt 0.5500 0.0360
vt 0.5500 0.0000
vt 0.0000 0.0000
vt 0.0000 0.0360
vt 0.5500 0.0360
vt 0.5500 0.0000
vt 0.0000 0.0000
vt 0.0000 0.0360
vt 0.0400 0.0360
vt 0.0400 0.0000
vt 0.0000 0.0000
vt 0.0000 0.0360
vt 0.0400 0.0360
vt 0.0400 0.0000
vt 0.0000 0.0000
vt 0.5500 0.0000
vt 0.5500 0.0400
vt 0.0000 0.0400
vt 0.0000 0.0000
vt 0.5500 0.0000
vt 0.5500 0.0400
vt 0.0000 0.0400
vt 0.0000 0.0000
vt 0.0000 0.0360
vt 0.5500 0.0360
vt 0.5500 0.0000
vt 0.0000 0.0000
vt 0.0000 0.0360
vt 0.5500 0.0360
vt 0.5500 0.0000
vt 0.0000 0.0000
vt 0.0000 0.0360
vt 0.0400 0.0360
vt 0.0400 0.0000
vt 0.0000 0.0000
vt 0.0000 0.0360
vt 0.0400 0.0360
vt 0.0400 0.0000
vt 0.0000 0.0000
vt 0.0400 0.0000
vt 0.0400 0.0700
vt 0.0000 0.0700
vt 0.0000 0.0000
vt 0.0400 0.0000
vt 0.0400 0.0700
vt 0.0000 0.0700
vt 0.0000 0.0000
vt 0.0000 3.4000
vt 0.0400 3.4000
vt 0.0400 0.0000
vt 0.0000 0.0000
vt 0.0000 3.4000
vt 0.0400 3.4000
vt 0.0400 0.0000
vt 0.0000 0.0000
vt 0.0000 3.4000
vt 0.0700 3.4000
vt 0.0700 0.0000
vt 0.0000 0.0000
vt 0.0000 3.4000
vt 0.0700 3.4000
vt 0.0700 0.0000
vt 0.0000 0.0000
vt 0.0400 0.0000
vt 0.0400 0.0700
vt 0.0000 0.0700
vt 0.0000 0.0000
vt 0.0400 0.0000
vt 0.0400 0.0700
vt 0.0000 0.0700
vt 0.0000 0.0000
vt 0.0000 3.4000
vt 0.0400 3.4000
vt 0.0400 0.0000
vt 0.0000 0.0000
vt 0.0000 3.4000
vt 0.0400 3.4000
vt 0.0400 0.0000
vt 0.0000 0.0000
vt 0.0000 3.4000
vt 0.0700 3.4000
vt 0.0700 0.0000
vt 0.0000 0.0000
vt 0.0000 3.4000
vt 0.0700 3.4000
vt 0.0700 0.0000
vt 0.0000 0.0000
vt 0.5500 0.0000
vt 0.5500 0.0400
vt 0.0000 0.0400
vt 0.0000 0.0000
vt 0.5500 0.0000
vt 0.5500 0.0400
vt 0.0000 0.0400
vt 0.0000 0.0000
vt 0.0000 0.0360
vt 0.5500 0.0360
vt 0.5500 0.0000
vt 0.0000 0.0000
vt 0.0000 0.0360
vt 0.5500 0.0360
vt 0.5500 0.0000
vt 0.0000 0.0000
vt 0.0000 0.0360
vt 0.0400 0.0360
vt 0.0400 0.0000
vt 0.0000 0.0000
vt 0.0000 0.0360
vt 0.0400 0.0360
vt 0.0400 0.0000
vt 0.0000 0.0000
vt 0.5500 0.0000
vt 0.5500 0.0400
vt 0.0000 0.0400
vt 0.0000 0.0000
vt 0.5500 0.0000
vt 0.5500 0.0400
vt 0.0000 0.0400
vt 0.0000 0.0000
vt 0.0000 0.0360
vt 0.5500 0.0360
vt 0.5500 0.0000
vt 0.0000 0.0000
vt 0.0000 0.0360
vt 0.5500 0.0360
vt 0.5500 0.0000
vt 0.0000 0.0000
vt 0.0000 0.0360
vt 0.0400 0.0360
vt 0.0400 0.0000
vt 0.0000 0.0000
vt 0.0000 0.0360
vt 0.0400 0.0360
vt 0.0400 0.0000
vt 0.0000 0.0000
vt 0.5500 0.0000
vt 0.5500 0.0400
vt 0.0000 0.0400
vt 0.0000 0.0000
vt 0.5500 0.0000
vt 0.5500 0.0400
vt 0.0000 0.0400
vt 0.0000 0.0000
vt 0.0000 0.0360
vt 0.5500 0.0360
vt 0.5500 0.0000
vt 0.0000 0.0000
vt 0.0000 0.0360
vt 0.5500 0.0360
vt 0.5500 0.0000
vt 0.0000 0.0000
vt 0.0000 0.0360
vt 0.0400 0.0360
vt 0.0400 0.0000
vt 0.0000 0.0000
vt 0.0000 0.0360
vt 0.0400 0.0360
vt 0.0400 0.0000
vt 0.0000 0.0000
vt 0.5500 0.0000
vt 0.5500 0.0400
vt 0.0000 0.0400
vt 0.0000 0.0000
vt 0.5500 0.0000
vt 0.5500 0.0400
vt 0.0000 0.0400
vt 0.0000 0.0000
vt 0.0000 0.0360
vt 0.5500 0.0360
vt 0.5500 0.0000
vt 0.0000 0.0000
vt 0.0000 0.0360
vt 0.5500 0.0360
vt 0.5500 0.0000
vt 0.0000 0.0000
vt 0.0000 0.0360
vt 0.0400 0.0360
vt 0.0400 0.0000
vt 0.0000 0.0000
vt 0.0000 0.0360
vt 0.0400 0.0360
vt 0.0400 0.0000
vt 0.0000 0.0000
vt 0.5500 0.0000
vt 0.5500 0.0400
vt 0.0000 0.0400
vt 0.0000 0.0000
vt 0.5500 0.0000
vt 0.5500 0.0400
vt 0.0000 0.0400
vt 0.0000 0.0000
vt 0.0000 0.0360
vt 0.5500 0.0360
vt 0.5500 0.0000
vt 0.0000 0.0000
vt 0.0000 0.0360
vt 0.5500 0.0360
vt 0.5500 0.0000
vt 0.0000 0.0000
vt 0.0000 0.0360
vt 0.0400 0.0360
vt 0.0400 0.0000
vt 0.0000 0.0000
vt 0.0000 0.0360
vt 0.0400 0.0360
vt 0.0400 0.0000
vt 0.0000 0.0000
vt 0.5500 0.0000
vt 0.5500 0.0400
vt 0.0000 0.0400
vt 0.0000 0.0000
vt 0.5500 0.0000
vt 0.5500 0.0400
vt 0.0000 0.0400
vt 0.0000 0.0000
vt 0.0000 0.0360
vt 0.5500 0.0360
vt 0.5500 0.0000
vt 0.0000 0.0000
vt 0.0000 0.0360
vt 0.5500 0.0360
vt 0.5500 0.0000
vt 0.0000 0.0000
vt 0.0000 0.0360
vt 0.0400 0.0360
vt 0.0400 0.0000
vt 0.0000 0.0000
vt 0.0000 0.0360
vt 0.0400 0.0360
vt 0.0400 0.0000
vt 0.0000 0.0000
vt 0.5500 0.0000
vt 0.5500 0.0400
vt 0.0000 0.0400
vt 0.0000 0.0000
vt 0.5500 0.0000
vt 0.5500 0.0400
vt 0.0000 0.0400
vt 0.0000 0.0000
vt 0.0000 0.0360
vt 0.5500 0.0360
vt 0.5500 0.0000
vt 0.0000 0.0000
vt 0.0000 0.0360
vt 0.5500 0.0360
vt 0.5500 0.0000
vt 0.0000 0.0000
vt 0.0000 0.0360
vt 0.0400 0.0360
vt 0.0400 0.0000
vt 0.0000 0.0000
vt 0.0000 0.0360
vt 0.0400 0.0360
vt 0.0400 0.0000
vt 0.0000 0.0000
vt 0.5500 0.0000
vt 0.5500 0.0400
vt 0.0000 0.0400
vt 0.0000 0.0000
vt 0.5500 0.0000
vt 0.5500 0.0400
vt 0.0000 0.0400
vt 0.0000 0.0000
vt 0.0000 0.0360
vt 0.5500 0.0360
vt 0.5500 0.0000
vt 0.0000 0.0000
vt 0.0000 0.0360
vt 0.5500 0.0360
vt 0.5500 0.0000
vt 0.0000 0.0000
vt 0.0000 0.0360
vt 0.0400 0.0360
vt 0.0400 0.0000
vt 0.0000 0.0000
vt 0.0000 0.0360
vt 0.0400 0.0360
vt 0.0400 0.0000
vt 0.0000 0.0000
vt 0.5500 0.0000
vt 0.5500 0.0400
vt 0.0000 0.0400
vt 0.0000 0.0000
vt 0.5500 0.0000
vt 0.5500 0.0400
vt 0.0000 0.0400
vt 0.0000 0.0000
vt 0.0000 0.0360
vt 0.5500 0.0360
vt 0.5500 0.0000
vt 0.0000 0.0000
vt 0.0000 0.0360
vt 0.5500 0.0360
vt 0.5500 0.0000
vt 0.0000 0.0000
vt 0.0000 0.0360
vt 0.0400 0.0360
vt 0.0400 0.0000
vt 0.0000 0.0000
vt 0.0000 0.0360
vt 0.0400 0.0360
vt 0.0400 0.0000
vt 0.0000 0.0000
vt 0.5500 0.0000
vt 0.5500 0.0400
vt 0.0000 0.0400
vt 0.0000 0.0000
vt 0.5500 0.0000
vt 0.5500 0.0400
vt 0.0000 0.0400
vt 0.0000 0.0000
vt 0.0000 0.0360
vt 0.5500 0.0360
vt 0.5500 0.0000
vt 0.0000 0.0000
vt 0.0000 0.0360
vt 0.5500 0.0360
vt 0.5500 0.0000
vt 0.0000 0.0000
vt 0.0000 0.0360
vt 0.0400 0.0360
vt 0.0400 0.0000
vt 0.0000 0.0000
vt 0.0000 0.0360
vt 0.0400 0.0360
vt 0.0400 0.0000

vn 0.0000 0.0000 1.0000
vn 0.0000 0.0000 1.0000
vn 0.0000 -1.0000 0.0000
vn 0.0000 1.0000 0.0000
vn 0.0000 1.0000 0.0000
vn 0.0000 1.0000 0.0000
vn 0.0000 -1.0000 0.0000
vn -1.0000 0.0000 0.0000
vn 1.0000 0.0000 0.0000
vn 0.0000 0.0000 -1.0000
vn -0.9808 0.1951 0.0000
vn -0.8315 0.5556 0.0000
vn -0.5556 0.8315 0.0000
vn -0.1951 0.9808 0.0000
vn 0.1951 0.9808 0.0000
vn 0.5556 0.8315 0.0000
vn 0.8315 0.5556 0.0000
vn 0.9808 0.1951 0.0000
vn 0.0000 0.0000 1.0000
vn 0.0000 0.0000 -1.0000
vn 0.0000 0.0000 1.0000
vn 0.0000 0.0000 -1.0000
vn 0.0000 0.0000 1.0000
vn 0.0000 0.0000 -1.0000
vn 0.0000 0.0000 1.0000
vn 0.0000 0.0000 -1.0000
vn 0.0000 0.0000 1.0000
vn 0.0000 0.0000 -1.0000
vn 0.0000 0.0000 1.0000
vn 0.0000 0.0000 -1.0000
vn 0.0000 0.0000 1.0000
vn 0.0000 0.0000 -1.0000
vn 0.0000 0.0000 1.0000
vn 0.0000 0.0000 -1.0000
vn -0.9808 0.1951 0.0000
vn -0.8315 0.5556 0.0000
vn -0.5556 0.8315 0.0000
vn -0.1951 0.9808 0.0000
vn 0.1951 0.9808 0.0000
vn 0.5556 0.8315 0.0000
vn 0.8315 0.5556 0.0000
vn 0.9808 0.1951 0.0000
vn 0.0000 0.0000 1.0000
vn 0.0000 0.0000 -1.0000
vn 0.0000 0.0000 1.0000
vn 0.0000 0.0000 -1.0000
vn 0.0000 0.0000 1.0000
vn 0.0000 0.0000 -1.0000
vn 0.0000 0.0000 1.0000
vn 0.0000 0.0000 -1.0000
vn 0.0000 0.0000 1.0000
vn 0.0000 0.0000 -1.0000
vn 0.0000 0.0000 1.0000
vn 0.0000 0.0000 -1.0000
vn 0.0000 0.0000 1.0000
vn 0.0000 0.0000 -1.0000
vn 0.0000 0.0000 1.0000
vn 0.0000 0.0000 -1.0000
vn -0.9808 0.1951 0.0000
vn -0.8315 0.5556 0.0000
vn -0.5556 0.8315 0.0000
vn -0.1951 0.9808 0.0000
vn 0.1951 0.9808 0.0000
vn 0.5556 0.8315 0.0000
vn 0.8315 0.5556 0.0000
vn 0.9808 0.1951 0.0000
vn 0.0000 0.0000 1.0000
vn 0.0000 0.0000 -1.0000
vn 0.0000 0.0000 1.0000
vn 0.0000 0.0000 -1.0000
vn 0.0000 0.0000 1.0000
vn 0.0000 0.0000 -1.0000
vn 0.0000 0.0000 1.0000
vn 0.0000 0.0000 -1.0000
vn 0.0000 0.0000 1.0000
vn 0.0000 0.0000 -1.0000
vn 0.0000 0.0000 1.0000
vn 0.0000 0.0000 -1.0000
vn 0.0000 0.0000 1.0000
vn 0.0000 0.0000 -1.0000
vn 0.0000 0.0000 1.0000
vn 0.0000 0.0000 -1.0000
vn -0.9808 0.1951 0.0000
vn -0.8315 0.5556 0.0000
vn -0.5556 0.8315 0.0000
vn -0.1951 0.9808 0.0000
vn 0.1951 0.9808 0.0000
vn 0.5556 0.8315 0.0000
vn 0.8315 0.5556 0.0000
vn 0.9808 0.1951 0.0000
vn 0.0000 0.0000 1.0000
vn 0.0000 0.0000 -1.0000
vn 0.0000 0.0000 1.0000
vn 0.0000 0.0000 -1.0000
vn 0.0000 0.0000 1.0000
vn 0.0000 0.0000 -1.0000
vn 0.0000 0.0000 1.0000
vn 0.0000 0.0000 -1.0000
vn 0.0000 0.0000 1.0000
vn 0.0000 0.0000 -1.0000
vn 0.0000 0.0000 1.0000
vn 0.0000 0.0000 -1.0000
vn 0.0000 0.0000 1.0000
vn 0.0000 0.0000 -1.0000
vn 0.0000 0.0000 1.0000
vn 0.0000 0.0000 -1.0000
vn -0.9808 0.1951 0.0000
vn -0.8315 0.5556 0.0000
vn -0.5556 0.8315 0.0000
vn -0.1951 0.9808 0.0000
vn 0.1951 0.9808 0.0000
vn 0.5556 0.8315 0.0000
vn 0.8315 0.5556 0.0000
vn 0.9808 0.1951 0.0000
vn 0.0000 0.0000 1.0000
vn 0.0000 0.0000 -1.0000
vn 0.0000 0.0000 1.0000
vn 0.0000 0.0000 -1.0000
vn 0.0000 0.0000 1.0000
vn 0.0000 0.0000 -1.0000
vn 0.0000 0.0000 1.0000
vn 0.0000 0.0000 -1.0000
vn 0.0000 0.0000 1.0000
vn 0.0000 0.0000 -1.0000
vn 0.0000 0.0000 1.0000
vn 0.0000 0.0000 -1.0000
vn 0.0000 0.0000 1.0000
vn 0.0000 0.0000 -1.0000
vn 0.0000 0.0000 1.0000
vn 0.0000 0.0000 -1.0000
vn 0.9659 0.2588 0.0000
vn 0.7071 0.7071 0.0000
vn 0.2588 0.9659 0.0000
vn -0.2588 0.9659 0.0000
vn -0.7071 0.7071 0.0000
vn -0.9659 0.2588 0.0000
vn -0.9659 -0.2588 0.0000
vn -0.7071 -0.7071 0.0000
vn -0.2588 -0.9659 0.0000
vn 0.2588 -0.9659 0.0000
vn 0.7071 -0.7071 0.0000
vn -0.9659 0.2588 0.0000
vn 0.0000 0.0000 1.0000
vn 0.0000 0.0000 -1.0000
vn 0.0000 0.0000 1.0000
vn 0.0000 0.0000 -1.0000
vn 0.0000 0.0000 1.0000
vn 0.0000 0.0000 -1.0000
vn 0.0000 0.0000 1.0000
vn 0.0000 0.0000 -1.0000
vn 0.0000 0.0000 1.0000
vn 0.0000 0.0000 -1.0000
vn 0.0000 0.0000 1.0000
vn 0.0000 0.0000 -1.0000
vn 0.0000 0.0000 1.0000
vn 0.0000 0.0000 -1.0000
vn 0.0000 0.0000 1.0000
vn 0.0000 0.0000 -1.0000
vn 0.0000 0.0000 1.0000
vn 0.0000 0.0000 -1.0000
vn 0.0000 0.0000 1.0000
vn 0.0000 0.0000 -1.0000
vn 0.0000 0.0000 1.0000
vn 0.0000 0.0000 -1.0000
vn 0.0000 0.0000 1.0000
vn 0.0000 0.0000 -1.0000
vn 0.9659 0.2588 0.0000
vn 0.7071 0.7071 0.0000
vn 0.2588 0.9659 0.0000
vn -0.2588 0.9659 0.0000
vn -0.7071 0.7071 0.0000
vn -0.9659 0.2588 0.0000
vn -0.9659 -0.2588 0.0000
vn -0.7071 -0.7071 0.0000
vn -0.2588 -0.9659 0.0000
vn 0.2588 -0.9659 0.0000
vn 0.7071 -0.7071 0.0000
vn -0.9659 0.2588 0.0000
vn 0.9659 0.2588 0.0000
vn 0.7071 0.7071 0.0000
vn 0.2588 0.9659 0.0000
vn -0.2588 0.9659 0.0000
vn -0.7071 0.7071 0.0000
vn -0.9659 0.2588 0.0000
vn -0.9659 -0.2588 0.0000
vn -0.7071 -0.7071 0.0000
vn -0.2588 -0.9659 0.0000
vn 0.2588 -0.9659 0.0000
vn 0.7071 -0.7071 0.0000
vn -0.9659 0.2588 0.0000
vn 0.0000 0.0000 1.0000
vn 0.0000 0.0000 -1.0000
vn 0.0000 0.0000 1.0000
vn 0.0000 0.0000 -1.0000
vn 0.0000 0.0000 1.0000
vn 0.0000 0.0000 -1.0000
vn 0.0000 0.0000 1.0000
vn 0.0000 0.0000 -1.0000
vn 0.0000 0.0000 1.0000
vn 0.0000 0.0000 -1.0000
vn 0.0000 0.0000 1.0000
vn 0.0000 0.0000 -1.0000
vn 0.0000 0.0000 1.0000
vn 0.0000 0.0000 -1.0000
vn 0.0000 0.0000 1.0000
vn 0.0000 0.0000 -1.0000
vn 0.0000 0.0000 1.0000
vn 0.0000 0.0000 -1.0000
vn 0.0000 0.0000 1.0000
vn 0.0000 0.0000 -1.0000
vn 0.0000 0.0000 1.0000
vn 0.0000 0.0000 -1.0000
vn 0.0000 0.0000 1.0000
vn 0.0000 0.0000 -1.0000
vn 0.0000 0.0000 1.0000
vn 0.0000 0.0000 -1.0000
vn 0.0000 1.0000 0.0000
vn 0.0000 -1.0000 0.0000
vn -1.0000 0.0000 0.0000
vn 1.0000 0.0000 0.0000
vn 0.9659 0.2588 0.0000
vn 0.7071 0.7071 0.0000
vn 0.2588 0.9659 0.0000
vn -0.2588 0.9659 0.0000
vn -0.7071 0.7071 0.0000
vn -0.9659 0.2588 0.0000
vn -0.9659 -0.2588 0.0000
vn -0.7071 -0.7071 0.0000
vn -0.2588 -0.9659 0.0000
vn 0.2588 -0.9659 0.0000
vn 0.7071 -0.7071 0.0000
vn -0.9659 0.2588 0.0000
vn 0.0000 0.0000 1.0000
vn 0.0000 0.0000 -1.0000
vn 0.0000 0.0000 1.0000
vn 0.0000 0.0000 -1.0000
vn 0.0000 0.0000 1.0000
vn 0.0000 0.0000 -1.0000
vn 0.0000 0.0000 1.0000
vn 0.0000 0.0000 -1.0000
vn 0.0000 0.0000 1.0000
vn 0.0000 0.0000 -1.0000
vn 0.0000 0.0000 1.0000
vn 0.0000 0.0000 -1.0000
vn 0.0000 0.0000 1.0000
vn 0.0000 0.0000 -1.0000
vn 0.0000 0.0000 1.0000
vn 0.0000 0.0000 -1.0000
vn 0.0000 0.0000 1.0000
vn 0.0000 0.0000 -1.0000
vn 0.0000 0.0000 1.0000
vn 0.0000 0.0000 -1.0000
vn 0.0000 0.0000 1.0000
vn 0.0000 0.0000 -1.0000
vn 0.0000 0.0000 1.0000
vn 0.0000 0.0000 -1.0000
vn 0.9659 0.2588 0.0000
vn 0.7071 0.7071 0.0000
vn 0.2588 0.9659 0.0000
vn -0.2588 0.9659 0.0000
vn -0.7071 0.7071 0.0000
vn -0.9659 0.2588 0.0000
vn -0.9659 -0.2588 0.0000
vn -0.7071 -0.7071 0.0000
vn -0.2588 -0.9659 0.0000
vn 0.2588 -0.9659 0.0000
vn 0.7071 -0.7071 0.0000
vn -0.9659 0.2588 0.0000
vn 0.9659 0.2588 0.0000
vn 0.7071 0.7071 0.0000
vn 0.2588 0.9659 0.0000
vn -0.2588 0.9659 0.0000
vn -0.7071 0.7071 0.0000
vn -0.9659 0.2588 0.0000
vn -0.9659 -0.2588 0.0000
vn -0.7071 -0.7071 0.0000
vn -0.2588 -0.9659 0.0000
vn 0.2588 -0.9659 0.0000
vn 0.7071 -0.7071 0.0000
vn -0.9659 0.2588 0.0000
vn 0.0000 0.0000 1.0000
vn 0.0000 0.0000 -1.0000
vn 0.0000 0.0000 1.0000
vn 0.0000 0.0000 -1.0000
vn 0.0000 0.0000 1.0000
vn 0.0000 0.0000 -1.0000
vn 0.0000 0.0000 1.0000
vn 0.0000 0.0000 -1.0000
vn 0.0000 0.0000 1.0000
vn 0.0000 0.0000 -1.0000
vn 0.0000 0.0000 1.0000
vn 0.0000 0.0000 -1.0000
vn 0.0000 0.0000 1.0000
vn 0.0000 0.0000 -1.0000
vn 0.0000 0.0000 1.0000
vn 0.0000 0.0000 -1.0000
vn 0.0000 0.0000 1.0000
vn 0.0000 0.0000 -1.0000
vn 0.0000 0.0000 1.0000
vn 0.0000 0.0000 -1.0000
vn 0.0000 0.0000 1.0000
vn 0.0000 0.0000 -1.0000
vn 0.0000 0.0000 1.0000
vn 0.0000 0.0000 -1.0000
vn 0.0000 0.0000 1.0000
vn 0.0000 0.0000 -1.0000
vn 0.0000 1.0000 0.0000
vn 0.0000 -1.0000 0.0000
vn -1.0000 0.0000 0.0000
vn 1.0000 0.0000 0.0000
vn 0.9659 0.2588 0.0000
vn 0.7071 0.7071 0.0000
vn 0.2588 0.9659 0.0000
vn -0.2588 0.9659 0.0000
vn -0.7071 0.7071 0.0000
vn -0.9659 0.2588 0.0000
vn -0.9659 -0.2588 0.0000
vn -0.7071 -0.7071 0.0000
vn -0.2588 -0.9659 0.0000
vn 0.2588 -0.9659 0.0000
vn 0.7071 -0.7071 0.0000
vn -0.9659 0.2588 0.0000
vn 0.0000 0.0000 1.0000
vn 0.0000 0.0000 -1.0000
vn 0.0000 0.0000 1.0000
vn 0.0000 0.0000 -1.0000
vn 0.0000 0.0000 1.0000
vn 0.0000 0.0000 -1.0000
vn 0.0000 0.0000 1.0000
vn 0.0000 0.0000 -1.0000
vn 0.0000 0.0000 1.0000
vn 0.0000 0.0000 -1.0000
vn 0.0000 0.0000 1.0000
vn 0.0000 0.0000 -1.0000
vn 0.0000 0.0000 1.0000
vn 0.0000 0.0000 -1.0000
vn 0.0000 0.0000 1.0000
vn 0.0000 0.0000 -1.0000
vn 0.0000 0.0000 1.0000
vn 0.0000 0.0000 -1.0000
vn 0.0000 0.0000 1.0000
vn 0.0000 0.0000 -1.0000
vn 0.0000 0.0000 1.0000
vn 0.0000 0.0000 -1.0000
vn 0.0000 0.0000 1.0000
vn 0.0000 0.0000 -1.0000
vn 0.9659 0.2588 0.0000
vn 0.7071 0.7071 0.0000
vn 0.2588 0.9659 0.0000
vn -0.2588 0.9659 0.0000
vn -0.7071 0.7071 0.0000
vn -0.9659 0.2588 0.0000
vn -0.9659 -0.2588 0.0000
vn -0.7071 -0.7071 0.0000
vn -0.2588 -0.9659 0.0000
vn 0.2588 -0.9659 0.0000
vn 0.7071 -0.7071 0.0000
vn -0.9659 0.2588 0.0000
vn 0.9659 0.2588 0.0000
vn 0.7071 0.7071 0.0000
vn 0.2588 0.9659 0.0000
vn -0.2588 0.9659 0.0000
vn -0.7071 0.7071 0.0000
vn -0.9659 0.2588 0.0000
vn -0.9659 -0.2588 0.0000
vn -0.7071 -0.7071 0.0000
vn -0.2588 -0.9659 0.0000
vn 0.2588 -0.9659 0.0000
vn 0.7071 -0.7071 0.0000
vn -0.9659 0.2588 0.0000
vn 0.0000 0.0000 1.0000
vn 0.0000 0.0000 -1.0000
vn 0.0000 0.0000 1.0000
vn 0.0000 0.0000 -1.0000
vn 0.0000 0.0000 1.0000
vn 0.0000 0.0000 -1.0000
vn 0.0000 0.0000 1.0000
vn 0.0000 0.0000 -1.0000
vn 0.0000 0.0000 1.0000
vn 0.0000 0.0000 -1.0000
vn 0.0000 0.0000 1.0000
vn 0.0000 0.0000 -1.0000
vn 0.0000 0.0000 1.0000
vn 0.0000 0.0000 -1.0000
vn 0.0000 0.0000 1.0000
vn 0.0000 0.0000 -1.0000
vn 0.0000 0.0000 1.0000
vn 0.0000 0.0000 -1.0000
vn 0.0000 0.0000 1.0000
vn 0.0000 0.0000 -1.0000
vn 0.0000 0.0000 1.0000
vn 0.0000 0.0000 -1.0000
vn 0.0000 0.0000 1.0000
vn 0.0000 0.0000 -1.0000
vn 0.0000 0.0000 1.0000
vn 0.0000 0.0000 -1.0000
vn 0.0000 1.0000 0.0000
vn 0.0000 -1.0000 0.0000
vn -1.0000 0.0000 0.0000
vn 1.0000 0.0000 0.0000
vn 0.9659 0.2588 0.0000
vn 0.7071 0.7071 0.0000
vn 0.2588 0.9659 0.0000
vn -0.2588 0.9659 0.0000
vn -0.7071 0.7071 0.0000
vn -0.9659 0.2588 0.0000
vn -0.9659 -0.2588 0.0000
vn -0.7071 -0.7071 0.0000
vn -0.2588 -0.9659 0.0000
vn 0.2588 -0.9659 0.0000
vn 0.7071 -0.7071 0.0000
vn -0.9659 0.2588 0.0000
vn 0.0000 0.0000 1.0000
vn 0.0000 0.0000 -1.0000
vn 0.0000 0.0000 1.0000
vn 0.0000 0.0000 -1.0000
vn 0.0000 0.0000 1.0000
vn 0.0000 0.0000 -1.0000
vn 0.0000 0.0000 1.0000
vn 0.0000 0.0000 -1.0000
vn 0.0000 0.0000 1.0000
vn 0.0000 0.0000 -1.0000
vn 0.0000 0.0000 1.0000
vn 0.0000 0.0000 -1.0000
vn 0.0000 0.0000 1.0000
vn 0.0000 0.0000 -1.0000
vn 0.0000 0.0000 1.0000
vn 0.0000 0.0000 -1.0000
vn 0.0000 0.0000 1.0000
vn 0.0000 0.0000 -1.0000
vn 0.0000 0.0000 1.0000
vn 0.0000 0.0000 -1.0000
vn 0.0000 0.0000 1.0000
vn 0.0000 0.0000 -1.0000
vn 0.0000 0.0000 1.0000
vn 0.0000 0.0000 -1.0000
vn 0.9659 0.2588 0.0000
vn 0.7071 0.7071 0.0000
vn 0.2588 0.9659 0.0000
vn -0.2588 0.9659 0.0000
vn -0.7071 0.7071 0.0000
vn -0.9659 0.2588 0.0000
vn -0.9659 -0.2588 0.0000
vn -0.7071 -0.7071 0.0000
vn -0.2588 -0.9659 0.0000
vn 0.2588 -0.9659 0.0000
vn 0.7071 -0.7071 0.0000
vn -0.9659 0.2588 0.0000
vn 0.9659 0.2588 0.0000
vn 0.7071 0.7071 0.0000
vn 0.2588 0.9659 0.0000
vn -0.2588 0.9659 0.0000
vn -0.7071 0.7071 0.0000
vn -0.9659 0.2588 0.0000
vn -0.9659 -0.2588 0.0000
vn -0.7071 -0.7071 0.0000
vn -0.2588 -0.9659 0.0000
vn 0.2588 -0.9659 0.0000
vn 0.7071 -0.7071 0.0000
vn -0.9659 0.2588 0.0000
vn 0.0000 0.0000 1.0000
vn 0.0000 0.0000 -1.0000
vn 0.0000 0.0000 1.0000
vn 0.0000 0.0000 -1.0000
vn 0.0000 0.0000 1.0000
vn 0.0000 0.0000 -1.0000
vn 0.0000 0.0000 1.0000
vn 0.0000 0.0000 -1.0000
vn 0.0000 0.0000 1.0000
vn 0.0000 0.0000 -1.0000
vn 0.0000 0.0000 1.0000
vn 0.0000 0.0000 -1.0000
vn 0.0000 0.0000 1.0000
vn 0.0000 0.0000 -1.0000
vn 0.0000 0.0000 1.0000
vn 0.0000 0.0000 -1.0000
vn 0.0000 0.0000 1.0000
vn 0.0000 0.0000 -1.0000
vn 0.0000 0.0000 1.0000
vn 0.0000 0.0000 -1.0000
vn 0.0000 0.0000 1.0000
vn 0.0000 0.0000 -1.0000
vn 0.0000 0.0000 1.0000
vn 0.0000 0.0000 -1.0000
vn 0.0000 0.0000 1.0000
vn 0.0000 0.0000 -1.0000
vn 0.0000 1.0000 0.0000
vn 0.0000 -1.0000 0.0000
vn -1.0000 0.0000 0.0000
vn 1.0000 0.0000 0.0000
vn 0.9659 0.2588 0.0000
vn 0.7071 0.7071 0.0000
vn 0.2588 0.9659 0.0000
vn -0.2588 0.9659 0.0000
vn -0.7071 0.7071 0.0000
vn -0.9659 0.2588 0.0000
vn -0.9659 -0.2588 0.0000
vn -0.7071 -0.7071 0.0000
vn -0.2588 -0.9659 0.0000
vn 0.2588 -0.9659 0.0000
vn 0.7071 -0.7071 0.0000
vn -0.9659 0.2588 0.0000
vn 0.0000 0.0000 1.0000
vn 0.0000 0.0000 -1.0000
vn 0.0000 0.0000 1.0000
vn 0.0000 0.0000 -1.0000
vn 0.0000 0.0000 1.0000
vn 0.0000 0.0000 -1.0000
vn 0.0000 0.0000 1.0000
vn 0.0000 0.0000 -1.0000
vn 0.0000 0.0000 1.0000
vn 0.0000 0.0000 -1.0000
vn 0.0000 0.0000 1.0000
vn 0.0000 0.0000 -1.0000
vn 0.0000 0.0000 1.0000
vn 0.0000 0.0000 -1.0000
vn 0.0000 0.0000 1.0000
vn 0.0000 0.0000 -1.0000
vn 0.0000 0.0000 1.0000
vn 0.0000 0.0000 -1.0000
vn 0.0000 0.0000 1.0000
vn 0.0000 0.0000 -1.0000
vn 0.0000 0.0000 1.0000
vn 0.0000 0.0000 -1.0000
vn 0.0000 0.0000 1.0000
vn 0.0000 0.0000 -1.0000
vn 0.9659 0.2588 0.0000
vn 0.7071 0.7071 0.0000
vn 0.2588 0.9659 0.0000
vn -0.2588 0.9659 0.0000
vn -0.7071 0.7071 0.0000
vn -0.9659 0.2588 0.0000
vn -0.9659 -0.2588 0.0000
vn -0.7071 -0.7071 0.0000
vn -0.2588 -0.9659 0.0000
vn 0.2588 -0.9659 0.0000
vn 0.7071 -0.7071 0.0000
vn -0.9659 0.2588 0.0000
vn 0.9659 0.2588 0.0000
vn 0.7071 0.7071 0.0000
vn 0.2588 0.9659 0.0000
vn -0.2588 0.9659 0.0000
vn -0.7071 0.7071 0.0000
vn -0.9659 0.2588 0.0000
vn -0.9659 -0.2588 0.0000
vn -0.7071 -0.7071 0.0000
vn -0.2588 -0.9659 0.0000
vn 0.2588 -0.9659 0.0000
vn 0.7071 -0.7071 0.0000
vn -0.9659 0.2588 0.0000
vn 0.0000 0.0000 1.0000
vn 0.0000 0.0000 -1.0000
vn 0.0000 0.0000 1.0000
vn 0.0000 0.0000 -1.0000
vn 0.0000 0.0000 1.0000
vn 0.0000 0.0000 -1.0000
vn 0.0000 0.0000 1.0000
vn 0.0000 0.0000 -1.0000
vn 0.0000 0.0000 1.0000
vn 0.0000 0.0000 -1.0000
vn 0.0000 0.0000 1.0000
vn 0.0000 0.0000 -1.0000
vn 0.0000 0.0000 1.0000
vn 0.0000 0.0000 -1.0000
vn 0.0000 0.0000 1.0000
vn 0.0000 0.0000 -1.0000
vn 0.0000 0.0000 1.0000
vn 0.0000 0.0000 -1.0000
vn 0.0000 0.0000 1.0000
vn 0.0000 0.0000 -1.0000
vn 0.0000 0.0000 1.0000
vn 0.0000 0.0000 -1.0000
vn 0.0000 0.0000 1.0000
vn 0.0000 0.0000 -1.0000
vn 0.0000 0.0000 1.0000
vn 0.0000 0.0000 -1.0000
vn 0.0000 1.0000 0.0000
vn 0.0000 -1.0000 0.0000
vn -1.0000 0.0000 0.0000
vn 1.0000 0.0000 0.0000
vn 0.0000 0.0000 1.0000
vn 0.0000 0.0000 -1.0000
vn 0.0000 1.0000 0.0000
vn 0.0000 -1.0000 0.0000
vn -1.0000 0.0000 0.0000
vn 1.0000 0.0000 0.0000
vn 0.0000 0.0000 1.0000
vn 0.0000 0.0000 -1.0000
vn 0.0000 1.0000 0.0000
vn 0.0000 -1.0000 0.0000
vn -1.0000 0.0000 0.0000
vn 1.0000 0.0000 0.0000
vn 0.0000 0.0000 1.0000
vn 0.0000 0.0000 -1.0000
vn 0.0000 1.0000 0.0000
vn 0.0000 -1.0000 0.0000
vn -1.0000 0.0000 0.0000
vn 1.0000 0.0000 0.0000
vn 0.0000 0.0000 1.0000
vn 0.0000 0.0000 -1.0000
vn 0.0000 1.0000 0.0000
vn 0.0000 -1.0000 0.0000
vn -1.0000 0.0000 0.0000
vn 1.0000 0.0000 0.0000
vn 0.0000 0.0000 1.0000
vn 0.0000 0.0000 -1.0000
vn 0.0000 1.0000 0.0000
vn 0.0000 -1.0000 0.0000
vn -1.0000 0.0000 0.0000
vn 1.0000 0.0000 0.0000
vn 0.0000 0.0000 1.0000
vn 0.0000 0.0000 -1.0000
vn 0.0000 1.0000 0.0000
vn 0.0000 -1.0000 0.0000
vn -1.0000 0.0000 0.0000
vn 1.0000 0.0000 0.0000
vn 0.0000 0.0000 1.0000
vn 0.0000 0.0000 -1.0000
vn 0.0000 1.0000 0.0000
vn 0.0000 -1.0000 0.0000
vn -1.0000 0.0000 0.0000
vn 1.0000 0.0000 0.0000
vn 0.0000 0.0000 1.0000
vn 0.0000 0.0000 -1.0000
vn 0.0000 1.0000 0.0000
vn 0.0000 -1.0000 0.0000
vn -1.0000 0.0000 0.0000
vn 1.0000 0.0000 0.0000
vn 0.0000 0.0000 1.0000
vn 0.0000 0.0000 -1.0000
vn 0.0000 1.0000 0.0000
vn 0.0000 -1.0000 0.0000
vn -1.0000 0.0000 0.0000
vn 1.0000 0.0000 0.0000
vn 0.0000 0.0000 1.0000
vn 0.0000 0.0000 -1.0000
vn 0.0000 1.0000 0.0000
vn 0.0000 -1.0000 0.0000
vn -1.0000 0.0000 0.0000
vn 1.0000 0.0000 0.0000
vn 0.0000 0.0000 1.0000
vn 0.0000 0.0000 -1.0000
vn 0.0000 1.0000 0.0000
vn 0.0000 -1.0000 0.0000
vn -1.0000 0.0000 0.0000
vn 1.0000 0.0000 0.0000
vn 0.0000 0.0000 1.0000
vn 0.0000 0.0000 -1.0000
vn 0.0000 1.0000 0.0000
vn 0.0000 -1.0000 0.0000
vn -1.0000 0.0000 0.0000
vn 1.0000 0.0000 0.0000
vn 0.0000 0.0000 1.0000
vn 0.0000 0.0000 -1.0000
vn 0.0000 1.0000 0.0000
vn 0.0000 -1.0000 0.0000
vn -1.0000 0.0000 0.0000
vn 1.0000 0.0000 0.0000
vn 0.0000 0.0000 1.0000
vn 0.0000 0.0000 -1.0000
vn 0.0000 1.0000 0.0000
vn 0.0000 -1.0000 0.0000
vn -1.0000 0.0000 0.0000
vn 1.0000 0.0000 0.0000
vn 0.0000 0.0000 1.0000
vn 0.0000 0.0000 -1.0000
vn 0.0000 1.0000 0.0000
vn 0.0000 -1.0000 0.0000
vn -1.0000 0.0000 0.0000
vn 1.0000 0.0000 0.0000
vn 0.0000 0.0000 1.0000
vn 0.0000 0.0000 -1.0000
vn 0.0000 1.0000 0.0000
vn 0.0000 -1.0000 0.0000
vn -1.0000 0.0000 0.0000
vn 1.0000 0.0000 0.0000
vn 0.0000 0.0000 1.0000
vn 0.0000 0.0000 -1.0000
vn 0.0000 1.0000 0.0000
vn 0.0000 -1.0000 0.0000
vn -1.0000 0.0000 0.0000
vn 1.0000 0.0000 0.0000
vn 0.0000 0.0000 1.0000
vn 0.0000 0.0000 -1.0000
vn 0.0000 1.0000 0.0000
vn 0.0000 -1.0000 0.0000
vn -1.0000 0.0000 0.0000
vn 1.0000 0.0000 0.0000
vn 0.0000 0.0000 1.0000
vn 0.0000 0.0000 -1.0000
vn 0.0000 1.0000 0.0000
vn 0.0000 -1.0000 0.0000
vn -1.0000 0.0000 0.0000
vn 1.0000 0.0000 0.0000
vn 0.0000 0.0000 1.0000
vn 0.0000 0.0000 -1.0000
vn 0.0000 1.0000 0.0000
vn 0.0000 -1.0000 0.0000
vn -1.0000 0.0000 0.0000
vn 1.0000 0.0000 0.0000
vn 0.0000 0.0000 1.0000
vn 0.0000 0.0000 -1.0000
vn 0.0000 1.0000 0.0000
vn 0.0000 -1.0000 0.0000
vn -1.0000 0.0000 0.0000
vn 1.0000 0.0000 0.0000
vn 0.0000 0.0000 1.0000
vn 0.0000 0.0000 -1.0000
vn 0.0000 1.0000 0.0000
vn 0.0000 -1.0000 0.0000
vn -1.0000 0.0000 0.0000
vn 1.0000 0.0000 0.0000
vn 0.0000 0.0000 1.0000
vn 0.0000 0.0000 -1.0000
vn 0.0000 1.0000 0.0000
vn 0.0000 -1.0000 0.0000
vn -1.0000 0.0000 0.0000
vn 1.0000 0.0000 0.0000
vn 0.0000 0.0000 1.0000
vn 0.0000 0.0000 -1.0000
vn 0.0000 1.0000 0.0000
vn 0.0000 -1.0000 0.0000
vn -1.0000 0.0000 0.0000
vn 1.0000 0.0000 0.0000

usemtl Quay_Deck
f 1/1/1 2/2/1 3/3/1
f 1/1/1 3/3/1 4/4/1
usemtl Quay_Curb
f 5/5/2 6/6/2 7/7/2
f 5/5/2 7/7/2 8/8/2
f 9/9/3 10/10/3 11/11/3
f 9/9/3 11/11/3 12/12/3
usemtl Quay_Wall_Upper
f 13/13/4 14/14/4 15/15/4
f 13/13/4 15/15/4 16/16/4
usemtl Quay_Wall_Tidal
f 17/17/5 18/18/5 19/19/5
f 17/17/5 19/19/5 20/20/5
usemtl Quay_Wall_Submerged
f 21/21/6 22/22/6 23/23/6
f 21/21/6 23/23/6 24/24/6
f 25/25/7 26/26/7 27/27/7
f 25/25/7 27/27/7 28/28/7
f 29/29/8 30/30/8 31/31/8
f 29/29/8 31/31/8 32/32/8
f 33/33/9 34/34/9 35/35/9
f 33/33/9 35/35/9 36/36/9
f 37/37/10 38/38/10 39/39/10
f 37/37/10 39/39/10 40/40/10
usemtl Fender_Rubber
f 41/41/11 42/42/11 43/43/11
f 41/41/11 43/43/11 44/44/11
f 45/45/12 46/46/12 47/47/12
f 45/45/12 47/47/12 48/48/12
f 49/49/13 50/50/13 51/51/13
f 49/49/13 51/51/13 52/52/13
f 53/53/14 54/54/14 55/55/14
f 53/53/14 55/55/14 56/56/14
f 57/57/15 58/58/15 59/59/15
f 57/57/15 59/59/15 60/60/15
f 61/61/16 62/62/16 63/63/16
f 61/61/16 63/63/16 64/64/16
f 65/65/17 66/66/17 67/67/17
f 65/65/17 67/67/17 68/68/17
f 69/69/18 70/70/18 71/71/18
f 69/69/18 71/71/18 72/72/18
f 73/73/19 74/74/19 75/75/19
f 76/76/20 77/77/20 78/78/20
f 79/79/21 80/80/21 81/81/21
f 82/82/22 83/83/22 84/84/22
f 85/85/23 86/86/23 87/87/23
f 88/88/24 89/89/24 90/90/24
f 91/91/25 92/92/25 93/93/25
f 94/94/26 95/95/26 96/96/26
f 97/97/27 98/98/27 99/99/27
f 100/100/28 101/101/28 102/102/28
f 103/103/29 104/104/29 105/105/29
f 106/106/30 107/107/30 108/108/30
f 109/109/31 110/110/31 111/111/31
f 112/112/32 113/113/32 114/114/32
f 115/115/33 116/116/33 117/117/33
f 118/118/34 119/119/34 120/120/34
f 121/121/35 122/122/35 123/123/35
f 121/121/35 123/123/35 124/124/35
f 125/125/36 126/126/36 127/127/36
f 125/125/36 127/127/36 128/128/36
f 129/129/37 130/130/37 131/131/37
f 129/129/37 131/131/37 132/132/37
f 133/133/38 134/134/38 135/135/38
f 133/133/38 135/135/38 136/136/38
f 137/137/39 138/138/39 139/139/39
f 137/137/39 139/139/39 140/140/39
f 141/141/40 142/142/40 143/143/40
f 141/141/40 143/143/40 144/144/40
f 145/145/41 146/146/41 147/147/41
f 145/145/41 147/147/41 148/148/41
f 149/149/42 150/150/42 151/151/42
f 149/149/42 151/151/42 152/152/42
f 153/153/43 154/154/43 155/155/43
f 156/156/44 157/157/44 158/158/44
f 159/159/45 160/160/45 161/161/45
f 162/162/46 163/163/46 164/164/46
f 165/165/47 166/166/47 167/167/47
f 168/168/48 169/169/48 170/170/48
f 171/171/49 172/172/49 173/173/49
f 174/174/50 175/175/50 176/176/50
f 177/177/51 178/178/51 179/179/51
f 180/180/52 181/181/52 182/182/52
f 183/183/53 184/184/53 185/185/53
f 186/186/54 187/187/54 188/188/54
f 189/189/55 190/190/55 191/191/55
f 192/192/56 193/193/56 194/194/56
f 195/195/57 196/196/57 197/197/57
f 198/198/58 199/199/58 200/200/58
f 201/201/59 202/202/59 203/203/59
f 201/201/59 203/203/59 204/204/59
f 205/205/60 206/206/60 207/207/60
f 205/205/60 207/207/60 208/208/60
f 209/209/61 210/210/61 211/211/61
f 209/209/61 211/211/61 212/212/61
f 213/213/62 214/214/62 215/215/62
f 213/213/62 215/215/62 216/216/62
f 217/217/63 218/218/63 219/219/63
f 217/217/63 219/219/63 220/220/63
f 221/221/64 222/222/64 223/223/64
f 221/221/64 223/223/64 224/224/64
f 225/225/65 226/226/65 227/227/65
f 225/225/65 227/227/65 228/228/65
f 229/229/66 230/230/66 231/231/66
f 229/229/66 231/231/66 232/232/66
f 233/233/67 234/234/67 235/235/67
f 236/236/68 237/237/68 238/238/68
f 239/239/69 240/240/69 241/241/69
f 242/242/70 243/243/70 244/244/70
f 245/245/71 246/246/71 247/247/71
f 248/248/72 249/249/72 250/250/72
f 251/251/73 252/252/73 253/253/73
f 254/254/74 255/255/74 256/256/74
f 257/257/75 258/258/75 259/259/75
f 260/260/76 261/261/76 262/262/76
f 263/263/77 264/264/77 265/265/77
f 266/266/78 267/267/78 268/268/78
f 269/269/79 270/270/79 271/271/79
f 272/272/80 273/273/80 274/274/80
f 275/275/81 276/276/81 277/277/81
f 278/278/82 279/279/82 280/280/82
f 281/281/83 282/282/83 283/283/83
f 281/281/83 283/283/83 284/284/83
f 285/285/84 286/286/84 287/287/84
f 285/285/84 287/287/84 288/288/84
f 289/289/85 290/290/85 291/291/85
f 289/289/85 291/291/85 292/292/85
f 293/293/86 294/294/86 295/295/86
f 293/293/86 295/295/86 296/296/86
f 297/297/87 298/298/87 299/299/87
f 297/297/87 299/299/87 300/300/87
f 301/301/88 302/302/88 303/303/88
f 301/301/88 303/303/88 304/304/88
f 305/305/89 306/306/89 307/307/89
f 305/305/89 307/307/89 308/308/89
f 309/309/90 310/310/90 311/311/90
f 309/309/90 311/311/90 312/312/90
f 313/313/91 314/314/91 315/315/91
f 316/316/92 317/317/92 318/318/92
f 319/319/93 320/320/93 321/321/93
f 322/322/94 323/323/94 324/324/94
f 325/325/95 326/326/95 327/327/95
f 328/328/96 329/329/96 330/330/96
f 331/331/97 332/332/97 333/333/97
f 334/334/98 335/335/98 336/336/98
f 337/337/99 338/338/99 339/339/99
f 340/340/100 341/341/100 342/342/100
f 343/343/101 344/344/101 345/345/101
f 346/346/102 347/347/102 348/348/102
f 349/349/103 350/350/103 351/351/103
f 352/352/104 353/353/104 354/354/104
f 355/355/105 356/356/105 357/357/105
f 358/358/106 359/359/106 360/360/106
f 361/361/107 362/362/107 363/363/107
f 361/361/107 363/363/107 364/364/107
f 365/365/108 366/366/108 367/367/108
f 365/365/108 367/367/108 368/368/108
f 369/369/109 370/370/109 371/371/109
f 369/369/109 371/371/109 372/372/109
f 373/373/110 374/374/110 375/375/110
f 373/373/110 375/375/110 376/376/110
f 377/377/111 378/378/111 379/379/111
f 377/377/111 379/379/111 380/380/111
f 381/381/112 382/382/112 383/383/112
f 381/381/112 383/383/112 384/384/112
f 385/385/113 386/386/113 387/387/113
f 385/385/113 387/387/113 388/388/113
f 389/389/114 390/390/114 391/391/114
f 389/389/114 391/391/114 392/392/114
f 393/393/115 394/394/115 395/395/115
f 396/396/116 397/397/116 398/398/116
f 399/399/117 400/400/117 401/401/117
f 402/402/118 403/403/118 404/404/118
f 405/405/119 406/406/119 407/407/119
f 408/408/120 409/409/120 410/410/120
f 411/411/121 412/412/121 413/413/121
f 414/414/122 415/415/122 416/416/122
f 417/417/123 418/418/123 419/419/123
f 420/420/124 421/421/124 422/422/124
f 423/423/125 424/424/125 425/425/125
f 426/426/126 427/427/126 428/428/126
f 429/429/127 430/430/127 431/431/127
f 432/432/128 433/433/128 434/434/128
f 435/435/129 436/436/129 437/437/129
f 438/438/130 439/439/130 440/440/130
usemtl Bollard_CastIron
f 441/441/131 442/442/131 443/443/131
f 441/441/131 443/443/131 444/444/131
f 445/445/132 446/446/132 447/447/132
f 445/445/132 447/447/132 448/448/132
f 449/449/133 450/450/133 451/451/133
f 449/449/133 451/451/133 452/452/133
f 453/453/134 454/454/134 455/455/134
f 453/453/134 455/455/134 456/456/134
f 457/457/135 458/458/135 459/459/135
f 457/457/135 459/459/135 460/460/135
f 461/461/136 462/462/136 463/463/136
f 461/461/136 463/463/136 464/464/136
f 465/465/137 466/466/137 467/467/137
f 465/465/137 467/467/137 468/468/137
f 469/469/138 470/470/138 471/471/138
f 469/469/138 471/471/138 472/472/138
f 473/473/139 474/474/139 475/475/139
f 473/473/139 475/475/139 476/476/139
f 477/477/140 478/478/140 479/479/140
f 477/477/140 479/479/140 480/480/140
f 481/481/141 482/482/141 483/483/141
f 481/481/141 483/483/141 484/484/141
f 485/485/142 486/486/142 487/487/142
f 485/485/142 487/487/142 488/488/142
f 489/489/143 490/490/143 491/491/143
f 492/492/144 493/493/144 494/494/144
f 495/495/145 496/496/145 497/497/145
f 498/498/146 499/499/146 500/500/146
f 501/501/147 502/502/147 503/503/147
f 504/504/148 505/505/148 506/506/148
f 507/507/149 508/508/149 509/509/149
f 510/510/150 511/511/150 512/512/150
f 513/513/151 514/514/151 515/515/151
f 516/516/152 517/517/152 518/518/152
f 519/519/153 520/520/153 521/521/153
f 522/522/154 523/523/154 524/524/154
f 525/525/155 526/526/155 527/527/155
f 528/528/156 529/529/156 530/530/156
f 531/531/157 532/532/157 533/533/157
f 534/534/158 535/535/158 536/536/158
f 537/537/159 538/538/159 539/539/159
f 540/540/160 541/541/160 542/542/160
f 543/543/161 544/544/161 545/545/161
f 546/546/162 547/547/162 548/548/162
f 549/549/163 550/550/163 551/551/163
f 552/552/164 553/553/164 554/554/164
f 555/555/165 556/556/165 557/557/165
f 558/558/166 559/559/166 560/560/166
f 561/561/167 562/562/167 563/563/167
f 561/561/167 563/563/167 564/564/167
f 565/565/168 566/566/168 567/567/168
f 565/565/168 567/567/168 568/568/168
f 569/569/169 570/570/169 571/571/169
f 569/569/169 571/571/169 572/572/169
f 573/573/170 574/574/170 575/575/170
f 573/573/170 575/575/170 576/576/170
f 577/577/171 578/578/171 579/579/171
f 577/577/171 579/579/171 580/580/171
f 581/581/172 582/582/172 583/583/172
f 581/581/172 583/583/172 584/584/172
f 585/585/173 586/586/173 587/587/173
f 585/585/173 587/587/173 588/588/173
f 589/589/174 590/590/174 591/591/174
f 589/589/174 591/591/174 592/592/174
f 593/593/175 594/594/175 595/595/175
f 593/593/175 595/595/175 596/596/175
f 597/597/176 598/598/176 599/599/176
f 597/597/176 599/599/176 600/600/176
f 601/601/177 602/602/177 603/603/177
f 601/601/177 603/603/177 604/604/177
f 605/605/178 606/606/178 607/607/178
f 605/605/178 607/607/178 608/608/178
f 609/609/179 610/610/179 611/611/179
f 609/609/179 611/611/179 612/612/179
f 613/613/180 614/614/180 615/615/180
f 613/613/180 615/615/180 616/616/180
f 617/617/181 618/618/181 619/619/181
f 617/617/181 619/619/181 620/620/181
f 621/621/182 622/622/182 623/623/182
f 621/621/182 623/623/182 624/624/182
f 625/625/183 626/626/183 627/627/183
f 625/625/183 627/627/183 628/628/183
f 629/629/184 630/630/184 631/631/184
f 629/629/184 631/631/184 632/632/184
f 633/633/185 634/634/185 635/635/185
f 633/633/185 635/635/185 636/636/185
f 637/637/186 638/638/186 639/639/186
f 637/637/186 639/639/186 640/640/186
f 641/641/187 642/642/187 643/643/187
f 641/641/187 643/643/187 644/644/187
f 645/645/188 646/646/188 647/647/188
f 645/645/188 647/647/188 648/648/188
f 649/649/189 650/650/189 651/651/189
f 649/649/189 651/651/189 652/652/189
f 653/653/190 654/654/190 655/655/190
f 653/653/190 655/655/190 656/656/190
f 657/657/191 658/658/191 659/659/191
f 660/660/192 661/661/192 662/662/192
f 663/663/193 664/664/193 665/665/193
f 666/666/194 667/667/194 668/668/194
f 669/669/195 670/670/195 671/671/195
f 672/672/196 673/673/196 674/674/196
f 675/675/197 676/676/197 677/677/197
f 678/678/198 679/679/198 680/680/198
f 681/681/199 682/682/199 683/683/199
f 684/684/200 685/685/200 686/686/200
f 687/687/201 688/688/201 689/689/201
f 690/690/202 691/691/202 692/692/202
f 693/693/203 694/694/203 695/695/203
f 696/696/204 697/697/204 698/698/204
f 699/699/205 700/700/205 701/701/205
f 702/702/206 703/703/206 704/704/206
f 705/705/207 706/706/207 707/707/207
f 708/708/208 709/709/208 710/710/208
f 711/711/209 712/712/209 713/713/209
f 714/714/210 715/715/210 716/716/210
f 717/717/211 718/718/211 719/719/211
f 720/720/212 721/721/212 722/722/212
f 723/723/213 724/724/213 725/725/213
f 726/726/214 727/727/214 728/728/214
f 729/729/215 730/730/215 731/731/215
f 729/729/215 731/731/215 732/732/215
f 733/733/216 734/734/216 735/735/216
f 733/733/216 735/735/216 736/736/216
f 737/737/217 738/738/217 739/739/217
f 737/737/217 739/739/217 740/740/217
f 741/741/218 742/742/218 743/743/218
f 741/741/218 743/743/218 744/744/218
f 745/745/219 746/746/219 747/747/219
f 745/745/219 747/747/219 748/748/219
f 749/749/220 750/750/220 751/751/220
f 749/749/220 751/751/220 752/752/220
f 753/753/221 754/754/221 755/755/221
f 753/753/221 755/755/221 756/756/221
f 757/757/222 758/758/222 759/759/222
f 757/757/222 759/759/222 760/760/222
f 761/761/223 762/762/223 763/763/223
f 761/761/223 763/763/223 764/764/223
f 765/765/224 766/766/224 767/767/224
f 765/765/224 767/767/224 768/768/224
f 769/769/225 770/770/225 771/771/225
f 769/769/225 771/771/225 772/772/225
f 773/773/226 774/774/226 775/775/226
f 773/773/226 775/775/226 776/776/226
f 777/777/227 778/778/227 779/779/227
f 777/777/227 779/779/227 780/780/227
f 781/781/228 782/782/228 783/783/228
f 781/781/228 783/783/228 784/784/228
f 785/785/229 786/786/229 787/787/229
f 785/785/229 787/787/229 788/788/229
f 789/789/230 790/790/230 791/791/230
f 789/789/230 791/791/230 792/792/230
f 793/793/231 794/794/231 795/795/231
f 793/793/231 795/795/231 796/796/231
f 797/797/232 798/798/232 799/799/232
f 797/797/232 799/799/232 800/800/232
f 801/801/233 802/802/233 803/803/233
f 804/804/234 805/805/234 806/806/234
f 807/807/235 808/808/235 809/809/235
f 810/810/236 811/811/236 812/812/236
f 813/813/237 814/814/237 815/815/237
f 816/816/238 817/817/238 818/818/238
f 819/819/239 820/820/239 821/821/239
f 822/822/240 823/823/240 824/824/240
f 825/825/241 826/826/241 827/827/241
f 828/828/242 829/829/242 830/830/242
f 831/831/243 832/832/243 833/833/243
f 834/834/244 835/835/244 836/836/244
f 837/837/245 838/838/245 839/839/245
f 840/840/246 841/841/246 842/842/246
f 843/843/247 844/844/247 845/845/247
f 846/846/248 847/847/248 848/848/248
f 849/849/249 850/850/249 851/851/249
f 852/852/250 853/853/250 854/854/250
f 855/855/251 856/856/251 857/857/251
f 858/858/252 859/859/252 860/860/252
f 861/861/253 862/862/253 863/863/253
f 864/864/254 865/865/254 866/866/254
f 867/867/255 868/868/255 869/869/255
f 870/870/256 871/871/256 872/872/256
f 873/873/257 874/874/257 875/875/257
f 873/873/257 875/875/257 876/876/257
f 877/877/258 878/878/258 879/879/258
f 877/877/258 879/879/258 880/880/258
f 881/881/259 882/882/259 883/883/259
f 881/881/259 883/883/259 884/884/259
f 885/885/260 886/886/260 887/887/260
f 885/885/260 887/887/260 888/888/260
f 889/889/261 890/890/261 891/891/261
f 889/889/261 891/891/261 892/892/261
f 893/893/262 894/894/262 895/895/262
f 893/893/262 895/895/262 896/896/262
f 897/897/263 898/898/263 899/899/263
f 897/897/263 899/899/263 900/900/263
f 901/901/264 902/902/264 903/903/264
f 901/901/264 903/903/264 904/904/264
f 905/905/265 906/906/265 907/907/265
f 905/905/265 907/907/265 908/908/265
f 909/909/266 910/910/266 911/911/266
f 909/909/266 911/911/266 912/912/266
f 913/913/267 914/914/267 915/915/267
f 913/913/267 915/915/267 916/916/267
f 917/917/268 918/918/268 919/919/268
f 917/917/268 919/919/268 920/920/268
f 921/921/269 922/922/269 923/923/269
f 921/921/269 923/923/269 924/924/269
f 925/925/270 926/926/270 927/927/270
f 925/925/270 927/927/270 928/928/270
f 929/929/271 930/930/271 931/931/271
f 929/929/271 931/931/271 932/932/271
f 933/933/272 934/934/272 935/935/272
f 933/933/272 935/935/272 936/936/272
f 937/937/273 938/938/273 939/939/273
f 937/937/273 939/939/273 940/940/273
f 941/941/274 942/942/274 943/943/274
f 941/941/274 943/943/274 944/944/274
f 945/945/275 946/946/275 947/947/275
f 945/945/275 947/947/275 948/948/275
f 949/949/276 950/950/276 951/951/276
f 949/949/276 951/951/276 952/952/276
f 953/953/277 954/954/277 955/955/277
f 953/953/277 955/955/277 956/956/277
f 957/957/278 958/958/278 959/959/278
f 957/957/278 959/959/278 960/960/278
f 961/961/279 962/962/279 963/963/279
f 961/961/279 963/963/279 964/964/279
f 965/965/280 966/966/280 967/967/280
f 965/965/280 967/967/280 968/968/280
f 969/969/281 970/970/281 971/971/281
f 972/972/282 973/973/282 974/974/282
f 975/975/283 976/976/283 977/977/283
f 978/978/284 979/979/284 980/980/284
f 981/981/285 982/982/285 983/983/285
f 984/984/286 985/985/286 986/986/286
f 987/987/287 988/988/287 989/989/287
f 990/990/288 991/991/288 992/992/288
f 993/993/289 994/994/289 995/995/289
f 996/996/290 997/997/290 998/998/290
f 999/999/291 1000/1000/291 1001/1001/291
f 1002/1002/292 1003/1003/292 1004/1004/292
f 1005/1005/293 1006/1006/293 1007/1007/293
f 1008/1008/294 1009/1009/294 1010/1010/294
f 1011/1011/295 1012/1012/295 1013/1013/295
f 1014/1014/296 1015/1015/296 1016/1016/296
f 1017/1017/297 1018/1018/297 1019/1019/297
f 1020/1020/298 1021/1021/298 1022/1022/298
f 1023/1023/299 1024/1024/299 1025/1025/299
f 1026/1026/300 1027/1027/300 1028/1028/300
f 1029/1029/301 1030/1030/301 1031/1031/301
f 1032/1032/302 1033/1033/302 1034/1034/302
f 1035/1035/303 1036/1036/303 1037/1037/303
f 1038/1038/304 1039/1039/304 1040/1040/304
f 1041/1041/305 1042/1042/305 1043/1043/305
f 1041/1041/305 1043/1043/305 1044/1044/305
f 1045/1045/306 1046/1046/306 1047/1047/306
f 1045/1045/306 1047/1047/306 1048/1048/306
f 1049/1049/307 1050/1050/307 1051/1051/307
f 1049/1049/307 1051/1051/307 1052/1052/307
f 1053/1053/308 1054/1054/308 1055/1055/308
f 1053/1053/308 1055/1055/308 1056/1056/308
f 1057/1057/309 1058/1058/309 1059/1059/309
f 1057/1057/309 1059/1059/309 1060/1060/309
f 1061/1061/310 1062/1062/310 1063/1063/310
f 1061/1061/310 1063/1063/310 1064/1064/310
f 1065/1065/311 1066/1066/311 1067/1067/311
f 1065/1065/311 1067/1067/311 1068/1068/311
f 1069/1069/312 1070/1070/312 1071/1071/312
f 1069/1069/312 1071/1071/312 1072/1072/312
f 1073/1073/313 1074/1074/313 1075/1075/313
f 1073/1073/313 1075/1075/313 1076/1076/313
f 1077/1077/314 1078/1078/314 1079/1079/314
f 1077/1077/314 1079/1079/314 1080/1080/314
f 1081/1081/315 1082/1082/315 1083/1083/315
f 1081/1081/315 1083/1083/315 1084/1084/315
f 1085/1085/316 1086/1086/316 1087/1087/316
f 1085/1085/316 1087/1087/316 1088/1088/316
f 1089/1089/317 1090/1090/317 1091/1091/317
f 1089/1089/317 1091/1091/317 1092/1092/317
f 1093/1093/318 1094/1094/318 1095/1095/318
f 1093/1093/318 1095/1095/318 1096/1096/318
f 1097/1097/319 1098/1098/319 1099/1099/319
f 1097/1097/319 1099/1099/319 1100/1100/319
f 1101/1101/320 1102/1102/320 1103/1103/320
f 1101/1101/320 1103/1103/320 1104/1104/320
f 1105/1105/321 1106/1106/321 1107/1107/321
f 1105/1105/321 1107/1107/321 1108/1108/321
f 1109/1109/322 1110/1110/322 1111/1111/322
f 1109/1109/322 1111/1111/322 1112/1112/322
f 1113/1113/323 1114/1114/323 1115/1115/323
f 1116/1116/324 1117/1117/324 1118/1118/324
f 1119/1119/325 1120/1120/325 1121/1121/325
f 1122/1122/326 1123/1123/326 1124/1124/326
f 1125/1125/327 1126/1126/327 1127/1127/327
f 1128/1128/328 1129/1129/328 1130/1130/328
f 1131/1131/329 1132/1132/329 1133/1133/329
f 1134/1134/330 1135/1135/330 1136/1136/330
f 1137/1137/331 1138/1138/331 1139/1139/331
f 1140/1140/332 1141/1141/332 1142/1142/332
f 1143/1143/333 1144/1144/333 1145/1145/333
f 1146/1146/334 1147/1147/334 1148/1148/334
f 1149/1149/335 1150/1150/335 1151/1151/335
f 1152/1152/336 1153/1153/336 1154/1154/336
f 1155/1155/337 1156/1156/337 1157/1157/337
f 1158/1158/338 1159/1159/338 1160/1160/338
f 1161/1161/339 1162/1162/339 1163/1163/339
f 1164/1164/340 1165/1165/340 1166/1166/340
f 1167/1167/341 1168/1168/341 1169/1169/341
f 1170/1170/342 1171/1171/342 1172/1172/342
f 1173/1173/343 1174/1174/343 1175/1175/343
f 1176/1176/344 1177/1177/344 1178/1178/344
f 1179/1179/345 1180/1180/345 1181/1181/345
f 1182/1182/346 1183/1183/346 1184/1184/346
f 1185/1185/347 1186/1186/347 1187/1187/347
f 1185/1185/347 1187/1187/347 1188/1188/347
f 1189/1189/348 1190/1190/348 1191/1191/348
f 1189/1189/348 1191/1191/348 1192/1192/348
f 1193/1193/349 1194/1194/349 1195/1195/349
f 1193/1193/349 1195/1195/349 1196/1196/349
f 1197/1197/350 1198/1198/350 1199/1199/350
f 1197/1197/350 1199/1199/350 1200/1200/350
f 1201/1201/351 1202/1202/351 1203/1203/351
f 1201/1201/351 1203/1203/351 1204/1204/351
f 1205/1205/352 1206/1206/352 1207/1207/352
f 1205/1205/352 1207/1207/352 1208/1208/352
f 1209/1209/353 1210/1210/353 1211/1211/353
f 1209/1209/353 1211/1211/353 1212/1212/353
f 1213/1213/354 1214/1214/354 1215/1215/354
f 1213/1213/354 1215/1215/354 1216/1216/354
f 1217/1217/355 1218/1218/355 1219/1219/355
f 1217/1217/355 1219/1219/355 1220/1220/355
f 1221/1221/356 1222/1222/356 1223/1223/356
f 1221/1221/356 1223/1223/356 1224/1224/356
f 1225/1225/357 1226/1226/357 1227/1227/357
f 1225/1225/357 1227/1227/357 1228/1228/357
f 1229/1229/358 1230/1230/358 1231/1231/358
f 1229/1229/358 1231/1231/358 1232/1232/358
f 1233/1233/359 1234/1234/359 1235/1235/359
f 1233/1233/359 1235/1235/359 1236/1236/359
f 1237/1237/360 1238/1238/360 1239/1239/360
f 1237/1237/360 1239/1239/360 1240/1240/360
f 1241/1241/361 1242/1242/361 1243/1243/361
f 1241/1241/361 1243/1243/361 1244/1244/361
f 1245/1245/362 1246/1246/362 1247/1247/362
f 1245/1245/362 1247/1247/362 1248/1248/362
f 1249/1249/363 1250/1250/363 1251/1251/363
f 1249/1249/363 1251/1251/363 1252/1252/363
f 1253/1253/364 1254/1254/364 1255/1255/364
f 1253/1253/364 1255/1255/364 1256/1256/364
f 1257/1257/365 1258/1258/365 1259/1259/365
f 1257/1257/365 1259/1259/365 1260/1260/365
f 1261/1261/366 1262/1262/366 1263/1263/366
f 1261/1261/366 1263/1263/366 1264/1264/366
f 1265/1265/367 1266/1266/367 1267/1267/367
f 1265/1265/367 1267/1267/367 1268/1268/367
f 1269/1269/368 1270/1270/368 1271/1271/368
f 1269/1269/368 1271/1271/368 1272/1272/368
f 1273/1273/369 1274/1274/369 1275/1275/369
f 1273/1273/369 1275/1275/369 1276/1276/369
f 1277/1277/370 1278/1278/370 1279/1279/370
f 1277/1277/370 1279/1279/370 1280/1280/370
f 1281/1281/371 1282/1282/371 1283/1283/371
f 1284/1284/372 1285/1285/372 1286/1286/372
f 1287/1287/373 1288/1288/373 1289/1289/373
f 1290/1290/374 1291/1291/374 1292/1292/374
f 1293/1293/375 1294/1294/375 1295/1295/375
f 1296/1296/376 1297/1297/376 1298/1298/376
f 1299/1299/377 1300/1300/377 1301/1301/377
f 1302/1302/378 1303/1303/378 1304/1304/378
f 1305/1305/379 1306/1306/379 1307/1307/379
f 1308/1308/380 1309/1309/380 1310/1310/380
f 1311/1311/381 1312/1312/381 1313/1313/381
f 1314/1314/382 1315/1315/382 1316/1316/382
f 1317/1317/383 1318/1318/383 1319/1319/383
f 1320/1320/384 1321/1321/384 1322/1322/384
f 1323/1323/385 1324/1324/385 1325/1325/385
f 1326/1326/386 1327/1327/386 1328/1328/386
f 1329/1329/387 1330/1330/387 1331/1331/387
f 1332/1332/388 1333/1333/388 1334/1334/388
f 1335/1335/389 1336/1336/389 1337/1337/389
f 1338/1338/390 1339/1339/390 1340/1340/390
f 1341/1341/391 1342/1342/391 1343/1343/391
f 1344/1344/392 1345/1345/392 1346/1346/392
f 1347/1347/393 1348/1348/393 1349/1349/393
f 1350/1350/394 1351/1351/394 1352/1352/394
f 1353/1353/395 1354/1354/395 1355/1355/395
f 1353/1353/395 1355/1355/395 1356/1356/395
f 1357/1357/396 1358/1358/396 1359/1359/396
f 1357/1357/396 1359/1359/396 1360/1360/396
f 1361/1361/397 1362/1362/397 1363/1363/397
f 1361/1361/397 1363/1363/397 1364/1364/397
f 1365/1365/398 1366/1366/398 1367/1367/398
f 1365/1365/398 1367/1367/398 1368/1368/398
f 1369/1369/399 1370/1370/399 1371/1371/399
f 1369/1369/399 1371/1371/399 1372/1372/399
f 1373/1373/400 1374/1374/400 1375/1375/400
f 1373/1373/400 1375/1375/400 1376/1376/400
f 1377/1377/401 1378/1378/401 1379/1379/401
f 1377/1377/401 1379/1379/401 1380/1380/401
f 1381/1381/402 1382/1382/402 1383/1383/402
f 1381/1381/402 1383/1383/402 1384/1384/402
f 1385/1385/403 1386/1386/403 1387/1387/403
f 1385/1385/403 1387/1387/403 1388/1388/403
f 1389/1389/404 1390/1390/404 1391/1391/404
f 1389/1389/404 1391/1391/404 1392/1392/404
f 1393/1393/405 1394/1394/405 1395/1395/405
f 1393/1393/405 1395/1395/405 1396/1396/405
f 1397/1397/406 1398/1398/406 1399/1399/406
f 1397/1397/406 1399/1399/406 1400/1400/406
f 1401/1401/407 1402/1402/407 1403/1403/407
f 1401/1401/407 1403/1403/407 1404/1404/407
f 1405/1405/408 1406/1406/408 1407/1407/408
f 1405/1405/408 1407/1407/408 1408/1408/408
f 1409/1409/409 1410/1410/409 1411/1411/409
f 1409/1409/409 1411/1411/409 1412/1412/409
f 1413/1413/410 1414/1414/410 1415/1415/410
f 1413/1413/410 1415/1415/410 1416/1416/410
f 1417/1417/411 1418/1418/411 1419/1419/411
f 1417/1417/411 1419/1419/411 1420/1420/411
f 1421/1421/412 1422/1422/412 1423/1423/412
f 1421/1421/412 1423/1423/412 1424/1424/412
f 1425/1425/413 1426/1426/413 1427/1427/413
f 1428/1428/414 1429/1429/414 1430/1430/414
f 1431/1431/415 1432/1432/415 1433/1433/415
f 1434/1434/416 1435/1435/416 1436/1436/416
f 1437/1437/417 1438/1438/417 1439/1439/417
f 1440/1440/418 1441/1441/418 1442/1442/418
f 1443/1443/419 1444/1444/419 1445/1445/419
f 1446/1446/420 1447/1447/420 1448/1448/420
f 1449/1449/421 1450/1450/421 1451/1451/421
f 1452/1452/422 1453/1453/422 1454/1454/422
f 1455/1455/423 1456/1456/423 1457/1457/423
f 1458/1458/424 1459/1459/424 1460/1460/424
f 1461/1461/425 1462/1462/425 1463/1463/425
f 1464/1464/426 1465/1465/426 1466/1466/426
f 1467/1467/427 1468/1468/427 1469/1469/427
f 1470/1470/428 1471/1471/428 1472/1472/428
f 1473/1473/429 1474/1474/429 1475/1475/429
f 1476/1476/430 1477/1477/430 1478/1478/430
f 1479/1479/431 1480/1480/431 1481/1481/431
f 1482/1482/432 1483/1483/432 1484/1484/432
f 1485/1485/433 1486/1486/433 1487/1487/433
f 1488/1488/434 1489/1489/434 1490/1490/434
f 1491/1491/435 1492/1492/435 1493/1493/435
f 1494/1494/436 1495/1495/436 1496/1496/436
f 1497/1497/437 1498/1498/437 1499/1499/437
f 1497/1497/437 1499/1499/437 1500/1500/437
f 1501/1501/438 1502/1502/438 1503/1503/438
f 1501/1501/438 1503/1503/438 1504/1504/438
f 1505/1505/439 1506/1506/439 1507/1507/439
f 1505/1505/439 1507/1507/439 1508/1508/439
f 1509/1509/440 1510/1510/440 1511/1511/440
f 1509/1509/440 1511/1511/440 1512/1512/440
f 1513/1513/441 1514/1514/441 1515/1515/441
f 1513/1513/441 1515/1515/441 1516/1516/441
f 1517/1517/442 1518/1518/442 1519/1519/442
f 1517/1517/442 1519/1519/442 1520/1520/442
f 1521/1521/443 1522/1522/443 1523/1523/443
f 1521/1521/443 1523/1523/443 1524/1524/443
f 1525/1525/444 1526/1526/444 1527/1527/444
f 1525/1525/444 1527/1527/444 1528/1528/444
f 1529/1529/445 1530/1530/445 1531/1531/445
f 1529/1529/445 1531/1531/445 1532/1532/445
f 1533/1533/446 1534/1534/446 1535/1535/446
f 1533/1533/446 1535/1535/446 1536/1536/446
f 1537/1537/447 1538/1538/447 1539/1539/447
f 1537/1537/447 1539/1539/447 1540/1540/447
f 1541/1541/448 1542/1542/448 1543/1543/448
f 1541/1541/448 1543/1543/448 1544/1544/448
f 1545/1545/449 1546/1546/449 1547/1547/449
f 1545/1545/449 1547/1547/449 1548/1548/449
f 1549/1549/450 1550/1550/450 1551/1551/450
f 1549/1549/450 1551/1551/450 1552/1552/450
f 1553/1553/451 1554/1554/451 1555/1555/451
f 1553/1553/451 1555/1555/451 1556/1556/451
f 1557/1557/452 1558/1558/452 1559/1559/452
f 1557/1557/452 1559/1559/452 1560/1560/452
f 1561/1561/453 1562/1562/453 1563/1563/453
f 1561/1561/453 1563/1563/453 1564/1564/453
f 1565/1565/454 1566/1566/454 1567/1567/454
f 1565/1565/454 1567/1567/454 1568/1568/454
f 1569/1569/455 1570/1570/455 1571/1571/455
f 1569/1569/455 1571/1571/455 1572/1572/455
f 1573/1573/456 1574/1574/456 1575/1575/456
f 1573/1573/456 1575/1575/456 1576/1576/456
f 1577/1577/457 1578/1578/457 1579/1579/457
f 1577/1577/457 1579/1579/457 1580/1580/457
f 1581/1581/458 1582/1582/458 1583/1583/458
f 1581/1581/458 1583/1583/458 1584/1584/458
f 1585/1585/459 1586/1586/459 1587/1587/459
f 1585/1585/459 1587/1587/459 1588/1588/459
f 1589/1589/460 1590/1590/460 1591/1591/460
f 1589/1589/460 1591/1591/460 1592/1592/460
f 1593/1593/461 1594/1594/461 1595/1595/461
f 1596/1596/462 1597/1597/462 1598/1598/462
f 1599/1599/463 1600/1600/463 1601/1601/463
f 1602/1602/464 1603/1603/464 1604/1604/464
f 1605/1605/465 1606/1606/465 1607/1607/465
f 1608/1608/466 1609/1609/466 1610/1610/466
f 1611/1611/467 1612/1612/467 1613/1613/467
f 1614/1614/468 1615/1615/468 1616/1616/468
f 1617/1617/469 1618/1618/469 1619/1619/469
f 1620/1620/470 1621/1621/470 1622/1622/470
f 1623/1623/471 1624/1624/471 1625/1625/471
f 1626/1626/472 1627/1627/472 1628/1628/472
f 1629/1629/473 1630/1630/473 1631/1631/473
f 1632/1632/474 1633/1633/474 1634/1634/474
f 1635/1635/475 1636/1636/475 1637/1637/475
f 1638/1638/476 1639/1639/476 1640/1640/476
f 1641/1641/477 1642/1642/477 1643/1643/477
f 1644/1644/478 1645/1645/478 1646/1646/478
f 1647/1647/479 1648/1648/479 1649/1649/479
f 1650/1650/480 1651/1651/480 1652/1652/480
f 1653/1653/481 1654/1654/481 1655/1655/481
f 1656/1656/482 1657/1657/482 1658/1658/482
f 1659/1659/483 1660/1660/483 1661/1661/483
f 1662/1662/484 1663/1663/484 1664/1664/484
f 1665/1665/485 1666/1666/485 1667/1667/485
f 1665/1665/485 1667/1667/485 1668/1668/485
f 1669/1669/486 1670/1670/486 1671/1671/486
f 1669/1669/486 1671/1671/486 1672/1672/486
f 1673/1673/487 1674/1674/487 1675/1675/487
f 1673/1673/487 1675/1675/487 1676/1676/487
f 1677/1677/488 1678/1678/488 1679/1679/488
f 1677/1677/488 1679/1679/488 1680/1680/488
f 1681/1681/489 1682/1682/489 1683/1683/489
f 1681/1681/489 1683/1683/489 1684/1684/489
f 1685/1685/490 1686/1686/490 1687/1687/490
f 1685/1685/490 1687/1687/490 1688/1688/490
f 1689/1689/491 1690/1690/491 1691/1691/491
f 1689/1689/491 1691/1691/491 1692/1692/491
f 1693/1693/492 1694/1694/492 1695/1695/492
f 1693/1693/492 1695/1695/492 1696/1696/492
f 1697/1697/493 1698/1698/493 1699/1699/493
f 1697/1697/493 1699/1699/493 1700/1700/493
f 1701/1701/494 1702/1702/494 1703/1703/494
f 1701/1701/494 1703/1703/494 1704/1704/494
f 1705/1705/495 1706/1706/495 1707/1707/495
f 1705/1705/495 1707/1707/495 1708/1708/495
f 1709/1709/496 1710/1710/496 1711/1711/496
f 1709/1709/496 1711/1711/496 1712/1712/496
f 1713/1713/497 1714/1714/497 1715/1715/497
f 1713/1713/497 1715/1715/497 1716/1716/497
f 1717/1717/498 1718/1718/498 1719/1719/498
f 1717/1717/498 1719/1719/498 1720/1720/498
f 1721/1721/499 1722/1722/499 1723/1723/499
f 1721/1721/499 1723/1723/499 1724/1724/499
f 1725/1725/500 1726/1726/500 1727/1727/500
f 1725/1725/500 1727/1727/500 1728/1728/500
f 1729/1729/501 1730/1730/501 1731/1731/501
f 1729/1729/501 1731/1731/501 1732/1732/501
f 1733/1733/502 1734/1734/502 1735/1735/502
f 1733/1733/502 1735/1735/502 1736/1736/502
f 1737/1737/503 1738/1738/503 1739/1739/503
f 1740/1740/504 1741/1741/504 1742/1742/504
f 1743/1743/505 1744/1744/505 1745/1745/505
f 1746/1746/506 1747/1747/506 1748/1748/506
f 1749/1749/507 1750/1750/507 1751/1751/507
f 1752/1752/508 1753/1753/508 1754/1754/508
f 1755/1755/509 1756/1756/509 1757/1757/509
f 1758/1758/510 1759/1759/510 1760/1760/510
f 1761/1761/511 1762/1762/511 1763/1763/511
f 1764/1764/512 1765/1765/512 1766/1766/512
f 1767/1767/513 1768/1768/513 1769/1769/513
f 1770/1770/514 1771/1771/514 1772/1772/514
f 1773/1773/515 1774/1774/515 1775/1775/515
f 1776/1776/516 1777/1777/516 1778/1778/516
f 1779/1779/517 1780/1780/517 1781/1781/517
f 1782/1782/518 1783/1783/518 1784/1784/518
f 1785/1785/519 1786/1786/519 1787/1787/519
f 1788/1788/520 1789/1789/520 1790/1790/520
f 1791/1791/521 1792/1792/521 1793/1793/521
f 1794/1794/522 1795/1795/522 1796/1796/522
f 1797/1797/523 1798/1798/523 1799/1799/523
f 1800/1800/524 1801/1801/524 1802/1802/524
f 1803/1803/525 1804/1804/525 1805/1805/525
f 1806/1806/526 1807/1807/526 1808/1808/526
f 1809/1809/527 1810/1810/527 1811/1811/527
f 1809/1809/527 1811/1811/527 1812/1812/527
f 1813/1813/528 1814/1814/528 1815/1815/528
f 1813/1813/528 1815/1815/528 1816/1816/528
f 1817/1817/529 1818/1818/529 1819/1819/529
f 1817/1817/529 1819/1819/529 1820/1820/529
f 1821/1821/530 1822/1822/530 1823/1823/530
f 1821/1821/530 1823/1823/530 1824/1824/530
f 1825/1825/531 1826/1826/531 1827/1827/531
f 1825/1825/531 1827/1827/531 1828/1828/531
f 1829/1829/532 1830/1830/532 1831/1831/532
f 1829/1829/532 1831/1831/532 1832/1832/532
f 1833/1833/533 1834/1834/533 1835/1835/533
f 1833/1833/533 1835/1835/533 1836/1836/533
f 1837/1837/534 1838/1838/534 1839/1839/534
f 1837/1837/534 1839/1839/534 1840/1840/534
f 1841/1841/535 1842/1842/535 1843/1843/535
f 1841/1841/535 1843/1843/535 1844/1844/535
f 1845/1845/536 1846/1846/536 1847/1847/536
f 1845/1845/536 1847/1847/536 1848/1848/536
f 1849/1849/537 1850/1850/537 1851/1851/537
f 1849/1849/537 1851/1851/537 1852/1852/537
f 1853/1853/538 1854/1854/538 1855/1855/538
f 1853/1853/538 1855/1855/538 1856/1856/538
f 1857/1857/539 1858/1858/539 1859/1859/539
f 1857/1857/539 1859/1859/539 1860/1860/539
f 1861/1861/540 1862/1862/540 1863/1863/540
f 1861/1861/540 1863/1863/540 1864/1864/540
f 1865/1865/541 1866/1866/541 1867/1867/541
f 1865/1865/541 1867/1867/541 1868/1868/541
f 1869/1869/542 1870/1870/542 1871/1871/542
f 1869/1869/542 1871/1871/542 1872/1872/542
f 1873/1873/543 1874/1874/543 1875/1875/543
f 1873/1873/543 1875/1875/543 1876/1876/543
f 1877/1877/544 1878/1878/544 1879/1879/544
f 1877/1877/544 1879/1879/544 1880/1880/544
f 1881/1881/545 1882/1882/545 1883/1883/545
f 1881/1881/545 1883/1883/545 1884/1884/545
f 1885/1885/546 1886/1886/546 1887/1887/546
f 1885/1885/546 1887/1887/546 1888/1888/546
f 1889/1889/547 1890/1890/547 1891/1891/547
f 1889/1889/547 1891/1891/547 1892/1892/547
f 1893/1893/548 1894/1894/548 1895/1895/548
f 1893/1893/548 1895/1895/548 1896/1896/548
f 1897/1897/549 1898/1898/549 1899/1899/549
f 1897/1897/549 1899/1899/549 1900/1900/549
f 1901/1901/550 1902/1902/550 1903/1903/550
f 1901/1901/550 1903/1903/550 1904/1904/550
f 1905/1905/551 1906/1906/551 1907/1907/551
f 1908/1908/552 1909/1909/552 1910/1910/552
f 1911/1911/553 1912/1912/553 1913/1913/553
f 1914/1914/554 1915/1915/554 1916/1916/554
f 1917/1917/555 1918/1918/555 1919/1919/555
f 1920/1920/556 1921/1921/556 1922/1922/556
f 1923/1923/557 1924/1924/557 1925/1925/557
f 1926/1926/558 1927/1927/558 1928/1928/558
f 1929/1929/559 1930/1930/559 1931/1931/559
f 1932/1932/560 1933/1933/560 1934/1934/560
f 1935/1935/561 1936/1936/561 1937/1937/561
f 1938/1938/562 1939/1939/562 1940/1940/562
f 1941/1941/563 1942/1942/563 1943/1943/563
f 1944/1944/564 1945/1945/564 1946/1946/564
f 1947/1947/565 1948/1948/565 1949/1949/565
f 1950/1950/566 1951/1951/566 1952/1952/566
f 1953/1953/567 1954/1954/567 1955/1955/567
f 1956/1956/568 1957/1957/568 1958/1958/568
f 1959/1959/569 1960/1960/569 1961/1961/569
f 1962/1962/570 1963/1963/570 1964/1964/570
f 1965/1965/571 1966/1966/571 1967/1967/571
f 1968/1968/572 1969/1969/572 1970/1970/572
f 1971/1971/573 1972/1972/573 1973/1973/573
f 1974/1974/574 1975/1975/574 1976/1976/574
f 1977/1977/575 1978/1978/575 1979/1979/575
f 1977/1977/575 1979/1979/575 1980/1980/575
f 1981/1981/576 1982/1982/576 1983/1983/576
f 1981/1981/576 1983/1983/576 1984/1984/576
f 1985/1985/577 1986/1986/577 1987/1987/577
f 1985/1985/577 1987/1987/577 1988/1988/577
f 1989/1989/578 1990/1990/578 1991/1991/578
f 1989/1989/578 1991/1991/578 1992/1992/578
f 1993/1993/579 1994/1994/579 1995/1995/579
f 1993/1993/579 1995/1995/579 1996/1996/579
f 1997/1997/580 1998/1998/580 1999/1999/580
f 1997/1997/580 1999/1999/580 2000/2000/580
usemtl Safety_Ladder
f 2001/2001/581 2002/2002/581 2003/2003/581
f 2001/2001/581 2003/2003/581 2004/2004/581
f 2005/2005/582 2006/2006/582 2007/2007/582
f 2005/2005/582 2007/2007/582 2008/2008/582
f 2009/2009/583 2010/2010/583 2011/2011/583
f 2009/2009/583 2011/2011/583 2012/2012/583
f 2013/2013/584 2014/2014/584 2015/2015/584
f 2013/2013/584 2015/2015/584 2016/2016/584
f 2017/2017/585 2018/2018/585 2019/2019/585
f 2017/2017/585 2019/2019/585 2020/2020/585
f 2021/2021/586 2022/2022/586 2023/2023/586
f 2021/2021/586 2023/2023/586 2024/2024/586
f 2025/2025/587 2026/2026/587 2027/2027/587
f 2025/2025/587 2027/2027/587 2028/2028/587
f 2029/2029/588 2030/2030/588 2031/2031/588
f 2029/2029/588 2031/2031/588 2032/2032/588
f 2033/2033/589 2034/2034/589 2035/2035/589
f 2033/2033/589 2035/2035/589 2036/2036/589
f 2037/2037/590 2038/2038/590 2039/2039/590
f 2037/2037/590 2039/2039/590 2040/2040/590
f 2041/2041/591 2042/2042/591 2043/2043/591
f 2041/2041/591 2043/2043/591 2044/2044/591
f 2045/2045/592 2046/2046/592 2047/2047/592
f 2045/2045/592 2047/2047/592 2048/2048/592
f 2049/2049/593 2050/2050/593 2051/2051/593
f 2049/2049/593 2051/2051/593 2052/2052/593
f 2053/2053/594 2054/2054/594 2055/2055/594
f 2053/2053/594 2055/2055/594 2056/2056/594
f 2057/2057/595 2058/2058/595 2059/2059/595
f 2057/2057/595 2059/2059/595 2060/2060/595
f 2061/2061/596 2062/2062/596 2063/2063/596
f 2061/2061/596 2063/2063/596 2064/2064/596
f 2065/2065/597 2066/2066/597 2067/2067/597
f 2065/2065/597 2067/2067/597 2068/2068/597
f 2069/2069/598 2070/2070/598 2071/2071/598
f 2069/2069/598 2071/2071/598 2072/2072/598
f 2073/2073/599 2074/2074/599 2075/2075/599
f 2073/2073/599 2075/2075/599 2076/2076/599
f 2077/2077/600 2078/2078/600 2079/2079/600
f 2077/2077/600 2079/2079/600 2080/2080/600
f 2081/2081/601 2082/2082/601 2083/2083/601
f 2081/2081/601 2083/2083/601 2084/2084/601
f 2085/2085/602 2086/2086/602 2087/2087/602
f 2085/2085/602 2087/2087/602 2088/2088/602
f 2089/2089/603 2090/2090/603 2091/2091/603
f 2089/2089/603 2091/2091/603 2092/2092/603
f 2093/2093/604 2094/2094/604 2095/2095/604
f 2093/2093/604 2095/2095/604 2096/2096/604
f 2097/2097/605 2098/2098/605 2099/2099/605
f 2097/2097/605 2099/2099/605 2100/2100/605
f 2101/2101/606 2102/2102/606 2103/2103/606
f 2101/2101/606 2103/2103/606 2104/2104/606
f 2105/2105/607 2106/2106/607 2107/2107/607
f 2105/2105/607 2107/2107/607 2108/2108/607
f 2109/2109/608 2110/2110/608 2111/2111/608
f 2109/2109/608 2111/2111/608 2112/2112/608
f 2113/2113/609 2114/2114/609 2115/2115/609
f 2113/2113/609 2115/2115/609 2116/2116/609
f 2117/2117/610 2118/2118/610 2119/2119/610
f 2117/2117/610 2119/2119/610 2120/2120/610
f 2121/2121/611 2122/2122/611 2123/2123/611
f 2121/2121/611 2123/2123/611 2124/2124/611
f 2125/2125/612 2126/2126/612 2127/2127/612
f 2125/2125/612 2127/2127/612 2128/2128/612
f 2129/2129/613 2130/2130/613 2131/2131/613
f 2129/2129/613 2131/2131/613 2132/2132/613
f 2133/2133/614 2134/2134/614 2135/2135/614
f 2133/2133/614 2135/2135/614 2136/2136/614
f 2137/2137/615 2138/2138/615 2139/2139/615
f 2137/2137/615 2139/2139/615 2140/2140/615
f 2141/2141/616 2142/2142/616 2143/2143/616
f 2141/2141/616 2143/2143/616 2144/2144/616
f 2145/2145/617 2146/2146/617 2147/2147/617
f 2145/2145/617 2147/2147/617 2148/2148/617
f 2149/2149/618 2150/2150/618 2151/2151/618
f 2149/2149/618 2151/2151/618 2152/2152/618
f 2153/2153/619 2154/2154/619 2155/2155/619
f 2153/2153/619 2155/2155/619 2156/2156/619
f 2157/2157/620 2158/2158/620 2159/2159/620
f 2157/2157/620 2159/2159/620 2160/2160/620
f 2161/2161/621 2162/2162/621 2163/2163/621
f 2161/2161/621 2163/2163/621 2164/2164/621
f 2165/2165/622 2166/2166/622 2167/2167/622
f 2165/2165/622 2167/2167/622 2168/2168/622
f 2169/2169/623 2170/2170/623 2171/2171/623
f 2169/2169/623 2171/2171/623 2172/2172/623
f 2173/2173/624 2174/2174/624 2175/2175/624
f 2173/2173/624 2175/2175/624 2176/2176/624
f 2177/2177/625 2178/2178/625 2179/2179/625
f 2177/2177/625 2179/2179/625 2180/2180/625
f 2181/2181/626 2182/2182/626 2183/2183/626
f 2181/2181/626 2183/2183/626 2184/2184/626
f 2185/2185/627 2186/2186/627 2187/2187/627
f 2185/2185/627 2187/2187/627 2188/2188/627
f 2189/2189/628 2190/2190/628 2191/2191/628
f 2189/2189/628 2191/2191/628 2192/2192/628
f 2193/2193/629 2194/2194/629 2195/2195/629
f 2193/2193/629 2195/2195/629 2196/2196/629
f 2197/2197/630 2198/2198/630 2199/2199/630
f 2197/2197/630 2199/2199/630 2200/2200/630
f 2201/2201/631 2202/2202/631 2203/2203/631
f 2201/2201/631 2203/2203/631 2204/2204/631
f 2205/2205/632 2206/2206/632 2207/2207/632
f 2205/2205/632 2207/2207/632 2208/2208/632
f 2209/2209/633 2210/2210/633 2211/2211/633
f 2209/2209/633 2211/2211/633 2212/2212/633
f 2213/2213/634 2214/2214/634 2215/2215/634
f 2213/2213/634 2215/2215/634 2216/2216/634
f 2217/2217/635 2218/2218/635 2219/2219/635
f 2217/2217/635 2219/2219/635 2220/2220/635
f 2221/2221/636 2222/2222/636 2223/2223/636
f 2221/2221/636 2223/2223/636 2224/2224/636
f 2225/2225/637 2226/2226/637 2227/2227/637
f 2225/2225/637 2227/2227/637 2228/2228/637
f 2229/2229/638 2230/2230/638 2231/2231/638
f 2229/2229/638 2231/2231/638 2232/2232/638
f 2233/2233/639 2234/2234/639 2235/2235/639
f 2233/2233/639 2235/2235/639 2236/2236/639
f 2237/2237/640 2238/2238/640 2239/2239/640
f 2237/2237/640 2239/2239/640 2240/2240/640
f 2241/2241/641 2242/2242/641 2243/2243/641
f 2241/2241/641 2243/2243/641 2244/2244/641
f 2245/2245/642 2246/2246/642 2247/2247/642
f 2245/2245/642 2247/2247/642 2248/2248/642
f 2249/2249/643 2250/2250/643 2251/2251/643
f 2249/2249/643 2251/2251/643 2252/2252/643
f 2253/2253/644 2254/2254/644 2255/2255/644
f 2253/2253/644 2255/2255/644 2256/2256/644
f 2257/2257/645 2258/2258/645 2259/2259/645
f 2257/2257/645 2259/2259/645 2260/2260/645
f 2261/2261/646 2262/2262/646 2263/2263/646
f 2261/2261/646 2263/2263/646 2264/2264/646
f 2265/2265/647 2266/2266/647 2267/2267/647
f 2265/2265/647 2267/2267/647 2268/2268/647
f 2269/2269/648 2270/2270/648 2271/2271/648
f 2269/2269/648 2271/2271/648 2272/2272/648
f 2273/2273/649 2274/2274/649 2275/2275/649
f 2273/2273/649 2275/2275/649 2276/2276/649
f 2277/2277/650 2278/2278/650 2279/2279/650
f 2277/2277/650 2279/2279/650 2280/2280/650
f 2281/2281/651 2282/2282/651 2283/2283/651
f 2281/2281/651 2283/2283/651 2284/2284/651
f 2285/2285/652 2286/2286/652 2287/2287/652
f 2285/2285/652 2287/2287/652 2288/2288/652
f 2289/2289/653 2290/2290/653 2291/2291/653
f 2289/2289/653 2291/2291/653 2292/2292/653
f 2293/2293/654 2294/2294/654 2295/2295/654
f 2293/2293/654 2295/2295/654 2296/2296/654
f 2297/2297/655 2298/2298/655 2299/2299/655
f 2297/2297/655 2299/2299/655 2300/2300/655
f 2301/2301/656 2302/2302/656 2303/2303/656
f 2301/2301/656 2303/2303/656 2304/2304/656
f 2305/2305/657 2306/2306/657 2307/2307/657
f 2305/2305/657 2307/2307/657 2308/2308/657
f 2309/2309/658 2310/2310/658 2311/2311/658
f 2309/2309/658 2311/2311/658 2312/2312/658
f 2313/2313/659 2314/2314/659 2315/2315/659
f 2313/2313/659 2315/2315/659 2316/2316/659
f 2317/2317/660 2318/2318/660 2319/2319/660
f 2317/2317/660 2319/2319/660 2320/2320/660
f 2321/2321/661 2322/2322/661 2323/2323/661
f 2321/2321/661 2323/2323/661 2324/2324/661
f 2325/2325/662 2326/2326/662 2327/2327/662
f 2325/2325/662 2327/2327/662 2328/2328/662
f 2329/2329/663 2330/2330/663 2331/2331/663
f 2329/2329/663 2331/2331/663 2332/2332/663
f 2333/2333/664 2334/2334/664 2335/2335/664
f 2333/2333/664 2335/2335/664 2336/2336/664
f 2337/2337/665 2338/2338/665 2339/2339/665
f 2337/2337/665 2339/2339/665 2340/2340/665
f 2341/2341/666 2342/2342/666 2343/2343/666
f 2341/2341/666 2343/2343/666 2344/2344/666
f 2345/2345/667 2346/2346/667 2347/2347/667
f 2345/2345/667 2347/2347/667 2348/2348/667
f 2349/2349/668 2350/2350/668 2351/2351/668
f 2349/2349/668 2351/2351/668 2352/2352/668
f 2353/2353/669 2354/2354/669 2355/2355/669
f 2353/2353/669 2355/2355/669 2356/2356/669
f 2357/2357/670 2358/2358/670 2359/2359/670
f 2357/2357/670 2359/2359/670 2360/2360/670
f 2361/2361/671 2362/2362/671 2363/2363/671
f 2361/2361/671 2363/2363/671 2364/2364/671
f 2365/2365/672 2366/2366/672 2367/2367/672
f 2365/2365/672 2367/2367/672 2368/2368/672
f 2369/2369/673 2370/2370/673 2371/2371/673
f 2369/2369/673 2371/2371/673 2372/2372/673
f 2373/2373/674 2374/2374/674 2375/2375/674
f 2373/2373/674 2375/2375/674 2376/2376/674
f 2377/2377/675 2378/2378/675 2379/2379/675
f 2377/2377/675 2379/2379/675 2380/2380/675
f 2381/2381/676 2382/2382/676 2383/2383/676
f 2381/2381/676 2383/2383/676 2384/2384/676
f 2385/2385/677 2386/2386/677 2387/2387/677
f 2385/2385/677 2387/2387/677 2388/2388/677
f 2389/2389/678 2390/2390/678 2391/2391/678
f 2389/2389/678 2391/2391/678 2392/2392/678
f 2393/2393/679 2394/2394/679 2395/2395/679
f 2393/2393/679 2395/2395/679 2396/2396/679
f 2397/2397/680 2398/2398/680 2399/2399/680
f 2397/2397/680 2399/2399/680 2400/2400/680
f 2401/2401/681 2402/2402/681 2403/2403/681
f 2401/2401/681 2403/2403/681 2404/2404/681
f 2405/2405/682 2406/2406/682 2407/2407/682
f 2405/2405/682 2407/2407/682 2408/2408/682
f 2409/2409/683 2410/2410/683 2411/2411/683
f 2409/2409/683 2411/2411/683 2412/2412/683
f 2413/2413/684 2414/2414/684 2415/2415/684
f 2413/2413/684 2415/2415/684 2416/2416/684
f 2417/2417/685 2418/2418/685 2419/2419/685
f 2417/2417/685 2419/2419/685 2420/2420/685
f 2421/2421/686 2422/2422/686 2423/2423/686
f 2421/2421/686 2423/2423/686 2424/2424/686
f 2425/2425/687 2426/2426/687 2427/2427/687
f 2425/2425/687 2427/2427/687 2428/2428/687
f 2429/2429/688 2430/2430/688 2431/2431/688
f 2429/2429/688 2431/2431/688 2432/2432/688
f 2433/2433/689 2434/2434/689 2435/2435/689
f 2433/2433/689 2435/2435/689 2436/2436/689
f 2437/2437/690 2438/2438/690 2439/2439/690
f 2437/2437/690 2439/2439/690 2440/2440/690
f 2441/2441/691 2442/2442/691 2443/2443/691
f 2441/2441/691 2443/2443/691 2444/2444/691
f 2445/2445/692 2446/2446/692 2447/2447/692
f 2445/2445/692 2447/2447/692 2448/2448/692
f 2449/2449/693 2450/2450/693 2451/2451/693
f 2449/2449/693 2451/2451/693 2452/2452/693
f 2453/2453/694 2454/2454/694 2455/2455/694
f 2453/2453/694 2455/2455/694 2456/2456/694
f 2457/2457/695 2458/2458/695 2459/2459/695
f 2457/2457/695 2459/2459/695 2460/2460/695
f 2461/2461/696 2462/2462/696 2463/2463/696
f 2461/2461/696 2463/2463/696 2464/2464/696
f 2465/2465/697 2466/2466/697 2467/2467/697
f 2465/2465/697 2467/2467/697 2468/2468/697
f 2469/2469/698 2470/2470/698 2471/2471/698
f 2469/2469/698 2471/2471/698 2472/2472/698
f 2473/2473/699 2474/2474/699 2475/2475/699
f 2473/2473/699 2475/2475/699 2476/2476/699
f 2477/2477/700 2478/2478/700 2479/2479/700
f 2477/2477/700 2479/2479/700 2480/2480/700
f 2481/2481/701 2482/2482/701 2483/2483/701
f 2481/2481/701 2483/2483/701 2484/2484/701
f 2485/2485/702 2486/2486/702 2487/2487/702
f 2485/2485/702 2487/2487/702 2488/2488/702
f 2489/2489/703 2490/2490/703 2491/2491/703
f 2489/2489/703 2491/2491/703 2492/2492/703
f 2493/2493/704 2494/2494/704 2495/2495/704
f 2493/2493/704 2495/2495/704 2496/2496/704
f 2497/2497/705 2498/2498/705 2499/2499/705
f 2497/2497/705 2499/2499/705 2500/2500/705
f 2501/2501/706 2502/2502/706 2503/2503/706
f 2501/2501/706 2503/2503/706 2504/2504/706
f 2505/2505/707 2506/2506/707 2507/2507/707
f 2505/2505/707 2507/2507/707 2508/2508/707
f 2509/2509/708 2510/2510/708 2511/2511/708
f 2509/2509/708 2511/2511/708 2512/2512/708
f 2513/2513/709 2514/2514/709 2515/2515/709
f 2513/2513/709 2515/2515/709 2516/2516/709
f 2517/2517/710 2518/2518/710 2519/2519/710
f 2517/2517/710 2519/2519/710 2520/2520/710
f 2521/2521/711 2522/2522/711 2523/2523/711
f 2521/2521/711 2523/2523/711 2524/2524/711
f 2525/2525/712 2526/2526/712 2527/2527/712
f 2525/2525/712 2527/2527/712 2528/2528/712
f 2529/2529/713 2530/2530/713 2531/2531/713
f 2529/2529/713 2531/2531/713 2532/2532/713
f 2533/2533/714 2534/2534/714 2535/2535/714
f 2533/2533/714 2535/2535/714 2536/2536/714
f 2537/2537/715 2538/2538/715 2539/2539/715
f 2537/2537/715 2539/2539/715 2540/2540/715
f 2541/2541/716 2542/2542/716 2543/2543/716
f 2541/2541/716 2543/2543/716 2544/2544/716
f 2545/2545/717 2546/2546/717 2547/2547/717
f 2545/2545/717 2547/2547/717 2548/2548/717
f 2549/2549/718 2550/2550/718 2551/2551/718
f 2549/2549/718 2551/2551/718 2552/2552/718
f 2553/2553/719 2554/2554/719 2555/2555/719
f 2553/2553/719 2555/2555/719 2556/2556/719
f 2557/2557/720 2558/2558/720 2559/2559/720
f 2557/2557/720 2559/2559/720 2560/2560/720
f 2561/2561/721 2562/2562/721 2563/2563/721
f 2561/2561/721 2563/2563/721 2564/2564/721
f 2565/2565/722 2566/2566/722 2567/2567/722
f 2565/2565/722 2567/2567/722 2568/2568/722
f 2569/2569/723 2570/2570/723 2571/2571/723
f 2569/2569/723 2571/2571/723 2572/2572/723
f 2573/2573/724 2574/2574/724 2575/2575/724
f 2573/2573/724 2575/2575/724 2576/2576/724
