# Wavefront OBJ Harbor Wall
mtllib harbor_wall_l_shape_outer.mtl

v 0.0000 -4.5000 2.0000
v 54.6500 -4.5000 2.0000
v 54.6500 -4.1500 2.0000
v 0.0000 -4.1500 2.0000
v 54.6500 -4.5000 2.0000
v 55.0000 -4.5000 2.0000
v 55.0000 -4.1500 2.0000
v 54.6500 -4.1500 2.0000
v 54.6500 -4.1500 2.0000
v 55.0000 -4.1500 2.0000
v 55.0000 35.0000 2.0000
v 54.6500 35.0000 2.0000
v 0.0000 -4.1500 1.8000
v 0.0000 -4.1500 2.0000
v 54.6500 -4.1500 2.0000
v 54.6500 -4.1500 1.8000
v 54.6500 -4.1500 1.8000
v 54.6500 -4.1500 2.0000
v 54.6500 35.0000 2.0000
v 54.6500 35.0000 1.8000
v 0.0000 -4.1500 1.8000
v 50.5000 -4.1500 1.8000
v 50.5000 0.0000 1.8000
v 0.0000 0.0000 1.8000
v 50.5000 0.0000 1.8000
v 54.6500 0.0000 1.8000
v 54.6500 35.0000 1.8000
v 50.5000 35.0000 1.8000
v 50.5000 -4.1500 1.8000
v 54.6500 -4.1500 1.8000
v 54.6500 0.0000 1.8000
v 50.5000 0.0000 1.8000
v 55.0000 -4.5000 0.6000
v 55.0000 -4.5000 2.0000
v 0.0000 -4.5000 2.0000
v 0.0000 -4.5000 0.6000
v 55.0000 -4.5000 -1.5000
v 55.0000 -4.5000 0.6000
v 0.0000 -4.5000 0.6000
v 0.0000 -4.5000 -1.5000
v 55.0000 -4.5000 -16.2000
v 55.0000 -4.5000 -1.5000
v 0.0000 -4.5000 -1.5000
v 0.0000 -4.5000 -16.2000
v 55.0000 -4.5000 0.6000
v 55.0000 35.0000 0.6000
v 55.0000 35.0000 2.0000
v 55.0000 -4.5000 2.0000
v 55.0000 -4.5000 -1.5000
v 55.0000 35.0000 -1.5000
v 55.0000 35.0000 0.6000
v 55.0000 -4.5000 0.6000
v 55.0000 -4.5000 -16.2000
v 55.0000 35.0000 -16.2000
v 55.0000 35.0000 -1.5000
v 55.0000 -4.5000 -1.5000
v 0.0000 0.0000 -16.2000
v 0.0000 0.0000 1.8000
v 50.5000 0.0000 1.8000
v 50.5000 0.0000 -16.2000
v 50.5000 35.0000 -16.2000
v 50.5000 0.0000 -16.2000
v 50.5000 0.0000 1.8000
v 50.5000 35.0000 1.8000
v 0.0000 -4.5000 -16.2000
v 0.0000 -4.5000 2.0000
v 0.0000 0.0000 1.8000
v 0.0000 0.0000 -16.2000
v 50.5000 35.0000 -16.2000
v 50.5000 35.0000 1.8000
v 55.0000 35.0000 2.0000
v 55.0000 35.0000 -16.2000
v 0.0000 0.0000 -16.2000
v 50.5000 0.0000 -16.2000
v 50.5000 -4.5000 -16.2000
v 0.0000 -4.5000 -16.2000
v 50.5000 35.0000 -16.2000
v 55.0000 35.0000 -16.2000
v 55.0000 -4.5000 -16.2000
v 50.5000 -4.5000 -16.2000
v 4.7000 -4.5000 -0.6000
v 4.7228 -4.6148 -0.6000
v 4.7228 -4.6148 0.6000
v 4.7000 -4.5000 0.6000
v 4.7228 -4.6148 -0.6000
v 4.7879 -4.7121 -0.6000
v 4.7879 -4.7121 0.6000
v 4.7228 -4.6148 0.6000
v 4.7879 -4.7121 -0.6000
v 4.8852 -4.7772 -0.6000
v 4.8852 -4.7772 0.6000
v 4.7879 -4.7121 0.6000
v 4.8852 -4.7772 -0.6000
v 5.0000 -4.8000 -0.6000
v 5.0000 -4.8000 0.6000
v 4.8852 -4.7772 0.6000
v 5.0000 -4.8000 -0.6000
v 5.1148 -4.7772 -0.6000
v 5.1148 -4.7772 0.6000
v 5.0000 -4.8000 0.6000
v 5.1148 -4.7772 -0.6000
v 5.2121 -4.7121 -0.6000
v 5.2121 -4.7121 0.6000
v 5.1148 -4.7772 0.6000
v 5.2121 -4.7121 -0.6000
v 5.2772 -4.6148 -0.6000
v 5.2772 -4.6148 0.6000
v 5.2121 -4.7121 0.6000
v 5.2772 -4.6148 -0.6000
v 5.3000 -4.5000 -0.6000
v 5.3000 -4.5000 0.6000
v 5.2772 -4.6148 0.6000
v 5.0000 -4.5000 0.6000
v 4.7000 -4.5000 0.6000
v 4.7228 -4.6148 0.6000
v 5.0000 -4.5000 -0.6000
v 4.7228 -4.6148 -0.6000
v 4.7000 -4.5000 -0.6000
v 5.0000 -4.5000 0.6000
v 4.7228 -4.6148 0.6000
v 4.7879 -4.7121 0.6000
v 5.0000 -4.5000 -0.6000
v 4.7879 -4.7121 -0.6000
v 4.7228 -4.6148 -0.6000
v 5.0000 -4.5000 0.6000
v 4.7879 -4.7121 0.6000
v 4.8852 -4.7772 0.6000
v 5.0000 -4.5000 -0.6000
v 4.8852 -4.7772 -0.6000
v 4.7879 -4.7121 -0.6000
v 5.0000 -4.5000 0.6000
v 4.8852 -4.7772 0.6000
v 5.0000 -4.8000 0.6000
v 5.0000 -4.5000 -0.6000
v 5.0000 -4.8000 -0.6000
v 4.8852 -4.7772 -0.6000
v 5.0000 -4.5000 0.6000
v 5.0000 -4.8000 0.6000
v 5.1148 -4.7772 0.6000
v 5.0000 -4.5000 -0.6000
v 5.1148 -4.7772 -0.6000
v 5.0000 -4.8000 -0.6000
v 5.0000 -4.5000 0.6000
v 5.1148 -4.7772 0.6000
v 5.2121 -4.7121 0.6000
v 5.0000 -4.5000 -0.6000
v 5.2121 -4.7121 -0.6000
v 5.1148 -4.7772 -0.6000
v 5.0000 -4.5000 0.6000
v 5.2121 -4.7121 0.6000
v 5.2772 -4.6148 0.6000
v 5.0000 -4.5000 -0.6000
v 5.2772 -4.6148 -0.6000
v 5.2121 -4.7121 -0.6000
v 5.0000 -4.5000 0.6000
v 5.2772 -4.6148 0.6000
v 5.3000 -4.5000 0.6000
v 5.0000 -4.5000 -0.6000
v 5.3000 -4.5000 -0.6000
v 5.2772 -4.6148 -0.6000
v 15.7000 -4.5000 -0.6000
v 15.7228 -4.6148 -0.6000
v 15.7228 -4.6148 0.6000
v 15.7000 -4.5000 0.6000
v 15.7228 -4.6148 -0.6000
v 15.7879 -4.7121 -0.6000
v 15.7879 -4.7121 0.6000
v 15.7228 -4.6148 0.6000
v 15.7879 -4.7121 -0.6000
v 15.8852 -4.7772 -0.6000
v 15.8852 -4.7772 0.6000
v 15.7879 -4.7121 0.6000
v 15.8852 -4.7772 -0.6000
v 16.0000 -4.8000 -0.6000
v 16.0000 -4.8000 0.6000
v 15.8852 -4.7772 0.6000
v 16.0000 -4.8000 -0.6000
v 16.1148 -4.7772 -0.6000
v 16.1148 -4.7772 0.6000
v 16.0000 -4.8000 0.6000
v 16.1148 -4.7772 -0.6000
v 16.2121 -4.7121 -0.6000
v 16.2121 -4.7121 0.6000
v 16.1148 -4.7772 0.6000
v 16.2121 -4.7121 -0.6000
v 16.2772 -4.6148 -0.6000
v 16.2772 -4.6148 0.6000
v 16.2121 -4.7121 0.6000
v 16.2772 -4.6148 -0.6000
v 16.3000 -4.5000 -0.6000
v 16.3000 -4.5000 0.6000
v 16.2772 -4.6148 0.6000
v 16.0000 -4.5000 0.6000
v 15.7000 -4.5000 0.6000
v 15.7228 -4.6148 0.6000
v 16.0000 -4.5000 -0.6000
v 15.7228 -4.6148 -0.6000
v 15.7000 -4.5000 -0.6000
v 16.0000 -4.5000 0.6000
v 15.7228 -4.6148 0.6000
v 15.7879 -4.7121 0.6000
v 16.0000 -4.5000 -0.6000
v 15.7879 -4.7121 -0.6000
v 15.7228 -4.6148 -0.6000
v 16.0000 -4.5000 0.6000
v 15.7879 -4.7121 0.6000
v 15.8852 -4.7772 0.6000
v 16.0000 -4.5000 -0.6000
v 15.8852 -4.7772 -0.6000
v 15.7879 -4.7121 -0.6000
v 16.0000 -4.5000 0.6000
v 15.8852 -4.7772 0.6000
v 16.0000 -4.8000 0.6000
v 16.0000 -4.5000 -0.6000
v 16.0000 -4.8000 -0.6000
v 15.8852 -4.7772 -0.6000
v 16.0000 -4.5000 0.6000
v 16.0000 -4.8000 0.6000
v 16.1148 -4.7772 0.6000
v 16.0000 -4.5000 -0.6000
v 16.1148 -4.7772 -0.6000
v 16.0000 -4.8000 -0.6000
v 16.0000 -4.5000 0.6000
v 16.1148 -4.7772 0.6000
v 16.2121 -4.7121 0.6000
v 16.0000 -4.5000 -0.6000
v 16.2121 -4.7121 -0.6000
v 16.1148 -4.7772 -0.6000
v 16.0000 -4.5000 0.6000
v 16.2121 -4.7121 0.6000
v 16.2772 -4.6148 0.6000
v 16.0000 -4.5000 -0.6000
v 16.2772 -4.6148 -0.6000
v 16.2121 -4.7121 -0.6000
v 16.0000 -4.5000 0.6000
v 16.2772 -4.6148 0.6000
v 16.3000 -4.5000 0.6000
v 16.0000 -4.5000 -0.6000
v 16.3000 -4.5000 -0.6000
v 16.2772 -4.6148 -0.6000
v 26.7000 -4.5000 -0.6000
v 26.7228 -4.6148 -0.6000
v 26.7228 -4.6148 0.6000
v 26.7000 -4.5000 0.6000
v 26.7228 -4.6148 -0.6000
v 26.7879 -4.7121 -0.6000
v 26.7879 -4.7121 0.6000
v 26.7228 -4.6148 0.6000
v 26.7879 -4.7121 -0.6000
v 26.8852 -4.7772 -0.6000
v 26.8852 -4.7772 0.6000
v 26.7879 -4.7121 0.6000
v 26.8852 -4.7772 -0.6000
v 27.0000 -4.8000 -0.6000
v 27.0000 -4.8000 0.6000
v 26.8852 -4.7772 0.6000
v 27.0000 -4.8000 -0.6000
v 27.1148 -4.7772 -0.6000
v 27.1148 -4.7772 0.6000
v 27.0000 -4.8000 0.6000
v 27.1148 -4.7772 -0.6000
v 27.2121 -4.7121 -0.6000
v 27.2121 -4.7121 0.6000
v 27.1148 -4.7772 0.6000
v 27.2121 -4.7121 -0.6000
v 27.2772 -4.6148 -0.6000
v 27.2772 -4.6148 0.6000
v 27.2121 -4.7121 0.6000
v 27.2772 -4.6148 -0.6000
v 27.3000 -4.5000 -0.6000
v 27.3000 -4.5000 0.6000
v 27.2772 -4.6148 0.6000
v 27.0000 -4.5000 0.6000
v 26.7000 -4.5000 0.6000
v 26.7228 -4.6148 0.6000
v 27.0000 -4.5000 -0.6000
v 26.7228 -4.6148 -0.6000
v 26.7000 -4.5000 -0.6000
v 27.0000 -4.5000 0.6000
v 26.7228 -4.6148 0.6000
v 26.7879 -4.7121 0.6000
v 27.0000 -4.5000 -0.6000
v 26.7879 -4.7121 -0.6000
v 26.7228 -4.6148 -0.6000
v 27.0000 -4.5000 0.6000
v 26.7879 -4.7121 0.6000
v 26.8852 -4.7772 0.6000
v 27.0000 -4.5000 -0.6000
v 26.8852 -4.7772 -0.6000
v 26.7879 -4.7121 -0.6000
v 27.0000 -4.5000 0.6000
v 26.8852 -4.7772 0.6000
v 27.0000 -4.8000 0.6000
v 27.0000 -4.5000 -0.6000
v 27.0000 -4.8000 -0.6000
v 26.8852 -4.7772 -0.6000
v 27.0000 -4.5000 0.6000
v 27.0000 -4.8000 0.6000
v 27.1148 -4.7772 0.6000
v 27.0000 -4.5000 -0.6000
v 27.1148 -4.7772 -0.6000
v 27.0000 -4.8000 -0.6000
v 27.0000 -4.5000 0.6000
v 27.1148 -4.7772 0.6000
v 27.2121 -4.7121 0.6000
v 27.0000 -4.5000 -0.6000
v 27.2121 -4.7121 -0.6000
v 27.1148 -4.7772 -0.6000
v 27.0000 -4.5000 0.6000
v 27.2121 -4.7121 0.6000
v 27.2772 -4.6148 0.6000
v 27.0000 -4.5000 -0.6000
v 27.2772 -4.6148 -0.6000
v 27.2121 -4.7121 -0.6000
v 27.0000 -4.5000 0.6000
v 27.2772 -4.6148 0.6000
v 27.3000 -4.5000 0.6000
v 27.0000 -4.5000 -0.6000
v 27.3000 -4.5000 -0.6000
v 27.2772 -4.6148 -0.6000
v 37.7000 -4.5000 -0.6000
v 37.7228 -4.6148 -0.6000
v 37.7228 -4.6148 0.6000
v 37.7000 -4.5000 0.6000
v 37.7228 -4.6148 -0.6000
v 37.7879 -4.7121 -0.6000
v 37.7879 -4.7121 0.6000
v 37.7228 -4.6148 0.6000
v 37.7879 -4.7121 -0.6000
v 37.8852 -4.7772 -0.6000
v 37.8852 -4.7772 0.6000
v 37.7879 -4.7121 0.6000
v 37.8852 -4.7772 -0.6000
v 38.0000 -4.8000 -0.6000
v 38.0000 -4.8000 0.6000
v 37.8852 -4.7772 0.6000
v 38.0000 -4.8000 -0.6000
v 38.1148 -4.7772 -0.6000
v 38.1148 -4.7772 0.6000
v 38.0000 -4.8000 0.6000
v 38.1148 -4.7772 -0.6000
v 38.2121 -4.7121 -0.6000
v 38.2121 -4.7121 0.6000
v 38.1148 -4.7772 0.6000
v 38.2121 -4.7121 -0.6000
v 38.2772 -4.6148 -0.6000
v 38.2772 -4.6148 0.6000
v 38.2121 -4.7121 0.6000
v 38.2772 -4.6148 -0.6000
v 38.3000 -4.5000 -0.6000
v 38.3000 -4.5000 0.6000
v 38.2772 -4.6148 0.6000
v 38.0000 -4.5000 0.6000
v 37.7000 -4.5000 0.6000
v 37.7228 -4.6148 0.6000
v 38.0000 -4.5000 -0.6000
v 37.7228 -4.6148 -0.6000
v 37.7000 -4.5000 -0.6000
v 38.0000 -4.5000 0.6000
v 37.7228 -4.6148 0.6000
v 37.7879 -4.7121 0.6000
v 38.0000 -4.5000 -0.6000
v 37.7879 -4.7121 -0.6000
v 37.7228 -4.6148 -0.6000
v 38.0000 -4.5000 0.6000
v 37.7879 -4.7121 0.6000
v 37.8852 -4.7772 0.6000
v 38.0000 -4.5000 -0.6000
v 37.8852 -4.7772 -0.6000
v 37.7879 -4.7121 -0.6000
v 38.0000 -4.5000 0.6000
v 37.8852 -4.7772 0.6000
v 38.0000 -4.8000 0.6000
v 38.0000 -4.5000 -0.6000
v 38.0000 -4.8000 -0.6000
v 37.8852 -4.7772 -0.6000
v 38.0000 -4.5000 0.6000
v 38.0000 -4.8000 0.6000
v 38.1148 -4.7772 0.6000
v 38.0000 -4.5000 -0.6000
v 38.1148 -4.7772 -0.6000
v 38.0000 -4.8000 -0.6000
v 38.0000 -4.5000 0.6000
v 38.1148 -4.7772 0.6000
v 38.2121 -4.7121 0.6000
v 38.0000 -4.5000 -0.6000
v 38.2121 -4.7121 -0.6000
v 38.1148 -4.7772 -0.6000
v 38.0000 -4.5000 0.6000
v 38.2121 -4.7121 0.6000
v 38.2772 -4.6148 0.6000
v 38.0000 -4.5000 -0.6000
v 38.2772 -4.6148 -0.6000
v 38.2121 -4.7121 -0.6000
v 38.0000 -4.5000 0.6000
v 38.2772 -4.6148 0.6000
v 38.3000 -4.5000 0.6000
v 38.0000 -4.5000 -0.6000
v 38.3000 -4.5000 -0.6000
v 38.2772 -4.6148 -0.6000
v 55.0000 0.2000 -0.6000
v 55.1148 0.2228 -0.6000
v 55.1148 0.2228 0.6000
v 55.0000 0.2000 0.6000
v 55.1148 0.2228 -0.6000
v 55.2121 0.2879 -0.6000
v 55.2121 0.2879 0.6000
v 55.1148 0.2228 0.6000
v 55.2121 0.2879 -0.6000
v 55.2772 0.3852 -0.6000
v 55.2772 0.3852 0.6000
v 55.2121 0.2879 0.6000
v 55.2772 0.3852 -0.6000
v 55.3000 0.5000 -0.6000
v 55.3000 0.5000 0.6000
v 55.2772 0.3852 0.6000
v 55.3000 0.5000 -0.6000
v 55.2772 0.6148 -0.6000
v 55.2772 0.6148 0.6000
v 55.3000 0.5000 0.6000
v 55.2772 0.6148 -0.6000
v 55.2121 0.7121 -0.6000
v 55.2121 0.7121 0.6000
v 55.2772 0.6148 0.6000
v 55.2121 0.7121 -0.6000
v 55.1148 0.7772 -0.6000
v 55.1148 0.7772 0.6000
v 55.2121 0.7121 0.6000
v 55.1148 0.7772 -0.6000
v 55.0000 0.8000 -0.6000
v 55.0000 0.8000 0.6000
v 55.1148 0.7772 0.6000
v 55.0000 0.5000 0.6000
v 55.0000 0.2000 0.6000
v 55.1148 0.2228 0.6000
v 55.0000 0.5000 -0.6000
v 55.1148 0.2228 -0.6000
v 55.0000 0.2000 -0.6000
v 55.0000 0.5000 0.6000
v 55.1148 0.2228 0.6000
v 55.2121 0.2879 0.6000
v 55.0000 0.5000 -0.6000
v 55.2121 0.2879 -0.6000
v 55.1148 0.2228 -0.6000
v 55.0000 0.5000 0.6000
v 55.2121 0.2879 0.6000
v 55.2772 0.3852 0.6000
v 55.0000 0.5000 -0.6000
v 55.2772 0.3852 -0.6000
v 55.2121 0.2879 -0.6000
v 55.0000 0.5000 0.6000
v 55.2772 0.3852 0.6000
v 55.3000 0.5000 0.6000
v 55.0000 0.5000 -0.6000
v 55.3000 0.5000 -0.6000
v 55.2772 0.3852 -0.6000
v 55.0000 0.5000 0.6000
v 55.3000 0.5000 0.6000
v 55.2772 0.6148 0.6000
v 55.0000 0.5000 -0.6000
v 55.2772 0.6148 -0.6000
v 55.3000 0.5000 -0.6000
v 55.0000 0.5000 0.6000
v 55.2772 0.6148 0.6000
v 55.2121 0.7121 0.6000
v 55.0000 0.5000 -0.6000
v 55.2121 0.7121 -0.6000
v 55.2772 0.6148 -0.6000
v 55.0000 0.5000 0.6000
v 55.2121 0.7121 0.6000
v 55.1148 0.7772 0.6000
v 55.0000 0.5000 -0.6000
v 55.1148 0.7772 -0.6000
v 55.2121 0.7121 -0.6000
v 55.0000 0.5000 0.6000
v 55.1148 0.7772 0.6000
v 55.0000 0.8000 0.6000
v 55.0000 0.5000 -0.6000
v 55.0000 0.8000 -0.6000
v 55.1148 0.7772 -0.6000
v 55.0000 11.2000 -0.6000
v 55.1148 11.2228 -0.6000
v 55.1148 11.2228 0.6000
v 55.0000 11.2000 0.6000
v 55.1148 11.2228 -0.6000
v 55.2121 11.2879 -0.6000
v 55.2121 11.2879 0.6000
v 55.1148 11.2228 0.6000
v 55.2121 11.2879 -0.6000
v 55.2772 11.3852 -0.6000
v 55.2772 11.3852 0.6000
v 55.2121 11.2879 0.6000
v 55.2772 11.3852 -0.6000
v 55.3000 11.5000 -0.6000
v 55.3000 11.5000 0.6000
v 55.2772 11.3852 0.6000
v 55.3000 11.5000 -0.6000
v 55.2772 11.6148 -0.6000
v 55.2772 11.6148 0.6000
v 55.3000 11.5000 0.6000
v 55.2772 11.6148 -0.6000
v 55.2121 11.7121 -0.6000
v 55.2121 11.7121 0.6000
v 55.2772 11.6148 0.6000
v 55.2121 11.7121 -0.6000
v 55.1148 11.7772 -0.6000
v 55.1148 11.7772 0.6000
v 55.2121 11.7121 0.6000
v 55.1148 11.7772 -0.6000
v 55.0000 11.8000 -0.6000
v 55.0000 11.8000 0.6000
v 55.1148 11.7772 0.6000
v 55.0000 11.5000 0.6000
v 55.0000 11.2000 0.6000
v 55.1148 11.2228 0.6000
v 55.0000 11.5000 -0.6000
v 55.1148 11.2228 -0.6000
v 55.0000 11.2000 -0.6000
v 55.0000 11.5000 0.6000
v 55.1148 11.2228 0.6000
v 55.2121 11.2879 0.6000
v 55.0000 11.5000 -0.6000
v 55.2121 11.2879 -0.6000
v 55.1148 11.2228 -0.6000
v 55.0000 11.5000 0.6000
v 55.2121 11.2879 0.6000
v 55.2772 11.3852 0.6000
v 55.0000 11.5000 -0.6000
v 55.2772 11.3852 -0.6000
v 55.2121 11.2879 -0.6000
v 55.0000 11.5000 0.6000
v 55.2772 11.3852 0.6000
v 55.3000 11.5000 0.6000
v 55.0000 11.5000 -0.6000
v 55.3000 11.5000 -0.6000
v 55.2772 11.3852 -0.6000
v 55.0000 11.5000 0.6000
v 55.3000 11.5000 0.6000
v 55.2772 11.6148 0.6000
v 55.0000 11.5000 -0.6000
v 55.2772 11.6148 -0.6000
v 55.3000 11.5000 -0.6000
v 55.0000 11.5000 0.6000
v 55.2772 11.6148 0.6000
v 55.2121 11.7121 0.6000
v 55.0000 11.5000 -0.6000
v 55.2121 11.7121 -0.6000
v 55.2772 11.6148 -0.6000
v 55.0000 11.5000 0.6000
v 55.2121 11.7121 0.6000
v 55.1148 11.7772 0.6000
v 55.0000 11.5000 -0.6000
v 55.1148 11.7772 -0.6000
v 55.2121 11.7121 -0.6000
v 55.0000 11.5000 0.6000
v 55.1148 11.7772 0.6000
v 55.0000 11.8000 0.6000
v 55.0000 11.5000 -0.6000
v 55.0000 11.8000 -0.6000
v 55.1148 11.7772 -0.6000
v 55.0000 22.2000 -0.6000
v 55.1148 22.2228 -0.6000
v 55.1148 22.2228 0.6000
v 55.0000 22.2000 0.6000
v 55.1148 22.2228 -0.6000
v 55.2121 22.2879 -0.6000
v 55.2121 22.2879 0.6000
v 55.1148 22.2228 0.6000
v 55.2121 22.2879 -0.6000
v 55.2772 22.3852 -0.6000
v 55.2772 22.3852 0.6000
v 55.2121 22.2879 0.6000
v 55.2772 22.3852 -0.6000
v 55.3000 22.5000 -0.6000
v 55.3000 22.5000 0.6000
v 55.2772 22.3852 0.6000
v 55.3000 22.5000 -0.6000
v 55.2772 22.6148 -0.6000
v 55.2772 22.6148 0.6000
v 55.3000 22.5000 0.6000
v 55.2772 22.6148 -0.6000
v 55.2121 22.7121 -0.6000
v 55.2121 22.7121 0.6000
v 55.2772 22.6148 0.6000
v 55.2121 22.7121 -0.6000
v 55.1148 22.7772 -0.6000
v 55.1148 22.7772 0.6000
v 55.2121 22.7121 0.6000
v 55.1148 22.7772 -0.6000
v 55.0000 22.8000 -0.6000
v 55.0000 22.8000 0.6000
v 55.1148 22.7772 0.6000
v 55.0000 22.5000 0.6000
v 55.0000 22.2000 0.6000
v 55.1148 22.2228 0.6000
v 55.0000 22.5000 -0.6000
v 55.1148 22.2228 -0.6000
v 55.0000 22.2000 -0.6000
v 55.0000 22.5000 0.6000
v 55.1148 22.2228 0.6000
v 55.2121 22.2879 0.6000
v 55.0000 22.5000 -0.6000
v 55.2121 22.2879 -0.6000
v 55.1148 22.2228 -0.6000
v 55.0000 22.5000 0.6000
v 55.2121 22.2879 0.6000
v 55.2772 22.3852 0.6000
v 55.0000 22.5000 -0.6000
v 55.2772 22.3852 -0.6000
v 55.2121 22.2879 -0.6000
v 55.0000 22.5000 0.6000
v 55.2772 22.3852 0.6000
v 55.3000 22.5000 0.6000
v 55.0000 22.5000 -0.6000
v 55.3000 22.5000 -0.6000
v 55.2772 22.3852 -0.6000
v 55.0000 22.5000 0.6000
v 55.3000 22.5000 0.6000
v 55.2772 22.6148 0.6000
v 55.0000 22.5000 -0.6000
v 55.2772 22.6148 -0.6000
v 55.3000 22.5000 -0.6000
v 55.0000 22.5000 0.6000
v 55.2772 22.6148 0.6000
v 55.2121 22.7121 0.6000
v 55.0000 22.5000 -0.6000
v 55.2121 22.7121 -0.6000
v 55.2772 22.6148 -0.6000
v 55.0000 22.5000 0.6000
v 55.2121 22.7121 0.6000
v 55.1148 22.7772 0.6000
v 55.0000 22.5000 -0.6000
v 55.1148 22.7772 -0.6000
v 55.2121 22.7121 -0.6000
v 55.0000 22.5000 0.6000
v 55.1148 22.7772 0.6000
v 55.0000 22.8000 0.6000
v 55.0000 22.5000 -0.6000
v 55.0000 22.8000 -0.6000
v 55.1148 22.7772 -0.6000
v 5.3500 -3.8500 1.8000
v 5.3031 -3.6750 1.8000
v 5.3031 -3.6750 1.8800
v 5.3500 -3.8500 1.8800
v 5.3031 -3.6750 1.8000
v 5.1750 -3.5469 1.8000
v 5.1750 -3.5469 1.8800
v 5.3031 -3.6750 1.8800
v 5.1750 -3.5469 1.8000
v 5.0000 -3.5000 1.8000
v 5.0000 -3.5000 1.8800
v 5.1750 -3.5469 1.8800
v 5.0000 -3.5000 1.8000
v 4.8250 -3.5469 1.8000
v 4.8250 -3.5469 1.8800
v 5.0000 -3.5000 1.8800
v 4.8250 -3.5469 1.8000
v 4.6969 -3.6750 1.8000
v 4.6969 -3.6750 1.8800
v 4.8250 -3.5469 1.8800
v 4.6969 -3.6750 1.8000
v 4.6500 -3.8500 1.8000
v 4.6500 -3.8500 1.8800
v 4.6969 -3.6750 1.8800
v 4.6500 -3.8500 1.8000
v 4.6969 -4.0250 1.8000
v 4.6969 -4.0250 1.8800
v 4.6500 -3.8500 1.8800
v 4.6969 -4.0250 1.8000
v 4.8250 -4.1531 1.8000
v 4.8250 -4.1531 1.8800
v 4.6969 -4.0250 1.8800
v 4.8250 -4.1531 1.8000
v 5.0000 -4.2000 1.8000
v 5.0000 -4.2000 1.8800
v 4.8250 -4.1531 1.8800
v 5.0000 -4.2000 1.8000
v 5.1750 -4.1531 1.8000
v 5.1750 -4.1531 1.8800
v 5.0000 -4.2000 1.8800
v 5.1750 -4.1531 1.8000
v 5.3031 -4.0250 1.8000
v 5.3031 -4.0250 1.8800
v 5.1750 -4.1531 1.8800
v 5.3031 -4.0250 1.8000
v 5.3031 -4.0250 1.8800
v 5.3500 -3.8500 1.8800
v 5.3500 -3.8500 1.8000
v 5.0000 -3.8500 1.8800
v 5.3500 -3.8500 1.8800
v 5.3031 -3.6750 1.8800
v 5.0000 -3.8500 1.8000
v 5.3031 -3.6750 1.8000
v 5.3500 -3.8500 1.8000
v 5.0000 -3.8500 1.8800
v 5.3031 -3.6750 1.8800
v 5.1750 -3.5469 1.8800
v 5.0000 -3.8500 1.8000
v 5.1750 -3.5469 1.8000
v 5.3031 -3.6750 1.8000
v 5.0000 -3.8500 1.8800
v 5.1750 -3.5469 1.8800
v 5.0000 -3.5000 1.8800
v 5.0000 -3.8500 1.8000
v 5.0000 -3.5000 1.8000
v 5.1750 -3.5469 1.8000
v 5.0000 -3.8500 1.8800
v 5.0000 -3.5000 1.8800
v 4.8250 -3.5469 1.8800
v 5.0000 -3.8500 1.8000
v 4.8250 -3.5469 1.8000
v 5.0000 -3.5000 1.8000
v 5.0000 -3.8500 1.8800
v 4.8250 -3.5469 1.8800
v 4.6969 -3.6750 1.8800
v 5.0000 -3.8500 1.8000
v 4.6969 -3.6750 1.8000
v 4.8250 -3.5469 1.8000
v 5.0000 -3.8500 1.8800
v 4.6969 -3.6750 1.8800
v 4.6500 -3.8500 1.8800
v 5.0000 -3.8500 1.8000
v 4.6500 -3.8500 1.8000
v 4.6969 -3.6750 1.8000
v 5.0000 -3.8500 1.8800
v 4.6500 -3.8500 1.8800
v 4.6969 -4.0250 1.8800
v 5.0000 -3.8500 1.8000
v 4.6969 -4.0250 1.8000
v 4.6500 -3.8500 1.8000
v 5.0000 -3.8500 1.8800
v 4.6969 -4.0250 1.8800
v 4.8250 -4.1531 1.8800
v 5.0000 -3.8500 1.8000
v 4.8250 -4.1531 1.8000
v 4.6969 -4.0250 1.8000
v 5.0000 -3.8500 1.8800
v 4.8250 -4.1531 1.8800
v 5.0000 -4.2000 1.8800
v 5.0000 -3.8500 1.8000
v 5.0000 -4.2000 1.8000
v 4.8250 -4.1531 1.8000
v 5.0000 -3.8500 1.8800
v 5.0000 -4.2000 1.8800
v 5.1750 -4.1531 1.8800
v 5.0000 -3.8500 1.8000
v 5.1750 -4.1531 1.8000
v 5.0000 -4.2000 1.8000
v 5.0000 -3.8500 1.8800
v 5.1750 -4.1531 1.8800
v 5.3031 -4.0250 1.8800
v 5.0000 -3.8500 1.8000
v 5.3031 -4.0250 1.8000
v 5.1750 -4.1531 1.8000
v 5.0000 -3.8500 1.8800
v 5.3031 -4.0250 1.8800
v 5.3500 -3.8500 1.8800
v 5.0000 -3.8500 1.8000
v 5.3500 -3.8500 1.8000
v 5.3031 -4.0250 1.8000
v 5.2200 -3.8500 1.8800
v 5.1905 -3.7400 1.8800
v 5.1905 -3.7400 2.3500
v 5.2200 -3.8500 2.3500
v 5.1905 -3.7400 1.8800
v 5.1100 -3.6595 1.8800
v 5.1100 -3.6595 2.3500
v 5.1905 -3.7400 2.3500
v 5.1100 -3.6595 1.8800
v 5.0000 -3.6300 1.8800
v 5.0000 -3.6300 2.3500
v 5.1100 -3.6595 2.3500
v 5.0000 -3.6300 1.8800
v 4.8900 -3.6595 1.8800
v 4.8900 -3.6595 2.3500
v 5.0000 -3.6300 2.3500
v 4.8900 -3.6595 1.8800
v 4.8095 -3.7400 1.8800
v 4.8095 -3.7400 2.3500
v 4.8900 -3.6595 2.3500
v 4.8095 -3.7400 1.8800
v 4.7800 -3.8500 1.8800
v 4.7800 -3.8500 2.3500
v 4.8095 -3.7400 2.3500
v 4.7800 -3.8500 1.8800
v 4.8095 -3.9600 1.8800
v 4.8095 -3.9600 2.3500
v 4.7800 -3.8500 2.3500
v 4.8095 -3.9600 1.8800
v 4.8900 -4.0405 1.8800
v 4.8900 -4.0405 2.3500
v 4.8095 -3.9600 2.3500
v 4.8900 -4.0405 1.8800
v 5.0000 -4.0700 1.8800
v 5.0000 -4.0700 2.3500
v 4.8900 -4.0405 2.3500
v 5.0000 -4.0700 1.8800
v 5.1100 -4.0405 1.8800
v 5.1100 -4.0405 2.3500
v 5.0000 -4.0700 2.3500
v 5.1100 -4.0405 1.8800
v 5.1905 -3.9600 1.8800
v 5.1905 -3.9600 2.3500
v 5.1100 -4.0405 2.3500
v 5.1905 -3.9600 1.8800
v 5.1905 -3.9600 2.3500
v 5.2200 -3.8500 2.3500
v 5.2200 -3.8500 1.8800
v 5.2900 -3.8500 2.3500
v 5.2511 -3.7050 2.3500
v 5.2511 -3.7050 2.4800
v 5.2900 -3.8500 2.4800
v 5.2511 -3.7050 2.3500
v 5.1450 -3.5989 2.3500
v 5.1450 -3.5989 2.4800
v 5.2511 -3.7050 2.4800
v 5.1450 -3.5989 2.3500
v 5.0000 -3.5600 2.3500
v 5.0000 -3.5600 2.4800
v 5.1450 -3.5989 2.4800
v 5.0000 -3.5600 2.3500
v 4.8550 -3.5989 2.3500
v 4.8550 -3.5989 2.4800
v 5.0000 -3.5600 2.4800
v 4.8550 -3.5989 2.3500
v 4.7489 -3.7050 2.3500
v 4.7489 -3.7050 2.4800
v 4.8550 -3.5989 2.4800
v 4.7489 -3.7050 2.3500
v 4.7100 -3.8500 2.3500
v 4.7100 -3.8500 2.4800
v 4.7489 -3.7050 2.4800
v 4.7100 -3.8500 2.3500
v 4.7489 -3.9950 2.3500
v 4.7489 -3.9950 2.4800
v 4.7100 -3.8500 2.4800
v 4.7489 -3.9950 2.3500
v 4.8550 -4.1011 2.3500
v 4.8550 -4.1011 2.4800
v 4.7489 -3.9950 2.4800
v 4.8550 -4.1011 2.3500
v 5.0000 -4.1400 2.3500
v 5.0000 -4.1400 2.4800
v 4.8550 -4.1011 2.4800
v 5.0000 -4.1400 2.3500
v 5.1450 -4.1011 2.3500
v 5.1450 -4.1011 2.4800
v 5.0000 -4.1400 2.4800
v 5.1450 -4.1011 2.3500
v 5.2511 -3.9950 2.3500
v 5.2511 -3.9950 2.4800
v 5.1450 -4.1011 2.4800
v 5.2511 -3.9950 2.3500
v 5.2511 -3.9950 2.4800
v 5.2900 -3.8500 2.4800
v 5.2900 -3.8500 2.3500
v 5.0000 -3.8500 2.4800
v 5.2900 -3.8500 2.4800
v 5.2511 -3.7050 2.4800
v 5.0000 -3.8500 2.3500
v 5.2511 -3.7050 2.3500
v 5.2900 -3.8500 2.3500
v 5.0000 -3.8500 2.4800
v 5.2511 -3.7050 2.4800
v 5.1450 -3.5989 2.4800
v 5.0000 -3.8500 2.3500
v 5.1450 -3.5989 2.3500
v 5.2511 -3.7050 2.3500
v 5.0000 -3.8500 2.4800
v 5.1450 -3.5989 2.4800
v 5.0000 -3.5600 2.4800
v 5.0000 -3.8500 2.3500
v 5.0000 -3.5600 2.3500
v 5.1450 -3.5989 2.3500
v 5.0000 -3.8500 2.4800
v 5.0000 -3.5600 2.4800
v 4.8550 -3.5989 2.4800
v 5.0000 -3.8500 2.3500
v 4.8550 -3.5989 2.3500
v 5.0000 -3.5600 2.3500
v 5.0000 -3.8500 2.4800
v 4.8550 -3.5989 2.4800
v 4.7489 -3.7050 2.4800
v 5.0000 -3.8500 2.3500
v 4.7489 -3.7050 2.3500
v 4.8550 -3.5989 2.3500
v 5.0000 -3.8500 2.4800
v 4.7489 -3.7050 2.4800
v 4.7100 -3.8500 2.4800
v 5.0000 -3.8500 2.3500
v 4.7100 -3.8500 2.3500
v 4.7489 -3.7050 2.3500
v 5.0000 -3.8500 2.4800
v 4.7100 -3.8500 2.4800
v 4.7489 -3.9950 2.4800
v 5.0000 -3.8500 2.3500
v 4.7489 -3.9950 2.3500
v 4.7100 -3.8500 2.3500
v 5.0000 -3.8500 2.4800
v 4.7489 -3.9950 2.4800
v 4.8550 -4.1011 2.4800
v 5.0000 -3.8500 2.3500
v 4.8550 -4.1011 2.3500
v 4.7489 -3.9950 2.3500
v 5.0000 -3.8500 2.4800
v 4.8550 -4.1011 2.4800
v 5.0000 -4.1400 2.4800
v 5.0000 -3.8500 2.3500
v 5.0000 -4.1400 2.3500
v 4.8550 -4.1011 2.3500
v 5.0000 -3.8500 2.4800
v 5.0000 -4.1400 2.4800
v 5.1450 -4.1011 2.4800
v 5.0000 -3.8500 2.3500
v 5.1450 -4.1011 2.3500
v 5.0000 -4.1400 2.3500
v 5.0000 -3.8500 2.4800
v 5.1450 -4.1011 2.4800
v 5.2511 -3.9950 2.4800
v 5.0000 -3.8500 2.3500
v 5.2511 -3.9950 2.3500
v 5.1450 -4.1011 2.3500
v 5.0000 -3.8500 2.4800
v 5.2511 -3.9950 2.4800
v 5.2900 -3.8500 2.4800
v 5.0000 -3.8500 2.3500
v 5.2900 -3.8500 2.3500
v 5.2511 -3.9950 2.3500
v 4.6200 -3.9300 2.2400
v 5.3800 -3.9300 2.2400
v 5.3800 -3.7700 2.2400
v 4.6200 -3.7700 2.2400
v 4.6200 -3.7700 2.1600
v 5.3800 -3.7700 2.1600
v 5.3800 -3.9300 2.1600
v 4.6200 -3.9300 2.1600
v 4.6200 -3.7700 2.1600
v 4.6200 -3.7700 2.2400
v 5.3800 -3.7700 2.2400
v 5.3800 -3.7700 2.1600
v 5.3800 -3.9300 2.1600
v 5.3800 -3.9300 2.2400
v 4.6200 -3.9300 2.2400
v 4.6200 -3.9300 2.1600
v 4.6200 -3.9300 2.1600
v 4.6200 -3.9300 2.2400
v 4.6200 -3.7700 2.2400
v 4.6200 -3.7700 2.1600
v 5.3800 -3.7700 2.1600
v 5.3800 -3.7700 2.2400
v 5.3800 -3.9300 2.2400
v 5.3800 -3.9300 2.1600
v 16.3500 -3.8500 1.8000
v 16.3031 -3.6750 1.8000
v 16.3031 -3.6750 1.8800
v 16.3500 -3.8500 1.8800
v 16.3031 -3.6750 1.8000
v 16.1750 -3.5469 1.8000
v 16.1750 -3.5469 1.8800
v 16.3031 -3.6750 1.8800
v 16.1750 -3.5469 1.8000
v 16.0000 -3.5000 1.8000
v 16.0000 -3.5000 1.8800
v 16.1750 -3.5469 1.8800
v 16.0000 -3.5000 1.8000
v 15.8250 -3.5469 1.8000
v 15.8250 -3.5469 1.8800
v 16.0000 -3.5000 1.8800
v 15.8250 -3.5469 1.8000
v 15.6969 -3.6750 1.8000
v 15.6969 -3.6750 1.8800
v 15.8250 -3.5469 1.8800
v 15.6969 -3.6750 1.8000
v 15.6500 -3.8500 1.8000
v 15.6500 -3.8500 1.8800
v 15.6969 -3.6750 1.8800
v 15.6500 -3.8500 1.8000
v 15.6969 -4.0250 1.8000
v 15.6969 -4.0250 1.8800
v 15.6500 -3.8500 1.8800
v 15.6969 -4.0250 1.8000
v 15.8250 -4.1531 1.8000
v 15.8250 -4.1531 1.8800
v 15.6969 -4.0250 1.8800
v 15.8250 -4.1531 1.8000
v 16.0000 -4.2000 1.8000
v 16.0000 -4.2000 1.8800
v 15.8250 -4.1531 1.8800
v 16.0000 -4.2000 1.8000
v 16.1750 -4.1531 1.8000
v 16.1750 -4.1531 1.8800
v 16.0000 -4.2000 1.8800
v 16.1750 -4.1531 1.8000
v 16.3031 -4.0250 1.8000
v 16.3031 -4.0250 1.8800
v 16.1750 -4.1531 1.8800
v 16.3031 -4.0250 1.8000
v 16.3031 -4.0250 1.8800
v 16.3500 -3.8500 1.8800
v 16.3500 -3.8500 1.8000
v 16.0000 -3.8500 1.8800
v 16.3500 -3.8500 1.8800
v 16.3031 -3.6750 1.8800
v 16.0000 -3.8500 1.8000
v 16.3031 -3.6750 1.8000
v 16.3500 -3.8500 1.8000
v 16.0000 -3.8500 1.8800
v 16.3031 -3.6750 1.8800
v 16.1750 -3.5469 1.8800
v 16.0000 -3.8500 1.8000
v 16.1750 -3.5469 1.8000
v 16.3031 -3.6750 1.8000
v 16.0000 -3.8500 1.8800
v 16.1750 -3.5469 1.8800
v 16.0000 -3.5000 1.8800
v 16.0000 -3.8500 1.8000
v 16.0000 -3.5000 1.8000
v 16.1750 -3.5469 1.8000
v 16.0000 -3.8500 1.8800
v 16.0000 -3.5000 1.8800
v 15.8250 -3.5469 1.8800
v 16.0000 -3.8500 1.8000
v 15.8250 -3.5469 1.8000
v 16.0000 -3.5000 1.8000
v 16.0000 -3.8500 1.8800
v 15.8250 -3.5469 1.8800
v 15.6969 -3.6750 1.8800
v 16.0000 -3.8500 1.8000
v 15.6969 -3.6750 1.8000
v 15.8250 -3.5469 1.8000
v 16.0000 -3.8500 1.8800
v 15.6969 -3.6750 1.8800
v 15.6500 -3.8500 1.8800
v 16.0000 -3.8500 1.8000
v 15.6500 -3.8500 1.8000
v 15.6969 -3.6750 1.8000
v 16.0000 -3.8500 1.8800
v 15.6500 -3.8500 1.8800
v 15.6969 -4.0250 1.8800
v 16.0000 -3.8500 1.8000
v 15.6969 -4.0250 1.8000
v 15.6500 -3.8500 1.8000
v 16.0000 -3.8500 1.8800
v 15.6969 -4.0250 1.8800
v 15.8250 -4.1531 1.8800
v 16.0000 -3.8500 1.8000
v 15.8250 -4.1531 1.8000
v 15.6969 -4.0250 1.8000
v 16.0000 -3.8500 1.8800
v 15.8250 -4.1531 1.8800
v 16.0000 -4.2000 1.8800
v 16.0000 -3.8500 1.8000
v 16.0000 -4.2000 1.8000
v 15.8250 -4.1531 1.8000
v 16.0000 -3.8500 1.8800
v 16.0000 -4.2000 1.8800
v 16.1750 -4.1531 1.8800
v 16.0000 -3.8500 1.8000
v 16.1750 -4.1531 1.8000
v 16.0000 -4.2000 1.8000
v 16.0000 -3.8500 1.8800
v 16.1750 -4.1531 1.8800
v 16.3031 -4.0250 1.8800
v 16.0000 -3.8500 1.8000
v 16.3031 -4.0250 1.8000
v 16.1750 -4.1531 1.8000
v 16.0000 -3.8500 1.8800
v 16.3031 -4.0250 1.8800
v 16.3500 -3.8500 1.8800
v 16.0000 -3.8500 1.8000
v 16.3500 -3.8500 1.8000
v 16.3031 -4.0250 1.8000
v 16.2200 -3.8500 1.8800
v 16.1905 -3.7400 1.8800
v 16.1905 -3.7400 2.3500
v 16.2200 -3.8500 2.3500
v 16.1905 -3.7400 1.8800
v 16.1100 -3.6595 1.8800
v 16.1100 -3.6595 2.3500
v 16.1905 -3.7400 2.3500
v 16.1100 -3.6595 1.8800
v 16.0000 -3.6300 1.8800
v 16.0000 -3.6300 2.3500
v 16.1100 -3.6595 2.3500
v 16.0000 -3.6300 1.8800
v 15.8900 -3.6595 1.8800
v 15.8900 -3.6595 2.3500
v 16.0000 -3.6300 2.3500
v 15.8900 -3.6595 1.8800
v 15.8095 -3.7400 1.8800
v 15.8095 -3.7400 2.3500
v 15.8900 -3.6595 2.3500
v 15.8095 -3.7400 1.8800
v 15.7800 -3.8500 1.8800
v 15.7800 -3.8500 2.3500
v 15.8095 -3.7400 2.3500
v 15.7800 -3.8500 1.8800
v 15.8095 -3.9600 1.8800
v 15.8095 -3.9600 2.3500
v 15.7800 -3.8500 2.3500
v 15.8095 -3.9600 1.8800
v 15.8900 -4.0405 1.8800
v 15.8900 -4.0405 2.3500
v 15.8095 -3.9600 2.3500
v 15.8900 -4.0405 1.8800
v 16.0000 -4.0700 1.8800
v 16.0000 -4.0700 2.3500
v 15.8900 -4.0405 2.3500
v 16.0000 -4.0700 1.8800
v 16.1100 -4.0405 1.8800
v 16.1100 -4.0405 2.3500
v 16.0000 -4.0700 2.3500
v 16.1100 -4.0405 1.8800
v 16.1905 -3.9600 1.8800
v 16.1905 -3.9600 2.3500
v 16.1100 -4.0405 2.3500
v 16.1905 -3.9600 1.8800
v 16.1905 -3.9600 2.3500
v 16.2200 -3.8500 2.3500
v 16.2200 -3.8500 1.8800
v 16.2900 -3.8500 2.3500
v 16.2511 -3.7050 2.3500
v 16.2511 -3.7050 2.4800
v 16.2900 -3.8500 2.4800
v 16.2511 -3.7050 2.3500
v 16.1450 -3.5989 2.3500
v 16.1450 -3.5989 2.4800
v 16.2511 -3.7050 2.4800
v 16.1450 -3.5989 2.3500
v 16.0000 -3.5600 2.3500
v 16.0000 -3.5600 2.4800
v 16.1450 -3.5989 2.4800
v 16.0000 -3.5600 2.3500
v 15.8550 -3.5989 2.3500
v 15.8550 -3.5989 2.4800
v 16.0000 -3.5600 2.4800
v 15.8550 -3.5989 2.3500
v 15.7489 -3.7050 2.3500
v 15.7489 -3.7050 2.4800
v 15.8550 -3.5989 2.4800
v 15.7489 -3.7050 2.3500
v 15.7100 -3.8500 2.3500
v 15.7100 -3.8500 2.4800
v 15.7489 -3.7050 2.4800
v 15.7100 -3.8500 2.3500
v 15.7489 -3.9950 2.3500
v 15.7489 -3.9950 2.4800
v 15.7100 -3.8500 2.4800
v 15.7489 -3.9950 2.3500
v 15.8550 -4.1011 2.3500
v 15.8550 -4.1011 2.4800
v 15.7489 -3.9950 2.4800
v 15.8550 -4.1011 2.3500
v 16.0000 -4.1400 2.3500
v 16.0000 -4.1400 2.4800
v 15.8550 -4.1011 2.4800
v 16.0000 -4.1400 2.3500
v 16.1450 -4.1011 2.3500
v 16.1450 -4.1011 2.4800
v 16.0000 -4.1400 2.4800
v 16.1450 -4.1011 2.3500
v 16.2511 -3.9950 2.3500
v 16.2511 -3.9950 2.4800
v 16.1450 -4.1011 2.4800
v 16.2511 -3.9950 2.3500
v 16.2511 -3.9950 2.4800
v 16.2900 -3.8500 2.4800
v 16.2900 -3.8500 2.3500
v 16.0000 -3.8500 2.4800
v 16.2900 -3.8500 2.4800
v 16.2511 -3.7050 2.4800
v 16.0000 -3.8500 2.3500
v 16.2511 -3.7050 2.3500
v 16.2900 -3.8500 2.3500
v 16.0000 -3.8500 2.4800
v 16.2511 -3.7050 2.4800
v 16.1450 -3.5989 2.4800
v 16.0000 -3.8500 2.3500
v 16.1450 -3.5989 2.3500
v 16.2511 -3.7050 2.3500
v 16.0000 -3.8500 2.4800
v 16.1450 -3.5989 2.4800
v 16.0000 -3.5600 2.4800
v 16.0000 -3.8500 2.3500
v 16.0000 -3.5600 2.3500
v 16.1450 -3.5989 2.3500
v 16.0000 -3.8500 2.4800
v 16.0000 -3.5600 2.4800
v 15.8550 -3.5989 2.4800
v 16.0000 -3.8500 2.3500
v 15.8550 -3.5989 2.3500
v 16.0000 -3.5600 2.3500
v 16.0000 -3.8500 2.4800
v 15.8550 -3.5989 2.4800
v 15.7489 -3.7050 2.4800
v 16.0000 -3.8500 2.3500
v 15.7489 -3.7050 2.3500
v 15.8550 -3.5989 2.3500
v 16.0000 -3.8500 2.4800
v 15.7489 -3.7050 2.4800
v 15.7100 -3.8500 2.4800
v 16.0000 -3.8500 2.3500
v 15.7100 -3.8500 2.3500
v 15.7489 -3.7050 2.3500
v 16.0000 -3.8500 2.4800
v 15.7100 -3.8500 2.4800
v 15.7489 -3.9950 2.4800
v 16.0000 -3.8500 2.3500
v 15.7489 -3.9950 2.3500
v 15.7100 -3.8500 2.3500
v 16.0000 -3.8500 2.4800
v 15.7489 -3.9950 2.4800
v 15.8550 -4.1011 2.4800
v 16.0000 -3.8500 2.3500
v 15.8550 -4.1011 2.3500
v 15.7489 -3.9950 2.3500
v 16.0000 -3.8500 2.4800
v 15.8550 -4.1011 2.4800
v 16.0000 -4.1400 2.4800
v 16.0000 -3.8500 2.3500
v 16.0000 -4.1400 2.3500
v 15.8550 -4.1011 2.3500
v 16.0000 -3.8500 2.4800
v 16.0000 -4.1400 2.4800
v 16.1450 -4.1011 2.4800
v 16.0000 -3.8500 2.3500
v 16.1450 -4.1011 2.3500
v 16.0000 -4.1400 2.3500
v 16.0000 -3.8500 2.4800
v 16.1450 -4.1011 2.4800
v 16.2511 -3.9950 2.4800
v 16.0000 -3.8500 2.3500
v 16.2511 -3.9950 2.3500
v 16.1450 -4.1011 2.3500
v 16.0000 -3.8500 2.4800
v 16.2511 -3.9950 2.4800
v 16.2900 -3.8500 2.4800
v 16.0000 -3.8500 2.3500
v 16.2900 -3.8500 2.3500
v 16.2511 -3.9950 2.3500
v 15.6200 -3.9300 2.2400
v 16.3800 -3.9300 2.2400
v 16.3800 -3.7700 2.2400
v 15.6200 -3.7700 2.2400
v 15.6200 -3.7700 2.1600
v 16.3800 -3.7700 2.1600
v 16.3800 -3.9300 2.1600
v 15.6200 -3.9300 2.1600
v 15.6200 -3.7700 2.1600
v 15.6200 -3.7700 2.2400
v 16.3800 -3.7700 2.2400
v 16.3800 -3.7700 2.1600
v 16.3800 -3.9300 2.1600
v 16.3800 -3.9300 2.2400
v 15.6200 -3.9300 2.2400
v 15.6200 -3.9300 2.1600
v 15.6200 -3.9300 2.1600
v 15.6200 -3.9300 2.2400
v 15.6200 -3.7700 2.2400
v 15.6200 -3.7700 2.1600
v 16.3800 -3.7700 2.1600
v 16.3800 -3.7700 2.2400
v 16.3800 -3.9300 2.2400
v 16.3800 -3.9300 2.1600
v 27.3500 -3.8500 1.8000
v 27.3031 -3.6750 1.8000
v 27.3031 -3.6750 1.8800
v 27.3500 -3.8500 1.8800
v 27.3031 -3.6750 1.8000
v 27.1750 -3.5469 1.8000
v 27.1750 -3.5469 1.8800
v 27.3031 -3.6750 1.8800
v 27.1750 -3.5469 1.8000
v 27.0000 -3.5000 1.8000
v 27.0000 -3.5000 1.8800
v 27.1750 -3.5469 1.8800
v 27.0000 -3.5000 1.8000
v 26.8250 -3.5469 1.8000
v 26.8250 -3.5469 1.8800
v 27.0000 -3.5000 1.8800
v 26.8250 -3.5469 1.8000
v 26.6969 -3.6750 1.8000
v 26.6969 -3.6750 1.8800
v 26.8250 -3.5469 1.8800
v 26.6969 -3.6750 1.8000
v 26.6500 -3.8500 1.8000
v 26.6500 -3.8500 1.8800
v 26.6969 -3.6750 1.8800
v 26.6500 -3.8500 1.8000
v 26.6969 -4.0250 1.8000
v 26.6969 -4.0250 1.8800
v 26.6500 -3.8500 1.8800
v 26.6969 -4.0250 1.8000
v 26.8250 -4.1531 1.8000
v 26.8250 -4.1531 1.8800
v 26.6969 -4.0250 1.8800
v 26.8250 -4.1531 1.8000
v 27.0000 -4.2000 1.8000
v 27.0000 -4.2000 1.8800
v 26.8250 -4.1531 1.8800
v 27.0000 -4.2000 1.8000
v 27.1750 -4.1531 1.8000
v 27.1750 -4.1531 1.8800
v 27.0000 -4.2000 1.8800
v 27.1750 -4.1531 1.8000
v 27.3031 -4.0250 1.8000
v 27.3031 -4.0250 1.8800
v 27.1750 -4.1531 1.8800
v 27.3031 -4.0250 1.8000
v 27.3031 -4.0250 1.8800
v 27.3500 -3.8500 1.8800
v 27.3500 -3.8500 1.8000
v 27.0000 -3.8500 1.8800
v 27.3500 -3.8500 1.8800
v 27.3031 -3.6750 1.8800
v 27.0000 -3.8500 1.8000
v 27.3031 -3.6750 1.8000
v 27.3500 -3.8500 1.8000
v 27.0000 -3.8500 1.8800
v 27.3031 -3.6750 1.8800
v 27.1750 -3.5469 1.8800
v 27.0000 -3.8500 1.8000
v 27.1750 -3.5469 1.8000
v 27.3031 -3.6750 1.8000
v 27.0000 -3.8500 1.8800
v 27.1750 -3.5469 1.8800
v 27.0000 -3.5000 1.8800
v 27.0000 -3.8500 1.8000
v 27.0000 -3.5000 1.8000
v 27.1750 -3.5469 1.8000
v 27.0000 -3.8500 1.8800
v 27.0000 -3.5000 1.8800
v 26.8250 -3.5469 1.8800
v 27.0000 -3.8500 1.8000
v 26.8250 -3.5469 1.8000
v 27.0000 -3.5000 1.8000
v 27.0000 -3.8500 1.8800
v 26.8250 -3.5469 1.8800
v 26.6969 -3.6750 1.8800
v 27.0000 -3.8500 1.8000
v 26.6969 -3.6750 1.8000
v 26.8250 -3.5469 1.8000
v 27.0000 -3.8500 1.8800
v 26.6969 -3.6750 1.8800
v 26.6500 -3.8500 1.8800
v 27.0000 -3.8500 1.8000
v 26.6500 -3.8500 1.8000
v 26.6969 -3.6750 1.8000
v 27.0000 -3.8500 1.8800
v 26.6500 -3.8500 1.8800
v 26.6969 -4.0250 1.8800
v 27.0000 -3.8500 1.8000
v 26.6969 -4.0250 1.8000
v 26.6500 -3.8500 1.8000
v 27.0000 -3.8500 1.8800
v 26.6969 -4.0250 1.8800
v 26.8250 -4.1531 1.8800
v 27.0000 -3.8500 1.8000
v 26.8250 -4.1531 1.8000
v 26.6969 -4.0250 1.8000
v 27.0000 -3.8500 1.8800
v 26.8250 -4.1531 1.8800
v 27.0000 -4.2000 1.8800
v 27.0000 -3.8500 1.8000
v 27.0000 -4.2000 1.8000
v 26.8250 -4.1531 1.8000
v 27.0000 -3.8500 1.8800
v 27.0000 -4.2000 1.8800
v 27.1750 -4.1531 1.8800
v 27.0000 -3.8500 1.8000
v 27.1750 -4.1531 1.8000
v 27.0000 -4.2000 1.8000
v 27.0000 -3.8500 1.8800
v 27.1750 -4.1531 1.8800
v 27.3031 -4.0250 1.8800
v 27.0000 -3.8500 1.8000
v 27.3031 -4.0250 1.8000
v 27.1750 -4.1531 1.8000
v 27.0000 -3.8500 1.8800
v 27.3031 -4.0250 1.8800
v 27.3500 -3.8500 1.8800
v 27.0000 -3.8500 1.8000
v 27.3500 -3.8500 1.8000
v 27.3031 -4.0250 1.8000
v 27.2200 -3.8500 1.8800
v 27.1905 -3.7400 1.8800
v 27.1905 -3.7400 2.3500
v 27.2200 -3.8500 2.3500
v 27.1905 -3.7400 1.8800
v 27.1100 -3.6595 1.8800
v 27.1100 -3.6595 2.3500
v 27.1905 -3.7400 2.3500
v 27.1100 -3.6595 1.8800
v 27.0000 -3.6300 1.8800
v 27.0000 -3.6300 2.3500
v 27.1100 -3.6595 2.3500
v 27.0000 -3.6300 1.8800
v 26.8900 -3.6595 1.8800
v 26.8900 -3.6595 2.3500
v 27.0000 -3.6300 2.3500
v 26.8900 -3.6595 1.8800
v 26.8095 -3.7400 1.8800
v 26.8095 -3.7400 2.3500
v 26.8900 -3.6595 2.3500
v 26.8095 -3.7400 1.8800
v 26.7800 -3.8500 1.8800
v 26.7800 -3.8500 2.3500
v 26.8095 -3.7400 2.3500
v 26.7800 -3.8500 1.8800
v 26.8095 -3.9600 1.8800
v 26.8095 -3.9600 2.3500
v 26.7800 -3.8500 2.3500
v 26.8095 -3.9600 1.8800
v 26.8900 -4.0405 1.8800
v 26.8900 -4.0405 2.3500
v 26.8095 -3.9600 2.3500
v 26.8900 -4.0405 1.8800
v 27.0000 -4.0700 1.8800
v 27.0000 -4.0700 2.3500
v 26.8900 -4.0405 2.3500
v 27.0000 -4.0700 1.8800
v 27.1100 -4.0405 1.8800
v 27.1100 -4.0405 2.3500
v 27.0000 -4.0700 2.3500
v 27.1100 -4.0405 1.8800
v 27.1905 -3.9600 1.8800
v 27.1905 -3.9600 2.3500
v 27.1100 -4.0405 2.3500
v 27.1905 -3.9600 1.8800
v 27.1905 -3.9600 2.3500
v 27.2200 -3.8500 2.3500
v 27.2200 -3.8500 1.8800
v 27.2900 -3.8500 2.3500
v 27.2511 -3.7050 2.3500
v 27.2511 -3.7050 2.4800
v 27.2900 -3.8500 2.4800
v 27.2511 -3.7050 2.3500
v 27.1450 -3.5989 2.3500
v 27.1450 -3.5989 2.4800
v 27.2511 -3.7050 2.4800
v 27.1450 -3.5989 2.3500
v 27.0000 -3.5600 2.3500
v 27.0000 -3.5600 2.4800
v 27.1450 -3.5989 2.4800
v 27.0000 -3.5600 2.3500
v 26.8550 -3.5989 2.3500
v 26.8550 -3.5989 2.4800
v 27.0000 -3.5600 2.4800
v 26.8550 -3.5989 2.3500
v 26.7489 -3.7050 2.3500
v 26.7489 -3.7050 2.4800
v 26.8550 -3.5989 2.4800
v 26.7489 -3.7050 2.3500
v 26.7100 -3.8500 2.3500
v 26.7100 -3.8500 2.4800
v 26.7489 -3.7050 2.4800
v 26.7100 -3.8500 2.3500
v 26.7489 -3.9950 2.3500
v 26.7489 -3.9950 2.4800
v 26.7100 -3.8500 2.4800
v 26.7489 -3.9950 2.3500
v 26.8550 -4.1011 2.3500
v 26.8550 -4.1011 2.4800
v 26.7489 -3.9950 2.4800
v 26.8550 -4.1011 2.3500
v 27.0000 -4.1400 2.3500
v 27.0000 -4.1400 2.4800
v 26.8550 -4.1011 2.4800
v 27.0000 -4.1400 2.3500
v 27.1450 -4.1011 2.3500
v 27.1450 -4.1011 2.4800
v 27.0000 -4.1400 2.4800
v 27.1450 -4.1011 2.3500
v 27.2511 -3.9950 2.3500
v 27.2511 -3.9950 2.4800
v 27.1450 -4.1011 2.4800
v 27.2511 -3.9950 2.3500
v 27.2511 -3.9950 2.4800
v 27.2900 -3.8500 2.4800
v 27.2900 -3.8500 2.3500
v 27.0000 -3.8500 2.4800
v 27.2900 -3.8500 2.4800
v 27.2511 -3.7050 2.4800
v 27.0000 -3.8500 2.3500
v 27.2511 -3.7050 2.3500
v 27.2900 -3.8500 2.3500
v 27.0000 -3.8500 2.4800
v 27.2511 -3.7050 2.4800
v 27.1450 -3.5989 2.4800
v 27.0000 -3.8500 2.3500
v 27.1450 -3.5989 2.3500
v 27.2511 -3.7050 2.3500
v 27.0000 -3.8500 2.4800
v 27.1450 -3.5989 2.4800
v 27.0000 -3.5600 2.4800
v 27.0000 -3.8500 2.3500
v 27.0000 -3.5600 2.3500
v 27.1450 -3.5989 2.3500
v 27.0000 -3.8500 2.4800
v 27.0000 -3.5600 2.4800
v 26.8550 -3.5989 2.4800
v 27.0000 -3.8500 2.3500
v 26.8550 -3.5989 2.3500
v 27.0000 -3.5600 2.3500
v 27.0000 -3.8500 2.4800
v 26.8550 -3.5989 2.4800
v 26.7489 -3.7050 2.4800
v 27.0000 -3.8500 2.3500
v 26.7489 -3.7050 2.3500
v 26.8550 -3.5989 2.3500
v 27.0000 -3.8500 2.4800
v 26.7489 -3.7050 2.4800
v 26.7100 -3.8500 2.4800
v 27.0000 -3.8500 2.3500
v 26.7100 -3.8500 2.3500
v 26.7489 -3.7050 2.3500
v 27.0000 -3.8500 2.4800
v 26.7100 -3.8500 2.4800
v 26.7489 -3.9950 2.4800
v 27.0000 -3.8500 2.3500
v 26.7489 -3.9950 2.3500
v 26.7100 -3.8500 2.3500
v 27.0000 -3.8500 2.4800
v 26.7489 -3.9950 2.4800
v 26.8550 -4.1011 2.4800
v 27.0000 -3.8500 2.3500
v 26.8550 -4.1011 2.3500
v 26.7489 -3.9950 2.3500
v 27.0000 -3.8500 2.4800
v 26.8550 -4.1011 2.4800
v 27.0000 -4.1400 2.4800
v 27.0000 -3.8500 2.3500
v 27.0000 -4.1400 2.3500
v 26.8550 -4.1011 2.3500
v 27.0000 -3.8500 2.4800
v 27.0000 -4.1400 2.4800
v 27.1450 -4.1011 2.4800
v 27.0000 -3.8500 2.3500
v 27.1450 -4.1011 2.3500
v 27.0000 -4.1400 2.3500
v 27.0000 -3.8500 2.4800
v 27.1450 -4.1011 2.4800
v 27.2511 -3.9950 2.4800
v 27.0000 -3.8500 2.3500
v 27.2511 -3.9950 2.3500
v 27.1450 -4.1011 2.3500
v 27.0000 -3.8500 2.4800
v 27.2511 -3.9950 2.4800
v 27.2900 -3.8500 2.4800
v 27.0000 -3.8500 2.3500
v 27.2900 -3.8500 2.3500
v 27.2511 -3.9950 2.3500
v 26.6200 -3.9300 2.2400
v 27.3800 -3.9300 2.2400
v 27.3800 -3.7700 2.2400
v 26.6200 -3.7700 2.2400
v 26.6200 -3.7700 2.1600
v 27.3800 -3.7700 2.1600
v 27.3800 -3.9300 2.1600
v 26.6200 -3.9300 2.1600
v 26.6200 -3.7700 2.1600
v 26.6200 -3.7700 2.2400
v 27.3800 -3.7700 2.2400
v 27.3800 -3.7700 2.1600
v 27.3800 -3.9300 2.1600
v 27.3800 -3.9300 2.2400
v 26.6200 -3.9300 2.2400
v 26.6200 -3.9300 2.1600
v 26.6200 -3.9300 2.1600
v 26.6200 -3.9300 2.2400
v 26.6200 -3.7700 2.2400
v 26.6200 -3.7700 2.1600
v 27.3800 -3.7700 2.1600
v 27.3800 -3.7700 2.2400
v 27.3800 -3.9300 2.2400
v 27.3800 -3.9300 2.1600
v 38.3500 -3.8500 1.8000
v 38.3031 -3.6750 1.8000
v 38.3031 -3.6750 1.8800
v 38.3500 -3.8500 1.8800
v 38.3031 -3.6750 1.8000
v 38.1750 -3.5469 1.8000
v 38.1750 -3.5469 1.8800
v 38.3031 -3.6750 1.8800
v 38.1750 -3.5469 1.8000
v 38.0000 -3.5000 1.8000
v 38.0000 -3.5000 1.8800
v 38.1750 -3.5469 1.8800
v 38.0000 -3.5000 1.8000
v 37.8250 -3.5469 1.8000
v 37.8250 -3.5469 1.8800
v 38.0000 -3.5000 1.8800
v 37.8250 -3.5469 1.8000
v 37.6969 -3.6750 1.8000
v 37.6969 -3.6750 1.8800
v 37.8250 -3.5469 1.8800
v 37.6969 -3.6750 1.8000
v 37.6500 -3.8500 1.8000
v 37.6500 -3.8500 1.8800
v 37.6969 -3.6750 1.8800
v 37.6500 -3.8500 1.8000
v 37.6969 -4.0250 1.8000
v 37.6969 -4.0250 1.8800
v 37.6500 -3.8500 1.8800
v 37.6969 -4.0250 1.8000
v 37.8250 -4.1531 1.8000
v 37.8250 -4.1531 1.8800
v 37.6969 -4.0250 1.8800
v 37.8250 -4.1531 1.8000
v 38.0000 -4.2000 1.8000
v 38.0000 -4.2000 1.8800
v 37.8250 -4.1531 1.8800
v 38.0000 -4.2000 1.8000
v 38.1750 -4.1531 1.8000
v 38.1750 -4.1531 1.8800
v 38.0000 -4.2000 1.8800
v 38.1750 -4.1531 1.8000
v 38.3031 -4.0250 1.8000
v 38.3031 -4.0250 1.8800
v 38.1750 -4.1531 1.8800
v 38.3031 -4.0250 1.8000
v 38.3031 -4.0250 1.8800
v 38.3500 -3.8500 1.8800
v 38.3500 -3.8500 1.8000
v 38.0000 -3.8500 1.8800
v 38.3500 -3.8500 1.8800
v 38.3031 -3.6750 1.8800
v 38.0000 -3.8500 1.8000
v 38.3031 -3.6750 1.8000
v 38.3500 -3.8500 1.8000
v 38.0000 -3.8500 1.8800
v 38.3031 -3.6750 1.8800
v 38.1750 -3.5469 1.8800
v 38.0000 -3.8500 1.8000
v 38.1750 -3.5469 1.8000
v 38.3031 -3.6750 1.8000
v 38.0000 -3.8500 1.8800
v 38.1750 -3.5469 1.8800
v 38.0000 -3.5000 1.8800
v 38.0000 -3.8500 1.8000
v 38.0000 -3.5000 1.8000
v 38.1750 -3.5469 1.8000
v 38.0000 -3.8500 1.8800
v 38.0000 -3.5000 1.8800
v 37.8250 -3.5469 1.8800
v 38.0000 -3.8500 1.8000
v 37.8250 -3.5469 1.8000
v 38.0000 -3.5000 1.8000
v 38.0000 -3.8500 1.8800
v 37.8250 -3.5469 1.8800
v 37.6969 -3.6750 1.8800
v 38.0000 -3.8500 1.8000
v 37.6969 -3.6750 1.8000
v 37.8250 -3.5469 1.8000
v 38.0000 -3.8500 1.8800
v 37.6969 -3.6750 1.8800
v 37.6500 -3.8500 1.8800
v 38.0000 -3.8500 1.8000
v 37.6500 -3.8500 1.8000
v 37.6969 -3.6750 1.8000
v 38.0000 -3.8500 1.8800
v 37.6500 -3.8500 1.8800
v 37.6969 -4.0250 1.8800
v 38.0000 -3.8500 1.8000
v 37.6969 -4.0250 1.8000
v 37.6500 -3.8500 1.8000
v 38.0000 -3.8500 1.8800
v 37.6969 -4.0250 1.8800
v 37.8250 -4.1531 1.8800
v 38.0000 -3.8500 1.8000
v 37.8250 -4.1531 1.8000
v 37.6969 -4.0250 1.8000
v 38.0000 -3.8500 1.8800
v 37.8250 -4.1531 1.8800
v 38.0000 -4.2000 1.8800
v 38.0000 -3.8500 1.8000
v 38.0000 -4.2000 1.8000
v 37.8250 -4.1531 1.8000
v 38.0000 -3.8500 1.8800
v 38.0000 -4.2000 1.8800
v 38.1750 -4.1531 1.8800
v 38.0000 -3.8500 1.8000
v 38.1750 -4.1531 1.8000
v 38.0000 -4.2000 1.8000
v 38.0000 -3.8500 1.8800
v 38.1750 -4.1531 1.8800
v 38.3031 -4.0250 1.8800
v 38.0000 -3.8500 1.8000
v 38.3031 -4.0250 1.8000
v 38.1750 -4.1531 1.8000
v 38.0000 -3.8500 1.8800
v 38.3031 -4.0250 1.8800
v 38.3500 -3.8500 1.8800
v 38.0000 -3.8500 1.8000
v 38.3500 -3.8500 1.8000
v 38.3031 -4.0250 1.8000
v 38.2200 -3.8500 1.8800
v 38.1905 -3.7400 1.8800
v 38.1905 -3.7400 2.3500
v 38.2200 -3.8500 2.3500
v 38.1905 -3.7400 1.8800
v 38.1100 -3.6595 1.8800
v 38.1100 -3.6595 2.3500
v 38.1905 -3.7400 2.3500
v 38.1100 -3.6595 1.8800
v 38.0000 -3.6300 1.8800
v 38.0000 -3.6300 2.3500
v 38.1100 -3.6595 2.3500
v 38.0000 -3.6300 1.8800
v 37.8900 -3.6595 1.8800
v 37.8900 -3.6595 2.3500
v 38.0000 -3.6300 2.3500
v 37.8900 -3.6595 1.8800
v 37.8095 -3.7400 1.8800
v 37.8095 -3.7400 2.3500
v 37.8900 -3.6595 2.3500
v 37.8095 -3.7400 1.8800
v 37.7800 -3.8500 1.8800
v 37.7800 -3.8500 2.3500
v 37.8095 -3.7400 2.3500
v 37.7800 -3.8500 1.8800
v 37.8095 -3.9600 1.8800
v 37.8095 -3.9600 2.3500
v 37.7800 -3.8500 2.3500
v 37.8095 -3.9600 1.8800
v 37.8900 -4.0405 1.8800
v 37.8900 -4.0405 2.3500
v 37.8095 -3.9600 2.3500
v 37.8900 -4.0405 1.8800
v 38.0000 -4.0700 1.8800
v 38.0000 -4.0700 2.3500
v 37.8900 -4.0405 2.3500
v 38.0000 -4.0700 1.8800
v 38.1100 -4.0405 1.8800
v 38.1100 -4.0405 2.3500
v 38.0000 -4.0700 2.3500
v 38.1100 -4.0405 1.8800
v 38.1905 -3.9600 1.8800
v 38.1905 -3.9600 2.3500
v 38.1100 -4.0405 2.3500
v 38.1905 -3.9600 1.8800
v 38.1905 -3.9600 2.3500
v 38.2200 -3.8500 2.3500
v 38.2200 -3.8500 1.8800
v 38.2900 -3.8500 2.3500
v 38.2511 -3.7050 2.3500
v 38.2511 -3.7050 2.4800
v 38.2900 -3.8500 2.4800
v 38.2511 -3.7050 2.3500
v 38.1450 -3.5989 2.3500
v 38.1450 -3.5989 2.4800
v 38.2511 -3.7050 2.4800
v 38.1450 -3.5989 2.3500
v 38.0000 -3.5600 2.3500
v 38.0000 -3.5600 2.4800
v 38.1450 -3.5989 2.4800
v 38.0000 -3.5600 2.3500
v 37.8550 -3.5989 2.3500
v 37.8550 -3.5989 2.4800
v 38.0000 -3.5600 2.4800
v 37.8550 -3.5989 2.3500
v 37.7489 -3.7050 2.3500
v 37.7489 -3.7050 2.4800
v 37.8550 -3.5989 2.4800
v 37.7489 -3.7050 2.3500
v 37.7100 -3.8500 2.3500
v 37.7100 -3.8500 2.4800
v 37.7489 -3.7050 2.4800
v 37.7100 -3.8500 2.3500
v 37.7489 -3.9950 2.3500
v 37.7489 -3.9950 2.4800
v 37.7100 -3.8500 2.4800
v 37.7489 -3.9950 2.3500
v 37.8550 -4.1011 2.3500
v 37.8550 -4.1011 2.4800
v 37.7489 -3.9950 2.4800
v 37.8550 -4.1011 2.3500
v 38.0000 -4.1400 2.3500
v 38.0000 -4.1400 2.4800
v 37.8550 -4.1011 2.4800
v 38.0000 -4.1400 2.3500
v 38.1450 -4.1011 2.3500
v 38.1450 -4.1011 2.4800
v 38.0000 -4.1400 2.4800
v 38.1450 -4.1011 2.3500
v 38.2511 -3.9950 2.3500
v 38.2511 -3.9950 2.4800
v 38.1450 -4.1011 2.4800
v 38.2511 -3.9950 2.3500
v 38.2511 -3.9950 2.4800
v 38.2900 -3.8500 2.4800
v 38.2900 -3.8500 2.3500
v 38.0000 -3.8500 2.4800
v 38.2900 -3.8500 2.4800
v 38.2511 -3.7050 2.4800
v 38.0000 -3.8500 2.3500
v 38.2511 -3.7050 2.3500
v 38.2900 -3.8500 2.3500
v 38.0000 -3.8500 2.4800
v 38.2511 -3.7050 2.4800
v 38.1450 -3.5989 2.4800
v 38.0000 -3.8500 2.3500
v 38.1450 -3.5989 2.3500
v 38.2511 -3.7050 2.3500
v 38.0000 -3.8500 2.4800
v 38.1450 -3.5989 2.4800
v 38.0000 -3.5600 2.4800
v 38.0000 -3.8500 2.3500
v 38.0000 -3.5600 2.3500
v 38.1450 -3.5989 2.3500
v 38.0000 -3.8500 2.4800
v 38.0000 -3.5600 2.4800
v 37.8550 -3.5989 2.4800
v 38.0000 -3.8500 2.3500
v 37.8550 -3.5989 2.3500
v 38.0000 -3.5600 2.3500
v 38.0000 -3.8500 2.4800
v 37.8550 -3.5989 2.4800
v 37.7489 -3.7050 2.4800
v 38.0000 -3.8500 2.3500
v 37.7489 -3.7050 2.3500
v 37.8550 -3.5989 2.3500
v 38.0000 -3.8500 2.4800
v 37.7489 -3.7050 2.4800
v 37.7100 -3.8500 2.4800
v 38.0000 -3.8500 2.3500
v 37.7100 -3.8500 2.3500
v 37.7489 -3.7050 2.3500
v 38.0000 -3.8500 2.4800
v 37.7100 -3.8500 2.4800
v 37.7489 -3.9950 2.4800
v 38.0000 -3.8500 2.3500
v 37.7489 -3.9950 2.3500
v 37.7100 -3.8500 2.3500
v 38.0000 -3.8500 2.4800
v 37.7489 -3.9950 2.4800
v 37.8550 -4.1011 2.4800
v 38.0000 -3.8500 2.3500
v 37.8550 -4.1011 2.3500
v 37.7489 -3.9950 2.3500
v 38.0000 -3.8500 2.4800
v 37.8550 -4.1011 2.4800
v 38.0000 -4.1400 2.4800
v 38.0000 -3.8500 2.3500
v 38.0000 -4.1400 2.3500
v 37.8550 -4.1011 2.3500
v 38.0000 -3.8500 2.4800
v 38.0000 -4.1400 2.4800
v 38.1450 -4.1011 2.4800
v 38.0000 -3.8500 2.3500
v 38.1450 -4.1011 2.3500
v 38.0000 -4.1400 2.3500
v 38.0000 -3.8500 2.4800
v 38.1450 -4.1011 2.4800
v 38.2511 -3.9950 2.4800
v 38.0000 -3.8500 2.3500
v 38.2511 -3.9950 2.3500
v 38.1450 -4.1011 2.3500
v 38.0000 -3.8500 2.4800
v 38.2511 -3.9950 2.4800
v 38.2900 -3.8500 2.4800
v 38.0000 -3.8500 2.3500
v 38.2900 -3.8500 2.3500
v 38.2511 -3.9950 2.3500
v 37.6200 -3.9300 2.2400
v 38.3800 -3.9300 2.2400
v 38.3800 -3.7700 2.2400
v 37.6200 -3.7700 2.2400
v 37.6200 -3.7700 2.1600
v 38.3800 -3.7700 2.1600
v 38.3800 -3.9300 2.1600
v 37.6200 -3.9300 2.1600
v 37.6200 -3.7700 2.1600
v 37.6200 -3.7700 2.2400
v 38.3800 -3.7700 2.2400
v 38.3800 -3.7700 2.1600
v 38.3800 -3.9300 2.1600
v 38.3800 -3.9300 2.2400
v 37.6200 -3.9300 2.2400
v 37.6200 -3.9300 2.1600
v 37.6200 -3.9300 2.1600
v 37.6200 -3.9300 2.2400
v 37.6200 -3.7700 2.2400
v 37.6200 -3.7700 2.1600
v 38.3800 -3.7700 2.1600
v 38.3800 -3.7700 2.2400
v 38.3800 -3.9300 2.2400
v 38.3800 -3.9300 2.1600
v 54.7000 0.5000 1.8000
v 54.6531 0.6750 1.8000
v 54.6531 0.6750 1.8800
v 54.7000 0.5000 1.8800
v 54.6531 0.6750 1.8000
v 54.5250 0.8031 1.8000
v 54.5250 0.8031 1.8800
v 54.6531 0.6750 1.8800
v 54.5250 0.8031 1.8000
v 54.3500 0.8500 1.8000
v 54.3500 0.8500 1.8800
v 54.5250 0.8031 1.8800
v 54.3500 0.8500 1.8000
v 54.1750 0.8031 1.8000
v 54.1750 0.8031 1.8800
v 54.3500 0.8500 1.8800
v 54.1750 0.8031 1.8000
v 54.0469 0.6750 1.8000
v 54.0469 0.6750 1.8800
v 54.1750 0.8031 1.8800
v 54.0469 0.6750 1.8000
v 54.0000 0.5000 1.8000
v 54.0000 0.5000 1.8800
v 54.0469 0.6750 1.8800
v 54.0000 0.5000 1.8000
v 54.0469 0.3250 1.8000
v 54.0469 0.3250 1.8800
v 54.0000 0.5000 1.8800
v 54.0469 0.3250 1.8000
v 54.1750 0.1969 1.8000
v 54.1750 0.1969 1.8800
v 54.0469 0.3250 1.8800
v 54.1750 0.1969 1.8000
v 54.3500 0.1500 1.8000
v 54.3500 0.1500 1.8800
v 54.1750 0.1969 1.8800
v 54.3500 0.1500 1.8000
v 54.5250 0.1969 1.8000
v 54.5250 0.1969 1.8800
v 54.3500 0.1500 1.8800
v 54.5250 0.1969 1.8000
v 54.6531 0.3250 1.8000
v 54.6531 0.3250 1.8800
v 54.5250 0.1969 1.8800
v 54.6531 0.3250 1.8000
v 54.6531 0.3250 1.8800
v 54.7000 0.5000 1.8800
v 54.7000 0.5000 1.8000
v 54.3500 0.5000 1.8800
v 54.7000 0.5000 1.8800
v 54.6531 0.6750 1.8800
v 54.3500 0.5000 1.8000
v 54.6531 0.6750 1.8000
v 54.7000 0.5000 1.8000
v 54.3500 0.5000 1.8800
v 54.6531 0.6750 1.8800
v 54.5250 0.8031 1.8800
v 54.3500 0.5000 1.8000
v 54.5250 0.8031 1.8000
v 54.6531 0.6750 1.8000
v 54.3500 0.5000 1.8800
v 54.5250 0.8031 1.8800
v 54.3500 0.8500 1.8800
v 54.3500 0.5000 1.8000
v 54.3500 0.8500 1.8000
v 54.5250 0.8031 1.8000
v 54.3500 0.5000 1.8800
v 54.3500 0.8500 1.8800
v 54.1750 0.8031 1.8800
v 54.3500 0.5000 1.8000
v 54.1750 0.8031 1.8000
v 54.3500 0.8500 1.8000
v 54.3500 0.5000 1.8800
v 54.1750 0.8031 1.8800
v 54.0469 0.6750 1.8800
v 54.3500 0.5000 1.8000
v 54.0469 0.6750 1.8000
v 54.1750 0.8031 1.8000
v 54.3500 0.5000 1.8800
v 54.0469 0.6750 1.8800
v 54.0000 0.5000 1.8800
v 54.3500 0.5000 1.8000
v 54.0000 0.5000 1.8000
v 54.0469 0.6750 1.8000
v 54.3500 0.5000 1.8800
v 54.0000 0.5000 1.8800
v 54.0469 0.3250 1.8800
v 54.3500 0.5000 1.8000
v 54.0469 0.3250 1.8000
v 54.0000 0.5000 1.8000
v 54.3500 0.5000 1.8800
v 54.0469 0.3250 1.8800
v 54.1750 0.1969 1.8800
v 54.3500 0.5000 1.8000
v 54.1750 0.1969 1.8000
v 54.0469 0.3250 1.8000
v 54.3500 0.5000 1.8800
v 54.1750 0.1969 1.8800
v 54.3500 0.1500 1.8800
v 54.3500 0.5000 1.8000
v 54.3500 0.1500 1.8000
v 54.1750 0.1969 1.8000
v 54.3500 0.5000 1.8800
v 54.3500 0.1500 1.8800
v 54.5250 0.1969 1.8800
v 54.3500 0.5000 1.8000
v 54.5250 0.1969 1.8000
v 54.3500 0.1500 1.8000
v 54.3500 0.5000 1.8800
v 54.5250 0.1969 1.8800
v 54.6531 0.3250 1.8800
v 54.3500 0.5000 1.8000
v 54.6531 0.3250 1.8000
v 54.5250 0.1969 1.8000
v 54.3500 0.5000 1.8800
v 54.6531 0.3250 1.8800
v 54.7000 0.5000 1.8800
v 54.3500 0.5000 1.8000
v 54.7000 0.5000 1.8000
v 54.6531 0.3250 1.8000
v 54.5700 0.5000 1.8800
v 54.5405 0.6100 1.8800
v 54.5405 0.6100 2.3500
v 54.5700 0.5000 2.3500
v 54.5405 0.6100 1.8800
v 54.4600 0.6905 1.8800
v 54.4600 0.6905 2.3500
v 54.5405 0.6100 2.3500
v 54.4600 0.6905 1.8800
v 54.3500 0.7200 1.8800
v 54.3500 0.7200 2.3500
v 54.4600 0.6905 2.3500
v 54.3500 0.7200 1.8800
v 54.2400 0.6905 1.8800
v 54.2400 0.6905 2.3500
v 54.3500 0.7200 2.3500
v 54.2400 0.6905 1.8800
v 54.1595 0.6100 1.8800
v 54.1595 0.6100 2.3500
v 54.2400 0.6905 2.3500
v 54.1595 0.6100 1.8800
v 54.1300 0.5000 1.8800
v 54.1300 0.5000 2.3500
v 54.1595 0.6100 2.3500
v 54.1300 0.5000 1.8800
v 54.1595 0.3900 1.8800
v 54.1595 0.3900 2.3500
v 54.1300 0.5000 2.3500
v 54.1595 0.3900 1.8800
v 54.2400 0.3095 1.8800
v 54.2400 0.3095 2.3500
v 54.1595 0.3900 2.3500
v 54.2400 0.3095 1.8800
v 54.3500 0.2800 1.8800
v 54.3500 0.2800 2.3500
v 54.2400 0.3095 2.3500
v 54.3500 0.2800 1.8800
v 54.4600 0.3095 1.8800
v 54.4600 0.3095 2.3500
v 54.3500 0.2800 2.3500
v 54.4600 0.3095 1.8800
v 54.5405 0.3900 1.8800
v 54.5405 0.3900 2.3500
v 54.4600 0.3095 2.3500
v 54.5405 0.3900 1.8800
v 54.5405 0.3900 2.3500
v 54.5700 0.5000 2.3500
v 54.5700 0.5000 1.8800
v 54.6400 0.5000 2.3500
v 54.6011 0.6450 2.3500
v 54.6011 0.6450 2.4800
v 54.6400 0.5000 2.4800
v 54.6011 0.6450 2.3500
v 54.4950 0.7511 2.3500
v 54.4950 0.7511 2.4800
v 54.6011 0.6450 2.4800
v 54.4950 0.7511 2.3500
v 54.3500 0.7900 2.3500
v 54.3500 0.7900 2.4800
v 54.4950 0.7511 2.4800
v 54.3500 0.7900 2.3500
v 54.2050 0.7511 2.3500
v 54.2050 0.7511 2.4800
v 54.3500 0.7900 2.4800
v 54.2050 0.7511 2.3500
v 54.0989 0.6450 2.3500
v 54.0989 0.6450 2.4800
v 54.2050 0.7511 2.4800
v 54.0989 0.6450 2.3500
v 54.0600 0.5000 2.3500
v 54.0600 0.5000 2.4800
v 54.0989 0.6450 2.4800
v 54.0600 0.5000 2.3500
v 54.0989 0.3550 2.3500
v 54.0989 0.3550 2.4800
v 54.0600 0.5000 2.4800
v 54.0989 0.3550 2.3500
v 54.2050 0.2489 2.3500
v 54.2050 0.2489 2.4800
v 54.0989 0.3550 2.4800
v 54.2050 0.2489 2.3500
v 54.3500 0.2100 2.3500
v 54.3500 0.2100 2.4800
v 54.2050 0.2489 2.4800
v 54.3500 0.2100 2.3500
v 54.4950 0.2489 2.3500
v 54.4950 0.2489 2.4800
v 54.3500 0.2100 2.4800
v 54.4950 0.2489 2.3500
v 54.6011 0.3550 2.3500
v 54.6011 0.3550 2.4800
v 54.4950 0.2489 2.4800
v 54.6011 0.3550 2.3500
v 54.6011 0.3550 2.4800
v 54.6400 0.5000 2.4800
v 54.6400 0.5000 2.3500
v 54.3500 0.5000 2.4800
v 54.6400 0.5000 2.4800
v 54.6011 0.6450 2.4800
v 54.3500 0.5000 2.3500
v 54.6011 0.6450 2.3500
v 54.6400 0.5000 2.3500
v 54.3500 0.5000 2.4800
v 54.6011 0.6450 2.4800
v 54.4950 0.7511 2.4800
v 54.3500 0.5000 2.3500
v 54.4950 0.7511 2.3500
v 54.6011 0.6450 2.3500
v 54.3500 0.5000 2.4800
v 54.4950 0.7511 2.4800
v 54.3500 0.7900 2.4800
v 54.3500 0.5000 2.3500
v 54.3500 0.7900 2.3500
v 54.4950 0.7511 2.3500
v 54.3500 0.5000 2.4800
v 54.3500 0.7900 2.4800
v 54.2050 0.7511 2.4800
v 54.3500 0.5000 2.3500
v 54.2050 0.7511 2.3500
v 54.3500 0.7900 2.3500
v 54.3500 0.5000 2.4800
v 54.2050 0.7511 2.4800
v 54.0989 0.6450 2.4800
v 54.3500 0.5000 2.3500
v 54.0989 0.6450 2.3500
v 54.2050 0.7511 2.3500
v 54.3500 0.5000 2.4800
v 54.0989 0.6450 2.4800
v 54.0600 0.5000 2.4800
v 54.3500 0.5000 2.3500
v 54.0600 0.5000 2.3500
v 54.0989 0.6450 2.3500
v 54.3500 0.5000 2.4800
v 54.0600 0.5000 2.4800
v 54.0989 0.3550 2.4800
v 54.3500 0.5000 2.3500
v 54.0989 0.3550 2.3500
v 54.0600 0.5000 2.3500
v 54.3500 0.5000 2.4800
v 54.0989 0.3550 2.4800
v 54.2050 0.2489 2.4800
v 54.3500 0.5000 2.3500
v 54.2050 0.2489 2.3500
v 54.0989 0.3550 2.3500
v 54.3500 0.5000 2.4800
v 54.2050 0.2489 2.4800
v 54.3500 0.2100 2.4800
v 54.3500 0.5000 2.3500
v 54.3500 0.2100 2.3500
v 54.2050 0.2489 2.3500
v 54.3500 0.5000 2.4800
v 54.3500 0.2100 2.4800
v 54.4950 0.2489 2.4800
v 54.3500 0.5000 2.3500
v 54.4950 0.2489 2.3500
v 54.3500 0.2100 2.3500
v 54.3500 0.5000 2.4800
v 54.4950 0.2489 2.4800
v 54.6011 0.3550 2.4800
v 54.3500 0.5000 2.3500
v 54.6011 0.3550 2.3500
v 54.4950 0.2489 2.3500
v 54.3500 0.5000 2.4800
v 54.6011 0.3550 2.4800
v 54.6400 0.5000 2.4800
v 54.3500 0.5000 2.3500
v 54.6400 0.5000 2.3500
v 54.6011 0.3550 2.3500
v 53.9700 0.4200 2.2400
v 54.7300 0.4200 2.2400
v 54.7300 0.5800 2.2400
v 53.9700 0.5800 2.2400
v 53.9700 0.5800 2.1600
v 54.7300 0.5800 2.1600
v 54.7300 0.4200 2.1600
v 53.9700 0.4200 2.1600
v 53.9700 0.5800 2.1600
v 53.9700 0.5800 2.2400
v 54.7300 0.5800 2.2400
v 54.7300 0.5800 2.1600
v 54.7300 0.4200 2.1600
v 54.7300 0.4200 2.2400
v 53.9700 0.4200 2.2400
v 53.9700 0.4200 2.1600
v 53.9700 0.4200 2.1600
v 53.9700 0.4200 2.2400
v 53.9700 0.5800 2.2400
v 53.9700 0.5800 2.1600
v 54.7300 0.5800 2.1600
v 54.7300 0.5800 2.2400
v 54.7300 0.4200 2.2400
v 54.7300 0.4200 2.1600
v 54.7000 11.5000 1.8000
v 54.6531 11.6750 1.8000
v 54.6531 11.6750 1.8800
v 54.7000 11.5000 1.8800
v 54.6531 11.6750 1.8000
v 54.5250 11.8031 1.8000
v 54.5250 11.8031 1.8800
v 54.6531 11.6750 1.8800
v 54.5250 11.8031 1.8000
v 54.3500 11.8500 1.8000
v 54.3500 11.8500 1.8800
v 54.5250 11.8031 1.8800
v 54.3500 11.8500 1.8000
v 54.1750 11.8031 1.8000
v 54.1750 11.8031 1.8800
v 54.3500 11.8500 1.8800
v 54.1750 11.8031 1.8000
v 54.0469 11.6750 1.8000
v 54.0469 11.6750 1.8800
v 54.1750 11.8031 1.8800
v 54.0469 11.6750 1.8000
v 54.0000 11.5000 1.8000
v 54.0000 11.5000 1.8800
v 54.0469 11.6750 1.8800
v 54.0000 11.5000 1.8000
v 54.0469 11.3250 1.8000
v 54.0469 11.3250 1.8800
v 54.0000 11.5000 1.8800
v 54.0469 11.3250 1.8000
v 54.1750 11.1969 1.8000
v 54.1750 11.1969 1.8800
v 54.0469 11.3250 1.8800
v 54.1750 11.1969 1.8000
v 54.3500 11.1500 1.8000
v 54.3500 11.1500 1.8800
v 54.1750 11.1969 1.8800
v 54.3500 11.1500 1.8000
v 54.5250 11.1969 1.8000
v 54.5250 11.1969 1.8800
v 54.3500 11.1500 1.8800
v 54.5250 11.1969 1.8000
v 54.6531 11.3250 1.8000
v 54.6531 11.3250 1.8800
v 54.5250 11.1969 1.8800
v 54.6531 11.3250 1.8000
v 54.6531 11.3250 1.8800
v 54.7000 11.5000 1.8800
v 54.7000 11.5000 1.8000
v 54.3500 11.5000 1.8800
v 54.7000 11.5000 1.8800
v 54.6531 11.6750 1.8800
v 54.3500 11.5000 1.8000
v 54.6531 11.6750 1.8000
v 54.7000 11.5000 1.8000
v 54.3500 11.5000 1.8800
v 54.6531 11.6750 1.8800
v 54.5250 11.8031 1.8800
v 54.3500 11.5000 1.8000
v 54.5250 11.8031 1.8000
v 54.6531 11.6750 1.8000
v 54.3500 11.5000 1.8800
v 54.5250 11.8031 1.8800
v 54.3500 11.8500 1.8800
v 54.3500 11.5000 1.8000
v 54.3500 11.8500 1.8000
v 54.5250 11.8031 1.8000
v 54.3500 11.5000 1.8800
v 54.3500 11.8500 1.8800
v 54.1750 11.8031 1.8800
v 54.3500 11.5000 1.8000
v 54.1750 11.8031 1.8000
v 54.3500 11.8500 1.8000
v 54.3500 11.5000 1.8800
v 54.1750 11.8031 1.8800
v 54.0469 11.6750 1.8800
v 54.3500 11.5000 1.8000
v 54.0469 11.6750 1.8000
v 54.1750 11.8031 1.8000
v 54.3500 11.5000 1.8800
v 54.0469 11.6750 1.8800
v 54.0000 11.5000 1.8800
v 54.3500 11.5000 1.8000
v 54.0000 11.5000 1.8000
v 54.0469 11.6750 1.8000
v 54.3500 11.5000 1.8800
v 54.0000 11.5000 1.8800
v 54.0469 11.3250 1.8800
v 54.3500 11.5000 1.8000
v 54.0469 11.3250 1.8000
v 54.0000 11.5000 1.8000
v 54.3500 11.5000 1.8800
v 54.0469 11.3250 1.8800
v 54.1750 11.1969 1.8800
v 54.3500 11.5000 1.8000
v 54.1750 11.1969 1.8000
v 54.0469 11.3250 1.8000
v 54.3500 11.5000 1.8800
v 54.1750 11.1969 1.8800
v 54.3500 11.1500 1.8800
v 54.3500 11.5000 1.8000
v 54.3500 11.1500 1.8000
v 54.1750 11.1969 1.8000
v 54.3500 11.5000 1.8800
v 54.3500 11.1500 1.8800
v 54.5250 11.1969 1.8800
v 54.3500 11.5000 1.8000
v 54.5250 11.1969 1.8000
v 54.3500 11.1500 1.8000
v 54.3500 11.5000 1.8800
v 54.5250 11.1969 1.8800
v 54.6531 11.3250 1.8800
v 54.3500 11.5000 1.8000
v 54.6531 11.3250 1.8000
v 54.5250 11.1969 1.8000
v 54.3500 11.5000 1.8800
v 54.6531 11.3250 1.8800
v 54.7000 11.5000 1.8800
v 54.3500 11.5000 1.8000
v 54.7000 11.5000 1.8000
v 54.6531 11.3250 1.8000
v 54.5700 11.5000 1.8800
v 54.5405 11.6100 1.8800
v 54.5405 11.6100 2.3500
v 54.5700 11.5000 2.3500
v 54.5405 11.6100 1.8800
v 54.4600 11.6905 1.8800
v 54.4600 11.6905 2.3500
v 54.5405 11.6100 2.3500
v 54.4600 11.6905 1.8800
v 54.3500 11.7200 1.8800
v 54.3500 11.7200 2.3500
v 54.4600 11.6905 2.3500
v 54.3500 11.7200 1.8800
v 54.2400 11.6905 1.8800
v 54.2400 11.6905 2.3500
v 54.3500 11.7200 2.3500
v 54.2400 11.6905 1.8800
v 54.1595 11.6100 1.8800
v 54.1595 11.6100 2.3500
v 54.2400 11.6905 2.3500
v 54.1595 11.6100 1.8800
v 54.1300 11.5000 1.8800
v 54.1300 11.5000 2.3500
v 54.1595 11.6100 2.3500
v 54.1300 11.5000 1.8800
v 54.1595 11.3900 1.8800
v 54.1595 11.3900 2.3500
v 54.1300 11.5000 2.3500
v 54.1595 11.3900 1.8800
v 54.2400 11.3095 1.8800
v 54.2400 11.3095 2.3500
v 54.1595 11.3900 2.3500
v 54.2400 11.3095 1.8800
v 54.3500 11.2800 1.8800
v 54.3500 11.2800 2.3500
v 54.2400 11.3095 2.3500
v 54.3500 11.2800 1.8800
v 54.4600 11.3095 1.8800
v 54.4600 11.3095 2.3500
v 54.3500 11.2800 2.3500
v 54.4600 11.3095 1.8800
v 54.5405 11.3900 1.8800
v 54.5405 11.3900 2.3500
v 54.4600 11.3095 2.3500
v 54.5405 11.3900 1.8800
v 54.5405 11.3900 2.3500
v 54.5700 11.5000 2.3500
v 54.5700 11.5000 1.8800
v 54.6400 11.5000 2.3500
v 54.6011 11.6450 2.3500
v 54.6011 11.6450 2.4800
v 54.6400 11.5000 2.4800
v 54.6011 11.6450 2.3500
v 54.4950 11.7511 2.3500
v 54.4950 11.7511 2.4800
v 54.6011 11.6450 2.4800
v 54.4950 11.7511 2.3500
v 54.3500 11.7900 2.3500
v 54.3500 11.7900 2.4800
v 54.4950 11.7511 2.4800
v 54.3500 11.7900 2.3500
v 54.2050 11.7511 2.3500
v 54.2050 11.7511 2.4800
v 54.3500 11.7900 2.4800
v 54.2050 11.7511 2.3500
v 54.0989 11.6450 2.3500
v 54.0989 11.6450 2.4800
v 54.2050 11.7511 2.4800
v 54.0989 11.6450 2.3500
v 54.0600 11.5000 2.3500
v 54.0600 11.5000 2.4800
v 54.0989 11.6450 2.4800
v 54.0600 11.5000 2.3500
v 54.0989 11.3550 2.3500
v 54.0989 11.3550 2.4800
v 54.0600 11.5000 2.4800
v 54.0989 11.3550 2.3500
v 54.2050 11.2489 2.3500
v 54.2050 11.2489 2.4800
v 54.0989 11.3550 2.4800
v 54.2050 11.2489 2.3500
v 54.3500 11.2100 2.3500
v 54.3500 11.2100 2.4800
v 54.2050 11.2489 2.4800
v 54.3500 11.2100 2.3500
v 54.4950 11.2489 2.3500
v 54.4950 11.2489 2.4800
v 54.3500 11.2100 2.4800
v 54.4950 11.2489 2.3500
v 54.6011 11.3550 2.3500
v 54.6011 11.3550 2.4800
v 54.4950 11.2489 2.4800
v 54.6011 11.3550 2.3500
v 54.6011 11.3550 2.4800
v 54.6400 11.5000 2.4800
v 54.6400 11.5000 2.3500
v 54.3500 11.5000 2.4800
v 54.6400 11.5000 2.4800
v 54.6011 11.6450 2.4800
v 54.3500 11.5000 2.3500
v 54.6011 11.6450 2.3500
v 54.6400 11.5000 2.3500
v 54.3500 11.5000 2.4800
v 54.6011 11.6450 2.4800
v 54.4950 11.7511 2.4800
v 54.3500 11.5000 2.3500
v 54.4950 11.7511 2.3500
v 54.6011 11.6450 2.3500
v 54.3500 11.5000 2.4800
v 54.4950 11.7511 2.4800
v 54.3500 11.7900 2.4800
v 54.3500 11.5000 2.3500
v 54.3500 11.7900 2.3500
v 54.4950 11.7511 2.3500
v 54.3500 11.5000 2.4800
v 54.3500 11.7900 2.4800
v 54.2050 11.7511 2.4800
v 54.3500 11.5000 2.3500
v 54.2050 11.7511 2.3500
v 54.3500 11.7900 2.3500
v 54.3500 11.5000 2.4800
v 54.2050 11.7511 2.4800
v 54.0989 11.6450 2.4800
v 54.3500 11.5000 2.3500
v 54.0989 11.6450 2.3500
v 54.2050 11.7511 2.3500
v 54.3500 11.5000 2.4800
v 54.0989 11.6450 2.4800
v 54.0600 11.5000 2.4800
v 54.3500 11.5000 2.3500
v 54.0600 11.5000 2.3500
v 54.0989 11.6450 2.3500
v 54.3500 11.5000 2.4800
v 54.0600 11.5000 2.4800
v 54.0989 11.3550 2.4800
v 54.3500 11.5000 2.3500
v 54.0989 11.3550 2.3500
v 54.0600 11.5000 2.3500
v 54.3500 11.5000 2.4800
v 54.0989 11.3550 2.4800
v 54.2050 11.2489 2.4800
v 54.3500 11.5000 2.3500
v 54.2050 11.2489 2.3500
v 54.0989 11.3550 2.3500
v 54.3500 11.5000 2.4800
v 54.2050 11.2489 2.4800
v 54.3500 11.2100 2.4800
v 54.3500 11.5000 2.3500
v 54.3500 11.2100 2.3500
v 54.2050 11.2489 2.3500
v 54.3500 11.5000 2.4800
v 54.3500 11.2100 2.4800
v 54.4950 11.2489 2.4800
v 54.3500 11.5000 2.3500
v 54.4950 11.2489 2.3500
v 54.3500 11.2100 2.3500
v 54.3500 11.5000 2.4800
v 54.4950 11.2489 2.4800
v 54.6011 11.3550 2.4800
v 54.3500 11.5000 2.3500
v 54.6011 11.3550 2.3500
v 54.4950 11.2489 2.3500
v 54.3500 11.5000 2.4800
v 54.6011 11.3550 2.4800
v 54.6400 11.5000 2.4800
v 54.3500 11.5000 2.3500
v 54.6400 11.5000 2.3500
v 54.6011 11.3550 2.3500
v 53.9700 11.4200 2.2400
v 54.7300 11.4200 2.2400
v 54.7300 11.5800 2.2400
v 53.9700 11.5800 2.2400
v 53.9700 11.5800 2.1600
v 54.7300 11.5800 2.1600
v 54.7300 11.4200 2.1600
v 53.9700 11.4200 2.1600
v 53.9700 11.5800 2.1600
v 53.9700 11.5800 2.2400
v 54.7300 11.5800 2.2400
v 54.7300 11.5800 2.1600
v 54.7300 11.4200 2.1600
v 54.7300 11.4200 2.2400
v 53.9700 11.4200 2.2400
v 53.9700 11.4200 2.1600
v 53.9700 11.4200 2.1600
v 53.9700 11.4200 2.2400
v 53.9700 11.5800 2.2400
v 53.9700 11.5800 2.1600
v 54.7300 11.5800 2.1600
v 54.7300 11.5800 2.2400
v 54.7300 11.4200 2.2400
v 54.7300 11.4200 2.1600
v 54.7000 22.5000 1.8000
v 54.6531 22.6750 1.8000
v 54.6531 22.6750 1.8800
v 54.7000 22.5000 1.8800
v 54.6531 22.6750 1.8000
v 54.5250 22.8031 1.8000
v 54.5250 22.8031 1.8800
v 54.6531 22.6750 1.8800
v 54.5250 22.8031 1.8000
v 54.3500 22.8500 1.8000
v 54.3500 22.8500 1.8800
v 54.5250 22.8031 1.8800
v 54.3500 22.8500 1.8000
v 54.1750 22.8031 1.8000
v 54.1750 22.8031 1.8800
v 54.3500 22.8500 1.8800
v 54.1750 22.8031 1.8000
v 54.0469 22.6750 1.8000
v 54.0469 22.6750 1.8800
v 54.1750 22.8031 1.8800
v 54.0469 22.6750 1.8000
v 54.0000 22.5000 1.8000
v 54.0000 22.5000 1.8800
v 54.0469 22.6750 1.8800
v 54.0000 22.5000 1.8000
v 54.0469 22.3250 1.8000
v 54.0469 22.3250 1.8800
v 54.0000 22.5000 1.8800
v 54.0469 22.3250 1.8000
v 54.1750 22.1969 1.8000
v 54.1750 22.1969 1.8800
v 54.0469 22.3250 1.8800
v 54.1750 22.1969 1.8000
v 54.3500 22.1500 1.8000
v 54.3500 22.1500 1.8800
v 54.1750 22.1969 1.8800
v 54.3500 22.1500 1.8000
v 54.5250 22.1969 1.8000
v 54.5250 22.1969 1.8800
v 54.3500 22.1500 1.8800
v 54.5250 22.1969 1.8000
v 54.6531 22.3250 1.8000
v 54.6531 22.3250 1.8800
v 54.5250 22.1969 1.8800
v 54.6531 22.3250 1.8000
v 54.6531 22.3250 1.8800
v 54.7000 22.5000 1.8800
v 54.7000 22.5000 1.8000
v 54.3500 22.5000 1.8800
v 54.7000 22.5000 1.8800
v 54.6531 22.6750 1.8800
v 54.3500 22.5000 1.8000
v 54.6531 22.6750 1.8000
v 54.7000 22.5000 1.8000
v 54.3500 22.5000 1.8800
v 54.6531 22.6750 1.8800
v 54.5250 22.8031 1.8800
v 54.3500 22.5000 1.8000
v 54.5250 22.8031 1.8000
v 54.6531 22.6750 1.8000
v 54.3500 22.5000 1.8800
v 54.5250 22.8031 1.8800
v 54.3500 22.8500 1.8800
v 54.3500 22.5000 1.8000
v 54.3500 22.8500 1.8000
v 54.5250 22.8031 1.8000
v 54.3500 22.5000 1.8800
v 54.3500 22.8500 1.8800
v 54.1750 22.8031 1.8800
v 54.3500 22.5000 1.8000
v 54.1750 22.8031 1.8000
v 54.3500 22.8500 1.8000
v 54.3500 22.5000 1.8800
v 54.1750 22.8031 1.8800
v 54.0469 22.6750 1.8800
v 54.3500 22.5000 1.8000
v 54.0469 22.6750 1.8000
v 54.1750 22.8031 1.8000
v 54.3500 22.5000 1.8800
v 54.0469 22.6750 1.8800
v 54.0000 22.5000 1.8800
v 54.3500 22.5000 1.8000
v 54.0000 22.5000 1.8000
v 54.0469 22.6750 1.8000
v 54.3500 22.5000 1.8800
v 54.0000 22.5000 1.8800
v 54.0469 22.3250 1.8800
v 54.3500 22.5000 1.8000
v 54.0469 22.3250 1.8000
v 54.0000 22.5000 1.8000
v 54.3500 22.5000 1.8800
v 54.0469 22.3250 1.8800
v 54.1750 22.1969 1.8800
v 54.3500 22.5000 1.8000
v 54.1750 22.1969 1.8000
v 54.0469 22.3250 1.8000
v 54.3500 22.5000 1.8800
v 54.1750 22.1969 1.8800
v 54.3500 22.1500 1.8800
v 54.3500 22.5000 1.8000
v 54.3500 22.1500 1.8000
v 54.1750 22.1969 1.8000
v 54.3500 22.5000 1.8800
v 54.3500 22.1500 1.8800
v 54.5250 22.1969 1.8800
v 54.3500 22.5000 1.8000
v 54.5250 22.1969 1.8000
v 54.3500 22.1500 1.8000
v 54.3500 22.5000 1.8800
v 54.5250 22.1969 1.8800
v 54.6531 22.3250 1.8800
v 54.3500 22.5000 1.8000
v 54.6531 22.3250 1.8000
v 54.5250 22.1969 1.8000
v 54.3500 22.5000 1.8800
v 54.6531 22.3250 1.8800
v 54.7000 22.5000 1.8800
v 54.3500 22.5000 1.8000
v 54.7000 22.5000 1.8000
v 54.6531 22.3250 1.8000
v 54.5700 22.5000 1.8800
v 54.5405 22.6100 1.8800
v 54.5405 22.6100 2.3500
v 54.5700 22.5000 2.3500
v 54.5405 22.6100 1.8800
v 54.4600 22.6905 1.8800
v 54.4600 22.6905 2.3500
v 54.5405 22.6100 2.3500
v 54.4600 22.6905 1.8800
v 54.3500 22.7200 1.8800
v 54.3500 22.7200 2.3500
v 54.4600 22.6905 2.3500
v 54.3500 22.7200 1.8800
v 54.2400 22.6905 1.8800
v 54.2400 22.6905 2.3500
v 54.3500 22.7200 2.3500
v 54.2400 22.6905 1.8800
v 54.1595 22.6100 1.8800
v 54.1595 22.6100 2.3500
v 54.2400 22.6905 2.3500
v 54.1595 22.6100 1.8800
v 54.1300 22.5000 1.8800
v 54.1300 22.5000 2.3500
v 54.1595 22.6100 2.3500
v 54.1300 22.5000 1.8800
v 54.1595 22.3900 1.8800
v 54.1595 22.3900 2.3500
v 54.1300 22.5000 2.3500
v 54.1595 22.3900 1.8800
v 54.2400 22.3095 1.8800
v 54.2400 22.3095 2.3500
v 54.1595 22.3900 2.3500
v 54.2400 22.3095 1.8800
v 54.3500 22.2800 1.8800
v 54.3500 22.2800 2.3500
v 54.2400 22.3095 2.3500
v 54.3500 22.2800 1.8800
v 54.4600 22.3095 1.8800
v 54.4600 22.3095 2.3500
v 54.3500 22.2800 2.3500
v 54.4600 22.3095 1.8800
v 54.5405 22.3900 1.8800
v 54.5405 22.3900 2.3500
v 54.4600 22.3095 2.3500
v 54.5405 22.3900 1.8800
v 54.5405 22.3900 2.3500
v 54.5700 22.5000 2.3500
v 54.5700 22.5000 1.8800
v 54.6400 22.5000 2.3500
v 54.6011 22.6450 2.3500
v 54.6011 22.6450 2.4800
v 54.6400 22.5000 2.4800
v 54.6011 22.6450 2.3500
v 54.4950 22.7511 2.3500
v 54.4950 22.7511 2.4800
v 54.6011 22.6450 2.4800
v 54.4950 22.7511 2.3500
v 54.3500 22.7900 2.3500
v 54.3500 22.7900 2.4800
v 54.4950 22.7511 2.4800
v 54.3500 22.7900 2.3500
v 54.2050 22.7511 2.3500
v 54.2050 22.7511 2.4800
v 54.3500 22.7900 2.4800
v 54.2050 22.7511 2.3500
v 54.0989 22.6450 2.3500
v 54.0989 22.6450 2.4800
v 54.2050 22.7511 2.4800
v 54.0989 22.6450 2.3500
v 54.0600 22.5000 2.3500
v 54.0600 22.5000 2.4800
v 54.0989 22.6450 2.4800
v 54.0600 22.5000 2.3500
v 54.0989 22.3550 2.3500
v 54.0989 22.3550 2.4800
v 54.0600 22.5000 2.4800
v 54.0989 22.3550 2.3500
v 54.2050 22.2489 2.3500
v 54.2050 22.2489 2.4800
v 54.0989 22.3550 2.4800
v 54.2050 22.2489 2.3500
v 54.3500 22.2100 2.3500
v 54.3500 22.2100 2.4800
v 54.2050 22.2489 2.4800
v 54.3500 22.2100 2.3500
v 54.4950 22.2489 2.3500
v 54.4950 22.2489 2.4800
v 54.3500 22.2100 2.4800
v 54.4950 22.2489 2.3500
v 54.6011 22.3550 2.3500
v 54.6011 22.3550 2.4800
v 54.4950 22.2489 2.4800
v 54.6011 22.3550 2.3500
v 54.6011 22.3550 2.4800
v 54.6400 22.5000 2.4800
v 54.6400 22.5000 2.3500
v 54.3500 22.5000 2.4800
v 54.6400 22.5000 2.4800
v 54.6011 22.6450 2.4800
v 54.3500 22.5000 2.3500
v 54.6011 22.6450 2.3500
v 54.6400 22.5000 2.3500
v 54.3500 22.5000 2.4800
v 54.6011 22.6450 2.4800
v 54.4950 22.7511 2.4800
v 54.3500 22.5000 2.3500
v 54.4950 22.7511 2.3500
v 54.6011 22.6450 2.3500
v 54.3500 22.5000 2.4800
v 54.4950 22.7511 2.4800
v 54.3500 22.7900 2.4800
v 54.3500 22.5000 2.3500
v 54.3500 22.7900 2.3500
v 54.4950 22.7511 2.3500
v 54.3500 22.5000 2.4800
v 54.3500 22.7900 2.4800
v 54.2050 22.7511 2.4800
v 54.3500 22.5000 2.3500
v 54.2050 22.7511 2.3500
v 54.3500 22.7900 2.3500
v 54.3500 22.5000 2.4800
v 54.2050 22.7511 2.4800
v 54.0989 22.6450 2.4800
v 54.3500 22.5000 2.3500
v 54.0989 22.6450 2.3500
v 54.2050 22.7511 2.3500
v 54.3500 22.5000 2.4800
v 54.0989 22.6450 2.4800
v 54.0600 22.5000 2.4800
v 54.3500 22.5000 2.3500
v 54.0600 22.5000 2.3500
v 54.0989 22.6450 2.3500
v 54.3500 22.5000 2.4800
v 54.0600 22.5000 2.4800
v 54.0989 22.3550 2.4800
v 54.3500 22.5000 2.3500
v 54.0989 22.3550 2.3500
v 54.0600 22.5000 2.3500
v 54.3500 22.5000 2.4800
v 54.0989 22.3550 2.4800
v 54.2050 22.2489 2.4800
v 54.3500 22.5000 2.3500
v 54.2050 22.2489 2.3500
v 54.0989 22.3550 2.3500
v 54.3500 22.5000 2.4800
v 54.2050 22.2489 2.4800
v 54.3500 22.2100 2.4800
v 54.3500 22.5000 2.3500
v 54.3500 22.2100 2.3500
v 54.2050 22.2489 2.3500
v 54.3500 22.5000 2.4800
v 54.3500 22.2100 2.4800
v 54.4950 22.2489 2.4800
v 54.3500 22.5000 2.3500
v 54.4950 22.2489 2.3500
v 54.3500 22.2100 2.3500
v 54.3500 22.5000 2.4800
v 54.4950 22.2489 2.4800
v 54.6011 22.3550 2.4800
v 54.3500 22.5000 2.3500
v 54.6011 22.3550 2.3500
v 54.4950 22.2489 2.3500
v 54.3500 22.5000 2.4800
v 54.6011 22.3550 2.4800
v 54.6400 22.5000 2.4800
v 54.3500 22.5000 2.3500
v 54.6400 22.5000 2.3500
v 54.6011 22.3550 2.3500
v 53.9700 22.4200 2.2400
v 54.7300 22.4200 2.2400
v 54.7300 22.5800 2.2400
v 53.9700 22.5800 2.2400
v 53.9700 22.5800 2.1600
v 54.7300 22.5800 2.1600
v 54.7300 22.4200 2.1600
v 53.9700 22.4200 2.1600
v 53.9700 22.5800 2.1600
v 53.9700 22.5800 2.2400
v 54.7300 22.5800 2.2400
v 54.7300 22.5800 2.1600
v 54.7300 22.4200 2.1600
v 54.7300 22.4200 2.2400
v 53.9700 22.4200 2.2400
v 53.9700 22.4200 2.1600
v 53.9700 22.4200 2.1600
v 53.9700 22.4200 2.2400
v 53.9700 22.5800 2.2400
v 53.9700 22.5800 2.1600
v 54.7300 22.5800 2.1600
v 54.7300 22.5800 2.2400
v 54.7300 22.4200 2.2400
v 54.7300 22.4200 2.1600
v 24.4350 -4.5200 2.2000
v 24.4750 -4.5200 2.2000
v 24.4750 -4.4500 2.2000
v 24.4350 -4.4500 2.2000
v 24.4350 -4.4500 -1.2000
v 24.4750 -4.4500 -1.2000
v 24.4750 -4.5200 -1.2000
v 24.4350 -4.5200 -1.2000
v 24.4350 -4.4500 -1.2000
v 24.4350 -4.4500 2.2000
v 24.4750 -4.4500 2.2000
v 24.4750 -4.4500 -1.2000
v 24.4750 -4.5200 -1.2000
v 24.4750 -4.5200 2.2000
v 24.4350 -4.5200 2.2000
v 24.4350 -4.5200 -1.2000
v 24.4350 -4.5200 -1.2000
v 24.4350 -4.5200 2.2000
v 24.4350 -4.4500 2.2000
v 24.4350 -4.4500 -1.2000
v 24.4750 -4.4500 -1.2000
v 24.4750 -4.4500 2.2000
v 24.4750 -4.5200 2.2000
v 24.4750 -4.5200 -1.2000
v 25.0250 -4.5200 2.2000
v 25.0650 -4.5200 2.2000
v 25.0650 -4.4500 2.2000
v 25.0250 -4.4500 2.2000
v 25.0250 -4.4500 -1.2000
v 25.0650 -4.4500 -1.2000
v 25.0650 -4.5200 -1.2000
v 25.0250 -4.5200 -1.2000
v 25.0250 -4.4500 -1.2000
v 25.0250 -4.4500 2.2000
v 25.0650 -4.4500 2.2000
v 25.0650 -4.4500 -1.2000
v 25.0650 -4.5200 -1.2000
v 25.0650 -4.5200 2.2000
v 25.0250 -4.5200 2.2000
v 25.0250 -4.5200 -1.2000
v 25.0250 -4.5200 -1.2000
v 25.0250 -4.5200 2.2000
v 25.0250 -4.4500 2.2000
v 25.0250 -4.4500 -1.2000
v 25.0650 -4.4500 -1.2000
v 25.0650 -4.4500 2.2000
v 25.0650 -4.5200 2.2000
v 25.0650 -4.5200 -1.2000
v 24.4750 -4.5100 -1.0320
v 25.0250 -4.5100 -1.0320
v 25.0250 -4.4700 -1.0320
v 24.4750 -4.4700 -1.0320
v 24.4750 -4.4700 -1.0680
v 25.0250 -4.4700 -1.0680
v 25.0250 -4.5100 -1.0680
v 24.4750 -4.5100 -1.0680
v 24.4750 -4.4700 -1.0680
v 24.4750 -4.4700 -1.0320
v 25.0250 -4.4700 -1.0320
v 25.0250 -4.4700 -1.0680
v 25.0250 -4.5100 -1.0680
v 25.0250 -4.5100 -1.0320
v 24.4750 -4.5100 -1.0320
v 24.4750 -4.5100 -1.0680
v 24.4750 -4.5100 -1.0680
v 24.4750 -4.5100 -1.0320
v 24.4750 -4.4700 -1.0320
v 24.4750 -4.4700 -1.0680
v 25.0250 -4.4700 -1.0680
v 25.0250 -4.4700 -1.0320
v 25.0250 -4.5100 -1.0320
v 25.0250 -4.5100 -1.0680
v 24.4750 -4.5100 -0.7320
v 25.0250 -4.5100 -0.7320
v 25.0250 -4.4700 -0.7320
v 24.4750 -4.4700 -0.7320
v 24.4750 -4.4700 -0.7680
v 25.0250 -4.4700 -0.7680
v 25.0250 -4.5100 -0.7680
v 24.4750 -4.5100 -0.7680
v 24.4750 -4.4700 -0.7680
v 24.4750 -4.4700 -0.7320
v 25.0250 -4.4700 -0.7320
v 25.0250 -4.4700 -0.7680
v 25.0250 -4.5100 -0.7680
v 25.0250 -4.5100 -0.7320
v 24.4750 -4.5100 -0.7320
v 24.4750 -4.5100 -0.7680
v 24.4750 -4.5100 -0.7680
v 24.4750 -4.5100 -0.7320
v 24.4750 -4.4700 -0.7320
v 24.4750 -4.4700 -0.7680
v 25.0250 -4.4700 -0.7680
v 25.0250 -4.4700 -0.7320
v 25.0250 -4.5100 -0.7320
v 25.0250 -4.5100 -0.7680
v 24.4750 -4.5100 -0.4320
v 25.0250 -4.5100 -0.4320
v 25.0250 -4.4700 -0.4320
v 24.4750 -4.4700 -0.4320
v 24.4750 -4.4700 -0.4680
v 25.0250 -4.4700 -0.4680
v 25.0250 -4.5100 -0.4680
v 24.4750 -4.5100 -0.4680
v 24.4750 -4.4700 -0.4680
v 24.4750 -4.4700 -0.4320
v 25.0250 -4.4700 -0.4320
v 25.0250 -4.4700 -0.4680
v 25.0250 -4.5100 -0.4680
v 25.0250 -4.5100 -0.4320
v 24.4750 -4.5100 -0.4320
v 24.4750 -4.5100 -0.4680
v 24.4750 -4.5100 -0.4680
v 24.4750 -4.5100 -0.4320
v 24.4750 -4.4700 -0.4320
v 24.4750 -4.4700 -0.4680
v 25.0250 -4.4700 -0.4680
v 25.0250 -4.4700 -0.4320
v 25.0250 -4.5100 -0.4320
v 25.0250 -4.5100 -0.4680
v 24.4750 -4.5100 -0.1320
v 25.0250 -4.5100 -0.1320
v 25.0250 -4.4700 -0.1320
v 24.4750 -4.4700 -0.1320
v 24.4750 -4.4700 -0.1680
v 25.0250 -4.4700 -0.1680
v 25.0250 -4.5100 -0.1680
v 24.4750 -4.5100 -0.1680
v 24.4750 -4.4700 -0.1680
v 24.4750 -4.4700 -0.1320
v 25.0250 -4.4700 -0.1320
v 25.0250 -4.4700 -0.1680
v 25.0250 -4.5100 -0.1680
v 25.0250 -4.5100 -0.1320
v 24.4750 -4.5100 -0.1320
v 24.4750 -4.5100 -0.1680
v 24.4750 -4.5100 -0.1680
v 24.4750 -4.5100 -0.1320
v 24.4750 -4.4700 -0.1320
v 24.4750 -4.4700 -0.1680
v 25.0250 -4.4700 -0.1680
v 25.0250 -4.4700 -0.1320
v 25.0250 -4.5100 -0.1320
v 25.0250 -4.5100 -0.1680
v 24.4750 -4.5100 0.1680
v 25.0250 -4.5100 0.1680
v 25.0250 -4.4700 0.1680
v 24.4750 -4.4700 0.1680
v 24.4750 -4.4700 0.1320
v 25.0250 -4.4700 0.1320
v 25.0250 -4.5100 0.1320
v 24.4750 -4.5100 0.1320
v 24.4750 -4.4700 0.1320
v 24.4750 -4.4700 0.1680
v 25.0250 -4.4700 0.1680
v 25.0250 -4.4700 0.1320
v 25.0250 -4.5100 0.1320
v 25.0250 -4.5100 0.1680
v 24.4750 -4.5100 0.1680
v 24.4750 -4.5100 0.1320
v 24.4750 -4.5100 0.1320
v 24.4750 -4.5100 0.1680
v 24.4750 -4.4700 0.1680
v 24.4750 -4.4700 0.1320
v 25.0250 -4.4700 0.1320
v 25.0250 -4.4700 0.1680
v 25.0250 -4.5100 0.1680
v 25.0250 -4.5100 0.1320
v 24.4750 -4.5100 0.4680
v 25.0250 -4.5100 0.4680
v 25.0250 -4.4700 0.4680
v 24.4750 -4.4700 0.4680
v 24.4750 -4.4700 0.4320
v 25.0250 -4.4700 0.4320
v 25.0250 -4.5100 0.4320
v 24.4750 -4.5100 0.4320
v 24.4750 -4.4700 0.4320
v 24.4750 -4.4700 0.4680
v 25.0250 -4.4700 0.4680
v 25.0250 -4.4700 0.4320
v 25.0250 -4.5100 0.4320
v 25.0250 -4.5100 0.4680
v 24.4750 -4.5100 0.4680
v 24.4750 -4.5100 0.4320
v 24.4750 -4.5100 0.4320
v 24.4750 -4.5100 0.4680
v 24.4750 -4.4700 0.4680
v 24.4750 -4.4700 0.4320
v 25.0250 -4.4700 0.4320
v 25.0250 -4.4700 0.4680
v 25.0250 -4.5100 0.4680
v 25.0250 -4.5100 0.4320
v 24.4750 -4.5100 0.7680
v 25.0250 -4.5100 0.7680
v 25.0250 -4.4700 0.7680
v 24.4750 -4.4700 0.7680
v 24.4750 -4.4700 0.7320
v 25.0250 -4.4700 0.7320
v 25.0250 -4.5100 0.7320
v 24.4750 -4.5100 0.7320
v 24.4750 -4.4700 0.7320
v 24.4750 -4.4700 0.7680
v 25.0250 -4.4700 0.7680
v 25.0250 -4.4700 0.7320
v 25.0250 -4.5100 0.7320
v 25.0250 -4.5100 0.7680
v 24.4750 -4.5100 0.7680
v 24.4750 -4.5100 0.7320
v 24.4750 -4.5100 0.7320
v 24.4750 -4.5100 0.7680
v 24.4750 -4.4700 0.7680
v 24.4750 -4.4700 0.7320
v 25.0250 -4.4700 0.7320
v 25.0250 -4.4700 0.7680
v 25.0250 -4.5100 0.7680
v 25.0250 -4.5100 0.7320
v 24.4750 -4.5100 1.0680
v 25.0250 -4.5100 1.0680
v 25.0250 -4.4700 1.0680
v 24.4750 -4.4700 1.0680
v 24.4750 -4.4700 1.0320
v 25.0250 -4.4700 1.0320
v 25.0250 -4.5100 1.0320
v 24.4750 -4.5100 1.0320
v 24.4750 -4.4700 1.0320
v 24.4750 -4.4700 1.0680
v 25.0250 -4.4700 1.0680
v 25.0250 -4.4700 1.0320
v 25.0250 -4.5100 1.0320
v 25.0250 -4.5100 1.0680
v 24.4750 -4.5100 1.0680
v 24.4750 -4.5100 1.0320
v 24.4750 -4.5100 1.0320
v 24.4750 -4.5100 1.0680
v 24.4750 -4.4700 1.0680
v 24.4750 -4.4700 1.0320
v 25.0250 -4.4700 1.0320
v 25.0250 -4.4700 1.0680
v 25.0250 -4.5100 1.0680
v 25.0250 -4.5100 1.0320
v 24.4750 -4.5100 1.3680
v 25.0250 -4.5100 1.3680
v 25.0250 -4.4700 1.3680
v 24.4750 -4.4700 1.3680
v 24.4750 -4.4700 1.3320
v 25.0250 -4.4700 1.3320
v 25.0250 -4.5100 1.3320
v 24.4750 -4.5100 1.3320
v 24.4750 -4.4700 1.3320
v 24.4750 -4.4700 1.3680
v 25.0250 -4.4700 1.3680
v 25.0250 -4.4700 1.3320
v 25.0250 -4.5100 1.3320
v 25.0250 -4.5100 1.3680
v 24.4750 -4.5100 1.3680
v 24.4750 -4.5100 1.3320
v 24.4750 -4.5100 1.3320
v 24.4750 -4.5100 1.3680
v 24.4750 -4.4700 1.3680
v 24.4750 -4.4700 1.3320
v 25.0250 -4.4700 1.3320
v 25.0250 -4.4700 1.3680
v 25.0250 -4.5100 1.3680
v 25.0250 -4.5100 1.3320
v 24.4750 -4.5100 1.6680
v 25.0250 -4.5100 1.6680
v 25.0250 -4.4700 1.6680
v 24.4750 -4.4700 1.6680
v 24.4750 -4.4700 1.6320
v 25.0250 -4.4700 1.6320
v 25.0250 -4.5100 1.6320
v 24.4750 -4.5100 1.6320
v 24.4750 -4.4700 1.6320
v 24.4750 -4.4700 1.6680
v 25.0250 -4.4700 1.6680
v 25.0250 -4.4700 1.6320
v 25.0250 -4.5100 1.6320
v 25.0250 -4.5100 1.6680
v 24.4750 -4.5100 1.6680
v 24.4750 -4.5100 1.6320
v 24.4750 -4.5100 1.6320
v 24.4750 -4.5100 1.6680
v 24.4750 -4.4700 1.6680
v 24.4750 -4.4700 1.6320
v 25.0250 -4.4700 1.6320
v 25.0250 -4.4700 1.6680
v 25.0250 -4.5100 1.6680
v 25.0250 -4.5100 1.6320
v 54.9500 17.1850 2.2000
v 55.0200 17.1850 2.2000
v 55.0200 17.2250 2.2000
v 54.9500 17.2250 2.2000
v 54.9500 17.2250 -1.2000
v 55.0200 17.2250 -1.2000
v 55.0200 17.1850 -1.2000
v 54.9500 17.1850 -1.2000
v 54.9500 17.2250 -1.2000
v 54.9500 17.2250 2.2000
v 55.0200 17.2250 2.2000
v 55.0200 17.2250 -1.2000
v 55.0200 17.1850 -1.2000
v 55.0200 17.1850 2.2000
v 54.9500 17.1850 2.2000
v 54.9500 17.1850 -1.2000
v 54.9500 17.1850 -1.2000
v 54.9500 17.1850 2.2000
v 54.9500 17.2250 2.2000
v 54.9500 17.2250 -1.2000
v 55.0200 17.2250 -1.2000
v 55.0200 17.2250 2.2000
v 55.0200 17.1850 2.2000
v 55.0200 17.1850 -1.2000
v 54.9500 17.7750 2.2000
v 55.0200 17.7750 2.2000
v 55.0200 17.8150 2.2000
v 54.9500 17.8150 2.2000
v 54.9500 17.8150 -1.2000
v 55.0200 17.8150 -1.2000
v 55.0200 17.7750 -1.2000
v 54.9500 17.7750 -1.2000
v 54.9500 17.8150 -1.2000
v 54.9500 17.8150 2.2000
v 55.0200 17.8150 2.2000
v 55.0200 17.8150 -1.2000
v 55.0200 17.7750 -1.2000
v 55.0200 17.7750 2.2000
v 54.9500 17.7750 2.2000
v 54.9500 17.7750 -1.2000
v 54.9500 17.7750 -1.2000
v 54.9500 17.7750 2.2000
v 54.9500 17.8150 2.2000
v 54.9500 17.8150 -1.2000
v 55.0200 17.8150 -1.2000
v 55.0200 17.8150 2.2000
v 55.0200 17.7750 2.2000
v 55.0200 17.7750 -1.2000
v 54.9700 17.2250 -1.0320
v 55.0100 17.2250 -1.0320
v 55.0100 17.7750 -1.0320
v 54.9700 17.7750 -1.0320
v 54.9700 17.7750 -1.0680
v 55.0100 17.7750 -1.0680
v 55.0100 17.2250 -1.0680
v 54.9700 17.2250 -1.0680
v 54.9700 17.7750 -1.0680
v 54.9700 17.7750 -1.0320
v 55.0100 17.7750 -1.0320
v 55.0100 17.7750 -1.0680
v 55.0100 17.2250 -1.0680
v 55.0100 17.2250 -1.0320
v 54.9700 17.2250 -1.0320
v 54.9700 17.2250 -1.0680
v 54.9700 17.2250 -1.0680
v 54.9700 17.2250 -1.0320
v 54.9700 17.7750 -1.0320
v 54.9700 17.7750 -1.0680
v 55.0100 17.7750 -1.0680
v 55.0100 17.7750 -1.0320
v 55.0100 17.2250 -1.0320
v 55.0100 17.2250 -1.0680
v 54.9700 17.2250 -0.7320
v 55.0100 17.2250 -0.7320
v 55.0100 17.7750 -0.7320
v 54.9700 17.7750 -0.7320
v 54.9700 17.7750 -0.7680
v 55.0100 17.7750 -0.7680
v 55.0100 17.2250 -0.7680
v 54.9700 17.2250 -0.7680
v 54.9700 17.7750 -0.7680
v 54.9700 17.7750 -0.7320
v 55.0100 17.7750 -0.7320
v 55.0100 17.7750 -0.7680
v 55.0100 17.2250 -0.7680
v 55.0100 17.2250 -0.7320
v 54.9700 17.2250 -0.7320
v 54.9700 17.2250 -0.7680
v 54.9700 17.2250 -0.7680
v 54.9700 17.2250 -0.7320
v 54.9700 17.7750 -0.7320
v 54.9700 17.7750 -0.7680
v 55.0100 17.7750 -0.7680
v 55.0100 17.7750 -0.7320
v 55.0100 17.2250 -0.7320
v 55.0100 17.2250 -0.7680
v 54.9700 17.2250 -0.4320
v 55.0100 17.2250 -0.4320
v 55.0100 17.7750 -0.4320
v 54.9700 17.7750 -0.4320
v 54.9700 17.7750 -0.4680
v 55.0100 17.7750 -0.4680
v 55.0100 17.2250 -0.4680
v 54.9700 17.2250 -0.4680
v 54.9700 17.7750 -0.4680
v 54.9700 17.7750 -0.4320
v 55.0100 17.7750 -0.4320
v 55.0100 17.7750 -0.4680
v 55.0100 17.2250 -0.4680
v 55.0100 17.2250 -0.4320
v 54.9700 17.2250 -0.4320
v 54.9700 17.2250 -0.4680
v 54.9700 17.2250 -0.4680
v 54.9700 17.2250 -0.4320
v 54.9700 17.7750 -0.4320
v 54.9700 17.7750 -0.4680
v 55.0100 17.7750 -0.4680
v 55.0100 17.7750 -0.4320
v 55.0100 17.2250 -0.4320
v 55.0100 17.2250 -0.4680
v 54.9700 17.2250 -0.1320
v 55.0100 17.2250 -0.1320
v 55.0100 17.7750 -0.1320
v 54.9700 17.7750 -0.1320
v 54.9700 17.7750 -0.1680
v 55.0100 17.7750 -0.1680
v 55.0100 17.2250 -0.1680
v 54.9700 17.2250 -0.1680
v 54.9700 17.7750 -0.1680
v 54.9700 17.7750 -0.1320
v 55.0100 17.7750 -0.1320
v 55.0100 17.7750 -0.1680
v 55.0100 17.2250 -0.1680
v 55.0100 17.2250 -0.1320
v 54.9700 17.2250 -0.1320
v 54.9700 17.2250 -0.1680
v 54.9700 17.2250 -0.1680
v 54.9700 17.2250 -0.1320
v 54.9700 17.7750 -0.1320
v 54.9700 17.7750 -0.1680
v 55.0100 17.7750 -0.1680
v 55.0100 17.7750 -0.1320
v 55.0100 17.2250 -0.1320
v 55.0100 17.2250 -0.1680
v 54.9700 17.2250 0.1680
v 55.0100 17.2250 0.1680
v 55.0100 17.7750 0.1680
v 54.9700 17.7750 0.1680
v 54.9700 17.7750 0.1320
v 55.0100 17.7750 0.1320
v 55.0100 17.2250 0.1320
v 54.9700 17.2250 0.1320
v 54.9700 17.7750 0.1320
v 54.9700 17.7750 0.1680
v 55.0100 17.7750 0.1680
v 55.0100 17.7750 0.1320
v 55.0100 17.2250 0.1320
v 55.0100 17.2250 0.1680
v 54.9700 17.2250 0.1680
v 54.9700 17.2250 0.1320
v 54.9700 17.2250 0.1320
v 54.9700 17.2250 0.1680
v 54.9700 17.7750 0.1680
v 54.9700 17.7750 0.1320
v 55.0100 17.7750 0.1320
v 55.0100 17.7750 0.1680
v 55.0100 17.2250 0.1680
v 55.0100 17.2250 0.1320
v 54.9700 17.2250 0.4680
v 55.0100 17.2250 0.4680
v 55.0100 17.7750 0.4680
v 54.9700 17.7750 0.4680
v 54.9700 17.7750 0.4320
v 55.0100 17.7750 0.4320
v 55.0100 17.2250 0.4320
v 54.9700 17.2250 0.4320
v 54.9700 17.7750 0.4320
v 54.9700 17.7750 0.4680
v 55.0100 17.7750 0.4680
v 55.0100 17.7750 0.4320
v 55.0100 17.2250 0.4320
v 55.0100 17.2250 0.4680
v 54.9700 17.2250 0.4680
v 54.9700 17.2250 0.4320
v 54.9700 17.2250 0.4320
v 54.9700 17.2250 0.4680
v 54.9700 17.7750 0.4680
v 54.9700 17.7750 0.4320
v 55.0100 17.7750 0.4320
v 55.0100 17.7750 0.4680
v 55.0100 17.2250 0.4680
v 55.0100 17.2250 0.4320
v 54.9700 17.2250 0.7680
v 55.0100 17.2250 0.7680
v 55.0100 17.7750 0.7680
v 54.9700 17.7750 0.7680
v 54.9700 17.7750 0.7320
v 55.0100 17.7750 0.7320
v 55.0100 17.2250 0.7320
v 54.9700 17.2250 0.7320
v 54.9700 17.7750 0.7320
v 54.9700 17.7750 0.7680
v 55.0100 17.7750 0.7680
v 55.0100 17.7750 0.7320
v 55.0100 17.2250 0.7320
v 55.0100 17.2250 0.7680
v 54.9700 17.2250 0.7680
v 54.9700 17.2250 0.7320
v 54.9700 17.2250 0.7320
v 54.9700 17.2250 0.7680
v 54.9700 17.7750 0.7680
v 54.9700 17.7750 0.7320
v 55.0100 17.7750 0.7320
v 55.0100 17.7750 0.7680
v 55.0100 17.2250 0.7680
v 55.0100 17.2250 0.7320
v 54.9700 17.2250 1.0680
v 55.0100 17.2250 1.0680
v 55.0100 17.7750 1.0680
v 54.9700 17.7750 1.0680
v 54.9700 17.7750 1.0320
v 55.0100 17.7750 1.0320
v 55.0100 17.2250 1.0320
v 54.9700 17.2250 1.0320
v 54.9700 17.7750 1.0320
v 54.9700 17.7750 1.0680
v 55.0100 17.7750 1.0680
v 55.0100 17.7750 1.0320
v 55.0100 17.2250 1.0320
v 55.0100 17.2250 1.0680
v 54.9700 17.2250 1.0680
v 54.9700 17.2250 1.0320
v 54.9700 17.2250 1.0320
v 54.9700 17.2250 1.0680
v 54.9700 17.7750 1.0680
v 54.9700 17.7750 1.0320
v 55.0100 17.7750 1.0320
v 55.0100 17.7750 1.0680
v 55.0100 17.2250 1.0680
v 55.0100 17.2250 1.0320
v 54.9700 17.2250 1.3680
v 55.0100 17.2250 1.3680
v 55.0100 17.7750 1.3680
v 54.9700 17.7750 1.3680
v 54.9700 17.7750 1.3320
v 55.0100 17.7750 1.3320
v 55.0100 17.2250 1.3320
v 54.9700 17.2250 1.3320
v 54.9700 17.7750 1.3320
v 54.9700 17.7750 1.3680
v 55.0100 17.7750 1.3680
v 55.0100 17.7750 1.3320
v 55.0100 17.2250 1.3320
v 55.0100 17.2250 1.3680
v 54.9700 17.2250 1.3680
v 54.9700 17.2250 1.3320
v 54.9700 17.2250 1.3320
v 54.9700 17.2250 1.3680
v 54.9700 17.7750 1.3680
v 54.9700 17.7750 1.3320
v 55.0100 17.7750 1.3320
v 55.0100 17.7750 1.3680
v 55.0100 17.2250 1.3680
v 55.0100 17.2250 1.3320
v 54.9700 17.2250 1.6680
v 55.0100 17.2250 1.6680
v 55.0100 17.7750 1.6680
v 54.9700 17.7750 1.6680
v 54.9700 17.7750 1.6320
v 55.0100 17.7750 1.6320
v 55.0100 17.2250 1.6320
v 54.9700 17.2250 1.6320
v 54.9700 17.7750 1.6320
v 54.9700 17.7750 1.6680
v 55.0100 17.7750 1.6680
v 55.0100 17.7750 1.6320
v 55.0100 17.2250 1.6320
v 55.0100 17.2250 1.6680
v 54.9700 17.2250 1.6680
v 54.9700 17.2250 1.6320
v 54.9700 17.2250 1.6320
v 54.9700 17.2250 1.6680
v 54.9700 17.7750 1.6680
v 54.9700 17.7750 1.6320
v 55.0100 17.7750 1.6320
v 55.0100 17.7750 1.6680
v 55.0100 17.2250 1.6680
v 55.0100 17.2250 1.6320

vt 0.0000 0.0000
vt 27.3250 0.0000
vt 27.3250 0.3500
vt 0.0000 0.3500
vt 0.0000 0.0000
vt 0.3500 0.0000
vt 0.3500 0.3500
vt 0.0000 0.3500
vt 0.0000 0.0000
vt 0.3500 0.0000
vt 0.3500 19.5750
vt 0.0000 19.5750
vt 0.0000 0.0000
vt 0.0000 0.2000
vt 27.3250 0.2000
vt 27.3250 0.0000
vt 0.0000 0.0000
vt 0.0000 0.2000
vt 19.5750 0.2000
vt 19.5750 0.0000
vt 0.0000 0.0000
vt 12.6250 0.0000
vt 12.6250 1.0375
vt 0.0000 1.0375
vt 0.0000 0.0000
vt 1.0375 0.0000
vt 1.0375 8.7500
vt 0.0000 8.7500
vt 0.0000 0.0000
vt 1.0375 0.0000
vt 1.0375 1.0375
vt 0.0000 1.0375
vt 0.0000 0.0000
vt 0.0000 0.9333
vt 11.0000 0.9333
vt 11.0000 0.0000
vt 0.0000 0.0000
vt 0.0000 1.0000
vt 13.7500 1.0000
vt 13.7500 0.0000
vt 0.0000 0.0000
vt 0.0000 3.6750
vt 9.1667 3.6750
vt 9.1667 0.0000
vt 0.0000 0.0000
vt 7.9000 0.0000
vt 7.9000 0.9333
vt 0.0000 0.9333
vt 0.0000 0.0000
vt 9.8750 0.0000
vt 9.8750 1.0000
vt 0.0000 1.0000
vt 0.0000 0.0000
vt 6.5833 0.0000
vt 6.5833 3.6750
vt 0.0000 3.6750
vt 0.0000 0.0000
vt 0.0000 4.5000
vt 8.4167 4.5000
vt 8.4167 0.0000
vt 0.0000 0.0000
vt 5.8333 0.0000
vt 5.8333 4.5000
vt 0.0000 4.5000
vt 0.0000 0.0000
vt 0.0000 4.5000
vt 1.1250 4.5000
vt 1.1250 0.0000
vt 0.0000 0.0000
vt 0.0000 4.5000
vt 1.1250 4.5000
vt 1.1250 0.0000
vt 0.0000 0.0000
vt 0.0000 12.6250
vt 12.6250 1.1250
vt 1.1250 0.0000
vt 0.0000 0.0000
vt 0.0000 9.8750
vt 9.8750 1.1250
vt 1.1250 0.0000
vt 0.0000 0.0000
vt 0.1250 0.0000
vt 0.1250 1.0000
vt 0.0000 1.0000
vt 0.1250 0.0000
vt 0.2500 0.0000
vt 0.2500 1.0000
vt 0.1250 1.0000
vt 0.2500 0.0000
vt 0.3750 0.0000
vt 0.3750 1.0000
vt 0.2500 1.0000
vt 0.3750 0.0000
vt 0.5000 0.0000
vt 0.5000 1.0000
vt 0.3750 1.0000
vt 0.5000 0.0000
vt 0.6250 0.0000
vt 0.6250 1.0000
vt 0.5000 1.0000
vt 0.6250 0.0000
vt 0.7500 0.0000
vt 0.7500 1.0000
vt 0.6250 1.0000
vt 0.7500 0.0000
vt 0.8750 0.0000
vt 0.8750 1.0000
vt 0.7500 1.0000
vt 0.8750 0.0000
vt 1.0000 0.0000
vt 1.0000 1.0000
vt 0.8750 1.0000
vt 0.5000 0.5000
vt 0.5000 1.0000
vt 1.0000 1.0000
vt 0.5000 0.5000
vt 1.0000 1.0000
vt 0.5000 1.0000
vt 0.5000 0.5000
vt 0.5000 1.0000
vt 1.0000 1.0000
vt 0.5000 0.5000
vt 1.0000 1.0000
vt 0.5000 1.0000
vt 0.5000 0.5000
vt 0.5000 1.0000
vt 1.0000 1.0000
vt 0.5000 0.5000
vt 1.0000 1.0000
vt 0.5000 1.0000
vt 0.5000 0.5000
vt 0.5000 1.0000
vt 1.0000 1.0000
vt 0.5000 0.5000
vt 1.0000 1.0000
vt 0.5000 1.0000
vt 0.5000 0.5000
vt 0.5000 1.0000
vt 1.0000 1.0000
vt 0.5000 0.5000
vt 1.0000 1.0000
vt 0.5000 1.0000
vt 0.5000 0.5000
vt 0.5000 1.0000
vt 1.0000 1.0000
vt 0.5000 0.5000
vt 1.0000 1.0000
vt 0.5000 1.0000
vt 0.5000 0.5000
vt 0.5000 1.0000
vt 1.0000 1.0000
vt 0.5000 0.5000
vt 1.0000 1.0000
vt 0.5000 1.0000
vt 0.5000 0.5000
vt 0.5000 1.0000
vt 1.0000 1.0000
vt 0.5000 0.5000
vt 1.0000 1.0000
vt 0.5000 1.0000
vt 0.0000 0.0000
vt 0.1250 0.0000
vt 0.1250 1.0000
vt 0.0000 1.0000
vt 0.1250 0.0000
vt 0.2500 0.0000
vt 0.2500 1.0000
vt 0.1250 1.0000
vt 0.2500 0.0000
vt 0.3750 0.0000
vt 0.3750 1.0000
vt 0.2500 1.0000
vt 0.3750 0.0000
vt 0.5000 0.0000
vt 0.5000 1.0000
vt 0.3750 1.0000
vt 0.5000 0.0000
vt 0.6250 0.0000
vt 0.6250 1.0000
vt 0.5000 1.0000
vt 0.6250 0.0000
vt 0.7500 0.0000
vt 0.7500 1.0000
vt 0.6250 1.0000
vt 0.7500 0.0000
vt 0.8750 0.0000
vt 0.8750 1.0000
vt 0.7500 1.0000
vt 0.8750 0.0000
vt 1.0000 0.0000
vt 1.0000 1.0000
vt 0.8750 1.0000
vt 0.5000 0.5000
vt 0.5000 1.0000
vt 1.0000 1.0000
vt 0.5000 0.5000
vt 1.0000 1.0000
vt 0.5000 1.0000
vt 0.5000 0.5000
vt 0.5000 1.0000
vt 1.0000 1.0000
vt 0.5000 0.5000
vt 1.0000 1.0000
vt 0.5000 1.0000
vt 0.5000 0.5000
vt 0.5000 1.0000
vt 1.0000 1.0000
vt 0.5000 0.5000
vt 1.0000 1.0000
vt 0.5000 1.0000
vt 0.5000 0.5000
vt 0.5000 1.0000
vt 1.0000 1.0000
vt 0.5000 0.5000
vt 1.0000 1.0000
vt 0.5000 1.0000
vt 0.5000 0.5000
vt 0.5000 1.0000
vt 1.0000 1.0000
vt 0.5000 0.5000
vt 1.0000 1.0000
vt 0.5000 1.0000
vt 0.5000 0.5000
vt 0.5000 1.0000
vt 1.0000 1.0000
vt 0.5000 0.5000
vt 1.0000 1.0000
vt 0.5000 1.0000
vt 0.5000 0.5000
vt 0.5000 1.0000
vt 1.0000 1.0000
vt 0.5000 0.5000
vt 1.0000 1.0000
vt 0.5000 1.0000
vt 0.5000 0.5000
vt 0.5000 1.0000
vt 1.0000 1.0000
vt 0.5000 0.5000
vt 1.0000 1.0000
vt 0.5000 1.0000
vt 0.0000 0.0000
vt 0.1250 0.0000
vt 0.1250 1.0000
vt 0.0000 1.0000
vt 0.1250 0.0000
vt 0.2500 0.0000
vt 0.2500 1.0000
vt 0.1250 1.0000
vt 0.2500 0.0000
vt 0.3750 0.0000
vt 0.3750 1.0000
vt 0.2500 1.0000
vt 0.3750 0.0000
vt 0.5000 0.0000
vt 0.5000 1.0000
vt 0.3750 1.0000
vt 0.5000 0.0000
vt 0.6250 0.0000
vt 0.6250 1.0000
vt 0.5000 1.0000
vt 0.6250 0.0000
vt 0.7500 0.0000
vt 0.7500 1.0000
vt 0.6250 1.0000
vt 0.7500 0.0000
vt 0.8750 0.0000
vt 0.8750 1.0000
vt 0.7500 1.0000
vt 0.8750 0.0000
vt 1.0000 0.0000
vt 1.0000 1.0000
vt 0.8750 1.0000
vt 0.5000 0.5000
vt 0.5000 1.0000
vt 1.0000 1.0000
vt 0.5000 0.5000
vt 1.0000 1.0000
vt 0.5000 1.0000
vt 0.5000 0.5000
vt 0.5000 1.0000
vt 1.0000 1.0000
vt 0.5000 0.5000
vt 1.0000 1.0000
vt 0.5000 1.0000
vt 0.5000 0.5000
vt 0.5000 1.0000
vt 1.0000 1.0000
vt 0.5000 0.5000
vt 1.0000 1.0000
vt 0.5000 1.0000
vt 0.5000 0.5000
vt 0.5000 1.0000
vt 1.0000 1.0000
vt 0.5000 0.5000
vt 1.0000 1.0000
vt 0.5000 1.0000
vt 0.5000 0.5000
vt 0.5000 1.0000
vt 1.0000 1.0000
vt 0.5000 0.5000
vt 1.0000 1.0000
vt 0.5000 1.0000
vt 0.5000 0.5000
vt 0.5000 1.0000
vt 1.0000 1.0000
vt 0.5000 0.5000
vt 1.0000 1.0000
vt 0.5000 1.0000
vt 0.5000 0.5000
vt 0.5000 1.0000
vt 1.0000 1.0000
vt 0.5000 0.5000
vt 1.0000 1.0000
vt 0.5000 1.0000
vt 0.5000 0.5000
vt 0.5000 1.0000
vt 1.0000 1.0000
vt 0.5000 0.5000
vt 1.0000 1.0000
vt 0.5000 1.0000
vt 0.0000 0.0000
vt 0.1250 0.0000
vt 0.1250 1.0000
vt 0.0000 1.0000
vt 0.1250 0.0000
vt 0.2500 0.0000
vt 0.2500 1.0000
vt 0.1250 1.0000
vt 0.2500 0.0000
vt 0.3750 0.0000
vt 0.3750 1.0000
vt 0.2500 1.0000
vt 0.3750 0.0000
vt 0.5000 0.0000
vt 0.5000 1.0000
vt 0.3750 1.0000
vt 0.5000 0.0000
vt 0.6250 0.0000
vt 0.6250 1.0000
vt 0.5000 1.0000
vt 0.6250 0.0000
vt 0.7500 0.0000
vt 0.7500 1.0000
vt 0.6250 1.0000
vt 0.7500 0.0000
vt 0.8750 0.0000
vt 0.8750 1.0000
vt 0.7500 1.0000
vt 0.8750 0.0000
vt 1.0000 0.0000
vt 1.0000 1.0000
vt 0.8750 1.0000
vt 0.5000 0.5000
vt 0.5000 1.0000
vt 1.0000 1.0000
vt 0.5000 0.5000
vt 1.0000 1.0000
vt 0.5000 1.0000
vt 0.5000 0.5000
vt 0.5000 1.0000
vt 1.0000 1.0000
vt 0.5000 0.5000
vt 1.0000 1.0000
vt 0.5000 1.0000
vt 0.5000 0.5000
vt 0.5000 1.0000
vt 1.0000 1.0000
vt 0.5000 0.5000
vt 1.0000 1.0000
vt 0.5000 1.0000
vt 0.5000 0.5000
vt 0.5000 1.0000
vt 1.0000 1.0000
vt 0.5000 0.5000
vt 1.0000 1.0000
vt 0.5000 1.0000
vt 0.5000 0.5000
vt 0.5000 1.0000
vt 1.0000 1.0000
vt 0.5000 0.5000
vt 1.0000 1.0000
vt 0.5000 1.0000
vt 0.5000 0.5000
vt 0.5000 1.0000
vt 1.0000 1.0000
vt 0.5000 0.5000
vt 1.0000 1.0000
vt 0.5000 1.0000
vt 0.5000 0.5000
vt 0.5000 1.0000
vt 1.0000 1.0000
vt 0.5000 0.5000
vt 1.0000 1.0000
vt 0.5000 1.0000
vt 0.5000 0.5000
vt 0.5000 1.0000
vt 1.0000 1.0000
vt 0.5000 0.5000
vt 1.0000 1.0000
vt 0.5000 1.0000
vt 0.0000 0.0000
vt 0.1250 0.0000
vt 0.1250 1.0000
vt 0.0000 1.0000
vt 0.1250 0.0000
vt 0.2500 0.0000
vt 0.2500 1.0000
vt 0.1250 1.0000
vt 0.2500 0.0000
vt 0.3750 0.0000
vt 0.3750 1.0000
vt 0.2500 1.0000
vt 0.3750 0.0000
vt 0.5000 0.0000
vt 0.5000 1.0000
vt 0.3750 1.0000
vt 0.5000 0.0000
vt 0.6250 0.0000
vt 0.6250 1.0000
vt 0.5000 1.0000
vt 0.6250 0.0000
vt 0.7500 0.0000
vt 0.7500 1.0000
vt 0.6250 1.0000
vt 0.7500 0.0000
vt 0.8750 0.0000
vt 0.8750 1.0000
vt 0.7500 1.0000
vt 0.8750 0.0000
vt 1.0000 0.0000
vt 1.0000 1.0000
vt 0.8750 1.0000
vt 0.5000 0.5000
vt 0.5000 1.0000
vt 1.0000 1.0000
vt 0.5000 0.5000
vt 1.0000 1.0000
vt 0.5000 1.0000
vt 0.5000 0.5000
vt 0.5000 1.0000
vt 1.0000 1.0000
vt 0.5000 0.5000
vt 1.0000 1.0000
vt 0.5000 1.0000
vt 0.5000 0.5000
vt 0.5000 1.0000
vt 1.0000 1.0000
vt 0.5000 0.5000
vt 1.0000 1.0000
vt 0.5000 1.0000
vt 0.5000 0.5000
vt 0.5000 1.0000
vt 1.0000 1.0000
vt 0.5000 0.5000
vt 1.0000 1.0000
vt 0.5000 1.0000
vt 0.5000 0.5000
vt 0.5000 1.0000
vt 1.0000 1.0000
vt 0.5000 0.5000
vt 1.0000 1.0000
vt 0.5000 1.0000
vt 0.5000 0.5000
vt 0.5000 1.0000
vt 1.0000 1.0000
vt 0.5000 0.5000
vt 1.0000 1.0000
vt 0.5000 1.0000
vt 0.5000 0.5000
vt 0.5000 1.0000
vt 1.0000 1.0000
vt 0.5000 0.5000
vt 1.0000 1.0000
vt 0.5000 1.0000
vt 0.5000 0.5000
vt 0.5000 1.0000
vt 1.0000 1.0000
vt 0.5000 0.5000
vt 1.0000 1.0000
vt 0.5000 1.0000
vt 0.0000 0.0000
vt 0.1250 0.0000
vt 0.1250 1.0000
vt 0.0000 1.0000
vt 0.1250 0.0000
vt 0.2500 0.0000
vt 0.2500 1.0000
vt 0.1250 1.0000
vt 0.2500 0.0000
vt 0.3750 0.0000
vt 0.3750 1.0000
vt 0.2500 1.0000
vt 0.3750 0.0000
vt 0.5000 0.0000
vt 0.5000 1.0000
vt 0.3750 1.0000
vt 0.5000 0.0000
vt 0.6250 0.0000
vt 0.6250 1.0000
vt 0.5000 1.0000
vt 0.6250 0.0000
vt 0.7500 0.0000
vt 0.7500 1.0000
vt 0.6250 1.0000
vt 0.7500 0.0000
vt 0.8750 0.0000
vt 0.8750 1.0000
vt 0.7500 1.0000
vt 0.8750 0.0000
vt 1.0000 0.0000
vt 1.0000 1.0000
vt 0.8750 1.0000
vt 0.5000 0.5000
vt 0.5000 1.0000
vt 1.0000 1.0000
vt 0.5000 0.5000
vt 1.0000 1.0000
vt 0.5000 1.0000
vt 0.5000 0.5000
vt 0.5000 1.0000
vt 1.0000 1.0000
vt 0.5000 0.5000
vt 1.0000 1.0000
vt 0.5000 1.0000
vt 0.5000 0.5000
vt 0.5000 1.0000
vt 1.0000 1.0000
vt 0.5000 0.5000
vt 1.0000 1.0000
vt 0.5000 1.0000
vt 0.5000 0.5000
vt 0.5000 1.0000
vt 1.0000 1.0000
vt 0.5000 0.5000
vt 1.0000 1.0000
vt 0.5000 1.0000
vt 0.5000 0.5000
vt 0.5000 1.0000
vt 1.0000 1.0000
vt 0.5000 0.5000
vt 1.0000 1.0000
vt 0.5000 1.0000
vt 0.5000 0.5000
vt 0.5000 1.0000
vt 1.0000 1.0000
vt 0.5000 0.5000
vt 1.0000 1.0000
vt 0.5000 1.0000
vt 0.5000 0.5000
vt 0.5000 1.0000
vt 1.0000 1.0000
vt 0.5000 0.5000
vt 1.0000 1.0000
vt 0.5000 1.0000
vt 0.5000 0.5000
vt 0.5000 1.0000
vt 1.0000 1.0000
vt 0.5000 0.5000
vt 1.0000 1.0000
vt 0.5000 1.0000
vt 0.0000 0.0000
vt 0.1250 0.0000
vt 0.1250 1.0000
vt 0.0000 1.0000
vt 0.1250 0.0000
vt 0.2500 0.0000
vt 0.2500 1.0000
vt 0.1250 1.0000
vt 0.2500 0.0000
vt 0.3750 0.0000
vt 0.3750 1.0000
vt 0.2500 1.0000
vt 0.3750 0.0000
vt 0.5000 0.0000
vt 0.5000 1.0000
vt 0.3750 1.0000
vt 0.5000 0.0000
vt 0.6250 0.0000
vt 0.6250 1.0000
vt 0.5000 1.0000
vt 0.6250 0.0000
vt 0.7500 0.0000
vt 0.7500 1.0000
vt 0.6250 1.0000
vt 0.7500 0.0000
vt 0.8750 0.0000
vt 0.8750 1.0000
vt 0.7500 1.0000
vt 0.8750 0.0000
vt 1.0000 0.0000
vt 1.0000 1.0000
vt 0.8750 1.0000
vt 0.5000 0.5000
vt 0.5000 1.0000
vt 1.0000 1.0000
vt 0.5000 0.5000
vt 1.0000 1.0000
vt 0.5000 1.0000
vt 0.5000 0.5000
vt 0.5000 1.0000
vt 1.0000 1.0000
vt 0.5000 0.5000
vt 1.0000 1.0000
vt 0.5000 1.0000
vt 0.5000 0.5000
vt 0.5000 1.0000
vt 1.0000 1.0000
vt 0.5000 0.5000
vt 1.0000 1.0000
vt 0.5000 1.0000
vt 0.5000 0.5000
vt 0.5000 1.0000
vt 1.0000 1.0000
vt 0.5000 0.5000
vt 1.0000 1.0000
vt 0.5000 1.0000
vt 0.5000 0.5000
vt 0.5000 1.0000
vt 1.0000 1.0000
vt 0.5000 0.5000
vt 1.0000 1.0000
vt 0.5000 1.0000
vt 0.5000 0.5000
vt 0.5000 1.0000
vt 1.0000 1.0000
vt 0.5000 0.5000
vt 1.0000 1.0000
vt 0.5000 1.0000
vt 0.5000 0.5000
vt 0.5000 1.0000
vt 1.0000 1.0000
vt 0.5000 0.5000
vt 1.0000 1.0000
vt 0.5000 1.0000
vt 0.5000 0.5000
vt 0.5000 1.0000
vt 1.0000 1.0000
vt 0.5000 0.5000
vt 1.0000 1.0000
vt 0.5000 1.0000
vt 0.0000 0.0000
vt 0.0833 0.0000
vt 0.0833 1.0000
vt 0.0000 1.0000
vt 0.0833 0.0000
vt 0.1667 0.0000
vt 0.1667 1.0000
vt 0.0833 1.0000
vt 0.1667 0.0000
vt 0.2500 0.0000
vt 0.2500 1.0000
vt 0.1667 1.0000
vt 0.2500 0.0000
vt 0.3333 0.0000
vt 0.3333 1.0000
vt 0.2500 1.0000
vt 0.3333 0.0000
vt 0.4167 0.0000
vt 0.4167 1.0000
vt 0.3333 1.0000
vt 0.4167 0.0000
vt 0.5000 0.0000
vt 0.5000 1.0000
vt 0.4167 1.0000
vt 0.5000 0.0000
vt 0.5833 0.0000
vt 0.5833 1.0000
vt 0.5000 1.0000
vt 0.5833 0.0000
vt 0.6667 0.0000
vt 0.6667 1.0000
vt 0.5833 1.0000
vt 0.6667 0.0000
vt 0.7500 0.0000
vt 0.7500 1.0000
vt 0.6667 1.0000
vt 0.7500 0.0000
vt 0.8333 0.0000
vt 0.8333 1.0000
vt 0.7500 1.0000
vt 0.8333 0.0000
vt 0.9167 0.0000
vt 0.9167 1.0000
vt 0.8333 1.0000
vt 0.9167 0.0000
vt 0.9167 1.0000
vt 1.0000 1.0000
vt 1.0000 0.0000
vt 0.5000 0.5000
vt 1.0000 0.5000
vt 0.9330 0.7500
vt 0.5000 0.5000
vt 0.9330 0.7500
vt 1.0000 0.5000
vt 0.5000 0.5000
vt 0.9330 0.7500
vt 0.7500 0.9330
vt 0.5000 0.5000
vt 0.7500 0.9330
vt 0.9330 0.7500
vt 0.5000 0.5000
vt 0.7500 0.9330
vt 0.5000 1.0000
vt 0.5000 0.5000
vt 0.5000 1.0000
vt 0.7500 0.9330
vt 0.5000 0.5000
vt 0.5000 1.0000
vt 0.2500 0.9330
vt 0.5000 0.5000
vt 0.2500 0.9330
vt 0.5000 1.0000
vt 0.5000 0.5000
vt 0.2500 0.9330
vt 0.0670 0.7500
vt 0.5000 0.5000
vt 0.0670 0.7500
vt 0.2500 0.9330
vt 0.5000 0.5000
vt 0.0670 0.7500
vt 0.0000 0.5000
vt 0.5000 0.5000
vt 0.0000 0.5000
vt 0.0670 0.7500
vt 0.5000 0.5000
vt 0.0000 0.5000
vt 0.0670 0.2500
vt 0.5000 0.5000
vt 0.0670 0.2500
vt 0.0000 0.5000
vt 0.5000 0.5000
vt 0.0670 0.2500
vt 0.2500 0.0670
vt 0.5000 0.5000
vt 0.2500 0.0670
vt 0.0670 0.2500
vt 0.5000 0.5000
vt 0.2500 0.0670
vt 0.5000 0.0000
vt 0.5000 0.5000
vt 0.5000 0.0000
vt 0.2500 0.0670
vt 0.5000 0.5000
vt 0.5000 0.0000
vt 0.7500 0.0670
vt 0.5000 0.5000
vt 0.7500 0.0670
vt 0.5000 0.0000
vt 0.5000 0.5000
vt 0.7500 0.0670
vt 0.9330 0.2500
vt 0.5000 0.5000
vt 0.9330 0.2500
vt 0.7500 0.0670
vt 0.5000 0.5000
vt 0.9330 0.2500
vt 1.0000 0.5000
vt 0.5000 0.5000
vt 1.0000 0.5000
vt 0.9330 0.2500
vt 0.0000 0.0000
vt 0.0833 0.0000
vt 0.0833 1.0000
vt 0.0000 1.0000
vt 0.0833 0.0000
vt 0.1667 0.0000
vt 0.1667 1.0000
vt 0.0833 1.0000
vt 0.1667 0.0000
vt 0.2500 0.0000
vt 0.2500 1.0000
vt 0.1667 1.0000
vt 0.2500 0.0000
vt 0.3333 0.0000
vt 0.3333 1.0000
vt 0.2500 1.0000
vt 0.3333 0.0000
vt 0.4167 0.0000
vt 0.4167 1.0000
vt 0.3333 1.0000
vt 0.4167 0.0000
vt 0.5000 0.0000
vt 0.5000 1.0000
vt 0.4167 1.0000
vt 0.5000 0.0000
vt 0.5833 0.0000
vt 0.5833 1.0000
vt 0.5000 1.0000
vt 0.5833 0.0000
vt 0.6667 0.0000
vt 0.6667 1.0000
vt 0.5833 1.0000
vt 0.6667 0.0000
vt 0.7500 0.0000
vt 0.7500 1.0000
vt 0.6667 1.0000
vt 0.7500 0.0000
vt 0.8333 0.0000
vt 0.8333 1.0000
vt 0.7500 1.0000
vt 0.8333 0.0000
vt 0.9167 0.0000
vt 0.9167 1.0000
vt 0.8333 1.0000
vt 0.9167 0.0000
vt 0.9167 1.0000
vt 1.0000 1.0000
vt 1.0000 0.0000
vt 0.0000 0.0000
vt 0.0833 0.0000
vt 0.0833 1.0000
vt 0.0000 1.0000
vt 0.0833 0.0000
vt 0.1667 0.0000
vt 0.1667 1.0000
vt 0.0833 1.0000
vt 0.1667 0.0000
vt 0.2500 0.0000
vt 0.2500 1.0000
vt 0.1667 1.0000
vt 0.2500 0.0000
vt 0.3333 0.0000
vt 0.3333 1.0000
vt 0.2500 1.0000
vt 0.3333 0.0000
vt 0.4167 0.0000
vt 0.4167 1.0000
vt 0.3333 1.0000
vt 0.4167 0.0000
vt 0.5000 0.0000
vt 0.5000 1.0000
vt 0.4167 1.0000
vt 0.5000 0.0000
vt 0.5833 0.0000
vt 0.5833 1.0000
vt 0.5000 1.0000
vt 0.5833 0.0000
vt 0.6667 0.0000
vt 0.6667 1.0000
vt 0.5833 1.0000
vt 0.6667 0.0000
vt 0.7500 0.0000
vt 0.7500 1.0000
vt 0.6667 1.0000
vt 0.7500 0.0000
vt 0.8333 0.0000
vt 0.8333 1.0000
vt 0.7500 1.0000
vt 0.8333 0.0000
vt 0.9167 0.0000
vt 0.9167 1.0000
vt 0.8333 1.0000
vt 0.9167 0.0000
vt 0.9167 1.0000
vt 1.0000 1.0000
vt 1.0000 0.0000
vt 0.5000 0.5000
vt 1.0000 0.5000
vt 0.9330 0.7500
vt 0.5000 0.5000
vt 0.9330 0.7500
vt 1.0000 0.5000
vt 0.5000 0.5000
vt 0.9330 0.7500
vt 0.7500 0.9330
vt 0.5000 0.5000
vt 0.7500 0.9330
vt 0.9330 0.7500
vt 0.5000 0.5000
vt 0.7500 0.9330
vt 0.5000 1.0000
vt 0.5000 0.5000
vt 0.5000 1.0000
vt 0.7500 0.9330
vt 0.5000 0.5000
vt 0.5000 1.0000
vt 0.2500 0.9330
vt 0.5000 0.5000
vt 0.2500 0.9330
vt 0.5000 1.0000
vt 0.5000 0.5000
vt 0.2500 0.9330
vt 0.0670 0.7500
vt 0.5000 0.5000
vt 0.0670 0.7500
vt 0.2500 0.9330
vt 0.5000 0.5000
vt 0.0670 0.7500
vt 0.0000 0.5000
vt 0.5000 0.5000
vt 0.0000 0.5000
vt 0.0670 0.7500
vt 0.5000 0.5000
vt 0.0000 0.5000
vt 0.0670 0.2500
vt 0.5000 0.5000
vt 0.0670 0.2500
vt 0.0000 0.5000
vt 0.5000 0.5000
vt 0.0670 0.2500
vt 0.2500 0.0670
vt 0.5000 0.5000
vt 0.2500 0.0670
vt 0.0670 0.2500
vt 0.5000 0.5000
vt 0.2500 0.0670
vt 0.5000 0.0000
vt 0.5000 0.5000
vt 0.5000 0.0000
vt 0.2500 0.0670
vt 0.5000 0.5000
vt 0.5000 0.0000
vt 0.7500 0.0670
vt 0.5000 0.5000
vt 0.7500 0.0670
vt 0.5000 0.0000
vt 0.5000 0.5000
vt 0.7500 0.0670
vt 0.9330 0.2500
vt 0.5000 0.5000
vt 0.9330 0.2500
vt 0.7500 0.0670
vt 0.5000 0.5000
vt 0.9330 0.2500
vt 1.0000 0.5000
vt 0.5000 0.5000
vt 1.0000 0.5000
vt 0.9330 0.2500
vt 0.0000 0.0000
vt 0.7600 0.0000
vt 0.7600 0.1600
vt 0.0000 0.1600
vt 0.0000 0.0000
vt 0.7600 0.0000
vt 0.7600 0.1600
vt 0.0000 0.1600
vt 0.0000 0.0000
vt 0.0000 0.0800
vt 0.7600 0.0800
vt 0.7600 0.0000
vt 0.0000 0.0000
vt 0.0000 0.0800
vt 0.7600 0.0800
vt 0.7600 0.0000
vt 0.0000 0.0000
vt 0.0000 0.0800
vt 0.1600 0.0800
vt 0.1600 0.0000
vt 0.0000 0.0000
vt 0.0000 0.0800
vt 0.1600 0.0800
vt 0.1600 0.0000
vt 0.0000 0.0000
vt 0.0833 0.0000
vt 0.0833 1.0000
vt 0.0000 1.0000
vt 0.0833 0.0000
vt 0.1667 0.0000
vt 0.1667 1.0000
vt 0.0833 1.0000
vt 0.1667 0.0000
vt 0.2500 0.0000
vt 0.2500 1.0000
vt 0.1667 1.0000
vt 0.2500 0.0000
vt 0.3333 0.0000
vt 0.3333 1.0000
vt 0.2500 1.0000
vt 0.3333 0.0000
vt 0.4167 0.0000
vt 0.4167 1.0000
vt 0.3333 1.0000
vt 0.4167 0.0000
vt 0.5000 0.0000
vt 0.5000 1.0000
vt 0.4167 1.0000
vt 0.5000 0.0000
vt 0.5833 0.0000
vt 0.5833 1.0000
vt 0.5000 1.0000
vt 0.5833 0.0000
vt 0.6667 0.0000
vt 0.6667 1.0000
vt 0.5833 1.0000
vt 0.6667 0.0000
vt 0.7500 0.0000
vt 0.7500 1.0000
vt 0.6667 1.0000
vt 0.7500 0.0000
vt 0.8333 0.0000
vt 0.8333 1.0000
vt 0.7500 1.0000
vt 0.8333 0.0000
vt 0.9167 0.0000
vt 0.9167 1.0000
vt 0.8333 1.0000
vt 0.9167 0.0000
vt 0.9167 1.0000
vt 1.0000 1.0000
vt 1.0000 0.0000
vt 0.5000 0.5000
vt 1.0000 0.5000
vt 0.9330 0.7500
vt 0.5000 0.5000
vt 0.9330 0.7500
vt 1.0000 0.5000
vt 0.5000 0.5000
vt 0.9330 0.7500
vt 0.7500 0.9330
vt 0.5000 0.5000
vt 0.7500 0.9330
vt 0.9330 0.7500
vt 0.5000 0.5000
vt 0.7500 0.9330
vt 0.5000 1.0000
vt 0.5000 0.5000
vt 0.5000 1.0000
vt 0.7500 0.9330
vt 0.5000 0.5000
vt 0.5000 1.0000
vt 0.2500 0.9330
vt 0.5000 0.5000
vt 0.2500 0.9330
vt 0.5000 1.0000
vt 0.5000 0.5000
vt 0.2500 0.9330
vt 0.0670 0.7500
vt 0.5000 0.5000
vt 0.0670 0.7500
vt 0.2500 0.9330
vt 0.5000 0.5000
vt 0.0670 0.7500
vt 0.0000 0.5000
vt 0.5000 0.5000
vt 0.0000 0.5000
vt 0.0670 0.7500
vt 0.5000 0.5000
vt 0.0000 0.5000
vt 0.0670 0.2500
vt 0.5000 0.5000
vt 0.0670 0.2500
vt 0.0000 0.5000
vt 0.5000 0.5000
vt 0.0670 0.2500
vt 0.2500 0.0670
vt 0.5000 0.5000
vt 0.2500 0.0670
vt 0.0670 0.2500
vt 0.5000 0.5000
vt 0.2500 0.0670
vt 0.5000 0.0000
vt 0.5000 0.5000
vt 0.5000 0.0000
vt 0.2500 0.0670
vt 0.5000 0.5000
vt 0.5000 0.0000
vt 0.7500 0.0670
vt 0.5000 0.5000
vt 0.7500 0.0670
vt 0.5000 0.0000
vt 0.5000 0.5000
vt 0.7500 0.0670
vt 0.9330 0.2500
vt 0.5000 0.5000
vt 0.9330 0.2500
vt 0.7500 0.0670
vt 0.5000 0.5000
vt 0.9330 0.2500
vt 1.0000 0.5000
vt 0.5000 0.5000
vt 1.0000 0.5000
vt 0.9330 0.2500
vt 0.0000 0.0000
vt 0.0833 0.0000
vt 0.0833 1.0000
vt 0.0000 1.0000
vt 0.0833 0.0000
vt 0.1667 0.0000
vt 0.1667 1.0000
vt 0.0833 1.0000
vt 0.1667 0.0000
vt 0.2500 0.0000
vt 0.2500 1.0000
vt 0.1667 1.0000
vt 0.2500 0.0000
vt 0.3333 0.0000
vt 0.3333 1.0000
vt 0.2500 1.0000
vt 0.3333 0.0000
vt 0.4167 0.0000
vt 0.4167 1.0000
vt 0.3333 1.0000
vt 0.4167 0.0000
vt 0.5000 0.0000
vt 0.5000 1.0000
vt 0.4167 1.0000
vt 0.5000 0.0000
vt 0.5833 0.0000
vt 0.5833 1.0000
vt 0.5000 1.0000
vt 0.5833 0.0000
vt 0.6667 0.0000
vt 0.6667 1.0000
vt 0.5833 1.0000
vt 0.6667 0.0000
vt 0.7500 0.0000
vt 0.7500 1.0000
vt 0.6667 1.0000
vt 0.7500 0.0000
vt 0.8333 0.0000
vt 0.8333 1.0000
vt 0.7500 1.0000
vt 0.8333 0.0000
vt 0.9167 0.0000
vt 0.9167 1.0000
vt 0.8333 1.0000
vt 0.9167 0.0000
vt 0.9167 1.0000
vt 1.0000 1.0000
vt 1.0000 0.0000
vt 0.0000 0.0000
vt 0.0833 0.0000
vt 0.0833 1.0000
vt 0.0000 1.0000
vt 0.0833 0.0000
vt 0.1667 0.0000
vt 0.1667 1.0000
vt 0.0833 1.0000
vt 0.1667 0.0000
vt 0.2500 0.0000
vt 0.2500 1.0000
vt 0.1667 1.0000
vt 0.2500 0.0000
vt 0.3333 0.0000
vt 0.3333 1.0000
vt 0.2500 1.0000
vt 0.3333 0.0000
vt 0.4167 0.0000
vt 0.4167 1.0000
vt 0.3333 1.0000
vt 0.4167 0.0000
vt 0.5000 0.0000
vt 0.5000 1.0000
vt 0.4167 1.0000
vt 0.5000 0.0000
vt 0.5833 0.0000
vt 0.5833 1.0000
vt 0.5000 1.0000
vt 0.5833 0.0000
vt 0.6667 0.0000
vt 0.6667 1.0000
vt 0.5833 1.0000
vt 0.6667 0.0000
vt 0.7500 0.0000
vt 0.7500 1.0000
vt 0.6667 1.0000
vt 0.7500 0.0000
vt 0.8333 0.0000
vt 0.8333 1.0000
vt 0.7500 1.0000
vt 0.8333 0.0000
vt 0.9167 0.0000
vt 0.9167 1.0000
vt 0.8333 1.0000
vt 0.9167 0.0000
vt 0.9167 1.0000
vt 1.0000 1.0000
vt 1.0000 0.0000
vt 0.5000 0.5000
vt 1.0000 0.5000
vt 0.9330 0.7500
vt 0.5000 0.5000
vt 0.9330 0.7500
vt 1.0000 0.5000
vt 0.5000 0.5000
vt 0.9330 0.7500
vt 0.7500 0.9330
vt 0.5000 0.5000
vt 0.7500 0.9330
vt 0.9330 0.7500
vt 0.5000 0.5000
vt 0.7500 0.9330
vt 0.5000 1.0000
vt 0.5000 0.5000
vt 0.5000 1.0000
vt 0.7500 0.9330
vt 0.5000 0.5000
vt 0.5000 1.0000
vt 0.2500 0.9330
vt 0.5000 0.5000
vt 0.2500 0.9330
vt 0.5000 1.0000
vt 0.5000 0.5000
vt 0.2500 0.9330
vt 0.0670 0.7500
vt 0.5000 0.5000
vt 0.0670 0.7500
vt 0.2500 0.9330
vt 0.5000 0.5000
vt 0.0670 0.7500
vt 0.0000 0.5000
vt 0.5000 0.5000
vt 0.0000 0.5000
vt 0.0670 0.7500
vt 0.5000 0.5000
vt 0.0000 0.5000
vt 0.0670 0.2500
vt 0.5000 0.5000
vt 0.0670 0.2500
vt 0.0000 0.5000
vt 0.5000 0.5000
vt 0.0670 0.2500
vt 0.2500 0.0670
vt 0.5000 0.5000
vt 0.2500 0.0670
vt 0.0670 0.2500
vt 0.5000 0.5000
vt 0.2500 0.0670
vt 0.5000 0.0000
vt 0.5000 0.5000
vt 0.5000 0.0000
vt 0.2500 0.0670
vt 0.5000 0.5000
vt 0.5000 0.0000
vt 0.7500 0.0670
vt 0.5000 0.5000
vt 0.7500 0.0670
vt 0.5000 0.0000
vt 0.5000 0.5000
vt 0.7500 0.0670
vt 0.9330 0.2500
vt 0.5000 0.5000
vt 0.9330 0.2500
vt 0.7500 0.0670
vt 0.5000 0.5000
vt 0.9330 0.2500
vt 1.0000 0.5000
vt 0.5000 0.5000
vt 1.0000 0.5000
vt 0.9330 0.2500
vt 0.0000 0.0000
vt 0.7600 0.0000
vt 0.7600 0.1600
vt 0.0000 0.1600
vt 0.0000 0.0000
vt 0.7600 0.0000
vt 0.7600 0.1600
vt 0.0000 0.1600
vt 0.0000 0.0000
vt 0.0000 0.0800
vt 0.7600 0.0800
vt 0.7600 0.0000
vt 0.0000 0.0000
vt 0.0000 0.0800
vt 0.7600 0.0800
vt 0.7600 0.0000
vt 0.0000 0.0000
vt 0.0000 0.0800
vt 0.1600 0.0800
vt 0.1600 0.0000
vt 0.0000 0.0000
vt 0.0000 0.0800
vt 0.1600 0.0800
vt 0.1600 0.0000
vt 0.0000 0.0000
vt 0.0833 0.0000
vt 0.0833 1.0000
vt 0.0000 1.0000
vt 0.0833 0.0000
vt 0.1667 0.0000
vt 0.1667 1.0000
vt 0.0833 1.0000
vt 0.1667 0.0000
vt 0.2500 0.0000
vt 0.2500 1.0000
vt 0.1667 1.0000
vt 0.2500 0.0000
vt 0.3333 0.0000
vt 0.3333 1.0000
vt 0.2500 1.0000
vt 0.3333 0.0000
vt 0.4167 0.0000
vt 0.4167 1.0000
vt 0.3333 1.0000
vt 0.4167 0.0000
vt 0.5000 0.0000
vt 0.5000 1.0000
vt 0.4167 1.0000
vt 0.5000 0.0000
vt 0.5833 0.0000
vt 0.5833 1.0000
vt 0.5000 1.0000
vt 0.5833 0.0000
vt 0.6667 0.0000
vt 0.6667 1.0000
vt 0.5833 1.0000
vt 0.6667 0.0000
vt 0.7500 0.0000
vt 0.7500 1.0000
vt 0.6667 1.0000
vt 0.7500 0.0000
vt 0.8333 0.0000
vt 0.8333 1.0000
vt 0.7500 1.0000
vt 0.8333 0.0000
vt 0.9167 0.0000
vt 0.9167 1.0000
vt 0.8333 1.0000
vt 0.9167 0.0000
vt 0.9167 1.0000
vt 1.0000 1.0000
vt 1.0000 0.0000
vt 0.5000 0.5000
vt 1.0000 0.5000
vt 0.9330 0.7500
vt 0.5000 0.5000
vt 0.9330 0.7500
vt 1.0000 0.5000
vt 0.5000 0.5000
vt 0.9330 0.7500
vt 0.7500 0.9330
vt 0.5000 0.5000
vt 0.7500 0.9330
vt 0.9330 0.7500
vt 0.5000 0.5000
vt 0.7500 0.9330
vt 0.5000 1.0000
vt 0.5000 0.5000
vt 0.5000 1.0000
vt 0.7500 0.9330
vt 0.5000 0.5000
vt 0.5000 1.0000
vt 0.2500 0.9330
vt 0.5000 0.5000
vt 0.2500 0.9330
vt 0.5000 1.0000
vt 0.5000 0.5000
vt 0.2500 0.9330
vt 0.0670 0.7500
vt 0.5000 0.5000
vt 0.0670 0.7500
vt 0.2500 0.9330
vt 0.5000 0.5000
vt 0.0670 0.7500
vt 0.0000 0.5000
vt 0.5000 0.5000
vt 0.0000 0.5000
vt 0.0670 0.7500
vt 0.5000 0.5000
vt 0.0000 0.5000
vt 0.0670 0.2500
vt 0.5000 0.5000
vt 0.0670 0.2500
vt 0.0000 0.5000
vt 0.5000 0.5000
vt 0.0670 0.2500
vt 0.2500 0.0670
vt 0.5000 0.5000
vt 0.2500 0.0670
vt 0.0670 0.2500
vt 0.5000 0.5000
vt 0.2500 0.0670
vt 0.5000 0.0000
vt 0.5000 0.5000
vt 0.5000 0.0000
vt 0.2500 0.0670
vt 0.5000 0.5000
vt 0.5000 0.0000
vt 0.7500 0.0670
vt 0.5000 0.5000
vt 0.7500 0.0670
vt 0.5000 0.0000
vt 0.5000 0.5000
vt 0.7500 0.0670
vt 0.9330 0.2500
vt 0.5000 0.5000
vt 0.9330 0.2500
vt 0.7500 0.0670
vt 0.5000 0.5000
vt 0.9330 0.2500
vt 1.0000 0.5000
vt 0.5000 0.5000
vt 1.0000 0.5000
vt 0.9330 0.2500
vt 0.0000 0.0000
vt 0.0833 0.0000
vt 0.0833 1.0000
vt 0.0000 1.0000
vt 0.0833 0.0000
vt 0.1667 0.0000
vt 0.1667 1.0000
vt 0.0833 1.0000
vt 0.1667 0.0000
vt 0.2500 0.0000
vt 0.2500 1.0000
vt 0.1667 1.0000
vt 0.2500 0.0000
vt 0.3333 0.0000
vt 0.3333 1.0000
vt 0.2500 1.0000
vt 0.3333 0.0000
vt 0.4167 0.0000
vt 0.4167 1.0000
vt 0.3333 1.0000
vt 0.4167 0.0000
vt 0.5000 0.0000
vt 0.5000 1.0000
vt 0.4167 1.0000
vt 0.5000 0.0000
vt 0.5833 0.0000
vt 0.5833 1.0000
vt 0.5000 1.0000
vt 0.5833 0.0000
vt 0.6667 0.0000
vt 0.6667 1.0000
vt 0.5833 1.0000
vt 0.6667 0.0000
vt 0.7500 0.0000
vt 0.7500 1.0000
vt 0.6667 1.0000
vt 0.7500 0.0000
vt 0.8333 0.0000
vt 0.8333 1.0000
vt 0.7500 1.0000
vt 0.8333 0.0000
vt 0.9167 0.0000
vt 0.9167 1.0000
vt 0.8333 1.0000
vt 0.9167 0.0000
vt 0.9167 1.0000
vt 1.0000 1.0000
vt 1.0000 0.0000
vt 0.0000 0.0000
vt 0.0833 0.0000
vt 0.0833 1.0000
vt 0.0000 1.0000
vt 0.0833 0.0000
vt 0.1667 0.0000
vt 0.1667 1.0000
vt 0.0833 1.0000
vt 0.1667 0.0000
vt 0.2500 0.0000
vt 0.2500 1.0000
vt 0.1667 1.0000
vt 0.2500 0.0000
vt 0.3333 0.0000
vt 0.3333 1.0000
vt 0.2500 1.0000
vt 0.3333 0.0000
vt 0.4167 0.0000
vt 0.4167 1.0000
vt 0.3333 1.0000
vt 0.4167 0.0000
vt 0.5000 0.0000
vt 0.5000 1.0000
vt 0.4167 1.0000
vt 0.5000 0.0000
vt 0.5833 0.0000
vt 0.5833 1.0000
vt 0.5000 1.0000
vt 0.5833 0.0000
vt 0.6667 0.0000
vt 0.6667 1.0000
vt 0.5833 1.0000
vt 0.6667 0.0000
vt 0.7500 0.0000
vt 0.7500 1.0000
vt 0.6667 1.0000
vt 0.7500 0.0000
vt 0.8333 0.0000
vt 0.8333 1.0000
vt 0.7500 1.0000
vt 0.8333 0.0000
vt 0.9167 0.0000
vt 0.9167 1.0000
vt 0.8333 1.0000
vt 0.9167 0.0000
vt 0.9167 1.0000
vt 1.0000 1.0000
vt 1.0000 0.0000
vt 0.5000 0.5000
vt 1.0000 0.5000
vt 0.9330 0.7500
vt 0.5000 0.5000
vt 0.9330 0.7500
vt 1.0000 0.5000
vt 0.5000 0.5000
vt 0.9330 0.7500
vt 0.7500 0.9330
vt 0.5000 0.5000
vt 0.7500 0.9330
vt 0.9330 0.7500
vt 0.5000 0.5000
vt 0.7500 0.9330
vt 0.5000 1.0000
vt 0.5000 0.5000
vt 0.5000 1.0000
vt 0.7500 0.9330
vt 0.5000 0.5000
vt 0.5000 1.0000
vt 0.2500 0.9330
vt 0.5000 0.5000
vt 0.2500 0.9330
vt 0.5000 1.0000
vt 0.5000 0.5000
vt 0.2500 0.9330
vt 0.0670 0.7500
vt 0.5000 0.5000
vt 0.0670 0.7500
vt 0.2500 0.9330
vt 0.5000 0.5000
vt 0.0670 0.7500
vt 0.0000 0.5000
vt 0.5000 0.5000
vt 0.0000 0.5000
vt 0.0670 0.7500
vt 0.5000 0.5000
vt 0.0000 0.5000
vt 0.0670 0.2500
vt 0.5000 0.5000
vt 0.0670 0.2500
vt 0.0000 0.5000
vt 0.5000 0.5000
vt 0.0670 0.2500
vt 0.2500 0.0670
vt 0.5000 0.5000
vt 0.2500 0.0670
vt 0.0670 0.2500
vt 0.5000 0.5000
vt 0.2500 0.0670
vt 0.5000 0.0000
vt 0.5000 0.5000
vt 0.5000 0.0000
vt 0.2500 0.0670
vt 0.5000 0.5000
vt 0.5000 0.0000
vt 0.7500 0.0670
vt 0.5000 0.5000
vt 0.7500 0.0670
vt 0.5000 0.0000
vt 0.5000 0.5000
vt 0.7500 0.0670
vt 0.9330 0.2500
vt 0.5000 0.5000
vt 0.9330 0.2500
vt 0.7500 0.0670
vt 0.5000 0.5000
vt 0.9330 0.2500
vt 1.0000 0.5000
vt 0.5000 0.5000
vt 1.0000 0.5000
vt 0.9330 0.2500
vt 0.0000 0.0000
vt 0.7600 0.0000
vt 0.7600 0.1600
vt 0.0000 0.1600
vt 0.0000 0.0000
vt 0.7600 0.0000
vt 0.7600 0.1600
vt 0.0000 0.1600
vt 0.0000 0.0000
vt 0.0000 0.0800
vt 0.7600 0.0800
vt 0.7600 0.0000
vt 0.0000 0.0000
vt 0.0000 0.0800
vt 0.7600 0.0800
vt 0.7600 0.0000
vt 0.0000 0.0000
vt 0.0000 0.0800
vt 0.1600 0.0800
vt 0.1600 0.0000
vt 0.0000 0.0000
vt 0.0000 0.0800
vt 0.1600 0.0800
vt 0.1600 0.0000
vt 0.0000 0.0000
vt 0.0833 0.0000
vt 0.0833 1.0000
vt 0.0000 1.0000
vt 0.0833 0.0000
vt 0.1667 0.0000
vt 0.1667 1.0000
vt 0.0833 1.0000
vt 0.1667 0.0000
vt 0.2500 0.0000
vt 0.2500 1.0000
vt 0.1667 1.0000
vt 0.2500 0.0000
vt 0.3333 0.0000
vt 0.3333 1.0000
vt 0.2500 1.0000
vt 0.3333 0.0000
vt 0.4167 0.0000
vt 0.4167 1.0000
vt 0.3333 1.0000
vt 0.4167 0.0000
vt 0.5000 0.0000
vt 0.5000 1.0000
vt 0.4167 1.0000
vt 0.5000 0.0000
vt 0.5833 0.0000
vt 0.5833 1.0000
vt 0.5000 1.0000
vt 0.5833 0.0000
vt 0.6667 0.0000
vt 0.6667 1.0000
vt 0.5833 1.0000
vt 0.6667 0.0000
vt 0.7500 0.0000
vt 0.7500 1.0000
vt 0.6667 1.0000
vt 0.7500 0.0000
vt 0.8333 0.0000
vt 0.8333 1.0000
vt 0.7500 1.0000
vt 0.8333 0.0000
vt 0.9167 0.0000
vt 0.9167 1.0000
vt 0.8333 1.0000
vt 0.9167 0.0000
vt 0.9167 1.0000
vt 1.0000 1.0000
vt 1.0000 0.0000
vt 0.5000 0.5000
vt 1.0000 0.5000
vt 0.9330 0.7500
vt 0.5000 0.5000
vt 0.9330 0.7500
vt 1.0000 0.5000
vt 0.5000 0.5000
vt 0.9330 0.7500
vt 0.7500 0.9330
vt 0.5000 0.5000
vt 0.7500 0.9330
vt 0.9330 0.7500
vt 0.5000 0.5000
vt 0.7500 0.9330
vt 0.5000 1.0000
vt 0.5000 0.5000
vt 0.5000 1.0000
vt 0.7500 0.9330
vt 0.5000 0.5000
vt 0.5000 1.0000
vt 0.2500 0.9330
vt 0.5000 0.5000
vt 0.2500 0.9330
vt 0.5000 1.0000
vt 0.5000 0.5000
vt 0.2500 0.9330
vt 0.0670 0.7500
vt 0.5000 0.5000
vt 0.0670 0.7500
vt 0.2500 0.9330
vt 0.5000 0.5000
vt 0.0670 0.7500
vt 0.0000 0.5000
vt 0.5000 0.5000
vt 0.0000 0.5000
vt 0.0670 0.7500
vt 0.5000 0.5000
vt 0.0000 0.5000
vt 0.0670 0.2500
vt 0.5000 0.5000
vt 0.0670 0.2500
vt 0.0000 0.5000
vt 0.5000 0.5000
vt 0.0670 0.2500
vt 0.2500 0.0670
vt 0.5000 0.5000
vt 0.2500 0.0670
vt 0.0670 0.2500
vt 0.5000 0.5000
vt 0.2500 0.0670
vt 0.5000 0.0000
vt 0.5000 0.5000
vt 0.5000 0.0000
vt 0.2500 0.0670
vt 0.5000 0.5000
vt 0.5000 0.0000
vt 0.7500 0.0670
vt 0.5000 0.5000
vt 0.7500 0.0670
vt 0.5000 0.0000
vt 0.5000 0.5000
vt 0.7500 0.0670
vt 0.9330 0.2500
vt 0.5000 0.5000
vt 0.9330 0.2500
vt 0.7500 0.0670
vt 0.5000 0.5000
vt 0.9330 0.2500
vt 1.0000 0.5000
vt 0.5000 0.5000
vt 1.0000 0.5000
vt 0.9330 0.2500
vt 0.0000 0.0000
vt 0.0833 0.0000
vt 0.0833 1.0000
vt 0.0000 1.0000
vt 0.0833 0.0000
vt 0.1667 0.0000
vt 0.1667 1.0000
vt 0.0833 1.0000
vt 0.1667 0.0000
vt 0.2500 0.0000
vt 0.2500 1.0000
vt 0.1667 1.0000
vt 0.2500 0.0000
vt 0.3333 0.0000
vt 0.3333 1.0000
vt 0.2500 1.0000
vt 0.3333 0.0000
vt 0.4167 0.0000
vt 0.4167 1.0000
vt 0.3333 1.0000
vt 0.4167 0.0000
vt 0.5000 0.0000
vt 0.5000 1.0000
vt 0.4167 1.0000
vt 0.5000 0.0000
vt 0.5833 0.0000
vt 0.5833 1.0000
vt 0.5000 1.0000
vt 0.5833 0.0000
vt 0.6667 0.0000
vt 0.6667 1.0000
vt 0.5833 1.0000
vt 0.6667 0.0000
vt 0.7500 0.0000
vt 0.7500 1.0000
vt 0.6667 1.0000
vt 0.7500 0.0000
vt 0.8333 0.0000
vt 0.8333 1.0000
vt 0.7500 1.0000
vt 0.8333 0.0000
vt 0.9167 0.0000
vt 0.9167 1.0000
vt 0.8333 1.0000
vt 0.9167 0.0000
vt 0.9167 1.0000
vt 1.0000 1.0000
vt 1.0000 0.0000
vt 0.0000 0.0000
vt 0.0833 0.0000
vt 0.0833 1.0000
vt 0.0000 1.0000
vt 0.0833 0.0000
vt 0.1667 0.0000
vt 0.1667 1.0000
vt 0.0833 1.0000
vt 0.1667 0.0000
vt 0.2500 0.0000
vt 0.2500 1.0000
vt 0.1667 1.0000
vt 0.2500 0.0000
vt 0.3333 0.0000
vt 0.3333 1.0000
vt 0.2500 1.0000
vt 0.3333 0.0000
vt 0.4167 0.0000
vt 0.4167 1.0000
vt 0.3333 1.0000
vt 0.4167 0.0000
vt 0.5000 0.0000
vt 0.5000 1.0000
vt 0.4167 1.0000
vt 0.5000 0.0000
vt 0.5833 0.0000
vt 0.5833 1.0000
vt 0.5000 1.0000
vt 0.5833 0.0000
vt 0.6667 0.0000
vt 0.6667 1.0000
vt 0.5833 1.0000
vt 0.6667 0.0000
vt 0.7500 0.0000
vt 0.7500 1.0000
vt 0.6667 1.0000
vt 0.7500 0.0000
vt 0.8333 0.0000
vt 0.8333 1.0000
vt 0.7500 1.0000
vt 0.8333 0.0000
vt 0.9167 0.0000
vt 0.9167 1.0000
vt 0.8333 1.0000
vt 0.9167 0.0000
vt 0.9167 1.0000
vt 1.0000 1.0000
vt 1.0000 0.0000
vt 0.5000 0.5000
vt 1.0000 0.5000
vt 0.9330 0.7500
vt 0.5000 0.5000
vt 0.9330 0.7500
vt 1.0000 0.5000
vt 0.5000 0.5000
vt 0.9330 0.7500
vt 0.7500 0.9330
vt 0.5000 0.5000
vt 0.7500 0.9330
vt 0.9330 0.7500
vt 0.5000 0.5000
vt 0.7500 0.9330
vt 0.5000 1.0000
vt 0.5000 0.5000
vt 0.5000 1.0000
vt 0.7500 0.9330
vt 0.5000 0.5000
vt 0.5000 1.0000
vt 0.2500 0.9330
vt 0.5000 0.5000
vt 0.2500 0.9330
vt 0.5000 1.0000
vt 0.5000 0.5000
vt 0.2500 0.9330
vt 0.0670 0.7500
vt 0.5000 0.5000
vt 0.0670 0.7500
vt 0.2500 0.9330
vt 0.5000 0.5000
vt 0.0670 0.7500
vt 0.0000 0.5000
vt 0.5000 0.5000
vt 0.0000 0.5000
vt 0.0670 0.7500
vt 0.5000 0.5000
vt 0.0000 0.5000
vt 0.0670 0.2500
vt 0.5000 0.5000
vt 0.0670 0.2500
vt 0.0000 0.5000
vt 0.5000 0.5000
vt 0.0670 0.2500
vt 0.2500 0.0670
vt 0.5000 0.5000
vt 0.2500 0.0670
vt 0.0670 0.2500
vt 0.5000 0.5000
vt 0.2500 0.0670
vt 0.5000 0.0000
vt 0.5000 0.5000
vt 0.5000 0.0000
vt 0.2500 0.0670
vt 0.5000 0.5000
vt 0.5000 0.0000
vt 0.7500 0.0670
vt 0.5000 0.5000
vt 0.7500 0.0670
vt 0.5000 0.0000
vt 0.5000 0.5000
vt 0.7500 0.0670
vt 0.9330 0.2500
vt 0.5000 0.5000
vt 0.9330 0.2500
vt 0.7500 0.0670
vt 0.5000 0.5000
vt 0.9330 0.2500
vt 1.0000 0.5000
vt 0.5000 0.5000
vt 1.0000 0.5000
vt 0.9330 0.2500
vt 0.0000 0.0000
vt 0.7600 0.0000
vt 0.7600 0.1600
vt 0.0000 0.1600
vt 0.0000 0.0000
vt 0.7600 0.0000
vt 0.7600 0.1600
vt 0.0000 0.1600
vt 0.0000 0.0000
vt 0.0000 0.0800
vt 0.7600 0.0800
vt 0.7600 0.0000
vt 0.0000 0.0000
vt 0.0000 0.0800
vt 0.7600 0.0800
vt 0.7600 0.0000
vt 0.0000 0.0000
vt 0.0000 0.0800
vt 0.1600 0.0800
vt 0.1600 0.0000
vt 0.0000 0.0000
vt 0.0000 0.0800
vt 0.1600 0.0800
vt 0.1600 0.0000
vt 0.0000 0.0000
vt 0.0833 0.0000
vt 0.0833 1.0000
vt 0.0000 1.0000
vt 0.0833 0.0000
vt 0.1667 0.0000
vt 0.1667 1.0000
vt 0.0833 1.0000
vt 0.1667 0.0000
vt 0.2500 0.0000
vt 0.2500 1.0000
vt 0.1667 1.0000
vt 0.2500 0.0000
vt 0.3333 0.0000
vt 0.3333 1.0000
vt 0.2500 1.0000
vt 0.3333 0.0000
vt 0.4167 0.0000
vt 0.4167 1.0000
vt 0.3333 1.0000
vt 0.4167 0.0000
vt 0.5000 0.0000
vt 0.5000 1.0000
vt 0.4167 1.0000
vt 0.5000 0.0000
vt 0.5833 0.0000
vt 0.5833 1.0000
vt 0.5000 1.0000
vt 0.5833 0.0000
vt 0.6667 0.0000
vt 0.6667 1.0000
vt 0.5833 1.0000
vt 0.6667 0.0000
vt 0.7500 0.0000
vt 0.7500 1.0000
vt 0.6667 1.0000
vt 0.7500 0.0000
vt 0.8333 0.0000
vt 0.8333 1.0000
vt 0.7500 1.0000
vt 0.8333 0.0000
vt 0.9167 0.0000
vt 0.9167 1.0000
vt 0.8333 1.0000
vt 0.9167 0.0000
vt 0.9167 1.0000
vt 1.0000 1.0000
vt 1.0000 0.0000
vt 0.5000 0.5000
vt 1.0000 0.5000
vt 0.9330 0.7500
vt 0.5000 0.5000
vt 0.9330 0.7500
vt 1.0000 0.5000
vt 0.5000 0.5000
vt 0.9330 0.7500
vt 0.7500 0.9330
vt 0.5000 0.5000
vt 0.7500 0.9330
vt 0.9330 0.7500
vt 0.5000 0.5000
vt 0.7500 0.9330
vt 0.5000 1.0000
vt 0.5000 0.5000
vt 0.5000 1.0000
vt 0.7500 0.9330
vt 0.5000 0.5000
vt 0.5000 1.0000
vt 0.2500 0.9330
vt 0.5000 0.5000
vt 0.2500 0.9330
vt 0.5000 1.0000
vt 0.5000 0.5000
vt 0.2500 0.9330
vt 0.0670 0.7500
vt 0.5000 0.5000
vt 0.0670 0.7500
vt 0.2500 0.9330
vt 0.5000 0.5000
vt 0.0670 0.7500
vt 0.0000 0.5000
vt 0.5000 0.5000
vt 0.0000 0.5000
vt 0.0670 0.7500
vt 0.5000 0.5000
vt 0.0000 0.5000
vt 0.0670 0.2500
vt 0.5000 0.5000
vt 0.0670 0.2500
vt 0.0000 0.5000
vt 0.5000 0.5000
vt 0.0670 0.2500
vt 0.2500 0.0670
vt 0.5000 0.5000
vt 0.2500 0.0670
vt 0.0670 0.2500
vt 0.5000 0.5000
vt 0.2500 0.0670
vt 0.5000 0.0000
vt 0.5000 0.5000
vt 0.5000 0.0000
vt 0.2500 0.0670
vt 0.5000 0.5000
vt 0.5000 0.0000
vt 0.7500 0.0670
vt 0.5000 0.5000
vt 0.7500 0.0670
vt 0.5000 0.0000
vt 0.5000 0.5000
vt 0.7500 0.0670
vt 0.9330 0.2500
vt 0.5000 0.5000
vt 0.9330 0.2500
vt 0.7500 0.0670
vt 0.5000 0.5000
vt 0.9330 0.2500
vt 1.0000 0.5000
vt 0.5000 0.5000
vt 1.0000 0.5000
vt 0.9330 0.2500
vt 0.0000 0.0000
vt 0.0833 0.0000
vt 0.0833 1.0000
vt 0.0000 1.0000
vt 0.0833 0.0000
vt 0.1667 0.0000
vt 0.1667 1.0000
vt 0.0833 1.0000
vt 0.1667 0.0000
vt 0.2500 0.0000
vt 0.2500 1.0000
vt 0.1667 1.0000
vt 0.2500 0.0000
vt 0.3333 0.0000
vt 0.3333 1.0000
vt 0.2500 1.0000
vt 0.3333 0.0000
vt 0.4167 0.0000
vt 0.4167 1.0000
vt 0.3333 1.0000
vt 0.4167 0.0000
vt 0.5000 0.0000
vt 0.5000 1.0000
vt 0.4167 1.0000
vt 0.5000 0.0000
vt 0.5833 0.0000
vt 0.5833 1.0000
vt 0.5000 1.0000
vt 0.5833 0.0000
vt 0.6667 0.0000
vt 0.6667 1.0000
vt 0.5833 1.0000
vt 0.6667 0.0000
vt 0.7500 0.0000
vt 0.7500 1.0000
vt 0.6667 1.0000
vt 0.7500 0.0000
vt 0.8333 0.0000
vt 0.8333 1.0000
vt 0.7500 1.0000
vt 0.8333 0.0000
vt 0.9167 0.0000
vt 0.9167 1.0000
vt 0.8333 1.0000
vt 0.9167 0.0000
vt 0.9167 1.0000
vt 1.0000 1.0000
vt 1.0000 0.0000
vt 0.0000 0.0000
vt 0.0833 0.0000
vt 0.0833 1.0000
vt 0.0000 1.0000
vt 0.0833 0.0000
vt 0.1667 0.0000
vt 0.1667 1.0000
vt 0.0833 1.0000
vt 0.1667 0.0000
vt 0.2500 0.0000
vt 0.2500 1.0000
vt 0.1667 1.0000
vt 0.2500 0.0000
vt 0.3333 0.0000
vt 0.3333 1.0000
vt 0.2500 1.0000
vt 0.3333 0.0000
vt 0.4167 0.0000
vt 0.4167 1.0000
vt 0.3333 1.0000
vt 0.4167 0.0000
vt 0.5000 0.0000
vt 0.5000 1.0000
vt 0.4167 1.0000
vt 0.5000 0.0000
vt 0.5833 0.0000
vt 0.5833 1.0000
vt 0.5000 1.0000
vt 0.5833 0.0000
vt 0.6667 0.0000
vt 0.6667 1.0000
vt 0.5833 1.0000
vt 0.6667 0.0000
vt 0.7500 0.0000
vt 0.7500 1.0000
vt 0.6667 1.0000
vt 0.7500 0.0000
vt 0.8333 0.0000
vt 0.8333 1.0000
vt 0.7500 1.0000
vt 0.8333 0.0000
vt 0.9167 0.0000
vt 0.9167 1.0000
vt 0.8333 1.0000
vt 0.9167 0.0000
vt 0.9167 1.0000
vt 1.0000 1.0000
vt 1.0000 0.0000
vt 0.5000 0.5000
vt 1.0000 0.5000
vt 0.9330 0.7500
vt 0.5000 0.5000
vt 0.9330 0.7500
vt 1.0000 0.5000
vt 0.5000 0.5000
vt 0.9330 0.7500
vt 0.7500 0.9330
vt 0.5000 0.5000
vt 0.7500 0.9330
vt 0.9330 0.7500
vt 0.5000 0.5000
vt 0.7500 0.9330
vt 0.5000 1.0000
vt 0.5000 0.5000
vt 0.5000 1.0000
vt 0.7500 0.9330
vt 0.5000 0.5000
vt 0.5000 1.0000
vt 0.2500 0.9330
vt 0.5000 0.5000
vt 0.2500 0.9330
vt 0.5000 1.0000
vt 0.5000 0.5000
vt 0.2500 0.9330
vt 0.0670 0.7500
vt 0.5000 0.5000
vt 0.0670 0.7500
vt 0.2500 0.9330
vt 0.5000 0.5000
vt 0.0670 0.7500
vt 0.0000 0.5000
vt 0.5000 0.5000
vt 0.0000 0.5000
vt 0.0670 0.7500
vt 0.5000 0.5000
vt 0.0000 0.5000
vt 0.0670 0.2500
vt 0.5000 0.5000
vt 0.0670 0.2500
vt 0.0000 0.5000
vt 0.5000 0.5000
vt 0.0670 0.2500
vt 0.2500 0.0670
vt 0.5000 0.5000
vt 0.2500 0.0670
vt 0.0670 0.2500
vt 0.5000 0.5000
vt 0.2500 0.0670
vt 0.5000 0.0000
vt 0.5000 0.5000
vt 0.5000 0.0000
vt 0.2500 0.0670
vt 0.5000 0.5000
vt 0.5000 0.0000
vt 0.7500 0.0670
vt 0.5000 0.5000
vt 0.7500 0.0670
vt 0.5000 0.0000
vt 0.5000 0.5000
vt 0.7500 0.0670
vt 0.9330 0.2500
vt 0.5000 0.5000
vt 0.9330 0.2500
vt 0.7500 0.0670
vt 0.5000 0.5000
vt 0.9330 0.2500
vt 1.0000 0.5000
vt 0.5000 0.5000
vt 1.0000 0.5000
vt 0.9330 0.2500
vt 0.0000 0.0000
vt 0.7600 0.0000
vt 0.7600 0.1600
vt 0.0000 0.1600
vt 0.0000 0.0000
vt 0.7600 0.0000
vt 0.7600 0.1600
vt 0.0000 0.1600
vt 0.0000 0.0000
vt 0.0000 0.0800
vt 0.7600 0.0800
vt 0.7600 0.0000
vt 0.0000 0.0000
vt 0.0000 0.0800
vt 0.7600 0.0800
vt 0.7600 0.0000
vt 0.0000 0.0000
vt 0.0000 0.0800
vt 0.1600 0.0800
vt 0.1600 0.0000
vt 0.0000 0.0000
vt 0.0000 0.0800
vt 0.1600 0.0800
vt 0.1600 0.0000
vt 0.0000 0.0000
vt 0.0833 0.0000
vt 0.0833 1.0000
vt 0.0000 1.0000
vt 0.0833 0.0000
vt 0.1667 0.0000
vt 0.1667 1.0000
vt 0.0833 1.0000
vt 0.1667 0.0000
vt 0.2500 0.0000
vt 0.2500 1.0000
vt 0.1667 1.0000
vt 0.2500 0.0000
vt 0.3333 0.0000
vt 0.3333 1.0000
vt 0.2500 1.0000
vt 0.3333 0.0000
vt 0.4167 0.0000
vt 0.4167 1.0000
vt 0.3333 1.0000
vt 0.4167 0.0000
vt 0.5000 0.0000
vt 0.5000 1.0000
vt 0.4167 1.0000
vt 0.5000 0.0000
vt 0.5833 0.0000
vt 0.5833 1.0000
vt 0.5000 1.0000
vt 0.5833 0.0000
vt 0.6667 0.0000
vt 0.6667 1.0000
vt 0.5833 1.0000
vt 0.6667 0.0000
vt 0.7500 0.0000
vt 0.7500 1.0000
vt 0.6667 1.0000
vt 0.7500 0.0000
vt 0.8333 0.0000
vt 0.8333 1.0000
vt 0.7500 1.0000
vt 0.8333 0.0000
vt 0.9167 0.0000
vt 0.9167 1.0000
vt 0.8333 1.0000
vt 0.9167 0.0000
vt 0.9167 1.0000
vt 1.0000 1.0000
vt 1.0000 0.0000
vt 0.5000 0.5000
vt 1.0000 0.5000
vt 0.9330 0.7500
vt 0.5000 0.5000
vt 0.9330 0.7500
vt 1.0000 0.5000
vt 0.5000 0.5000
vt 0.9330 0.7500
vt 0.7500 0.9330
vt 0.5000 0.5000
vt 0.7500 0.9330
vt 0.9330 0.7500
vt 0.5000 0.5000
vt 0.7500 0.9330
vt 0.5000 1.0000
vt 0.5000 0.5000
vt 0.5000 1.0000
vt 0.7500 0.9330
vt 0.5000 0.5000
vt 0.5000 1.0000
vt 0.2500 0.9330
vt 0.5000 0.5000
vt 0.2500 0.9330
vt 0.5000 1.0000
vt 0.5000 0.5000
vt 0.2500 0.9330
vt 0.0670 0.7500
vt 0.5000 0.5000
vt 0.0670 0.7500
vt 0.2500 0.9330
vt 0.5000 0.5000
vt 0.0670 0.7500
vt 0.0000 0.5000
vt 0.5000 0.5000
vt 0.0000 0.5000
vt 0.0670 0.7500
vt 0.5000 0.5000
vt 0.0000 0.5000
vt 0.0670 0.2500
vt 0.5000 0.5000
vt 0.0670 0.2500
vt 0.0000 0.5000
vt 0.5000 0.5000
vt 0.0670 0.2500
vt 0.2500 0.0670
vt 0.5000 0.5000
vt 0.2500 0.0670
vt 0.0670 0.2500
vt 0.5000 0.5000
vt 0.2500 0.0670
vt 0.5000 0.0000
vt 0.5000 0.5000
vt 0.5000 0.0000
vt 0.2500 0.0670
vt 0.5000 0.5000
vt 0.5000 0.0000
vt 0.7500 0.0670
vt 0.5000 0.5000
vt 0.7500 0.0670
vt 0.5000 0.0000
vt 0.5000 0.5000
vt 0.7500 0.0670
vt 0.9330 0.2500
vt 0.5000 0.5000
vt 0.9330 0.2500
vt 0.7500 0.0670
vt 0.5000 0.5000
vt 0.9330 0.2500
vt 1.0000 0.5000
vt 0.5000 0.5000
vt 1.0000 0.5000
vt 0.9330 0.2500
vt 0.0000 0.0000
vt 0.0833 0.0000
vt 0.0833 1.0000
vt 0.0000 1.0000
vt 0.0833 0.0000
vt 0.1667 0.0000
vt 0.1667 1.0000
vt 0.0833 1.0000
vt 0.1667 0.0000
vt 0.2500 0.0000
vt 0.2500 1.0000
vt 0.1667 1.0000
vt 0.2500 0.0000
vt 0.3333 0.0000
vt 0.3333 1.0000
vt 0.2500 1.0000
vt 0.3333 0.0000
vt 0.4167 0.0000
vt 0.4167 1.0000
vt 0.3333 1.0000
vt 0.4167 0.0000
vt 0.5000 0.0000
vt 0.5000 1.0000
vt 0.4167 1.0000
vt 0.5000 0.0000
vt 0.5833 0.0000
vt 0.5833 1.0000
vt 0.5000 1.0000
vt 0.5833 0.0000
vt 0.6667 0.0000
vt 0.6667 1.0000
vt 0.5833 1.0000
vt 0.6667 0.0000
vt 0.7500 0.0000
vt 0.7500 1.0000
vt 0.6667 1.0000
vt 0.7500 0.0000
vt 0.8333 0.0000
vt 0.8333 1.0000
vt 0.7500 1.0000
vt 0.8333 0.0000
vt 0.9167 0.0000
vt 0.9167 1.0000
vt 0.8333 1.0000
vt 0.9167 0.0000
vt 0.9167 1.0000
vt 1.0000 1.0000
vt 1.0000 0.0000
vt 0.0000 0.0000
vt 0.0833 0.0000
vt 0.0833 1.0000
vt 0.0000 1.0000
vt 0.0833 0.0000
vt 0.1667 0.0000
vt 0.1667 1.0000
vt 0.0833 1.0000
vt 0.1667 0.0000
vt 0.2500 0.0000
vt 0.2500 1.0000
vt 0.1667 1.0000
vt 0.2500 0.0000
vt 0.3333 0.0000
vt 0.3333 1.0000
vt 0.2500 1.0000
vt 0.3333 0.0000
vt 0.4167 0.0000
vt 0.4167 1.0000
vt 0.3333 1.0000
vt 0.4167 0.0000
vt 0.5000 0.0000
vt 0.5000 1.0000
vt 0.4167 1.0000
vt 0.5000 0.0000
vt 0.5833 0.0000
vt 0.5833 1.0000
vt 0.5000 1.0000
vt 0.5833 0.0000
vt 0.6667 0.0000
vt 0.6667 1.0000
vt 0.5833 1.0000
vt 0.6667 0.0000
vt 0.7500 0.0000
vt 0.7500 1.0000
vt 0.6667 1.0000
vt 0.7500 0.0000
vt 0.8333 0.0000
vt 0.8333 1.0000
vt 0.7500 1.0000
vt 0.8333 0.0000
vt 0.9167 0.0000
vt 0.9167 1.0000
vt 0.8333 1.0000
vt 0.9167 0.0000
vt 0.9167 1.0000
vt 1.0000 1.0000
vt 1.0000 0.0000
vt 0.5000 0.5000
vt 1.0000 0.5000
vt 0.9330 0.7500
vt 0.5000 0.5000
vt 0.9330 0.7500
vt 1.0000 0.5000
vt 0.5000 0.5000
vt 0.9330 0.7500
vt 0.7500 0.9330
vt 0.5000 0.5000
vt 0.7500 0.9330
vt 0.9330 0.7500
vt 0.5000 0.5000
vt 0.7500 0.9330
vt 0.5000 1.0000
vt 0.5000 0.5000
vt 0.5000 1.0000
vt 0.7500 0.9330
vt 0.5000 0.5000
vt 0.5000 1.0000
vt 0.2500 0.9330
vt 0.5000 0.5000
vt 0.2500 0.9330
vt 0.5000 1.0000
vt 0.5000 0.5000
vt 0.2500 0.9330
vt 0.0670 0.7500
vt 0.5000 0.5000
vt 0.0670 0.7500
vt 0.2500 0.9330
vt 0.5000 0.5000
vt 0.0670 0.7500
vt 0.0000 0.5000
vt 0.5000 0.5000
vt 0.0000 0.5000
vt 0.0670 0.7500
vt 0.5000 0.5000
vt 0.0000 0.5000
vt 0.0670 0.2500
vt 0.5000 0.5000
vt 0.0670 0.2500
vt 0.0000 0.5000
vt 0.5000 0.5000
vt 0.0670 0.2500
vt 0.2500 0.0670
vt 0.5000 0.5000
vt 0.2500 0.0670
vt 0.0670 0.2500
vt 0.5000 0.5000
vt 0.2500 0.0670
vt 0.5000 0.0000
vt 0.5000 0.5000
vt 0.5000 0.0000
vt 0.2500 0.0670
vt 0.5000 0.5000
vt 0.5000 0.0000
vt 0.7500 0.0670
vt 0.5000 0.5000
vt 0.7500 0.0670
vt 0.5000 0.0000
vt 0.5000 0.5000
vt 0.7500 0.0670
vt 0.9330 0.2500
vt 0.5000 0.5000
vt 0.9330 0.2500
vt 0.7500 0.0670
vt 0.5000 0.5000
vt 0.9330 0.2500
vt 1.0000 0.5000
vt 0.5000 0.5000
vt 1.0000 0.5000
vt 0.9330 0.2500
vt 0.0000 0.0000
vt 0.7600 0.0000
vt 0.7600 0.1600
vt 0.0000 0.1600
vt 0.0000 0.0000
vt 0.7600 0.0000
vt 0.7600 0.1600
vt 0.0000 0.1600
vt 0.0000 0.0000
vt 0.0000 0.0800
vt 0.7600 0.0800
vt 0.7600 0.0000
vt 0.0000 0.0000
vt 0.0000 0.0800
vt 0.7600 0.0800
vt 0.7600 0.0000
vt 0.0000 0.0000
vt 0.0000 0.0800
vt 0.1600 0.0800
vt 0.1600 0.0000
vt 0.0000 0.0000
vt 0.0000 0.0800
vt 0.1600 0.0800
vt 0.1600 0.0000
vt 0.0000 0.0000
vt 0.0833 0.0000
vt 0.0833 1.0000
vt 0.0000 1.0000
vt 0.0833 0.0000
vt 0.1667 0.0000
vt 0.1667 1.0000
vt 0.0833 1.0000
vt 0.1667 0.0000
vt 0.2500 0.0000
vt 0.2500 1.0000
vt 0.1667 1.0000
vt 0.2500 0.0000
vt 0.3333 0.0000
vt 0.3333 1.0000
vt 0.2500 1.0000
vt 0.3333 0.0000
vt 0.4167 0.0000
vt 0.4167 1.0000
vt 0.3333 1.0000
vt 0.4167 0.0000
vt 0.5000 0.0000
vt 0.5000 1.0000
vt 0.4167 1.0000
vt 0.5000 0.0000
vt 0.5833 0.0000
vt 0.5833 1.0000
vt 0.5000 1.0000
vt 0.5833 0.0000
vt 0.6667 0.0000
vt 0.6667 1.0000
vt 0.5833 1.0000
vt 0.6667 0.0000
vt 0.7500 0.0000
vt 0.7500 1.0000
vt 0.6667 1.0000
vt 0.7500 0.0000
vt 0.8333 0.0000
vt 0.8333 1.0000
vt 0.7500 1.0000
vt 0.8333 0.0000
vt 0.9167 0.0000
vt 0.9167 1.0000
vt 0.8333 1.0000
vt 0.9167 0.0000
vt 0.9167 1.0000
vt 1.0000 1.0000
vt 1.0000 0.0000
vt 0.5000 0.5000
vt 1.0000 0.5000
vt 0.9330 0.7500
vt 0.5000 0.5000
vt 0.9330 0.7500
vt 1.0000 0.5000
vt 0.5000 0.5000
vt 0.9330 0.7500
vt 0.7500 0.9330
vt 0.5000 0.5000
vt 0.7500 0.9330
vt 0.9330 0.7500
vt 0.5000 0.5000
vt 0.7500 0.9330
vt 0.5000 1.0000
vt 0.5000 0.5000
vt 0.5000 1.0000
vt 0.7500 0.9330
vt 0.5000 0.5000
vt 0.5000 1.0000
vt 0.2500 0.9330
vt 0.5000 0.5000
vt 0.2500 0.9330
vt 0.5000 1.0000
vt 0.5000 0.5000
vt 0.2500 0.9330
vt 0.0670 0.7500
vt 0.5000 0.5000
vt 0.0670 0.7500
vt 0.2500 0.9330
vt 0.5000 0.5000
vt 0.0670 0.7500
vt 0.0000 0.5000
vt 0.5000 0.5000
vt 0.0000 0.5000
vt 0.0670 0.7500
vt 0.5000 0.5000
vt 0.0000 0.5000
vt 0.0670 0.2500
vt 0.5000 0.5000
vt 0.0670 0.2500
vt 0.0000 0.5000
vt 0.5000 0.5000
vt 0.0670 0.2500
vt 0.2500 0.0670
vt 0.5000 0.5000
vt 0.2500 0.0670
vt 0.0670 0.2500
vt 0.5000 0.5000
vt 0.2500 0.0670
vt 0.5000 0.0000
vt 0.5000 0.5000
vt 0.5000 0.0000
vt 0.2500 0.0670
vt 0.5000 0.5000
vt 0.5000 0.0000
vt 0.7500 0.0670
vt 0.5000 0.5000
vt 0.7500 0.0670
vt 0.5000 0.0000
vt 0.5000 0.5000
vt 0.7500 0.0670
vt 0.9330 0.2500
vt 0.5000 0.5000
vt 0.9330 0.2500
vt 0.7500 0.0670
vt 0.5000 0.5000
vt 0.9330 0.2500
vt 1.0000 0.5000
vt 0.5000 0.5000
vt 1.0000 0.5000
vt 0.9330 0.2500
vt 0.0000 0.0000
vt 0.0833 0.0000
vt 0.0833 1.0000
vt 0.0000 1.0000
vt 0.0833 0.0000
vt 0.1667 0.0000
vt 0.1667 1.0000
vt 0.0833 1.0000
vt 0.1667 0.0000
vt 0.2500 0.0000
vt 0.2500 1.0000
vt 0.1667 1.0000
vt 0.2500 0.0000
vt 0.3333 0.0000
vt 0.3333 1.0000
vt 0.2500 1.0000
vt 0.3333 0.0000
vt 0.4167 0.0000
vt 0.4167 1.0000
vt 0.3333 1.0000
vt 0.4167 0.0000
vt 0.5000 0.0000
vt 0.5000 1.0000
vt 0.4167 1.0000
vt 0.5000 0.0000
vt 0.5833 0.0000
vt 0.5833 1.0000
vt 0.5000 1.0000
vt 0.5833 0.0000
vt 0.6667 0.0000
vt 0.6667 1.0000
vt 0.5833 1.0000
vt 0.6667 0.0000
vt 0.7500 0.0000
vt 0.7500 1.0000
vt 0.6667 1.0000
vt 0.7500 0.0000
vt 0.8333 0.0000
vt 0.8333 1.0000
vt 0.7500 1.0000
vt 0.8333 0.0000
vt 0.9167 0.0000
vt 0.9167 1.0000
vt 0.8333 1.0000
vt 0.9167 0.0000
vt 0.9167 1.0000
vt 1.0000 1.0000
vt 1.0000 0.0000
vt 0.0000 0.0000
vt 0.0833 0.0000
vt 0.0833 1.0000
vt 0.0000 1.0000
vt 0.0833 0.0000
vt 0.1667 0.0000
vt 0.1667 1.0000
vt 0.0833 1.0000
vt 0.1667 0.0000
vt 0.2500 0.0000
vt 0.2500 1.0000
vt 0.1667 1.0000
vt 0.2500 0.0000
vt 0.3333 0.0000
vt 0.3333 1.0000
vt 0.2500 1.0000
vt 0.3333 0.0000
vt 0.4167 0.0000
vt 0.4167 1.0000
vt 0.3333 1.0000
vt 0.4167 0.0000
vt 0.5000 0.0000
vt 0.5000 1.0000
vt 0.4167 1.0000
vt 0.5000 0.0000
vt 0.5833 0.0000
vt 0.5833 1.0000
vt 0.5000 1.0000
vt 0.5833 0.0000
vt 0.6667 0.0000
vt 0.6667 1.0000
vt 0.5833 1.0000
vt 0.6667 0.0000
vt 0.7500 0.0000
vt 0.7500 1.0000
vt 0.6667 1.0000
vt 0.7500 0.0000
vt 0.8333 0.0000
vt 0.8333 1.0000
vt 0.7500 1.0000
vt 0.8333 0.0000
vt 0.9167 0.0000
vt 0.9167 1.0000
vt 0.8333 1.0000
vt 0.9167 0.0000
vt 0.9167 1.0000
vt 1.0000 1.0000
vt 1.0000 0.0000
vt 0.5000 0.5000
vt 1.0000 0.5000
vt 0.9330 0.7500
vt 0.5000 0.5000
vt 0.9330 0.7500
vt 1.0000 0.5000
vt 0.5000 0.5000
vt 0.9330 0.7500
vt 0.7500 0.9330
vt 0.5000 0.5000
vt 0.7500 0.9330
vt 0.9330 0.7500
vt 0.5000 0.5000
vt 0.7500 0.9330
vt 0.5000 1.0000
vt 0.5000 0.5000
vt 0.5000 1.0000
vt 0.7500 0.9330
vt 0.5000 0.5000
vt 0.5000 1.0000
vt 0.2500 0.9330
vt 0.5000 0.5000
vt 0.2500 0.9330
vt 0.5000 1.0000
vt 0.5000 0.5000
vt 0.2500 0.9330
vt 0.0670 0.7500
vt 0.5000 0.5000
vt 0.0670 0.7500
vt 0.2500 0.9330
vt 0.5000 0.5000
vt 0.0670 0.7500
vt 0.0000 0.5000
vt 0.5000 0.5000
vt 0.0000 0.5000
vt 0.0670 0.7500
vt 0.5000 0.5000
vt 0.0000 0.5000
vt 0.0670 0.2500
vt 0.5000 0.5000
vt 0.0670 0.2500
vt 0.0000 0.5000
vt 0.5000 0.5000
vt 0.0670 0.2500
vt 0.2500 0.0670
vt 0.5000 0.5000
vt 0.2500 0.0670
vt 0.0670 0.2500
vt 0.5000 0.5000
vt 0.2500 0.0670
vt 0.5000 0.0000
vt 0.5000 0.5000
vt 0.5000 0.0000
vt 0.2500 0.0670
vt 0.5000 0.5000
vt 0.5000 0.0000
vt 0.7500 0.0670
vt 0.5000 0.5000
vt 0.7500 0.0670
vt 0.5000 0.0000
vt 0.5000 0.5000
vt 0.7500 0.0670
vt 0.9330 0.2500
vt 0.5000 0.5000
vt 0.9330 0.2500
vt 0.7500 0.0670
vt 0.5000 0.5000
vt 0.9330 0.2500
vt 1.0000 0.5000
vt 0.5000 0.5000
vt 1.0000 0.5000
vt 0.9330 0.2500
vt 0.0000 0.0000
vt 0.7600 0.0000
vt 0.7600 0.1600
vt 0.0000 0.1600
vt 0.0000 0.0000
vt 0.7600 0.0000
vt 0.7600 0.1600
vt 0.0000 0.1600
vt 0.0000 0.0000
vt 0.0000 0.0800
vt 0.7600 0.0800
vt 0.7600 0.0000
vt 0.0000 0.0000
vt 0.0000 0.0800
vt 0.7600 0.0800
vt 0.7600 0.0000
vt 0.0000 0.0000
vt 0.0000 0.0800
vt 0.1600 0.0800
vt 0.1600 0.0000
vt 0.0000 0.0000
vt 0.0000 0.0800
vt 0.1600 0.0800
vt 0.1600 0.0000
vt 0.0000 0.0000
vt 0.0400 0.0000
vt 0.0400 0.0700
vt 0.0000 0.0700
vt 0.0000 0.0000
vt 0.0400 0.0000
vt 0.0400 0.0700
vt 0.0000 0.0700
vt 0.0000 0.0000
vt 0.0000 3.4000
vt 0.0400 3.4000
vt 0.0400 0.0000
vt 0.0000 0.0000
vt 0.0000 3.4000
vt 0.0400 3.4000
vt 0.0400 0.0000
vt 0.0000 0.0000
vt 0.0000 3.4000
vt 0.0700 3.4000
vt 0.0700 0.0000
vt 0.0000 0.0000
vt 0.0000 3.4000
vt 0.0700 3.4000
vt 0.0700 0.0000
vt 0.0000 0.0000
vt 0.0400 0.0000
vt 0.0400 0.0700
vt 0.0000 0.0700
vt 0.0000 0.0000
vt 0.0400 0.0000
vt 0.0400 0.0700
vt 0.0000 0.0700
vt 0.0000 0.0000
vt 0.0000 3.4000
vt 0.0400 3.4000
vt 0.0400 0.0000
vt 0.0000 0.0000
vt 0.0000 3.4000
vt 0.0400 3.4000
vt 0.0400 0.0000
vt 0.0000 0.0000
vt 0.0000 3.4000
vt 0.0700 3.4000
vt 0.0700 0.0000
vt 0.0000 0.0000
vt 0.0000 3.4000
vt 0.0700 3.4000
vt 0.0700 0.0000
vt 0.0000 0.0000
vt 0.5500 0.0000
vt 0.5500 0.0400
vt 0.0000 0.0400
vt 0.0000 0.0000
vt 0.5500 0.0000
vt 0.5500 0.0400
vt 0.0000 0.0400
vt 0.0000 0.0000
vt 0.0000 0.0360
vt 0.5500 0.0360
vt 0.5500 0.0000
vt 0.0000 0.0000
vt 0.0000 0.0360
vt 0.5500 0.0360
vt 0.5500 0.0000
vt 0.0000 0.0000
vt 0.0000 0.0360
vt 0.0400 0.0360
vt 0.0400 0.0000
vt 0.0000 0.0000
vt 0.0000 0.0360
vt 0.0400 0.0360
vt 0.0400 0.0000
vt 0.0000 0.0000
vt 0.5500 0.0000
vt 0.5500 0.0400
vt 0.0000 0.0400
vt 0.0000 0.0000
vt 0.5500 0.0000
vt 0.5500 0.0400
vt 0.0000 0.0400
vt 0.0000 0.0000
vt 0.0000 0.0360
vt 0.5500 0.0360
vt 0.5500 0.0000
vt 0.0000 0.0000
vt 0.0000 0.0360
vt 0.5500 0.0360
vt 0.5500 0.0000
vt 0.0000 0.0000
vt 0.0000 0.0360
vt 0.0400 0.0360
vt 0.0400 0.0000
vt 0.0000 0.0000
vt 0.0000 0.0360
vt 0.0400 0.0360
vt 0.0400 0.0000
vt 0.0000 0.0000
vt 0.5500 0.0000
vt 0.5500 0.0400
vt 0.0000 0.0400
vt 0.0000 0.0000
vt 0.5500 0.0000
vt 0.5500 0.0400
vt 0.0000 0.0400
vt 0.0000 0.0000
vt 0.0000 0.0360
vt 0.5500 0.0360
vt 0.5500 0.0000
vt 0.0000 0.0000
vt 0.0000 0.0360
vt 0.5500 0.0360
vt 0.5500 0.0000
vt 0.0000 0.0000
vt 0.0000 0.0360
vt 0.0400 0.0360
vt 0.0400 0.0000
vt 0.0000 0.0000
vt 0.0000 0.0360
vt 0.0400 0.0360
vt 0.0400 0.0000
vt 0.0000 0.0000
vt 0.5500 0.0000
vt 0.5500 0.0400
vt 0.0000 0.0400
vt 0.0000 0.0000
vt 0.5500 0.0000
vt 0.5500 0.0400
vt 0.0000 0.0400
vt 0.0000 0.0000
vt 0.0000 0.0360
vt 0.5500 0.0360
vt 0.5500 0.0000
vt 0.0000 0.0000
vt 0.0000 0.0360
vt 0.5500 0.0360
vt 0.5500 0.0000
vt 0.0000 0.0000
vt 0.0000 0.0360
vt 0.0400 0.0360
vt 0.0400 0.0000
vt 0.0000 0.0000
vt 0.0000 0.0360
vt 0.0400 0.0360
vt 0.0400 0.0000
vt 0.0000 0.0000
vt 0.5500 0.0000
vt 0.5500 0.0400
vt 0.0000 0.0400
vt 0.0000 0.0000
vt 0.5500 0.0000
vt 0.5500 0.0400
vt 0.0000 0.0400
vt 0.0000 0.0000
vt 0.0000 0.0360
vt 0.5500 0.0360
vt 0.5500 0.0000
vt 0.0000 0.0000
vt 0.0000 0.0360
vt 0.5500 0.0360
vt 0.5500 0.0000
vt 0.0000 0.0000
vt 0.0000 0.0360
vt 0.0400 0.0360
vt 0.0400 0.0000
vt 0.0000 0.0000
vt 0.0000 0.0360
vt 0.0400 0.0360
vt 0.0400 0.0000
vt 0.0000 0.0000
vt 0.5500 0.0000
vt 0.5500 0.0400
vt 0.0000 0.0400
vt 0.0000 0.0000
vt 0.5500 0.0000
vt 0.5500 0.0400
vt 0.0000 0.0400
vt 0.0000 0.0000
vt 0.0000 0.0360
vt 0.5500 0.0360
vt 0.5500 0.0000
vt 0.0000 0.0000
vt 0.0000 0.0360
vt 0.5500 0.0360
vt 0.5500 0.0000
vt 0.0000 0.0000
vt 0.0000 0.0360
vt 0.0400 0.0360
vt 0.0400 0.0000
vt 0.0000 0.0000
vt 0.0000 0.0360
vt 0.0400 0.0360
vt 0.0400 0.0000
vt 0.0000 0.0000
vt 0.5500 0.0000
vt 0.5500 0.0400
vt 0.0000 0.0400
vt 0.0000 0.0000
vt 0.5500 0.0000
vt 0.5500 0.0400
vt 0.0000 0.0400
vt 0.0000 0.0000
vt 0.0000 0.0360
vt 0.5500 0.0360
vt 0.5500 0.0000
vt 0.0000 0.0000
vt 0.0000 0.0360
vt 0.5500 0.0360
vt 0.5500 0.0000
vt 0.0000 0.0000
vt 0.0000 0.0360
vt 0.0400 0.0360
vt 0.0400 0.0000
vt 0.0000 0.0000
vt 0.0000 0.0360
vt 0.0400 0.0360
vt 0.0400 0.0000
vt 0.0000 0.0000
vt 0.5500 0.0000
vt 0.5500 0.0400
vt 0.0000 0.0400
vt 0.0000 0.0000
vt 0.5500 0.0000
vt 0.5500 0.0400
vt 0.0000 0.0400
vt 0.0000 0.0000
vt 0.0000 0.0360
vt 0.5500 0.0360
vt 0.5500 0.0000
vt 0.0000 0.0000
vt 0.0000 0.0360
vt 0.5500 0.0360
vt 0.5500 0.0000
vt 0.0000 0.0000
vt 0.0000 0.0360
vt 0.0400 0.0360
vt 0.0400 0.0000
vt 0.0000 0.0000
vt 0.0000 0.0360
vt 0.0400 0.0360
vt 0.0400 0.0000
vt 0.0000 0.0000
vt 0.5500 0.0000
vt 0.5500 0.0400
vt 0.0000 0.0400
vt 0.0000 0.0000
vt 0.5500 0.0000
vt 0.5500 0.0400
vt 0.0000 0.0400
vt 0.0000 0.0000
vt 0.0000 0.0360
vt 0.5500 0.0360
vt 0.5500 0.0000
vt 0.0000 0.0000
vt 0.0000 0.0360
vt 0.5500 0.0360
vt 0.5500 0.0000
vt 0.0000 0.0000
vt 0.0000 0.0360
vt 0.0400 0.0360
vt 0.0400 0.0000
vt 0.0000 0.0000
vt 0.0000 0.0360
vt 0.0400 0.0360
vt 0.0400 0.0000
vt 0.0000 0.0000
vt 0.5500 0.0000
vt 0.5500 0.0400
vt 0.0000 0.0400
vt 0.0000 0.0000
vt 0.5500 0.0000
vt 0.5500 0.0400
vt 0.0000 0.0400
vt 0.0000 0.0000
vt 0.0000 0.0360
vt 0.5500 0.0360
vt 0.5500 0.0000
vt 0.0000 0.0000
vt 0.0000 0.0360
vt 0.5500 0.0360
vt 0.5500 0.0000
vt 0.0000 0.0000
vt 0.0000 0.0360
vt 0.0400 0.0360
vt 0.0400 0.0000
vt 0.0000 0.0000
vt 0.0000 0.0360
vt 0.0400 0.0360
vt 0.0400 0.0000
vt 0.0000 0.0000
vt 0.0700 0.0000
vt 0.0700 0.0400
vt 0.0000 0.0400
vt 0.0000 0.0000
vt 0.0700 0.0000
vt 0.0700 0.0400
vt 0.0000 0.0400
vt 0.0000 0.0000
vt 0.0000 3.4000
vt 0.0700 3.4000
vt 0.0700 0.0000
vt 0.0000 0.0000
vt 0.0000 3.4000
vt 0.0700 3.4000
vt 0.0700 0.0000
vt 0.0000 0.0000
vt 0.0000 3.4000
vt 0.0400 3.4000
vt 0.0400 0.0000
vt 0.0000 0.0000
vt 0.0000 3.4000
vt 0.0400 3.4000
vt 0.0400 0.0000
vt 0.0000 0.0000
vt 0.0700 0.0000
vt 0.0700 0.0400
vt 0.0000 0.0400
vt 0.0000 0.0000
vt 0.0700 0.0000
vt 0.0700 0.0400
vt 0.0000 0.0400
vt 0.0000 0.0000
vt 0.0000 3.4000
vt 0.0700 3.4000
vt 0.0700 0.0000
vt 0.0000 0.0000
vt 0.0000 3.4000
vt 0.0700 3.4000
vt 0.0700 0.0000
vt 0.0000 0.0000
vt 0.0000 3.4000
vt 0.0400 3.4000
vt 0.0400 0.0000
vt 0.0000 0.0000
vt 0.0000 3.4000
vt 0.0400 3.4000
vt 0.0400 0.0000
vt 0.0000 0.0000
vt 0.0400 0.0000
vt 0.0400 0.5500
vt 0.0000 0.5500
vt 0.0000 0.0000
vt 0.0400 0.0000
vt 0.0400 0.5500
vt 0.0000 0.5500
vt 0.0000 0.0000
vt 0.0000 0.0360
vt 0.0400 0.0360
vt 0.0400 0.0000
vt 0.0000 0.0000
vt 0.0000 0.0360
vt 0.0400 0.0360
vt 0.0400 0.0000
vt 0.0000 0.0000
vt 0.0000 0.0360
vt 0.5500 0.0360
vt 0.5500 0.0000
vt 0.0000 0.0000
vt 0.0000 0.0360
vt 0.5500 0.0360
vt 0.5500 0.0000
vt 0.0000 0.0000
vt 0.0400 0.0000
vt 0.0400 0.5500
vt 0.0000 0.5500
vt 0.0000 0.0000
vt 0.0400 0.0000
vt 0.0400 0.5500
vt 0.0000 0.5500
vt 0.0000 0.0000
vt 0.0000 0.0360
vt 0.0400 0.0360
vt 0.0400 0.0000
vt 0.0000 0.0000
vt 0.0000 0.0360
vt 0.0400 0.0360
vt 0.0400 0.0000
vt 0.0000 0.0000
vt 0.0000 0.0360
vt 0.5500 0.0360
vt 0.5500 0.0000
vt 0.0000 0.0000
vt 0.0000 0.0360
vt 0.5500 0.0360
vt 0.5500 0.0000
vt 0.0000 0.0000
vt 0.0400 0.0000
vt 0.0400 0.5500
vt 0.0000 0.5500
vt 0.0000 0.0000
vt 0.0400 0.0000
vt 0.0400 0.5500
vt 0.0000 0.5500
vt 0.0000 0.0000
vt 0.0000 0.0360
vt 0.0400 0.0360
vt 0.0400 0.0000
vt 0.0000 0.0000
vt 0.0000 0.0360
vt 0.0400 0.0360
vt 0.0400 0.0000
vt 0.0000 0.0000
vt 0.0000 0.0360
vt 0.5500 0.0360
vt 0.5500 0.0000
vt 0.0000 0.0000
vt 0.0000 0.0360
vt 0.5500 0.0360
vt 0.5500 0.0000
vt 0.0000 0.0000
vt 0.0400 0.0000
vt 0.0400 0.5500
vt 0.0000 0.5500
vt 0.0000 0.0000
vt 0.0400 0.0000
vt 0.0400 0.5500
vt 0.0000 0.5500
vt 0.0000 0.0000
vt 0.0000 0.0360
vt 0.0400 0.0360
vt 0.0400 0.0000
vt 0.0000 0.0000
vt 0.0000 0.0360
vt 0.0400 0.0360
vt 0.0400 0.0000
vt 0.0000 0.0000
vt 0.0000 0.0360
vt 0.5500 0.0360
vt 0.5500 0.0000
vt 0.0000 0.0000
vt 0.0000 0.0360
vt 0.5500 0.0360
vt 0.5500 0.0000
vt 0.0000 0.0000
vt 0.0400 0.0000
vt 0.0400 0.5500
vt 0.0000 0.5500
vt 0.0000 0.0000
vt 0.0400 0.0000
vt 0.0400 0.5500
vt 0.0000 0.5500
vt 0.0000 0.0000
vt 0.0000 0.0360
vt 0.0400 0.0360
vt 0.0400 0.0000
vt 0.0000 0.0000
vt 0.0000 0.0360
vt 0.0400 0.0360
vt 0.0400 0.0000
vt 0.0000 0.0000
vt 0.0000 0.0360
vt 0.5500 0.0360
vt 0.5500 0.0000
vt 0.0000 0.0000
vt 0.0000 0.0360
vt 0.5500 0.0360
vt 0.5500 0.0000
vt 0.0000 0.0000
vt 0.0400 0.0000
vt 0.0400 0.5500
vt 0.0000 0.5500
vt 0.0000 0.0000
vt 0.0400 0.0000
vt 0.0400 0.5500
vt 0.0000 0.5500
vt 0.0000 0.0000
vt 0.0000 0.0360
vt 0.0400 0.0360
vt 0.0400 0.0000
vt 0.0000 0.0000
vt 0.0000 0.0360
vt 0.0400 0.0360
vt 0.0400 0.0000
vt 0.0000 0.0000
vt 0.0000 0.0360
vt 0.5500 0.0360
vt 0.5500 0.0000
vt 0.0000 0.0000
vt 0.0000 0.0360
vt 0.5500 0.0360
vt 0.5500 0.0000
vt 0.0000 0.0000
vt 0.0400 0.0000
vt 0.0400 0.5500
vt 0.0000 0.5500
vt 0.0000 0.0000
vt 0.0400 0.0000
vt 0.0400 0.5500
vt 0.0000 0.5500
vt 0.0000 0.0000
vt 0.0000 0.0360
vt 0.0400 0.0360
vt 0.0400 0.0000
vt 0.0000 0.0000
vt 0.0000 0.0360
vt 0.0400 0.0360
vt 0.0400 0.0000
vt 0.0000 0.0000
vt 0.0000 0.0360
vt 0.5500 0.0360
vt 0.5500 0.0000
vt 0.0000 0.0000
vt 0.0000 0.0360
vt 0.5500 0.0360
vt 0.5500 0.0000
vt 0.0000 0.0000
vt 0.0400 0.0000
vt 0.0400 0.5500
vt 0.0000 0.5500
vt 0.0000 0.0000
vt 0.0400 0.0000
vt 0.0400 0.5500
vt 0.0000 0.5500
vt 0.0000 0.0000
vt 0.0000 0.0360
vt 0.0400 0.0360
vt 0.0400 0.0000
vt 0.0000 0.0000
vt 0.0000 0.0360
vt 0.0400 0.0360
vt 0.0400 0.0000
vt 0.0000 0.0000
vt 0.0000 0.0360
vt 0.5500 0.0360
vt 0.5500 0.0000
vt 0.0000 0.0000
vt 0.0000 0.0360
vt 0.5500 0.0360
vt 0.5500 0.0000
vt 0.0000 0.0000
vt 0.0400 0.0000
vt 0.0400 0.5500
vt 0.0000 0.5500
vt 0.0000 0.0000
vt 0.0400 0.0000
vt 0.0400 0.5500
vt 0.0000 0.5500
vt 0.0000 0.0000
vt 0.0000 0.0360
vt 0.0400 0.0360
vt 0.0400 0.0000
vt 0.0000 0.0000
vt 0.0000 0.0360
vt 0.0400 0.0360
vt 0.0400 0.0000
vt 0.0000 0.0000
vt 0.0000 0.0360
vt 0.5500 0.0360
vt 0.5500 0.0000
vt 0.0000 0.0000
vt 0.0000 0.0360
vt 0.5500 0.0360
vt 0.5500 0.0000
vt 0.0000 0.0000
vt 0.0400 0.0000
vt 0.0400 0.5500
vt 0.0000 0.5500
vt 0.0000 0.0000
vt 0.0400 0.0000
vt 0.0400 0.5500
vt 0.0000 0.5500
vt 0.0000 0.0000
vt 0.0000 0.0360
vt 0.0400 0.0360
vt 0.0400 0.0000
vt 0.0000 0.0000
vt 0.0000 0.0360
vt 0.0400 0.0360
vt 0.0400 0.0000
vt 0.0000 0.0000
vt 0.0000 0.0360
vt 0.5500 0.0360
vt 0.5500 0.0000
vt 0.0000 0.0000
vt 0.0000 0.0360
vt 0.5500 0.0360
vt 0.5500 0.0000

vn 0.0000 0.0000 1.0000
vn 0.0000 0.0000 1.0000
vn 0.0000 0.0000 1.0000
vn 0.0000 1.0000 0.0000
vn -1.0000 0.0000 0.0000
vn 0.0000 0.0000 1.0000
vn 0.0000 0.0000 1.0000
vn 0.0000 0.0000 1.0000
vn 0.0000 -1.0000 0.0000
vn 0.0000 -1.0000 0.0000
vn 0.0000 -1.0000 0.0000
vn 1.0000 0.0000 0.0000
vn 1.0000 0.0000 0.0000
vn 1.0000 0.0000 0.0000
vn 0.0000 1.0000 0.0000
vn -1.0000 0.0000 0.0000
vn -1.0000 0.0000 0.0000
vn 0.0000 1.0000 0.0000
vn 0.0000 0.0000 -1.0000
vn 0.0000 0.0000 -1.0000
vn -0.9808 -0.1951 0.0000
vn -0.8315 -0.5556 0.0000
vn -0.5556 -0.8315 0.0000
vn -0.1951 -0.9808 0.0000
vn 0.1951 -0.9808 0.0000
vn 0.5556 -0.8315 0.0000
vn 0.8315 -0.5556 0.0000
vn 0.9808 -0.1951 0.0000
vn 0.0000 0.0000 1.0000
vn 0.0000 0.0000 -1.0000
vn 0.0000 0.0000 1.0000
vn 0.0000 0.0000 -1.0000
vn 0.0000 0.0000 1.0000
vn 0.0000 0.0000 -1.0000
vn 0.0000 0.0000 1.0000
vn 0.0000 0.0000 -1.0000
vn 0.0000 0.0000 1.0000
vn 0.0000 0.0000 -1.0000
vn 0.0000 0.0000 1.0000
vn 0.0000 0.0000 -1.0000
vn 0.0000 0.0000 1.0000
vn 0.0000 0.0000 -1.0000
vn 0.0000 0.0000 1.0000
vn 0.0000 0.0000 -1.0000
vn -0.9808 -0.1951 0.0000
vn -0.8315 -0.5556 0.0000
vn -0.5556 -0.8315 0.0000
vn -0.1951 -0.9808 0.0000
vn 0.1951 -0.9808 0.0000
vn 0.5556 -0.8315 0.0000
vn 0.8315 -0.5556 0.0000
vn 0.9808 -0.1951 0.0000
vn 0.0000 0.0000 1.0000
vn 0.0000 0.0000 -1.0000
vn 0.0000 0.0000 1.0000
vn 0.0000 0.0000 -1.0000
vn 0.0000 0.0000 1.0000
vn 0.0000 0.0000 -1.0000
vn 0.0000 0.0000 1.0000
vn 0.0000 0.0000 -1.0000
vn 0.0000 0.0000 1.0000
vn 0.0000 0.0000 -1.0000
vn 0.0000 0.0000 1.0000
vn 0.0000 0.0000 -1.0000
vn 0.0000 0.0000 1.0000
vn 0.0000 0.0000 -1.0000
vn 0.0000 0.0000 1.0000
vn 0.0000 0.0000 -1.0000
vn -0.9808 -0.1951 0.0000
vn -0.8315 -0.5556 0.0000
vn -0.5556 -0.8315 0.0000
vn -0.1951 -0.9808 0.0000
vn 0.1951 -0.9808 0.0000
vn 0.5556 -0.8315 0.0000
vn 0.8315 -0.5556 0.0000
vn 0.9808 -0.1951 0.0000
vn 0.0000 0.0000 1.0000
vn 0.0000 0.0000 -1.0000
vn 0.0000 0.0000 1.0000
vn 0.0000 0.0000 -1.0000
vn 0.0000 0.0000 1.0000
vn 0.0000 0.0000 -1.0000
vn 0.0000 0.0000 1.0000
vn 0.0000 0.0000 -1.0000
vn 0.0000 0.0000 1.0000
vn 0.0000 0.0000 -1.0000
vn 0.0000 0.0000 1.0000
vn 0.0000 0.0000 -1.0000
vn 0.0000 0.0000 1.0000
vn 0.0000 0.0000 -1.0000
vn 0.0000 0.0000 1.0000
vn 0.0000 0.0000 -1.0000
vn -0.9808 -0.1951 0.0000
vn -0.8315 -0.5556 0.0000
vn -0.5556 -0.8315 0.0000
vn -0.1951 -0.9808 0.0000
vn 0.1951 -0.9808 0.0000
vn 0.5556 -0.8315 0.0000
vn 0.8315 -0.5556 0.0000
vn 0.9808 -0.1951 0.0000
vn 0.0000 0.0000 1.0000
vn 0.0000 0.0000 -1.0000
vn 0.0000 0.0000 1.0000
vn 0.0000 0.0000 -1.0000
vn 0.0000 0.0000 1.0000
vn 0.0000 0.0000 -1.0000
vn 0.0000 0.0000 1.0000
vn 0.0000 0.0000 -1.0000
vn 0.0000 0.0000 1.0000
vn 0.0000 0.0000 -1.0000
vn 0.0000 0.0000 1.0000
vn 0.0000 0.0000 -1.0000
vn 0.0000 0.0000 1.0000
vn 0.0000 0.0000 -1.0000
vn 0.0000 0.0000 1.0000
vn 0.0000 0.0000 -1.0000
vn 0.1951 -0.9808 0.0000
vn 0.5556 -0.8315 0.0000
vn 0.8315 -0.5556 0.0000
vn 0.9808 -0.1951 0.0000
vn 0.9808 0.1951 0.0000
vn 0.8315 0.5556 0.0000
vn 0.5556 0.8315 0.0000
vn 0.1951 0.9808 0.0000
vn 0.0000 0.0000 1.0000
vn 0.0000 0.0000 -1.0000
vn 0.0000 0.0000 1.0000
vn 0.0000 0.0000 -1.0000
vn 0.0000 0.0000 1.0000
vn 0.0000 0.0000 -1.0000
vn 0.0000 0.0000 1.0000
vn 0.0000 0.0000 -1.0000
vn 0.0000 0.0000 1.0000
vn 0.0000 0.0000 -1.0000
vn 0.0000 0.0000 1.0000
vn 0.0000 0.0000 -1.0000
vn 0.0000 0.0000 1.0000
vn 0.0000 0.0000 -1.0000
vn 0.0000 0.0000 1.0000
vn 0.0000 0.0000 -1.0000
vn 0.1951 -0.9808 0.0000
vn 0.5556 -0.8315 0.0000
vn 0.8315 -0.5556 0.0000
vn 0.9808 -0.1951 0.0000
vn 0.9808 0.1951 0.0000
vn 0.8315 0.5556 0.0000
vn 0.5556 0.8315 0.0000
vn 0.1951 0.9808 0.0000
vn 0.0000 0.0000 1.0000
vn 0.0000 0.0000 -1.0000
vn 0.0000 0.0000 1.0000
vn 0.0000 0.0000 -1.0000
vn 0.0000 0.0000 1.0000
vn 0.0000 0.0000 -1.0000
vn 0.0000 0.0000 1.0000
vn 0.0000 0.0000 -1.0000
vn 0.0000 0.0000 1.0000
vn 0.0000 0.0000 -1.0000
vn 0.0000 0.0000 1.0000
vn 0.0000 0.0000 -1.0000
vn 0.0000 0.0000 1.0000
vn 0.0000 0.0000 -1.0000
vn 0.0000 0.0000 1.0000
vn 0.0000 0.0000 -1.0000
vn 0.1951 -0.9808 0.0000
vn 0.5556 -0.8315 0.0000
vn 0.8315 -0.5556 0.0000
vn 0.9808 -0.1951 0.0000
vn 0.9808 0.1951 0.0000
vn 0.8315 0.5556 0.0000
vn 0.5556 0.8315 0.0000
vn 0.1951 0.9808 0.0000
vn 0.0000 0.0000 1.0000
vn 0.0000 0.0000 -1.0000
vn 0.0000 0.0000 1.0000
vn 0.0000 0.0000 -1.0000
vn 0.0000 0.0000 1.0000
vn 0.0000 0.0000 -1.0000
vn 0.0000 0.0000 1.0000
vn 0.0000 0.0000 -1.0000
vn 0.0000 0.0000 1.0000
vn 0.0000 0.0000 -1.0000
vn 0.0000 0.0000 1.0000
vn 0.0000 0.0000 -1.0000
vn 0.0000 0.0000 1.0000
vn 0.0000 0.0000 -1.0000
vn 0.0000 0.0000 1.0000
vn 0.0000 0.0000 -1.0000
vn 0.9659 0.2588 0.0000
vn 0.7071 0.7071 0.0000
vn 0.2588 0.9659 0.0000
vn -0.2588 0.9659 0.0000
vn -0.7071 0.7071 0.0000
vn -0.9659 0.2588 0.0000
vn -0.9659 -0.2588 0.0000
vn -0.7071 -0.7071 0.0000
vn -0.2588 -0.9659 0.0000
vn 0.2588 -0.9659 0.0000
vn 0.7071 -0.7071 0.0000
vn -0.9659 0.2588 0.0000
vn 0.0000 0.0000 1.0000
vn 0.0000 0.0000 -1.0000
vn 0.0000 0.0000 1.0000
vn 0.0000 0.0000 -1.0000
vn 0.0000 0.0000 1.0000
vn 0.0000 0.0000 -1.0000
vn 0.0000 0.0000 1.0000
vn 0.0000 0.0000 -1.0000
vn 0.0000 0.0000 1.0000
vn 0.0000 0.0000 -1.0000
vn 0.0000 0.0000 1.0000
vn 0.0000 0.0000 -1.0000
vn 0.0000 0.0000 1.0000
vn 0.0000 0.0000 -1.0000
vn 0.0000 0.0000 1.0000
vn 0.0000 0.0000 -1.0000
vn 0.0000 0.0000 1.0000
vn 0.0000 0.0000 -1.0000
vn 0.0000 0.0000 1.0000
vn 0.0000 0.0000 -1.0000
vn 0.0000 0.0000 1.0000
vn 0.0000 0.0000 -1.0000
vn 0.0000 0.0000 1.0000
vn 0.0000 0.0000 -1.0000
vn 0.9659 0.2588 0.0000
vn 0.7071 0.7071 0.0000
vn 0.2588 0.9659 0.0000
vn -0.2588 0.9659 0.0000
vn -0.7071 0.7071 0.0000
vn -0.9659 0.2588 0.0000
vn -0.9659 -0.2588 0.0000
vn -0.7071 -0.7071 0.0000
vn -0.2588 -0.9659 0.0000
vn 0.2588 -0.9659 0.0000
vn 0.7071 -0.7071 0.0000
vn -0.9659 0.2588 0.0000
vn 0.9659 0.2588 0.0000
vn 0.7071 0.7071 0.0000
vn 0.2588 0.9659 0.0000
vn -0.2588 0.9659 0.0000
vn -0.7071 0.7071 0.0000
vn -0.9659 0.2588 0.0000
vn -0.9659 -0.2588 0.0000
vn -0.7071 -0.7071 0.0000
vn -0.2588 -0.9659 0.0000
vn 0.2588 -0.9659 0.0000
vn 0.7071 -0.7071 0.0000
vn -0.9659 0.2588 0.0000
vn 0.0000 0.0000 1.0000
vn 0.0000 0.0000 -1.0000
vn 0.0000 0.0000 1.0000
vn 0.0000 0.0000 -1.0000
vn 0.0000 0.0000 1.0000
vn 0.0000 0.0000 -1.0000
vn 0.0000 0.0000 1.0000
vn 0.0000 0.0000 -1.0000
vn 0.0000 0.0000 1.0000
vn 0.0000 0.0000 -1.0000
vn 0.0000 0.0000 1.0000
vn 0.0000 0.0000 -1.0000
vn 0.0000 0.0000 1.0000
vn 0.0000 0.0000 -1.0000
vn 0.0000 0.0000 1.0000
vn 0.0000 0.0000 -1.0000
vn 0.0000 0.0000 1.0000
vn 0.0000 0.0000 -1.0000
vn 0.0000 0.0000 1.0000
vn 0.0000 0.0000 -1.0000
vn 0.0000 0.0000 1.0000
vn 0.0000 0.0000 -1.0000
vn 0.0000 0.0000 1.0000
vn 0.0000 0.0000 -1.0000
vn 0.0000 0.0000 1.0000
vn 0.0000 0.0000 -1.0000
vn 0.0000 1.0000 0.0000
vn 0.0000 -1.0000 0.0000
vn -1.0000 0.0000 0.0000
vn 1.0000 0.0000 0.0000
vn 0.9659 0.2588 0.0000
vn 0.7071 0.7071 0.0000
vn 0.2588 0.9659 0.0000
vn -0.2588 0.9659 0.0000
vn -0.7071 0.7071 0.0000
vn -0.9659 0.2588 0.0000
vn -0.9659 -0.2588 0.0000
vn -0.7071 -0.7071 0.0000
vn -0.2588 -0.9659 0.0000
vn 0.2588 -0.9659 0.0000
vn 0.7071 -0.7071 0.0000
vn -0.9659 0.2588 0.0000
vn 0.0000 0.0000 1.0000
vn 0.0000 0.0000 -1.0000
vn 0.0000 0.0000 1.0000
vn 0.0000 0.0000 -1.0000
vn 0.0000 0.0000 1.0000
vn 0.0000 0.0000 -1.0000
vn 0.0000 0.0000 1.0000
vn 0.0000 0.0000 -1.0000
vn 0.0000 0.0000 1.0000
vn 0.0000 0.0000 -1.0000
vn 0.0000 0.0000 1.0000
vn 0.0000 0.0000 -1.0000
vn 0.0000 0.0000 1.0000
vn 0.0000 0.0000 -1.0000
vn 0.0000 0.0000 1.0000
vn 0.0000 0.0000 -1.0000
vn 0.0000 0.0000 1.0000
vn 0.0000 0.0000 -1.0000
vn 0.0000 0.0000 1.0000
vn 0.0000 0.0000 -1.0000
vn 0.0000 0.0000 1.0000
vn 0.0000 0.0000 -1.0000
vn 0.0000 0.0000 1.0000
vn 0.0000 0.0000 -1.0000
vn 0.9659 0.2588 0.0000
vn 0.7071 0.7071 0.0000
vn 0.2588 0.9659 0.0000
vn -0.2588 0.9659 0.0000
vn -0.7071 0.7071 0.0000
vn -0.9659 0.2588 0.0000
vn -0.9659 -0.2588 0.0000
vn -0.7071 -0.7071 0.0000
vn -0.2588 -0.9659 0.0000
vn 0.2588 -0.9659 0.0000
vn 0.7071 -0.7071 0.0000
vn -0.9659 0.2588 0.0000
vn 0.9659 0.2588 0.0000
vn 0.7071 0.7071 0.0000
vn 0.2588 0.9659 0.0000
vn -0.2588 0.9659 0.0000
vn -0.7071 0.7071 0.0000
vn -0.9659 0.2588 0.0000
vn -0.9659 -0.2588 0.0000
vn -0.7071 -0.7071 0.0000
vn -0.2588 -0.9659 0.0000
vn 0.2588 -0.9659 0.0000
vn 0.7071 -0.7071 0.0000
vn -0.9659 0.2588 0.0000
vn 0.0000 0.0000 1.0000
vn 0.0000 0.0000 -1.0000
vn 0.0000 0.0000 1.0000
vn 0.0000 0.0000 -1.0000
vn 0.0000 0.0000 1.0000
vn 0.0000 0.0000 -1.0000
vn 0.0000 0.0000 1.0000
vn 0.0000 0.0000 -1.0000
vn 0.0000 0.0000 1.0000
vn 0.0000 0.0000 -1.0000
vn 0.0000 0.0000 1.0000
vn 0.0000 0.0000 -1.0000
vn 0.0000 0.0000 1.0000
vn 0.0000 0.0000 -1.0000
vn 0.0000 0.0000 1.0000
vn 0.0000 0.0000 -1.0000
vn 0.0000 0.0000 1.0000
vn 0.0000 0.0000 -1.0000
vn 0.0000 0.0000 1.0000
vn 0.0000 0.0000 -1.0000
vn 0.0000 0.0000 1.0000
vn 0.0000 0.0000 -1.0000
vn 0.0000 0.0000 1.0000
vn 0.0000 0.0000 -1.0000
vn 0.0000 0.0000 1.0000
vn 0.0000 0.0000 -1.0000
vn 0.0000 1.0000 0.0000
vn 0.0000 -1.0000 0.0000
vn -1.0000 0.0000 0.0000
vn 1.0000 0.0000 0.0000
vn 0.9659 0.2588 0.0000
vn 0.7071 0.7071 0.0000
vn 0.2588 0.9659 0.0000
vn -0.2588 0.9659 0.0000
vn -0.7071 0.7071 0.0000
vn -0.9659 0.2588 0.0000
vn -0.9659 -0.2588 0.0000
vn -0.7071 -0.7071 0.0000
vn -0.2588 -0.9659 0.0000
vn 0.2588 -0.9659 0.0000
vn 0.7071 -0.7071 0.0000
vn -0.9659 0.2588 0.0000
vn 0.0000 0.0000 1.0000
vn 0.0000 0.0000 -1.0000
vn 0.0000 0.0000 1.0000
vn 0.0000 0.0000 -1.0000
vn 0.0000 0.0000 1.0000
vn 0.0000 0.0000 -1.0000
vn 0.0000 0.0000 1.0000
vn 0.0000 0.0000 -1.0000
vn 0.0000 0.0000 1.0000
vn 0.0000 0.0000 -1.0000
vn 0.0000 0.0000 1.0000
vn 0.0000 0.0000 -1.0000
vn 0.0000 0.0000 1.0000
vn 0.0000 0.0000 -1.0000
vn 0.0000 0.0000 1.0000
vn 0.0000 0.0000 -1.0000
vn 0.0000 0.0000 1.0000
vn 0.0000 0.0000 -1.0000
vn 0.0000 0.0000 1.0000
vn 0.0000 0.0000 -1.0000
vn 0.0000 0.0000 1.0000
vn 0.0000 0.0000 -1.0000
vn 0.0000 0.0000 1.0000
vn 0.0000 0.0000 -1.0000
vn 0.9659 0.2588 0.0000
vn 0.7071 0.7071 0.0000
vn 0.2588 0.9659 0.0000
vn -0.2588 0.9659 0.0000
vn -0.7071 0.7071 0.0000
vn -0.9659 0.2588 0.0000
vn -0.9659 -0.2588 0.0000
vn -0.7071 -0.7071 0.0000
vn -0.2588 -0.9659 0.0000
vn 0.2588 -0.9659 0.0000
vn 0.7071 -0.7071 0.0000
vn -0.9659 0.2588 0.0000
vn 0.9659 0.2588 0.0000
vn 0.7071 0.7071 0.0000
vn 0.2588 0.9659 0.0000
vn -0.2588 0.9659 0.0000
vn -0.7071 0.7071 0.0000
vn -0.9659 0.2588 0.0000
vn -0.9659 -0.2588 0.0000
vn -0.7071 -0.7071 0.0000
vn -0.2588 -0.9659 0.0000
vn 0.2588 -0.9659 0.0000
vn 0.7071 -0.7071 0.0000
vn -0.9659 0.2588 0.0000
vn 0.0000 0.0000 1.0000
vn 0.0000 0.0000 -1.0000
vn 0.0000 0.0000 1.0000
vn 0.0000 0.0000 -1.0000
vn 0.0000 0.0000 1.0000
vn 0.0000 0.0000 -1.0000
vn 0.0000 0.0000 1.0000
vn 0.0000 0.0000 -1.0000
vn 0.0000 0.0000 1.0000
vn 0.0000 0.0000 -1.0000
vn 0.0000 0.0000 1.0000
vn 0.0000 0.0000 -1.0000
vn 0.0000 0.0000 1.0000
vn 0.0000 0.0000 -1.0000
vn 0.0000 0.0000 1.0000
vn 0.0000 0.0000 -1.0000
vn 0.0000 0.0000 1.0000
vn 0.0000 0.0000 -1.0000
vn 0.0000 0.0000 1.0000
vn 0.0000 0.0000 -1.0000
vn 0.0000 0.0000 1.0000
vn 0.0000 0.0000 -1.0000
vn 0.0000 0.0000 1.0000
vn 0.0000 0.0000 -1.0000
vn 0.0000 0.0000 1.0000
vn 0.0000 0.0000 -1.0000
vn 0.0000 1.0000 0.0000
vn 0.0000 -1.0000 0.0000
vn -1.0000 0.0000 0.0000
vn 1.0000 0.0000 0.0000
vn 0.9659 0.2588 0.0000
vn 0.7071 0.7071 0.0000
vn 0.2588 0.9659 0.0000
vn -0.2588 0.9659 0.0000
vn -0.7071 0.7071 0.0000
vn -0.9659 0.2588 0.0000
vn -0.9659 -0.2588 0.0000
vn -0.7071 -0.7071 0.0000
vn -0.2588 -0.9659 0.0000
vn 0.2588 -0.9659 0.0000
vn 0.7071 -0.7071 0.0000
vn -0.9659 0.2588 0.0000
vn 0.0000 0.0000 1.0000
vn 0.0000 0.0000 -1.0000
vn 0.0000 0.0000 1.0000
vn 0.0000 0.0000 -1.0000
vn 0.0000 0.0000 1.0000
vn 0.0000 0.0000 -1.0000
vn 0.0000 0.0000 1.0000
vn 0.0000 0.0000 -1.0000
vn 0.0000 0.0000 1.0000
vn 0.0000 0.0000 -1.0000
vn 0.0000 0.0000 1.0000
vn 0.0000 0.0000 -1.0000
vn 0.0000 0.0000 1.0000
vn 0.0000 0.0000 -1.0000
vn 0.0000 0.0000 1.0000
vn 0.0000 0.0000 -1.0000
vn 0.0000 0.0000 1.0000
vn 0.0000 0.0000 -1.0000
vn 0.0000 0.0000 1.0000
vn 0.0000 0.0000 -1.0000
vn 0.0000 0.0000 1.0000
vn 0.0000 0.0000 -1.0000
vn 0.0000 0.0000 1.0000
vn 0.0000 0.0000 -1.0000
vn 0.9659 0.2588 0.0000
vn 0.7071 0.7071 0.0000
vn 0.2588 0.9659 0.0000
vn -0.2588 0.9659 0.0000
vn -0.7071 0.7071 0.0000
vn -0.9659 0.2588 0.0000
vn -0.9659 -0.2588 0.0000
vn -0.7071 -0.7071 0.0000
vn -0.2588 -0.9659 0.0000
vn 0.2588 -0.9659 0.0000
vn 0.7071 -0.7071 0.0000
vn -0.9659 0.2588 0.0000
vn 0.9659 0.2588 0.0000
vn 0.7071 0.7071 0.0000
vn 0.2588 0.9659 0.0000
vn -0.2588 0.9659 0.0000
vn -0.7071 0.7071 0.0000
vn -0.9659 0.2588 0.0000
vn -0.9659 -0.2588 0.0000
vn -0.7071 -0.7071 0.0000
vn -0.2588 -0.9659 0.0000
vn 0.2588 -0.9659 0.0000
vn 0.7071 -0.7071 0.0000
vn -0.9659 0.2588 0.0000
vn 0.0000 0.0000 1.0000
vn 0.0000 0.0000 -1.0000
vn 0.0000 0.0000 1.0000
vn 0.0000 0.0000 -1.0000
vn 0.0000 0.0000 1.0000
vn 0.0000 0.0000 -1.0000
vn 0.0000 0.0000 1.0000
vn 0.0000 0.0000 -1.0000
vn 0.0000 0.0000 1.0000
vn 0.0000 0.0000 -1.0000
vn 0.0000 0.0000 1.0000
vn 0.0000 0.0000 -1.0000
vn 0.0000 0.0000 1.0000
vn 0.0000 0.0000 -1.0000
vn 0.0000 0.0000 1.0000
vn 0.0000 0.0000 -1.0000
vn 0.0000 0.0000 1.0000
vn 0.0000 0.0000 -1.0000
vn 0.0000 0.0000 1.0000
vn 0.0000 0.0000 -1.0000
vn 0.0000 0.0000 1.0000
vn 0.0000 0.0000 -1.0000
vn 0.0000 0.0000 1.0000
vn 0.0000 0.0000 -1.0000
vn 0.0000 0.0000 1.0000
vn 0.0000 0.0000 -1.0000
vn 0.0000 1.0000 0.0000
vn 0.0000 -1.0000 0.0000
vn -1.0000 0.0000 0.0000
vn 1.0000 0.0000 0.0000
vn 0.9659 0.2588 0.0000
vn 0.7071 0.7071 0.0000
vn 0.2588 0.9659 0.0000
vn -0.2588 0.9659 0.0000
vn -0.7071 0.7071 0.0000
vn -0.9659 0.2588 0.0000
vn -0.9659 -0.2588 0.0000
vn -0.7071 -0.7071 0.0000
vn -0.2588 -0.9659 0.0000
vn 0.2588 -0.9659 0.0000
vn 0.7071 -0.7071 0.0000
vn -0.9659 0.2588 0.0000
vn 0.0000 0.0000 1.0000
vn 0.0000 0.0000 -1.0000
vn 0.0000 0.0000 1.0000
vn 0.0000 0.0000 -1.0000
vn 0.0000 0.0000 1.0000
vn 0.0000 0.0000 -1.0000
vn 0.0000 0.0000 1.0000
vn 0.0000 0.0000 -1.0000
vn 0.0000 0.0000 1.0000
vn 0.0000 0.0000 -1.0000
vn 0.0000 0.0000 1.0000
vn 0.0000 0.0000 -1.0000
vn 0.0000 0.0000 1.0000
vn 0.0000 0.0000 -1.0000
vn 0.0000 0.0000 1.0000
vn 0.0000 0.0000 -1.0000
vn 0.0000 0.0000 1.0000
vn 0.0000 0.0000 -1.0000
vn 0.0000 0.0000 1.0000
vn 0.0000 0.0000 -1.0000
vn 0.0000 0.0000 1.0000
vn 0.0000 0.0000 -1.0000
vn 0.0000 0.0000 1.0000
vn 0.0000 0.0000 -1.0000
vn 0.9659 0.2588 0.0000
vn 0.7071 0.7071 0.0000
vn 0.2588 0.9659 0.0000
vn -0.2588 0.9659 0.0000
vn -0.7071 0.7071 0.0000
vn -0.9659 0.2588 0.0000
vn -0.9659 -0.2588 0.0000
vn -0.7071 -0.7071 0.0000
vn -0.2588 -0.9659 0.0000
vn 0.2588 -0.9659 0.0000
vn 0.7071 -0.7071 0.0000
vn -0.9659 0.2588 0.0000
vn 0.9659 0.2588 0.0000
vn 0.7071 0.7071 0.0000
vn 0.2588 0.9659 0.0000
vn -0.2588 0.9659 0.0000
vn -0.7071 0.7071 0.0000
vn -0.9659 0.2588 0.0000
vn -0.9659 -0.2588 0.0000
vn -0.7071 -0.7071 0.0000
vn -0.2588 -0.9659 0.0000
vn 0.2588 -0.9659 0.0000
vn 0.7071 -0.7071 0.0000
vn -0.9659 0.2588 0.0000
vn 0.0000 0.0000 1.0000
vn 0.0000 0.0000 -1.0000
vn 0.0000 0.0000 1.0000
vn 0.0000 0.0000 -1.0000
vn 0.0000 0.0000 1.0000
vn 0.0000 0.0000 -1.0000
vn 0.0000 0.0000 1.0000
vn 0.0000 0.0000 -1.0000
vn 0.0000 0.0000 1.0000
vn 0.0000 0.0000 -1.0000
vn 0.0000 0.0000 1.0000
vn 0.0000 0.0000 -1.0000
vn 0.0000 0.0000 1.0000
vn 0.0000 0.0000 -1.0000
vn 0.0000 0.0000 1.0000
vn 0.0000 0.0000 -1.0000
vn 0.0000 0.0000 1.0000
vn 0.0000 0.0000 -1.0000
vn 0.0000 0.0000 1.0000
vn 0.0000 0.0000 -1.0000
vn 0.0000 0.0000 1.0000
vn 0.0000 0.0000 -1.0000
vn 0.0000 0.0000 1.0000
vn 0.0000 0.0000 -1.0000
vn 0.0000 0.0000 1.0000
vn 0.0000 0.0000 -1.0000
vn 0.0000 1.0000 0.0000
vn 0.0000 -1.0000 0.0000
vn -1.0000 0.0000 0.0000
vn 1.0000 0.0000 0.0000
vn 0.9659 0.2588 0.0000
vn 0.7071 0.7071 0.0000
vn 0.2588 0.9659 0.0000
vn -0.2588 0.9659 0.0000
vn -0.7071 0.7071 0.0000
vn -0.9659 0.2588 0.0000
vn -0.9659 -0.2588 0.0000
vn -0.7071 -0.7071 0.0000
vn -0.2588 -0.9659 0.0000
vn 0.2588 -0.9659 0.0000
vn 0.7071 -0.7071 0.0000
vn -0.9659 0.2588 0.0000
vn 0.0000 0.0000 1.0000
vn 0.0000 0.0000 -1.0000
vn 0.0000 0.0000 1.0000
vn 0.0000 0.0000 -1.0000
vn 0.0000 0.0000 1.0000
vn 0.0000 0.0000 -1.0000
vn 0.0000 0.0000 1.0000
vn 0.0000 0.0000 -1.0000
vn 0.0000 0.0000 1.0000
vn 0.0000 0.0000 -1.0000
vn 0.0000 0.0000 1.0000
vn 0.0000 0.0000 -1.0000
vn 0.0000 0.0000 1.0000
vn 0.0000 0.0000 -1.0000
vn 0.0000 0.0000 1.0000
vn 0.0000 0.0000 -1.0000
vn 0.0000 0.0000 1.0000
vn 0.0000 0.0000 -1.0000
vn 0.0000 0.0000 1.0000
vn 0.0000 0.0000 -1.0000
vn 0.0000 0.0000 1.0000
vn 0.0000 0.0000 -1.0000
vn 0.0000 0.0000 1.0000
vn 0.0000 0.0000 -1.0000
vn 0.9659 0.2588 0.0000
vn 0.7071 0.7071 0.0000
vn 0.2588 0.9659 0.0000
vn -0.2588 0.9659 0.0000
vn -0.7071 0.7071 0.0000
vn -0.9659 0.2588 0.0000
vn -0.9659 -0.2588 0.0000
vn -0.7071 -0.7071 0.0000
vn -0.2588 -0.9659 0.0000
vn 0.2588 -0.9659 0.0000
vn 0.7071 -0.7071 0.0000
vn -0.9659 0.2588 0.0000
vn 0.9659 0.2588 0.0000
vn 0.7071 0.7071 0.0000
vn 0.2588 0.9659 0.0000
vn -0.2588 0.9659 0.0000
vn -0.7071 0.7071 0.0000
vn -0.9659 0.2588 0.0000
vn -0.9659 -0.2588 0.0000
vn -0.7071 -0.7071 0.0000
vn -0.2588 -0.9659 0.0000
vn 0.2588 -0.9659 0.0000
vn 0.7071 -0.7071 0.0000
vn -0.9659 0.2588 0.0000
vn 0.0000 0.0000 1.0000
vn 0.0000 0.0000 -1.0000
vn 0.0000 0.0000 1.0000
vn 0.0000 0.0000 -1.0000
vn 0.0000 0.0000 1.0000
vn 0.0000 0.0000 -1.0000
vn 0.0000 0.0000 1.0000
vn 0.0000 0.0000 -1.0000
vn 0.0000 0.0000 1.0000
vn 0.0000 0.0000 -1.0000
vn 0.0000 0.0000 1.0000
vn 0.0000 0.0000 -1.0000
vn 0.0000 0.0000 1.0000
vn 0.0000 0.0000 -1.0000
vn 0.0000 0.0000 1.0000
vn 0.0000 0.0000 -1.0000
vn 0.0000 0.0000 1.0000
vn 0.0000 0.0000 -1.0000
vn 0.0000 0.0000 1.0000
vn 0.0000 0.0000 -1.0000
vn 0.0000 0.0000 1.0000
vn 0.0000 0.0000 -1.0000
vn 0.0000 0.0000 1.0000
vn 0.0000 0.0000 -1.0000
vn 0.0000 0.0000 1.0000
vn 0.0000 0.0000 -1.0000
vn 0.0000 1.0000 0.0000
vn 0.0000 -1.0000 0.0000
vn -1.0000 0.0000 0.0000
vn 1.0000 0.0000 0.0000
vn 0.9659 0.2588 0.0000
vn 0.7071 0.7071 0.0000
vn 0.2588 0.9659 0.0000
vn -0.2588 0.9659 0.0000
vn -0.7071 0.7071 0.0000
vn -0.9659 0.2588 0.0000
vn -0.9659 -0.2588 0.0000
vn -0.7071 -0.7071 0.0000
vn -0.2588 -0.9659 0.0000
vn 0.2588 -0.9659 0.0000
vn 0.7071 -0.7071 0.0000
vn -0.9659 0.2588 0.0000
vn 0.0000 0.0000 1.0000
vn 0.0000 0.0000 -1.0000
vn 0.0000 0.0000 1.0000
vn 0.0000 0.0000 -1.0000
vn 0.0000 0.0000 1.0000
vn 0.0000 0.0000 -1.0000
vn 0.0000 0.0000 1.0000
vn 0.0000 0.0000 -1.0000
vn 0.0000 0.0000 1.0000
vn 0.0000 0.0000 -1.0000
vn 0.0000 0.0000 1.0000
vn 0.0000 0.0000 -1.0000
vn 0.0000 0.0000 1.0000
vn 0.0000 0.0000 -1.0000
vn 0.0000 0.0000 1.0000
vn 0.0000 0.0000 -1.0000
vn 0.0000 0.0000 1.0000
vn 0.0000 0.0000 -1.0000
vn 0.0000 0.0000 1.0000
vn 0.0000 0.0000 -1.0000
vn 0.0000 0.0000 1.0000
vn 0.0000 0.0000 -1.0000
vn 0.0000 0.0000 1.0000
vn 0.0000 0.0000 -1.0000
vn 0.9659 0.2588 0.0000
vn 0.7071 0.7071 0.0000
vn 0.2588 0.9659 0.0000
vn -0.2588 0.9659 0.0000
vn -0.7071 0.7071 0.0000
vn -0.9659 0.2588 0.0000
vn -0.9659 -0.2588 0.0000
vn -0.7071 -0.7071 0.0000
vn -0.2588 -0.9659 0.0000
vn 0.2588 -0.9659 0.0000
vn 0.7071 -0.7071 0.0000
vn -0.9659 0.2588 0.0000
vn 0.9659 0.2588 0.0000
vn 0.7071 0.7071 0.0000
vn 0.2588 0.9659 0.0000
vn -0.2588 0.9659 0.0000
vn -0.7071 0.7071 0.0000
vn -0.9659 0.2588 0.0000
vn -0.9659 -0.2588 0.0000
vn -0.7071 -0.7071 0.0000
vn -0.2588 -0.9659 0.0000
vn 0.2588 -0.9659 0.0000
vn 0.7071 -0.7071 0.0000
vn -0.9659 0.2588 0.0000
vn 0.0000 0.0000 1.0000
vn 0.0000 0.0000 -1.0000
vn 0.0000 0.0000 1.0000
vn 0.0000 0.0000 -1.0000
vn 0.0000 0.0000 1.0000
vn 0.0000 0.0000 -1.0000
vn 0.0000 0.0000 1.0000
vn 0.0000 0.0000 -1.0000
vn 0.0000 0.0000 1.0000
vn 0.0000 0.0000 -1.0000
vn 0.0000 0.0000 1.0000
vn 0.0000 0.0000 -1.0000
vn 0.0000 0.0000 1.0000
vn 0.0000 0.0000 -1.0000
vn 0.0000 0.0000 1.0000
vn 0.0000 0.0000 -1.0000
vn 0.0000 0.0000 1.0000
vn 0.0000 0.0000 -1.0000
vn 0.0000 0.0000 1.0000
vn 0.0000 0.0000 -1.0000
vn 0.0000 0.0000 1.0000
vn 0.0000 0.0000 -1.0000
vn 0.0000 0.0000 1.0000
vn 0.0000 0.0000 -1.0000
vn 0.0000 0.0000 1.0000
vn 0.0000 0.0000 -1.0000
vn 0.0000 1.0000 0.0000
vn 0.0000 -1.0000 0.0000
vn -1.0000 0.0000 0.0000
vn 1.0000 0.0000 0.0000
vn 0.0000 0.0000 1.0000
vn 0.0000 0.0000 -1.0000
vn 0.0000 1.0000 0.0000
vn 0.0000 -1.0000 0.0000
vn -1.0000 0.0000 0.0000
vn 1.0000 0.0000 0.0000
vn 0.0000 0.0000 1.0000
vn 0.0000 0.0000 -1.0000
vn 0.0000 1.0000 0.0000
vn 0.0000 -1.0000 0.0000
vn -1.0000 0.0000 0.0000
vn 1.0000 0.0000 0.0000
vn 0.0000 0.0000 1.0000
vn 0.0000 0.0000 -1.0000
vn 0.0000 1.0000 0.0000
vn 0.0000 -1.0000 0.0000
vn -1.0000 0.0000 0.0000
vn 1.0000 0.0000 0.0000
vn 0.0000 0.0000 1.0000
vn 0.0000 0.0000 -1.0000
vn 0.0000 1.0000 0.0000
vn 0.0000 -1.0000 0.0000
vn -1.0000 0.0000 0.0000
vn 1.0000 0.0000 0.0000
vn 0.0000 0.0000 1.0000
vn 0.0000 0.0000 -1.0000
vn 0.0000 1.0000 0.0000
vn 0.0000 -1.0000 0.0000
vn -1.0000 0.0000 0.0000
vn 1.0000 0.0000 0.0000
vn 0.0000 0.0000 1.0000
vn 0.0000 0.0000 -1.0000
vn 0.0000 1.0000 0.0000
vn 0.0000 -1.0000 0.0000
vn -1.0000 0.0000 0.0000
vn 1.0000 0.0000 0.0000
vn 0.0000 0.0000 1.0000
vn 0.0000 0.0000 -1.0000
vn 0.0000 1.0000 0.0000
vn 0.0000 -1.0000 0.0000
vn -1.0000 0.0000 0.0000
vn 1.0000 0.0000 0.0000
vn 0.0000 0.0000 1.0000
vn 0.0000 0.0000 -1.0000
vn 0.0000 1.0000 0.0000
vn 0.0000 -1.0000 0.0000
vn -1.0000 0.0000 0.0000
vn 1.0000 0.0000 0.0000
vn 0.0000 0.0000 1.0000
vn 0.0000 0.0000 -1.0000
vn 0.0000 1.0000 0.0000
vn 0.0000 -1.0000 0.0000
vn -1.0000 0.0000 0.0000
vn 1.0000 0.0000 0.0000
vn 0.0000 0.0000 1.0000
vn 0.0000 0.0000 -1.0000
vn 0.0000 1.0000 0.0000
vn 0.0000 -1.0000 0.0000
vn -1.0000 0.0000 0.0000
vn 1.0000 0.0000 0.0000
vn 0.0000 0.0000 1.0000
vn 0.0000 0.0000 -1.0000
vn 0.0000 1.0000 0.0000
vn 0.0000 -1.0000 0.0000
vn -1.0000 0.0000 0.0000
vn 1.0000 0.0000 0.0000
vn 0.0000 0.0000 1.0000
vn 0.0000 0.0000 -1.0000
vn 0.0000 1.0000 0.0000
vn 0.0000 -1.0000 0.0000
vn -1.0000 0.0000 0.0000
vn 1.0000 0.0000 0.0000
vn 0.0000 0.0000 1.0000
vn 0.0000 0.0000 -1.0000
vn 0.0000 1.0000 0.0000
vn 0.0000 -1.0000 0.0000
vn -1.0000 0.0000 0.0000
vn 1.0000 0.0000 0.0000
vn 0.0000 0.0000 1.0000
vn 0.0000 0.0000 -1.0000
vn 0.0000 1.0000 0.0000
vn 0.0000 -1.0000 0.0000
vn -1.0000 0.0000 0.0000
vn 1.0000 0.0000 0.0000
vn 0.0000 0.0000 1.0000
vn 0.0000 0.0000 -1.0000
vn 0.0000 1.0000 0.0000
vn 0.0000 -1.0000 0.0000
vn -1.0000 0.0000 0.0000
vn 1.0000 0.0000 0.0000
vn 0.0000 0.0000 1.0000
vn 0.0000 0.0000 -1.0000
vn 0.0000 1.0000 0.0000
vn 0.0000 -1.0000 0.0000
vn -1.0000 0.0000 0.0000
vn 1.0000 0.0000 0.0000
vn 0.0000 0.0000 1.0000
vn 0.0000 0.0000 -1.0000
vn 0.0000 1.0000 0.0000
vn 0.0000 -1.0000 0.0000
vn -1.0000 0.0000 0.0000
vn 1.0000 0.0000 0.0000
vn 0.0000 0.0000 1.0000
vn 0.0000 0.0000 -1.0000
vn 0.0000 1.0000 0.0000
vn 0.0000 -1.0000 0.0000
vn -1.0000 0.0000 0.0000
vn 1.0000 0.0000 0.0000
vn 0.0000 0.0000 1.0000
vn 0.0000 0.0000 -1.0000
vn 0.0000 1.0000 0.0000
vn 0.0000 -1.0000 0.0000
vn -1.0000 0.0000 0.0000
vn 1.0000 0.0000 0.0000
vn 0.0000 0.0000 1.0000
vn 0.0000 0.0000 -1.0000
vn 0.0000 1.0000 0.0000
vn 0.0000 -1.0000 0.0000
vn -1.0000 0.0000 0.0000
vn 1.0000 0.0000 0.0000
vn 0.0000 0.0000 1.0000
vn 0.0000 0.0000 -1.0000
vn 0.0000 1.0000 0.0000
vn 0.0000 -1.0000 0.0000
vn -1.0000 0.0000 0.0000
vn 1.0000 0.0000 0.0000
vn 0.0000 0.0000 1.0000
vn 0.0000 0.0000 -1.0000
vn 0.0000 1.0000 0.0000
vn 0.0000 -1.0000 0.0000
vn -1.0000 0.0000 0.0000
vn 1.0000 0.0000 0.0000
vn 0.0000 0.0000 1.0000
vn 0.0000 0.0000 -1.0000
vn 0.0000 1.0000 0.0000
vn 0.0000 -1.0000 0.0000
vn -1.0000 0.0000 0.0000
vn 1.0000 0.0000 0.0000
vn 0.0000 0.0000 1.0000
vn 0.0000 0.0000 -1.0000
vn 0.0000 1.0000 0.0000
vn 0.0000 -1.0000 0.0000
vn -1.0000 0.0000 0.0000
vn 1.0000 0.0000 0.0000

usemtl Quay_Curb
f 1/1/1 2/2/1 3/3/1
f 1/1/1 3/3/1 4/4/1
f 5/5/2 6/6/2 7/7/2
f 5/5/2 7/7/2 8/8/2
f 9/9/3 10/10/3 11/11/3
f 9/9/3 11/11/3 12/12/3
f 13/13/4 14/14/4 15/15/4
f 13/13/4 15/15/4 16/16/4
f 17/17/5 18/18/5 19/19/5
f 17/17/5 19/19/5 20/20/5
usemtl Quay_Deck
f 21/21/6 22/22/6 23/23/6
f 21/21/6 23/23/6 24/24/6
f 25/25/7 26/26/7 27/27/7
f 25/25/7 27/27/7 28/28/7
f 29/29/8 30/30/8 31/31/8
f 29/29/8 31/31/8 32/32/8
usemtl Quay_Wall_Upper
f 33/33/9 34/34/9 35/35/9
f 33/33/9 35/35/9 36/36/9
usemtl Quay_Wall_Tidal
f 37/37/10 38/38/10 39/39/10
f 37/37/10 39/39/10 40/40/10
usemtl Quay_Wall_Submerged
f 41/41/11 42/42/11 43/43/11
f 41/41/11 43/43/11 44/44/11
usemtl Quay_Wall_Upper
f 45/45/12 46/46/12 47/47/12
f 45/45/12 47/47/12 48/48/12
usemtl Quay_Wall_Tidal
f 49/49/13 50/50/13 51/51/13
f 49/49/13 51/51/13 52/52/13
usemtl Quay_Wall_Submerged
f 53/53/14 54/54/14 55/55/14
f 53/53/14 55/55/14 56/56/14
f 57/57/15 58/58/15 59/59/15
f 57/57/15 59/59/15 60/60/15
f 61/61/16 62/62/16 63/63/16
f 61/61/16 63/63/16 64/64/16
f 65/65/17 66/66/17 67/67/17
f 65/65/17 67/67/17 68/68/17
f 69/69/18 70/70/18 71/71/18
f 69/69/18 71/71/18 72/72/18
f 73/73/19 74/74/19 75/75/19
f 73/73/19 75/75/19 76/76/19
f 77/77/20 78/78/20 79/79/20
f 77/77/20 79/79/20 80/80/20
usemtl Fender_Rubber
f 81/81/21 82/82/21 83/83/21
f 81/81/21 83/83/21 84/84/21
f 85/85/22 86/86/22 87/87/22
f 85/85/22 87/87/22 88/88/22
f 89/89/23 90/90/23 91/91/23
f 89/89/23 91/91/23 92/92/23
f 93/93/24 94/94/24 95/95/24
f 93/93/24 95/95/24 96/96/24
f 97/97/25 98/98/25 99/99/25
f 97/97/25 99/99/25 100/100/25
f 101/101/26 102/102/26 103/103/26
f 101/101/26 103/103/26 104/104/26
f 105/105/27 106/106/27 107/107/27
f 105/105/27 107/107/27 108/108/27
f 109/109/28 110/110/28 111/111/28
f 109/109/28 111/111/28 112/112/28
f 113/113/29 114/114/29 115/115/29
f 116/116/30 117/117/30 118/118/30
f 119/119/31 120/120/31 121/121/31
f 122/122/32 123/123/32 124/124/32
f 125/125/33 126/126/33 127/127/33
f 128/128/34 129/129/34 130/130/34
f 131/131/35 132/132/35 133/133/35
f 134/134/36 135/135/36 136/136/36
f 137/137/37 138/138/37 139/139/37
f 140/140/38 141/141/38 142/142/38
f 143/143/39 144/144/39 145/145/39
f 146/146/40 147/147/40 148/148/40
f 149/149/41 150/150/41 151/151/41
f 152/152/42 153/153/42 154/154/42
f 155/155/43 156/156/43 157/157/43
f 158/158/44 159/159/44 160/160/44
f 161/161/45 162/162/45 163/163/45
f 161/161/45 163/163/45 164/164/45
f 165/165/46 166/166/46 167/167/46
f 165/165/46 167/167/46 168/168/46
f 169/169/47 170/170/47 171/171/47
f 169/169/47 171/171/47 172/172/47
f 173/173/48 174/174/48 175/175/48
f 173/173/48 175/175/48 176/176/48
f 177/177/49 178/178/49 179/179/49
f 177/177/49 179/179/49 180/180/49
f 181/181/50 182/182/50 183/183/50
f 181/181/50 183/183/50 184/184/50
f 185/185/51 186/186/51 187/187/51
f 185/185/51 187/187/51 188/188/51
f 189/189/52 190/190/52 191/191/52
f 189/189/52 191/191/52 192/192/52
f 193/193/53 194/194/53 195/195/53
f 196/196/54 197/197/54 198/198/54
f 199/199/55 200/200/55 201/201/55
f 202/202/56 203/203/56 204/204/56
f 205/205/57 206/206/57 207/207/57
f 208/208/58 209/209/58 210/210/58
f 211/211/59 212/212/59 213/213/59
f 214/214/60 215/215/60 216/216/60
f 217/217/61 218/218/61 219/219/61
f 220/220/62 221/221/62 222/222/62
f 223/223/63 224/224/63 225/225/63
f 226/226/64 227/227/64 228/228/64
f 229/229/65 230/230/65 231/231/65
f 232/232/66 233/233/66 234/234/66
f 235/235/67 236/236/67 237/237/67
f 238/238/68 239/239/68 240/240/68
f 241/241/69 242/242/69 243/243/69
f 241/241/69 243/243/69 244/244/69
f 245/245/70 246/246/70 247/247/70
f 245/245/70 247/247/70 248/248/70
f 249/249/71 250/250/71 251/251/71
f 249/249/71 251/251/71 252/252/71
f 253/253/72 254/254/72 255/255/72
f 253/253/72 255/255/72 256/256/72
f 257/257/73 258/258/73 259/259/73
f 257/257/73 259/259/73 260/260/73
f 261/261/74 262/262/74 263/263/74
f 261/261/74 263/263/74 264/264/74
f 265/265/75 266/266/75 267/267/75
f 265/265/75 267/267/75 268/268/75
f 269/269/76 270/270/76 271/271/76
f 269/269/76 271/271/76 272/272/76
f 273/273/77 274/274/77 275/275/77
f 276/276/78 277/277/78 278/278/78
f 279/279/79 280/280/79 281/281/79
f 282/282/80 283/283/80 284/284/80
f 285/285/81 286/286/81 287/287/81
f 288/288/82 289/289/82 290/290/82
f 291/291/83 292/292/83 293/293/83
f 294/294/84 295/295/84 296/296/84
f 297/297/85 298/298/85 299/299/85
f 300/300/86 301/301/86 302/302/86
f 303/303/87 304/304/87 305/305/87
f 306/306/88 307/307/88 308/308/88
f 309/309/89 310/310/89 311/311/89
f 312/312/90 313/313/90 314/314/90
f 315/315/91 316/316/91 317/317/91
f 318/318/92 319/319/92 320/320/92
f 321/321/93 322/322/93 323/323/93
f 321/321/93 323/323/93 324/324/93
f 325/325/94 326/326/94 327/327/94
f 325/325/94 327/327/94 328/328/94
f 329/329/95 330/330/95 331/331/95
f 329/329/95 331/331/95 332/332/95
f 333/333/96 334/334/96 335/335/96
f 333/333/96 335/335/96 336/336/96
f 337/337/97 338/338/97 339/339/97
f 337/337/97 339/339/97 340/340/97
f 341/341/98 342/342/98 343/343/98
f 341/341/98 343/343/98 344/344/98
f 345/345/99 346/346/99 347/347/99
f 345/345/99 347/347/99 348/348/99
f 349/349/100 350/350/100 351/351/100
f 349/349/100 351/351/100 352/352/100
f 353/353/101 354/354/101 355/355/101
f 356/356/102 357/357/102 358/358/102
f 359/359/103 360/360/103 361/361/103
f 362/362/104 363/363/104 364/364/104
f 365/365/105 366/366/105 367/367/105
f 368/368/106 369/369/106 370/370/106
f 371/371/107 372/372/107 373/373/107
f 374/374/108 375/375/108 376/376/108
f 377/377/109 378/378/109 379/379/109
f 380/380/110 381/381/110 382/382/110
f 383/383/111 384/384/111 385/385/111
f 386/386/112 387/387/112 388/388/112
f 389/389/113 390/390/113 391/391/113
f 392/392/114 393/393/114 394/394/114
f 395/395/115 396/396/115 397/397/115
f 398/398/116 399/399/116 400/400/116
f 401/401/117 402/402/117 403/403/117
f 401/401/117 403/403/117 404/404/117
f 405/405/118 406/406/118 407/407/118
f 405/405/118 407/407/118 408/408/118
f 409/409/119 410/410/119 411/411/119
f 409/409/119 411/411/119 412/412/119
f 413/413/120 414/414/120 415/415/120
f 413/413/120 415/415/120 416/416/120
f 417/417/121 418/418/121 419/419/121
f 417/417/121 419/419/121 420/420/121
f 421/421/122 422/422/122 423/423/122
f 421/421/122 423/423/122 424/424/122
f 425/425/123 426/426/123 427/427/123
f 425/425/123 427/427/123 428/428/123
f 429/429/124 430/430/124 431/431/124
f 429/429/124 431/431/124 432/432/124
f 433/433/125 434/434/125 435/435/125
f 436/436/126 437/437/126 438/438/126
f 439/439/127 440/440/127 441/441/127
f 442/442/128 443/443/128 444/444/128
f 445/445/129 446/446/129 447/447/129
f 448/448/130 449/449/130 450/450/130
f 451/451/131 452/452/131 453/453/131
f 454/454/132 455/455/132 456/456/132
f 457/457/133 458/458/133 459/459/133
f 460/460/134 461/461/134 462/462/134
f 463/463/135 464/464/135 465/465/135
f 466/466/136 467/467/136 468/468/136
f 469/469/137 470/470/137 471/471/137
f 472/472/138 473/473/138 474/474/138
f 475/475/139 476/476/139 477/477/139
f 478/478/140 479/479/140 480/480/140
f 481/481/141 482/482/141 483/483/141
f 481/481/141 483/483/141 484/484/141
f 485/485/142 486/486/142 487/487/142
f 485/485/142 487/487/142 488/488/142
f 489/489/143 490/490/143 491/491/143
f 489/489/143 491/491/143 492/492/143
f 493/493/144 494/494/144 495/495/144
f 493/493/144 495/495/144 496/496/144
f 497/497/145 498/498/145 499/499/145
f 497/497/145 499/499/145 500/500/145
f 501/501/146 502/502/146 503/503/146
f 501/501/146 503/503/146 504/504/146
f 505/505/147 506/506/147 507/507/147
f 505/505/147 507/507/147 508/508/147
f 509/509/148 510/510/148 511/511/148
f 509/509/148 511/511/148 512/512/148
f 513/513/149 514/514/149 515/515/149
f 516/516/150 517/517/150 518/518/150
f 519/519/151 520/520/151 521/521/151
f 522/522/152 523/523/152 524/524/152
f 525/525/153 526/526/153 527/527/153
f 528/528/154 529/529/154 530/530/154
f 531/531/155 532/532/155 533/533/155
f 534/534/156 535/535/156 536/536/156
f 537/537/157 538/538/157 539/539/157
f 540/540/158 541/541/158 542/542/158
f 543/543/159 544/544/159 545/545/159
f 546/546/160 547/547/160 548/548/160
f 549/549/161 550/550/161 551/551/161
f 552/552/162 553/553/162 554/554/162
f 555/555/163 556/556/163 557/557/163
f 558/558/164 559/559/164 560/560/164
f 561/561/165 562/562/165 563/563/165
f 561/561/165 563/563/165 564/564/165
f 565/565/166 566/566/166 567/567/166
f 565/565/166 567/567/166 568/568/166
f 569/569/167 570/570/167 571/571/167
f 569/569/167 571/571/167 572/572/167
f 573/573/168 574/574/168 575/575/168
f 573/573/168 575/575/168 576/576/168
f 577/577/169 578/578/169 579/579/169
f 577/577/169 579/579/169 580/580/169
f 581/581/170 582/582/170 583/583/170
f 581/581/170 583/583/170 584/584/170
f 585/585/171 586/586/171 587/587/171
f 585/585/171 587/587/171 588/588/171
f 589/589/172 590/590/172 591/591/172
f 589/589/172 591/591/172 592/592/172
f 593/593/173 594/594/173 595/595/173
f 596/596/174 597/597/174 598/598/174
f 599/599/175 600/600/175 601/601/175
f 602/602/176 603/603/176 604/604/176
f 605/605/177 606/606/177 607/607/177
f 608/608/178 609/609/178 610/610/178
f 611/611/179 612/612/179 613/613/179
f 614/614/180 615/615/180 616/616/180
f 617/617/181 618/618/181 619/619/181
f 620/620/182 621/621/182 622/622/182
f 623/623/183 624/624/183 625/625/183
f 626/626/184 627/627/184 628/628/184
f 629/629/185 630/630/185 631/631/185
f 632/632/186 633/633/186 634/634/186
f 635/635/187 636/636/187 637/637/187
f 638/638/188 639/639/188 640/640/188
usemtl Bollard_CastIron
f 641/641/189 642/642/189 643/643/189
f 641/641/189 643/643/189 644/644/189
f 645/645/190 646/646/190 647/647/190
f 645/645/190 647/647/190 648/648/190
f 649/649/191 650/650/191 651/651/191
f 649/649/191 651/651/191 652/652/191
f 653/653/192 654/654/192 655/655/192
f 653/653/192 655/655/192 656/656/192
f 657/657/193 658/658/193 659/659/193
f 657/657/193 659/659/193 660/660/193
f 661/661/194 662/662/194 663/663/194
f 661/661/194 663/663/194 664/664/194
f 665/665/195 666/666/195 667/667/195
f 665/665/195 667/667/195 668/668/195
f 669/669/196 670/670/196 671/671/196
f 669/669/196 671/671/196 672/672/196
f 673/673/197 674/674/197 675/675/197
f 673/673/197 675/675/197 676/676/197
f 677/677/198 678/678/198 679/679/198
f 677/677/198 679/679/198 680/680/198
f 681/681/199 682/682/199 683/683/199
f 681/681/199 683/683/199 684/684/199
f 685/685/200 686/686/200 687/687/200
f 685/685/200 687/687/200 688/688/200
f 689/689/201 690/690/201 691/691/201
f 692/692/202 693/693/202 694/694/202
f 695/695/203 696/696/203 697/697/203
f 698/698/204 699/699/204 700/700/204
f 701/701/205 702/702/205 703/703/205
f 704/704/206 705/705/206 706/706/206
f 707/707/207 708/708/207 709/709/207
f 710/710/208 711/711/208 712/712/208
f 713/713/209 714/714/209 715/715/209
f 716/716/210 717/717/210 718/718/210
f 719/719/211 720/720/211 721/721/211
f 722/722/212 723/723/212 724/724/212
f 725/725/213 726/726/213 727/727/213
f 728/728/214 729/729/214 730/730/214
f 731/731/215 732/732/215 733/733/215
f 734/734/216 735/735/216 736/736/216
f 737/737/217 738/738/217 739/739/217
f 740/740/218 741/741/218 742/742/218
f 743/743/219 744/744/219 745/745/219
f 746/746/220 747/747/220 748/748/220
f 749/749/221 750/750/221 751/751/221
f 752/752/222 753/753/222 754/754/222
f 755/755/223 756/756/223 757/757/223
f 758/758/224 759/759/224 760/760/224
f 761/761/225 762/762/225 763/763/225
f 761/761/225 763/763/225 764/764/225
f 765/765/226 766/766/226 767/767/226
f 765/765/226 767/767/226 768/768/226
f 769/769/227 770/770/227 771/771/227
f 769/769/227 771/771/227 772/772/227
f 773/773/228 774/774/228 775/775/228
f 773/773/228 775/775/228 776/776/228
f 777/777/229 778/778/229 779/779/229
f 777/777/229 779/779/229 780/780/229
f 781/781/230 782/782/230 783/783/230
f 781/781/230 783/783/230 784/784/230
f 785/785/231 786/786/231 787/787/231
f 785/785/231 787/787/231 788/788/231
f 789/789/232 790/790/232 791/791/232
f 789/789/232 791/791/232 792/792/232
f 793/793/233 794/794/233 795/795/233
f 793/793/233 795/795/233 796/796/233
f 797/797/234 798/798/234 799/799/234
f 797/797/234 799/799/234 800/800/234
f 801/801/235 802/802/235 803/803/235
f 801/801/235 803/803/235 804/804/235
f 805/805/236 806/806/236 807/807/236
f 805/805/236 807/807/236 808/808/236
f 809/809/237 810/810/237 811/811/237
f 809/809/237 811/811/237 812/812/237
f 813/813/238 814/814/238 815/815/238
f 813/813/238 815/815/238 816/816/238
f 817/817/239 818/818/239 819/819/239
f 817/817/239 819/819/239 820/820/239
f 821/821/240 822/822/240 823/823/240
f 821/821/240 823/823/240 824/824/240
f 825/825/241 826/826/241 827/827/241
f 825/825/241 827/827/241 828/828/241
f 829/829/242 830/830/242 831/831/242
f 829/829/242 831/831/242 832/832/242
f 833/833/243 834/834/243 835/835/243
f 833/833/243 835/835/243 836/836/243
f 837/837/244 838/838/244 839/839/244
f 837/837/244 839/839/244 840/840/244
f 841/841/245 842/842/245 843/843/245
f 841/841/245 843/843/245 844/844/245
f 845/845/246 846/846/246 847/847/246
f 845/845/246 847/847/246 848/848/246
f 849/849/247 850/850/247 851/851/247
f 849/849/247 851/851/247 852/852/247
f 853/853/248 854/854/248 855/855/248
f 853/853/248 855/855/248 856/856/248
f 857/857/249 858/858/249 859/859/249
f 860/860/250 861/861/250 862/862/250
f 863/863/251 864/864/251 865/865/251
f 866/866/252 867/867/252 868/868/252
f 869/869/253 870/870/253 871/871/253
f 872/872/254 873/873/254 874/874/254
f 875/875/255 876/876/255 877/877/255
f 878/878/256 879/879/256 880/880/256
f 881/881/257 882/882/257 883/883/257
f 884/884/258 885/885/258 886/886/258
f 887/887/259 888/888/259 889/889/259
f 890/890/260 891/891/260 892/892/260
f 893/893/261 894/894/261 895/895/261
f 896/896/262 897/897/262 898/898/262
f 899/899/263 900/900/263 901/901/263
f 902/902/264 903/903/264 904/904/264
f 905/905/265 906/906/265 907/907/265
f 908/908/266 909/909/266 910/910/266
f 911/911/267 912/912/267 913/913/267
f 914/914/268 915/915/268 916/916/268
f 917/917/269 918/918/269 919/919/269
f 920/920/270 921/921/270 922/922/270
f 923/923/271 924/924/271 925/925/271
f 926/926/272 927/927/272 928/928/272
f 929/929/273 930/930/273 931/931/273
f 929/929/273 931/931/273 932/932/273
f 933/933/274 934/934/274 935/935/274
f 933/933/274 935/935/274 936/936/274
f 937/937/275 938/938/275 939/939/275
f 937/937/275 939/939/275 940/940/275
f 941/941/276 942/942/276 943/943/276
f 941/941/276 943/943/276 944/944/276
f 945/945/277 946/946/277 947/947/277
f 945/945/277 947/947/277 948/948/277
f 949/949/278 950/950/278 951/951/278
f 949/949/278 951/951/278 952/952/278
f 953/953/279 954/954/279 955/955/279
f 953/953/279 955/955/279 956/956/279
f 957/957/280 958/958/280 959/959/280
f 957/957/280 959/959/280 960/960/280
f 961/961/281 962/962/281 963/963/281
f 961/961/281 963/963/281 964/964/281
f 965/965/282 966/966/282 967/967/282
f 965/965/282 967/967/282 968/968/282
f 969/969/283 970/970/283 971/971/283
f 969/969/283 971/971/283 972/972/283
f 973/973/284 974/974/284 975/975/284
f 973/973/284 975/975/284 976/976/284
f 977/977/285 978/978/285 979/979/285
f 977/977/285 979/979/285 980/980/285
f 981/981/286 982/982/286 983/983/286
f 981/981/286 983/983/286 984/984/286
f 985/985/287 986/986/287 987/987/287
f 985/985/287 987/987/287 988/988/287
f 989/989/288 990/990/288 991/991/288
f 989/989/288 991/991/288 992/992/288
f 993/993/289 994/994/289 995/995/289
f 993/993/289 995/995/289 996/996/289
f 997/997/290 998/998/290 999/999/290
f 997/997/290 999/999/290 1000/1000/290
f 1001/1001/291 1002/1002/291 1003/1003/291
f 1004/1004/292 1005/1005/292 1006/1006/292
f 1007/1007/293 1008/1008/293 1009/1009/293
f 1010/1010/294 1011/1011/294 1012/1012/294
f 1013/1013/295 1014/1014/295 1015/1015/295
f 1016/1016/296 1017/1017/296 1018/1018/296
f 1019/1019/297 1020/1020/297 1021/1021/297
f 1022/1022/298 1023/1023/298 1024/1024/298
f 1025/1025/299 1026/1026/299 1027/1027/299
f 1028/1028/300 1029/1029/300 1030/1030/300
f 1031/1031/301 1032/1032/301 1033/1033/301
f 1034/1034/302 1035/1035/302 1036/1036/302
f 1037/1037/303 1038/1038/303 1039/1039/303
f 1040/1040/304 1041/1041/304 1042/1042/304
f 1043/1043/305 1044/1044/305 1045/1045/305
f 1046/1046/306 1047/1047/306 1048/1048/306
f 1049/1049/307 1050/1050/307 1051/1051/307
f 1052/1052/308 1053/1053/308 1054/1054/308
f 1055/1055/309 1056/1056/309 1057/1057/309
f 1058/1058/310 1059/1059/310 1060/1060/310
f 1061/1061/311 1062/1062/311 1063/1063/311
f 1064/1064/312 1065/1065/312 1066/1066/312
f 1067/1067/313 1068/1068/313 1069/1069/313
f 1070/1070/314 1071/1071/314 1072/1072/314
f 1073/1073/315 1074/1074/315 1075/1075/315
f 1073/1073/315 1075/1075/315 1076/1076/315
f 1077/1077/316 1078/1078/316 1079/1079/316
f 1077/1077/316 1079/1079/316 1080/1080/316
f 1081/1081/317 1082/1082/317 1083/1083/317
f 1081/1081/317 1083/1083/317 1084/1084/317
f 1085/1085/318 1086/1086/318 1087/1087/318
f 1085/1085/318 1087/1087/318 1088/1088/318
f 1089/1089/319 1090/1090/319 1091/1091/319
f 1089/1089/319 1091/1091/319 1092/1092/319
f 1093/1093/320 1094/1094/320 1095/1095/320
f 1093/1093/320 1095/1095/320 1096/1096/320
f 1097/1097/321 1098/1098/321 1099/1099/321
f 1097/1097/321 1099/1099/321 1100/1100/321
f 1101/1101/322 1102/1102/322 1103/1103/322
f 1101/1101/322 1103/1103/322 1104/1104/322
f 1105/1105/323 1106/1106/323 1107/1107/323
f 1105/1105/323 1107/1107/323 1108/1108/323
f 1109/1109/324 1110/1110/324 1111/1111/324
f 1109/1109/324 1111/1111/324 1112/1112/324
f 1113/1113/325 1114/1114/325 1115/1115/325
f 1113/1113/325 1115/1115/325 1116/1116/325
f 1117/1117/326 1118/1118/326 1119/1119/326
f 1117/1117/326 1119/1119/326 1120/1120/326
f 1121/1121/327 1122/1122/327 1123/1123/327
f 1121/1121/327 1123/1123/327 1124/1124/327
f 1125/1125/328 1126/1126/328 1127/1127/328
f 1125/1125/328 1127/1127/328 1128/1128/328
f 1129/1129/329 1130/1130/329 1131/1131/329
f 1129/1129/329 1131/1131/329 1132/1132/329
f 1133/1133/330 1134/1134/330 1135/1135/330
f 1133/1133/330 1135/1135/330 1136/1136/330
f 1137/1137/331 1138/1138/331 1139/1139/331
f 1137/1137/331 1139/1139/331 1140/1140/331
f 1141/1141/332 1142/1142/332 1143/1143/332
f 1141/1141/332 1143/1143/332 1144/1144/332
f 1145/1145/333 1146/1146/333 1147/1147/333
f 1145/1145/333 1147/1147/333 1148/1148/333
f 1149/1149/334 1150/1150/334 1151/1151/334
f 1149/1149/334 1151/1151/334 1152/1152/334
f 1153/1153/335 1154/1154/335 1155/1155/335
f 1153/1153/335 1155/1155/335 1156/1156/335
f 1157/1157/336 1158/1158/336 1159/1159/336
f 1157/1157/336 1159/1159/336 1160/1160/336
f 1161/1161/337 1162/1162/337 1163/1163/337
f 1161/1161/337 1163/1163/337 1164/1164/337
f 1165/1165/338 1166/1166/338 1167/1167/338
f 1165/1165/338 1167/1167/338 1168/1168/338
f 1169/1169/339 1170/1170/339 1171/1171/339
f 1172/1172/340 1173/1173/340 1174/1174/340
f 1175/1175/341 1176/1176/341 1177/1177/341
f 1178/1178/342 1179/1179/342 1180/1180/342
f 1181/1181/343 1182/1182/343 1183/1183/343
f 1184/1184/344 1185/1185/344 1186/1186/344
f 1187/1187/345 1188/1188/345 1189/1189/345
f 1190/1190/346 1191/1191/346 1192/1192/346
f 1193/1193/347 1194/1194/347 1195/1195/347
f 1196/1196/348 1197/1197/348 1198/1198/348
f 1199/1199/349 1200/1200/349 1201/1201/349
f 1202/1202/350 1203/1203/350 1204/1204/350
f 1205/1205/351 1206/1206/351 1207/1207/351
f 1208/1208/352 1209/1209/352 1210/1210/352
f 1211/1211/353 1212/1212/353 1213/1213/353
f 1214/1214/354 1215/1215/354 1216/1216/354
f 1217/1217/355 1218/1218/355 1219/1219/355
f 1220/1220/356 1221/1221/356 1222/1222/356
f 1223/1223/357 1224/1224/357 1225/1225/357
f 1226/1226/358 1227/1227/358 1228/1228/358
f 1229/1229/359 1230/1230/359 1231/1231/359
f 1232/1232/360 1233/1233/360 1234/1234/360
f 1235/1235/361 1236/1236/361 1237/1237/361
f 1238/1238/362 1239/1239/362 1240/1240/362
f 1241/1241/363 1242/1242/363 1243/1243/363
f 1241/1241/363 1243/1243/363 1244/1244/363
f 1245/1245/364 1246/1246/364 1247/1247/364
f 1245/1245/364 1247/1247/364 1248/1248/364
f 1249/1249/365 1250/1250/365 1251/1251/365
f 1249/1249/365 1251/1251/365 1252/1252/365
f 1253/1253/366 1254/1254/366 1255/1255/366
f 1253/1253/366 1255/1255/366 1256/1256/366
f 1257/1257/367 1258/1258/367 1259/1259/367
f 1257/1257/367 1259/1259/367 1260/1260/367
f 1261/1261/368 1262/1262/368 1263/1263/368
f 1261/1261/368 1263/1263/368 1264/1264/368
f 1265/1265/369 1266/1266/369 1267/1267/369
f 1265/1265/369 1267/1267/369 1268/1268/369
f 1269/1269/370 1270/1270/370 1271/1271/370
f 1269/1269/370 1271/1271/370 1272/1272/370
f 1273/1273/371 1274/1274/371 1275/1275/371
f 1273/1273/371 1275/1275/371 1276/1276/371
f 1277/1277/372 1278/1278/372 1279/1279/372
f 1277/1277/372 1279/1279/372 1280/1280/372
f 1281/1281/373 1282/1282/373 1283/1283/373
f 1281/1281/373 1283/1283/373 1284/1284/373
f 1285/1285/374 1286/1286/374 1287/1287/374
f 1285/1285/374 1287/1287/374 1288/1288/374
f 1289/1289/375 1290/1290/375 1291/1291/375
f 1289/1289/375 1291/1291/375 1292/1292/375
f 1293/1293/376 1294/1294/376 1295/1295/376
f 1293/1293/376 1295/1295/376 1296/1296/376
f 1297/1297/377 1298/1298/377 1299/1299/377
f 1297/1297/377 1299/1299/377 1300/1300/377
f 1301/1301/378 1302/1302/378 1303/1303/378
f 1301/1301/378 1303/1303/378 1304/1304/378
f 1305/1305/379 1306/1306/379 1307/1307/379
f 1305/1305/379 1307/1307/379 1308/1308/379
f 1309/1309/380 1310/1310/380 1311/1311/380
f 1309/1309/380 1311/1311/380 1312/1312/380
f 1313/1313/381 1314/1314/381 1315/1315/381
f 1316/1316/382 1317/1317/382 1318/1318/382
f 1319/1319/383 1320/1320/383 1321/1321/383
f 1322/1322/384 1323/1323/384 1324/1324/384
f 1325/1325/385 1326/1326/385 1327/1327/385
f 1328/1328/386 1329/1329/386 1330/1330/386
f 1331/1331/387 1332/1332/387 1333/1333/387
f 1334/1334/388 1335/1335/388 1336/1336/388
f 1337/1337/389 1338/1338/389 1339/1339/389
f 1340/1340/390 1341/1341/390 1342/1342/390
f 1343/1343/391 1344/1344/391 1345/1345/391
f 1346/1346/392 1347/1347/392 1348/1348/392
f 1349/1349/393 1350/1350/393 1351/1351/393
f 1352/1352/394 1353/1353/394 1354/1354/394
f 1355/1355/395 1356/1356/395 1357/1357/395
f 1358/1358/396 1359/1359/396 1360/1360/396
f 1361/1361/397 1362/1362/397 1363/1363/397
f 1364/1364/398 1365/1365/398 1366/1366/398
f 1367/1367/399 1368/1368/399 1369/1369/399
f 1370/1370/400 1371/1371/400 1372/1372/400
f 1373/1373/401 1374/1374/401 1375/1375/401
f 1376/1376/402 1377/1377/402 1378/1378/402
f 1379/1379/403 1380/1380/403 1381/1381/403
f 1382/1382/404 1383/1383/404 1384/1384/404
f 1385/1385/405 1386/1386/405 1387/1387/405
f 1385/1385/405 1387/1387/405 1388/1388/405
f 1389/1389/406 1390/1390/406 1391/1391/406
f 1389/1389/406 1391/1391/406 1392/1392/406
f 1393/1393/407 1394/1394/407 1395/1395/407
f 1393/1393/407 1395/1395/407 1396/1396/407
f 1397/1397/408 1398/1398/408 1399/1399/408
f 1397/1397/408 1399/1399/408 1400/1400/408
f 1401/1401/409 1402/1402/409 1403/1403/409
f 1401/1401/409 1403/1403/409 1404/1404/409
f 1405/1405/410 1406/1406/410 1407/1407/410
f 1405/1405/410 1407/1407/410 1408/1408/410
f 1409/1409/411 1410/1410/411 1411/1411/411
f 1409/1409/411 1411/1411/411 1412/1412/411
f 1413/1413/412 1414/1414/412 1415/1415/412
f 1413/1413/412 1415/1415/412 1416/1416/412
f 1417/1417/413 1418/1418/413 1419/1419/413
f 1417/1417/413 1419/1419/413 1420/1420/413
f 1421/1421/414 1422/1422/414 1423/1423/414
f 1421/1421/414 1423/1423/414 1424/1424/414
f 1425/1425/415 1426/1426/415 1427/1427/415
f 1425/1425/415 1427/1427/415 1428/1428/415
f 1429/1429/416 1430/1430/416 1431/1431/416
f 1429/1429/416 1431/1431/416 1432/1432/416
f 1433/1433/417 1434/1434/417 1435/1435/417
f 1433/1433/417 1435/1435/417 1436/1436/417
f 1437/1437/418 1438/1438/418 1439/1439/418
f 1437/1437/418 1439/1439/418 1440/1440/418
f 1441/1441/419 1442/1442/419 1443/1443/419
f 1441/1441/419 1443/1443/419 1444/1444/419
f 1445/1445/420 1446/1446/420 1447/1447/420
f 1445/1445/420 1447/1447/420 1448/1448/420
f 1449/1449/421 1450/1450/421 1451/1451/421
f 1449/1449/421 1451/1451/421 1452/1452/421
f 1453/1453/422 1454/1454/422 1455/1455/422
f 1453/1453/422 1455/1455/422 1456/1456/422
f 1457/1457/423 1458/1458/423 1459/1459/423
f 1457/1457/423 1459/1459/423 1460/1460/423
f 1461/1461/424 1462/1462/424 1463/1463/424
f 1461/1461/424 1463/1463/424 1464/1464/424
f 1465/1465/425 1466/1466/425 1467/1467/425
f 1465/1465/425 1467/1467/425 1468/1468/425
f 1469/1469/426 1470/1470/426 1471/1471/426
f 1469/1469/426 1471/1471/426 1472/1472/426
f 1473/1473/427 1474/1474/427 1475/1475/427
f 1473/1473/427 1475/1475/427 1476/1476/427
f 1477/1477/428 1478/1478/428 1479/1479/428
f 1477/1477/428 1479/1479/428 1480/1480/428
f 1481/1481/429 1482/1482/429 1483/1483/429
f 1484/1484/430 1485/1485/430 1486/1486/430
f 1487/1487/431 1488/1488/431 1489/1489/431
f 1490/1490/432 1491/1491/432 1492/1492/432
f 1493/1493/433 1494/1494/433 1495/1495/433
f 1496/1496/434 1497/1497/434 1498/1498/434
f 1499/1499/435 1500/1500/435 1501/1501/435
f 1502/1502/436 1503/1503/436 1504/1504/436
f 1505/1505/437 1506/1506/437 1507/1507/437
f 1508/1508/438 1509/1509/438 1510/1510/438
f 1511/1511/439 1512/1512/439 1513/1513/439
f 1514/1514/440 1515/1515/440 1516/1516/440
f 1517/1517/441 1518/1518/441 1519/1519/441
f 1520/1520/442 1521/1521/442 1522/1522/442
f 1523/1523/443 1524/1524/443 1525/1525/443
f 1526/1526/444 1527/1527/444 1528/1528/444
f 1529/1529/445 1530/1530/445 1531/1531/445
f 1532/1532/446 1533/1533/446 1534/1534/446
f 1535/1535/447 1536/1536/447 1537/1537/447
f 1538/1538/448 1539/1539/448 1540/1540/448
f 1541/1541/449 1542/1542/449 1543/1543/449
f 1544/1544/450 1545/1545/450 1546/1546/450
f 1547/1547/451 1548/1548/451 1549/1549/451
f 1550/1550/452 1551/1551/452 1552/1552/452
f 1553/1553/453 1554/1554/453 1555/1555/453
f 1553/1553/453 1555/1555/453 1556/1556/453
f 1557/1557/454 1558/1558/454 1559/1559/454
f 1557/1557/454 1559/1559/454 1560/1560/454
f 1561/1561/455 1562/1562/455 1563/1563/455
f 1561/1561/455 1563/1563/455 1564/1564/455
f 1565/1565/456 1566/1566/456 1567/1567/456
f 1565/1565/456 1567/1567/456 1568/1568/456
f 1569/1569/457 1570/1570/457 1571/1571/457
f 1569/1569/457 1571/1571/457 1572/1572/457
f 1573/1573/458 1574/1574/458 1575/1575/458
f 1573/1573/458 1575/1575/458 1576/1576/458
f 1577/1577/459 1578/1578/459 1579/1579/459
f 1577/1577/459 1579/1579/459 1580/1580/459
f 1581/1581/460 1582/1582/460 1583/1583/460
f 1581/1581/460 1583/1583/460 1584/1584/460
f 1585/1585/461 1586/1586/461 1587/1587/461
f 1585/1585/461 1587/1587/461 1588/1588/461
f 1589/1589/462 1590/1590/462 1591/1591/462
f 1589/1589/462 1591/1591/462 1592/1592/462
f 1593/1593/463 1594/1594/463 1595/1595/463
f 1593/1593/463 1595/1595/463 1596/1596/463
f 1597/1597/464 1598/1598/464 1599/1599/464
f 1597/1597/464 1599/1599/464 1600/1600/464
f 1601/1601/465 1602/1602/465 1603/1603/465
f 1601/1601/465 1603/1603/465 1604/1604/465
f 1605/1605/466 1606/1606/466 1607/1607/466
f 1605/1605/466 1607/1607/466 1608/1608/466
f 1609/1609/467 1610/1610/467 1611/1611/467
f 1609/1609/467 1611/1611/467 1612/1612/467
f 1613/1613/468 1614/1614/468 1615/1615/468
f 1613/1613/468 1615/1615/468 1616/1616/468
f 1617/1617/469 1618/1618/469 1619/1619/469
f 1617/1617/469 1619/1619/469 1620/1620/469
f 1621/1621/470 1622/1622/470 1623/1623/470
f 1621/1621/470 1623/1623/470 1624/1624/470
f 1625/1625/471 1626/1626/471 1627/1627/471
f 1628/1628/472 1629/1629/472 1630/1630/472
f 1631/1631/473 1632/1632/473 1633/1633/473
f 1634/1634/474 1635/1635/474 1636/1636/474
f 1637/1637/475 1638/1638/475 1639/1639/475
f 1640/1640/476 1641/1641/476 1642/1642/476
f 1643/1643/477 1644/1644/477 1645/1645/477
f 1646/1646/478 1647/1647/478 1648/1648/478
f 1649/1649/479 1650/1650/479 1651/1651/479
f 1652/1652/480 1653/1653/480 1654/1654/480
f 1655/1655/481 1656/1656/481 1657/1657/481
f 1658/1658/482 1659/1659/482 1660/1660/482
f 1661/1661/483 1662/1662/483 1663/1663/483
f 1664/1664/484 1665/1665/484 1666/1666/484
f 1667/1667/485 1668/1668/485 1669/1669/485
f 1670/1670/486 1671/1671/486 1672/1672/486
f 1673/1673/487 1674/1674/487 1675/1675/487
f 1676/1676/488 1677/1677/488 1678/1678/488
f 1679/1679/489 1680/1680/489 1681/1681/489
f 1682/1682/490 1683/1683/490 1684/1684/490
f 1685/1685/491 1686/1686/491 1687/1687/491
f 1688/1688/492 1689/1689/492 1690/1690/492
f 1691/1691/493 1692/1692/493 1693/1693/493
f 1694/1694/494 1695/1695/494 1696/1696/494
f 1697/1697/495 1698/1698/495 1699/1699/495
f 1697/1697/495 1699/1699/495 1700/1700/495
f 1701/1701/496 1702/1702/496 1703/1703/496
f 1701/1701/496 1703/1703/496 1704/1704/496
f 1705/1705/497 1706/1706/497 1707/1707/497
f 1705/1705/497 1707/1707/497 1708/1708/497
f 1709/1709/498 1710/1710/498 1711/1711/498
f 1709/1709/498 1711/1711/498 1712/1712/498
f 1713/1713/499 1714/1714/499 1715/1715/499
f 1713/1713/499 1715/1715/499 1716/1716/499
f 1717/1717/500 1718/1718/500 1719/1719/500
f 1717/1717/500 1719/1719/500 1720/1720/500
f 1721/1721/501 1722/1722/501 1723/1723/501
f 1721/1721/501 1723/1723/501 1724/1724/501
f 1725/1725/502 1726/1726/502 1727/1727/502
f 1725/1725/502 1727/1727/502 1728/1728/502
f 1729/1729/503 1730/1730/503 1731/1731/503
f 1729/1729/503 1731/1731/503 1732/1732/503
f 1733/1733/504 1734/1734/504 1735/1735/504
f 1733/1733/504 1735/1735/504 1736/1736/504
f 1737/1737/505 1738/1738/505 1739/1739/505
f 1737/1737/505 1739/1739/505 1740/1740/505
f 1741/1741/506 1742/1742/506 1743/1743/506
f 1741/1741/506 1743/1743/506 1744/1744/506
f 1745/1745/507 1746/1746/507 1747/1747/507
f 1745/1745/507 1747/1747/507 1748/1748/507
f 1749/1749/508 1750/1750/508 1751/1751/508
f 1749/1749/508 1751/1751/508 1752/1752/508
f 1753/1753/509 1754/1754/509 1755/1755/509
f 1753/1753/509 1755/1755/509 1756/1756/509
f 1757/1757/510 1758/1758/510 1759/1759/510
f 1757/1757/510 1759/1759/510 1760/1760/510
f 1761/1761/511 1762/1762/511 1763/1763/511
f 1761/1761/511 1763/1763/511 1764/1764/511
f 1765/1765/512 1766/1766/512 1767/1767/512
f 1765/1765/512 1767/1767/512 1768/1768/512
f 1769/1769/513 1770/1770/513 1771/1771/513
f 1769/1769/513 1771/1771/513 1772/1772/513
f 1773/1773/514 1774/1774/514 1775/1775/514
f 1773/1773/514 1775/1775/514 1776/1776/514
f 1777/1777/515 1778/1778/515 1779/1779/515
f 1777/1777/515 1779/1779/515 1780/1780/515
f 1781/1781/516 1782/1782/516 1783/1783/516
f 1781/1781/516 1783/1783/516 1784/1784/516
f 1785/1785/517 1786/1786/517 1787/1787/517
f 1785/1785/517 1787/1787/517 1788/1788/517
f 1789/1789/518 1790/1790/518 1791/1791/518
f 1789/1789/518 1791/1791/518 1792/1792/518
f 1793/1793/519 1794/1794/519 1795/1795/519
f 1796/1796/520 1797/1797/520 1798/1798/520
f 1799/1799/521 1800/1800/521 1801/1801/521
f 1802/1802/522 1803/1803/522 1804/1804/522
f 1805/1805/523 1806/1806/523 1807/1807/523
f 1808/1808/524 1809/1809/524 1810/1810/524
f 1811/1811/525 1812/1812/525 1813/1813/525
f 1814/1814/526 1815/1815/526 1816/1816/526
f 1817/1817/527 1818/1818/527 1819/1819/527
f 1820/1820/528 1821/1821/528 1822/1822/528
f 1823/1823/529 1824/1824/529 1825/1825/529
f 1826/1826/530 1827/1827/530 1828/1828/530
f 1829/1829/531 1830/1830/531 1831/1831/531
f 1832/1832/532 1833/1833/532 1834/1834/532
f 1835/1835/533 1836/1836/533 1837/1837/533
f 1838/1838/534 1839/1839/534 1840/1840/534
f 1841/1841/535 1842/1842/535 1843/1843/535
f 1844/1844/536 1845/1845/536 1846/1846/536
f 1847/1847/537 1848/1848/537 1849/1849/537
f 1850/1850/538 1851/1851/538 1852/1852/538
f 1853/1853/539 1854/1854/539 1855/1855/539
f 1856/1856/540 1857/1857/540 1858/1858/540
f 1859/1859/541 1860/1860/541 1861/1861/541
f 1862/1862/542 1863/1863/542 1864/1864/542
f 1865/1865/543 1866/1866/543 1867/1867/543
f 1865/1865/543 1867/1867/543 1868/1868/543
f 1869/1869/544 1870/1870/544 1871/1871/544
f 1869/1869/544 1871/1871/544 1872/1872/544
f 1873/1873/545 1874/1874/545 1875/1875/545
f 1873/1873/545 1875/1875/545 1876/1876/545
f 1877/1877/546 1878/1878/546 1879/1879/546
f 1877/1877/546 1879/1879/546 1880/1880/546
f 1881/1881/547 1882/1882/547 1883/1883/547
f 1881/1881/547 1883/1883/547 1884/1884/547
f 1885/1885/548 1886/1886/548 1887/1887/548
f 1885/1885/548 1887/1887/548 1888/1888/548
f 1889/1889/549 1890/1890/549 1891/1891/549
f 1889/1889/549 1891/1891/549 1892/1892/549
f 1893/1893/550 1894/1894/550 1895/1895/550
f 1893/1893/550 1895/1895/550 1896/1896/550
f 1897/1897/551 1898/1898/551 1899/1899/551
f 1897/1897/551 1899/1899/551 1900/1900/551
f 1901/1901/552 1902/1902/552 1903/1903/552
f 1901/1901/552 1903/1903/552 1904/1904/552
f 1905/1905/553 1906/1906/553 1907/1907/553
f 1905/1905/553 1907/1907/553 1908/1908/553
f 1909/1909/554 1910/1910/554 1911/1911/554
f 1909/1909/554 1911/1911/554 1912/1912/554
f 1913/1913/555 1914/1914/555 1915/1915/555
f 1913/1913/555 1915/1915/555 1916/1916/555
f 1917/1917/556 1918/1918/556 1919/1919/556
f 1917/1917/556 1919/1919/556 1920/1920/556
f 1921/1921/557 1922/1922/557 1923/1923/557
f 1921/1921/557 1923/1923/557 1924/1924/557
f 1925/1925/558 1926/1926/558 1927/1927/558
f 1925/1925/558 1927/1927/558 1928/1928/558
f 1929/1929/559 1930/1930/559 1931/1931/559
f 1929/1929/559 1931/1931/559 1932/1932/559
f 1933/1933/560 1934/1934/560 1935/1935/560
f 1933/1933/560 1935/1935/560 1936/1936/560
f 1937/1937/561 1938/1938/561 1939/1939/561
f 1940/1940/562 1941/1941/562 1942/1942/562
f 1943/1943/563 1944/1944/563 1945/1945/563
f 1946/1946/564 1947/1947/564 1948/1948/564
f 1949/1949/565 1950/1950/565 1951/1951/565
f 1952/1952/566 1953/1953/566 1954/1954/566
f 1955/1955/567 1956/1956/567 1957/1957/567
f 1958/1958/568 1959/1959/568 1960/1960/568
f 1961/1961/569 1962/1962/569 1963/1963/569
f 1964/1964/570 1965/1965/570 1966/1966/570
f 1967/1967/571 1968/1968/571 1969/1969/571
f 1970/1970/572 1971/1971/572 1972/1972/572
f 1973/1973/573 1974/1974/573 1975/1975/573
f 1976/1976/574 1977/1977/574 1978/1978/574
f 1979/1979/575 1980/1980/575 1981/1981/575
f 1982/1982/576 1983/1983/576 1984/1984/576
f 1985/1985/577 1986/1986/577 1987/1987/577
f 1988/1988/578 1989/1989/578 1990/1990/578
f 1991/1991/579 1992/1992/579 1993/1993/579
f 1994/1994/580 1995/1995/580 1996/1996/580
f 1997/1997/581 1998/1998/581 1999/1999/581
f 2000/2000/582 2001/2001/582 2002/2002/582
f 2003/2003/583 2004/2004/583 2005/2005/583
f 2006/2006/584 2007/2007/584 2008/2008/584
f 2009/2009/585 2010/2010/585 2011/2011/585
f 2009/2009/585 2011/2011/585 2012/2012/585
f 2013/2013/586 2014/2014/586 2015/2015/586
f 2013/2013/586 2015/2015/586 2016/2016/586
f 2017/2017/587 2018/2018/587 2019/2019/587
f 2017/2017/587 2019/2019/587 2020/2020/587
f 2021/2021/588 2022/2022/588 2023/2023/588
f 2021/2021/588 2023/2023/588 2024/2024/588
f 2025/2025/589 2026/2026/589 2027/2027/589
f 2025/2025/589 2027/2027/589 2028/2028/589
f 2029/2029/590 2030/2030/590 2031/2031/590
f 2029/2029/590 2031/2031/590 2032/2032/590
f 2033/2033/591 2034/2034/591 2035/2035/591
f 2033/2033/591 2035/2035/591 2036/2036/591
f 2037/2037/592 2038/2038/592 2039/2039/592
f 2037/2037/592 2039/2039/592 2040/2040/592
f 2041/2041/593 2042/2042/593 2043/2043/593
f 2041/2041/593 2043/2043/593 2044/2044/593
f 2045/2045/594 2046/2046/594 2047/2047/594
f 2045/2045/594 2047/2047/594 2048/2048/594
f 2049/2049/595 2050/2050/595 2051/2051/595
f 2049/2049/595 2051/2051/595 2052/2052/595
f 2053/2053/596 2054/2054/596 2055/2055/596
f 2053/2053/596 2055/2055/596 2056/2056/596
f 2057/2057/597 2058/2058/597 2059/2059/597
f 2057/2057/597 2059/2059/597 2060/2060/597
f 2061/2061/598 2062/2062/598 2063/2063/598
f 2061/2061/598 2063/2063/598 2064/2064/598
f 2065/2065/599 2066/2066/599 2067/2067/599
f 2065/2065/599 2067/2067/599 2068/2068/599
f 2069/2069/600 2070/2070/600 2071/2071/600
f 2069/2069/600 2071/2071/600 2072/2072/600
f 2073/2073/601 2074/2074/601 2075/2075/601
f 2073/2073/601 2075/2075/601 2076/2076/601
f 2077/2077/602 2078/2078/602 2079/2079/602
f 2077/2077/602 2079/2079/602 2080/2080/602
f 2081/2081/603 2082/2082/603 2083/2083/603
f 2081/2081/603 2083/2083/603 2084/2084/603
f 2085/2085/604 2086/2086/604 2087/2087/604
f 2085/2085/604 2087/2087/604 2088/2088/604
f 2089/2089/605 2090/2090/605 2091/2091/605
f 2089/2089/605 2091/2091/605 2092/2092/605
f 2093/2093/606 2094/2094/606 2095/2095/606
f 2093/2093/606 2095/2095/606 2096/2096/606
f 2097/2097/607 2098/2098/607 2099/2099/607
f 2097/2097/607 2099/2099/607 2100/2100/607
f 2101/2101/608 2102/2102/608 2103/2103/608
f 2101/2101/608 2103/2103/608 2104/2104/608
f 2105/2105/609 2106/2106/609 2107/2107/609
f 2108/2108/610 2109/2109/610 2110/2110/610
f 2111/2111/611 2112/2112/611 2113/2113/611
f 2114/2114/612 2115/2115/612 2116/2116/612
f 2117/2117/613 2118/2118/613 2119/2119/613
f 2120/2120/614 2121/2121/614 2122/2122/614
f 2123/2123/615 2124/2124/615 2125/2125/615
f 2126/2126/616 2127/2127/616 2128/2128/616
f 2129/2129/617 2130/2130/617 2131/2131/617
f 2132/2132/618 2133/2133/618 2134/2134/618
f 2135/2135/619 2136/2136/619 2137/2137/619
f 2138/2138/620 2139/2139/620 2140/2140/620
f 2141/2141/621 2142/2142/621 2143/2143/621
f 2144/2144/622 2145/2145/622 2146/2146/622
f 2147/2147/623 2148/2148/623 2149/2149/623
f 2150/2150/624 2151/2151/624 2152/2152/624
f 2153/2153/625 2154/2154/625 2155/2155/625
f 2156/2156/626 2157/2157/626 2158/2158/626
f 2159/2159/627 2160/2160/627 2161/2161/627
f 2162/2162/628 2163/2163/628 2164/2164/628
f 2165/2165/629 2166/2166/629 2167/2167/629
f 2168/2168/630 2169/2169/630 2170/2170/630
f 2171/2171/631 2172/2172/631 2173/2173/631
f 2174/2174/632 2175/2175/632 2176/2176/632
f 2177/2177/633 2178/2178/633 2179/2179/633
f 2177/2177/633 2179/2179/633 2180/2180/633
f 2181/2181/634 2182/2182/634 2183/2183/634
f 2181/2181/634 2183/2183/634 2184/2184/634
f 2185/2185/635 2186/2186/635 2187/2187/635
f 2185/2185/635 2187/2187/635 2188/2188/635
f 2189/2189/636 2190/2190/636 2191/2191/636
f 2189/2189/636 2191/2191/636 2192/2192/636
f 2193/2193/637 2194/2194/637 2195/2195/637
f 2193/2193/637 2195/2195/637 2196/2196/637
f 2197/2197/638 2198/2198/638 2199/2199/638
f 2197/2197/638 2199/2199/638 2200/2200/638
f 2201/2201/639 2202/2202/639 2203/2203/639
f 2201/2201/639 2203/2203/639 2204/2204/639
f 2205/2205/640 2206/2206/640 2207/2207/640
f 2205/2205/640 2207/2207/640 2208/2208/640
f 2209/2209/641 2210/2210/641 2211/2211/641
f 2209/2209/641 2211/2211/641 2212/2212/641
f 2213/2213/642 2214/2214/642 2215/2215/642
f 2213/2213/642 2215/2215/642 2216/2216/642
f 2217/2217/643 2218/2218/643 2219/2219/643
f 2217/2217/643 2219/2219/643 2220/2220/643
f 2221/2221/644 2222/2222/644 2223/2223/644
f 2221/2221/644 2223/2223/644 2224/2224/644
f 2225/2225/645 2226/2226/645 2227/2227/645
f 2225/2225/645 2227/2227/645 2228/2228/645
f 2229/2229/646 2230/2230/646 2231/2231/646
f 2229/2229/646 2231/2231/646 2232/2232/646
f 2233/2233/647 2234/2234/647 2235/2235/647
f 2233/2233/647 2235/2235/647 2236/2236/647
f 2237/2237/648 2238/2238/648 2239/2239/648
f 2237/2237/648 2239/2239/648 2240/2240/648
f 2241/2241/649 2242/2242/649 2243/2243/649
f 2241/2241/649 2243/2243/649 2244/2244/649
f 2245/2245/650 2246/2246/650 2247/2247/650
f 2245/2245/650 2247/2247/650 2248/2248/650
f 2249/2249/651 2250/2250/651 2251/2251/651
f 2252/2252/652 2253/2253/652 2254/2254/652
f 2255/2255/653 2256/2256/653 2257/2257/653
f 2258/2258/654 2259/2259/654 2260/2260/654
f 2261/2261/655 2262/2262/655 2263/2263/655
f 2264/2264/656 2265/2265/656 2266/2266/656
f 2267/2267/657 2268/2268/657 2269/2269/657
f 2270/2270/658 2271/2271/658 2272/2272/658
f 2273/2273/659 2274/2274/659 2275/2275/659
f 2276/2276/660 2277/2277/660 2278/2278/660
f 2279/2279/661 2280/2280/661 2281/2281/661
f 2282/2282/662 2283/2283/662 2284/2284/662
f 2285/2285/663 2286/2286/663 2287/2287/663
f 2288/2288/664 2289/2289/664 2290/2290/664
f 2291/2291/665 2292/2292/665 2293/2293/665
f 2294/2294/666 2295/2295/666 2296/2296/666
f 2297/2297/667 2298/2298/667 2299/2299/667
f 2300/2300/668 2301/2301/668 2302/2302/668
f 2303/2303/669 2304/2304/669 2305/2305/669
f 2306/2306/670 2307/2307/670 2308/2308/670
f 2309/2309/671 2310/2310/671 2311/2311/671
f 2312/2312/672 2313/2313/672 2314/2314/672
f 2315/2315/673 2316/2316/673 2317/2317/673
f 2318/2318/674 2319/2319/674 2320/2320/674
f 2321/2321/675 2322/2322/675 2323/2323/675
f 2321/2321/675 2323/2323/675 2324/2324/675
f 2325/2325/676 2326/2326/676 2327/2327/676
f 2325/2325/676 2327/2327/676 2328/2328/676
f 2329/2329/677 2330/2330/677 2331/2331/677
f 2329/2329/677 2331/2331/677 2332/2332/677
f 2333/2333/678 2334/2334/678 2335/2335/678
f 2333/2333/678 2335/2335/678 2336/2336/678
f 2337/2337/679 2338/2338/679 2339/2339/679
f 2337/2337/679 2339/2339/679 2340/2340/679
f 2341/2341/680 2342/2342/680 2343/2343/680
f 2341/2341/680 2343/2343/680 2344/2344/680
f 2345/2345/681 2346/2346/681 2347/2347/681
f 2345/2345/681 2347/2347/681 2348/2348/681
f 2349/2349/682 2350/2350/682 2351/2351/682
f 2349/2349/682 2351/2351/682 2352/2352/682
f 2353/2353/683 2354/2354/683 2355/2355/683
f 2353/2353/683 2355/2355/683 2356/2356/683
f 2357/2357/684 2358/2358/684 2359/2359/684
f 2357/2357/684 2359/2359/684 2360/2360/684
f 2361/2361/685 2362/2362/685 2363/2363/685
f 2361/2361/685 2363/2363/685 2364/2364/685
f 2365/2365/686 2366/2366/686 2367/2367/686
f 2365/2365/686 2367/2367/686 2368/2368/686
f 2369/2369/687 2370/2370/687 2371/2371/687
f 2369/2369/687 2371/2371/687 2372/2372/687
f 2373/2373/688 2374/2374/688 2375/2375/688
f 2373/2373/688 2375/2375/688 2376/2376/688
f 2377/2377/689 2378/2378/689 2379/2379/689
f 2377/2377/689 2379/2379/689 2380/2380/689
f 2381/2381/690 2382/2382/690 2383/2383/690
f 2381/2381/690 2383/2383/690 2384/2384/690
f 2385/2385/691 2386/2386/691 2387/2387/691
f 2385/2385/691 2387/2387/691 2388/2388/691
f 2389/2389/692 2390/2390/692 2391/2391/692
f 2389/2389/692 2391/2391/692 2392/2392/692
f 2393/2393/693 2394/2394/693 2395/2395/693
f 2393/2393/693 2395/2395/693 2396/2396/693
f 2397/2397/694 2398/2398/694 2399/2399/694
f 2397/2397/694 2399/2399/694 2400/2400/694
f 2401/2401/695 2402/2402/695 2403/2403/695
f 2401/2401/695 2403/2403/695 2404/2404/695
f 2405/2405/696 2406/2406/696 2407/2407/696
f 2405/2405/696 2407/2407/696 2408/2408/696
f 2409/2409/697 2410/2410/697 2411/2411/697
f 2409/2409/697 2411/2411/697 2412/2412/697
f 2413/2413/698 2414/2414/698 2415/2415/698
f 2413/2413/698 2415/2415/698 2416/2416/698
f 2417/2417/699 2418/2418/699 2419/2419/699
f 2420/2420/700 2421/2421/700 2422/2422/700
f 2423/2423/701 2424/2424/701 2425/2425/701
f 2426/2426/702 2427/2427/702 2428/2428/702
f 2429/2429/703 2430/2430/703 2431/2431/703
f 2432/2432/704 2433/2433/704 2434/2434/704
f 2435/2435/705 2436/2436/705 2437/2437/705
f 2438/2438/706 2439/2439/706 2440/2440/706
f 2441/2441/707 2442/2442/707 2443/2443/707
f 2444/2444/708 2445/2445/708 2446/2446/708
f 2447/2447/709 2448/2448/709 2449/2449/709
f 2450/2450/710 2451/2451/710 2452/2452/710
f 2453/2453/711 2454/2454/711 2455/2455/711
f 2456/2456/712 2457/2457/712 2458/2458/712
f 2459/2459/713 2460/2460/713 2461/2461/713
f 2462/2462/714 2463/2463/714 2464/2464/714
f 2465/2465/715 2466/2466/715 2467/2467/715
f 2468/2468/716 2469/2469/716 2470/2470/716
f 2471/2471/717 2472/2472/717 2473/2473/717
f 2474/2474/718 2475/2475/718 2476/2476/718
f 2477/2477/719 2478/2478/719 2479/2479/719
f 2480/2480/720 2481/2481/720 2482/2482/720
f 2483/2483/721 2484/2484/721 2485/2485/721
f 2486/2486/722 2487/2487/722 2488/2488/722
f 2489/2489/723 2490/2490/723 2491/2491/723
f 2489/2489/723 2491/2491/723 2492/2492/723
f 2493/2493/724 2494/2494/724 2495/2495/724
f 2493/2493/724 2495/2495/724 2496/2496/724
f 2497/2497/725 2498/2498/725 2499/2499/725
f 2497/2497/725 2499/2499/725 2500/2500/725
f 2501/2501/726 2502/2502/726 2503/2503/726
f 2501/2501/726 2503/2503/726 2504/2504/726
f 2505/2505/727 2506/2506/727 2507/2507/727
f 2505/2505/727 2507/2507/727 2508/2508/727
f 2509/2509/728 2510/2510/728 2511/2511/728
f 2509/2509/728 2511/2511/728 2512/2512/728
f 2513/2513/729 2514/2514/729 2515/2515/729
f 2513/2513/729 2515/2515/729 2516/2516/729
f 2517/2517/730 2518/2518/730 2519/2519/730
f 2517/2517/730 2519/2519/730 2520/2520/730
f 2521/2521/731 2522/2522/731 2523/2523/731
f 2521/2521/731 2523/2523/731 2524/2524/731
f 2525/2525/732 2526/2526/732 2527/2527/732
f 2525/2525/732 2527/2527/732 2528/2528/732
f 2529/2529/733 2530/2530/733 2531/2531/733
f 2529/2529/733 2531/2531/733 2532/2532/733
f 2533/2533/734 2534/2534/734 2535/2535/734
f 2533/2533/734 2535/2535/734 2536/2536/734
f 2537/2537/735 2538/2538/735 2539/2539/735
f 2537/2537/735 2539/2539/735 2540/2540/735
f 2541/2541/736 2542/2542/736 2543/2543/736
f 2541/2541/736 2543/2543/736 2544/2544/736
f 2545/2545/737 2546/2546/737 2547/2547/737
f 2545/2545/737 2547/2547/737 2548/2548/737
f 2549/2549/738 2550/2550/738 2551/2551/738
f 2549/2549/738 2551/2551/738 2552/2552/738
f 2553/2553/739 2554/2554/739 2555/2555/739
f 2553/2553/739 2555/2555/739 2556/2556/739
f 2557/2557/740 2558/2558/740 2559/2559/740
f 2557/2557/740 2559/2559/740 2560/2560/740
f 2561/2561/741 2562/2562/741 2563/2563/741
f 2564/2564/742 2565/2565/742 2566/2566/742
f 2567/2567/743 2568/2568/743 2569/2569/743
f 2570/2570/744 2571/2571/744 2572/2572/744
f 2573/2573/745 2574/2574/745 2575/2575/745
f 2576/2576/746 2577/2577/746 2578/2578/746
f 2579/2579/747 2580/2580/747 2581/2581/747
f 2582/2582/748 2583/2583/748 2584/2584/748
f 2585/2585/749 2586/2586/749 2587/2587/749
f 2588/2588/750 2589/2589/750 2590/2590/750
f 2591/2591/751 2592/2592/751 2593/2593/751
f 2594/2594/752 2595/2595/752 2596/2596/752
f 2597/2597/753 2598/2598/753 2599/2599/753
f 2600/2600/754 2601/2601/754 2602/2602/754
f 2603/2603/755 2604/2604/755 2605/2605/755
f 2606/2606/756 2607/2607/756 2608/2608/756
f 2609/2609/757 2610/2610/757 2611/2611/757
f 2612/2612/758 2613/2613/758 2614/2614/758
f 2615/2615/759 2616/2616/759 2617/2617/759
f 2618/2618/760 2619/2619/760 2620/2620/760
f 2621/2621/761 2622/2622/761 2623/2623/761
f 2624/2624/762 2625/2625/762 2626/2626/762
f 2627/2627/763 2628/2628/763 2629/2629/763
f 2630/2630/764 2631/2631/764 2632/2632/764
f 2633/2633/765 2634/2634/765 2635/2635/765
f 2633/2633/765 2635/2635/765 2636/2636/765
f 2637/2637/766 2638/2638/766 2639/2639/766
f 2637/2637/766 2639/2639/766 2640/2640/766
f 2641/2641/767 2642/2642/767 2643/2643/767
f 2641/2641/767 2643/2643/767 2644/2644/767
f 2645/2645/768 2646/2646/768 2647/2647/768
f 2645/2645/768 2647/2647/768 2648/2648/768
f 2649/2649/769 2650/2650/769 2651/2651/769
f 2649/2649/769 2651/2651/769 2652/2652/769
f 2653/2653/770 2654/2654/770 2655/2655/770
f 2653/2653/770 2655/2655/770 2656/2656/770
f 2657/2657/771 2658/2658/771 2659/2659/771
f 2657/2657/771 2659/2659/771 2660/2660/771
f 2661/2661/772 2662/2662/772 2663/2663/772
f 2661/2661/772 2663/2663/772 2664/2664/772
f 2665/2665/773 2666/2666/773 2667/2667/773
f 2665/2665/773 2667/2667/773 2668/2668/773
f 2669/2669/774 2670/2670/774 2671/2671/774
f 2669/2669/774 2671/2671/774 2672/2672/774
f 2673/2673/775 2674/2674/775 2675/2675/775
f 2673/2673/775 2675/2675/775 2676/2676/775
f 2677/2677/776 2678/2678/776 2679/2679/776
f 2677/2677/776 2679/2679/776 2680/2680/776
f 2681/2681/777 2682/2682/777 2683/2683/777
f 2681/2681/777 2683/2683/777 2684/2684/777
f 2685/2685/778 2686/2686/778 2687/2687/778
f 2685/2685/778 2687/2687/778 2688/2688/778
f 2689/2689/779 2690/2690/779 2691/2691/779
f 2689/2689/779 2691/2691/779 2692/2692/779
f 2693/2693/780 2694/2694/780 2695/2695/780
f 2693/2693/780 2695/2695/780 2696/2696/780
f 2697/2697/781 2698/2698/781 2699/2699/781
f 2697/2697/781 2699/2699/781 2700/2700/781
f 2701/2701/782 2702/2702/782 2703/2703/782
f 2701/2701/782 2703/2703/782 2704/2704/782
f 2705/2705/783 2706/2706/783 2707/2707/783
f 2705/2705/783 2707/2707/783 2708/2708/783
f 2709/2709/784 2710/2710/784 2711/2711/784
f 2709/2709/784 2711/2711/784 2712/2712/784
f 2713/2713/785 2714/2714/785 2715/2715/785
f 2713/2713/785 2715/2715/785 2716/2716/785
f 2717/2717/786 2718/2718/786 2719/2719/786
f 2717/2717/786 2719/2719/786 2720/2720/786
f 2721/2721/787 2722/2722/787 2723/2723/787
f 2721/2721/787 2723/2723/787 2724/2724/787
f 2725/2725/788 2726/2726/788 2727/2727/788
f 2725/2725/788 2727/2727/788 2728/2728/788
f 2729/2729/789 2730/2730/789 2731/2731/789
f 2732/2732/790 2733/2733/790 2734/2734/790
f 2735/2735/791 2736/2736/791 2737/2737/791
f 2738/2738/792 2739/2739/792 2740/2740/792
f 2741/2741/793 2742/2742/793 2743/2743/793
f 2744/2744/794 2745/2745/794 2746/2746/794
f 2747/2747/795 2748/2748/795 2749/2749/795
f 2750/2750/796 2751/2751/796 2752/2752/796
f 2753/2753/797 2754/2754/797 2755/2755/797
f 2756/2756/798 2757/2757/798 2758/2758/798
f 2759/2759/799 2760/2760/799 2761/2761/799
f 2762/2762/800 2763/2763/800 2764/2764/800
f 2765/2765/801 2766/2766/801 2767/2767/801
f 2768/2768/802 2769/2769/802 2770/2770/802
f 2771/2771/803 2772/2772/803 2773/2773/803
f 2774/2774/804 2775/2775/804 2776/2776/804
f 2777/2777/805 2778/2778/805 2779/2779/805
f 2780/2780/806 2781/2781/806 2782/2782/806
f 2783/2783/807 2784/2784/807 2785/2785/807
f 2786/2786/808 2787/2787/808 2788/2788/808
f 2789/2789/809 2790/2790/809 2791/2791/809
f 2792/2792/810 2793/2793/810 2794/2794/810
f 2795/2795/811 2796/2796/811 2797/2797/811
f 2798/2798/812 2799/2799/812 2800/2800/812
f 2801/2801/813 2802/2802/813 2803/2803/813
f 2801/2801/813 2803/2803/813 2804/2804/813
f 2805/2805/814 2806/2806/814 2807/2807/814
f 2805/2805/814 2807/2807/814 2808/2808/814
f 2809/2809/815 2810/2810/815 2811/2811/815
f 2809/2809/815 2811/2811/815 2812/2812/815
f 2813/2813/816 2814/2814/816 2815/2815/816
f 2813/2813/816 2815/2815/816 2816/2816/816
f 2817/2817/817 2818/2818/817 2819/2819/817
f 2817/2817/817 2819/2819/817 2820/2820/817
f 2821/2821/818 2822/2822/818 2823/2823/818
f 2821/2821/818 2823/2823/818 2824/2824/818
usemtl Safety_Ladder
f 2825/2825/819 2826/2826/819 2827/2827/819
f 2825/2825/819 2827/2827/819 2828/2828/819
f 2829/2829/820 2830/2830/820 2831/2831/820
f 2829/2829/820 2831/2831/820 2832/2832/820
f 2833/2833/821 2834/2834/821 2835/2835/821
f 2833/2833/821 2835/2835/821 2836/2836/821
f 2837/2837/822 2838/2838/822 2839/2839/822
f 2837/2837/822 2839/2839/822 2840/2840/822
f 2841/2841/823 2842/2842/823 2843/2843/823
f 2841/2841/823 2843/2843/823 2844/2844/823
f 2845/2845/824 2846/2846/824 2847/2847/824
f 2845/2845/824 2847/2847/824 2848/2848/824
f 2849/2849/825 2850/2850/825 2851/2851/825
f 2849/2849/825 2851/2851/825 2852/2852/825
f 2853/2853/826 2854/2854/826 2855/2855/826
f 2853/2853/826 2855/2855/826 2856/2856/826
f 2857/2857/827 2858/2858/827 2859/2859/827
f 2857/2857/827 2859/2859/827 2860/2860/827
f 2861/2861/828 2862/2862/828 2863/2863/828
f 2861/2861/828 2863/2863/828 2864/2864/828
f 2865/2865/829 2866/2866/829 2867/2867/829
f 2865/2865/829 2867/2867/829 2868/2868/829
f 2869/2869/830 2870/2870/830 2871/2871/830
f 2869/2869/830 2871/2871/830 2872/2872/830
f 2873/2873/831 2874/2874/831 2875/2875/831
f 2873/2873/831 2875/2875/831 2876/2876/831
f 2877/2877/832 2878/2878/832 2879/2879/832
f 2877/2877/832 2879/2879/832 2880/2880/832
f 2881/2881/833 2882/2882/833 2883/2883/833
f 2881/2881/833 2883/2883/833 2884/2884/833
f 2885/2885/834 2886/2886/834 2887/2887/834
f 2885/2885/834 2887/2887/834 2888/2888/834
f 2889/2889/835 2890/2890/835 2891/2891/835
f 2889/2889/835 2891/2891/835 2892/2892/835
f 2893/2893/836 2894/2894/836 2895/2895/836
f 2893/2893/836 2895/2895/836 2896/2896/836
f 2897/2897/837 2898/2898/837 2899/2899/837
f 2897/2897/837 2899/2899/837 2900/2900/837
f 2901/2901/838 2902/2902/838 2903/2903/838
f 2901/2901/838 2903/2903/838 2904/2904/838
f 2905/2905/839 2906/2906/839 2907/2907/839
f 2905/2905/839 2907/2907/839 2908/2908/839
f 2909/2909/840 2910/2910/840 2911/2911/840
f 2909/2909/840 2911/2911/840 2912/2912/840
f 2913/2913/841 2914/2914/841 2915/2915/841
f 2913/2913/841 2915/2915/841 2916/2916/841
f 2917/2917/842 2918/2918/842 2919/2919/842
f 2917/2917/842 2919/2919/842 2920/2920/842
f 2921/2921/843 2922/2922/843 2923/2923/843
f 2921/2921/843 2923/2923/843 2924/2924/843
f 2925/2925/844 2926/2926/844 2927/2927/844
f 2925/2925/844 2927/2927/844 2928/2928/844
f 2929/2929/845 2930/2930/845 2931/2931/845
f 2929/2929/845 2931/2931/845 2932/2932/845
f 2933/2933/846 2934/2934/846 2935/2935/846
f 2933/2933/846 2935/2935/846 2936/2936/846
f 2937/2937/847 2938/2938/847 2939/2939/847
f 2937/2937/847 2939/2939/847 2940/2940/847
f 2941/2941/848 2942/2942/848 2943/2943/848
f 2941/2941/848 2943/2943/848 2944/2944/848
f 2945/2945/849 2946/2946/849 2947/2947/849
f 2945/2945/849 2947/2947/849 2948/2948/849
f 2949/2949/850 2950/2950/850 2951/2951/850
f 2949/2949/850 2951/2951/850 2952/2952/850
f 2953/2953/851 2954/2954/851 2955/2955/851
f 2953/2953/851 2955/2955/851 2956/2956/851
f 2957/2957/852 2958/2958/852 2959/2959/852
f 2957/2957/852 2959/2959/852 2960/2960/852
f 2961/2961/853 2962/2962/853 2963/2963/853
f 2961/2961/853 2963/2963/853 2964/2964/853
f 2965/2965/854 2966/2966/854 2967/2967/854
f 2965/2965/854 2967/2967/854 2968/2968/854
f 2969/2969/855 2970/2970/855 2971/2971/855
f 2969/2969/855 2971/2971/855 2972/2972/855
f 2973/2973/856 2974/2974/856 2975/2975/856
f 2973/2973/856 2975/2975/856 2976/2976/856
f 2977/2977/857 2978/2978/857 2979/2979/857
f 2977/2977/857 2979/2979/857 2980/2980/857
f 2981/2981/858 2982/2982/858 2983/2983/858
f 2981/2981/858 2983/2983/858 2984/2984/858
f 2985/2985/859 2986/2986/859 2987/2987/859
f 2985/2985/859 2987/2987/859 2988/2988/859
f 2989/2989/860 2990/2990/860 2991/2991/860
f 2989/2989/860 2991/2991/860 2992/2992/860
f 2993/2993/861 2994/2994/861 2995/2995/861
f 2993/2993/861 2995/2995/861 2996/2996/861
f 2997/2997/862 2998/2998/862 2999/2999/862
f 2997/2997/862 2999/2999/862 3000/3000/862
f 3001/3001/863 3002/3002/863 3003/3003/863
f 3001/3001/863 3003/3003/863 3004/3004/863
f 3005/3005/864 3006/3006/864 3007/3007/864
f 3005/3005/864 3007/3007/864 3008/3008/864
f 3009/3009/865 3010/3010/865 3011/3011/865
f 3009/3009/865 3011/3011/865 3012/3012/865
f 3013/3013/866 3014/3014/866 3015/3015/866
f 3013/3013/866 3015/3015/866 3016/3016/866
f 3017/3017/867 3018/3018/867 3019/3019/867
f 3017/3017/867 3019/3019/867 3020/3020/867
f 3021/3021/868 3022/3022/868 3023/3023/868
f 3021/3021/868 3023/3023/868 3024/3024/868
f 3025/3025/869 3026/3026/869 3027/3027/869
f 3025/3025/869 3027/3027/869 3028/3028/869
f 3029/3029/870 3030/3030/870 3031/3031/870
f 3029/3029/870 3031/3031/870 3032/3032/870
f 3033/3033/871 3034/3034/871 3035/3035/871
f 3033/3033/871 3035/3035/871 3036/3036/871
f 3037/3037/872 3038/3038/872 3039/3039/872
f 3037/3037/872 3039/3039/872 3040/3040/872
f 3041/3041/873 3042/3042/873 3043/3043/873
f 3041/3041/873 3043/3043/873 3044/3044/873
f 3045/3045/874 3046/3046/874 3047/3047/874
f 3045/3045/874 3047/3047/874 3048/3048/874
f 3049/3049/875 3050/3050/875 3051/3051/875
f 3049/3049/875 3051/3051/875 3052/3052/875
f 3053/3053/876 3054/3054/876 3055/3055/876
f 3053/3053/876 3055/3055/876 3056/3056/876
f 3057/3057/877 3058/3058/877 3059/3059/877
f 3057/3057/877 3059/3059/877 3060/3060/877
f 3061/3061/878 3062/3062/878 3063/3063/878
f 3061/3061/878 3063/3063/878 3064/3064/878
f 3065/3065/879 3066/3066/879 3067/3067/879
f 3065/3065/879 3067/3067/879 3068/3068/879
f 3069/3069/880 3070/3070/880 3071/3071/880
f 3069/3069/880 3071/3071/880 3072/3072/880
f 3073/3073/881 3074/3074/881 3075/3075/881
f 3073/3073/881 3075/3075/881 3076/3076/881
f 3077/3077/882 3078/3078/882 3079/3079/882
f 3077/3077/882 3079/3079/882 3080/3080/882
f 3081/3081/883 3082/3082/883 3083/3083/883
f 3081/3081/883 3083/3083/883 3084/3084/883
f 3085/3085/884 3086/3086/884 3087/3087/884
f 3085/3085/884 3087/3087/884 3088/3088/884
f 3089/3089/885 3090/3090/885 3091/3091/885
f 3089/3089/885 3091/3091/885 3092/3092/885
f 3093/3093/886 3094/3094/886 3095/3095/886
f 3093/3093/886 3095/3095/886 3096/3096/886
f 3097/3097/887 3098/3098/887 3099/3099/887
f 3097/3097/887 3099/3099/887 3100/3100/887
f 3101/3101/888 3102/3102/888 3103/3103/888
f 3101/3101/888 3103/3103/888 3104/3104/888
f 3105/3105/889 3106/3106/889 3107/3107/889
f 3105/3105/889 3107/3107/889 3108/3108/889
f 3109/3109/890 3110/3110/890 3111/3111/890
f 3109/3109/890 3111/3111/890 3112/3112/890
f 3113/3113/891 3114/3114/891 3115/3115/891
f 3113/3113/891 3115/3115/891 3116/3116/891
f 3117/3117/892 3118/3118/892 3119/3119/892
f 3117/3117/892 3119/3119/892 3120/3120/892
f 3121/3121/893 3122/3122/893 3123/3123/893
f 3121/3121/893 3123/3123/893 3124/3124/893
f 3125/3125/894 3126/3126/894 3127/3127/894
f 3125/3125/894 3127/3127/894 3128/3128/894
f 3129/3129/895 3130/3130/895 3131/3131/895
f 3129/3129/895 3131/3131/895 3132/3132/895
f 3133/3133/896 3134/3134/896 3135/3135/896
f 3133/3133/896 3135/3135/896 3136/3136/896
f 3137/3137/897 3138/3138/897 3139/3139/897
f 3137/3137/897 3139/3139/897 3140/3140/897
f 3141/3141/898 3142/3142/898 3143/3143/898
f 3141/3141/898 3143/3143/898 3144/3144/898
f 3145/3145/899 3146/3146/899 3147/3147/899
f 3145/3145/899 3147/3147/899 3148/3148/899
f 3149/3149/900 3150/3150/900 3151/3151/900
f 3149/3149/900 3151/3151/900 3152/3152/900
f 3153/3153/901 3154/3154/901 3155/3155/901
f 3153/3153/901 3155/3155/901 3156/3156/901
f 3157/3157/902 3158/3158/902 3159/3159/902
f 3157/3157/902 3159/3159/902 3160/3160/902
f 3161/3161/903 3162/3162/903 3163/3163/903
f 3161/3161/903 3163/3163/903 3164/3164/903
f 3165/3165/904 3166/3166/904 3167/3167/904
f 3165/3165/904 3167/3167/904 3168/3168/904
f 3169/3169/905 3170/3170/905 3171/3171/905
f 3169/3169/905 3171/3171/905 3172/3172/905
f 3173/3173/906 3174/3174/906 3175/3175/906
f 3173/3173/906 3175/3175/906 3176/3176/906
f 3177/3177/907 3178/3178/907 3179/3179/907
f 3177/3177/907 3179/3179/907 3180/3180/907
f 3181/3181/908 3182/3182/908 3183/3183/908
f 3181/3181/908 3183/3183/908 3184/3184/908
f 3185/3185/909 3186/3186/909 3187/3187/909
f 3185/3185/909 3187/3187/909 3188/3188/909
f 3189/3189/910 3190/3190/910 3191/3191/910
f 3189/3189/910 3191/3191/910 3192/3192/910
f 3193/3193/911 3194/3194/911 3195/3195/911
f 3193/3193/911 3195/3195/911 3196/3196/911
f 3197/3197/912 3198/3198/912 3199/3199/912
f 3197/3197/912 3199/3199/912 3200/3200/912
f 3201/3201/913 3202/3202/913 3203/3203/913
f 3201/3201/913 3203/3203/913 3204/3204/913
f 3205/3205/914 3206/3206/914 3207/3207/914
f 3205/3205/914 3207/3207/914 3208/3208/914
f 3209/3209/915 3210/3210/915 3211/3211/915
f 3209/3209/915 3211/3211/915 3212/3212/915
f 3213/3213/916 3214/3214/916 3215/3215/916
f 3213/3213/916 3215/3215/916 3216/3216/916
f 3217/3217/917 3218/3218/917 3219/3219/917
f 3217/3217/917 3219/3219/917 3220/3220/917
f 3221/3221/918 3222/3222/918 3223/3223/918
f 3221/3221/918 3223/3223/918 3224/3224/918
f 3225/3225/919 3226/3226/919 3227/3227/919
f 3225/3225/919 3227/3227/919 3228/3228/919
f 3229/3229/920 3230/3230/920 3231/3231/920
f 3229/3229/920 3231/3231/920 3232/3232/920
f 3233/3233/921 3234/3234/921 3235/3235/921
f 3233/3233/921 3235/3235/921 3236/3236/921
f 3237/3237/922 3238/3238/922 3239/3239/922
f 3237/3237/922 3239/3239/922 3240/3240/922
f 3241/3241/923 3242/3242/923 3243/3243/923
f 3241/3241/923 3243/3243/923 3244/3244/923
f 3245/3245/924 3246/3246/924 3247/3247/924
f 3245/3245/924 3247/3247/924 3248/3248/924
f 3249/3249/925 3250/3250/925 3251/3251/925
f 3249/3249/925 3251/3251/925 3252/3252/925
f 3253/3253/926 3254/3254/926 3255/3255/926
f 3253/3253/926 3255/3255/926 3256/3256/926
f 3257/3257/927 3258/3258/927 3259/3259/927
f 3257/3257/927 3259/3259/927 3260/3260/927
f 3261/3261/928 3262/3262/928 3263/3263/928
f 3261/3261/928 3263/3263/928 3264/3264/928
f 3265/3265/929 3266/3266/929 3267/3267/929
f 3265/3265/929 3267/3267/929 3268/3268/929
f 3269/3269/930 3270/3270/930 3271/3271/930
f 3269/3269/930 3271/3271/930 3272/3272/930
f 3273/3273/931 3274/3274/931 3275/3275/931
f 3273/3273/931 3275/3275/931 3276/3276/931
f 3277/3277/932 3278/3278/932 3279/3279/932
f 3277/3277/932 3279/3279/932 3280/3280/932
f 3281/3281/933 3282/3282/933 3283/3283/933
f 3281/3281/933 3283/3283/933 3284/3284/933
f 3285/3285/934 3286/3286/934 3287/3287/934
f 3285/3285/934 3287/3287/934 3288/3288/934
f 3289/3289/935 3290/3290/935 3291/3291/935
f 3289/3289/935 3291/3291/935 3292/3292/935
f 3293/3293/936 3294/3294/936 3295/3295/936
f 3293/3293/936 3295/3295/936 3296/3296/936
f 3297/3297/937 3298/3298/937 3299/3299/937
f 3297/3297/937 3299/3299/937 3300/3300/937
f 3301/3301/938 3302/3302/938 3303/3303/938
f 3301/3301/938 3303/3303/938 3304/3304/938
f 3305/3305/939 3306/3306/939 3307/3307/939
f 3305/3305/939 3307/3307/939 3308/3308/939
f 3309/3309/940 3310/3310/940 3311/3311/940
f 3309/3309/940 3311/3311/940 3312/3312/940
f 3313/3313/941 3314/3314/941 3315/3315/941
f 3313/3313/941 3315/3315/941 3316/3316/941
f 3317/3317/942 3318/3318/942 3319/3319/942
f 3317/3317/942 3319/3319/942 3320/3320/942
f 3321/3321/943 3322/3322/943 3323/3323/943
f 3321/3321/943 3323/3323/943 3324/3324/943
f 3325/3325/944 3326/3326/944 3327/3327/944
f 3325/3325/944 3327/3327/944 3328/3328/944
f 3329/3329/945 3330/3330/945 3331/3331/945
f 3329/3329/945 3331/3331/945 3332/3332/945
f 3333/3333/946 3334/3334/946 3335/3335/946
f 3333/3333/946 3335/3335/946 3336/3336/946
f 3337/3337/947 3338/3338/947 3339/3339/947
f 3337/3337/947 3339/3339/947 3340/3340/947
f 3341/3341/948 3342/3342/948 3343/3343/948
f 3341/3341/948 3343/3343/948 3344/3344/948
f 3345/3345/949 3346/3346/949 3347/3347/949
f 3345/3345/949 3347/3347/949 3348/3348/949
f 3349/3349/950 3350/3350/950 3351/3351/950
f 3349/3349/950 3351/3351/950 3352/3352/950
f 3353/3353/951 3354/3354/951 3355/3355/951
f 3353/3353/951 3355/3355/951 3356/3356/951
f 3357/3357/952 3358/3358/952 3359/3359/952
f 3357/3357/952 3359/3359/952 3360/3360/952
f 3361/3361/953 3362/3362/953 3363/3363/953
f 3361/3361/953 3363/3363/953 3364/3364/953
f 3365/3365/954 3366/3366/954 3367/3367/954
f 3365/3365/954 3367/3367/954 3368/3368/954
f 3369/3369/955 3370/3370/955 3371/3371/955
f 3369/3369/955 3371/3371/955 3372/3372/955
f 3373/3373/956 3374/3374/956 3375/3375/956
f 3373/3373/956 3375/3375/956 3376/3376/956
f 3377/3377/957 3378/3378/957 3379/3379/957
f 3377/3377/957 3379/3379/957 3380/3380/957
f 3381/3381/958 3382/3382/958 3383/3383/958
f 3381/3381/958 3383/3383/958 3384/3384/958
f 3385/3385/959 3386/3386/959 3387/3387/959
f 3385/3385/959 3387/3387/959 3388/3388/959
f 3389/3389/960 3390/3390/960 3391/3391/960
f 3389/3389/960 3391/3391/960 3392/3392/960
f 3393/3393/961 3394/3394/961 3395/3395/961
f 3393/3393/961 3395/3395/961 3396/3396/961
f 3397/3397/962 3398/3398/962 3399/3399/962
f 3397/3397/962 3399/3399/962 3400/3400/962
