# Wavefront OBJ Harbor Wall
mtllib harbor_wall_l_shape.mtl

v 0.0000 -0.3500 2.0000
v 50.5000 -0.3500 2.0000
v 50.5000 0.0000 2.0000
v 0.0000 0.0000 2.0000
v 50.5000 -0.3500 2.0000
v 50.8500 -0.3500 2.0000
v 50.8500 0.0000 2.0000
v 50.5000 0.0000 2.0000
v 50.5000 0.0000 2.0000
v 50.8500 0.0000 2.0000
v 50.8500 35.0000 2.0000
v 50.5000 35.0000 2.0000
v 50.8500 -0.3500 1.8000
v 50.8500 -0.3500 2.0000
v 0.0000 -0.3500 2.0000
v 0.0000 -0.3500 1.8000
v 50.8500 35.0000 1.8000
v 50.8500 35.0000 2.0000
v 50.8500 -0.3500 2.0000
v 50.8500 -0.3500 1.8000
v 0.0000 -4.5000 1.8000
v 50.8500 -4.5000 1.8000
v 50.8500 -0.3500 1.8000
v 0.0000 -0.3500 1.8000
v 50.8500 -0.3500 1.8000
v 55.0000 -0.3500 1.8000
v 55.0000 35.0000 1.8000
v 50.8500 35.0000 1.8000
v 50.8500 -4.5000 1.8000
v 55.0000 -4.5000 1.8000
v 55.0000 -0.3500 1.8000
v 50.8500 -0.3500 1.8000
v 0.0000 0.0000 0.6000
v 0.0000 0.0000 2.0000
v 50.5000 0.0000 2.0000
v 50.5000 0.0000 0.6000
v 0.0000 0.0000 -1.5000
v 0.0000 0.0000 0.6000
v 50.5000 0.0000 0.6000
v 50.5000 0.0000 -1.5000
v 0.0000 0.0000 -16.2000
v 0.0000 0.0000 -1.5000
v 50.5000 0.0000 -1.5000
v 50.5000 0.0000 -16.2000
v 50.5000 35.0000 0.6000
v 50.5000 0.0000 0.6000
v 50.5000 0.0000 2.0000
v 50.5000 35.0000 2.0000
v 50.5000 35.0000 -1.5000
v 50.5000 0.0000 -1.5000
v 50.5000 0.0000 0.6000
v 50.5000 35.0000 0.6000
v 50.5000 35.0000 -16.2000
v 50.5000 0.0000 -16.2000
v 50.5000 0.0000 -1.5000
v 50.5000 35.0000 -1.5000
v 55.0000 -4.5000 -16.2000
v 55.0000 -4.5000 1.8000
v 0.0000 -4.5000 1.8000
v 0.0000 -4.5000 -16.2000
v 55.0000 -4.5000 -16.2000
v 55.0000 35.0000 -16.2000
v 55.0000 35.0000 1.8000
v 55.0000 -4.5000 1.8000
v 0.0000 -4.5000 -16.2000
v 0.0000 -4.5000 1.8000
v 0.0000 0.0000 2.0000
v 0.0000 0.0000 -16.2000
v 50.5000 35.0000 -16.2000
v 50.5000 35.0000 2.0000
v 55.0000 35.0000 1.8000
v 55.0000 35.0000 -16.2000
v 0.0000 0.0000 -16.2000
v 50.5000 0.0000 -16.2000
v 50.5000 -4.5000 -16.2000
v 0.0000 -4.5000 -16.2000
v 50.5000 35.0000 -16.2000
v 55.0000 35.0000 -16.2000
v 55.0000 -4.5000 -16.2000
v 50.5000 -4.5000 -16.2000
v 4.7000 0.0000 -0.6000
v 4.7000 0.0000 0.6000
v 4.7228 0.1148 0.6000
v 4.7228 0.1148 -0.6000
v 4.7228 0.1148 -0.6000
v 4.7228 0.1148 0.6000
v 4.7879 0.2121 0.6000
v 4.7879 0.2121 -0.6000
v 4.7879 0.2121 -0.6000
v 4.7879 0.2121 0.6000
v 4.8852 0.2772 0.6000
v 4.8852 0.2772 -0.6000
v 4.8852 0.2772 -0.6000
v 4.8852 0.2772 0.6000
v 5.0000 0.3000 0.6000
v 5.0000 0.3000 -0.6000
v 5.0000 0.3000 -0.6000
v 5.0000 0.3000 0.6000
v 5.1148 0.2772 0.6000
v 5.1148 0.2772 -0.6000
v 5.1148 0.2772 -0.6000
v 5.1148 0.2772 0.6000
v 5.2121 0.2121 0.6000
v 5.2121 0.2121 -0.6000
v 5.2121 0.2121 -0.6000
v 5.2121 0.2121 0.6000
v 5.2772 0.1148 0.6000
v 5.2772 0.1148 -0.6000
v 5.2772 0.1148 -0.6000
v 5.2772 0.1148 0.6000
v 5.3000 0.0000 0.6000
v 5.3000 0.0000 -0.6000
v 5.0000 0.0000 0.6000
v 4.7228 0.1148 0.6000
v 4.7000 0.0000 0.6000
v 5.0000 0.0000 -0.6000
v 4.7000 0.0000 -0.6000
v 4.7228 0.1148 -0.6000
v 5.0000 0.0000 0.6000
v 4.7879 0.2121 0.6000
v 4.7228 0.1148 0.6000
v 5.0000 0.0000 -0.6000
v 4.7228 0.1148 -0.6000
v 4.7879 0.2121 -0.6000
v 5.0000 0.0000 0.6000
v 4.8852 0.2772 0.6000
v 4.7879 0.2121 0.6000
v 5.0000 0.0000 -0.6000
v 4.7879 0.2121 -0.6000
v 4.8852 0.2772 -0.6000
v 5.0000 0.0000 0.6000
v 5.0000 0.3000 0.6000
v 4.8852 0.2772 0.6000
v 5.0000 0.0000 -0.6000
v 4.8852 0.2772 -0.6000
v 5.0000 0.3000 -0.6000
v 5.0000 0.0000 0.6000
v 5.1148 0.2772 0.6000
v 5.0000 0.3000 0.6000
v 5.0000 0.0000 -0.6000
v 5.0000 0.3000 -0.6000
v 5.1148 0.2772 -0.6000
v 5.0000 0.0000 0.6000
v 5.2121 0.2121 0.6000
v 5.1148 0.2772 0.6000
v 5.0000 0.0000 -0.6000
v 5.1148 0.2772 -0.6000
v 5.2121 0.2121 -0.6000
v 5.0000 0.0000 0.6000
v 5.2772 0.1148 0.6000
v 5.2121 0.2121 0.6000
v 5.0000 0.0000 -0.6000
v 5.2121 0.2121 -0.6000
v 5.2772 0.1148 -0.6000
v 5.0000 0.0000 0.6000
v 5.3000 0.0000 0.6000
v 5.2772 0.1148 0.6000
v 5.0000 0.0000 -0.6000
v 5.2772 0.1148 -0.6000
v 5.3000 0.0000 -0.6000
v 15.7000 0.0000 -0.6000
v 15.7000 0.0000 0.6000
v 15.7228 0.1148 0.6000
v 15.7228 0.1148 -0.6000
v 15.7228 0.1148 -0.6000
v 15.7228 0.1148 0.6000
v 15.7879 0.2121 0.6000
v 15.7879 0.2121 -0.6000
v 15.7879 0.2121 -0.6000
v 15.7879 0.2121 0.6000
v 15.8852 0.2772 0.6000
v 15.8852 0.2772 -0.6000
v 15.8852 0.2772 -0.6000
v 15.8852 0.2772 0.6000
v 16.0000 0.3000 0.6000
v 16.0000 0.3000 -0.6000
v 16.0000 0.3000 -0.6000
v 16.0000 0.3000 0.6000
v 16.1148 0.2772 0.6000
v 16.1148 0.2772 -0.6000
v 16.1148 0.2772 -0.6000
v 16.1148 0.2772 0.6000
v 16.2121 0.2121 0.6000
v 16.2121 0.2121 -0.6000
v 16.2121 0.2121 -0.6000
v 16.2121 0.2121 0.6000
v 16.2772 0.1148 0.6000
v 16.2772 0.1148 -0.6000
v 16.2772 0.1148 -0.6000
v 16.2772 0.1148 0.6000
v 16.3000 0.0000 0.6000
v 16.3000 0.0000 -0.6000
v 16.0000 0.0000 0.6000
v 15.7228 0.1148 0.6000
v 15.7000 0.0000 0.6000
v 16.0000 0.0000 -0.6000
v 15.7000 0.0000 -0.6000
v 15.7228 0.1148 -0.6000
v 16.0000 0.0000 0.6000
v 15.7879 0.2121 0.6000
v 15.7228 0.1148 0.6000
v 16.0000 0.0000 -0.6000
v 15.7228 0.1148 -0.6000
v 15.7879 0.2121 -0.6000
v 16.0000 0.0000 0.6000
v 15.8852 0.2772 0.6000
v 15.7879 0.2121 0.6000
v 16.0000 0.0000 -0.6000
v 15.7879 0.2121 -0.6000
v 15.8852 0.2772 -0.6000
v 16.0000 0.0000 0.6000
v 16.0000 0.3000 0.6000
v 15.8852 0.2772 0.6000
v 16.0000 0.0000 -0.6000
v 15.8852 0.2772 -0.6000
v 16.0000 0.3000 -0.6000
v 16.0000 0.0000 0.6000
v 16.1148 0.2772 0.6000
v 16.0000 0.3000 0.6000
v 16.0000 0.0000 -0.6000
v 16.0000 0.3000 -0.6000
v 16.1148 0.2772 -0.6000
v 16.0000 0.0000 0.6000
v 16.2121 0.2121 0.6000
v 16.1148 0.2772 0.6000
v 16.0000 0.0000 -0.6000
v 16.1148 0.2772 -0.6000
v 16.2121 0.2121 -0.6000
v 16.0000 0.0000 0.6000
v 16.2772 0.1148 0.6000
v 16.2121 0.2121 0.6000
v 16.0000 0.0000 -0.6000
v 16.2121 0.2121 -0.6000
v 16.2772 0.1148 -0.6000
v 16.0000 0.0000 0.6000
v 16.3000 0.0000 0.6000
v 16.2772 0.1148 0.6000
v 16.0000 0.0000 -0.6000
v 16.2772 0.1148 -0.6000
v 16.3000 0.0000 -0.6000
v 26.7000 0.0000 -0.6000
v 26.7000 0.0000 0.6000
v 26.7228 0.1148 0.6000
v 26.7228 0.1148 -0.6000
v 26.7228 0.1148 -0.6000
v 26.7228 0.1148 0.6000
v 26.7879 0.2121 0.6000
v 26.7879 0.2121 -0.6000
v 26.7879 0.2121 -0.6000
v 26.7879 0.2121 0.6000
v 26.8852 0.2772 0.6000
v 26.8852 0.2772 -0.6000
v 26.8852 0.2772 -0.6000
v 26.8852 0.2772 0.6000
v 27.0000 0.3000 0.6000
v 27.0000 0.3000 -0.6000
v 27.0000 0.3000 -0.6000
v 27.0000 0.3000 0.6000
v 27.1148 0.2772 0.6000
v 27.1148 0.2772 -0.6000
v 27.1148 0.2772 -0.6000
v 27.1148 0.2772 0.6000
v 27.2121 0.2121 0.6000
v 27.2121 0.2121 -0.6000
v 27.2121 0.2121 -0.6000
v 27.2121 0.2121 0.6000
v 27.2772 0.1148 0.6000
v 27.2772 0.1148 -0.6000
v 27.2772 0.1148 -0.6000
v 27.2772 0.1148 0.6000
v 27.3000 0.0000 0.6000
v 27.3000 0.0000 -0.6000
v 27.0000 0.0000 0.6000
v 26.7228 0.1148 0.6000
v 26.7000 0.0000 0.6000
v 27.0000 0.0000 -0.6000
v 26.7000 0.0000 -0.6000
v 26.7228 0.1148 -0.6000
v 27.0000 0.0000 0.6000
v 26.7879 0.2121 0.6000
v 26.7228 0.1148 0.6000
v 27.0000 0.0000 -0.6000
v 26.7228 0.1148 -0.6000
v 26.7879 0.2121 -0.6000
v 27.0000 0.0000 0.6000
v 26.8852 0.2772 0.6000
v 26.7879 0.2121 0.6000
v 27.0000 0.0000 -0.6000
v 26.7879 0.2121 -0.6000
v 26.8852 0.2772 -0.6000
v 27.0000 0.0000 0.6000
v 27.0000 0.3000 0.6000
v 26.8852 0.2772 0.6000
v 27.0000 0.0000 -0.6000
v 26.8852 0.2772 -0.6000
v 27.0000 0.3000 -0.6000
v 27.0000 0.0000 0.6000
v 27.1148 0.2772 0.6000
v 27.0000 0.3000 0.6000
v 27.0000 0.0000 -0.6000
v 27.0000 0.3000 -0.6000
v 27.1148 0.2772 -0.6000
v 27.0000 0.0000 0.6000
v 27.2121 0.2121 0.6000
v 27.1148 0.2772 0.6000
v 27.0000 0.0000 -0.6000
v 27.1148 0.2772 -0.6000
v 27.2121 0.2121 -0.6000
v 27.0000 0.0000 0.6000
v 27.2772 0.1148 0.6000
v 27.2121 0.2121 0.6000
v 27.0000 0.0000 -0.6000
v 27.2121 0.2121 -0.6000
v 27.2772 0.1148 -0.6000
v 27.0000 0.0000 0.6000
v 27.3000 0.0000 0.6000
v 27.2772 0.1148 0.6000
v 27.0000 0.0000 -0.6000
v 27.2772 0.1148 -0.6000
v 27.3000 0.0000 -0.6000
v 37.7000 0.0000 -0.6000
v 37.7000 0.0000 0.6000
v 37.7228 0.1148 0.6000
v 37.7228 0.1148 -0.6000
v 37.7228 0.1148 -0.6000
v 37.7228 0.1148 0.6000
v 37.7879 0.2121 0.6000
v 37.7879 0.2121 -0.6000
v 37.7879 0.2121 -0.6000
v 37.7879 0.2121 0.6000
v 37.8852 0.2772 0.6000
v 37.8852 0.2772 -0.6000
v 37.8852 0.2772 -0.6000
v 37.8852 0.2772 0.6000
v 38.0000 0.3000 0.6000
v 38.0000 0.3000 -0.6000
v 38.0000 0.3000 -0.6000
v 38.0000 0.3000 0.6000
v 38.1148 0.2772 0.6000
v 38.1148 0.2772 -0.6000
v 38.1148 0.2772 -0.6000
v 38.1148 0.2772 0.6000
v 38.2121 0.2121 0.6000
v 38.2121 0.2121 -0.6000
v 38.2121 0.2121 -0.6000
v 38.2121 0.2121 0.6000
v 38.2772 0.1148 0.6000
v 38.2772 0.1148 -0.6000
v 38.2772 0.1148 -0.6000
v 38.2772 0.1148 0.6000
v 38.3000 0.0000 0.6000
v 38.3000 0.0000 -0.6000
v 38.0000 0.0000 0.6000
v 37.7228 0.1148 0.6000
v 37.7000 0.0000 0.6000
v 38.0000 0.0000 -0.6000
v 37.7000 0.0000 -0.6000
v 37.7228 0.1148 -0.6000
v 38.0000 0.0000 0.6000
v 37.7879 0.2121 0.6000
v 37.7228 0.1148 0.6000
v 38.0000 0.0000 -0.6000
v 37.7228 0.1148 -0.6000
v 37.7879 0.2121 -0.6000
v 38.0000 0.0000 0.6000
v 37.8852 0.2772 0.6000
v 37.7879 0.2121 0.6000
v 38.0000 0.0000 -0.6000
v 37.7879 0.2121 -0.6000
v 37.8852 0.2772 -0.6000
v 38.0000 0.0000 0.6000
v 38.0000 0.3000 0.6000
v 37.8852 0.2772 0.6000
v 38.0000 0.0000 -0.6000
v 37.8852 0.2772 -0.6000
v 38.0000 0.3000 -0.6000
v 38.0000 0.0000 0.6000
v 38.1148 0.2772 0.6000
v 38.0000 0.3000 0.6000
v 38.0000 0.0000 -0.6000
v 38.0000 0.3000 -0.6000
v 38.1148 0.2772 -0.6000
v 38.0000 0.0000 0.6000
v 38.2121 0.2121 0.6000
v 38.1148 0.2772 0.6000
v 38.0000 0.0000 -0.6000
v 38.1148 0.2772 -0.6000
v 38.2121 0.2121 -0.6000
v 38.0000 0.0000 0.6000
v 38.2772 0.1148 0.6000
v 38.2121 0.2121 0.6000
v 38.0000 0.0000 -0.6000
v 38.2121 0.2121 -0.6000
v 38.2772 0.1148 -0.6000
v 38.0000 0.0000 0.6000
v 38.3000 0.0000 0.6000
v 38.2772 0.1148 0.6000
v 38.0000 0.0000 -0.6000
v 38.2772 0.1148 -0.6000
v 38.3000 0.0000 -0.6000
v 50.5000 4.7000 -0.6000
v 50.5000 4.7000 0.6000
v 50.3852 4.7228 0.6000
v 50.3852 4.7228 -0.6000
v 50.3852 4.7228 -0.6000
v 50.3852 4.7228 0.6000
v 50.2879 4.7879 0.6000
v 50.2879 4.7879 -0.6000
v 50.2879 4.7879 -0.6000
v 50.2879 4.7879 0.6000
v 50.2228 4.8852 0.6000
v 50.2228 4.8852 -0.6000
v 50.2228 4.8852 -0.6000
v 50.2228 4.8852 0.6000
v 50.2000 5.0000 0.6000
v 50.2000 5.0000 -0.6000
v 50.2000 5.0000 -0.6000
v 50.2000 5.0000 0.6000
v 50.2228 5.1148 0.6000
v 50.2228 5.1148 -0.6000
v 50.2228 5.1148 -0.6000
v 50.2228 5.1148 0.6000
v 50.2879 5.2121 0.6000
v 50.2879 5.2121 -0.6000
v 50.2879 5.2121 -0.6000
v 50.2879 5.2121 0.6000
v 50.3852 5.2772 0.6000
v 50.3852 5.2772 -0.6000
v 50.3852 5.2772 -0.6000
v 50.3852 5.2772 0.6000
v 50.5000 5.3000 0.6000
v 50.5000 5.3000 -0.6000
v 50.5000 5.0000 0.6000
v 50.3852 4.7228 0.6000
v 50.5000 4.7000 0.6000
v 50.5000 5.0000 -0.6000
v 50.5000 4.7000 -0.6000
v 50.3852 4.7228 -0.6000
v 50.5000 5.0000 0.6000
v 50.2879 4.7879 0.6000
v 50.3852 4.7228 0.6000
v 50.5000 5.0000 -0.6000
v 50.3852 4.7228 -0.6000
v 50.2879 4.7879 -0.6000
v 50.5000 5.0000 0.6000
v 50.2228 4.8852 0.6000
v 50.2879 4.7879 0.6000
v 50.5000 5.0000 -0.6000
v 50.2879 4.7879 -0.6000
v 50.2228 4.8852 -0.6000
v 50.5000 5.0000 0.6000
v 50.2000 5.0000 0.6000
v 50.2228 4.8852 0.6000
v 50.5000 5.0000 -0.6000
v 50.2228 4.8852 -0.6000
v 50.2000 5.0000 -0.6000
v 50.5000 5.0000 0.6000
v 50.2228 5.1148 0.6000
v 50.2000 5.0000 0.6000
v 50.5000 5.0000 -0.6000
v 50.2000 5.0000 -0.6000
v 50.2228 5.1148 -0.6000
v 50.5000 5.0000 0.6000
v 50.2879 5.2121 0.6000
v 50.2228 5.1148 0.6000
v 50.5000 5.0000 -0.6000
v 50.2228 5.1148 -0.6000
v 50.2879 5.2121 -0.6000
v 50.5000 5.0000 0.6000
v 50.3852 5.2772 0.6000
v 50.2879 5.2121 0.6000
v 50.5000 5.0000 -0.6000
v 50.2879 5.2121 -0.6000
v 50.3852 5.2772 -0.6000
v 50.5000 5.0000 0.6000
v 50.5000 5.3000 0.6000
v 50.3852 5.2772 0.6000
v 50.5000 5.0000 -0.6000
v 50.3852 5.2772 -0.6000
v 50.5000 5.3000 -0.6000
v 50.5000 15.7000 -0.6000
v 50.5000 15.7000 0.6000
v 50.3852 15.7228 0.6000
v 50.3852 15.7228 -0.6000
v 50.3852 15.7228 -0.6000
v 50.3852 15.7228 0.6000
v 50.2879 15.7879 0.6000
v 50.2879 15.7879 -0.6000
v 50.2879 15.7879 -0.6000
v 50.2879 15.7879 0.6000
v 50.2228 15.8852 0.6000
v 50.2228 15.8852 -0.6000
v 50.2228 15.8852 -0.6000
v 50.2228 15.8852 0.6000
v 50.2000 16.0000 0.6000
v 50.2000 16.0000 -0.6000
v 50.2000 16.0000 -0.6000
v 50.2000 16.0000 0.6000
v 50.2228 16.1148 0.6000
v 50.2228 16.1148 -0.6000
v 50.2228 16.1148 -0.6000
v 50.2228 16.1148 0.6000
v 50.2879 16.2121 0.6000
v 50.2879 16.2121 -0.6000
v 50.2879 16.2121 -0.6000
v 50.2879 16.2121 0.6000
v 50.3852 16.2772 0.6000
v 50.3852 16.2772 -0.6000
v 50.3852 16.2772 -0.6000
v 50.3852 16.2772 0.6000
v 50.5000 16.3000 0.6000
v 50.5000 16.3000 -0.6000
v 50.5000 16.0000 0.6000
v 50.3852 15.7228 0.6000
v 50.5000 15.7000 0.6000
v 50.5000 16.0000 -0.6000
v 50.5000 15.7000 -0.6000
v 50.3852 15.7228 -0.6000
v 50.5000 16.0000 0.6000
v 50.2879 15.7879 0.6000
v 50.3852 15.7228 0.6000
v 50.5000 16.0000 -0.6000
v 50.3852 15.7228 -0.6000
v 50.2879 15.7879 -0.6000
v 50.5000 16.0000 0.6000
v 50.2228 15.8852 0.6000
v 50.2879 15.7879 0.6000
v 50.5000 16.0000 -0.6000
v 50.2879 15.7879 -0.6000
v 50.2228 15.8852 -0.6000
v 50.5000 16.0000 0.6000
v 50.2000 16.0000 0.6000
v 50.2228 15.8852 0.6000
v 50.5000 16.0000 -0.6000
v 50.2228 15.8852 -0.6000
v 50.2000 16.0000 -0.6000
v 50.5000 16.0000 0.6000
v 50.2228 16.1148 0.6000
v 50.2000 16.0000 0.6000
v 50.5000 16.0000 -0.6000
v 50.2000 16.0000 -0.6000
v 50.2228 16.1148 -0.6000
v 50.5000 16.0000 0.6000
v 50.2879 16.2121 0.6000
v 50.2228 16.1148 0.6000
v 50.5000 16.0000 -0.6000
v 50.2228 16.1148 -0.6000
v 50.2879 16.2121 -0.6000
v 50.5000 16.0000 0.6000
v 50.3852 16.2772 0.6000
v 50.2879 16.2121 0.6000
v 50.5000 16.0000 -0.6000
v 50.2879 16.2121 -0.6000
v 50.3852 16.2772 -0.6000
v 50.5000 16.0000 0.6000
v 50.5000 16.3000 0.6000
v 50.3852 16.2772 0.6000
v 50.5000 16.0000 -0.6000
v 50.3852 16.2772 -0.6000
v 50.5000 16.3000 -0.6000
v 5.3500 -0.6500 1.8000
v 5.3031 -0.4750 1.8000
v 5.3031 -0.4750 1.8800
v 5.3500 -0.6500 1.8800
v 5.3031 -0.4750 1.8000
v 5.1750 -0.3469 1.8000
v 5.1750 -0.3469 1.8800
v 5.3031 -0.4750 1.8800
v 5.1750 -0.3469 1.8000
v 5.0000 -0.3000 1.8000
v 5.0000 -0.3000 1.8800
v 5.1750 -0.3469 1.8800
v 5.0000 -0.3000 1.8000
v 4.8250 -0.3469 1.8000
v 4.8250 -0.3469 1.8800
v 5.0000 -0.3000 1.8800
v 4.8250 -0.3469 1.8000
v 4.6969 -0.4750 1.8000
v 4.6969 -0.4750 1.8800
v 4.8250 -0.3469 1.8800
v 4.6969 -0.4750 1.8000
v 4.6500 -0.6500 1.8000
v 4.6500 -0.6500 1.8800
v 4.6969 -0.4750 1.8800
v 4.6500 -0.6500 1.8000
v 4.6969 -0.8250 1.8000
v 4.6969 -0.8250 1.8800
v 4.6500 -0.6500 1.8800
v 4.6969 -0.8250 1.8000
v 4.8250 -0.9531 1.8000
v 4.8250 -0.9531 1.8800
v 4.6969 -0.8250 1.8800
v 4.8250 -0.9531 1.8000
v 5.0000 -1.0000 1.8000
v 5.0000 -1.0000 1.8800
v 4.8250 -0.9531 1.8800
v 5.0000 -1.0000 1.8000
v 5.1750 -0.9531 1.8000
v 5.1750 -0.9531 1.8800
v 5.0000 -1.0000 1.8800
v 5.1750 -0.9531 1.8000
v 5.3031 -0.8250 1.8000
v 5.3031 -0.8250 1.8800
v 5.1750 -0.9531 1.8800
v 5.3031 -0.8250 1.8000
v 5.3031 -0.8250 1.8800
v 5.3500 -0.6500 1.8800
v 5.3500 -0.6500 1.8000
v 5.0000 -0.6500 1.8800
v 5.3500 -0.6500 1.8800
v 5.3031 -0.4750 1.8800
v 5.0000 -0.6500 1.8000
v 5.3031 -0.4750 1.8000
v 5.3500 -0.6500 1.8000
v 5.0000 -0.6500 1.8800
v 5.3031 -0.4750 1.8800
v 5.1750 -0.3469 1.8800
v 5.0000 -0.6500 1.8000
v 5.1750 -0.3469 1.8000
v 5.3031 -0.4750 1.8000
v 5.0000 -0.6500 1.8800
v 5.1750 -0.3469 1.8800
v 5.0000 -0.3000 1.8800
v 5.0000 -0.6500 1.8000
v 5.0000 -0.3000 1.8000
v 5.1750 -0.3469 1.8000
v 5.0000 -0.6500 1.8800
v 5.0000 -0.3000 1.8800
v 4.8250 -0.3469 1.8800
v 5.0000 -0.6500 1.8000
v 4.8250 -0.3469 1.8000
v 5.0000 -0.3000 1.8000
v 5.0000 -0.6500 1.8800
v 4.8250 -0.3469 1.8800
v 4.6969 -0.4750 1.8800
v 5.0000 -0.6500 1.8000
v 4.6969 -0.4750 1.8000
v 4.8250 -0.3469 1.8000
v 5.0000 -0.6500 1.8800
v 4.6969 -0.4750 1.8800
v 4.6500 -0.6500 1.8800
v 5.0000 -0.6500 1.8000
v 4.6500 -0.6500 1.8000
v 4.6969 -0.4750 1.8000
v 5.0000 -0.6500 1.8800
v 4.6500 -0.6500 1.8800
v 4.6969 -0.8250 1.8800
v 5.0000 -0.6500 1.8000
v 4.6969 -0.8250 1.8000
v 4.6500 -0.6500 1.8000
v 5.0000 -0.6500 1.8800
v 4.6969 -0.8250 1.8800
v 4.8250 -0.9531 1.8800
v 5.0000 -0.6500 1.8000
v 4.8250 -0.9531 1.8000
v 4.6969 -0.8250 1.8000
v 5.0000 -0.6500 1.8800
v 4.8250 -0.9531 1.8800
v 5.0000 -1.0000 1.8800
v 5.0000 -0.6500 1.8000
v 5.0000 -1.0000 1.8000
v 4.8250 -0.9531 1.8000
v 5.0000 -0.6500 1.8800
v 5.0000 -1.0000 1.8800
v 5.1750 -0.9531 1.8800
v 5.0000 -0.6500 1.8000
v 5.1750 -0.9531 1.8000
v 5.0000 -1.0000 1.8000
v 5.0000 -0.6500 1.8800
v 5.1750 -0.9531 1.8800
v 5.3031 -0.8250 1.8800
v 5.0000 -0.6500 1.8000
v 5.3031 -0.8250 1.8000
v 5.1750 -0.9531 1.8000
v 5.0000 -0.6500 1.8800
v 5.3031 -0.8250 1.8800
v 5.3500 -0.6500 1.8800
v 5.0000 -0.6500 1.8000
v 5.3500 -0.6500 1.8000
v 5.3031 -0.8250 1.8000
v 5.2200 -0.6500 1.8800
v 5.1905 -0.5400 1.8800
v 5.1905 -0.5400 2.3500
v 5.2200 -0.6500 2.3500
v 5.1905 -0.5400 1.8800
v 5.1100 -0.4595 1.8800
v 5.1100 -0.4595 2.3500
v 5.1905 -0.5400 2.3500
v 5.1100 -0.4595 1.8800
v 5.0000 -0.4300 1.8800
v 5.0000 -0.4300 2.3500
v 5.1100 -0.4595 2.3500
v 5.0000 -0.4300 1.8800
v 4.8900 -0.4595 1.8800
v 4.8900 -0.4595 2.3500
v 5.0000 -0.4300 2.3500
v 4.8900 -0.4595 1.8800
v 4.8095 -0.5400 1.8800
v 4.8095 -0.5400 2.3500
v 4.8900 -0.4595 2.3500
v 4.8095 -0.5400 1.8800
v 4.7800 -0.6500 1.8800
v 4.7800 -0.6500 2.3500
v 4.8095 -0.5400 2.3500
v 4.7800 -0.6500 1.8800
v 4.8095 -0.7600 1.8800
v 4.8095 -0.7600 2.3500
v 4.7800 -0.6500 2.3500
v 4.8095 -0.7600 1.8800
v 4.8900 -0.8405 1.8800
v 4.8900 -0.8405 2.3500
v 4.8095 -0.7600 2.3500
v 4.8900 -0.8405 1.8800
v 5.0000 -0.8700 1.8800
v 5.0000 -0.8700 2.3500
v 4.8900 -0.8405 2.3500
v 5.0000 -0.8700 1.8800
v 5.1100 -0.8405 1.8800
v 5.1100 -0.8405 2.3500
v 5.0000 -0.8700 2.3500
v 5.1100 -0.8405 1.8800
v 5.1905 -0.7600 1.8800
v 5.1905 -0.7600 2.3500
v 5.1100 -0.8405 2.3500
v 5.1905 -0.7600 1.8800
v 5.1905 -0.7600 2.3500
v 5.2200 -0.6500 2.3500
v 5.2200 -0.6500 1.8800
v 5.2900 -0.6500 2.3500
v 5.2511 -0.5050 2.3500
v 5.2511 -0.5050 2.4800
v 5.2900 -0.6500 2.4800
v 5.2511 -0.5050 2.3500
v 5.1450 -0.3989 2.3500
v 5.1450 -0.3989 2.4800
v 5.2511 -0.5050 2.4800
v 5.1450 -0.3989 2.3500
v 5.0000 -0.3600 2.3500
v 5.0000 -0.3600 2.4800
v 5.1450 -0.3989 2.4800
v 5.0000 -0.3600 2.3500
v 4.8550 -0.3989 2.3500
v 4.8550 -0.3989 2.4800
v 5.0000 -0.3600 2.4800
v 4.8550 -0.3989 2.3500
v 4.7489 -0.5050 2.3500
v 4.7489 -0.5050 2.4800
v 4.8550 -0.3989 2.4800
v 4.7489 -0.5050 2.3500
v 4.7100 -0.6500 2.3500
v 4.7100 -0.6500 2.4800
v 4.7489 -0.5050 2.4800
v 4.7100 -0.6500 2.3500
v 4.7489 -0.7950 2.3500
v 4.7489 -0.7950 2.4800
v 4.7100 -0.6500 2.4800
v 4.7489 -0.7950 2.3500
v 4.8550 -0.9011 2.3500
v 4.8550 -0.9011 2.4800
v 4.7489 -0.7950 2.4800
v 4.8550 -0.9011 2.3500
v 5.0000 -0.9400 2.3500
v 5.0000 -0.9400 2.4800
v 4.8550 -0.9011 2.4800
v 5.0000 -0.9400 2.3500
v 5.1450 -0.9011 2.3500
v 5.1450 -0.9011 2.4800
v 5.0000 -0.9400 2.4800
v 5.1450 -0.9011 2.3500
v 5.2511 -0.7950 2.3500
v 5.2511 -0.7950 2.4800
v 5.1450 -0.9011 2.4800
v 5.2511 -0.7950 2.3500
v 5.2511 -0.7950 2.4800
v 5.2900 -0.6500 2.4800
v 5.2900 -0.6500 2.3500
v 5.0000 -0.6500 2.4800
v 5.2900 -0.6500 2.4800
v 5.2511 -0.5050 2.4800
v 5.0000 -0.6500 2.3500
v 5.2511 -0.5050 2.3500
v 5.2900 -0.6500 2.3500
v 5.0000 -0.6500 2.4800
v 5.2511 -0.5050 2.4800
v 5.1450 -0.3989 2.4800
v 5.0000 -0.6500 2.3500
v 5.1450 -0.3989 2.3500
v 5.2511 -0.5050 2.3500
v 5.0000 -0.6500 2.4800
v 5.1450 -0.3989 2.4800
v 5.0000 -0.3600 2.4800
v 5.0000 -0.6500 2.3500
v 5.0000 -0.3600 2.3500
v 5.1450 -0.3989 2.3500
v 5.0000 -0.6500 2.4800
v 5.0000 -0.3600 2.4800
v 4.8550 -0.3989 2.4800
v 5.0000 -0.6500 2.3500
v 4.8550 -0.3989 2.3500
v 5.0000 -0.3600 2.3500
v 5.0000 -0.6500 2.4800
v 4.8550 -0.3989 2.4800
v 4.7489 -0.5050 2.4800
v 5.0000 -0.6500 2.3500
v 4.7489 -0.5050 2.3500
v 4.8550 -0.3989 2.3500
v 5.0000 -0.6500 2.4800
v 4.7489 -0.5050 2.4800
v 4.7100 -0.6500 2.4800
v 5.0000 -0.6500 2.3500
v 4.7100 -0.6500 2.3500
v 4.7489 -0.5050 2.3500
v 5.0000 -0.6500 2.4800
v 4.7100 -0.6500 2.4800
v 4.7489 -0.7950 2.4800
v 5.0000 -0.6500 2.3500
v 4.7489 -0.7950 2.3500
v 4.7100 -0.6500 2.3500
v 5.0000 -0.6500 2.4800
v 4.7489 -0.7950 2.4800
v 4.8550 -0.9011 2.4800
v 5.0000 -0.6500 2.3500
v 4.8550 -0.9011 2.3500
v 4.7489 -0.7950 2.3500
v 5.0000 -0.6500 2.4800
v 4.8550 -0.9011 2.4800
v 5.0000 -0.9400 2.4800
v 5.0000 -0.6500 2.3500
v 5.0000 -0.9400 2.3500
v 4.8550 -0.9011 2.3500
v 5.0000 -0.6500 2.4800
v 5.0000 -0.9400 2.4800
v 5.1450 -0.9011 2.4800
v 5.0000 -0.6500 2.3500
v 5.1450 -0.9011 2.3500
v 5.0000 -0.9400 2.3500
v 5.0000 -0.6500 2.4800
v 5.1450 -0.9011 2.4800
v 5.2511 -0.7950 2.4800
v 5.0000 -0.6500 2.3500
v 5.2511 -0.7950 2.3500
v 5.1450 -0.9011 2.3500
v 5.0000 -0.6500 2.4800
v 5.2511 -0.7950 2.4800
v 5.2900 -0.6500 2.4800
v 5.0000 -0.6500 2.3500
v 5.2900 -0.6500 2.3500
v 5.2511 -0.7950 2.3500
v 4.6200 -0.7300 2.2400
v 5.3800 -0.7300 2.2400
v 5.3800 -0.5700 2.2400
v 4.6200 -0.5700 2.2400
v 4.6200 -0.5700 2.1600
v 5.3800 -0.5700 2.1600
v 5.3800 -0.7300 2.1600
v 4.6200 -0.7300 2.1600
v 4.6200 -0.5700 2.1600
v 4.6200 -0.5700 2.2400
v 5.3800 -0.5700 2.2400
v 5.3800 -0.5700 2.1600
v 5.3800 -0.7300 2.1600
v 5.3800 -0.7300 2.2400
v 4.6200 -0.7300 2.2400
v 4.6200 -0.7300 2.1600
v 4.6200 -0.7300 2.1600
v 4.6200 -0.7300 2.2400
v 4.6200 -0.5700 2.2400
v 4.6200 -0.5700 2.1600
v 5.3800 -0.5700 2.1600
v 5.3800 -0.5700 2.2400
v 5.3800 -0.7300 2.2400
v 5.3800 -0.7300 2.1600
v 16.3500 -0.6500 1.8000
v 16.3031 -0.4750 1.8000
v 16.3031 -0.4750 1.8800
v 16.3500 -0.6500 1.8800
v 16.3031 -0.4750 1.8000
v 16.1750 -0.3469 1.8000
v 16.1750 -0.3469 1.8800
v 16.3031 -0.4750 1.8800
v 16.1750 -0.3469 1.8000
v 16.0000 -0.3000 1.8000
v 16.0000 -0.3000 1.8800
v 16.1750 -0.3469 1.8800
v 16.0000 -0.3000 1.8000
v 15.8250 -0.3469 1.8000
v 15.8250 -0.3469 1.8800
v 16.0000 -0.3000 1.8800
v 15.8250 -0.3469 1.8000
v 15.6969 -0.4750 1.8000
v 15.6969 -0.4750 1.8800
v 15.8250 -0.3469 1.8800
v 15.6969 -0.4750 1.8000
v 15.6500 -0.6500 1.8000
v 15.6500 -0.6500 1.8800
v 15.6969 -0.4750 1.8800
v 15.6500 -0.6500 1.8000
v 15.6969 -0.8250 1.8000
v 15.6969 -0.8250 1.8800
v 15.6500 -0.6500 1.8800
v 15.6969 -0.8250 1.8000
v 15.8250 -0.9531 1.8000
v 15.8250 -0.9531 1.8800
v 15.6969 -0.8250 1.8800
v 15.8250 -0.9531 1.8000
v 16.0000 -1.0000 1.8000
v 16.0000 -1.0000 1.8800
v 15.8250 -0.9531 1.8800
v 16.0000 -1.0000 1.8000
v 16.1750 -0.9531 1.8000
v 16.1750 -0.9531 1.8800
v 16.0000 -1.0000 1.8800
v 16.1750 -0.9531 1.8000
v 16.3031 -0.8250 1.8000
v 16.3031 -0.8250 1.8800
v 16.1750 -0.9531 1.8800
v 16.3031 -0.8250 1.8000
v 16.3031 -0.8250 1.8800
v 16.3500 -0.6500 1.8800
v 16.3500 -0.6500 1.8000
v 16.0000 -0.6500 1.8800
v 16.3500 -0.6500 1.8800
v 16.3031 -0.4750 1.8800
v 16.0000 -0.6500 1.8000
v 16.3031 -0.4750 1.8000
v 16.3500 -0.6500 1.8000
v 16.0000 -0.6500 1.8800
v 16.3031 -0.4750 1.8800
v 16.1750 -0.3469 1.8800
v 16.0000 -0.6500 1.8000
v 16.1750 -0.3469 1.8000
v 16.3031 -0.4750 1.8000
v 16.0000 -0.6500 1.8800
v 16.1750 -0.3469 1.8800
v 16.0000 -0.3000 1.8800
v 16.0000 -0.6500 1.8000
v 16.0000 -0.3000 1.8000
v 16.1750 -0.3469 1.8000
v 16.0000 -0.6500 1.8800
v 16.0000 -0.3000 1.8800
v 15.8250 -0.3469 1.8800
v 16.0000 -0.6500 1.8000
v 15.8250 -0.3469 1.8000
v 16.0000 -0.3000 1.8000
v 16.0000 -0.6500 1.8800
v 15.8250 -0.3469 1.8800
v 15.6969 -0.4750 1.8800
v 16.0000 -0.6500 1.8000
v 15.6969 -0.4750 1.8000
v 15.8250 -0.3469 1.8000
v 16.0000 -0.6500 1.8800
v 15.6969 -0.4750 1.8800
v 15.6500 -0.6500 1.8800
v 16.0000 -0.6500 1.8000
v 15.6500 -0.6500 1.8000
v 15.6969 -0.4750 1.8000
v 16.0000 -0.6500 1.8800
v 15.6500 -0.6500 1.8800
v 15.6969 -0.8250 1.8800
v 16.0000 -0.6500 1.8000
v 15.6969 -0.8250 1.8000
v 15.6500 -0.6500 1.8000
v 16.0000 -0.6500 1.8800
v 15.6969 -0.8250 1.8800
v 15.8250 -0.9531 1.8800
v 16.0000 -0.6500 1.8000
v 15.8250 -0.9531 1.8000
v 15.6969 -0.8250 1.8000
v 16.0000 -0.6500 1.8800
v 15.8250 -0.9531 1.8800
v 16.0000 -1.0000 1.8800
v 16.0000 -0.6500 1.8000
v 16.0000 -1.0000 1.8000
v 15.8250 -0.9531 1.8000
v 16.0000 -0.6500 1.8800
v 16.0000 -1.0000 1.8800
v 16.1750 -0.9531 1.8800
v 16.0000 -0.6500 1.8000
v 16.1750 -0.9531 1.8000
v 16.0000 -1.0000 1.8000
v 16.0000 -0.6500 1.8800
v 16.1750 -0.9531 1.8800
v 16.3031 -0.8250 1.8800
v 16.0000 -0.6500 1.8000
v 16.3031 -0.8250 1.8000
v 16.1750 -0.9531 1.8000
v 16.0000 -0.6500 1.8800
v 16.3031 -0.8250 1.8800
v 16.3500 -0.6500 1.8800
v 16.0000 -0.6500 1.8000
v 16.3500 -0.6500 1.8000
v 16.3031 -0.8250 1.8000
v 16.2200 -0.6500 1.8800
v 16.1905 -0.5400 1.8800
v 16.1905 -0.5400 2.3500
v 16.2200 -0.6500 2.3500
v 16.1905 -0.5400 1.8800
v 16.1100 -0.4595 1.8800
v 16.1100 -0.4595 2.3500
v 16.1905 -0.5400 2.3500
v 16.1100 -0.4595 1.8800
v 16.0000 -0.4300 1.8800
v 16.0000 -0.4300 2.3500
v 16.1100 -0.4595 2.3500
v 16.0000 -0.4300 1.8800
v 15.8900 -0.4595 1.8800
v 15.8900 -0.4595 2.3500
v 16.0000 -0.4300 2.3500
v 15.8900 -0.4595 1.8800
v 15.8095 -0.5400 1.8800
v 15.8095 -0.5400 2.3500
v 15.8900 -0.4595 2.3500
v 15.8095 -0.5400 1.8800
v 15.7800 -0.6500 1.8800
v 15.7800 -0.6500 2.3500
v 15.8095 -0.5400 2.3500
v 15.7800 -0.6500 1.8800
v 15.8095 -0.7600 1.8800
v 15.8095 -0.7600 2.3500
v 15.7800 -0.6500 2.3500
v 15.8095 -0.7600 1.8800
v 15.8900 -0.8405 1.8800
v 15.8900 -0.8405 2.3500
v 15.8095 -0.7600 2.3500
v 15.8900 -0.8405 1.8800
v 16.0000 -0.8700 1.8800
v 16.0000 -0.8700 2.3500
v 15.8900 -0.8405 2.3500
v 16.0000 -0.8700 1.8800
v 16.1100 -0.8405 1.8800
v 16.1100 -0.8405 2.3500
v 16.0000 -0.8700 2.3500
v 16.1100 -0.8405 1.8800
v 16.1905 -0.7600 1.8800
v 16.1905 -0.7600 2.3500
v 16.1100 -0.8405 2.3500
v 16.1905 -0.7600 1.8800
v 16.1905 -0.7600 2.3500
v 16.2200 -0.6500 2.3500
v 16.2200 -0.6500 1.8800
v 16.2900 -0.6500 2.3500
v 16.2511 -0.5050 2.3500
v 16.2511 -0.5050 2.4800
v 16.2900 -0.6500 2.4800
v 16.2511 -0.5050 2.3500
v 16.1450 -0.3989 2.3500
v 16.1450 -0.3989 2.4800
v 16.2511 -0.5050 2.4800
v 16.1450 -0.3989 2.3500
v 16.0000 -0.3600 2.3500
v 16.0000 -0.3600 2.4800
v 16.1450 -0.3989 2.4800
v 16.0000 -0.3600 2.3500
v 15.8550 -0.3989 2.3500
v 15.8550 -0.3989 2.4800
v 16.0000 -0.3600 2.4800
v 15.8550 -0.3989 2.3500
v 15.7489 -0.5050 2.3500
v 15.7489 -0.5050 2.4800
v 15.8550 -0.3989 2.4800
v 15.7489 -0.5050 2.3500
v 15.7100 -0.6500 2.3500
v 15.7100 -0.6500 2.4800
v 15.7489 -0.5050 2.4800
v 15.7100 -0.6500 2.3500
v 15.7489 -0.7950 2.3500
v 15.7489 -0.7950 2.4800
v 15.7100 -0.6500 2.4800
v 15.7489 -0.7950 2.3500
v 15.8550 -0.9011 2.3500
v 15.8550 -0.9011 2.4800
v 15.7489 -0.7950 2.4800
v 15.8550 -0.9011 2.3500
v 16.0000 -0.9400 2.3500
v 16.0000 -0.9400 2.4800
v 15.8550 -0.9011 2.4800
v 16.0000 -0.9400 2.3500
v 16.1450 -0.9011 2.3500
v 16.1450 -0.9011 2.4800
v 16.0000 -0.9400 2.4800
v 16.1450 -0.9011 2.3500
v 16.2511 -0.7950 2.3500
v 16.2511 -0.7950 2.4800
v 16.1450 -0.9011 2.4800
v 16.2511 -0.7950 2.3500
v 16.2511 -0.7950 2.4800
v 16.2900 -0.6500 2.4800
v 16.2900 -0.6500 2.3500
v 16.0000 -0.6500 2.4800
v 16.2900 -0.6500 2.4800
v 16.2511 -0.5050 2.4800
v 16.0000 -0.6500 2.3500
v 16.2511 -0.5050 2.3500
v 16.2900 -0.6500 2.3500
v 16.0000 -0.6500 2.4800
v 16.2511 -0.5050 2.4800
v 16.1450 -0.3989 2.4800
v 16.0000 -0.6500 2.3500
v 16.1450 -0.3989 2.3500
v 16.2511 -0.5050 2.3500
v 16.0000 -0.6500 2.4800
v 16.1450 -0.3989 2.4800
v 16.0000 -0.3600 2.4800
v 16.0000 -0.6500 2.3500
v 16.0000 -0.3600 2.3500
v 16.1450 -0.3989 2.3500
v 16.0000 -0.6500 2.4800
v 16.0000 -0.3600 2.4800
v 15.8550 -0.3989 2.4800
v 16.0000 -0.6500 2.3500
v 15.8550 -0.3989 2.3500
v 16.0000 -0.3600 2.3500
v 16.0000 -0.6500 2.4800
v 15.8550 -0.3989 2.4800
v 15.7489 -0.5050 2.4800
v 16.0000 -0.6500 2.3500
v 15.7489 -0.5050 2.3500
v 15.8550 -0.3989 2.3500
v 16.0000 -0.6500 2.4800
v 15.7489 -0.5050 2.4800
v 15.7100 -0.6500 2.4800
v 16.0000 -0.6500 2.3500
v 15.7100 -0.6500 2.3500
v 15.7489 -0.5050 2.3500
v 16.0000 -0.6500 2.4800
v 15.7100 -0.6500 2.4800
v 15.7489 -0.7950 2.4800
v 16.0000 -0.6500 2.3500
v 15.7489 -0.7950 2.3500
v 15.7100 -0.6500 2.3500
v 16.0000 -0.6500 2.4800
v 15.7489 -0.7950 2.4800
v 15.8550 -0.9011 2.4800
v 16.0000 -0.6500 2.3500
v 15.8550 -0.9011 2.3500
v 15.7489 -0.7950 2.3500
v 16.0000 -0.6500 2.4800
v 15.8550 -0.9011 2.4800
v 16.0000 -0.9400 2.4800
v 16.0000 -0.6500 2.3500
v 16.0000 -0.9400 2.3500
v 15.8550 -0.9011 2.3500
v 16.0000 -0.6500 2.4800
v 16.0000 -0.9400 2.4800
v 16.1450 -0.9011 2.4800
v 16.0000 -0.6500 2.3500
v 16.1450 -0.9011 2.3500
v 16.0000 -0.9400 2.3500
v 16.0000 -0.6500 2.4800
v 16.1450 -0.9011 2.4800
v 16.2511 -0.7950 2.4800
v 16.0000 -0.6500 2.3500
v 16.2511 -0.7950 2.3500
v 16.1450 -0.9011 2.3500
v 16.0000 -0.6500 2.4800
v 16.2511 -0.7950 2.4800
v 16.2900 -0.6500 2.4800
v 16.0000 -0.6500 2.3500
v 16.2900 -0.6500 2.3500
v 16.2511 -0.7950 2.3500
v 15.6200 -0.7300 2.2400
v 16.3800 -0.7300 2.2400
v 16.3800 -0.5700 2.2400
v 15.6200 -0.5700 2.2400
v 15.6200 -0.5700 2.1600
v 16.3800 -0.5700 2.1600
v 16.3800 -0.7300 2.1600
v 15.6200 -0.7300 2.1600
v 15.6200 -0.5700 2.1600
v 15.6200 -0.5700 2.2400
v 16.3800 -0.5700 2.2400
v 16.3800 -0.5700 2.1600
v 16.3800 -0.7300 2.1600
v 16.3800 -0.7300 2.2400
v 15.6200 -0.7300 2.2400
v 15.6200 -0.7300 2.1600
v 15.6200 -0.7300 2.1600
v 15.6200 -0.7300 2.2400
v 15.6200 -0.5700 2.2400
v 15.6200 -0.5700 2.1600
v 16.3800 -0.5700 2.1600
v 16.3800 -0.5700 2.2400
v 16.3800 -0.7300 2.2400
v 16.3800 -0.7300 2.1600
v 27.3500 -0.6500 1.8000
v 27.3031 -0.4750 1.8000
v 27.3031 -0.4750 1.8800
v 27.3500 -0.6500 1.8800
v 27.3031 -0.4750 1.8000
v 27.1750 -0.3469 1.8000
v 27.1750 -0.3469 1.8800
v 27.3031 -0.4750 1.8800
v 27.1750 -0.3469 1.8000
v 27.0000 -0.3000 1.8000
v 27.0000 -0.3000 1.8800
v 27.1750 -0.3469 1.8800
v 27.0000 -0.3000 1.8000
v 26.8250 -0.3469 1.8000
v 26.8250 -0.3469 1.8800
v 27.0000 -0.3000 1.8800
v 26.8250 -0.3469 1.8000
v 26.6969 -0.4750 1.8000
v 26.6969 -0.4750 1.8800
v 26.8250 -0.3469 1.8800
v 26.6969 -0.4750 1.8000
v 26.6500 -0.6500 1.8000
v 26.6500 -0.6500 1.8800
v 26.6969 -0.4750 1.8800
v 26.6500 -0.6500 1.8000
v 26.6969 -0.8250 1.8000
v 26.6969 -0.8250 1.8800
v 26.6500 -0.6500 1.8800
v 26.6969 -0.8250 1.8000
v 26.8250 -0.9531 1.8000
v 26.8250 -0.9531 1.8800
v 26.6969 -0.8250 1.8800
v 26.8250 -0.9531 1.8000
v 27.0000 -1.0000 1.8000
v 27.0000 -1.0000 1.8800
v 26.8250 -0.9531 1.8800
v 27.0000 -1.0000 1.8000
v 27.1750 -0.9531 1.8000
v 27.1750 -0.9531 1.8800
v 27.0000 -1.0000 1.8800
v 27.1750 -0.9531 1.8000
v 27.3031 -0.8250 1.8000
v 27.3031 -0.8250 1.8800
v 27.1750 -0.9531 1.8800
v 27.3031 -0.8250 1.8000
v 27.3031 -0.8250 1.8800
v 27.3500 -0.6500 1.8800
v 27.3500 -0.6500 1.8000
v 27.0000 -0.6500 1.8800
v 27.3500 -0.6500 1.8800
v 27.3031 -0.4750 1.8800
v 27.0000 -0.6500 1.8000
v 27.3031 -0.4750 1.8000
v 27.3500 -0.6500 1.8000
v 27.0000 -0.6500 1.8800
v 27.3031 -0.4750 1.8800
v 27.1750 -0.3469 1.8800
v 27.0000 -0.6500 1.8000
v 27.1750 -0.3469 1.8000
v 27.3031 -0.4750 1.8000
v 27.0000 -0.6500 1.8800
v 27.1750 -0.3469 1.8800
v 27.0000 -0.3000 1.8800
v 27.0000 -0.6500 1.8000
v 27.0000 -0.3000 1.8000
v 27.1750 -0.3469 1.8000
v 27.0000 -0.6500 1.8800
v 27.0000 -0.3000 1.8800
v 26.8250 -0.3469 1.8800
v 27.0000 -0.6500 1.8000
v 26.8250 -0.3469 1.8000
v 27.0000 -0.3000 1.8000
v 27.0000 -0.6500 1.8800
v 26.8250 -0.3469 1.8800
v 26.6969 -0.4750 1.8800
v 27.0000 -0.6500 1.8000
v 26.6969 -0.4750 1.8000
v 26.8250 -0.3469 1.8000
v 27.0000 -0.6500 1.8800
v 26.6969 -0.4750 1.8800
v 26.6500 -0.6500 1.8800
v 27.0000 -0.6500 1.8000
v 26.6500 -0.6500 1.8000
v 26.6969 -0.4750 1.8000
v 27.0000 -0.6500 1.8800
v 26.6500 -0.6500 1.8800
v 26.6969 -0.8250 1.8800
v 27.0000 -0.6500 1.8000
v 26.6969 -0.8250 1.8000
v 26.6500 -0.6500 1.8000
v 27.0000 -0.6500 1.8800
v 26.6969 -0.8250 1.8800
v 26.8250 -0.9531 1.8800
v 27.0000 -0.6500 1.8000
v 26.8250 -0.9531 1.8000
v 26.6969 -0.8250 1.8000
v 27.0000 -0.6500 1.8800
v 26.8250 -0.9531 1.8800
v 27.0000 -1.0000 1.8800
v 27.0000 -0.6500 1.8000
v 27.0000 -1.0000 1.8000
v 26.8250 -0.9531 1.8000
v 27.0000 -0.6500 1.8800
v 27.0000 -1.0000 1.8800
v 27.1750 -0.9531 1.8800
v 27.0000 -0.6500 1.8000
v 27.1750 -0.9531 1.8000
v 27.0000 -1.0000 1.8000
v 27.0000 -0.6500 1.8800
v 27.1750 -0.9531 1.8800
v 27.3031 -0.8250 1.8800
v 27.0000 -0.6500 1.8000
v 27.3031 -0.8250 1.8000
v 27.1750 -0.9531 1.8000
v 27.0000 -0.6500 1.8800
v 27.3031 -0.8250 1.8800
v 27.3500 -0.6500 1.8800
v 27.0000 -0.6500 1.8000
v 27.3500 -0.6500 1.8000
v 27.3031 -0.8250 1.8000
v 27.2200 -0.6500 1.8800
v 27.1905 -0.5400 1.8800
v 27.1905 -0.5400 2.3500
v 27.2200 -0.6500 2.3500
v 27.1905 -0.5400 1.8800
v 27.1100 -0.4595 1.8800
v 27.1100 -0.4595 2.3500
v 27.1905 -0.5400 2.3500
v 27.1100 -0.4595 1.8800
v 27.0000 -0.4300 1.8800
v 27.0000 -0.4300 2.3500
v 27.1100 -0.4595 2.3500
v 27.0000 -0.4300 1.8800
v 26.8900 -0.4595 1.8800
v 26.8900 -0.4595 2.3500
v 27.0000 -0.4300 2.3500
v 26.8900 -0.4595 1.8800
v 26.8095 -0.5400 1.8800
v 26.8095 -0.5400 2.3500
v 26.8900 -0.4595 2.3500
v 26.8095 -0.5400 1.8800
v 26.7800 -0.6500 1.8800
v 26.7800 -0.6500 2.3500
v 26.8095 -0.5400 2.3500
v 26.7800 -0.6500 1.8800
v 26.8095 -0.7600 1.8800
v 26.8095 -0.7600 2.3500
v 26.7800 -0.6500 2.3500
v 26.8095 -0.7600 1.8800
v 26.8900 -0.8405 1.8800
v 26.8900 -0.8405 2.3500
v 26.8095 -0.7600 2.3500
v 26.8900 -0.8405 1.8800
v 27.0000 -0.8700 1.8800
v 27.0000 -0.8700 2.3500
v 26.8900 -0.8405 2.3500
v 27.0000 -0.8700 1.8800
v 27.1100 -0.8405 1.8800
v 27.1100 -0.8405 2.3500
v 27.0000 -0.8700 2.3500
v 27.1100 -0.8405 1.8800
v 27.1905 -0.7600 1.8800
v 27.1905 -0.7600 2.3500
v 27.1100 -0.8405 2.3500
v 27.1905 -0.7600 1.8800
v 27.1905 -0.7600 2.3500
v 27.2200 -0.6500 2.3500
v 27.2200 -0.6500 1.8800
v 27.2900 -0.6500 2.3500
v 27.2511 -0.5050 2.3500
v 27.2511 -0.5050 2.4800
v 27.2900 -0.6500 2.4800
v 27.2511 -0.5050 2.3500
v 27.1450 -0.3989 2.3500
v 27.1450 -0.3989 2.4800
v 27.2511 -0.5050 2.4800
v 27.1450 -0.3989 2.3500
v 27.0000 -0.3600 2.3500
v 27.0000 -0.3600 2.4800
v 27.1450 -0.3989 2.4800
v 27.0000 -0.3600 2.3500
v 26.8550 -0.3989 2.3500
v 26.8550 -0.3989 2.4800
v 27.0000 -0.3600 2.4800
v 26.8550 -0.3989 2.3500
v 26.7489 -0.5050 2.3500
v 26.7489 -0.5050 2.4800
v 26.8550 -0.3989 2.4800
v 26.7489 -0.5050 2.3500
v 26.7100 -0.6500 2.3500
v 26.7100 -0.6500 2.4800
v 26.7489 -0.5050 2.4800
v 26.7100 -0.6500 2.3500
v 26.7489 -0.7950 2.3500
v 26.7489 -0.7950 2.4800
v 26.7100 -0.6500 2.4800
v 26.7489 -0.7950 2.3500
v 26.8550 -0.9011 2.3500
v 26.8550 -0.9011 2.4800
v 26.7489 -0.7950 2.4800
v 26.8550 -0.9011 2.3500
v 27.0000 -0.9400 2.3500
v 27.0000 -0.9400 2.4800
v 26.8550 -0.9011 2.4800
v 27.0000 -0.9400 2.3500
v 27.1450 -0.9011 2.3500
v 27.1450 -0.9011 2.4800
v 27.0000 -0.9400 2.4800
v 27.1450 -0.9011 2.3500
v 27.2511 -0.7950 2.3500
v 27.2511 -0.7950 2.4800
v 27.1450 -0.9011 2.4800
v 27.2511 -0.7950 2.3500
v 27.2511 -0.7950 2.4800
v 27.2900 -0.6500 2.4800
v 27.2900 -0.6500 2.3500
v 27.0000 -0.6500 2.4800
v 27.2900 -0.6500 2.4800
v 27.2511 -0.5050 2.4800
v 27.0000 -0.6500 2.3500
v 27.2511 -0.5050 2.3500
v 27.2900 -0.6500 2.3500
v 27.0000 -0.6500 2.4800
v 27.2511 -0.5050 2.4800
v 27.1450 -0.3989 2.4800
v 27.0000 -0.6500 2.3500
v 27.1450 -0.3989 2.3500
v 27.2511 -0.5050 2.3500
v 27.0000 -0.6500 2.4800
v 27.1450 -0.3989 2.4800
v 27.0000 -0.3600 2.4800
v 27.0000 -0.6500 2.3500
v 27.0000 -0.3600 2.3500
v 27.1450 -0.3989 2.3500
v 27.0000 -0.6500 2.4800
v 27.0000 -0.3600 2.4800
v 26.8550 -0.3989 2.4800
v 27.0000 -0.6500 2.3500
v 26.8550 -0.3989 2.3500
v 27.0000 -0.3600 2.3500
v 27.0000 -0.6500 2.4800
v 26.8550 -0.3989 2.4800
v 26.7489 -0.5050 2.4800
v 27.0000 -0.6500 2.3500
v 26.7489 -0.5050 2.3500
v 26.8550 -0.3989 2.3500
v 27.0000 -0.6500 2.4800
v 26.7489 -0.5050 2.4800
v 26.7100 -0.6500 2.4800
v 27.0000 -0.6500 2.3500
v 26.7100 -0.6500 2.3500
v 26.7489 -0.5050 2.3500
v 27.0000 -0.6500 2.4800
v 26.7100 -0.6500 2.4800
v 26.7489 -0.7950 2.4800
v 27.0000 -0.6500 2.3500
v 26.7489 -0.7950 2.3500
v 26.7100 -0.6500 2.3500
v 27.0000 -0.6500 2.4800
v 26.7489 -0.7950 2.4800
v 26.8550 -0.9011 2.4800
v 27.0000 -0.6500 2.3500
v 26.8550 -0.9011 2.3500
v 26.7489 -0.7950 2.3500
v 27.0000 -0.6500 2.4800
v 26.8550 -0.9011 2.4800
v 27.0000 -0.9400 2.4800
v 27.0000 -0.6500 2.3500
v 27.0000 -0.9400 2.3500
v 26.8550 -0.9011 2.3500
v 27.0000 -0.6500 2.4800
v 27.0000 -0.9400 2.4800
v 27.1450 -0.9011 2.4800
v 27.0000 -0.6500 2.3500
v 27.1450 -0.9011 2.3500
v 27.0000 -0.9400 2.3500
v 27.0000 -0.6500 2.4800
v 27.1450 -0.9011 2.4800
v 27.2511 -0.7950 2.4800
v 27.0000 -0.6500 2.3500
v 27.2511 -0.7950 2.3500
v 27.1450 -0.9011 2.3500
v 27.0000 -0.6500 2.4800
v 27.2511 -0.7950 2.4800
v 27.2900 -0.6500 2.4800
v 27.0000 -0.6500 2.3500
v 27.2900 -0.6500 2.3500
v 27.2511 -0.7950 2.3500
v 26.6200 -0.7300 2.2400
v 27.3800 -0.7300 2.2400
v 27.3800 -0.5700 2.2400
v 26.6200 -0.5700 2.2400
v 26.6200 -0.5700 2.1600
v 27.3800 -0.5700 2.1600
v 27.3800 -0.7300 2.1600
v 26.6200 -0.7300 2.1600
v 26.6200 -0.5700 2.1600
v 26.6200 -0.5700 2.2400
v 27.3800 -0.5700 2.2400
v 27.3800 -0.5700 2.1600
v 27.3800 -0.7300 2.1600
v 27.3800 -0.7300 2.2400
v 26.6200 -0.7300 2.2400
v 26.6200 -0.7300 2.1600
v 26.6200 -0.7300 2.1600
v 26.6200 -0.7300 2.2400
v 26.6200 -0.5700 2.2400
v 26.6200 -0.5700 2.1600
v 27.3800 -0.5700 2.1600
v 27.3800 -0.5700 2.2400
v 27.3800 -0.7300 2.2400
v 27.3800 -0.7300 2.1600
v 38.3500 -0.6500 1.8000
v 38.3031 -0.4750 1.8000
v 38.3031 -0.4750 1.8800
v 38.3500 -0.6500 1.8800
v 38.3031 -0.4750 1.8000
v 38.1750 -0.3469 1.8000
v 38.1750 -0.3469 1.8800
v 38.3031 -0.4750 1.8800
v 38.1750 -0.3469 1.8000
v 38.0000 -0.3000 1.8000
v 38.0000 -0.3000 1.8800
v 38.1750 -0.3469 1.8800
v 38.0000 -0.3000 1.8000
v 37.8250 -0.3469 1.8000
v 37.8250 -0.3469 1.8800
v 38.0000 -0.3000 1.8800
v 37.8250 -0.3469 1.8000
v 37.6969 -0.4750 1.8000
v 37.6969 -0.4750 1.8800
v 37.8250 -0.3469 1.8800
v 37.6969 -0.4750 1.8000
v 37.6500 -0.6500 1.8000
v 37.6500 -0.6500 1.8800
v 37.6969 -0.4750 1.8800
v 37.6500 -0.6500 1.8000
v 37.6969 -0.8250 1.8000
v 37.6969 -0.8250 1.8800
v 37.6500 -0.6500 1.8800
v 37.6969 -0.8250 1.8000
v 37.8250 -0.9531 1.8000
v 37.8250 -0.9531 1.8800
v 37.6969 -0.8250 1.8800
v 37.8250 -0.9531 1.8000
v 38.0000 -1.0000 1.8000
v 38.0000 -1.0000 1.8800
v 37.8250 -0.9531 1.8800
v 38.0000 -1.0000 1.8000
v 38.1750 -0.9531 1.8000
v 38.1750 -0.9531 1.8800
v 38.0000 -1.0000 1.8800
v 38.1750 -0.9531 1.8000
v 38.3031 -0.8250 1.8000
v 38.3031 -0.8250 1.8800
v 38.1750 -0.9531 1.8800
v 38.3031 -0.8250 1.8000
v 38.3031 -0.8250 1.8800
v 38.3500 -0.6500 1.8800
v 38.3500 -0.6500 1.8000
v 38.0000 -0.6500 1.8800
v 38.3500 -0.6500 1.8800
v 38.3031 -0.4750 1.8800
v 38.0000 -0.6500 1.8000
v 38.3031 -0.4750 1.8000
v 38.3500 -0.6500 1.8000
v 38.0000 -0.6500 1.8800
v 38.3031 -0.4750 1.8800
v 38.1750 -0.3469 1.8800
v 38.0000 -0.6500 1.8000
v 38.1750 -0.3469 1.8000
v 38.3031 -0.4750 1.8000
v 38.0000 -0.6500 1.8800
v 38.1750 -0.3469 1.8800
v 38.0000 -0.3000 1.8800
v 38.0000 -0.6500 1.8000
v 38.0000 -0.3000 1.8000
v 38.1750 -0.3469 1.8000
v 38.0000 -0.6500 1.8800
v 38.0000 -0.3000 1.8800
v 37.8250 -0.3469 1.8800
v 38.0000 -0.6500 1.8000
v 37.8250 -0.3469 1.8000
v 38.0000 -0.3000 1.8000
v 38.0000 -0.6500 1.8800
v 37.8250 -0.3469 1.8800
v 37.6969 -0.4750 1.8800
v 38.0000 -0.6500 1.8000
v 37.6969 -0.4750 1.8000
v 37.8250 -0.3469 1.8000
v 38.0000 -0.6500 1.8800
v 37.6969 -0.4750 1.8800
v 37.6500 -0.6500 1.8800
v 38.0000 -0.6500 1.8000
v 37.6500 -0.6500 1.8000
v 37.6969 -0.4750 1.8000
v 38.0000 -0.6500 1.8800
v 37.6500 -0.6500 1.8800
v 37.6969 -0.8250 1.8800
v 38.0000 -0.6500 1.8000
v 37.6969 -0.8250 1.8000
v 37.6500 -0.6500 1.8000
v 38.0000 -0.6500 1.8800
v 37.6969 -0.8250 1.8800
v 37.8250 -0.9531 1.8800
v 38.0000 -0.6500 1.8000
v 37.8250 -0.9531 1.8000
v 37.6969 -0.8250 1.8000
v 38.0000 -0.6500 1.8800
v 37.8250 -0.9531 1.8800
v 38.0000 -1.0000 1.8800
v 38.0000 -0.6500 1.8000
v 38.0000 -1.0000 1.8000
v 37.8250 -0.9531 1.8000
v 38.0000 -0.6500 1.8800
v 38.0000 -1.0000 1.8800
v 38.1750 -0.9531 1.8800
v 38.0000 -0.6500 1.8000
v 38.1750 -0.9531 1.8000
v 38.0000 -1.0000 1.8000
v 38.0000 -0.6500 1.8800
v 38.1750 -0.9531 1.8800
v 38.3031 -0.8250 1.8800
v 38.0000 -0.6500 1.8000
v 38.3031 -0.8250 1.8000
v 38.1750 -0.9531 1.8000
v 38.0000 -0.6500 1.8800
v 38.3031 -0.8250 1.8800
v 38.3500 -0.6500 1.8800
v 38.0000 -0.6500 1.8000
v 38.3500 -0.6500 1.8000
v 38.3031 -0.8250 1.8000
v 38.2200 -0.6500 1.8800
v 38.1905 -0.5400 1.8800
v 38.1905 -0.5400 2.3500
v 38.2200 -0.6500 2.3500
v 38.1905 -0.5400 1.8800
v 38.1100 -0.4595 1.8800
v 38.1100 -0.4595 2.3500
v 38.1905 -0.5400 2.3500
v 38.1100 -0.4595 1.8800
v 38.0000 -0.4300 1.8800
v 38.0000 -0.4300 2.3500
v 38.1100 -0.4595 2.3500
v 38.0000 -0.4300 1.8800
v 37.8900 -0.4595 1.8800
v 37.8900 -0.4595 2.3500
v 38.0000 -0.4300 2.3500
v 37.8900 -0.4595 1.8800
v 37.8095 -0.5400 1.8800
v 37.8095 -0.5400 2.3500
v 37.8900 -0.4595 2.3500
v 37.8095 -0.5400 1.8800
v 37.7800 -0.6500 1.8800
v 37.7800 -0.6500 2.3500
v 37.8095 -0.5400 2.3500
v 37.7800 -0.6500 1.8800
v 37.8095 -0.7600 1.8800
v 37.8095 -0.7600 2.3500
v 37.7800 -0.6500 2.3500
v 37.8095 -0.7600 1.8800
v 37.8900 -0.8405 1.8800
v 37.8900 -0.8405 2.3500
v 37.8095 -0.7600 2.3500
v 37.8900 -0.8405 1.8800
v 38.0000 -0.8700 1.8800
v 38.0000 -0.8700 2.3500
v 37.8900 -0.8405 2.3500
v 38.0000 -0.8700 1.8800
v 38.1100 -0.8405 1.8800
v 38.1100 -0.8405 2.3500
v 38.0000 -0.8700 2.3500
v 38.1100 -0.8405 1.8800
v 38.1905 -0.7600 1.8800
v 38.1905 -0.7600 2.3500
v 38.1100 -0.8405 2.3500
v 38.1905 -0.7600 1.8800
v 38.1905 -0.7600 2.3500
v 38.2200 -0.6500 2.3500
v 38.2200 -0.6500 1.8800
v 38.2900 -0.6500 2.3500
v 38.2511 -0.5050 2.3500
v 38.2511 -0.5050 2.4800
v 38.2900 -0.6500 2.4800
v 38.2511 -0.5050 2.3500
v 38.1450 -0.3989 2.3500
v 38.1450 -0.3989 2.4800
v 38.2511 -0.5050 2.4800
v 38.1450 -0.3989 2.3500
v 38.0000 -0.3600 2.3500
v 38.0000 -0.3600 2.4800
v 38.1450 -0.3989 2.4800
v 38.0000 -0.3600 2.3500
v 37.8550 -0.3989 2.3500
v 37.8550 -0.3989 2.4800
v 38.0000 -0.3600 2.4800
v 37.8550 -0.3989 2.3500
v 37.7489 -0.5050 2.3500
v 37.7489 -0.5050 2.4800
v 37.8550 -0.3989 2.4800
v 37.7489 -0.5050 2.3500
v 37.7100 -0.6500 2.3500
v 37.7100 -0.6500 2.4800
v 37.7489 -0.5050 2.4800
v 37.7100 -0.6500 2.3500
v 37.7489 -0.7950 2.3500
v 37.7489 -0.7950 2.4800
v 37.7100 -0.6500 2.4800
v 37.7489 -0.7950 2.3500
v 37.8550 -0.9011 2.3500
v 37.8550 -0.9011 2.4800
v 37.7489 -0.7950 2.4800
v 37.8550 -0.9011 2.3500
v 38.0000 -0.9400 2.3500
v 38.0000 -0.9400 2.4800
v 37.8550 -0.9011 2.4800
v 38.0000 -0.9400 2.3500
v 38.1450 -0.9011 2.3500
v 38.1450 -0.9011 2.4800
v 38.0000 -0.9400 2.4800
v 38.1450 -0.9011 2.3500
v 38.2511 -0.7950 2.3500
v 38.2511 -0.7950 2.4800
v 38.1450 -0.9011 2.4800
v 38.2511 -0.7950 2.3500
v 38.2511 -0.7950 2.4800
v 38.2900 -0.6500 2.4800
v 38.2900 -0.6500 2.3500
v 38.0000 -0.6500 2.4800
v 38.2900 -0.6500 2.4800
v 38.2511 -0.5050 2.4800
v 38.0000 -0.6500 2.3500
v 38.2511 -0.5050 2.3500
v 38.2900 -0.6500 2.3500
v 38.0000 -0.6500 2.4800
v 38.2511 -0.5050 2.4800
v 38.1450 -0.3989 2.4800
v 38.0000 -0.6500 2.3500
v 38.1450 -0.3989 2.3500
v 38.2511 -0.5050 2.3500
v 38.0000 -0.6500 2.4800
v 38.1450 -0.3989 2.4800
v 38.0000 -0.3600 2.4800
v 38.0000 -0.6500 2.3500
v 38.0000 -0.3600 2.3500
v 38.1450 -0.3989 2.3500
v 38.0000 -0.6500 2.4800
v 38.0000 -0.3600 2.4800
v 37.8550 -0.3989 2.4800
v 38.0000 -0.6500 2.3500
v 37.8550 -0.3989 2.3500
v 38.0000 -0.3600 2.3500
v 38.0000 -0.6500 2.4800
v 37.8550 -0.3989 2.4800
v 37.7489 -0.5050 2.4800
v 38.0000 -0.6500 2.3500
v 37.7489 -0.5050 2.3500
v 37.8550 -0.3989 2.3500
v 38.0000 -0.6500 2.4800
v 37.7489 -0.5050 2.4800
v 37.7100 -0.6500 2.4800
v 38.0000 -0.6500 2.3500
v 37.7100 -0.6500 2.3500
v 37.7489 -0.5050 2.3500
v 38.0000 -0.6500 2.4800
v 37.7100 -0.6500 2.4800
v 37.7489 -0.7950 2.4800
v 38.0000 -0.6500 2.3500
v 37.7489 -0.7950 2.3500
v 37.7100 -0.6500 2.3500
v 38.0000 -0.6500 2.4800
v 37.7489 -0.7950 2.4800
v 37.8550 -0.9011 2.4800
v 38.0000 -0.6500 2.3500
v 37.8550 -0.9011 2.3500
v 37.7489 -0.7950 2.3500
v 38.0000 -0.6500 2.4800
v 37.8550 -0.9011 2.4800
v 38.0000 -0.9400 2.4800
v 38.0000 -0.6500 2.3500
v 38.0000 -0.9400 2.3500
v 37.8550 -0.9011 2.3500
v 38.0000 -0.6500 2.4800
v 38.0000 -0.9400 2.4800
v 38.1450 -0.9011 2.4800
v 38.0000 -0.6500 2.3500
v 38.1450 -0.9011 2.3500
v 38.0000 -0.9400 2.3500
v 38.0000 -0.6500 2.4800
v 38.1450 -0.9011 2.4800
v 38.2511 -0.7950 2.4800
v 38.0000 -0.6500 2.3500
v 38.2511 -0.7950 2.3500
v 38.1450 -0.9011 2.3500
v 38.0000 -0.6500 2.4800
v 38.2511 -0.7950 2.4800
v 38.2900 -0.6500 2.4800
v 38.0000 -0.6500 2.3500
v 38.2900 -0.6500 2.3500
v 38.2511 -0.7950 2.3500
v 37.6200 -0.7300 2.2400
v 38.3800 -0.7300 2.2400
v 38.3800 -0.5700 2.2400
v 37.6200 -0.5700 2.2400
v 37.6200 -0.5700 2.1600
v 38.3800 -0.5700 2.1600
v 38.3800 -0.7300 2.1600
v 37.6200 -0.7300 2.1600
v 37.6200 -0.5700 2.1600
v 37.6200 -0.5700 2.2400
v 38.3800 -0.5700 2.2400
v 38.3800 -0.5700 2.1600
v 38.3800 -0.7300 2.1600
v 38.3800 -0.7300 2.2400
v 37.6200 -0.7300 2.2400
v 37.6200 -0.7300 2.1600
v 37.6200 -0.7300 2.1600
v 37.6200 -0.7300 2.2400
v 37.6200 -0.5700 2.2400
v 37.6200 -0.5700 2.1600
v 38.3800 -0.5700 2.1600
v 38.3800 -0.5700 2.2400
v 38.3800 -0.7300 2.2400
v 38.3800 -0.7300 2.1600
v 51.5000 5.0000 1.8000
v 51.4531 5.1750 1.8000
v 51.4531 5.1750 1.8800
v 51.5000 5.0000 1.8800
v 51.4531 5.1750 1.8000
v 51.3250 5.3031 1.8000
v 51.3250 5.3031 1.8800
v 51.4531 5.1750 1.8800
v 51.3250 5.3031 1.8000
v 51.1500 5.3500 1.8000
v 51.1500 5.3500 1.8800
v 51.3250 5.3031 1.8800
v 51.1500 5.3500 1.8000
v 50.9750 5.3031 1.8000
v 50.9750 5.3031 1.8800
v 51.1500 5.3500 1.8800
v 50.9750 5.3031 1.8000
v 50.8469 5.1750 1.8000
v 50.8469 5.1750 1.8800
v 50.9750 5.3031 1.8800
v 50.8469 5.1750 1.8000
v 50.8000 5.0000 1.8000
v 50.8000 5.0000 1.8800
v 50.8469 5.1750 1.8800
v 50.8000 5.0000 1.8000
v 50.8469 4.8250 1.8000
v 50.8469 4.8250 1.8800
v 50.8000 5.0000 1.8800
v 50.8469 4.8250 1.8000
v 50.9750 4.6969 1.8000
v 50.9750 4.6969 1.8800
v 50.8469 4.8250 1.8800
v 50.9750 4.6969 1.8000
v 51.1500 4.6500 1.8000
v 51.1500 4.6500 1.8800
v 50.9750 4.6969 1.8800
v 51.1500 4.6500 1.8000
v 51.3250 4.6969 1.8000
v 51.3250 4.6969 1.8800
v 51.1500 4.6500 1.8800
v 51.3250 4.6969 1.8000
v 51.4531 4.8250 1.8000
v 51.4531 4.8250 1.8800
v 51.3250 4.6969 1.8800
v 51.4531 4.8250 1.8000
v 51.4531 4.8250 1.8800
v 51.5000 5.0000 1.8800
v 51.5000 5.0000 1.8000
v 51.1500 5.0000 1.8800
v 51.5000 5.0000 1.8800
v 51.4531 5.1750 1.8800
v 51.1500 5.0000 1.8000
v 51.4531 5.1750 1.8000
v 51.5000 5.0000 1.8000
v 51.1500 5.0000 1.8800
v 51.4531 5.1750 1.8800
v 51.3250 5.3031 1.8800
v 51.1500 5.0000 1.8000
v 51.3250 5.3031 1.8000
v 51.4531 5.1750 1.8000
v 51.1500 5.0000 1.8800
v 51.3250 5.3031 1.8800
v 51.1500 5.3500 1.8800
v 51.1500 5.0000 1.8000
v 51.1500 5.3500 1.8000
v 51.3250 5.3031 1.8000
v 51.1500 5.0000 1.8800
v 51.1500 5.3500 1.8800
v 50.9750 5.3031 1.8800
v 51.1500 5.0000 1.8000
v 50.9750 5.3031 1.8000
v 51.1500 5.3500 1.8000
v 51.1500 5.0000 1.8800
v 50.9750 5.3031 1.8800
v 50.8469 5.1750 1.8800
v 51.1500 5.0000 1.8000
v 50.8469 5.1750 1.8000
v 50.9750 5.3031 1.8000
v 51.1500 5.0000 1.8800
v 50.8469 5.1750 1.8800
v 50.8000 5.0000 1.8800
v 51.1500 5.0000 1.8000
v 50.8000 5.0000 1.8000
v 50.8469 5.1750 1.8000
v 51.1500 5.0000 1.8800
v 50.8000 5.0000 1.8800
v 50.8469 4.8250 1.8800
v 51.1500 5.0000 1.8000
v 50.8469 4.8250 1.8000
v 50.8000 5.0000 1.8000
v 51.1500 5.0000 1.8800
v 50.8469 4.8250 1.8800
v 50.9750 4.6969 1.8800
v 51.1500 5.0000 1.8000
v 50.9750 4.6969 1.8000
v 50.8469 4.8250 1.8000
v 51.1500 5.0000 1.8800
v 50.9750 4.6969 1.8800
v 51.1500 4.6500 1.8800
v 51.1500 5.0000 1.8000
v 51.1500 4.6500 1.8000
v 50.9750 4.6969 1.8000
v 51.1500 5.0000 1.8800
v 51.1500 4.6500 1.8800
v 51.3250 4.6969 1.8800
v 51.1500 5.0000 1.8000
v 51.3250 4.6969 1.8000
v 51.1500 4.6500 1.8000
v 51.1500 5.0000 1.8800
v 51.3250 4.6969 1.8800
v 51.4531 4.8250 1.8800
v 51.1500 5.0000 1.8000
v 51.4531 4.8250 1.8000
v 51.3250 4.6969 1.8000
v 51.1500 5.0000 1.8800
v 51.4531 4.8250 1.8800
v 51.5000 5.0000 1.8800
v 51.1500 5.0000 1.8000
v 51.5000 5.0000 1.8000
v 51.4531 4.8250 1.8000
v 51.3700 5.0000 1.8800
v 51.3405 5.1100 1.8800
v 51.3405 5.1100 2.3500
v 51.3700 5.0000 2.3500
v 51.3405 5.1100 1.8800
v 51.2600 5.1905 1.8800
v 51.2600 5.1905 2.3500
v 51.3405 5.1100 2.3500
v 51.2600 5.1905 1.8800
v 51.1500 5.2200 1.8800
v 51.1500 5.2200 2.3500
v 51.2600 5.1905 2.3500
v 51.1500 5.2200 1.8800
v 51.0400 5.1905 1.8800
v 51.0400 5.1905 2.3500
v 51.1500 5.2200 2.3500
v 51.0400 5.1905 1.8800
v 50.9595 5.1100 1.8800
v 50.9595 5.1100 2.3500
v 51.0400 5.1905 2.3500
v 50.9595 5.1100 1.8800
v 50.9300 5.0000 1.8800
v 50.9300 5.0000 2.3500
v 50.9595 5.1100 2.3500
v 50.9300 5.0000 1.8800
v 50.9595 4.8900 1.8800
v 50.9595 4.8900 2.3500
v 50.9300 5.0000 2.3500
v 50.9595 4.8900 1.8800
v 51.0400 4.8095 1.8800
v 51.0400 4.8095 2.3500
v 50.9595 4.8900 2.3500
v 51.0400 4.8095 1.8800
v 51.1500 4.7800 1.8800
v 51.1500 4.7800 2.3500
v 51.0400 4.8095 2.3500
v 51.1500 4.7800 1.8800
v 51.2600 4.8095 1.8800
v 51.2600 4.8095 2.3500
v 51.1500 4.7800 2.3500
v 51.2600 4.8095 1.8800
v 51.3405 4.8900 1.8800
v 51.3405 4.8900 2.3500
v 51.2600 4.8095 2.3500
v 51.3405 4.8900 1.8800
v 51.3405 4.8900 2.3500
v 51.3700 5.0000 2.3500
v 51.3700 5.0000 1.8800
v 51.4400 5.0000 2.3500
v 51.4011 5.1450 2.3500
v 51.4011 5.1450 2.4800
v 51.4400 5.0000 2.4800
v 51.4011 5.1450 2.3500
v 51.2950 5.2511 2.3500
v 51.2950 5.2511 2.4800
v 51.4011 5.1450 2.4800
v 51.2950 5.2511 2.3500
v 51.1500 5.2900 2.3500
v 51.1500 5.2900 2.4800
v 51.2950 5.2511 2.4800
v 51.1500 5.2900 2.3500
v 51.0050 5.2511 2.3500
v 51.0050 5.2511 2.4800
v 51.1500 5.2900 2.4800
v 51.0050 5.2511 2.3500
v 50.8989 5.1450 2.3500
v 50.8989 5.1450 2.4800
v 51.0050 5.2511 2.4800
v 50.8989 5.1450 2.3500
v 50.8600 5.0000 2.3500
v 50.8600 5.0000 2.4800
v 50.8989 5.1450 2.4800
v 50.8600 5.0000 2.3500
v 50.8989 4.8550 2.3500
v 50.8989 4.8550 2.4800
v 50.8600 5.0000 2.4800
v 50.8989 4.8550 2.3500
v 51.0050 4.7489 2.3500
v 51.0050 4.7489 2.4800
v 50.8989 4.8550 2.4800
v 51.0050 4.7489 2.3500
v 51.1500 4.7100 2.3500
v 51.1500 4.7100 2.4800
v 51.0050 4.7489 2.4800
v 51.1500 4.7100 2.3500
v 51.2950 4.7489 2.3500
v 51.2950 4.7489 2.4800
v 51.1500 4.7100 2.4800
v 51.2950 4.7489 2.3500
v 51.4011 4.8550 2.3500
v 51.4011 4.8550 2.4800
v 51.2950 4.7489 2.4800
v 51.4011 4.8550 2.3500
v 51.4011 4.8550 2.4800
v 51.4400 5.0000 2.4800
v 51.4400 5.0000 2.3500
v 51.1500 5.0000 2.4800
v 51.4400 5.0000 2.4800
v 51.4011 5.1450 2.4800
v 51.1500 5.0000 2.3500
v 51.4011 5.1450 2.3500
v 51.4400 5.0000 2.3500
v 51.1500 5.0000 2.4800
v 51.4011 5.1450 2.4800
v 51.2950 5.2511 2.4800
v 51.1500 5.0000 2.3500
v 51.2950 5.2511 2.3500
v 51.4011 5.1450 2.3500
v 51.1500 5.0000 2.4800
v 51.2950 5.2511 2.4800
v 51.1500 5.2900 2.4800
v 51.1500 5.0000 2.3500
v 51.1500 5.2900 2.3500
v 51.2950 5.2511 2.3500
v 51.1500 5.0000 2.4800
v 51.1500 5.2900 2.4800
v 51.0050 5.2511 2.4800
v 51.1500 5.0000 2.3500
v 51.0050 5.2511 2.3500
v 51.1500 5.2900 2.3500
v 51.1500 5.0000 2.4800
v 51.0050 5.2511 2.4800
v 50.8989 5.1450 2.4800
v 51.1500 5.0000 2.3500
v 50.8989 5.1450 2.3500
v 51.0050 5.2511 2.3500
v 51.1500 5.0000 2.4800
v 50.8989 5.1450 2.4800
v 50.8600 5.0000 2.4800
v 51.1500 5.0000 2.3500
v 50.8600 5.0000 2.3500
v 50.8989 5.1450 2.3500
v 51.1500 5.0000 2.4800
v 50.8600 5.0000 2.4800
v 50.8989 4.8550 2.4800
v 51.1500 5.0000 2.3500
v 50.8989 4.8550 2.3500
v 50.8600 5.0000 2.3500
v 51.1500 5.0000 2.4800
v 50.8989 4.8550 2.4800
v 51.0050 4.7489 2.4800
v 51.1500 5.0000 2.3500
v 51.0050 4.7489 2.3500
v 50.8989 4.8550 2.3500
v 51.1500 5.0000 2.4800
v 51.0050 4.7489 2.4800
v 51.1500 4.7100 2.4800
v 51.1500 5.0000 2.3500
v 51.1500 4.7100 2.3500
v 51.0050 4.7489 2.3500
v 51.1500 5.0000 2.4800
v 51.1500 4.7100 2.4800
v 51.2950 4.7489 2.4800
v 51.1500 5.0000 2.3500
v 51.2950 4.7489 2.3500
v 51.1500 4.7100 2.3500
v 51.1500 5.0000 2.4800
v 51.2950 4.7489 2.4800
v 51.4011 4.8550 2.4800
v 51.1500 5.0000 2.3500
v 51.4011 4.8550 2.3500
v 51.2950 4.7489 2.3500
v 51.1500 5.0000 2.4800
v 51.4011 4.8550 2.4800
v 51.4400 5.0000 2.4800
v 51.1500 5.0000 2.3500
v 51.4400 5.0000 2.3500
v 51.4011 4.8550 2.3500
v 50.7700 4.9200 2.2400
v 51.5300 4.9200 2.2400
v 51.5300 5.0800 2.2400
v 50.7700 5.0800 2.2400
v 50.7700 5.0800 2.1600
v 51.5300 5.0800 2.1600
v 51.5300 4.9200 2.1600
v 50.7700 4.9200 2.1600
v 50.7700 5.0800 2.1600
v 50.7700 5.0800 2.2400
v 51.5300 5.0800 2.2400
v 51.5300 5.0800 2.1600
v 51.5300 4.9200 2.1600
v 51.5300 4.9200 2.2400
v 50.7700 4.9200 2.2400
v 50.7700 4.9200 2.1600
v 50.7700 4.9200 2.1600
v 50.7700 4.9200 2.2400
v 50.7700 5.0800 2.2400
v 50.7700 5.0800 2.1600
v 51.5300 5.0800 2.1600
v 51.5300 5.0800 2.2400
v 51.5300 4.9200 2.2400
v 51.5300 4.9200 2.1600
v 51.5000 16.0000 1.8000
v 51.4531 16.1750 1.8000
v 51.4531 16.1750 1.8800
v 51.5000 16.0000 1.8800
v 51.4531 16.1750 1.8000
v 51.3250 16.3031 1.8000
v 51.3250 16.3031 1.8800
v 51.4531 16.1750 1.8800
v 51.3250 16.3031 1.8000
v 51.1500 16.3500 1.8000
v 51.1500 16.3500 1.8800
v 51.3250 16.3031 1.8800
v 51.1500 16.3500 1.8000
v 50.9750 16.3031 1.8000
v 50.9750 16.3031 1.8800
v 51.1500 16.3500 1.8800
v 50.9750 16.3031 1.8000
v 50.8469 16.1750 1.8000
v 50.8469 16.1750 1.8800
v 50.9750 16.3031 1.8800
v 50.8469 16.1750 1.8000
v 50.8000 16.0000 1.8000
v 50.8000 16.0000 1.8800
v 50.8469 16.1750 1.8800
v 50.8000 16.0000 1.8000
v 50.8469 15.8250 1.8000
v 50.8469 15.8250 1.8800
v 50.8000 16.0000 1.8800
v 50.8469 15.8250 1.8000
v 50.9750 15.6969 1.8000
v 50.9750 15.6969 1.8800
v 50.8469 15.8250 1.8800
v 50.9750 15.6969 1.8000
v 51.1500 15.6500 1.8000
v 51.1500 15.6500 1.8800
v 50.9750 15.6969 1.8800
v 51.1500 15.6500 1.8000
v 51.3250 15.6969 1.8000
v 51.3250 15.6969 1.8800
v 51.1500 15.6500 1.8800
v 51.3250 15.6969 1.8000
v 51.4531 15.8250 1.8000
v 51.4531 15.8250 1.8800
v 51.3250 15.6969 1.8800
v 51.4531 15.8250 1.8000
v 51.4531 15.8250 1.8800
v 51.5000 16.0000 1.8800
v 51.5000 16.0000 1.8000
v 51.1500 16.0000 1.8800
v 51.5000 16.0000 1.8800
v 51.4531 16.1750 1.8800
v 51.1500 16.0000 1.8000
v 51.4531 16.1750 1.8000
v 51.5000 16.0000 1.8000
v 51.1500 16.0000 1.8800
v 51.4531 16.1750 1.8800
v 51.3250 16.3031 1.8800
v 51.1500 16.0000 1.8000
v 51.3250 16.3031 1.8000
v 51.4531 16.1750 1.8000
v 51.1500 16.0000 1.8800
v 51.3250 16.3031 1.8800
v 51.1500 16.3500 1.8800
v 51.1500 16.0000 1.8000
v 51.1500 16.3500 1.8000
v 51.3250 16.3031 1.8000
v 51.1500 16.0000 1.8800
v 51.1500 16.3500 1.8800
v 50.9750 16.3031 1.8800
v 51.1500 16.0000 1.8000
v 50.9750 16.3031 1.8000
v 51.1500 16.3500 1.8000
v 51.1500 16.0000 1.8800
v 50.9750 16.3031 1.8800
v 50.8469 16.1750 1.8800
v 51.1500 16.0000 1.8000
v 50.8469 16.1750 1.8000
v 50.9750 16.3031 1.8000
v 51.1500 16.0000 1.8800
v 50.8469 16.1750 1.8800
v 50.8000 16.0000 1.8800
v 51.1500 16.0000 1.8000
v 50.8000 16.0000 1.8000
v 50.8469 16.1750 1.8000
v 51.1500 16.0000 1.8800
v 50.8000 16.0000 1.8800
v 50.8469 15.8250 1.8800
v 51.1500 16.0000 1.8000
v 50.8469 15.8250 1.8000
v 50.8000 16.0000 1.8000
v 51.1500 16.0000 1.8800
v 50.8469 15.8250 1.8800
v 50.9750 15.6969 1.8800
v 51.1500 16.0000 1.8000
v 50.9750 15.6969 1.8000
v 50.8469 15.8250 1.8000
v 51.1500 16.0000 1.8800
v 50.9750 15.6969 1.8800
v 51.1500 15.6500 1.8800
v 51.1500 16.0000 1.8000
v 51.1500 15.6500 1.8000
v 50.9750 15.6969 1.8000
v 51.1500 16.0000 1.8800
v 51.1500 15.6500 1.8800
v 51.3250 15.6969 1.8800
v 51.1500 16.0000 1.8000
v 51.3250 15.6969 1.8000
v 51.1500 15.6500 1.8000
v 51.1500 16.0000 1.8800
v 51.3250 15.6969 1.8800
v 51.4531 15.8250 1.8800
v 51.1500 16.0000 1.8000
v 51.4531 15.8250 1.8000
v 51.3250 15.6969 1.8000
v 51.1500 16.0000 1.8800
v 51.4531 15.8250 1.8800
v 51.5000 16.0000 1.8800
v 51.1500 16.0000 1.8000
v 51.5000 16.0000 1.8000
v 51.4531 15.8250 1.8000
v 51.3700 16.0000 1.8800
v 51.3405 16.1100 1.8800
v 51.3405 16.1100 2.3500
v 51.3700 16.0000 2.3500
v 51.3405 16.1100 1.8800
v 51.2600 16.1905 1.8800
v 51.2600 16.1905 2.3500
v 51.3405 16.1100 2.3500
v 51.2600 16.1905 1.8800
v 51.1500 16.2200 1.8800
v 51.1500 16.2200 2.3500
v 51.2600 16.1905 2.3500
v 51.1500 16.2200 1.8800
v 51.0400 16.1905 1.8800
v 51.0400 16.1905 2.3500
v 51.1500 16.2200 2.3500
v 51.0400 16.1905 1.8800
v 50.9595 16.1100 1.8800
v 50.9595 16.1100 2.3500
v 51.0400 16.1905 2.3500
v 50.9595 16.1100 1.8800
v 50.9300 16.0000 1.8800
v 50.9300 16.0000 2.3500
v 50.9595 16.1100 2.3500
v 50.9300 16.0000 1.8800
v 50.9595 15.8900 1.8800
v 50.9595 15.8900 2.3500
v 50.9300 16.0000 2.3500
v 50.9595 15.8900 1.8800
v 51.0400 15.8095 1.8800
v 51.0400 15.8095 2.3500
v 50.9595 15.8900 2.3500
v 51.0400 15.8095 1.8800
v 51.1500 15.7800 1.8800
v 51.1500 15.7800 2.3500
v 51.0400 15.8095 2.3500
v 51.1500 15.7800 1.8800
v 51.2600 15.8095 1.8800
v 51.2600 15.8095 2.3500
v 51.1500 15.7800 2.3500
v 51.2600 15.8095 1.8800
v 51.3405 15.8900 1.8800
v 51.3405 15.8900 2.3500
v 51.2600 15.8095 2.3500
v 51.3405 15.8900 1.8800
v 51.3405 15.8900 2.3500
v 51.3700 16.0000 2.3500
v 51.3700 16.0000 1.8800
v 51.4400 16.0000 2.3500
v 51.4011 16.1450 2.3500
v 51.4011 16.1450 2.4800
v 51.4400 16.0000 2.4800
v 51.4011 16.1450 2.3500
v 51.2950 16.2511 2.3500
v 51.2950 16.2511 2.4800
v 51.4011 16.1450 2.4800
v 51.2950 16.2511 2.3500
v 51.1500 16.2900 2.3500
v 51.1500 16.2900 2.4800
v 51.2950 16.2511 2.4800
v 51.1500 16.2900 2.3500
v 51.0050 16.2511 2.3500
v 51.0050 16.2511 2.4800
v 51.1500 16.2900 2.4800
v 51.0050 16.2511 2.3500
v 50.8989 16.1450 2.3500
v 50.8989 16.1450 2.4800
v 51.0050 16.2511 2.4800
v 50.8989 16.1450 2.3500
v 50.8600 16.0000 2.3500
v 50.8600 16.0000 2.4800
v 50.8989 16.1450 2.4800
v 50.8600 16.0000 2.3500
v 50.8989 15.8550 2.3500
v 50.8989 15.8550 2.4800
v 50.8600 16.0000 2.4800
v 50.8989 15.8550 2.3500
v 51.0050 15.7489 2.3500
v 51.0050 15.7489 2.4800
v 50.8989 15.8550 2.4800
v 51.0050 15.7489 2.3500
v 51.1500 15.7100 2.3500
v 51.1500 15.7100 2.4800
v 51.0050 15.7489 2.4800
v 51.1500 15.7100 2.3500
v 51.2950 15.7489 2.3500
v 51.2950 15.7489 2.4800
v 51.1500 15.7100 2.4800
v 51.2950 15.7489 2.3500
v 51.4011 15.8550 2.3500
v 51.4011 15.8550 2.4800
v 51.2950 15.7489 2.4800
v 51.4011 15.8550 2.3500
v 51.4011 15.8550 2.4800
v 51.4400 16.0000 2.4800
v 51.4400 16.0000 2.3500
v 51.1500 16.0000 2.4800
v 51.4400 16.0000 2.4800
v 51.4011 16.1450 2.4800
v 51.1500 16.0000 2.3500
v 51.4011 16.1450 2.3500
v 51.4400 16.0000 2.3500
v 51.1500 16.0000 2.4800
v 51.4011 16.1450 2.4800
v 51.2950 16.2511 2.4800
v 51.1500 16.0000 2.3500
v 51.2950 16.2511 2.3500
v 51.4011 16.1450 2.3500
v 51.1500 16.0000 2.4800
v 51.2950 16.2511 2.4800
v 51.1500 16.2900 2.4800
v 51.1500 16.0000 2.3500
v 51.1500 16.2900 2.3500
v 51.2950 16.2511 2.3500
v 51.1500 16.0000 2.4800
v 51.1500 16.2900 2.4800
v 51.0050 16.2511 2.4800
v 51.1500 16.0000 2.3500
v 51.0050 16.2511 2.3500
v 51.1500 16.2900 2.3500
v 51.1500 16.0000 2.4800
v 51.0050 16.2511 2.4800
v 50.8989 16.1450 2.4800
v 51.1500 16.0000 2.3500
v 50.8989 16.1450 2.3500
v 51.0050 16.2511 2.3500
v 51.1500 16.0000 2.4800
v 50.8989 16.1450 2.4800
v 50.8600 16.0000 2.4800
v 51.1500 16.0000 2.3500
v 50.8600 16.0000 2.3500
v 50.8989 16.1450 2.3500
v 51.1500 16.0000 2.4800
v 50.8600 16.0000 2.4800
v 50.8989 15.8550 2.4800
v 51.1500 16.0000 2.3500
v 50.8989 15.8550 2.3500
v 50.8600 16.0000 2.3500
v 51.1500 16.0000 2.4800
v 50.8989 15.8550 2.4800
v 51.0050 15.7489 2.4800
v 51.1500 16.0000 2.3500
v 51.0050 15.7489 2.3500
v 50.8989 15.8550 2.3500
v 51.1500 16.0000 2.4800
v 51.0050 15.7489 2.4800
v 51.1500 15.7100 2.4800
v 51.1500 16.0000 2.3500
v 51.1500 15.7100 2.3500
v 51.0050 15.7489 2.3500
v 51.1500 16.0000 2.4800
v 51.1500 15.7100 2.4800
v 51.2950 15.7489 2.4800
v 51.1500 16.0000 2.3500
v 51.2950 15.7489 2.3500
v 51.1500 15.7100 2.3500
v 51.1500 16.0000 2.4800
v 51.2950 15.7489 2.4800
v 51.4011 15.8550 2.4800
v 51.1500 16.0000 2.3500
v 51.4011 15.8550 2.3500
v 51.2950 15.7489 2.3500
v 51.1500 16.0000 2.4800
v 51.4011 15.8550 2.4800
v 51.4400 16.0000 2.4800
v 51.1500 16.0000 2.3500
v 51.4400 16.0000 2.3500
v 51.4011 15.8550 2.3500
v 50.7700 15.9200 2.2400
v 51.5300 15.9200 2.2400
v 51.5300 16.0800 2.2400
v 50.7700 16.0800 2.2400
v 50.7700 16.0800 2.1600
v 51.5300 16.0800 2.1600
v 51.5300 15.9200 2.1600
v 50.7700 15.9200 2.1600
v 50.7700 16.0800 2.1600
v 50.7700 16.0800 2.2400
v 51.5300 16.0800 2.2400
v 51.5300 16.0800 2.1600
v 51.5300 15.9200 2.1600
v 51.5300 15.9200 2.2400
v 50.7700 15.9200 2.2400
v 50.7700 15.9200 2.1600
v 50.7700 15.9200 2.1600
v 50.7700 15.9200 2.2400
v 50.7700 16.0800 2.2400
v 50.7700 16.0800 2.1600
v 51.5300 16.0800 2.1600
v 51.5300 16.0800 2.2400
v 51.5300 15.9200 2.2400
v 51.5300 15.9200 2.1600
v 22.4100 -0.0500 2.2000
v 22.4500 -0.0500 2.2000
v 22.4500 0.0200 2.2000
v 22.4100 0.0200 2.2000
v 22.4100 0.0200 -1.2000
v 22.4500 0.0200 -1.2000
v 22.4500 -0.0500 -1.2000
v 22.4100 -0.0500 -1.2000
v 22.4100 0.0200 -1.2000
v 22.4100 0.0200 2.2000
v 22.4500 0.0200 2.2000
v 22.4500 0.0200 -1.2000
v 22.4500 -0.0500 -1.2000
v 22.4500 -0.0500 2.2000
v 22.4100 -0.0500 2.2000
v 22.4100 -0.0500 -1.2000
v 22.4100 -0.0500 -1.2000
v 22.4100 -0.0500 2.2000
v 22.4100 0.0200 2.2000
v 22.4100 0.0200 -1.2000
v 22.4500 0.0200 -1.2000
v 22.4500 0.0200 2.2000
v 22.4500 -0.0500 2.2000
v 22.4500 -0.0500 -1.2000
v 23.0000 -0.0500 2.2000
v 23.0400 -0.0500 2.2000
v 23.0400 0.0200 2.2000
v 23.0000 0.0200 2.2000
v 23.0000 0.0200 -1.2000
v 23.0400 0.0200 -1.2000
v 23.0400 -0.0500 -1.2000
v 23.0000 -0.0500 -1.2000
v 23.0000 0.0200 -1.2000
v 23.0000 0.0200 2.2000
v 23.0400 0.0200 2.2000
v 23.0400 0.0200 -1.2000
v 23.0400 -0.0500 -1.2000
v 23.0400 -0.0500 2.2000
v 23.0000 -0.0500 2.2000
v 23.0000 -0.0500 -1.2000
v 23.0000 -0.0500 -1.2000
v 23.0000 -0.0500 2.2000
v 23.0000 0.0200 2.2000
v 23.0000 0.0200 -1.2000
v 23.0400 0.0200 -1.2000
v 23.0400 0.0200 2.2000
v 23.0400 -0.0500 2.2000
v 23.0400 -0.0500 -1.2000
v 22.4500 -0.0300 -1.0320
v 23.0000 -0.0300 -1.0320
v 23.0000 0.0100 -1.0320
v 22.4500 0.0100 -1.0320
v 22.4500 0.0100 -1.0680
v 23.0000 0.0100 -1.0680
v 23.0000 -0.0300 -1.0680
v 22.4500 -0.0300 -1.0680
v 22.4500 0.0100 -1.0680
v 22.4500 0.0100 -1.0320
v 23.0000 0.0100 -1.0320
v 23.0000 0.0100 -1.0680
v 23.0000 -0.0300 -1.0680
v 23.0000 -0.0300 -1.0320
v 22.4500 -0.0300 -1.0320
v 22.4500 -0.0300 -1.0680
v 22.4500 -0.0300 -1.0680
v 22.4500 -0.0300 -1.0320
v 22.4500 0.0100 -1.0320
v 22.4500 0.0100 -1.0680
v 23.0000 0.0100 -1.0680
v 23.0000 0.0100 -1.0320
v 23.0000 -0.0300 -1.0320
v 23.0000 -0.0300 -1.0680
v 22.4500 -0.0300 -0.7320
v 23.0000 -0.0300 -0.7320
v 23.0000 0.0100 -0.7320
v 22.4500 0.0100 -0.7320
v 22.4500 0.0100 -0.7680
v 23.0000 0.0100 -0.7680
v 23.0000 -0.0300 -0.7680
v 22.4500 -0.0300 -0.7680
v 22.4500 0.0100 -0.7680
v 22.4500 0.0100 -0.7320
v 23.0000 0.0100 -0.7320
v 23.0000 0.0100 -0.7680
v 23.0000 -0.0300 -0.7680
v 23.0000 -0.0300 -0.7320
v 22.4500 -0.0300 -0.7320
v 22.4500 -0.0300 -0.7680
v 22.4500 -0.0300 -0.7680
v 22.4500 -0.0300 -0.7320
v 22.4500 0.0100 -0.7320
v 22.4500 0.0100 -0.7680
v 23.0000 0.0100 -0.7680
v 23.0000 0.0100 -0.7320
v 23.0000 -0.0300 -0.7320
v 23.0000 -0.0300 -0.7680
v 22.4500 -0.0300 -0.4320
v 23.0000 -0.0300 -0.4320
v 23.0000 0.0100 -0.4320
v 22.4500 0.0100 -0.4320
v 22.4500 0.0100 -0.4680
v 23.0000 0.0100 -0.4680
v 23.0000 -0.0300 -0.4680
v 22.4500 -0.0300 -0.4680
v 22.4500 0.0100 -0.4680
v 22.4500 0.0100 -0.4320
v 23.0000 0.0100 -0.4320
v 23.0000 0.0100 -0.4680
v 23.0000 -0.0300 -0.4680
v 23.0000 -0.0300 -0.4320
v 22.4500 -0.0300 -0.4320
v 22.4500 -0.0300 -0.4680
v 22.4500 -0.0300 -0.4680
v 22.4500 -0.0300 -0.4320
v 22.4500 0.0100 -0.4320
v 22.4500 0.0100 -0.4680
v 23.0000 0.0100 -0.4680
v 23.0000 0.0100 -0.4320
v 23.0000 -0.0300 -0.4320
v 23.0000 -0.0300 -0.4680
v 22.4500 -0.0300 -0.1320
v 23.0000 -0.0300 -0.1320
v 23.0000 0.0100 -0.1320
v 22.4500 0.0100 -0.1320
v 22.4500 0.0100 -0.1680
v 23.0000 0.0100 -0.1680
v 23.0000 -0.0300 -0.1680
v 22.4500 -0.0300 -0.1680
v 22.4500 0.0100 -0.1680
v 22.4500 0.0100 -0.1320
v 23.0000 0.0100 -0.1320
v 23.0000 0.0100 -0.1680
v 23.0000 -0.0300 -0.1680
v 23.0000 -0.0300 -0.1320
v 22.4500 -0.0300 -0.1320
v 22.4500 -0.0300 -0.1680
v 22.4500 -0.0300 -0.1680
v 22.4500 -0.0300 -0.1320
v 22.4500 0.0100 -0.1320
v 22.4500 0.0100 -0.1680
v 23.0000 0.0100 -0.1680
v 23.0000 0.0100 -0.1320
v 23.0000 -0.0300 -0.1320
v 23.0000 -0.0300 -0.1680
v 22.4500 -0.0300 0.1680
v 23.0000 -0.0300 0.1680
v 23.0000 0.0100 0.1680
v 22.4500 0.0100 0.1680
v 22.4500 0.0100 0.1320
v 23.0000 0.0100 0.1320
v 23.0000 -0.0300 0.1320
v 22.4500 -0.0300 0.1320
v 22.4500 0.0100 0.1320
v 22.4500 0.0100 0.1680
v 23.0000 0.0100 0.1680
v 23.0000 0.0100 0.1320
v 23.0000 -0.0300 0.1320
v 23.0000 -0.0300 0.1680
v 22.4500 -0.0300 0.1680
v 22.4500 -0.0300 0.1320
v 22.4500 -0.0300 0.1320
v 22.4500 -0.0300 0.1680
v 22.4500 0.0100 0.1680
v 22.4500 0.0100 0.1320
v 23.0000 0.0100 0.1320
v 23.0000 0.0100 0.1680
v 23.0000 -0.0300 0.1680
v 23.0000 -0.0300 0.1320
v 22.4500 -0.0300 0.4680
v 23.0000 -0.0300 0.4680
v 23.0000 0.0100 0.4680
v 22.4500 0.0100 0.4680
v 22.4500 0.0100 0.4320
v 23.0000 0.0100 0.4320
v 23.0000 -0.0300 0.4320
v 22.4500 -0.0300 0.4320
v 22.4500 0.0100 0.4320
v 22.4500 0.0100 0.4680
v 23.0000 0.0100 0.4680
v 23.0000 0.0100 0.4320
v 23.0000 -0.0300 0.4320
v 23.0000 -0.0300 0.4680
v 22.4500 -0.0300 0.4680
v 22.4500 -0.0300 0.4320
v 22.4500 -0.0300 0.4320
v 22.4500 -0.0300 0.4680
v 22.4500 0.0100 0.4680
v 22.4500 0.0100 0.4320
v 23.0000 0.0100 0.4320
v 23.0000 0.0100 0.4680
v 23.0000 -0.0300 0.4680
v 23.0000 -0.0300 0.4320
v 22.4500 -0.0300 0.7680
v 23.0000 -0.0300 0.7680
v 23.0000 0.0100 0.7680
v 22.4500 0.0100 0.7680
v 22.4500 0.0100 0.7320
v 23.0000 0.0100 0.7320
v 23.0000 -0.0300 0.7320
v 22.4500 -0.0300 0.7320
v 22.4500 0.0100 0.7320
v 22.4500 0.0100 0.7680
v 23.0000 0.0100 0.7680
v 23.0000 0.0100 0.7320
v 23.0000 -0.0300 0.7320
v 23.0000 -0.0300 0.7680
v 22.4500 -0.0300 0.7680
v 22.4500 -0.0300 0.7320
v 22.4500 -0.0300 0.7320
v 22.4500 -0.0300 0.7680
v 22.4500 0.0100 0.7680
v 22.4500 0.0100 0.7320
v 23.0000 0.0100 0.7320
v 23.0000 0.0100 0.7680
v 23.0000 -0.0300 0.7680
v 23.0000 -0.0300 0.7320
v 22.4500 -0.0300 1.0680
v 23.0000 -0.0300 1.0680
v 23.0000 0.0100 1.0680
v 22.4500 0.0100 1.0680
v 22.4500 0.0100 1.0320
v 23.0000 0.0100 1.0320
v 23.0000 -0.0300 1.0320
v 22.4500 -0.0300 1.0320
v 22.4500 0.0100 1.0320
v 22.4500 0.0100 1.0680
v 23.0000 0.0100 1.0680
v 23.0000 0.0100 1.0320
v 23.0000 -0.0300 1.0320
v 23.0000 -0.0300 1.0680
v 22.4500 -0.0300 1.0680
v 22.4500 -0.0300 1.0320
v 22.4500 -0.0300 1.0320
v 22.4500 -0.0300 1.0680
v 22.4500 0.0100 1.0680
v 22.4500 0.0100 1.0320
v 23.0000 0.0100 1.0320
v 23.0000 0.0100 1.0680
v 23.0000 -0.0300 1.0680
v 23.0000 -0.0300 1.0320
v 22.4500 -0.0300 1.3680
v 23.0000 -0.0300 1.3680
v 23.0000 0.0100 1.3680
v 22.4500 0.0100 1.3680
v 22.4500 0.0100 1.3320
v 23.0000 0.0100 1.3320
v 23.0000 -0.0300 1.3320
v 22.4500 -0.0300 1.3320
v 22.4500 0.0100 1.3320
v 22.4500 0.0100 1.3680
v 23.0000 0.0100 1.3680
v 23.0000 0.0100 1.3320
v 23.0000 -0.0300 1.3320
v 23.0000 -0.0300 1.3680
v 22.4500 -0.0300 1.3680
v 22.4500 -0.0300 1.3320
v 22.4500 -0.0300 1.3320
v 22.4500 -0.0300 1.3680
v 22.4500 0.0100 1.3680
v 22.4500 0.0100 1.3320
v 23.0000 0.0100 1.3320
v 23.0000 0.0100 1.3680
v 23.0000 -0.0300 1.3680
v 23.0000 -0.0300 1.3320
v 22.4500 -0.0300 1.6680
v 23.0000 -0.0300 1.6680
v 23.0000 0.0100 1.6680
v 22.4500 0.0100 1.6680
v 22.4500 0.0100 1.6320
v 23.0000 0.0100 1.6320
v 23.0000 -0.0300 1.6320
v 22.4500 -0.0300 1.6320
v 22.4500 0.0100 1.6320
v 22.4500 0.0100 1.6680
v 23.0000 0.0100 1.6680
v 23.0000 0.0100 1.6320
v 23.0000 -0.0300 1.6320
v 23.0000 -0.0300 1.6680
v 22.4500 -0.0300 1.6680
v 22.4500 -0.0300 1.6320
v 22.4500 -0.0300 1.6320
v 22.4500 -0.0300 1.6680
v 22.4500 0.0100 1.6680
v 22.4500 0.0100 1.6320
v 23.0000 0.0100 1.6320
v 23.0000 0.0100 1.6680
v 23.0000 -0.0300 1.6680
v 23.0000 -0.0300 1.6320
v 50.4800 17.1850 2.2000
v 50.5500 17.1850 2.2000
v 50.5500 17.2250 2.2000
v 50.4800 17.2250 2.2000
v 50.4800 17.2250 -1.2000
v 50.5500 17.2250 -1.2000
v 50.5500 17.1850 -1.2000
v 50.4800 17.1850 -1.2000
v 50.4800 17.2250 -1.2000
v 50.4800 17.2250 2.2000
v 50.5500 17.2250 2.2000
v 50.5500 17.2250 -1.2000
v 50.5500 17.1850 -1.2000
v 50.5500 17.1850 2.2000
v 50.4800 17.1850 2.2000
v 50.4800 17.1850 -1.2000
v 50.4800 17.1850 -1.2000
v 50.4800 17.1850 2.2000
v 50.4800 17.2250 2.2000
v 50.4800 17.2250 -1.2000
v 50.5500 17.2250 -1.2000
v 50.5500 17.2250 2.2000
v 50.5500 17.1850 2.2000
v 50.5500 17.1850 -1.2000
v 50.4800 17.7750 2.2000
v 50.5500 17.7750 2.2000
v 50.5500 17.8150 2.2000
v 50.4800 17.8150 2.2000
v 50.4800 17.8150 -1.2000
v 50.5500 17.8150 -1.2000
v 50.5500 17.7750 -1.2000
v 50.4800 17.7750 -1.2000
v 50.4800 17.8150 -1.2000
v 50.4800 17.8150 2.2000
v 50.5500 17.8150 2.2000
v 50.5500 17.8150 -1.2000
v 50.5500 17.7750 -1.2000
v 50.5500 17.7750 2.2000
v 50.4800 17.7750 2.2000
v 50.4800 17.7750 -1.2000
v 50.4800 17.7750 -1.2000
v 50.4800 17.7750 2.2000
v 50.4800 17.8150 2.2000
v 50.4800 17.8150 -1.2000
v 50.5500 17.8150 -1.2000
v 50.5500 17.8150 2.2000
v 50.5500 17.7750 2.2000
v 50.5500 17.7750 -1.2000
v 50.4900 17.2250 -1.0320
v 50.5300 17.2250 -1.0320
v 50.5300 17.7750 -1.0320
v 50.4900 17.7750 -1.0320
v 50.4900 17.7750 -1.0680
v 50.5300 17.7750 -1.0680
v 50.5300 17.2250 -1.0680
v 50.4900 17.2250 -1.0680
v 50.4900 17.7750 -1.0680
v 50.4900 17.7750 -1.0320
v 50.5300 17.7750 -1.0320
v 50.5300 17.7750 -1.0680
v 50.5300 17.2250 -1.0680
v 50.5300 17.2250 -1.0320
v 50.4900 17.2250 -1.0320
v 50.4900 17.2250 -1.0680
v 50.4900 17.2250 -1.0680
v 50.4900 17.2250 -1.0320
v 50.4900 17.7750 -1.0320
v 50.4900 17.7750 -1.0680
v 50.5300 17.7750 -1.0680
v 50.5300 17.7750 -1.0320
v 50.5300 17.2250 -1.0320
v 50.5300 17.2250 -1.0680
v 50.4900 17.2250 -0.7320
v 50.5300 17.2250 -0.7320
v 50.5300 17.7750 -0.7320
v 50.4900 17.7750 -0.7320
v 50.4900 17.7750 -0.7680
v 50.5300 17.7750 -0.7680
v 50.5300 17.2250 -0.7680
v 50.4900 17.2250 -0.7680
v 50.4900 17.7750 -0.7680
v 50.4900 17.7750 -0.7320
v 50.5300 17.7750 -0.7320
v 50.5300 17.7750 -0.7680
v 50.5300 17.2250 -0.7680
v 50.5300 17.2250 -0.7320
v 50.4900 17.2250 -0.7320
v 50.4900 17.2250 -0.7680
v 50.4900 17.2250 -0.7680
v 50.4900 17.2250 -0.7320
v 50.4900 17.7750 -0.7320
v 50.4900 17.7750 -0.7680
v 50.5300 17.7750 -0.7680
v 50.5300 17.7750 -0.7320
v 50.5300 17.2250 -0.7320
v 50.5300 17.2250 -0.7680
v 50.4900 17.2250 -0.4320
v 50.5300 17.2250 -0.4320
v 50.5300 17.7750 -0.4320
v 50.4900 17.7750 -0.4320
v 50.4900 17.7750 -0.4680
v 50.5300 17.7750 -0.4680
v 50.5300 17.2250 -0.4680
v 50.4900 17.2250 -0.4680
v 50.4900 17.7750 -0.4680
v 50.4900 17.7750 -0.4320
v 50.5300 17.7750 -0.4320
v 50.5300 17.7750 -0.4680
v 50.5300 17.2250 -0.4680
v 50.5300 17.2250 -0.4320
v 50.4900 17.2250 -0.4320
v 50.4900 17.2250 -0.4680
v 50.4900 17.2250 -0.4680
v 50.4900 17.2250 -0.4320
v 50.4900 17.7750 -0.4320
v 50.4900 17.7750 -0.4680
v 50.5300 17.7750 -0.4680
v 50.5300 17.7750 -0.4320
v 50.5300 17.2250 -0.4320
v 50.5300 17.2250 -0.4680
v 50.4900 17.2250 -0.1320
v 50.5300 17.2250 -0.1320
v 50.5300 17.7750 -0.1320
v 50.4900 17.7750 -0.1320
v 50.4900 17.7750 -0.1680
v 50.5300 17.7750 -0.1680
v 50.5300 17.2250 -0.1680
v 50.4900 17.2250 -0.1680
v 50.4900 17.7750 -0.1680
v 50.4900 17.7750 -0.1320
v 50.5300 17.7750 -0.1320
v 50.5300 17.7750 -0.1680
v 50.5300 17.2250 -0.1680
v 50.5300 17.2250 -0.1320
v 50.4900 17.2250 -0.1320
v 50.4900 17.2250 -0.1680
v 50.4900 17.2250 -0.1680
v 50.4900 17.2250 -0.1320
v 50.4900 17.7750 -0.1320
v 50.4900 17.7750 -0.1680
v 50.5300 17.7750 -0.1680
v 50.5300 17.7750 -0.1320
v 50.5300 17.2250 -0.1320
v 50.5300 17.2250 -0.1680
v 50.4900 17.2250 0.1680
v 50.5300 17.2250 0.1680
v 50.5300 17.7750 0.1680
v 50.4900 17.7750 0.1680
v 50.4900 17.7750 0.1320
v 50.5300 17.7750 0.1320
v 50.5300 17.2250 0.1320
v 50.4900 17.2250 0.1320
v 50.4900 17.7750 0.1320
v 50.4900 17.7750 0.1680
v 50.5300 17.7750 0.1680
v 50.5300 17.7750 0.1320
v 50.5300 17.2250 0.1320
v 50.5300 17.2250 0.1680
v 50.4900 17.2250 0.1680
v 50.4900 17.2250 0.1320
v 50.4900 17.2250 0.1320
v 50.4900 17.2250 0.1680
v 50.4900 17.7750 0.1680
v 50.4900 17.7750 0.1320
v 50.5300 17.7750 0.1320
v 50.5300 17.7750 0.1680
v 50.5300 17.2250 0.1680
v 50.5300 17.2250 0.1320
v 50.4900 17.2250 0.4680
v 50.5300 17.2250 0.4680
v 50.5300 17.7750 0.4680
v 50.4900 17.7750 0.4680
v 50.4900 17.7750 0.4320
v 50.5300 17.7750 0.4320
v 50.5300 17.2250 0.4320
v 50.4900 17.2250 0.4320
v 50.4900 17.7750 0.4320
v 50.4900 17.7750 0.4680
v 50.5300 17.7750 0.4680
v 50.5300 17.7750 0.4320
v 50.5300 17.2250 0.4320
v 50.5300 17.2250 0.4680
v 50.4900 17.2250 0.4680
v 50.4900 17.2250 0.4320
v 50.4900 17.2250 0.4320
v 50.4900 17.2250 0.4680
v 50.4900 17.7750 0.4680
v 50.4900 17.7750 0.4320
v 50.5300 17.7750 0.4320
v 50.5300 17.7750 0.4680
v 50.5300 17.2250 0.4680
v 50.5300 17.2250 0.4320
v 50.4900 17.2250 0.7680
v 50.5300 17.2250 0.7680
v 50.5300 17.7750 0.7680
v 50.4900 17.7750 0.7680
v 50.4900 17.7750 0.7320
v 50.5300 17.7750 0.7320
v 50.5300 17.2250 0.7320
v 50.4900 17.2250 0.7320
v 50.4900 17.7750 0.7320
v 50.4900 17.7750 0.7680
v 50.5300 17.7750 0.7680
v 50.5300 17.7750 0.7320
v 50.5300 17.2250 0.7320
v 50.5300 17.2250 0.7680
v 50.4900 17.2250 0.7680
v 50.4900 17.2250 0.7320
v 50.4900 17.2250 0.7320
v 50.4900 17.2250 0.7680
v 50.4900 17.7750 0.7680
v 50.4900 17.7750 0.7320
v 50.5300 17.7750 0.7320
v 50.5300 17.7750 0.7680
v 50.5300 17.2250 0.7680
v 50.5300 17.2250 0.7320
v 50.4900 17.2250 1.0680
v 50.5300 17.2250 1.0680
v 50.5300 17.7750 1.0680
v 50.4900 17.7750 1.0680
v 50.4900 17.7750 1.0320
v 50.5300 17.7750 1.0320
v 50.5300 17.2250 1.0320
v 50.4900 17.2250 1.0320
v 50.4900 17.7750 1.0320
v 50.4900 17.7750 1.0680
v 50.5300 17.7750 1.0680
v 50.5300 17.7750 1.0320
v 50.5300 17.2250 1.0320
v 50.5300 17.2250 1.0680
v 50.4900 17.2250 1.0680
v 50.4900 17.2250 1.0320
v 50.4900 17.2250 1.0320
v 50.4900 17.2250 1.0680
v 50.4900 17.7750 1.0680
v 50.4900 17.7750 1.0320
v 50.5300 17.7750 1.0320
v 50.5300 17.7750 1.0680
v 50.5300 17.2250 1.0680
v 50.5300 17.2250 1.0320
v 50.4900 17.2250 1.3680
v 50.5300 17.2250 1.3680
v 50.5300 17.7750 1.3680
v 50.4900 17.7750 1.3680
v 50.4900 17.7750 1.3320
v 50.5300 17.7750 1.3320
v 50.5300 17.2250 1.3320
v 50.4900 17.2250 1.3320
v 50.4900 17.7750 1.3320
v 50.4900 17.7750 1.3680
v 50.5300 17.7750 1.3680
v 50.5300 17.7750 1.3320
v 50.5300 17.2250 1.3320
v 50.5300 17.2250 1.3680
v 50.4900 17.2250 1.3680
v 50.4900 17.2250 1.3320
v 50.4900 17.2250 1.3320
v 50.4900 17.2250 1.3680
v 50.4900 17.7750 1.3680
v 50.4900 17.7750 1.3320
v 50.5300 17.7750 1.3320
v 50.5300 17.7750 1.3680
v 50.5300 17.2250 1.3680
v 50.5300 17.2250 1.3320
v 50.4900 17.2250 1.6680
v 50.5300 17.2250 1.6680
v 50.5300 17.7750 1.6680
v 50.4900 17.7750 1.6680
v 50.4900 17.7750 1.6320
v 50.5300 17.7750 1.6320
v 50.5300 17.2250 1.6320
v 50.4900 17.2250 1.6320
v 50.4900 17.7750 1.6320
v 50.4900 17.7750 1.6680
v 50.5300 17.7750 1.6680
v 50.5300 17.7750 1.6320
v 50.5300 17.2250 1.6320
v 50.5300 17.2250 1.6680
v 50.4900 17.2250 1.6680
v 50.4900 17.2250 1.6320
v 50.4900 17.2250 1.6320
v 50.4900 17.2250 1.6680
v 50.4900 17.7750 1.6680
v 50.4900 17.7750 1.6320
v 50.5300 17.7750 1.6320
v 50.5300 17.7750 1.6680
v 50.5300 17.2250 1.6680
v 50.5300 17.2250 1.6320

vt 0.0000 0.0000
vt 25.2500 0.0000
vt 25.2500 0.3500
vt 0.0000 0.3500
vt 0.0000 0.0000
vt 0.3500 0.0000
vt 0.3500 0.3500
vt 0.0000 0.3500
vt 0.0000 0.0000
vt 0.3500 0.0000
vt 0.3500 17.5000
vt 0.0000 17.5000
vt 0.0000 0.0000
vt 0.0000 0.2000
vt 25.4250 0.2000
vt 25.4250 0.0000
vt 0.0000 0.0000
vt 0.0000 0.2000
vt 17.6750 0.2000
vt 17.6750 0.0000
vt 0.0000 0.0000
vt 12.7125 0.0000
vt 12.7125 1.0375
vt 0.0000 1.0375
vt 0.0000 0.0000
vt 1.0375 0.0000
vt 1.0375 8.8375
vt 0.0000 8.8375
vt 0.0000 0.0000
vt 1.0375 0.0000
vt 1.0375 1.0375
vt 0.0000 1.0375
vt 0.0000 0.0000
vt 0.0000 0.9333
vt 10.1000 0.9333
vt 10.1000 0.0000
vt 0.0000 0.0000
vt 0.0000 1.0000
vt 12.6250 1.0000
vt 12.6250 0.0000
vt 0.0000 0.0000
vt 0.0000 3.6750
vt 8.4167 3.6750
vt 8.4167 0.0000
vt 0.0000 0.0000
vt 7.0000 0.0000
vt 7.0000 0.9333
vt 0.0000 0.9333
vt 0.0000 0.0000
vt 8.7500 0.0000
vt 8.7500 1.0000
vt 0.0000 1.0000
vt 0.0000 0.0000
vt 5.8333 0.0000
vt 5.8333 3.6750
vt 0.0000 3.6750
vt 0.0000 0.0000
vt 0.0000 4.5000
vt 9.1667 4.5000
vt 9.1667 0.0000
vt 0.0000 0.0000
vt 6.5833 0.0000
vt 6.5833 4.5000
vt 0.0000 4.5000
vt 0.0000 0.0000
vt 0.0000 4.5000
vt 1.1250 4.5000
vt 1.1250 0.0000
vt 0.0000 0.0000
vt 0.0000 4.5000
vt 1.1250 4.5000
vt 1.1250 0.0000
vt 0.0000 0.0000
vt 0.0000 12.6250
vt 12.6250 1.1250
vt 1.1250 0.0000
vt 0.0000 0.0000
vt 0.0000 9.8750
vt 9.8750 1.1250
vt 1.1250 0.0000
vt 0.0000 0.0000
vt 0.0000 1.0000
vt 0.1250 1.0000
vt 0.1250 0.0000
vt 0.1250 0.0000
vt 0.1250 1.0000
vt 0.2500 1.0000
vt 0.2500 0.0000
vt 0.2500 0.0000
vt 0.2500 1.0000
vt 0.3750 1.0000
vt 0.3750 0.0000
vt 0.3750 0.0000
vt 0.3750 1.0000
vt 0.5000 1.0000
vt 0.5000 0.0000
vt 0.5000 0.0000
vt 0.5000 1.0000
vt 0.6250 1.0000
vt 0.6250 0.0000
vt 0.6250 0.0000
vt 0.6250 1.0000
vt 0.7500 1.0000
vt 0.7500 0.0000
vt 0.7500 0.0000
vt 0.7500 1.0000
vt 0.8750 1.0000
vt 0.8750 0.0000
vt 0.8750 0.0000
vt 0.8750 1.0000
vt 1.0000 1.0000
vt 1.0000 0.0000
vt 0.5000 0.5000
vt 1.0000 1.0000
vt 0.5000 1.0000
vt 0.5000 0.5000
vt 0.5000 1.0000
vt 1.0000 1.0000
vt 0.5000 0.5000
vt 1.0000 1.0000
vt 0.5000 1.0000
vt 0.5000 0.5000
vt 0.5000 1.0000
vt 1.0000 1.0000
vt 0.5000 0.5000
vt 1.0000 1.0000
vt 0.5000 1.0000
vt 0.5000 0.5000
vt 0.5000 1.0000
vt 1.0000 1.0000
vt 0.5000 0.5000
vt 1.0000 1.0000
vt 0.5000 1.0000
vt 0.5000 0.5000
vt 0.5000 1.0000
vt 1.0000 1.0000
vt 0.5000 0.5000
vt 1.0000 1.0000
vt 0.5000 1.0000
vt 0.5000 0.5000
vt 0.5000 1.0000
vt 1.0000 1.0000
vt 0.5000 0.5000
vt 1.0000 1.0000
vt 0.5000 1.0000
vt 0.5000 0.5000
vt 0.5000 1.0000
vt 1.0000 1.0000
vt 0.5000 0.5000
vt 1.0000 1.0000
vt 0.5000 1.0000
vt 0.5000 0.5000
vt 0.5000 1.0000
vt 1.0000 1.0000
vt 0.5000 0.5000
vt 1.0000 1.0000
vt 0.5000 1.0000
vt 0.5000 0.5000
vt 0.5000 1.0000
vt 1.0000 1.0000
vt 0.0000 0.0000
vt 0.0000 1.0000
vt 0.1250 1.0000
vt 0.1250 0.0000
vt 0.1250 0.0000
vt 0.1250 1.0000
vt 0.2500 1.0000
vt 0.2500 0.0000
vt 0.2500 0.0000
vt 0.2500 1.0000
vt 0.3750 1.0000
vt 0.3750 0.0000
vt 0.3750 0.0000
vt 0.3750 1.0000
vt 0.5000 1.0000
vt 0.5000 0.0000
vt 0.5000 0.0000
vt 0.5000 1.0000
vt 0.6250 1.0000
vt 0.6250 0.0000
vt 0.6250 0.0000
vt 0.6250 1.0000
vt 0.7500 1.0000
vt 0.7500 0.0000
vt 0.7500 0.0000
vt 0.7500 1.0000
vt 0.8750 1.0000
vt 0.8750 0.0000
vt 0.8750 0.0000
vt 0.8750 1.0000
vt 1.0000 1.0000
vt 1.0000 0.0000
vt 0.5000 0.5000
vt 1.0000 1.0000
vt 0.5000 1.0000
vt 0.5000 0.5000
vt 0.5000 1.0000
vt 1.0000 1.0000
vt 0.5000 0.5000
vt 1.0000 1.0000
vt 0.5000 1.0000
vt 0.5000 0.5000
vt 0.5000 1.0000
vt 1.0000 1.0000
vt 0.5000 0.5000
vt 1.0000 1.0000
vt 0.5000 1.0000
vt 0.5000 0.5000
vt 0.5000 1.0000
vt 1.0000 1.0000
vt 0.5000 0.5000
vt 1.0000 1.0000
vt 0.5000 1.0000
vt 0.5000 0.5000
vt 0.5000 1.0000
vt 1.0000 1.0000
vt 0.5000 0.5000
vt 1.0000 1.0000
vt 0.5000 1.0000
vt 0.5000 0.5000
vt 0.5000 1.0000
vt 1.0000 1.0000
vt 0.5000 0.5000
vt 1.0000 1.0000
vt 0.5000 1.0000
vt 0.5000 0.5000
vt 0.5000 1.0000
vt 1.0000 1.0000
vt 0.5000 0.5000
vt 1.0000 1.0000
vt 0.5000 1.0000
vt 0.5000 0.5000
vt 0.5000 1.0000
vt 1.0000 1.0000
vt 0.5000 0.5000
vt 1.0000 1.0000
vt 0.5000 1.0000
vt 0.5000 0.5000
vt 0.5000 1.0000
vt 1.0000 1.0000
vt 0.0000 0.0000
vt 0.0000 1.0000
vt 0.1250 1.0000
vt 0.1250 0.0000
vt 0.1250 0.0000
vt 0.1250 1.0000
vt 0.2500 1.0000
vt 0.2500 0.0000
vt 0.2500 0.0000
vt 0.2500 1.0000
vt 0.3750 1.0000
vt 0.3750 0.0000
vt 0.3750 0.0000
vt 0.3750 1.0000
vt 0.5000 1.0000
vt 0.5000 0.0000
vt 0.5000 0.0000
vt 0.5000 1.0000
vt 0.6250 1.0000
vt 0.6250 0.0000
vt 0.6250 0.0000
vt 0.6250 1.0000
vt 0.7500 1.0000
vt 0.7500 0.0000
vt 0.7500 0.0000
vt 0.7500 1.0000
vt 0.8750 1.0000
vt 0.8750 0.0000
vt 0.8750 0.0000
vt 0.8750 1.0000
vt 1.0000 1.0000
vt 1.0000 0.0000
vt 0.5000 0.5000
vt 1.0000 1.0000
vt 0.5000 1.0000
vt 0.5000 0.5000
vt 0.5000 1.0000
vt 1.0000 1.0000
vt 0.5000 0.5000
vt 1.0000 1.0000
vt 0.5000 1.0000
vt 0.5000 0.5000
vt 0.5000 1.0000
vt 1.0000 1.0000
vt 0.5000 0.5000
vt 1.0000 1.0000
vt 0.5000 1.0000
vt 0.5000 0.5000
vt 0.5000 1.0000
vt 1.0000 1.0000
vt 0.5000 0.5000
vt 1.0000 1.0000
vt 0.5000 1.0000
vt 0.5000 0.5000
vt 0.5000 1.0000
vt 1.0000 1.0000
vt 0.5000 0.5000
vt 1.0000 1.0000
vt 0.5000 1.0000
vt 0.5000 0.5000
vt 0.5000 1.0000
vt 1.0000 1.0000
vt 0.5000 0.5000
vt 1.0000 1.0000
vt 0.5000 1.0000
vt 0.5000 0.5000
vt 0.5000 1.0000
vt 1.0000 1.0000
vt 0.5000 0.5000
vt 1.0000 1.0000
vt 0.5000 1.0000
vt 0.5000 0.5000
vt 0.5000 1.0000
vt 1.0000 1.0000
vt 0.5000 0.5000
vt 1.0000 1.0000
vt 0.5000 1.0000
vt 0.5000 0.5000
vt 0.5000 1.0000
vt 1.0000 1.0000
vt 0.0000 0.0000
vt 0.0000 1.0000
vt 0.1250 1.0000
vt 0.1250 0.0000
vt 0.1250 0.0000
vt 0.1250 1.0000
vt 0.2500 1.0000
vt 0.2500 0.0000
vt 0.2500 0.0000
vt 0.2500 1.0000
vt 0.3750 1.0000
vt 0.3750 0.0000
vt 0.3750 0.0000
vt 0.3750 1.0000
vt 0.5000 1.0000
vt 0.5000 0.0000
vt 0.5000 0.0000
vt 0.5000 1.0000
vt 0.6250 1.0000
vt 0.6250 0.0000
vt 0.6250 0.0000
vt 0.6250 1.0000
vt 0.7500 1.0000
vt 0.7500 0.0000
vt 0.7500 0.0000
vt 0.7500 1.0000
vt 0.8750 1.0000
vt 0.8750 0.0000
vt 0.8750 0.0000
vt 0.8750 1.0000
vt 1.0000 1.0000
vt 1.0000 0.0000
vt 0.5000 0.5000
vt 1.0000 1.0000
vt 0.5000 1.0000
vt 0.5000 0.5000
vt 0.5000 1.0000
vt 1.0000 1.0000
vt 0.5000 0.5000
vt 1.0000 1.0000
vt 0.5000 1.0000
vt 0.5000 0.5000
vt 0.5000 1.0000
vt 1.0000 1.0000
vt 0.5000 0.5000
vt 1.0000 1.0000
vt 0.5000 1.0000
vt 0.5000 0.5000
vt 0.5000 1.0000
vt 1.0000 1.0000
vt 0.5000 0.5000
vt 1.0000 1.0000
vt 0.5000 1.0000
vt 0.5000 0.5000
vt 0.5000 1.0000
vt 1.0000 1.0000
vt 0.5000 0.5000
vt 1.0000 1.0000
vt 0.5000 1.0000
vt 0.5000 0.5000
vt 0.5000 1.0000
vt 1.0000 1.0000
vt 0.5000 0.5000
vt 1.0000 1.0000
vt 0.5000 1.0000
vt 0.5000 0.5000
vt 0.5000 1.0000
vt 1.0000 1.0000
vt 0.5000 0.5000
vt 1.0000 1.0000
vt 0.5000 1.0000
vt 0.5000 0.5000
vt 0.5000 1.0000
vt 1.0000 1.0000
vt 0.5000 0.5000
vt 1.0000 1.0000
vt 0.5000 1.0000
vt 0.5000 0.5000
vt 0.5000 1.0000
vt 1.0000 1.0000
vt 0.0000 0.0000
vt 0.0000 1.0000
vt 0.1250 1.0000
vt 0.1250 0.0000
vt 0.1250 0.0000
vt 0.1250 1.0000
vt 0.2500 1.0000
vt 0.2500 0.0000
vt 0.2500 0.0000
vt 0.2500 1.0000
vt 0.3750 1.0000
vt 0.3750 0.0000
vt 0.3750 0.0000
vt 0.3750 1.0000
vt 0.5000 1.0000
vt 0.5000 0.0000
vt 0.5000 0.0000
vt 0.5000 1.0000
vt 0.6250 1.0000
vt 0.6250 0.0000
vt 0.6250 0.0000
vt 0.6250 1.0000
vt 0.7500 1.0000
vt 0.7500 0.0000
vt 0.7500 0.0000
vt 0.7500 1.0000
vt 0.8750 1.0000
vt 0.8750 0.0000
vt 0.8750 0.0000
vt 0.8750 1.0000
vt 1.0000 1.0000
vt 1.0000 0.0000
vt 0.5000 0.5000
vt 1.0000 1.0000
vt 0.5000 1.0000
vt 0.5000 0.5000
vt 0.5000 1.0000
vt 1.0000 1.0000
vt 0.5000 0.5000
vt 1.0000 1.0000
vt 0.5000 1.0000
vt 0.5000 0.5000
vt 0.5000 1.0000
vt 1.0000 1.0000
vt 0.5000 0.5000
vt 1.0000 1.0000
vt 0.5000 1.0000
vt 0.5000 0.5000
vt 0.5000 1.0000
vt 1.0000 1.0000
vt 0.5000 0.5000
vt 1.0000 1.0000
vt 0.5000 1.0000
vt 0.5000 0.5000
vt 0.5000 1.0000
vt 1.0000 1.0000
vt 0.5000 0.5000
vt 1.0000 1.0000
vt 0.5000 1.0000
vt 0.5000 0.5000
vt 0.5000 1.0000
vt 1.0000 1.0000
vt 0.5000 0.5000
vt 1.0000 1.0000
vt 0.5000 1.0000
vt 0.5000 0.5000
vt 0.5000 1.0000
vt 1.0000 1.0000
vt 0.5000 0.5000
vt 1.0000 1.0000
vt 0.5000 1.0000
vt 0.5000 0.5000
vt 0.5000 1.0000
vt 1.0000 1.0000
vt 0.5000 0.5000
vt 1.0000 1.0000
vt 0.5000 1.0000
vt 0.5000 0.5000
vt 0.5000 1.0000
vt 1.0000 1.0000
vt 0.0000 0.0000
vt 0.0000 1.0000
vt 0.1250 1.0000
vt 0.1250 0.0000
vt 0.1250 0.0000
vt 0.1250 1.0000
vt 0.2500 1.0000
vt 0.2500 0.0000
vt 0.2500 0.0000
vt 0.2500 1.0000
vt 0.3750 1.0000
vt 0.3750 0.0000
vt 0.3750 0.0000
vt 0.3750 1.0000
vt 0.5000 1.0000
vt 0.5000 0.0000
vt 0.5000 0.0000
vt 0.5000 1.0000
vt 0.6250 1.0000
vt 0.6250 0.0000
vt 0.6250 0.0000
vt 0.6250 1.0000
vt 0.7500 1.0000
vt 0.7500 0.0000
vt 0.7500 0.0000
vt 0.7500 1.0000
vt 0.8750 1.0000
vt 0.8750 0.0000
vt 0.8750 0.0000
vt 0.8750 1.0000
vt 1.0000 1.0000
vt 1.0000 0.0000
vt 0.5000 0.5000
vt 1.0000 1.0000
vt 0.5000 1.0000
vt 0.5000 0.5000
vt 0.5000 1.0000
vt 1.0000 1.0000
vt 0.5000 0.5000
vt 1.0000 1.0000
vt 0.5000 1.0000
vt 0.5000 0.5000
vt 0.5000 1.0000
vt 1.0000 1.0000
vt 0.5000 0.5000
vt 1.0000 1.0000
vt 0.5000 1.0000
vt 0.5000 0.5000
vt 0.5000 1.0000
vt 1.0000 1.0000
vt 0.5000 0.5000
vt 1.0000 1.0000
vt 0.5000 1.0000
vt 0.5000 0.5000
vt 0.5000 1.0000
vt 1.0000 1.0000
vt 0.5000 0.5000
vt 1.0000 1.0000
vt 0.5000 1.0000
vt 0.5000 0.5000
vt 0.5000 1.0000
vt 1.0000 1.0000
vt 0.5000 0.5000
vt 1.0000 1.0000
vt 0.5000 1.0000
vt 0.5000 0.5000
vt 0.5000 1.0000
vt 1.0000 1.0000
vt 0.5000 0.5000
vt 1.0000 1.0000
vt 0.5000 1.0000
vt 0.5000 0.5000
vt 0.5000 1.0000
vt 1.0000 1.0000
vt 0.5000 0.5000
vt 1.0000 1.0000
vt 0.5000 1.0000
vt 0.5000 0.5000
vt 0.5000 1.0000
vt 1.0000 1.0000
vt 0.0000 0.0000
vt 0.0833 0.0000
vt 0.0833 1.0000
vt 0.0000 1.0000
vt 0.0833 0.0000
vt 0.1667 0.0000
vt 0.1667 1.0000
vt 0.0833 1.0000
vt 0.1667 0.0000
vt 0.2500 0.0000
vt 0.2500 1.0000
vt 0.1667 1.0000
vt 0.2500 0.0000
vt 0.3333 0.0000
vt 0.3333 1.0000
vt 0.2500 1.0000
vt 0.3333 0.0000
vt 0.4167 0.0000
vt 0.4167 1.0000
vt 0.3333 1.0000
vt 0.4167 0.0000
vt 0.5000 0.0000
vt 0.5000 1.0000
vt 0.4167 1.0000
vt 0.5000 0.0000
vt 0.5833 0.0000
vt 0.5833 1.0000
vt 0.5000 1.0000
vt 0.5833 0.0000
vt 0.6667 0.0000
vt 0.6667 1.0000
vt 0.5833 1.0000
vt 0.6667 0.0000
vt 0.7500 0.0000
vt 0.7500 1.0000
vt 0.6667 1.0000
vt 0.7500 0.0000
vt 0.8333 0.0000
vt 0.8333 1.0000
vt 0.7500 1.0000
vt 0.8333 0.0000
vt 0.9167 0.0000
vt 0.9167 1.0000
vt 0.8333 1.0000
vt 0.9167 0.0000
vt 0.9167 1.0000
vt 1.0000 1.0000
vt 1.0000 0.0000
vt 0.5000 0.5000
vt 1.0000 0.5000
vt 0.9330 0.7500
vt 0.5000 0.5000
vt 0.9330 0.7500
vt 1.0000 0.5000
vt 0.5000 0.5000
vt 0.9330 0.7500
vt 0.7500 0.9330
vt 0.5000 0.5000
vt 0.7500 0.9330
vt 0.9330 0.7500
vt 0.5000 0.5000
vt 0.7500 0.9330
vt 0.5000 1.0000
vt 0.5000 0.5000
vt 0.5000 1.0000
vt 0.7500 0.9330
vt 0.5000 0.5000
vt 0.5000 1.0000
vt 0.2500 0.9330
vt 0.5000 0.5000
vt 0.2500 0.9330
vt 0.5000 1.0000
vt 0.5000 0.5000
vt 0.2500 0.9330
vt 0.0670 0.7500
vt 0.5000 0.5000
vt 0.0670 0.7500
vt 0.2500 0.9330
vt 0.5000 0.5000
vt 0.0670 0.7500
vt 0.0000 0.5000
vt 0.5000 0.5000
vt 0.0000 0.5000
vt 0.0670 0.7500
vt 0.5000 0.5000
vt 0.0000 0.5000
vt 0.0670 0.2500
vt 0.5000 0.5000
vt 0.0670 0.2500
vt 0.0000 0.5000
vt 0.5000 0.5000
vt 0.0670 0.2500
vt 0.2500 0.0670
vt 0.5000 0.5000
vt 0.2500 0.0670
vt 0.0670 0.2500
vt 0.5000 0.5000
vt 0.2500 0.0670
vt 0.5000 0.0000
vt 0.5000 0.5000
vt 0.5000 0.0000
vt 0.2500 0.0670
vt 0.5000 0.5000
vt 0.5000 0.0000
vt 0.7500 0.0670
vt 0.5000 0.5000
vt 0.7500 0.0670
vt 0.5000 0.0000
vt 0.5000 0.5000
vt 0.7500 0.0670
vt 0.9330 0.2500
vt 0.5000 0.5000
vt 0.9330 0.2500
vt 0.7500 0.0670
vt 0.5000 0.5000
vt 0.9330 0.2500
vt 1.0000 0.5000
vt 0.5000 0.5000
vt 1.0000 0.5000
vt 0.9330 0.2500
vt 0.0000 0.0000
vt 0.0833 0.0000
vt 0.0833 1.0000
vt 0.0000 1.0000
vt 0.0833 0.0000
vt 0.1667 0.0000
vt 0.1667 1.0000
vt 0.0833 1.0000
vt 0.1667 0.0000
vt 0.2500 0.0000
vt 0.2500 1.0000
vt 0.1667 1.0000
vt 0.2500 0.0000
vt 0.3333 0.0000
vt 0.3333 1.0000
vt 0.2500 1.0000
vt 0.3333 0.0000
vt 0.4167 0.0000
vt 0.4167 1.0000
vt 0.3333 1.0000
vt 0.4167 0.0000
vt 0.5000 0.0000
vt 0.5000 1.0000
vt 0.4167 1.0000
vt 0.5000 0.0000
vt 0.5833 0.0000
vt 0.5833 1.0000
vt 0.5000 1.0000
vt 0.5833 0.0000
vt 0.6667 0.0000
vt 0.6667 1.0000
vt 0.5833 1.0000
vt 0.6667 0.0000
vt 0.7500 0.0000
vt 0.7500 1.0000
vt 0.6667 1.0000
vt 0.7500 0.0000
vt 0.8333 0.0000
vt 0.8333 1.0000
vt 0.7500 1.0000
vt 0.8333 0.0000
vt 0.9167 0.0000
vt 0.9167 1.0000
vt 0.8333 1.0000
vt 0.9167 0.0000
vt 0.9167 1.0000
vt 1.0000 1.0000
vt 1.0000 0.0000
vt 0.0000 0.0000
vt 0.0833 0.0000
vt 0.0833 1.0000
vt 0.0000 1.0000
vt 0.0833 0.0000
vt 0.1667 0.0000
vt 0.1667 1.0000
vt 0.0833 1.0000
vt 0.1667 0.0000
vt 0.2500 0.0000
vt 0.2500 1.0000
vt 0.1667 1.0000
vt 0.2500 0.0000
vt 0.3333 0.0000
vt 0.3333 1.0000
vt 0.2500 1.0000
vt 0.3333 0.0000
vt 0.4167 0.0000
vt 0.4167 1.0000
vt 0.3333 1.0000
vt 0.4167 0.0000
vt 0.5000 0.0000
vt 0.5000 1.0000
vt 0.4167 1.0000
vt 0.5000 0.0000
vt 0.5833 0.0000
vt 0.5833 1.0000
vt 0.5000 1.0000
vt 0.5833 0.0000
vt 0.6667 0.0000
vt 0.6667 1.0000
vt 0.5833 1.0000
vt 0.6667 0.0000
vt 0.7500 0.0000
vt 0.7500 1.0000
vt 0.6667 1.0000
vt 0.7500 0.0000
vt 0.8333 0.0000
vt 0.8333 1.0000
vt 0.7500 1.0000
vt 0.8333 0.0000
vt 0.9167 0.0000
vt 0.9167 1.0000
vt 0.8333 1.0000
vt 0.9167 0.0000
vt 0.9167 1.0000
vt 1.0000 1.0000
vt 1.0000 0.0000
vt 0.5000 0.5000
vt 1.0000 0.5000
vt 0.9330 0.7500
vt 0.5000 0.5000
vt 0.9330 0.7500
vt 1.0000 0.5000
vt 0.5000 0.5000
vt 0.9330 0.7500
vt 0.7500 0.9330
vt 0.5000 0.5000
vt 0.7500 0.9330
vt 0.9330 0.7500
vt 0.5000 0.5000
vt 0.7500 0.9330
vt 0.5000 1.0000
vt 0.5000 0.5000
vt 0.5000 1.0000
vt 0.7500 0.9330
vt 0.5000 0.5000
vt 0.5000 1.0000
vt 0.2500 0.9330
vt 0.5000 0.5000
vt 0.2500 0.9330
vt 0.5000 1.0000
vt 0.5000 0.5000
vt 0.2500 0.9330
vt 0.0670 0.7500
vt 0.5000 0.5000
vt 0.0670 0.7500
vt 0.2500 0.9330
vt 0.5000 0.5000
vt 0.0670 0.7500
vt 0.0000 0.5000
vt 0.5000 0.5000
vt 0.0000 0.5000
vt 0.0670 0.7500
vt 0.5000 0.5000
vt 0.0000 0.5000
vt 0.0670 0.2500
vt 0.5000 0.5000
vt 0.0670 0.2500
vt 0.0000 0.5000
vt 0.5000 0.5000
vt 0.0670 0.2500
vt 0.2500 0.0670
vt 0.5000 0.5000
vt 0.2500 0.0670
vt 0.0670 0.2500
vt 0.5000 0.5000
vt 0.2500 0.0670
vt 0.5000 0.0000
vt 0.5000 0.5000
vt 0.5000 0.0000
vt 0.2500 0.0670
vt 0.5000 0.5000
vt 0.5000 0.0000
vt 0.7500 0.0670
vt 0.5000 0.5000
vt 0.7500 0.0670
vt 0.5000 0.0000
vt 0.5000 0.5000
vt 0.7500 0.0670
vt 0.9330 0.2500
vt 0.5000 0.5000
vt 0.9330 0.2500
vt 0.7500 0.0670
vt 0.5000 0.5000
vt 0.9330 0.2500
vt 1.0000 0.5000
vt 0.5000 0.5000
vt 1.0000 0.5000
vt 0.9330 0.2500
vt 0.0000 0.0000
vt 0.7600 0.0000
vt 0.7600 0.1600
vt 0.0000 0.1600
vt 0.0000 0.0000
vt 0.7600 0.0000
vt 0.7600 0.1600
vt 0.0000 0.1600
vt 0.0000 0.0000
vt 0.0000 0.0800
vt 0.7600 0.0800
vt 0.7600 0.0000
vt 0.0000 0.0000
vt 0.0000 0.0800
vt 0.7600 0.0800
vt 0.7600 0.0000
vt 0.0000 0.0000
vt 0.0000 0.0800
vt 0.1600 0.0800
vt 0.1600 0.0000
vt 0.0000 0.0000
vt 0.0000 0.0800
vt 0.1600 0.0800
vt 0.1600 0.0000
vt 0.0000 0.0000
vt 0.0833 0.0000
vt 0.0833 1.0000
vt 0.0000 1.0000
vt 0.0833 0.0000
vt 0.1667 0.0000
vt 0.1667 1.0000
vt 0.0833 1.0000
vt 0.1667 0.0000
vt 0.2500 0.0000
vt 0.2500 1.0000
vt 0.1667 1.0000
vt 0.2500 0.0000
vt 0.3333 0.0000
vt 0.3333 1.0000
vt 0.2500 1.0000
vt 0.3333 0.0000
vt 0.4167 0.0000
vt 0.4167 1.0000
vt 0.3333 1.0000
vt 0.4167 0.0000
vt 0.5000 0.0000
vt 0.5000 1.0000
vt 0.4167 1.0000
vt 0.5000 0.0000
vt 0.5833 0.0000
vt 0.5833 1.0000
vt 0.5000 1.0000
vt 0.5833 0.0000
vt 0.6667 0.0000
vt 0.6667 1.0000
vt 0.5833 1.0000
vt 0.6667 0.0000
vt 0.7500 0.0000
vt 0.7500 1.0000
vt 0.6667 1.0000
vt 0.7500 0.0000
vt 0.8333 0.0000
vt 0.8333 1.0000
vt 0.7500 1.0000
vt 0.8333 0.0000
vt 0.9167 0.0000
vt 0.9167 1.0000
vt 0.8333 1.0000
vt 0.9167 0.0000
vt 0.9167 1.0000
vt 1.0000 1.0000
vt 1.0000 0.0000
vt 0.5000 0.5000
vt 1.0000 0.5000
vt 0.9330 0.7500
vt 0.5000 0.5000
vt 0.9330 0.7500
vt 1.0000 0.5000
vt 0.5000 0.5000
vt 0.9330 0.7500
vt 0.7500 0.9330
vt 0.5000 0.5000
vt 0.7500 0.9330
vt 0.9330 0.7500
vt 0.5000 0.5000
vt 0.7500 0.9330
vt 0.5000 1.0000
vt 0.5000 0.5000
vt 0.5000 1.0000
vt 0.7500 0.9330
vt 0.5000 0.5000
vt 0.5000 1.0000
vt 0.2500 0.9330
vt 0.5000 0.5000
vt 0.2500 0.9330
vt 0.5000 1.0000
vt 0.5000 0.5000
vt 0.2500 0.9330
vt 0.0670 0.7500
vt 0.5000 0.5000
vt 0.0670 0.7500
vt 0.2500 0.9330
vt 0.5000 0.5000
vt 0.0670 0.7500
vt 0.0000 0.5000
vt 0.5000 0.5000
vt 0.0000 0.5000
vt 0.0670 0.7500
vt 0.5000 0.5000
vt 0.0000 0.5000
vt 0.0670 0.2500
vt 0.5000 0.5000
vt 0.0670 0.2500
vt 0.0000 0.5000
vt 0.5000 0.5000
vt 0.0670 0.2500
vt 0.2500 0.0670
vt 0.5000 0.5000
vt 0.2500 0.0670
vt 0.0670 0.2500
vt 0.5000 0.5000
vt 0.2500 0.0670
vt 0.5000 0.0000
vt 0.5000 0.5000
vt 0.5000 0.0000
vt 0.2500 0.0670
vt 0.5000 0.5000
vt 0.5000 0.0000
vt 0.7500 0.0670
vt 0.5000 0.5000
vt 0.7500 0.0670
vt 0.5000 0.0000
vt 0.5000 0.5000
vt 0.7500 0.0670
vt 0.9330 0.2500
vt 0.5000 0.5000
vt 0.9330 0.2500
vt 0.7500 0.0670
vt 0.5000 0.5000
vt 0.9330 0.2500
vt 1.0000 0.5000
vt 0.5000 0.5000
vt 1.0000 0.5000
vt 0.9330 0.2500
vt 0.0000 0.0000
vt 0.0833 0.0000
vt 0.0833 1.0000
vt 0.0000 1.0000
vt 0.0833 0.0000
vt 0.1667 0.0000
vt 0.1667 1.0000
vt 0.0833 1.0000
vt 0.1667 0.0000
vt 0.2500 0.0000
vt 0.2500 1.0000
vt 0.1667 1.0000
vt 0.2500 0.0000
vt 0.3333 0.0000
vt 0.3333 1.0000
vt 0.2500 1.0000
vt 0.3333 0.0000
vt 0.4167 0.0000
vt 0.4167 1.0000
vt 0.3333 1.0000
vt 0.4167 0.0000
vt 0.5000 0.0000
vt 0.5000 1.0000
vt 0.4167 1.0000
vt 0.5000 0.0000
vt 0.5833 0.0000
vt 0.5833 1.0000
vt 0.5000 1.0000
vt 0.5833 0.0000
vt 0.6667 0.0000
vt 0.6667 1.0000
vt 0.5833 1.0000
vt 0.6667 0.0000
vt 0.7500 0.0000
vt 0.7500 1.0000
vt 0.6667 1.0000
vt 0.7500 0.0000
vt 0.8333 0.0000
vt 0.8333 1.0000
vt 0.7500 1.0000
vt 0.8333 0.0000
vt 0.9167 0.0000
vt 0.9167 1.0000
vt 0.8333 1.0000
vt 0.9167 0.0000
vt 0.9167 1.0000
vt 1.0000 1.0000
vt 1.0000 0.0000
vt 0.0000 0.0000
vt 0.0833 0.0000
vt 0.0833 1.0000
vt 0.0000 1.0000
vt 0.0833 0.0000
vt 0.1667 0.0000
vt 0.1667 1.0000
vt 0.0833 1.0000
vt 0.1667 0.0000
vt 0.2500 0.0000
vt 0.2500 1.0000
vt 0.1667 1.0000
vt 0.2500 0.0000
vt 0.3333 0.0000
vt 0.3333 1.0000
vt 0.2500 1.0000
vt 0.3333 0.0000
vt 0.4167 0.0000
vt 0.4167 1.0000
vt 0.3333 1.0000
vt 0.4167 0.0000
vt 0.5000 0.0000
vt 0.5000 1.0000
vt 0.4167 1.0000
vt 0.5000 0.0000
vt 0.5833 0.0000
vt 0.5833 1.0000
vt 0.5000 1.0000
vt 0.5833 0.0000
vt 0.6667 0.0000
vt 0.6667 1.0000
vt 0.5833 1.0000
vt 0.6667 0.0000
vt 0.7500 0.0000
vt 0.7500 1.0000
vt 0.6667 1.0000
vt 0.7500 0.0000
vt 0.8333 0.0000
vt 0.8333 1.0000
vt 0.7500 1.0000
vt 0.8333 0.0000
vt 0.9167 0.0000
vt 0.9167 1.0000
vt 0.8333 1.0000
vt 0.9167 0.0000
vt 0.9167 1.0000
vt 1.0000 1.0000
vt 1.0000 0.0000
vt 0.5000 0.5000
vt 1.0000 0.5000
vt 0.9330 0.7500
vt 0.5000 0.5000
vt 0.9330 0.7500
vt 1.0000 0.5000
vt 0.5000 0.5000
vt 0.9330 0.7500
vt 0.7500 0.9330
vt 0.5000 0.5000
vt 0.7500 0.9330
vt 0.9330 0.7500
vt 0.5000 0.5000
vt 0.7500 0.9330
vt 0.5000 1.0000
vt 0.5000 0.5000
vt 0.5000 1.0000
vt 0.7500 0.9330
vt 0.5000 0.5000
vt 0.5000 1.0000
vt 0.2500 0.9330
vt 0.5000 0.5000
vt 0.2500 0.9330
vt 0.5000 1.0000
vt 0.5000 0.5000
vt 0.2500 0.9330
vt 0.0670 0.7500
vt 0.5000 0.5000
vt 0.0670 0.7500
vt 0.2500 0.9330
vt 0.5000 0.5000
vt 0.0670 0.7500
vt 0.0000 0.5000
vt 0.5000 0.5000
vt 0.0000 0.5000
vt 0.0670 0.7500
vt 0.5000 0.5000
vt 0.0000 0.5000
vt 0.0670 0.2500
vt 0.5000 0.5000
vt 0.0670 0.2500
vt 0.0000 0.5000
vt 0.5000 0.5000
vt 0.0670 0.2500
vt 0.2500 0.0670
vt 0.5000 0.5000
vt 0.2500 0.0670
vt 0.0670 0.2500
vt 0.5000 0.5000
vt 0.2500 0.0670
vt 0.5000 0.0000
vt 0.5000 0.5000
vt 0.5000 0.0000
vt 0.2500 0.0670
vt 0.5000 0.5000
vt 0.5000 0.0000
vt 0.7500 0.0670
vt 0.5000 0.5000
vt 0.7500 0.0670
vt 0.5000 0.0000
vt 0.5000 0.5000
vt 0.7500 0.0670
vt 0.9330 0.2500
vt 0.5000 0.5000
vt 0.9330 0.2500
vt 0.7500 0.0670
vt 0.5000 0.5000
vt 0.9330 0.2500
vt 1.0000 0.5000
vt 0.5000 0.5000
vt 1.0000 0.5000
vt 0.9330 0.2500
vt 0.0000 0.0000
vt 0.7600 0.0000
vt 0.7600 0.1600
vt 0.0000 0.1600
vt 0.0000 0.0000
vt 0.7600 0.0000
vt 0.7600 0.1600
vt 0.0000 0.1600
vt 0.0000 0.0000
vt 0.0000 0.0800
vt 0.7600 0.0800
vt 0.7600 0.0000
vt 0.0000 0.0000
vt 0.0000 0.0800
vt 0.7600 0.0800
vt 0.7600 0.0000
vt 0.0000 0.0000
vt 0.0000 0.0800
vt 0.1600 0.0800
vt 0.1600 0.0000
vt 0.0000 0.0000
vt 0.0000 0.0800
vt 0.1600 0.0800
vt 0.1600 0.0000
vt 0.0000 0.0000
vt 0.0833 0.0000
vt 0.0833 1.0000
vt 0.0000 1.0000
vt 0.0833 0.0000
vt 0.1667 0.0000
vt 0.1667 1.0000
vt 0.0833 1.0000
vt 0.1667 0.0000
vt 0.2500 0.0000
vt 0.2500 1.0000
vt 0.1667 1.0000
vt 0.2500 0.0000
vt 0.3333 0.0000
vt 0.3333 1.0000
vt 0.2500 1.0000
vt 0.3333 0.0000
vt 0.4167 0.0000
vt 0.4167 1.0000
vt 0.3333 1.0000
vt 0.4167 0.0000
vt 0.5000 0.0000
vt 0.5000 1.0000
vt 0.4167 1.0000
vt 0.5000 0.0000
vt 0.5833 0.0000
vt 0.5833 1.0000
vt 0.5000 1.0000
vt 0.5833 0.0000
vt 0.6667 0.0000
vt 0.6667 1.0000
vt 0.5833 1.0000
vt 0.6667 0.0000
vt 0.7500 0.0000
vt 0.7500 1.0000
vt 0.6667 1.0000
vt 0.7500 0.0000
vt 0.8333 0.0000
vt 0.8333 1.0000
vt 0.7500 1.0000
vt 0.8333 0.0000
vt 0.9167 0.0000
vt 0.9167 1.0000
vt 0.8333 1.0000
vt 0.9167 0.0000
vt 0.9167 1.0000
vt 1.0000 1.0000
vt 1.0000 0.0000
vt 0.5000 0.5000
vt 1.0000 0.5000
vt 0.9330 0.7500
vt 0.5000 0.5000
vt 0.9330 0.7500
vt 1.0000 0.5000
vt 0.5000 0.5000
vt 0.9330 0.7500
vt 0.7500 0.9330
vt 0.5000 0.5000
vt 0.7500 0.9330
vt 0.9330 0.7500
vt 0.5000 0.5000
vt 0.7500 0.9330
vt 0.5000 1.0000
vt 0.5000 0.5000
vt 0.5000 1.0000
vt 0.7500 0.9330
vt 0.5000 0.5000
vt 0.5000 1.0000
vt 0.2500 0.9330
vt 0.5000 0.5000
vt 0.2500 0.9330
vt 0.5000 1.0000
vt 0.5000 0.5000
vt 0.2500 0.9330
vt 0.0670 0.7500
vt 0.5000 0.5000
vt 0.0670 0.7500
vt 0.2500 0.9330
vt 0.5000 0.5000
vt 0.0670 0.7500
vt 0.0000 0.5000
vt 0.5000 0.5000
vt 0.0000 0.5000
vt 0.0670 0.7500
vt 0.5000 0.5000
vt 0.0000 0.5000
vt 0.0670 0.2500
vt 0.5000 0.5000
vt 0.0670 0.2500
vt 0.0000 0.5000
vt 0.5000 0.5000
vt 0.0670 0.2500
vt 0.2500 0.0670
vt 0.5000 0.5000
vt 0.2500 0.0670
vt 0.0670 0.2500
vt 0.5000 0.5000
vt 0.2500 0.0670
vt 0.5000 0.0000
vt 0.5000 0.5000
vt 0.5000 0.0000
vt 0.2500 0.0670
vt 0.5000 0.5000
vt 0.5000 0.0000
vt 0.7500 0.0670
vt 0.5000 0.5000
vt 0.7500 0.0670
vt 0.5000 0.0000
vt 0.5000 0.5000
vt 0.7500 0.0670
vt 0.9330 0.2500
vt 0.5000 0.5000
vt 0.9330 0.2500
vt 0.7500 0.0670
vt 0.5000 0.5000
vt 0.9330 0.2500
vt 1.0000 0.5000
vt 0.5000 0.5000
vt 1.0000 0.5000
vt 0.9330 0.2500
vt 0.0000 0.0000
vt 0.0833 0.0000
vt 0.0833 1.0000
vt 0.0000 1.0000
vt 0.0833 0.0000
vt 0.1667 0.0000
vt 0.1667 1.0000
vt 0.0833 1.0000
vt 0.1667 0.0000
vt 0.2500 0.0000
vt 0.2500 1.0000
vt 0.1667 1.0000
vt 0.2500 0.0000
vt 0.3333 0.0000
vt 0.3333 1.0000
vt 0.2500 1.0000
vt 0.3333 0.0000
vt 0.4167 0.0000
vt 0.4167 1.0000
vt 0.3333 1.0000
vt 0.4167 0.0000
vt 0.5000 0.0000
vt 0.5000 1.0000
vt 0.4167 1.0000
vt 0.5000 0.0000
vt 0.5833 0.0000
vt 0.5833 1.0000
vt 0.5000 1.0000
vt 0.5833 0.0000
vt 0.6667 0.0000
vt 0.6667 1.0000
vt 0.5833 1.0000
vt 0.6667 0.0000
vt 0.7500 0.0000
vt 0.7500 1.0000
vt 0.6667 1.0000
vt 0.7500 0.0000
vt 0.8333 0.0000
vt 0.8333 1.0000
vt 0.7500 1.0000
vt 0.8333 0.0000
vt 0.9167 0.0000
vt 0.9167 1.0000
vt 0.8333 1.0000
vt 0.9167 0.0000
vt 0.9167 1.0000
vt 1.0000 1.0000
vt 1.0000 0.0000
vt 0.0000 0.0000
vt 0.0833 0.0000
vt 0.0833 1.0000
vt 0.0000 1.0000
vt 0.0833 0.0000
vt 0.1667 0.0000
vt 0.1667 1.0000
vt 0.0833 1.0000
vt 0.1667 0.0000
vt 0.2500 0.0000
vt 0.2500 1.0000
vt 0.1667 1.0000
vt 0.2500 0.0000
vt 0.3333 0.0000
vt 0.3333 1.0000
vt 0.2500 1.0000
vt 0.3333 0.0000
vt 0.4167 0.0000
vt 0.4167 1.0000
vt 0.3333 1.0000
vt 0.4167 0.0000
vt 0.5000 0.0000
vt 0.5000 1.0000
vt 0.4167 1.0000
vt 0.5000 0.0000
vt 0.5833 0.0000
vt 0.5833 1.0000
vt 0.5000 1.0000
vt 0.5833 0.0000
vt 0.6667 0.0000
vt 0.6667 1.0000
vt 0.5833 1.0000
vt 0.6667 0.0000
vt 0.7500 0.0000
vt 0.7500 1.0000
vt 0.6667 1.0000
vt 0.7500 0.0000
vt 0.8333 0.0000
vt 0.8333 1.0000
vt 0.7500 1.0000
vt 0.8333 0.0000
vt 0.9167 0.0000
vt 0.9167 1.0000
vt 0.8333 1.0000
vt 0.9167 0.0000
vt 0.9167 1.0000
vt 1.0000 1.0000
vt 1.0000 0.0000
vt 0.5000 0.5000
vt 1.0000 0.5000
vt 0.9330 0.7500
vt 0.5000 0.5000
vt 0.9330 0.7500
vt 1.0000 0.5000
vt 0.5000 0.5000
vt 0.9330 0.7500
vt 0.7500 0.9330
vt 0.5000 0.5000
vt 0.7500 0.9330
vt 0.9330 0.7500
vt 0.5000 0.5000
vt 0.7500 0.9330
vt 0.5000 1.0000
vt 0.5000 0.5000
vt 0.5000 1.0000
vt 0.7500 0.9330
vt 0.5000 0.5000
vt 0.5000 1.0000
vt 0.2500 0.9330
vt 0.5000 0.5000
vt 0.2500 0.9330
vt 0.5000 1.0000
vt 0.5000 0.5000
vt 0.2500 0.9330
vt 0.0670 0.7500
vt 0.5000 0.5000
vt 0.0670 0.7500
vt 0.2500 0.9330
vt 0.5000 0.5000
vt 0.0670 0.7500
vt 0.0000 0.5000
vt 0.5000 0.5000
vt 0.0000 0.5000
vt 0.0670 0.7500
vt 0.5000 0.5000
vt 0.0000 0.5000
vt 0.0670 0.2500
vt 0.5000 0.5000
vt 0.0670 0.2500
vt 0.0000 0.5000
vt 0.5000 0.5000
vt 0.0670 0.2500
vt 0.2500 0.0670
vt 0.5000 0.5000
vt 0.2500 0.0670
vt 0.0670 0.2500
vt 0.5000 0.5000
vt 0.2500 0.0670
vt 0.5000 0.0000
vt 0.5000 0.5000
vt 0.5000 0.0000
vt 0.2500 0.0670
vt 0.5000 0.5000
vt 0.5000 0.0000
vt 0.7500 0.0670
vt 0.5000 0.5000
vt 0.7500 0.0670
vt 0.5000 0.0000
vt 0.5000 0.5000
vt 0.7500 0.0670
vt 0.9330 0.2500
vt 0.5000 0.5000
vt 0.9330 0.2500
vt 0.7500 0.0670
vt 0.5000 0.5000
vt 0.9330 0.2500
vt 1.0000 0.5000
vt 0.5000 0.5000
vt 1.0000 0.5000
vt 0.9330 0.2500
vt 0.0000 0.0000
vt 0.7600 0.0000
vt 0.7600 0.1600
vt 0.0000 0.1600
vt 0.0000 0.0000
vt 0.7600 0.0000
vt 0.7600 0.1600
vt 0.0000 0.1600
vt 0.0000 0.0000
vt 0.0000 0.0800
vt 0.7600 0.0800
vt 0.7600 0.0000
vt 0.0000 0.0000
vt 0.0000 0.0800
vt 0.7600 0.0800
vt 0.7600 0.0000
vt 0.0000 0.0000
vt 0.0000 0.0800
vt 0.1600 0.0800
vt 0.1600 0.0000
vt 0.0000 0.0000
vt 0.0000 0.0800
vt 0.1600 0.0800
vt 0.1600 0.0000
vt 0.0000 0.0000
vt 0.0833 0.0000
vt 0.0833 1.0000
vt 0.0000 1.0000
vt 0.0833 0.0000
vt 0.1667 0.0000
vt 0.1667 1.0000
vt 0.0833 1.0000
vt 0.1667 0.0000
vt 0.2500 0.0000
vt 0.2500 1.0000
vt 0.1667 1.0000
vt 0.2500 0.0000
vt 0.3333 0.0000
vt 0.3333 1.0000
vt 0.2500 1.0000
vt 0.3333 0.0000
vt 0.4167 0.0000
vt 0.4167 1.0000
vt 0.3333 1.0000
vt 0.4167 0.0000
vt 0.5000 0.0000
vt 0.5000 1.0000
vt 0.4167 1.0000
vt 0.5000 0.0000
vt 0.5833 0.0000
vt 0.5833 1.0000
vt 0.5000 1.0000
vt 0.5833 0.0000
vt 0.6667 0.0000
vt 0.6667 1.0000
vt 0.5833 1.0000
vt 0.6667 0.0000
vt 0.7500 0.0000
vt 0.7500 1.0000
vt 0.6667 1.0000
vt 0.7500 0.0000
vt 0.8333 0.0000
vt 0.8333 1.0000
vt 0.7500 1.0000
vt 0.8333 0.0000
vt 0.9167 0.0000
vt 0.9167 1.0000
vt 0.8333 1.0000
vt 0.9167 0.0000
vt 0.9167 1.0000
vt 1.0000 1.0000
vt 1.0000 0.0000
vt 0.5000 0.5000
vt 1.0000 0.5000
vt 0.9330 0.7500
vt 0.5000 0.5000
vt 0.9330 0.7500
vt 1.0000 0.5000
vt 0.5000 0.5000
vt 0.9330 0.7500
vt 0.7500 0.9330
vt 0.5000 0.5000
vt 0.7500 0.9330
vt 0.9330 0.7500
vt 0.5000 0.5000
vt 0.7500 0.9330
vt 0.5000 1.0000
vt 0.5000 0.5000
vt 0.5000 1.0000
vt 0.7500 0.9330
vt 0.5000 0.5000
vt 0.5000 1.0000
vt 0.2500 0.9330
vt 0.5000 0.5000
vt 0.2500 0.9330
vt 0.5000 1.0000
vt 0.5000 0.5000
vt 0.2500 0.9330
vt 0.0670 0.7500
vt 0.5000 0.5000
vt 0.0670 0.7500
vt 0.2500 0.9330
vt 0.5000 0.5000
vt 0.0670 0.7500
vt 0.0000 0.5000
vt 0.5000 0.5000
vt 0.0000 0.5000
vt 0.0670 0.7500
vt 0.5000 0.5000
vt 0.0000 0.5000
vt 0.0670 0.2500
vt 0.5000 0.5000
vt 0.0670 0.2500
vt 0.0000 0.5000
vt 0.5000 0.5000
vt 0.0670 0.2500
vt 0.2500 0.0670
vt 0.5000 0.5000
vt 0.2500 0.0670
vt 0.0670 0.2500
vt 0.5000 0.5000
vt 0.2500 0.0670
vt 0.5000 0.0000
vt 0.5000 0.5000
vt 0.5000 0.0000
vt 0.2500 0.0670
vt 0.5000 0.5000
vt 0.5000 0.0000
vt 0.7500 0.0670
vt 0.5000 0.5000
vt 0.7500 0.0670
vt 0.5000 0.0000
vt 0.5000 0.5000
vt 0.7500 0.0670
vt 0.9330 0.2500
vt 0.5000 0.5000
vt 0.9330 0.2500
vt 0.7500 0.0670
vt 0.5000 0.5000
vt 0.9330 0.2500
vt 1.0000 0.5000
vt 0.5000 0.5000
vt 1.0000 0.5000
vt 0.9330 0.2500
vt 0.0000 0.0000
vt 0.0833 0.0000
vt 0.0833 1.0000
vt 0.0000 1.0000
vt 0.0833 0.0000
vt 0.1667 0.0000
vt 0.1667 1.0000
vt 0.0833 1.0000
vt 0.1667 0.0000
vt 0.2500 0.0000
vt 0.2500 1.0000
vt 0.1667 1.0000
vt 0.2500 0.0000
vt 0.3333 0.0000
vt 0.3333 1.0000
vt 0.2500 1.0000
vt 0.3333 0.0000
vt 0.4167 0.0000
vt 0.4167 1.0000
vt 0.3333 1.0000
vt 0.4167 0.0000
vt 0.5000 0.0000
vt 0.5000 1.0000
vt 0.4167 1.0000
vt 0.5000 0.0000
vt 0.5833 0.0000
vt 0.5833 1.0000
vt 0.5000 1.0000
vt 0.5833 0.0000
vt 0.6667 0.0000
vt 0.6667 1.0000
vt 0.5833 1.0000
vt 0.6667 0.0000
vt 0.7500 0.0000
vt 0.7500 1.0000
vt 0.6667 1.0000
vt 0.7500 0.0000
vt 0.8333 0.0000
vt 0.8333 1.0000
vt 0.7500 1.0000
vt 0.8333 0.0000
vt 0.9167 0.0000
vt 0.9167 1.0000
vt 0.8333 1.0000
vt 0.9167 0.0000
vt 0.9167 1.0000
vt 1.0000 1.0000
vt 1.0000 0.0000
vt 0.0000 0.0000
vt 0.0833 0.0000
vt 0.0833 1.0000
vt 0.0000 1.0000
vt 0.0833 0.0000
vt 0.1667 0.0000
vt 0.1667 1.0000
vt 0.0833 1.0000
vt 0.1667 0.0000
vt 0.2500 0.0000
vt 0.2500 1.0000
vt 0.1667 1.0000
vt 0.2500 0.0000
vt 0.3333 0.0000
vt 0.3333 1.0000
vt 0.2500 1.0000
vt 0.3333 0.0000
vt 0.4167 0.0000
vt 0.4167 1.0000
vt 0.3333 1.0000
vt 0.4167 0.0000
vt 0.5000 0.0000
vt 0.5000 1.0000
vt 0.4167 1.0000
vt 0.5000 0.0000
vt 0.5833 0.0000
vt 0.5833 1.0000
vt 0.5000 1.0000
vt 0.5833 0.0000
vt 0.6667 0.0000
vt 0.6667 1.0000
vt 0.5833 1.0000
vt 0.6667 0.0000
vt 0.7500 0.0000
vt 0.7500 1.0000
vt 0.6667 1.0000
vt 0.7500 0.0000
vt 0.8333 0.0000
vt 0.8333 1.0000
vt 0.7500 1.0000
vt 0.8333 0.0000
vt 0.9167 0.0000
vt 0.9167 1.0000
vt 0.8333 1.0000
vt 0.9167 0.0000
vt 0.9167 1.0000
vt 1.0000 1.0000
vt 1.0000 0.0000
vt 0.5000 0.5000
vt 1.0000 0.5000
vt 0.9330 0.7500
vt 0.5000 0.5000
vt 0.9330 0.7500
vt 1.0000 0.5000
vt 0.5000 0.5000
vt 0.9330 0.7500
vt 0.7500 0.9330
vt 0.5000 0.5000
vt 0.7500 0.9330
vt 0.9330 0.7500
vt 0.5000 0.5000
vt 0.7500 0.9330
vt 0.5000 1.0000
vt 0.5000 0.5000
vt 0.5000 1.0000
vt 0.7500 0.9330
vt 0.5000 0.5000
vt 0.5000 1.0000
vt 0.2500 0.9330
vt 0.5000 0.5000
vt 0.2500 0.9330
vt 0.5000 1.0000
vt 0.5000 0.5000
vt 0.2500 0.9330
vt 0.0670 0.7500
vt 0.5000 0.5000
vt 0.0670 0.7500
vt 0.2500 0.9330
vt 0.5000 0.5000
vt 0.0670 0.7500
vt 0.0000 0.5000
vt 0.5000 0.5000
vt 0.0000 0.5000
vt 0.0670 0.7500
vt 0.5000 0.5000
vt 0.0000 0.5000
vt 0.0670 0.2500
vt 0.5000 0.5000
vt 0.0670 0.2500
vt 0.0000 0.5000
vt 0.5000 0.5000
vt 0.0670 0.2500
vt 0.2500 0.0670
vt 0.5000 0.5000
vt 0.2500 0.0670
vt 0.0670 0.2500
vt 0.5000 0.5000
vt 0.2500 0.0670
vt 0.5000 0.0000
vt 0.5000 0.5000
vt 0.5000 0.0000
vt 0.2500 0.0670
vt 0.5000 0.5000
vt 0.5000 0.0000
vt 0.7500 0.0670
vt 0.5000 0.5000
vt 0.7500 0.0670
vt 0.5000 0.0000
vt 0.5000 0.5000
vt 0.7500 0.0670
vt 0.9330 0.2500
vt 0.5000 0.5000
vt 0.9330 0.2500
vt 0.7500 0.0670
vt 0.5000 0.5000
vt 0.9330 0.2500
vt 1.0000 0.5000
vt 0.5000 0.5000
vt 1.0000 0.5000
vt 0.9330 0.2500
vt 0.0000 0.0000
vt 0.7600 0.0000
vt 0.7600 0.1600
vt 0.0000 0.1600
vt 0.0000 0.0000
vt 0.7600 0.0000
vt 0.7600 0.1600
vt 0.0000 0.1600
vt 0.0000 0.0000
vt 0.0000 0.0800
vt 0.7600 0.0800
vt 0.7600 0.0000
vt 0.0000 0.0000
vt 0.0000 0.0800
vt 0.7600 0.0800
vt 0.7600 0.0000
vt 0.0000 0.0000
vt 0.0000 0.0800
vt 0.1600 0.0800
vt 0.1600 0.0000
vt 0.0000 0.0000
vt 0.0000 0.0800
vt 0.1600 0.0800
vt 0.1600 0.0000
vt 0.0000 0.0000
vt 0.0833 0.0000
vt 0.0833 1.0000
vt 0.0000 1.0000
vt 0.0833 0.0000
vt 0.1667 0.0000
vt 0.1667 1.0000
vt 0.0833 1.0000
vt 0.1667 0.0000
vt 0.2500 0.0000
vt 0.2500 1.0000
vt 0.1667 1.0000
vt 0.2500 0.0000
vt 0.3333 0.0000
vt 0.3333 1.0000
vt 0.2500 1.0000
vt 0.3333 0.0000
vt 0.4167 0.0000
vt 0.4167 1.0000
vt 0.3333 1.0000
vt 0.4167 0.0000
vt 0.5000 0.0000
vt 0.5000 1.0000
vt 0.4167 1.0000
vt 0.5000 0.0000
vt 0.5833 0.0000
vt 0.5833 1.0000
vt 0.5000 1.0000
vt 0.5833 0.0000
vt 0.6667 0.0000
vt 0.6667 1.0000
vt 0.5833 1.0000
vt 0.6667 0.0000
vt 0.7500 0.0000
vt 0.7500 1.0000
vt 0.6667 1.0000
vt 0.7500 0.0000
vt 0.8333 0.0000
vt 0.8333 1.0000
vt 0.7500 1.0000
vt 0.8333 0.0000
vt 0.9167 0.0000
vt 0.9167 1.0000
vt 0.8333 1.0000
vt 0.9167 0.0000
vt 0.9167 1.0000
vt 1.0000 1.0000
vt 1.0000 0.0000
vt 0.5000 0.5000
vt 1.0000 0.5000
vt 0.9330 0.7500
vt 0.5000 0.5000
vt 0.9330 0.7500
vt 1.0000 0.5000
vt 0.5000 0.5000
vt 0.9330 0.7500
vt 0.7500 0.9330
vt 0.5000 0.5000
vt 0.7500 0.9330
vt 0.9330 0.7500
vt 0.5000 0.5000
vt 0.7500 0.9330
vt 0.5000 1.0000
vt 0.5000 0.5000
vt 0.5000 1.0000
vt 0.7500 0.9330
vt 0.5000 0.5000
vt 0.5000 1.0000
vt 0.2500 0.9330
vt 0.5000 0.5000
vt 0.2500 0.9330
vt 0.5000 1.0000
vt 0.5000 0.5000
vt 0.2500 0.9330
vt 0.0670 0.7500
vt 0.5000 0.5000
vt 0.0670 0.7500
vt 0.2500 0.9330
vt 0.5000 0.5000
vt 0.0670 0.7500
vt 0.0000 0.5000
vt 0.5000 0.5000
vt 0.0000 0.5000
vt 0.0670 0.7500
vt 0.5000 0.5000
vt 0.0000 0.5000
vt 0.0670 0.2500
vt 0.5000 0.5000
vt 0.0670 0.2500
vt 0.0000 0.5000
vt 0.5000 0.5000
vt 0.0670 0.2500
vt 0.2500 0.0670
vt 0.5000 0.5000
vt 0.2500 0.0670
vt 0.0670 0.2500
vt 0.5000 0.5000
vt 0.2500 0.0670
vt 0.5000 0.0000
vt 0.5000 0.5000
vt 0.5000 0.0000
vt 0.2500 0.0670
vt 0.5000 0.5000
vt 0.5000 0.0000
vt 0.7500 0.0670
vt 0.5000 0.5000
vt 0.7500 0.0670
vt 0.5000 0.0000
vt 0.5000 0.5000
vt 0.7500 0.0670
vt 0.9330 0.2500
vt 0.5000 0.5000
vt 0.9330 0.2500
vt 0.7500 0.0670
vt 0.5000 0.5000
vt 0.9330 0.2500
vt 1.0000 0.5000
vt 0.5000 0.5000
vt 1.0000 0.5000
vt 0.9330 0.2500
vt 0.0000 0.0000
vt 0.0833 0.0000
vt 0.0833 1.0000
vt 0.0000 1.0000
vt 0.0833 0.0000
vt 0.1667 0.0000
vt 0.1667 1.0000
vt 0.0833 1.0000
vt 0.1667 0.0000
vt 0.2500 0.0000
vt 0.2500 1.0000
vt 0.1667 1.0000
vt 0.2500 0.0000
vt 0.3333 0.0000
vt 0.3333 1.0000
vt 0.2500 1.0000
vt 0.3333 0.0000
vt 0.4167 0.0000
vt 0.4167 1.0000
vt 0.3333 1.0000
vt 0.4167 0.0000
vt 0.5000 0.0000
vt 0.5000 1.0000
vt 0.4167 1.0000
vt 0.5000 0.0000
vt 0.5833 0.0000
vt 0.5833 1.0000
vt 0.5000 1.0000
vt 0.5833 0.0000
vt 0.6667 0.0000
vt 0.6667 1.0000
vt 0.5833 1.0000
vt 0.6667 0.0000
vt 0.7500 0.0000
vt 0.7500 1.0000
vt 0.6667 1.0000
vt 0.7500 0.0000
vt 0.8333 0.0000
vt 0.8333 1.0000
vt 0.7500 1.0000
vt 0.8333 0.0000
vt 0.9167 0.0000
vt 0.9167 1.0000
vt 0.8333 1.0000
vt 0.9167 0.0000
vt 0.9167 1.0000
vt 1.0000 1.0000
vt 1.0000 0.0000
vt 0.0000 0.0000
vt 0.0833 0.0000
vt 0.0833 1.0000
vt 0.0000 1.0000
vt 0.0833 0.0000
vt 0.1667 0.0000
vt 0.1667 1.0000
vt 0.0833 1.0000
vt 0.1667 0.0000
vt 0.2500 0.0000
vt 0.2500 1.0000
vt 0.1667 1.0000
vt 0.2500 0.0000
vt 0.3333 0.0000
vt 0.3333 1.0000
vt 0.2500 1.0000
vt 0.3333 0.0000
vt 0.4167 0.0000
vt 0.4167 1.0000
vt 0.3333 1.0000
vt 0.4167 0.0000
vt 0.5000 0.0000
vt 0.5000 1.0000
vt 0.4167 1.0000
vt 0.5000 0.0000
vt 0.5833 0.0000
vt 0.5833 1.0000
vt 0.5000 1.0000
vt 0.5833 0.0000
vt 0.6667 0.0000
vt 0.6667 1.0000
vt 0.5833 1.0000
vt 0.6667 0.0000
vt 0.7500 0.0000
vt 0.7500 1.0000
vt 0.6667 1.0000
vt 0.7500 0.0000
vt 0.8333 0.0000
vt 0.8333 1.0000
vt 0.7500 1.0000
vt 0.8333 0.0000
vt 0.9167 0.0000
vt 0.9167 1.0000
vt 0.8333 1.0000
vt 0.9167 0.0000
vt 0.9167 1.0000
vt 1.0000 1.0000
vt 1.0000 0.0000
vt 0.5000 0.5000
vt 1.0000 0.5000
vt 0.9330 0.7500
vt 0.5000 0.5000
vt 0.9330 0.7500
vt 1.0000 0.5000
vt 0.5000 0.5000
vt 0.9330 0.7500
vt 0.7500 0.9330
vt 0.5000 0.5000
vt 0.7500 0.9330
vt 0.9330 0.7500
vt 0.5000 0.5000
vt 0.7500 0.9330
vt 0.5000 1.0000
vt 0.5000 0.5000
vt 0.5000 1.0000
vt 0.7500 0.9330
vt 0.5000 0.5000
vt 0.5000 1.0000
vt 0.2500 0.9330
vt 0.5000 0.5000
vt 0.2500 0.9330
vt 0.5000 1.0000
vt 0.5000 0.5000
vt 0.2500 0.9330
vt 0.0670 0.7500
vt 0.5000 0.5000
vt 0.0670 0.7500
vt 0.2500 0.9330
vt 0.5000 0.5000
vt 0.0670 0.7500
vt 0.0000 0.5000
vt 0.5000 0.5000
vt 0.0000 0.5000
vt 0.0670 0.7500
vt 0.5000 0.5000
vt 0.0000 0.5000
vt 0.0670 0.2500
vt 0.5000 0.5000
vt 0.0670 0.2500
vt 0.0000 0.5000
vt 0.5000 0.5000
vt 0.0670 0.2500
vt 0.2500 0.0670
vt 0.5000 0.5000
vt 0.2500 0.0670
vt 0.0670 0.2500
vt 0.5000 0.5000
vt 0.2500 0.0670
vt 0.5000 0.0000
vt 0.5000 0.5000
vt 0.5000 0.0000
vt 0.2500 0.0670
vt 0.5000 0.5000
vt 0.5000 0.0000
vt 0.7500 0.0670
vt 0.5000 0.5000
vt 0.7500 0.0670
vt 0.5000 0.0000
vt 0.5000 0.5000
vt 0.7500 0.0670
vt 0.9330 0.2500
vt 0.5000 0.5000
vt 0.9330 0.2500
vt 0.7500 0.0670
vt 0.5000 0.5000
vt 0.9330 0.2500
vt 1.0000 0.5000
vt 0.5000 0.5000
vt 1.0000 0.5000
vt 0.9330 0.2500
vt 0.0000 0.0000
vt 0.7600 0.0000
vt 0.7600 0.1600
vt 0.0000 0.1600
vt 0.0000 0.0000
vt 0.7600 0.0000
vt 0.7600 0.1600
vt 0.0000 0.1600
vt 0.0000 0.0000
vt 0.0000 0.0800
vt 0.7600 0.0800
vt 0.7600 0.0000
vt 0.0000 0.0000
vt 0.0000 0.0800
vt 0.7600 0.0800
vt 0.7600 0.0000
vt 0.0000 0.0000
vt 0.0000 0.0800
vt 0.1600 0.0800
vt 0.1600 0.0000
vt 0.0000 0.0000
vt 0.0000 0.0800
vt 0.1600 0.0800
vt 0.1600 0.0000
vt 0.0000 0.0000
vt 0.0833 0.0000
vt 0.0833 1.0000
vt 0.0000 1.0000
vt 0.0833 0.0000
vt 0.1667 0.0000
vt 0.1667 1.0000
vt 0.0833 1.0000
vt 0.1667 0.0000
vt 0.2500 0.0000
vt 0.2500 1.0000
vt 0.1667 1.0000
vt 0.2500 0.0000
vt 0.3333 0.0000
vt 0.3333 1.0000
vt 0.2500 1.0000
vt 0.3333 0.0000
vt 0.4167 0.0000
vt 0.4167 1.0000
vt 0.3333 1.0000
vt 0.4167 0.0000
vt 0.5000 0.0000
vt 0.5000 1.0000
vt 0.4167 1.0000
vt 0.5000 0.0000
vt 0.5833 0.0000
vt 0.5833 1.0000
vt 0.5000 1.0000
vt 0.5833 0.0000
vt 0.6667 0.0000
vt 0.6667 1.0000
vt 0.5833 1.0000
vt 0.6667 0.0000
vt 0.7500 0.0000
vt 0.7500 1.0000
vt 0.6667 1.0000
vt 0.7500 0.0000
vt 0.8333 0.0000
vt 0.8333 1.0000
vt 0.7500 1.0000
vt 0.8333 0.0000
vt 0.9167 0.0000
vt 0.9167 1.0000
vt 0.8333 1.0000
vt 0.9167 0.0000
vt 0.9167 1.0000
vt 1.0000 1.0000
vt 1.0000 0.0000
vt 0.5000 0.5000
vt 1.0000 0.5000
vt 0.9330 0.7500
vt 0.5000 0.5000
vt 0.9330 0.7500
vt 1.0000 0.5000
vt 0.5000 0.5000
vt 0.9330 0.7500
vt 0.7500 0.9330
vt 0.5000 0.5000
vt 0.7500 0.9330
vt 0.9330 0.7500
vt 0.5000 0.5000
vt 0.7500 0.9330
vt 0.5000 1.0000
vt 0.5000 0.5000
vt 0.5000 1.0000
vt 0.7500 0.9330
vt 0.5000 0.5000
vt 0.5000 1.0000
vt 0.2500 0.9330
vt 0.5000 0.5000
vt 0.2500 0.9330
vt 0.5000 1.0000
vt 0.5000 0.5000
vt 0.2500 0.9330
vt 0.0670 0.7500
vt 0.5000 0.5000
vt 0.0670 0.7500
vt 0.2500 0.9330
vt 0.5000 0.5000
vt 0.0670 0.7500
vt 0.0000 0.5000
vt 0.5000 0.5000
vt 0.0000 0.5000
vt 0.0670 0.7500
vt 0.5000 0.5000
vt 0.0000 0.5000
vt 0.0670 0.2500
vt 0.5000 0.5000
vt 0.0670 0.2500
vt 0.0000 0.5000
vt 0.5000 0.5000
vt 0.0670 0.2500
vt 0.2500 0.0670
vt 0.5000 0.5000
vt 0.2500 0.0670
vt 0.0670 0.2500
vt 0.5000 0.5000
vt 0.2500 0.0670
vt 0.5000 0.0000
vt 0.5000 0.5000
vt 0.5000 0.0000
vt 0.2500 0.0670
vt 0.5000 0.5000
vt 0.5000 0.0000
vt 0.7500 0.0670
vt 0.5000 0.5000
vt 0.7500 0.0670
vt 0.5000 0.0000
vt 0.5000 0.5000
vt 0.7500 0.0670
vt 0.9330 0.2500
vt 0.5000 0.5000
vt 0.9330 0.2500
vt 0.7500 0.0670
vt 0.5000 0.5000
vt 0.9330 0.2500
vt 1.0000 0.5000
vt 0.5000 0.5000
vt 1.0000 0.5000
vt 0.9330 0.2500
vt 0.0000 0.0000
vt 0.0833 0.0000
vt 0.0833 1.0000
vt 0.0000 1.0000
vt 0.0833 0.0000
vt 0.1667 0.0000
vt 0.1667 1.0000
vt 0.0833 1.0000
vt 0.1667 0.0000
vt 0.2500 0.0000
vt 0.2500 1.0000
vt 0.1667 1.0000
vt 0.2500 0.0000
vt 0.3333 0.0000
vt 0.3333 1.0000
vt 0.2500 1.0000
vt 0.3333 0.0000
vt 0.4167 0.0000
vt 0.4167 1.0000
vt 0.3333 1.0000
vt 0.4167 0.0000
vt 0.5000 0.0000
vt 0.5000 1.0000
vt 0.4167 1.0000
vt 0.5000 0.0000
vt 0.5833 0.0000
vt 0.5833 1.0000
vt 0.5000 1.0000
vt 0.5833 0.0000
vt 0.6667 0.0000
vt 0.6667 1.0000
vt 0.5833 1.0000
vt 0.6667 0.0000
vt 0.7500 0.0000
vt 0.7500 1.0000
vt 0.6667 1.0000
vt 0.7500 0.0000
vt 0.8333 0.0000
vt 0.8333 1.0000
vt 0.7500 1.0000
vt 0.8333 0.0000
vt 0.9167 0.0000
vt 0.9167 1.0000
vt 0.8333 1.0000
vt 0.9167 0.0000
vt 0.9167 1.0000
vt 1.0000 1.0000
vt 1.0000 0.0000
vt 0.0000 0.0000
vt 0.0833 0.0000
vt 0.0833 1.0000
vt 0.0000 1.0000
vt 0.0833 0.0000
vt 0.1667 0.0000
vt 0.1667 1.0000
vt 0.0833 1.0000
vt 0.1667 0.0000
vt 0.2500 0.0000
vt 0.2500 1.0000
vt 0.1667 1.0000
vt 0.2500 0.0000
vt 0.3333 0.0000
vt 0.3333 1.0000
vt 0.2500 1.0000
vt 0.3333 0.0000
vt 0.4167 0.0000
vt 0.4167 1.0000
vt 0.3333 1.0000
vt 0.4167 0.0000
vt 0.5000 0.0000
vt 0.5000 1.0000
vt 0.4167 1.0000
vt 0.5000 0.0000
vt 0.5833 0.0000
vt 0.5833 1.0000
vt 0.5000 1.0000
vt 0.5833 0.0000
vt 0.6667 0.0000
vt 0.6667 1.0000
vt 0.5833 1.0000
vt 0.6667 0.0000
vt 0.7500 0.0000
vt 0.7500 1.0000
vt 0.6667 1.0000
vt 0.7500 0.0000
vt 0.8333 0.0000
vt 0.8333 1.0000
vt 0.7500 1.0000
vt 0.8333 0.0000
vt 0.9167 0.0000
vt 0.9167 1.0000
vt 0.8333 1.0000
vt 0.9167 0.0000
vt 0.9167 1.0000
vt 1.0000 1.0000
vt 1.0000 0.0000
vt 0.5000 0.5000
vt 1.0000 0.5000
vt 0.9330 0.7500
vt 0.5000 0.5000
vt 0.9330 0.7500
vt 1.0000 0.5000
vt 0.5000 0.5000
vt 0.9330 0.7500
vt 0.7500 0.9330
vt 0.5000 0.5000
vt 0.7500 0.9330
vt 0.9330 0.7500
vt 0.5000 0.5000
vt 0.7500 0.9330
vt 0.5000 1.0000
vt 0.5000 0.5000
vt 0.5000 1.0000
vt 0.7500 0.9330
vt 0.5000 0.5000
vt 0.5000 1.0000
vt 0.2500 0.9330
vt 0.5000 0.5000
vt 0.2500 0.9330
vt 0.5000 1.0000
vt 0.5000 0.5000
vt 0.2500 0.9330
vt 0.0670 0.7500
vt 0.5000 0.5000
vt 0.0670 0.7500
vt 0.2500 0.9330
vt 0.5000 0.5000
vt 0.0670 0.7500
vt 0.0000 0.5000
vt 0.5000 0.5000
vt 0.0000 0.5000
vt 0.0670 0.7500
vt 0.5000 0.5000
vt 0.0000 0.5000
vt 0.0670 0.2500
vt 0.5000 0.5000
vt 0.0670 0.2500
vt 0.0000 0.5000
vt 0.5000 0.5000
vt 0.0670 0.2500
vt 0.2500 0.0670
vt 0.5000 0.5000
vt 0.2500 0.0670
vt 0.0670 0.2500
vt 0.5000 0.5000
vt 0.2500 0.0670
vt 0.5000 0.0000
vt 0.5000 0.5000
vt 0.5000 0.0000
vt 0.2500 0.0670
vt 0.5000 0.5000
vt 0.5000 0.0000
vt 0.7500 0.0670
vt 0.5000 0.5000
vt 0.7500 0.0670
vt 0.5000 0.0000
vt 0.5000 0.5000
vt 0.7500 0.0670
vt 0.9330 0.2500
vt 0.5000 0.5000
vt 0.9330 0.2500
vt 0.7500 0.0670
vt 0.5000 0.5000
vt 0.9330 0.2500
vt 1.0000 0.5000
vt 0.5000 0.5000
vt 1.0000 0.5000
vt 0.9330 0.2500
vt 0.0000 0.0000
vt 0.7600 0.0000
vt 0.7600 0.1600
vt 0.0000 0.1600
vt 0.0000 0.0000
vt 0.7600 0.0000
vt 0.7600 0.1600
vt 0.0000 0.1600
vt 0.0000 0.0000
vt 0.0000 0.0800
vt 0.7600 0.0800
vt 0.7600 0.0000
vt 0.0000 0.0000
vt 0.0000 0.0800
vt 0.7600 0.0800
vt 0.7600 0.0000
vt 0.0000 0.0000
vt 0.0000 0.0800
vt 0.1600 0.0800
vt 0.1600 0.0000
vt 0.0000 0.0000
vt 0.0000 0.0800
vt 0.1600 0.0800
vt 0.1600 0.0000
vt 0.0000 0.0000
vt 0.0400 0.0000
vt 0.0400 0.0700
vt 0.0000 0.0700
vt 0.0000 0.0000
vt 0.0400 0.0000
vt 0.0400 0.0700
vt 0.0000 0.0700
vt 0.0000 0.0000
vt 0.0000 3.4000
vt 0.0400 3.4000
vt 0.0400 0.0000
vt 0.0000 0.0000
vt 0.0000 3.4000
vt 0.0400 3.4000
vt 0.0400 0.0000
vt 0.0000 0.0000
vt 0.0000 3.4000
vt 0.0700 3.4000
vt 0.0700 0.0000
vt 0.0000 0.0000
vt 0.0000 3.4000
vt 0.0700 3.4000
vt 0.0700 0.0000
vt 0.0000 0.0000
vt 0.0400 0.0000
vt 0.0400 0.0700
vt 0.0000 0.0700
vt 0.0000 0.0000
vt 0.0400 0.0000
vt 0.0400 0.0700
vt 0.0000 0.0700
vt 0.0000 0.0000
vt 0.0000 3.4000
vt 0.0400 3.4000
vt 0.0400 0.0000
vt 0.0000 0.0000
vt 0.0000 3.4000
vt 0.0400 3.4000
vt 0.0400 0.0000
vt 0.0000 0.0000
vt 0.0000 3.4000
vt 0.0700 3.4000
vt 0.0700 0.0000
vt 0.0000 0.0000
vt 0.0000 3.4000
vt 0.0700 3.4000
vt 0.0700 0.0000
vt 0.0000 0.0000
vt 0.5500 0.0000
vt 0.5500 0.0400
vt 0.0000 0.0400
vt 0.0000 0.0000
vt 0.5500 0.0000
vt 0.5500 0.0400
vt 0.0000 0.0400
vt 0.0000 0.0000
vt 0.0000 0.0360
vt 0.5500 0.0360
vt 0.5500 0.0000
vt 0.0000 0.0000
vt 0.0000 0.0360
vt 0.5500 0.0360
vt 0.5500 0.0000
vt 0.0000 0.0000
vt 0.0000 0.0360
vt 0.0400 0.0360
vt 0.0400 0.0000
vt 0.0000 0.0000
vt 0.0000 0.0360
vt 0.0400 0.0360
vt 0.0400 0.0000
vt 0.0000 0.0000
vt 0.5500 0.0000
vt 0.5500 0.0400
vt 0.0000 0.0400
vt 0.0000 0.0000
vt 0.5500 0.0000
vt 0.5500 0.0400
vt 0.0000 0.0400
vt 0.0000 0.0000
vt 0.0000 0.0360
vt 0.5500 0.0360
vt 0.5500 0.0000
vt 0.0000 0.0000
vt 0.0000 0.0360
vt 0.5500 0.0360
vt 0.5500 0.0000
vt 0.0000 0.0000
vt 0.0000 0.0360
vt 0.0400 0.0360
vt 0.0400 0.0000
vt 0.0000 0.0000
vt 0.0000 0.0360
vt 0.0400 0.0360
vt 0.0400 0.0000
vt 0.0000 0.0000
vt 0.5500 0.0000
vt 0.5500 0.0400
vt 0.0000 0.0400
vt 0.0000 0.0000
vt 0.5500 0.0000
vt 0.5500 0.0400
vt 0.0000 0.0400
vt 0.0000 0.0000
vt 0.0000 0.0360
vt 0.5500 0.0360
vt 0.5500 0.0000
vt 0.0000 0.0000
vt 0.0000 0.0360
vt 0.5500 0.0360
vt 0.5500 0.0000
vt 0.0000 0.0000
vt 0.0000 0.0360
vt 0.0400 0.0360
vt 0.0400 0.0000
vt 0.0000 0.0000
vt 0.0000 0.0360
vt 0.0400 0.0360
vt 0.0400 0.0000
vt 0.0000 0.0000
vt 0.5500 0.0000
vt 0.5500 0.0400
vt 0.0000 0.0400
vt 0.0000 0.0000
vt 0.5500 0.0000
vt 0.5500 0.0400
vt 0.0000 0.0400
vt 0.0000 0.0000
vt 0.0000 0.0360
vt 0.5500 0.0360
vt 0.5500 0.0000
vt 0.0000 0.0000
vt 0.0000 0.0360
vt 0.5500 0.0360
vt 0.5500 0.0000
vt 0.0000 0.0000
vt 0.0000 0.0360
vt 0.0400 0.0360
vt 0.0400 0.0000
vt 0.0000 0.0000
vt 0.0000 0.0360
vt 0.0400 0.0360
vt 0.0400 0.0000
vt 0.0000 0.0000
vt 0.5500 0.0000
vt 0.5500 0.0400
vt 0.0000 0.0400
vt 0.0000 0.0000
vt 0.5500 0.0000
vt 0.5500 0.0400
vt 0.0000 0.0400
vt 0.0000 0.0000
vt 0.0000 0.0360
vt 0.5500 0.0360
vt 0.5500 0.0000
vt 0.0000 0.0000
vt 0.0000 0.0360
vt 0.5500 0.0360
vt 0.5500 0.0000
vt 0.0000 0.0000
vt 0.0000 0.0360
vt 0.0400 0.0360
vt 0.0400 0.0000
vt 0.0000 0.0000
vt 0.0000 0.0360
vt 0.0400 0.0360
vt 0.0400 0.0000
vt 0.0000 0.0000
vt 0.5500 0.0000
vt 0.5500 0.0400
vt 0.0000 0.0400
vt 0.0000 0.0000
vt 0.5500 0.0000
vt 0.5500 0.0400
vt 0.0000 0.0400
vt 0.0000 0.0000
vt 0.0000 0.0360
vt 0.5500 0.0360
vt 0.5500 0.0000
vt 0.0000 0.0000
vt 0.0000 0.0360
vt 0.5500 0.0360
vt 0.5500 0.0000
vt 0.0000 0.0000
vt 0.0000 0.0360
vt 0.0400 0.0360
vt 0.0400 0.0000
vt 0.0000 0.0000
vt 0.0000 0.0360
vt 0.0400 0.0360
vt 0.0400 0.0000
vt 0.0000 0.0000
vt 0.5500 0.0000
vt 0.5500 0.0400
vt 0.0000 0.0400
vt 0.0000 0.0000
vt 0.5500 0.0000
vt 0.5500 0.0400
vt 0.0000 0.0400
vt 0.0000 0.0000
vt 0.0000 0.0360
vt 0.5500 0.0360
vt 0.5500 0.0000
vt 0.0000 0.0000
vt 0.0000 0.0360
vt 0.5500 0.0360
vt 0.5500 0.0000
vt 0.0000 0.0000
vt 0.0000 0.0360
vt 0.0400 0.0360
vt 0.0400 0.0000
vt 0.0000 0.0000
vt 0.0000 0.0360
vt 0.0400 0.0360
vt 0.0400 0.0000
vt 0.0000 0.0000
vt 0.5500 0.0000
vt 0.5500 0.0400
vt 0.0000 0.0400
vt 0.0000 0.0000
vt 0.5500 0.0000
vt 0.5500 0.0400
vt 0.0000 0.0400
vt 0.0000 0.0000
vt 0.0000 0.0360
vt 0.5500 0.0360
vt 0.5500 0.0000
vt 0.0000 0.0000
vt 0.0000 0.0360
vt 0.5500 0.0360
vt 0.5500 0.0000
vt 0.0000 0.0000
vt 0.0000 0.0360
vt 0.0400 0.0360
vt 0.0400 0.0000
vt 0.0000 0.0000
vt 0.0000 0.0360
vt 0.0400 0.0360
vt 0.0400 0.0000
vt 0.0000 0.0000
vt 0.5500 0.0000
vt 0.5500 0.0400
vt 0.0000 0.0400
vt 0.0000 0.0000
vt 0.5500 0.0000
vt 0.5500 0.0400
vt 0.0000 0.0400
vt 0.0000 0.0000
vt 0.0000 0.0360
vt 0.5500 0.0360
vt 0.5500 0.0000
vt 0.0000 0.0000
vt 0.0000 0.0360
vt 0.5500 0.0360
vt 0.5500 0.0000
vt 0.0000 0.0000
vt 0.0000 0.0360
vt 0.0400 0.0360
vt 0.0400 0.0000
vt 0.0000 0.0000
vt 0.0000 0.0360
vt 0.0400 0.0360
vt 0.0400 0.0000
vt 0.0000 0.0000
vt 0.5500 0.0000
vt 0.5500 0.0400
vt 0.0000 0.0400
vt 0.0000 0.0000
vt 0.5500 0.0000
vt 0.5500 0.0400
vt 0.0000 0.0400
vt 0.0000 0.0000
vt 0.0000 0.0360
vt 0.5500 0.0360
vt 0.5500 0.0000
vt 0.0000 0.0000
vt 0.0000 0.0360
vt 0.5500 0.0360
vt 0.5500 0.0000
vt 0.0000 0.0000
vt 0.0000 0.0360
vt 0.0400 0.0360
vt 0.0400 0.0000
vt 0.0000 0.0000
vt 0.0000 0.0360
vt 0.0400 0.0360
vt 0.0400 0.0000
vt 0.0000 0.0000
vt 0.0700 0.0000
vt 0.0700 0.0400
vt 0.0000 0.0400
vt 0.0000 0.0000
vt 0.0700 0.0000
vt 0.0700 0.0400
vt 0.0000 0.0400
vt 0.0000 0.0000
vt 0.0000 3.4000
vt 0.0700 3.4000
vt 0.0700 0.0000
vt 0.0000 0.0000
vt 0.0000 3.4000
vt 0.0700 3.4000
vt 0.0700 0.0000
vt 0.0000 0.0000
vt 0.0000 3.4000
vt 0.0400 3.4000
vt 0.0400 0.0000
vt 0.0000 0.0000
vt 0.0000 3.4000
vt 0.0400 3.4000
vt 0.0400 0.0000
vt 0.0000 0.0000
vt 0.0700 0.0000
vt 0.0700 0.0400
vt 0.0000 0.0400
vt 0.0000 0.0000
vt 0.0700 0.0000
vt 0.0700 0.0400
vt 0.0000 0.0400
vt 0.0000 0.0000
vt 0.0000 3.4000
vt 0.0700 3.4000
vt 0.0700 0.0000
vt 0.0000 0.0000
vt 0.0000 3.4000
vt 0.0700 3.4000
vt 0.0700 0.0000
vt 0.0000 0.0000
vt 0.0000 3.4000
vt 0.0400 3.4000
vt 0.0400 0.0000
vt 0.0000 0.0000
vt 0.0000 3.4000
vt 0.0400 3.4000
vt 0.0400 0.0000
vt 0.0000 0.0000
vt 0.0400 0.0000
vt 0.0400 0.5500
vt 0.0000 0.5500
vt 0.0000 0.0000
vt 0.0400 0.0000
vt 0.0400 0.5500
vt 0.0000 0.5500
vt 0.0000 0.0000
vt 0.0000 0.0360
vt 0.0400 0.0360
vt 0.0400 0.0000
vt 0.0000 0.0000
vt 0.0000 0.0360
vt 0.0400 0.0360
vt 0.0400 0.0000
vt 0.0000 0.0000
vt 0.0000 0.0360
vt 0.5500 0.0360
vt 0.5500 0.0000
vt 0.0000 0.0000
vt 0.0000 0.0360
vt 0.5500 0.0360
vt 0.5500 0.0000
vt 0.0000 0.0000
vt 0.0400 0.0000
vt 0.0400 0.5500
vt 0.0000 0.5500
vt 0.0000 0.0000
vt 0.0400 0.0000
vt 0.0400 0.5500
vt 0.0000 0.5500
vt 0.0000 0.0000
vt 0.0000 0.0360
vt 0.0400 0.0360
vt 0.0400 0.0000
vt 0.0000 0.0000
vt 0.0000 0.0360
vt 0.0400 0.0360
vt 0.0400 0.0000
vt 0.0000 0.0000
vt 0.0000 0.0360
vt 0.5500 0.0360
vt 0.5500 0.0000
vt 0.0000 0.0000
vt 0.0000 0.0360
vt 0.5500 0.0360
vt 0.5500 0.0000
vt 0.0000 0.0000
vt 0.0400 0.0000
vt 0.0400 0.5500
vt 0.0000 0.5500
vt 0.0000 0.0000
vt 0.0400 0.0000
vt 0.0400 0.5500
vt 0.0000 0.5500
vt 0.0000 0.0000
vt 0.0000 0.0360
vt 0.0400 0.0360
vt 0.0400 0.0000
vt 0.0000 0.0000
vt 0.0000 0.0360
vt 0.0400 0.0360
vt 0.0400 0.0000
vt 0.0000 0.0000
vt 0.0000 0.0360
vt 0.5500 0.0360
vt 0.5500 0.0000
vt 0.0000 0.0000
vt 0.0000 0.0360
vt 0.5500 0.0360
vt 0.5500 0.0000
vt 0.0000 0.0000
vt 0.0400 0.0000
vt 0.0400 0.5500
vt 0.0000 0.5500
vt 0.0000 0.0000
vt 0.0400 0.0000
vt 0.0400 0.5500
vt 0.0000 0.5500
vt 0.0000 0.0000
vt 0.0000 0.0360
vt 0.0400 0.0360
vt 0.0400 0.0000
vt 0.0000 0.0000
vt 0.0000 0.0360
vt 0.0400 0.0360
vt 0.0400 0.0000
vt 0.0000 0.0000
vt 0.0000 0.0360
vt 0.5500 0.0360
vt 0.5500 0.0000
vt 0.0000 0.0000
vt 0.0000 0.0360
vt 0.5500 0.0360
vt 0.5500 0.0000
vt 0.0000 0.0000
vt 0.0400 0.0000
vt 0.0400 0.5500
vt 0.0000 0.5500
vt 0.0000 0.0000
vt 0.0400 0.0000
vt 0.0400 0.5500
vt 0.0000 0.5500
vt 0.0000 0.0000
vt 0.0000 0.0360
vt 0.0400 0.0360
vt 0.0400 0.0000
vt 0.0000 0.0000
vt 0.0000 0.0360
vt 0.0400 0.0360
vt 0.0400 0.0000
vt 0.0000 0.0000
vt 0.0000 0.0360
vt 0.5500 0.0360
vt 0.5500 0.0000
vt 0.0000 0.0000
vt 0.0000 0.0360
vt 0.5500 0.0360
vt 0.5500 0.0000
vt 0.0000 0.0000
vt 0.0400 0.0000
vt 0.0400 0.5500
vt 0.0000 0.5500
vt 0.0000 0.0000
vt 0.0400 0.0000
vt 0.0400 0.5500
vt 0.0000 0.5500
vt 0.0000 0.0000
vt 0.0000 0.0360
vt 0.0400 0.0360
vt 0.0400 0.0000
vt 0.0000 0.0000
vt 0.0000 0.0360
vt 0.0400 0.0360
vt 0.0400 0.0000
vt 0.0000 0.0000
vt 0.0000 0.0360
vt 0.5500 0.0360
vt 0.5500 0.0000
vt 0.0000 0.0000
vt 0.0000 0.0360
vt 0.5500 0.0360
vt 0.5500 0.0000
vt 0.0000 0.0000
vt 0.0400 0.0000
vt 0.0400 0.5500
vt 0.0000 0.5500
vt 0.0000 0.0000
vt 0.0400 0.0000
vt 0.0400 0.5500
vt 0.0000 0.5500
vt 0.0000 0.0000
vt 0.0000 0.0360
vt 0.0400 0.0360
vt 0.0400 0.0000
vt 0.0000 0.0000
vt 0.0000 0.0360
vt 0.0400 0.0360
vt 0.0400 0.0000
vt 0.0000 0.0000
vt 0.0000 0.0360
vt 0.5500 0.0360
vt 0.5500 0.0000
vt 0.0000 0.0000
vt 0.0000 0.0360
vt 0.5500 0.0360
vt 0.5500 0.0000
vt 0.0000 0.0000
vt 0.0400 0.0000
vt 0.0400 0.5500
vt 0.0000 0.5500
vt 0.0000 0.0000
vt 0.0400 0.0000
vt 0.0400 0.5500
vt 0.0000 0.5500
vt 0.0000 0.0000
vt 0.0000 0.0360
vt 0.0400 0.0360
vt 0.0400 0.0000
vt 0.0000 0.0000
vt 0.0000 0.0360
vt 0.0400 0.0360
vt 0.0400 0.0000
vt 0.0000 0.0000
vt 0.0000 0.0360
vt 0.5500 0.0360
vt 0.5500 0.0000
vt 0.0000 0.0000
vt 0.0000 0.0360
vt 0.5500 0.0360
vt 0.5500 0.0000
vt 0.0000 0.0000
vt 0.0400 0.0000
vt 0.0400 0.5500
vt 0.0000 0.5500
vt 0.0000 0.0000
vt 0.0400 0.0000
vt 0.0400 0.5500
vt 0.0000 0.5500
vt 0.0000 0.0000
vt 0.0000 0.0360
vt 0.0400 0.0360
vt 0.0400 0.0000
vt 0.0000 0.0000
vt 0.0000 0.0360
vt 0.0400 0.0360
vt 0.0400 0.0000
vt 0.0000 0.0000
vt 0.0000 0.0360
vt 0.5500 0.0360
vt 0.5500 0.0000
vt 0.0000 0.0000
vt 0.0000 0.0360
vt 0.5500 0.0360
vt 0.5500 0.0000
vt 0.0000 0.0000
vt 0.0400 0.0000
vt 0.0400 0.5500
vt 0.0000 0.5500
vt 0.0000 0.0000
vt 0.0400 0.0000
vt 0.0400 0.5500
vt 0.0000 0.5500
vt 0.0000 0.0000
vt 0.0000 0.0360
vt 0.0400 0.0360
vt 0.0400 0.0000
vt 0.0000 0.0000
vt 0.0000 0.0360
vt 0.0400 0.0360
vt 0.0400 0.0000
vt 0.0000 0.0000
vt 0.0000 0.0360
vt 0.5500 0.0360
vt 0.5500 0.0000
vt 0.0000 0.0000
vt 0.0000 0.0360
vt 0.5500 0.0360
vt 0.5500 0.0000

vn 0.0000 0.0000 1.0000
vn 0.0000 0.0000 1.0000
vn 0.0000 0.0000 1.0000
vn 0.0000 -1.0000 0.0000
vn 1.0000 0.0000 0.0000
vn 0.0000 0.0000 1.0000
vn 0.0000 0.0000 1.0000
vn 0.0000 0.0000 1.0000
vn 0.0000 1.0000 0.0000
vn 0.0000 1.0000 0.0000
vn 0.0000 1.0000 0.0000
vn -1.0000 0.0000 0.0000
vn -1.0000 0.0000 0.0000
vn -1.0000 0.0000 0.0000
vn 0.0000 -1.0000 0.0000
vn 1.0000 0.0000 0.0000
vn -1.0000 0.0000 0.0000
vn 0.0000 1.0000 0.0000
vn 0.0000 0.0000 -1.0000
vn 0.0000 0.0000 -1.0000
vn -0.9808 0.1951 0.0000
vn -0.8315 0.5556 0.0000
vn -0.5556 0.8315 0.0000
vn -0.1951 0.9808 0.0000
vn 0.1951 0.9808 0.0000
vn 0.5556 0.8315 0.0000
vn 0.8315 0.5556 0.0000
vn 0.9808 0.1951 0.0000
vn 0.0000 0.0000 1.0000
vn 0.0000 0.0000 -1.0000
vn 0.0000 0.0000 1.0000
vn 0.0000 0.0000 -1.0000
vn 0.0000 0.0000 1.0000
vn 0.0000 0.0000 -1.0000
vn 0.0000 0.0000 1.0000
vn 0.0000 0.0000 -1.0000
vn 0.0000 0.0000 1.0000
vn 0.0000 0.0000 -1.0000
vn 0.0000 0.0000 1.0000
vn 0.0000 0.0000 -1.0000
vn 0.0000 0.0000 1.0000
vn 0.0000 0.0000 -1.0000
vn 0.0000 0.0000 1.0000
vn 0.0000 0.0000 -1.0000
vn -0.9808 0.1951 0.0000
vn -0.8315 0.5556 0.0000
vn -0.5556 0.8315 0.0000
vn -0.1951 0.9808 0.0000
vn 0.1951 0.9808 0.0000
vn 0.5556 0.8315 0.0000
vn 0.8315 0.5556 0.0000
vn 0.9808 0.1951 0.0000
vn 0.0000 0.0000 1.0000
vn 0.0000 0.0000 -1.0000
vn 0.0000 0.0000 1.0000
vn 0.0000 0.0000 -1.0000
vn 0.0000 0.0000 1.0000
vn 0.0000 0.0000 -1.0000
vn 0.0000 0.0000 1.0000
vn 0.0000 0.0000 -1.0000
vn 0.0000 0.0000 1.0000
vn 0.0000 0.0000 -1.0000
vn 0.0000 0.0000 1.0000
vn 0.0000 0.0000 -1.0000
vn 0.0000 0.0000 1.0000
vn 0.0000 0.0000 -1.0000
vn 0.0000 0.0000 1.0000
vn 0.0000 0.0000 -1.0000
vn -0.9808 0.1951 0.0000
vn -0.8315 0.5556 0.0000
vn -0.5556 0.8315 0.0000
vn -0.1951 0.9808 0.0000
vn 0.1951 0.9808 0.0000
vn 0.5556 0.8315 0.0000
vn 0.8315 0.5556 0.0000
vn 0.9808 0.1951 0.0000
vn 0.0000 0.0000 1.0000
vn 0.0000 0.0000 -1.0000
vn 0.0000 0.0000 1.0000
vn 0.0000 0.0000 -1.0000
vn 0.0000 0.0000 1.0000
vn 0.0000 0.0000 -1.0000
vn 0.0000 0.0000 1.0000
vn 0.0000 0.0000 -1.0000
vn 0.0000 0.0000 1.0000
vn 0.0000 0.0000 -1.0000
vn 0.0000 0.0000 1.0000
vn 0.0000 0.0000 -1.0000
vn 0.0000 0.0000 1.0000
vn 0.0000 0.0000 -1.0000
vn 0.0000 0.0000 1.0000
vn 0.0000 0.0000 -1.0000
vn -0.9808 0.1951 0.0000
vn -0.8315 0.5556 0.0000
vn -0.5556 0.8315 0.0000
vn -0.1951 0.9808 0.0000
vn 0.1951 0.9808 0.0000
vn 0.5556 0.8315 0.0000
vn 0.8315 0.5556 0.0000
vn 0.9808 0.1951 0.0000
vn 0.0000 0.0000 1.0000
vn 0.0000 0.0000 -1.0000
vn 0.0000 0.0000 1.0000
vn 0.0000 0.0000 -1.0000
vn 0.0000 0.0000 1.0000
vn 0.0000 0.0000 -1.0000
vn 0.0000 0.0000 1.0000
vn 0.0000 0.0000 -1.0000
vn 0.0000 0.0000 1.0000
vn 0.0000 0.0000 -1.0000
vn 0.0000 0.0000 1.0000
vn 0.0000 0.0000 -1.0000
vn 0.0000 0.0000 1.0000
vn 0.0000 0.0000 -1.0000
vn 0.0000 0.0000 1.0000
vn 0.0000 0.0000 -1.0000
vn -0.1951 -0.9808 0.0000
vn -0.5556 -0.8315 0.0000
vn -0.8315 -0.5556 0.0000
vn -0.9808 -0.1951 0.0000
vn -0.9808 0.1951 0.0000
vn -0.8315 0.5556 0.0000
vn -0.5556 0.8315 0.0000
vn -0.1951 0.9808 0.0000
vn 0.0000 0.0000 1.0000
vn 0.0000 0.0000 -1.0000
vn 0.0000 0.0000 1.0000
vn 0.0000 0.0000 -1.0000
vn 0.0000 0.0000 1.0000
vn 0.0000 0.0000 -1.0000
vn 0.0000 0.0000 1.0000
vn 0.0000 0.0000 -1.0000
vn 0.0000 0.0000 1.0000
vn 0.0000 0.0000 -1.0000
vn 0.0000 0.0000 1.0000
vn 0.0000 0.0000 -1.0000
vn 0.0000 0.0000 1.0000
vn 0.0000 0.0000 -1.0000
vn 0.0000 0.0000 1.0000
vn 0.0000 0.0000 -1.0000
vn -0.1951 -0.9808 0.0000
vn -0.5556 -0.8315 0.0000
vn -0.8315 -0.5556 0.0000
vn -0.9808 -0.1951 0.0000
vn -0.9808 0.1951 0.0000
vn -0.8315 0.5556 0.0000
vn -0.5556 0.8315 0.0000
vn -0.1951 0.9808 0.0000
vn 0.0000 0.0000 1.0000
vn 0.0000 0.0000 -1.0000
vn 0.0000 0.0000 1.0000
vn 0.0000 0.0000 -1.0000
vn 0.0000 0.0000 1.0000
vn 0.0000 0.0000 -1.0000
vn 0.0000 0.0000 1.0000
vn 0.0000 0.0000 -1.0000
vn 0.0000 0.0000 1.0000
vn 0.0000 0.0000 -1.0000
vn 0.0000 0.0000 1.0000
vn 0.0000 0.0000 -1.0000
vn 0.0000 0.0000 1.0000
vn 0.0000 0.0000 -1.0000
vn 0.0000 0.0000 1.0000
vn 0.0000 0.0000 -1.0000
vn 0.9659 0.2588 0.0000
vn 0.7071 0.7071 0.0000
vn 0.2588 0.9659 0.0000
vn -0.2588 0.9659 0.0000
vn -0.7071 0.7071 0.0000
vn -0.9659 0.2588 0.0000
vn -0.9659 -0.2588 0.0000
vn -0.7071 -0.7071 0.0000
vn -0.2588 -0.9659 0.0000
vn 0.2588 -0.9659 0.0000
vn 0.7071 -0.7071 0.0000
vn -0.9659 0.2588 0.0000
vn 0.0000 0.0000 1.0000
vn 0.0000 0.0000 -1.0000
vn 0.0000 0.0000 1.0000
vn 0.0000 0.0000 -1.0000
vn 0.0000 0.0000 1.0000
vn 0.0000 0.0000 -1.0000
vn 0.0000 0.0000 1.0000
vn 0.0000 0.0000 -1.0000
vn 0.0000 0.0000 1.0000
vn 0.0000 0.0000 -1.0000
vn 0.0000 0.0000 1.0000
vn 0.0000 0.0000 -1.0000
vn 0.0000 0.0000 1.0000
vn 0.0000 0.0000 -1.0000
vn 0.0000 0.0000 1.0000
vn 0.0000 0.0000 -1.0000
vn 0.0000 0.0000 1.0000
vn 0.0000 0.0000 -1.0000
vn 0.0000 0.0000 1.0000
vn 0.0000 0.0000 -1.0000
vn 0.0000 0.0000 1.0000
vn 0.0000 0.0000 -1.0000
vn 0.0000 0.0000 1.0000
vn 0.0000 0.0000 -1.0000
vn 0.9659 0.2588 0.0000
vn 0.7071 0.7071 0.0000
vn 0.2588 0.9659 0.0000
vn -0.2588 0.9659 0.0000
vn -0.7071 0.7071 0.0000
vn -0.9659 0.2588 0.0000
vn -0.9659 -0.2588 0.0000
vn -0.7071 -0.7071 0.0000
vn -0.2588 -0.9659 0.0000
vn 0.2588 -0.9659 0.0000
vn 0.7071 -0.7071 0.0000
vn -0.9659 0.2588 0.0000
vn 0.9659 0.2588 0.0000
vn 0.7071 0.7071 0.0000
vn 0.2588 0.9659 0.0000
vn -0.2588 0.9659 0.0000
vn -0.7071 0.7071 0.0000
vn -0.9659 0.2588 0.0000
vn -0.9659 -0.2588 0.0000
vn -0.7071 -0.7071 0.0000
vn -0.2588 -0.9659 0.0000
vn 0.2588 -0.9659 0.0000
vn 0.7071 -0.7071 0.0000
vn -0.9659 0.2588 0.0000
vn 0.0000 0.0000 1.0000
vn 0.0000 0.0000 -1.0000
vn 0.0000 0.0000 1.0000
vn 0.0000 0.0000 -1.0000
vn 0.0000 0.0000 1.0000
vn 0.0000 0.0000 -1.0000
vn 0.0000 0.0000 1.0000
vn 0.0000 0.0000 -1.0000
vn 0.0000 0.0000 1.0000
vn 0.0000 0.0000 -1.0000
vn 0.0000 0.0000 1.0000
vn 0.0000 0.0000 -1.0000
vn 0.0000 0.0000 1.0000
vn 0.0000 0.0000 -1.0000
vn 0.0000 0.0000 1.0000
vn 0.0000 0.0000 -1.0000
vn 0.0000 0.0000 1.0000
vn 0.0000 0.0000 -1.0000
vn 0.0000 0.0000 1.0000
vn 0.0000 0.0000 -1.0000
vn 0.0000 0.0000 1.0000
vn 0.0000 0.0000 -1.0000
vn 0.0000 0.0000 1.0000
vn 0.0000 0.0000 -1.0000
vn 0.0000 0.0000 1.0000
vn 0.0000 0.0000 -1.0000
vn 0.0000 1.0000 0.0000
vn 0.0000 -1.0000 0.0000
vn -1.0000 0.0000 0.0000
vn 1.0000 0.0000 0.0000
vn 0.9659 0.2588 0.0000
vn 0.7071 0.7071 0.0000
vn 0.2588 0.9659 0.0000
vn -0.2588 0.9659 0.0000
vn -0.7071 0.7071 0.0000
vn -0.9659 0.2588 0.0000
vn -0.9659 -0.2588 0.0000
vn -0.7071 -0.7071 0.0000
vn -0.2588 -0.9659 0.0000
vn 0.2588 -0.9659 0.0000
vn 0.7071 -0.7071 0.0000
vn -0.9659 0.2588 0.0000
vn 0.0000 0.0000 1.0000
vn 0.0000 0.0000 -1.0000
vn 0.0000 0.0000 1.0000
vn 0.0000 0.0000 -1.0000
vn 0.0000 0.0000 1.0000
vn 0.0000 0.0000 -1.0000
vn 0.0000 0.0000 1.0000
vn 0.0000 0.0000 -1.0000
vn 0.0000 0.0000 1.0000
vn 0.0000 0.0000 -1.0000
vn 0.0000 0.0000 1.0000
vn 0.0000 0.0000 -1.0000
vn 0.0000 0.0000 1.0000
vn 0.0000 0.0000 -1.0000
vn 0.0000 0.0000 1.0000
vn 0.0000 0.0000 -1.0000
vn 0.0000 0.0000 1.0000
vn 0.0000 0.0000 -1.0000
vn 0.0000 0.0000 1.0000
vn 0.0000 0.0000 -1.0000
vn 0.0000 0.0000 1.0000
vn 0.0000 0.0000 -1.0000
vn 0.0000 0.0000 1.0000
vn 0.0000 0.0000 -1.0000
vn 0.9659 0.2588 0.0000
vn 0.7071 0.7071 0.0000
vn 0.2588 0.9659 0.0000
vn -0.2588 0.9659 0.0000
vn -0.7071 0.7071 0.0000
vn -0.9659 0.2588 0.0000
vn -0.9659 -0.2588 0.0000
vn -0.7071 -0.7071 0.0000
vn -0.2588 -0.9659 0.0000
vn 0.2588 -0.9659 0.0000
vn 0.7071 -0.7071 0.0000
vn -0.9659 0.2588 0.0000
vn 0.9659 0.2588 0.0000
vn 0.7071 0.7071 0.0000
vn 0.2588 0.9659 0.0000
vn -0.2588 0.9659 0.0000
vn -0.7071 0.7071 0.0000
vn -0.9659 0.2588 0.0000
vn -0.9659 -0.2588 0.0000
vn -0.7071 -0.7071 0.0000
vn -0.2588 -0.9659 0.0000
vn 0.2588 -0.9659 0.0000
vn 0.7071 -0.7071 0.0000
vn -0.9659 0.2588 0.0000
vn 0.0000 0.0000 1.0000
vn 0.0000 0.0000 -1.0000
vn 0.0000 0.0000 1.0000
vn 0.0000 0.0000 -1.0000
vn 0.0000 0.0000 1.0000
vn 0.0000 0.0000 -1.0000
vn 0.0000 0.0000 1.0000
vn 0.0000 0.0000 -1.0000
vn 0.0000 0.0000 1.0000
vn 0.0000 0.0000 -1.0000
vn 0.0000 0.0000 1.0000
vn 0.0000 0.0000 -1.0000
vn 0.0000 0.0000 1.0000
vn 0.0000 0.0000 -1.0000
vn 0.0000 0.0000 1.0000
vn 0.0000 0.0000 -1.0000
vn 0.0000 0.0000 1.0000
vn 0.0000 0.0000 -1.0000
vn 0.0000 0.0000 1.0000
vn 0.0000 0.0000 -1.0000
vn 0.0000 0.0000 1.0000
vn 0.0000 0.0000 -1.0000
vn 0.0000 0.0000 1.0000
vn 0.0000 0.0000 -1.0000
vn 0.0000 0.0000 1.0000
vn 0.0000 0.0000 -1.0000
vn 0.0000 1.0000 0.0000
vn 0.0000 -1.0000 0.0000
vn -1.0000 0.0000 0.0000
vn 1.0000 0.0000 0.0000
vn 0.9659 0.2588 0.0000
vn 0.7071 0.7071 0.0000
vn 0.2588 0.9659 0.0000
vn -0.2588 0.9659 0.0000
vn -0.7071 0.7071 0.0000
vn -0.9659 0.2588 0.0000
vn -0.9659 -0.2588 0.0000
vn -0.7071 -0.7071 0.0000
vn -0.2588 -0.9659 0.0000
vn 0.2588 -0.9659 0.0000
vn 0.7071 -0.7071 0.0000
vn -0.9659 0.2588 0.0000
vn 0.0000 0.0000 1.0000
vn 0.0000 0.0000 -1.0000
vn 0.0000 0.0000 1.0000
vn 0.0000 0.0000 -1.0000
vn 0.0000 0.0000 1.0000
vn 0.0000 0.0000 -1.0000
vn 0.0000 0.0000 1.0000
vn 0.0000 0.0000 -1.0000
vn 0.0000 0.0000 1.0000
vn 0.0000 0.0000 -1.0000
vn 0.0000 0.0000 1.0000
vn 0.0000 0.0000 -1.0000
vn 0.0000 0.0000 1.0000
vn 0.0000 0.0000 -1.0000
vn 0.0000 0.0000 1.0000
vn 0.0000 0.0000 -1.0000
vn 0.0000 0.0000 1.0000
vn 0.0000 0.0000 -1.0000
vn 0.0000 0.0000 1.0000
vn 0.0000 0.0000 -1.0000
vn 0.0000 0.0000 1.0000
vn 0.0000 0.0000 -1.0000
vn 0.0000 0.0000 1.0000
vn 0.0000 0.0000 -1.0000
vn 0.9659 0.2588 0.0000
vn 0.7071 0.7071 0.0000
vn 0.2588 0.9659 0.0000
vn -0.2588 0.9659 0.0000
vn -0.7071 0.7071 0.0000
vn -0.9659 0.2588 0.0000
vn -0.9659 -0.2588 0.0000
vn -0.7071 -0.7071 0.0000
vn -0.2588 -0.9659 0.0000
vn 0.2588 -0.9659 0.0000
vn 0.7071 -0.7071 0.0000
vn -0.9659 0.2588 0.0000
vn 0.9659 0.2588 0.0000
vn 0.7071 0.7071 0.0000
vn 0.2588 0.9659 0.0000
vn -0.2588 0.9659 0.0000
vn -0.7071 0.7071 0.0000
vn -0.9659 0.2588 0.0000
vn -0.9659 -0.2588 0.0000
vn -0.7071 -0.7071 0.0000
vn -0.2588 -0.9659 0.0000
vn 0.2588 -0.9659 0.0000
vn 0.7071 -0.7071 0.0000
vn -0.9659 0.2588 0.0000
vn 0.0000 0.0000 1.0000
vn 0.0000 0.0000 -1.0000
vn 0.0000 0.0000 1.0000
vn 0.0000 0.0000 -1.0000
vn 0.0000 0.0000 1.0000
vn 0.0000 0.0000 -1.0000
vn 0.0000 0.0000 1.0000
vn 0.0000 0.0000 -1.0000
vn 0.0000 0.0000 1.0000
vn 0.0000 0.0000 -1.0000
vn 0.0000 0.0000 1.0000
vn 0.0000 0.0000 -1.0000
vn 0.0000 0.0000 1.0000
vn 0.0000 0.0000 -1.0000
vn 0.0000 0.0000 1.0000
vn 0.0000 0.0000 -1.0000
vn 0.0000 0.0000 1.0000
vn 0.0000 0.0000 -1.0000
vn 0.0000 0.0000 1.0000
vn 0.0000 0.0000 -1.0000
vn 0.0000 0.0000 1.0000
vn 0.0000 0.0000 -1.0000
vn 0.0000 0.0000 1.0000
vn 0.0000 0.0000 -1.0000
vn 0.0000 0.0000 1.0000
vn 0.0000 0.0000 -1.0000
vn 0.0000 1.0000 0.0000
vn 0.0000 -1.0000 0.0000
vn -1.0000 0.0000 0.0000
vn 1.0000 0.0000 0.0000
vn 0.9659 0.2588 0.0000
vn 0.7071 0.7071 0.0000
vn 0.2588 0.9659 0.0000
vn -0.2588 0.9659 0.0000
vn -0.7071 0.7071 0.0000
vn -0.9659 0.2588 0.0000
vn -0.9659 -0.2588 0.0000
vn -0.7071 -0.7071 0.0000
vn -0.2588 -0.9659 0.0000
vn 0.2588 -0.9659 0.0000
vn 0.7071 -0.7071 0.0000
vn -0.9659 0.2588 0.0000
vn 0.0000 0.0000 1.0000
vn 0.0000 0.0000 -1.0000
vn 0.0000 0.0000 1.0000
vn 0.0000 0.0000 -1.0000
vn 0.0000 0.0000 1.0000
vn 0.0000 0.0000 -1.0000
vn 0.0000 0.0000 1.0000
vn 0.0000 0.0000 -1.0000
vn 0.0000 0.0000 1.0000
vn 0.0000 0.0000 -1.0000
vn 0.0000 0.0000 1.0000
vn 0.0000 0.0000 -1.0000
vn 0.0000 0.0000 1.0000
vn 0.0000 0.0000 -1.0000
vn 0.0000 0.0000 1.0000
vn 0.0000 0.0000 -1.0000
vn 0.0000 0.0000 1.0000
vn 0.0000 0.0000 -1.0000
vn 0.0000 0.0000 1.0000
vn 0.0000 0.0000 -1.0000
vn 0.0000 0.0000 1.0000
vn 0.0000 0.0000 -1.0000
vn 0.0000 0.0000 1.0000
vn 0.0000 0.0000 -1.0000
vn 0.9659 0.2588 0.0000
vn 0.7071 0.7071 0.0000
vn 0.2588 0.9659 0.0000
vn -0.2588 0.9659 0.0000
vn -0.7071 0.7071 0.0000
vn -0.9659 0.2588 0.0000
vn -0.9659 -0.2588 0.0000
vn -0.7071 -0.7071 0.0000
vn -0.2588 -0.9659 0.0000
vn 0.2588 -0.9659 0.0000
vn 0.7071 -0.7071 0.0000
vn -0.9659 0.2588 0.0000
vn 0.9659 0.2588 0.0000
vn 0.7071 0.7071 0.0000
vn 0.2588 0.9659 0.0000
vn -0.2588 0.9659 0.0000
vn -0.7071 0.7071 0.0000
vn -0.9659 0.2588 0.0000
vn -0.9659 -0.2588 0.0000
vn -0.7071 -0.7071 0.0000
vn -0.2588 -0.9659 0.0000
vn 0.2588 -0.9659 0.0000
vn 0.7071 -0.7071 0.0000
vn -0.9659 0.2588 0.0000
vn 0.0000 0.0000 1.0000
vn 0.0000 0.0000 -1.0000
vn 0.0000 0.0000 1.0000
vn 0.0000 0.0000 -1.0000
vn 0.0000 0.0000 1.0000
vn 0.0000 0.0000 -1.0000
vn 0.0000 0.0000 1.0000
vn 0.0000 0.0000 -1.0000
vn 0.0000 0.0000 1.0000
vn 0.0000 0.0000 -1.0000
vn 0.0000 0.0000 1.0000
vn 0.0000 0.0000 -1.0000
vn 0.0000 0.0000 1.0000
vn 0.0000 0.0000 -1.0000
vn 0.0000 0.0000 1.0000
vn 0.0000 0.0000 -1.0000
vn 0.0000 0.0000 1.0000
vn 0.0000 0.0000 -1.0000
vn 0.0000 0.0000 1.0000
vn 0.0000 0.0000 -1.0000
vn 0.0000 0.0000 1.0000
vn 0.0000 0.0000 -1.0000
vn 0.0000 0.0000 1.0000
vn 0.0000 0.0000 -1.0000
vn 0.0000 0.0000 1.0000
vn 0.0000 0.0000 -1.0000
vn 0.0000 1.0000 0.0000
vn 0.0000 -1.0000 0.0000
vn -1.0000 0.0000 0.0000
vn 1.0000 0.0000 0.0000
vn 0.9659 0.2588 0.0000
vn 0.7071 0.7071 0.0000
vn 0.2588 0.9659 0.0000
vn -0.2588 0.9659 0.0000
vn -0.7071 0.7071 0.0000
vn -0.9659 0.2588 0.0000
vn -0.9659 -0.2588 0.0000
vn -0.7071 -0.7071 0.0000
vn -0.2588 -0.9659 0.0000
vn 0.2588 -0.9659 0.0000
vn 0.7071 -0.7071 0.0000
vn -0.9659 0.2588 0.0000
vn 0.0000 0.0000 1.0000
vn 0.0000 0.0000 -1.0000
vn 0.0000 0.0000 1.0000
vn 0.0000 0.0000 -1.0000
vn 0.0000 0.0000 1.0000
vn 0.0000 0.0000 -1.0000
vn 0.0000 0.0000 1.0000
vn 0.0000 0.0000 -1.0000
vn 0.0000 0.0000 1.0000
vn 0.0000 0.0000 -1.0000
vn 0.0000 0.0000 1.0000
vn 0.0000 0.0000 -1.0000
vn 0.0000 0.0000 1.0000
vn 0.0000 0.0000 -1.0000
vn 0.0000 0.0000 1.0000
vn 0.0000 0.0000 -1.0000
vn 0.0000 0.0000 1.0000
vn 0.0000 0.0000 -1.0000
vn 0.0000 0.0000 1.0000
vn 0.0000 0.0000 -1.0000
vn 0.0000 0.0000 1.0000
vn 0.0000 0.0000 -1.0000
vn 0.0000 0.0000 1.0000
vn 0.0000 0.0000 -1.0000
vn 0.9659 0.2588 0.0000
vn 0.7071 0.7071 0.0000
vn 0.2588 0.9659 0.0000
vn -0.2588 0.9659 0.0000
vn -0.7071 0.7071 0.0000
vn -0.9659 0.2588 0.0000
vn -0.9659 -0.2588 0.0000
vn -0.7071 -0.7071 0.0000
vn -0.2588 -0.9659 0.0000
vn 0.2588 -0.9659 0.0000
vn 0.7071 -0.7071 0.0000
vn -0.9659 0.2588 0.0000
vn 0.9659 0.2588 0.0000
vn 0.7071 0.7071 0.0000
vn 0.2588 0.9659 0.0000
vn -0.2588 0.9659 0.0000
vn -0.7071 0.7071 0.0000
vn -0.9659 0.2588 0.0000
vn -0.9659 -0.2588 0.0000
vn -0.7071 -0.7071 0.0000
vn -0.2588 -0.9659 0.0000
vn 0.2588 -0.9659 0.0000
vn 0.7071 -0.7071 0.0000
vn -0.9659 0.2588 0.0000
vn 0.0000 0.0000 1.0000
vn 0.0000 0.0000 -1.0000
vn 0.0000 0.0000 1.0000
vn 0.0000 0.0000 -1.0000
vn 0.0000 0.0000 1.0000
vn 0.0000 0.0000 -1.0000
vn 0.0000 0.0000 1.0000
vn 0.0000 0.0000 -1.0000
vn 0.0000 0.0000 1.0000
vn 0.0000 0.0000 -1.0000
vn 0.0000 0.0000 1.0000
vn 0.0000 0.0000 -1.0000
vn 0.0000 0.0000 1.0000
vn 0.0000 0.0000 -1.0000
vn 0.0000 0.0000 1.0000
vn 0.0000 0.0000 -1.0000
vn 0.0000 0.0000 1.0000
vn 0.0000 0.0000 -1.0000
vn 0.0000 0.0000 1.0000
vn 0.0000 0.0000 -1.0000
vn 0.0000 0.0000 1.0000
vn 0.0000 0.0000 -1.0000
vn 0.0000 0.0000 1.0000
vn 0.0000 0.0000 -1.0000
vn 0.0000 0.0000 1.0000
vn 0.0000 0.0000 -1.0000
vn 0.0000 1.0000 0.0000
vn 0.0000 -1.0000 0.0000
vn -1.0000 0.0000 0.0000
vn 1.0000 0.0000 0.0000
vn 0.9659 0.2588 0.0000
vn 0.7071 0.7071 0.0000
vn 0.2588 0.9659 0.0000
vn -0.2588 0.9659 0.0000
vn -0.7071 0.7071 0.0000
vn -0.9659 0.2588 0.0000
vn -0.9659 -0.2588 0.0000
vn -0.7071 -0.7071 0.0000
vn -0.2588 -0.9659 0.0000
vn 0.2588 -0.9659 0.0000
vn 0.7071 -0.7071 0.0000
vn -0.9659 0.2588 0.0000
vn 0.0000 0.0000 1.0000
vn 0.0000 0.0000 -1.0000
vn 0.0000 0.0000 1.0000
vn 0.0000 0.0000 -1.0000
vn 0.0000 0.0000 1.0000
vn 0.0000 0.0000 -1.0000
vn 0.0000 0.0000 1.0000
vn 0.0000 0.0000 -1.0000
vn 0.0000 0.0000 1.0000
vn 0.0000 0.0000 -1.0000
vn 0.0000 0.0000 1.0000
vn 0.0000 0.0000 -1.0000
vn 0.0000 0.0000 1.0000
vn 0.0000 0.0000 -1.0000
vn 0.0000 0.0000 1.0000
vn 0.0000 0.0000 -1.0000
vn 0.0000 0.0000 1.0000
vn 0.0000 0.0000 -1.0000
vn 0.0000 0.0000 1.0000
vn 0.0000 0.0000 -1.0000
vn 0.0000 0.0000 1.0000
vn 0.0000 0.0000 -1.0000
vn 0.0000 0.0000 1.0000
vn 0.0000 0.0000 -1.0000
vn 0.9659 0.2588 0.0000
vn 0.7071 0.7071 0.0000
vn 0.2588 0.9659 0.0000
vn -0.2588 0.9659 0.0000
vn -0.7071 0.7071 0.0000
vn -0.9659 0.2588 0.0000
vn -0.9659 -0.2588 0.0000
vn -0.7071 -0.7071 0.0000
vn -0.2588 -0.9659 0.0000
vn 0.2588 -0.9659 0.0000
vn 0.7071 -0.7071 0.0000
vn -0.9659 0.2588 0.0000
vn 0.9659 0.2588 0.0000
vn 0.7071 0.7071 0.0000
vn 0.2588 0.9659 0.0000
vn -0.2588 0.9659 0.0000
vn -0.7071 0.7071 0.0000
vn -0.9659 0.2588 0.0000
vn -0.9659 -0.2588 0.0000
vn -0.7071 -0.7071 0.0000
vn -0.2588 -0.9659 0.0000
vn 0.2588 -0.9659 0.0000
vn 0.7071 -0.7071 0.0000
vn -0.9659 0.2588 0.0000
vn 0.0000 0.0000 1.0000
vn 0.0000 0.0000 -1.0000
vn 0.0000 0.0000 1.0000
vn 0.0000 0.0000 -1.0000
vn 0.0000 0.0000 1.0000
vn 0.0000 0.0000 -1.0000
vn 0.0000 0.0000 1.0000
vn 0.0000 0.0000 -1.0000
vn 0.0000 0.0000 1.0000
vn 0.0000 0.0000 -1.0000
vn 0.0000 0.0000 1.0000
vn 0.0000 0.0000 -1.0000
vn 0.0000 0.0000 1.0000
vn 0.0000 0.0000 -1.0000
vn 0.0000 0.0000 1.0000
vn 0.0000 0.0000 -1.0000
vn 0.0000 0.0000 1.0000
vn 0.0000 0.0000 -1.0000
vn 0.0000 0.0000 1.0000
vn 0.0000 0.0000 -1.0000
vn 0.0000 0.0000 1.0000
vn 0.0000 0.0000 -1.0000
vn 0.0000 0.0000 1.0000
vn 0.0000 0.0000 -1.0000
vn 0.0000 0.0000 1.0000
vn 0.0000 0.0000 -1.0000
vn 0.0000 1.0000 0.0000
vn 0.0000 -1.0000 0.0000
vn -1.0000 0.0000 0.0000
vn 1.0000 0.0000 0.0000
vn 0.0000 0.0000 1.0000
vn 0.0000 0.0000 -1.0000
vn 0.0000 1.0000 0.0000
vn 0.0000 -1.0000 0.0000
vn -1.0000 0.0000 0.0000
vn 1.0000 0.0000 0.0000
vn 0.0000 0.0000 1.0000
vn 0.0000 0.0000 -1.0000
vn 0.0000 1.0000 0.0000
vn 0.0000 -1.0000 0.0000
vn -1.0000 0.0000 0.0000
vn 1.0000 0.0000 0.0000
vn 0.0000 0.0000 1.0000
vn 0.0000 0.0000 -1.0000
vn 0.0000 1.0000 0.0000
vn 0.0000 -1.0000 0.0000
vn -1.0000 0.0000 0.0000
vn 1.0000 0.0000 0.0000
vn 0.0000 0.0000 1.0000
vn 0.0000 0.0000 -1.0000
vn 0.0000 1.0000 0.0000
vn 0.0000 -1.0000 0.0000
vn -1.0000 0.0000 0.0000
vn 1.0000 0.0000 0.0000
vn 0.0000 0.0000 1.0000
vn 0.0000 0.0000 -1.0000
vn 0.0000 1.0000 0.0000
vn 0.0000 -1.0000 0.0000
vn -1.0000 0.0000 0.0000
vn 1.0000 0.0000 0.0000
vn 0.0000 0.0000 1.0000
vn 0.0000 0.0000 -1.0000
vn 0.0000 1.0000 0.0000
vn 0.0000 -1.0000 0.0000
vn -1.0000 0.0000 0.0000
vn 1.0000 0.0000 0.0000
vn 0.0000 0.0000 1.0000
vn 0.0000 0.0000 -1.0000
vn 0.0000 1.0000 0.0000
vn 0.0000 -1.0000 0.0000
vn -1.0000 0.0000 0.0000
vn 1.0000 0.0000 0.0000
vn 0.0000 0.0000 1.0000
vn 0.0000 0.0000 -1.0000
vn 0.0000 1.0000 0.0000
vn 0.0000 -1.0000 0.0000
vn -1.0000 0.0000 0.0000
vn 1.0000 0.0000 0.0000
vn 0.0000 0.0000 1.0000
vn 0.0000 0.0000 -1.0000
vn 0.0000 1.0000 0.0000
vn 0.0000 -1.0000 0.0000
vn -1.0000 0.0000 0.0000
vn 1.0000 0.0000 0.0000
vn 0.0000 0.0000 1.0000
vn 0.0000 0.0000 -1.0000
vn 0.0000 1.0000 0.0000
vn 0.0000 -1.0000 0.0000
vn -1.0000 0.0000 0.0000
vn 1.0000 0.0000 0.0000
vn 0.0000 0.0000 1.0000
vn 0.0000 0.0000 -1.0000
vn 0.0000 1.0000 0.0000
vn 0.0000 -1.0000 0.0000
vn -1.0000 0.0000 0.0000
vn 1.0000 0.0000 0.0000
vn 0.0000 0.0000 1.0000
vn 0.0000 0.0000 -1.0000
vn 0.0000 1.0000 0.0000
vn 0.0000 -1.0000 0.0000
vn -1.0000 0.0000 0.0000
vn 1.0000 0.0000 0.0000
vn 0.0000 0.0000 1.0000
vn 0.0000 0.0000 -1.0000
vn 0.0000 1.0000 0.0000
vn 0.0000 -1.0000 0.0000
vn -1.0000 0.0000 0.0000
vn 1.0000 0.0000 0.0000
vn 0.0000 0.0000 1.0000
vn 0.0000 0.0000 -1.0000
vn 0.0000 1.0000 0.0000
vn 0.0000 -1.0000 0.0000
vn -1.0000 0.0000 0.0000
vn 1.0000 0.0000 0.0000
vn 0.0000 0.0000 1.0000
vn 0.0000 0.0000 -1.0000
vn 0.0000 1.0000 0.0000
vn 0.0000 -1.0000 0.0000
vn -1.0000 0.0000 0.0000
vn 1.0000 0.0000 0.0000
vn 0.0000 0.0000 1.0000
vn 0.0000 0.0000 -1.0000
vn 0.0000 1.0000 0.0000
vn 0.0000 -1.0000 0.0000
vn -1.0000 0.0000 0.0000
vn 1.0000 0.0000 0.0000
vn 0.0000 0.0000 1.0000
vn 0.0000 0.0000 -1.0000
vn 0.0000 1.0000 0.0000
vn 0.0000 -1.0000 0.0000
vn -1.0000 0.0000 0.0000
vn 1.0000 0.0000 0.0000
vn 0.0000 0.0000 1.0000
vn 0.0000 0.0000 -1.0000
vn 0.0000 1.0000 0.0000
vn 0.0000 -1.0000 0.0000
vn -1.0000 0.0000 0.0000
vn 1.0000 0.0000 0.0000
vn 0.0000 0.0000 1.0000
vn 0.0000 0.0000 -1.0000
vn 0.0000 1.0000 0.0000
vn 0.0000 -1.0000 0.0000
vn -1.0000 0.0000 0.0000
vn 1.0000 0.0000 0.0000
vn 0.0000 0.0000 1.0000
vn 0.0000 0.0000 -1.0000
vn 0.0000 1.0000 0.0000
vn 0.0000 -1.0000 0.0000
vn -1.0000 0.0000 0.0000
vn 1.0000 0.0000 0.0000
vn 0.0000 0.0000 1.0000
vn 0.0000 0.0000 -1.0000
vn 0.0000 1.0000 0.0000
vn 0.0000 -1.0000 0.0000
vn -1.0000 0.0000 0.0000
vn 1.0000 0.0000 0.0000
vn 0.0000 0.0000 1.0000
vn 0.0000 0.0000 -1.0000
vn 0.0000 1.0000 0.0000
vn 0.0000 -1.0000 0.0000
vn -1.0000 0.0000 0.0000
vn 1.0000 0.0000 0.0000
vn 0.0000 0.0000 1.0000
vn 0.0000 0.0000 -1.0000
vn 0.0000 1.0000 0.0000
vn 0.0000 -1.0000 0.0000
vn -1.0000 0.0000 0.0000
vn 1.0000 0.0000 0.0000
vn 0.0000 0.0000 1.0000
vn 0.0000 0.0000 -1.0000
vn 0.0000 1.0000 0.0000
vn 0.0000 -1.0000 0.0000
vn -1.0000 0.0000 0.0000
vn 1.0000 0.0000 0.0000

usemtl Quay_Curb
f 1/1/1 2/2/1 3/3/1
f 1/1/1 3/3/1 4/4/1
f 5/5/2 6/6/2 7/7/2
f 5/5/2 7/7/2 8/8/2
f 9/9/3 10/10/3 11/11/3
f 9/9/3 11/11/3 12/12/3
f 13/13/4 14/14/4 15/15/4
f 13/13/4 15/15/4 16/16/4
f 17/17/5 18/18/5 19/19/5
f 17/17/5 19/19/5 20/20/5
usemtl Quay_Deck
f 21/21/6 22/22/6 23/23/6
f 21/21/6 23/23/6 24/24/6
f 25/25/7 26/26/7 27/27/7
f 25/25/7 27/27/7 28/28/7
f 29/29/8 30/30/8 31/31/8
f 29/29/8 31/31/8 32/32/8
usemtl Quay_Wall_Upper
f 33/33/9 34/34/9 35/35/9
f 33/33/9 35/35/9 36/36/9
usemtl Quay_Wall_Tidal
f 37/37/10 38/38/10 39/39/10
f 37/37/10 39/39/10 40/40/10
usemtl Quay_Wall_Submerged
f 41/41/11 42/42/11 43/43/11
f 41/41/11 43/43/11 44/44/11
usemtl Quay_Wall_Upper
f 45/45/12 46/46/12 47/47/12
f 45/45/12 47/47/12 48/48/12
usemtl Quay_Wall_Tidal
f 49/49/13 50/50/13 51/51/13
f 49/49/13 51/51/13 52/52/13
usemtl Quay_Wall_Submerged
f 53/53/14 54/54/14 55/55/14
f 53/53/14 55/55/14 56/56/14
f 57/57/15 58/58/15 59/59/15
f 57/57/15 59/59/15 60/60/15
f 61/61/16 62/62/16 63/63/16
f 61/61/16 63/63/16 64/64/16
f 65/65/17 66/66/17 67/67/17
f 65/65/17 67/67/17 68/68/17
f 69/69/18 70/70/18 71/71/18
f 69/69/18 71/71/18 72/72/18
f 73/73/19 74/74/19 75/75/19
f 73/73/19 75/75/19 76/76/19
f 77/77/20 78/78/20 79/79/20
f 77/77/20 79/79/20 80/80/20
usemtl Fender_Rubber
f 81/81/21 82/82/21 83/83/21
f 81/81/21 83/83/21 84/84/21
f 85/85/22 86/86/22 87/87/22
f 85/85/22 87/87/22 88/88/22
f 89/89/23 90/90/23 91/91/23
f 89/89/23 91/91/23 92/92/23
f 93/93/24 94/94/24 95/95/24
f 93/93/24 95/95/24 96/96/24
f 97/97/25 98/98/25 99/99/25
f 97/97/25 99/99/25 100/100/25
f 101/101/26 102/102/26 103/103/26
f 101/101/26 103/103/26 104/104/26
f 105/105/27 106/106/27 107/107/27
f 105/105/27 107/107/27 108/108/27
f 109/109/28 110/110/28 111/111/28
f 109/109/28 111/111/28 112/112/28
f 113/113/29 114/114/29 115/115/29
f 116/116/30 117/117/30 118/118/30
f 119/119/31 120/120/31 121/121/31
f 122/122/32 123/123/32 124/124/32
f 125/125/33 126/126/33 127/127/33
f 128/128/34 129/129/34 130/130/34
f 131/131/35 132/132/35 133/133/35
f 134/134/36 135/135/36 136/136/36
f 137/137/37 138/138/37 139/139/37
f 140/140/38 141/141/38 142/142/38
f 143/143/39 144/144/39 145/145/39
f 146/146/40 147/147/40 148/148/40
f 149/149/41 150/150/41 151/151/41
f 152/152/42 153/153/42 154/154/42
f 155/155/43 156/156/43 157/157/43
f 158/158/44 159/159/44 160/160/44
f 161/161/45 162/162/45 163/163/45
f 161/161/45 163/163/45 164/164/45
f 165/165/46 166/166/46 167/167/46
f 165/165/46 167/167/46 168/168/46
f 169/169/47 170/170/47 171/171/47
f 169/169/47 171/171/47 172/172/47
f 173/173/48 174/174/48 175/175/48
f 173/173/48 175/175/48 176/176/48
f 177/177/49 178/178/49 179/179/49
f 177/177/49 179/179/49 180/180/49
f 181/181/50 182/182/50 183/183/50
f 181/181/50 183/183/50 184/184/50
f 185/185/51 186/186/51 187/187/51
f 185/185/51 187/187/51 188/188/51
f 189/189/52 190/190/52 191/191/52
f 189/189/52 191/191/52 192/192/52
f 193/193/53 194/194/53 195/195/53
f 196/196/54 197/197/54 198/198/54
f 199/199/55 200/200/55 201/201/55
f 202/202/56 203/203/56 204/204/56
f 205/205/57 206/206/57 207/207/57
f 208/208/58 209/209/58 210/210/58
f 211/211/59 212/212/59 213/213/59
f 214/214/60 215/215/60 216/216/60
f 217/217/61 218/218/61 219/219/61
f 220/220/62 221/221/62 222/222/62
f 223/223/63 224/224/63 225/225/63
f 226/226/64 227/227/64 228/228/64
f 229/229/65 230/230/65 231/231/65
f 232/232/66 233/233/66 234/234/66
f 235/235/67 236/236/67 237/237/67
f 238/238/68 239/239/68 240/240/68
f 241/241/69 242/242/69 243/243/69
f 241/241/69 243/243/69 244/244/69
f 245/245/70 246/246/70 247/247/70
f 245/245/70 247/247/70 248/248/70
f 249/249/71 250/250/71 251/251/71
f 249/249/71 251/251/71 252/252/71
f 253/253/72 254/254/72 255/255/72
f 253/253/72 255/255/72 256/256/72
f 257/257/73 258/258/73 259/259/73
f 257/257/73 259/259/73 260/260/73
f 261/261/74 262/262/74 263/263/74
f 261/261/74 263/263/74 264/264/74
f 265/265/75 266/266/75 267/267/75
f 265/265/75 267/267/75 268/268/75
f 269/269/76 270/270/76 271/271/76
f 269/269/76 271/271/76 272/272/76
f 273/273/77 274/274/77 275/275/77
f 276/276/78 277/277/78 278/278/78
f 279/279/79 280/280/79 281/281/79
f 282/282/80 283/283/80 284/284/80
f 285/285/81 286/286/81 287/287/81
f 288/288/82 289/289/82 290/290/82
f 291/291/83 292/292/83 293/293/83
f 294/294/84 295/295/84 296/296/84
f 297/297/85 298/298/85 299/299/85
f 300/300/86 301/301/86 302/302/86
f 303/303/87 304/304/87 305/305/87
f 306/306/88 307/307/88 308/308/88
f 309/309/89 310/310/89 311/311/89
f 312/312/90 313/313/90 314/314/90
f 315/315/91 316/316/91 317/317/91
f 318/318/92 319/319/92 320/320/92
f 321/321/93 322/322/93 323/323/93
f 321/321/93 323/323/93 324/324/93
f 325/325/94 326/326/94 327/327/94
f 325/325/94 327/327/94 328/328/94
f 329/329/95 330/330/95 331/331/95
f 329/329/95 331/331/95 332/332/95
f 333/333/96 334/334/96 335/335/96
f 333/333/96 335/335/96 336/336/96
f 337/337/97 338/338/97 339/339/97
f 337/337/97 339/339/97 340/340/97
f 341/341/98 342/342/98 343/343/98
f 341/341/98 343/343/98 344/344/98
f 345/345/99 346/346/99 347/347/99
f 345/345/99 347/347/99 348/348/99
f 349/349/100 350/350/100 351/351/100
f 349/349/100 351/351/100 352/352/100
f 353/353/101 354/354/101 355/355/101
f 356/356/102 357/357/102 358/358/102
f 359/359/103 360/360/103 361/361/103
f 362/362/104 363/363/104 364/364/104
f 365/365/105 366/366/105 367/367/105
f 368/368/106 369/369/106 370/370/106
f 371/371/107 372/372/107 373/373/107
f 374/374/108 375/375/108 376/376/108
f 377/377/109 378/378/109 379/379/109
f 380/380/110 381/381/110 382/382/110
f 383/383/111 384/384/111 385/385/111
f 386/386/112 387/387/112 388/388/112
f 389/389/113 390/390/113 391/391/113
f 392/392/114 393/393/114 394/394/114
f 395/395/115 396/396/115 397/397/115
f 398/398/116 399/399/116 400/400/116
f 401/401/117 402/402/117 403/403/117
f 401/401/117 403/403/117 404/404/117
f 405/405/118 406/406/118 407/407/118
f 405/405/118 407/407/118 408/408/118
f 409/409/119 410/410/119 411/411/119
f 409/409/119 411/411/119 412/412/119
f 413/413/120 414/414/120 415/415/120
f 413/413/120 415/415/120 416/416/120
f 417/417/121 418/418/121 419/419/121
f 417/417/121 419/419/121 420/420/121
f 421/421/122 422/422/122 423/423/122
f 421/421/122 423/423/122 424/424/122
f 425/425/123 426/426/123 427/427/123
f 425/425/123 427/427/123 428/428/123
f 429/429/124 430/430/124 431/431/124
f 429/429/124 431/431/124 432/432/124
f 433/433/125 434/434/125 435/435/125
f 436/436/126 437/437/126 438/438/126
f 439/439/127 440/440/127 441/441/127
f 442/442/128 443/443/128 444/444/128
f 445/445/129 446/446/129 447/447/129
f 448/448/130 449/449/130 450/450/130
f 451/451/131 452/452/131 453/453/131
f 454/454/132 455/455/132 456/456/132
f 457/457/133 458/458/133 459/459/133
f 460/460/134 461/461/134 462/462/134
f 463/463/135 464/464/135 465/465/135
f 466/466/136 467/467/136 468/468/136
f 469/469/137 470/470/137 471/471/137
f 472/472/138 473/473/138 474/474/138
f 475/475/139 476/476/139 477/477/139
f 478/478/140 479/479/140 480/480/140
f 481/481/141 482/482/141 483/483/141
f 481/481/141 483/483/141 484/484/141
f 485/485/142 486/486/142 487/487/142
f 485/485/142 487/487/142 488/488/142
f 489/489/143 490/490/143 491/491/143
f 489/489/143 491/491/143 492/492/143
f 493/493/144 494/494/144 495/495/144
f 493/493/144 495/495/144 496/496/144
f 497/497/145 498/498/145 499/499/145
f 497/497/145 499/499/145 500/500/145
f 501/501/146 502/502/146 503/503/146
f 501/501/146 503/503/146 504/504/146
f 505/505/147 506/506/147 507/507/147
f 505/505/147 507/507/147 508/508/147
f 509/509/148 510/510/148 511/511/148
f 509/509/148 511/511/148 512/512/148
f 513/513/149 514/514/149 515/515/149
f 516/516/150 517/517/150 518/518/150
f 519/519/151 520/520/151 521/521/151
f 522/522/152 523/523/152 524/524/152
f 525/525/153 526/526/153 527/527/153
f 528/528/154 529/529/154 530/530/154
f 531/531/155 532/532/155 533/533/155
f 534/534/156 535/535/156 536/536/156
f 537/537/157 538/538/157 539/539/157
f 540/540/158 541/541/158 542/542/158
f 543/543/159 544/544/159 545/545/159
f 546/546/160 547/547/160 548/548/160
f 549/549/161 550/550/161 551/551/161
f 552/552/162 553/553/162 554/554/162
f 555/555/163 556/556/163 557/557/163
f 558/558/164 559/559/164 560/560/164
usemtl Bollard_CastIron
f 561/561/165 562/562/165 563/563/165
f 561/561/165 563/563/165 564/564/165
f 565/565/166 566/566/166 567/567/166
f 565/565/166 567/567/166 568/568/166
f 569/569/167 570/570/167 571/571/167
f 569/569/167 571/571/167 572/572/167
f 573/573/168 574/574/168 575/575/168
f 573/573/168 575/575/168 576/576/168
f 577/577/169 578/578/169 579/579/169
f 577/577/169 579/579/169 580/580/169
f 581/581/170 582/582/170 583/583/170
f 581/581/170 583/583/170 584/584/170
f 585/585/171 586/586/171 587/587/171
f 585/585/171 587/587/171 588/588/171
f 589/589/172 590/590/172 591/591/172
f 589/589/172 591/591/172 592/592/172
f 593/593/173 594/594/173 595/595/173
f 593/593/173 595/595/173 596/596/173
f 597/597/174 598/598/174 599/599/174
f 597/597/174 599/599/174 600/600/174
f 601/601/175 602/602/175 603/603/175
f 601/601/175 603/603/175 604/604/175
f 605/605/176 606/606/176 607/607/176
f 605/605/176 607/607/176 608/608/176
f 609/609/177 610/610/177 611/611/177
f 612/612/178 613/613/178 614/614/178
f 615/615/179 616/616/179 617/617/179
f 618/618/180 619/619/180 620/620/180
f 621/621/181 622/622/181 623/623/181
f 624/624/182 625/625/182 626/626/182
f 627/627/183 628/628/183 629/629/183
f 630/630/184 631/631/184 632/632/184
f 633/633/185 634/634/185 635/635/185
f 636/636/186 637/637/186 638/638/186
f 639/639/187 640/640/187 641/641/187
f 642/642/188 643/643/188 644/644/188
f 645/645/189 646/646/189 647/647/189
f 648/648/190 649/649/190 650/650/190
f 651/651/191 652/652/191 653/653/191
f 654/654/192 655/655/192 656/656/192
f 657/657/193 658/658/193 659/659/193
f 660/660/194 661/661/194 662/662/194
f 663/663/195 664/664/195 665/665/195
f 666/666/196 667/667/196 668/668/196
f 669/669/197 670/670/197 671/671/197
f 672/672/198 673/673/198 674/674/198
f 675/675/199 676/676/199 677/677/199
f 678/678/200 679/679/200 680/680/200
f 681/681/201 682/682/201 683/683/201
f 681/681/201 683/683/201 684/684/201
f 685/685/202 686/686/202 687/687/202
f 685/685/202 687/687/202 688/688/202
f 689/689/203 690/690/203 691/691/203
f 689/689/203 691/691/203 692/692/203
f 693/693/204 694/694/204 695/695/204
f 693/693/204 695/695/204 696/696/204
f 697/697/205 698/698/205 699/699/205
f 697/697/205 699/699/205 700/700/205
f 701/701/206 702/702/206 703/703/206
f 701/701/206 703/703/206 704/704/206
f 705/705/207 706/706/207 707/707/207
f 705/705/207 707/707/207 708/708/207
f 709/709/208 710/710/208 711/711/208
f 709/709/208 711/711/208 712/712/208
f 713/713/209 714/714/209 715/715/209
f 713/713/209 715/715/209 716/716/209
f 717/717/210 718/718/210 719/719/210
f 717/717/210 719/719/210 720/720/210
f 721/721/211 722/722/211 723/723/211
f 721/721/211 723/723/211 724/724/211
f 725/725/212 726/726/212 727/727/212
f 725/725/212 727/727/212 728/728/212
f 729/729/213 730/730/213 731/731/213
f 729/729/213 731/731/213 732/732/213
f 733/733/214 734/734/214 735/735/214
f 733/733/214 735/735/214 736/736/214
f 737/737/215 738/738/215 739/739/215
f 737/737/215 739/739/215 740/740/215
f 741/741/216 742/742/216 743/743/216
f 741/741/216 743/743/216 744/744/216
f 745/745/217 746/746/217 747/747/217
f 745/745/217 747/747/217 748/748/217
f 749/749/218 750/750/218 751/751/218
f 749/749/218 751/751/218 752/752/218
f 753/753/219 754/754/219 755/755/219
f 753/753/219 755/755/219 756/756/219
f 757/757/220 758/758/220 759/759/220
f 757/757/220 759/759/220 760/760/220
f 761/761/221 762/762/221 763/763/221
f 761/761/221 763/763/221 764/764/221
f 765/765/222 766/766/222 767/767/222
f 765/765/222 767/767/222 768/768/222
f 769/769/223 770/770/223 771/771/223
f 769/769/223 771/771/223 772/772/223
f 773/773/224 774/774/224 775/775/224
f 773/773/224 775/775/224 776/776/224
f 777/777/225 778/778/225 779/779/225
f 780/780/226 781/781/226 782/782/226
f 783/783/227 784/784/227 785/785/227
f 786/786/228 787/787/228 788/788/228
f 789/789/229 790/790/229 791/791/229
f 792/792/230 793/793/230 794/794/230
f 795/795/231 796/796/231 797/797/231
f 798/798/232 799/799/232 800/800/232
f 801/801/233 802/802/233 803/803/233
f 804/804/234 805/805/234 806/806/234
f 807/807/235 808/808/235 809/809/235
f 810/810/236 811/811/236 812/812/236
f 813/813/237 814/814/237 815/815/237
f 816/816/238 817/817/238 818/818/238
f 819/819/239 820/820/239 821/821/239
f 822/822/240 823/823/240 824/824/240
f 825/825/241 826/826/241 827/827/241
f 828/828/242 829/829/242 830/830/242
f 831/831/243 832/832/243 833/833/243
f 834/834/244 835/835/244 836/836/244
f 837/837/245 838/838/245 839/839/245
f 840/840/246 841/841/246 842/842/246
f 843/843/247 844/844/247 845/845/247
f 846/846/248 847/847/248 848/848/248
f 849/849/249 850/850/249 851/851/249
f 849/849/249 851/851/249 852/852/249
f 853/853/250 854/854/250 855/855/250
f 853/853/250 855/855/250 856/856/250
f 857/857/251 858/858/251 859/859/251
f 857/857/251 859/859/251 860/860/251
f 861/861/252 862/862/252 863/863/252
f 861/861/252 863/863/252 864/864/252
f 865/865/253 866/866/253 867/867/253
f 865/865/253 867/867/253 868/868/253
f 869/869/254 870/870/254 871/871/254
f 869/869/254 871/871/254 872/872/254
f 873/873/255 874/874/255 875/875/255
f 873/873/255 875/875/255 876/876/255
f 877/877/256 878/878/256 879/879/256
f 877/877/256 879/879/256 880/880/256
f 881/881/257 882/882/257 883/883/257
f 881/881/257 883/883/257 884/884/257
f 885/885/258 886/886/258 887/887/258
f 885/885/258 887/887/258 888/888/258
f 889/889/259 890/890/259 891/891/259
f 889/889/259 891/891/259 892/892/259
f 893/893/260 894/894/260 895/895/260
f 893/893/260 895/895/260 896/896/260
f 897/897/261 898/898/261 899/899/261
f 897/897/261 899/899/261 900/900/261
f 901/901/262 902/902/262 903/903/262
f 901/901/262 903/903/262 904/904/262
f 905/905/263 906/906/263 907/907/263
f 905/905/263 907/907/263 908/908/263
f 909/909/264 910/910/264 911/911/264
f 909/909/264 911/911/264 912/912/264
f 913/913/265 914/914/265 915/915/265
f 913/913/265 915/915/265 916/916/265
f 917/917/266 918/918/266 919/919/266
f 917/917/266 919/919/266 920/920/266
f 921/921/267 922/922/267 923/923/267
f 924/924/268 925/925/268 926/926/268
f 927/927/269 928/928/269 929/929/269
f 930/930/270 931/931/270 932/932/270
f 933/933/271 934/934/271 935/935/271
f 936/936/272 937/937/272 938/938/272
f 939/939/273 940/940/273 941/941/273
f 942/942/274 943/943/274 944/944/274
f 945/945/275 946/946/275 947/947/275
f 948/948/276 949/949/276 950/950/276
f 951/951/277 952/952/277 953/953/277
f 954/954/278 955/955/278 956/956/278
f 957/957/279 958/958/279 959/959/279
f 960/960/280 961/961/280 962/962/280
f 963/963/281 964/964/281 965/965/281
f 966/966/282 967/967/282 968/968/282
f 969/969/283 970/970/283 971/971/283
f 972/972/284 973/973/284 974/974/284
f 975/975/285 976/976/285 977/977/285
f 978/978/286 979/979/286 980/980/286
f 981/981/287 982/982/287 983/983/287
f 984/984/288 985/985/288 986/986/288
f 987/987/289 988/988/289 989/989/289
f 990/990/290 991/991/290 992/992/290
f 993/993/291 994/994/291 995/995/291
f 993/993/291 995/995/291 996/996/291
f 997/997/292 998/998/292 999/999/292
f 997/997/292 999/999/292 1000/1000/292
f 1001/1001/293 1002/1002/293 1003/1003/293
f 1001/1001/293 1003/1003/293 1004/1004/293
f 1005/1005/294 1006/1006/294 1007/1007/294
f 1005/1005/294 1007/1007/294 1008/1008/294
f 1009/1009/295 1010/1010/295 1011/1011/295
f 1009/1009/295 1011/1011/295 1012/1012/295
f 1013/1013/296 1014/1014/296 1015/1015/296
f 1013/1013/296 1015/1015/296 1016/1016/296
f 1017/1017/297 1018/1018/297 1019/1019/297
f 1017/1017/297 1019/1019/297 1020/1020/297
f 1021/1021/298 1022/1022/298 1023/1023/298
f 1021/1021/298 1023/1023/298 1024/1024/298
f 1025/1025/299 1026/1026/299 1027/1027/299
f 1025/1025/299 1027/1027/299 1028/1028/299
f 1029/1029/300 1030/1030/300 1031/1031/300
f 1029/1029/300 1031/1031/300 1032/1032/300
f 1033/1033/301 1034/1034/301 1035/1035/301
f 1033/1033/301 1035/1035/301 1036/1036/301
f 1037/1037/302 1038/1038/302 1039/1039/302
f 1037/1037/302 1039/1039/302 1040/1040/302
f 1041/1041/303 1042/1042/303 1043/1043/303
f 1041/1041/303 1043/1043/303 1044/1044/303
f 1045/1045/304 1046/1046/304 1047/1047/304
f 1045/1045/304 1047/1047/304 1048/1048/304
f 1049/1049/305 1050/1050/305 1051/1051/305
f 1049/1049/305 1051/1051/305 1052/1052/305
f 1053/1053/306 1054/1054/306 1055/1055/306
f 1053/1053/306 1055/1055/306 1056/1056/306
f 1057/1057/307 1058/1058/307 1059/1059/307
f 1057/1057/307 1059/1059/307 1060/1060/307
f 1061/1061/308 1062/1062/308 1063/1063/308
f 1061/1061/308 1063/1063/308 1064/1064/308
f 1065/1065/309 1066/1066/309 1067/1067/309
f 1065/1065/309 1067/1067/309 1068/1068/309
f 1069/1069/310 1070/1070/310 1071/1071/310
f 1069/1069/310 1071/1071/310 1072/1072/310
f 1073/1073/311 1074/1074/311 1075/1075/311
f 1073/1073/311 1075/1075/311 1076/1076/311
f 1077/1077/312 1078/1078/312 1079/1079/312
f 1077/1077/312 1079/1079/312 1080/1080/312
f 1081/1081/313 1082/1082/313 1083/1083/313
f 1081/1081/313 1083/1083/313 1084/1084/313
f 1085/1085/314 1086/1086/314 1087/1087/314
f 1085/1085/314 1087/1087/314 1088/1088/314
f 1089/1089/315 1090/1090/315 1091/1091/315
f 1092/1092/316 1093/1093/316 1094/1094/316
f 1095/1095/317 1096/1096/317 1097/1097/317
f 1098/1098/318 1099/1099/318 1100/1100/318
f 1101/1101/319 1102/1102/319 1103/1103/319
f 1104/1104/320 1105/1105/320 1106/1106/320
f 1107/1107/321 1108/1108/321 1109/1109/321
f 1110/1110/322 1111/1111/322 1112/1112/322
f 1113/1113/323 1114/1114/323 1115/1115/323
f 1116/1116/324 1117/1117/324 1118/1118/324
f 1119/1119/325 1120/1120/325 1121/1121/325
f 1122/1122/326 1123/1123/326 1124/1124/326
f 1125/1125/327 1126/1126/327 1127/1127/327
f 1128/1128/328 1129/1129/328 1130/1130/328
f 1131/1131/329 1132/1132/329 1133/1133/329
f 1134/1134/330 1135/1135/330 1136/1136/330
f 1137/1137/331 1138/1138/331 1139/1139/331
f 1140/1140/332 1141/1141/332 1142/1142/332
f 1143/1143/333 1144/1144/333 1145/1145/333
f 1146/1146/334 1147/1147/334 1148/1148/334
f 1149/1149/335 1150/1150/335 1151/1151/335
f 1152/1152/336 1153/1153/336 1154/1154/336
f 1155/1155/337 1156/1156/337 1157/1157/337
f 1158/1158/338 1159/1159/338 1160/1160/338
f 1161/1161/339 1162/1162/339 1163/1163/339
f 1161/1161/339 1163/1163/339 1164/1164/339
f 1165/1165/340 1166/1166/340 1167/1167/340
f 1165/1165/340 1167/1167/340 1168/1168/340
f 1169/1169/341 1170/1170/341 1171/1171/341
f 1169/1169/341 1171/1171/341 1172/1172/341
f 1173/1173/342 1174/1174/342 1175/1175/342
f 1173/1173/342 1175/1175/342 1176/1176/342
f 1177/1177/343 1178/1178/343 1179/1179/343
f 1177/1177/343 1179/1179/343 1180/1180/343
f 1181/1181/344 1182/1182/344 1183/1183/344
f 1181/1181/344 1183/1183/344 1184/1184/344
f 1185/1185/345 1186/1186/345 1187/1187/345
f 1185/1185/345 1187/1187/345 1188/1188/345
f 1189/1189/346 1190/1190/346 1191/1191/346
f 1189/1189/346 1191/1191/346 1192/1192/346
f 1193/1193/347 1194/1194/347 1195/1195/347
f 1193/1193/347 1195/1195/347 1196/1196/347
f 1197/1197/348 1198/1198/348 1199/1199/348
f 1197/1197/348 1199/1199/348 1200/1200/348
f 1201/1201/349 1202/1202/349 1203/1203/349
f 1201/1201/349 1203/1203/349 1204/1204/349
f 1205/1205/350 1206/1206/350 1207/1207/350
f 1205/1205/350 1207/1207/350 1208/1208/350
f 1209/1209/351 1210/1210/351 1211/1211/351
f 1209/1209/351 1211/1211/351 1212/1212/351
f 1213/1213/352 1214/1214/352 1215/1215/352
f 1213/1213/352 1215/1215/352 1216/1216/352
f 1217/1217/353 1218/1218/353 1219/1219/353
f 1217/1217/353 1219/1219/353 1220/1220/353
f 1221/1221/354 1222/1222/354 1223/1223/354
f 1221/1221/354 1223/1223/354 1224/1224/354
f 1225/1225/355 1226/1226/355 1227/1227/355
f 1225/1225/355 1227/1227/355 1228/1228/355
f 1229/1229/356 1230/1230/356 1231/1231/356
f 1229/1229/356 1231/1231/356 1232/1232/356
f 1233/1233/357 1234/1234/357 1235/1235/357
f 1236/1236/358 1237/1237/358 1238/1238/358
f 1239/1239/359 1240/1240/359 1241/1241/359
f 1242/1242/360 1243/1243/360 1244/1244/360
f 1245/1245/361 1246/1246/361 1247/1247/361
f 1248/1248/362 1249/1249/362 1250/1250/362
f 1251/1251/363 1252/1252/363 1253/1253/363
f 1254/1254/364 1255/1255/364 1256/1256/364
f 1257/1257/365 1258/1258/365 1259/1259/365
f 1260/1260/366 1261/1261/366 1262/1262/366
f 1263/1263/367 1264/1264/367 1265/1265/367
f 1266/1266/368 1267/1267/368 1268/1268/368
f 1269/1269/369 1270/1270/369 1271/1271/369
f 1272/1272/370 1273/1273/370 1274/1274/370
f 1275/1275/371 1276/1276/371 1277/1277/371
f 1278/1278/372 1279/1279/372 1280/1280/372
f 1281/1281/373 1282/1282/373 1283/1283/373
f 1284/1284/374 1285/1285/374 1286/1286/374
f 1287/1287/375 1288/1288/375 1289/1289/375
f 1290/1290/376 1291/1291/376 1292/1292/376
f 1293/1293/377 1294/1294/377 1295/1295/377
f 1296/1296/378 1297/1297/378 1298/1298/378
f 1299/1299/379 1300/1300/379 1301/1301/379
f 1302/1302/380 1303/1303/380 1304/1304/380
f 1305/1305/381 1306/1306/381 1307/1307/381
f 1305/1305/381 1307/1307/381 1308/1308/381
f 1309/1309/382 1310/1310/382 1311/1311/382
f 1309/1309/382 1311/1311/382 1312/1312/382
f 1313/1313/383 1314/1314/383 1315/1315/383
f 1313/1313/383 1315/1315/383 1316/1316/383
f 1317/1317/384 1318/1318/384 1319/1319/384
f 1317/1317/384 1319/1319/384 1320/1320/384
f 1321/1321/385 1322/1322/385 1323/1323/385
f 1321/1321/385 1323/1323/385 1324/1324/385
f 1325/1325/386 1326/1326/386 1327/1327/386
f 1325/1325/386 1327/1327/386 1328/1328/386
f 1329/1329/387 1330/1330/387 1331/1331/387
f 1329/1329/387 1331/1331/387 1332/1332/387
f 1333/1333/388 1334/1334/388 1335/1335/388
f 1333/1333/388 1335/1335/388 1336/1336/388
f 1337/1337/389 1338/1338/389 1339/1339/389
f 1337/1337/389 1339/1339/389 1340/1340/389
f 1341/1341/390 1342/1342/390 1343/1343/390
f 1341/1341/390 1343/1343/390 1344/1344/390
f 1345/1345/391 1346/1346/391 1347/1347/391
f 1345/1345/391 1347/1347/391 1348/1348/391
f 1349/1349/392 1350/1350/392 1351/1351/392
f 1349/1349/392 1351/1351/392 1352/1352/392
f 1353/1353/393 1354/1354/393 1355/1355/393
f 1353/1353/393 1355/1355/393 1356/1356/393
f 1357/1357/394 1358/1358/394 1359/1359/394
f 1357/1357/394 1359/1359/394 1360/1360/394
f 1361/1361/395 1362/1362/395 1363/1363/395
f 1361/1361/395 1363/1363/395 1364/1364/395
f 1365/1365/396 1366/1366/396 1367/1367/396
f 1365/1365/396 1367/1367/396 1368/1368/396
f 1369/1369/397 1370/1370/397 1371/1371/397
f 1369/1369/397 1371/1371/397 1372/1372/397
f 1373/1373/398 1374/1374/398 1375/1375/398
f 1373/1373/398 1375/1375/398 1376/1376/398
f 1377/1377/399 1378/1378/399 1379/1379/399
f 1377/1377/399 1379/1379/399 1380/1380/399
f 1381/1381/400 1382/1382/400 1383/1383/400
f 1381/1381/400 1383/1383/400 1384/1384/400
f 1385/1385/401 1386/1386/401 1387/1387/401
f 1385/1385/401 1387/1387/401 1388/1388/401
f 1389/1389/402 1390/1390/402 1391/1391/402
f 1389/1389/402 1391/1391/402 1392/1392/402
f 1393/1393/403 1394/1394/403 1395/1395/403
f 1393/1393/403 1395/1395/403 1396/1396/403
f 1397/1397/404 1398/1398/404 1399/1399/404
f 1397/1397/404 1399/1399/404 1400/1400/404
f 1401/1401/405 1402/1402/405 1403/1403/405
f 1404/1404/406 1405/1405/406 1406/1406/406
f 1407/1407/407 1408/1408/407 1409/1409/407
f 1410/1410/408 1411/1411/408 1412/1412/408
f 1413/1413/409 1414/1414/409 1415/1415/409
f 1416/1416/410 1417/1417/410 1418/1418/410
f 1419/1419/411 1420/1420/411 1421/1421/411
f 1422/1422/412 1423/1423/412 1424/1424/412
f 1425/1425/413 1426/1426/413 1427/1427/413
f 1428/1428/414 1429/1429/414 1430/1430/414
f 1431/1431/415 1432/1432/415 1433/1433/415
f 1434/1434/416 1435/1435/416 1436/1436/416
f 1437/1437/417 1438/1438/417 1439/1439/417
f 1440/1440/418 1441/1441/418 1442/1442/418
f 1443/1443/419 1444/1444/419 1445/1445/419
f 1446/1446/420 1447/1447/420 1448/1448/420
f 1449/1449/421 1450/1450/421 1451/1451/421
f 1452/1452/422 1453/1453/422 1454/1454/422
f 1455/1455/423 1456/1456/423 1457/1457/423
f 1458/1458/424 1459/1459/424 1460/1460/424
f 1461/1461/425 1462/1462/425 1463/1463/425
f 1464/1464/426 1465/1465/426 1466/1466/426
f 1467/1467/427 1468/1468/427 1469/1469/427
f 1470/1470/428 1471/1471/428 1472/1472/428
f 1473/1473/429 1474/1474/429 1475/1475/429
f 1473/1473/429 1475/1475/429 1476/1476/429
f 1477/1477/430 1478/1478/430 1479/1479/430
f 1477/1477/430 1479/1479/430 1480/1480/430
f 1481/1481/431 1482/1482/431 1483/1483/431
f 1481/1481/431 1483/1483/431 1484/1484/431
f 1485/1485/432 1486/1486/432 1487/1487/432
f 1485/1485/432 1487/1487/432 1488/1488/432
f 1489/1489/433 1490/1490/433 1491/1491/433
f 1489/1489/433 1491/1491/433 1492/1492/433
f 1493/1493/434 1494/1494/434 1495/1495/434
f 1493/1493/434 1495/1495/434 1496/1496/434
f 1497/1497/435 1498/1498/435 1499/1499/435
f 1497/1497/435 1499/1499/435 1500/1500/435
f 1501/1501/436 1502/1502/436 1503/1503/436
f 1501/1501/436 1503/1503/436 1504/1504/436
f 1505/1505/437 1506/1506/437 1507/1507/437
f 1505/1505/437 1507/1507/437 1508/1508/437
f 1509/1509/438 1510/1510/438 1511/1511/438
f 1509/1509/438 1511/1511/438 1512/1512/438
f 1513/1513/439 1514/1514/439 1515/1515/439
f 1513/1513/439 1515/1515/439 1516/1516/439
f 1517/1517/440 1518/1518/440 1519/1519/440
f 1517/1517/440 1519/1519/440 1520/1520/440
f 1521/1521/441 1522/1522/441 1523/1523/441
f 1521/1521/441 1523/1523/441 1524/1524/441
f 1525/1525/442 1526/1526/442 1527/1527/442
f 1525/1525/442 1527/1527/442 1528/1528/442
f 1529/1529/443 1530/1530/443 1531/1531/443
f 1529/1529/443 1531/1531/443 1532/1532/443
f 1533/1533/444 1534/1534/444 1535/1535/444
f 1533/1533/444 1535/1535/444 1536/1536/444
f 1537/1537/445 1538/1538/445 1539/1539/445
f 1537/1537/445 1539/1539/445 1540/1540/445
f 1541/1541/446 1542/1542/446 1543/1543/446
f 1541/1541/446 1543/1543/446 1544/1544/446
f 1545/1545/447 1546/1546/447 1547/1547/447
f 1548/1548/448 1549/1549/448 1550/1550/448
f 1551/1551/449 1552/1552/449 1553/1553/449
f 1554/1554/450 1555/1555/450 1556/1556/450
f 1557/1557/451 1558/1558/451 1559/1559/451
f 1560/1560/452 1561/1561/452 1562/1562/452
f 1563/1563/453 1564/1564/453 1565/1565/453
f 1566/1566/454 1567/1567/454 1568/1568/454
f 1569/1569/455 1570/1570/455 1571/1571/455
f 1572/1572/456 1573/1573/456 1574/1574/456
f 1575/1575/457 1576/1576/457 1577/1577/457
f 1578/1578/458 1579/1579/458 1580/1580/458
f 1581/1581/459 1582/1582/459 1583/1583/459
f 1584/1584/460 1585/1585/460 1586/1586/460
f 1587/1587/461 1588/1588/461 1589/1589/461
f 1590/1590/462 1591/1591/462 1592/1592/462
f 1593/1593/463 1594/1594/463 1595/1595/463
f 1596/1596/464 1597/1597/464 1598/1598/464
f 1599/1599/465 1600/1600/465 1601/1601/465
f 1602/1602/466 1603/1603/466 1604/1604/466
f 1605/1605/467 1606/1606/467 1607/1607/467
f 1608/1608/468 1609/1609/468 1610/1610/468
f 1611/1611/469 1612/1612/469 1613/1613/469
f 1614/1614/470 1615/1615/470 1616/1616/470
f 1617/1617/471 1618/1618/471 1619/1619/471
f 1617/1617/471 1619/1619/471 1620/1620/471
f 1621/1621/472 1622/1622/472 1623/1623/472
f 1621/1621/472 1623/1623/472 1624/1624/472
f 1625/1625/473 1626/1626/473 1627/1627/473
f 1625/1625/473 1627/1627/473 1628/1628/473
f 1629/1629/474 1630/1630/474 1631/1631/474
f 1629/1629/474 1631/1631/474 1632/1632/474
f 1633/1633/475 1634/1634/475 1635/1635/475
f 1633/1633/475 1635/1635/475 1636/1636/475
f 1637/1637/476 1638/1638/476 1639/1639/476
f 1637/1637/476 1639/1639/476 1640/1640/476
f 1641/1641/477 1642/1642/477 1643/1643/477
f 1641/1641/477 1643/1643/477 1644/1644/477
f 1645/1645/478 1646/1646/478 1647/1647/478
f 1645/1645/478 1647/1647/478 1648/1648/478
f 1649/1649/479 1650/1650/479 1651/1651/479
f 1649/1649/479 1651/1651/479 1652/1652/479
f 1653/1653/480 1654/1654/480 1655/1655/480
f 1653/1653/480 1655/1655/480 1656/1656/480
f 1657/1657/481 1658/1658/481 1659/1659/481
f 1657/1657/481 1659/1659/481 1660/1660/481
f 1661/1661/482 1662/1662/482 1663/1663/482
f 1661/1661/482 1663/1663/482 1664/1664/482
f 1665/1665/483 1666/1666/483 1667/1667/483
f 1665/1665/483 1667/1667/483 1668/1668/483
f 1669/1669/484 1670/1670/484 1671/1671/484
f 1669/1669/484 1671/1671/484 1672/1672/484
f 1673/1673/485 1674/1674/485 1675/1675/485
f 1673/1673/485 1675/1675/485 1676/1676/485
f 1677/1677/486 1678/1678/486 1679/1679/486
f 1677/1677/486 1679/1679/486 1680/1680/486
f 1681/1681/487 1682/1682/487 1683/1683/487
f 1681/1681/487 1683/1683/487 1684/1684/487
f 1685/1685/488 1686/1686/488 1687/1687/488
f 1685/1685/488 1687/1687/488 1688/1688/488
f 1689/1689/489 1690/1690/489 1691/1691/489
f 1689/1689/489 1691/1691/489 1692/1692/489
f 1693/1693/490 1694/1694/490 1695/1695/490
f 1693/1693/490 1695/1695/490 1696/1696/490
f 1697/1697/491 1698/1698/491 1699/1699/491
f 1697/1697/491 1699/1699/491 1700/1700/491
f 1701/1701/492 1702/1702/492 1703/1703/492
f 1701/1701/492 1703/1703/492 1704/1704/492
f 1705/1705/493 1706/1706/493 1707/1707/493
f 1705/1705/493 1707/1707/493 1708/1708/493
f 1709/1709/494 1710/1710/494 1711/1711/494
f 1709/1709/494 1711/1711/494 1712/1712/494
f 1713/1713/495 1714/1714/495 1715/1715/495
f 1716/1716/496 1717/1717/496 1718/1718/496
f 1719/1719/497 1720/1720/497 1721/1721/497
f 1722/1722/498 1723/1723/498 1724/1724/498
f 1725/1725/499 1726/1726/499 1727/1727/499
f 1728/1728/500 1729/1729/500 1730/1730/500
f 1731/1731/501 1732/1732/501 1733/1733/501
f 1734/1734/502 1735/1735/502 1736/1736/502
f 1737/1737/503 1738/1738/503 1739/1739/503
f 1740/1740/504 1741/1741/504 1742/1742/504
f 1743/1743/505 1744/1744/505 1745/1745/505
f 1746/1746/506 1747/1747/506 1748/1748/506
f 1749/1749/507 1750/1750/507 1751/1751/507
f 1752/1752/508 1753/1753/508 1754/1754/508
f 1755/1755/509 1756/1756/509 1757/1757/509
f 1758/1758/510 1759/1759/510 1760/1760/510
f 1761/1761/511 1762/1762/511 1763/1763/511
f 1764/1764/512 1765/1765/512 1766/1766/512
f 1767/1767/513 1768/1768/513 1769/1769/513
f 1770/1770/514 1771/1771/514 1772/1772/514
f 1773/1773/515 1774/1774/515 1775/1775/515
f 1776/1776/516 1777/1777/516 1778/1778/516
f 1779/1779/517 1780/1780/517 1781/1781/517
f 1782/1782/518 1783/1783/518 1784/1784/518
f 1785/1785/519 1786/1786/519 1787/1787/519
f 1785/1785/519 1787/1787/519 1788/1788/519
f 1789/1789/520 1790/1790/520 1791/1791/520
f 1789/1789/520 1791/1791/520 1792/1792/520
f 1793/1793/521 1794/1794/521 1795/1795/521
f 1793/1793/521 1795/1795/521 1796/1796/521
f 1797/1797/522 1798/1798/522 1799/1799/522
f 1797/1797/522 1799/1799/522 1800/1800/522
f 1801/1801/523 1802/1802/523 1803/1803/523
f 1801/1801/523 1803/1803/523 1804/1804/523
f 1805/1805/524 1806/1806/524 1807/1807/524
f 1805/1805/524 1807/1807/524 1808/1808/524
f 1809/1809/525 1810/1810/525 1811/1811/525
f 1809/1809/525 1811/1811/525 1812/1812/525
f 1813/1813/526 1814/1814/526 1815/1815/526
f 1813/1813/526 1815/1815/526 1816/1816/526
f 1817/1817/527 1818/1818/527 1819/1819/527
f 1817/1817/527 1819/1819/527 1820/1820/527
f 1821/1821/528 1822/1822/528 1823/1823/528
f 1821/1821/528 1823/1823/528 1824/1824/528
f 1825/1825/529 1826/1826/529 1827/1827/529
f 1825/1825/529 1827/1827/529 1828/1828/529
f 1829/1829/530 1830/1830/530 1831/1831/530
f 1829/1829/530 1831/1831/530 1832/1832/530
f 1833/1833/531 1834/1834/531 1835/1835/531
f 1833/1833/531 1835/1835/531 1836/1836/531
f 1837/1837/532 1838/1838/532 1839/1839/532
f 1837/1837/532 1839/1839/532 1840/1840/532
f 1841/1841/533 1842/1842/533 1843/1843/533
f 1841/1841/533 1843/1843/533 1844/1844/533
f 1845/1845/534 1846/1846/534 1847/1847/534
f 1845/1845/534 1847/1847/534 1848/1848/534
f 1849/1849/535 1850/1850/535 1851/1851/535
f 1849/1849/535 1851/1851/535 1852/1852/535
f 1853/1853/536 1854/1854/536 1855/1855/536
f 1853/1853/536 1855/1855/536 1856/1856/536
f 1857/1857/537 1858/1858/537 1859/1859/537
f 1860/1860/538 1861/1861/538 1862/1862/538
f 1863/1863/539 1864/1864/539 1865/1865/539
f 1866/1866/540 1867/1867/540 1868/1868/540
f 1869/1869/541 1870/1870/541 1871/1871/541
f 1872/1872/542 1873/1873/542 1874/1874/542
f 1875/1875/543 1876/1876/543 1877/1877/543
f 1878/1878/544 1879/1879/544 1880/1880/544
f 1881/1881/545 1882/1882/545 1883/1883/545
f 1884/1884/546 1885/1885/546 1886/1886/546
f 1887/1887/547 1888/1888/547 1889/1889/547
f 1890/1890/548 1891/1891/548 1892/1892/548
f 1893/1893/549 1894/1894/549 1895/1895/549
f 1896/1896/550 1897/1897/550 1898/1898/550
f 1899/1899/551 1900/1900/551 1901/1901/551
f 1902/1902/552 1903/1903/552 1904/1904/552
f 1905/1905/553 1906/1906/553 1907/1907/553
f 1908/1908/554 1909/1909/554 1910/1910/554
f 1911/1911/555 1912/1912/555 1913/1913/555
f 1914/1914/556 1915/1915/556 1916/1916/556
f 1917/1917/557 1918/1918/557 1919/1919/557
f 1920/1920/558 1921/1921/558 1922/1922/558
f 1923/1923/559 1924/1924/559 1925/1925/559
f 1926/1926/560 1927/1927/560 1928/1928/560
f 1929/1929/561 1930/1930/561 1931/1931/561
f 1929/1929/561 1931/1931/561 1932/1932/561
f 1933/1933/562 1934/1934/562 1935/1935/562
f 1933/1933/562 1935/1935/562 1936/1936/562
f 1937/1937/563 1938/1938/563 1939/1939/563
f 1937/1937/563 1939/1939/563 1940/1940/563
f 1941/1941/564 1942/1942/564 1943/1943/564
f 1941/1941/564 1943/1943/564 1944/1944/564
f 1945/1945/565 1946/1946/565 1947/1947/565
f 1945/1945/565 1947/1947/565 1948/1948/565
f 1949/1949/566 1950/1950/566 1951/1951/566
f 1949/1949/566 1951/1951/566 1952/1952/566
f 1953/1953/567 1954/1954/567 1955/1955/567
f 1953/1953/567 1955/1955/567 1956/1956/567
f 1957/1957/568 1958/1958/568 1959/1959/568
f 1957/1957/568 1959/1959/568 1960/1960/568
f 1961/1961/569 1962/1962/569 1963/1963/569
f 1961/1961/569 1963/1963/569 1964/1964/569
f 1965/1965/570 1966/1966/570 1967/1967/570
f 1965/1965/570 1967/1967/570 1968/1968/570
f 1969/1969/571 1970/1970/571 1971/1971/571
f 1969/1969/571 1971/1971/571 1972/1972/571
f 1973/1973/572 1974/1974/572 1975/1975/572
f 1973/1973/572 1975/1975/572 1976/1976/572
f 1977/1977/573 1978/1978/573 1979/1979/573
f 1977/1977/573 1979/1979/573 1980/1980/573
f 1981/1981/574 1982/1982/574 1983/1983/574
f 1981/1981/574 1983/1983/574 1984/1984/574
f 1985/1985/575 1986/1986/575 1987/1987/575
f 1985/1985/575 1987/1987/575 1988/1988/575
f 1989/1989/576 1990/1990/576 1991/1991/576
f 1989/1989/576 1991/1991/576 1992/1992/576
f 1993/1993/577 1994/1994/577 1995/1995/577
f 1993/1993/577 1995/1995/577 1996/1996/577
f 1997/1997/578 1998/1998/578 1999/1999/578
f 1997/1997/578 1999/1999/578 2000/2000/578
f 2001/2001/579 2002/2002/579 2003/2003/579
f 2001/2001/579 2003/2003/579 2004/2004/579
f 2005/2005/580 2006/2006/580 2007/2007/580
f 2005/2005/580 2007/2007/580 2008/2008/580
f 2009/2009/581 2010/2010/581 2011/2011/581
f 2009/2009/581 2011/2011/581 2012/2012/581
f 2013/2013/582 2014/2014/582 2015/2015/582
f 2013/2013/582 2015/2015/582 2016/2016/582
f 2017/2017/583 2018/2018/583 2019/2019/583
f 2017/2017/583 2019/2019/583 2020/2020/583
f 2021/2021/584 2022/2022/584 2023/2023/584
f 2021/2021/584 2023/2023/584 2024/2024/584
f 2025/2025/585 2026/2026/585 2027/2027/585
f 2028/2028/586 2029/2029/586 2030/2030/586
f 2031/2031/587 2032/2032/587 2033/2033/587
f 2034/2034/588 2035/2035/588 2036/2036/588
f 2037/2037/589 2038/2038/589 2039/2039/589
f 2040/2040/590 2041/2041/590 2042/2042/590
f 2043/2043/591 2044/2044/591 2045/2045/591
f 2046/2046/592 2047/2047/592 2048/2048/592
f 2049/2049/593 2050/2050/593 2051/2051/593
f 2052/2052/594 2053/2053/594 2054/2054/594
f 2055/2055/595 2056/2056/595 2057/2057/595
f 2058/2058/596 2059/2059/596 2060/2060/596
f 2061/2061/597 2062/2062/597 2063/2063/597
f 2064/2064/598 2065/2065/598 2066/2066/598
f 2067/2067/599 2068/2068/599 2069/2069/599
f 2070/2070/600 2071/2071/600 2072/2072/600
f 2073/2073/601 2074/2074/601 2075/2075/601
f 2076/2076/602 2077/2077/602 2078/2078/602
f 2079/2079/603 2080/2080/603 2081/2081/603
f 2082/2082/604 2083/2083/604 2084/2084/604
f 2085/2085/605 2086/2086/605 2087/2087/605
f 2088/2088/606 2089/2089/606 2090/2090/606
f 2091/2091/607 2092/2092/607 2093/2093/607
f 2094/2094/608 2095/2095/608 2096/2096/608
f 2097/2097/609 2098/2098/609 2099/2099/609
f 2097/2097/609 2099/2099/609 2100/2100/609
f 2101/2101/610 2102/2102/610 2103/2103/610
f 2101/2101/610 2103/2103/610 2104/2104/610
f 2105/2105/611 2106/2106/611 2107/2107/611
f 2105/2105/611 2107/2107/611 2108/2108/611
f 2109/2109/612 2110/2110/612 2111/2111/612
f 2109/2109/612 2111/2111/612 2112/2112/612
f 2113/2113/613 2114/2114/613 2115/2115/613
f 2113/2113/613 2115/2115/613 2116/2116/613
f 2117/2117/614 2118/2118/614 2119/2119/614
f 2117/2117/614 2119/2119/614 2120/2120/614
f 2121/2121/615 2122/2122/615 2123/2123/615
f 2121/2121/615 2123/2123/615 2124/2124/615
f 2125/2125/616 2126/2126/616 2127/2127/616
f 2125/2125/616 2127/2127/616 2128/2128/616
f 2129/2129/617 2130/2130/617 2131/2131/617
f 2129/2129/617 2131/2131/617 2132/2132/617
f 2133/2133/618 2134/2134/618 2135/2135/618
f 2133/2133/618 2135/2135/618 2136/2136/618
f 2137/2137/619 2138/2138/619 2139/2139/619
f 2137/2137/619 2139/2139/619 2140/2140/619
f 2141/2141/620 2142/2142/620 2143/2143/620
f 2141/2141/620 2143/2143/620 2144/2144/620
f 2145/2145/621 2146/2146/621 2147/2147/621
f 2145/2145/621 2147/2147/621 2148/2148/621
f 2149/2149/622 2150/2150/622 2151/2151/622
f 2149/2149/622 2151/2151/622 2152/2152/622
f 2153/2153/623 2154/2154/623 2155/2155/623
f 2153/2153/623 2155/2155/623 2156/2156/623
f 2157/2157/624 2158/2158/624 2159/2159/624
f 2157/2157/624 2159/2159/624 2160/2160/624
f 2161/2161/625 2162/2162/625 2163/2163/625
f 2161/2161/625 2163/2163/625 2164/2164/625
f 2165/2165/626 2166/2166/626 2167/2167/626
f 2165/2165/626 2167/2167/626 2168/2168/626
f 2169/2169/627 2170/2170/627 2171/2171/627
f 2172/2172/628 2173/2173/628 2174/2174/628
f 2175/2175/629 2176/2176/629 2177/2177/629
f 2178/2178/630 2179/2179/630 2180/2180/630
f 2181/2181/631 2182/2182/631 2183/2183/631
f 2184/2184/632 2185/2185/632 2186/2186/632
f 2187/2187/633 2188/2188/633 2189/2189/633
f 2190/2190/634 2191/2191/634 2192/2192/634
f 2193/2193/635 2194/2194/635 2195/2195/635
f 2196/2196/636 2197/2197/636 2198/2198/636
f 2199/2199/637 2200/2200/637 2201/2201/637
f 2202/2202/638 2203/2203/638 2204/2204/638
f 2205/2205/639 2206/2206/639 2207/2207/639
f 2208/2208/640 2209/2209/640 2210/2210/640
f 2211/2211/641 2212/2212/641 2213/2213/641
f 2214/2214/642 2215/2215/642 2216/2216/642
f 2217/2217/643 2218/2218/643 2219/2219/643
f 2220/2220/644 2221/2221/644 2222/2222/644
f 2223/2223/645 2224/2224/645 2225/2225/645
f 2226/2226/646 2227/2227/646 2228/2228/646
f 2229/2229/647 2230/2230/647 2231/2231/647
f 2232/2232/648 2233/2233/648 2234/2234/648
f 2235/2235/649 2236/2236/649 2237/2237/649
f 2238/2238/650 2239/2239/650 2240/2240/650
f 2241/2241/651 2242/2242/651 2243/2243/651
f 2241/2241/651 2243/2243/651 2244/2244/651
f 2245/2245/652 2246/2246/652 2247/2247/652
f 2245/2245/652 2247/2247/652 2248/2248/652
f 2249/2249/653 2250/2250/653 2251/2251/653
f 2249/2249/653 2251/2251/653 2252/2252/653
f 2253/2253/654 2254/2254/654 2255/2255/654
f 2253/2253/654 2255/2255/654 2256/2256/654
f 2257/2257/655 2258/2258/655 2259/2259/655
f 2257/2257/655 2259/2259/655 2260/2260/655
f 2261/2261/656 2262/2262/656 2263/2263/656
f 2261/2261/656 2263/2263/656 2264/2264/656
f 2265/2265/657 2266/2266/657 2267/2267/657
f 2265/2265/657 2267/2267/657 2268/2268/657
f 2269/2269/658 2270/2270/658 2271/2271/658
f 2269/2269/658 2271/2271/658 2272/2272/658
f 2273/2273/659 2274/2274/659 2275/2275/659
f 2273/2273/659 2275/2275/659 2276/2276/659
f 2277/2277/660 2278/2278/660 2279/2279/660
f 2277/2277/660 2279/2279/660 2280/2280/660
f 2281/2281/661 2282/2282/661 2283/2283/661
f 2281/2281/661 2283/2283/661 2284/2284/661
f 2285/2285/662 2286/2286/662 2287/2287/662
f 2285/2285/662 2287/2287/662 2288/2288/662
f 2289/2289/663 2290/2290/663 2291/2291/663
f 2289/2289/663 2291/2291/663 2292/2292/663
f 2293/2293/664 2294/2294/664 2295/2295/664
f 2293/2293/664 2295/2295/664 2296/2296/664
f 2297/2297/665 2298/2298/665 2299/2299/665
f 2297/2297/665 2299/2299/665 2300/2300/665
f 2301/2301/666 2302/2302/666 2303/2303/666
f 2301/2301/666 2303/2303/666 2304/2304/666
f 2305/2305/667 2306/2306/667 2307/2307/667
f 2305/2305/667 2307/2307/667 2308/2308/667
f 2309/2309/668 2310/2310/668 2311/2311/668
f 2309/2309/668 2311/2311/668 2312/2312/668
f 2313/2313/669 2314/2314/669 2315/2315/669
f 2313/2313/669 2315/2315/669 2316/2316/669
f 2317/2317/670 2318/2318/670 2319/2319/670
f 2317/2317/670 2319/2319/670 2320/2320/670
f 2321/2321/671 2322/2322/671 2323/2323/671
f 2321/2321/671 2323/2323/671 2324/2324/671
f 2325/2325/672 2326/2326/672 2327/2327/672
f 2325/2325/672 2327/2327/672 2328/2328/672
f 2329/2329/673 2330/2330/673 2331/2331/673
f 2329/2329/673 2331/2331/673 2332/2332/673
f 2333/2333/674 2334/2334/674 2335/2335/674
f 2333/2333/674 2335/2335/674 2336/2336/674
f 2337/2337/675 2338/2338/675 2339/2339/675
f 2340/2340/676 2341/2341/676 2342/2342/676
f 2343/2343/677 2344/2344/677 2345/2345/677
f 2346/2346/678 2347/2347/678 2348/2348/678
f 2349/2349/679 2350/2350/679 2351/2351/679
f 2352/2352/680 2353/2353/680 2354/2354/680
f 2355/2355/681 2356/2356/681 2357/2357/681
f 2358/2358/682 2359/2359/682 2360/2360/682
f 2361/2361/683 2362/2362/683 2363/2363/683
f 2364/2364/684 2365/2365/684 2366/2366/684
f 2367/2367/685 2368/2368/685 2369/2369/685
f 2370/2370/686 2371/2371/686 2372/2372/686
f 2373/2373/687 2374/2374/687 2375/2375/687
f 2376/2376/688 2377/2377/688 2378/2378/688
f 2379/2379/689 2380/2380/689 2381/2381/689
f 2382/2382/690 2383/2383/690 2384/2384/690
f 2385/2385/691 2386/2386/691 2387/2387/691
f 2388/2388/692 2389/2389/692 2390/2390/692
f 2391/2391/693 2392/2392/693 2393/2393/693
f 2394/2394/694 2395/2395/694 2396/2396/694
f 2397/2397/695 2398/2398/695 2399/2399/695
f 2400/2400/696 2401/2401/696 2402/2402/696
f 2403/2403/697 2404/2404/697 2405/2405/697
f 2406/2406/698 2407/2407/698 2408/2408/698
f 2409/2409/699 2410/2410/699 2411/2411/699
f 2409/2409/699 2411/2411/699 2412/2412/699
f 2413/2413/700 2414/2414/700 2415/2415/700
f 2413/2413/700 2415/2415/700 2416/2416/700
f 2417/2417/701 2418/2418/701 2419/2419/701
f 2417/2417/701 2419/2419/701 2420/2420/701
f 2421/2421/702 2422/2422/702 2423/2423/702
f 2421/2421/702 2423/2423/702 2424/2424/702
f 2425/2425/703 2426/2426/703 2427/2427/703
f 2425/2425/703 2427/2427/703 2428/2428/703
f 2429/2429/704 2430/2430/704 2431/2431/704
f 2429/2429/704 2431/2431/704 2432/2432/704
usemtl Safety_Ladder
f 2433/2433/705 2434/2434/705 2435/2435/705
f 2433/2433/705 2435/2435/705 2436/2436/705
f 2437/2437/706 2438/2438/706 2439/2439/706
f 2437/2437/706 2439/2439/706 2440/2440/706
f 2441/2441/707 2442/2442/707 2443/2443/707
f 2441/2441/707 2443/2443/707 2444/2444/707
f 2445/2445/708 2446/2446/708 2447/2447/708
f 2445/2445/708 2447/2447/708 2448/2448/708
f 2449/2449/709 2450/2450/709 2451/2451/709
f 2449/2449/709 2451/2451/709 2452/2452/709
f 2453/2453/710 2454/2454/710 2455/2455/710
f 2453/2453/710 2455/2455/710 2456/2456/710
f 2457/2457/711 2458/2458/711 2459/2459/711
f 2457/2457/711 2459/2459/711 2460/2460/711
f 2461/2461/712 2462/2462/712 2463/2463/712
f 2461/2461/712 2463/2463/712 2464/2464/712
f 2465/2465/713 2466/2466/713 2467/2467/713
f 2465/2465/713 2467/2467/713 2468/2468/713
f 2469/2469/714 2470/2470/714 2471/2471/714
f 2469/2469/714 2471/2471/714 2472/2472/714
f 2473/2473/715 2474/2474/715 2475/2475/715
f 2473/2473/715 2475/2475/715 2476/2476/715
f 2477/2477/716 2478/2478/716 2479/2479/716
f 2477/2477/716 2479/2479/716 2480/2480/716
f 2481/2481/717 2482/2482/717 2483/2483/717
f 2481/2481/717 2483/2483/717 2484/2484/717
f 2485/2485/718 2486/2486/718 2487/2487/718
f 2485/2485/718 2487/2487/718 2488/2488/718
f 2489/2489/719 2490/2490/719 2491/2491/719
f 2489/2489/719 2491/2491/719 2492/2492/719
f 2493/2493/720 2494/2494/720 2495/2495/720
f 2493/2493/720 2495/2495/720 2496/2496/720
f 2497/2497/721 2498/2498/721 2499/2499/721
f 2497/2497/721 2499/2499/721 2500/2500/721
f 2501/2501/722 2502/2502/722 2503/2503/722
f 2501/2501/722 2503/2503/722 2504/2504/722
f 2505/2505/723 2506/2506/723 2507/2507/723
f 2505/2505/723 2507/2507/723 2508/2508/723
f 2509/2509/724 2510/2510/724 2511/2511/724
f 2509/2509/724 2511/2511/724 2512/2512/724
f 2513/2513/725 2514/2514/725 2515/2515/725
f 2513/2513/725 2515/2515/725 2516/2516/725
f 2517/2517/726 2518/2518/726 2519/2519/726
f 2517/2517/726 2519/2519/726 2520/2520/726
f 2521/2521/727 2522/2522/727 2523/2523/727
f 2521/2521/727 2523/2523/727 2524/2524/727
f 2525/2525/728 2526/2526/728 2527/2527/728
f 2525/2525/728 2527/2527/728 2528/2528/728
f 2529/2529/729 2530/2530/729 2531/2531/729
f 2529/2529/729 2531/2531/729 2532/2532/729
f 2533/2533/730 2534/2534/730 2535/2535/730
f 2533/2533/730 2535/2535/730 2536/2536/730
f 2537/2537/731 2538/2538/731 2539/2539/731
f 2537/2537/731 2539/2539/731 2540/2540/731
f 2541/2541/732 2542/2542/732 2543/2543/732
f 2541/2541/732 2543/2543/732 2544/2544/732
f 2545/2545/733 2546/2546/733 2547/2547/733
f 2545/2545/733 2547/2547/733 2548/2548/733
f 2549/2549/734 2550/2550/734 2551/2551/734
f 2549/2549/734 2551/2551/734 2552/2552/734
f 2553/2553/735 2554/2554/735 2555/2555/735
f 2553/2553/735 2555/2555/735 2556/2556/735
f 2557/2557/736 2558/2558/736 2559/2559/736
f 2557/2557/736 2559/2559/736 2560/2560/736
f 2561/2561/737 2562/2562/737 2563/2563/737
f 2561/2561/737 2563/2563/737 2564/2564/737
f 2565/2565/738 2566/2566/738 2567/2567/738
f 2565/2565/738 2567/2567/738 2568/2568/738
f 2569/2569/739 2570/2570/739 2571/2571/739
f 2569/2569/739 2571/2571/739 2572/2572/739
f 2573/2573/740 2574/2574/740 2575/2575/740
f 2573/2573/740 2575/2575/740 2576/2576/740
f 2577/2577/741 2578/2578/741 2579/2579/741
f 2577/2577/741 2579/2579/741 2580/2580/741
f 2581/2581/742 2582/2582/742 2583/2583/742
f 2581/2581/742 2583/2583/742 2584/2584/742
f 2585/2585/743 2586/2586/743 2587/2587/743
f 2585/2585/743 2587/2587/743 2588/2588/743
f 2589/2589/744 2590/2590/744 2591/2591/744
f 2589/2589/744 2591/2591/744 2592/2592/744
f 2593/2593/745 2594/2594/745 2595/2595/745
f 2593/2593/745 2595/2595/745 2596/2596/745
f 2597/2597/746 2598/2598/746 2599/2599/746
f 2597/2597/746 2599/2599/746 2600/2600/746
f 2601/2601/747 2602/2602/747 2603/2603/747
f 2601/2601/747 2603/2603/747 2604/2604/747
f 2605/2605/748 2606/2606/748 2607/2607/748
f 2605/2605/748 2607/2607/748 2608/2608/748
f 2609/2609/749 2610/2610/749 2611/2611/749
f 2609/2609/749 2611/2611/749 2612/2612/749
f 2613/2613/750 2614/2614/750 2615/2615/750
f 2613/2613/750 2615/2615/750 2616/2616/750
f 2617/2617/751 2618/2618/751 2619/2619/751
f 2617/2617/751 2619/2619/751 2620/2620/751
f 2621/2621/752 2622/2622/752 2623/2623/752
f 2621/2621/752 2623/2623/752 2624/2624/752
f 2625/2625/753 2626/2626/753 2627/2627/753
f 2625/2625/753 2627/2627/753 2628/2628/753
f 2629/2629/754 2630/2630/754 2631/2631/754
f 2629/2629/754 2631/2631/754 2632/2632/754
f 2633/2633/755 2634/2634/755 2635/2635/755
f 2633/2633/755 2635/2635/755 2636/2636/755
f 2637/2637/756 2638/2638/756 2639/2639/756
f 2637/2637/756 2639/2639/756 2640/2640/756
f 2641/2641/757 2642/2642/757 2643/2643/757
f 2641/2641/757 2643/2643/757 2644/2644/757
f 2645/2645/758 2646/2646/758 2647/2647/758
f 2645/2645/758 2647/2647/758 2648/2648/758
f 2649/2649/759 2650/2650/759 2651/2651/759
f 2649/2649/759 2651/2651/759 2652/2652/759
f 2653/2653/760 2654/2654/760 2655/2655/760
f 2653/2653/760 2655/2655/760 2656/2656/760
f 2657/2657/761 2658/2658/761 2659/2659/761
f 2657/2657/761 2659/2659/761 2660/2660/761
f 2661/2661/762 2662/2662/762 2663/2663/762
f 2661/2661/762 2663/2663/762 2664/2664/762
f 2665/2665/763 2666/2666/763 2667/2667/763
f 2665/2665/763 2667/2667/763 2668/2668/763
f 2669/2669/764 2670/2670/764 2671/2671/764
f 2669/2669/764 2671/2671/764 2672/2672/764
f 2673/2673/765 2674/2674/765 2675/2675/765
f 2673/2673/765 2675/2675/765 2676/2676/765
f 2677/2677/766 2678/2678/766 2679/2679/766
f 2677/2677/766 2679/2679/766 2680/2680/766
f 2681/2681/767 2682/2682/767 2683/2683/767
f 2681/2681/767 2683/2683/767 2684/2684/767
f 2685/2685/768 2686/2686/768 2687/2687/768
f 2685/2685/768 2687/2687/768 2688/2688/768
f 2689/2689/769 2690/2690/769 2691/2691/769
f 2689/2689/769 2691/2691/769 2692/2692/769
f 2693/2693/770 2694/2694/770 2695/2695/770
f 2693/2693/770 2695/2695/770 2696/2696/770
f 2697/2697/771 2698/2698/771 2699/2699/771
f 2697/2697/771 2699/2699/771 2700/2700/771
f 2701/2701/772 2702/2702/772 2703/2703/772
f 2701/2701/772 2703/2703/772 2704/2704/772
f 2705/2705/773 2706/2706/773 2707/2707/773
f 2705/2705/773 2707/2707/773 2708/2708/773
f 2709/2709/774 2710/2710/774 2711/2711/774
f 2709/2709/774 2711/2711/774 2712/2712/774
f 2713/2713/775 2714/2714/775 2715/2715/775
f 2713/2713/775 2715/2715/775 2716/2716/775
f 2717/2717/776 2718/2718/776 2719/2719/776
f 2717/2717/776 2719/2719/776 2720/2720/776
f 2721/2721/777 2722/2722/777 2723/2723/777
f 2721/2721/777 2723/2723/777 2724/2724/777
f 2725/2725/778 2726/2726/778 2727/2727/778
f 2725/2725/778 2727/2727/778 2728/2728/778
f 2729/2729/779 2730/2730/779 2731/2731/779
f 2729/2729/779 2731/2731/779 2732/2732/779
f 2733/2733/780 2734/2734/780 2735/2735/780
f 2733/2733/780 2735/2735/780 2736/2736/780
f 2737/2737/781 2738/2738/781 2739/2739/781
f 2737/2737/781 2739/2739/781 2740/2740/781
f 2741/2741/782 2742/2742/782 2743/2743/782
f 2741/2741/782 2743/2743/782 2744/2744/782
f 2745/2745/783 2746/2746/783 2747/2747/783
f 2745/2745/783 2747/2747/783 2748/2748/783
f 2749/2749/784 2750/2750/784 2751/2751/784
f 2749/2749/784 2751/2751/784 2752/2752/784
f 2753/2753/785 2754/2754/785 2755/2755/785
f 2753/2753/785 2755/2755/785 2756/2756/785
f 2757/2757/786 2758/2758/786 2759/2759/786
f 2757/2757/786 2759/2759/786 2760/2760/786
f 2761/2761/787 2762/2762/787 2763/2763/787
f 2761/2761/787 2763/2763/787 2764/2764/787
f 2765/2765/788 2766/2766/788 2767/2767/788
f 2765/2765/788 2767/2767/788 2768/2768/788
f 2769/2769/789 2770/2770/789 2771/2771/789
f 2769/2769/789 2771/2771/789 2772/2772/789
f 2773/2773/790 2774/2774/790 2775/2775/790
f 2773/2773/790 2775/2775/790 2776/2776/790
f 2777/2777/791 2778/2778/791 2779/2779/791
f 2777/2777/791 2779/2779/791 2780/2780/791
f 2781/2781/792 2782/2782/792 2783/2783/792
f 2781/2781/792 2783/2783/792 2784/2784/792
f 2785/2785/793 2786/2786/793 2787/2787/793
f 2785/2785/793 2787/2787/793 2788/2788/793
f 2789/2789/794 2790/2790/794 2791/2791/794
f 2789/2789/794 2791/2791/794 2792/2792/794
f 2793/2793/795 2794/2794/795 2795/2795/795
f 2793/2793/795 2795/2795/795 2796/2796/795
f 2797/2797/796 2798/2798/796 2799/2799/796
f 2797/2797/796 2799/2799/796 2800/2800/796
f 2801/2801/797 2802/2802/797 2803/2803/797
f 2801/2801/797 2803/2803/797 2804/2804/797
f 2805/2805/798 2806/2806/798 2807/2807/798
f 2805/2805/798 2807/2807/798 2808/2808/798
f 2809/2809/799 2810/2810/799 2811/2811/799
f 2809/2809/799 2811/2811/799 2812/2812/799
f 2813/2813/800 2814/2814/800 2815/2815/800
f 2813/2813/800 2815/2815/800 2816/2816/800
f 2817/2817/801 2818/2818/801 2819/2819/801
f 2817/2817/801 2819/2819/801 2820/2820/801
f 2821/2821/802 2822/2822/802 2823/2823/802
f 2821/2821/802 2823/2823/802 2824/2824/802
f 2825/2825/803 2826/2826/803 2827/2827/803
f 2825/2825/803 2827/2827/803 2828/2828/803
f 2829/2829/804 2830/2830/804 2831/2831/804
f 2829/2829/804 2831/2831/804 2832/2832/804
f 2833/2833/805 2834/2834/805 2835/2835/805
f 2833/2833/805 2835/2835/805 2836/2836/805
f 2837/2837/806 2838/2838/806 2839/2839/806
f 2837/2837/806 2839/2839/806 2840/2840/806
f 2841/2841/807 2842/2842/807 2843/2843/807
f 2841/2841/807 2843/2843/807 2844/2844/807
f 2845/2845/808 2846/2846/808 2847/2847/808
f 2845/2845/808 2847/2847/808 2848/2848/808
f 2849/2849/809 2850/2850/809 2851/2851/809
f 2849/2849/809 2851/2851/809 2852/2852/809
f 2853/2853/810 2854/2854/810 2855/2855/810
f 2853/2853/810 2855/2855/810 2856/2856/810
f 2857/2857/811 2858/2858/811 2859/2859/811
f 2857/2857/811 2859/2859/811 2860/2860/811
f 2861/2861/812 2862/2862/812 2863/2863/812
f 2861/2861/812 2863/2863/812 2864/2864/812
f 2865/2865/813 2866/2866/813 2867/2867/813
f 2865/2865/813 2867/2867/813 2868/2868/813
f 2869/2869/814 2870/2870/814 2871/2871/814
f 2869/2869/814 2871/2871/814 2872/2872/814
f 2873/2873/815 2874/2874/815 2875/2875/815
f 2873/2873/815 2875/2875/815 2876/2876/815
f 2877/2877/816 2878/2878/816 2879/2879/816
f 2877/2877/816 2879/2879/816 2880/2880/816
f 2881/2881/817 2882/2882/817 2883/2883/817
f 2881/2881/817 2883/2883/817 2884/2884/817
f 2885/2885/818 2886/2886/818 2887/2887/818
f 2885/2885/818 2887/2887/818 2888/2888/818
f 2889/2889/819 2890/2890/819 2891/2891/819
f 2889/2889/819 2891/2891/819 2892/2892/819
f 2893/2893/820 2894/2894/820 2895/2895/820
f 2893/2893/820 2895/2895/820 2896/2896/820
f 2897/2897/821 2898/2898/821 2899/2899/821
f 2897/2897/821 2899/2899/821 2900/2900/821
f 2901/2901/822 2902/2902/822 2903/2903/822
f 2901/2901/822 2903/2903/822 2904/2904/822
f 2905/2905/823 2906/2906/823 2907/2907/823
f 2905/2905/823 2907/2907/823 2908/2908/823
f 2909/2909/824 2910/2910/824 2911/2911/824
f 2909/2909/824 2911/2911/824 2912/2912/824
f 2913/2913/825 2914/2914/825 2915/2915/825
f 2913/2913/825 2915/2915/825 2916/2916/825
f 2917/2917/826 2918/2918/826 2919/2919/826
f 2917/2917/826 2919/2919/826 2920/2920/826
f 2921/2921/827 2922/2922/827 2923/2923/827
f 2921/2921/827 2923/2923/827 2924/2924/827
f 2925/2925/828 2926/2926/828 2927/2927/828
f 2925/2925/828 2927/2927/828 2928/2928/828
f 2929/2929/829 2930/2930/829 2931/2931/829
f 2929/2929/829 2931/2931/829 2932/2932/829
f 2933/2933/830 2934/2934/830 2935/2935/830
f 2933/2933/830 2935/2935/830 2936/2936/830
f 2937/2937/831 2938/2938/831 2939/2939/831
f 2937/2937/831 2939/2939/831 2940/2940/831
f 2941/2941/832 2942/2942/832 2943/2943/832
f 2941/2941/832 2943/2943/832 2944/2944/832
f 2945/2945/833 2946/2946/833 2947/2947/833
f 2945/2945/833 2947/2947/833 2948/2948/833
f 2949/2949/834 2950/2950/834 2951/2951/834
f 2949/2949/834 2951/2951/834 2952/2952/834
f 2953/2953/835 2954/2954/835 2955/2955/835
f 2953/2953/835 2955/2955/835 2956/2956/835
f 2957/2957/836 2958/2958/836 2959/2959/836
f 2957/2957/836 2959/2959/836 2960/2960/836
f 2961/2961/837 2962/2962/837 2963/2963/837
f 2961/2961/837 2963/2963/837 2964/2964/837
f 2965/2965/838 2966/2966/838 2967/2967/838
f 2965/2965/838 2967/2967/838 2968/2968/838
f 2969/2969/839 2970/2970/839 2971/2971/839
f 2969/2969/839 2971/2971/839 2972/2972/839
f 2973/2973/840 2974/2974/840 2975/2975/840
f 2973/2973/840 2975/2975/840 2976/2976/840
f 2977/2977/841 2978/2978/841 2979/2979/841
f 2977/2977/841 2979/2979/841 2980/2980/841
f 2981/2981/842 2982/2982/842 2983/2983/842
f 2981/2981/842 2983/2983/842 2984/2984/842
f 2985/2985/843 2986/2986/843 2987/2987/843
f 2985/2985/843 2987/2987/843 2988/2988/843
f 2989/2989/844 2990/2990/844 2991/2991/844
f 2989/2989/844 2991/2991/844 2992/2992/844
f 2993/2993/845 2994/2994/845 2995/2995/845
f 2993/2993/845 2995/2995/845 2996/2996/845
f 2997/2997/846 2998/2998/846 2999/2999/846
f 2997/2997/846 2999/2999/846 3000/3000/846
f 3001/3001/847 3002/3002/847 3003/3003/847
f 3001/3001/847 3003/3003/847 3004/3004/847
f 3005/3005/848 3006/3006/848 3007/3007/848
f 3005/3005/848 3007/3007/848 3008/3008/848
