# Wavefront OBJ Harbor Wall
mtllib outer_breakwater.mtl

v 0.0000 -4.5000 2.0000
v 119.6500 -4.5000 2.0000
v 119.6500 -4.1500 2.0000
v 0.0000 -4.1500 2.0000
v 119.6500 -4.5000 2.0000
v 120.0000 -4.5000 2.0000
v 120.0000 -4.1500 2.0000
v 119.6500 -4.1500 2.0000
v 119.6500 -4.1500 2.0000
v 120.0000 -4.1500 2.0000
v 120.0000 40.0000 2.0000
v 119.6500 40.0000 2.0000
v 0.0000 -4.1500 1.8000
v 0.0000 -4.1500 2.0000
v 119.6500 -4.1500 2.0000
v 119.6500 -4.1500 1.8000
v 119.6500 -4.1500 1.8000
v 119.6500 -4.1500 2.0000
v 119.6500 40.0000 2.0000
v 119.6500 40.0000 1.8000
v 0.0000 -4.1500 1.8000
v 115.5000 -4.1500 1.8000
v 115.5000 0.0000 1.8000
v 0.0000 0.0000 1.8000
v 115.5000 0.0000 1.8000
v 119.6500 0.0000 1.8000
v 119.6500 40.0000 1.8000
v 115.5000 40.0000 1.8000
v 115.5000 -4.1500 1.8000
v 119.6500 -4.1500 1.8000
v 119.6500 0.0000 1.8000
v 115.5000 0.0000 1.8000
v 120.0000 -4.5000 0.6000
v 120.0000 -4.5000 2.0000
v 0.0000 -4.5000 2.0000
v 0.0000 -4.5000 0.6000
v 120.0000 -4.5000 -1.5000
v 120.0000 -4.5000 0.6000
v 0.0000 -4.5000 0.6000
v 0.0000 -4.5000 -1.5000
v 120.0000 -4.5000 -16.2000
v 120.0000 -4.5000 -1.5000
v 0.0000 -4.5000 -1.5000
v 0.0000 -4.5000 -16.2000
v 120.0000 -4.5000 0.6000
v 120.0000 40.0000 0.6000
v 120.0000 40.0000 2.0000
v 120.0000 -4.5000 2.0000
v 120.0000 -4.5000 -1.5000
v 120.0000 40.0000 -1.5000
v 120.0000 40.0000 0.6000
v 120.0000 -4.5000 0.6000
v 120.0000 -4.5000 -16.2000
v 120.0000 40.0000 -16.2000
v 120.0000 40.0000 -1.5000
v 120.0000 -4.5000 -1.5000
v 0.0000 0.0000 -16.2000
v 0.0000 0.0000 1.8000
v 115.5000 0.0000 1.8000
v 115.5000 0.0000 -16.2000
v 115.5000 40.0000 -16.2000
v 115.5000 0.0000 -16.2000
v 115.5000 0.0000 1.8000
v 115.5000 40.0000 1.8000
v 0.0000 -4.5000 -16.2000
v 0.0000 -4.5000 2.0000
v 0.0000 0.0000 1.8000
v 0.0000 0.0000 -16.2000
v 115.5000 40.0000 -16.2000
v 115.5000 40.0000 1.8000
v 120.0000 40.0000 2.0000
v 120.0000 40.0000 -16.2000
v 0.0000 0.0000 -16.2000
v 115.5000 0.0000 -16.2000
v 115.5000 -4.5000 -16.2000
v 0.0000 -4.5000 -16.2000
v 115.5000 40.0000 -16.2000
v 120.0000 40.0000 -16.2000
v 120.0000 -4.5000 -16.2000
v 115.5000 -4.5000 -16.2000
v 4.7000 -4.5000 -0.6000
v 4.7228 -4.6148 -0.6000
v 4.7228 -4.6148 0.6000
v 4.7000 -4.5000 0.6000
v 4.7228 -4.6148 -0.6000
v 4.7879 -4.7121 -0.6000
v 4.7879 -4.7121 0.6000
v 4.7228 -4.6148 0.6000
v 4.7879 -4.7121 -0.6000
v 4.8852 -4.7772 -0.6000
v 4.8852 -4.7772 0.6000
v 4.7879 -4.7121 0.6000
v 4.8852 -4.7772 -0.6000
v 5.0000 -4.8000 -0.6000
v 5.0000 -4.8000 0.6000
v 4.8852 -4.7772 0.6000
v 5.0000 -4.8000 -0.6000
v 5.1148 -4.7772 -0.6000
v 5.1148 -4.7772 0.6000
v 5.0000 -4.8000 0.6000
v 5.1148 -4.7772 -0.6000
v 5.2121 -4.7121 -0.6000
v 5.2121 -4.7121 0.6000
v 5.1148 -4.7772 0.6000
v 5.2121 -4.7121 -0.6000
v 5.2772 -4.6148 -0.6000
v 5.2772 -4.6148 0.6000
v 5.2121 -4.7121 0.6000
v 5.2772 -4.6148 -0.6000
v 5.3000 -4.5000 -0.6000
v 5.3000 -4.5000 0.6000
v 5.2772 -4.6148 0.6000
v 5.0000 -4.5000 0.6000
v 4.7000 -4.5000 0.6000
v 4.7228 -4.6148 0.6000
v 5.0000 -4.5000 -0.6000
v 4.7228 -4.6148 -0.6000
v 4.7000 -4.5000 -0.6000
v 5.0000 -4.5000 0.6000
v 4.7228 -4.6148 0.6000
v 4.7879 -4.7121 0.6000
v 5.0000 -4.5000 -0.6000
v 4.7879 -4.7121 -0.6000
v 4.7228 -4.6148 -0.6000
v 5.0000 -4.5000 0.6000
v 4.7879 -4.7121 0.6000
v 4.8852 -4.7772 0.6000
v 5.0000 -4.5000 -0.6000
v 4.8852 -4.7772 -0.6000
v 4.7879 -4.7121 -0.6000
v 5.0000 -4.5000 0.6000
v 4.8852 -4.7772 0.6000
v 5.0000 -4.8000 0.6000
v 5.0000 -4.5000 -0.6000
v 5.0000 -4.8000 -0.6000
v 4.8852 -4.7772 -0.6000
v 5.0000 -4.5000 0.6000
v 5.0000 -4.8000 0.6000
v 5.1148 -4.7772 0.6000
v 5.0000 -4.5000 -0.6000
v 5.1148 -4.7772 -0.6000
v 5.0000 -4.8000 -0.6000
v 5.0000 -4.5000 0.6000
v 5.1148 -4.7772 0.6000
v 5.2121 -4.7121 0.6000
v 5.0000 -4.5000 -0.6000
v 5.2121 -4.7121 -0.6000
v 5.1148 -4.7772 -0.6000
v 5.0000 -4.5000 0.6000
v 5.2121 -4.7121 0.6000
v 5.2772 -4.6148 0.6000
v 5.0000 -4.5000 -0.6000
v 5.2772 -4.6148 -0.6000
v 5.2121 -4.7121 -0.6000
v 5.0000 -4.5000 0.6000
v 5.2772 -4.6148 0.6000
v 5.3000 -4.5000 0.6000
v 5.0000 -4.5000 -0.6000
v 5.3000 -4.5000 -0.6000
v 5.2772 -4.6148 -0.6000
v 15.7000 -4.5000 -0.6000
v 15.7228 -4.6148 -0.6000
v 15.7228 -4.6148 0.6000
v 15.7000 -4.5000 0.6000
v 15.7228 -4.6148 -0.6000
v 15.7879 -4.7121 -0.6000
v 15.7879 -4.7121 0.6000
v 15.7228 -4.6148 0.6000
v 15.7879 -4.7121 -0.6000
v 15.8852 -4.7772 -0.6000
v 15.8852 -4.7772 0.6000
v 15.7879 -4.7121 0.6000
v 15.8852 -4.7772 -0.6000
v 16.0000 -4.8000 -0.6000
v 16.0000 -4.8000 0.6000
v 15.8852 -4.7772 0.6000
v 16.0000 -4.8000 -0.6000
v 16.1148 -4.7772 -0.6000
v 16.1148 -4.7772 0.6000
v 16.0000 -4.8000 0.6000
v 16.1148 -4.7772 -0.6000
v 16.2121 -4.7121 -0.6000
v 16.2121 -4.7121 0.6000
v 16.1148 -4.7772 0.6000
v 16.2121 -4.7121 -0.6000
v 16.2772 -4.6148 -0.6000
v 16.2772 -4.6148 0.6000
v 16.2121 -4.7121 0.6000
v 16.2772 -4.6148 -0.6000
v 16.3000 -4.5000 -0.6000
v 16.3000 -4.5000 0.6000
v 16.2772 -4.6148 0.6000
v 16.0000 -4.5000 0.6000
v 15.7000 -4.5000 0.6000
v 15.7228 -4.6148 0.6000
v 16.0000 -4.5000 -0.6000
v 15.7228 -4.6148 -0.6000
v 15.7000 -4.5000 -0.6000
v 16.0000 -4.5000 0.6000
v 15.7228 -4.6148 0.6000
v 15.7879 -4.7121 0.6000
v 16.0000 -4.5000 -0.6000
v 15.7879 -4.7121 -0.6000
v 15.7228 -4.6148 -0.6000
v 16.0000 -4.5000 0.6000
v 15.7879 -4.7121 0.6000
v 15.8852 -4.7772 0.6000
v 16.0000 -4.5000 -0.6000
v 15.8852 -4.7772 -0.6000
v 15.7879 -4.7121 -0.6000
v 16.0000 -4.5000 0.6000
v 15.8852 -4.7772 0.6000
v 16.0000 -4.8000 0.6000
v 16.0000 -4.5000 -0.6000
v 16.0000 -4.8000 -0.6000
v 15.8852 -4.7772 -0.6000
v 16.0000 -4.5000 0.6000
v 16.0000 -4.8000 0.6000
v 16.1148 -4.7772 0.6000
v 16.0000 -4.5000 -0.6000
v 16.1148 -4.7772 -0.6000
v 16.0000 -4.8000 -0.6000
v 16.0000 -4.5000 0.6000
v 16.1148 -4.7772 0.6000
v 16.2121 -4.7121 0.6000
v 16.0000 -4.5000 -0.6000
v 16.2121 -4.7121 -0.6000
v 16.1148 -4.7772 -0.6000
v 16.0000 -4.5000 0.6000
v 16.2121 -4.7121 0.6000
v 16.2772 -4.6148 0.6000
v 16.0000 -4.5000 -0.6000
v 16.2772 -4.6148 -0.6000
v 16.2121 -4.7121 -0.6000
v 16.0000 -4.5000 0.6000
v 16.2772 -4.6148 0.6000
v 16.3000 -4.5000 0.6000
v 16.0000 -4.5000 -0.6000
v 16.3000 -4.5000 -0.6000
v 16.2772 -4.6148 -0.6000
v 26.7000 -4.5000 -0.6000
v 26.7228 -4.6148 -0.6000
v 26.7228 -4.6148 0.6000
v 26.7000 -4.5000 0.6000
v 26.7228 -4.6148 -0.6000
v 26.7879 -4.7121 -0.6000
v 26.7879 -4.7121 0.6000
v 26.7228 -4.6148 0.6000
v 26.7879 -4.7121 -0.6000
v 26.8852 -4.7772 -0.6000
v 26.8852 -4.7772 0.6000
v 26.7879 -4.7121 0.6000
v 26.8852 -4.7772 -0.6000
v 27.0000 -4.8000 -0.6000
v 27.0000 -4.8000 0.6000
v 26.8852 -4.7772 0.6000
v 27.0000 -4.8000 -0.6000
v 27.1148 -4.7772 -0.6000
v 27.1148 -4.7772 0.6000
v 27.0000 -4.8000 0.6000
v 27.1148 -4.7772 -0.6000
v 27.2121 -4.7121 -0.6000
v 27.2121 -4.7121 0.6000
v 27.1148 -4.7772 0.6000
v 27.2121 -4.7121 -0.6000
v 27.2772 -4.6148 -0.6000
v 27.2772 -4.6148 0.6000
v 27.2121 -4.7121 0.6000
v 27.2772 -4.6148 -0.6000
v 27.3000 -4.5000 -0.6000
v 27.3000 -4.5000 0.6000
v 27.2772 -4.6148 0.6000
v 27.0000 -4.5000 0.6000
v 26.7000 -4.5000 0.6000
v 26.7228 -4.6148 0.6000
v 27.0000 -4.5000 -0.6000
v 26.7228 -4.6148 -0.6000
v 26.7000 -4.5000 -0.6000
v 27.0000 -4.5000 0.6000
v 26.7228 -4.6148 0.6000
v 26.7879 -4.7121 0.6000
v 27.0000 -4.5000 -0.6000
v 26.7879 -4.7121 -0.6000
v 26.7228 -4.6148 -0.6000
v 27.0000 -4.5000 0.6000
v 26.7879 -4.7121 0.6000
v 26.8852 -4.7772 0.6000
v 27.0000 -4.5000 -0.6000
v 26.8852 -4.7772 -0.6000
v 26.7879 -4.7121 -0.6000
v 27.0000 -4.5000 0.6000
v 26.8852 -4.7772 0.6000
v 27.0000 -4.8000 0.6000
v 27.0000 -4.5000 -0.6000
v 27.0000 -4.8000 -0.6000
v 26.8852 -4.7772 -0.6000
v 27.0000 -4.5000 0.6000
v 27.0000 -4.8000 0.6000
v 27.1148 -4.7772 0.6000
v 27.0000 -4.5000 -0.6000
v 27.1148 -4.7772 -0.6000
v 27.0000 -4.8000 -0.6000
v 27.0000 -4.5000 0.6000
v 27.1148 -4.7772 0.6000
v 27.2121 -4.7121 0.6000
v 27.0000 -4.5000 -0.6000
v 27.2121 -4.7121 -0.6000
v 27.1148 -4.7772 -0.6000
v 27.0000 -4.5000 0.6000
v 27.2121 -4.7121 0.6000
v 27.2772 -4.6148 0.6000
v 27.0000 -4.5000 -0.6000
v 27.2772 -4.6148 -0.6000
v 27.2121 -4.7121 -0.6000
v 27.0000 -4.5000 0.6000
v 27.2772 -4.6148 0.6000
v 27.3000 -4.5000 0.6000
v 27.0000 -4.5000 -0.6000
v 27.3000 -4.5000 -0.6000
v 27.2772 -4.6148 -0.6000
v 37.7000 -4.5000 -0.6000
v 37.7228 -4.6148 -0.6000
v 37.7228 -4.6148 0.6000
v 37.7000 -4.5000 0.6000
v 37.7228 -4.6148 -0.6000
v 37.7879 -4.7121 -0.6000
v 37.7879 -4.7121 0.6000
v 37.7228 -4.6148 0.6000
v 37.7879 -4.7121 -0.6000
v 37.8852 -4.7772 -0.6000
v 37.8852 -4.7772 0.6000
v 37.7879 -4.7121 0.6000
v 37.8852 -4.7772 -0.6000
v 38.0000 -4.8000 -0.6000
v 38.0000 -4.8000 0.6000
v 37.8852 -4.7772 0.6000
v 38.0000 -4.8000 -0.6000
v 38.1148 -4.7772 -0.6000
v 38.1148 -4.7772 0.6000
v 38.0000 -4.8000 0.6000
v 38.1148 -4.7772 -0.6000
v 38.2121 -4.7121 -0.6000
v 38.2121 -4.7121 0.6000
v 38.1148 -4.7772 0.6000
v 38.2121 -4.7121 -0.6000
v 38.2772 -4.6148 -0.6000
v 38.2772 -4.6148 0.6000
v 38.2121 -4.7121 0.6000
v 38.2772 -4.6148 -0.6000
v 38.3000 -4.5000 -0.6000
v 38.3000 -4.5000 0.6000
v 38.2772 -4.6148 0.6000
v 38.0000 -4.5000 0.6000
v 37.7000 -4.5000 0.6000
v 37.7228 -4.6148 0.6000
v 38.0000 -4.5000 -0.6000
v 37.7228 -4.6148 -0.6000
v 37.7000 -4.5000 -0.6000
v 38.0000 -4.5000 0.6000
v 37.7228 -4.6148 0.6000
v 37.7879 -4.7121 0.6000
v 38.0000 -4.5000 -0.6000
v 37.7879 -4.7121 -0.6000
v 37.7228 -4.6148 -0.6000
v 38.0000 -4.5000 0.6000
v 37.7879 -4.7121 0.6000
v 37.8852 -4.7772 0.6000
v 38.0000 -4.5000 -0.6000
v 37.8852 -4.7772 -0.6000
v 37.7879 -4.7121 -0.6000
v 38.0000 -4.5000 0.6000
v 37.8852 -4.7772 0.6000
v 38.0000 -4.8000 0.6000
v 38.0000 -4.5000 -0.6000
v 38.0000 -4.8000 -0.6000
v 37.8852 -4.7772 -0.6000
v 38.0000 -4.5000 0.6000
v 38.0000 -4.8000 0.6000
v 38.1148 -4.7772 0.6000
v 38.0000 -4.5000 -0.6000
v 38.1148 -4.7772 -0.6000
v 38.0000 -4.8000 -0.6000
v 38.0000 -4.5000 0.6000
v 38.1148 -4.7772 0.6000
v 38.2121 -4.7121 0.6000
v 38.0000 -4.5000 -0.6000
v 38.2121 -4.7121 -0.6000
v 38.1148 -4.7772 -0.6000
v 38.0000 -4.5000 0.6000
v 38.2121 -4.7121 0.6000
v 38.2772 -4.6148 0.6000
v 38.0000 -4.5000 -0.6000
v 38.2772 -4.6148 -0.6000
v 38.2121 -4.7121 -0.6000
v 38.0000 -4.5000 0.6000
v 38.2772 -4.6148 0.6000
v 38.3000 -4.5000 0.6000
v 38.0000 -4.5000 -0.6000
v 38.3000 -4.5000 -0.6000
v 38.2772 -4.6148 -0.6000
v 48.7000 -4.5000 -0.6000
v 48.7228 -4.6148 -0.6000
v 48.7228 -4.6148 0.6000
v 48.7000 -4.5000 0.6000
v 48.7228 -4.6148 -0.6000
v 48.7879 -4.7121 -0.6000
v 48.7879 -4.7121 0.6000
v 48.7228 -4.6148 0.6000
v 48.7879 -4.7121 -0.6000
v 48.8852 -4.7772 -0.6000
v 48.8852 -4.7772 0.6000
v 48.7879 -4.7121 0.6000
v 48.8852 -4.7772 -0.6000
v 49.0000 -4.8000 -0.6000
v 49.0000 -4.8000 0.6000
v 48.8852 -4.7772 0.6000
v 49.0000 -4.8000 -0.6000
v 49.1148 -4.7772 -0.6000
v 49.1148 -4.7772 0.6000
v 49.0000 -4.8000 0.6000
v 49.1148 -4.7772 -0.6000
v 49.2121 -4.7121 -0.6000
v 49.2121 -4.7121 0.6000
v 49.1148 -4.7772 0.6000
v 49.2121 -4.7121 -0.6000
v 49.2772 -4.6148 -0.6000
v 49.2772 -4.6148 0.6000
v 49.2121 -4.7121 0.6000
v 49.2772 -4.6148 -0.6000
v 49.3000 -4.5000 -0.6000
v 49.3000 -4.5000 0.6000
v 49.2772 -4.6148 0.6000
v 49.0000 -4.5000 0.6000
v 48.7000 -4.5000 0.6000
v 48.7228 -4.6148 0.6000
v 49.0000 -4.5000 -0.6000
v 48.7228 -4.6148 -0.6000
v 48.7000 -4.5000 -0.6000
v 49.0000 -4.5000 0.6000
v 48.7228 -4.6148 0.6000
v 48.7879 -4.7121 0.6000
v 49.0000 -4.5000 -0.6000
v 48.7879 -4.7121 -0.6000
v 48.7228 -4.6148 -0.6000
v 49.0000 -4.5000 0.6000
v 48.7879 -4.7121 0.6000
v 48.8852 -4.7772 0.6000
v 49.0000 -4.5000 -0.6000
v 48.8852 -4.7772 -0.6000
v 48.7879 -4.7121 -0.6000
v 49.0000 -4.5000 0.6000
v 48.8852 -4.7772 0.6000
v 49.0000 -4.8000 0.6000
v 49.0000 -4.5000 -0.6000
v 49.0000 -4.8000 -0.6000
v 48.8852 -4.7772 -0.6000
v 49.0000 -4.5000 0.6000
v 49.0000 -4.8000 0.6000
v 49.1148 -4.7772 0.6000
v 49.0000 -4.5000 -0.6000
v 49.1148 -4.7772 -0.6000
v 49.0000 -4.8000 -0.6000
v 49.0000 -4.5000 0.6000
v 49.1148 -4.7772 0.6000
v 49.2121 -4.7121 0.6000
v 49.0000 -4.5000 -0.6000
v 49.2121 -4.7121 -0.6000
v 49.1148 -4.7772 -0.6000
v 49.0000 -4.5000 0.6000
v 49.2121 -4.7121 0.6000
v 49.2772 -4.6148 0.6000
v 49.0000 -4.5000 -0.6000
v 49.2772 -4.6148 -0.6000
v 49.2121 -4.7121 -0.6000
v 49.0000 -4.5000 0.6000
v 49.2772 -4.6148 0.6000
v 49.3000 -4.5000 0.6000
v 49.0000 -4.5000 -0.6000
v 49.3000 -4.5000 -0.6000
v 49.2772 -4.6148 -0.6000
v 59.7000 -4.5000 -0.6000
v 59.7228 -4.6148 -0.6000
v 59.7228 -4.6148 0.6000
v 59.7000 -4.5000 0.6000
v 59.7228 -4.6148 -0.6000
v 59.7879 -4.7121 -0.6000
v 59.7879 -4.7121 0.6000
v 59.7228 -4.6148 0.6000
v 59.7879 -4.7121 -0.6000
v 59.8852 -4.7772 -0.6000
v 59.8852 -4.7772 0.6000
v 59.7879 -4.7121 0.6000
v 59.8852 -4.7772 -0.6000
v 60.0000 -4.8000 -0.6000
v 60.0000 -4.8000 0.6000
v 59.8852 -4.7772 0.6000
v 60.0000 -4.8000 -0.6000
v 60.1148 -4.7772 -0.6000
v 60.1148 -4.7772 0.6000
v 60.0000 -4.8000 0.6000
v 60.1148 -4.7772 -0.6000
v 60.2121 -4.7121 -0.6000
v 60.2121 -4.7121 0.6000
v 60.1148 -4.7772 0.6000
v 60.2121 -4.7121 -0.6000
v 60.2772 -4.6148 -0.6000
v 60.2772 -4.6148 0.6000
v 60.2121 -4.7121 0.6000
v 60.2772 -4.6148 -0.6000
v 60.3000 -4.5000 -0.6000
v 60.3000 -4.5000 0.6000
v 60.2772 -4.6148 0.6000
v 60.0000 -4.5000 0.6000
v 59.7000 -4.5000 0.6000
v 59.7228 -4.6148 0.6000
v 60.0000 -4.5000 -0.6000
v 59.7228 -4.6148 -0.6000
v 59.7000 -4.5000 -0.6000
v 60.0000 -4.5000 0.6000
v 59.7228 -4.6148 0.6000
v 59.7879 -4.7121 0.6000
v 60.0000 -4.5000 -0.6000
v 59.7879 -4.7121 -0.6000
v 59.7228 -4.6148 -0.6000
v 60.0000 -4.5000 0.6000
v 59.7879 -4.7121 0.6000
v 59.8852 -4.7772 0.6000
v 60.0000 -4.5000 -0.6000
v 59.8852 -4.7772 -0.6000
v 59.7879 -4.7121 -0.6000
v 60.0000 -4.5000 0.6000
v 59.8852 -4.7772 0.6000
v 60.0000 -4.8000 0.6000
v 60.0000 -4.5000 -0.6000
v 60.0000 -4.8000 -0.6000
v 59.8852 -4.7772 -0.6000
v 60.0000 -4.5000 0.6000
v 60.0000 -4.8000 0.6000
v 60.1148 -4.7772 0.6000
v 60.0000 -4.5000 -0.6000
v 60.1148 -4.7772 -0.6000
v 60.0000 -4.8000 -0.6000
v 60.0000 -4.5000 0.6000
v 60.1148 -4.7772 0.6000
v 60.2121 -4.7121 0.6000
v 60.0000 -4.5000 -0.6000
v 60.2121 -4.7121 -0.6000
v 60.1148 -4.7772 -0.6000
v 60.0000 -4.5000 0.6000
v 60.2121 -4.7121 0.6000
v 60.2772 -4.6148 0.6000
v 60.0000 -4.5000 -0.6000
v 60.2772 -4.6148 -0.6000
v 60.2121 -4.7121 -0.6000
v 60.0000 -4.5000 0.6000
v 60.2772 -4.6148 0.6000
v 60.3000 -4.5000 0.6000
v 60.0000 -4.5000 -0.6000
v 60.3000 -4.5000 -0.6000
v 60.2772 -4.6148 -0.6000
v 70.7000 -4.5000 -0.6000
v 70.7228 -4.6148 -0.6000
v 70.7228 -4.6148 0.6000
v 70.7000 -4.5000 0.6000
v 70.7228 -4.6148 -0.6000
v 70.7879 -4.7121 -0.6000
v 70.7879 -4.7121 0.6000
v 70.7228 -4.6148 0.6000
v 70.7879 -4.7121 -0.6000
v 70.8852 -4.7772 -0.6000
v 70.8852 -4.7772 0.6000
v 70.7879 -4.7121 0.6000
v 70.8852 -4.7772 -0.6000
v 71.0000 -4.8000 -0.6000
v 71.0000 -4.8000 0.6000
v 70.8852 -4.7772 0.6000
v 71.0000 -4.8000 -0.6000
v 71.1148 -4.7772 -0.6000
v 71.1148 -4.7772 0.6000
v 71.0000 -4.8000 0.6000
v 71.1148 -4.7772 -0.6000
v 71.2121 -4.7121 -0.6000
v 71.2121 -4.7121 0.6000
v 71.1148 -4.7772 0.6000
v 71.2121 -4.7121 -0.6000
v 71.2772 -4.6148 -0.6000
v 71.2772 -4.6148 0.6000
v 71.2121 -4.7121 0.6000
v 71.2772 -4.6148 -0.6000
v 71.3000 -4.5000 -0.6000
v 71.3000 -4.5000 0.6000
v 71.2772 -4.6148 0.6000
v 71.0000 -4.5000 0.6000
v 70.7000 -4.5000 0.6000
v 70.7228 -4.6148 0.6000
v 71.0000 -4.5000 -0.6000
v 70.7228 -4.6148 -0.6000
v 70.7000 -4.5000 -0.6000
v 71.0000 -4.5000 0.6000
v 70.7228 -4.6148 0.6000
v 70.7879 -4.7121 0.6000
v 71.0000 -4.5000 -0.6000
v 70.7879 -4.7121 -0.6000
v 70.7228 -4.6148 -0.6000
v 71.0000 -4.5000 0.6000
v 70.7879 -4.7121 0.6000
v 70.8852 -4.7772 0.6000
v 71.0000 -4.5000 -0.6000
v 70.8852 -4.7772 -0.6000
v 70.7879 -4.7121 -0.6000
v 71.0000 -4.5000 0.6000
v 70.8852 -4.7772 0.6000
v 71.0000 -4.8000 0.6000
v 71.0000 -4.5000 -0.6000
v 71.0000 -4.8000 -0.6000
v 70.8852 -4.7772 -0.6000
v 71.0000 -4.5000 0.6000
v 71.0000 -4.8000 0.6000
v 71.1148 -4.7772 0.6000
v 71.0000 -4.5000 -0.6000
v 71.1148 -4.7772 -0.6000
v 71.0000 -4.8000 -0.6000
v 71.0000 -4.5000 0.6000
v 71.1148 -4.7772 0.6000
v 71.2121 -4.7121 0.6000
v 71.0000 -4.5000 -0.6000
v 71.2121 -4.7121 -0.6000
v 71.1148 -4.7772 -0.6000
v 71.0000 -4.5000 0.6000
v 71.2121 -4.7121 0.6000
v 71.2772 -4.6148 0.6000
v 71.0000 -4.5000 -0.6000
v 71.2772 -4.6148 -0.6000
v 71.2121 -4.7121 -0.6000
v 71.0000 -4.5000 0.6000
v 71.2772 -4.6148 0.6000
v 71.3000 -4.5000 0.6000
v 71.0000 -4.5000 -0.6000
v 71.3000 -4.5000 -0.6000
v 71.2772 -4.6148 -0.6000
v 81.7000 -4.5000 -0.6000
v 81.7228 -4.6148 -0.6000
v 81.7228 -4.6148 0.6000
v 81.7000 -4.5000 0.6000
v 81.7228 -4.6148 -0.6000
v 81.7879 -4.7121 -0.6000
v 81.7879 -4.7121 0.6000
v 81.7228 -4.6148 0.6000
v 81.7879 -4.7121 -0.6000
v 81.8852 -4.7772 -0.6000
v 81.8852 -4.7772 0.6000
v 81.7879 -4.7121 0.6000
v 81.8852 -4.7772 -0.6000
v 82.0000 -4.8000 -0.6000
v 82.0000 -4.8000 0.6000
v 81.8852 -4.7772 0.6000
v 82.0000 -4.8000 -0.6000
v 82.1148 -4.7772 -0.6000
v 82.1148 -4.7772 0.6000
v 82.0000 -4.8000 0.6000
v 82.1148 -4.7772 -0.6000
v 82.2121 -4.7121 -0.6000
v 82.2121 -4.7121 0.6000
v 82.1148 -4.7772 0.6000
v 82.2121 -4.7121 -0.6000
v 82.2772 -4.6148 -0.6000
v 82.2772 -4.6148 0.6000
v 82.2121 -4.7121 0.6000
v 82.2772 -4.6148 -0.6000
v 82.3000 -4.5000 -0.6000
v 82.3000 -4.5000 0.6000
v 82.2772 -4.6148 0.6000
v 82.0000 -4.5000 0.6000
v 81.7000 -4.5000 0.6000
v 81.7228 -4.6148 0.6000
v 82.0000 -4.5000 -0.6000
v 81.7228 -4.6148 -0.6000
v 81.7000 -4.5000 -0.6000
v 82.0000 -4.5000 0.6000
v 81.7228 -4.6148 0.6000
v 81.7879 -4.7121 0.6000
v 82.0000 -4.5000 -0.6000
v 81.7879 -4.7121 -0.6000
v 81.7228 -4.6148 -0.6000
v 82.0000 -4.5000 0.6000
v 81.7879 -4.7121 0.6000
v 81.8852 -4.7772 0.6000
v 82.0000 -4.5000 -0.6000
v 81.8852 -4.7772 -0.6000
v 81.7879 -4.7121 -0.6000
v 82.0000 -4.5000 0.6000
v 81.8852 -4.7772 0.6000
v 82.0000 -4.8000 0.6000
v 82.0000 -4.5000 -0.6000
v 82.0000 -4.8000 -0.6000
v 81.8852 -4.7772 -0.6000
v 82.0000 -4.5000 0.6000
v 82.0000 -4.8000 0.6000
v 82.1148 -4.7772 0.6000
v 82.0000 -4.5000 -0.6000
v 82.1148 -4.7772 -0.6000
v 82.0000 -4.8000 -0.6000
v 82.0000 -4.5000 0.6000
v 82.1148 -4.7772 0.6000
v 82.2121 -4.7121 0.6000
v 82.0000 -4.5000 -0.6000
v 82.2121 -4.7121 -0.6000
v 82.1148 -4.7772 -0.6000
v 82.0000 -4.5000 0.6000
v 82.2121 -4.7121 0.6000
v 82.2772 -4.6148 0.6000
v 82.0000 -4.5000 -0.6000
v 82.2772 -4.6148 -0.6000
v 82.2121 -4.7121 -0.6000
v 82.0000 -4.5000 0.6000
v 82.2772 -4.6148 0.6000
v 82.3000 -4.5000 0.6000
v 82.0000 -4.5000 -0.6000
v 82.3000 -4.5000 -0.6000
v 82.2772 -4.6148 -0.6000
v 92.7000 -4.5000 -0.6000
v 92.7228 -4.6148 -0.6000
v 92.7228 -4.6148 0.6000
v 92.7000 -4.5000 0.6000
v 92.7228 -4.6148 -0.6000
v 92.7879 -4.7121 -0.6000
v 92.7879 -4.7121 0.6000
v 92.7228 -4.6148 0.6000
v 92.7879 -4.7121 -0.6000
v 92.8852 -4.7772 -0.6000
v 92.8852 -4.7772 0.6000
v 92.7879 -4.7121 0.6000
v 92.8852 -4.7772 -0.6000
v 93.0000 -4.8000 -0.6000
v 93.0000 -4.8000 0.6000
v 92.8852 -4.7772 0.6000
v 93.0000 -4.8000 -0.6000
v 93.1148 -4.7772 -0.6000
v 93.1148 -4.7772 0.6000
v 93.0000 -4.8000 0.6000
v 93.1148 -4.7772 -0.6000
v 93.2121 -4.7121 -0.6000
v 93.2121 -4.7121 0.6000
v 93.1148 -4.7772 0.6000
v 93.2121 -4.7121 -0.6000
v 93.2772 -4.6148 -0.6000
v 93.2772 -4.6148 0.6000
v 93.2121 -4.7121 0.6000
v 93.2772 -4.6148 -0.6000
v 93.3000 -4.5000 -0.6000
v 93.3000 -4.5000 0.6000
v 93.2772 -4.6148 0.6000
v 93.0000 -4.5000 0.6000
v 92.7000 -4.5000 0.6000
v 92.7228 -4.6148 0.6000
v 93.0000 -4.5000 -0.6000
v 92.7228 -4.6148 -0.6000
v 92.7000 -4.5000 -0.6000
v 93.0000 -4.5000 0.6000
v 92.7228 -4.6148 0.6000
v 92.7879 -4.7121 0.6000
v 93.0000 -4.5000 -0.6000
v 92.7879 -4.7121 -0.6000
v 92.7228 -4.6148 -0.6000
v 93.0000 -4.5000 0.6000
v 92.7879 -4.7121 0.6000
v 92.8852 -4.7772 0.6000
v 93.0000 -4.5000 -0.6000
v 92.8852 -4.7772 -0.6000
v 92.7879 -4.7121 -0.6000
v 93.0000 -4.5000 0.6000
v 92.8852 -4.7772 0.6000
v 93.0000 -4.8000 0.6000
v 93.0000 -4.5000 -0.6000
v 93.0000 -4.8000 -0.6000
v 92.8852 -4.7772 -0.6000
v 93.0000 -4.5000 0.6000
v 93.0000 -4.8000 0.6000
v 93.1148 -4.7772 0.6000
v 93.0000 -4.5000 -0.6000
v 93.1148 -4.7772 -0.6000
v 93.0000 -4.8000 -0.6000
v 93.0000 -4.5000 0.6000
v 93.1148 -4.7772 0.6000
v 93.2121 -4.7121 0.6000
v 93.0000 -4.5000 -0.6000
v 93.2121 -4.7121 -0.6000
v 93.1148 -4.7772 -0.6000
v 93.0000 -4.5000 0.6000
v 93.2121 -4.7121 0.6000
v 93.2772 -4.6148 0.6000
v 93.0000 -4.5000 -0.6000
v 93.2772 -4.6148 -0.6000
v 93.2121 -4.7121 -0.6000
v 93.0000 -4.5000 0.6000
v 93.2772 -4.6148 0.6000
v 93.3000 -4.5000 0.6000
v 93.0000 -4.5000 -0.6000
v 93.3000 -4.5000 -0.6000
v 93.2772 -4.6148 -0.6000
v 103.7000 -4.5000 -0.6000
v 103.7228 -4.6148 -0.6000
v 103.7228 -4.6148 0.6000
v 103.7000 -4.5000 0.6000
v 103.7228 -4.6148 -0.6000
v 103.7879 -4.7121 -0.6000
v 103.7879 -4.7121 0.6000
v 103.7228 -4.6148 0.6000
v 103.7879 -4.7121 -0.6000
v 103.8852 -4.7772 -0.6000
v 103.8852 -4.7772 0.6000
v 103.7879 -4.7121 0.6000
v 103.8852 -4.7772 -0.6000
v 104.0000 -4.8000 -0.6000
v 104.0000 -4.8000 0.6000
v 103.8852 -4.7772 0.6000
v 104.0000 -4.8000 -0.6000
v 104.1148 -4.7772 -0.6000
v 104.1148 -4.7772 0.6000
v 104.0000 -4.8000 0.6000
v 104.1148 -4.7772 -0.6000
v 104.2121 -4.7121 -0.6000
v 104.2121 -4.7121 0.6000
v 104.1148 -4.7772 0.6000
v 104.2121 -4.7121 -0.6000
v 104.2772 -4.6148 -0.6000
v 104.2772 -4.6148 0.6000
v 104.2121 -4.7121 0.6000
v 104.2772 -4.6148 -0.6000
v 104.3000 -4.5000 -0.6000
v 104.3000 -4.5000 0.6000
v 104.2772 -4.6148 0.6000
v 104.0000 -4.5000 0.6000
v 103.7000 -4.5000 0.6000
v 103.7228 -4.6148 0.6000
v 104.0000 -4.5000 -0.6000
v 103.7228 -4.6148 -0.6000
v 103.7000 -4.5000 -0.6000
v 104.0000 -4.5000 0.6000
v 103.7228 -4.6148 0.6000
v 103.7879 -4.7121 0.6000
v 104.0000 -4.5000 -0.6000
v 103.7879 -4.7121 -0.6000
v 103.7228 -4.6148 -0.6000
v 104.0000 -4.5000 0.6000
v 103.7879 -4.7121 0.6000
v 103.8852 -4.7772 0.6000
v 104.0000 -4.5000 -0.6000
v 103.8852 -4.7772 -0.6000
v 103.7879 -4.7121 -0.6000
v 104.0000 -4.5000 0.6000
v 103.8852 -4.7772 0.6000
v 104.0000 -4.8000 0.6000
v 104.0000 -4.5000 -0.6000
v 104.0000 -4.8000 -0.6000
v 103.8852 -4.7772 -0.6000
v 104.0000 -4.5000 0.6000
v 104.0000 -4.8000 0.6000
v 104.1148 -4.7772 0.6000
v 104.0000 -4.5000 -0.6000
v 104.1148 -4.7772 -0.6000
v 104.0000 -4.8000 -0.6000
v 104.0000 -4.5000 0.6000
v 104.1148 -4.7772 0.6000
v 104.2121 -4.7121 0.6000
v 104.0000 -4.5000 -0.6000
v 104.2121 -4.7121 -0.6000
v 104.1148 -4.7772 -0.6000
v 104.0000 -4.5000 0.6000
v 104.2121 -4.7121 0.6000
v 104.2772 -4.6148 0.6000
v 104.0000 -4.5000 -0.6000
v 104.2772 -4.6148 -0.6000
v 104.2121 -4.7121 -0.6000
v 104.0000 -4.5000 0.6000
v 104.2772 -4.6148 0.6000
v 104.3000 -4.5000 0.6000
v 104.0000 -4.5000 -0.6000
v 104.3000 -4.5000 -0.6000
v 104.2772 -4.6148 -0.6000
v 120.0000 0.2000 -0.6000
v 120.1148 0.2228 -0.6000
v 120.1148 0.2228 0.6000
v 120.0000 0.2000 0.6000
v 120.1148 0.2228 -0.6000
v 120.2121 0.2879 -0.6000
v 120.2121 0.2879 0.6000
v 120.1148 0.2228 0.6000
v 120.2121 0.2879 -0.6000
v 120.2772 0.3852 -0.6000
v 120.2772 0.3852 0.6000
v 120.2121 0.2879 0.6000
v 120.2772 0.3852 -0.6000
v 120.3000 0.5000 -0.6000
v 120.3000 0.5000 0.6000
v 120.2772 0.3852 0.6000
v 120.3000 0.5000 -0.6000
v 120.2772 0.6148 -0.6000
v 120.2772 0.6148 0.6000
v 120.3000 0.5000 0.6000
v 120.2772 0.6148 -0.6000
v 120.2121 0.7121 -0.6000
v 120.2121 0.7121 0.6000
v 120.2772 0.6148 0.6000
v 120.2121 0.7121 -0.6000
v 120.1148 0.7772 -0.6000
v 120.1148 0.7772 0.6000
v 120.2121 0.7121 0.6000
v 120.1148 0.7772 -0.6000
v 120.0000 0.8000 -0.6000
v 120.0000 0.8000 0.6000
v 120.1148 0.7772 0.6000
v 120.0000 0.5000 0.6000
v 120.0000 0.2000 0.6000
v 120.1148 0.2228 0.6000
v 120.0000 0.5000 -0.6000
v 120.1148 0.2228 -0.6000
v 120.0000 0.2000 -0.6000
v 120.0000 0.5000 0.6000
v 120.1148 0.2228 0.6000
v 120.2121 0.2879 0.6000
v 120.0000 0.5000 -0.6000
v 120.2121 0.2879 -0.6000
v 120.1148 0.2228 -0.6000
v 120.0000 0.5000 0.6000
v 120.2121 0.2879 0.6000
v 120.2772 0.3852 0.6000
v 120.0000 0.5000 -0.6000
v 120.2772 0.3852 -0.6000
v 120.2121 0.2879 -0.6000
v 120.0000 0.5000 0.6000
v 120.2772 0.3852 0.6000
v 120.3000 0.5000 0.6000
v 120.0000 0.5000 -0.6000
v 120.3000 0.5000 -0.6000
v 120.2772 0.3852 -0.6000
v 120.0000 0.5000 0.6000
v 120.3000 0.5000 0.6000
v 120.2772 0.6148 0.6000
v 120.0000 0.5000 -0.6000
v 120.2772 0.6148 -0.6000
v 120.3000 0.5000 -0.6000
v 120.0000 0.5000 0.6000
v 120.2772 0.6148 0.6000
v 120.2121 0.7121 0.6000
v 120.0000 0.5000 -0.6000
v 120.2121 0.7121 -0.6000
v 120.2772 0.6148 -0.6000
v 120.0000 0.5000 0.6000
v 120.2121 0.7121 0.6000
v 120.1148 0.7772 0.6000
v 120.0000 0.5000 -0.6000
v 120.1148 0.7772 -0.6000
v 120.2121 0.7121 -0.6000
v 120.0000 0.5000 0.6000
v 120.1148 0.7772 0.6000
v 120.0000 0.8000 0.6000
v 120.0000 0.5000 -0.6000
v 120.0000 0.8000 -0.6000
v 120.1148 0.7772 -0.6000
v 120.0000 11.2000 -0.6000
v 120.1148 11.2228 -0.6000
v 120.1148 11.2228 0.6000
v 120.0000 11.2000 0.6000
v 120.1148 11.2228 -0.6000
v 120.2121 11.2879 -0.6000
v 120.2121 11.2879 0.6000
v 120.1148 11.2228 0.6000
v 120.2121 11.2879 -0.6000
v 120.2772 11.3852 -0.6000
v 120.2772 11.3852 0.6000
v 120.2121 11.2879 0.6000
v 120.2772 11.3852 -0.6000
v 120.3000 11.5000 -0.6000
v 120.3000 11.5000 0.6000
v 120.2772 11.3852 0.6000
v 120.3000 11.5000 -0.6000
v 120.2772 11.6148 -0.6000
v 120.2772 11.6148 0.6000
v 120.3000 11.5000 0.6000
v 120.2772 11.6148 -0.6000
v 120.2121 11.7121 -0.6000
v 120.2121 11.7121 0.6000
v 120.2772 11.6148 0.6000
v 120.2121 11.7121 -0.6000
v 120.1148 11.7772 -0.6000
v 120.1148 11.7772 0.6000
v 120.2121 11.7121 0.6000
v 120.1148 11.7772 -0.6000
v 120.0000 11.8000 -0.6000
v 120.0000 11.8000 0.6000
v 120.1148 11.7772 0.6000
v 120.0000 11.5000 0.6000
v 120.0000 11.2000 0.6000
v 120.1148 11.2228 0.6000
v 120.0000 11.5000 -0.6000
v 120.1148 11.2228 -0.6000
v 120.0000 11.2000 -0.6000
v 120.0000 11.5000 0.6000
v 120.1148 11.2228 0.6000
v 120.2121 11.2879 0.6000
v 120.0000 11.5000 -0.6000
v 120.2121 11.2879 -0.6000
v 120.1148 11.2228 -0.6000
v 120.0000 11.5000 0.6000
v 120.2121 11.2879 0.6000
v 120.2772 11.3852 0.6000
v 120.0000 11.5000 -0.6000
v 120.2772 11.3852 -0.6000
v 120.2121 11.2879 -0.6000
v 120.0000 11.5000 0.6000
v 120.2772 11.3852 0.6000
v 120.3000 11.5000 0.6000
v 120.0000 11.5000 -0.6000
v 120.3000 11.5000 -0.6000
v 120.2772 11.3852 -0.6000
v 120.0000 11.5000 0.6000
v 120.3000 11.5000 0.6000
v 120.2772 11.6148 0.6000
v 120.0000 11.5000 -0.6000
v 120.2772 11.6148 -0.6000
v 120.3000 11.5000 -0.6000
v 120.0000 11.5000 0.6000
v 120.2772 11.6148 0.6000
v 120.2121 11.7121 0.6000
v 120.0000 11.5000 -0.6000
v 120.2121 11.7121 -0.6000
v 120.2772 11.6148 -0.6000
v 120.0000 11.5000 0.6000
v 120.2121 11.7121 0.6000
v 120.1148 11.7772 0.6000
v 120.0000 11.5000 -0.6000
v 120.1148 11.7772 -0.6000
v 120.2121 11.7121 -0.6000
v 120.0000 11.5000 0.6000
v 120.1148 11.7772 0.6000
v 120.0000 11.8000 0.6000
v 120.0000 11.5000 -0.6000
v 120.0000 11.8000 -0.6000
v 120.1148 11.7772 -0.6000
v 120.0000 22.2000 -0.6000
v 120.1148 22.2228 -0.6000
v 120.1148 22.2228 0.6000
v 120.0000 22.2000 0.6000
v 120.1148 22.2228 -0.6000
v 120.2121 22.2879 -0.6000
v 120.2121 22.2879 0.6000
v 120.1148 22.2228 0.6000
v 120.2121 22.2879 -0.6000
v 120.2772 22.3852 -0.6000
v 120.2772 22.3852 0.6000
v 120.2121 22.2879 0.6000
v 120.2772 22.3852 -0.6000
v 120.3000 22.5000 -0.6000
v 120.3000 22.5000 0.6000
v 120.2772 22.3852 0.6000
v 120.3000 22.5000 -0.6000
v 120.2772 22.6148 -0.6000
v 120.2772 22.6148 0.6000
v 120.3000 22.5000 0.6000
v 120.2772 22.6148 -0.6000
v 120.2121 22.7121 -0.6000
v 120.2121 22.7121 0.6000
v 120.2772 22.6148 0.6000
v 120.2121 22.7121 -0.6000
v 120.1148 22.7772 -0.6000
v 120.1148 22.7772 0.6000
v 120.2121 22.7121 0.6000
v 120.1148 22.7772 -0.6000
v 120.0000 22.8000 -0.6000
v 120.0000 22.8000 0.6000
v 120.1148 22.7772 0.6000
v 120.0000 22.5000 0.6000
v 120.0000 22.2000 0.6000
v 120.1148 22.2228 0.6000
v 120.0000 22.5000 -0.6000
v 120.1148 22.2228 -0.6000
v 120.0000 22.2000 -0.6000
v 120.0000 22.5000 0.6000
v 120.1148 22.2228 0.6000
v 120.2121 22.2879 0.6000
v 120.0000 22.5000 -0.6000
v 120.2121 22.2879 -0.6000
v 120.1148 22.2228 -0.6000
v 120.0000 22.5000 0.6000
v 120.2121 22.2879 0.6000
v 120.2772 22.3852 0.6000
v 120.0000 22.5000 -0.6000
v 120.2772 22.3852 -0.6000
v 120.2121 22.2879 -0.6000
v 120.0000 22.5000 0.6000
v 120.2772 22.3852 0.6000
v 120.3000 22.5000 0.6000
v 120.0000 22.5000 -0.6000
v 120.3000 22.5000 -0.6000
v 120.2772 22.3852 -0.6000
v 120.0000 22.5000 0.6000
v 120.3000 22.5000 0.6000
v 120.2772 22.6148 0.6000
v 120.0000 22.5000 -0.6000
v 120.2772 22.6148 -0.6000
v 120.3000 22.5000 -0.6000
v 120.0000 22.5000 0.6000
v 120.2772 22.6148 0.6000
v 120.2121 22.7121 0.6000
v 120.0000 22.5000 -0.6000
v 120.2121 22.7121 -0.6000
v 120.2772 22.6148 -0.6000
v 120.0000 22.5000 0.6000
v 120.2121 22.7121 0.6000
v 120.1148 22.7772 0.6000
v 120.0000 22.5000 -0.6000
v 120.1148 22.7772 -0.6000
v 120.2121 22.7121 -0.6000
v 120.0000 22.5000 0.6000
v 120.1148 22.7772 0.6000
v 120.0000 22.8000 0.6000
v 120.0000 22.5000 -0.6000
v 120.0000 22.8000 -0.6000
v 120.1148 22.7772 -0.6000
v 5.3500 -3.8500 1.8000
v 5.3031 -3.6750 1.8000
v 5.3031 -3.6750 1.8800
v 5.3500 -3.8500 1.8800
v 5.3031 -3.6750 1.8000
v 5.1750 -3.5469 1.8000
v 5.1750 -3.5469 1.8800
v 5.3031 -3.6750 1.8800
v 5.1750 -3.5469 1.8000
v 5.0000 -3.5000 1.8000
v 5.0000 -3.5000 1.8800
v 5.1750 -3.5469 1.8800
v 5.0000 -3.5000 1.8000
v 4.8250 -3.5469 1.8000
v 4.8250 -3.5469 1.8800
v 5.0000 -3.5000 1.8800
v 4.8250 -3.5469 1.8000
v 4.6969 -3.6750 1.8000
v 4.6969 -3.6750 1.8800
v 4.8250 -3.5469 1.8800
v 4.6969 -3.6750 1.8000
v 4.6500 -3.8500 1.8000
v 4.6500 -3.8500 1.8800
v 4.6969 -3.6750 1.8800
v 4.6500 -3.8500 1.8000
v 4.6969 -4.0250 1.8000
v 4.6969 -4.0250 1.8800
v 4.6500 -3.8500 1.8800
v 4.6969 -4.0250 1.8000
v 4.8250 -4.1531 1.8000
v 4.8250 -4.1531 1.8800
v 4.6969 -4.0250 1.8800
v 4.8250 -4.1531 1.8000
v 5.0000 -4.2000 1.8000
v 5.0000 -4.2000 1.8800
v 4.8250 -4.1531 1.8800
v 5.0000 -4.2000 1.8000
v 5.1750 -4.1531 1.8000
v 5.1750 -4.1531 1.8800
v 5.0000 -4.2000 1.8800
v 5.1750 -4.1531 1.8000
v 5.3031 -4.0250 1.8000
v 5.3031 -4.0250 1.8800
v 5.1750 -4.1531 1.8800
v 5.3031 -4.0250 1.8000
v 5.3031 -4.0250 1.8800
v 5.3500 -3.8500 1.8800
v 5.3500 -3.8500 1.8000
v 5.0000 -3.8500 1.8800
v 5.3500 -3.8500 1.8800
v 5.3031 -3.6750 1.8800
v 5.0000 -3.8500 1.8000
v 5.3031 -3.6750 1.8000
v 5.3500 -3.8500 1.8000
v 5.0000 -3.8500 1.8800
v 5.3031 -3.6750 1.8800
v 5.1750 -3.5469 1.8800
v 5.0000 -3.8500 1.8000
v 5.1750 -3.5469 1.8000
v 5.3031 -3.6750 1.8000
v 5.0000 -3.8500 1.8800
v 5.1750 -3.5469 1.8800
v 5.0000 -3.5000 1.8800
v 5.0000 -3.8500 1.8000
v 5.0000 -3.5000 1.8000
v 5.1750 -3.5469 1.8000
v 5.0000 -3.8500 1.8800
v 5.0000 -3.5000 1.8800
v 4.8250 -3.5469 1.8800
v 5.0000 -3.8500 1.8000
v 4.8250 -3.5469 1.8000
v 5.0000 -3.5000 1.8000
v 5.0000 -3.8500 1.8800
v 4.8250 -3.5469 1.8800
v 4.6969 -3.6750 1.8800
v 5.0000 -3.8500 1.8000
v 4.6969 -3.6750 1.8000
v 4.8250 -3.5469 1.8000
v 5.0000 -3.8500 1.8800
v 4.6969 -3.6750 1.8800
v 4.6500 -3.8500 1.8800
v 5.0000 -3.8500 1.8000
v 4.6500 -3.8500 1.8000
v 4.6969 -3.6750 1.8000
v 5.0000 -3.8500 1.8800
v 4.6500 -3.8500 1.8800
v 4.6969 -4.0250 1.8800
v 5.0000 -3.8500 1.8000
v 4.6969 -4.0250 1.8000
v 4.6500 -3.8500 1.8000
v 5.0000 -3.8500 1.8800
v 4.6969 -4.0250 1.8800
v 4.8250 -4.1531 1.8800
v 5.0000 -3.8500 1.8000
v 4.8250 -4.1531 1.8000
v 4.6969 -4.0250 1.8000
v 5.0000 -3.8500 1.8800
v 4.8250 -4.1531 1.8800
v 5.0000 -4.2000 1.8800
v 5.0000 -3.8500 1.8000
v 5.0000 -4.2000 1.8000
v 4.8250 -4.1531 1.8000
v 5.0000 -3.8500 1.8800
v 5.0000 -4.2000 1.8800
v 5.1750 -4.1531 1.8800
v 5.0000 -3.8500 1.8000
v 5.1750 -4.1531 1.8000
v 5.0000 -4.2000 1.8000
v 5.0000 -3.8500 1.8800
v 5.1750 -4.1531 1.8800
v 5.3031 -4.0250 1.8800
v 5.0000 -3.8500 1.8000
v 5.3031 -4.0250 1.8000
v 5.1750 -4.1531 1.8000
v 5.0000 -3.8500 1.8800
v 5.3031 -4.0250 1.8800
v 5.3500 -3.8500 1.8800
v 5.0000 -3.8500 1.8000
v 5.3500 -3.8500 1.8000
v 5.3031 -4.0250 1.8000
v 5.2200 -3.8500 1.8800
v 5.1905 -3.7400 1.8800
v 5.1905 -3.7400 2.3500
v 5.2200 -3.8500 2.3500
v 5.1905 -3.7400 1.8800
v 5.1100 -3.6595 1.8800
v 5.1100 -3.6595 2.3500
v 5.1905 -3.7400 2.3500
v 5.1100 -3.6595 1.8800
v 5.0000 -3.6300 1.8800
v 5.0000 -3.6300 2.3500
v 5.1100 -3.6595 2.3500
v 5.0000 -3.6300 1.8800
v 4.8900 -3.6595 1.8800
v 4.8900 -3.6595 2.3500
v 5.0000 -3.6300 2.3500
v 4.8900 -3.6595 1.8800
v 4.8095 -3.7400 1.8800
v 4.8095 -3.7400 2.3500
v 4.8900 -3.6595 2.3500
v 4.8095 -3.7400 1.8800
v 4.7800 -3.8500 1.8800
v 4.7800 -3.8500 2.3500
v 4.8095 -3.7400 2.3500
v 4.7800 -3.8500 1.8800
v 4.8095 -3.9600 1.8800
v 4.8095 -3.9600 2.3500
v 4.7800 -3.8500 2.3500
v 4.8095 -3.9600 1.8800
v 4.8900 -4.0405 1.8800
v 4.8900 -4.0405 2.3500
v 4.8095 -3.9600 2.3500
v 4.8900 -4.0405 1.8800
v 5.0000 -4.0700 1.8800
v 5.0000 -4.0700 2.3500
v 4.8900 -4.0405 2.3500
v 5.0000 -4.0700 1.8800
v 5.1100 -4.0405 1.8800
v 5.1100 -4.0405 2.3500
v 5.0000 -4.0700 2.3500
v 5.1100 -4.0405 1.8800
v 5.1905 -3.9600 1.8800
v 5.1905 -3.9600 2.3500
v 5.1100 -4.0405 2.3500
v 5.1905 -3.9600 1.8800
v 5.1905 -3.9600 2.3500
v 5.2200 -3.8500 2.3500
v 5.2200 -3.8500 1.8800
v 5.2900 -3.8500 2.3500
v 5.2511 -3.7050 2.3500
v 5.2511 -3.7050 2.4800
v 5.2900 -3.8500 2.4800
v 5.2511 -3.7050 2.3500
v 5.1450 -3.5989 2.3500
v 5.1450 -3.5989 2.4800
v 5.2511 -3.7050 2.4800
v 5.1450 -3.5989 2.3500
v 5.0000 -3.5600 2.3500
v 5.0000 -3.5600 2.4800
v 5.1450 -3.5989 2.4800
v 5.0000 -3.5600 2.3500
v 4.8550 -3.5989 2.3500
v 4.8550 -3.5989 2.4800
v 5.0000 -3.5600 2.4800
v 4.8550 -3.5989 2.3500
v 4.7489 -3.7050 2.3500
v 4.7489 -3.7050 2.4800
v 4.8550 -3.5989 2.4800
v 4.7489 -3.7050 2.3500
v 4.7100 -3.8500 2.3500
v 4.7100 -3.8500 2.4800
v 4.7489 -3.7050 2.4800
v 4.7100 -3.8500 2.3500
v 4.7489 -3.9950 2.3500
v 4.7489 -3.9950 2.4800
v 4.7100 -3.8500 2.4800
v 4.7489 -3.9950 2.3500
v 4.8550 -4.1011 2.3500
v 4.8550 -4.1011 2.4800
v 4.7489 -3.9950 2.4800
v 4.8550 -4.1011 2.3500
v 5.0000 -4.1400 2.3500
v 5.0000 -4.1400 2.4800
v 4.8550 -4.1011 2.4800
v 5.0000 -4.1400 2.3500
v 5.1450 -4.1011 2.3500
v 5.1450 -4.1011 2.4800
v 5.0000 -4.1400 2.4800
v 5.1450 -4.1011 2.3500
v 5.2511 -3.9950 2.3500
v 5.2511 -3.9950 2.4800
v 5.1450 -4.1011 2.4800
v 5.2511 -3.9950 2.3500
v 5.2511 -3.9950 2.4800
v 5.2900 -3.8500 2.4800
v 5.2900 -3.8500 2.3500
v 5.0000 -3.8500 2.4800
v 5.2900 -3.8500 2.4800
v 5.2511 -3.7050 2.4800
v 5.0000 -3.8500 2.3500
v 5.2511 -3.7050 2.3500
v 5.2900 -3.8500 2.3500
v 5.0000 -3.8500 2.4800
v 5.2511 -3.7050 2.4800
v 5.1450 -3.5989 2.4800
v 5.0000 -3.8500 2.3500
v 5.1450 -3.5989 2.3500
v 5.2511 -3.7050 2.3500
v 5.0000 -3.8500 2.4800
v 5.1450 -3.5989 2.4800
v 5.0000 -3.5600 2.4800
v 5.0000 -3.8500 2.3500
v 5.0000 -3.5600 2.3500
v 5.1450 -3.5989 2.3500
v 5.0000 -3.8500 2.4800
v 5.0000 -3.5600 2.4800
v 4.8550 -3.5989 2.4800
v 5.0000 -3.8500 2.3500
v 4.8550 -3.5989 2.3500
v 5.0000 -3.5600 2.3500
v 5.0000 -3.8500 2.4800
v 4.8550 -3.5989 2.4800
v 4.7489 -3.7050 2.4800
v 5.0000 -3.8500 2.3500
v 4.7489 -3.7050 2.3500
v 4.8550 -3.5989 2.3500
v 5.0000 -3.8500 2.4800
v 4.7489 -3.7050 2.4800
v 4.7100 -3.8500 2.4800
v 5.0000 -3.8500 2.3500
v 4.7100 -3.8500 2.3500
v 4.7489 -3.7050 2.3500
v 5.0000 -3.8500 2.4800
v 4.7100 -3.8500 2.4800
v 4.7489 -3.9950 2.4800
v 5.0000 -3.8500 2.3500
v 4.7489 -3.9950 2.3500
v 4.7100 -3.8500 2.3500
v 5.0000 -3.8500 2.4800
v 4.7489 -3.9950 2.4800
v 4.8550 -4.1011 2.4800
v 5.0000 -3.8500 2.3500
v 4.8550 -4.1011 2.3500
v 4.7489 -3.9950 2.3500
v 5.0000 -3.8500 2.4800
v 4.8550 -4.1011 2.4800
v 5.0000 -4.1400 2.4800
v 5.0000 -3.8500 2.3500
v 5.0000 -4.1400 2.3500
v 4.8550 -4.1011 2.3500
v 5.0000 -3.8500 2.4800
v 5.0000 -4.1400 2.4800
v 5.1450 -4.1011 2.4800
v 5.0000 -3.8500 2.3500
v 5.1450 -4.1011 2.3500
v 5.0000 -4.1400 2.3500
v 5.0000 -3.8500 2.4800
v 5.1450 -4.1011 2.4800
v 5.2511 -3.9950 2.4800
v 5.0000 -3.8500 2.3500
v 5.2511 -3.9950 2.3500
v 5.1450 -4.1011 2.3500
v 5.0000 -3.8500 2.4800
v 5.2511 -3.9950 2.4800
v 5.2900 -3.8500 2.4800
v 5.0000 -3.8500 2.3500
v 5.2900 -3.8500 2.3500
v 5.2511 -3.9950 2.3500
v 4.6200 -3.9300 2.2400
v 5.3800 -3.9300 2.2400
v 5.3800 -3.7700 2.2400
v 4.6200 -3.7700 2.2400
v 4.6200 -3.7700 2.1600
v 5.3800 -3.7700 2.1600
v 5.3800 -3.9300 2.1600
v 4.6200 -3.9300 2.1600
v 4.6200 -3.7700 2.1600
v 4.6200 -3.7700 2.2400
v 5.3800 -3.7700 2.2400
v 5.3800 -3.7700 2.1600
v 5.3800 -3.9300 2.1600
v 5.3800 -3.9300 2.2400
v 4.6200 -3.9300 2.2400
v 4.6200 -3.9300 2.1600
v 4.6200 -3.9300 2.1600
v 4.6200 -3.9300 2.2400
v 4.6200 -3.7700 2.2400
v 4.6200 -3.7700 2.1600
v 5.3800 -3.7700 2.1600
v 5.3800 -3.7700 2.2400
v 5.3800 -3.9300 2.2400
v 5.3800 -3.9300 2.1600
v 16.3500 -3.8500 1.8000
v 16.3031 -3.6750 1.8000
v 16.3031 -3.6750 1.8800
v 16.3500 -3.8500 1.8800
v 16.3031 -3.6750 1.8000
v 16.1750 -3.5469 1.8000
v 16.1750 -3.5469 1.8800
v 16.3031 -3.6750 1.8800
v 16.1750 -3.5469 1.8000
v 16.0000 -3.5000 1.8000
v 16.0000 -3.5000 1.8800
v 16.1750 -3.5469 1.8800
v 16.0000 -3.5000 1.8000
v 15.8250 -3.5469 1.8000
v 15.8250 -3.5469 1.8800
v 16.0000 -3.5000 1.8800
v 15.8250 -3.5469 1.8000
v 15.6969 -3.6750 1.8000
v 15.6969 -3.6750 1.8800
v 15.8250 -3.5469 1.8800
v 15.6969 -3.6750 1.8000
v 15.6500 -3.8500 1.8000
v 15.6500 -3.8500 1.8800
v 15.6969 -3.6750 1.8800
v 15.6500 -3.8500 1.8000
v 15.6969 -4.0250 1.8000
v 15.6969 -4.0250 1.8800
v 15.6500 -3.8500 1.8800
v 15.6969 -4.0250 1.8000
v 15.8250 -4.1531 1.8000
v 15.8250 -4.1531 1.8800
v 15.6969 -4.0250 1.8800
v 15.8250 -4.1531 1.8000
v 16.0000 -4.2000 1.8000
v 16.0000 -4.2000 1.8800
v 15.8250 -4.1531 1.8800
v 16.0000 -4.2000 1.8000
v 16.1750 -4.1531 1.8000
v 16.1750 -4.1531 1.8800
v 16.0000 -4.2000 1.8800
v 16.1750 -4.1531 1.8000
v 16.3031 -4.0250 1.8000
v 16.3031 -4.0250 1.8800
v 16.1750 -4.1531 1.8800
v 16.3031 -4.0250 1.8000
v 16.3031 -4.0250 1.8800
v 16.3500 -3.8500 1.8800
v 16.3500 -3.8500 1.8000
v 16.0000 -3.8500 1.8800
v 16.3500 -3.8500 1.8800
v 16.3031 -3.6750 1.8800
v 16.0000 -3.8500 1.8000
v 16.3031 -3.6750 1.8000
v 16.3500 -3.8500 1.8000
v 16.0000 -3.8500 1.8800
v 16.3031 -3.6750 1.8800
v 16.1750 -3.5469 1.8800
v 16.0000 -3.8500 1.8000
v 16.1750 -3.5469 1.8000
v 16.3031 -3.6750 1.8000
v 16.0000 -3.8500 1.8800
v 16.1750 -3.5469 1.8800
v 16.0000 -3.5000 1.8800
v 16.0000 -3.8500 1.8000
v 16.0000 -3.5000 1.8000
v 16.1750 -3.5469 1.8000
v 16.0000 -3.8500 1.8800
v 16.0000 -3.5000 1.8800
v 15.8250 -3.5469 1.8800
v 16.0000 -3.8500 1.8000
v 15.8250 -3.5469 1.8000
v 16.0000 -3.5000 1.8000
v 16.0000 -3.8500 1.8800
v 15.8250 -3.5469 1.8800
v 15.6969 -3.6750 1.8800
v 16.0000 -3.8500 1.8000
v 15.6969 -3.6750 1.8000
v 15.8250 -3.5469 1.8000
v 16.0000 -3.8500 1.8800
v 15.6969 -3.6750 1.8800
v 15.6500 -3.8500 1.8800
v 16.0000 -3.8500 1.8000
v 15.6500 -3.8500 1.8000
v 15.6969 -3.6750 1.8000
v 16.0000 -3.8500 1.8800
v 15.6500 -3.8500 1.8800
v 15.6969 -4.0250 1.8800
v 16.0000 -3.8500 1.8000
v 15.6969 -4.0250 1.8000
v 15.6500 -3.8500 1.8000
v 16.0000 -3.8500 1.8800
v 15.6969 -4.0250 1.8800
v 15.8250 -4.1531 1.8800
v 16.0000 -3.8500 1.8000
v 15.8250 -4.1531 1.8000
v 15.6969 -4.0250 1.8000
v 16.0000 -3.8500 1.8800
v 15.8250 -4.1531 1.8800
v 16.0000 -4.2000 1.8800
v 16.0000 -3.8500 1.8000
v 16.0000 -4.2000 1.8000
v 15.8250 -4.1531 1.8000
v 16.0000 -3.8500 1.8800
v 16.0000 -4.2000 1.8800
v 16.1750 -4.1531 1.8800
v 16.0000 -3.8500 1.8000
v 16.1750 -4.1531 1.8000
v 16.0000 -4.2000 1.8000
v 16.0000 -3.8500 1.8800
v 16.1750 -4.1531 1.8800
v 16.3031 -4.0250 1.8800
v 16.0000 -3.8500 1.8000
v 16.3031 -4.0250 1.8000
v 16.1750 -4.1531 1.8000
v 16.0000 -3.8500 1.8800
v 16.3031 -4.0250 1.8800
v 16.3500 -3.8500 1.8800
v 16.0000 -3.8500 1.8000
v 16.3500 -3.8500 1.8000
v 16.3031 -4.0250 1.8000
v 16.2200 -3.8500 1.8800
v 16.1905 -3.7400 1.8800
v 16.1905 -3.7400 2.3500
v 16.2200 -3.8500 2.3500
v 16.1905 -3.7400 1.8800
v 16.1100 -3.6595 1.8800
v 16.1100 -3.6595 2.3500
v 16.1905 -3.7400 2.3500
v 16.1100 -3.6595 1.8800
v 16.0000 -3.6300 1.8800
v 16.0000 -3.6300 2.3500
v 16.1100 -3.6595 2.3500
v 16.0000 -3.6300 1.8800
v 15.8900 -3.6595 1.8800
v 15.8900 -3.6595 2.3500
v 16.0000 -3.6300 2.3500
v 15.8900 -3.6595 1.8800
v 15.8095 -3.7400 1.8800
v 15.8095 -3.7400 2.3500
v 15.8900 -3.6595 2.3500
v 15.8095 -3.7400 1.8800
v 15.7800 -3.8500 1.8800
v 15.7800 -3.8500 2.3500
v 15.8095 -3.7400 2.3500
v 15.7800 -3.8500 1.8800
v 15.8095 -3.9600 1.8800
v 15.8095 -3.9600 2.3500
v 15.7800 -3.8500 2.3500
v 15.8095 -3.9600 1.8800
v 15.8900 -4.0405 1.8800
v 15.8900 -4.0405 2.3500
v 15.8095 -3.9600 2.3500
v 15.8900 -4.0405 1.8800
v 16.0000 -4.0700 1.8800
v 16.0000 -4.0700 2.3500
v 15.8900 -4.0405 2.3500
v 16.0000 -4.0700 1.8800
v 16.1100 -4.0405 1.8800
v 16.1100 -4.0405 2.3500
v 16.0000 -4.0700 2.3500
v 16.1100 -4.0405 1.8800
v 16.1905 -3.9600 1.8800
v 16.1905 -3.9600 2.3500
v 16.1100 -4.0405 2.3500
v 16.1905 -3.9600 1.8800
v 16.1905 -3.9600 2.3500
v 16.2200 -3.8500 2.3500
v 16.2200 -3.8500 1.8800
v 16.2900 -3.8500 2.3500
v 16.2511 -3.7050 2.3500
v 16.2511 -3.7050 2.4800
v 16.2900 -3.8500 2.4800
v 16.2511 -3.7050 2.3500
v 16.1450 -3.5989 2.3500
v 16.1450 -3.5989 2.4800
v 16.2511 -3.7050 2.4800
v 16.1450 -3.5989 2.3500
v 16.0000 -3.5600 2.3500
v 16.0000 -3.5600 2.4800
v 16.1450 -3.5989 2.4800
v 16.0000 -3.5600 2.3500
v 15.8550 -3.5989 2.3500
v 15.8550 -3.5989 2.4800
v 16.0000 -3.5600 2.4800
v 15.8550 -3.5989 2.3500
v 15.7489 -3.7050 2.3500
v 15.7489 -3.7050 2.4800
v 15.8550 -3.5989 2.4800
v 15.7489 -3.7050 2.3500
v 15.7100 -3.8500 2.3500
v 15.7100 -3.8500 2.4800
v 15.7489 -3.7050 2.4800
v 15.7100 -3.8500 2.3500
v 15.7489 -3.9950 2.3500
v 15.7489 -3.9950 2.4800
v 15.7100 -3.8500 2.4800
v 15.7489 -3.9950 2.3500
v 15.8550 -4.1011 2.3500
v 15.8550 -4.1011 2.4800
v 15.7489 -3.9950 2.4800
v 15.8550 -4.1011 2.3500
v 16.0000 -4.1400 2.3500
v 16.0000 -4.1400 2.4800
v 15.8550 -4.1011 2.4800
v 16.0000 -4.1400 2.3500
v 16.1450 -4.1011 2.3500
v 16.1450 -4.1011 2.4800
v 16.0000 -4.1400 2.4800
v 16.1450 -4.1011 2.3500
v 16.2511 -3.9950 2.3500
v 16.2511 -3.9950 2.4800
v 16.1450 -4.1011 2.4800
v 16.2511 -3.9950 2.3500
v 16.2511 -3.9950 2.4800
v 16.2900 -3.8500 2.4800
v 16.2900 -3.8500 2.3500
v 16.0000 -3.8500 2.4800
v 16.2900 -3.8500 2.4800
v 16.2511 -3.7050 2.4800
v 16.0000 -3.8500 2.3500
v 16.2511 -3.7050 2.3500
v 16.2900 -3.8500 2.3500
v 16.0000 -3.8500 2.4800
v 16.2511 -3.7050 2.4800
v 16.1450 -3.5989 2.4800
v 16.0000 -3.8500 2.3500
v 16.1450 -3.5989 2.3500
v 16.2511 -3.7050 2.3500
v 16.0000 -3.8500 2.4800
v 16.1450 -3.5989 2.4800
v 16.0000 -3.5600 2.4800
v 16.0000 -3.8500 2.3500
v 16.0000 -3.5600 2.3500
v 16.1450 -3.5989 2.3500
v 16.0000 -3.8500 2.4800
v 16.0000 -3.5600 2.4800
v 15.8550 -3.5989 2.4800
v 16.0000 -3.8500 2.3500
v 15.8550 -3.5989 2.3500
v 16.0000 -3.5600 2.3500
v 16.0000 -3.8500 2.4800
v 15.8550 -3.5989 2.4800
v 15.7489 -3.7050 2.4800
v 16.0000 -3.8500 2.3500
v 15.7489 -3.7050 2.3500
v 15.8550 -3.5989 2.3500
v 16.0000 -3.8500 2.4800
v 15.7489 -3.7050 2.4800
v 15.7100 -3.8500 2.4800
v 16.0000 -3.8500 2.3500
v 15.7100 -3.8500 2.3500
v 15.7489 -3.7050 2.3500
v 16.0000 -3.8500 2.4800
v 15.7100 -3.8500 2.4800
v 15.7489 -3.9950 2.4800
v 16.0000 -3.8500 2.3500
v 15.7489 -3.9950 2.3500
v 15.7100 -3.8500 2.3500
v 16.0000 -3.8500 2.4800
v 15.7489 -3.9950 2.4800
v 15.8550 -4.1011 2.4800
v 16.0000 -3.8500 2.3500
v 15.8550 -4.1011 2.3500
v 15.7489 -3.9950 2.3500
v 16.0000 -3.8500 2.4800
v 15.8550 -4.1011 2.4800
v 16.0000 -4.1400 2.4800
v 16.0000 -3.8500 2.3500
v 16.0000 -4.1400 2.3500
v 15.8550 -4.1011 2.3500
v 16.0000 -3.8500 2.4800
v 16.0000 -4.1400 2.4800
v 16.1450 -4.1011 2.4800
v 16.0000 -3.8500 2.3500
v 16.1450 -4.1011 2.3500
v 16.0000 -4.1400 2.3500
v 16.0000 -3.8500 2.4800
v 16.1450 -4.1011 2.4800
v 16.2511 -3.9950 2.4800
v 16.0000 -3.8500 2.3500
v 16.2511 -3.9950 2.3500
v 16.1450 -4.1011 2.3500
v 16.0000 -3.8500 2.4800
v 16.2511 -3.9950 2.4800
v 16.2900 -3.8500 2.4800
v 16.0000 -3.8500 2.3500
v 16.2900 -3.8500 2.3500
v 16.2511 -3.9950 2.3500
v 15.6200 -3.9300 2.2400
v 16.3800 -3.9300 2.2400
v 16.3800 -3.7700 2.2400
v 15.6200 -3.7700 2.2400
v 15.6200 -3.7700 2.1600
v 16.3800 -3.7700 2.1600
v 16.3800 -3.9300 2.1600
v 15.6200 -3.9300 2.1600
v 15.6200 -3.7700 2.1600
v 15.6200 -3.7700 2.2400
v 16.3800 -3.7700 2.2400
v 16.3800 -3.7700 2.1600
v 16.3800 -3.9300 2.1600
v 16.3800 -3.9300 2.2400
v 15.6200 -3.9300 2.2400
v 15.6200 -3.9300 2.1600
v 15.6200 -3.9300 2.1600
v 15.6200 -3.9300 2.2400
v 15.6200 -3.7700 2.2400
v 15.6200 -3.7700 2.1600
v 16.3800 -3.7700 2.1600
v 16.3800 -3.7700 2.2400
v 16.3800 -3.9300 2.2400
v 16.3800 -3.9300 2.1600
v 27.3500 -3.8500 1.8000
v 27.3031 -3.6750 1.8000
v 27.3031 -3.6750 1.8800
v 27.3500 -3.8500 1.8800
v 27.3031 -3.6750 1.8000
v 27.1750 -3.5469 1.8000
v 27.1750 -3.5469 1.8800
v 27.3031 -3.6750 1.8800
v 27.1750 -3.5469 1.8000
v 27.0000 -3.5000 1.8000
v 27.0000 -3.5000 1.8800
v 27.1750 -3.5469 1.8800
v 27.0000 -3.5000 1.8000
v 26.8250 -3.5469 1.8000
v 26.8250 -3.5469 1.8800
v 27.0000 -3.5000 1.8800
v 26.8250 -3.5469 1.8000
v 26.6969 -3.6750 1.8000
v 26.6969 -3.6750 1.8800
v 26.8250 -3.5469 1.8800
v 26.6969 -3.6750 1.8000
v 26.6500 -3.8500 1.8000
v 26.6500 -3.8500 1.8800
v 26.6969 -3.6750 1.8800
v 26.6500 -3.8500 1.8000
v 26.6969 -4.0250 1.8000
v 26.6969 -4.0250 1.8800
v 26.6500 -3.8500 1.8800
v 26.6969 -4.0250 1.8000
v 26.8250 -4.1531 1.8000
v 26.8250 -4.1531 1.8800
v 26.6969 -4.0250 1.8800
v 26.8250 -4.1531 1.8000
v 27.0000 -4.2000 1.8000
v 27.0000 -4.2000 1.8800
v 26.8250 -4.1531 1.8800
v 27.0000 -4.2000 1.8000
v 27.1750 -4.1531 1.8000
v 27.1750 -4.1531 1.8800
v 27.0000 -4.2000 1.8800
v 27.1750 -4.1531 1.8000
v 27.3031 -4.0250 1.8000
v 27.3031 -4.0250 1.8800
v 27.1750 -4.1531 1.8800
v 27.3031 -4.0250 1.8000
v 27.3031 -4.0250 1.8800
v 27.3500 -3.8500 1.8800
v 27.3500 -3.8500 1.8000
v 27.0000 -3.8500 1.8800
v 27.3500 -3.8500 1.8800
v 27.3031 -3.6750 1.8800
v 27.0000 -3.8500 1.8000
v 27.3031 -3.6750 1.8000
v 27.3500 -3.8500 1.8000
v 27.0000 -3.8500 1.8800
v 27.3031 -3.6750 1.8800
v 27.1750 -3.5469 1.8800
v 27.0000 -3.8500 1.8000
v 27.1750 -3.5469 1.8000
v 27.3031 -3.6750 1.8000
v 27.0000 -3.8500 1.8800
v 27.1750 -3.5469 1.8800
v 27.0000 -3.5000 1.8800
v 27.0000 -3.8500 1.8000
v 27.0000 -3.5000 1.8000
v 27.1750 -3.5469 1.8000
v 27.0000 -3.8500 1.8800
v 27.0000 -3.5000 1.8800
v 26.8250 -3.5469 1.8800
v 27.0000 -3.8500 1.8000
v 26.8250 -3.5469 1.8000
v 27.0000 -3.5000 1.8000
v 27.0000 -3.8500 1.8800
v 26.8250 -3.5469 1.8800
v 26.6969 -3.6750 1.8800
v 27.0000 -3.8500 1.8000
v 26.6969 -3.6750 1.8000
v 26.8250 -3.5469 1.8000
v 27.0000 -3.8500 1.8800
v 26.6969 -3.6750 1.8800
v 26.6500 -3.8500 1.8800
v 27.0000 -3.8500 1.8000
v 26.6500 -3.8500 1.8000
v 26.6969 -3.6750 1.8000
v 27.0000 -3.8500 1.8800
v 26.6500 -3.8500 1.8800
v 26.6969 -4.0250 1.8800
v 27.0000 -3.8500 1.8000
v 26.6969 -4.0250 1.8000
v 26.6500 -3.8500 1.8000
v 27.0000 -3.8500 1.8800
v 26.6969 -4.0250 1.8800
v 26.8250 -4.1531 1.8800
v 27.0000 -3.8500 1.8000
v 26.8250 -4.1531 1.8000
v 26.6969 -4.0250 1.8000
v 27.0000 -3.8500 1.8800
v 26.8250 -4.1531 1.8800
v 27.0000 -4.2000 1.8800
v 27.0000 -3.8500 1.8000
v 27.0000 -4.2000 1.8000
v 26.8250 -4.1531 1.8000
v 27.0000 -3.8500 1.8800
v 27.0000 -4.2000 1.8800
v 27.1750 -4.1531 1.8800
v 27.0000 -3.8500 1.8000
v 27.1750 -4.1531 1.8000
v 27.0000 -4.2000 1.8000
v 27.0000 -3.8500 1.8800
v 27.1750 -4.1531 1.8800
v 27.3031 -4.0250 1.8800
v 27.0000 -3.8500 1.8000
v 27.3031 -4.0250 1.8000
v 27.1750 -4.1531 1.8000
v 27.0000 -3.8500 1.8800
v 27.3031 -4.0250 1.8800
v 27.3500 -3.8500 1.8800
v 27.0000 -3.8500 1.8000
v 27.3500 -3.8500 1.8000
v 27.3031 -4.0250 1.8000
v 27.2200 -3.8500 1.8800
v 27.1905 -3.7400 1.8800
v 27.1905 -3.7400 2.3500
v 27.2200 -3.8500 2.3500
v 27.1905 -3.7400 1.8800
v 27.1100 -3.6595 1.8800
v 27.1100 -3.6595 2.3500
v 27.1905 -3.7400 2.3500
v 27.1100 -3.6595 1.8800
v 27.0000 -3.6300 1.8800
v 27.0000 -3.6300 2.3500
v 27.1100 -3.6595 2.3500
v 27.0000 -3.6300 1.8800
v 26.8900 -3.6595 1.8800
v 26.8900 -3.6595 2.3500
v 27.0000 -3.6300 2.3500
v 26.8900 -3.6595 1.8800
v 26.8095 -3.7400 1.8800
v 26.8095 -3.7400 2.3500
v 26.8900 -3.6595 2.3500
v 26.8095 -3.7400 1.8800
v 26.7800 -3.8500 1.8800
v 26.7800 -3.8500 2.3500
v 26.8095 -3.7400 2.3500
v 26.7800 -3.8500 1.8800
v 26.8095 -3.9600 1.8800
v 26.8095 -3.9600 2.3500
v 26.7800 -3.8500 2.3500
v 26.8095 -3.9600 1.8800
v 26.8900 -4.0405 1.8800
v 26.8900 -4.0405 2.3500
v 26.8095 -3.9600 2.3500
v 26.8900 -4.0405 1.8800
v 27.0000 -4.0700 1.8800
v 27.0000 -4.0700 2.3500
v 26.8900 -4.0405 2.3500
v 27.0000 -4.0700 1.8800
v 27.1100 -4.0405 1.8800
v 27.1100 -4.0405 2.3500
v 27.0000 -4.0700 2.3500
v 27.1100 -4.0405 1.8800
v 27.1905 -3.9600 1.8800
v 27.1905 -3.9600 2.3500
v 27.1100 -4.0405 2.3500
v 27.1905 -3.9600 1.8800
v 27.1905 -3.9600 2.3500
v 27.2200 -3.8500 2.3500
v 27.2200 -3.8500 1.8800
v 27.2900 -3.8500 2.3500
v 27.2511 -3.7050 2.3500
v 27.2511 -3.7050 2.4800
v 27.2900 -3.8500 2.4800
v 27.2511 -3.7050 2.3500
v 27.1450 -3.5989 2.3500
v 27.1450 -3.5989 2.4800
v 27.2511 -3.7050 2.4800
v 27.1450 -3.5989 2.3500
v 27.0000 -3.5600 2.3500
v 27.0000 -3.5600 2.4800
v 27.1450 -3.5989 2.4800
v 27.0000 -3.5600 2.3500
v 26.8550 -3.5989 2.3500
v 26.8550 -3.5989 2.4800
v 27.0000 -3.5600 2.4800
v 26.8550 -3.5989 2.3500
v 26.7489 -3.7050 2.3500
v 26.7489 -3.7050 2.4800
v 26.8550 -3.5989 2.4800
v 26.7489 -3.7050 2.3500
v 26.7100 -3.8500 2.3500
v 26.7100 -3.8500 2.4800
v 26.7489 -3.7050 2.4800
v 26.7100 -3.8500 2.3500
v 26.7489 -3.9950 2.3500
v 26.7489 -3.9950 2.4800
v 26.7100 -3.8500 2.4800
v 26.7489 -3.9950 2.3500
v 26.8550 -4.1011 2.3500
v 26.8550 -4.1011 2.4800
v 26.7489 -3.9950 2.4800
v 26.8550 -4.1011 2.3500
v 27.0000 -4.1400 2.3500
v 27.0000 -4.1400 2.4800
v 26.8550 -4.1011 2.4800
v 27.0000 -4.1400 2.3500
v 27.1450 -4.1011 2.3500
v 27.1450 -4.1011 2.4800
v 27.0000 -4.1400 2.4800
v 27.1450 -4.1011 2.3500
v 27.2511 -3.9950 2.3500
v 27.2511 -3.9950 2.4800
v 27.1450 -4.1011 2.4800
v 27.2511 -3.9950 2.3500
v 27.2511 -3.9950 2.4800
v 27.2900 -3.8500 2.4800
v 27.2900 -3.8500 2.3500
v 27.0000 -3.8500 2.4800
v 27.2900 -3.8500 2.4800
v 27.2511 -3.7050 2.4800
v 27.0000 -3.8500 2.3500
v 27.2511 -3.7050 2.3500
v 27.2900 -3.8500 2.3500
v 27.0000 -3.8500 2.4800
v 27.2511 -3.7050 2.4800
v 27.1450 -3.5989 2.4800
v 27.0000 -3.8500 2.3500
v 27.1450 -3.5989 2.3500
v 27.2511 -3.7050 2.3500
v 27.0000 -3.8500 2.4800
v 27.1450 -3.5989 2.4800
v 27.0000 -3.5600 2.4800
v 27.0000 -3.8500 2.3500
v 27.0000 -3.5600 2.3500
v 27.1450 -3.5989 2.3500
v 27.0000 -3.8500 2.4800
v 27.0000 -3.5600 2.4800
v 26.8550 -3.5989 2.4800
v 27.0000 -3.8500 2.3500
v 26.8550 -3.5989 2.3500
v 27.0000 -3.5600 2.3500
v 27.0000 -3.8500 2.4800
v 26.8550 -3.5989 2.4800
v 26.7489 -3.7050 2.4800
v 27.0000 -3.8500 2.3500
v 26.7489 -3.7050 2.3500
v 26.8550 -3.5989 2.3500
v 27.0000 -3.8500 2.4800
v 26.7489 -3.7050 2.4800
v 26.7100 -3.8500 2.4800
v 27.0000 -3.8500 2.3500
v 26.7100 -3.8500 2.3500
v 26.7489 -3.7050 2.3500
v 27.0000 -3.8500 2.4800
v 26.7100 -3.8500 2.4800
v 26.7489 -3.9950 2.4800
v 27.0000 -3.8500 2.3500
v 26.7489 -3.9950 2.3500
v 26.7100 -3.8500 2.3500
v 27.0000 -3.8500 2.4800
v 26.7489 -3.9950 2.4800
v 26.8550 -4.1011 2.4800
v 27.0000 -3.8500 2.3500
v 26.8550 -4.1011 2.3500
v 26.7489 -3.9950 2.3500
v 27.0000 -3.8500 2.4800
v 26.8550 -4.1011 2.4800
v 27.0000 -4.1400 2.4800
v 27.0000 -3.8500 2.3500
v 27.0000 -4.1400 2.3500
v 26.8550 -4.1011 2.3500
v 27.0000 -3.8500 2.4800
v 27.0000 -4.1400 2.4800
v 27.1450 -4.1011 2.4800
v 27.0000 -3.8500 2.3500
v 27.1450 -4.1011 2.3500
v 27.0000 -4.1400 2.3500
v 27.0000 -3.8500 2.4800
v 27.1450 -4.1011 2.4800
v 27.2511 -3.9950 2.4800
v 27.0000 -3.8500 2.3500
v 27.2511 -3.9950 2.3500
v 27.1450 -4.1011 2.3500
v 27.0000 -3.8500 2.4800
v 27.2511 -3.9950 2.4800
v 27.2900 -3.8500 2.4800
v 27.0000 -3.8500 2.3500
v 27.2900 -3.8500 2.3500
v 27.2511 -3.9950 2.3500
v 26.6200 -3.9300 2.2400
v 27.3800 -3.9300 2.2400
v 27.3800 -3.7700 2.2400
v 26.6200 -3.7700 2.2400
v 26.6200 -3.7700 2.1600
v 27.3800 -3.7700 2.1600
v 27.3800 -3.9300 2.1600
v 26.6200 -3.9300 2.1600
v 26.6200 -3.7700 2.1600
v 26.6200 -3.7700 2.2400
v 27.3800 -3.7700 2.2400
v 27.3800 -3.7700 2.1600
v 27.3800 -3.9300 2.1600
v 27.3800 -3.9300 2.2400
v 26.6200 -3.9300 2.2400
v 26.6200 -3.9300 2.1600
v 26.6200 -3.9300 2.1600
v 26.6200 -3.9300 2.2400
v 26.6200 -3.7700 2.2400
v 26.6200 -3.7700 2.1600
v 27.3800 -3.7700 2.1600
v 27.3800 -3.7700 2.2400
v 27.3800 -3.9300 2.2400
v 27.3800 -3.9300 2.1600
v 38.3500 -3.8500 1.8000
v 38.3031 -3.6750 1.8000
v 38.3031 -3.6750 1.8800
v 38.3500 -3.8500 1.8800
v 38.3031 -3.6750 1.8000
v 38.1750 -3.5469 1.8000
v 38.1750 -3.5469 1.8800
v 38.3031 -3.6750 1.8800
v 38.1750 -3.5469 1.8000
v 38.0000 -3.5000 1.8000
v 38.0000 -3.5000 1.8800
v 38.1750 -3.5469 1.8800
v 38.0000 -3.5000 1.8000
v 37.8250 -3.5469 1.8000
v 37.8250 -3.5469 1.8800
v 38.0000 -3.5000 1.8800
v 37.8250 -3.5469 1.8000
v 37.6969 -3.6750 1.8000
v 37.6969 -3.6750 1.8800
v 37.8250 -3.5469 1.8800
v 37.6969 -3.6750 1.8000
v 37.6500 -3.8500 1.8000
v 37.6500 -3.8500 1.8800
v 37.6969 -3.6750 1.8800
v 37.6500 -3.8500 1.8000
v 37.6969 -4.0250 1.8000
v 37.6969 -4.0250 1.8800
v 37.6500 -3.8500 1.8800
v 37.6969 -4.0250 1.8000
v 37.8250 -4.1531 1.8000
v 37.8250 -4.1531 1.8800
v 37.6969 -4.0250 1.8800
v 37.8250 -4.1531 1.8000
v 38.0000 -4.2000 1.8000
v 38.0000 -4.2000 1.8800
v 37.8250 -4.1531 1.8800
v 38.0000 -4.2000 1.8000
v 38.1750 -4.1531 1.8000
v 38.1750 -4.1531 1.8800
v 38.0000 -4.2000 1.8800
v 38.1750 -4.1531 1.8000
v 38.3031 -4.0250 1.8000
v 38.3031 -4.0250 1.8800
v 38.1750 -4.1531 1.8800
v 38.3031 -4.0250 1.8000
v 38.3031 -4.0250 1.8800
v 38.3500 -3.8500 1.8800
v 38.3500 -3.8500 1.8000
v 38.0000 -3.8500 1.8800
v 38.3500 -3.8500 1.8800
v 38.3031 -3.6750 1.8800
v 38.0000 -3.8500 1.8000
v 38.3031 -3.6750 1.8000
v 38.3500 -3.8500 1.8000
v 38.0000 -3.8500 1.8800
v 38.3031 -3.6750 1.8800
v 38.1750 -3.5469 1.8800
v 38.0000 -3.8500 1.8000
v 38.1750 -3.5469 1.8000
v 38.3031 -3.6750 1.8000
v 38.0000 -3.8500 1.8800
v 38.1750 -3.5469 1.8800
v 38.0000 -3.5000 1.8800
v 38.0000 -3.8500 1.8000
v 38.0000 -3.5000 1.8000
v 38.1750 -3.5469 1.8000
v 38.0000 -3.8500 1.8800
v 38.0000 -3.5000 1.8800
v 37.8250 -3.5469 1.8800
v 38.0000 -3.8500 1.8000
v 37.8250 -3.5469 1.8000
v 38.0000 -3.5000 1.8000
v 38.0000 -3.8500 1.8800
v 37.8250 -3.5469 1.8800
v 37.6969 -3.6750 1.8800
v 38.0000 -3.8500 1.8000
v 37.6969 -3.6750 1.8000
v 37.8250 -3.5469 1.8000
v 38.0000 -3.8500 1.8800
v 37.6969 -3.6750 1.8800
v 37.6500 -3.8500 1.8800
v 38.0000 -3.8500 1.8000
v 37.6500 -3.8500 1.8000
v 37.6969 -3.6750 1.8000
v 38.0000 -3.8500 1.8800
v 37.6500 -3.8500 1.8800
v 37.6969 -4.0250 1.8800
v 38.0000 -3.8500 1.8000
v 37.6969 -4.0250 1.8000
v 37.6500 -3.8500 1.8000
v 38.0000 -3.8500 1.8800
v 37.6969 -4.0250 1.8800
v 37.8250 -4.1531 1.8800
v 38.0000 -3.8500 1.8000
v 37.8250 -4.1531 1.8000
v 37.6969 -4.0250 1.8000
v 38.0000 -3.8500 1.8800
v 37.8250 -4.1531 1.8800
v 38.0000 -4.2000 1.8800
v 38.0000 -3.8500 1.8000
v 38.0000 -4.2000 1.8000
v 37.8250 -4.1531 1.8000
v 38.0000 -3.8500 1.8800
v 38.0000 -4.2000 1.8800
v 38.1750 -4.1531 1.8800
v 38.0000 -3.8500 1.8000
v 38.1750 -4.1531 1.8000
v 38.0000 -4.2000 1.8000
v 38.0000 -3.8500 1.8800
v 38.1750 -4.1531 1.8800
v 38.3031 -4.0250 1.8800
v 38.0000 -3.8500 1.8000
v 38.3031 -4.0250 1.8000
v 38.1750 -4.1531 1.8000
v 38.0000 -3.8500 1.8800
v 38.3031 -4.0250 1.8800
v 38.3500 -3.8500 1.8800
v 38.0000 -3.8500 1.8000
v 38.3500 -3.8500 1.8000
v 38.3031 -4.0250 1.8000
v 38.2200 -3.8500 1.8800
v 38.1905 -3.7400 1.8800
v 38.1905 -3.7400 2.3500
v 38.2200 -3.8500 2.3500
v 38.1905 -3.7400 1.8800
v 38.1100 -3.6595 1.8800
v 38.1100 -3.6595 2.3500
v 38.1905 -3.7400 2.3500
v 38.1100 -3.6595 1.8800
v 38.0000 -3.6300 1.8800
v 38.0000 -3.6300 2.3500
v 38.1100 -3.6595 2.3500
v 38.0000 -3.6300 1.8800
v 37.8900 -3.6595 1.8800
v 37.8900 -3.6595 2.3500
v 38.0000 -3.6300 2.3500
v 37.8900 -3.6595 1.8800
v 37.8095 -3.7400 1.8800
v 37.8095 -3.7400 2.3500
v 37.8900 -3.6595 2.3500
v 37.8095 -3.7400 1.8800
v 37.7800 -3.8500 1.8800
v 37.7800 -3.8500 2.3500
v 37.8095 -3.7400 2.3500
v 37.7800 -3.8500 1.8800
v 37.8095 -3.9600 1.8800
v 37.8095 -3.9600 2.3500
v 37.7800 -3.8500 2.3500
v 37.8095 -3.9600 1.8800
v 37.8900 -4.0405 1.8800
v 37.8900 -4.0405 2.3500
v 37.8095 -3.9600 2.3500
v 37.8900 -4.0405 1.8800
v 38.0000 -4.0700 1.8800
v 38.0000 -4.0700 2.3500
v 37.8900 -4.0405 2.3500
v 38.0000 -4.0700 1.8800
v 38.1100 -4.0405 1.8800
v 38.1100 -4.0405 2.3500
v 38.0000 -4.0700 2.3500
v 38.1100 -4.0405 1.8800
v 38.1905 -3.9600 1.8800
v 38.1905 -3.9600 2.3500
v 38.1100 -4.0405 2.3500
v 38.1905 -3.9600 1.8800
v 38.1905 -3.9600 2.3500
v 38.2200 -3.8500 2.3500
v 38.2200 -3.8500 1.8800
v 38.2900 -3.8500 2.3500
v 38.2511 -3.7050 2.3500
v 38.2511 -3.7050 2.4800
v 38.2900 -3.8500 2.4800
v 38.2511 -3.7050 2.3500
v 38.1450 -3.5989 2.3500
v 38.1450 -3.5989 2.4800
v 38.2511 -3.7050 2.4800
v 38.1450 -3.5989 2.3500
v 38.0000 -3.5600 2.3500
v 38.0000 -3.5600 2.4800
v 38.1450 -3.5989 2.4800
v 38.0000 -3.5600 2.3500
v 37.8550 -3.5989 2.3500
v 37.8550 -3.5989 2.4800
v 38.0000 -3.5600 2.4800
v 37.8550 -3.5989 2.3500
v 37.7489 -3.7050 2.3500
v 37.7489 -3.7050 2.4800
v 37.8550 -3.5989 2.4800
v 37.7489 -3.7050 2.3500
v 37.7100 -3.8500 2.3500
v 37.7100 -3.8500 2.4800
v 37.7489 -3.7050 2.4800
v 37.7100 -3.8500 2.3500
v 37.7489 -3.9950 2.3500
v 37.7489 -3.9950 2.4800
v 37.7100 -3.8500 2.4800
v 37.7489 -3.9950 2.3500
v 37.8550 -4.1011 2.3500
v 37.8550 -4.1011 2.4800
v 37.7489 -3.9950 2.4800
v 37.8550 -4.1011 2.3500
v 38.0000 -4.1400 2.3500
v 38.0000 -4.1400 2.4800
v 37.8550 -4.1011 2.4800
v 38.0000 -4.1400 2.3500
v 38.1450 -4.1011 2.3500
v 38.1450 -4.1011 2.4800
v 38.0000 -4.1400 2.4800
v 38.1450 -4.1011 2.3500
v 38.2511 -3.9950 2.3500
v 38.2511 -3.9950 2.4800
v 38.1450 -4.1011 2.4800
v 38.2511 -3.9950 2.3500
v 38.2511 -3.9950 2.4800
v 38.2900 -3.8500 2.4800
v 38.2900 -3.8500 2.3500
v 38.0000 -3.8500 2.4800
v 38.2900 -3.8500 2.4800
v 38.2511 -3.7050 2.4800
v 38.0000 -3.8500 2.3500
v 38.2511 -3.7050 2.3500
v 38.2900 -3.8500 2.3500
v 38.0000 -3.8500 2.4800
v 38.2511 -3.7050 2.4800
v 38.1450 -3.5989 2.4800
v 38.0000 -3.8500 2.3500
v 38.1450 -3.5989 2.3500
v 38.2511 -3.7050 2.3500
v 38.0000 -3.8500 2.4800
v 38.1450 -3.5989 2.4800
v 38.0000 -3.5600 2.4800
v 38.0000 -3.8500 2.3500
v 38.0000 -3.5600 2.3500
v 38.1450 -3.5989 2.3500
v 38.0000 -3.8500 2.4800
v 38.0000 -3.5600 2.4800
v 37.8550 -3.5989 2.4800
v 38.0000 -3.8500 2.3500
v 37.8550 -3.5989 2.3500
v 38.0000 -3.5600 2.3500
v 38.0000 -3.8500 2.4800
v 37.8550 -3.5989 2.4800
v 37.7489 -3.7050 2.4800
v 38.0000 -3.8500 2.3500
v 37.7489 -3.7050 2.3500
v 37.8550 -3.5989 2.3500
v 38.0000 -3.8500 2.4800
v 37.7489 -3.7050 2.4800
v 37.7100 -3.8500 2.4800
v 38.0000 -3.8500 2.3500
v 37.7100 -3.8500 2.3500
v 37.7489 -3.7050 2.3500
v 38.0000 -3.8500 2.4800
v 37.7100 -3.8500 2.4800
v 37.7489 -3.9950 2.4800
v 38.0000 -3.8500 2.3500
v 37.7489 -3.9950 2.3500
v 37.7100 -3.8500 2.3500
v 38.0000 -3.8500 2.4800
v 37.7489 -3.9950 2.4800
v 37.8550 -4.1011 2.4800
v 38.0000 -3.8500 2.3500
v 37.8550 -4.1011 2.3500
v 37.7489 -3.9950 2.3500
v 38.0000 -3.8500 2.4800
v 37.8550 -4.1011 2.4800
v 38.0000 -4.1400 2.4800
v 38.0000 -3.8500 2.3500
v 38.0000 -4.1400 2.3500
v 37.8550 -4.1011 2.3500
v 38.0000 -3.8500 2.4800
v 38.0000 -4.1400 2.4800
v 38.1450 -4.1011 2.4800
v 38.0000 -3.8500 2.3500
v 38.1450 -4.1011 2.3500
v 38.0000 -4.1400 2.3500
v 38.0000 -3.8500 2.4800
v 38.1450 -4.1011 2.4800
v 38.2511 -3.9950 2.4800
v 38.0000 -3.8500 2.3500
v 38.2511 -3.9950 2.3500
v 38.1450 -4.1011 2.3500
v 38.0000 -3.8500 2.4800
v 38.2511 -3.9950 2.4800
v 38.2900 -3.8500 2.4800
v 38.0000 -3.8500 2.3500
v 38.2900 -3.8500 2.3500
v 38.2511 -3.9950 2.3500
v 37.6200 -3.9300 2.2400
v 38.3800 -3.9300 2.2400
v 38.3800 -3.7700 2.2400
v 37.6200 -3.7700 2.2400
v 37.6200 -3.7700 2.1600
v 38.3800 -3.7700 2.1600
v 38.3800 -3.9300 2.1600
v 37.6200 -3.9300 2.1600
v 37.6200 -3.7700 2.1600
v 37.6200 -3.7700 2.2400
v 38.3800 -3.7700 2.2400
v 38.3800 -3.7700 2.1600
v 38.3800 -3.9300 2.1600
v 38.3800 -3.9300 2.2400
v 37.6200 -3.9300 2.2400
v 37.6200 -3.9300 2.1600
v 37.6200 -3.9300 2.1600
v 37.6200 -3.9300 2.2400
v 37.6200 -3.7700 2.2400
v 37.6200 -3.7700 2.1600
v 38.3800 -3.7700 2.1600
v 38.3800 -3.7700 2.2400
v 38.3800 -3.9300 2.2400
v 38.3800 -3.9300 2.1600
v 49.3500 -3.8500 1.8000
v 49.3031 -3.6750 1.8000
v 49.3031 -3.6750 1.8800
v 49.3500 -3.8500 1.8800
v 49.3031 -3.6750 1.8000
v 49.1750 -3.5469 1.8000
v 49.1750 -3.5469 1.8800
v 49.3031 -3.6750 1.8800
v 49.1750 -3.5469 1.8000
v 49.0000 -3.5000 1.8000
v 49.0000 -3.5000 1.8800
v 49.1750 -3.5469 1.8800
v 49.0000 -3.5000 1.8000
v 48.8250 -3.5469 1.8000
v 48.8250 -3.5469 1.8800
v 49.0000 -3.5000 1.8800
v 48.8250 -3.5469 1.8000
v 48.6969 -3.6750 1.8000
v 48.6969 -3.6750 1.8800
v 48.8250 -3.5469 1.8800
v 48.6969 -3.6750 1.8000
v 48.6500 -3.8500 1.8000
v 48.6500 -3.8500 1.8800
v 48.6969 -3.6750 1.8800
v 48.6500 -3.8500 1.8000
v 48.6969 -4.0250 1.8000
v 48.6969 -4.0250 1.8800
v 48.6500 -3.8500 1.8800
v 48.6969 -4.0250 1.8000
v 48.8250 -4.1531 1.8000
v 48.8250 -4.1531 1.8800
v 48.6969 -4.0250 1.8800
v 48.8250 -4.1531 1.8000
v 49.0000 -4.2000 1.8000
v 49.0000 -4.2000 1.8800
v 48.8250 -4.1531 1.8800
v 49.0000 -4.2000 1.8000
v 49.1750 -4.1531 1.8000
v 49.1750 -4.1531 1.8800
v 49.0000 -4.2000 1.8800
v 49.1750 -4.1531 1.8000
v 49.3031 -4.0250 1.8000
v 49.3031 -4.0250 1.8800
v 49.1750 -4.1531 1.8800
v 49.3031 -4.0250 1.8000
v 49.3031 -4.0250 1.8800
v 49.3500 -3.8500 1.8800
v 49.3500 -3.8500 1.8000
v 49.0000 -3.8500 1.8800
v 49.3500 -3.8500 1.8800
v 49.3031 -3.6750 1.8800
v 49.0000 -3.8500 1.8000
v 49.3031 -3.6750 1.8000
v 49.3500 -3.8500 1.8000
v 49.0000 -3.8500 1.8800
v 49.3031 -3.6750 1.8800
v 49.1750 -3.5469 1.8800
v 49.0000 -3.8500 1.8000
v 49.1750 -3.5469 1.8000
v 49.3031 -3.6750 1.8000
v 49.0000 -3.8500 1.8800
v 49.1750 -3.5469 1.8800
v 49.0000 -3.5000 1.8800
v 49.0000 -3.8500 1.8000
v 49.0000 -3.5000 1.8000
v 49.1750 -3.5469 1.8000
v 49.0000 -3.8500 1.8800
v 49.0000 -3.5000 1.8800
v 48.8250 -3.5469 1.8800
v 49.0000 -3.8500 1.8000
v 48.8250 -3.5469 1.8000
v 49.0000 -3.5000 1.8000
v 49.0000 -3.8500 1.8800
v 48.8250 -3.5469 1.8800
v 48.6969 -3.6750 1.8800
v 49.0000 -3.8500 1.8000
v 48.6969 -3.6750 1.8000
v 48.8250 -3.5469 1.8000
v 49.0000 -3.8500 1.8800
v 48.6969 -3.6750 1.8800
v 48.6500 -3.8500 1.8800
v 49.0000 -3.8500 1.8000
v 48.6500 -3.8500 1.8000
v 48.6969 -3.6750 1.8000
v 49.0000 -3.8500 1.8800
v 48.6500 -3.8500 1.8800
v 48.6969 -4.0250 1.8800
v 49.0000 -3.8500 1.8000
v 48.6969 -4.0250 1.8000
v 48.6500 -3.8500 1.8000
v 49.0000 -3.8500 1.8800
v 48.6969 -4.0250 1.8800
v 48.8250 -4.1531 1.8800
v 49.0000 -3.8500 1.8000
v 48.8250 -4.1531 1.8000
v 48.6969 -4.0250 1.8000
v 49.0000 -3.8500 1.8800
v 48.8250 -4.1531 1.8800
v 49.0000 -4.2000 1.8800
v 49.0000 -3.8500 1.8000
v 49.0000 -4.2000 1.8000
v 48.8250 -4.1531 1.8000
v 49.0000 -3.8500 1.8800
v 49.0000 -4.2000 1.8800
v 49.1750 -4.1531 1.8800
v 49.0000 -3.8500 1.8000
v 49.1750 -4.1531 1.8000
v 49.0000 -4.2000 1.8000
v 49.0000 -3.8500 1.8800
v 49.1750 -4.1531 1.8800
v 49.3031 -4.0250 1.8800
v 49.0000 -3.8500 1.8000
v 49.3031 -4.0250 1.8000
v 49.1750 -4.1531 1.8000
v 49.0000 -3.8500 1.8800
v 49.3031 -4.0250 1.8800
v 49.3500 -3.8500 1.8800
v 49.0000 -3.8500 1.8000
v 49.3500 -3.8500 1.8000
v 49.3031 -4.0250 1.8000
v 49.2200 -3.8500 1.8800
v 49.1905 -3.7400 1.8800
v 49.1905 -3.7400 2.3500
v 49.2200 -3.8500 2.3500
v 49.1905 -3.7400 1.8800
v 49.1100 -3.6595 1.8800
v 49.1100 -3.6595 2.3500
v 49.1905 -3.7400 2.3500
v 49.1100 -3.6595 1.8800
v 49.0000 -3.6300 1.8800
v 49.0000 -3.6300 2.3500
v 49.1100 -3.6595 2.3500
v 49.0000 -3.6300 1.8800
v 48.8900 -3.6595 1.8800
v 48.8900 -3.6595 2.3500
v 49.0000 -3.6300 2.3500
v 48.8900 -3.6595 1.8800
v 48.8095 -3.7400 1.8800
v 48.8095 -3.7400 2.3500
v 48.8900 -3.6595 2.3500
v 48.8095 -3.7400 1.8800
v 48.7800 -3.8500 1.8800
v 48.7800 -3.8500 2.3500
v 48.8095 -3.7400 2.3500
v 48.7800 -3.8500 1.8800
v 48.8095 -3.9600 1.8800
v 48.8095 -3.9600 2.3500
v 48.7800 -3.8500 2.3500
v 48.8095 -3.9600 1.8800
v 48.8900 -4.0405 1.8800
v 48.8900 -4.0405 2.3500
v 48.8095 -3.9600 2.3500
v 48.8900 -4.0405 1.8800
v 49.0000 -4.0700 1.8800
v 49.0000 -4.0700 2.3500
v 48.8900 -4.0405 2.3500
v 49.0000 -4.0700 1.8800
v 49.1100 -4.0405 1.8800
v 49.1100 -4.0405 2.3500
v 49.0000 -4.0700 2.3500
v 49.1100 -4.0405 1.8800
v 49.1905 -3.9600 1.8800
v 49.1905 -3.9600 2.3500
v 49.1100 -4.0405 2.3500
v 49.1905 -3.9600 1.8800
v 49.1905 -3.9600 2.3500
v 49.2200 -3.8500 2.3500
v 49.2200 -3.8500 1.8800
v 49.2900 -3.8500 2.3500
v 49.2511 -3.7050 2.3500
v 49.2511 -3.7050 2.4800
v 49.2900 -3.8500 2.4800
v 49.2511 -3.7050 2.3500
v 49.1450 -3.5989 2.3500
v 49.1450 -3.5989 2.4800
v 49.2511 -3.7050 2.4800
v 49.1450 -3.5989 2.3500
v 49.0000 -3.5600 2.3500
v 49.0000 -3.5600 2.4800
v 49.1450 -3.5989 2.4800
v 49.0000 -3.5600 2.3500
v 48.8550 -3.5989 2.3500
v 48.8550 -3.5989 2.4800
v 49.0000 -3.5600 2.4800
v 48.8550 -3.5989 2.3500
v 48.7489 -3.7050 2.3500
v 48.7489 -3.7050 2.4800
v 48.8550 -3.5989 2.4800
v 48.7489 -3.7050 2.3500
v 48.7100 -3.8500 2.3500
v 48.7100 -3.8500 2.4800
v 48.7489 -3.7050 2.4800
v 48.7100 -3.8500 2.3500
v 48.7489 -3.9950 2.3500
v 48.7489 -3.9950 2.4800
v 48.7100 -3.8500 2.4800
v 48.7489 -3.9950 2.3500
v 48.8550 -4.1011 2.3500
v 48.8550 -4.1011 2.4800
v 48.7489 -3.9950 2.4800
v 48.8550 -4.1011 2.3500
v 49.0000 -4.1400 2.3500
v 49.0000 -4.1400 2.4800
v 48.8550 -4.1011 2.4800
v 49.0000 -4.1400 2.3500
v 49.1450 -4.1011 2.3500
v 49.1450 -4.1011 2.4800
v 49.0000 -4.1400 2.4800
v 49.1450 -4.1011 2.3500
v 49.2511 -3.9950 2.3500
v 49.2511 -3.9950 2.4800
v 49.1450 -4.1011 2.4800
v 49.2511 -3.9950 2.3500
v 49.2511 -3.9950 2.4800
v 49.2900 -3.8500 2.4800
v 49.2900 -3.8500 2.3500
v 49.0000 -3.8500 2.4800
v 49.2900 -3.8500 2.4800
v 49.2511 -3.7050 2.4800
v 49.0000 -3.8500 2.3500
v 49.2511 -3.7050 2.3500
v 49.2900 -3.8500 2.3500
v 49.0000 -3.8500 2.4800
v 49.2511 -3.7050 2.4800
v 49.1450 -3.5989 2.4800
v 49.0000 -3.8500 2.3500
v 49.1450 -3.5989 2.3500
v 49.2511 -3.7050 2.3500
v 49.0000 -3.8500 2.4800
v 49.1450 -3.5989 2.4800
v 49.0000 -3.5600 2.4800
v 49.0000 -3.8500 2.3500
v 49.0000 -3.5600 2.3500
v 49.1450 -3.5989 2.3500
v 49.0000 -3.8500 2.4800
v 49.0000 -3.5600 2.4800
v 48.8550 -3.5989 2.4800
v 49.0000 -3.8500 2.3500
v 48.8550 -3.5989 2.3500
v 49.0000 -3.5600 2.3500
v 49.0000 -3.8500 2.4800
v 48.8550 -3.5989 2.4800
v 48.7489 -3.7050 2.4800
v 49.0000 -3.8500 2.3500
v 48.7489 -3.7050 2.3500
v 48.8550 -3.5989 2.3500
v 49.0000 -3.8500 2.4800
v 48.7489 -3.7050 2.4800
v 48.7100 -3.8500 2.4800
v 49.0000 -3.8500 2.3500
v 48.7100 -3.8500 2.3500
v 48.7489 -3.7050 2.3500
v 49.0000 -3.8500 2.4800
v 48.7100 -3.8500 2.4800
v 48.7489 -3.9950 2.4800
v 49.0000 -3.8500 2.3500
v 48.7489 -3.9950 2.3500
v 48.7100 -3.8500 2.3500
v 49.0000 -3.8500 2.4800
v 48.7489 -3.9950 2.4800
v 48.8550 -4.1011 2.4800
v 49.0000 -3.8500 2.3500
v 48.8550 -4.1011 2.3500
v 48.7489 -3.9950 2.3500
v 49.0000 -3.8500 2.4800
v 48.8550 -4.1011 2.4800
v 49.0000 -4.1400 2.4800
v 49.0000 -3.8500 2.3500
v 49.0000 -4.1400 2.3500
v 48.8550 -4.1011 2.3500
v 49.0000 -3.8500 2.4800
v 49.0000 -4.1400 2.4800
v 49.1450 -4.1011 2.4800
v 49.0000 -3.8500 2.3500
v 49.1450 -4.1011 2.3500
v 49.0000 -4.1400 2.3500
v 49.0000 -3.8500 2.4800
v 49.1450 -4.1011 2.4800
v 49.2511 -3.9950 2.4800
v 49.0000 -3.8500 2.3500
v 49.2511 -3.9950 2.3500
v 49.1450 -4.1011 2.3500
v 49.0000 -3.8500 2.4800
v 49.2511 -3.9950 2.4800
v 49.2900 -3.8500 2.4800
v 49.0000 -3.8500 2.3500
v 49.2900 -3.8500 2.3500
v 49.2511 -3.9950 2.3500
v 48.6200 -3.9300 2.2400
v 49.3800 -3.9300 2.2400
v 49.3800 -3.7700 2.2400
v 48.6200 -3.7700 2.2400
v 48.6200 -3.7700 2.1600
v 49.3800 -3.7700 2.1600
v 49.3800 -3.9300 2.1600
v 48.6200 -3.9300 2.1600
v 48.6200 -3.7700 2.1600
v 48.6200 -3.7700 2.2400
v 49.3800 -3.7700 2.2400
v 49.3800 -3.7700 2.1600
v 49.3800 -3.9300 2.1600
v 49.3800 -3.9300 2.2400
v 48.6200 -3.9300 2.2400
v 48.6200 -3.9300 2.1600
v 48.6200 -3.9300 2.1600
v 48.6200 -3.9300 2.2400
v 48.6200 -3.7700 2.2400
v 48.6200 -3.7700 2.1600
v 49.3800 -3.7700 2.1600
v 49.3800 -3.7700 2.2400
v 49.3800 -3.9300 2.2400
v 49.3800 -3.9300 2.1600
v 60.3500 -3.8500 1.8000
v 60.3031 -3.6750 1.8000
v 60.3031 -3.6750 1.8800
v 60.3500 -3.8500 1.8800
v 60.3031 -3.6750 1.8000
v 60.1750 -3.5469 1.8000
v 60.1750 -3.5469 1.8800
v 60.3031 -3.6750 1.8800
v 60.1750 -3.5469 1.8000
v 60.0000 -3.5000 1.8000
v 60.0000 -3.5000 1.8800
v 60.1750 -3.5469 1.8800
v 60.0000 -3.5000 1.8000
v 59.8250 -3.5469 1.8000
v 59.8250 -3.5469 1.8800
v 60.0000 -3.5000 1.8800
v 59.8250 -3.5469 1.8000
v 59.6969 -3.6750 1.8000
v 59.6969 -3.6750 1.8800
v 59.8250 -3.5469 1.8800
v 59.6969 -3.6750 1.8000
v 59.6500 -3.8500 1.8000
v 59.6500 -3.8500 1.8800
v 59.6969 -3.6750 1.8800
v 59.6500 -3.8500 1.8000
v 59.6969 -4.0250 1.8000
v 59.6969 -4.0250 1.8800
v 59.6500 -3.8500 1.8800
v 59.6969 -4.0250 1.8000
v 59.8250 -4.1531 1.8000
v 59.8250 -4.1531 1.8800
v 59.6969 -4.0250 1.8800
v 59.8250 -4.1531 1.8000
v 60.0000 -4.2000 1.8000
v 60.0000 -4.2000 1.8800
v 59.8250 -4.1531 1.8800
v 60.0000 -4.2000 1.8000
v 60.1750 -4.1531 1.8000
v 60.1750 -4.1531 1.8800
v 60.0000 -4.2000 1.8800
v 60.1750 -4.1531 1.8000
v 60.3031 -4.0250 1.8000
v 60.3031 -4.0250 1.8800
v 60.1750 -4.1531 1.8800
v 60.3031 -4.0250 1.8000
v 60.3031 -4.0250 1.8800
v 60.3500 -3.8500 1.8800
v 60.3500 -3.8500 1.8000
v 60.0000 -3.8500 1.8800
v 60.3500 -3.8500 1.8800
v 60.3031 -3.6750 1.8800
v 60.0000 -3.8500 1.8000
v 60.3031 -3.6750 1.8000
v 60.3500 -3.8500 1.8000
v 60.0000 -3.8500 1.8800
v 60.3031 -3.6750 1.8800
v 60.1750 -3.5469 1.8800
v 60.0000 -3.8500 1.8000
v 60.1750 -3.5469 1.8000
v 60.3031 -3.6750 1.8000
v 60.0000 -3.8500 1.8800
v 60.1750 -3.5469 1.8800
v 60.0000 -3.5000 1.8800
v 60.0000 -3.8500 1.8000
v 60.0000 -3.5000 1.8000
v 60.1750 -3.5469 1.8000
v 60.0000 -3.8500 1.8800
v 60.0000 -3.5000 1.8800
v 59.8250 -3.5469 1.8800
v 60.0000 -3.8500 1.8000
v 59.8250 -3.5469 1.8000
v 60.0000 -3.5000 1.8000
v 60.0000 -3.8500 1.8800
v 59.8250 -3.5469 1.8800
v 59.6969 -3.6750 1.8800
v 60.0000 -3.8500 1.8000
v 59.6969 -3.6750 1.8000
v 59.8250 -3.5469 1.8000
v 60.0000 -3.8500 1.8800
v 59.6969 -3.6750 1.8800
v 59.6500 -3.8500 1.8800
v 60.0000 -3.8500 1.8000
v 59.6500 -3.8500 1.8000
v 59.6969 -3.6750 1.8000
v 60.0000 -3.8500 1.8800
v 59.6500 -3.8500 1.8800
v 59.6969 -4.0250 1.8800
v 60.0000 -3.8500 1.8000
v 59.6969 -4.0250 1.8000
v 59.6500 -3.8500 1.8000
v 60.0000 -3.8500 1.8800
v 59.6969 -4.0250 1.8800
v 59.8250 -4.1531 1.8800
v 60.0000 -3.8500 1.8000
v 59.8250 -4.1531 1.8000
v 59.6969 -4.0250 1.8000
v 60.0000 -3.8500 1.8800
v 59.8250 -4.1531 1.8800
v 60.0000 -4.2000 1.8800
v 60.0000 -3.8500 1.8000
v 60.0000 -4.2000 1.8000
v 59.8250 -4.1531 1.8000
v 60.0000 -3.8500 1.8800
v 60.0000 -4.2000 1.8800
v 60.1750 -4.1531 1.8800
v 60.0000 -3.8500 1.8000
v 60.1750 -4.1531 1.8000
v 60.0000 -4.2000 1.8000
v 60.0000 -3.8500 1.8800
v 60.1750 -4.1531 1.8800
v 60.3031 -4.0250 1.8800
v 60.0000 -3.8500 1.8000
v 60.3031 -4.0250 1.8000
v 60.1750 -4.1531 1.8000
v 60.0000 -3.8500 1.8800
v 60.3031 -4.0250 1.8800
v 60.3500 -3.8500 1.8800
v 60.0000 -3.8500 1.8000
v 60.3500 -3.8500 1.8000
v 60.3031 -4.0250 1.8000
v 60.2200 -3.8500 1.8800
v 60.1905 -3.7400 1.8800
v 60.1905 -3.7400 2.3500
v 60.2200 -3.8500 2.3500
v 60.1905 -3.7400 1.8800
v 60.1100 -3.6595 1.8800
v 60.1100 -3.6595 2.3500
v 60.1905 -3.7400 2.3500
v 60.1100 -3.6595 1.8800
v 60.0000 -3.6300 1.8800
v 60.0000 -3.6300 2.3500
v 60.1100 -3.6595 2.3500
v 60.0000 -3.6300 1.8800
v 59.8900 -3.6595 1.8800
v 59.8900 -3.6595 2.3500
v 60.0000 -3.6300 2.3500
v 59.8900 -3.6595 1.8800
v 59.8095 -3.7400 1.8800
v 59.8095 -3.7400 2.3500
v 59.8900 -3.6595 2.3500
v 59.8095 -3.7400 1.8800
v 59.7800 -3.8500 1.8800
v 59.7800 -3.8500 2.3500
v 59.8095 -3.7400 2.3500
v 59.7800 -3.8500 1.8800
v 59.8095 -3.9600 1.8800
v 59.8095 -3.9600 2.3500
v 59.7800 -3.8500 2.3500
v 59.8095 -3.9600 1.8800
v 59.8900 -4.0405 1.8800
v 59.8900 -4.0405 2.3500
v 59.8095 -3.9600 2.3500
v 59.8900 -4.0405 1.8800
v 60.0000 -4.0700 1.8800
v 60.0000 -4.0700 2.3500
v 59.8900 -4.0405 2.3500
v 60.0000 -4.0700 1.8800
v 60.1100 -4.0405 1.8800
v 60.1100 -4.0405 2.3500
v 60.0000 -4.0700 2.3500
v 60.1100 -4.0405 1.8800
v 60.1905 -3.9600 1.8800
v 60.1905 -3.9600 2.3500
v 60.1100 -4.0405 2.3500
v 60.1905 -3.9600 1.8800
v 60.1905 -3.9600 2.3500
v 60.2200 -3.8500 2.3500
v 60.2200 -3.8500 1.8800
v 60.2900 -3.8500 2.3500
v 60.2511 -3.7050 2.3500
v 60.2511 -3.7050 2.4800
v 60.2900 -3.8500 2.4800
v 60.2511 -3.7050 2.3500
v 60.1450 -3.5989 2.3500
v 60.1450 -3.5989 2.4800
v 60.2511 -3.7050 2.4800
v 60.1450 -3.5989 2.3500
v 60.0000 -3.5600 2.3500
v 60.0000 -3.5600 2.4800
v 60.1450 -3.5989 2.4800
v 60.0000 -3.5600 2.3500
v 59.8550 -3.5989 2.3500
v 59.8550 -3.5989 2.4800
v 60.0000 -3.5600 2.4800
v 59.8550 -3.5989 2.3500
v 59.7489 -3.7050 2.3500
v 59.7489 -3.7050 2.4800
v 59.8550 -3.5989 2.4800
v 59.7489 -3.7050 2.3500
v 59.7100 -3.8500 2.3500
v 59.7100 -3.8500 2.4800
v 59.7489 -3.7050 2.4800
v 59.7100 -3.8500 2.3500
v 59.7489 -3.9950 2.3500
v 59.7489 -3.9950 2.4800
v 59.7100 -3.8500 2.4800
v 59.7489 -3.9950 2.3500
v 59.8550 -4.1011 2.3500
v 59.8550 -4.1011 2.4800
v 59.7489 -3.9950 2.4800
v 59.8550 -4.1011 2.3500
v 60.0000 -4.1400 2.3500
v 60.0000 -4.1400 2.4800
v 59.8550 -4.1011 2.4800
v 60.0000 -4.1400 2.3500
v 60.1450 -4.1011 2.3500
v 60.1450 -4.1011 2.4800
v 60.0000 -4.1400 2.4800
v 60.1450 -4.1011 2.3500
v 60.2511 -3.9950 2.3500
v 60.2511 -3.9950 2.4800
v 60.1450 -4.1011 2.4800
v 60.2511 -3.9950 2.3500
v 60.2511 -3.9950 2.4800
v 60.2900 -3.8500 2.4800
v 60.2900 -3.8500 2.3500
v 60.0000 -3.8500 2.4800
v 60.2900 -3.8500 2.4800
v 60.2511 -3.7050 2.4800
v 60.0000 -3.8500 2.3500
v 60.2511 -3.7050 2.3500
v 60.2900 -3.8500 2.3500
v 60.0000 -3.8500 2.4800
v 60.2511 -3.7050 2.4800
v 60.1450 -3.5989 2.4800
v 60.0000 -3.8500 2.3500
v 60.1450 -3.5989 2.3500
v 60.2511 -3.7050 2.3500
v 60.0000 -3.8500 2.4800
v 60.1450 -3.5989 2.4800
v 60.0000 -3.5600 2.4800
v 60.0000 -3.8500 2.3500
v 60.0000 -3.5600 2.3500
v 60.1450 -3.5989 2.3500
v 60.0000 -3.8500 2.4800
v 60.0000 -3.5600 2.4800
v 59.8550 -3.5989 2.4800
v 60.0000 -3.8500 2.3500
v 59.8550 -3.5989 2.3500
v 60.0000 -3.5600 2.3500
v 60.0000 -3.8500 2.4800
v 59.8550 -3.5989 2.4800
v 59.7489 -3.7050 2.4800
v 60.0000 -3.8500 2.3500
v 59.7489 -3.7050 2.3500
v 59.8550 -3.5989 2.3500
v 60.0000 -3.8500 2.4800
v 59.7489 -3.7050 2.4800
v 59.7100 -3.8500 2.4800
v 60.0000 -3.8500 2.3500
v 59.7100 -3.8500 2.3500
v 59.7489 -3.7050 2.3500
v 60.0000 -3.8500 2.4800
v 59.7100 -3.8500 2.4800
v 59.7489 -3.9950 2.4800
v 60.0000 -3.8500 2.3500
v 59.7489 -3.9950 2.3500
v 59.7100 -3.8500 2.3500
v 60.0000 -3.8500 2.4800
v 59.7489 -3.9950 2.4800
v 59.8550 -4.1011 2.4800
v 60.0000 -3.8500 2.3500
v 59.8550 -4.1011 2.3500
v 59.7489 -3.9950 2.3500
v 60.0000 -3.8500 2.4800
v 59.8550 -4.1011 2.4800
v 60.0000 -4.1400 2.4800
v 60.0000 -3.8500 2.3500
v 60.0000 -4.1400 2.3500
v 59.8550 -4.1011 2.3500
v 60.0000 -3.8500 2.4800
v 60.0000 -4.1400 2.4800
v 60.1450 -4.1011 2.4800
v 60.0000 -3.8500 2.3500
v 60.1450 -4.1011 2.3500
v 60.0000 -4.1400 2.3500
v 60.0000 -3.8500 2.4800
v 60.1450 -4.1011 2.4800
v 60.2511 -3.9950 2.4800
v 60.0000 -3.8500 2.3500
v 60.2511 -3.9950 2.3500
v 60.1450 -4.1011 2.3500
v 60.0000 -3.8500 2.4800
v 60.2511 -3.9950 2.4800
v 60.2900 -3.8500 2.4800
v 60.0000 -3.8500 2.3500
v 60.2900 -3.8500 2.3500
v 60.2511 -3.9950 2.3500
v 59.6200 -3.9300 2.2400
v 60.3800 -3.9300 2.2400
v 60.3800 -3.7700 2.2400
v 59.6200 -3.7700 2.2400
v 59.6200 -3.7700 2.1600
v 60.3800 -3.7700 2.1600
v 60.3800 -3.9300 2.1600
v 59.6200 -3.9300 2.1600
v 59.6200 -3.7700 2.1600
v 59.6200 -3.7700 2.2400
v 60.3800 -3.7700 2.2400
v 60.3800 -3.7700 2.1600
v 60.3800 -3.9300 2.1600
v 60.3800 -3.9300 2.2400
v 59.6200 -3.9300 2.2400
v 59.6200 -3.9300 2.1600
v 59.6200 -3.9300 2.1600
v 59.6200 -3.9300 2.2400
v 59.6200 -3.7700 2.2400
v 59.6200 -3.7700 2.1600
v 60.3800 -3.7700 2.1600
v 60.3800 -3.7700 2.2400
v 60.3800 -3.9300 2.2400
v 60.3800 -3.9300 2.1600
v 71.3500 -3.8500 1.8000
v 71.3031 -3.6750 1.8000
v 71.3031 -3.6750 1.8800
v 71.3500 -3.8500 1.8800
v 71.3031 -3.6750 1.8000
v 71.1750 -3.5469 1.8000
v 71.1750 -3.5469 1.8800
v 71.3031 -3.6750 1.8800
v 71.1750 -3.5469 1.8000
v 71.0000 -3.5000 1.8000
v 71.0000 -3.5000 1.8800
v 71.1750 -3.5469 1.8800
v 71.0000 -3.5000 1.8000
v 70.8250 -3.5469 1.8000
v 70.8250 -3.5469 1.8800
v 71.0000 -3.5000 1.8800
v 70.8250 -3.5469 1.8000
v 70.6969 -3.6750 1.8000
v 70.6969 -3.6750 1.8800
v 70.8250 -3.5469 1.8800
v 70.6969 -3.6750 1.8000
v 70.6500 -3.8500 1.8000
v 70.6500 -3.8500 1.8800
v 70.6969 -3.6750 1.8800
v 70.6500 -3.8500 1.8000
v 70.6969 -4.0250 1.8000
v 70.6969 -4.0250 1.8800
v 70.6500 -3.8500 1.8800
v 70.6969 -4.0250 1.8000
v 70.8250 -4.1531 1.8000
v 70.8250 -4.1531 1.8800
v 70.6969 -4.0250 1.8800
v 70.8250 -4.1531 1.8000
v 71.0000 -4.2000 1.8000
v 71.0000 -4.2000 1.8800
v 70.8250 -4.1531 1.8800
v 71.0000 -4.2000 1.8000
v 71.1750 -4.1531 1.8000
v 71.1750 -4.1531 1.8800
v 71.0000 -4.2000 1.8800
v 71.1750 -4.1531 1.8000
v 71.3031 -4.0250 1.8000
v 71.3031 -4.0250 1.8800
v 71.1750 -4.1531 1.8800
v 71.3031 -4.0250 1.8000
v 71.3031 -4.0250 1.8800
v 71.3500 -3.8500 1.8800
v 71.3500 -3.8500 1.8000
v 71.0000 -3.8500 1.8800
v 71.3500 -3.8500 1.8800
v 71.3031 -3.6750 1.8800
v 71.0000 -3.8500 1.8000
v 71.3031 -3.6750 1.8000
v 71.3500 -3.8500 1.8000
v 71.0000 -3.8500 1.8800
v 71.3031 -3.6750 1.8800
v 71.1750 -3.5469 1.8800
v 71.0000 -3.8500 1.8000
v 71.1750 -3.5469 1.8000
v 71.3031 -3.6750 1.8000
v 71.0000 -3.8500 1.8800
v 71.1750 -3.5469 1.8800
v 71.0000 -3.5000 1.8800
v 71.0000 -3.8500 1.8000
v 71.0000 -3.5000 1.8000
v 71.1750 -3.5469 1.8000
v 71.0000 -3.8500 1.8800
v 71.0000 -3.5000 1.8800
v 70.8250 -3.5469 1.8800
v 71.0000 -3.8500 1.8000
v 70.8250 -3.5469 1.8000
v 71.0000 -3.5000 1.8000
v 71.0000 -3.8500 1.8800
v 70.8250 -3.5469 1.8800
v 70.6969 -3.6750 1.8800
v 71.0000 -3.8500 1.8000
v 70.6969 -3.6750 1.8000
v 70.8250 -3.5469 1.8000
v 71.0000 -3.8500 1.8800
v 70.6969 -3.6750 1.8800
v 70.6500 -3.8500 1.8800
v 71.0000 -3.8500 1.8000
v 70.6500 -3.8500 1.8000
v 70.6969 -3.6750 1.8000
v 71.0000 -3.8500 1.8800
v 70.6500 -3.8500 1.8800
v 70.6969 -4.0250 1.8800
v 71.0000 -3.8500 1.8000
v 70.6969 -4.0250 1.8000
v 70.6500 -3.8500 1.8000
v 71.0000 -3.8500 1.8800
v 70.6969 -4.0250 1.8800
v 70.8250 -4.1531 1.8800
v 71.0000 -3.8500 1.8000
v 70.8250 -4.1531 1.8000
v 70.6969 -4.0250 1.8000
v 71.0000 -3.8500 1.8800
v 70.8250 -4.1531 1.8800
v 71.0000 -4.2000 1.8800
v 71.0000 -3.8500 1.8000
v 71.0000 -4.2000 1.8000
v 70.8250 -4.1531 1.8000
v 71.0000 -3.8500 1.8800
v 71.0000 -4.2000 1.8800
v 71.1750 -4.1531 1.8800
v 71.0000 -3.8500 1.8000
v 71.1750 -4.1531 1.8000
v 71.0000 -4.2000 1.8000
v 71.0000 -3.8500 1.8800
v 71.1750 -4.1531 1.8800
v 71.3031 -4.0250 1.8800
v 71.0000 -3.8500 1.8000
v 71.3031 -4.0250 1.8000
v 71.1750 -4.1531 1.8000
v 71.0000 -3.8500 1.8800
v 71.3031 -4.0250 1.8800
v 71.3500 -3.8500 1.8800
v 71.0000 -3.8500 1.8000
v 71.3500 -3.8500 1.8000
v 71.3031 -4.0250 1.8000
v 71.2200 -3.8500 1.8800
v 71.1905 -3.7400 1.8800
v 71.1905 -3.7400 2.3500
v 71.2200 -3.8500 2.3500
v 71.1905 -3.7400 1.8800
v 71.1100 -3.6595 1.8800
v 71.1100 -3.6595 2.3500
v 71.1905 -3.7400 2.3500
v 71.1100 -3.6595 1.8800
v 71.0000 -3.6300 1.8800
v 71.0000 -3.6300 2.3500
v 71.1100 -3.6595 2.3500
v 71.0000 -3.6300 1.8800
v 70.8900 -3.6595 1.8800
v 70.8900 -3.6595 2.3500
v 71.0000 -3.6300 2.3500
v 70.8900 -3.6595 1.8800
v 70.8095 -3.7400 1.8800
v 70.8095 -3.7400 2.3500
v 70.8900 -3.6595 2.3500
v 70.8095 -3.7400 1.8800
v 70.7800 -3.8500 1.8800
v 70.7800 -3.8500 2.3500
v 70.8095 -3.7400 2.3500
v 70.7800 -3.8500 1.8800
v 70.8095 -3.9600 1.8800
v 70.8095 -3.9600 2.3500
v 70.7800 -3.8500 2.3500
v 70.8095 -3.9600 1.8800
v 70.8900 -4.0405 1.8800
v 70.8900 -4.0405 2.3500
v 70.8095 -3.9600 2.3500
v 70.8900 -4.0405 1.8800
v 71.0000 -4.0700 1.8800
v 71.0000 -4.0700 2.3500
v 70.8900 -4.0405 2.3500
v 71.0000 -4.0700 1.8800
v 71.1100 -4.0405 1.8800
v 71.1100 -4.0405 2.3500
v 71.0000 -4.0700 2.3500
v 71.1100 -4.0405 1.8800
v 71.1905 -3.9600 1.8800
v 71.1905 -3.9600 2.3500
v 71.1100 -4.0405 2.3500
v 71.1905 -3.9600 1.8800
v 71.1905 -3.9600 2.3500
v 71.2200 -3.8500 2.3500
v 71.2200 -3.8500 1.8800
v 71.2900 -3.8500 2.3500
v 71.2511 -3.7050 2.3500
v 71.2511 -3.7050 2.4800
v 71.2900 -3.8500 2.4800
v 71.2511 -3.7050 2.3500
v 71.1450 -3.5989 2.3500
v 71.1450 -3.5989 2.4800
v 71.2511 -3.7050 2.4800
v 71.1450 -3.5989 2.3500
v 71.0000 -3.5600 2.3500
v 71.0000 -3.5600 2.4800
v 71.1450 -3.5989 2.4800
v 71.0000 -3.5600 2.3500
v 70.8550 -3.5989 2.3500
v 70.8550 -3.5989 2.4800
v 71.0000 -3.5600 2.4800
v 70.8550 -3.5989 2.3500
v 70.7489 -3.7050 2.3500
v 70.7489 -3.7050 2.4800
v 70.8550 -3.5989 2.4800
v 70.7489 -3.7050 2.3500
v 70.7100 -3.8500 2.3500
v 70.7100 -3.8500 2.4800
v 70.7489 -3.7050 2.4800
v 70.7100 -3.8500 2.3500
v 70.7489 -3.9950 2.3500
v 70.7489 -3.9950 2.4800
v 70.7100 -3.8500 2.4800
v 70.7489 -3.9950 2.3500
v 70.8550 -4.1011 2.3500
v 70.8550 -4.1011 2.4800
v 70.7489 -3.9950 2.4800
v 70.8550 -4.1011 2.3500
v 71.0000 -4.1400 2.3500
v 71.0000 -4.1400 2.4800
v 70.8550 -4.1011 2.4800
v 71.0000 -4.1400 2.3500
v 71.1450 -4.1011 2.3500
v 71.1450 -4.1011 2.4800
v 71.0000 -4.1400 2.4800
v 71.1450 -4.1011 2.3500
v 71.2511 -3.9950 2.3500
v 71.2511 -3.9950 2.4800
v 71.1450 -4.1011 2.4800
v 71.2511 -3.9950 2.3500
v 71.2511 -3.9950 2.4800
v 71.2900 -3.8500 2.4800
v 71.2900 -3.8500 2.3500
v 71.0000 -3.8500 2.4800
v 71.2900 -3.8500 2.4800
v 71.2511 -3.7050 2.4800
v 71.0000 -3.8500 2.3500
v 71.2511 -3.7050 2.3500
v 71.2900 -3.8500 2.3500
v 71.0000 -3.8500 2.4800
v 71.2511 -3.7050 2.4800
v 71.1450 -3.5989 2.4800
v 71.0000 -3.8500 2.3500
v 71.1450 -3.5989 2.3500
v 71.2511 -3.7050 2.3500
v 71.0000 -3.8500 2.4800
v 71.1450 -3.5989 2.4800
v 71.0000 -3.5600 2.4800
v 71.0000 -3.8500 2.3500
v 71.0000 -3.5600 2.3500
v 71.1450 -3.5989 2.3500
v 71.0000 -3.8500 2.4800
v 71.0000 -3.5600 2.4800
v 70.8550 -3.5989 2.4800
v 71.0000 -3.8500 2.3500
v 70.8550 -3.5989 2.3500
v 71.0000 -3.5600 2.3500
v 71.0000 -3.8500 2.4800
v 70.8550 -3.5989 2.4800
v 70.7489 -3.7050 2.4800
v 71.0000 -3.8500 2.3500
v 70.7489 -3.7050 2.3500
v 70.8550 -3.5989 2.3500
v 71.0000 -3.8500 2.4800
v 70.7489 -3.7050 2.4800
v 70.7100 -3.8500 2.4800
v 71.0000 -3.8500 2.3500
v 70.7100 -3.8500 2.3500
v 70.7489 -3.7050 2.3500
v 71.0000 -3.8500 2.4800
v 70.7100 -3.8500 2.4800
v 70.7489 -3.9950 2.4800
v 71.0000 -3.8500 2.3500
v 70.7489 -3.9950 2.3500
v 70.7100 -3.8500 2.3500
v 71.0000 -3.8500 2.4800
v 70.7489 -3.9950 2.4800
v 70.8550 -4.1011 2.4800
v 71.0000 -3.8500 2.3500
v 70.8550 -4.1011 2.3500
v 70.7489 -3.9950 2.3500
v 71.0000 -3.8500 2.4800
v 70.8550 -4.1011 2.4800
v 71.0000 -4.1400 2.4800
v 71.0000 -3.8500 2.3500
v 71.0000 -4.1400 2.3500
v 70.8550 -4.1011 2.3500
v 71.0000 -3.8500 2.4800
v 71.0000 -4.1400 2.4800
v 71.1450 -4.1011 2.4800
v 71.0000 -3.8500 2.3500
v 71.1450 -4.1011 2.3500
v 71.0000 -4.1400 2.3500
v 71.0000 -3.8500 2.4800
v 71.1450 -4.1011 2.4800
v 71.2511 -3.9950 2.4800
v 71.0000 -3.8500 2.3500
v 71.2511 -3.9950 2.3500
v 71.1450 -4.1011 2.3500
v 71.0000 -3.8500 2.4800
v 71.2511 -3.9950 2.4800
v 71.2900 -3.8500 2.4800
v 71.0000 -3.8500 2.3500
v 71.2900 -3.8500 2.3500
v 71.2511 -3.9950 2.3500
v 70.6200 -3.9300 2.2400
v 71.3800 -3.9300 2.2400
v 71.3800 -3.7700 2.2400
v 70.6200 -3.7700 2.2400
v 70.6200 -3.7700 2.1600
v 71.3800 -3.7700 2.1600
v 71.3800 -3.9300 2.1600
v 70.6200 -3.9300 2.1600
v 70.6200 -3.7700 2.1600
v 70.6200 -3.7700 2.2400
v 71.3800 -3.7700 2.2400
v 71.3800 -3.7700 2.1600
v 71.3800 -3.9300 2.1600
v 71.3800 -3.9300 2.2400
v 70.6200 -3.9300 2.2400
v 70.6200 -3.9300 2.1600
v 70.6200 -3.9300 2.1600
v 70.6200 -3.9300 2.2400
v 70.6200 -3.7700 2.2400
v 70.6200 -3.7700 2.1600
v 71.3800 -3.7700 2.1600
v 71.3800 -3.7700 2.2400
v 71.3800 -3.9300 2.2400
v 71.3800 -3.9300 2.1600
v 82.3500 -3.8500 1.8000
v 82.3031 -3.6750 1.8000
v 82.3031 -3.6750 1.8800
v 82.3500 -3.8500 1.8800
v 82.3031 -3.6750 1.8000
v 82.1750 -3.5469 1.8000
v 82.1750 -3.5469 1.8800
v 82.3031 -3.6750 1.8800
v 82.1750 -3.5469 1.8000
v 82.0000 -3.5000 1.8000
v 82.0000 -3.5000 1.8800
v 82.1750 -3.5469 1.8800
v 82.0000 -3.5000 1.8000
v 81.8250 -3.5469 1.8000
v 81.8250 -3.5469 1.8800
v 82.0000 -3.5000 1.8800
v 81.8250 -3.5469 1.8000
v 81.6969 -3.6750 1.8000
v 81.6969 -3.6750 1.8800
v 81.8250 -3.5469 1.8800
v 81.6969 -3.6750 1.8000
v 81.6500 -3.8500 1.8000
v 81.6500 -3.8500 1.8800
v 81.6969 -3.6750 1.8800
v 81.6500 -3.8500 1.8000
v 81.6969 -4.0250 1.8000
v 81.6969 -4.0250 1.8800
v 81.6500 -3.8500 1.8800
v 81.6969 -4.0250 1.8000
v 81.8250 -4.1531 1.8000
v 81.8250 -4.1531 1.8800
v 81.6969 -4.0250 1.8800
v 81.8250 -4.1531 1.8000
v 82.0000 -4.2000 1.8000
v 82.0000 -4.2000 1.8800
v 81.8250 -4.1531 1.8800
v 82.0000 -4.2000 1.8000
v 82.1750 -4.1531 1.8000
v 82.1750 -4.1531 1.8800
v 82.0000 -4.2000 1.8800
v 82.1750 -4.1531 1.8000
v 82.3031 -4.0250 1.8000
v 82.3031 -4.0250 1.8800
v 82.1750 -4.1531 1.8800
v 82.3031 -4.0250 1.8000
v 82.3031 -4.0250 1.8800
v 82.3500 -3.8500 1.8800
v 82.3500 -3.8500 1.8000
v 82.0000 -3.8500 1.8800
v 82.3500 -3.8500 1.8800
v 82.3031 -3.6750 1.8800
v 82.0000 -3.8500 1.8000
v 82.3031 -3.6750 1.8000
v 82.3500 -3.8500 1.8000
v 82.0000 -3.8500 1.8800
v 82.3031 -3.6750 1.8800
v 82.1750 -3.5469 1.8800
v 82.0000 -3.8500 1.8000
v 82.1750 -3.5469 1.8000
v 82.3031 -3.6750 1.8000
v 82.0000 -3.8500 1.8800
v 82.1750 -3.5469 1.8800
v 82.0000 -3.5000 1.8800
v 82.0000 -3.8500 1.8000
v 82.0000 -3.5000 1.8000
v 82.1750 -3.5469 1.8000
v 82.0000 -3.8500 1.8800
v 82.0000 -3.5000 1.8800
v 81.8250 -3.5469 1.8800
v 82.0000 -3.8500 1.8000
v 81.8250 -3.5469 1.8000
v 82.0000 -3.5000 1.8000
v 82.0000 -3.8500 1.8800
v 81.8250 -3.5469 1.8800
v 81.6969 -3.6750 1.8800
v 82.0000 -3.8500 1.8000
v 81.6969 -3.6750 1.8000
v 81.8250 -3.5469 1.8000
v 82.0000 -3.8500 1.8800
v 81.6969 -3.6750 1.8800
v 81.6500 -3.8500 1.8800
v 82.0000 -3.8500 1.8000
v 81.6500 -3.8500 1.8000
v 81.6969 -3.6750 1.8000
v 82.0000 -3.8500 1.8800
v 81.6500 -3.8500 1.8800
v 81.6969 -4.0250 1.8800
v 82.0000 -3.8500 1.8000
v 81.6969 -4.0250 1.8000
v 81.6500 -3.8500 1.8000
v 82.0000 -3.8500 1.8800
v 81.6969 -4.0250 1.8800
v 81.8250 -4.1531 1.8800
v 82.0000 -3.8500 1.8000
v 81.8250 -4.1531 1.8000
v 81.6969 -4.0250 1.8000
v 82.0000 -3.8500 1.8800
v 81.8250 -4.1531 1.8800
v 82.0000 -4.2000 1.8800
v 82.0000 -3.8500 1.8000
v 82.0000 -4.2000 1.8000
v 81.8250 -4.1531 1.8000
v 82.0000 -3.8500 1.8800
v 82.0000 -4.2000 1.8800
v 82.1750 -4.1531 1.8800
v 82.0000 -3.8500 1.8000
v 82.1750 -4.1531 1.8000
v 82.0000 -4.2000 1.8000
v 82.0000 -3.8500 1.8800
v 82.1750 -4.1531 1.8800
v 82.3031 -4.0250 1.8800
v 82.0000 -3.8500 1.8000
v 82.3031 -4.0250 1.8000
v 82.1750 -4.1531 1.8000
v 82.0000 -3.8500 1.8800
v 82.3031 -4.0250 1.8800
v 82.3500 -3.8500 1.8800
v 82.0000 -3.8500 1.8000
v 82.3500 -3.8500 1.8000
v 82.3031 -4.0250 1.8000
v 82.2200 -3.8500 1.8800
v 82.1905 -3.7400 1.8800
v 82.1905 -3.7400 2.3500
v 82.2200 -3.8500 2.3500
v 82.1905 -3.7400 1.8800
v 82.1100 -3.6595 1.8800
v 82.1100 -3.6595 2.3500
v 82.1905 -3.7400 2.3500
v 82.1100 -3.6595 1.8800
v 82.0000 -3.6300 1.8800
v 82.0000 -3.6300 2.3500
v 82.1100 -3.6595 2.3500
v 82.0000 -3.6300 1.8800
v 81.8900 -3.6595 1.8800
v 81.8900 -3.6595 2.3500
v 82.0000 -3.6300 2.3500
v 81.8900 -3.6595 1.8800
v 81.8095 -3.7400 1.8800
v 81.8095 -3.7400 2.3500
v 81.8900 -3.6595 2.3500
v 81.8095 -3.7400 1.8800
v 81.7800 -3.8500 1.8800
v 81.7800 -3.8500 2.3500
v 81.8095 -3.7400 2.3500
v 81.7800 -3.8500 1.8800
v 81.8095 -3.9600 1.8800
v 81.8095 -3.9600 2.3500
v 81.7800 -3.8500 2.3500
v 81.8095 -3.9600 1.8800
v 81.8900 -4.0405 1.8800
v 81.8900 -4.0405 2.3500
v 81.8095 -3.9600 2.3500
v 81.8900 -4.0405 1.8800
v 82.0000 -4.0700 1.8800
v 82.0000 -4.0700 2.3500
v 81.8900 -4.0405 2.3500
v 82.0000 -4.0700 1.8800
v 82.1100 -4.0405 1.8800
v 82.1100 -4.0405 2.3500
v 82.0000 -4.0700 2.3500
v 82.1100 -4.0405 1.8800
v 82.1905 -3.9600 1.8800
v 82.1905 -3.9600 2.3500
v 82.1100 -4.0405 2.3500
v 82.1905 -3.9600 1.8800
v 82.1905 -3.9600 2.3500
v 82.2200 -3.8500 2.3500
v 82.2200 -3.8500 1.8800
v 82.2900 -3.8500 2.3500
v 82.2511 -3.7050 2.3500
v 82.2511 -3.7050 2.4800
v 82.2900 -3.8500 2.4800
v 82.2511 -3.7050 2.3500
v 82.1450 -3.5989 2.3500
v 82.1450 -3.5989 2.4800
v 82.2511 -3.7050 2.4800
v 82.1450 -3.5989 2.3500
v 82.0000 -3.5600 2.3500
v 82.0000 -3.5600 2.4800
v 82.1450 -3.5989 2.4800
v 82.0000 -3.5600 2.3500
v 81.8550 -3.5989 2.3500
v 81.8550 -3.5989 2.4800
v 82.0000 -3.5600 2.4800
v 81.8550 -3.5989 2.3500
v 81.7489 -3.7050 2.3500
v 81.7489 -3.7050 2.4800
v 81.8550 -3.5989 2.4800
v 81.7489 -3.7050 2.3500
v 81.7100 -3.8500 2.3500
v 81.7100 -3.8500 2.4800
v 81.7489 -3.7050 2.4800
v 81.7100 -3.8500 2.3500
v 81.7489 -3.9950 2.3500
v 81.7489 -3.9950 2.4800
v 81.7100 -3.8500 2.4800
v 81.7489 -3.9950 2.3500
v 81.8550 -4.1011 2.3500
v 81.8550 -4.1011 2.4800
v 81.7489 -3.9950 2.4800
v 81.8550 -4.1011 2.3500
v 82.0000 -4.1400 2.3500
v 82.0000 -4.1400 2.4800
v 81.8550 -4.1011 2.4800
v 82.0000 -4.1400 2.3500
v 82.1450 -4.1011 2.3500
v 82.1450 -4.1011 2.4800
v 82.0000 -4.1400 2.4800
v 82.1450 -4.1011 2.3500
v 82.2511 -3.9950 2.3500
v 82.2511 -3.9950 2.4800
v 82.1450 -4.1011 2.4800
v 82.2511 -3.9950 2.3500
v 82.2511 -3.9950 2.4800
v 82.2900 -3.8500 2.4800
v 82.2900 -3.8500 2.3500
v 82.0000 -3.8500 2.4800
v 82.2900 -3.8500 2.4800
v 82.2511 -3.7050 2.4800
v 82.0000 -3.8500 2.3500
v 82.2511 -3.7050 2.3500
v 82.2900 -3.8500 2.3500
v 82.0000 -3.8500 2.4800
v 82.2511 -3.7050 2.4800
v 82.1450 -3.5989 2.4800
v 82.0000 -3.8500 2.3500
v 82.1450 -3.5989 2.3500
v 82.2511 -3.7050 2.3500
v 82.0000 -3.8500 2.4800
v 82.1450 -3.5989 2.4800
v 82.0000 -3.5600 2.4800
v 82.0000 -3.8500 2.3500
v 82.0000 -3.5600 2.3500
v 82.1450 -3.5989 2.3500
v 82.0000 -3.8500 2.4800
v 82.0000 -3.5600 2.4800
v 81.8550 -3.5989 2.4800
v 82.0000 -3.8500 2.3500
v 81.8550 -3.5989 2.3500
v 82.0000 -3.5600 2.3500
v 82.0000 -3.8500 2.4800
v 81.8550 -3.5989 2.4800
v 81.7489 -3.7050 2.4800
v 82.0000 -3.8500 2.3500
v 81.7489 -3.7050 2.3500
v 81.8550 -3.5989 2.3500
v 82.0000 -3.8500 2.4800
v 81.7489 -3.7050 2.4800
v 81.7100 -3.8500 2.4800
v 82.0000 -3.8500 2.3500
v 81.7100 -3.8500 2.3500
v 81.7489 -3.7050 2.3500
v 82.0000 -3.8500 2.4800
v 81.7100 -3.8500 2.4800
v 81.7489 -3.9950 2.4800
v 82.0000 -3.8500 2.3500
v 81.7489 -3.9950 2.3500
v 81.7100 -3.8500 2.3500
v 82.0000 -3.8500 2.4800
v 81.7489 -3.9950 2.4800
v 81.8550 -4.1011 2.4800
v 82.0000 -3.8500 2.3500
v 81.8550 -4.1011 2.3500
v 81.7489 -3.9950 2.3500
v 82.0000 -3.8500 2.4800
v 81.8550 -4.1011 2.4800
v 82.0000 -4.1400 2.4800
v 82.0000 -3.8500 2.3500
v 82.0000 -4.1400 2.3500
v 81.8550 -4.1011 2.3500
v 82.0000 -3.8500 2.4800
v 82.0000 -4.1400 2.4800
v 82.1450 -4.1011 2.4800
v 82.0000 -3.8500 2.3500
v 82.1450 -4.1011 2.3500
v 82.0000 -4.1400 2.3500
v 82.0000 -3.8500 2.4800
v 82.1450 -4.1011 2.4800
v 82.2511 -3.9950 2.4800
v 82.0000 -3.8500 2.3500
v 82.2511 -3.9950 2.3500
v 82.1450 -4.1011 2.3500
v 82.0000 -3.8500 2.4800
v 82.2511 -3.9950 2.4800
v 82.2900 -3.8500 2.4800
v 82.0000 -3.8500 2.3500
v 82.2900 -3.8500 2.3500
v 82.2511 -3.9950 2.3500
v 81.6200 -3.9300 2.2400
v 82.3800 -3.9300 2.2400
v 82.3800 -3.7700 2.2400
v 81.6200 -3.7700 2.2400
v 81.6200 -3.7700 2.1600
v 82.3800 -3.7700 2.1600
v 82.3800 -3.9300 2.1600
v 81.6200 -3.9300 2.1600
v 81.6200 -3.7700 2.1600
v 81.6200 -3.7700 2.2400
v 82.3800 -3.7700 2.2400
v 82.3800 -3.7700 2.1600
v 82.3800 -3.9300 2.1600
v 82.3800 -3.9300 2.2400
v 81.6200 -3.9300 2.2400
v 81.6200 -3.9300 2.1600
v 81.6200 -3.9300 2.1600
v 81.6200 -3.9300 2.2400
v 81.6200 -3.7700 2.2400
v 81.6200 -3.7700 2.1600
v 82.3800 -3.7700 2.1600
v 82.3800 -3.7700 2.2400
v 82.3800 -3.9300 2.2400
v 82.3800 -3.9300 2.1600
v 93.3500 -3.8500 1.8000
v 93.3031 -3.6750 1.8000
v 93.3031 -3.6750 1.8800
v 93.3500 -3.8500 1.8800
v 93.3031 -3.6750 1.8000
v 93.1750 -3.5469 1.8000
v 93.1750 -3.5469 1.8800
v 93.3031 -3.6750 1.8800
v 93.1750 -3.5469 1.8000
v 93.0000 -3.5000 1.8000
v 93.0000 -3.5000 1.8800
v 93.1750 -3.5469 1.8800
v 93.0000 -3.5000 1.8000
v 92.8250 -3.5469 1.8000
v 92.8250 -3.5469 1.8800
v 93.0000 -3.5000 1.8800
v 92.8250 -3.5469 1.8000
v 92.6969 -3.6750 1.8000
v 92.6969 -3.6750 1.8800
v 92.8250 -3.5469 1.8800
v 92.6969 -3.6750 1.8000
v 92.6500 -3.8500 1.8000
v 92.6500 -3.8500 1.8800
v 92.6969 -3.6750 1.8800
v 92.6500 -3.8500 1.8000
v 92.6969 -4.0250 1.8000
v 92.6969 -4.0250 1.8800
v 92.6500 -3.8500 1.8800
v 92.6969 -4.0250 1.8000
v 92.8250 -4.1531 1.8000
v 92.8250 -4.1531 1.8800
v 92.6969 -4.0250 1.8800
v 92.8250 -4.1531 1.8000
v 93.0000 -4.2000 1.8000
v 93.0000 -4.2000 1.8800
v 92.8250 -4.1531 1.8800
v 93.0000 -4.2000 1.8000
v 93.1750 -4.1531 1.8000
v 93.1750 -4.1531 1.8800
v 93.0000 -4.2000 1.8800
v 93.1750 -4.1531 1.8000
v 93.3031 -4.0250 1.8000
v 93.3031 -4.0250 1.8800
v 93.1750 -4.1531 1.8800
v 93.3031 -4.0250 1.8000
v 93.3031 -4.0250 1.8800
v 93.3500 -3.8500 1.8800
v 93.3500 -3.8500 1.8000
v 93.0000 -3.8500 1.8800
v 93.3500 -3.8500 1.8800
v 93.3031 -3.6750 1.8800
v 93.0000 -3.8500 1.8000
v 93.3031 -3.6750 1.8000
v 93.3500 -3.8500 1.8000
v 93.0000 -3.8500 1.8800
v 93.3031 -3.6750 1.8800
v 93.1750 -3.5469 1.8800
v 93.0000 -3.8500 1.8000
v 93.1750 -3.5469 1.8000
v 93.3031 -3.6750 1.8000
v 93.0000 -3.8500 1.8800
v 93.1750 -3.5469 1.8800
v 93.0000 -3.5000 1.8800
v 93.0000 -3.8500 1.8000
v 93.0000 -3.5000 1.8000
v 93.1750 -3.5469 1.8000
v 93.0000 -3.8500 1.8800
v 93.0000 -3.5000 1.8800
v 92.8250 -3.5469 1.8800
v 93.0000 -3.8500 1.8000
v 92.8250 -3.5469 1.8000
v 93.0000 -3.5000 1.8000
v 93.0000 -3.8500 1.8800
v 92.8250 -3.5469 1.8800
v 92.6969 -3.6750 1.8800
v 93.0000 -3.8500 1.8000
v 92.6969 -3.6750 1.8000
v 92.8250 -3.5469 1.8000
v 93.0000 -3.8500 1.8800
v 92.6969 -3.6750 1.8800
v 92.6500 -3.8500 1.8800
v 93.0000 -3.8500 1.8000
v 92.6500 -3.8500 1.8000
v 92.6969 -3.6750 1.8000
v 93.0000 -3.8500 1.8800
v 92.6500 -3.8500 1.8800
v 92.6969 -4.0250 1.8800
v 93.0000 -3.8500 1.8000
v 92.6969 -4.0250 1.8000
v 92.6500 -3.8500 1.8000
v 93.0000 -3.8500 1.8800
v 92.6969 -4.0250 1.8800
v 92.8250 -4.1531 1.8800
v 93.0000 -3.8500 1.8000
v 92.8250 -4.1531 1.8000
v 92.6969 -4.0250 1.8000
v 93.0000 -3.8500 1.8800
v 92.8250 -4.1531 1.8800
v 93.0000 -4.2000 1.8800
v 93.0000 -3.8500 1.8000
v 93.0000 -4.2000 1.8000
v 92.8250 -4.1531 1.8000
v 93.0000 -3.8500 1.8800
v 93.0000 -4.2000 1.8800
v 93.1750 -4.1531 1.8800
v 93.0000 -3.8500 1.8000
v 93.1750 -4.1531 1.8000
v 93.0000 -4.2000 1.8000
v 93.0000 -3.8500 1.8800
v 93.1750 -4.1531 1.8800
v 93.3031 -4.0250 1.8800
v 93.0000 -3.8500 1.8000
v 93.3031 -4.0250 1.8000
v 93.1750 -4.1531 1.8000
v 93.0000 -3.8500 1.8800
v 93.3031 -4.0250 1.8800
v 93.3500 -3.8500 1.8800
v 93.0000 -3.8500 1.8000
v 93.3500 -3.8500 1.8000
v 93.3031 -4.0250 1.8000
v 93.2200 -3.8500 1.8800
v 93.1905 -3.7400 1.8800
v 93.1905 -3.7400 2.3500
v 93.2200 -3.8500 2.3500
v 93.1905 -3.7400 1.8800
v 93.1100 -3.6595 1.8800
v 93.1100 -3.6595 2.3500
v 93.1905 -3.7400 2.3500
v 93.1100 -3.6595 1.8800
v 93.0000 -3.6300 1.8800
v 93.0000 -3.6300 2.3500
v 93.1100 -3.6595 2.3500
v 93.0000 -3.6300 1.8800
v 92.8900 -3.6595 1.8800
v 92.8900 -3.6595 2.3500
v 93.0000 -3.6300 2.3500
v 92.8900 -3.6595 1.8800
v 92.8095 -3.7400 1.8800
v 92.8095 -3.7400 2.3500
v 92.8900 -3.6595 2.3500
v 92.8095 -3.7400 1.8800
v 92.7800 -3.8500 1.8800
v 92.7800 -3.8500 2.3500
v 92.8095 -3.7400 2.3500
v 92.7800 -3.8500 1.8800
v 92.8095 -3.9600 1.8800
v 92.8095 -3.9600 2.3500
v 92.7800 -3.8500 2.3500
v 92.8095 -3.9600 1.8800
v 92.8900 -4.0405 1.8800
v 92.8900 -4.0405 2.3500
v 92.8095 -3.9600 2.3500
v 92.8900 -4.0405 1.8800
v 93.0000 -4.0700 1.8800
v 93.0000 -4.0700 2.3500
v 92.8900 -4.0405 2.3500
v 93.0000 -4.0700 1.8800
v 93.1100 -4.0405 1.8800
v 93.1100 -4.0405 2.3500
v 93.0000 -4.0700 2.3500
v 93.1100 -4.0405 1.8800
v 93.1905 -3.9600 1.8800
v 93.1905 -3.9600 2.3500
v 93.1100 -4.0405 2.3500
v 93.1905 -3.9600 1.8800
v 93.1905 -3.9600 2.3500
v 93.2200 -3.8500 2.3500
v 93.2200 -3.8500 1.8800
v 93.2900 -3.8500 2.3500
v 93.2511 -3.7050 2.3500
v 93.2511 -3.7050 2.4800
v 93.2900 -3.8500 2.4800
v 93.2511 -3.7050 2.3500
v 93.1450 -3.5989 2.3500
v 93.1450 -3.5989 2.4800
v 93.2511 -3.7050 2.4800
v 93.1450 -3.5989 2.3500
v 93.0000 -3.5600 2.3500
v 93.0000 -3.5600 2.4800
v 93.1450 -3.5989 2.4800
v 93.0000 -3.5600 2.3500
v 92.8550 -3.5989 2.3500
v 92.8550 -3.5989 2.4800
v 93.0000 -3.5600 2.4800
v 92.8550 -3.5989 2.3500
v 92.7489 -3.7050 2.3500
v 92.7489 -3.7050 2.4800
v 92.8550 -3.5989 2.4800
v 92.7489 -3.7050 2.3500
v 92.7100 -3.8500 2.3500
v 92.7100 -3.8500 2.4800
v 92.7489 -3.7050 2.4800
v 92.7100 -3.8500 2.3500
v 92.7489 -3.9950 2.3500
v 92.7489 -3.9950 2.4800
v 92.7100 -3.8500 2.4800
v 92.7489 -3.9950 2.3500
v 92.8550 -4.1011 2.3500
v 92.8550 -4.1011 2.4800
v 92.7489 -3.9950 2.4800
v 92.8550 -4.1011 2.3500
v 93.0000 -4.1400 2.3500
v 93.0000 -4.1400 2.4800
v 92.8550 -4.1011 2.4800
v 93.0000 -4.1400 2.3500
v 93.1450 -4.1011 2.3500
v 93.1450 -4.1011 2.4800
v 93.0000 -4.1400 2.4800
v 93.1450 -4.1011 2.3500
v 93.2511 -3.9950 2.3500
v 93.2511 -3.9950 2.4800
v 93.1450 -4.1011 2.4800
v 93.2511 -3.9950 2.3500
v 93.2511 -3.9950 2.4800
v 93.2900 -3.8500 2.4800
v 93.2900 -3.8500 2.3500
v 93.0000 -3.8500 2.4800
v 93.2900 -3.8500 2.4800
v 93.2511 -3.7050 2.4800
v 93.0000 -3.8500 2.3500
v 93.2511 -3.7050 2.3500
v 93.2900 -3.8500 2.3500
v 93.0000 -3.8500 2.4800
v 93.2511 -3.7050 2.4800
v 93.1450 -3.5989 2.4800
v 93.0000 -3.8500 2.3500
v 93.1450 -3.5989 2.3500
v 93.2511 -3.7050 2.3500
v 93.0000 -3.8500 2.4800
v 93.1450 -3.5989 2.4800
v 93.0000 -3.5600 2.4800
v 93.0000 -3.8500 2.3500
v 93.0000 -3.5600 2.3500
v 93.1450 -3.5989 2.3500
v 93.0000 -3.8500 2.4800
v 93.0000 -3.5600 2.4800
v 92.8550 -3.5989 2.4800
v 93.0000 -3.8500 2.3500
v 92.8550 -3.5989 2.3500
v 93.0000 -3.5600 2.3500
v 93.0000 -3.8500 2.4800
v 92.8550 -3.5989 2.4800
v 92.7489 -3.7050 2.4800
v 93.0000 -3.8500 2.3500
v 92.7489 -3.7050 2.3500
v 92.8550 -3.5989 2.3500
v 93.0000 -3.8500 2.4800
v 92.7489 -3.7050 2.4800
v 92.7100 -3.8500 2.4800
v 93.0000 -3.8500 2.3500
v 92.7100 -3.8500 2.3500
v 92.7489 -3.7050 2.3500
v 93.0000 -3.8500 2.4800
v 92.7100 -3.8500 2.4800
v 92.7489 -3.9950 2.4800
v 93.0000 -3.8500 2.3500
v 92.7489 -3.9950 2.3500
v 92.7100 -3.8500 2.3500
v 93.0000 -3.8500 2.4800
v 92.7489 -3.9950 2.4800
v 92.8550 -4.1011 2.4800
v 93.0000 -3.8500 2.3500
v 92.8550 -4.1011 2.3500
v 92.7489 -3.9950 2.3500
v 93.0000 -3.8500 2.4800
v 92.8550 -4.1011 2.4800
v 93.0000 -4.1400 2.4800
v 93.0000 -3.8500 2.3500
v 93.0000 -4.1400 2.3500
v 92.8550 -4.1011 2.3500
v 93.0000 -3.8500 2.4800
v 93.0000 -4.1400 2.4800
v 93.1450 -4.1011 2.4800
v 93.0000 -3.8500 2.3500
v 93.1450 -4.1011 2.3500
v 93.0000 -4.1400 2.3500
v 93.0000 -3.8500 2.4800
v 93.1450 -4.1011 2.4800
v 93.2511 -3.9950 2.4800
v 93.0000 -3.8500 2.3500
v 93.2511 -3.9950 2.3500
v 93.1450 -4.1011 2.3500
v 93.0000 -3.8500 2.4800
v 93.2511 -3.9950 2.4800
v 93.2900 -3.8500 2.4800
v 93.0000 -3.8500 2.3500
v 93.2900 -3.8500 2.3500
v 93.2511 -3.9950 2.3500
v 92.6200 -3.9300 2.2400
v 93.3800 -3.9300 2.2400
v 93.3800 -3.7700 2.2400
v 92.6200 -3.7700 2.2400
v 92.6200 -3.7700 2.1600
v 93.3800 -3.7700 2.1600
v 93.3800 -3.9300 2.1600
v 92.6200 -3.9300 2.1600
v 92.6200 -3.7700 2.1600
v 92.6200 -3.7700 2.2400
v 93.3800 -3.7700 2.2400
v 93.3800 -3.7700 2.1600
v 93.3800 -3.9300 2.1600
v 93.3800 -3.9300 2.2400
v 92.6200 -3.9300 2.2400
v 92.6200 -3.9300 2.1600
v 92.6200 -3.9300 2.1600
v 92.6200 -3.9300 2.2400
v 92.6200 -3.7700 2.2400
v 92.6200 -3.7700 2.1600
v 93.3800 -3.7700 2.1600
v 93.3800 -3.7700 2.2400
v 93.3800 -3.9300 2.2400
v 93.3800 -3.9300 2.1600
v 104.3500 -3.8500 1.8000
v 104.3031 -3.6750 1.8000
v 104.3031 -3.6750 1.8800
v 104.3500 -3.8500 1.8800
v 104.3031 -3.6750 1.8000
v 104.1750 -3.5469 1.8000
v 104.1750 -3.5469 1.8800
v 104.3031 -3.6750 1.8800
v 104.1750 -3.5469 1.8000
v 104.0000 -3.5000 1.8000
v 104.0000 -3.5000 1.8800
v 104.1750 -3.5469 1.8800
v 104.0000 -3.5000 1.8000
v 103.8250 -3.5469 1.8000
v 103.8250 -3.5469 1.8800
v 104.0000 -3.5000 1.8800
v 103.8250 -3.5469 1.8000
v 103.6969 -3.6750 1.8000
v 103.6969 -3.6750 1.8800
v 103.8250 -3.5469 1.8800
v 103.6969 -3.6750 1.8000
v 103.6500 -3.8500 1.8000
v 103.6500 -3.8500 1.8800
v 103.6969 -3.6750 1.8800
v 103.6500 -3.8500 1.8000
v 103.6969 -4.0250 1.8000
v 103.6969 -4.0250 1.8800
v 103.6500 -3.8500 1.8800
v 103.6969 -4.0250 1.8000
v 103.8250 -4.1531 1.8000
v 103.8250 -4.1531 1.8800
v 103.6969 -4.0250 1.8800
v 103.8250 -4.1531 1.8000
v 104.0000 -4.2000 1.8000
v 104.0000 -4.2000 1.8800
v 103.8250 -4.1531 1.8800
v 104.0000 -4.2000 1.8000
v 104.1750 -4.1531 1.8000
v 104.1750 -4.1531 1.8800
v 104.0000 -4.2000 1.8800
v 104.1750 -4.1531 1.8000
v 104.3031 -4.0250 1.8000
v 104.3031 -4.0250 1.8800
v 104.1750 -4.1531 1.8800
v 104.3031 -4.0250 1.8000
v 104.3031 -4.0250 1.8800
v 104.3500 -3.8500 1.8800
v 104.3500 -3.8500 1.8000
v 104.0000 -3.8500 1.8800
v 104.3500 -3.8500 1.8800
v 104.3031 -3.6750 1.8800
v 104.0000 -3.8500 1.8000
v 104.3031 -3.6750 1.8000
v 104.3500 -3.8500 1.8000
v 104.0000 -3.8500 1.8800
v 104.3031 -3.6750 1.8800
v 104.1750 -3.5469 1.8800
v 104.0000 -3.8500 1.8000
v 104.1750 -3.5469 1.8000
v 104.3031 -3.6750 1.8000
v 104.0000 -3.8500 1.8800
v 104.1750 -3.5469 1.8800
v 104.0000 -3.5000 1.8800
v 104.0000 -3.8500 1.8000
v 104.0000 -3.5000 1.8000
v 104.1750 -3.5469 1.8000
v 104.0000 -3.8500 1.8800
v 104.0000 -3.5000 1.8800
v 103.8250 -3.5469 1.8800
v 104.0000 -3.8500 1.8000
v 103.8250 -3.5469 1.8000
v 104.0000 -3.5000 1.8000
v 104.0000 -3.8500 1.8800
v 103.8250 -3.5469 1.8800
v 103.6969 -3.6750 1.8800
v 104.0000 -3.8500 1.8000
v 103.6969 -3.6750 1.8000
v 103.8250 -3.5469 1.8000
v 104.0000 -3.8500 1.8800
v 103.6969 -3.6750 1.8800
v 103.6500 -3.8500 1.8800
v 104.0000 -3.8500 1.8000
v 103.6500 -3.8500 1.8000
v 103.6969 -3.6750 1.8000
v 104.0000 -3.8500 1.8800
v 103.6500 -3.8500 1.8800
v 103.6969 -4.0250 1.8800
v 104.0000 -3.8500 1.8000
v 103.6969 -4.0250 1.8000
v 103.6500 -3.8500 1.8000
v 104.0000 -3.8500 1.8800
v 103.6969 -4.0250 1.8800
v 103.8250 -4.1531 1.8800
v 104.0000 -3.8500 1.8000
v 103.8250 -4.1531 1.8000
v 103.6969 -4.0250 1.8000
v 104.0000 -3.8500 1.8800
v 103.8250 -4.1531 1.8800
v 104.0000 -4.2000 1.8800
v 104.0000 -3.8500 1.8000
v 104.0000 -4.2000 1.8000
v 103.8250 -4.1531 1.8000
v 104.0000 -3.8500 1.8800
v 104.0000 -4.2000 1.8800
v 104.1750 -4.1531 1.8800
v 104.0000 -3.8500 1.8000
v 104.1750 -4.1531 1.8000
v 104.0000 -4.2000 1.8000
v 104.0000 -3.8500 1.8800
v 104.1750 -4.1531 1.8800
v 104.3031 -4.0250 1.8800
v 104.0000 -3.8500 1.8000
v 104.3031 -4.0250 1.8000
v 104.1750 -4.1531 1.8000
v 104.0000 -3.8500 1.8800
v 104.3031 -4.0250 1.8800
v 104.3500 -3.8500 1.8800
v 104.0000 -3.8500 1.8000
v 104.3500 -3.8500 1.8000
v 104.3031 -4.0250 1.8000
v 104.2200 -3.8500 1.8800
v 104.1905 -3.7400 1.8800
v 104.1905 -3.7400 2.3500
v 104.2200 -3.8500 2.3500
v 104.1905 -3.7400 1.8800
v 104.1100 -3.6595 1.8800
v 104.1100 -3.6595 2.3500
v 104.1905 -3.7400 2.3500
v 104.1100 -3.6595 1.8800
v 104.0000 -3.6300 1.8800
v 104.0000 -3.6300 2.3500
v 104.1100 -3.6595 2.3500
v 104.0000 -3.6300 1.8800
v 103.8900 -3.6595 1.8800
v 103.8900 -3.6595 2.3500
v 104.0000 -3.6300 2.3500
v 103.8900 -3.6595 1.8800
v 103.8095 -3.7400 1.8800
v 103.8095 -3.7400 2.3500
v 103.8900 -3.6595 2.3500
v 103.8095 -3.7400 1.8800
v 103.7800 -3.8500 1.8800
v 103.7800 -3.8500 2.3500
v 103.8095 -3.7400 2.3500
v 103.7800 -3.8500 1.8800
v 103.8095 -3.9600 1.8800
v 103.8095 -3.9600 2.3500
v 103.7800 -3.8500 2.3500
v 103.8095 -3.9600 1.8800
v 103.8900 -4.0405 1.8800
v 103.8900 -4.0405 2.3500
v 103.8095 -3.9600 2.3500
v 103.8900 -4.0405 1.8800
v 104.0000 -4.0700 1.8800
v 104.0000 -4.0700 2.3500
v 103.8900 -4.0405 2.3500
v 104.0000 -4.0700 1.8800
v 104.1100 -4.0405 1.8800
v 104.1100 -4.0405 2.3500
v 104.0000 -4.0700 2.3500
v 104.1100 -4.0405 1.8800
v 104.1905 -3.9600 1.8800
v 104.1905 -3.9600 2.3500
v 104.1100 -4.0405 2.3500
v 104.1905 -3.9600 1.8800
v 104.1905 -3.9600 2.3500
v 104.2200 -3.8500 2.3500
v 104.2200 -3.8500 1.8800
v 104.2900 -3.8500 2.3500
v 104.2511 -3.7050 2.3500
v 104.2511 -3.7050 2.4800
v 104.2900 -3.8500 2.4800
v 104.2511 -3.7050 2.3500
v 104.1450 -3.5989 2.3500
v 104.1450 -3.5989 2.4800
v 104.2511 -3.7050 2.4800
v 104.1450 -3.5989 2.3500
v 104.0000 -3.5600 2.3500
v 104.0000 -3.5600 2.4800
v 104.1450 -3.5989 2.4800
v 104.0000 -3.5600 2.3500
v 103.8550 -3.5989 2.3500
v 103.8550 -3.5989 2.4800
v 104.0000 -3.5600 2.4800
v 103.8550 -3.5989 2.3500
v 103.7489 -3.7050 2.3500
v 103.7489 -3.7050 2.4800
v 103.8550 -3.5989 2.4800
v 103.7489 -3.7050 2.3500
v 103.7100 -3.8500 2.3500
v 103.7100 -3.8500 2.4800
v 103.7489 -3.7050 2.4800
v 103.7100 -3.8500 2.3500
v 103.7489 -3.9950 2.3500
v 103.7489 -3.9950 2.4800
v 103.7100 -3.8500 2.4800
v 103.7489 -3.9950 2.3500
v 103.8550 -4.1011 2.3500
v 103.8550 -4.1011 2.4800
v 103.7489 -3.9950 2.4800
v 103.8550 -4.1011 2.3500
v 104.0000 -4.1400 2.3500
v 104.0000 -4.1400 2.4800
v 103.8550 -4.1011 2.4800
v 104.0000 -4.1400 2.3500
v 104.1450 -4.1011 2.3500
v 104.1450 -4.1011 2.4800
v 104.0000 -4.1400 2.4800
v 104.1450 -4.1011 2.3500
v 104.2511 -3.9950 2.3500
v 104.2511 -3.9950 2.4800
v 104.1450 -4.1011 2.4800
v 104.2511 -3.9950 2.3500
v 104.2511 -3.9950 2.4800
v 104.2900 -3.8500 2.4800
v 104.2900 -3.8500 2.3500
v 104.0000 -3.8500 2.4800
v 104.2900 -3.8500 2.4800
v 104.2511 -3.7050 2.4800
v 104.0000 -3.8500 2.3500
v 104.2511 -3.7050 2.3500
v 104.2900 -3.8500 2.3500
v 104.0000 -3.8500 2.4800
v 104.2511 -3.7050 2.4800
v 104.1450 -3.5989 2.4800
v 104.0000 -3.8500 2.3500
v 104.1450 -3.5989 2.3500
v 104.2511 -3.7050 2.3500
v 104.0000 -3.8500 2.4800
v 104.1450 -3.5989 2.4800
v 104.0000 -3.5600 2.4800
v 104.0000 -3.8500 2.3500
v 104.0000 -3.5600 2.3500
v 104.1450 -3.5989 2.3500
v 104.0000 -3.8500 2.4800
v 104.0000 -3.5600 2.4800
v 103.8550 -3.5989 2.4800
v 104.0000 -3.8500 2.3500
v 103.8550 -3.5989 2.3500
v 104.0000 -3.5600 2.3500
v 104.0000 -3.8500 2.4800
v 103.8550 -3.5989 2.4800
v 103.7489 -3.7050 2.4800
v 104.0000 -3.8500 2.3500
v 103.7489 -3.7050 2.3500
v 103.8550 -3.5989 2.3500
v 104.0000 -3.8500 2.4800
v 103.7489 -3.7050 2.4800
v 103.7100 -3.8500 2.4800
v 104.0000 -3.8500 2.3500
v 103.7100 -3.8500 2.3500
v 103.7489 -3.7050 2.3500
v 104.0000 -3.8500 2.4800
v 103.7100 -3.8500 2.4800
v 103.7489 -3.9950 2.4800
v 104.0000 -3.8500 2.3500
v 103.7489 -3.9950 2.3500
v 103.7100 -3.8500 2.3500
v 104.0000 -3.8500 2.4800
v 103.7489 -3.9950 2.4800
v 103.8550 -4.1011 2.4800
v 104.0000 -3.8500 2.3500
v 103.8550 -4.1011 2.3500
v 103.7489 -3.9950 2.3500
v 104.0000 -3.8500 2.4800
v 103.8550 -4.1011 2.4800
v 104.0000 -4.1400 2.4800
v 104.0000 -3.8500 2.3500
v 104.0000 -4.1400 2.3500
v 103.8550 -4.1011 2.3500
v 104.0000 -3.8500 2.4800
v 104.0000 -4.1400 2.4800
v 104.1450 -4.1011 2.4800
v 104.0000 -3.8500 2.3500
v 104.1450 -4.1011 2.3500
v 104.0000 -4.1400 2.3500
v 104.0000 -3.8500 2.4800
v 104.1450 -4.1011 2.4800
v 104.2511 -3.9950 2.4800
v 104.0000 -3.8500 2.3500
v 104.2511 -3.9950 2.3500
v 104.1450 -4.1011 2.3500
v 104.0000 -3.8500 2.4800
v 104.2511 -3.9950 2.4800
v 104.2900 -3.8500 2.4800
v 104.0000 -3.8500 2.3500
v 104.2900 -3.8500 2.3500
v 104.2511 -3.9950 2.3500
v 103.6200 -3.9300 2.2400
v 104.3800 -3.9300 2.2400
v 104.3800 -3.7700 2.2400
v 103.6200 -3.7700 2.2400
v 103.6200 -3.7700 2.1600
v 104.3800 -3.7700 2.1600
v 104.3800 -3.9300 2.1600
v 103.6200 -3.9300 2.1600
v 103.6200 -3.7700 2.1600
v 103.6200 -3.7700 2.2400
v 104.3800 -3.7700 2.2400
v 104.3800 -3.7700 2.1600
v 104.3800 -3.9300 2.1600
v 104.3800 -3.9300 2.2400
v 103.6200 -3.9300 2.2400
v 103.6200 -3.9300 2.1600
v 103.6200 -3.9300 2.1600
v 103.6200 -3.9300 2.2400
v 103.6200 -3.7700 2.2400
v 103.6200 -3.7700 2.1600
v 104.3800 -3.7700 2.1600
v 104.3800 -3.7700 2.2400
v 104.3800 -3.9300 2.2400
v 104.3800 -3.9300 2.1600
v 119.7000 0.5000 1.8000
v 119.6531 0.6750 1.8000
v 119.6531 0.6750 1.8800
v 119.7000 0.5000 1.8800
v 119.6531 0.6750 1.8000
v 119.5250 0.8031 1.8000
v 119.5250 0.8031 1.8800
v 119.6531 0.6750 1.8800
v 119.5250 0.8031 1.8000
v 119.3500 0.8500 1.8000
v 119.3500 0.8500 1.8800
v 119.5250 0.8031 1.8800
v 119.3500 0.8500 1.8000
v 119.1750 0.8031 1.8000
v 119.1750 0.8031 1.8800
v 119.3500 0.8500 1.8800
v 119.1750 0.8031 1.8000
v 119.0469 0.6750 1.8000
v 119.0469 0.6750 1.8800
v 119.1750 0.8031 1.8800
v 119.0469 0.6750 1.8000
v 119.0000 0.5000 1.8000
v 119.0000 0.5000 1.8800
v 119.0469 0.6750 1.8800
v 119.0000 0.5000 1.8000
v 119.0469 0.3250 1.8000
v 119.0469 0.3250 1.8800
v 119.0000 0.5000 1.8800
v 119.0469 0.3250 1.8000
v 119.1750 0.1969 1.8000
v 119.1750 0.1969 1.8800
v 119.0469 0.3250 1.8800
v 119.1750 0.1969 1.8000
v 119.3500 0.1500 1.8000
v 119.3500 0.1500 1.8800
v 119.1750 0.1969 1.8800
v 119.3500 0.1500 1.8000
v 119.5250 0.1969 1.8000
v 119.5250 0.1969 1.8800
v 119.3500 0.1500 1.8800
v 119.5250 0.1969 1.8000
v 119.6531 0.3250 1.8000
v 119.6531 0.3250 1.8800
v 119.5250 0.1969 1.8800
v 119.6531 0.3250 1.8000
v 119.6531 0.3250 1.8800
v 119.7000 0.5000 1.8800
v 119.7000 0.5000 1.8000
v 119.3500 0.5000 1.8800
v 119.7000 0.5000 1.8800
v 119.6531 0.6750 1.8800
v 119.3500 0.5000 1.8000
v 119.6531 0.6750 1.8000
v 119.7000 0.5000 1.8000
v 119.3500 0.5000 1.8800
v 119.6531 0.6750 1.8800
v 119.5250 0.8031 1.8800
v 119.3500 0.5000 1.8000
v 119.5250 0.8031 1.8000
v 119.6531 0.6750 1.8000
v 119.3500 0.5000 1.8800
v 119.5250 0.8031 1.8800
v 119.3500 0.8500 1.8800
v 119.3500 0.5000 1.8000
v 119.3500 0.8500 1.8000
v 119.5250 0.8031 1.8000
v 119.3500 0.5000 1.8800
v 119.3500 0.8500 1.8800
v 119.1750 0.8031 1.8800
v 119.3500 0.5000 1.8000
v 119.1750 0.8031 1.8000
v 119.3500 0.8500 1.8000
v 119.3500 0.5000 1.8800
v 119.1750 0.8031 1.8800
v 119.0469 0.6750 1.8800
v 119.3500 0.5000 1.8000
v 119.0469 0.6750 1.8000
v 119.1750 0.8031 1.8000
v 119.3500 0.5000 1.8800
v 119.0469 0.6750 1.8800
v 119.0000 0.5000 1.8800
v 119.3500 0.5000 1.8000
v 119.0000 0.5000 1.8000
v 119.0469 0.6750 1.8000
v 119.3500 0.5000 1.8800
v 119.0000 0.5000 1.8800
v 119.0469 0.3250 1.8800
v 119.3500 0.5000 1.8000
v 119.0469 0.3250 1.8000
v 119.0000 0.5000 1.8000
v 119.3500 0.5000 1.8800
v 119.0469 0.3250 1.8800
v 119.1750 0.1969 1.8800
v 119.3500 0.5000 1.8000
v 119.1750 0.1969 1.8000
v 119.0469 0.3250 1.8000
v 119.3500 0.5000 1.8800
v 119.1750 0.1969 1.8800
v 119.3500 0.1500 1.8800
v 119.3500 0.5000 1.8000
v 119.3500 0.1500 1.8000
v 119.1750 0.1969 1.8000
v 119.3500 0.5000 1.8800
v 119.3500 0.1500 1.8800
v 119.5250 0.1969 1.8800
v 119.3500 0.5000 1.8000
v 119.5250 0.1969 1.8000
v 119.3500 0.1500 1.8000
v 119.3500 0.5000 1.8800
v 119.5250 0.1969 1.8800
v 119.6531 0.3250 1.8800
v 119.3500 0.5000 1.8000
v 119.6531 0.3250 1.8000
v 119.5250 0.1969 1.8000
v 119.3500 0.5000 1.8800
v 119.6531 0.3250 1.8800
v 119.7000 0.5000 1.8800
v 119.3500 0.5000 1.8000
v 119.7000 0.5000 1.8000
v 119.6531 0.3250 1.8000
v 119.5700 0.5000 1.8800
v 119.5405 0.6100 1.8800
v 119.5405 0.6100 2.3500
v 119.5700 0.5000 2.3500
v 119.5405 0.6100 1.8800
v 119.4600 0.6905 1.8800
v 119.4600 0.6905 2.3500
v 119.5405 0.6100 2.3500
v 119.4600 0.6905 1.8800
v 119.3500 0.7200 1.8800
v 119.3500 0.7200 2.3500
v 119.4600 0.6905 2.3500
v 119.3500 0.7200 1.8800
v 119.2400 0.6905 1.8800
v 119.2400 0.6905 2.3500
v 119.3500 0.7200 2.3500
v 119.2400 0.6905 1.8800
v 119.1595 0.6100 1.8800
v 119.1595 0.6100 2.3500
v 119.2400 0.6905 2.3500
v 119.1595 0.6100 1.8800
v 119.1300 0.5000 1.8800
v 119.1300 0.5000 2.3500
v 119.1595 0.6100 2.3500
v 119.1300 0.5000 1.8800
v 119.1595 0.3900 1.8800
v 119.1595 0.3900 2.3500
v 119.1300 0.5000 2.3500
v 119.1595 0.3900 1.8800
v 119.2400 0.3095 1.8800
v 119.2400 0.3095 2.3500
v 119.1595 0.3900 2.3500
v 119.2400 0.3095 1.8800
v 119.3500 0.2800 1.8800
v 119.3500 0.2800 2.3500
v 119.2400 0.3095 2.3500
v 119.3500 0.2800 1.8800
v 119.4600 0.3095 1.8800
v 119.4600 0.3095 2.3500
v 119.3500 0.2800 2.3500
v 119.4600 0.3095 1.8800
v 119.5405 0.3900 1.8800
v 119.5405 0.3900 2.3500
v 119.4600 0.3095 2.3500
v 119.5405 0.3900 1.8800
v 119.5405 0.3900 2.3500
v 119.5700 0.5000 2.3500
v 119.5700 0.5000 1.8800
v 119.6400 0.5000 2.3500
v 119.6011 0.6450 2.3500
v 119.6011 0.6450 2.4800
v 119.6400 0.5000 2.4800
v 119.6011 0.6450 2.3500
v 119.4950 0.7511 2.3500
v 119.4950 0.7511 2.4800
v 119.6011 0.6450 2.4800
v 119.4950 0.7511 2.3500
v 119.3500 0.7900 2.3500
v 119.3500 0.7900 2.4800
v 119.4950 0.7511 2.4800
v 119.3500 0.7900 2.3500
v 119.2050 0.7511 2.3500
v 119.2050 0.7511 2.4800
v 119.3500 0.7900 2.4800
v 119.2050 0.7511 2.3500
v 119.0989 0.6450 2.3500
v 119.0989 0.6450 2.4800
v 119.2050 0.7511 2.4800
v 119.0989 0.6450 2.3500
v 119.0600 0.5000 2.3500
v 119.0600 0.5000 2.4800
v 119.0989 0.6450 2.4800
v 119.0600 0.5000 2.3500
v 119.0989 0.3550 2.3500
v 119.0989 0.3550 2.4800
v 119.0600 0.5000 2.4800
v 119.0989 0.3550 2.3500
v 119.2050 0.2489 2.3500
v 119.2050 0.2489 2.4800
v 119.0989 0.3550 2.4800
v 119.2050 0.2489 2.3500
v 119.3500 0.2100 2.3500
v 119.3500 0.2100 2.4800
v 119.2050 0.2489 2.4800
v 119.3500 0.2100 2.3500
v 119.4950 0.2489 2.3500
v 119.4950 0.2489 2.4800
v 119.3500 0.2100 2.4800
v 119.4950 0.2489 2.3500
v 119.6011 0.3550 2.3500
v 119.6011 0.3550 2.4800
v 119.4950 0.2489 2.4800
v 119.6011 0.3550 2.3500
v 119.6011 0.3550 2.4800
v 119.6400 0.5000 2.4800
v 119.6400 0.5000 2.3500
v 119.3500 0.5000 2.4800
v 119.6400 0.5000 2.4800
v 119.6011 0.6450 2.4800
v 119.3500 0.5000 2.3500
v 119.6011 0.6450 2.3500
v 119.6400 0.5000 2.3500
v 119.3500 0.5000 2.4800
v 119.6011 0.6450 2.4800
v 119.4950 0.7511 2.4800
v 119.3500 0.5000 2.3500
v 119.4950 0.7511 2.3500
v 119.6011 0.6450 2.3500
v 119.3500 0.5000 2.4800
v 119.4950 0.7511 2.4800
v 119.3500 0.7900 2.4800
v 119.3500 0.5000 2.3500
v 119.3500 0.7900 2.3500
v 119.4950 0.7511 2.3500
v 119.3500 0.5000 2.4800
v 119.3500 0.7900 2.4800
v 119.2050 0.7511 2.4800
v 119.3500 0.5000 2.3500
v 119.2050 0.7511 2.3500
v 119.3500 0.7900 2.3500
v 119.3500 0.5000 2.4800
v 119.2050 0.7511 2.4800
v 119.0989 0.6450 2.4800
v 119.3500 0.5000 2.3500
v 119.0989 0.6450 2.3500
v 119.2050 0.7511 2.3500
v 119.3500 0.5000 2.4800
v 119.0989 0.6450 2.4800
v 119.0600 0.5000 2.4800
v 119.3500 0.5000 2.3500
v 119.0600 0.5000 2.3500
v 119.0989 0.6450 2.3500
v 119.3500 0.5000 2.4800
v 119.0600 0.5000 2.4800
v 119.0989 0.3550 2.4800
v 119.3500 0.5000 2.3500
v 119.0989 0.3550 2.3500
v 119.0600 0.5000 2.3500
v 119.3500 0.5000 2.4800
v 119.0989 0.3550 2.4800
v 119.2050 0.2489 2.4800
v 119.3500 0.5000 2.3500
v 119.2050 0.2489 2.3500
v 119.0989 0.3550 2.3500
v 119.3500 0.5000 2.4800
v 119.2050 0.2489 2.4800
v 119.3500 0.2100 2.4800
v 119.3500 0.5000 2.3500
v 119.3500 0.2100 2.3500
v 119.2050 0.2489 2.3500
v 119.3500 0.5000 2.4800
v 119.3500 0.2100 2.4800
v 119.4950 0.2489 2.4800
v 119.3500 0.5000 2.3500
v 119.4950 0.2489 2.3500
v 119.3500 0.2100 2.3500
v 119.3500 0.5000 2.4800
v 119.4950 0.2489 2.4800
v 119.6011 0.3550 2.4800
v 119.3500 0.5000 2.3500
v 119.6011 0.3550 2.3500
v 119.4950 0.2489 2.3500
v 119.3500 0.5000 2.4800
v 119.6011 0.3550 2.4800
v 119.6400 0.5000 2.4800
v 119.3500 0.5000 2.3500
v 119.6400 0.5000 2.3500
v 119.6011 0.3550 2.3500
v 118.9700 0.4200 2.2400
v 119.7300 0.4200 2.2400
v 119.7300 0.5800 2.2400
v 118.9700 0.5800 2.2400
v 118.9700 0.5800 2.1600
v 119.7300 0.5800 2.1600
v 119.7300 0.4200 2.1600
v 118.9700 0.4200 2.1600
v 118.9700 0.5800 2.1600
v 118.9700 0.5800 2.2400
v 119.7300 0.5800 2.2400
v 119.7300 0.5800 2.1600
v 119.7300 0.4200 2.1600
v 119.7300 0.4200 2.2400
v 118.9700 0.4200 2.2400
v 118.9700 0.4200 2.1600
v 118.9700 0.4200 2.1600
v 118.9700 0.4200 2.2400
v 118.9700 0.5800 2.2400
v 118.9700 0.5800 2.1600
v 119.7300 0.5800 2.1600
v 119.7300 0.5800 2.2400
v 119.7300 0.4200 2.2400
v 119.7300 0.4200 2.1600
v 119.7000 11.5000 1.8000
v 119.6531 11.6750 1.8000
v 119.6531 11.6750 1.8800
v 119.7000 11.5000 1.8800
v 119.6531 11.6750 1.8000
v 119.5250 11.8031 1.8000
v 119.5250 11.8031 1.8800
v 119.6531 11.6750 1.8800
v 119.5250 11.8031 1.8000
v 119.3500 11.8500 1.8000
v 119.3500 11.8500 1.8800
v 119.5250 11.8031 1.8800
v 119.3500 11.8500 1.8000
v 119.1750 11.8031 1.8000
v 119.1750 11.8031 1.8800
v 119.3500 11.8500 1.8800
v 119.1750 11.8031 1.8000
v 119.0469 11.6750 1.8000
v 119.0469 11.6750 1.8800
v 119.1750 11.8031 1.8800
v 119.0469 11.6750 1.8000
v 119.0000 11.5000 1.8000
v 119.0000 11.5000 1.8800
v 119.0469 11.6750 1.8800
v 119.0000 11.5000 1.8000
v 119.0469 11.3250 1.8000
v 119.0469 11.3250 1.8800
v 119.0000 11.5000 1.8800
v 119.0469 11.3250 1.8000
v 119.1750 11.1969 1.8000
v 119.1750 11.1969 1.8800
v 119.0469 11.3250 1.8800
v 119.1750 11.1969 1.8000
v 119.3500 11.1500 1.8000
v 119.3500 11.1500 1.8800
v 119.1750 11.1969 1.8800
v 119.3500 11.1500 1.8000
v 119.5250 11.1969 1.8000
v 119.5250 11.1969 1.8800
v 119.3500 11.1500 1.8800
v 119.5250 11.1969 1.8000
v 119.6531 11.3250 1.8000
v 119.6531 11.3250 1.8800
v 119.5250 11.1969 1.8800
v 119.6531 11.3250 1.8000
v 119.6531 11.3250 1.8800
v 119.7000 11.5000 1.8800
v 119.7000 11.5000 1.8000
v 119.3500 11.5000 1.8800
v 119.7000 11.5000 1.8800
v 119.6531 11.6750 1.8800
v 119.3500 11.5000 1.8000
v 119.6531 11.6750 1.8000
v 119.7000 11.5000 1.8000
v 119.3500 11.5000 1.8800
v 119.6531 11.6750 1.8800
v 119.5250 11.8031 1.8800
v 119.3500 11.5000 1.8000
v 119.5250 11.8031 1.8000
v 119.6531 11.6750 1.8000
v 119.3500 11.5000 1.8800
v 119.5250 11.8031 1.8800
v 119.3500 11.8500 1.8800
v 119.3500 11.5000 1.8000
v 119.3500 11.8500 1.8000
v 119.5250 11.8031 1.8000
v 119.3500 11.5000 1.8800
v 119.3500 11.8500 1.8800
v 119.1750 11.8031 1.8800
v 119.3500 11.5000 1.8000
v 119.1750 11.8031 1.8000
v 119.3500 11.8500 1.8000
v 119.3500 11.5000 1.8800
v 119.1750 11.8031 1.8800
v 119.0469 11.6750 1.8800
v 119.3500 11.5000 1.8000
v 119.0469 11.6750 1.8000
v 119.1750 11.8031 1.8000
v 119.3500 11.5000 1.8800
v 119.0469 11.6750 1.8800
v 119.0000 11.5000 1.8800
v 119.3500 11.5000 1.8000
v 119.0000 11.5000 1.8000
v 119.0469 11.6750 1.8000
v 119.3500 11.5000 1.8800
v 119.0000 11.5000 1.8800
v 119.0469 11.3250 1.8800
v 119.3500 11.5000 1.8000
v 119.0469 11.3250 1.8000
v 119.0000 11.5000 1.8000
v 119.3500 11.5000 1.8800
v 119.0469 11.3250 1.8800
v 119.1750 11.1969 1.8800
v 119.3500 11.5000 1.8000
v 119.1750 11.1969 1.8000
v 119.0469 11.3250 1.8000
v 119.3500 11.5000 1.8800
v 119.1750 11.1969 1.8800
v 119.3500 11.1500 1.8800
v 119.3500 11.5000 1.8000
v 119.3500 11.1500 1.8000
v 119.1750 11.1969 1.8000
v 119.3500 11.5000 1.8800
v 119.3500 11.1500 1.8800
v 119.5250 11.1969 1.8800
v 119.3500 11.5000 1.8000
v 119.5250 11.1969 1.8000
v 119.3500 11.1500 1.8000
v 119.3500 11.5000 1.8800
v 119.5250 11.1969 1.8800
v 119.6531 11.3250 1.8800
v 119.3500 11.5000 1.8000
v 119.6531 11.3250 1.8000
v 119.5250 11.1969 1.8000
v 119.3500 11.5000 1.8800
v 119.6531 11.3250 1.8800
v 119.7000 11.5000 1.8800
v 119.3500 11.5000 1.8000
v 119.7000 11.5000 1.8000
v 119.6531 11.3250 1.8000
v 119.5700 11.5000 1.8800
v 119.5405 11.6100 1.8800
v 119.5405 11.6100 2.3500
v 119.5700 11.5000 2.3500
v 119.5405 11.6100 1.8800
v 119.4600 11.6905 1.8800
v 119.4600 11.6905 2.3500
v 119.5405 11.6100 2.3500
v 119.4600 11.6905 1.8800
v 119.3500 11.7200 1.8800
v 119.3500 11.7200 2.3500
v 119.4600 11.6905 2.3500
v 119.3500 11.7200 1.8800
v 119.2400 11.6905 1.8800
v 119.2400 11.6905 2.3500
v 119.3500 11.7200 2.3500
v 119.2400 11.6905 1.8800
v 119.1595 11.6100 1.8800
v 119.1595 11.6100 2.3500
v 119.2400 11.6905 2.3500
v 119.1595 11.6100 1.8800
v 119.1300 11.5000 1.8800
v 119.1300 11.5000 2.3500
v 119.1595 11.6100 2.3500
v 119.1300 11.5000 1.8800
v 119.1595 11.3900 1.8800
v 119.1595 11.3900 2.3500
v 119.1300 11.5000 2.3500
v 119.1595 11.3900 1.8800
v 119.2400 11.3095 1.8800
v 119.2400 11.3095 2.3500
v 119.1595 11.3900 2.3500
v 119.2400 11.3095 1.8800
v 119.3500 11.2800 1.8800
v 119.3500 11.2800 2.3500
v 119.2400 11.3095 2.3500
v 119.3500 11.2800 1.8800
v 119.4600 11.3095 1.8800
v 119.4600 11.3095 2.3500
v 119.3500 11.2800 2.3500
v 119.4600 11.3095 1.8800
v 119.5405 11.3900 1.8800
v 119.5405 11.3900 2.3500
v 119.4600 11.3095 2.3500
v 119.5405 11.3900 1.8800
v 119.5405 11.3900 2.3500
v 119.5700 11.5000 2.3500
v 119.5700 11.5000 1.8800
v 119.6400 11.5000 2.3500
v 119.6011 11.6450 2.3500
v 119.6011 11.6450 2.4800
v 119.6400 11.5000 2.4800
v 119.6011 11.6450 2.3500
v 119.4950 11.7511 2.3500
v 119.4950 11.7511 2.4800
v 119.6011 11.6450 2.4800
v 119.4950 11.7511 2.3500
v 119.3500 11.7900 2.3500
v 119.3500 11.7900 2.4800
v 119.4950 11.7511 2.4800
v 119.3500 11.7900 2.3500
v 119.2050 11.7511 2.3500
v 119.2050 11.7511 2.4800
v 119.3500 11.7900 2.4800
v 119.2050 11.7511 2.3500
v 119.0989 11.6450 2.3500
v 119.0989 11.6450 2.4800
v 119.2050 11.7511 2.4800
v 119.0989 11.6450 2.3500
v 119.0600 11.5000 2.3500
v 119.0600 11.5000 2.4800
v 119.0989 11.6450 2.4800
v 119.0600 11.5000 2.3500
v 119.0989 11.3550 2.3500
v 119.0989 11.3550 2.4800
v 119.0600 11.5000 2.4800
v 119.0989 11.3550 2.3500
v 119.2050 11.2489 2.3500
v 119.2050 11.2489 2.4800
v 119.0989 11.3550 2.4800
v 119.2050 11.2489 2.3500
v 119.3500 11.2100 2.3500
v 119.3500 11.2100 2.4800
v 119.2050 11.2489 2.4800
v 119.3500 11.2100 2.3500
v 119.4950 11.2489 2.3500
v 119.4950 11.2489 2.4800
v 119.3500 11.2100 2.4800
v 119.4950 11.2489 2.3500
v 119.6011 11.3550 2.3500
v 119.6011 11.3550 2.4800
v 119.4950 11.2489 2.4800
v 119.6011 11.3550 2.3500
v 119.6011 11.3550 2.4800
v 119.6400 11.5000 2.4800
v 119.6400 11.5000 2.3500
v 119.3500 11.5000 2.4800
v 119.6400 11.5000 2.4800
v 119.6011 11.6450 2.4800
v 119.3500 11.5000 2.3500
v 119.6011 11.6450 2.3500
v 119.6400 11.5000 2.3500
v 119.3500 11.5000 2.4800
v 119.6011 11.6450 2.4800
v 119.4950 11.7511 2.4800
v 119.3500 11.5000 2.3500
v 119.4950 11.7511 2.3500
v 119.6011 11.6450 2.3500
v 119.3500 11.5000 2.4800
v 119.4950 11.7511 2.4800
v 119.3500 11.7900 2.4800
v 119.3500 11.5000 2.3500
v 119.3500 11.7900 2.3500
v 119.4950 11.7511 2.3500
v 119.3500 11.5000 2.4800
v 119.3500 11.7900 2.4800
v 119.2050 11.7511 2.4800
v 119.3500 11.5000 2.3500
v 119.2050 11.7511 2.3500
v 119.3500 11.7900 2.3500
v 119.3500 11.5000 2.4800
v 119.2050 11.7511 2.4800
v 119.0989 11.6450 2.4800
v 119.3500 11.5000 2.3500
v 119.0989 11.6450 2.3500
v 119.2050 11.7511 2.3500
v 119.3500 11.5000 2.4800
v 119.0989 11.6450 2.4800
v 119.0600 11.5000 2.4800
v 119.3500 11.5000 2.3500
v 119.0600 11.5000 2.3500
v 119.0989 11.6450 2.3500
v 119.3500 11.5000 2.4800
v 119.0600 11.5000 2.4800
v 119.0989 11.3550 2.4800
v 119.3500 11.5000 2.3500
v 119.0989 11.3550 2.3500
v 119.0600 11.5000 2.3500
v 119.3500 11.5000 2.4800
v 119.0989 11.3550 2.4800
v 119.2050 11.2489 2.4800
v 119.3500 11.5000 2.3500
v 119.2050 11.2489 2.3500
v 119.0989 11.3550 2.3500
v 119.3500 11.5000 2.4800
v 119.2050 11.2489 2.4800
v 119.3500 11.2100 2.4800
v 119.3500 11.5000 2.3500
v 119.3500 11.2100 2.3500
v 119.2050 11.2489 2.3500
v 119.3500 11.5000 2.4800
v 119.3500 11.2100 2.4800
v 119.4950 11.2489 2.4800
v 119.3500 11.5000 2.3500
v 119.4950 11.2489 2.3500
v 119.3500 11.2100 2.3500
v 119.3500 11.5000 2.4800
v 119.4950 11.2489 2.4800
v 119.6011 11.3550 2.4800
v 119.3500 11.5000 2.3500
v 119.6011 11.3550 2.3500
v 119.4950 11.2489 2.3500
v 119.3500 11.5000 2.4800
v 119.6011 11.3550 2.4800
v 119.6400 11.5000 2.4800
v 119.3500 11.5000 2.3500
v 119.6400 11.5000 2.3500
v 119.6011 11.3550 2.3500
v 118.9700 11.4200 2.2400
v 119.7300 11.4200 2.2400
v 119.7300 11.5800 2.2400
v 118.9700 11.5800 2.2400
v 118.9700 11.5800 2.1600
v 119.7300 11.5800 2.1600
v 119.7300 11.4200 2.1600
v 118.9700 11.4200 2.1600
v 118.9700 11.5800 2.1600
v 118.9700 11.5800 2.2400
v 119.7300 11.5800 2.2400
v 119.7300 11.5800 2.1600
v 119.7300 11.4200 2.1600
v 119.7300 11.4200 2.2400
v 118.9700 11.4200 2.2400
v 118.9700 11.4200 2.1600
v 118.9700 11.4200 2.1600
v 118.9700 11.4200 2.2400
v 118.9700 11.5800 2.2400
v 118.9700 11.5800 2.1600
v 119.7300 11.5800 2.1600
v 119.7300 11.5800 2.2400
v 119.7300 11.4200 2.2400
v 119.7300 11.4200 2.1600
v 119.7000 22.5000 1.8000
v 119.6531 22.6750 1.8000
v 119.6531 22.6750 1.8800
v 119.7000 22.5000 1.8800
v 119.6531 22.6750 1.8000
v 119.5250 22.8031 1.8000
v 119.5250 22.8031 1.8800
v 119.6531 22.6750 1.8800
v 119.5250 22.8031 1.8000
v 119.3500 22.8500 1.8000
v 119.3500 22.8500 1.8800
v 119.5250 22.8031 1.8800
v 119.3500 22.8500 1.8000
v 119.1750 22.8031 1.8000
v 119.1750 22.8031 1.8800
v 119.3500 22.8500 1.8800
v 119.1750 22.8031 1.8000
v 119.0469 22.6750 1.8000
v 119.0469 22.6750 1.8800
v 119.1750 22.8031 1.8800
v 119.0469 22.6750 1.8000
v 119.0000 22.5000 1.8000
v 119.0000 22.5000 1.8800
v 119.0469 22.6750 1.8800
v 119.0000 22.5000 1.8000
v 119.0469 22.3250 1.8000
v 119.0469 22.3250 1.8800
v 119.0000 22.5000 1.8800
v 119.0469 22.3250 1.8000
v 119.1750 22.1969 1.8000
v 119.1750 22.1969 1.8800
v 119.0469 22.3250 1.8800
v 119.1750 22.1969 1.8000
v 119.3500 22.1500 1.8000
v 119.3500 22.1500 1.8800
v 119.1750 22.1969 1.8800
v 119.3500 22.1500 1.8000
v 119.5250 22.1969 1.8000
v 119.5250 22.1969 1.8800
v 119.3500 22.1500 1.8800
v 119.5250 22.1969 1.8000
v 119.6531 22.3250 1.8000
v 119.6531 22.3250 1.8800
v 119.5250 22.1969 1.8800
v 119.6531 22.3250 1.8000
v 119.6531 22.3250 1.8800
v 119.7000 22.5000 1.8800
v 119.7000 22.5000 1.8000
v 119.3500 22.5000 1.8800
v 119.7000 22.5000 1.8800
v 119.6531 22.6750 1.8800
v 119.3500 22.5000 1.8000
v 119.6531 22.6750 1.8000
v 119.7000 22.5000 1.8000
v 119.3500 22.5000 1.8800
v 119.6531 22.6750 1.8800
v 119.5250 22.8031 1.8800
v 119.3500 22.5000 1.8000
v 119.5250 22.8031 1.8000
v 119.6531 22.6750 1.8000
v 119.3500 22.5000 1.8800
v 119.5250 22.8031 1.8800
v 119.3500 22.8500 1.8800
v 119.3500 22.5000 1.8000
v 119.3500 22.8500 1.8000
v 119.5250 22.8031 1.8000
v 119.3500 22.5000 1.8800
v 119.3500 22.8500 1.8800
v 119.1750 22.8031 1.8800
v 119.3500 22.5000 1.8000
v 119.1750 22.8031 1.8000
v 119.3500 22.8500 1.8000
v 119.3500 22.5000 1.8800
v 119.1750 22.8031 1.8800
v 119.0469 22.6750 1.8800
v 119.3500 22.5000 1.8000
v 119.0469 22.6750 1.8000
v 119.1750 22.8031 1.8000
v 119.3500 22.5000 1.8800
v 119.0469 22.6750 1.8800
v 119.0000 22.5000 1.8800
v 119.3500 22.5000 1.8000
v 119.0000 22.5000 1.8000
v 119.0469 22.6750 1.8000
v 119.3500 22.5000 1.8800
v 119.0000 22.5000 1.8800
v 119.0469 22.3250 1.8800
v 119.3500 22.5000 1.8000
v 119.0469 22.3250 1.8000
v 119.0000 22.5000 1.8000
v 119.3500 22.5000 1.8800
v 119.0469 22.3250 1.8800
v 119.1750 22.1969 1.8800
v 119.3500 22.5000 1.8000
v 119.1750 22.1969 1.8000
v 119.0469 22.3250 1.8000
v 119.3500 22.5000 1.8800
v 119.1750 22.1969 1.8800
v 119.3500 22.1500 1.8800
v 119.3500 22.5000 1.8000
v 119.3500 22.1500 1.8000
v 119.1750 22.1969 1.8000
v 119.3500 22.5000 1.8800
v 119.3500 22.1500 1.8800
v 119.5250 22.1969 1.8800
v 119.3500 22.5000 1.8000
v 119.5250 22.1969 1.8000
v 119.3500 22.1500 1.8000
v 119.3500 22.5000 1.8800
v 119.5250 22.1969 1.8800
v 119.6531 22.3250 1.8800
v 119.3500 22.5000 1.8000
v 119.6531 22.3250 1.8000
v 119.5250 22.1969 1.8000
v 119.3500 22.5000 1.8800
v 119.6531 22.3250 1.8800
v 119.7000 22.5000 1.8800
v 119.3500 22.5000 1.8000
v 119.7000 22.5000 1.8000
v 119.6531 22.3250 1.8000
v 119.5700 22.5000 1.8800
v 119.5405 22.6100 1.8800
v 119.5405 22.6100 2.3500
v 119.5700 22.5000 2.3500
v 119.5405 22.6100 1.8800
v 119.4600 22.6905 1.8800
v 119.4600 22.6905 2.3500
v 119.5405 22.6100 2.3500
v 119.4600 22.6905 1.8800
v 119.3500 22.7200 1.8800
v 119.3500 22.7200 2.3500
v 119.4600 22.6905 2.3500
v 119.3500 22.7200 1.8800
v 119.2400 22.6905 1.8800
v 119.2400 22.6905 2.3500
v 119.3500 22.7200 2.3500
v 119.2400 22.6905 1.8800
v 119.1595 22.6100 1.8800
v 119.1595 22.6100 2.3500
v 119.2400 22.6905 2.3500
v 119.1595 22.6100 1.8800
v 119.1300 22.5000 1.8800
v 119.1300 22.5000 2.3500
v 119.1595 22.6100 2.3500
v 119.1300 22.5000 1.8800
v 119.1595 22.3900 1.8800
v 119.1595 22.3900 2.3500
v 119.1300 22.5000 2.3500
v 119.1595 22.3900 1.8800
v 119.2400 22.3095 1.8800
v 119.2400 22.3095 2.3500
v 119.1595 22.3900 2.3500
v 119.2400 22.3095 1.8800
v 119.3500 22.2800 1.8800
v 119.3500 22.2800 2.3500
v 119.2400 22.3095 2.3500
v 119.3500 22.2800 1.8800
v 119.4600 22.3095 1.8800
v 119.4600 22.3095 2.3500
v 119.3500 22.2800 2.3500
v 119.4600 22.3095 1.8800
v 119.5405 22.3900 1.8800
v 119.5405 22.3900 2.3500
v 119.4600 22.3095 2.3500
v 119.5405 22.3900 1.8800
v 119.5405 22.3900 2.3500
v 119.5700 22.5000 2.3500
v 119.5700 22.5000 1.8800
v 119.6400 22.5000 2.3500
v 119.6011 22.6450 2.3500
v 119.6011 22.6450 2.4800
v 119.6400 22.5000 2.4800
v 119.6011 22.6450 2.3500
v 119.4950 22.7511 2.3500
v 119.4950 22.7511 2.4800
v 119.6011 22.6450 2.4800
v 119.4950 22.7511 2.3500
v 119.3500 22.7900 2.3500
v 119.3500 22.7900 2.4800
v 119.4950 22.7511 2.4800
v 119.3500 22.7900 2.3500
v 119.2050 22.7511 2.3500
v 119.2050 22.7511 2.4800
v 119.3500 22.7900 2.4800
v 119.2050 22.7511 2.3500
v 119.0989 22.6450 2.3500
v 119.0989 22.6450 2.4800
v 119.2050 22.7511 2.4800
v 119.0989 22.6450 2.3500
v 119.0600 22.5000 2.3500
v 119.0600 22.5000 2.4800
v 119.0989 22.6450 2.4800
v 119.0600 22.5000 2.3500
v 119.0989 22.3550 2.3500
v 119.0989 22.3550 2.4800
v 119.0600 22.5000 2.4800
v 119.0989 22.3550 2.3500
v 119.2050 22.2489 2.3500
v 119.2050 22.2489 2.4800
v 119.0989 22.3550 2.4800
v 119.2050 22.2489 2.3500
v 119.3500 22.2100 2.3500
v 119.3500 22.2100 2.4800
v 119.2050 22.2489 2.4800
v 119.3500 22.2100 2.3500
v 119.4950 22.2489 2.3500
v 119.4950 22.2489 2.4800
v 119.3500 22.2100 2.4800
v 119.4950 22.2489 2.3500
v 119.6011 22.3550 2.3500
v 119.6011 22.3550 2.4800
v 119.4950 22.2489 2.4800
v 119.6011 22.3550 2.3500
v 119.6011 22.3550 2.4800
v 119.6400 22.5000 2.4800
v 119.6400 22.5000 2.3500
v 119.3500 22.5000 2.4800
v 119.6400 22.5000 2.4800
v 119.6011 22.6450 2.4800
v 119.3500 22.5000 2.3500
v 119.6011 22.6450 2.3500
v 119.6400 22.5000 2.3500
v 119.3500 22.5000 2.4800
v 119.6011 22.6450 2.4800
v 119.4950 22.7511 2.4800
v 119.3500 22.5000 2.3500
v 119.4950 22.7511 2.3500
v 119.6011 22.6450 2.3500
v 119.3500 22.5000 2.4800
v 119.4950 22.7511 2.4800
v 119.3500 22.7900 2.4800
v 119.3500 22.5000 2.3500
v 119.3500 22.7900 2.3500
v 119.4950 22.7511 2.3500
v 119.3500 22.5000 2.4800
v 119.3500 22.7900 2.4800
v 119.2050 22.7511 2.4800
v 119.3500 22.5000 2.3500
v 119.2050 22.7511 2.3500
v 119.3500 22.7900 2.3500
v 119.3500 22.5000 2.4800
v 119.2050 22.7511 2.4800
v 119.0989 22.6450 2.4800
v 119.3500 22.5000 2.3500
v 119.0989 22.6450 2.3500
v 119.2050 22.7511 2.3500
v 119.3500 22.5000 2.4800
v 119.0989 22.6450 2.4800
v 119.0600 22.5000 2.4800
v 119.3500 22.5000 2.3500
v 119.0600 22.5000 2.3500
v 119.0989 22.6450 2.3500
v 119.3500 22.5000 2.4800
v 119.0600 22.5000 2.4800
v 119.0989 22.3550 2.4800
v 119.3500 22.5000 2.3500
v 119.0989 22.3550 2.3500
v 119.0600 22.5000 2.3500
v 119.3500 22.5000 2.4800
v 119.0989 22.3550 2.4800
v 119.2050 22.2489 2.4800
v 119.3500 22.5000 2.3500
v 119.2050 22.2489 2.3500
v 119.0989 22.3550 2.3500
v 119.3500 22.5000 2.4800
v 119.2050 22.2489 2.4800
v 119.3500 22.2100 2.4800
v 119.3500 22.5000 2.3500
v 119.3500 22.2100 2.3500
v 119.2050 22.2489 2.3500
v 119.3500 22.5000 2.4800
v 119.3500 22.2100 2.4800
v 119.4950 22.2489 2.4800
v 119.3500 22.5000 2.3500
v 119.4950 22.2489 2.3500
v 119.3500 22.2100 2.3500
v 119.3500 22.5000 2.4800
v 119.4950 22.2489 2.4800
v 119.6011 22.3550 2.4800
v 119.3500 22.5000 2.3500
v 119.6011 22.3550 2.3500
v 119.4950 22.2489 2.3500
v 119.3500 22.5000 2.4800
v 119.6011 22.3550 2.4800
v 119.6400 22.5000 2.4800
v 119.3500 22.5000 2.3500
v 119.6400 22.5000 2.3500
v 119.6011 22.3550 2.3500
v 118.9700 22.4200 2.2400
v 119.7300 22.4200 2.2400
v 119.7300 22.5800 2.2400
v 118.9700 22.5800 2.2400
v 118.9700 22.5800 2.1600
v 119.7300 22.5800 2.1600
v 119.7300 22.4200 2.1600
v 118.9700 22.4200 2.1600
v 118.9700 22.5800 2.1600
v 118.9700 22.5800 2.2400
v 119.7300 22.5800 2.2400
v 119.7300 22.5800 2.1600
v 119.7300 22.4200 2.1600
v 119.7300 22.4200 2.2400
v 118.9700 22.4200 2.2400
v 118.9700 22.4200 2.1600
v 118.9700 22.4200 2.1600
v 118.9700 22.4200 2.2400
v 118.9700 22.5800 2.2400
v 118.9700 22.5800 2.1600
v 119.7300 22.5800 2.1600
v 119.7300 22.5800 2.2400
v 119.7300 22.4200 2.2400
v 119.7300 22.4200 2.1600
v 53.6850 -4.5200 2.2000
v 53.7250 -4.5200 2.2000
v 53.7250 -4.4500 2.2000
v 53.6850 -4.4500 2.2000
v 53.6850 -4.4500 -1.2000
v 53.7250 -4.4500 -1.2000
v 53.7250 -4.5200 -1.2000
v 53.6850 -4.5200 -1.2000
v 53.6850 -4.4500 -1.2000
v 53.6850 -4.4500 2.2000
v 53.7250 -4.4500 2.2000
v 53.7250 -4.4500 -1.2000
v 53.7250 -4.5200 -1.2000
v 53.7250 -4.5200 2.2000
v 53.6850 -4.5200 2.2000
v 53.6850 -4.5200 -1.2000
v 53.6850 -4.5200 -1.2000
v 53.6850 -4.5200 2.2000
v 53.6850 -4.4500 2.2000
v 53.6850 -4.4500 -1.2000
v 53.7250 -4.4500 -1.2000
v 53.7250 -4.4500 2.2000
v 53.7250 -4.5200 2.2000
v 53.7250 -4.5200 -1.2000
v 54.2750 -4.5200 2.2000
v 54.3150 -4.5200 2.2000
v 54.3150 -4.4500 2.2000
v 54.2750 -4.4500 2.2000
v 54.2750 -4.4500 -1.2000
v 54.3150 -4.4500 -1.2000
v 54.3150 -4.5200 -1.2000
v 54.2750 -4.5200 -1.2000
v 54.2750 -4.4500 -1.2000
v 54.2750 -4.4500 2.2000
v 54.3150 -4.4500 2.2000
v 54.3150 -4.4500 -1.2000
v 54.3150 -4.5200 -1.2000
v 54.3150 -4.5200 2.2000
v 54.2750 -4.5200 2.2000
v 54.2750 -4.5200 -1.2000
v 54.2750 -4.5200 -1.2000
v 54.2750 -4.5200 2.2000
v 54.2750 -4.4500 2.2000
v 54.2750 -4.4500 -1.2000
v 54.3150 -4.4500 -1.2000
v 54.3150 -4.4500 2.2000
v 54.3150 -4.5200 2.2000
v 54.3150 -4.5200 -1.2000
v 53.7250 -4.5100 -1.0320
v 54.2750 -4.5100 -1.0320
v 54.2750 -4.4700 -1.0320
v 53.7250 -4.4700 -1.0320
v 53.7250 -4.4700 -1.0680
v 54.2750 -4.4700 -1.0680
v 54.2750 -4.5100 -1.0680
v 53.7250 -4.5100 -1.0680
v 53.7250 -4.4700 -1.0680
v 53.7250 -4.4700 -1.0320
v 54.2750 -4.4700 -1.0320
v 54.2750 -4.4700 -1.0680
v 54.2750 -4.5100 -1.0680
v 54.2750 -4.5100 -1.0320
v 53.7250 -4.5100 -1.0320
v 53.7250 -4.5100 -1.0680
v 53.7250 -4.5100 -1.0680
v 53.7250 -4.5100 -1.0320
v 53.7250 -4.4700 -1.0320
v 53.7250 -4.4700 -1.0680
v 54.2750 -4.4700 -1.0680
v 54.2750 -4.4700 -1.0320
v 54.2750 -4.5100 -1.0320
v 54.2750 -4.5100 -1.0680
v 53.7250 -4.5100 -0.7320
v 54.2750 -4.5100 -0.7320
v 54.2750 -4.4700 -0.7320
v 53.7250 -4.4700 -0.7320
v 53.7250 -4.4700 -0.7680
v 54.2750 -4.4700 -0.7680
v 54.2750 -4.5100 -0.7680
v 53.7250 -4.5100 -0.7680
v 53.7250 -4.4700 -0.7680
v 53.7250 -4.4700 -0.7320
v 54.2750 -4.4700 -0.7320
v 54.2750 -4.4700 -0.7680
v 54.2750 -4.5100 -0.7680
v 54.2750 -4.5100 -0.7320
v 53.7250 -4.5100 -0.7320
v 53.7250 -4.5100 -0.7680
v 53.7250 -4.5100 -0.7680
v 53.7250 -4.5100 -0.7320
v 53.7250 -4.4700 -0.7320
v 53.7250 -4.4700 -0.7680
v 54.2750 -4.4700 -0.7680
v 54.2750 -4.4700 -0.7320
v 54.2750 -4.5100 -0.7320
v 54.2750 -4.5100 -0.7680
v 53.7250 -4.5100 -0.4320
v 54.2750 -4.5100 -0.4320
v 54.2750 -4.4700 -0.4320
v 53.7250 -4.4700 -0.4320
v 53.7250 -4.4700 -0.4680
v 54.2750 -4.4700 -0.4680
v 54.2750 -4.5100 -0.4680
v 53.7250 -4.5100 -0.4680
v 53.7250 -4.4700 -0.4680
v 53.7250 -4.4700 -0.4320
v 54.2750 -4.4700 -0.4320
v 54.2750 -4.4700 -0.4680
v 54.2750 -4.5100 -0.4680
v 54.2750 -4.5100 -0.4320
v 53.7250 -4.5100 -0.4320
v 53.7250 -4.5100 -0.4680
v 53.7250 -4.5100 -0.4680
v 53.7250 -4.5100 -0.4320
v 53.7250 -4.4700 -0.4320
v 53.7250 -4.4700 -0.4680
v 54.2750 -4.4700 -0.4680
v 54.2750 -4.4700 -0.4320
v 54.2750 -4.5100 -0.4320
v 54.2750 -4.5100 -0.4680
v 53.7250 -4.5100 -0.1320
v 54.2750 -4.5100 -0.1320
v 54.2750 -4.4700 -0.1320
v 53.7250 -4.4700 -0.1320
v 53.7250 -4.4700 -0.1680
v 54.2750 -4.4700 -0.1680
v 54.2750 -4.5100 -0.1680
v 53.7250 -4.5100 -0.1680
v 53.7250 -4.4700 -0.1680
v 53.7250 -4.4700 -0.1320
v 54.2750 -4.4700 -0.1320
v 54.2750 -4.4700 -0.1680
v 54.2750 -4.5100 -0.1680
v 54.2750 -4.5100 -0.1320
v 53.7250 -4.5100 -0.1320
v 53.7250 -4.5100 -0.1680
v 53.7250 -4.5100 -0.1680
v 53.7250 -4.5100 -0.1320
v 53.7250 -4.4700 -0.1320
v 53.7250 -4.4700 -0.1680
v 54.2750 -4.4700 -0.1680
v 54.2750 -4.4700 -0.1320
v 54.2750 -4.5100 -0.1320
v 54.2750 -4.5100 -0.1680
v 53.7250 -4.5100 0.1680
v 54.2750 -4.5100 0.1680
v 54.2750 -4.4700 0.1680
v 53.7250 -4.4700 0.1680
v 53.7250 -4.4700 0.1320
v 54.2750 -4.4700 0.1320
v 54.2750 -4.5100 0.1320
v 53.7250 -4.5100 0.1320
v 53.7250 -4.4700 0.1320
v 53.7250 -4.4700 0.1680
v 54.2750 -4.4700 0.1680
v 54.2750 -4.4700 0.1320
v 54.2750 -4.5100 0.1320
v 54.2750 -4.5100 0.1680
v 53.7250 -4.5100 0.1680
v 53.7250 -4.5100 0.1320
v 53.7250 -4.5100 0.1320
v 53.7250 -4.5100 0.1680
v 53.7250 -4.4700 0.1680
v 53.7250 -4.4700 0.1320
v 54.2750 -4.4700 0.1320
v 54.2750 -4.4700 0.1680
v 54.2750 -4.5100 0.1680
v 54.2750 -4.5100 0.1320
v 53.7250 -4.5100 0.4680
v 54.2750 -4.5100 0.4680
v 54.2750 -4.4700 0.4680
v 53.7250 -4.4700 0.4680
v 53.7250 -4.4700 0.4320
v 54.2750 -4.4700 0.4320
v 54.2750 -4.5100 0.4320
v 53.7250 -4.5100 0.4320
v 53.7250 -4.4700 0.4320
v 53.7250 -4.4700 0.4680
v 54.2750 -4.4700 0.4680
v 54.2750 -4.4700 0.4320
v 54.2750 -4.5100 0.4320
v 54.2750 -4.5100 0.4680
v 53.7250 -4.5100 0.4680
v 53.7250 -4.5100 0.4320
v 53.7250 -4.5100 0.4320
v 53.7250 -4.5100 0.4680
v 53.7250 -4.4700 0.4680
v 53.7250 -4.4700 0.4320
v 54.2750 -4.4700 0.4320
v 54.2750 -4.4700 0.4680
v 54.2750 -4.5100 0.4680
v 54.2750 -4.5100 0.4320
v 53.7250 -4.5100 0.7680
v 54.2750 -4.5100 0.7680
v 54.2750 -4.4700 0.7680
v 53.7250 -4.4700 0.7680
v 53.7250 -4.4700 0.7320
v 54.2750 -4.4700 0.7320
v 54.2750 -4.5100 0.7320
v 53.7250 -4.5100 0.7320
v 53.7250 -4.4700 0.7320
v 53.7250 -4.4700 0.7680
v 54.2750 -4.4700 0.7680
v 54.2750 -4.4700 0.7320
v 54.2750 -4.5100 0.7320
v 54.2750 -4.5100 0.7680
v 53.7250 -4.5100 0.7680
v 53.7250 -4.5100 0.7320
v 53.7250 -4.5100 0.7320
v 53.7250 -4.5100 0.7680
v 53.7250 -4.4700 0.7680
v 53.7250 -4.4700 0.7320
v 54.2750 -4.4700 0.7320
v 54.2750 -4.4700 0.7680
v 54.2750 -4.5100 0.7680
v 54.2750 -4.5100 0.7320
v 53.7250 -4.5100 1.0680
v 54.2750 -4.5100 1.0680
v 54.2750 -4.4700 1.0680
v 53.7250 -4.4700 1.0680
v 53.7250 -4.4700 1.0320
v 54.2750 -4.4700 1.0320
v 54.2750 -4.5100 1.0320
v 53.7250 -4.5100 1.0320
v 53.7250 -4.4700 1.0320
v 53.7250 -4.4700 1.0680
v 54.2750 -4.4700 1.0680
v 54.2750 -4.4700 1.0320
v 54.2750 -4.5100 1.0320
v 54.2750 -4.5100 1.0680
v 53.7250 -4.5100 1.0680
v 53.7250 -4.5100 1.0320
v 53.7250 -4.5100 1.0320
v 53.7250 -4.5100 1.0680
v 53.7250 -4.4700 1.0680
v 53.7250 -4.4700 1.0320
v 54.2750 -4.4700 1.0320
v 54.2750 -4.4700 1.0680
v 54.2750 -4.5100 1.0680
v 54.2750 -4.5100 1.0320
v 53.7250 -4.5100 1.3680
v 54.2750 -4.5100 1.3680
v 54.2750 -4.4700 1.3680
v 53.7250 -4.4700 1.3680
v 53.7250 -4.4700 1.3320
v 54.2750 -4.4700 1.3320
v 54.2750 -4.5100 1.3320
v 53.7250 -4.5100 1.3320
v 53.7250 -4.4700 1.3320
v 53.7250 -4.4700 1.3680
v 54.2750 -4.4700 1.3680
v 54.2750 -4.4700 1.3320
v 54.2750 -4.5100 1.3320
v 54.2750 -4.5100 1.3680
v 53.7250 -4.5100 1.3680
v 53.7250 -4.5100 1.3320
v 53.7250 -4.5100 1.3320
v 53.7250 -4.5100 1.3680
v 53.7250 -4.4700 1.3680
v 53.7250 -4.4700 1.3320
v 54.2750 -4.4700 1.3320
v 54.2750 -4.4700 1.3680
v 54.2750 -4.5100 1.3680
v 54.2750 -4.5100 1.3320
v 53.7250 -4.5100 1.6680
v 54.2750 -4.5100 1.6680
v 54.2750 -4.4700 1.6680
v 53.7250 -4.4700 1.6680
v 53.7250 -4.4700 1.6320
v 54.2750 -4.4700 1.6320
v 54.2750 -4.5100 1.6320
v 53.7250 -4.5100 1.6320
v 53.7250 -4.4700 1.6320
v 53.7250 -4.4700 1.6680
v 54.2750 -4.4700 1.6680
v 54.2750 -4.4700 1.6320
v 54.2750 -4.5100 1.6320
v 54.2750 -4.5100 1.6680
v 53.7250 -4.5100 1.6680
v 53.7250 -4.5100 1.6320
v 53.7250 -4.5100 1.6320
v 53.7250 -4.5100 1.6680
v 53.7250 -4.4700 1.6680
v 53.7250 -4.4700 1.6320
v 54.2750 -4.4700 1.6320
v 54.2750 -4.4700 1.6680
v 54.2750 -4.5100 1.6680
v 54.2750 -4.5100 1.6320
v 119.9500 19.6850 2.2000
v 120.0200 19.6850 2.2000
v 120.0200 19.7250 2.2000
v 119.9500 19.7250 2.2000
v 119.9500 19.7250 -1.2000
v 120.0200 19.7250 -1.2000
v 120.0200 19.6850 -1.2000
v 119.9500 19.6850 -1.2000
v 119.9500 19.7250 -1.2000
v 119.9500 19.7250 2.2000
v 120.0200 19.7250 2.2000
v 120.0200 19.7250 -1.2000
v 120.0200 19.6850 -1.2000
v 120.0200 19.6850 2.2000
v 119.9500 19.6850 2.2000
v 119.9500 19.6850 -1.2000
v 119.9500 19.6850 -1.2000
v 119.9500 19.6850 2.2000
v 119.9500 19.7250 2.2000
v 119.9500 19.7250 -1.2000
v 120.0200 19.7250 -1.2000
v 120.0200 19.7250 2.2000
v 120.0200 19.6850 2.2000
v 120.0200 19.6850 -1.2000
v 119.9500 20.2750 2.2000
v 120.0200 20.2750 2.2000
v 120.0200 20.3150 2.2000
v 119.9500 20.3150 2.2000
v 119.9500 20.3150 -1.2000
v 120.0200 20.3150 -1.2000
v 120.0200 20.2750 -1.2000
v 119.9500 20.2750 -1.2000
v 119.9500 20.3150 -1.2000
v 119.9500 20.3150 2.2000
v 120.0200 20.3150 2.2000
v 120.0200 20.3150 -1.2000
v 120.0200 20.2750 -1.2000
v 120.0200 20.2750 2.2000
v 119.9500 20.2750 2.2000
v 119.9500 20.2750 -1.2000
v 119.9500 20.2750 -1.2000
v 119.9500 20.2750 2.2000
v 119.9500 20.3150 2.2000
v 119.9500 20.3150 -1.2000
v 120.0200 20.3150 -1.2000
v 120.0200 20.3150 2.2000
v 120.0200 20.2750 2.2000
v 120.0200 20.2750 -1.2000
v 119.9700 19.7250 -1.0320
v 120.0100 19.7250 -1.0320
v 120.0100 20.2750 -1.0320
v 119.9700 20.2750 -1.0320
v 119.9700 20.2750 -1.0680
v 120.0100 20.2750 -1.0680
v 120.0100 19.7250 -1.0680
v 119.9700 19.7250 -1.0680
v 119.9700 20.2750 -1.0680
v 119.9700 20.2750 -1.0320
v 120.0100 20.2750 -1.0320
v 120.0100 20.2750 -1.0680
v 120.0100 19.7250 -1.0680
v 120.0100 19.7250 -1.0320
v 119.9700 19.7250 -1.0320
v 119.9700 19.7250 -1.0680
v 119.9700 19.7250 -1.0680
v 119.9700 19.7250 -1.0320
v 119.9700 20.2750 -1.0320
v 119.9700 20.2750 -1.0680
v 120.0100 20.2750 -1.0680
v 120.0100 20.2750 -1.0320
v 120.0100 19.7250 -1.0320
v 120.0100 19.7250 -1.0680
v 119.9700 19.7250 -0.7320
v 120.0100 19.7250 -0.7320
v 120.0100 20.2750 -0.7320
v 119.9700 20.2750 -0.7320
v 119.9700 20.2750 -0.7680
v 120.0100 20.2750 -0.7680
v 120.0100 19.7250 -0.7680
v 119.9700 19.7250 -0.7680
v 119.9700 20.2750 -0.7680
v 119.9700 20.2750 -0.7320
v 120.0100 20.2750 -0.7320
v 120.0100 20.2750 -0.7680
v 120.0100 19.7250 -0.7680
v 120.0100 19.7250 -0.7320
v 119.9700 19.7250 -0.7320
v 119.9700 19.7250 -0.7680
v 119.9700 19.7250 -0.7680
v 119.9700 19.7250 -0.7320
v 119.9700 20.2750 -0.7320
v 119.9700 20.2750 -0.7680
v 120.0100 20.2750 -0.7680
v 120.0100 20.2750 -0.7320
v 120.0100 19.7250 -0.7320
v 120.0100 19.7250 -0.7680
v 119.9700 19.7250 -0.4320
v 120.0100 19.7250 -0.4320
v 120.0100 20.2750 -0.4320
v 119.9700 20.2750 -0.4320
v 119.9700 20.2750 -0.4680
v 120.0100 20.2750 -0.4680
v 120.0100 19.7250 -0.4680
v 119.9700 19.7250 -0.4680
v 119.9700 20.2750 -0.4680
v 119.9700 20.2750 -0.4320
v 120.0100 20.2750 -0.4320
v 120.0100 20.2750 -0.4680
v 120.0100 19.7250 -0.4680
v 120.0100 19.7250 -0.4320
v 119.9700 19.7250 -0.4320
v 119.9700 19.7250 -0.4680
v 119.9700 19.7250 -0.4680
v 119.9700 19.7250 -0.4320
v 119.9700 20.2750 -0.4320
v 119.9700 20.2750 -0.4680
v 120.0100 20.2750 -0.4680
v 120.0100 20.2750 -0.4320
v 120.0100 19.7250 -0.4320
v 120.0100 19.7250 -0.4680
v 119.9700 19.7250 -0.1320
v 120.0100 19.7250 -0.1320
v 120.0100 20.2750 -0.1320
v 119.9700 20.2750 -0.1320
v 119.9700 20.2750 -0.1680
v 120.0100 20.2750 -0.1680
v 120.0100 19.7250 -0.1680
v 119.9700 19.7250 -0.1680
v 119.9700 20.2750 -0.1680
v 119.9700 20.2750 -0.1320
v 120.0100 20.2750 -0.1320
v 120.0100 20.2750 -0.1680
v 120.0100 19.7250 -0.1680
v 120.0100 19.7250 -0.1320
v 119.9700 19.7250 -0.1320
v 119.9700 19.7250 -0.1680
v 119.9700 19.7250 -0.1680
v 119.9700 19.7250 -0.1320
v 119.9700 20.2750 -0.1320
v 119.9700 20.2750 -0.1680
v 120.0100 20.2750 -0.1680
v 120.0100 20.2750 -0.1320
v 120.0100 19.7250 -0.1320
v 120.0100 19.7250 -0.1680
v 119.9700 19.7250 0.1680
v 120.0100 19.7250 0.1680
v 120.0100 20.2750 0.1680
v 119.9700 20.2750 0.1680
v 119.9700 20.2750 0.1320
v 120.0100 20.2750 0.1320
v 120.0100 19.7250 0.1320
v 119.9700 19.7250 0.1320
v 119.9700 20.2750 0.1320
v 119.9700 20.2750 0.1680
v 120.0100 20.2750 0.1680
v 120.0100 20.2750 0.1320
v 120.0100 19.7250 0.1320
v 120.0100 19.7250 0.1680
v 119.9700 19.7250 0.1680
v 119.9700 19.7250 0.1320
v 119.9700 19.7250 0.1320
v 119.9700 19.7250 0.1680
v 119.9700 20.2750 0.1680
v 119.9700 20.2750 0.1320
v 120.0100 20.2750 0.1320
v 120.0100 20.2750 0.1680
v 120.0100 19.7250 0.1680
v 120.0100 19.7250 0.1320
v 119.9700 19.7250 0.4680
v 120.0100 19.7250 0.4680
v 120.0100 20.2750 0.4680
v 119.9700 20.2750 0.4680
v 119.9700 20.2750 0.4320
v 120.0100 20.2750 0.4320
v 120.0100 19.7250 0.4320
v 119.9700 19.7250 0.4320
v 119.9700 20.2750 0.4320
v 119.9700 20.2750 0.4680
v 120.0100 20.2750 0.4680
v 120.0100 20.2750 0.4320
v 120.0100 19.7250 0.4320
v 120.0100 19.7250 0.4680
v 119.9700 19.7250 0.4680
v 119.9700 19.7250 0.4320
v 119.9700 19.7250 0.4320
v 119.9700 19.7250 0.4680
v 119.9700 20.2750 0.4680
v 119.9700 20.2750 0.4320
v 120.0100 20.2750 0.4320
v 120.0100 20.2750 0.4680
v 120.0100 19.7250 0.4680
v 120.0100 19.7250 0.4320
v 119.9700 19.7250 0.7680
v 120.0100 19.7250 0.7680
v 120.0100 20.2750 0.7680
v 119.9700 20.2750 0.7680
v 119.9700 20.2750 0.7320
v 120.0100 20.2750 0.7320
v 120.0100 19.7250 0.7320
v 119.9700 19.7250 0.7320
v 119.9700 20.2750 0.7320
v 119.9700 20.2750 0.7680
v 120.0100 20.2750 0.7680
v 120.0100 20.2750 0.7320
v 120.0100 19.7250 0.7320
v 120.0100 19.7250 0.7680
v 119.9700 19.7250 0.7680
v 119.9700 19.7250 0.7320
v 119.9700 19.7250 0.7320
v 119.9700 19.7250 0.7680
v 119.9700 20.2750 0.7680
v 119.9700 20.2750 0.7320
v 120.0100 20.2750 0.7320
v 120.0100 20.2750 0.7680
v 120.0100 19.7250 0.7680
v 120.0100 19.7250 0.7320
v 119.9700 19.7250 1.0680
v 120.0100 19.7250 1.0680
v 120.0100 20.2750 1.0680
v 119.9700 20.2750 1.0680
v 119.9700 20.2750 1.0320
v 120.0100 20.2750 1.0320
v 120.0100 19.7250 1.0320
v 119.9700 19.7250 1.0320
v 119.9700 20.2750 1.0320
v 119.9700 20.2750 1.0680
v 120.0100 20.2750 1.0680
v 120.0100 20.2750 1.0320
v 120.0100 19.7250 1.0320
v 120.0100 19.7250 1.0680
v 119.9700 19.7250 1.0680
v 119.9700 19.7250 1.0320
v 119.9700 19.7250 1.0320
v 119.9700 19.7250 1.0680
v 119.9700 20.2750 1.0680
v 119.9700 20.2750 1.0320
v 120.0100 20.2750 1.0320
v 120.0100 20.2750 1.0680
v 120.0100 19.7250 1.0680
v 120.0100 19.7250 1.0320
v 119.9700 19.7250 1.3680
v 120.0100 19.7250 1.3680
v 120.0100 20.2750 1.3680
v 119.9700 20.2750 1.3680
v 119.9700 20.2750 1.3320
v 120.0100 20.2750 1.3320
v 120.0100 19.7250 1.3320
v 119.9700 19.7250 1.3320
v 119.9700 20.2750 1.3320
v 119.9700 20.2750 1.3680
v 120.0100 20.2750 1.3680
v 120.0100 20.2750 1.3320
v 120.0100 19.7250 1.3320
v 120.0100 19.7250 1.3680
v 119.9700 19.7250 1.3680
v 119.9700 19.7250 1.3320
v 119.9700 19.7250 1.3320
v 119.9700 19.7250 1.3680
v 119.9700 20.2750 1.3680
v 119.9700 20.2750 1.3320
v 120.0100 20.2750 1.3320
v 120.0100 20.2750 1.3680
v 120.0100 19.7250 1.3680
v 120.0100 19.7250 1.3320
v 119.9700 19.7250 1.6680
v 120.0100 19.7250 1.6680
v 120.0100 20.2750 1.6680
v 119.9700 20.2750 1.6680
v 119.9700 20.2750 1.6320
v 120.0100 20.2750 1.6320
v 120.0100 19.7250 1.6320
v 119.9700 19.7250 1.6320
v 119.9700 20.2750 1.6320
v 119.9700 20.2750 1.6680
v 120.0100 20.2750 1.6680
v 120.0100 20.2750 1.6320
v 120.0100 19.7250 1.6320
v 120.0100 19.7250 1.6680
v 119.9700 19.7250 1.6680
v 119.9700 19.7250 1.6320
v 119.9700 19.7250 1.6320
v 119.9700 19.7250 1.6680
v 119.9700 20.2750 1.6680
v 119.9700 20.2750 1.6320
v 120.0100 20.2750 1.6320
v 120.0100 20.2750 1.6680
v 120.0100 19.7250 1.6680
v 120.0100 19.7250 1.6320

vt 0.0000 0.0000
vt 59.8250 0.0000
vt 59.8250 0.3500
vt 0.0000 0.3500
vt 0.0000 0.0000
vt 0.3500 0.0000
vt 0.3500 0.3500
vt 0.0000 0.3500
vt 0.0000 0.0000
vt 0.3500 0.0000
vt 0.3500 22.0750
vt 0.0000 22.0750
vt 0.0000 0.0000
vt 0.0000 0.2000
vt 59.8250 0.2000
vt 59.8250 0.0000
vt 0.0000 0.0000
vt 0.0000 0.2000
vt 22.0750 0.2000
vt 22.0750 0.0000
vt 0.0000 0.0000
vt 28.8750 0.0000
vt 28.8750 1.0375
vt 0.0000 1.0375
vt 0.0000 0.0000
vt 1.0375 0.0000
vt 1.0375 10.0000
vt 0.0000 10.0000
vt 0.0000 0.0000
vt 1.0375 0.0000
vt 1.0375 1.0375
vt 0.0000 1.0375
vt 0.0000 0.0000
vt 0.0000 0.9333
vt 24.0000 0.9333
vt 24.0000 0.0000
vt 0.0000 0.0000
vt 0.0000 1.0000
vt 30.0000 1.0000
vt 30.0000 0.0000
vt 0.0000 0.0000
vt 0.0000 3.6750
vt 20.0000 3.6750
vt 20.0000 0.0000
vt 0.0000 0.0000
vt 8.9000 0.0000
vt 8.9000 0.9333
vt 0.0000 0.9333
vt 0.0000 0.0000
vt 11.1250 0.0000
vt 11.1250 1.0000
vt 0.0000 1.0000
vt 0.0000 0.0000
vt 7.4167 0.0000
vt 7.4167 3.6750
vt 0.0000 3.6750
vt 0.0000 0.0000
vt 0.0000 4.5000
vt 19.2500 4.5000
vt 19.2500 0.0000
vt 0.0000 0.0000
vt 6.6667 0.0000
vt 6.6667 4.5000
vt 0.0000 4.5000
vt 0.0000 0.0000
vt 0.0000 4.5000
vt 1.1250 4.5000
vt 1.1250 0.0000
vt 0.0000 0.0000
vt 0.0000 4.5000
vt 1.1250 4.5000
vt 1.1250 0.0000
vt 0.0000 0.0000
vt 0.0000 28.8750
vt 28.8750 1.1250
vt 1.1250 0.0000
vt 0.0000 0.0000
vt 0.0000 11.1250
vt 11.1250 1.1250
vt 1.1250 0.0000
vt 0.0000 0.0000
vt 0.1250 0.0000
vt 0.1250 1.0000
vt 0.0000 1.0000
vt 0.1250 0.0000
vt 0.2500 0.0000
vt 0.2500 1.0000
vt 0.1250 1.0000
vt 0.2500 0.0000
vt 0.3750 0.0000
vt 0.3750 1.0000
vt 0.2500 1.0000
vt 0.3750 0.0000
vt 0.5000 0.0000
vt 0.5000 1.0000
vt 0.3750 1.0000
vt 0.5000 0.0000
vt 0.6250 0.0000
vt 0.6250 1.0000
vt 0.5000 1.0000
vt 0.6250 0.0000
vt 0.7500 0.0000
vt 0.7500 1.0000
vt 0.6250 1.0000
vt 0.7500 0.0000
vt 0.8750 0.0000
vt 0.8750 1.0000
vt 0.7500 1.0000
vt 0.8750 0.0000
vt 1.0000 0.0000
vt 1.0000 1.0000
vt 0.8750 1.0000
vt 0.5000 0.5000
vt 0.5000 1.0000
vt 1.0000 1.0000
vt 0.5000 0.5000
vt 1.0000 1.0000
vt 0.5000 1.0000
vt 0.5000 0.5000
vt 0.5000 1.0000
vt 1.0000 1.0000
vt 0.5000 0.5000
vt 1.0000 1.0000
vt 0.5000 1.0000
vt 0.5000 0.5000
vt 0.5000 1.0000
vt 1.0000 1.0000
vt 0.5000 0.5000
vt 1.0000 1.0000
vt 0.5000 1.0000
vt 0.5000 0.5000
vt 0.5000 1.0000
vt 1.0000 1.0000
vt 0.5000 0.5000
vt 1.0000 1.0000
vt 0.5000 1.0000
vt 0.5000 0.5000
vt 0.5000 1.0000
vt 1.0000 1.0000
vt 0.5000 0.5000
vt 1.0000 1.0000
vt 0.5000 1.0000
vt 0.5000 0.5000
vt 0.5000 1.0000
vt 1.0000 1.0000
vt 0.5000 0.5000
vt 1.0000 1.0000
vt 0.5000 1.0000
vt 0.5000 0.5000
vt 0.5000 1.0000
vt 1.0000 1.0000
vt 0.5000 0.5000
vt 1.0000 1.0000
vt 0.5000 1.0000
vt 0.5000 0.5000
vt 0.5000 1.0000
vt 1.0000 1.0000
vt 0.5000 0.5000
vt 1.0000 1.0000
vt 0.5000 1.0000
vt 0.0000 0.0000
vt 0.1250 0.0000
vt 0.1250 1.0000
vt 0.0000 1.0000
vt 0.1250 0.0000
vt 0.2500 0.0000
vt 0.2500 1.0000
vt 0.1250 1.0000
vt 0.2500 0.0000
vt 0.3750 0.0000
vt 0.3750 1.0000
vt 0.2500 1.0000
vt 0.3750 0.0000
vt 0.5000 0.0000
vt 0.5000 1.0000
vt 0.3750 1.0000
vt 0.5000 0.0000
vt 0.6250 0.0000
vt 0.6250 1.0000
vt 0.5000 1.0000
vt 0.6250 0.0000
vt 0.7500 0.0000
vt 0.7500 1.0000
vt 0.6250 1.0000
vt 0.7500 0.0000
vt 0.8750 0.0000
vt 0.8750 1.0000
vt 0.7500 1.0000
vt 0.8750 0.0000
vt 1.0000 0.0000
vt 1.0000 1.0000
vt 0.8750 1.0000
vt 0.5000 0.5000
vt 0.5000 1.0000
vt 1.0000 1.0000
vt 0.5000 0.5000
vt 1.0000 1.0000
vt 0.5000 1.0000
vt 0.5000 0.5000
vt 0.5000 1.0000
vt 1.0000 1.0000
vt 0.5000 0.5000
vt 1.0000 1.0000
vt 0.5000 1.0000
vt 0.5000 0.5000
vt 0.5000 1.0000
vt 1.0000 1.0000
vt 0.5000 0.5000
vt 1.0000 1.0000
vt 0.5000 1.0000
vt 0.5000 0.5000
vt 0.5000 1.0000
vt 1.0000 1.0000
vt 0.5000 0.5000
vt 1.0000 1.0000
vt 0.5000 1.0000
vt 0.5000 0.5000
vt 0.5000 1.0000
vt 1.0000 1.0000
vt 0.5000 0.5000
vt 1.0000 1.0000
vt 0.5000 1.0000
vt 0.5000 0.5000
vt 0.5000 1.0000
vt 1.0000 1.0000
vt 0.5000 0.5000
vt 1.0000 1.0000
vt 0.5000 1.0000
vt 0.5000 0.5000
vt 0.5000 1.0000
vt 1.0000 1.0000
vt 0.5000 0.5000
vt 1.0000 1.0000
vt 0.5000 1.0000
vt 0.5000 0.5000
vt 0.5000 1.0000
vt 1.0000 1.0000
vt 0.5000 0.5000
vt 1.0000 1.0000
vt 0.5000 1.0000
vt 0.0000 0.0000
vt 0.1250 0.0000
vt 0.1250 1.0000
vt 0.0000 1.0000
vt 0.1250 0.0000
vt 0.2500 0.0000
vt 0.2500 1.0000
vt 0.1250 1.0000
vt 0.2500 0.0000
vt 0.3750 0.0000
vt 0.3750 1.0000
vt 0.2500 1.0000
vt 0.3750 0.0000
vt 0.5000 0.0000
vt 0.5000 1.0000
vt 0.3750 1.0000
vt 0.5000 0.0000
vt 0.6250 0.0000
vt 0.6250 1.0000
vt 0.5000 1.0000
vt 0.6250 0.0000
vt 0.7500 0.0000
vt 0.7500 1.0000
vt 0.6250 1.0000
vt 0.7500 0.0000
vt 0.8750 0.0000
vt 0.8750 1.0000
vt 0.7500 1.0000
vt 0.8750 0.0000
vt 1.0000 0.0000
vt 1.0000 1.0000
vt 0.8750 1.0000
vt 0.5000 0.5000
vt 0.5000 1.0000
vt 1.0000 1.0000
vt 0.5000 0.5000
vt 1.0000 1.0000
vt 0.5000 1.0000
vt 0.5000 0.5000
vt 0.5000 1.0000
vt 1.0000 1.0000
vt 0.5000 0.5000
vt 1.0000 1.0000
vt 0.5000 1.0000
vt 0.5000 0.5000
vt 0.5000 1.0000
vt 1.0000 1.0000
vt 0.5000 0.5000
vt 1.0000 1.0000
vt 0.5000 1.0000
vt 0.5000 0.5000
vt 0.5000 1.0000
vt 1.0000 1.0000
vt 0.5000 0.5000
vt 1.0000 1.0000
vt 0.5000 1.0000
vt 0.5000 0.5000
vt 0.5000 1.0000
vt 1.0000 1.0000
vt 0.5000 0.5000
vt 1.0000 1.0000
vt 0.5000 1.0000
vt 0.5000 0.5000
vt 0.5000 1.0000
vt 1.0000 1.0000
vt 0.5000 0.5000
vt 1.0000 1.0000
vt 0.5000 1.0000
vt 0.5000 0.5000
vt 0.5000 1.0000
vt 1.0000 1.0000
vt 0.5000 0.5000
vt 1.0000 1.0000
vt 0.5000 1.0000
vt 0.5000 0.5000
vt 0.5000 1.0000
vt 1.0000 1.0000
vt 0.5000 0.5000
vt 1.0000 1.0000
vt 0.5000 1.0000
vt 0.0000 0.0000
vt 0.1250 0.0000
vt 0.1250 1.0000
vt 0.0000 1.0000
vt 0.1250 0.0000
vt 0.2500 0.0000
vt 0.2500 1.0000
vt 0.1250 1.0000
vt 0.2500 0.0000
vt 0.3750 0.0000
vt 0.3750 1.0000
vt 0.2500 1.0000
vt 0.3750 0.0000
vt 0.5000 0.0000
vt 0.5000 1.0000
vt 0.3750 1.0000
vt 0.5000 0.0000
vt 0.6250 0.0000
vt 0.6250 1.0000
vt 0.5000 1.0000
vt 0.6250 0.0000
vt 0.7500 0.0000
vt 0.7500 1.0000
vt 0.6250 1.0000
vt 0.7500 0.0000
vt 0.8750 0.0000
vt 0.8750 1.0000
vt 0.7500 1.0000
vt 0.8750 0.0000
vt 1.0000 0.0000
vt 1.0000 1.0000
vt 0.8750 1.0000
vt 0.5000 0.5000
vt 0.5000 1.0000
vt 1.0000 1.0000
vt 0.5000 0.5000
vt 1.0000 1.0000
vt 0.5000 1.0000
vt 0.5000 0.5000
vt 0.5000 1.0000
vt 1.0000 1.0000
vt 0.5000 0.5000
vt 1.0000 1.0000
vt 0.5000 1.0000
vt 0.5000 0.5000
vt 0.5000 1.0000
vt 1.0000 1.0000
vt 0.5000 0.5000
vt 1.0000 1.0000
vt 0.5000 1.0000
vt 0.5000 0.5000
vt 0.5000 1.0000
vt 1.0000 1.0000
vt 0.5000 0.5000
vt 1.0000 1.0000
vt 0.5000 1.0000
vt 0.5000 0.5000
vt 0.5000 1.0000
vt 1.0000 1.0000
vt 0.5000 0.5000
vt 1.0000 1.0000
vt 0.5000 1.0000
vt 0.5000 0.5000
vt 0.5000 1.0000
vt 1.0000 1.0000
vt 0.5000 0.5000
vt 1.0000 1.0000
vt 0.5000 1.0000
vt 0.5000 0.5000
vt 0.5000 1.0000
vt 1.0000 1.0000
vt 0.5000 0.5000
vt 1.0000 1.0000
vt 0.5000 1.0000
vt 0.5000 0.5000
vt 0.5000 1.0000
vt 1.0000 1.0000
vt 0.5000 0.5000
vt 1.0000 1.0000
vt 0.5000 1.0000
vt 0.0000 0.0000
vt 0.1250 0.0000
vt 0.1250 1.0000
vt 0.0000 1.0000
vt 0.1250 0.0000
vt 0.2500 0.0000
vt 0.2500 1.0000
vt 0.1250 1.0000
vt 0.2500 0.0000
vt 0.3750 0.0000
vt 0.3750 1.0000
vt 0.2500 1.0000
vt 0.3750 0.0000
vt 0.5000 0.0000
vt 0.5000 1.0000
vt 0.3750 1.0000
vt 0.5000 0.0000
vt 0.6250 0.0000
vt 0.6250 1.0000
vt 0.5000 1.0000
vt 0.6250 0.0000
vt 0.7500 0.0000
vt 0.7500 1.0000
vt 0.6250 1.0000
vt 0.7500 0.0000
vt 0.8750 0.0000
vt 0.8750 1.0000
vt 0.7500 1.0000
vt 0.8750 0.0000
vt 1.0000 0.0000
vt 1.0000 1.0000
vt 0.8750 1.0000
vt 0.5000 0.5000
vt 0.5000 1.0000
vt 1.0000 1.0000
vt 0.5000 0.5000
vt 1.0000 1.0000
vt 0.5000 1.0000
vt 0.5000 0.5000
vt 0.5000 1.0000
vt 1.0000 1.0000
vt 0.5000 0.5000
vt 1.0000 1.0000
vt 0.5000 1.0000
vt 0.5000 0.5000
vt 0.5000 1.0000
vt 1.0000 1.0000
vt 0.5000 0.5000
vt 1.0000 1.0000
vt 0.5000 1.0000
vt 0.5000 0.5000
vt 0.5000 1.0000
vt 1.0000 1.0000
vt 0.5000 0.5000
vt 1.0000 1.0000
vt 0.5000 1.0000
vt 0.5000 0.5000
vt 0.5000 1.0000
vt 1.0000 1.0000
vt 0.5000 0.5000
vt 1.0000 1.0000
vt 0.5000 1.0000
vt 0.5000 0.5000
vt 0.5000 1.0000
vt 1.0000 1.0000
vt 0.5000 0.5000
vt 1.0000 1.0000
vt 0.5000 1.0000
vt 0.5000 0.5000
vt 0.5000 1.0000
vt 1.0000 1.0000
vt 0.5000 0.5000
vt 1.0000 1.0000
vt 0.5000 1.0000
vt 0.5000 0.5000
vt 0.5000 1.0000
vt 1.0000 1.0000
vt 0.5000 0.5000
vt 1.0000 1.0000
vt 0.5000 1.0000
vt 0.0000 0.0000
vt 0.1250 0.0000
vt 0.1250 1.0000
vt 0.0000 1.0000
vt 0.1250 0.0000
vt 0.2500 0.0000
vt 0.2500 1.0000
vt 0.1250 1.0000
vt 0.2500 0.0000
vt 0.3750 0.0000
vt 0.3750 1.0000
vt 0.2500 1.0000
vt 0.3750 0.0000
vt 0.5000 0.0000
vt 0.5000 1.0000
vt 0.3750 1.0000
vt 0.5000 0.0000
vt 0.6250 0.0000
vt 0.6250 1.0000
vt 0.5000 1.0000
vt 0.6250 0.0000
vt 0.7500 0.0000
vt 0.7500 1.0000
vt 0.6250 1.0000
vt 0.7500 0.0000
vt 0.8750 0.0000
vt 0.8750 1.0000
vt 0.7500 1.0000
vt 0.8750 0.0000
vt 1.0000 0.0000
vt 1.0000 1.0000
vt 0.8750 1.0000
vt 0.5000 0.5000
vt 0.5000 1.0000
vt 1.0000 1.0000
vt 0.5000 0.5000
vt 1.0000 1.0000
vt 0.5000 1.0000
vt 0.5000 0.5000
vt 0.5000 1.0000
vt 1.0000 1.0000
vt 0.5000 0.5000
vt 1.0000 1.0000
vt 0.5000 1.0000
vt 0.5000 0.5000
vt 0.5000 1.0000
vt 1.0000 1.0000
vt 0.5000 0.5000
vt 1.0000 1.0000
vt 0.5000 1.0000
vt 0.5000 0.5000
vt 0.5000 1.0000
vt 1.0000 1.0000
vt 0.5000 0.5000
vt 1.0000 1.0000
vt 0.5000 1.0000
vt 0.5000 0.5000
vt 0.5000 1.0000
vt 1.0000 1.0000
vt 0.5000 0.5000
vt 1.0000 1.0000
vt 0.5000 1.0000
vt 0.5000 0.5000
vt 0.5000 1.0000
vt 1.0000 1.0000
vt 0.5000 0.5000
vt 1.0000 1.0000
vt 0.5000 1.0000
vt 0.5000 0.5000
vt 0.5000 1.0000
vt 1.0000 1.0000
vt 0.5000 0.5000
vt 1.0000 1.0000
vt 0.5000 1.0000
vt 0.5000 0.5000
vt 0.5000 1.0000
vt 1.0000 1.0000
vt 0.5000 0.5000
vt 1.0000 1.0000
vt 0.5000 1.0000
vt 0.0000 0.0000
vt 0.1250 0.0000
vt 0.1250 1.0000
vt 0.0000 1.0000
vt 0.1250 0.0000
vt 0.2500 0.0000
vt 0.2500 1.0000
vt 0.1250 1.0000
vt 0.2500 0.0000
vt 0.3750 0.0000
vt 0.3750 1.0000
vt 0.2500 1.0000
vt 0.3750 0.0000
vt 0.5000 0.0000
vt 0.5000 1.0000
vt 0.3750 1.0000
vt 0.5000 0.0000
vt 0.6250 0.0000
vt 0.6250 1.0000
vt 0.5000 1.0000
vt 0.6250 0.0000
vt 0.7500 0.0000
vt 0.7500 1.0000
vt 0.6250 1.0000
vt 0.7500 0.0000
vt 0.8750 0.0000
vt 0.8750 1.0000
vt 0.7500 1.0000
vt 0.8750 0.0000
vt 1.0000 0.0000
vt 1.0000 1.0000
vt 0.8750 1.0000
vt 0.5000 0.5000
vt 0.5000 1.0000
vt 1.0000 1.0000
vt 0.5000 0.5000
vt 1.0000 1.0000
vt 0.5000 1.0000
vt 0.5000 0.5000
vt 0.5000 1.0000
vt 1.0000 1.0000
vt 0.5000 0.5000
vt 1.0000 1.0000
vt 0.5000 1.0000
vt 0.5000 0.5000
vt 0.5000 1.0000
vt 1.0000 1.0000
vt 0.5000 0.5000
vt 1.0000 1.0000
vt 0.5000 1.0000
vt 0.5000 0.5000
vt 0.5000 1.0000
vt 1.0000 1.0000
vt 0.5000 0.5000
vt 1.0000 1.0000
vt 0.5000 1.0000
vt 0.5000 0.5000
vt 0.5000 1.0000
vt 1.0000 1.0000
vt 0.5000 0.5000
vt 1.0000 1.0000
vt 0.5000 1.0000
vt 0.5000 0.5000
vt 0.5000 1.0000
vt 1.0000 1.0000
vt 0.5000 0.5000
vt 1.0000 1.0000
vt 0.5000 1.0000
vt 0.5000 0.5000
vt 0.5000 1.0000
vt 1.0000 1.0000
vt 0.5000 0.5000
vt 1.0000 1.0000
vt 0.5000 1.0000
vt 0.5000 0.5000
vt 0.5000 1.0000
vt 1.0000 1.0000
vt 0.5000 0.5000
vt 1.0000 1.0000
vt 0.5000 1.0000
vt 0.0000 0.0000
vt 0.1250 0.0000
vt 0.1250 1.0000
vt 0.0000 1.0000
vt 0.1250 0.0000
vt 0.2500 0.0000
vt 0.2500 1.0000
vt 0.1250 1.0000
vt 0.2500 0.0000
vt 0.3750 0.0000
vt 0.3750 1.0000
vt 0.2500 1.0000
vt 0.3750 0.0000
vt 0.5000 0.0000
vt 0.5000 1.0000
vt 0.3750 1.0000
vt 0.5000 0.0000
vt 0.6250 0.0000
vt 0.6250 1.0000
vt 0.5000 1.0000
vt 0.6250 0.0000
vt 0.7500 0.0000
vt 0.7500 1.0000
vt 0.6250 1.0000
vt 0.7500 0.0000
vt 0.8750 0.0000
vt 0.8750 1.0000
vt 0.7500 1.0000
vt 0.8750 0.0000
vt 1.0000 0.0000
vt 1.0000 1.0000
vt 0.8750 1.0000
vt 0.5000 0.5000
vt 0.5000 1.0000
vt 1.0000 1.0000
vt 0.5000 0.5000
vt 1.0000 1.0000
vt 0.5000 1.0000
vt 0.5000 0.5000
vt 0.5000 1.0000
vt 1.0000 1.0000
vt 0.5000 0.5000
vt 1.0000 1.0000
vt 0.5000 1.0000
vt 0.5000 0.5000
vt 0.5000 1.0000
vt 1.0000 1.0000
vt 0.5000 0.5000
vt 1.0000 1.0000
vt 0.5000 1.0000
vt 0.5000 0.5000
vt 0.5000 1.0000
vt 1.0000 1.0000
vt 0.5000 0.5000
vt 1.0000 1.0000
vt 0.5000 1.0000
vt 0.5000 0.5000
vt 0.5000 1.0000
vt 1.0000 1.0000
vt 0.5000 0.5000
vt 1.0000 1.0000
vt 0.5000 1.0000
vt 0.5000 0.5000
vt 0.5000 1.0000
vt 1.0000 1.0000
vt 0.5000 0.5000
vt 1.0000 1.0000
vt 0.5000 1.0000
vt 0.5000 0.5000
vt 0.5000 1.0000
vt 1.0000 1.0000
vt 0.5000 0.5000
vt 1.0000 1.0000
vt 0.5000 1.0000
vt 0.5000 0.5000
vt 0.5000 1.0000
vt 1.0000 1.0000
vt 0.5000 0.5000
vt 1.0000 1.0000
vt 0.5000 1.0000
vt 0.0000 0.0000
vt 0.1250 0.0000
vt 0.1250 1.0000
vt 0.0000 1.0000
vt 0.1250 0.0000
vt 0.2500 0.0000
vt 0.2500 1.0000
vt 0.1250 1.0000
vt 0.2500 0.0000
vt 0.3750 0.0000
vt 0.3750 1.0000
vt 0.2500 1.0000
vt 0.3750 0.0000
vt 0.5000 0.0000
vt 0.5000 1.0000
vt 0.3750 1.0000
vt 0.5000 0.0000
vt 0.6250 0.0000
vt 0.6250 1.0000
vt 0.5000 1.0000
vt 0.6250 0.0000
vt 0.7500 0.0000
vt 0.7500 1.0000
vt 0.6250 1.0000
vt 0.7500 0.0000
vt 0.8750 0.0000
vt 0.8750 1.0000
vt 0.7500 1.0000
vt 0.8750 0.0000
vt 1.0000 0.0000
vt 1.0000 1.0000
vt 0.8750 1.0000
vt 0.5000 0.5000
vt 0.5000 1.0000
vt 1.0000 1.0000
vt 0.5000 0.5000
vt 1.0000 1.0000
vt 0.5000 1.0000
vt 0.5000 0.5000
vt 0.5000 1.0000
vt 1.0000 1.0000
vt 0.5000 0.5000
vt 1.0000 1.0000
vt 0.5000 1.0000
vt 0.5000 0.5000
vt 0.5000 1.0000
vt 1.0000 1.0000
vt 0.5000 0.5000
vt 1.0000 1.0000
vt 0.5000 1.0000
vt 0.5000 0.5000
vt 0.5000 1.0000
vt 1.0000 1.0000
vt 0.5000 0.5000
vt 1.0000 1.0000
vt 0.5000 1.0000
vt 0.5000 0.5000
vt 0.5000 1.0000
vt 1.0000 1.0000
vt 0.5000 0.5000
vt 1.0000 1.0000
vt 0.5000 1.0000
vt 0.5000 0.5000
vt 0.5000 1.0000
vt 1.0000 1.0000
vt 0.5000 0.5000
vt 1.0000 1.0000
vt 0.5000 1.0000
vt 0.5000 0.5000
vt 0.5000 1.0000
vt 1.0000 1.0000
vt 0.5000 0.5000
vt 1.0000 1.0000
vt 0.5000 1.0000
vt 0.5000 0.5000
vt 0.5000 1.0000
vt 1.0000 1.0000
vt 0.5000 0.5000
vt 1.0000 1.0000
vt 0.5000 1.0000
vt 0.0000 0.0000
vt 0.1250 0.0000
vt 0.1250 1.0000
vt 0.0000 1.0000
vt 0.1250 0.0000
vt 0.2500 0.0000
vt 0.2500 1.0000
vt 0.1250 1.0000
vt 0.2500 0.0000
vt 0.3750 0.0000
vt 0.3750 1.0000
vt 0.2500 1.0000
vt 0.3750 0.0000
vt 0.5000 0.0000
vt 0.5000 1.0000
vt 0.3750 1.0000
vt 0.5000 0.0000
vt 0.6250 0.0000
vt 0.6250 1.0000
vt 0.5000 1.0000
vt 0.6250 0.0000
vt 0.7500 0.0000
vt 0.7500 1.0000
vt 0.6250 1.0000
vt 0.7500 0.0000
vt 0.8750 0.0000
vt 0.8750 1.0000
vt 0.7500 1.0000
vt 0.8750 0.0000
vt 1.0000 0.0000
vt 1.0000 1.0000
vt 0.8750 1.0000
vt 0.5000 0.5000
vt 0.5000 1.0000
vt 1.0000 1.0000
vt 0.5000 0.5000
vt 1.0000 1.0000
vt 0.5000 1.0000
vt 0.5000 0.5000
vt 0.5000 1.0000
vt 1.0000 1.0000
vt 0.5000 0.5000
vt 1.0000 1.0000
vt 0.5000 1.0000
vt 0.5000 0.5000
vt 0.5000 1.0000
vt 1.0000 1.0000
vt 0.5000 0.5000
vt 1.0000 1.0000
vt 0.5000 1.0000
vt 0.5000 0.5000
vt 0.5000 1.0000
vt 1.0000 1.0000
vt 0.5000 0.5000
vt 1.0000 1.0000
vt 0.5000 1.0000
vt 0.5000 0.5000
vt 0.5000 1.0000
vt 1.0000 1.0000
vt 0.5000 0.5000
vt 1.0000 1.0000
vt 0.5000 1.0000
vt 0.5000 0.5000
vt 0.5000 1.0000
vt 1.0000 1.0000
vt 0.5000 0.5000
vt 1.0000 1.0000
vt 0.5000 1.0000
vt 0.5000 0.5000
vt 0.5000 1.0000
vt 1.0000 1.0000
vt 0.5000 0.5000
vt 1.0000 1.0000
vt 0.5000 1.0000
vt 0.5000 0.5000
vt 0.5000 1.0000
vt 1.0000 1.0000
vt 0.5000 0.5000
vt 1.0000 1.0000
vt 0.5000 1.0000
vt 0.0000 0.0000
vt 0.1250 0.0000
vt 0.1250 1.0000
vt 0.0000 1.0000
vt 0.1250 0.0000
vt 0.2500 0.0000
vt 0.2500 1.0000
vt 0.1250 1.0000
vt 0.2500 0.0000
vt 0.3750 0.0000
vt 0.3750 1.0000
vt 0.2500 1.0000
vt 0.3750 0.0000
vt 0.5000 0.0000
vt 0.5000 1.0000
vt 0.3750 1.0000
vt 0.5000 0.0000
vt 0.6250 0.0000
vt 0.6250 1.0000
vt 0.5000 1.0000
vt 0.6250 0.0000
vt 0.7500 0.0000
vt 0.7500 1.0000
vt 0.6250 1.0000
vt 0.7500 0.0000
vt 0.8750 0.0000
vt 0.8750 1.0000
vt 0.7500 1.0000
vt 0.8750 0.0000
vt 1.0000 0.0000
vt 1.0000 1.0000
vt 0.8750 1.0000
vt 0.5000 0.5000
vt 0.5000 1.0000
vt 1.0000 1.0000
vt 0.5000 0.5000
vt 1.0000 1.0000
vt 0.5000 1.0000
vt 0.5000 0.5000
vt 0.5000 1.0000
vt 1.0000 1.0000
vt 0.5000 0.5000
vt 1.0000 1.0000
vt 0.5000 1.0000
vt 0.5000 0.5000
vt 0.5000 1.0000
vt 1.0000 1.0000
vt 0.5000 0.5000
vt 1.0000 1.0000
vt 0.5000 1.0000
vt 0.5000 0.5000
vt 0.5000 1.0000
vt 1.0000 1.0000
vt 0.5000 0.5000
vt 1.0000 1.0000
vt 0.5000 1.0000
vt 0.5000 0.5000
vt 0.5000 1.0000
vt 1.0000 1.0000
vt 0.5000 0.5000
vt 1.0000 1.0000
vt 0.5000 1.0000
vt 0.5000 0.5000
vt 0.5000 1.0000
vt 1.0000 1.0000
vt 0.5000 0.5000
vt 1.0000 1.0000
vt 0.5000 1.0000
vt 0.5000 0.5000
vt 0.5000 1.0000
vt 1.0000 1.0000
vt 0.5000 0.5000
vt 1.0000 1.0000
vt 0.5000 1.0000
vt 0.5000 0.5000
vt 0.5000 1.0000
vt 1.0000 1.0000
vt 0.5000 0.5000
vt 1.0000 1.0000
vt 0.5000 1.0000
vt 0.0000 0.0000
vt 0.1250 0.0000
vt 0.1250 1.0000
vt 0.0000 1.0000
vt 0.1250 0.0000
vt 0.2500 0.0000
vt 0.2500 1.0000
vt 0.1250 1.0000
vt 0.2500 0.0000
vt 0.3750 0.0000
vt 0.3750 1.0000
vt 0.2500 1.0000
vt 0.3750 0.0000
vt 0.5000 0.0000
vt 0.5000 1.0000
vt 0.3750 1.0000
vt 0.5000 0.0000
vt 0.6250 0.0000
vt 0.6250 1.0000
vt 0.5000 1.0000
vt 0.6250 0.0000
vt 0.7500 0.0000
vt 0.7500 1.0000
vt 0.6250 1.0000
vt 0.7500 0.0000
vt 0.8750 0.0000
vt 0.8750 1.0000
vt 0.7500 1.0000
vt 0.8750 0.0000
vt 1.0000 0.0000
vt 1.0000 1.0000
vt 0.8750 1.0000
vt 0.5000 0.5000
vt 0.5000 1.0000
vt 1.0000 1.0000
vt 0.5000 0.5000
vt 1.0000 1.0000
vt 0.5000 1.0000
vt 0.5000 0.5000
vt 0.5000 1.0000
vt 1.0000 1.0000
vt 0.5000 0.5000
vt 1.0000 1.0000
vt 0.5000 1.0000
vt 0.5000 0.5000
vt 0.5000 1.0000
vt 1.0000 1.0000
vt 0.5000 0.5000
vt 1.0000 1.0000
vt 0.5000 1.0000
vt 0.5000 0.5000
vt 0.5000 1.0000
vt 1.0000 1.0000
vt 0.5000 0.5000
vt 1.0000 1.0000
vt 0.5000 1.0000
vt 0.5000 0.5000
vt 0.5000 1.0000
vt 1.0000 1.0000
vt 0.5000 0.5000
vt 1.0000 1.0000
vt 0.5000 1.0000
vt 0.5000 0.5000
vt 0.5000 1.0000
vt 1.0000 1.0000
vt 0.5000 0.5000
vt 1.0000 1.0000
vt 0.5000 1.0000
vt 0.5000 0.5000
vt 0.5000 1.0000
vt 1.0000 1.0000
vt 0.5000 0.5000
vt 1.0000 1.0000
vt 0.5000 1.0000
vt 0.5000 0.5000
vt 0.5000 1.0000
vt 1.0000 1.0000
vt 0.5000 0.5000
vt 1.0000 1.0000
vt 0.5000 1.0000
vt 0.0000 0.0000
vt 0.1250 0.0000
vt 0.1250 1.0000
vt 0.0000 1.0000
vt 0.1250 0.0000
vt 0.2500 0.0000
vt 0.2500 1.0000
vt 0.1250 1.0000
vt 0.2500 0.0000
vt 0.3750 0.0000
vt 0.3750 1.0000
vt 0.2500 1.0000
vt 0.3750 0.0000
vt 0.5000 0.0000
vt 0.5000 1.0000
vt 0.3750 1.0000
vt 0.5000 0.0000
vt 0.6250 0.0000
vt 0.6250 1.0000
vt 0.5000 1.0000
vt 0.6250 0.0000
vt 0.7500 0.0000
vt 0.7500 1.0000
vt 0.6250 1.0000
vt 0.7500 0.0000
vt 0.8750 0.0000
vt 0.8750 1.0000
vt 0.7500 1.0000
vt 0.8750 0.0000
vt 1.0000 0.0000
vt 1.0000 1.0000
vt 0.8750 1.0000
vt 0.5000 0.5000
vt 0.5000 1.0000
vt 1.0000 1.0000
vt 0.5000 0.5000
vt 1.0000 1.0000
vt 0.5000 1.0000
vt 0.5000 0.5000
vt 0.5000 1.0000
vt 1.0000 1.0000
vt 0.5000 0.5000
vt 1.0000 1.0000
vt 0.5000 1.0000
vt 0.5000 0.5000
vt 0.5000 1.0000
vt 1.0000 1.0000
vt 0.5000 0.5000
vt 1.0000 1.0000
vt 0.5000 1.0000
vt 0.5000 0.5000
vt 0.5000 1.0000
vt 1.0000 1.0000
vt 0.5000 0.5000
vt 1.0000 1.0000
vt 0.5000 1.0000
vt 0.5000 0.5000
vt 0.5000 1.0000
vt 1.0000 1.0000
vt 0.5000 0.5000
vt 1.0000 1.0000
vt 0.5000 1.0000
vt 0.5000 0.5000
vt 0.5000 1.0000
vt 1.0000 1.0000
vt 0.5000 0.5000
vt 1.0000 1.0000
vt 0.5000 1.0000
vt 0.5000 0.5000
vt 0.5000 1.0000
vt 1.0000 1.0000
vt 0.5000 0.5000
vt 1.0000 1.0000
vt 0.5000 1.0000
vt 0.5000 0.5000
vt 0.5000 1.0000
vt 1.0000 1.0000
vt 0.5000 0.5000
vt 1.0000 1.0000
vt 0.5000 1.0000
vt 0.0000 0.0000
vt 0.0833 0.0000
vt 0.0833 1.0000
vt 0.0000 1.0000
vt 0.0833 0.0000
vt 0.1667 0.0000
vt 0.1667 1.0000
vt 0.0833 1.0000
vt 0.1667 0.0000
vt 0.2500 0.0000
vt 0.2500 1.0000
vt 0.1667 1.0000
vt 0.2500 0.0000
vt 0.3333 0.0000
vt 0.3333 1.0000
vt 0.2500 1.0000
vt 0.3333 0.0000
vt 0.4167 0.0000
vt 0.4167 1.0000
vt 0.3333 1.0000
vt 0.4167 0.0000
vt 0.5000 0.0000
vt 0.5000 1.0000
vt 0.4167 1.0000
vt 0.5000 0.0000
vt 0.5833 0.0000
vt 0.5833 1.0000
vt 0.5000 1.0000
vt 0.5833 0.0000
vt 0.6667 0.0000
vt 0.6667 1.0000
vt 0.5833 1.0000
vt 0.6667 0.0000
vt 0.7500 0.0000
vt 0.7500 1.0000
vt 0.6667 1.0000
vt 0.7500 0.0000
vt 0.8333 0.0000
vt 0.8333 1.0000
vt 0.7500 1.0000
vt 0.8333 0.0000
vt 0.9167 0.0000
vt 0.9167 1.0000
vt 0.8333 1.0000
vt 0.9167 0.0000
vt 0.9167 1.0000
vt 1.0000 1.0000
vt 1.0000 0.0000
vt 0.5000 0.5000
vt 1.0000 0.5000
vt 0.9330 0.7500
vt 0.5000 0.5000
vt 0.9330 0.7500
vt 1.0000 0.5000
vt 0.5000 0.5000
vt 0.9330 0.7500
vt 0.7500 0.9330
vt 0.5000 0.5000
vt 0.7500 0.9330
vt 0.9330 0.7500
vt 0.5000 0.5000
vt 0.7500 0.9330
vt 0.5000 1.0000
vt 0.5000 0.5000
vt 0.5000 1.0000
vt 0.7500 0.9330
vt 0.5000 0.5000
vt 0.5000 1.0000
vt 0.2500 0.9330
vt 0.5000 0.5000
vt 0.2500 0.9330
vt 0.5000 1.0000
vt 0.5000 0.5000
vt 0.2500 0.9330
vt 0.0670 0.7500
vt 0.5000 0.5000
vt 0.0670 0.7500
vt 0.2500 0.9330
vt 0.5000 0.5000
vt 0.0670 0.7500
vt 0.0000 0.5000
vt 0.5000 0.5000
vt 0.0000 0.5000
vt 0.0670 0.7500
vt 0.5000 0.5000
vt 0.0000 0.5000
vt 0.0670 0.2500
vt 0.5000 0.5000
vt 0.0670 0.2500
vt 0.0000 0.5000
vt 0.5000 0.5000
vt 0.0670 0.2500
vt 0.2500 0.0670
vt 0.5000 0.5000
vt 0.2500 0.0670
vt 0.0670 0.2500
vt 0.5000 0.5000
vt 0.2500 0.0670
vt 0.5000 0.0000
vt 0.5000 0.5000
vt 0.5000 0.0000
vt 0.2500 0.0670
vt 0.5000 0.5000
vt 0.5000 0.0000
vt 0.7500 0.0670
vt 0.5000 0.5000
vt 0.7500 0.0670
vt 0.5000 0.0000
vt 0.5000 0.5000
vt 0.7500 0.0670
vt 0.9330 0.2500
vt 0.5000 0.5000
vt 0.9330 0.2500
vt 0.7500 0.0670
vt 0.5000 0.5000
vt 0.9330 0.2500
vt 1.0000 0.5000
vt 0.5000 0.5000
vt 1.0000 0.5000
vt 0.9330 0.2500
vt 0.0000 0.0000
vt 0.0833 0.0000
vt 0.0833 1.0000
vt 0.0000 1.0000
vt 0.0833 0.0000
vt 0.1667 0.0000
vt 0.1667 1.0000
vt 0.0833 1.0000
vt 0.1667 0.0000
vt 0.2500 0.0000
vt 0.2500 1.0000
vt 0.1667 1.0000
vt 0.2500 0.0000
vt 0.3333 0.0000
vt 0.3333 1.0000
vt 0.2500 1.0000
vt 0.3333 0.0000
vt 0.4167 0.0000
vt 0.4167 1.0000
vt 0.3333 1.0000
vt 0.4167 0.0000
vt 0.5000 0.0000
vt 0.5000 1.0000
vt 0.4167 1.0000
vt 0.5000 0.0000
vt 0.5833 0.0000
vt 0.5833 1.0000
vt 0.5000 1.0000
vt 0.5833 0.0000
vt 0.6667 0.0000
vt 0.6667 1.0000
vt 0.5833 1.0000
vt 0.6667 0.0000
vt 0.7500 0.0000
vt 0.7500 1.0000
vt 0.6667 1.0000
vt 0.7500 0.0000
vt 0.8333 0.0000
vt 0.8333 1.0000
vt 0.7500 1.0000
vt 0.8333 0.0000
vt 0.9167 0.0000
vt 0.9167 1.0000
vt 0.8333 1.0000
vt 0.9167 0.0000
vt 0.9167 1.0000
vt 1.0000 1.0000
vt 1.0000 0.0000
vt 0.0000 0.0000
vt 0.0833 0.0000
vt 0.0833 1.0000
vt 0.0000 1.0000
vt 0.0833 0.0000
vt 0.1667 0.0000
vt 0.1667 1.0000
vt 0.0833 1.0000
vt 0.1667 0.0000
vt 0.2500 0.0000
vt 0.2500 1.0000
vt 0.1667 1.0000
vt 0.2500 0.0000
vt 0.3333 0.0000
vt 0.3333 1.0000
vt 0.2500 1.0000
vt 0.3333 0.0000
vt 0.4167 0.0000
vt 0.4167 1.0000
vt 0.3333 1.0000
vt 0.4167 0.0000
vt 0.5000 0.0000
vt 0.5000 1.0000
vt 0.4167 1.0000
vt 0.5000 0.0000
vt 0.5833 0.0000
vt 0.5833 1.0000
vt 0.5000 1.0000
vt 0.5833 0.0000
vt 0.6667 0.0000
vt 0.6667 1.0000
vt 0.5833 1.0000
vt 0.6667 0.0000
vt 0.7500 0.0000
vt 0.7500 1.0000
vt 0.6667 1.0000
vt 0.7500 0.0000
vt 0.8333 0.0000
vt 0.8333 1.0000
vt 0.7500 1.0000
vt 0.8333 0.0000
vt 0.9167 0.0000
vt 0.9167 1.0000
vt 0.8333 1.0000
vt 0.9167 0.0000
vt 0.9167 1.0000
vt 1.0000 1.0000
vt 1.0000 0.0000
vt 0.5000 0.5000
vt 1.0000 0.5000
vt 0.9330 0.7500
vt 0.5000 0.5000
vt 0.9330 0.7500
vt 1.0000 0.5000
vt 0.5000 0.5000
vt 0.9330 0.7500
vt 0.7500 0.9330
vt 0.5000 0.5000
vt 0.7500 0.9330
vt 0.9330 0.7500
vt 0.5000 0.5000
vt 0.7500 0.9330
vt 0.5000 1.0000
vt 0.5000 0.5000
vt 0.5000 1.0000
vt 0.7500 0.9330
vt 0.5000 0.5000
vt 0.5000 1.0000
vt 0.2500 0.9330
vt 0.5000 0.5000
vt 0.2500 0.9330
vt 0.5000 1.0000
vt 0.5000 0.5000
vt 0.2500 0.9330
vt 0.0670 0.7500
vt 0.5000 0.5000
vt 0.0670 0.7500
vt 0.2500 0.9330
vt 0.5000 0.5000
vt 0.0670 0.7500
vt 0.0000 0.5000
vt 0.5000 0.5000
vt 0.0000 0.5000
vt 0.0670 0.7500
vt 0.5000 0.5000
vt 0.0000 0.5000
vt 0.0670 0.2500
vt 0.5000 0.5000
vt 0.0670 0.2500
vt 0.0000 0.5000
vt 0.5000 0.5000
vt 0.0670 0.2500
vt 0.2500 0.0670
vt 0.5000 0.5000
vt 0.2500 0.0670
vt 0.0670 0.2500
vt 0.5000 0.5000
vt 0.2500 0.0670
vt 0.5000 0.0000
vt 0.5000 0.5000
vt 0.5000 0.0000
vt 0.2500 0.0670
vt 0.5000 0.5000
vt 0.5000 0.0000
vt 0.7500 0.0670
vt 0.5000 0.5000
vt 0.7500 0.0670
vt 0.5000 0.0000
vt 0.5000 0.5000
vt 0.7500 0.0670
vt 0.9330 0.2500
vt 0.5000 0.5000
vt 0.9330 0.2500
vt 0.7500 0.0670
vt 0.5000 0.5000
vt 0.9330 0.2500
vt 1.0000 0.5000
vt 0.5000 0.5000
vt 1.0000 0.5000
vt 0.9330 0.2500
vt 0.0000 0.0000
vt 0.7600 0.0000
vt 0.7600 0.1600
vt 0.0000 0.1600
vt 0.0000 0.0000
vt 0.7600 0.0000
vt 0.7600 0.1600
vt 0.0000 0.1600
vt 0.0000 0.0000
vt 0.0000 0.0800
vt 0.7600 0.0800
vt 0.7600 0.0000
vt 0.0000 0.0000
vt 0.0000 0.0800
vt 0.7600 0.0800
vt 0.7600 0.0000
vt 0.0000 0.0000
vt 0.0000 0.0800
vt 0.1600 0.0800
vt 0.1600 0.0000
vt 0.0000 0.0000
vt 0.0000 0.0800
vt 0.1600 0.0800
vt 0.1600 0.0000
vt 0.0000 0.0000
vt 0.0833 0.0000
vt 0.0833 1.0000
vt 0.0000 1.0000
vt 0.0833 0.0000
vt 0.1667 0.0000
vt 0.1667 1.0000
vt 0.0833 1.0000
vt 0.1667 0.0000
vt 0.2500 0.0000
vt 0.2500 1.0000
vt 0.1667 1.0000
vt 0.2500 0.0000
vt 0.3333 0.0000
vt 0.3333 1.0000
vt 0.2500 1.0000
vt 0.3333 0.0000
vt 0.4167 0.0000
vt 0.4167 1.0000
vt 0.3333 1.0000
vt 0.4167 0.0000
vt 0.5000 0.0000
vt 0.5000 1.0000
vt 0.4167 1.0000
vt 0.5000 0.0000
vt 0.5833 0.0000
vt 0.5833 1.0000
vt 0.5000 1.0000
vt 0.5833 0.0000
vt 0.6667 0.0000
vt 0.6667 1.0000
vt 0.5833 1.0000
vt 0.6667 0.0000
vt 0.7500 0.0000
vt 0.7500 1.0000
vt 0.6667 1.0000
vt 0.7500 0.0000
vt 0.8333 0.0000
vt 0.8333 1.0000
vt 0.7500 1.0000
vt 0.8333 0.0000
vt 0.9167 0.0000
vt 0.9167 1.0000
vt 0.8333 1.0000
vt 0.9167 0.0000
vt 0.9167 1.0000
vt 1.0000 1.0000
vt 1.0000 0.0000
vt 0.5000 0.5000
vt 1.0000 0.5000
vt 0.9330 0.7500
vt 0.5000 0.5000
vt 0.9330 0.7500
vt 1.0000 0.5000
vt 0.5000 0.5000
vt 0.9330 0.7500
vt 0.7500 0.9330
vt 0.5000 0.5000
vt 0.7500 0.9330
vt 0.9330 0.7500
vt 0.5000 0.5000
vt 0.7500 0.9330
vt 0.5000 1.0000
vt 0.5000 0.5000
vt 0.5000 1.0000
vt 0.7500 0.9330
vt 0.5000 0.5000
vt 0.5000 1.0000
vt 0.2500 0.9330
vt 0.5000 0.5000
vt 0.2500 0.9330
vt 0.5000 1.0000
vt 0.5000 0.5000
vt 0.2500 0.9330
vt 0.0670 0.7500
vt 0.5000 0.5000
vt 0.0670 0.7500
vt 0.2500 0.9330
vt 0.5000 0.5000
vt 0.0670 0.7500
vt 0.0000 0.5000
vt 0.5000 0.5000
vt 0.0000 0.5000
vt 0.0670 0.7500
vt 0.5000 0.5000
vt 0.0000 0.5000
vt 0.0670 0.2500
vt 0.5000 0.5000
vt 0.0670 0.2500
vt 0.0000 0.5000
vt 0.5000 0.5000
vt 0.0670 0.2500
vt 0.2500 0.0670
vt 0.5000 0.5000
vt 0.2500 0.0670
vt 0.0670 0.2500
vt 0.5000 0.5000
vt 0.2500 0.0670
vt 0.5000 0.0000
vt 0.5000 0.5000
vt 0.5000 0.0000
vt 0.2500 0.0670
vt 0.5000 0.5000
vt 0.5000 0.0000
vt 0.7500 0.0670
vt 0.5000 0.5000
vt 0.7500 0.0670
vt 0.5000 0.0000
vt 0.5000 0.5000
vt 0.7500 0.0670
vt 0.9330 0.2500
vt 0.5000 0.5000
vt 0.9330 0.2500
vt 0.7500 0.0670
vt 0.5000 0.5000
vt 0.9330 0.2500
vt 1.0000 0.5000
vt 0.5000 0.5000
vt 1.0000 0.5000
vt 0.9330 0.2500
vt 0.0000 0.0000
vt 0.0833 0.0000
vt 0.0833 1.0000
vt 0.0000 1.0000
vt 0.0833 0.0000
vt 0.1667 0.0000
vt 0.1667 1.0000
vt 0.0833 1.0000
vt 0.1667 0.0000
vt 0.2500 0.0000
vt 0.2500 1.0000
vt 0.1667 1.0000
vt 0.2500 0.0000
vt 0.3333 0.0000
vt 0.3333 1.0000
vt 0.2500 1.0000
vt 0.3333 0.0000
vt 0.4167 0.0000
vt 0.4167 1.0000
vt 0.3333 1.0000
vt 0.4167 0.0000
vt 0.5000 0.0000
vt 0.5000 1.0000
vt 0.4167 1.0000
vt 0.5000 0.0000
vt 0.5833 0.0000
vt 0.5833 1.0000
vt 0.5000 1.0000
vt 0.5833 0.0000
vt 0.6667 0.0000
vt 0.6667 1.0000
vt 0.5833 1.0000
vt 0.6667 0.0000
vt 0.7500 0.0000
vt 0.7500 1.0000
vt 0.6667 1.0000
vt 0.7500 0.0000
vt 0.8333 0.0000
vt 0.8333 1.0000
vt 0.7500 1.0000
vt 0.8333 0.0000
vt 0.9167 0.0000
vt 0.9167 1.0000
vt 0.8333 1.0000
vt 0.9167 0.0000
vt 0.9167 1.0000
vt 1.0000 1.0000
vt 1.0000 0.0000
vt 0.0000 0.0000
vt 0.0833 0.0000
vt 0.0833 1.0000
vt 0.0000 1.0000
vt 0.0833 0.0000
vt 0.1667 0.0000
vt 0.1667 1.0000
vt 0.0833 1.0000
vt 0.1667 0.0000
vt 0.2500 0.0000
vt 0.2500 1.0000
vt 0.1667 1.0000
vt 0.2500 0.0000
vt 0.3333 0.0000
vt 0.3333 1.0000
vt 0.2500 1.0000
vt 0.3333 0.0000
vt 0.4167 0.0000
vt 0.4167 1.0000
vt 0.3333 1.0000
vt 0.4167 0.0000
vt 0.5000 0.0000
vt 0.5000 1.0000
vt 0.4167 1.0000
vt 0.5000 0.0000
vt 0.5833 0.0000
vt 0.5833 1.0000
vt 0.5000 1.0000
vt 0.5833 0.0000
vt 0.6667 0.0000
vt 0.6667 1.0000
vt 0.5833 1.0000
vt 0.6667 0.0000
vt 0.7500 0.0000
vt 0.7500 1.0000
vt 0.6667 1.0000
vt 0.7500 0.0000
vt 0.8333 0.0000
vt 0.8333 1.0000
vt 0.7500 1.0000
vt 0.8333 0.0000
vt 0.9167 0.0000
vt 0.9167 1.0000
vt 0.8333 1.0000
vt 0.9167 0.0000
vt 0.9167 1.0000
vt 1.0000 1.0000
vt 1.0000 0.0000
vt 0.5000 0.5000
vt 1.0000 0.5000
vt 0.9330 0.7500
vt 0.5000 0.5000
vt 0.9330 0.7500
vt 1.0000 0.5000
vt 0.5000 0.5000
vt 0.9330 0.7500
vt 0.7500 0.9330
vt 0.5000 0.5000
vt 0.7500 0.9330
vt 0.9330 0.7500
vt 0.5000 0.5000
vt 0.7500 0.9330
vt 0.5000 1.0000
vt 0.5000 0.5000
vt 0.5000 1.0000
vt 0.7500 0.9330
vt 0.5000 0.5000
vt 0.5000 1.0000
vt 0.2500 0.9330
vt 0.5000 0.5000
vt 0.2500 0.9330
vt 0.5000 1.0000
vt 0.5000 0.5000
vt 0.2500 0.9330
vt 0.0670 0.7500
vt 0.5000 0.5000
vt 0.0670 0.7500
vt 0.2500 0.9330
vt 0.5000 0.5000
vt 0.0670 0.7500
vt 0.0000 0.5000
vt 0.5000 0.5000
vt 0.0000 0.5000
vt 0.0670 0.7500
vt 0.5000 0.5000
vt 0.0000 0.5000
vt 0.0670 0.2500
vt 0.5000 0.5000
vt 0.0670 0.2500
vt 0.0000 0.5000
vt 0.5000 0.5000
vt 0.0670 0.2500
vt 0.2500 0.0670
vt 0.5000 0.5000
vt 0.2500 0.0670
vt 0.0670 0.2500
vt 0.5000 0.5000
vt 0.2500 0.0670
vt 0.5000 0.0000
vt 0.5000 0.5000
vt 0.5000 0.0000
vt 0.2500 0.0670
vt 0.5000 0.5000
vt 0.5000 0.0000
vt 0.7500 0.0670
vt 0.5000 0.5000
vt 0.7500 0.0670
vt 0.5000 0.0000
vt 0.5000 0.5000
vt 0.7500 0.0670
vt 0.9330 0.2500
vt 0.5000 0.5000
vt 0.9330 0.2500
vt 0.7500 0.0670
vt 0.5000 0.5000
vt 0.9330 0.2500
vt 1.0000 0.5000
vt 0.5000 0.5000
vt 1.0000 0.5000
vt 0.9330 0.2500
vt 0.0000 0.0000
vt 0.7600 0.0000
vt 0.7600 0.1600
vt 0.0000 0.1600
vt 0.0000 0.0000
vt 0.7600 0.0000
vt 0.7600 0.1600
vt 0.0000 0.1600
vt 0.0000 0.0000
vt 0.0000 0.0800
vt 0.7600 0.0800
vt 0.7600 0.0000
vt 0.0000 0.0000
vt 0.0000 0.0800
vt 0.7600 0.0800
vt 0.7600 0.0000
vt 0.0000 0.0000
vt 0.0000 0.0800
vt 0.1600 0.0800
vt 0.1600 0.0000
vt 0.0000 0.0000
vt 0.0000 0.0800
vt 0.1600 0.0800
vt 0.1600 0.0000
vt 0.0000 0.0000
vt 0.0833 0.0000
vt 0.0833 1.0000
vt 0.0000 1.0000
vt 0.0833 0.0000
vt 0.1667 0.0000
vt 0.1667 1.0000
vt 0.0833 1.0000
vt 0.1667 0.0000
vt 0.2500 0.0000
vt 0.2500 1.0000
vt 0.1667 1.0000
vt 0.2500 0.0000
vt 0.3333 0.0000
vt 0.3333 1.0000
vt 0.2500 1.0000
vt 0.3333 0.0000
vt 0.4167 0.0000
vt 0.4167 1.0000
vt 0.3333 1.0000
vt 0.4167 0.0000
vt 0.5000 0.0000
vt 0.5000 1.0000
vt 0.4167 1.0000
vt 0.5000 0.0000
vt 0.5833 0.0000
vt 0.5833 1.0000
vt 0.5000 1.0000
vt 0.5833 0.0000
vt 0.6667 0.0000
vt 0.6667 1.0000
vt 0.5833 1.0000
vt 0.6667 0.0000
vt 0.7500 0.0000
vt 0.7500 1.0000
vt 0.6667 1.0000
vt 0.7500 0.0000
vt 0.8333 0.0000
vt 0.8333 1.0000
vt 0.7500 1.0000
vt 0.8333 0.0000
vt 0.9167 0.0000
vt 0.9167 1.0000
vt 0.8333 1.0000
vt 0.9167 0.0000
vt 0.9167 1.0000
vt 1.0000 1.0000
vt 1.0000 0.0000
vt 0.5000 0.5000
vt 1.0000 0.5000
vt 0.9330 0.7500
vt 0.5000 0.5000
vt 0.9330 0.7500
vt 1.0000 0.5000
vt 0.5000 0.5000
vt 0.9330 0.7500
vt 0.7500 0.9330
vt 0.5000 0.5000
vt 0.7500 0.9330
vt 0.9330 0.7500
vt 0.5000 0.5000
vt 0.7500 0.9330
vt 0.5000 1.0000
vt 0.5000 0.5000
vt 0.5000 1.0000
vt 0.7500 0.9330
vt 0.5000 0.5000
vt 0.5000 1.0000
vt 0.2500 0.9330
vt 0.5000 0.5000
vt 0.2500 0.9330
vt 0.5000 1.0000
vt 0.5000 0.5000
vt 0.2500 0.9330
vt 0.0670 0.7500
vt 0.5000 0.5000
vt 0.0670 0.7500
vt 0.2500 0.9330
vt 0.5000 0.5000
vt 0.0670 0.7500
vt 0.0000 0.5000
vt 0.5000 0.5000
vt 0.0000 0.5000
vt 0.0670 0.7500
vt 0.5000 0.5000
vt 0.0000 0.5000
vt 0.0670 0.2500
vt 0.5000 0.5000
vt 0.0670 0.2500
vt 0.0000 0.5000
vt 0.5000 0.5000
vt 0.0670 0.2500
vt 0.2500 0.0670
vt 0.5000 0.5000
vt 0.2500 0.0670
vt 0.0670 0.2500
vt 0.5000 0.5000
vt 0.2500 0.0670
vt 0.5000 0.0000
vt 0.5000 0.5000
vt 0.5000 0.0000
vt 0.2500 0.0670
vt 0.5000 0.5000
vt 0.5000 0.0000
vt 0.7500 0.0670
vt 0.5000 0.5000
vt 0.7500 0.0670
vt 0.5000 0.0000
vt 0.5000 0.5000
vt 0.7500 0.0670
vt 0.9330 0.2500
vt 0.5000 0.5000
vt 0.9330 0.2500
vt 0.7500 0.0670
vt 0.5000 0.5000
vt 0.9330 0.2500
vt 1.0000 0.5000
vt 0.5000 0.5000
vt 1.0000 0.5000
vt 0.9330 0.2500
vt 0.0000 0.0000
vt 0.0833 0.0000
vt 0.0833 1.0000
vt 0.0000 1.0000
vt 0.0833 0.0000
vt 0.1667 0.0000
vt 0.1667 1.0000
vt 0.0833 1.0000
vt 0.1667 0.0000
vt 0.2500 0.0000
vt 0.2500 1.0000
vt 0.1667 1.0000
vt 0.2500 0.0000
vt 0.3333 0.0000
vt 0.3333 1.0000
vt 0.2500 1.0000
vt 0.3333 0.0000
vt 0.4167 0.0000
vt 0.4167 1.0000
vt 0.3333 1.0000
vt 0.4167 0.0000
vt 0.5000 0.0000
vt 0.5000 1.0000
vt 0.4167 1.0000
vt 0.5000 0.0000
vt 0.5833 0.0000
vt 0.5833 1.0000
vt 0.5000 1.0000
vt 0.5833 0.0000
vt 0.6667 0.0000
vt 0.6667 1.0000
vt 0.5833 1.0000
vt 0.6667 0.0000
vt 0.7500 0.0000
vt 0.7500 1.0000
vt 0.6667 1.0000
vt 0.7500 0.0000
vt 0.8333 0.0000
vt 0.8333 1.0000
vt 0.7500 1.0000
vt 0.8333 0.0000
vt 0.9167 0.0000
vt 0.9167 1.0000
vt 0.8333 1.0000
vt 0.9167 0.0000
vt 0.9167 1.0000
vt 1.0000 1.0000
vt 1.0000 0.0000
vt 0.0000 0.0000
vt 0.0833 0.0000
vt 0.0833 1.0000
vt 0.0000 1.0000
vt 0.0833 0.0000
vt 0.1667 0.0000
vt 0.1667 1.0000
vt 0.0833 1.0000
vt 0.1667 0.0000
vt 0.2500 0.0000
vt 0.2500 1.0000
vt 0.1667 1.0000
vt 0.2500 0.0000
vt 0.3333 0.0000
vt 0.3333 1.0000
vt 0.2500 1.0000
vt 0.3333 0.0000
vt 0.4167 0.0000
vt 0.4167 1.0000
vt 0.3333 1.0000
vt 0.4167 0.0000
vt 0.5000 0.0000
vt 0.5000 1.0000
vt 0.4167 1.0000
vt 0.5000 0.0000
vt 0.5833 0.0000
vt 0.5833 1.0000
vt 0.5000 1.0000
vt 0.5833 0.0000
vt 0.6667 0.0000
vt 0.6667 1.0000
vt 0.5833 1.0000
vt 0.6667 0.0000
vt 0.7500 0.0000
vt 0.7500 1.0000
vt 0.6667 1.0000
vt 0.7500 0.0000
vt 0.8333 0.0000
vt 0.8333 1.0000
vt 0.7500 1.0000
vt 0.8333 0.0000
vt 0.9167 0.0000
vt 0.9167 1.0000
vt 0.8333 1.0000
vt 0.9167 0.0000
vt 0.9167 1.0000
vt 1.0000 1.0000
vt 1.0000 0.0000
vt 0.5000 0.5000
vt 1.0000 0.5000
vt 0.9330 0.7500
vt 0.5000 0.5000
vt 0.9330 0.7500
vt 1.0000 0.5000
vt 0.5000 0.5000
vt 0.9330 0.7500
vt 0.7500 0.9330
vt 0.5000 0.5000
vt 0.7500 0.9330
vt 0.9330 0.7500
vt 0.5000 0.5000
vt 0.7500 0.9330
vt 0.5000 1.0000
vt 0.5000 0.5000
vt 0.5000 1.0000
vt 0.7500 0.9330
vt 0.5000 0.5000
vt 0.5000 1.0000
vt 0.2500 0.9330
vt 0.5000 0.5000
vt 0.2500 0.9330
vt 0.5000 1.0000
vt 0.5000 0.5000
vt 0.2500 0.9330
vt 0.0670 0.7500
vt 0.5000 0.5000
vt 0.0670 0.7500
vt 0.2500 0.9330
vt 0.5000 0.5000
vt 0.0670 0.7500
vt 0.0000 0.5000
vt 0.5000 0.5000
vt 0.0000 0.5000
vt 0.0670 0.7500
vt 0.5000 0.5000
vt 0.0000 0.5000
vt 0.0670 0.2500
vt 0.5000 0.5000
vt 0.0670 0.2500
vt 0.0000 0.5000
vt 0.5000 0.5000
vt 0.0670 0.2500
vt 0.2500 0.0670
vt 0.5000 0.5000
vt 0.2500 0.0670
vt 0.0670 0.2500
vt 0.5000 0.5000
vt 0.2500 0.0670
vt 0.5000 0.0000
vt 0.5000 0.5000
vt 0.5000 0.0000
vt 0.2500 0.0670
vt 0.5000 0.5000
vt 0.5000 0.0000
vt 0.7500 0.0670
vt 0.5000 0.5000
vt 0.7500 0.0670
vt 0.5000 0.0000
vt 0.5000 0.5000
vt 0.7500 0.0670
vt 0.9330 0.2500
vt 0.5000 0.5000
vt 0.9330 0.2500
vt 0.7500 0.0670
vt 0.5000 0.5000
vt 0.9330 0.2500
vt 1.0000 0.5000
vt 0.5000 0.5000
vt 1.0000 0.5000
vt 0.9330 0.2500
vt 0.0000 0.0000
vt 0.7600 0.0000
vt 0.7600 0.1600
vt 0.0000 0.1600
vt 0.0000 0.0000
vt 0.7600 0.0000
vt 0.7600 0.1600
vt 0.0000 0.1600
vt 0.0000 0.0000
vt 0.0000 0.0800
vt 0.7600 0.0800
vt 0.7600 0.0000
vt 0.0000 0.0000
vt 0.0000 0.0800
vt 0.7600 0.0800
vt 0.7600 0.0000
vt 0.0000 0.0000
vt 0.0000 0.0800
vt 0.1600 0.0800
vt 0.1600 0.0000
vt 0.0000 0.0000
vt 0.0000 0.0800
vt 0.1600 0.0800
vt 0.1600 0.0000
vt 0.0000 0.0000
vt 0.0833 0.0000
vt 0.0833 1.0000
vt 0.0000 1.0000
vt 0.0833 0.0000
vt 0.1667 0.0000
vt 0.1667 1.0000
vt 0.0833 1.0000
vt 0.1667 0.0000
vt 0.2500 0.0000
vt 0.2500 1.0000
vt 0.1667 1.0000
vt 0.2500 0.0000
vt 0.3333 0.0000
vt 0.3333 1.0000
vt 0.2500 1.0000
vt 0.3333 0.0000
vt 0.4167 0.0000
vt 0.4167 1.0000
vt 0.3333 1.0000
vt 0.4167 0.0000
vt 0.5000 0.0000
vt 0.5000 1.0000
vt 0.4167 1.0000
vt 0.5000 0.0000
vt 0.5833 0.0000
vt 0.5833 1.0000
vt 0.5000 1.0000
vt 0.5833 0.0000
vt 0.6667 0.0000
vt 0.6667 1.0000
vt 0.5833 1.0000
vt 0.6667 0.0000
vt 0.7500 0.0000
vt 0.7500 1.0000
vt 0.6667 1.0000
vt 0.7500 0.0000
vt 0.8333 0.0000
vt 0.8333 1.0000
vt 0.7500 1.0000
vt 0.8333 0.0000
vt 0.9167 0.0000
vt 0.9167 1.0000
vt 0.8333 1.0000
vt 0.9167 0.0000
vt 0.9167 1.0000
vt 1.0000 1.0000
vt 1.0000 0.0000
vt 0.5000 0.5000
vt 1.0000 0.5000
vt 0.9330 0.7500
vt 0.5000 0.5000
vt 0.9330 0.7500
vt 1.0000 0.5000
vt 0.5000 0.5000
vt 0.9330 0.7500
vt 0.7500 0.9330
vt 0.5000 0.5000
vt 0.7500 0.9330
vt 0.9330 0.7500
vt 0.5000 0.5000
vt 0.7500 0.9330
vt 0.5000 1.0000
vt 0.5000 0.5000
vt 0.5000 1.0000
vt 0.7500 0.9330
vt 0.5000 0.5000
vt 0.5000 1.0000
vt 0.2500 0.9330
vt 0.5000 0.5000
vt 0.2500 0.9330
vt 0.5000 1.0000
vt 0.5000 0.5000
vt 0.2500 0.9330
vt 0.0670 0.7500
vt 0.5000 0.5000
vt 0.0670 0.7500
vt 0.2500 0.9330
vt 0.5000 0.5000
vt 0.0670 0.7500
vt 0.0000 0.5000
vt 0.5000 0.5000
vt 0.0000 0.5000
vt 0.0670 0.7500
vt 0.5000 0.5000
vt 0.0000 0.5000
vt 0.0670 0.2500
vt 0.5000 0.5000
vt 0.0670 0.2500
vt 0.0000 0.5000
vt 0.5000 0.5000
vt 0.0670 0.2500
vt 0.2500 0.0670
vt 0.5000 0.5000
vt 0.2500 0.0670
vt 0.0670 0.2500
vt 0.5000 0.5000
vt 0.2500 0.0670
vt 0.5000 0.0000
vt 0.5000 0.5000
vt 0.5000 0.0000
vt 0.2500 0.0670
vt 0.5000 0.5000
vt 0.5000 0.0000
vt 0.7500 0.0670
vt 0.5000 0.5000
vt 0.7500 0.0670
vt 0.5000 0.0000
vt 0.5000 0.5000
vt 0.7500 0.0670
vt 0.9330 0.2500
vt 0.5000 0.5000
vt 0.9330 0.2500
vt 0.7500 0.0670
vt 0.5000 0.5000
vt 0.9330 0.2500
vt 1.0000 0.5000
vt 0.5000 0.5000
vt 1.0000 0.5000
vt 0.9330 0.2500
vt 0.0000 0.0000
vt 0.0833 0.0000
vt 0.0833 1.0000
vt 0.0000 1.0000
vt 0.0833 0.0000
vt 0.1667 0.0000
vt 0.1667 1.0000
vt 0.0833 1.0000
vt 0.1667 0.0000
vt 0.2500 0.0000
vt 0.2500 1.0000
vt 0.1667 1.0000
vt 0.2500 0.0000
vt 0.3333 0.0000
vt 0.3333 1.0000
vt 0.2500 1.0000
vt 0.3333 0.0000
vt 0.4167 0.0000
vt 0.4167 1.0000
vt 0.3333 1.0000
vt 0.4167 0.0000
vt 0.5000 0.0000
vt 0.5000 1.0000
vt 0.4167 1.0000
vt 0.5000 0.0000
vt 0.5833 0.0000
vt 0.5833 1.0000
vt 0.5000 1.0000
vt 0.5833 0.0000
vt 0.6667 0.0000
vt 0.6667 1.0000
vt 0.5833 1.0000
vt 0.6667 0.0000
vt 0.7500 0.0000
vt 0.7500 1.0000
vt 0.6667 1.0000
vt 0.7500 0.0000
vt 0.8333 0.0000
vt 0.8333 1.0000
vt 0.7500 1.0000
vt 0.8333 0.0000
vt 0.9167 0.0000
vt 0.9167 1.0000
vt 0.8333 1.0000
vt 0.9167 0.0000
vt 0.9167 1.0000
vt 1.0000 1.0000
vt 1.0000 0.0000
vt 0.0000 0.0000
vt 0.0833 0.0000
vt 0.0833 1.0000
vt 0.0000 1.0000
vt 0.0833 0.0000
vt 0.1667 0.0000
vt 0.1667 1.0000
vt 0.0833 1.0000
vt 0.1667 0.0000
vt 0.2500 0.0000
vt 0.2500 1.0000
vt 0.1667 1.0000
vt 0.2500 0.0000
vt 0.3333 0.0000
vt 0.3333 1.0000
vt 0.2500 1.0000
vt 0.3333 0.0000
vt 0.4167 0.0000
vt 0.4167 1.0000
vt 0.3333 1.0000
vt 0.4167 0.0000
vt 0.5000 0.0000
vt 0.5000 1.0000
vt 0.4167 1.0000
vt 0.5000 0.0000
vt 0.5833 0.0000
vt 0.5833 1.0000
vt 0.5000 1.0000
vt 0.5833 0.0000
vt 0.6667 0.0000
vt 0.6667 1.0000
vt 0.5833 1.0000
vt 0.6667 0.0000
vt 0.7500 0.0000
vt 0.7500 1.0000
vt 0.6667 1.0000
vt 0.7500 0.0000
vt 0.8333 0.0000
vt 0.8333 1.0000
vt 0.7500 1.0000
vt 0.8333 0.0000
vt 0.9167 0.0000
vt 0.9167 1.0000
vt 0.8333 1.0000
vt 0.9167 0.0000
vt 0.9167 1.0000
vt 1.0000 1.0000
vt 1.0000 0.0000
vt 0.5000 0.5000
vt 1.0000 0.5000
vt 0.9330 0.7500
vt 0.5000 0.5000
vt 0.9330 0.7500
vt 1.0000 0.5000
vt 0.5000 0.5000
vt 0.9330 0.7500
vt 0.7500 0.9330
vt 0.5000 0.5000
vt 0.7500 0.9330
vt 0.9330 0.7500
vt 0.5000 0.5000
vt 0.7500 0.9330
vt 0.5000 1.0000
vt 0.5000 0.5000
vt 0.5000 1.0000
vt 0.7500 0.9330
vt 0.5000 0.5000
vt 0.5000 1.0000
vt 0.2500 0.9330
vt 0.5000 0.5000
vt 0.2500 0.9330
vt 0.5000 1.0000
vt 0.5000 0.5000
vt 0.2500 0.9330
vt 0.0670 0.7500
vt 0.5000 0.5000
vt 0.0670 0.7500
vt 0.2500 0.9330
vt 0.5000 0.5000
vt 0.0670 0.7500
vt 0.0000 0.5000
vt 0.5000 0.5000
vt 0.0000 0.5000
vt 0.0670 0.7500
vt 0.5000 0.5000
vt 0.0000 0.5000
vt 0.0670 0.2500
vt 0.5000 0.5000
vt 0.0670 0.2500
vt 0.0000 0.5000
vt 0.5000 0.5000
vt 0.0670 0.2500
vt 0.2500 0.0670
vt 0.5000 0.5000
vt 0.2500 0.0670
vt 0.0670 0.2500
vt 0.5000 0.5000
vt 0.2500 0.0670
vt 0.5000 0.0000
vt 0.5000 0.5000
vt 0.5000 0.0000
vt 0.2500 0.0670
vt 0.5000 0.5000
vt 0.5000 0.0000
vt 0.7500 0.0670
vt 0.5000 0.5000
vt 0.7500 0.0670
vt 0.5000 0.0000
vt 0.5000 0.5000
vt 0.7500 0.0670
vt 0.9330 0.2500
vt 0.5000 0.5000
vt 0.9330 0.2500
vt 0.7500 0.0670
vt 0.5000 0.5000
vt 0.9330 0.2500
vt 1.0000 0.5000
vt 0.5000 0.5000
vt 1.0000 0.5000
vt 0.9330 0.2500
vt 0.0000 0.0000
vt 0.7600 0.0000
vt 0.7600 0.1600
vt 0.0000 0.1600
vt 0.0000 0.0000
vt 0.7600 0.0000
vt 0.7600 0.1600
vt 0.0000 0.1600
vt 0.0000 0.0000
vt 0.0000 0.0800
vt 0.7600 0.0800
vt 0.7600 0.0000
vt 0.0000 0.0000
vt 0.0000 0.0800
vt 0.7600 0.0800
vt 0.7600 0.0000
vt 0.0000 0.0000
vt 0.0000 0.0800
vt 0.1600 0.0800
vt 0.1600 0.0000
vt 0.0000 0.0000
vt 0.0000 0.0800
vt 0.1600 0.0800
vt 0.1600 0.0000
vt 0.0000 0.0000
vt 0.0833 0.0000
vt 0.0833 1.0000
vt 0.0000 1.0000
vt 0.0833 0.0000
vt 0.1667 0.0000
vt 0.1667 1.0000
vt 0.0833 1.0000
vt 0.1667 0.0000
vt 0.2500 0.0000
vt 0.2500 1.0000
vt 0.1667 1.0000
vt 0.2500 0.0000
vt 0.3333 0.0000
vt 0.3333 1.0000
vt 0.2500 1.0000
vt 0.3333 0.0000
vt 0.4167 0.0000
vt 0.4167 1.0000
vt 0.3333 1.0000
vt 0.4167 0.0000
vt 0.5000 0.0000
vt 0.5000 1.0000
vt 0.4167 1.0000
vt 0.5000 0.0000
vt 0.5833 0.0000
vt 0.5833 1.0000
vt 0.5000 1.0000
vt 0.5833 0.0000
vt 0.6667 0.0000
vt 0.6667 1.0000
vt 0.5833 1.0000
vt 0.6667 0.0000
vt 0.7500 0.0000
vt 0.7500 1.0000
vt 0.6667 1.0000
vt 0.7500 0.0000
vt 0.8333 0.0000
vt 0.8333 1.0000
vt 0.7500 1.0000
vt 0.8333 0.0000
vt 0.9167 0.0000
vt 0.9167 1.0000
vt 0.8333 1.0000
vt 0.9167 0.0000
vt 0.9167 1.0000
vt 1.0000 1.0000
vt 1.0000 0.0000
vt 0.5000 0.5000
vt 1.0000 0.5000
vt 0.9330 0.7500
vt 0.5000 0.5000
vt 0.9330 0.7500
vt 1.0000 0.5000
vt 0.5000 0.5000
vt 0.9330 0.7500
vt 0.7500 0.9330
vt 0.5000 0.5000
vt 0.7500 0.9330
vt 0.9330 0.7500
vt 0.5000 0.5000
vt 0.7500 0.9330
vt 0.5000 1.0000
vt 0.5000 0.5000
vt 0.5000 1.0000
vt 0.7500 0.9330
vt 0.5000 0.5000
vt 0.5000 1.0000
vt 0.2500 0.9330
vt 0.5000 0.5000
vt 0.2500 0.9330
vt 0.5000 1.0000
vt 0.5000 0.5000
vt 0.2500 0.9330
vt 0.0670 0.7500
vt 0.5000 0.5000
vt 0.0670 0.7500
vt 0.2500 0.9330
vt 0.5000 0.5000
vt 0.0670 0.7500
vt 0.0000 0.5000
vt 0.5000 0.5000
vt 0.0000 0.5000
vt 0.0670 0.7500
vt 0.5000 0.5000
vt 0.0000 0.5000
vt 0.0670 0.2500
vt 0.5000 0.5000
vt 0.0670 0.2500
vt 0.0000 0.5000
vt 0.5000 0.5000
vt 0.0670 0.2500
vt 0.2500 0.0670
vt 0.5000 0.5000
vt 0.2500 0.0670
vt 0.0670 0.2500
vt 0.5000 0.5000
vt 0.2500 0.0670
vt 0.5000 0.0000
vt 0.5000 0.5000
vt 0.5000 0.0000
vt 0.2500 0.0670
vt 0.5000 0.5000
vt 0.5000 0.0000
vt 0.7500 0.0670
vt 0.5000 0.5000
vt 0.7500 0.0670
vt 0.5000 0.0000
vt 0.5000 0.5000
vt 0.7500 0.0670
vt 0.9330 0.2500
vt 0.5000 0.5000
vt 0.9330 0.2500
vt 0.7500 0.0670
vt 0.5000 0.5000
vt 0.9330 0.2500
vt 1.0000 0.5000
vt 0.5000 0.5000
vt 1.0000 0.5000
vt 0.9330 0.2500
vt 0.0000 0.0000
vt 0.0833 0.0000
vt 0.0833 1.0000
vt 0.0000 1.0000
vt 0.0833 0.0000
vt 0.1667 0.0000
vt 0.1667 1.0000
vt 0.0833 1.0000
vt 0.1667 0.0000
vt 0.2500 0.0000
vt 0.2500 1.0000
vt 0.1667 1.0000
vt 0.2500 0.0000
vt 0.3333 0.0000
vt 0.3333 1.0000
vt 0.2500 1.0000
vt 0.3333 0.0000
vt 0.4167 0.0000
vt 0.4167 1.0000
vt 0.3333 1.0000
vt 0.4167 0.0000
vt 0.5000 0.0000
vt 0.5000 1.0000
vt 0.4167 1.0000
vt 0.5000 0.0000
vt 0.5833 0.0000
vt 0.5833 1.0000
vt 0.5000 1.0000
vt 0.5833 0.0000
vt 0.6667 0.0000
vt 0.6667 1.0000
vt 0.5833 1.0000
vt 0.6667 0.0000
vt 0.7500 0.0000
vt 0.7500 1.0000
vt 0.6667 1.0000
vt 0.7500 0.0000
vt 0.8333 0.0000
vt 0.8333 1.0000
vt 0.7500 1.0000
vt 0.8333 0.0000
vt 0.9167 0.0000
vt 0.9167 1.0000
vt 0.8333 1.0000
vt 0.9167 0.0000
vt 0.9167 1.0000
vt 1.0000 1.0000
vt 1.0000 0.0000
vt 0.0000 0.0000
vt 0.0833 0.0000
vt 0.0833 1.0000
vt 0.0000 1.0000
vt 0.0833 0.0000
vt 0.1667 0.0000
vt 0.1667 1.0000
vt 0.0833 1.0000
vt 0.1667 0.0000
vt 0.2500 0.0000
vt 0.2500 1.0000
vt 0.1667 1.0000
vt 0.2500 0.0000
vt 0.3333 0.0000
vt 0.3333 1.0000
vt 0.2500 1.0000
vt 0.3333 0.0000
vt 0.4167 0.0000
vt 0.4167 1.0000
vt 0.3333 1.0000
vt 0.4167 0.0000
vt 0.5000 0.0000
vt 0.5000 1.0000
vt 0.4167 1.0000
vt 0.5000 0.0000
vt 0.5833 0.0000
vt 0.5833 1.0000
vt 0.5000 1.0000
vt 0.5833 0.0000
vt 0.6667 0.0000
vt 0.6667 1.0000
vt 0.5833 1.0000
vt 0.6667 0.0000
vt 0.7500 0.0000
vt 0.7500 1.0000
vt 0.6667 1.0000
vt 0.7500 0.0000
vt 0.8333 0.0000
vt 0.8333 1.0000
vt 0.7500 1.0000
vt 0.8333 0.0000
vt 0.9167 0.0000
vt 0.9167 1.0000
vt 0.8333 1.0000
vt 0.9167 0.0000
vt 0.9167 1.0000
vt 1.0000 1.0000
vt 1.0000 0.0000
vt 0.5000 0.5000
vt 1.0000 0.5000
vt 0.9330 0.7500
vt 0.5000 0.5000
vt 0.9330 0.7500
vt 1.0000 0.5000
vt 0.5000 0.5000
vt 0.9330 0.7500
vt 0.7500 0.9330
vt 0.5000 0.5000
vt 0.7500 0.9330
vt 0.9330 0.7500
vt 0.5000 0.5000
vt 0.7500 0.9330
vt 0.5000 1.0000
vt 0.5000 0.5000
vt 0.5000 1.0000
vt 0.7500 0.9330
vt 0.5000 0.5000
vt 0.5000 1.0000
vt 0.2500 0.9330
vt 0.5000 0.5000
vt 0.2500 0.9330
vt 0.5000 1.0000
vt 0.5000 0.5000
vt 0.2500 0.9330
vt 0.0670 0.7500
vt 0.5000 0.5000
vt 0.0670 0.7500
vt 0.2500 0.9330
vt 0.5000 0.5000
vt 0.0670 0.7500
vt 0.0000 0.5000
vt 0.5000 0.5000
vt 0.0000 0.5000
vt 0.0670 0.7500
vt 0.5000 0.5000
vt 0.0000 0.5000
vt 0.0670 0.2500
vt 0.5000 0.5000
vt 0.0670 0.2500
vt 0.0000 0.5000
vt 0.5000 0.5000
vt 0.0670 0.2500
vt 0.2500 0.0670
vt 0.5000 0.5000
vt 0.2500 0.0670
vt 0.0670 0.2500
vt 0.5000 0.5000
vt 0.2500 0.0670
vt 0.5000 0.0000
vt 0.5000 0.5000
vt 0.5000 0.0000
vt 0.2500 0.0670
vt 0.5000 0.5000
vt 0.5000 0.0000
vt 0.7500 0.0670
vt 0.5000 0.5000
vt 0.7500 0.0670
vt 0.5000 0.0000
vt 0.5000 0.5000
vt 0.7500 0.0670
vt 0.9330 0.2500
vt 0.5000 0.5000
vt 0.9330 0.2500
vt 0.7500 0.0670
vt 0.5000 0.5000
vt 0.9330 0.2500
vt 1.0000 0.5000
vt 0.5000 0.5000
vt 1.0000 0.5000
vt 0.9330 0.2500
vt 0.0000 0.0000
vt 0.7600 0.0000
vt 0.7600 0.1600
vt 0.0000 0.1600
vt 0.0000 0.0000
vt 0.7600 0.0000
vt 0.7600 0.1600
vt 0.0000 0.1600
vt 0.0000 0.0000
vt 0.0000 0.0800
vt 0.7600 0.0800
vt 0.7600 0.0000
vt 0.0000 0.0000
vt 0.0000 0.0800
vt 0.7600 0.0800
vt 0.7600 0.0000
vt 0.0000 0.0000
vt 0.0000 0.0800
vt 0.1600 0.0800
vt 0.1600 0.0000
vt 0.0000 0.0000
vt 0.0000 0.0800
vt 0.1600 0.0800
vt 0.1600 0.0000
vt 0.0000 0.0000
vt 0.0833 0.0000
vt 0.0833 1.0000
vt 0.0000 1.0000
vt 0.0833 0.0000
vt 0.1667 0.0000
vt 0.1667 1.0000
vt 0.0833 1.0000
vt 0.1667 0.0000
vt 0.2500 0.0000
vt 0.2500 1.0000
vt 0.1667 1.0000
vt 0.2500 0.0000
vt 0.3333 0.0000
vt 0.3333 1.0000
vt 0.2500 1.0000
vt 0.3333 0.0000
vt 0.4167 0.0000
vt 0.4167 1.0000
vt 0.3333 1.0000
vt 0.4167 0.0000
vt 0.5000 0.0000
vt 0.5000 1.0000
vt 0.4167 1.0000
vt 0.5000 0.0000
vt 0.5833 0.0000
vt 0.5833 1.0000
vt 0.5000 1.0000
vt 0.5833 0.0000
vt 0.6667 0.0000
vt 0.6667 1.0000
vt 0.5833 1.0000
vt 0.6667 0.0000
vt 0.7500 0.0000
vt 0.7500 1.0000
vt 0.6667 1.0000
vt 0.7500 0.0000
vt 0.8333 0.0000
vt 0.8333 1.0000
vt 0.7500 1.0000
vt 0.8333 0.0000
vt 0.9167 0.0000
vt 0.9167 1.0000
vt 0.8333 1.0000
vt 0.9167 0.0000
vt 0.9167 1.0000
vt 1.0000 1.0000
vt 1.0000 0.0000
vt 0.5000 0.5000
vt 1.0000 0.5000
vt 0.9330 0.7500
vt 0.5000 0.5000
vt 0.9330 0.7500
vt 1.0000 0.5000
vt 0.5000 0.5000
vt 0.9330 0.7500
vt 0.7500 0.9330
vt 0.5000 0.5000
vt 0.7500 0.9330
vt 0.9330 0.7500
vt 0.5000 0.5000
vt 0.7500 0.9330
vt 0.5000 1.0000
vt 0.5000 0.5000
vt 0.5000 1.0000
vt 0.7500 0.9330
vt 0.5000 0.5000
vt 0.5000 1.0000
vt 0.2500 0.9330
vt 0.5000 0.5000
vt 0.2500 0.9330
vt 0.5000 1.0000
vt 0.5000 0.5000
vt 0.2500 0.9330
vt 0.0670 0.7500
vt 0.5000 0.5000
vt 0.0670 0.7500
vt 0.2500 0.9330
vt 0.5000 0.5000
vt 0.0670 0.7500
vt 0.0000 0.5000
vt 0.5000 0.5000
vt 0.0000 0.5000
vt 0.0670 0.7500
vt 0.5000 0.5000
vt 0.0000 0.5000
vt 0.0670 0.2500
vt 0.5000 0.5000
vt 0.0670 0.2500
vt 0.0000 0.5000
vt 0.5000 0.5000
vt 0.0670 0.2500
vt 0.2500 0.0670
vt 0.5000 0.5000
vt 0.2500 0.0670
vt 0.0670 0.2500
vt 0.5000 0.5000
vt 0.2500 0.0670
vt 0.5000 0.0000
vt 0.5000 0.5000
vt 0.5000 0.0000
vt 0.2500 0.0670
vt 0.5000 0.5000
vt 0.5000 0.0000
vt 0.7500 0.0670
vt 0.5000 0.5000
vt 0.7500 0.0670
vt 0.5000 0.0000
vt 0.5000 0.5000
vt 0.7500 0.0670
vt 0.9330 0.2500
vt 0.5000 0.5000
vt 0.9330 0.2500
vt 0.7500 0.0670
vt 0.5000 0.5000
vt 0.9330 0.2500
vt 1.0000 0.5000
vt 0.5000 0.5000
vt 1.0000 0.5000
vt 0.9330 0.2500
vt 0.0000 0.0000
vt 0.0833 0.0000
vt 0.0833 1.0000
vt 0.0000 1.0000
vt 0.0833 0.0000
vt 0.1667 0.0000
vt 0.1667 1.0000
vt 0.0833 1.0000
vt 0.1667 0.0000
vt 0.2500 0.0000
vt 0.2500 1.0000
vt 0.1667 1.0000
vt 0.2500 0.0000
vt 0.3333 0.0000
vt 0.3333 1.0000
vt 0.2500 1.0000
vt 0.3333 0.0000
vt 0.4167 0.0000
vt 0.4167 1.0000
vt 0.3333 1.0000
vt 0.4167 0.0000
vt 0.5000 0.0000
vt 0.5000 1.0000
vt 0.4167 1.0000
vt 0.5000 0.0000
vt 0.5833 0.0000
vt 0.5833 1.0000
vt 0.5000 1.0000
vt 0.5833 0.0000
vt 0.6667 0.0000
vt 0.6667 1.0000
vt 0.5833 1.0000
vt 0.6667 0.0000
vt 0.7500 0.0000
vt 0.7500 1.0000
vt 0.6667 1.0000
vt 0.7500 0.0000
vt 0.8333 0.0000
vt 0.8333 1.0000
vt 0.7500 1.0000
vt 0.8333 0.0000
vt 0.9167 0.0000
vt 0.9167 1.0000
vt 0.8333 1.0000
vt 0.9167 0.0000
vt 0.9167 1.0000
vt 1.0000 1.0000
vt 1.0000 0.0000
vt 0.0000 0.0000
vt 0.0833 0.0000
vt 0.0833 1.0000
vt 0.0000 1.0000
vt 0.0833 0.0000
vt 0.1667 0.0000
vt 0.1667 1.0000
vt 0.0833 1.0000
vt 0.1667 0.0000
vt 0.2500 0.0000
vt 0.2500 1.0000
vt 0.1667 1.0000
vt 0.2500 0.0000
vt 0.3333 0.0000
vt 0.3333 1.0000
vt 0.2500 1.0000
vt 0.3333 0.0000
vt 0.4167 0.0000
vt 0.4167 1.0000
vt 0.3333 1.0000
vt 0.4167 0.0000
vt 0.5000 0.0000
vt 0.5000 1.0000
vt 0.4167 1.0000
vt 0.5000 0.0000
vt 0.5833 0.0000
vt 0.5833 1.0000
vt 0.5000 1.0000
vt 0.5833 0.0000
vt 0.6667 0.0000
vt 0.6667 1.0000
vt 0.5833 1.0000
vt 0.6667 0.0000
vt 0.7500 0.0000
vt 0.7500 1.0000
vt 0.6667 1.0000
vt 0.7500 0.0000
vt 0.8333 0.0000
vt 0.8333 1.0000
vt 0.7500 1.0000
vt 0.8333 0.0000
vt 0.9167 0.0000
vt 0.9167 1.0000
vt 0.8333 1.0000
vt 0.9167 0.0000
vt 0.9167 1.0000
vt 1.0000 1.0000
vt 1.0000 0.0000
vt 0.5000 0.5000
vt 1.0000 0.5000
vt 0.9330 0.7500
vt 0.5000 0.5000
vt 0.9330 0.7500
vt 1.0000 0.5000
vt 0.5000 0.5000
vt 0.9330 0.7500
vt 0.7500 0.9330
vt 0.5000 0.5000
vt 0.7500 0.9330
vt 0.9330 0.7500
vt 0.5000 0.5000
vt 0.7500 0.9330
vt 0.5000 1.0000
vt 0.5000 0.5000
vt 0.5000 1.0000
vt 0.7500 0.9330
vt 0.5000 0.5000
vt 0.5000 1.0000
vt 0.2500 0.9330
vt 0.5000 0.5000
vt 0.2500 0.9330
vt 0.5000 1.0000
vt 0.5000 0.5000
vt 0.2500 0.9330
vt 0.0670 0.7500
vt 0.5000 0.5000
vt 0.0670 0.7500
vt 0.2500 0.9330
vt 0.5000 0.5000
vt 0.0670 0.7500
vt 0.0000 0.5000
vt 0.5000 0.5000
vt 0.0000 0.5000
vt 0.0670 0.7500
vt 0.5000 0.5000
vt 0.0000 0.5000
vt 0.0670 0.2500
vt 0.5000 0.5000
vt 0.0670 0.2500
vt 0.0000 0.5000
vt 0.5000 0.5000
vt 0.0670 0.2500
vt 0.2500 0.0670
vt 0.5000 0.5000
vt 0.2500 0.0670
vt 0.0670 0.2500
vt 0.5000 0.5000
vt 0.2500 0.0670
vt 0.5000 0.0000
vt 0.5000 0.5000
vt 0.5000 0.0000
vt 0.2500 0.0670
vt 0.5000 0.5000
vt 0.5000 0.0000
vt 0.7500 0.0670
vt 0.5000 0.5000
vt 0.7500 0.0670
vt 0.5000 0.0000
vt 0.5000 0.5000
vt 0.7500 0.0670
vt 0.9330 0.2500
vt 0.5000 0.5000
vt 0.9330 0.2500
vt 0.7500 0.0670
vt 0.5000 0.5000
vt 0.9330 0.2500
vt 1.0000 0.5000
vt 0.5000 0.5000
vt 1.0000 0.5000
vt 0.9330 0.2500
vt 0.0000 0.0000
vt 0.7600 0.0000
vt 0.7600 0.1600
vt 0.0000 0.1600
vt 0.0000 0.0000
vt 0.7600 0.0000
vt 0.7600 0.1600
vt 0.0000 0.1600
vt 0.0000 0.0000
vt 0.0000 0.0800
vt 0.7600 0.0800
vt 0.7600 0.0000
vt 0.0000 0.0000
vt 0.0000 0.0800
vt 0.7600 0.0800
vt 0.7600 0.0000
vt 0.0000 0.0000
vt 0.0000 0.0800
vt 0.1600 0.0800
vt 0.1600 0.0000
vt 0.0000 0.0000
vt 0.0000 0.0800
vt 0.1600 0.0800
vt 0.1600 0.0000
vt 0.0000 0.0000
vt 0.0833 0.0000
vt 0.0833 1.0000
vt 0.0000 1.0000
vt 0.0833 0.0000
vt 0.1667 0.0000
vt 0.1667 1.0000
vt 0.0833 1.0000
vt 0.1667 0.0000
vt 0.2500 0.0000
vt 0.2500 1.0000
vt 0.1667 1.0000
vt 0.2500 0.0000
vt 0.3333 0.0000
vt 0.3333 1.0000
vt 0.2500 1.0000
vt 0.3333 0.0000
vt 0.4167 0.0000
vt 0.4167 1.0000
vt 0.3333 1.0000
vt 0.4167 0.0000
vt 0.5000 0.0000
vt 0.5000 1.0000
vt 0.4167 1.0000
vt 0.5000 0.0000
vt 0.5833 0.0000
vt 0.5833 1.0000
vt 0.5000 1.0000
vt 0.5833 0.0000
vt 0.6667 0.0000
vt 0.6667 1.0000
vt 0.5833 1.0000
vt 0.6667 0.0000
vt 0.7500 0.0000
vt 0.7500 1.0000
vt 0.6667 1.0000
vt 0.7500 0.0000
vt 0.8333 0.0000
vt 0.8333 1.0000
vt 0.7500 1.0000
vt 0.8333 0.0000
vt 0.9167 0.0000
vt 0.9167 1.0000
vt 0.8333 1.0000
vt 0.9167 0.0000
vt 0.9167 1.0000
vt 1.0000 1.0000
vt 1.0000 0.0000
vt 0.5000 0.5000
vt 1.0000 0.5000
vt 0.9330 0.7500
vt 0.5000 0.5000
vt 0.9330 0.7500
vt 1.0000 0.5000
vt 0.5000 0.5000
vt 0.9330 0.7500
vt 0.7500 0.9330
vt 0.5000 0.5000
vt 0.7500 0.9330
vt 0.9330 0.7500
vt 0.5000 0.5000
vt 0.7500 0.9330
vt 0.5000 1.0000
vt 0.5000 0.5000
vt 0.5000 1.0000
vt 0.7500 0.9330
vt 0.5000 0.5000
vt 0.5000 1.0000
vt 0.2500 0.9330
vt 0.5000 0.5000
vt 0.2500 0.9330
vt 0.5000 1.0000
vt 0.5000 0.5000
vt 0.2500 0.9330
vt 0.0670 0.7500
vt 0.5000 0.5000
vt 0.0670 0.7500
vt 0.2500 0.9330
vt 0.5000 0.5000
vt 0.0670 0.7500
vt 0.0000 0.5000
vt 0.5000 0.5000
vt 0.0000 0.5000
vt 0.0670 0.7500
vt 0.5000 0.5000
vt 0.0000 0.5000
vt 0.0670 0.2500
vt 0.5000 0.5000
vt 0.0670 0.2500
vt 0.0000 0.5000
vt 0.5000 0.5000
vt 0.0670 0.2500
vt 0.2500 0.0670
vt 0.5000 0.5000
vt 0.2500 0.0670
vt 0.0670 0.2500
vt 0.5000 0.5000
vt 0.2500 0.0670
vt 0.5000 0.0000
vt 0.5000 0.5000
vt 0.5000 0.0000
vt 0.2500 0.0670
vt 0.5000 0.5000
vt 0.5000 0.0000
vt 0.7500 0.0670
vt 0.5000 0.5000
vt 0.7500 0.0670
vt 0.5000 0.0000
vt 0.5000 0.5000
vt 0.7500 0.0670
vt 0.9330 0.2500
vt 0.5000 0.5000
vt 0.9330 0.2500
vt 0.7500 0.0670
vt 0.5000 0.5000
vt 0.9330 0.2500
vt 1.0000 0.5000
vt 0.5000 0.5000
vt 1.0000 0.5000
vt 0.9330 0.2500
vt 0.0000 0.0000
vt 0.0833 0.0000
vt 0.0833 1.0000
vt 0.0000 1.0000
vt 0.0833 0.0000
vt 0.1667 0.0000
vt 0.1667 1.0000
vt 0.0833 1.0000
vt 0.1667 0.0000
vt 0.2500 0.0000
vt 0.2500 1.0000
vt 0.1667 1.0000
vt 0.2500 0.0000
vt 0.3333 0.0000
vt 0.3333 1.0000
vt 0.2500 1.0000
vt 0.3333 0.0000
vt 0.4167 0.0000
vt 0.4167 1.0000
vt 0.3333 1.0000
vt 0.4167 0.0000
vt 0.5000 0.0000
vt 0.5000 1.0000
vt 0.4167 1.0000
vt 0.5000 0.0000
vt 0.5833 0.0000
vt 0.5833 1.0000
vt 0.5000 1.0000
vt 0.5833 0.0000
vt 0.6667 0.0000
vt 0.6667 1.0000
vt 0.5833 1.0000
vt 0.6667 0.0000
vt 0.7500 0.0000
vt 0.7500 1.0000
vt 0.6667 1.0000
vt 0.7500 0.0000
vt 0.8333 0.0000
vt 0.8333 1.0000
vt 0.7500 1.0000
vt 0.8333 0.0000
vt 0.9167 0.0000
vt 0.9167 1.0000
vt 0.8333 1.0000
vt 0.9167 0.0000
vt 0.9167 1.0000
vt 1.0000 1.0000
vt 1.0000 0.0000
vt 0.0000 0.0000
vt 0.0833 0.0000
vt 0.0833 1.0000
vt 0.0000 1.0000
vt 0.0833 0.0000
vt 0.1667 0.0000
vt 0.1667 1.0000
vt 0.0833 1.0000
vt 0.1667 0.0000
vt 0.2500 0.0000
vt 0.2500 1.0000
vt 0.1667 1.0000
vt 0.2500 0.0000
vt 0.3333 0.0000
vt 0.3333 1.0000
vt 0.2500 1.0000
vt 0.3333 0.0000
vt 0.4167 0.0000
vt 0.4167 1.0000
vt 0.3333 1.0000
vt 0.4167 0.0000
vt 0.5000 0.0000
vt 0.5000 1.0000
vt 0.4167 1.0000
vt 0.5000 0.0000
vt 0.5833 0.0000
vt 0.5833 1.0000
vt 0.5000 1.0000
vt 0.5833 0.0000
vt 0.6667 0.0000
vt 0.6667 1.0000
vt 0.5833 1.0000
vt 0.6667 0.0000
vt 0.7500 0.0000
vt 0.7500 1.0000
vt 0.6667 1.0000
vt 0.7500 0.0000
vt 0.8333 0.0000
vt 0.8333 1.0000
vt 0.7500 1.0000
vt 0.8333 0.0000
vt 0.9167 0.0000
vt 0.9167 1.0000
vt 0.8333 1.0000
vt 0.9167 0.0000
vt 0.9167 1.0000
vt 1.0000 1.0000
vt 1.0000 0.0000
vt 0.5000 0.5000
vt 1.0000 0.5000
vt 0.9330 0.7500
vt 0.5000 0.5000
vt 0.9330 0.7500
vt 1.0000 0.5000
vt 0.5000 0.5000
vt 0.9330 0.7500
vt 0.7500 0.9330
vt 0.5000 0.5000
vt 0.7500 0.9330
vt 0.9330 0.7500
vt 0.5000 0.5000
vt 0.7500 0.9330
vt 0.5000 1.0000
vt 0.5000 0.5000
vt 0.5000 1.0000
vt 0.7500 0.9330
vt 0.5000 0.5000
vt 0.5000 1.0000
vt 0.2500 0.9330
vt 0.5000 0.5000
vt 0.2500 0.9330
vt 0.5000 1.0000
vt 0.5000 0.5000
vt 0.2500 0.9330
vt 0.0670 0.7500
vt 0.5000 0.5000
vt 0.0670 0.7500
vt 0.2500 0.9330
vt 0.5000 0.5000
vt 0.0670 0.7500
vt 0.0000 0.5000
vt 0.5000 0.5000
vt 0.0000 0.5000
vt 0.0670 0.7500
vt 0.5000 0.5000
vt 0.0000 0.5000
vt 0.0670 0.2500
vt 0.5000 0.5000
vt 0.0670 0.2500
vt 0.0000 0.5000
vt 0.5000 0.5000
vt 0.0670 0.2500
vt 0.2500 0.0670
vt 0.5000 0.5000
vt 0.2500 0.0670
vt 0.0670 0.2500
vt 0.5000 0.5000
vt 0.2500 0.0670
vt 0.5000 0.0000
vt 0.5000 0.5000
vt 0.5000 0.0000
vt 0.2500 0.0670
vt 0.5000 0.5000
vt 0.5000 0.0000
vt 0.7500 0.0670
vt 0.5000 0.5000
vt 0.7500 0.0670
vt 0.5000 0.0000
vt 0.5000 0.5000
vt 0.7500 0.0670
vt 0.9330 0.2500
vt 0.5000 0.5000
vt 0.9330 0.2500
vt 0.7500 0.0670
vt 0.5000 0.5000
vt 0.9330 0.2500
vt 1.0000 0.5000
vt 0.5000 0.5000
vt 1.0000 0.5000
vt 0.9330 0.2500
vt 0.0000 0.0000
vt 0.7600 0.0000
vt 0.7600 0.1600
vt 0.0000 0.1600
vt 0.0000 0.0000
vt 0.7600 0.0000
vt 0.7600 0.1600
vt 0.0000 0.1600
vt 0.0000 0.0000
vt 0.0000 0.0800
vt 0.7600 0.0800
vt 0.7600 0.0000
vt 0.0000 0.0000
vt 0.0000 0.0800
vt 0.7600 0.0800
vt 0.7600 0.0000
vt 0.0000 0.0000
vt 0.0000 0.0800
vt 0.1600 0.0800
vt 0.1600 0.0000
vt 0.0000 0.0000
vt 0.0000 0.0800
vt 0.1600 0.0800
vt 0.1600 0.0000
vt 0.0000 0.0000
vt 0.0833 0.0000
vt 0.0833 1.0000
vt 0.0000 1.0000
vt 0.0833 0.0000
vt 0.1667 0.0000
vt 0.1667 1.0000
vt 0.0833 1.0000
vt 0.1667 0.0000
vt 0.2500 0.0000
vt 0.2500 1.0000
vt 0.1667 1.0000
vt 0.2500 0.0000
vt 0.3333 0.0000
vt 0.3333 1.0000
vt 0.2500 1.0000
vt 0.3333 0.0000
vt 0.4167 0.0000
vt 0.4167 1.0000
vt 0.3333 1.0000
vt 0.4167 0.0000
vt 0.5000 0.0000
vt 0.5000 1.0000
vt 0.4167 1.0000
vt 0.5000 0.0000
vt 0.5833 0.0000
vt 0.5833 1.0000
vt 0.5000 1.0000
vt 0.5833 0.0000
vt 0.6667 0.0000
vt 0.6667 1.0000
vt 0.5833 1.0000
vt 0.6667 0.0000
vt 0.7500 0.0000
vt 0.7500 1.0000
vt 0.6667 1.0000
vt 0.7500 0.0000
vt 0.8333 0.0000
vt 0.8333 1.0000
vt 0.7500 1.0000
vt 0.8333 0.0000
vt 0.9167 0.0000
vt 0.9167 1.0000
vt 0.8333 1.0000
vt 0.9167 0.0000
vt 0.9167 1.0000
vt 1.0000 1.0000
vt 1.0000 0.0000
vt 0.5000 0.5000
vt 1.0000 0.5000
vt 0.9330 0.7500
vt 0.5000 0.5000
vt 0.9330 0.7500
vt 1.0000 0.5000
vt 0.5000 0.5000
vt 0.9330 0.7500
vt 0.7500 0.9330
vt 0.5000 0.5000
vt 0.7500 0.9330
vt 0.9330 0.7500
vt 0.5000 0.5000
vt 0.7500 0.9330
vt 0.5000 1.0000
vt 0.5000 0.5000
vt 0.5000 1.0000
vt 0.7500 0.9330
vt 0.5000 0.5000
vt 0.5000 1.0000
vt 0.2500 0.9330
vt 0.5000 0.5000
vt 0.2500 0.9330
vt 0.5000 1.0000
vt 0.5000 0.5000
vt 0.2500 0.9330
vt 0.0670 0.7500
vt 0.5000 0.5000
vt 0.0670 0.7500
vt 0.2500 0.9330
vt 0.5000 0.5000
vt 0.0670 0.7500
vt 0.0000 0.5000
vt 0.5000 0.5000
vt 0.0000 0.5000
vt 0.0670 0.7500
vt 0.5000 0.5000
vt 0.0000 0.5000
vt 0.0670 0.2500
vt 0.5000 0.5000
vt 0.0670 0.2500
vt 0.0000 0.5000
vt 0.5000 0.5000
vt 0.0670 0.2500
vt 0.2500 0.0670
vt 0.5000 0.5000
vt 0.2500 0.0670
vt 0.0670 0.2500
vt 0.5000 0.5000
vt 0.2500 0.0670
vt 0.5000 0.0000
vt 0.5000 0.5000
vt 0.5000 0.0000
vt 0.2500 0.0670
vt 0.5000 0.5000
vt 0.5000 0.0000
vt 0.7500 0.0670
vt 0.5000 0.5000
vt 0.7500 0.0670
vt 0.5000 0.0000
vt 0.5000 0.5000
vt 0.7500 0.0670
vt 0.9330 0.2500
vt 0.5000 0.5000
vt 0.9330 0.2500
vt 0.7500 0.0670
vt 0.5000 0.5000
vt 0.9330 0.2500
vt 1.0000 0.5000
vt 0.5000 0.5000
vt 1.0000 0.5000
vt 0.9330 0.2500
vt 0.0000 0.0000
vt 0.0833 0.0000
vt 0.0833 1.0000
vt 0.0000 1.0000
vt 0.0833 0.0000
vt 0.1667 0.0000
vt 0.1667 1.0000
vt 0.0833 1.0000
vt 0.1667 0.0000
vt 0.2500 0.0000
vt 0.2500 1.0000
vt 0.1667 1.0000
vt 0.2500 0.0000
vt 0.3333 0.0000
vt 0.3333 1.0000
vt 0.2500 1.0000
vt 0.3333 0.0000
vt 0.4167 0.0000
vt 0.4167 1.0000
vt 0.3333 1.0000
vt 0.4167 0.0000
vt 0.5000 0.0000
vt 0.5000 1.0000
vt 0.4167 1.0000
vt 0.5000 0.0000
vt 0.5833 0.0000
vt 0.5833 1.0000
vt 0.5000 1.0000
vt 0.5833 0.0000
vt 0.6667 0.0000
vt 0.6667 1.0000
vt 0.5833 1.0000
vt 0.6667 0.0000
vt 0.7500 0.0000
vt 0.7500 1.0000
vt 0.6667 1.0000
vt 0.7500 0.0000
vt 0.8333 0.0000
vt 0.8333 1.0000
vt 0.7500 1.0000
vt 0.8333 0.0000
vt 0.9167 0.0000
vt 0.9167 1.0000
vt 0.8333 1.0000
vt 0.9167 0.0000
vt 0.9167 1.0000
vt 1.0000 1.0000
vt 1.0000 0.0000
vt 0.0000 0.0000
vt 0.0833 0.0000
vt 0.0833 1.0000
vt 0.0000 1.0000
vt 0.0833 0.0000
vt 0.1667 0.0000
vt 0.1667 1.0000
vt 0.0833 1.0000
vt 0.1667 0.0000
vt 0.2500 0.0000
vt 0.2500 1.0000
vt 0.1667 1.0000
vt 0.2500 0.0000
vt 0.3333 0.0000
vt 0.3333 1.0000
vt 0.2500 1.0000
vt 0.3333 0.0000
vt 0.4167 0.0000
vt 0.4167 1.0000
vt 0.3333 1.0000
vt 0.4167 0.0000
vt 0.5000 0.0000
vt 0.5000 1.0000
vt 0.4167 1.0000
vt 0.5000 0.0000
vt 0.5833 0.0000
vt 0.5833 1.0000
vt 0.5000 1.0000
vt 0.5833 0.0000
vt 0.6667 0.0000
vt 0.6667 1.0000
vt 0.5833 1.0000
vt 0.6667 0.0000
vt 0.7500 0.0000
vt 0.7500 1.0000
vt 0.6667 1.0000
vt 0.7500 0.0000
vt 0.8333 0.0000
vt 0.8333 1.0000
vt 0.7500 1.0000
vt 0.8333 0.0000
vt 0.9167 0.0000
vt 0.9167 1.0000
vt 0.8333 1.0000
vt 0.9167 0.0000
vt 0.9167 1.0000
vt 1.0000 1.0000
vt 1.0000 0.0000
vt 0.5000 0.5000
vt 1.0000 0.5000
vt 0.9330 0.7500
vt 0.5000 0.5000
vt 0.9330 0.7500
vt 1.0000 0.5000
vt 0.5000 0.5000
vt 0.9330 0.7500
vt 0.7500 0.9330
vt 0.5000 0.5000
vt 0.7500 0.9330
vt 0.9330 0.7500
vt 0.5000 0.5000
vt 0.7500 0.9330
vt 0.5000 1.0000
vt 0.5000 0.5000
vt 0.5000 1.0000
vt 0.7500 0.9330
vt 0.5000 0.5000
vt 0.5000 1.0000
vt 0.2500 0.9330
vt 0.5000 0.5000
vt 0.2500 0.9330
vt 0.5000 1.0000
vt 0.5000 0.5000
vt 0.2500 0.9330
vt 0.0670 0.7500
vt 0.5000 0.5000
vt 0.0670 0.7500
vt 0.2500 0.9330
vt 0.5000 0.5000
vt 0.0670 0.7500
vt 0.0000 0.5000
vt 0.5000 0.5000
vt 0.0000 0.5000
vt 0.0670 0.7500
vt 0.5000 0.5000
vt 0.0000 0.5000
vt 0.0670 0.2500
vt 0.5000 0.5000
vt 0.0670 0.2500
vt 0.0000 0.5000
vt 0.5000 0.5000
vt 0.0670 0.2500
vt 0.2500 0.0670
vt 0.5000 0.5000
vt 0.2500 0.0670
vt 0.0670 0.2500
vt 0.5000 0.5000
vt 0.2500 0.0670
vt 0.5000 0.0000
vt 0.5000 0.5000
vt 0.5000 0.0000
vt 0.2500 0.0670
vt 0.5000 0.5000
vt 0.5000 0.0000
vt 0.7500 0.0670
vt 0.5000 0.5000
vt 0.7500 0.0670
vt 0.5000 0.0000
vt 0.5000 0.5000
vt 0.7500 0.0670
vt 0.9330 0.2500
vt 0.5000 0.5000
vt 0.9330 0.2500
vt 0.7500 0.0670
vt 0.5000 0.5000
vt 0.9330 0.2500
vt 1.0000 0.5000
vt 0.5000 0.5000
vt 1.0000 0.5000
vt 0.9330 0.2500
vt 0.0000 0.0000
vt 0.7600 0.0000
vt 0.7600 0.1600
vt 0.0000 0.1600
vt 0.0000 0.0000
vt 0.7600 0.0000
vt 0.7600 0.1600
vt 0.0000 0.1600
vt 0.0000 0.0000
vt 0.0000 0.0800
vt 0.7600 0.0800
vt 0.7600 0.0000
vt 0.0000 0.0000
vt 0.0000 0.0800
vt 0.7600 0.0800
vt 0.7600 0.0000
vt 0.0000 0.0000
vt 0.0000 0.0800
vt 0.1600 0.0800
vt 0.1600 0.0000
vt 0.0000 0.0000
vt 0.0000 0.0800
vt 0.1600 0.0800
vt 0.1600 0.0000
vt 0.0000 0.0000
vt 0.0833 0.0000
vt 0.0833 1.0000
vt 0.0000 1.0000
vt 0.0833 0.0000
vt 0.1667 0.0000
vt 0.1667 1.0000
vt 0.0833 1.0000
vt 0.1667 0.0000
vt 0.2500 0.0000
vt 0.2500 1.0000
vt 0.1667 1.0000
vt 0.2500 0.0000
vt 0.3333 0.0000
vt 0.3333 1.0000
vt 0.2500 1.0000
vt 0.3333 0.0000
vt 0.4167 0.0000
vt 0.4167 1.0000
vt 0.3333 1.0000
vt 0.4167 0.0000
vt 0.5000 0.0000
vt 0.5000 1.0000
vt 0.4167 1.0000
vt 0.5000 0.0000
vt 0.5833 0.0000
vt 0.5833 1.0000
vt 0.5000 1.0000
vt 0.5833 0.0000
vt 0.6667 0.0000
vt 0.6667 1.0000
vt 0.5833 1.0000
vt 0.6667 0.0000
vt 0.7500 0.0000
vt 0.7500 1.0000
vt 0.6667 1.0000
vt 0.7500 0.0000
vt 0.8333 0.0000
vt 0.8333 1.0000
vt 0.7500 1.0000
vt 0.8333 0.0000
vt 0.9167 0.0000
vt 0.9167 1.0000
vt 0.8333 1.0000
vt 0.9167 0.0000
vt 0.9167 1.0000
vt 1.0000 1.0000
vt 1.0000 0.0000
vt 0.5000 0.5000
vt 1.0000 0.5000
vt 0.9330 0.7500
vt 0.5000 0.5000
vt 0.9330 0.7500
vt 1.0000 0.5000
vt 0.5000 0.5000
vt 0.9330 0.7500
vt 0.7500 0.9330
vt 0.5000 0.5000
vt 0.7500 0.9330
vt 0.9330 0.7500
vt 0.5000 0.5000
vt 0.7500 0.9330
vt 0.5000 1.0000
vt 0.5000 0.5000
vt 0.5000 1.0000
vt 0.7500 0.9330
vt 0.5000 0.5000
vt 0.5000 1.0000
vt 0.2500 0.9330
vt 0.5000 0.5000
vt 0.2500 0.9330
vt 0.5000 1.0000
vt 0.5000 0.5000
vt 0.2500 0.9330
vt 0.0670 0.7500
vt 0.5000 0.5000
vt 0.0670 0.7500
vt 0.2500 0.9330
vt 0.5000 0.5000
vt 0.0670 0.7500
vt 0.0000 0.5000
vt 0.5000 0.5000
vt 0.0000 0.5000
vt 0.0670 0.7500
vt 0.5000 0.5000
vt 0.0000 0.5000
vt 0.0670 0.2500
vt 0.5000 0.5000
vt 0.0670 0.2500
vt 0.0000 0.5000
vt 0.5000 0.5000
vt 0.0670 0.2500
vt 0.2500 0.0670
vt 0.5000 0.5000
vt 0.2500 0.0670
vt 0.0670 0.2500
vt 0.5000 0.5000
vt 0.2500 0.0670
vt 0.5000 0.0000
vt 0.5000 0.5000
vt 0.5000 0.0000
vt 0.2500 0.0670
vt 0.5000 0.5000
vt 0.5000 0.0000
vt 0.7500 0.0670
vt 0.5000 0.5000
vt 0.7500 0.0670
vt 0.5000 0.0000
vt 0.5000 0.5000
vt 0.7500 0.0670
vt 0.9330 0.2500
vt 0.5000 0.5000
vt 0.9330 0.2500
vt 0.7500 0.0670
vt 0.5000 0.5000
vt 0.9330 0.2500
vt 1.0000 0.5000
vt 0.5000 0.5000
vt 1.0000 0.5000
vt 0.9330 0.2500
vt 0.0000 0.0000
vt 0.0833 0.0000
vt 0.0833 1.0000
vt 0.0000 1.0000
vt 0.0833 0.0000
vt 0.1667 0.0000
vt 0.1667 1.0000
vt 0.0833 1.0000
vt 0.1667 0.0000
vt 0.2500 0.0000
vt 0.2500 1.0000
vt 0.1667 1.0000
vt 0.2500 0.0000
vt 0.3333 0.0000
vt 0.3333 1.0000
vt 0.2500 1.0000
vt 0.3333 0.0000
vt 0.4167 0.0000
vt 0.4167 1.0000
vt 0.3333 1.0000
vt 0.4167 0.0000
vt 0.5000 0.0000
vt 0.5000 1.0000
vt 0.4167 1.0000
vt 0.5000 0.0000
vt 0.5833 0.0000
vt 0.5833 1.0000
vt 0.5000 1.0000
vt 0.5833 0.0000
vt 0.6667 0.0000
vt 0.6667 1.0000
vt 0.5833 1.0000
vt 0.6667 0.0000
vt 0.7500 0.0000
vt 0.7500 1.0000
vt 0.6667 1.0000
vt 0.7500 0.0000
vt 0.8333 0.0000
vt 0.8333 1.0000
vt 0.7500 1.0000
vt 0.8333 0.0000
vt 0.9167 0.0000
vt 0.9167 1.0000
vt 0.8333 1.0000
vt 0.9167 0.0000
vt 0.9167 1.0000
vt 1.0000 1.0000
vt 1.0000 0.0000
vt 0.0000 0.0000
vt 0.0833 0.0000
vt 0.0833 1.0000
vt 0.0000 1.0000
vt 0.0833 0.0000
vt 0.1667 0.0000
vt 0.1667 1.0000
vt 0.0833 1.0000
vt 0.1667 0.0000
vt 0.2500 0.0000
vt 0.2500 1.0000
vt 0.1667 1.0000
vt 0.2500 0.0000
vt 0.3333 0.0000
vt 0.3333 1.0000
vt 0.2500 1.0000
vt 0.3333 0.0000
vt 0.4167 0.0000
vt 0.4167 1.0000
vt 0.3333 1.0000
vt 0.4167 0.0000
vt 0.5000 0.0000
vt 0.5000 1.0000
vt 0.4167 1.0000
vt 0.5000 0.0000
vt 0.5833 0.0000
vt 0.5833 1.0000
vt 0.5000 1.0000
vt 0.5833 0.0000
vt 0.6667 0.0000
vt 0.6667 1.0000
vt 0.5833 1.0000
vt 0.6667 0.0000
vt 0.7500 0.0000
vt 0.7500 1.0000
vt 0.6667 1.0000
vt 0.7500 0.0000
vt 0.8333 0.0000
vt 0.8333 1.0000
vt 0.7500 1.0000
vt 0.8333 0.0000
vt 0.9167 0.0000
vt 0.9167 1.0000
vt 0.8333 1.0000
vt 0.9167 0.0000
vt 0.9167 1.0000
vt 1.0000 1.0000
vt 1.0000 0.0000
vt 0.5000 0.5000
vt 1.0000 0.5000
vt 0.9330 0.7500
vt 0.5000 0.5000
vt 0.9330 0.7500
vt 1.0000 0.5000
vt 0.5000 0.5000
vt 0.9330 0.7500
vt 0.7500 0.9330
vt 0.5000 0.5000
vt 0.7500 0.9330
vt 0.9330 0.7500
vt 0.5000 0.5000
vt 0.7500 0.9330
vt 0.5000 1.0000
vt 0.5000 0.5000
vt 0.5000 1.0000
vt 0.7500 0.9330
vt 0.5000 0.5000
vt 0.5000 1.0000
vt 0.2500 0.9330
vt 0.5000 0.5000
vt 0.2500 0.9330
vt 0.5000 1.0000
vt 0.5000 0.5000
vt 0.2500 0.9330
vt 0.0670 0.7500
vt 0.5000 0.5000
vt 0.0670 0.7500
vt 0.2500 0.9330
vt 0.5000 0.5000
vt 0.0670 0.7500
vt 0.0000 0.5000
vt 0.5000 0.5000
vt 0.0000 0.5000
vt 0.0670 0.7500
vt 0.5000 0.5000
vt 0.0000 0.5000
vt 0.0670 0.2500
vt 0.5000 0.5000
vt 0.0670 0.2500
vt 0.0000 0.5000
vt 0.5000 0.5000
vt 0.0670 0.2500
vt 0.2500 0.0670
vt 0.5000 0.5000
vt 0.2500 0.0670
vt 0.0670 0.2500
vt 0.5000 0.5000
vt 0.2500 0.0670
vt 0.5000 0.0000
vt 0.5000 0.5000
vt 0.5000 0.0000
vt 0.2500 0.0670
vt 0.5000 0.5000
vt 0.5000 0.0000
vt 0.7500 0.0670
vt 0.5000 0.5000
vt 0.7500 0.0670
vt 0.5000 0.0000
vt 0.5000 0.5000
vt 0.7500 0.0670
vt 0.9330 0.2500
vt 0.5000 0.5000
vt 0.9330 0.2500
vt 0.7500 0.0670
vt 0.5000 0.5000
vt 0.9330 0.2500
vt 1.0000 0.5000
vt 0.5000 0.5000
vt 1.0000 0.5000
vt 0.9330 0.2500
vt 0.0000 0.0000
vt 0.7600 0.0000
vt 0.7600 0.1600
vt 0.0000 0.1600
vt 0.0000 0.0000
vt 0.7600 0.0000
vt 0.7600 0.1600
vt 0.0000 0.1600
vt 0.0000 0.0000
vt 0.0000 0.0800
vt 0.7600 0.0800
vt 0.7600 0.0000
vt 0.0000 0.0000
vt 0.0000 0.0800
vt 0.7600 0.0800
vt 0.7600 0.0000
vt 0.0000 0.0000
vt 0.0000 0.0800
vt 0.1600 0.0800
vt 0.1600 0.0000
vt 0.0000 0.0000
vt 0.0000 0.0800
vt 0.1600 0.0800
vt 0.1600 0.0000
vt 0.0000 0.0000
vt 0.0833 0.0000
vt 0.0833 1.0000
vt 0.0000 1.0000
vt 0.0833 0.0000
vt 0.1667 0.0000
vt 0.1667 1.0000
vt 0.0833 1.0000
vt 0.1667 0.0000
vt 0.2500 0.0000
vt 0.2500 1.0000
vt 0.1667 1.0000
vt 0.2500 0.0000
vt 0.3333 0.0000
vt 0.3333 1.0000
vt 0.2500 1.0000
vt 0.3333 0.0000
vt 0.4167 0.0000
vt 0.4167 1.0000
vt 0.3333 1.0000
vt 0.4167 0.0000
vt 0.5000 0.0000
vt 0.5000 1.0000
vt 0.4167 1.0000
vt 0.5000 0.0000
vt 0.5833 0.0000
vt 0.5833 1.0000
vt 0.5000 1.0000
vt 0.5833 0.0000
vt 0.6667 0.0000
vt 0.6667 1.0000
vt 0.5833 1.0000
vt 0.6667 0.0000
vt 0.7500 0.0000
vt 0.7500 1.0000
vt 0.6667 1.0000
vt 0.7500 0.0000
vt 0.8333 0.0000
vt 0.8333 1.0000
vt 0.7500 1.0000
vt 0.8333 0.0000
vt 0.9167 0.0000
vt 0.9167 1.0000
vt 0.8333 1.0000
vt 0.9167 0.0000
vt 0.9167 1.0000
vt 1.0000 1.0000
vt 1.0000 0.0000
vt 0.5000 0.5000
vt 1.0000 0.5000
vt 0.9330 0.7500
vt 0.5000 0.5000
vt 0.9330 0.7500
vt 1.0000 0.5000
vt 0.5000 0.5000
vt 0.9330 0.7500
vt 0.7500 0.9330
vt 0.5000 0.5000
vt 0.7500 0.9330
vt 0.9330 0.7500
vt 0.5000 0.5000
vt 0.7500 0.9330
vt 0.5000 1.0000
vt 0.5000 0.5000
vt 0.5000 1.0000
vt 0.7500 0.9330
vt 0.5000 0.5000
vt 0.5000 1.0000
vt 0.2500 0.9330
vt 0.5000 0.5000
vt 0.2500 0.9330
vt 0.5000 1.0000
vt 0.5000 0.5000
vt 0.2500 0.9330
vt 0.0670 0.7500
vt 0.5000 0.5000
vt 0.0670 0.7500
vt 0.2500 0.9330
vt 0.5000 0.5000
vt 0.0670 0.7500
vt 0.0000 0.5000
vt 0.5000 0.5000
vt 0.0000 0.5000
vt 0.0670 0.7500
vt 0.5000 0.5000
vt 0.0000 0.5000
vt 0.0670 0.2500
vt 0.5000 0.5000
vt 0.0670 0.2500
vt 0.0000 0.5000
vt 0.5000 0.5000
vt 0.0670 0.2500
vt 0.2500 0.0670
vt 0.5000 0.5000
vt 0.2500 0.0670
vt 0.0670 0.2500
vt 0.5000 0.5000
vt 0.2500 0.0670
vt 0.5000 0.0000
vt 0.5000 0.5000
vt 0.5000 0.0000
vt 0.2500 0.0670
vt 0.5000 0.5000
vt 0.5000 0.0000
vt 0.7500 0.0670
vt 0.5000 0.5000
vt 0.7500 0.0670
vt 0.5000 0.0000
vt 0.5000 0.5000
vt 0.7500 0.0670
vt 0.9330 0.2500
vt 0.5000 0.5000
vt 0.9330 0.2500
vt 0.7500 0.0670
vt 0.5000 0.5000
vt 0.9330 0.2500
vt 1.0000 0.5000
vt 0.5000 0.5000
vt 1.0000 0.5000
vt 0.9330 0.2500
vt 0.0000 0.0000
vt 0.0833 0.0000
vt 0.0833 1.0000
vt 0.0000 1.0000
vt 0.0833 0.0000
vt 0.1667 0.0000
vt 0.1667 1.0000
vt 0.0833 1.0000
vt 0.1667 0.0000
vt 0.2500 0.0000
vt 0.2500 1.0000
vt 0.1667 1.0000
vt 0.2500 0.0000
vt 0.3333 0.0000
vt 0.3333 1.0000
vt 0.2500 1.0000
vt 0.3333 0.0000
vt 0.4167 0.0000
vt 0.4167 1.0000
vt 0.3333 1.0000
vt 0.4167 0.0000
vt 0.5000 0.0000
vt 0.5000 1.0000
vt 0.4167 1.0000
vt 0.5000 0.0000
vt 0.5833 0.0000
vt 0.5833 1.0000
vt 0.5000 1.0000
vt 0.5833 0.0000
vt 0.6667 0.0000
vt 0.6667 1.0000
vt 0.5833 1.0000
vt 0.6667 0.0000
vt 0.7500 0.0000
vt 0.7500 1.0000
vt 0.6667 1.0000
vt 0.7500 0.0000
vt 0.8333 0.0000
vt 0.8333 1.0000
vt 0.7500 1.0000
vt 0.8333 0.0000
vt 0.9167 0.0000
vt 0.9167 1.0000
vt 0.8333 1.0000
vt 0.9167 0.0000
vt 0.9167 1.0000
vt 1.0000 1.0000
vt 1.0000 0.0000
vt 0.0000 0.0000
vt 0.0833 0.0000
vt 0.0833 1.0000
vt 0.0000 1.0000
vt 0.0833 0.0000
vt 0.1667 0.0000
vt 0.1667 1.0000
vt 0.0833 1.0000
vt 0.1667 0.0000
vt 0.2500 0.0000
vt 0.2500 1.0000
vt 0.1667 1.0000
vt 0.2500 0.0000
vt 0.3333 0.0000
vt 0.3333 1.0000
vt 0.2500 1.0000
vt 0.3333 0.0000
vt 0.4167 0.0000
vt 0.4167 1.0000
vt 0.3333 1.0000
vt 0.4167 0.0000
vt 0.5000 0.0000
vt 0.5000 1.0000
vt 0.4167 1.0000
vt 0.5000 0.0000
vt 0.5833 0.0000
vt 0.5833 1.0000
vt 0.5000 1.0000
vt 0.5833 0.0000
vt 0.6667 0.0000
vt 0.6667 1.0000
vt 0.5833 1.0000
vt 0.6667 0.0000
vt 0.7500 0.0000
vt 0.7500 1.0000
vt 0.6667 1.0000
vt 0.7500 0.0000
vt 0.8333 0.0000
vt 0.8333 1.0000
vt 0.7500 1.0000
vt 0.8333 0.0000
vt 0.9167 0.0000
vt 0.9167 1.0000
vt 0.8333 1.0000
vt 0.9167 0.0000
vt 0.9167 1.0000
vt 1.0000 1.0000
vt 1.0000 0.0000
vt 0.5000 0.5000
vt 1.0000 0.5000
vt 0.9330 0.7500
vt 0.5000 0.5000
vt 0.9330 0.7500
vt 1.0000 0.5000
vt 0.5000 0.5000
vt 0.9330 0.7500
vt 0.7500 0.9330
vt 0.5000 0.5000
vt 0.7500 0.9330
vt 0.9330 0.7500
vt 0.5000 0.5000
vt 0.7500 0.9330
vt 0.5000 1.0000
vt 0.5000 0.5000
vt 0.5000 1.0000
vt 0.7500 0.9330
vt 0.5000 0.5000
vt 0.5000 1.0000
vt 0.2500 0.9330
vt 0.5000 0.5000
vt 0.2500 0.9330
vt 0.5000 1.0000
vt 0.5000 0.5000
vt 0.2500 0.9330
vt 0.0670 0.7500
vt 0.5000 0.5000
vt 0.0670 0.7500
vt 0.2500 0.9330
vt 0.5000 0.5000
vt 0.0670 0.7500
vt 0.0000 0.5000
vt 0.5000 0.5000
vt 0.0000 0.5000
vt 0.0670 0.7500
vt 0.5000 0.5000
vt 0.0000 0.5000
vt 0.0670 0.2500
vt 0.5000 0.5000
vt 0.0670 0.2500
vt 0.0000 0.5000
vt 0.5000 0.5000
vt 0.0670 0.2500
vt 0.2500 0.0670
vt 0.5000 0.5000
vt 0.2500 0.0670
vt 0.0670 0.2500
vt 0.5000 0.5000
vt 0.2500 0.0670
vt 0.5000 0.0000
vt 0.5000 0.5000
vt 0.5000 0.0000
vt 0.2500 0.0670
vt 0.5000 0.5000
vt 0.5000 0.0000
vt 0.7500 0.0670
vt 0.5000 0.5000
vt 0.7500 0.0670
vt 0.5000 0.0000
vt 0.5000 0.5000
vt 0.7500 0.0670
vt 0.9330 0.2500
vt 0.5000 0.5000
vt 0.9330 0.2500
vt 0.7500 0.0670
vt 0.5000 0.5000
vt 0.9330 0.2500
vt 1.0000 0.5000
vt 0.5000 0.5000
vt 1.0000 0.5000
vt 0.9330 0.2500
vt 0.0000 0.0000
vt 0.7600 0.0000
vt 0.7600 0.1600
vt 0.0000 0.1600
vt 0.0000 0.0000
vt 0.7600 0.0000
vt 0.7600 0.1600
vt 0.0000 0.1600
vt 0.0000 0.0000
vt 0.0000 0.0800
vt 0.7600 0.0800
vt 0.7600 0.0000
vt 0.0000 0.0000
vt 0.0000 0.0800
vt 0.7600 0.0800
vt 0.7600 0.0000
vt 0.0000 0.0000
vt 0.0000 0.0800
vt 0.1600 0.0800
vt 0.1600 0.0000
vt 0.0000 0.0000
vt 0.0000 0.0800
vt 0.1600 0.0800
vt 0.1600 0.0000
vt 0.0000 0.0000
vt 0.0833 0.0000
vt 0.0833 1.0000
vt 0.0000 1.0000
vt 0.0833 0.0000
vt 0.1667 0.0000
vt 0.1667 1.0000
vt 0.0833 1.0000
vt 0.1667 0.0000
vt 0.2500 0.0000
vt 0.2500 1.0000
vt 0.1667 1.0000
vt 0.2500 0.0000
vt 0.3333 0.0000
vt 0.3333 1.0000
vt 0.2500 1.0000
vt 0.3333 0.0000
vt 0.4167 0.0000
vt 0.4167 1.0000
vt 0.3333 1.0000
vt 0.4167 0.0000
vt 0.5000 0.0000
vt 0.5000 1.0000
vt 0.4167 1.0000
vt 0.5000 0.0000
vt 0.5833 0.0000
vt 0.5833 1.0000
vt 0.5000 1.0000
vt 0.5833 0.0000
vt 0.6667 0.0000
vt 0.6667 1.0000
vt 0.5833 1.0000
vt 0.6667 0.0000
vt 0.7500 0.0000
vt 0.7500 1.0000
vt 0.6667 1.0000
vt 0.7500 0.0000
vt 0.8333 0.0000
vt 0.8333 1.0000
vt 0.7500 1.0000
vt 0.8333 0.0000
vt 0.9167 0.0000
vt 0.9167 1.0000
vt 0.8333 1.0000
vt 0.9167 0.0000
vt 0.9167 1.0000
vt 1.0000 1.0000
vt 1.0000 0.0000
vt 0.5000 0.5000
vt 1.0000 0.5000
vt 0.9330 0.7500
vt 0.5000 0.5000
vt 0.9330 0.7500
vt 1.0000 0.5000
vt 0.5000 0.5000
vt 0.9330 0.7500
vt 0.7500 0.9330
vt 0.5000 0.5000
vt 0.7500 0.9330
vt 0.9330 0.7500
vt 0.5000 0.5000
vt 0.7500 0.9330
vt 0.5000 1.0000
vt 0.5000 0.5000
vt 0.5000 1.0000
vt 0.7500 0.9330
vt 0.5000 0.5000
vt 0.5000 1.0000
vt 0.2500 0.9330
vt 0.5000 0.5000
vt 0.2500 0.9330
vt 0.5000 1.0000
vt 0.5000 0.5000
vt 0.2500 0.9330
vt 0.0670 0.7500
vt 0.5000 0.5000
vt 0.0670 0.7500
vt 0.2500 0.9330
vt 0.5000 0.5000
vt 0.0670 0.7500
vt 0.0000 0.5000
vt 0.5000 0.5000
vt 0.0000 0.5000
vt 0.0670 0.7500
vt 0.5000 0.5000
vt 0.0000 0.5000
vt 0.0670 0.2500
vt 0.5000 0.5000
vt 0.0670 0.2500
vt 0.0000 0.5000
vt 0.5000 0.5000
vt 0.0670 0.2500
vt 0.2500 0.0670
vt 0.5000 0.5000
vt 0.2500 0.0670
vt 0.0670 0.2500
vt 0.5000 0.5000
vt 0.2500 0.0670
vt 0.5000 0.0000
vt 0.5000 0.5000
vt 0.5000 0.0000
vt 0.2500 0.0670
vt 0.5000 0.5000
vt 0.5000 0.0000
vt 0.7500 0.0670
vt 0.5000 0.5000
vt 0.7500 0.0670
vt 0.5000 0.0000
vt 0.5000 0.5000
vt 0.7500 0.0670
vt 0.9330 0.2500
vt 0.5000 0.5000
vt 0.9330 0.2500
vt 0.7500 0.0670
vt 0.5000 0.5000
vt 0.9330 0.2500
vt 1.0000 0.5000
vt 0.5000 0.5000
vt 1.0000 0.5000
vt 0.9330 0.2500
vt 0.0000 0.0000
vt 0.0833 0.0000
vt 0.0833 1.0000
vt 0.0000 1.0000
vt 0.0833 0.0000
vt 0.1667 0.0000
vt 0.1667 1.0000
vt 0.0833 1.0000
vt 0.1667 0.0000
vt 0.2500 0.0000
vt 0.2500 1.0000
vt 0.1667 1.0000
vt 0.2500 0.0000
vt 0.3333 0.0000
vt 0.3333 1.0000
vt 0.2500 1.0000
vt 0.3333 0.0000
vt 0.4167 0.0000
vt 0.4167 1.0000
vt 0.3333 1.0000
vt 0.4167 0.0000
vt 0.5000 0.0000
vt 0.5000 1.0000
vt 0.4167 1.0000
vt 0.5000 0.0000
vt 0.5833 0.0000
vt 0.5833 1.0000
vt 0.5000 1.0000
vt 0.5833 0.0000
vt 0.6667 0.0000
vt 0.6667 1.0000
vt 0.5833 1.0000
vt 0.6667 0.0000
vt 0.7500 0.0000
vt 0.7500 1.0000
vt 0.6667 1.0000
vt 0.7500 0.0000
vt 0.8333 0.0000
vt 0.8333 1.0000
vt 0.7500 1.0000
vt 0.8333 0.0000
vt 0.9167 0.0000
vt 0.9167 1.0000
vt 0.8333 1.0000
vt 0.9167 0.0000
vt 0.9167 1.0000
vt 1.0000 1.0000
vt 1.0000 0.0000
vt 0.0000 0.0000
vt 0.0833 0.0000
vt 0.0833 1.0000
vt 0.0000 1.0000
vt 0.0833 0.0000
vt 0.1667 0.0000
vt 0.1667 1.0000
vt 0.0833 1.0000
vt 0.1667 0.0000
vt 0.2500 0.0000
vt 0.2500 1.0000
vt 0.1667 1.0000
vt 0.2500 0.0000
vt 0.3333 0.0000
vt 0.3333 1.0000
vt 0.2500 1.0000
vt 0.3333 0.0000
vt 0.4167 0.0000
vt 0.4167 1.0000
vt 0.3333 1.0000
vt 0.4167 0.0000
vt 0.5000 0.0000
vt 0.5000 1.0000
vt 0.4167 1.0000
vt 0.5000 0.0000
vt 0.5833 0.0000
vt 0.5833 1.0000
vt 0.5000 1.0000
vt 0.5833 0.0000
vt 0.6667 0.0000
vt 0.6667 1.0000
vt 0.5833 1.0000
vt 0.6667 0.0000
vt 0.7500 0.0000
vt 0.7500 1.0000
vt 0.6667 1.0000
vt 0.7500 0.0000
vt 0.8333 0.0000
vt 0.8333 1.0000
vt 0.7500 1.0000
vt 0.8333 0.0000
vt 0.9167 0.0000
vt 0.9167 1.0000
vt 0.8333 1.0000
vt 0.9167 0.0000
vt 0.9167 1.0000
vt 1.0000 1.0000
vt 1.0000 0.0000
vt 0.5000 0.5000
vt 1.0000 0.5000
vt 0.9330 0.7500
vt 0.5000 0.5000
vt 0.9330 0.7500
vt 1.0000 0.5000
vt 0.5000 0.5000
vt 0.9330 0.7500
vt 0.7500 0.9330
vt 0.5000 0.5000
vt 0.7500 0.9330
vt 0.9330 0.7500
vt 0.5000 0.5000
vt 0.7500 0.9330
vt 0.5000 1.0000
vt 0.5000 0.5000
vt 0.5000 1.0000
vt 0.7500 0.9330
vt 0.5000 0.5000
vt 0.5000 1.0000
vt 0.2500 0.9330
vt 0.5000 0.5000
vt 0.2500 0.9330
vt 0.5000 1.0000
vt 0.5000 0.5000
vt 0.2500 0.9330
vt 0.0670 0.7500
vt 0.5000 0.5000
vt 0.0670 0.7500
vt 0.2500 0.9330
vt 0.5000 0.5000
vt 0.0670 0.7500
vt 0.0000 0.5000
vt 0.5000 0.5000
vt 0.0000 0.5000
vt 0.0670 0.7500
vt 0.5000 0.5000
vt 0.0000 0.5000
vt 0.0670 0.2500
vt 0.5000 0.5000
vt 0.0670 0.2500
vt 0.0000 0.5000
vt 0.5000 0.5000
vt 0.0670 0.2500
vt 0.2500 0.0670
vt 0.5000 0.5000
vt 0.2500 0.0670
vt 0.0670 0.2500
vt 0.5000 0.5000
vt 0.2500 0.0670
vt 0.5000 0.0000
vt 0.5000 0.5000
vt 0.5000 0.0000
vt 0.2500 0.0670
vt 0.5000 0.5000
vt 0.5000 0.0000
vt 0.7500 0.0670
vt 0.5000 0.5000
vt 0.7500 0.0670
vt 0.5000 0.0000
vt 0.5000 0.5000
vt 0.7500 0.0670
vt 0.9330 0.2500
vt 0.5000 0.5000
vt 0.9330 0.2500
vt 0.7500 0.0670
vt 0.5000 0.5000
vt 0.9330 0.2500
vt 1.0000 0.5000
vt 0.5000 0.5000
vt 1.0000 0.5000
vt 0.9330 0.2500
vt 0.0000 0.0000
vt 0.7600 0.0000
vt 0.7600 0.1600
vt 0.0000 0.1600
vt 0.0000 0.0000
vt 0.7600 0.0000
vt 0.7600 0.1600
vt 0.0000 0.1600
vt 0.0000 0.0000
vt 0.0000 0.0800
vt 0.7600 0.0800
vt 0.7600 0.0000
vt 0.0000 0.0000
vt 0.0000 0.0800
vt 0.7600 0.0800
vt 0.7600 0.0000
vt 0.0000 0.0000
vt 0.0000 0.0800
vt 0.1600 0.0800
vt 0.1600 0.0000
vt 0.0000 0.0000
vt 0.0000 0.0800
vt 0.1600 0.0800
vt 0.1600 0.0000
vt 0.0000 0.0000
vt 0.0833 0.0000
vt 0.0833 1.0000
vt 0.0000 1.0000
vt 0.0833 0.0000
vt 0.1667 0.0000
vt 0.1667 1.0000
vt 0.0833 1.0000
vt 0.1667 0.0000
vt 0.2500 0.0000
vt 0.2500 1.0000
vt 0.1667 1.0000
vt 0.2500 0.0000
vt 0.3333 0.0000
vt 0.3333 1.0000
vt 0.2500 1.0000
vt 0.3333 0.0000
vt 0.4167 0.0000
vt 0.4167 1.0000
vt 0.3333 1.0000
vt 0.4167 0.0000
vt 0.5000 0.0000
vt 0.5000 1.0000
vt 0.4167 1.0000
vt 0.5000 0.0000
vt 0.5833 0.0000
vt 0.5833 1.0000
vt 0.5000 1.0000
vt 0.5833 0.0000
vt 0.6667 0.0000
vt 0.6667 1.0000
vt 0.5833 1.0000
vt 0.6667 0.0000
vt 0.7500 0.0000
vt 0.7500 1.0000
vt 0.6667 1.0000
vt 0.7500 0.0000
vt 0.8333 0.0000
vt 0.8333 1.0000
vt 0.7500 1.0000
vt 0.8333 0.0000
vt 0.9167 0.0000
vt 0.9167 1.0000
vt 0.8333 1.0000
vt 0.9167 0.0000
vt 0.9167 1.0000
vt 1.0000 1.0000
vt 1.0000 0.0000
vt 0.5000 0.5000
vt 1.0000 0.5000
vt 0.9330 0.7500
vt 0.5000 0.5000
vt 0.9330 0.7500
vt 1.0000 0.5000
vt 0.5000 0.5000
vt 0.9330 0.7500
vt 0.7500 0.9330
vt 0.5000 0.5000
vt 0.7500 0.9330
vt 0.9330 0.7500
vt 0.5000 0.5000
vt 0.7500 0.9330
vt 0.5000 1.0000
vt 0.5000 0.5000
vt 0.5000 1.0000
vt 0.7500 0.9330
vt 0.5000 0.5000
vt 0.5000 1.0000
vt 0.2500 0.9330
vt 0.5000 0.5000
vt 0.2500 0.9330
vt 0.5000 1.0000
vt 0.5000 0.5000
vt 0.2500 0.9330
vt 0.0670 0.7500
vt 0.5000 0.5000
vt 0.0670 0.7500
vt 0.2500 0.9330
vt 0.5000 0.5000
vt 0.0670 0.7500
vt 0.0000 0.5000
vt 0.5000 0.5000
vt 0.0000 0.5000
vt 0.0670 0.7500
vt 0.5000 0.5000
vt 0.0000 0.5000
vt 0.0670 0.2500
vt 0.5000 0.5000
vt 0.0670 0.2500
vt 0.0000 0.5000
vt 0.5000 0.5000
vt 0.0670 0.2500
vt 0.2500 0.0670
vt 0.5000 0.5000
vt 0.2500 0.0670
vt 0.0670 0.2500
vt 0.5000 0.5000
vt 0.2500 0.0670
vt 0.5000 0.0000
vt 0.5000 0.5000
vt 0.5000 0.0000
vt 0.2500 0.0670
vt 0.5000 0.5000
vt 0.5000 0.0000
vt 0.7500 0.0670
vt 0.5000 0.5000
vt 0.7500 0.0670
vt 0.5000 0.0000
vt 0.5000 0.5000
vt 0.7500 0.0670
vt 0.9330 0.2500
vt 0.5000 0.5000
vt 0.9330 0.2500
vt 0.7500 0.0670
vt 0.5000 0.5000
vt 0.9330 0.2500
vt 1.0000 0.5000
vt 0.5000 0.5000
vt 1.0000 0.5000
vt 0.9330 0.2500
vt 0.0000 0.0000
vt 0.0833 0.0000
vt 0.0833 1.0000
vt 0.0000 1.0000
vt 0.0833 0.0000
vt 0.1667 0.0000
vt 0.1667 1.0000
vt 0.0833 1.0000
vt 0.1667 0.0000
vt 0.2500 0.0000
vt 0.2500 1.0000
vt 0.1667 1.0000
vt 0.2500 0.0000
vt 0.3333 0.0000
vt 0.3333 1.0000
vt 0.2500 1.0000
vt 0.3333 0.0000
vt 0.4167 0.0000
vt 0.4167 1.0000
vt 0.3333 1.0000
vt 0.4167 0.0000
vt 0.5000 0.0000
vt 0.5000 1.0000
vt 0.4167 1.0000
vt 0.5000 0.0000
vt 0.5833 0.0000
vt 0.5833 1.0000
vt 0.5000 1.0000
vt 0.5833 0.0000
vt 0.6667 0.0000
vt 0.6667 1.0000
vt 0.5833 1.0000
vt 0.6667 0.0000
vt 0.7500 0.0000
vt 0.7500 1.0000
vt 0.6667 1.0000
vt 0.7500 0.0000
vt 0.8333 0.0000
vt 0.8333 1.0000
vt 0.7500 1.0000
vt 0.8333 0.0000
vt 0.9167 0.0000
vt 0.9167 1.0000
vt 0.8333 1.0000
vt 0.9167 0.0000
vt 0.9167 1.0000
vt 1.0000 1.0000
vt 1.0000 0.0000
vt 0.0000 0.0000
vt 0.0833 0.0000
vt 0.0833 1.0000
vt 0.0000 1.0000
vt 0.0833 0.0000
vt 0.1667 0.0000
vt 0.1667 1.0000
vt 0.0833 1.0000
vt 0.1667 0.0000
vt 0.2500 0.0000
vt 0.2500 1.0000
vt 0.1667 1.0000
vt 0.2500 0.0000
vt 0.3333 0.0000
vt 0.3333 1.0000
vt 0.2500 1.0000
vt 0.3333 0.0000
vt 0.4167 0.0000
vt 0.4167 1.0000
vt 0.3333 1.0000
vt 0.4167 0.0000
vt 0.5000 0.0000
vt 0.5000 1.0000
vt 0.4167 1.0000
vt 0.5000 0.0000
vt 0.5833 0.0000
vt 0.5833 1.0000
vt 0.5000 1.0000
vt 0.5833 0.0000
vt 0.6667 0.0000
vt 0.6667 1.0000
vt 0.5833 1.0000
vt 0.6667 0.0000
vt 0.7500 0.0000
vt 0.7500 1.0000
vt 0.6667 1.0000
vt 0.7500 0.0000
vt 0.8333 0.0000
vt 0.8333 1.0000
vt 0.7500 1.0000
vt 0.8333 0.0000
vt 0.9167 0.0000
vt 0.9167 1.0000
vt 0.8333 1.0000
vt 0.9167 0.0000
vt 0.9167 1.0000
vt 1.0000 1.0000
vt 1.0000 0.0000
vt 0.5000 0.5000
vt 1.0000 0.5000
vt 0.9330 0.7500
vt 0.5000 0.5000
vt 0.9330 0.7500
vt 1.0000 0.5000
vt 0.5000 0.5000
vt 0.9330 0.7500
vt 0.7500 0.9330
vt 0.5000 0.5000
vt 0.7500 0.9330
vt 0.9330 0.7500
vt 0.5000 0.5000
vt 0.7500 0.9330
vt 0.5000 1.0000
vt 0.5000 0.5000
vt 0.5000 1.0000
vt 0.7500 0.9330
vt 0.5000 0.5000
vt 0.5000 1.0000
vt 0.2500 0.9330
vt 0.5000 0.5000
vt 0.2500 0.9330
vt 0.5000 1.0000
vt 0.5000 0.5000
vt 0.2500 0.9330
vt 0.0670 0.7500
vt 0.5000 0.5000
vt 0.0670 0.7500
vt 0.2500 0.9330
vt 0.5000 0.5000
vt 0.0670 0.7500
vt 0.0000 0.5000
vt 0.5000 0.5000
vt 0.0000 0.5000
vt 0.0670 0.7500
vt 0.5000 0.5000
vt 0.0000 0.5000
vt 0.0670 0.2500
vt 0.5000 0.5000
vt 0.0670 0.2500
vt 0.0000 0.5000
vt 0.5000 0.5000
vt 0.0670 0.2500
vt 0.2500 0.0670
vt 0.5000 0.5000
vt 0.2500 0.0670
vt 0.0670 0.2500
vt 0.5000 0.5000
vt 0.2500 0.0670
vt 0.5000 0.0000
vt 0.5000 0.5000
vt 0.5000 0.0000
vt 0.2500 0.0670
vt 0.5000 0.5000
vt 0.5000 0.0000
vt 0.7500 0.0670
vt 0.5000 0.5000
vt 0.7500 0.0670
vt 0.5000 0.0000
vt 0.5000 0.5000
vt 0.7500 0.0670
vt 0.9330 0.2500
vt 0.5000 0.5000
vt 0.9330 0.2500
vt 0.7500 0.0670
vt 0.5000 0.5000
vt 0.9330 0.2500
vt 1.0000 0.5000
vt 0.5000 0.5000
vt 1.0000 0.5000
vt 0.9330 0.2500
vt 0.0000 0.0000
vt 0.7600 0.0000
vt 0.7600 0.1600
vt 0.0000 0.1600
vt 0.0000 0.0000
vt 0.7600 0.0000
vt 0.7600 0.1600
vt 0.0000 0.1600
vt 0.0000 0.0000
vt 0.0000 0.0800
vt 0.7600 0.0800
vt 0.7600 0.0000
vt 0.0000 0.0000
vt 0.0000 0.0800
vt 0.7600 0.0800
vt 0.7600 0.0000
vt 0.0000 0.0000
vt 0.0000 0.0800
vt 0.1600 0.0800
vt 0.1600 0.0000
vt 0.0000 0.0000
vt 0.0000 0.0800
vt 0.1600 0.0800
vt 0.1600 0.0000
vt 0.0000 0.0000
vt 0.0833 0.0000
vt 0.0833 1.0000
vt 0.0000 1.0000
vt 0.0833 0.0000
vt 0.1667 0.0000
vt 0.1667 1.0000
vt 0.0833 1.0000
vt 0.1667 0.0000
vt 0.2500 0.0000
vt 0.2500 1.0000
vt 0.1667 1.0000
vt 0.2500 0.0000
vt 0.3333 0.0000
vt 0.3333 1.0000
vt 0.2500 1.0000
vt 0.3333 0.0000
vt 0.4167 0.0000
vt 0.4167 1.0000
vt 0.3333 1.0000
vt 0.4167 0.0000
vt 0.5000 0.0000
vt 0.5000 1.0000
vt 0.4167 1.0000
vt 0.5000 0.0000
vt 0.5833 0.0000
vt 0.5833 1.0000
vt 0.5000 1.0000
vt 0.5833 0.0000
vt 0.6667 0.0000
vt 0.6667 1.0000
vt 0.5833 1.0000
vt 0.6667 0.0000
vt 0.7500 0.0000
vt 0.7500 1.0000
vt 0.6667 1.0000
vt 0.7500 0.0000
vt 0.8333 0.0000
vt 0.8333 1.0000
vt 0.7500 1.0000
vt 0.8333 0.0000
vt 0.9167 0.0000
vt 0.9167 1.0000
vt 0.8333 1.0000
vt 0.9167 0.0000
vt 0.9167 1.0000
vt 1.0000 1.0000
vt 1.0000 0.0000
vt 0.5000 0.5000
vt 1.0000 0.5000
vt 0.9330 0.7500
vt 0.5000 0.5000
vt 0.9330 0.7500
vt 1.0000 0.5000
vt 0.5000 0.5000
vt 0.9330 0.7500
vt 0.7500 0.9330
vt 0.5000 0.5000
vt 0.7500 0.9330
vt 0.9330 0.7500
vt 0.5000 0.5000
vt 0.7500 0.9330
vt 0.5000 1.0000
vt 0.5000 0.5000
vt 0.5000 1.0000
vt 0.7500 0.9330
vt 0.5000 0.5000
vt 0.5000 1.0000
vt 0.2500 0.9330
vt 0.5000 0.5000
vt 0.2500 0.9330
vt 0.5000 1.0000
vt 0.5000 0.5000
vt 0.2500 0.9330
vt 0.0670 0.7500
vt 0.5000 0.5000
vt 0.0670 0.7500
vt 0.2500 0.9330
vt 0.5000 0.5000
vt 0.0670 0.7500
vt 0.0000 0.5000
vt 0.5000 0.5000
vt 0.0000 0.5000
vt 0.0670 0.7500
vt 0.5000 0.5000
vt 0.0000 0.5000
vt 0.0670 0.2500
vt 0.5000 0.5000
vt 0.0670 0.2500
vt 0.0000 0.5000
vt 0.5000 0.5000
vt 0.0670 0.2500
vt 0.2500 0.0670
vt 0.5000 0.5000
vt 0.2500 0.0670
vt 0.0670 0.2500
vt 0.5000 0.5000
vt 0.2500 0.0670
vt 0.5000 0.0000
vt 0.5000 0.5000
vt 0.5000 0.0000
vt 0.2500 0.0670
vt 0.5000 0.5000
vt 0.5000 0.0000
vt 0.7500 0.0670
vt 0.5000 0.5000
vt 0.7500 0.0670
vt 0.5000 0.0000
vt 0.5000 0.5000
vt 0.7500 0.0670
vt 0.9330 0.2500
vt 0.5000 0.5000
vt 0.9330 0.2500
vt 0.7500 0.0670
vt 0.5000 0.5000
vt 0.9330 0.2500
vt 1.0000 0.5000
vt 0.5000 0.5000
vt 1.0000 0.5000
vt 0.9330 0.2500
vt 0.0000 0.0000
vt 0.0833 0.0000
vt 0.0833 1.0000
vt 0.0000 1.0000
vt 0.0833 0.0000
vt 0.1667 0.0000
vt 0.1667 1.0000
vt 0.0833 1.0000
vt 0.1667 0.0000
vt 0.2500 0.0000
vt 0.2500 1.0000
vt 0.1667 1.0000
vt 0.2500 0.0000
vt 0.3333 0.0000
vt 0.3333 1.0000
vt 0.2500 1.0000
vt 0.3333 0.0000
vt 0.4167 0.0000
vt 0.4167 1.0000
vt 0.3333 1.0000
vt 0.4167 0.0000
vt 0.5000 0.0000
vt 0.5000 1.0000
vt 0.4167 1.0000
vt 0.5000 0.0000
vt 0.5833 0.0000
vt 0.5833 1.0000
vt 0.5000 1.0000
vt 0.5833 0.0000
vt 0.6667 0.0000
vt 0.6667 1.0000
vt 0.5833 1.0000
vt 0.6667 0.0000
vt 0.7500 0.0000
vt 0.7500 1.0000
vt 0.6667 1.0000
vt 0.7500 0.0000
vt 0.8333 0.0000
vt 0.8333 1.0000
vt 0.7500 1.0000
vt 0.8333 0.0000
vt 0.9167 0.0000
vt 0.9167 1.0000
vt 0.8333 1.0000
vt 0.9167 0.0000
vt 0.9167 1.0000
vt 1.0000 1.0000
vt 1.0000 0.0000
vt 0.0000 0.0000
vt 0.0833 0.0000
vt 0.0833 1.0000
vt 0.0000 1.0000
vt 0.0833 0.0000
vt 0.1667 0.0000
vt 0.1667 1.0000
vt 0.0833 1.0000
vt 0.1667 0.0000
vt 0.2500 0.0000
vt 0.2500 1.0000
vt 0.1667 1.0000
vt 0.2500 0.0000
vt 0.3333 0.0000
vt 0.3333 1.0000
vt 0.2500 1.0000
vt 0.3333 0.0000
vt 0.4167 0.0000
vt 0.4167 1.0000
vt 0.3333 1.0000
vt 0.4167 0.0000
vt 0.5000 0.0000
vt 0.5000 1.0000
vt 0.4167 1.0000
vt 0.5000 0.0000
vt 0.5833 0.0000
vt 0.5833 1.0000
vt 0.5000 1.0000
vt 0.5833 0.0000
vt 0.6667 0.0000
vt 0.6667 1.0000
vt 0.5833 1.0000
vt 0.6667 0.0000
vt 0.7500 0.0000
vt 0.7500 1.0000
vt 0.6667 1.0000
vt 0.7500 0.0000
vt 0.8333 0.0000
vt 0.8333 1.0000
vt 0.7500 1.0000
vt 0.8333 0.0000
vt 0.9167 0.0000
vt 0.9167 1.0000
vt 0.8333 1.0000
vt 0.9167 0.0000
vt 0.9167 1.0000
vt 1.0000 1.0000
vt 1.0000 0.0000
vt 0.5000 0.5000
vt 1.0000 0.5000
vt 0.9330 0.7500
vt 0.5000 0.5000
vt 0.9330 0.7500
vt 1.0000 0.5000
vt 0.5000 0.5000
vt 0.9330 0.7500
vt 0.7500 0.9330
vt 0.5000 0.5000
vt 0.7500 0.9330
vt 0.9330 0.7500
vt 0.5000 0.5000
vt 0.7500 0.9330
vt 0.5000 1.0000
vt 0.5000 0.5000
vt 0.5000 1.0000
vt 0.7500 0.9330
vt 0.5000 0.5000
vt 0.5000 1.0000
vt 0.2500 0.9330
vt 0.5000 0.5000
vt 0.2500 0.9330
vt 0.5000 1.0000
vt 0.5000 0.5000
vt 0.2500 0.9330
vt 0.0670 0.7500
vt 0.5000 0.5000
vt 0.0670 0.7500
vt 0.2500 0.9330
vt 0.5000 0.5000
vt 0.0670 0.7500
vt 0.0000 0.5000
vt 0.5000 0.5000
vt 0.0000 0.5000
vt 0.0670 0.7500
vt 0.5000 0.5000
vt 0.0000 0.5000
vt 0.0670 0.2500
vt 0.5000 0.5000
vt 0.0670 0.2500
vt 0.0000 0.5000
vt 0.5000 0.5000
vt 0.0670 0.2500
vt 0.2500 0.0670
vt 0.5000 0.5000
vt 0.2500 0.0670
vt 0.0670 0.2500
vt 0.5000 0.5000
vt 0.2500 0.0670
vt 0.5000 0.0000
vt 0.5000 0.5000
vt 0.5000 0.0000
vt 0.2500 0.0670
vt 0.5000 0.5000
vt 0.5000 0.0000
vt 0.7500 0.0670
vt 0.5000 0.5000
vt 0.7500 0.0670
vt 0.5000 0.0000
vt 0.5000 0.5000
vt 0.7500 0.0670
vt 0.9330 0.2500
vt 0.5000 0.5000
vt 0.9330 0.2500
vt 0.7500 0.0670
vt 0.5000 0.5000
vt 0.9330 0.2500
vt 1.0000 0.5000
vt 0.5000 0.5000
vt 1.0000 0.5000
vt 0.9330 0.2500
vt 0.0000 0.0000
vt 0.7600 0.0000
vt 0.7600 0.1600
vt 0.0000 0.1600
vt 0.0000 0.0000
vt 0.7600 0.0000
vt 0.7600 0.1600
vt 0.0000 0.1600
vt 0.0000 0.0000
vt 0.0000 0.0800
vt 0.7600 0.0800
vt 0.7600 0.0000
vt 0.0000 0.0000
vt 0.0000 0.0800
vt 0.7600 0.0800
vt 0.7600 0.0000
vt 0.0000 0.0000
vt 0.0000 0.0800
vt 0.1600 0.0800
vt 0.1600 0.0000
vt 0.0000 0.0000
vt 0.0000 0.0800
vt 0.1600 0.0800
vt 0.1600 0.0000
vt 0.0000 0.0000
vt 0.0400 0.0000
vt 0.0400 0.0700
vt 0.0000 0.0700
vt 0.0000 0.0000
vt 0.0400 0.0000
vt 0.0400 0.0700
vt 0.0000 0.0700
vt 0.0000 0.0000
vt 0.0000 3.4000
vt 0.0400 3.4000
vt 0.0400 0.0000
vt 0.0000 0.0000
vt 0.0000 3.4000
vt 0.0400 3.4000
vt 0.0400 0.0000
vt 0.0000 0.0000
vt 0.0000 3.4000
vt 0.0700 3.4000
vt 0.0700 0.0000
vt 0.0000 0.0000
vt 0.0000 3.4000
vt 0.0700 3.4000
vt 0.0700 0.0000
vt 0.0000 0.0000
vt 0.0400 0.0000
vt 0.0400 0.0700
vt 0.0000 0.0700
vt 0.0000 0.0000
vt 0.0400 0.0000
vt 0.0400 0.0700
vt 0.0000 0.0700
vt 0.0000 0.0000
vt 0.0000 3.4000
vt 0.0400 3.4000
vt 0.0400 0.0000
vt 0.0000 0.0000
vt 0.0000 3.4000
vt 0.0400 3.4000
vt 0.0400 0.0000
vt 0.0000 0.0000
vt 0.0000 3.4000
vt 0.0700 3.4000
vt 0.0700 0.0000
vt 0.0000 0.0000
vt 0.0000 3.4000
vt 0.0700 3.4000
vt 0.0700 0.0000
vt 0.0000 0.0000
vt 0.5500 0.0000
vt 0.5500 0.0400
vt 0.0000 0.0400
vt 0.0000 0.0000
vt 0.5500 0.0000
vt 0.5500 0.0400
vt 0.0000 0.0400
vt 0.0000 0.0000
vt 0.0000 0.0360
vt 0.5500 0.0360
vt 0.5500 0.0000
vt 0.0000 0.0000
vt 0.0000 0.0360
vt 0.5500 0.0360
vt 0.5500 0.0000
vt 0.0000 0.0000
vt 0.0000 0.0360
vt 0.0400 0.0360
vt 0.0400 0.0000
vt 0.0000 0.0000
vt 0.0000 0.0360
vt 0.0400 0.0360
vt 0.0400 0.0000
vt 0.0000 0.0000
vt 0.5500 0.0000
vt 0.5500 0.0400
vt 0.0000 0.0400
vt 0.0000 0.0000
vt 0.5500 0.0000
vt 0.5500 0.0400
vt 0.0000 0.0400
vt 0.0000 0.0000
vt 0.0000 0.0360
vt 0.5500 0.0360
vt 0.5500 0.0000
vt 0.0000 0.0000
vt 0.0000 0.0360
vt 0.5500 0.0360
vt 0.5500 0.0000
vt 0.0000 0.0000
vt 0.0000 0.0360
vt 0.0400 0.0360
vt 0.0400 0.0000
vt 0.0000 0.0000
vt 0.0000 0.0360
vt 0.0400 0.0360
vt 0.0400 0.0000
vt 0.0000 0.0000
vt 0.5500 0.0000
vt 0.5500 0.0400
vt 0.0000 0.0400
vt 0.0000 0.0000
vt 0.5500 0.0000
vt 0.5500 0.0400
vt 0.0000 0.0400
vt 0.0000 0.0000
vt 0.0000 0.0360
vt 0.5500 0.0360
vt 0.5500 0.0000
vt 0.0000 0.0000
vt 0.0000 0.0360
vt 0.5500 0.0360
vt 0.5500 0.0000
vt 0.0000 0.0000
vt 0.0000 0.0360
vt 0.0400 0.0360
vt 0.0400 0.0000
vt 0.0000 0.0000
vt 0.0000 0.0360
vt 0.0400 0.0360
vt 0.0400 0.0000
vt 0.0000 0.0000
vt 0.5500 0.0000
vt 0.5500 0.0400
vt 0.0000 0.0400
vt 0.0000 0.0000
vt 0.5500 0.0000
vt 0.5500 0.0400
vt 0.0000 0.0400
vt 0.0000 0.0000
vt 0.0000 0.0360
vt 0.5500 0.0360
vt 0.5500 0.0000
vt 0.0000 0.0000
vt 0.0000 0.0360
vt 0.5500 0.0360
vt 0.5500 0.0000
vt 0.0000 0.0000
vt 0.0000 0.0360
vt 0.0400 0.0360
vt 0.0400 0.0000
vt 0.0000 0.0000
vt 0.0000 0.0360
vt 0.0400 0.0360
vt 0.0400 0.0000
vt 0.0000 0.0000
vt 0.5500 0.0000
vt 0.5500 0.0400
vt 0.0000 0.0400
vt 0.0000 0.0000
vt 0.5500 0.0000
vt 0.5500 0.0400
vt 0.0000 0.0400
vt 0.0000 0.0000
vt 0.0000 0.0360
vt 0.5500 0.0360
vt 0.5500 0.0000
vt 0.0000 0.0000
vt 0.0000 0.0360
vt 0.5500 0.0360
vt 0.5500 0.0000
vt 0.0000 0.0000
vt 0.0000 0.0360
vt 0.0400 0.0360
vt 0.0400 0.0000
vt 0.0000 0.0000
vt 0.0000 0.0360
vt 0.0400 0.0360
vt 0.0400 0.0000
vt 0.0000 0.0000
vt 0.5500 0.0000
vt 0.5500 0.0400
vt 0.0000 0.0400
vt 0.0000 0.0000
vt 0.5500 0.0000
vt 0.5500 0.0400
vt 0.0000 0.0400
vt 0.0000 0.0000
vt 0.0000 0.0360
vt 0.5500 0.0360
vt 0.5500 0.0000
vt 0.0000 0.0000
vt 0.0000 0.0360
vt 0.5500 0.0360
vt 0.5500 0.0000
vt 0.0000 0.0000
vt 0.0000 0.0360
vt 0.0400 0.0360
vt 0.0400 0.0000
vt 0.0000 0.0000
vt 0.0000 0.0360
vt 0.0400 0.0360
vt 0.0400 0.0000
vt 0.0000 0.0000
vt 0.5500 0.0000
vt 0.5500 0.0400
vt 0.0000 0.0400
vt 0.0000 0.0000
vt 0.5500 0.0000
vt 0.5500 0.0400
vt 0.0000 0.0400
vt 0.0000 0.0000
vt 0.0000 0.0360
vt 0.5500 0.0360
vt 0.5500 0.0000
vt 0.0000 0.0000
vt 0.0000 0.0360
vt 0.5500 0.0360
vt 0.5500 0.0000
vt 0.0000 0.0000
vt 0.0000 0.0360
vt 0.0400 0.0360
vt 0.0400 0.0000
vt 0.0000 0.0000
vt 0.0000 0.0360
vt 0.0400 0.0360
vt 0.0400 0.0000
vt 0.0000 0.0000
vt 0.5500 0.0000
vt 0.5500 0.0400
vt 0.0000 0.0400
vt 0.0000 0.0000
vt 0.5500 0.0000
vt 0.5500 0.0400
vt 0.0000 0.0400
vt 0.0000 0.0000
vt 0.0000 0.0360
vt 0.5500 0.0360
vt 0.5500 0.0000
vt 0.0000 0.0000
vt 0.0000 0.0360
vt 0.5500 0.0360
vt 0.5500 0.0000
vt 0.0000 0.0000
vt 0.0000 0.0360
vt 0.0400 0.0360
vt 0.0400 0.0000
vt 0.0000 0.0000
vt 0.0000 0.0360
vt 0.0400 0.0360
vt 0.0400 0.0000
vt 0.0000 0.0000
vt 0.5500 0.0000
vt 0.5500 0.0400
vt 0.0000 0.0400
vt 0.0000 0.0000
vt 0.5500 0.0000
vt 0.5500 0.0400
vt 0.0000 0.0400
vt 0.0000 0.0000
vt 0.0000 0.0360
vt 0.5500 0.0360
vt 0.5500 0.0000
vt 0.0000 0.0000
vt 0.0000 0.0360
vt 0.5500 0.0360
vt 0.5500 0.0000
vt 0.0000 0.0000
vt 0.0000 0.0360
vt 0.0400 0.0360
vt 0.0400 0.0000
vt 0.0000 0.0000
vt 0.0000 0.0360
vt 0.0400 0.0360
vt 0.0400 0.0000
vt 0.0000 0.0000
vt 0.5500 0.0000
vt 0.5500 0.0400
vt 0.0000 0.0400
vt 0.0000 0.0000
vt 0.5500 0.0000
vt 0.5500 0.0400
vt 0.0000 0.0400
vt 0.0000 0.0000
vt 0.0000 0.0360
vt 0.5500 0.0360
vt 0.5500 0.0000
vt 0.0000 0.0000
vt 0.0000 0.0360
vt 0.5500 0.0360
vt 0.5500 0.0000
vt 0.0000 0.0000
vt 0.0000 0.0360
vt 0.0400 0.0360
vt 0.0400 0.0000
vt 0.0000 0.0000
vt 0.0000 0.0360
vt 0.0400 0.0360
vt 0.0400 0.0000
vt 0.0000 0.0000
vt 0.0700 0.0000
vt 0.0700 0.0400
vt 0.0000 0.0400
vt 0.0000 0.0000
vt 0.0700 0.0000
vt 0.0700 0.0400
vt 0.0000 0.0400
vt 0.0000 0.0000
vt 0.0000 3.4000
vt 0.0700 3.4000
vt 0.0700 0.0000
vt 0.0000 0.0000
vt 0.0000 3.4000
vt 0.0700 3.4000
vt 0.0700 0.0000
vt 0.0000 0.0000
vt 0.0000 3.4000
vt 0.0400 3.4000
vt 0.0400 0.0000
vt 0.0000 0.0000
vt 0.0000 3.4000
vt 0.0400 3.4000
vt 0.0400 0.0000
vt 0.0000 0.0000
vt 0.0700 0.0000
vt 0.0700 0.0400
vt 0.0000 0.0400
vt 0.0000 0.0000
vt 0.0700 0.0000
vt 0.0700 0.0400
vt 0.0000 0.0400
vt 0.0000 0.0000
vt 0.0000 3.4000
vt 0.0700 3.4000
vt 0.0700 0.0000
vt 0.0000 0.0000
vt 0.0000 3.4000
vt 0.0700 3.4000
vt 0.0700 0.0000
vt 0.0000 0.0000
vt 0.0000 3.4000
vt 0.0400 3.4000
vt 0.0400 0.0000
vt 0.0000 0.0000
vt 0.0000 3.4000
vt 0.0400 3.4000
vt 0.0400 0.0000
vt 0.0000 0.0000
vt 0.0400 0.0000
vt 0.0400 0.5500
vt 0.0000 0.5500
vt 0.0000 0.0000
vt 0.0400 0.0000
vt 0.0400 0.5500
vt 0.0000 0.5500
vt 0.0000 0.0000
vt 0.0000 0.0360
vt 0.0400 0.0360
vt 0.0400 0.0000
vt 0.0000 0.0000
vt 0.0000 0.0360
vt 0.0400 0.0360
vt 0.0400 0.0000
vt 0.0000 0.0000
vt 0.0000 0.0360
vt 0.5500 0.0360
vt 0.5500 0.0000
vt 0.0000 0.0000
vt 0.0000 0.0360
vt 0.5500 0.0360
vt 0.5500 0.0000
vt 0.0000 0.0000
vt 0.0400 0.0000
vt 0.0400 0.5500
vt 0.0000 0.5500
vt 0.0000 0.0000
vt 0.0400 0.0000
vt 0.0400 0.5500
vt 0.0000 0.5500
vt 0.0000 0.0000
vt 0.0000 0.0360
vt 0.0400 0.0360
vt 0.0400 0.0000
vt 0.0000 0.0000
vt 0.0000 0.0360
vt 0.0400 0.0360
vt 0.0400 0.0000
vt 0.0000 0.0000
vt 0.0000 0.0360
vt 0.5500 0.0360
vt 0.5500 0.0000
vt 0.0000 0.0000
vt 0.0000 0.0360
vt 0.5500 0.0360
vt 0.5500 0.0000
vt 0.0000 0.0000
vt 0.0400 0.0000
vt 0.0400 0.5500
vt 0.0000 0.5500
vt 0.0000 0.0000
vt 0.0400 0.0000
vt 0.0400 0.5500
vt 0.0000 0.5500
vt 0.0000 0.0000
vt 0.0000 0.0360
vt 0.0400 0.0360
vt 0.0400 0.0000
vt 0.0000 0.0000
vt 0.0000 0.0360
vt 0.0400 0.0360
vt 0.0400 0.0000
vt 0.0000 0.0000
vt 0.0000 0.0360
vt 0.5500 0.0360
vt 0.5500 0.0000
vt 0.0000 0.0000
vt 0.0000 0.0360
vt 0.5500 0.0360
vt 0.5500 0.0000
vt 0.0000 0.0000
vt 0.0400 0.0000
vt 0.0400 0.5500
vt 0.0000 0.5500
vt 0.0000 0.0000
vt 0.0400 0.0000
vt 0.0400 0.5500
vt 0.0000 0.5500
vt 0.0000 0.0000
vt 0.0000 0.0360
vt 0.0400 0.0360
vt 0.0400 0.0000
vt 0.0000 0.0000
vt 0.0000 0.0360
vt 0.0400 0.0360
vt 0.0400 0.0000
vt 0.0000 0.0000
vt 0.0000 0.0360
vt 0.5500 0.0360
vt 0.5500 0.0000
vt 0.0000 0.0000
vt 0.0000 0.0360
vt 0.5500 0.0360
vt 0.5500 0.0000
vt 0.0000 0.0000
vt 0.0400 0.0000
vt 0.0400 0.5500
vt 0.0000 0.5500
vt 0.0000 0.0000
vt 0.0400 0.0000
vt 0.0400 0.5500
vt 0.0000 0.5500
vt 0.0000 0.0000
vt 0.0000 0.0360
vt 0.0400 0.0360
vt 0.0400 0.0000
vt 0.0000 0.0000
vt 0.0000 0.0360
vt 0.0400 0.0360
vt 0.0400 0.0000
vt 0.0000 0.0000
vt 0.0000 0.0360
vt 0.5500 0.0360
vt 0.5500 0.0000
vt 0.0000 0.0000
vt 0.0000 0.0360
vt 0.5500 0.0360
vt 0.5500 0.0000
vt 0.0000 0.0000
vt 0.0400 0.0000
vt 0.0400 0.5500
vt 0.0000 0.5500
vt 0.0000 0.0000
vt 0.0400 0.0000
vt 0.0400 0.5500
vt 0.0000 0.5500
vt 0.0000 0.0000
vt 0.0000 0.0360
vt 0.0400 0.0360
vt 0.0400 0.0000
vt 0.0000 0.0000
vt 0.0000 0.0360
vt 0.0400 0.0360
vt 0.0400 0.0000
vt 0.0000 0.0000
vt 0.0000 0.0360
vt 0.5500 0.0360
vt 0.5500 0.0000
vt 0.0000 0.0000
vt 0.0000 0.0360
vt 0.5500 0.0360
vt 0.5500 0.0000
vt 0.0000 0.0000
vt 0.0400 0.0000
vt 0.0400 0.5500
vt 0.0000 0.5500
vt 0.0000 0.0000
vt 0.0400 0.0000
vt 0.0400 0.5500
vt 0.0000 0.5500
vt 0.0000 0.0000
vt 0.0000 0.0360
vt 0.0400 0.0360
vt 0.0400 0.0000
vt 0.0000 0.0000
vt 0.0000 0.0360
vt 0.0400 0.0360
vt 0.0400 0.0000
vt 0.0000 0.0000
vt 0.0000 0.0360
vt 0.5500 0.0360
vt 0.5500 0.0000
vt 0.0000 0.0000
vt 0.0000 0.0360
vt 0.5500 0.0360
vt 0.5500 0.0000
vt 0.0000 0.0000
vt 0.0400 0.0000
vt 0.0400 0.5500
vt 0.0000 0.5500
vt 0.0000 0.0000
vt 0.0400 0.0000
vt 0.0400 0.5500
vt 0.0000 0.5500
vt 0.0000 0.0000
vt 0.0000 0.0360
vt 0.0400 0.0360
vt 0.0400 0.0000
vt 0.0000 0.0000
vt 0.0000 0.0360
vt 0.0400 0.0360
vt 0.0400 0.0000
vt 0.0000 0.0000
vt 0.0000 0.0360
vt 0.5500 0.0360
vt 0.5500 0.0000
vt 0.0000 0.0000
vt 0.0000 0.0360
vt 0.5500 0.0360
vt 0.5500 0.0000
vt 0.0000 0.0000
vt 0.0400 0.0000
vt 0.0400 0.5500
vt 0.0000 0.5500
vt 0.0000 0.0000
vt 0.0400 0.0000
vt 0.0400 0.5500
vt 0.0000 0.5500
vt 0.0000 0.0000
vt 0.0000 0.0360
vt 0.0400 0.0360
vt 0.0400 0.0000
vt 0.0000 0.0000
vt 0.0000 0.0360
vt 0.0400 0.0360
vt 0.0400 0.0000
vt 0.0000 0.0000
vt 0.0000 0.0360
vt 0.5500 0.0360
vt 0.5500 0.0000
vt 0.0000 0.0000
vt 0.0000 0.0360
vt 0.5500 0.0360
vt 0.5500 0.0000
vt 0.0000 0.0000
vt 0.0400 0.0000
vt 0.0400 0.5500
vt 0.0000 0.5500
vt 0.0000 0.0000
vt 0.0400 0.0000
vt 0.0400 0.5500
vt 0.0000 0.5500
vt 0.0000 0.0000
vt 0.0000 0.0360
vt 0.0400 0.0360
vt 0.0400 0.0000
vt 0.0000 0.0000
vt 0.0000 0.0360
vt 0.0400 0.0360
vt 0.0400 0.0000
vt 0.0000 0.0000
vt 0.0000 0.0360
vt 0.5500 0.0360
vt 0.5500 0.0000
vt 0.0000 0.0000
vt 0.0000 0.0360
vt 0.5500 0.0360
vt 0.5500 0.0000

vn 0.0000 0.0000 1.0000
vn 0.0000 0.0000 1.0000
vn 0.0000 0.0000 1.0000
vn 0.0000 1.0000 0.0000
vn -1.0000 0.0000 0.0000
vn 0.0000 0.0000 1.0000
vn 0.0000 0.0000 1.0000
vn 0.0000 0.0000 1.0000
vn 0.0000 -1.0000 0.0000
vn 0.0000 -1.0000 0.0000
vn 0.0000 -1.0000 0.0000
vn 1.0000 0.0000 0.0000
vn 1.0000 0.0000 0.0000
vn 1.0000 0.0000 0.0000
vn 0.0000 1.0000 0.0000
vn -1.0000 0.0000 0.0000
vn -1.0000 0.0000 0.0000
vn 0.0000 1.0000 0.0000
vn 0.0000 0.0000 -1.0000
vn 0.0000 0.0000 -1.0000
vn -0.9808 -0.1951 0.0000
vn -0.8315 -0.5556 0.0000
vn -0.5556 -0.8315 0.0000
vn -0.1951 -0.9808 0.0000
vn 0.1951 -0.9808 0.0000
vn 0.5556 -0.8315 0.0000
vn 0.8315 -0.5556 0.0000
vn 0.9808 -0.1951 0.0000
vn 0.0000 0.0000 1.0000
vn 0.0000 0.0000 -1.0000
vn 0.0000 0.0000 1.0000
vn 0.0000 0.0000 -1.0000
vn 0.0000 0.0000 1.0000
vn 0.0000 0.0000 -1.0000
vn 0.0000 0.0000 1.0000
vn 0.0000 0.0000 -1.0000
vn 0.0000 0.0000 1.0000
vn 0.0000 0.0000 -1.0000
vn 0.0000 0.0000 1.0000
vn 0.0000 0.0000 -1.0000
vn 0.0000 0.0000 1.0000
vn 0.0000 0.0000 -1.0000
vn 0.0000 0.0000 1.0000
vn 0.0000 0.0000 -1.0000
vn -0.9808 -0.1951 0.0000
vn -0.8315 -0.5556 0.0000
vn -0.5556 -0.8315 0.0000
vn -0.1951 -0.9808 0.0000
vn 0.1951 -0.9808 0.0000
vn 0.5556 -0.8315 0.0000
vn 0.8315 -0.5556 0.0000
vn 0.9808 -0.1951 0.0000
vn 0.0000 0.0000 1.0000
vn 0.0000 0.0000 -1.0000
vn 0.0000 0.0000 1.0000
vn 0.0000 0.0000 -1.0000
vn 0.0000 0.0000 1.0000
vn 0.0000 0.0000 -1.0000
vn 0.0000 0.0000 1.0000
vn 0.0000 0.0000 -1.0000
vn 0.0000 0.0000 1.0000
vn 0.0000 0.0000 -1.0000
vn 0.0000 0.0000 1.0000
vn 0.0000 0.0000 -1.0000
vn 0.0000 0.0000 1.0000
vn 0.0000 0.0000 -1.0000
vn 0.0000 0.0000 1.0000
vn 0.0000 0.0000 -1.0000
vn -0.9808 -0.1951 0.0000
vn -0.8315 -0.5556 0.0000
vn -0.5556 -0.8315 0.0000
vn -0.1951 -0.9808 0.0000
vn 0.1951 -0.9808 0.0000
vn 0.5556 -0.8315 0.0000
vn 0.8315 -0.5556 0.0000
vn 0.9808 -0.1951 0.0000
vn 0.0000 0.0000 1.0000
vn 0.0000 0.0000 -1.0000
vn 0.0000 0.0000 1.0000
vn 0.0000 0.0000 -1.0000
vn 0.0000 0.0000 1.0000
vn 0.0000 0.0000 -1.0000
vn 0.0000 0.0000 1.0000
vn 0.0000 0.0000 -1.0000
vn 0.0000 0.0000 1.0000
vn 0.0000 0.0000 -1.0000
vn 0.0000 0.0000 1.0000
vn 0.0000 0.0000 -1.0000
vn 0.0000 0.0000 1.0000
vn 0.0000 0.0000 -1.0000
vn 0.0000 0.0000 1.0000
vn 0.0000 0.0000 -1.0000
vn -0.9808 -0.1951 0.0000
vn -0.8315 -0.5556 0.0000
vn -0.5556 -0.8315 0.0000
vn -0.1951 -0.9808 0.0000
vn 0.1951 -0.9808 0.0000
vn 0.5556 -0.8315 0.0000
vn 0.8315 -0.5556 0.0000
vn 0.9808 -0.1951 0.0000
vn 0.0000 0.0000 1.0000
vn 0.0000 0.0000 -1.0000
vn 0.0000 0.0000 1.0000
vn 0.0000 0.0000 -1.0000
vn 0.0000 0.0000 1.0000
vn 0.0000 0.0000 -1.0000
vn 0.0000 0.0000 1.0000
vn 0.0000 0.0000 -1.0000
vn 0.0000 0.0000 1.0000
vn 0.0000 0.0000 -1.0000
vn 0.0000 0.0000 1.0000
vn 0.0000 0.0000 -1.0000
vn 0.0000 0.0000 1.0000
vn 0.0000 0.0000 -1.0000
vn 0.0000 0.0000 1.0000
vn 0.0000 0.0000 -1.0000
vn -0.9808 -0.1951 0.0000
vn -0.8315 -0.5556 0.0000
vn -0.5556 -0.8315 0.0000
vn -0.1951 -0.9808 0.0000
vn 0.1951 -0.9808 0.0000
vn 0.5556 -0.8315 0.0000
vn 0.8315 -0.5556 0.0000
vn 0.9808 -0.1951 0.0000
vn 0.0000 0.0000 1.0000
vn 0.0000 0.0000 -1.0000
vn 0.0000 0.0000 1.0000
vn 0.0000 0.0000 -1.0000
vn 0.0000 0.0000 1.0000
vn 0.0000 0.0000 -1.0000
vn 0.0000 0.0000 1.0000
vn 0.0000 0.0000 -1.0000
vn 0.0000 0.0000 1.0000
vn 0.0000 0.0000 -1.0000
vn 0.0000 0.0000 1.0000
vn 0.0000 0.0000 -1.0000
vn 0.0000 0.0000 1.0000
vn 0.0000 0.0000 -1.0000
vn 0.0000 0.0000 1.0000
vn 0.0000 0.0000 -1.0000
vn -0.9808 -0.1951 0.0000
vn -0.8315 -0.5556 0.0000
vn -0.5556 -0.8315 0.0000
vn -0.1951 -0.9808 0.0000
vn 0.1951 -0.9808 0.0000
vn 0.5556 -0.8315 0.0000
vn 0.8315 -0.5556 0.0000
vn 0.9808 -0.1951 0.0000
vn 0.0000 0.0000 1.0000
vn 0.0000 0.0000 -1.0000
vn 0.0000 0.0000 1.0000
vn 0.0000 0.0000 -1.0000
vn 0.0000 0.0000 1.0000
vn 0.0000 0.0000 -1.0000
vn 0.0000 0.0000 1.0000
vn 0.0000 0.0000 -1.0000
vn 0.0000 0.0000 1.0000
vn 0.0000 0.0000 -1.0000
vn 0.0000 0.0000 1.0000
vn 0.0000 0.0000 -1.0000
vn 0.0000 0.0000 1.0000
vn 0.0000 0.0000 -1.0000
vn 0.0000 0.0000 1.0000
vn 0.0000 0.0000 -1.0000
vn -0.9808 -0.1951 0.0000
vn -0.8315 -0.5556 0.0000
vn -0.5556 -0.8315 0.0000
vn -0.1951 -0.9808 0.0000
vn 0.1951 -0.9808 0.0000
vn 0.5556 -0.8315 0.0000
vn 0.8315 -0.5556 0.0000
vn 0.9808 -0.1951 0.0000
vn 0.0000 0.0000 1.0000
vn 0.0000 0.0000 -1.0000
vn 0.0000 0.0000 1.0000
vn 0.0000 0.0000 -1.0000
vn 0.0000 0.0000 1.0000
vn 0.0000 0.0000 -1.0000
vn 0.0000 0.0000 1.0000
vn 0.0000 0.0000 -1.0000
vn 0.0000 0.0000 1.0000
vn 0.0000 0.0000 -1.0000
vn 0.0000 0.0000 1.0000
vn 0.0000 0.0000 -1.0000
vn 0.0000 0.0000 1.0000
vn 0.0000 0.0000 -1.0000
vn 0.0000 0.0000 1.0000
vn 0.0000 0.0000 -1.0000
vn -0.9808 -0.1951 0.0000
vn -0.8315 -0.5556 0.0000
vn -0.5556 -0.8315 0.0000
vn -0.1951 -0.9808 0.0000
vn 0.1951 -0.9808 0.0000
vn 0.5556 -0.8315 0.0000
vn 0.8315 -0.5556 0.0000
vn 0.9808 -0.1951 0.0000
vn 0.0000 0.0000 1.0000
vn 0.0000 0.0000 -1.0000
vn 0.0000 0.0000 1.0000
vn 0.0000 0.0000 -1.0000
vn 0.0000 0.0000 1.0000
vn 0.0000 0.0000 -1.0000
vn 0.0000 0.0000 1.0000
vn 0.0000 0.0000 -1.0000
vn 0.0000 0.0000 1.0000
vn 0.0000 0.0000 -1.0000
vn 0.0000 0.0000 1.0000
vn 0.0000 0.0000 -1.0000
vn 0.0000 0.0000 1.0000
vn 0.0000 0.0000 -1.0000
vn 0.0000 0.0000 1.0000
vn 0.0000 0.0000 -1.0000
vn -0.9808 -0.1951 0.0000
vn -0.8315 -0.5556 0.0000
vn -0.5556 -0.8315 0.0000
vn -0.1951 -0.9808 0.0000
vn 0.1951 -0.9808 0.0000
vn 0.5556 -0.8315 0.0000
vn 0.8315 -0.5556 0.0000
vn 0.9808 -0.1951 0.0000
vn 0.0000 0.0000 1.0000
vn 0.0000 0.0000 -1.0000
vn 0.0000 0.0000 1.0000
vn 0.0000 0.0000 -1.0000
vn 0.0000 0.0000 1.0000
vn 0.0000 0.0000 -1.0000
vn 0.0000 0.0000 1.0000
vn 0.0000 0.0000 -1.0000
vn 0.0000 0.0000 1.0000
vn 0.0000 0.0000 -1.0000
vn 0.0000 0.0000 1.0000
vn 0.0000 0.0000 -1.0000
vn 0.0000 0.0000 1.0000
vn 0.0000 0.0000 -1.0000
vn 0.0000 0.0000 1.0000
vn 0.0000 0.0000 -1.0000
vn -0.9808 -0.1951 0.0000
vn -0.8315 -0.5556 0.0000
vn -0.5556 -0.8315 0.0000
vn -0.1951 -0.9808 0.0000
vn 0.1951 -0.9808 0.0000
vn 0.5556 -0.8315 0.0000
vn 0.8315 -0.5556 0.0000
vn 0.9808 -0.1951 0.0000
vn 0.0000 0.0000 1.0000
vn 0.0000 0.0000 -1.0000
vn 0.0000 0.0000 1.0000
vn 0.0000 0.0000 -1.0000
vn 0.0000 0.0000 1.0000
vn 0.0000 0.0000 -1.0000
vn 0.0000 0.0000 1.0000
vn 0.0000 0.0000 -1.0000
vn 0.0000 0.0000 1.0000
vn 0.0000 0.0000 -1.0000
vn 0.0000 0.0000 1.0000
vn 0.0000 0.0000 -1.0000
vn 0.0000 0.0000 1.0000
vn 0.0000 0.0000 -1.0000
vn 0.0000 0.0000 1.0000
vn 0.0000 0.0000 -1.0000
vn 0.1951 -0.9808 0.0000
vn 0.5556 -0.8315 0.0000
vn 0.8315 -0.5556 0.0000
vn 0.9808 -0.1951 0.0000
vn 0.9808 0.1951 0.0000
vn 0.8315 0.5556 0.0000
vn 0.5556 0.8315 0.0000
vn 0.1951 0.9808 0.0000
vn 0.0000 0.0000 1.0000
vn 0.0000 0.0000 -1.0000
vn 0.0000 0.0000 1.0000
vn 0.0000 0.0000 -1.0000
vn 0.0000 0.0000 1.0000
vn 0.0000 0.0000 -1.0000
vn 0.0000 0.0000 1.0000
vn 0.0000 0.0000 -1.0000
vn 0.0000 0.0000 1.0000
vn 0.0000 0.0000 -1.0000
vn 0.0000 0.0000 1.0000
vn 0.0000 0.0000 -1.0000
vn 0.0000 0.0000 1.0000
vn 0.0000 0.0000 -1.0000
vn 0.0000 0.0000 1.0000
vn 0.0000 0.0000 -1.0000
vn 0.1951 -0.9808 0.0000
vn 0.5556 -0.8315 0.0000
vn 0.8315 -0.5556 0.0000
vn 0.9808 -0.1951 0.0000
vn 0.9808 0.1951 0.0000
vn 0.8315 0.5556 0.0000
vn 0.5556 0.8315 0.0000
vn 0.1951 0.9808 0.0000
vn 0.0000 0.0000 1.0000
vn 0.0000 0.0000 -1.0000
vn 0.0000 0.0000 1.0000
vn 0.0000 0.0000 -1.0000
vn 0.0000 0.0000 1.0000
vn 0.0000 0.0000 -1.0000
vn 0.0000 0.0000 1.0000
vn 0.0000 0.0000 -1.0000
vn 0.0000 0.0000 1.0000
vn 0.0000 0.0000 -1.0000
vn 0.0000 0.0000 1.0000
vn 0.0000 0.0000 -1.0000
vn 0.0000 0.0000 1.0000
vn 0.0000 0.0000 -1.0000
vn 0.0000 0.0000 1.0000
vn 0.0000 0.0000 -1.0000
vn 0.1951 -0.9808 0.0000
vn 0.5556 -0.8315 0.0000
vn 0.8315 -0.5556 0.0000
vn 0.9808 -0.1951 0.0000
vn 0.9808 0.1951 0.0000
vn 0.8315 0.5556 0.0000
vn 0.5556 0.8315 0.0000
vn 0.1951 0.9808 0.0000
vn 0.0000 0.0000 1.0000
vn 0.0000 0.0000 -1.0000
vn 0.0000 0.0000 1.0000
vn 0.0000 0.0000 -1.0000
vn 0.0000 0.0000 1.0000
vn 0.0000 0.0000 -1.0000
vn 0.0000 0.0000 1.0000
vn 0.0000 0.0000 -1.0000
vn 0.0000 0.0000 1.0000
vn 0.0000 0.0000 -1.0000
vn 0.0000 0.0000 1.0000
vn 0.0000 0.0000 -1.0000
vn 0.0000 0.0000 1.0000
vn 0.0000 0.0000 -1.0000
vn 0.0000 0.0000 1.0000
vn 0.0000 0.0000 -1.0000
vn 0.9659 0.2588 0.0000
vn 0.7071 0.7071 0.0000
vn 0.2588 0.9659 0.0000
vn -0.2588 0.9659 0.0000
vn -0.7071 0.7071 0.0000
vn -0.9659 0.2588 0.0000
vn -0.9659 -0.2588 0.0000
vn -0.7071 -0.7071 0.0000
vn -0.2588 -0.9659 0.0000
vn 0.2588 -0.9659 0.0000
vn 0.7071 -0.7071 0.0000
vn -0.9659 0.2588 0.0000
vn 0.0000 0.0000 1.0000
vn 0.0000 0.0000 -1.0000
vn 0.0000 0.0000 1.0000
vn 0.0000 0.0000 -1.0000
vn 0.0000 0.0000 1.0000
vn 0.0000 0.0000 -1.0000
vn 0.0000 0.0000 1.0000
vn 0.0000 0.0000 -1.0000
vn 0.0000 0.0000 1.0000
vn 0.0000 0.0000 -1.0000
vn 0.0000 0.0000 1.0000
vn 0.0000 0.0000 -1.0000
vn 0.0000 0.0000 1.0000
vn 0.0000 0.0000 -1.0000
vn 0.0000 0.0000 1.0000
vn 0.0000 0.0000 -1.0000
vn 0.0000 0.0000 1.0000
vn 0.0000 0.0000 -1.0000
vn 0.0000 0.0000 1.0000
vn 0.0000 0.0000 -1.0000
vn 0.0000 0.0000 1.0000
vn 0.0000 0.0000 -1.0000
vn 0.0000 0.0000 1.0000
vn 0.0000 0.0000 -1.0000
vn 0.9659 0.2588 0.0000
vn 0.7071 0.7071 0.0000
vn 0.2588 0.9659 0.0000
vn -0.2588 0.9659 0.0000
vn -0.7071 0.7071 0.0000
vn -0.9659 0.2588 0.0000
vn -0.9659 -0.2588 0.0000
vn -0.7071 -0.7071 0.0000
vn -0.2588 -0.9659 0.0000
vn 0.2588 -0.9659 0.0000
vn 0.7071 -0.7071 0.0000
vn -0.9659 0.2588 0.0000
vn 0.9659 0.2588 0.0000
vn 0.7071 0.7071 0.0000
vn 0.2588 0.9659 0.0000
vn -0.2588 0.9659 0.0000
vn -0.7071 0.7071 0.0000
vn -0.9659 0.2588 0.0000
vn -0.9659 -0.2588 0.0000
vn -0.7071 -0.7071 0.0000
vn -0.2588 -0.9659 0.0000
vn 0.2588 -0.9659 0.0000
vn 0.7071 -0.7071 0.0000
vn -0.9659 0.2588 0.0000
vn 0.0000 0.0000 1.0000
vn 0.0000 0.0000 -1.0000
vn 0.0000 0.0000 1.0000
vn 0.0000 0.0000 -1.0000
vn 0.0000 0.0000 1.0000
vn 0.0000 0.0000 -1.0000
vn 0.0000 0.0000 1.0000
vn 0.0000 0.0000 -1.0000
vn 0.0000 0.0000 1.0000
vn 0.0000 0.0000 -1.0000
vn 0.0000 0.0000 1.0000
vn 0.0000 0.0000 -1.0000
vn 0.0000 0.0000 1.0000
vn 0.0000 0.0000 -1.0000
vn 0.0000 0.0000 1.0000
vn 0.0000 0.0000 -1.0000
vn 0.0000 0.0000 1.0000
vn 0.0000 0.0000 -1.0000
vn 0.0000 0.0000 1.0000
vn 0.0000 0.0000 -1.0000
vn 0.0000 0.0000 1.0000
vn 0.0000 0.0000 -1.0000
vn 0.0000 0.0000 1.0000
vn 0.0000 0.0000 -1.0000
vn 0.0000 0.0000 1.0000
vn 0.0000 0.0000 -1.0000
vn 0.0000 1.0000 0.0000
vn 0.0000 -1.0000 0.0000
vn -1.0000 0.0000 0.0000
vn 1.0000 0.0000 0.0000
vn 0.9659 0.2588 0.0000
vn 0.7071 0.7071 0.0000
vn 0.2588 0.9659 0.0000
vn -0.2588 0.9659 0.0000
vn -0.7071 0.7071 0.0000
vn -0.9659 0.2588 0.0000
vn -0.9659 -0.2588 0.0000
vn -0.7071 -0.7071 0.0000
vn -0.2588 -0.9659 0.0000
vn 0.2588 -0.9659 0.0000
vn 0.7071 -0.7071 0.0000
vn -0.9659 0.2588 0.0000
vn 0.0000 0.0000 1.0000
vn 0.0000 0.0000 -1.0000
vn 0.0000 0.0000 1.0000
vn 0.0000 0.0000 -1.0000
vn 0.0000 0.0000 1.0000
vn 0.0000 0.0000 -1.0000
vn 0.0000 0.0000 1.0000
vn 0.0000 0.0000 -1.0000
vn 0.0000 0.0000 1.0000
vn 0.0000 0.0000 -1.0000
vn 0.0000 0.0000 1.0000
vn 0.0000 0.0000 -1.0000
vn 0.0000 0.0000 1.0000
vn 0.0000 0.0000 -1.0000
vn 0.0000 0.0000 1.0000
vn 0.0000 0.0000 -1.0000
vn 0.0000 0.0000 1.0000
vn 0.0000 0.0000 -1.0000
vn 0.0000 0.0000 1.0000
vn 0.0000 0.0000 -1.0000
vn 0.0000 0.0000 1.0000
vn 0.0000 0.0000 -1.0000
vn 0.0000 0.0000 1.0000
vn 0.0000 0.0000 -1.0000
vn 0.9659 0.2588 0.0000
vn 0.7071 0.7071 0.0000
vn 0.2588 0.9659 0.0000
vn -0.2588 0.9659 0.0000
vn -0.7071 0.7071 0.0000
vn -0.9659 0.2588 0.0000
vn -0.9659 -0.2588 0.0000
vn -0.7071 -0.7071 0.0000
vn -0.2588 -0.9659 0.0000
vn 0.2588 -0.9659 0.0000
vn 0.7071 -0.7071 0.0000
vn -0.9659 0.2588 0.0000
vn 0.9659 0.2588 0.0000
vn 0.7071 0.7071 0.0000
vn 0.2588 0.9659 0.0000
vn -0.2588 0.9659 0.0000
vn -0.7071 0.7071 0.0000
vn -0.9659 0.2588 0.0000
vn -0.9659 -0.2588 0.0000
vn -0.7071 -0.7071 0.0000
vn -0.2588 -0.9659 0.0000
vn 0.2588 -0.9659 0.0000
vn 0.7071 -0.7071 0.0000
vn -0.9659 0.2588 0.0000
vn 0.0000 0.0000 1.0000
vn 0.0000 0.0000 -1.0000
vn 0.0000 0.0000 1.0000
vn 0.0000 0.0000 -1.0000
vn 0.0000 0.0000 1.0000
vn 0.0000 0.0000 -1.0000
vn 0.0000 0.0000 1.0000
vn 0.0000 0.0000 -1.0000
vn 0.0000 0.0000 1.0000
vn 0.0000 0.0000 -1.0000
vn 0.0000 0.0000 1.0000
vn 0.0000 0.0000 -1.0000
vn 0.0000 0.0000 1.0000
vn 0.0000 0.0000 -1.0000
vn 0.0000 0.0000 1.0000
vn 0.0000 0.0000 -1.0000
vn 0.0000 0.0000 1.0000
vn 0.0000 0.0000 -1.0000
vn 0.0000 0.0000 1.0000
vn 0.0000 0.0000 -1.0000
vn 0.0000 0.0000 1.0000
vn 0.0000 0.0000 -1.0000
vn 0.0000 0.0000 1.0000
vn 0.0000 0.0000 -1.0000
vn 0.0000 0.0000 1.0000
vn 0.0000 0.0000 -1.0000
vn 0.0000 1.0000 0.0000
vn 0.0000 -1.0000 0.0000
vn -1.0000 0.0000 0.0000
vn 1.0000 0.0000 0.0000
vn 0.9659 0.2588 0.0000
vn 0.7071 0.7071 0.0000
vn 0.2588 0.9659 0.0000
vn -0.2588 0.9659 0.0000
vn -0.7071 0.7071 0.0000
vn -0.9659 0.2588 0.0000
vn -0.9659 -0.2588 0.0000
vn -0.7071 -0.7071 0.0000
vn -0.2588 -0.9659 0.0000
vn 0.2588 -0.9659 0.0000
vn 0.7071 -0.7071 0.0000
vn -0.9659 0.2588 0.0000
vn 0.0000 0.0000 1.0000
vn 0.0000 0.0000 -1.0000
vn 0.0000 0.0000 1.0000
vn 0.0000 0.0000 -1.0000
vn 0.0000 0.0000 1.0000
vn 0.0000 0.0000 -1.0000
vn 0.0000 0.0000 1.0000
vn 0.0000 0.0000 -1.0000
vn 0.0000 0.0000 1.0000
vn 0.0000 0.0000 -1.0000
vn 0.0000 0.0000 1.0000
vn 0.0000 0.0000 -1.0000
vn 0.0000 0.0000 1.0000
vn 0.0000 0.0000 -1.0000
vn 0.0000 0.0000 1.0000
vn 0.0000 0.0000 -1.0000
vn 0.0000 0.0000 1.0000
vn 0.0000 0.0000 -1.0000
vn 0.0000 0.0000 1.0000
vn 0.0000 0.0000 -1.0000
vn 0.0000 0.0000 1.0000
vn 0.0000 0.0000 -1.0000
vn 0.0000 0.0000 1.0000
vn 0.0000 0.0000 -1.0000
vn 0.9659 0.2588 0.0000
vn 0.7071 0.7071 0.0000
vn 0.2588 0.9659 0.0000
vn -0.2588 0.9659 0.0000
vn -0.7071 0.7071 0.0000
vn -0.9659 0.2588 0.0000
vn -0.9659 -0.2588 0.0000
vn -0.7071 -0.7071 0.0000
vn -0.2588 -0.9659 0.0000
vn 0.2588 -0.9659 0.0000
vn 0.7071 -0.7071 0.0000
vn -0.9659 0.2588 0.0000
vn 0.9659 0.2588 0.0000
vn 0.7071 0.7071 0.0000
vn 0.2588 0.9659 0.0000
vn -0.2588 0.9659 0.0000
vn -0.7071 0.7071 0.0000
vn -0.9659 0.2588 0.0000
vn -0.9659 -0.2588 0.0000
vn -0.7071 -0.7071 0.0000
vn -0.2588 -0.9659 0.0000
vn 0.2588 -0.9659 0.0000
vn 0.7071 -0.7071 0.0000
vn -0.9659 0.2588 0.0000
vn 0.0000 0.0000 1.0000
vn 0.0000 0.0000 -1.0000
vn 0.0000 0.0000 1.0000
vn 0.0000 0.0000 -1.0000
vn 0.0000 0.0000 1.0000
vn 0.0000 0.0000 -1.0000
vn 0.0000 0.0000 1.0000
vn 0.0000 0.0000 -1.0000
vn 0.0000 0.0000 1.0000
vn 0.0000 0.0000 -1.0000
vn 0.0000 0.0000 1.0000
vn 0.0000 0.0000 -1.0000
vn 0.0000 0.0000 1.0000
vn 0.0000 0.0000 -1.0000
vn 0.0000 0.0000 1.0000
vn 0.0000 0.0000 -1.0000
vn 0.0000 0.0000 1.0000
vn 0.0000 0.0000 -1.0000
vn 0.0000 0.0000 1.0000
vn 0.0000 0.0000 -1.0000
vn 0.0000 0.0000 1.0000
vn 0.0000 0.0000 -1.0000
vn 0.0000 0.0000 1.0000
vn 0.0000 0.0000 -1.0000
vn 0.0000 0.0000 1.0000
vn 0.0000 0.0000 -1.0000
vn 0.0000 1.0000 0.0000
vn 0.0000 -1.0000 0.0000
vn -1.0000 0.0000 0.0000
vn 1.0000 0.0000 0.0000
vn 0.9659 0.2588 0.0000
vn 0.7071 0.7071 0.0000
vn 0.2588 0.9659 0.0000
vn -0.2588 0.9659 0.0000
vn -0.7071 0.7071 0.0000
vn -0.9659 0.2588 0.0000
vn -0.9659 -0.2588 0.0000
vn -0.7071 -0.7071 0.0000
vn -0.2588 -0.9659 0.0000
vn 0.2588 -0.9659 0.0000
vn 0.7071 -0.7071 0.0000
vn -0.9659 0.2588 0.0000
vn 0.0000 0.0000 1.0000
vn 0.0000 0.0000 -1.0000
vn 0.0000 0.0000 1.0000
vn 0.0000 0.0000 -1.0000
vn 0.0000 0.0000 1.0000
vn 0.0000 0.0000 -1.0000
vn 0.0000 0.0000 1.0000
vn 0.0000 0.0000 -1.0000
vn 0.0000 0.0000 1.0000
vn 0.0000 0.0000 -1.0000
vn 0.0000 0.0000 1.0000
vn 0.0000 0.0000 -1.0000
vn 0.0000 0.0000 1.0000
vn 0.0000 0.0000 -1.0000
vn 0.0000 0.0000 1.0000
vn 0.0000 0.0000 -1.0000
vn 0.0000 0.0000 1.0000
vn 0.0000 0.0000 -1.0000
vn 0.0000 0.0000 1.0000
vn 0.0000 0.0000 -1.0000
vn 0.0000 0.0000 1.0000
vn 0.0000 0.0000 -1.0000
vn 0.0000 0.0000 1.0000
vn 0.0000 0.0000 -1.0000
vn 0.9659 0.2588 0.0000
vn 0.7071 0.7071 0.0000
vn 0.2588 0.9659 0.0000
vn -0.2588 0.9659 0.0000
vn -0.7071 0.7071 0.0000
vn -0.9659 0.2588 0.0000
vn -0.9659 -0.2588 0.0000
vn -0.7071 -0.7071 0.0000
vn -0.2588 -0.9659 0.0000
vn 0.2588 -0.9659 0.0000
vn 0.7071 -0.7071 0.0000
vn -0.9659 0.2588 0.0000
vn 0.9659 0.2588 0.0000
vn 0.7071 0.7071 0.0000
vn 0.2588 0.9659 0.0000
vn -0.2588 0.9659 0.0000
vn -0.7071 0.7071 0.0000
vn -0.9659 0.2588 0.0000
vn -0.9659 -0.2588 0.0000
vn -0.7071 -0.7071 0.0000
vn -0.2588 -0.9659 0.0000
vn 0.2588 -0.9659 0.0000
vn 0.7071 -0.7071 0.0000
vn -0.9659 0.2588 0.0000
vn 0.0000 0.0000 1.0000
vn 0.0000 0.0000 -1.0000
vn 0.0000 0.0000 1.0000
vn 0.0000 0.0000 -1.0000
vn 0.0000 0.0000 1.0000
vn 0.0000 0.0000 -1.0000
vn 0.0000 0.0000 1.0000
vn 0.0000 0.0000 -1.0000
vn 0.0000 0.0000 1.0000
vn 0.0000 0.0000 -1.0000
vn 0.0000 0.0000 1.0000
vn 0.0000 0.0000 -1.0000
vn 0.0000 0.0000 1.0000
vn 0.0000 0.0000 -1.0000
vn 0.0000 0.0000 1.0000
vn 0.0000 0.0000 -1.0000
vn 0.0000 0.0000 1.0000
vn 0.0000 0.0000 -1.0000
vn 0.0000 0.0000 1.0000
vn 0.0000 0.0000 -1.0000
vn 0.0000 0.0000 1.0000
vn 0.0000 0.0000 -1.0000
vn 0.0000 0.0000 1.0000
vn 0.0000 0.0000 -1.0000
vn 0.0000 0.0000 1.0000
vn 0.0000 0.0000 -1.0000
vn 0.0000 1.0000 0.0000
vn 0.0000 -1.0000 0.0000
vn -1.0000 0.0000 0.0000
vn 1.0000 0.0000 0.0000
vn 0.9659 0.2588 0.0000
vn 0.7071 0.7071 0.0000
vn 0.2588 0.9659 0.0000
vn -0.2588 0.9659 0.0000
vn -0.7071 0.7071 0.0000
vn -0.9659 0.2588 0.0000
vn -0.9659 -0.2588 0.0000
vn -0.7071 -0.7071 0.0000
vn -0.2588 -0.9659 0.0000
vn 0.2588 -0.9659 0.0000
vn 0.7071 -0.7071 0.0000
vn -0.9659 0.2588 0.0000
vn 0.0000 0.0000 1.0000
vn 0.0000 0.0000 -1.0000
vn 0.0000 0.0000 1.0000
vn 0.0000 0.0000 -1.0000
vn 0.0000 0.0000 1.0000
vn 0.0000 0.0000 -1.0000
vn 0.0000 0.0000 1.0000
vn 0.0000 0.0000 -1.0000
vn 0.0000 0.0000 1.0000
vn 0.0000 0.0000 -1.0000
vn 0.0000 0.0000 1.0000
vn 0.0000 0.0000 -1.0000
vn 0.0000 0.0000 1.0000
vn 0.0000 0.0000 -1.0000
vn 0.0000 0.0000 1.0000
vn 0.0000 0.0000 -1.0000
vn 0.0000 0.0000 1.0000
vn 0.0000 0.0000 -1.0000
vn 0.0000 0.0000 1.0000
vn 0.0000 0.0000 -1.0000
vn 0.0000 0.0000 1.0000
vn 0.0000 0.0000 -1.0000
vn 0.0000 0.0000 1.0000
vn 0.0000 0.0000 -1.0000
vn 0.9659 0.2588 0.0000
vn 0.7071 0.7071 0.0000
vn 0.2588 0.9659 0.0000
vn -0.2588 0.9659 0.0000
vn -0.7071 0.7071 0.0000
vn -0.9659 0.2588 0.0000
vn -0.9659 -0.2588 0.0000
vn -0.7071 -0.7071 0.0000
vn -0.2588 -0.9659 0.0000
vn 0.2588 -0.9659 0.0000
vn 0.7071 -0.7071 0.0000
vn -0.9659 0.2588 0.0000
vn 0.9659 0.2588 0.0000
vn 0.7071 0.7071 0.0000
vn 0.2588 0.9659 0.0000
vn -0.2588 0.9659 0.0000
vn -0.7071 0.7071 0.0000
vn -0.9659 0.2588 0.0000
vn -0.9659 -0.2588 0.0000
vn -0.7071 -0.7071 0.0000
vn -0.2588 -0.9659 0.0000
vn 0.2588 -0.9659 0.0000
vn 0.7071 -0.7071 0.0000
vn -0.9659 0.2588 0.0000
vn 0.0000 0.0000 1.0000
vn 0.0000 0.0000 -1.0000
vn 0.0000 0.0000 1.0000
vn 0.0000 0.0000 -1.0000
vn 0.0000 0.0000 1.0000
vn 0.0000 0.0000 -1.0000
vn 0.0000 0.0000 1.0000
vn 0.0000 0.0000 -1.0000
vn 0.0000 0.0000 1.0000
vn 0.0000 0.0000 -1.0000
vn 0.0000 0.0000 1.0000
vn 0.0000 0.0000 -1.0000
vn 0.0000 0.0000 1.0000
vn 0.0000 0.0000 -1.0000
vn 0.0000 0.0000 1.0000
vn 0.0000 0.0000 -1.0000
vn 0.0000 0.0000 1.0000
vn 0.0000 0.0000 -1.0000
vn 0.0000 0.0000 1.0000
vn 0.0000 0.0000 -1.0000
vn 0.0000 0.0000 1.0000
vn 0.0000 0.0000 -1.0000
vn 0.0000 0.0000 1.0000
vn 0.0000 0.0000 -1.0000
vn 0.0000 0.0000 1.0000
vn 0.0000 0.0000 -1.0000
vn 0.0000 1.0000 0.0000
vn 0.0000 -1.0000 0.0000
vn -1.0000 0.0000 0.0000
vn 1.0000 0.0000 0.0000
vn 0.9659 0.2588 0.0000
vn 0.7071 0.7071 0.0000
vn 0.2588 0.9659 0.0000
vn -0.2588 0.9659 0.0000
vn -0.7071 0.7071 0.0000
vn -0.9659 0.2588 0.0000
vn -0.9659 -0.2588 0.0000
vn -0.7071 -0.7071 0.0000
vn -0.2588 -0.9659 0.0000
vn 0.2588 -0.9659 0.0000
vn 0.7071 -0.7071 0.0000
vn -0.9659 0.2588 0.0000
vn 0.0000 0.0000 1.0000
vn 0.0000 0.0000 -1.0000
vn 0.0000 0.0000 1.0000
vn 0.0000 0.0000 -1.0000
vn 0.0000 0.0000 1.0000
vn 0.0000 0.0000 -1.0000
vn 0.0000 0.0000 1.0000
vn 0.0000 0.0000 -1.0000
vn 0.0000 0.0000 1.0000
vn 0.0000 0.0000 -1.0000
vn 0.0000 0.0000 1.0000
vn 0.0000 0.0000 -1.0000
vn 0.0000 0.0000 1.0000
vn 0.0000 0.0000 -1.0000
vn 0.0000 0.0000 1.0000
vn 0.0000 0.0000 -1.0000
vn 0.0000 0.0000 1.0000
vn 0.0000 0.0000 -1.0000
vn 0.0000 0.0000 1.0000
vn 0.0000 0.0000 -1.0000
vn 0.0000 0.0000 1.0000
vn 0.0000 0.0000 -1.0000
vn 0.0000 0.0000 1.0000
vn 0.0000 0.0000 -1.0000
vn 0.9659 0.2588 0.0000
vn 0.7071 0.7071 0.0000
vn 0.2588 0.9659 0.0000
vn -0.2588 0.9659 0.0000
vn -0.7071 0.7071 0.0000
vn -0.9659 0.2588 0.0000
vn -0.9659 -0.2588 0.0000
vn -0.7071 -0.7071 0.0000
vn -0.2588 -0.9659 0.0000
vn 0.2588 -0.9659 0.0000
vn 0.7071 -0.7071 0.0000
vn -0.9659 0.2588 0.0000
vn 0.9659 0.2588 0.0000
vn 0.7071 0.7071 0.0000
vn 0.2588 0.9659 0.0000
vn -0.2588 0.9659 0.0000
vn -0.7071 0.7071 0.0000
vn -0.9659 0.2588 0.0000
vn -0.9659 -0.2588 0.0000
vn -0.7071 -0.7071 0.0000
vn -0.2588 -0.9659 0.0000
vn 0.2588 -0.9659 0.0000
vn 0.7071 -0.7071 0.0000
vn -0.9659 0.2588 0.0000
vn 0.0000 0.0000 1.0000
vn 0.0000 0.0000 -1.0000
vn 0.0000 0.0000 1.0000
vn 0.0000 0.0000 -1.0000
vn 0.0000 0.0000 1.0000
vn 0.0000 0.0000 -1.0000
vn 0.0000 0.0000 1.0000
vn 0.0000 0.0000 -1.0000
vn 0.0000 0.0000 1.0000
vn 0.0000 0.0000 -1.0000
vn 0.0000 0.0000 1.0000
vn 0.0000 0.0000 -1.0000
vn 0.0000 0.0000 1.0000
vn 0.0000 0.0000 -1.0000
vn 0.0000 0.0000 1.0000
vn 0.0000 0.0000 -1.0000
vn 0.0000 0.0000 1.0000
vn 0.0000 0.0000 -1.0000
vn 0.0000 0.0000 1.0000
vn 0.0000 0.0000 -1.0000
vn 0.0000 0.0000 1.0000
vn 0.0000 0.0000 -1.0000
vn 0.0000 0.0000 1.0000
vn 0.0000 0.0000 -1.0000
vn 0.0000 0.0000 1.0000
vn 0.0000 0.0000 -1.0000
vn 0.0000 1.0000 0.0000
vn 0.0000 -1.0000 0.0000
vn -1.0000 0.0000 0.0000
vn 1.0000 0.0000 0.0000
vn 0.9659 0.2588 0.0000
vn 0.7071 0.7071 0.0000
vn 0.2588 0.9659 0.0000
vn -0.2588 0.9659 0.0000
vn -0.7071 0.7071 0.0000
vn -0.9659 0.2588 0.0000
vn -0.9659 -0.2588 0.0000
vn -0.7071 -0.7071 0.0000
vn -0.2588 -0.9659 0.0000
vn 0.2588 -0.9659 0.0000
vn 0.7071 -0.7071 0.0000
vn -0.9659 0.2588 0.0000
vn 0.0000 0.0000 1.0000
vn 0.0000 0.0000 -1.0000
vn 0.0000 0.0000 1.0000
vn 0.0000 0.0000 -1.0000
vn 0.0000 0.0000 1.0000
vn 0.0000 0.0000 -1.0000
vn 0.0000 0.0000 1.0000
vn 0.0000 0.0000 -1.0000
vn 0.0000 0.0000 1.0000
vn 0.0000 0.0000 -1.0000
vn 0.0000 0.0000 1.0000
vn 0.0000 0.0000 -1.0000
vn 0.0000 0.0000 1.0000
vn 0.0000 0.0000 -1.0000
vn 0.0000 0.0000 1.0000
vn 0.0000 0.0000 -1.0000
vn 0.0000 0.0000 1.0000
vn 0.0000 0.0000 -1.0000
vn 0.0000 0.0000 1.0000
vn 0.0000 0.0000 -1.0000
vn 0.0000 0.0000 1.0000
vn 0.0000 0.0000 -1.0000
vn 0.0000 0.0000 1.0000
vn 0.0000 0.0000 -1.0000
vn 0.9659 0.2588 0.0000
vn 0.7071 0.7071 0.0000
vn 0.2588 0.9659 0.0000
vn -0.2588 0.9659 0.0000
vn -0.7071 0.7071 0.0000
vn -0.9659 0.2588 0.0000
vn -0.9659 -0.2588 0.0000
vn -0.7071 -0.7071 0.0000
vn -0.2588 -0.9659 0.0000
vn 0.2588 -0.9659 0.0000
vn 0.7071 -0.7071 0.0000
vn -0.9659 0.2588 0.0000
vn 0.9659 0.2588 0.0000
vn 0.7071 0.7071 0.0000
vn 0.2588 0.9659 0.0000
vn -0.2588 0.9659 0.0000
vn -0.7071 0.7071 0.0000
vn -0.9659 0.2588 0.0000
vn -0.9659 -0.2588 0.0000
vn -0.7071 -0.7071 0.0000
vn -0.2588 -0.9659 0.0000
vn 0.2588 -0.9659 0.0000
vn 0.7071 -0.7071 0.0000
vn -0.9659 0.2588 0.0000
vn 0.0000 0.0000 1.0000
vn 0.0000 0.0000 -1.0000
vn 0.0000 0.0000 1.0000
vn 0.0000 0.0000 -1.0000
vn 0.0000 0.0000 1.0000
vn 0.0000 0.0000 -1.0000
vn 0.0000 0.0000 1.0000
vn 0.0000 0.0000 -1.0000
vn 0.0000 0.0000 1.0000
vn 0.0000 0.0000 -1.0000
vn 0.0000 0.0000 1.0000
vn 0.0000 0.0000 -1.0000
vn 0.0000 0.0000 1.0000
vn 0.0000 0.0000 -1.0000
vn 0.0000 0.0000 1.0000
vn 0.0000 0.0000 -1.0000
vn 0.0000 0.0000 1.0000
vn 0.0000 0.0000 -1.0000
vn 0.0000 0.0000 1.0000
vn 0.0000 0.0000 -1.0000
vn 0.0000 0.0000 1.0000
vn 0.0000 0.0000 -1.0000
vn 0.0000 0.0000 1.0000
vn 0.0000 0.0000 -1.0000
vn 0.0000 0.0000 1.0000
vn 0.0000 0.0000 -1.0000
vn 0.0000 1.0000 0.0000
vn 0.0000 -1.0000 0.0000
vn -1.0000 0.0000 0.0000
vn 1.0000 0.0000 0.0000
vn 0.9659 0.2588 0.0000
vn 0.7071 0.7071 0.0000
vn 0.2588 0.9659 0.0000
vn -0.2588 0.9659 0.0000
vn -0.7071 0.7071 0.0000
vn -0.9659 0.2588 0.0000
vn -0.9659 -0.2588 0.0000
vn -0.7071 -0.7071 0.0000
vn -0.2588 -0.9659 0.0000
vn 0.2588 -0.9659 0.0000
vn 0.7071 -0.7071 0.0000
vn -0.9659 0.2588 0.0000
vn 0.0000 0.0000 1.0000
vn 0.0000 0.0000 -1.0000
vn 0.0000 0.0000 1.0000
vn 0.0000 0.0000 -1.0000
vn 0.0000 0.0000 1.0000
vn 0.0000 0.0000 -1.0000
vn 0.0000 0.0000 1.0000
vn 0.0000 0.0000 -1.0000
vn 0.0000 0.0000 1.0000
vn 0.0000 0.0000 -1.0000
vn 0.0000 0.0000 1.0000
vn 0.0000 0.0000 -1.0000
vn 0.0000 0.0000 1.0000
vn 0.0000 0.0000 -1.0000
vn 0.0000 0.0000 1.0000
vn 0.0000 0.0000 -1.0000
vn 0.0000 0.0000 1.0000
vn 0.0000 0.0000 -1.0000
vn 0.0000 0.0000 1.0000
vn 0.0000 0.0000 -1.0000
vn 0.0000 0.0000 1.0000
vn 0.0000 0.0000 -1.0000
vn 0.0000 0.0000 1.0000
vn 0.0000 0.0000 -1.0000
vn 0.9659 0.2588 0.0000
vn 0.7071 0.7071 0.0000
vn 0.2588 0.9659 0.0000
vn -0.2588 0.9659 0.0000
vn -0.7071 0.7071 0.0000
vn -0.9659 0.2588 0.0000
vn -0.9659 -0.2588 0.0000
vn -0.7071 -0.7071 0.0000
vn -0.2588 -0.9659 0.0000
vn 0.2588 -0.9659 0.0000
vn 0.7071 -0.7071 0.0000
vn -0.9659 0.2588 0.0000
vn 0.9659 0.2588 0.0000
vn 0.7071 0.7071 0.0000
vn 0.2588 0.9659 0.0000
vn -0.2588 0.9659 0.0000
vn -0.7071 0.7071 0.0000
vn -0.9659 0.2588 0.0000
vn -0.9659 -0.2588 0.0000
vn -0.7071 -0.7071 0.0000
vn -0.2588 -0.9659 0.0000
vn 0.2588 -0.9659 0.0000
vn 0.7071 -0.7071 0.0000
vn -0.9659 0.2588 0.0000
vn 0.0000 0.0000 1.0000
vn 0.0000 0.0000 -1.0000
vn 0.0000 0.0000 1.0000
vn 0.0000 0.0000 -1.0000
vn 0.0000 0.0000 1.0000
vn 0.0000 0.0000 -1.0000
vn 0.0000 0.0000 1.0000
vn 0.0000 0.0000 -1.0000
vn 0.0000 0.0000 1.0000
vn 0.0000 0.0000 -1.0000
vn 0.0000 0.0000 1.0000
vn 0.0000 0.0000 -1.0000
vn 0.0000 0.0000 1.0000
vn 0.0000 0.0000 -1.0000
vn 0.0000 0.0000 1.0000
vn 0.0000 0.0000 -1.0000
vn 0.0000 0.0000 1.0000
vn 0.0000 0.0000 -1.0000
vn 0.0000 0.0000 1.0000
vn 0.0000 0.0000 -1.0000
vn 0.0000 0.0000 1.0000
vn 0.0000 0.0000 -1.0000
vn 0.0000 0.0000 1.0000
vn 0.0000 0.0000 -1.0000
vn 0.0000 0.0000 1.0000
vn 0.0000 0.0000 -1.0000
vn 0.0000 1.0000 0.0000
vn 0.0000 -1.0000 0.0000
vn -1.0000 0.0000 0.0000
vn 1.0000 0.0000 0.0000
vn 0.9659 0.2588 0.0000
vn 0.7071 0.7071 0.0000
vn 0.2588 0.9659 0.0000
vn -0.2588 0.9659 0.0000
vn -0.7071 0.7071 0.0000
vn -0.9659 0.2588 0.0000
vn -0.9659 -0.2588 0.0000
vn -0.7071 -0.7071 0.0000
vn -0.2588 -0.9659 0.0000
vn 0.2588 -0.9659 0.0000
vn 0.7071 -0.7071 0.0000
vn -0.9659 0.2588 0.0000
vn 0.0000 0.0000 1.0000
vn 0.0000 0.0000 -1.0000
vn 0.0000 0.0000 1.0000
vn 0.0000 0.0000 -1.0000
vn 0.0000 0.0000 1.0000
vn 0.0000 0.0000 -1.0000
vn 0.0000 0.0000 1.0000
vn 0.0000 0.0000 -1.0000
vn 0.0000 0.0000 1.0000
vn 0.0000 0.0000 -1.0000
vn 0.0000 0.0000 1.0000
vn 0.0000 0.0000 -1.0000
vn 0.0000 0.0000 1.0000
vn 0.0000 0.0000 -1.0000
vn 0.0000 0.0000 1.0000
vn 0.0000 0.0000 -1.0000
vn 0.0000 0.0000 1.0000
vn 0.0000 0.0000 -1.0000
vn 0.0000 0.0000 1.0000
vn 0.0000 0.0000 -1.0000
vn 0.0000 0.0000 1.0000
vn 0.0000 0.0000 -1.0000
vn 0.0000 0.0000 1.0000
vn 0.0000 0.0000 -1.0000
vn 0.9659 0.2588 0.0000
vn 0.7071 0.7071 0.0000
vn 0.2588 0.9659 0.0000
vn -0.2588 0.9659 0.0000
vn -0.7071 0.7071 0.0000
vn -0.9659 0.2588 0.0000
vn -0.9659 -0.2588 0.0000
vn -0.7071 -0.7071 0.0000
vn -0.2588 -0.9659 0.0000
vn 0.2588 -0.9659 0.0000
vn 0.7071 -0.7071 0.0000
vn -0.9659 0.2588 0.0000
vn 0.9659 0.2588 0.0000
vn 0.7071 0.7071 0.0000
vn 0.2588 0.9659 0.0000
vn -0.2588 0.9659 0.0000
vn -0.7071 0.7071 0.0000
vn -0.9659 0.2588 0.0000
vn -0.9659 -0.2588 0.0000
vn -0.7071 -0.7071 0.0000
vn -0.2588 -0.9659 0.0000
vn 0.2588 -0.9659 0.0000
vn 0.7071 -0.7071 0.0000
vn -0.9659 0.2588 0.0000
vn 0.0000 0.0000 1.0000
vn 0.0000 0.0000 -1.0000
vn 0.0000 0.0000 1.0000
vn 0.0000 0.0000 -1.0000
vn 0.0000 0.0000 1.0000
vn 0.0000 0.0000 -1.0000
vn 0.0000 0.0000 1.0000
vn 0.0000 0.0000 -1.0000
vn 0.0000 0.0000 1.0000
vn 0.0000 0.0000 -1.0000
vn 0.0000 0.0000 1.0000
vn 0.0000 0.0000 -1.0000
vn 0.0000 0.0000 1.0000
vn 0.0000 0.0000 -1.0000
vn 0.0000 0.0000 1.0000
vn 0.0000 0.0000 -1.0000
vn 0.0000 0.0000 1.0000
vn 0.0000 0.0000 -1.0000
vn 0.0000 0.0000 1.0000
vn 0.0000 0.0000 -1.0000
vn 0.0000 0.0000 1.0000
vn 0.0000 0.0000 -1.0000
vn 0.0000 0.0000 1.0000
vn 0.0000 0.0000 -1.0000
vn 0.0000 0.0000 1.0000
vn 0.0000 0.0000 -1.0000
vn 0.0000 1.0000 0.0000
vn 0.0000 -1.0000 0.0000
vn -1.0000 0.0000 0.0000
vn 1.0000 0.0000 0.0000
vn 0.9659 0.2588 0.0000
vn 0.7071 0.7071 0.0000
vn 0.2588 0.9659 0.0000
vn -0.2588 0.9659 0.0000
vn -0.7071 0.7071 0.0000
vn -0.9659 0.2588 0.0000
vn -0.9659 -0.2588 0.0000
vn -0.7071 -0.7071 0.0000
vn -0.2588 -0.9659 0.0000
vn 0.2588 -0.9659 0.0000
vn 0.7071 -0.7071 0.0000
vn -0.9659 0.2588 0.0000
vn 0.0000 0.0000 1.0000
vn 0.0000 0.0000 -1.0000
vn 0.0000 0.0000 1.0000
vn 0.0000 0.0000 -1.0000
vn 0.0000 0.0000 1.0000
vn 0.0000 0.0000 -1.0000
vn 0.0000 0.0000 1.0000
vn 0.0000 0.0000 -1.0000
vn 0.0000 0.0000 1.0000
vn 0.0000 0.0000 -1.0000
vn 0.0000 0.0000 1.0000
vn 0.0000 0.0000 -1.0000
vn 0.0000 0.0000 1.0000
vn 0.0000 0.0000 -1.0000
vn 0.0000 0.0000 1.0000
vn 0.0000 0.0000 -1.0000
vn 0.0000 0.0000 1.0000
vn 0.0000 0.0000 -1.0000
vn 0.0000 0.0000 1.0000
vn 0.0000 0.0000 -1.0000
vn 0.0000 0.0000 1.0000
vn 0.0000 0.0000 -1.0000
vn 0.0000 0.0000 1.0000
vn 0.0000 0.0000 -1.0000
vn 0.9659 0.2588 0.0000
vn 0.7071 0.7071 0.0000
vn 0.2588 0.9659 0.0000
vn -0.2588 0.9659 0.0000
vn -0.7071 0.7071 0.0000
vn -0.9659 0.2588 0.0000
vn -0.9659 -0.2588 0.0000
vn -0.7071 -0.7071 0.0000
vn -0.2588 -0.9659 0.0000
vn 0.2588 -0.9659 0.0000
vn 0.7071 -0.7071 0.0000
vn -0.9659 0.2588 0.0000
vn 0.9659 0.2588 0.0000
vn 0.7071 0.7071 0.0000
vn 0.2588 0.9659 0.0000
vn -0.2588 0.9659 0.0000
vn -0.7071 0.7071 0.0000
vn -0.9659 0.2588 0.0000
vn -0.9659 -0.2588 0.0000
vn -0.7071 -0.7071 0.0000
vn -0.2588 -0.9659 0.0000
vn 0.2588 -0.9659 0.0000
vn 0.7071 -0.7071 0.0000
vn -0.9659 0.2588 0.0000
vn 0.0000 0.0000 1.0000
vn 0.0000 0.0000 -1.0000
vn 0.0000 0.0000 1.0000
vn 0.0000 0.0000 -1.0000
vn 0.0000 0.0000 1.0000
vn 0.0000 0.0000 -1.0000
vn 0.0000 0.0000 1.0000
vn 0.0000 0.0000 -1.0000
vn 0.0000 0.0000 1.0000
vn 0.0000 0.0000 -1.0000
vn 0.0000 0.0000 1.0000
vn 0.0000 0.0000 -1.0000
vn 0.0000 0.0000 1.0000
vn 0.0000 0.0000 -1.0000
vn 0.0000 0.0000 1.0000
vn 0.0000 0.0000 -1.0000
vn 0.0000 0.0000 1.0000
vn 0.0000 0.0000 -1.0000
vn 0.0000 0.0000 1.0000
vn 0.0000 0.0000 -1.0000
vn 0.0000 0.0000 1.0000
vn 0.0000 0.0000 -1.0000
vn 0.0000 0.0000 1.0000
vn 0.0000 0.0000 -1.0000
vn 0.0000 0.0000 1.0000
vn 0.0000 0.0000 -1.0000
vn 0.0000 1.0000 0.0000
vn 0.0000 -1.0000 0.0000
vn -1.0000 0.0000 0.0000
vn 1.0000 0.0000 0.0000
vn 0.9659 0.2588 0.0000
vn 0.7071 0.7071 0.0000
vn 0.2588 0.9659 0.0000
vn -0.2588 0.9659 0.0000
vn -0.7071 0.7071 0.0000
vn -0.9659 0.2588 0.0000
vn -0.9659 -0.2588 0.0000
vn -0.7071 -0.7071 0.0000
vn -0.2588 -0.9659 0.0000
vn 0.2588 -0.9659 0.0000
vn 0.7071 -0.7071 0.0000
vn -0.9659 0.2588 0.0000
vn 0.0000 0.0000 1.0000
vn 0.0000 0.0000 -1.0000
vn 0.0000 0.0000 1.0000
vn 0.0000 0.0000 -1.0000
vn 0.0000 0.0000 1.0000
vn 0.0000 0.0000 -1.0000
vn 0.0000 0.0000 1.0000
vn 0.0000 0.0000 -1.0000
vn 0.0000 0.0000 1.0000
vn 0.0000 0.0000 -1.0000
vn 0.0000 0.0000 1.0000
vn 0.0000 0.0000 -1.0000
vn 0.0000 0.0000 1.0000
vn 0.0000 0.0000 -1.0000
vn 0.0000 0.0000 1.0000
vn 0.0000 0.0000 -1.0000
vn 0.0000 0.0000 1.0000
vn 0.0000 0.0000 -1.0000
vn 0.0000 0.0000 1.0000
vn 0.0000 0.0000 -1.0000
vn 0.0000 0.0000 1.0000
vn 0.0000 0.0000 -1.0000
vn 0.0000 0.0000 1.0000
vn 0.0000 0.0000 -1.0000
vn 0.9659 0.2588 0.0000
vn 0.7071 0.7071 0.0000
vn 0.2588 0.9659 0.0000
vn -0.2588 0.9659 0.0000
vn -0.7071 0.7071 0.0000
vn -0.9659 0.2588 0.0000
vn -0.9659 -0.2588 0.0000
vn -0.7071 -0.7071 0.0000
vn -0.2588 -0.9659 0.0000
vn 0.2588 -0.9659 0.0000
vn 0.7071 -0.7071 0.0000
vn -0.9659 0.2588 0.0000
vn 0.9659 0.2588 0.0000
vn 0.7071 0.7071 0.0000
vn 0.2588 0.9659 0.0000
vn -0.2588 0.9659 0.0000
vn -0.7071 0.7071 0.0000
vn -0.9659 0.2588 0.0000
vn -0.9659 -0.2588 0.0000
vn -0.7071 -0.7071 0.0000
vn -0.2588 -0.9659 0.0000
vn 0.2588 -0.9659 0.0000
vn 0.7071 -0.7071 0.0000
vn -0.9659 0.2588 0.0000
vn 0.0000 0.0000 1.0000
vn 0.0000 0.0000 -1.0000
vn 0.0000 0.0000 1.0000
vn 0.0000 0.0000 -1.0000
vn 0.0000 0.0000 1.0000
vn 0.0000 0.0000 -1.0000
vn 0.0000 0.0000 1.0000
vn 0.0000 0.0000 -1.0000
vn 0.0000 0.0000 1.0000
vn 0.0000 0.0000 -1.0000
vn 0.0000 0.0000 1.0000
vn 0.0000 0.0000 -1.0000
vn 0.0000 0.0000 1.0000
vn 0.0000 0.0000 -1.0000
vn 0.0000 0.0000 1.0000
vn 0.0000 0.0000 -1.0000
vn 0.0000 0.0000 1.0000
vn 0.0000 0.0000 -1.0000
vn 0.0000 0.0000 1.0000
vn 0.0000 0.0000 -1.0000
vn 0.0000 0.0000 1.0000
vn 0.0000 0.0000 -1.0000
vn 0.0000 0.0000 1.0000
vn 0.0000 0.0000 -1.0000
vn 0.0000 0.0000 1.0000
vn 0.0000 0.0000 -1.0000
vn 0.0000 1.0000 0.0000
vn 0.0000 -1.0000 0.0000
vn -1.0000 0.0000 0.0000
vn 1.0000 0.0000 0.0000
vn 0.9659 0.2588 0.0000
vn 0.7071 0.7071 0.0000
vn 0.2588 0.9659 0.0000
vn -0.2588 0.9659 0.0000
vn -0.7071 0.7071 0.0000
vn -0.9659 0.2588 0.0000
vn -0.9659 -0.2588 0.0000
vn -0.7071 -0.7071 0.0000
vn -0.2588 -0.9659 0.0000
vn 0.2588 -0.9659 0.0000
vn 0.7071 -0.7071 0.0000
vn -0.9659 0.2588 0.0000
vn 0.0000 0.0000 1.0000
vn 0.0000 0.0000 -1.0000
vn 0.0000 0.0000 1.0000
vn 0.0000 0.0000 -1.0000
vn 0.0000 0.0000 1.0000
vn 0.0000 0.0000 -1.0000
vn 0.0000 0.0000 1.0000
vn 0.0000 0.0000 -1.0000
vn 0.0000 0.0000 1.0000
vn 0.0000 0.0000 -1.0000
vn 0.0000 0.0000 1.0000
vn 0.0000 0.0000 -1.0000
vn 0.0000 0.0000 1.0000
vn 0.0000 0.0000 -1.0000
vn 0.0000 0.0000 1.0000
vn 0.0000 0.0000 -1.0000
vn 0.0000 0.0000 1.0000
vn 0.0000 0.0000 -1.0000
vn 0.0000 0.0000 1.0000
vn 0.0000 0.0000 -1.0000
vn 0.0000 0.0000 1.0000
vn 0.0000 0.0000 -1.0000
vn 0.0000 0.0000 1.0000
vn 0.0000 0.0000 -1.0000
vn 0.9659 0.2588 0.0000
vn 0.7071 0.7071 0.0000
vn 0.2588 0.9659 0.0000
vn -0.2588 0.9659 0.0000
vn -0.7071 0.7071 0.0000
vn -0.9659 0.2588 0.0000
vn -0.9659 -0.2588 0.0000
vn -0.7071 -0.7071 0.0000
vn -0.2588 -0.9659 0.0000
vn 0.2588 -0.9659 0.0000
vn 0.7071 -0.7071 0.0000
vn -0.9659 0.2588 0.0000
vn 0.9659 0.2588 0.0000
vn 0.7071 0.7071 0.0000
vn 0.2588 0.9659 0.0000
vn -0.2588 0.9659 0.0000
vn -0.7071 0.7071 0.0000
vn -0.9659 0.2588 0.0000
vn -0.9659 -0.2588 0.0000
vn -0.7071 -0.7071 0.0000
vn -0.2588 -0.9659 0.0000
vn 0.2588 -0.9659 0.0000
vn 0.7071 -0.7071 0.0000
vn -0.9659 0.2588 0.0000
vn 0.0000 0.0000 1.0000
vn 0.0000 0.0000 -1.0000
vn 0.0000 0.0000 1.0000
vn 0.0000 0.0000 -1.0000
vn 0.0000 0.0000 1.0000
vn 0.0000 0.0000 -1.0000
vn 0.0000 0.0000 1.0000
vn 0.0000 0.0000 -1.0000
vn 0.0000 0.0000 1.0000
vn 0.0000 0.0000 -1.0000
vn 0.0000 0.0000 1.0000
vn 0.0000 0.0000 -1.0000
vn 0.0000 0.0000 1.0000
vn 0.0000 0.0000 -1.0000
vn 0.0000 0.0000 1.0000
vn 0.0000 0.0000 -1.0000
vn 0.0000 0.0000 1.0000
vn 0.0000 0.0000 -1.0000
vn 0.0000 0.0000 1.0000
vn 0.0000 0.0000 -1.0000
vn 0.0000 0.0000 1.0000
vn 0.0000 0.0000 -1.0000
vn 0.0000 0.0000 1.0000
vn 0.0000 0.0000 -1.0000
vn 0.0000 0.0000 1.0000
vn 0.0000 0.0000 -1.0000
vn 0.0000 1.0000 0.0000
vn 0.0000 -1.0000 0.0000
vn -1.0000 0.0000 0.0000
vn 1.0000 0.0000 0.0000
vn 0.9659 0.2588 0.0000
vn 0.7071 0.7071 0.0000
vn 0.2588 0.9659 0.0000
vn -0.2588 0.9659 0.0000
vn -0.7071 0.7071 0.0000
vn -0.9659 0.2588 0.0000
vn -0.9659 -0.2588 0.0000
vn -0.7071 -0.7071 0.0000
vn -0.2588 -0.9659 0.0000
vn 0.2588 -0.9659 0.0000
vn 0.7071 -0.7071 0.0000
vn -0.9659 0.2588 0.0000
vn 0.0000 0.0000 1.0000
vn 0.0000 0.0000 -1.0000
vn 0.0000 0.0000 1.0000
vn 0.0000 0.0000 -1.0000
vn 0.0000 0.0000 1.0000
vn 0.0000 0.0000 -1.0000
vn 0.0000 0.0000 1.0000
vn 0.0000 0.0000 -1.0000
vn 0.0000 0.0000 1.0000
vn 0.0000 0.0000 -1.0000
vn 0.0000 0.0000 1.0000
vn 0.0000 0.0000 -1.0000
vn 0.0000 0.0000 1.0000
vn 0.0000 0.0000 -1.0000
vn 0.0000 0.0000 1.0000
vn 0.0000 0.0000 -1.0000
vn 0.0000 0.0000 1.0000
vn 0.0000 0.0000 -1.0000
vn 0.0000 0.0000 1.0000
vn 0.0000 0.0000 -1.0000
vn 0.0000 0.0000 1.0000
vn 0.0000 0.0000 -1.0000
vn 0.0000 0.0000 1.0000
vn 0.0000 0.0000 -1.0000
vn 0.9659 0.2588 0.0000
vn 0.7071 0.7071 0.0000
vn 0.2588 0.9659 0.0000
vn -0.2588 0.9659 0.0000
vn -0.7071 0.7071 0.0000
vn -0.9659 0.2588 0.0000
vn -0.9659 -0.2588 0.0000
vn -0.7071 -0.7071 0.0000
vn -0.2588 -0.9659 0.0000
vn 0.2588 -0.9659 0.0000
vn 0.7071 -0.7071 0.0000
vn -0.9659 0.2588 0.0000
vn 0.9659 0.2588 0.0000
vn 0.7071 0.7071 0.0000
vn 0.2588 0.9659 0.0000
vn -0.2588 0.9659 0.0000
vn -0.7071 0.7071 0.0000
vn -0.9659 0.2588 0.0000
vn -0.9659 -0.2588 0.0000
vn -0.7071 -0.7071 0.0000
vn -0.2588 -0.9659 0.0000
vn 0.2588 -0.9659 0.0000
vn 0.7071 -0.7071 0.0000
vn -0.9659 0.2588 0.0000
vn 0.0000 0.0000 1.0000
vn 0.0000 0.0000 -1.0000
vn 0.0000 0.0000 1.0000
vn 0.0000 0.0000 -1.0000
vn 0.0000 0.0000 1.0000
vn 0.0000 0.0000 -1.0000
vn 0.0000 0.0000 1.0000
vn 0.0000 0.0000 -1.0000
vn 0.0000 0.0000 1.0000
vn 0.0000 0.0000 -1.0000
vn 0.0000 0.0000 1.0000
vn 0.0000 0.0000 -1.0000
vn 0.0000 0.0000 1.0000
vn 0.0000 0.0000 -1.0000
vn 0.0000 0.0000 1.0000
vn 0.0000 0.0000 -1.0000
vn 0.0000 0.0000 1.0000
vn 0.0000 0.0000 -1.0000
vn 0.0000 0.0000 1.0000
vn 0.0000 0.0000 -1.0000
vn 0.0000 0.0000 1.0000
vn 0.0000 0.0000 -1.0000
vn 0.0000 0.0000 1.0000
vn 0.0000 0.0000 -1.0000
vn 0.0000 0.0000 1.0000
vn 0.0000 0.0000 -1.0000
vn 0.0000 1.0000 0.0000
vn 0.0000 -1.0000 0.0000
vn -1.0000 0.0000 0.0000
vn 1.0000 0.0000 0.0000
vn 0.0000 0.0000 1.0000
vn 0.0000 0.0000 -1.0000
vn 0.0000 1.0000 0.0000
vn 0.0000 -1.0000 0.0000
vn -1.0000 0.0000 0.0000
vn 1.0000 0.0000 0.0000
vn 0.0000 0.0000 1.0000
vn 0.0000 0.0000 -1.0000
vn 0.0000 1.0000 0.0000
vn 0.0000 -1.0000 0.0000
vn -1.0000 0.0000 0.0000
vn 1.0000 0.0000 0.0000
vn 0.0000 0.0000 1.0000
vn 0.0000 0.0000 -1.0000
vn 0.0000 1.0000 0.0000
vn 0.0000 -1.0000 0.0000
vn -1.0000 0.0000 0.0000
vn 1.0000 0.0000 0.0000
vn 0.0000 0.0000 1.0000
vn 0.0000 0.0000 -1.0000
vn 0.0000 1.0000 0.0000
vn 0.0000 -1.0000 0.0000
vn -1.0000 0.0000 0.0000
vn 1.0000 0.0000 0.0000
vn 0.0000 0.0000 1.0000
vn 0.0000 0.0000 -1.0000
vn 0.0000 1.0000 0.0000
vn 0.0000 -1.0000 0.0000
vn -1.0000 0.0000 0.0000
vn 1.0000 0.0000 0.0000
vn 0.0000 0.0000 1.0000
vn 0.0000 0.0000 -1.0000
vn 0.0000 1.0000 0.0000
vn 0.0000 -1.0000 0.0000
vn -1.0000 0.0000 0.0000
vn 1.0000 0.0000 0.0000
vn 0.0000 0.0000 1.0000
vn 0.0000 0.0000 -1.0000
vn 0.0000 1.0000 0.0000
vn 0.0000 -1.0000 0.0000
vn -1.0000 0.0000 0.0000
vn 1.0000 0.0000 0.0000
vn 0.0000 0.0000 1.0000
vn 0.0000 0.0000 -1.0000
vn 0.0000 1.0000 0.0000
vn 0.0000 -1.0000 0.0000
vn -1.0000 0.0000 0.0000
vn 1.0000 0.0000 0.0000
vn 0.0000 0.0000 1.0000
vn 0.0000 0.0000 -1.0000
vn 0.0000 1.0000 0.0000
vn 0.0000 -1.0000 0.0000
vn -1.0000 0.0000 0.0000
vn 1.0000 0.0000 0.0000
vn 0.0000 0.0000 1.0000
vn 0.0000 0.0000 -1.0000
vn 0.0000 1.0000 0.0000
vn 0.0000 -1.0000 0.0000
vn -1.0000 0.0000 0.0000
vn 1.0000 0.0000 0.0000
vn 0.0000 0.0000 1.0000
vn 0.0000 0.0000 -1.0000
vn 0.0000 1.0000 0.0000
vn 0.0000 -1.0000 0.0000
vn -1.0000 0.0000 0.0000
vn 1.0000 0.0000 0.0000
vn 0.0000 0.0000 1.0000
vn 0.0000 0.0000 -1.0000
vn 0.0000 1.0000 0.0000
vn 0.0000 -1.0000 0.0000
vn -1.0000 0.0000 0.0000
vn 1.0000 0.0000 0.0000
vn 0.0000 0.0000 1.0000
vn 0.0000 0.0000 -1.0000
vn 0.0000 1.0000 0.0000
vn 0.0000 -1.0000 0.0000
vn -1.0000 0.0000 0.0000
vn 1.0000 0.0000 0.0000
vn 0.0000 0.0000 1.0000
vn 0.0000 0.0000 -1.0000
vn 0.0000 1.0000 0.0000
vn 0.0000 -1.0000 0.0000
vn -1.0000 0.0000 0.0000
vn 1.0000 0.0000 0.0000
vn 0.0000 0.0000 1.0000
vn 0.0000 0.0000 -1.0000
vn 0.0000 1.0000 0.0000
vn 0.0000 -1.0000 0.0000
vn -1.0000 0.0000 0.0000
vn 1.0000 0.0000 0.0000
vn 0.0000 0.0000 1.0000
vn 0.0000 0.0000 -1.0000
vn 0.0000 1.0000 0.0000
vn 0.0000 -1.0000 0.0000
vn -1.0000 0.0000 0.0000
vn 1.0000 0.0000 0.0000
vn 0.0000 0.0000 1.0000
vn 0.0000 0.0000 -1.0000
vn 0.0000 1.0000 0.0000
vn 0.0000 -1.0000 0.0000
vn -1.0000 0.0000 0.0000
vn 1.0000 0.0000 0.0000
vn 0.0000 0.0000 1.0000
vn 0.0000 0.0000 -1.0000
vn 0.0000 1.0000 0.0000
vn 0.0000 -1.0000 0.0000
vn -1.0000 0.0000 0.0000
vn 1.0000 0.0000 0.0000
vn 0.0000 0.0000 1.0000
vn 0.0000 0.0000 -1.0000
vn 0.0000 1.0000 0.0000
vn 0.0000 -1.0000 0.0000
vn -1.0000 0.0000 0.0000
vn 1.0000 0.0000 0.0000
vn 0.0000 0.0000 1.0000
vn 0.0000 0.0000 -1.0000
vn 0.0000 1.0000 0.0000
vn 0.0000 -1.0000 0.0000
vn -1.0000 0.0000 0.0000
vn 1.0000 0.0000 0.0000
vn 0.0000 0.0000 1.0000
vn 0.0000 0.0000 -1.0000
vn 0.0000 1.0000 0.0000
vn 0.0000 -1.0000 0.0000
vn -1.0000 0.0000 0.0000
vn 1.0000 0.0000 0.0000
vn 0.0000 0.0000 1.0000
vn 0.0000 0.0000 -1.0000
vn 0.0000 1.0000 0.0000
vn 0.0000 -1.0000 0.0000
vn -1.0000 0.0000 0.0000
vn 1.0000 0.0000 0.0000
vn 0.0000 0.0000 1.0000
vn 0.0000 0.0000 -1.0000
vn 0.0000 1.0000 0.0000
vn 0.0000 -1.0000 0.0000
vn -1.0000 0.0000 0.0000
vn 1.0000 0.0000 0.0000
vn 0.0000 0.0000 1.0000
vn 0.0000 0.0000 -1.0000
vn 0.0000 1.0000 0.0000
vn 0.0000 -1.0000 0.0000
vn -1.0000 0.0000 0.0000
vn 1.0000 0.0000 0.0000

usemtl Quay_Curb
f 1/1/1 2/2/1 3/3/1
f 1/1/1 3/3/1 4/4/1
f 5/5/2 6/6/2 7/7/2
f 5/5/2 7/7/2 8/8/2
f 9/9/3 10/10/3 11/11/3
f 9/9/3 11/11/3 12/12/3
f 13/13/4 14/14/4 15/15/4
f 13/13/4 15/15/4 16/16/4
f 17/17/5 18/18/5 19/19/5
f 17/17/5 19/19/5 20/20/5
usemtl Quay_Deck
f 21/21/6 22/22/6 23/23/6
f 21/21/6 23/23/6 24/24/6
f 25/25/7 26/26/7 27/27/7
f 25/25/7 27/27/7 28/28/7
f 29/29/8 30/30/8 31/31/8
f 29/29/8 31/31/8 32/32/8
usemtl Quay_Wall_Upper
f 33/33/9 34/34/9 35/35/9
f 33/33/9 35/35/9 36/36/9
usemtl Quay_Wall_Tidal
f 37/37/10 38/38/10 39/39/10
f 37/37/10 39/39/10 40/40/10
usemtl Quay_Wall_Submerged
f 41/41/11 42/42/11 43/43/11
f 41/41/11 43/43/11 44/44/11
usemtl Quay_Wall_Upper
f 45/45/12 46/46/12 47/47/12
f 45/45/12 47/47/12 48/48/12
usemtl Quay_Wall_Tidal
f 49/49/13 50/50/13 51/51/13
f 49/49/13 51/51/13 52/52/13
usemtl Quay_Wall_Submerged
f 53/53/14 54/54/14 55/55/14
f 53/53/14 55/55/14 56/56/14
f 57/57/15 58/58/15 59/59/15
f 57/57/15 59/59/15 60/60/15
f 61/61/16 62/62/16 63/63/16
f 61/61/16 63/63/16 64/64/16
f 65/65/17 66/66/17 67/67/17
f 65/65/17 67/67/17 68/68/17
f 69/69/18 70/70/18 71/71/18
f 69/69/18 71/71/18 72/72/18
f 73/73/19 74/74/19 75/75/19
f 73/73/19 75/75/19 76/76/19
f 77/77/20 78/78/20 79/79/20
f 77/77/20 79/79/20 80/80/20
usemtl Fender_Rubber
f 81/81/21 82/82/21 83/83/21
f 81/81/21 83/83/21 84/84/21
f 85/85/22 86/86/22 87/87/22
f 85/85/22 87/87/22 88/88/22
f 89/89/23 90/90/23 91/91/23
f 89/89/23 91/91/23 92/92/23
f 93/93/24 94/94/24 95/95/24
f 93/93/24 95/95/24 96/96/24
f 97/97/25 98/98/25 99/99/25
f 97/97/25 99/99/25 100/100/25
f 101/101/26 102/102/26 103/103/26
f 101/101/26 103/103/26 104/104/26
f 105/105/27 106/106/27 107/107/27
f 105/105/27 107/107/27 108/108/27
f 109/109/28 110/110/28 111/111/28
f 109/109/28 111/111/28 112/112/28
f 113/113/29 114/114/29 115/115/29
f 116/116/30 117/117/30 118/118/30
f 119/119/31 120/120/31 121/121/31
f 122/122/32 123/123/32 124/124/32
f 125/125/33 126/126/33 127/127/33
f 128/128/34 129/129/34 130/130/34
f 131/131/35 132/132/35 133/133/35
f 134/134/36 135/135/36 136/136/36
f 137/137/37 138/138/37 139/139/37
f 140/140/38 141/141/38 142/142/38
f 143/143/39 144/144/39 145/145/39
f 146/146/40 147/147/40 148/148/40
f 149/149/41 150/150/41 151/151/41
f 152/152/42 153/153/42 154/154/42
f 155/155/43 156/156/43 157/157/43
f 158/158/44 159/159/44 160/160/44
f 161/161/45 162/162/45 163/163/45
f 161/161/45 163/163/45 164/164/45
f 165/165/46 166/166/46 167/167/46
f 165/165/46 167/167/46 168/168/46
f 169/169/47 170/170/47 171/171/47
f 169/169/47 171/171/47 172/172/47
f 173/173/48 174/174/48 175/175/48
f 173/173/48 175/175/48 176/176/48
f 177/177/49 178/178/49 179/179/49
f 177/177/49 179/179/49 180/180/49
f 181/181/50 182/182/50 183/183/50
f 181/181/50 183/183/50 184/184/50
f 185/185/51 186/186/51 187/187/51
f 185/185/51 187/187/51 188/188/51
f 189/189/52 190/190/52 191/191/52
f 189/189/52 191/191/52 192/192/52
f 193/193/53 194/194/53 195/195/53
f 196/196/54 197/197/54 198/198/54
f 199/199/55 200/200/55 201/201/55
f 202/202/56 203/203/56 204/204/56
f 205/205/57 206/206/57 207/207/57
f 208/208/58 209/209/58 210/210/58
f 211/211/59 212/212/59 213/213/59
f 214/214/60 215/215/60 216/216/60
f 217/217/61 218/218/61 219/219/61
f 220/220/62 221/221/62 222/222/62
f 223/223/63 224/224/63 225/225/63
f 226/226/64 227/227/64 228/228/64
f 229/229/65 230/230/65 231/231/65
f 232/232/66 233/233/66 234/234/66
f 235/235/67 236/236/67 237/237/67
f 238/238/68 239/239/68 240/240/68
f 241/241/69 242/242/69 243/243/69
f 241/241/69 243/243/69 244/244/69
f 245/245/70 246/246/70 247/247/70
f 245/245/70 247/247/70 248/248/70
f 249/249/71 250/250/71 251/251/71
f 249/249/71 251/251/71 252/252/71
f 253/253/72 254/254/72 255/255/72
f 253/253/72 255/255/72 256/256/72
f 257/257/73 258/258/73 259/259/73
f 257/257/73 259/259/73 260/260/73
f 261/261/74 262/262/74 263/263/74
f 261/261/74 263/263/74 264/264/74
f 265/265/75 266/266/75 267/267/75
f 265/265/75 267/267/75 268/268/75
f 269/269/76 270/270/76 271/271/76
f 269/269/76 271/271/76 272/272/76
f 273/273/77 274/274/77 275/275/77
f 276/276/78 277/277/78 278/278/78
f 279/279/79 280/280/79 281/281/79
f 282/282/80 283/283/80 284/284/80
f 285/285/81 286/286/81 287/287/81
f 288/288/82 289/289/82 290/290/82
f 291/291/83 292/292/83 293/293/83
f 294/294/84 295/295/84 296/296/84
f 297/297/85 298/298/85 299/299/85
f 300/300/86 301/301/86 302/302/86
f 303/303/87 304/304/87 305/305/87
f 306/306/88 307/307/88 308/308/88
f 309/309/89 310/310/89 311/311/89
f 312/312/90 313/313/90 314/314/90
f 315/315/91 316/316/91 317/317/91
f 318/318/92 319/319/92 320/320/92
f 321/321/93 322/322/93 323/323/93
f 321/321/93 323/323/93 324/324/93
f 325/325/94 326/326/94 327/327/94
f 325/325/94 327/327/94 328/328/94
f 329/329/95 330/330/95 331/331/95
f 329/329/95 331/331/95 332/332/95
f 333/333/96 334/334/96 335/335/96
f 333/333/96 335/335/96 336/336/96
f 337/337/97 338/338/97 339/339/97
f 337/337/97 339/339/97 340/340/97
f 341/341/98 342/342/98 343/343/98
f 341/341/98 343/343/98 344/344/98
f 345/345/99 346/346/99 347/347/99
f 345/345/99 347/347/99 348/348/99
f 349/349/100 350/350/100 351/351/100
f 349/349/100 351/351/100 352/352/100
f 353/353/101 354/354/101 355/355/101
f 356/356/102 357/357/102 358/358/102
f 359/359/103 360/360/103 361/361/103
f 362/362/104 363/363/104 364/364/104
f 365/365/105 366/366/105 367/367/105
f 368/368/106 369/369/106 370/370/106
f 371/371/107 372/372/107 373/373/107
f 374/374/108 375/375/108 376/376/108
f 377/377/109 378/378/109 379/379/109
f 380/380/110 381/381/110 382/382/110
f 383/383/111 384/384/111 385/385/111
f 386/386/112 387/387/112 388/388/112
f 389/389/113 390/390/113 391/391/113
f 392/392/114 393/393/114 394/394/114
f 395/395/115 396/396/115 397/397/115
f 398/398/116 399/399/116 400/400/116
f 401/401/117 402/402/117 403/403/117
f 401/401/117 403/403/117 404/404/117
f 405/405/118 406/406/118 407/407/118
f 405/405/118 407/407/118 408/408/118
f 409/409/119 410/410/119 411/411/119
f 409/409/119 411/411/119 412/412/119
f 413/413/120 414/414/120 415/415/120
f 413/413/120 415/415/120 416/416/120
f 417/417/121 418/418/121 419/419/121
f 417/417/121 419/419/121 420/420/121
f 421/421/122 422/422/122 423/423/122
f 421/421/122 423/423/122 424/424/122
f 425/425/123 426/426/123 427/427/123
f 425/425/123 427/427/123 428/428/123
f 429/429/124 430/430/124 431/431/124
f 429/429/124 431/431/124 432/432/124
f 433/433/125 434/434/125 435/435/125
f 436/436/126 437/437/126 438/438/126
f 439/439/127 440/440/127 441/441/127
f 442/442/128 443/443/128 444/444/128
f 445/445/129 446/446/129 447/447/129
f 448/448/130 449/449/130 450/450/130
f 451/451/131 452/452/131 453/453/131
f 454/454/132 455/455/132 456/456/132
f 457/457/133 458/458/133 459/459/133
f 460/460/134 461/461/134 462/462/134
f 463/463/135 464/464/135 465/465/135
f 466/466/136 467/467/136 468/468/136
f 469/469/137 470/470/137 471/471/137
f 472/472/138 473/473/138 474/474/138
f 475/475/139 476/476/139 477/477/139
f 478/478/140 479/479/140 480/480/140
f 481/481/141 482/482/141 483/483/141
f 481/481/141 483/483/141 484/484/141
f 485/485/142 486/486/142 487/487/142
f 485/485/142 487/487/142 488/488/142
f 489/489/143 490/490/143 491/491/143
f 489/489/143 491/491/143 492/492/143
f 493/493/144 494/494/144 495/495/144
f 493/493/144 495/495/144 496/496/144
f 497/497/145 498/498/145 499/499/145
f 497/497/145 499/499/145 500/500/145
f 501/501/146 502/502/146 503/503/146
f 501/501/146 503/503/146 504/504/146
f 505/505/147 506/506/147 507/507/147
f 505/505/147 507/507/147 508/508/147
f 509/509/148 510/510/148 511/511/148
f 509/509/148 511/511/148 512/512/148
f 513/513/149 514/514/149 515/515/149
f 516/516/150 517/517/150 518/518/150
f 519/519/151 520/520/151 521/521/151
f 522/522/152 523/523/152 524/524/152
f 525/525/153 526/526/153 527/527/153
f 528/528/154 529/529/154 530/530/154
f 531/531/155 532/532/155 533/533/155
f 534/534/156 535/535/156 536/536/156
f 537/537/157 538/538/157 539/539/157
f 540/540/158 541/541/158 542/542/158
f 543/543/159 544/544/159 545/545/159
f 546/546/160 547/547/160 548/548/160
f 549/549/161 550/550/161 551/551/161
f 552/552/162 553/553/162 554/554/162
f 555/555/163 556/556/163 557/557/163
f 558/558/164 559/559/164 560/560/164
f 561/561/165 562/562/165 563/563/165
f 561/561/165 563/563/165 564/564/165
f 565/565/166 566/566/166 567/567/166
f 565/565/166 567/567/166 568/568/166
f 569/569/167 570/570/167 571/571/167
f 569/569/167 571/571/167 572/572/167
f 573/573/168 574/574/168 575/575/168
f 573/573/168 575/575/168 576/576/168
f 577/577/169 578/578/169 579/579/169
f 577/577/169 579/579/169 580/580/169
f 581/581/170 582/582/170 583/583/170
f 581/581/170 583/583/170 584/584/170
f 585/585/171 586/586/171 587/587/171
f 585/585/171 587/587/171 588/588/171
f 589/589/172 590/590/172 591/591/172
f 589/589/172 591/591/172 592/592/172
f 593/593/173 594/594/173 595/595/173
f 596/596/174 597/597/174 598/598/174
f 599/599/175 600/600/175 601/601/175
f 602/602/176 603/603/176 604/604/176
f 605/605/177 606/606/177 607/607/177
f 608/608/178 609/609/178 610/610/178
f 611/611/179 612/612/179 613/613/179
f 614/614/180 615/615/180 616/616/180
f 617/617/181 618/618/181 619/619/181
f 620/620/182 621/621/182 622/622/182
f 623/623/183 624/624/183 625/625/183
f 626/626/184 627/627/184 628/628/184
f 629/629/185 630/630/185 631/631/185
f 632/632/186 633/633/186 634/634/186
f 635/635/187 636/636/187 637/637/187
f 638/638/188 639/639/188 640/640/188
f 641/641/189 642/642/189 643/643/189
f 641/641/189 643/643/189 644/644/189
f 645/645/190 646/646/190 647/647/190
f 645/645/190 647/647/190 648/648/190
f 649/649/191 650/650/191 651/651/191
f 649/649/191 651/651/191 652/652/191
f 653/653/192 654/654/192 655/655/192
f 653/653/192 655/655/192 656/656/192
f 657/657/193 658/658/193 659/659/193
f 657/657/193 659/659/193 660/660/193
f 661/661/194 662/662/194 663/663/194
f 661/661/194 663/663/194 664/664/194
f 665/665/195 666/666/195 667/667/195
f 665/665/195 667/667/195 668/668/195
f 669/669/196 670/670/196 671/671/196
f 669/669/196 671/671/196 672/672/196
f 673/673/197 674/674/197 675/675/197
f 676/676/198 677/677/198 678/678/198
f 679/679/199 680/680/199 681/681/199
f 682/682/200 683/683/200 684/684/200
f 685/685/201 686/686/201 687/687/201
f 688/688/202 689/689/202 690/690/202
f 691/691/203 692/692/203 693/693/203
f 694/694/204 695/695/204 696/696/204
f 697/697/205 698/698/205 699/699/205
f 700/700/206 701/701/206 702/702/206
f 703/703/207 704/704/207 705/705/207
f 706/706/208 707/707/208 708/708/208
f 709/709/209 710/710/209 711/711/209
f 712/712/210 713/713/210 714/714/210
f 715/715/211 716/716/211 717/717/211
f 718/718/212 719/719/212 720/720/212
f 721/721/213 722/722/213 723/723/213
f 721/721/213 723/723/213 724/724/213
f 725/725/214 726/726/214 727/727/214
f 725/725/214 727/727/214 728/728/214
f 729/729/215 730/730/215 731/731/215
f 729/729/215 731/731/215 732/732/215
f 733/733/216 734/734/216 735/735/216
f 733/733/216 735/735/216 736/736/216
f 737/737/217 738/738/217 739/739/217
f 737/737/217 739/739/217 740/740/217
f 741/741/218 742/742/218 743/743/218
f 741/741/218 743/743/218 744/744/218
f 745/745/219 746/746/219 747/747/219
f 745/745/219 747/747/219 748/748/219
f 749/749/220 750/750/220 751/751/220
f 749/749/220 751/751/220 752/752/220
f 753/753/221 754/754/221 755/755/221
f 756/756/222 757/757/222 758/758/222
f 759/759/223 760/760/223 761/761/223
f 762/762/224 763/763/224 764/764/224
f 765/765/225 766/766/225 767/767/225
f 768/768/226 769/769/226 770/770/226
f 771/771/227 772/772/227 773/773/227
f 774/774/228 775/775/228 776/776/228
f 777/777/229 778/778/229 779/779/229
f 780/780/230 781/781/230 782/782/230
f 783/783/231 784/784/231 785/785/231
f 786/786/232 787/787/232 788/788/232
f 789/789/233 790/790/233 791/791/233
f 792/792/234 793/793/234 794/794/234
f 795/795/235 796/796/235 797/797/235
f 798/798/236 799/799/236 800/800/236
f 801/801/237 802/802/237 803/803/237
f 801/801/237 803/803/237 804/804/237
f 805/805/238 806/806/238 807/807/238
f 805/805/238 807/807/238 808/808/238
f 809/809/239 810/810/239 811/811/239
f 809/809/239 811/811/239 812/812/239
f 813/813/240 814/814/240 815/815/240
f 813/813/240 815/815/240 816/816/240
f 817/817/241 818/818/241 819/819/241
f 817/817/241 819/819/241 820/820/241
f 821/821/242 822/822/242 823/823/242
f 821/821/242 823/823/242 824/824/242
f 825/825/243 826/826/243 827/827/243
f 825/825/243 827/827/243 828/828/243
f 829/829/244 830/830/244 831/831/244
f 829/829/244 831/831/244 832/832/244
f 833/833/245 834/834/245 835/835/245
f 836/836/246 837/837/246 838/838/246
f 839/839/247 840/840/247 841/841/247
f 842/842/248 843/843/248 844/844/248
f 845/845/249 846/846/249 847/847/249
f 848/848/250 849/849/250 850/850/250
f 851/851/251 852/852/251 853/853/251
f 854/854/252 855/855/252 856/856/252
f 857/857/253 858/858/253 859/859/253
f 860/860/254 861/861/254 862/862/254
f 863/863/255 864/864/255 865/865/255
f 866/866/256 867/867/256 868/868/256
f 869/869/257 870/870/257 871/871/257
f 872/872/258 873/873/258 874/874/258
f 875/875/259 876/876/259 877/877/259
f 878/878/260 879/879/260 880/880/260
f 881/881/261 882/882/261 883/883/261
f 881/881/261 883/883/261 884/884/261
f 885/885/262 886/886/262 887/887/262
f 885/885/262 887/887/262 888/888/262
f 889/889/263 890/890/263 891/891/263
f 889/889/263 891/891/263 892/892/263
f 893/893/264 894/894/264 895/895/264
f 893/893/264 895/895/264 896/896/264
f 897/897/265 898/898/265 899/899/265
f 897/897/265 899/899/265 900/900/265
f 901/901/266 902/902/266 903/903/266
f 901/901/266 903/903/266 904/904/266
f 905/905/267 906/906/267 907/907/267
f 905/905/267 907/907/267 908/908/267
f 909/909/268 910/910/268 911/911/268
f 909/909/268 911/911/268 912/912/268
f 913/913/269 914/914/269 915/915/269
f 916/916/270 917/917/270 918/918/270
f 919/919/271 920/920/271 921/921/271
f 922/922/272 923/923/272 924/924/272
f 925/925/273 926/926/273 927/927/273
f 928/928/274 929/929/274 930/930/274
f 931/931/275 932/932/275 933/933/275
f 934/934/276 935/935/276 936/936/276
f 937/937/277 938/938/277 939/939/277
f 940/940/278 941/941/278 942/942/278
f 943/943/279 944/944/279 945/945/279
f 946/946/280 947/947/280 948/948/280
f 949/949/281 950/950/281 951/951/281
f 952/952/282 953/953/282 954/954/282
f 955/955/283 956/956/283 957/957/283
f 958/958/284 959/959/284 960/960/284
f 961/961/285 962/962/285 963/963/285
f 961/961/285 963/963/285 964/964/285
f 965/965/286 966/966/286 967/967/286
f 965/965/286 967/967/286 968/968/286
f 969/969/287 970/970/287 971/971/287
f 969/969/287 971/971/287 972/972/287
f 973/973/288 974/974/288 975/975/288
f 973/973/288 975/975/288 976/976/288
f 977/977/289 978/978/289 979/979/289
f 977/977/289 979/979/289 980/980/289
f 981/981/290 982/982/290 983/983/290
f 981/981/290 983/983/290 984/984/290
f 985/985/291 986/986/291 987/987/291
f 985/985/291 987/987/291 988/988/291
f 989/989/292 990/990/292 991/991/292
f 989/989/292 991/991/292 992/992/292
f 993/993/293 994/994/293 995/995/293
f 996/996/294 997/997/294 998/998/294
f 999/999/295 1000/1000/295 1001/1001/295
f 1002/1002/296 1003/1003/296 1004/1004/296
f 1005/1005/297 1006/1006/297 1007/1007/297
f 1008/1008/298 1009/1009/298 1010/1010/298
f 1011/1011/299 1012/1012/299 1013/1013/299
f 1014/1014/300 1015/1015/300 1016/1016/300
f 1017/1017/301 1018/1018/301 1019/1019/301
f 1020/1020/302 1021/1021/302 1022/1022/302
f 1023/1023/303 1024/1024/303 1025/1025/303
f 1026/1026/304 1027/1027/304 1028/1028/304
f 1029/1029/305 1030/1030/305 1031/1031/305
f 1032/1032/306 1033/1033/306 1034/1034/306
f 1035/1035/307 1036/1036/307 1037/1037/307
f 1038/1038/308 1039/1039/308 1040/1040/308
f 1041/1041/309 1042/1042/309 1043/1043/309
f 1041/1041/309 1043/1043/309 1044/1044/309
f 1045/1045/310 1046/1046/310 1047/1047/310
f 1045/1045/310 1047/1047/310 1048/1048/310
f 1049/1049/311 1050/1050/311 1051/1051/311
f 1049/1049/311 1051/1051/311 1052/1052/311
f 1053/1053/312 1054/1054/312 1055/1055/312
f 1053/1053/312 1055/1055/312 1056/1056/312
f 1057/1057/313 1058/1058/313 1059/1059/313
f 1057/1057/313 1059/1059/313 1060/1060/313
f 1061/1061/314 1062/1062/314 1063/1063/314
f 1061/1061/314 1063/1063/314 1064/1064/314
f 1065/1065/315 1066/1066/315 1067/1067/315
f 1065/1065/315 1067/1067/315 1068/1068/315
f 1069/1069/316 1070/1070/316 1071/1071/316
f 1069/1069/316 1071/1071/316 1072/1072/316
f 1073/1073/317 1074/1074/317 1075/1075/317
f 1076/1076/318 1077/1077/318 1078/1078/318
f 1079/1079/319 1080/1080/319 1081/1081/319
f 1082/1082/320 1083/1083/320 1084/1084/320
f 1085/1085/321 1086/1086/321 1087/1087/321
f 1088/1088/322 1089/1089/322 1090/1090/322
f 1091/1091/323 1092/1092/323 1093/1093/323
f 1094/1094/324 1095/1095/324 1096/1096/324
f 1097/1097/325 1098/1098/325 1099/1099/325
f 1100/1100/326 1101/1101/326 1102/1102/326
f 1103/1103/327 1104/1104/327 1105/1105/327
f 1106/1106/328 1107/1107/328 1108/1108/328
f 1109/1109/329 1110/1110/329 1111/1111/329
f 1112/1112/330 1113/1113/330 1114/1114/330
f 1115/1115/331 1116/1116/331 1117/1117/331
f 1118/1118/332 1119/1119/332 1120/1120/332
usemtl Bollard_CastIron
f 1121/1121/333 1122/1122/333 1123/1123/333
f 1121/1121/333 1123/1123/333 1124/1124/333
f 1125/1125/334 1126/1126/334 1127/1127/334
f 1125/1125/334 1127/1127/334 1128/1128/334
f 1129/1129/335 1130/1130/335 1131/1131/335
f 1129/1129/335 1131/1131/335 1132/1132/335
f 1133/1133/336 1134/1134/336 1135/1135/336
f 1133/1133/336 1135/1135/336 1136/1136/336
f 1137/1137/337 1138/1138/337 1139/1139/337
f 1137/1137/337 1139/1139/337 1140/1140/337
f 1141/1141/338 1142/1142/338 1143/1143/338
f 1141/1141/338 1143/1143/338 1144/1144/338
f 1145/1145/339 1146/1146/339 1147/1147/339
f 1145/1145/339 1147/1147/339 1148/1148/339
f 1149/1149/340 1150/1150/340 1151/1151/340
f 1149/1149/340 1151/1151/340 1152/1152/340
f 1153/1153/341 1154/1154/341 1155/1155/341
f 1153/1153/341 1155/1155/341 1156/1156/341
f 1157/1157/342 1158/1158/342 1159/1159/342
f 1157/1157/342 1159/1159/342 1160/1160/342
f 1161/1161/343 1162/1162/343 1163/1163/343
f 1161/1161/343 1163/1163/343 1164/1164/343
f 1165/1165/344 1166/1166/344 1167/1167/344
f 1165/1165/344 1167/1167/344 1168/1168/344
f 1169/1169/345 1170/1170/345 1171/1171/345
f 1172/1172/346 1173/1173/346 1174/1174/346
f 1175/1175/347 1176/1176/347 1177/1177/347
f 1178/1178/348 1179/1179/348 1180/1180/348
f 1181/1181/349 1182/1182/349 1183/1183/349
f 1184/1184/350 1185/1185/350 1186/1186/350
f 1187/1187/351 1188/1188/351 1189/1189/351
f 1190/1190/352 1191/1191/352 1192/1192/352
f 1193/1193/353 1194/1194/353 1195/1195/353
f 1196/1196/354 1197/1197/354 1198/1198/354
f 1199/1199/355 1200/1200/355 1201/1201/355
f 1202/1202/356 1203/1203/356 1204/1204/356
f 1205/1205/357 1206/1206/357 1207/1207/357
f 1208/1208/358 1209/1209/358 1210/1210/358
f 1211/1211/359 1212/1212/359 1213/1213/359
f 1214/1214/360 1215/1215/360 1216/1216/360
f 1217/1217/361 1218/1218/361 1219/1219/361
f 1220/1220/362 1221/1221/362 1222/1222/362
f 1223/1223/363 1224/1224/363 1225/1225/363
f 1226/1226/364 1227/1227/364 1228/1228/364
f 1229/1229/365 1230/1230/365 1231/1231/365
f 1232/1232/366 1233/1233/366 1234/1234/366
f 1235/1235/367 1236/1236/367 1237/1237/367
f 1238/1238/368 1239/1239/368 1240/1240/368
f 1241/1241/369 1242/1242/369 1243/1243/369
f 1241/1241/369 1243/1243/369 1244/1244/369
f 1245/1245/370 1246/1246/370 1247/1247/370
f 1245/1245/370 1247/1247/370 1248/1248/370
f 1249/1249/371 1250/1250/371 1251/1251/371
f 1249/1249/371 1251/1251/371 1252/1252/371
f 1253/1253/372 1254/1254/372 1255/1255/372
f 1253/1253/372 1255/1255/372 1256/1256/372
f 1257/1257/373 1258/1258/373 1259/1259/373
f 1257/1257/373 1259/1259/373 1260/1260/373
f 1261/1261/374 1262/1262/374 1263/1263/374
f 1261/1261/374 1263/1263/374 1264/1264/374
f 1265/1265/375 1266/1266/375 1267/1267/375
f 1265/1265/375 1267/1267/375 1268/1268/375
f 1269/1269/376 1270/1270/376 1271/1271/376
f 1269/1269/376 1271/1271/376 1272/1272/376
f 1273/1273/377 1274/1274/377 1275/1275/377
f 1273/1273/377 1275/1275/377 1276/1276/377
f 1277/1277/378 1278/1278/378 1279/1279/378
f 1277/1277/378 1279/1279/378 1280/1280/378
f 1281/1281/379 1282/1282/379 1283/1283/379
f 1281/1281/379 1283/1283/379 1284/1284/379
f 1285/1285/380 1286/1286/380 1287/1287/380
f 1285/1285/380 1287/1287/380 1288/1288/380
f 1289/1289/381 1290/1290/381 1291/1291/381
f 1289/1289/381 1291/1291/381 1292/1292/381
f 1293/1293/382 1294/1294/382 1295/1295/382
f 1293/1293/382 1295/1295/382 1296/1296/382
f 1297/1297/383 1298/1298/383 1299/1299/383
f 1297/1297/383 1299/1299/383 1300/1300/383
f 1301/1301/384 1302/1302/384 1303/1303/384
f 1301/1301/384 1303/1303/384 1304/1304/384
f 1305/1305/385 1306/1306/385 1307/1307/385
f 1305/1305/385 1307/1307/385 1308/1308/385
f 1309/1309/386 1310/1310/386 1311/1311/386
f 1309/1309/386 1311/1311/386 1312/1312/386
f 1313/1313/387 1314/1314/387 1315/1315/387
f 1313/1313/387 1315/1315/387 1316/1316/387
f 1317/1317/388 1318/1318/388 1319/1319/388
f 1317/1317/388 1319/1319/388 1320/1320/388
f 1321/1321/389 1322/1322/389 1323/1323/389
f 1321/1321/389 1323/1323/389 1324/1324/389
f 1325/1325/390 1326/1326/390 1327/1327/390
f 1325/1325/390 1327/1327/390 1328/1328/390
f 1329/1329/391 1330/1330/391 1331/1331/391
f 1329/1329/391 1331/1331/391 1332/1332/391
f 1333/1333/392 1334/1334/392 1335/1335/392
f 1333/1333/392 1335/1335/392 1336/1336/392
f 1337/1337/393 1338/1338/393 1339/1339/393
f 1340/1340/394 1341/1341/394 1342/1342/394
f 1343/1343/395 1344/1344/395 1345/1345/395
f 1346/1346/396 1347/1347/396 1348/1348/396
f 1349/1349/397 1350/1350/397 1351/1351/397
f 1352/1352/398 1353/1353/398 1354/1354/398
f 1355/1355/399 1356/1356/399 1357/1357/399
f 1358/1358/400 1359/1359/400 1360/1360/400
f 1361/1361/401 1362/1362/401 1363/1363/401
f 1364/1364/402 1365/1365/402 1366/1366/402
f 1367/1367/403 1368/1368/403 1369/1369/403
f 1370/1370/404 1371/1371/404 1372/1372/404
f 1373/1373/405 1374/1374/405 1375/1375/405
f 1376/1376/406 1377/1377/406 1378/1378/406
f 1379/1379/407 1380/1380/407 1381/1381/407
f 1382/1382/408 1383/1383/408 1384/1384/408
f 1385/1385/409 1386/1386/409 1387/1387/409
f 1388/1388/410 1389/1389/410 1390/1390/410
f 1391/1391/411 1392/1392/411 1393/1393/411
f 1394/1394/412 1395/1395/412 1396/1396/412
f 1397/1397/413 1398/1398/413 1399/1399/413
f 1400/1400/414 1401/1401/414 1402/1402/414
f 1403/1403/415 1404/1404/415 1405/1405/415
f 1406/1406/416 1407/1407/416 1408/1408/416
f 1409/1409/417 1410/1410/417 1411/1411/417
f 1409/1409/417 1411/1411/417 1412/1412/417
f 1413/1413/418 1414/1414/418 1415/1415/418
f 1413/1413/418 1415/1415/418 1416/1416/418
f 1417/1417/419 1418/1418/419 1419/1419/419
f 1417/1417/419 1419/1419/419 1420/1420/419
f 1421/1421/420 1422/1422/420 1423/1423/420
f 1421/1421/420 1423/1423/420 1424/1424/420
f 1425/1425/421 1426/1426/421 1427/1427/421
f 1425/1425/421 1427/1427/421 1428/1428/421
f 1429/1429/422 1430/1430/422 1431/1431/422
f 1429/1429/422 1431/1431/422 1432/1432/422
f 1433/1433/423 1434/1434/423 1435/1435/423
f 1433/1433/423 1435/1435/423 1436/1436/423
f 1437/1437/424 1438/1438/424 1439/1439/424
f 1437/1437/424 1439/1439/424 1440/1440/424
f 1441/1441/425 1442/1442/425 1443/1443/425
f 1441/1441/425 1443/1443/425 1444/1444/425
f 1445/1445/426 1446/1446/426 1447/1447/426
f 1445/1445/426 1447/1447/426 1448/1448/426
f 1449/1449/427 1450/1450/427 1451/1451/427
f 1449/1449/427 1451/1451/427 1452/1452/427
f 1453/1453/428 1454/1454/428 1455/1455/428
f 1453/1453/428 1455/1455/428 1456/1456/428
f 1457/1457/429 1458/1458/429 1459/1459/429
f 1457/1457/429 1459/1459/429 1460/1460/429
f 1461/1461/430 1462/1462/430 1463/1463/430
f 1461/1461/430 1463/1463/430 1464/1464/430
f 1465/1465/431 1466/1466/431 1467/1467/431
f 1465/1465/431 1467/1467/431 1468/1468/431
f 1469/1469/432 1470/1470/432 1471/1471/432
f 1469/1469/432 1471/1471/432 1472/1472/432
f 1473/1473/433 1474/1474/433 1475/1475/433
f 1473/1473/433 1475/1475/433 1476/1476/433
f 1477/1477/434 1478/1478/434 1479/1479/434
f 1477/1477/434 1479/1479/434 1480/1480/434
f 1481/1481/435 1482/1482/435 1483/1483/435
f 1484/1484/436 1485/1485/436 1486/1486/436
f 1487/1487/437 1488/1488/437 1489/1489/437
f 1490/1490/438 1491/1491/438 1492/1492/438
f 1493/1493/439 1494/1494/439 1495/1495/439
f 1496/1496/440 1497/1497/440 1498/1498/440
f 1499/1499/441 1500/1500/441 1501/1501/441
f 1502/1502/442 1503/1503/442 1504/1504/442
f 1505/1505/443 1506/1506/443 1507/1507/443
f 1508/1508/444 1509/1509/444 1510/1510/444
f 1511/1511/445 1512/1512/445 1513/1513/445
f 1514/1514/446 1515/1515/446 1516/1516/446
f 1517/1517/447 1518/1518/447 1519/1519/447
f 1520/1520/448 1521/1521/448 1522/1522/448
f 1523/1523/449 1524/1524/449 1525/1525/449
f 1526/1526/450 1527/1527/450 1528/1528/450
f 1529/1529/451 1530/1530/451 1531/1531/451
f 1532/1532/452 1533/1533/452 1534/1534/452
f 1535/1535/453 1536/1536/453 1537/1537/453
f 1538/1538/454 1539/1539/454 1540/1540/454
f 1541/1541/455 1542/1542/455 1543/1543/455
f 1544/1544/456 1545/1545/456 1546/1546/456
f 1547/1547/457 1548/1548/457 1549/1549/457
f 1550/1550/458 1551/1551/458 1552/1552/458
f 1553/1553/459 1554/1554/459 1555/1555/459
f 1553/1553/459 1555/1555/459 1556/1556/459
f 1557/1557/460 1558/1558/460 1559/1559/460
f 1557/1557/460 1559/1559/460 1560/1560/460
f 1561/1561/461 1562/1562/461 1563/1563/461
f 1561/1561/461 1563/1563/461 1564/1564/461
f 1565/1565/462 1566/1566/462 1567/1567/462
f 1565/1565/462 1567/1567/462 1568/1568/462
f 1569/1569/463 1570/1570/463 1571/1571/463
f 1569/1569/463 1571/1571/463 1572/1572/463
f 1573/1573/464 1574/1574/464 1575/1575/464
f 1573/1573/464 1575/1575/464 1576/1576/464
f 1577/1577/465 1578/1578/465 1579/1579/465
f 1577/1577/465 1579/1579/465 1580/1580/465
f 1581/1581/466 1582/1582/466 1583/1583/466
f 1581/1581/466 1583/1583/466 1584/1584/466
f 1585/1585/467 1586/1586/467 1587/1587/467
f 1585/1585/467 1587/1587/467 1588/1588/467
f 1589/1589/468 1590/1590/468 1591/1591/468
f 1589/1589/468 1591/1591/468 1592/1592/468
f 1593/1593/469 1594/1594/469 1595/1595/469
f 1593/1593/469 1595/1595/469 1596/1596/469
f 1597/1597/470 1598/1598/470 1599/1599/470
f 1597/1597/470 1599/1599/470 1600/1600/470
f 1601/1601/471 1602/1602/471 1603/1603/471
f 1601/1601/471 1603/1603/471 1604/1604/471
f 1605/1605/472 1606/1606/472 1607/1607/472
f 1605/1605/472 1607/1607/472 1608/1608/472
f 1609/1609/473 1610/1610/473 1611/1611/473
f 1609/1609/473 1611/1611/473 1612/1612/473
f 1613/1613/474 1614/1614/474 1615/1615/474
f 1613/1613/474 1615/1615/474 1616/1616/474
f 1617/1617/475 1618/1618/475 1619/1619/475
f 1617/1617/475 1619/1619/475 1620/1620/475
f 1621/1621/476 1622/1622/476 1623/1623/476
f 1621/1621/476 1623/1623/476 1624/1624/476
f 1625/1625/477 1626/1626/477 1627/1627/477
f 1625/1625/477 1627/1627/477 1628/1628/477
f 1629/1629/478 1630/1630/478 1631/1631/478
f 1629/1629/478 1631/1631/478 1632/1632/478
f 1633/1633/479 1634/1634/479 1635/1635/479
f 1633/1633/479 1635/1635/479 1636/1636/479
f 1637/1637/480 1638/1638/480 1639/1639/480
f 1637/1637/480 1639/1639/480 1640/1640/480
f 1641/1641/481 1642/1642/481 1643/1643/481
f 1641/1641/481 1643/1643/481 1644/1644/481
f 1645/1645/482 1646/1646/482 1647/1647/482
f 1645/1645/482 1647/1647/482 1648/1648/482
f 1649/1649/483 1650/1650/483 1651/1651/483
f 1652/1652/484 1653/1653/484 1654/1654/484
f 1655/1655/485 1656/1656/485 1657/1657/485
f 1658/1658/486 1659/1659/486 1660/1660/486
f 1661/1661/487 1662/1662/487 1663/1663/487
f 1664/1664/488 1665/1665/488 1666/1666/488
f 1667/1667/489 1668/1668/489 1669/1669/489
f 1670/1670/490 1671/1671/490 1672/1672/490
f 1673/1673/491 1674/1674/491 1675/1675/491
f 1676/1676/492 1677/1677/492 1678/1678/492
f 1679/1679/493 1680/1680/493 1681/1681/493
f 1682/1682/494 1683/1683/494 1684/1684/494
f 1685/1685/495 1686/1686/495 1687/1687/495
f 1688/1688/496 1689/1689/496 1690/1690/496
f 1691/1691/497 1692/1692/497 1693/1693/497
f 1694/1694/498 1695/1695/498 1696/1696/498
f 1697/1697/499 1698/1698/499 1699/1699/499
f 1700/1700/500 1701/1701/500 1702/1702/500
f 1703/1703/501 1704/1704/501 1705/1705/501
f 1706/1706/502 1707/1707/502 1708/1708/502
f 1709/1709/503 1710/1710/503 1711/1711/503
f 1712/1712/504 1713/1713/504 1714/1714/504
f 1715/1715/505 1716/1716/505 1717/1717/505
f 1718/1718/506 1719/1719/506 1720/1720/506
f 1721/1721/507 1722/1722/507 1723/1723/507
f 1721/1721/507 1723/1723/507 1724/1724/507
f 1725/1725/508 1726/1726/508 1727/1727/508
f 1725/1725/508 1727/1727/508 1728/1728/508
f 1729/1729/509 1730/1730/509 1731/1731/509
f 1729/1729/509 1731/1731/509 1732/1732/509
f 1733/1733/510 1734/1734/510 1735/1735/510
f 1733/1733/510 1735/1735/510 1736/1736/510
f 1737/1737/511 1738/1738/511 1739/1739/511
f 1737/1737/511 1739/1739/511 1740/1740/511
f 1741/1741/512 1742/1742/512 1743/1743/512
f 1741/1741/512 1743/1743/512 1744/1744/512
f 1745/1745/513 1746/1746/513 1747/1747/513
f 1745/1745/513 1747/1747/513 1748/1748/513
f 1749/1749/514 1750/1750/514 1751/1751/514
f 1749/1749/514 1751/1751/514 1752/1752/514
f 1753/1753/515 1754/1754/515 1755/1755/515
f 1753/1753/515 1755/1755/515 1756/1756/515
f 1757/1757/516 1758/1758/516 1759/1759/516
f 1757/1757/516 1759/1759/516 1760/1760/516
f 1761/1761/517 1762/1762/517 1763/1763/517
f 1761/1761/517 1763/1763/517 1764/1764/517
f 1765/1765/518 1766/1766/518 1767/1767/518
f 1765/1765/518 1767/1767/518 1768/1768/518
f 1769/1769/519 1770/1770/519 1771/1771/519
f 1769/1769/519 1771/1771/519 1772/1772/519
f 1773/1773/520 1774/1774/520 1775/1775/520
f 1773/1773/520 1775/1775/520 1776/1776/520
f 1777/1777/521 1778/1778/521 1779/1779/521
f 1777/1777/521 1779/1779/521 1780/1780/521
f 1781/1781/522 1782/1782/522 1783/1783/522
f 1781/1781/522 1783/1783/522 1784/1784/522
f 1785/1785/523 1786/1786/523 1787/1787/523
f 1785/1785/523 1787/1787/523 1788/1788/523
f 1789/1789/524 1790/1790/524 1791/1791/524
f 1789/1789/524 1791/1791/524 1792/1792/524
f 1793/1793/525 1794/1794/525 1795/1795/525
f 1796/1796/526 1797/1797/526 1798/1798/526
f 1799/1799/527 1800/1800/527 1801/1801/527
f 1802/1802/528 1803/1803/528 1804/1804/528
f 1805/1805/529 1806/1806/529 1807/1807/529
f 1808/1808/530 1809/1809/530 1810/1810/530
f 1811/1811/531 1812/1812/531 1813/1813/531
f 1814/1814/532 1815/1815/532 1816/1816/532
f 1817/1817/533 1818/1818/533 1819/1819/533
f 1820/1820/534 1821/1821/534 1822/1822/534
f 1823/1823/535 1824/1824/535 1825/1825/535
f 1826/1826/536 1827/1827/536 1828/1828/536
f 1829/1829/537 1830/1830/537 1831/1831/537
f 1832/1832/538 1833/1833/538 1834/1834/538
f 1835/1835/539 1836/1836/539 1837/1837/539
f 1838/1838/540 1839/1839/540 1840/1840/540
f 1841/1841/541 1842/1842/541 1843/1843/541
f 1844/1844/542 1845/1845/542 1846/1846/542
f 1847/1847/543 1848/1848/543 1849/1849/543
f 1850/1850/544 1851/1851/544 1852/1852/544
f 1853/1853/545 1854/1854/545 1855/1855/545
f 1856/1856/546 1857/1857/546 1858/1858/546
f 1859/1859/547 1860/1860/547 1861/1861/547
f 1862/1862/548 1863/1863/548 1864/1864/548
f 1865/1865/549 1866/1866/549 1867/1867/549
f 1865/1865/549 1867/1867/549 1868/1868/549
f 1869/1869/550 1870/1870/550 1871/1871/550
f 1869/1869/550 1871/1871/550 1872/1872/550
f 1873/1873/551 1874/1874/551 1875/1875/551
f 1873/1873/551 1875/1875/551 1876/1876/551
f 1877/1877/552 1878/1878/552 1879/1879/552
f 1877/1877/552 1879/1879/552 1880/1880/552
f 1881/1881/553 1882/1882/553 1883/1883/553
f 1881/1881/553 1883/1883/553 1884/1884/553
f 1885/1885/554 1886/1886/554 1887/1887/554
f 1885/1885/554 1887/1887/554 1888/1888/554
f 1889/1889/555 1890/1890/555 1891/1891/555
f 1889/1889/555 1891/1891/555 1892/1892/555
f 1893/1893/556 1894/1894/556 1895/1895/556
f 1893/1893/556 1895/1895/556 1896/1896/556
f 1897/1897/557 1898/1898/557 1899/1899/557
f 1897/1897/557 1899/1899/557 1900/1900/557
f 1901/1901/558 1902/1902/558 1903/1903/558
f 1901/1901/558 1903/1903/558 1904/1904/558
f 1905/1905/559 1906/1906/559 1907/1907/559
f 1905/1905/559 1907/1907/559 1908/1908/559
f 1909/1909/560 1910/1910/560 1911/1911/560
f 1909/1909/560 1911/1911/560 1912/1912/560
f 1913/1913/561 1914/1914/561 1915/1915/561
f 1913/1913/561 1915/1915/561 1916/1916/561
f 1917/1917/562 1918/1918/562 1919/1919/562
f 1917/1917/562 1919/1919/562 1920/1920/562
f 1921/1921/563 1922/1922/563 1923/1923/563
f 1921/1921/563 1923/1923/563 1924/1924/563
f 1925/1925/564 1926/1926/564 1927/1927/564
f 1925/1925/564 1927/1927/564 1928/1928/564
f 1929/1929/565 1930/1930/565 1931/1931/565
f 1929/1929/565 1931/1931/565 1932/1932/565
f 1933/1933/566 1934/1934/566 1935/1935/566
f 1933/1933/566 1935/1935/566 1936/1936/566
f 1937/1937/567 1938/1938/567 1939/1939/567
f 1937/1937/567 1939/1939/567 1940/1940/567
f 1941/1941/568 1942/1942/568 1943/1943/568
f 1941/1941/568 1943/1943/568 1944/1944/568
f 1945/1945/569 1946/1946/569 1947/1947/569
f 1945/1945/569 1947/1947/569 1948/1948/569
f 1949/1949/570 1950/1950/570 1951/1951/570
f 1949/1949/570 1951/1951/570 1952/1952/570
f 1953/1953/571 1954/1954/571 1955/1955/571
f 1953/1953/571 1955/1955/571 1956/1956/571
f 1957/1957/572 1958/1958/572 1959/1959/572
f 1957/1957/572 1959/1959/572 1960/1960/572
f 1961/1961/573 1962/1962/573 1963/1963/573
f 1964/1964/574 1965/1965/574 1966/1966/574
f 1967/1967/575 1968/1968/575 1969/1969/575
f 1970/1970/576 1971/1971/576 1972/1972/576
f 1973/1973/577 1974/1974/577 1975/1975/577
f 1976/1976/578 1977/1977/578 1978/1978/578
f 1979/1979/579 1980/1980/579 1981/1981/579
f 1982/1982/580 1983/1983/580 1984/1984/580
f 1985/1985/581 1986/1986/581 1987/1987/581
f 1988/1988/582 1989/1989/582 1990/1990/582
f 1991/1991/583 1992/1992/583 1993/1993/583
f 1994/1994/584 1995/1995/584 1996/1996/584
f 1997/1997/585 1998/1998/585 1999/1999/585
f 2000/2000/586 2001/2001/586 2002/2002/586
f 2003/2003/587 2004/2004/587 2005/2005/587
f 2006/2006/588 2007/2007/588 2008/2008/588
f 2009/2009/589 2010/2010/589 2011/2011/589
f 2012/2012/590 2013/2013/590 2014/2014/590
f 2015/2015/591 2016/2016/591 2017/2017/591
f 2018/2018/592 2019/2019/592 2020/2020/592
f 2021/2021/593 2022/2022/593 2023/2023/593
f 2024/2024/594 2025/2025/594 2026/2026/594
f 2027/2027/595 2028/2028/595 2029/2029/595
f 2030/2030/596 2031/2031/596 2032/2032/596
f 2033/2033/597 2034/2034/597 2035/2035/597
f 2033/2033/597 2035/2035/597 2036/2036/597
f 2037/2037/598 2038/2038/598 2039/2039/598
f 2037/2037/598 2039/2039/598 2040/2040/598
f 2041/2041/599 2042/2042/599 2043/2043/599
f 2041/2041/599 2043/2043/599 2044/2044/599
f 2045/2045/600 2046/2046/600 2047/2047/600
f 2045/2045/600 2047/2047/600 2048/2048/600
f 2049/2049/601 2050/2050/601 2051/2051/601
f 2049/2049/601 2051/2051/601 2052/2052/601
f 2053/2053/602 2054/2054/602 2055/2055/602
f 2053/2053/602 2055/2055/602 2056/2056/602
f 2057/2057/603 2058/2058/603 2059/2059/603
f 2057/2057/603 2059/2059/603 2060/2060/603
f 2061/2061/604 2062/2062/604 2063/2063/604
f 2061/2061/604 2063/2063/604 2064/2064/604
f 2065/2065/605 2066/2066/605 2067/2067/605
f 2065/2065/605 2067/2067/605 2068/2068/605
f 2069/2069/606 2070/2070/606 2071/2071/606
f 2069/2069/606 2071/2071/606 2072/2072/606
f 2073/2073/607 2074/2074/607 2075/2075/607
f 2073/2073/607 2075/2075/607 2076/2076/607
f 2077/2077/608 2078/2078/608 2079/2079/608
f 2077/2077/608 2079/2079/608 2080/2080/608
f 2081/2081/609 2082/2082/609 2083/2083/609
f 2081/2081/609 2083/2083/609 2084/2084/609
f 2085/2085/610 2086/2086/610 2087/2087/610
f 2085/2085/610 2087/2087/610 2088/2088/610
f 2089/2089/611 2090/2090/611 2091/2091/611
f 2089/2089/611 2091/2091/611 2092/2092/611
f 2093/2093/612 2094/2094/612 2095/2095/612
f 2093/2093/612 2095/2095/612 2096/2096/612
f 2097/2097/613 2098/2098/613 2099/2099/613
f 2097/2097/613 2099/2099/613 2100/2100/613
f 2101/2101/614 2102/2102/614 2103/2103/614
f 2101/2101/614 2103/2103/614 2104/2104/614
f 2105/2105/615 2106/2106/615 2107/2107/615
f 2108/2108/616 2109/2109/616 2110/2110/616
f 2111/2111/617 2112/2112/617 2113/2113/617
f 2114/2114/618 2115/2115/618 2116/2116/618
f 2117/2117/619 2118/2118/619 2119/2119/619
f 2120/2120/620 2121/2121/620 2122/2122/620
f 2123/2123/621 2124/2124/621 2125/2125/621
f 2126/2126/622 2127/2127/622 2128/2128/622
f 2129/2129/623 2130/2130/623 2131/2131/623
f 2132/2132/624 2133/2133/624 2134/2134/624
f 2135/2135/625 2136/2136/625 2137/2137/625
f 2138/2138/626 2139/2139/626 2140/2140/626
f 2141/2141/627 2142/2142/627 2143/2143/627
f 2144/2144/628 2145/2145/628 2146/2146/628
f 2147/2147/629 2148/2148/629 2149/2149/629
f 2150/2150/630 2151/2151/630 2152/2152/630
f 2153/2153/631 2154/2154/631 2155/2155/631
f 2156/2156/632 2157/2157/632 2158/2158/632
f 2159/2159/633 2160/2160/633 2161/2161/633
f 2162/2162/634 2163/2163/634 2164/2164/634
f 2165/2165/635 2166/2166/635 2167/2167/635
f 2168/2168/636 2169/2169/636 2170/2170/636
f 2171/2171/637 2172/2172/637 2173/2173/637
f 2174/2174/638 2175/2175/638 2176/2176/638
f 2177/2177/639 2178/2178/639 2179/2179/639
f 2177/2177/639 2179/2179/639 2180/2180/639
f 2181/2181/640 2182/2182/640 2183/2183/640
f 2181/2181/640 2183/2183/640 2184/2184/640
f 2185/2185/641 2186/2186/641 2187/2187/641
f 2185/2185/641 2187/2187/641 2188/2188/641
f 2189/2189/642 2190/2190/642 2191/2191/642
f 2189/2189/642 2191/2191/642 2192/2192/642
f 2193/2193/643 2194/2194/643 2195/2195/643
f 2193/2193/643 2195/2195/643 2196/2196/643
f 2197/2197/644 2198/2198/644 2199/2199/644
f 2197/2197/644 2199/2199/644 2200/2200/644
f 2201/2201/645 2202/2202/645 2203/2203/645
f 2201/2201/645 2203/2203/645 2204/2204/645
f 2205/2205/646 2206/2206/646 2207/2207/646
f 2205/2205/646 2207/2207/646 2208/2208/646
f 2209/2209/647 2210/2210/647 2211/2211/647
f 2209/2209/647 2211/2211/647 2212/2212/647
f 2213/2213/648 2214/2214/648 2215/2215/648
f 2213/2213/648 2215/2215/648 2216/2216/648
f 2217/2217/649 2218/2218/649 2219/2219/649
f 2217/2217/649 2219/2219/649 2220/2220/649
f 2221/2221/650 2222/2222/650 2223/2223/650
f 2221/2221/650 2223/2223/650 2224/2224/650
f 2225/2225/651 2226/2226/651 2227/2227/651
f 2225/2225/651 2227/2227/651 2228/2228/651
f 2229/2229/652 2230/2230/652 2231/2231/652
f 2229/2229/652 2231/2231/652 2232/2232/652
f 2233/2233/653 2234/2234/653 2235/2235/653
f 2233/2233/653 2235/2235/653 2236/2236/653
f 2237/2237/654 2238/2238/654 2239/2239/654
f 2237/2237/654 2239/2239/654 2240/2240/654
f 2241/2241/655 2242/2242/655 2243/2243/655
f 2241/2241/655 2243/2243/655 2244/2244/655
f 2245/2245/656 2246/2246/656 2247/2247/656
f 2245/2245/656 2247/2247/656 2248/2248/656
f 2249/2249/657 2250/2250/657 2251/2251/657
f 2249/2249/657 2251/2251/657 2252/2252/657
f 2253/2253/658 2254/2254/658 2255/2255/658
f 2253/2253/658 2255/2255/658 2256/2256/658
f 2257/2257/659 2258/2258/659 2259/2259/659
f 2257/2257/659 2259/2259/659 2260/2260/659
f 2261/2261/660 2262/2262/660 2263/2263/660
f 2261/2261/660 2263/2263/660 2264/2264/660
f 2265/2265/661 2266/2266/661 2267/2267/661
f 2265/2265/661 2267/2267/661 2268/2268/661
f 2269/2269/662 2270/2270/662 2271/2271/662
f 2269/2269/662 2271/2271/662 2272/2272/662
f 2273/2273/663 2274/2274/663 2275/2275/663
f 2276/2276/664 2277/2277/664 2278/2278/664
f 2279/2279/665 2280/2280/665 2281/2281/665
f 2282/2282/666 2283/2283/666 2284/2284/666
f 2285/2285/667 2286/2286/667 2287/2287/667
f 2288/2288/668 2289/2289/668 2290/2290/668
f 2291/2291/669 2292/2292/669 2293/2293/669
f 2294/2294/670 2295/2295/670 2296/2296/670
f 2297/2297/671 2298/2298/671 2299/2299/671
f 2300/2300/672 2301/2301/672 2302/2302/672
f 2303/2303/673 2304/2304/673 2305/2305/673
f 2306/2306/674 2307/2307/674 2308/2308/674
f 2309/2309/675 2310/2310/675 2311/2311/675
f 2312/2312/676 2313/2313/676 2314/2314/676
f 2315/2315/677 2316/2316/677 2317/2317/677
f 2318/2318/678 2319/2319/678 2320/2320/678
f 2321/2321/679 2322/2322/679 2323/2323/679
f 2324/2324/680 2325/2325/680 2326/2326/680
f 2327/2327/681 2328/2328/681 2329/2329/681
f 2330/2330/682 2331/2331/682 2332/2332/682
f 2333/2333/683 2334/2334/683 2335/2335/683
f 2336/2336/684 2337/2337/684 2338/2338/684
f 2339/2339/685 2340/2340/685 2341/2341/685
f 2342/2342/686 2343/2343/686 2344/2344/686
f 2345/2345/687 2346/2346/687 2347/2347/687
f 2345/2345/687 2347/2347/687 2348/2348/687
f 2349/2349/688 2350/2350/688 2351/2351/688
f 2349/2349/688 2351/2351/688 2352/2352/688
f 2353/2353/689 2354/2354/689 2355/2355/689
f 2353/2353/689 2355/2355/689 2356/2356/689
f 2357/2357/690 2358/2358/690 2359/2359/690
f 2357/2357/690 2359/2359/690 2360/2360/690
f 2361/2361/691 2362/2362/691 2363/2363/691
f 2361/2361/691 2363/2363/691 2364/2364/691
f 2365/2365/692 2366/2366/692 2367/2367/692
f 2365/2365/692 2367/2367/692 2368/2368/692
f 2369/2369/693 2370/2370/693 2371/2371/693
f 2369/2369/693 2371/2371/693 2372/2372/693
f 2373/2373/694 2374/2374/694 2375/2375/694
f 2373/2373/694 2375/2375/694 2376/2376/694
f 2377/2377/695 2378/2378/695 2379/2379/695
f 2377/2377/695 2379/2379/695 2380/2380/695
f 2381/2381/696 2382/2382/696 2383/2383/696
f 2381/2381/696 2383/2383/696 2384/2384/696
f 2385/2385/697 2386/2386/697 2387/2387/697
f 2385/2385/697 2387/2387/697 2388/2388/697
f 2389/2389/698 2390/2390/698 2391/2391/698
f 2389/2389/698 2391/2391/698 2392/2392/698
f 2393/2393/699 2394/2394/699 2395/2395/699
f 2393/2393/699 2395/2395/699 2396/2396/699
f 2397/2397/700 2398/2398/700 2399/2399/700
f 2397/2397/700 2399/2399/700 2400/2400/700
f 2401/2401/701 2402/2402/701 2403/2403/701
f 2401/2401/701 2403/2403/701 2404/2404/701
f 2405/2405/702 2406/2406/702 2407/2407/702
f 2405/2405/702 2407/2407/702 2408/2408/702
f 2409/2409/703 2410/2410/703 2411/2411/703
f 2409/2409/703 2411/2411/703 2412/2412/703
f 2413/2413/704 2414/2414/704 2415/2415/704
f 2413/2413/704 2415/2415/704 2416/2416/704
f 2417/2417/705 2418/2418/705 2419/2419/705
f 2420/2420/706 2421/2421/706 2422/2422/706
f 2423/2423/707 2424/2424/707 2425/2425/707
f 2426/2426/708 2427/2427/708 2428/2428/708
f 2429/2429/709 2430/2430/709 2431/2431/709
f 2432/2432/710 2433/2433/710 2434/2434/710
f 2435/2435/711 2436/2436/711 2437/2437/711
f 2438/2438/712 2439/2439/712 2440/2440/712
f 2441/2441/713 2442/2442/713 2443/2443/713
f 2444/2444/714 2445/2445/714 2446/2446/714
f 2447/2447/715 2448/2448/715 2449/2449/715
f 2450/2450/716 2451/2451/716 2452/2452/716
f 2453/2453/717 2454/2454/717 2455/2455/717
f 2456/2456/718 2457/2457/718 2458/2458/718
f 2459/2459/719 2460/2460/719 2461/2461/719
f 2462/2462/720 2463/2463/720 2464/2464/720
f 2465/2465/721 2466/2466/721 2467/2467/721
f 2468/2468/722 2469/2469/722 2470/2470/722
f 2471/2471/723 2472/2472/723 2473/2473/723
f 2474/2474/724 2475/2475/724 2476/2476/724
f 2477/2477/725 2478/2478/725 2479/2479/725
f 2480/2480/726 2481/2481/726 2482/2482/726
f 2483/2483/727 2484/2484/727 2485/2485/727
f 2486/2486/728 2487/2487/728 2488/2488/728
f 2489/2489/729 2490/2490/729 2491/2491/729
f 2489/2489/729 2491/2491/729 2492/2492/729
f 2493/2493/730 2494/2494/730 2495/2495/730
f 2493/2493/730 2495/2495/730 2496/2496/730
f 2497/2497/731 2498/2498/731 2499/2499/731
f 2497/2497/731 2499/2499/731 2500/2500/731
f 2501/2501/732 2502/2502/732 2503/2503/732
f 2501/2501/732 2503/2503/732 2504/2504/732
f 2505/2505/733 2506/2506/733 2507/2507/733
f 2505/2505/733 2507/2507/733 2508/2508/733
f 2509/2509/734 2510/2510/734 2511/2511/734
f 2509/2509/734 2511/2511/734 2512/2512/734
f 2513/2513/735 2514/2514/735 2515/2515/735
f 2513/2513/735 2515/2515/735 2516/2516/735
f 2517/2517/736 2518/2518/736 2519/2519/736
f 2517/2517/736 2519/2519/736 2520/2520/736
f 2521/2521/737 2522/2522/737 2523/2523/737
f 2521/2521/737 2523/2523/737 2524/2524/737
f 2525/2525/738 2526/2526/738 2527/2527/738
f 2525/2525/738 2527/2527/738 2528/2528/738
f 2529/2529/739 2530/2530/739 2531/2531/739
f 2529/2529/739 2531/2531/739 2532/2532/739
f 2533/2533/740 2534/2534/740 2535/2535/740
f 2533/2533/740 2535/2535/740 2536/2536/740
f 2537/2537/741 2538/2538/741 2539/2539/741
f 2537/2537/741 2539/2539/741 2540/2540/741
f 2541/2541/742 2542/2542/742 2543/2543/742
f 2541/2541/742 2543/2543/742 2544/2544/742
f 2545/2545/743 2546/2546/743 2547/2547/743
f 2545/2545/743 2547/2547/743 2548/2548/743
f 2549/2549/744 2550/2550/744 2551/2551/744
f 2549/2549/744 2551/2551/744 2552/2552/744
f 2553/2553/745 2554/2554/745 2555/2555/745
f 2553/2553/745 2555/2555/745 2556/2556/745
f 2557/2557/746 2558/2558/746 2559/2559/746
f 2557/2557/746 2559/2559/746 2560/2560/746
f 2561/2561/747 2562/2562/747 2563/2563/747
f 2561/2561/747 2563/2563/747 2564/2564/747
f 2565/2565/748 2566/2566/748 2567/2567/748
f 2565/2565/748 2567/2567/748 2568/2568/748
f 2569/2569/749 2570/2570/749 2571/2571/749
f 2569/2569/749 2571/2571/749 2572/2572/749
f 2573/2573/750 2574/2574/750 2575/2575/750
f 2573/2573/750 2575/2575/750 2576/2576/750
f 2577/2577/751 2578/2578/751 2579/2579/751
f 2577/2577/751 2579/2579/751 2580/2580/751
f 2581/2581/752 2582/2582/752 2583/2583/752
f 2581/2581/752 2583/2583/752 2584/2584/752
f 2585/2585/753 2586/2586/753 2587/2587/753
f 2588/2588/754 2589/2589/754 2590/2590/754
f 2591/2591/755 2592/2592/755 2593/2593/755
f 2594/2594/756 2595/2595/756 2596/2596/756
f 2597/2597/757 2598/2598/757 2599/2599/757
f 2600/2600/758 2601/2601/758 2602/2602/758
f 2603/2603/759 2604/2604/759 2605/2605/759
f 2606/2606/760 2607/2607/760 2608/2608/760
f 2609/2609/761 2610/2610/761 2611/2611/761
f 2612/2612/762 2613/2613/762 2614/2614/762
f 2615/2615/763 2616/2616/763 2617/2617/763
f 2618/2618/764 2619/2619/764 2620/2620/764
f 2621/2621/765 2622/2622/765 2623/2623/765
f 2624/2624/766 2625/2625/766 2626/2626/766
f 2627/2627/767 2628/2628/767 2629/2629/767
f 2630/2630/768 2631/2631/768 2632/2632/768
f 2633/2633/769 2634/2634/769 2635/2635/769
f 2636/2636/770 2637/2637/770 2638/2638/770
f 2639/2639/771 2640/2640/771 2641/2641/771
f 2642/2642/772 2643/2643/772 2644/2644/772
f 2645/2645/773 2646/2646/773 2647/2647/773
f 2648/2648/774 2649/2649/774 2650/2650/774
f 2651/2651/775 2652/2652/775 2653/2653/775
f 2654/2654/776 2655/2655/776 2656/2656/776
f 2657/2657/777 2658/2658/777 2659/2659/777
f 2657/2657/777 2659/2659/777 2660/2660/777
f 2661/2661/778 2662/2662/778 2663/2663/778
f 2661/2661/778 2663/2663/778 2664/2664/778
f 2665/2665/779 2666/2666/779 2667/2667/779
f 2665/2665/779 2667/2667/779 2668/2668/779
f 2669/2669/780 2670/2670/780 2671/2671/780
f 2669/2669/780 2671/2671/780 2672/2672/780
f 2673/2673/781 2674/2674/781 2675/2675/781
f 2673/2673/781 2675/2675/781 2676/2676/781
f 2677/2677/782 2678/2678/782 2679/2679/782
f 2677/2677/782 2679/2679/782 2680/2680/782
f 2681/2681/783 2682/2682/783 2683/2683/783
f 2681/2681/783 2683/2683/783 2684/2684/783
f 2685/2685/784 2686/2686/784 2687/2687/784
f 2685/2685/784 2687/2687/784 2688/2688/784
f 2689/2689/785 2690/2690/785 2691/2691/785
f 2689/2689/785 2691/2691/785 2692/2692/785
f 2693/2693/786 2694/2694/786 2695/2695/786
f 2693/2693/786 2695/2695/786 2696/2696/786
f 2697/2697/787 2698/2698/787 2699/2699/787
f 2697/2697/787 2699/2699/787 2700/2700/787
f 2701/2701/788 2702/2702/788 2703/2703/788
f 2701/2701/788 2703/2703/788 2704/2704/788
f 2705/2705/789 2706/2706/789 2707/2707/789
f 2705/2705/789 2707/2707/789 2708/2708/789
f 2709/2709/790 2710/2710/790 2711/2711/790
f 2709/2709/790 2711/2711/790 2712/2712/790
f 2713/2713/791 2714/2714/791 2715/2715/791
f 2713/2713/791 2715/2715/791 2716/2716/791
f 2717/2717/792 2718/2718/792 2719/2719/792
f 2717/2717/792 2719/2719/792 2720/2720/792
f 2721/2721/793 2722/2722/793 2723/2723/793
f 2721/2721/793 2723/2723/793 2724/2724/793
f 2725/2725/794 2726/2726/794 2727/2727/794
f 2725/2725/794 2727/2727/794 2728/2728/794
f 2729/2729/795 2730/2730/795 2731/2731/795
f 2732/2732/796 2733/2733/796 2734/2734/796
f 2735/2735/797 2736/2736/797 2737/2737/797
f 2738/2738/798 2739/2739/798 2740/2740/798
f 2741/2741/799 2742/2742/799 2743/2743/799
f 2744/2744/800 2745/2745/800 2746/2746/800
f 2747/2747/801 2748/2748/801 2749/2749/801
f 2750/2750/802 2751/2751/802 2752/2752/802
f 2753/2753/803 2754/2754/803 2755/2755/803
f 2756/2756/804 2757/2757/804 2758/2758/804
f 2759/2759/805 2760/2760/805 2761/2761/805
f 2762/2762/806 2763/2763/806 2764/2764/806
f 2765/2765/807 2766/2766/807 2767/2767/807
f 2768/2768/808 2769/2769/808 2770/2770/808
f 2771/2771/809 2772/2772/809 2773/2773/809
f 2774/2774/810 2775/2775/810 2776/2776/810
f 2777/2777/811 2778/2778/811 2779/2779/811
f 2780/2780/812 2781/2781/812 2782/2782/812
f 2783/2783/813 2784/2784/813 2785/2785/813
f 2786/2786/814 2787/2787/814 2788/2788/814
f 2789/2789/815 2790/2790/815 2791/2791/815
f 2792/2792/816 2793/2793/816 2794/2794/816
f 2795/2795/817 2796/2796/817 2797/2797/817
f 2798/2798/818 2799/2799/818 2800/2800/818
f 2801/2801/819 2802/2802/819 2803/2803/819
f 2801/2801/819 2803/2803/819 2804/2804/819
f 2805/2805/820 2806/2806/820 2807/2807/820
f 2805/2805/820 2807/2807/820 2808/2808/820
f 2809/2809/821 2810/2810/821 2811/2811/821
f 2809/2809/821 2811/2811/821 2812/2812/821
f 2813/2813/822 2814/2814/822 2815/2815/822
f 2813/2813/822 2815/2815/822 2816/2816/822
f 2817/2817/823 2818/2818/823 2819/2819/823
f 2817/2817/823 2819/2819/823 2820/2820/823
f 2821/2821/824 2822/2822/824 2823/2823/824
f 2821/2821/824 2823/2823/824 2824/2824/824
f 2825/2825/825 2826/2826/825 2827/2827/825
f 2825/2825/825 2827/2827/825 2828/2828/825
f 2829/2829/826 2830/2830/826 2831/2831/826
f 2829/2829/826 2831/2831/826 2832/2832/826
f 2833/2833/827 2834/2834/827 2835/2835/827
f 2833/2833/827 2835/2835/827 2836/2836/827
f 2837/2837/828 2838/2838/828 2839/2839/828
f 2837/2837/828 2839/2839/828 2840/2840/828
f 2841/2841/829 2842/2842/829 2843/2843/829
f 2841/2841/829 2843/2843/829 2844/2844/829
f 2845/2845/830 2846/2846/830 2847/2847/830
f 2845/2845/830 2847/2847/830 2848/2848/830
f 2849/2849/831 2850/2850/831 2851/2851/831
f 2849/2849/831 2851/2851/831 2852/2852/831
f 2853/2853/832 2854/2854/832 2855/2855/832
f 2853/2853/832 2855/2855/832 2856/2856/832
f 2857/2857/833 2858/2858/833 2859/2859/833
f 2857/2857/833 2859/2859/833 2860/2860/833
f 2861/2861/834 2862/2862/834 2863/2863/834
f 2861/2861/834 2863/2863/834 2864/2864/834
f 2865/2865/835 2866/2866/835 2867/2867/835
f 2865/2865/835 2867/2867/835 2868/2868/835
f 2869/2869/836 2870/2870/836 2871/2871/836
f 2869/2869/836 2871/2871/836 2872/2872/836
f 2873/2873/837 2874/2874/837 2875/2875/837
f 2873/2873/837 2875/2875/837 2876/2876/837
f 2877/2877/838 2878/2878/838 2879/2879/838
f 2877/2877/838 2879/2879/838 2880/2880/838
f 2881/2881/839 2882/2882/839 2883/2883/839
f 2881/2881/839 2883/2883/839 2884/2884/839
f 2885/2885/840 2886/2886/840 2887/2887/840
f 2885/2885/840 2887/2887/840 2888/2888/840
f 2889/2889/841 2890/2890/841 2891/2891/841
f 2889/2889/841 2891/2891/841 2892/2892/841
f 2893/2893/842 2894/2894/842 2895/2895/842
f 2893/2893/842 2895/2895/842 2896/2896/842
f 2897/2897/843 2898/2898/843 2899/2899/843
f 2900/2900/844 2901/2901/844 2902/2902/844
f 2903/2903/845 2904/2904/845 2905/2905/845
f 2906/2906/846 2907/2907/846 2908/2908/846
f 2909/2909/847 2910/2910/847 2911/2911/847
f 2912/2912/848 2913/2913/848 2914/2914/848
f 2915/2915/849 2916/2916/849 2917/2917/849
f 2918/2918/850 2919/2919/850 2920/2920/850
f 2921/2921/851 2922/2922/851 2923/2923/851
f 2924/2924/852 2925/2925/852 2926/2926/852
f 2927/2927/853 2928/2928/853 2929/2929/853
f 2930/2930/854 2931/2931/854 2932/2932/854
f 2933/2933/855 2934/2934/855 2935/2935/855
f 2936/2936/856 2937/2937/856 2938/2938/856
f 2939/2939/857 2940/2940/857 2941/2941/857
f 2942/2942/858 2943/2943/858 2944/2944/858
f 2945/2945/859 2946/2946/859 2947/2947/859
f 2948/2948/860 2949/2949/860 2950/2950/860
f 2951/2951/861 2952/2952/861 2953/2953/861
f 2954/2954/862 2955/2955/862 2956/2956/862
f 2957/2957/863 2958/2958/863 2959/2959/863
f 2960/2960/864 2961/2961/864 2962/2962/864
f 2963/2963/865 2964/2964/865 2965/2965/865
f 2966/2966/866 2967/2967/866 2968/2968/866
f 2969/2969/867 2970/2970/867 2971/2971/867
f 2969/2969/867 2971/2971/867 2972/2972/867
f 2973/2973/868 2974/2974/868 2975/2975/868
f 2973/2973/868 2975/2975/868 2976/2976/868
f 2977/2977/869 2978/2978/869 2979/2979/869
f 2977/2977/869 2979/2979/869 2980/2980/869
f 2981/2981/870 2982/2982/870 2983/2983/870
f 2981/2981/870 2983/2983/870 2984/2984/870
f 2985/2985/871 2986/2986/871 2987/2987/871
f 2985/2985/871 2987/2987/871 2988/2988/871
f 2989/2989/872 2990/2990/872 2991/2991/872
f 2989/2989/872 2991/2991/872 2992/2992/872
f 2993/2993/873 2994/2994/873 2995/2995/873
f 2993/2993/873 2995/2995/873 2996/2996/873
f 2997/2997/874 2998/2998/874 2999/2999/874
f 2997/2997/874 2999/2999/874 3000/3000/874
f 3001/3001/875 3002/3002/875 3003/3003/875
f 3001/3001/875 3003/3003/875 3004/3004/875
f 3005/3005/876 3006/3006/876 3007/3007/876
f 3005/3005/876 3007/3007/876 3008/3008/876
f 3009/3009/877 3010/3010/877 3011/3011/877
f 3009/3009/877 3011/3011/877 3012/3012/877
f 3013/3013/878 3014/3014/878 3015/3015/878
f 3013/3013/878 3015/3015/878 3016/3016/878
f 3017/3017/879 3018/3018/879 3019/3019/879
f 3017/3017/879 3019/3019/879 3020/3020/879
f 3021/3021/880 3022/3022/880 3023/3023/880
f 3021/3021/880 3023/3023/880 3024/3024/880
f 3025/3025/881 3026/3026/881 3027/3027/881
f 3025/3025/881 3027/3027/881 3028/3028/881
f 3029/3029/882 3030/3030/882 3031/3031/882
f 3029/3029/882 3031/3031/882 3032/3032/882
f 3033/3033/883 3034/3034/883 3035/3035/883
f 3033/3033/883 3035/3035/883 3036/3036/883
f 3037/3037/884 3038/3038/884 3039/3039/884
f 3037/3037/884 3039/3039/884 3040/3040/884
f 3041/3041/885 3042/3042/885 3043/3043/885
f 3044/3044/886 3045/3045/886 3046/3046/886
f 3047/3047/887 3048/3048/887 3049/3049/887
f 3050/3050/888 3051/3051/888 3052/3052/888
f 3053/3053/889 3054/3054/889 3055/3055/889
f 3056/3056/890 3057/3057/890 3058/3058/890
f 3059/3059/891 3060/3060/891 3061/3061/891
f 3062/3062/892 3063/3063/892 3064/3064/892
f 3065/3065/893 3066/3066/893 3067/3067/893
f 3068/3068/894 3069/3069/894 3070/3070/894
f 3071/3071/895 3072/3072/895 3073/3073/895
f 3074/3074/896 3075/3075/896 3076/3076/896
f 3077/3077/897 3078/3078/897 3079/3079/897
f 3080/3080/898 3081/3081/898 3082/3082/898
f 3083/3083/899 3084/3084/899 3085/3085/899
f 3086/3086/900 3087/3087/900 3088/3088/900
f 3089/3089/901 3090/3090/901 3091/3091/901
f 3092/3092/902 3093/3093/902 3094/3094/902
f 3095/3095/903 3096/3096/903 3097/3097/903
f 3098/3098/904 3099/3099/904 3100/3100/904
f 3101/3101/905 3102/3102/905 3103/3103/905
f 3104/3104/906 3105/3105/906 3106/3106/906
f 3107/3107/907 3108/3108/907 3109/3109/907
f 3110/3110/908 3111/3111/908 3112/3112/908
f 3113/3113/909 3114/3114/909 3115/3115/909
f 3113/3113/909 3115/3115/909 3116/3116/909
f 3117/3117/910 3118/3118/910 3119/3119/910
f 3117/3117/910 3119/3119/910 3120/3120/910
f 3121/3121/911 3122/3122/911 3123/3123/911
f 3121/3121/911 3123/3123/911 3124/3124/911
f 3125/3125/912 3126/3126/912 3127/3127/912
f 3125/3125/912 3127/3127/912 3128/3128/912
f 3129/3129/913 3130/3130/913 3131/3131/913
f 3129/3129/913 3131/3131/913 3132/3132/913
f 3133/3133/914 3134/3134/914 3135/3135/914
f 3133/3133/914 3135/3135/914 3136/3136/914
f 3137/3137/915 3138/3138/915 3139/3139/915
f 3137/3137/915 3139/3139/915 3140/3140/915
f 3141/3141/916 3142/3142/916 3143/3143/916
f 3141/3141/916 3143/3143/916 3144/3144/916
f 3145/3145/917 3146/3146/917 3147/3147/917
f 3145/3145/917 3147/3147/917 3148/3148/917
f 3149/3149/918 3150/3150/918 3151/3151/918
f 3149/3149/918 3151/3151/918 3152/3152/918
f 3153/3153/919 3154/3154/919 3155/3155/919
f 3153/3153/919 3155/3155/919 3156/3156/919
f 3157/3157/920 3158/3158/920 3159/3159/920
f 3157/3157/920 3159/3159/920 3160/3160/920
f 3161/3161/921 3162/3162/921 3163/3163/921
f 3161/3161/921 3163/3163/921 3164/3164/921
f 3165/3165/922 3166/3166/922 3167/3167/922
f 3165/3165/922 3167/3167/922 3168/3168/922
f 3169/3169/923 3170/3170/923 3171/3171/923
f 3169/3169/923 3171/3171/923 3172/3172/923
f 3173/3173/924 3174/3174/924 3175/3175/924
f 3173/3173/924 3175/3175/924 3176/3176/924
f 3177/3177/925 3178/3178/925 3179/3179/925
f 3177/3177/925 3179/3179/925 3180/3180/925
f 3181/3181/926 3182/3182/926 3183/3183/926
f 3181/3181/926 3183/3183/926 3184/3184/926
f 3185/3185/927 3186/3186/927 3187/3187/927
f 3185/3185/927 3187/3187/927 3188/3188/927
f 3189/3189/928 3190/3190/928 3191/3191/928
f 3189/3189/928 3191/3191/928 3192/3192/928
f 3193/3193/929 3194/3194/929 3195/3195/929
f 3193/3193/929 3195/3195/929 3196/3196/929
f 3197/3197/930 3198/3198/930 3199/3199/930
f 3197/3197/930 3199/3199/930 3200/3200/930
f 3201/3201/931 3202/3202/931 3203/3203/931
f 3201/3201/931 3203/3203/931 3204/3204/931
f 3205/3205/932 3206/3206/932 3207/3207/932
f 3205/3205/932 3207/3207/932 3208/3208/932
f 3209/3209/933 3210/3210/933 3211/3211/933
f 3212/3212/934 3213/3213/934 3214/3214/934
f 3215/3215/935 3216/3216/935 3217/3217/935
f 3218/3218/936 3219/3219/936 3220/3220/936
f 3221/3221/937 3222/3222/937 3223/3223/937
f 3224/3224/938 3225/3225/938 3226/3226/938
f 3227/3227/939 3228/3228/939 3229/3229/939
f 3230/3230/940 3231/3231/940 3232/3232/940
f 3233/3233/941 3234/3234/941 3235/3235/941
f 3236/3236/942 3237/3237/942 3238/3238/942
f 3239/3239/943 3240/3240/943 3241/3241/943
f 3242/3242/944 3243/3243/944 3244/3244/944
f 3245/3245/945 3246/3246/945 3247/3247/945
f 3248/3248/946 3249/3249/946 3250/3250/946
f 3251/3251/947 3252/3252/947 3253/3253/947
f 3254/3254/948 3255/3255/948 3256/3256/948
f 3257/3257/949 3258/3258/949 3259/3259/949
f 3260/3260/950 3261/3261/950 3262/3262/950
f 3263/3263/951 3264/3264/951 3265/3265/951
f 3266/3266/952 3267/3267/952 3268/3268/952
f 3269/3269/953 3270/3270/953 3271/3271/953
f 3272/3272/954 3273/3273/954 3274/3274/954
f 3275/3275/955 3276/3276/955 3277/3277/955
f 3278/3278/956 3279/3279/956 3280/3280/956
f 3281/3281/957 3282/3282/957 3283/3283/957
f 3281/3281/957 3283/3283/957 3284/3284/957
f 3285/3285/958 3286/3286/958 3287/3287/958
f 3285/3285/958 3287/3287/958 3288/3288/958
f 3289/3289/959 3290/3290/959 3291/3291/959
f 3289/3289/959 3291/3291/959 3292/3292/959
f 3293/3293/960 3294/3294/960 3295/3295/960
f 3293/3293/960 3295/3295/960 3296/3296/960
f 3297/3297/961 3298/3298/961 3299/3299/961
f 3297/3297/961 3299/3299/961 3300/3300/961
f 3301/3301/962 3302/3302/962 3303/3303/962
f 3301/3301/962 3303/3303/962 3304/3304/962
f 3305/3305/963 3306/3306/963 3307/3307/963
f 3305/3305/963 3307/3307/963 3308/3308/963
f 3309/3309/964 3310/3310/964 3311/3311/964
f 3309/3309/964 3311/3311/964 3312/3312/964
f 3313/3313/965 3314/3314/965 3315/3315/965
f 3313/3313/965 3315/3315/965 3316/3316/965
f 3317/3317/966 3318/3318/966 3319/3319/966
f 3317/3317/966 3319/3319/966 3320/3320/966
f 3321/3321/967 3322/3322/967 3323/3323/967
f 3321/3321/967 3323/3323/967 3324/3324/967
f 3325/3325/968 3326/3326/968 3327/3327/968
f 3325/3325/968 3327/3327/968 3328/3328/968
f 3329/3329/969 3330/3330/969 3331/3331/969
f 3329/3329/969 3331/3331/969 3332/3332/969
f 3333/3333/970 3334/3334/970 3335/3335/970
f 3333/3333/970 3335/3335/970 3336/3336/970
f 3337/3337/971 3338/3338/971 3339/3339/971
f 3337/3337/971 3339/3339/971 3340/3340/971
f 3341/3341/972 3342/3342/972 3343/3343/972
f 3341/3341/972 3343/3343/972 3344/3344/972
f 3345/3345/973 3346/3346/973 3347/3347/973
f 3345/3345/973 3347/3347/973 3348/3348/973
f 3349/3349/974 3350/3350/974 3351/3351/974
f 3349/3349/974 3351/3351/974 3352/3352/974
f 3353/3353/975 3354/3354/975 3355/3355/975
f 3356/3356/976 3357/3357/976 3358/3358/976
f 3359/3359/977 3360/3360/977 3361/3361/977
f 3362/3362/978 3363/3363/978 3364/3364/978
f 3365/3365/979 3366/3366/979 3367/3367/979
f 3368/3368/980 3369/3369/980 3370/3370/980
f 3371/3371/981 3372/3372/981 3373/3373/981
f 3374/3374/982 3375/3375/982 3376/3376/982
f 3377/3377/983 3378/3378/983 3379/3379/983
f 3380/3380/984 3381/3381/984 3382/3382/984
f 3383/3383/985 3384/3384/985 3385/3385/985
f 3386/3386/986 3387/3387/986 3388/3388/986
f 3389/3389/987 3390/3390/987 3391/3391/987
f 3392/3392/988 3393/3393/988 3394/3394/988
f 3395/3395/989 3396/3396/989 3397/3397/989
f 3398/3398/990 3399/3399/990 3400/3400/990
f 3401/3401/991 3402/3402/991 3403/3403/991
f 3404/3404/992 3405/3405/992 3406/3406/992
f 3407/3407/993 3408/3408/993 3409/3409/993
f 3410/3410/994 3411/3411/994 3412/3412/994
f 3413/3413/995 3414/3414/995 3415/3415/995
f 3416/3416/996 3417/3417/996 3418/3418/996
f 3419/3419/997 3420/3420/997 3421/3421/997
f 3422/3422/998 3423/3423/998 3424/3424/998
f 3425/3425/999 3426/3426/999 3427/3427/999
f 3425/3425/999 3427/3427/999 3428/3428/999
f 3429/3429/1000 3430/3430/1000 3431/3431/1000
f 3429/3429/1000 3431/3431/1000 3432/3432/1000
f 3433/3433/1001 3434/3434/1001 3435/3435/1001
f 3433/3433/1001 3435/3435/1001 3436/3436/1001
f 3437/3437/1002 3438/3438/1002 3439/3439/1002
f 3437/3437/1002 3439/3439/1002 3440/3440/1002
f 3441/3441/1003 3442/3442/1003 3443/3443/1003
f 3441/3441/1003 3443/3443/1003 3444/3444/1003
f 3445/3445/1004 3446/3446/1004 3447/3447/1004
f 3445/3445/1004 3447/3447/1004 3448/3448/1004
f 3449/3449/1005 3450/3450/1005 3451/3451/1005
f 3449/3449/1005 3451/3451/1005 3452/3452/1005
f 3453/3453/1006 3454/3454/1006 3455/3455/1006
f 3453/3453/1006 3455/3455/1006 3456/3456/1006
f 3457/3457/1007 3458/3458/1007 3459/3459/1007
f 3457/3457/1007 3459/3459/1007 3460/3460/1007
f 3461/3461/1008 3462/3462/1008 3463/3463/1008
f 3461/3461/1008 3463/3463/1008 3464/3464/1008
f 3465/3465/1009 3466/3466/1009 3467/3467/1009
f 3465/3465/1009 3467/3467/1009 3468/3468/1009
f 3469/3469/1010 3470/3470/1010 3471/3471/1010
f 3469/3469/1010 3471/3471/1010 3472/3472/1010
f 3473/3473/1011 3474/3474/1011 3475/3475/1011
f 3473/3473/1011 3475/3475/1011 3476/3476/1011
f 3477/3477/1012 3478/3478/1012 3479/3479/1012
f 3477/3477/1012 3479/3479/1012 3480/3480/1012
f 3481/3481/1013 3482/3482/1013 3483/3483/1013
f 3481/3481/1013 3483/3483/1013 3484/3484/1013
f 3485/3485/1014 3486/3486/1014 3487/3487/1014
f 3485/3485/1014 3487/3487/1014 3488/3488/1014
f 3489/3489/1015 3490/3490/1015 3491/3491/1015
f 3489/3489/1015 3491/3491/1015 3492/3492/1015
f 3493/3493/1016 3494/3494/1016 3495/3495/1016
f 3493/3493/1016 3495/3495/1016 3496/3496/1016
f 3497/3497/1017 3498/3498/1017 3499/3499/1017
f 3497/3497/1017 3499/3499/1017 3500/3500/1017
f 3501/3501/1018 3502/3502/1018 3503/3503/1018
f 3501/3501/1018 3503/3503/1018 3504/3504/1018
f 3505/3505/1019 3506/3506/1019 3507/3507/1019
f 3505/3505/1019 3507/3507/1019 3508/3508/1019
f 3509/3509/1020 3510/3510/1020 3511/3511/1020
f 3509/3509/1020 3511/3511/1020 3512/3512/1020
f 3513/3513/1021 3514/3514/1021 3515/3515/1021
f 3513/3513/1021 3515/3515/1021 3516/3516/1021
f 3517/3517/1022 3518/3518/1022 3519/3519/1022
f 3517/3517/1022 3519/3519/1022 3520/3520/1022
f 3521/3521/1023 3522/3522/1023 3523/3523/1023
f 3524/3524/1024 3525/3525/1024 3526/3526/1024
f 3527/3527/1025 3528/3528/1025 3529/3529/1025
f 3530/3530/1026 3531/3531/1026 3532/3532/1026
f 3533/3533/1027 3534/3534/1027 3535/3535/1027
f 3536/3536/1028 3537/3537/1028 3538/3538/1028
f 3539/3539/1029 3540/3540/1029 3541/3541/1029
f 3542/3542/1030 3543/3543/1030 3544/3544/1030
f 3545/3545/1031 3546/3546/1031 3547/3547/1031
f 3548/3548/1032 3549/3549/1032 3550/3550/1032
f 3551/3551/1033 3552/3552/1033 3553/3553/1033
f 3554/3554/1034 3555/3555/1034 3556/3556/1034
f 3557/3557/1035 3558/3558/1035 3559/3559/1035
f 3560/3560/1036 3561/3561/1036 3562/3562/1036
f 3563/3563/1037 3564/3564/1037 3565/3565/1037
f 3566/3566/1038 3567/3567/1038 3568/3568/1038
f 3569/3569/1039 3570/3570/1039 3571/3571/1039
f 3572/3572/1040 3573/3573/1040 3574/3574/1040
f 3575/3575/1041 3576/3576/1041 3577/3577/1041
f 3578/3578/1042 3579/3579/1042 3580/3580/1042
f 3581/3581/1043 3582/3582/1043 3583/3583/1043
f 3584/3584/1044 3585/3585/1044 3586/3586/1044
f 3587/3587/1045 3588/3588/1045 3589/3589/1045
f 3590/3590/1046 3591/3591/1046 3592/3592/1046
f 3593/3593/1047 3594/3594/1047 3595/3595/1047
f 3593/3593/1047 3595/3595/1047 3596/3596/1047
f 3597/3597/1048 3598/3598/1048 3599/3599/1048
f 3597/3597/1048 3599/3599/1048 3600/3600/1048
f 3601/3601/1049 3602/3602/1049 3603/3603/1049
f 3601/3601/1049 3603/3603/1049 3604/3604/1049
f 3605/3605/1050 3606/3606/1050 3607/3607/1050
f 3605/3605/1050 3607/3607/1050 3608/3608/1050
f 3609/3609/1051 3610/3610/1051 3611/3611/1051
f 3609/3609/1051 3611/3611/1051 3612/3612/1051
f 3613/3613/1052 3614/3614/1052 3615/3615/1052
f 3613/3613/1052 3615/3615/1052 3616/3616/1052
f 3617/3617/1053 3618/3618/1053 3619/3619/1053
f 3617/3617/1053 3619/3619/1053 3620/3620/1053
f 3621/3621/1054 3622/3622/1054 3623/3623/1054
f 3621/3621/1054 3623/3623/1054 3624/3624/1054
f 3625/3625/1055 3626/3626/1055 3627/3627/1055
f 3625/3625/1055 3627/3627/1055 3628/3628/1055
f 3629/3629/1056 3630/3630/1056 3631/3631/1056
f 3629/3629/1056 3631/3631/1056 3632/3632/1056
f 3633/3633/1057 3634/3634/1057 3635/3635/1057
f 3633/3633/1057 3635/3635/1057 3636/3636/1057
f 3637/3637/1058 3638/3638/1058 3639/3639/1058
f 3637/3637/1058 3639/3639/1058 3640/3640/1058
f 3641/3641/1059 3642/3642/1059 3643/3643/1059
f 3641/3641/1059 3643/3643/1059 3644/3644/1059
f 3645/3645/1060 3646/3646/1060 3647/3647/1060
f 3645/3645/1060 3647/3647/1060 3648/3648/1060
f 3649/3649/1061 3650/3650/1061 3651/3651/1061
f 3649/3649/1061 3651/3651/1061 3652/3652/1061
f 3653/3653/1062 3654/3654/1062 3655/3655/1062
f 3653/3653/1062 3655/3655/1062 3656/3656/1062
f 3657/3657/1063 3658/3658/1063 3659/3659/1063
f 3657/3657/1063 3659/3659/1063 3660/3660/1063
f 3661/3661/1064 3662/3662/1064 3663/3663/1064
f 3661/3661/1064 3663/3663/1064 3664/3664/1064
f 3665/3665/1065 3666/3666/1065 3667/3667/1065
f 3668/3668/1066 3669/3669/1066 3670/3670/1066
f 3671/3671/1067 3672/3672/1067 3673/3673/1067
f 3674/3674/1068 3675/3675/1068 3676/3676/1068
f 3677/3677/1069 3678/3678/1069 3679/3679/1069
f 3680/3680/1070 3681/3681/1070 3682/3682/1070
f 3683/3683/1071 3684/3684/1071 3685/3685/1071
f 3686/3686/1072 3687/3687/1072 3688/3688/1072
f 3689/3689/1073 3690/3690/1073 3691/3691/1073
f 3692/3692/1074 3693/3693/1074 3694/3694/1074
f 3695/3695/1075 3696/3696/1075 3697/3697/1075
f 3698/3698/1076 3699/3699/1076 3700/3700/1076
f 3701/3701/1077 3702/3702/1077 3703/3703/1077
f 3704/3704/1078 3705/3705/1078 3706/3706/1078
f 3707/3707/1079 3708/3708/1079 3709/3709/1079
f 3710/3710/1080 3711/3711/1080 3712/3712/1080
f 3713/3713/1081 3714/3714/1081 3715/3715/1081
f 3716/3716/1082 3717/3717/1082 3718/3718/1082
f 3719/3719/1083 3720/3720/1083 3721/3721/1083
f 3722/3722/1084 3723/3723/1084 3724/3724/1084
f 3725/3725/1085 3726/3726/1085 3727/3727/1085
f 3728/3728/1086 3729/3729/1086 3730/3730/1086
f 3731/3731/1087 3732/3732/1087 3733/3733/1087
f 3734/3734/1088 3735/3735/1088 3736/3736/1088
f 3737/3737/1089 3738/3738/1089 3739/3739/1089
f 3737/3737/1089 3739/3739/1089 3740/3740/1089
f 3741/3741/1090 3742/3742/1090 3743/3743/1090
f 3741/3741/1090 3743/3743/1090 3744/3744/1090
f 3745/3745/1091 3746/3746/1091 3747/3747/1091
f 3745/3745/1091 3747/3747/1091 3748/3748/1091
f 3749/3749/1092 3750/3750/1092 3751/3751/1092
f 3749/3749/1092 3751/3751/1092 3752/3752/1092
f 3753/3753/1093 3754/3754/1093 3755/3755/1093
f 3753/3753/1093 3755/3755/1093 3756/3756/1093
f 3757/3757/1094 3758/3758/1094 3759/3759/1094
f 3757/3757/1094 3759/3759/1094 3760/3760/1094
f 3761/3761/1095 3762/3762/1095 3763/3763/1095
f 3761/3761/1095 3763/3763/1095 3764/3764/1095
f 3765/3765/1096 3766/3766/1096 3767/3767/1096
f 3765/3765/1096 3767/3767/1096 3768/3768/1096
f 3769/3769/1097 3770/3770/1097 3771/3771/1097
f 3769/3769/1097 3771/3771/1097 3772/3772/1097
f 3773/3773/1098 3774/3774/1098 3775/3775/1098
f 3773/3773/1098 3775/3775/1098 3776/3776/1098
f 3777/3777/1099 3778/3778/1099 3779/3779/1099
f 3777/3777/1099 3779/3779/1099 3780/3780/1099
f 3781/3781/1100 3782/3782/1100 3783/3783/1100
f 3781/3781/1100 3783/3783/1100 3784/3784/1100
f 3785/3785/1101 3786/3786/1101 3787/3787/1101
f 3785/3785/1101 3787/3787/1101 3788/3788/1101
f 3789/3789/1102 3790/3790/1102 3791/3791/1102
f 3789/3789/1102 3791/3791/1102 3792/3792/1102
f 3793/3793/1103 3794/3794/1103 3795/3795/1103
f 3793/3793/1103 3795/3795/1103 3796/3796/1103
f 3797/3797/1104 3798/3798/1104 3799/3799/1104
f 3797/3797/1104 3799/3799/1104 3800/3800/1104
f 3801/3801/1105 3802/3802/1105 3803/3803/1105
f 3801/3801/1105 3803/3803/1105 3804/3804/1105
f 3805/3805/1106 3806/3806/1106 3807/3807/1106
f 3805/3805/1106 3807/3807/1106 3808/3808/1106
f 3809/3809/1107 3810/3810/1107 3811/3811/1107
f 3809/3809/1107 3811/3811/1107 3812/3812/1107
f 3813/3813/1108 3814/3814/1108 3815/3815/1108
f 3813/3813/1108 3815/3815/1108 3816/3816/1108
f 3817/3817/1109 3818/3818/1109 3819/3819/1109
f 3817/3817/1109 3819/3819/1109 3820/3820/1109
f 3821/3821/1110 3822/3822/1110 3823/3823/1110
f 3821/3821/1110 3823/3823/1110 3824/3824/1110
f 3825/3825/1111 3826/3826/1111 3827/3827/1111
f 3825/3825/1111 3827/3827/1111 3828/3828/1111
f 3829/3829/1112 3830/3830/1112 3831/3831/1112
f 3829/3829/1112 3831/3831/1112 3832/3832/1112
f 3833/3833/1113 3834/3834/1113 3835/3835/1113
f 3836/3836/1114 3837/3837/1114 3838/3838/1114
f 3839/3839/1115 3840/3840/1115 3841/3841/1115
f 3842/3842/1116 3843/3843/1116 3844/3844/1116
f 3845/3845/1117 3846/3846/1117 3847/3847/1117
f 3848/3848/1118 3849/3849/1118 3850/3850/1118
f 3851/3851/1119 3852/3852/1119 3853/3853/1119
f 3854/3854/1120 3855/3855/1120 3856/3856/1120
f 3857/3857/1121 3858/3858/1121 3859/3859/1121
f 3860/3860/1122 3861/3861/1122 3862/3862/1122
f 3863/3863/1123 3864/3864/1123 3865/3865/1123
f 3866/3866/1124 3867/3867/1124 3868/3868/1124
f 3869/3869/1125 3870/3870/1125 3871/3871/1125
f 3872/3872/1126 3873/3873/1126 3874/3874/1126
f 3875/3875/1127 3876/3876/1127 3877/3877/1127
f 3878/3878/1128 3879/3879/1128 3880/3880/1128
f 3881/3881/1129 3882/3882/1129 3883/3883/1129
f 3884/3884/1130 3885/3885/1130 3886/3886/1130
f 3887/3887/1131 3888/3888/1131 3889/3889/1131
f 3890/3890/1132 3891/3891/1132 3892/3892/1132
f 3893/3893/1133 3894/3894/1133 3895/3895/1133
f 3896/3896/1134 3897/3897/1134 3898/3898/1134
f 3899/3899/1135 3900/3900/1135 3901/3901/1135
f 3902/3902/1136 3903/3903/1136 3904/3904/1136
f 3905/3905/1137 3906/3906/1137 3907/3907/1137
f 3905/3905/1137 3907/3907/1137 3908/3908/1137
f 3909/3909/1138 3910/3910/1138 3911/3911/1138
f 3909/3909/1138 3911/3911/1138 3912/3912/1138
f 3913/3913/1139 3914/3914/1139 3915/3915/1139
f 3913/3913/1139 3915/3915/1139 3916/3916/1139
f 3917/3917/1140 3918/3918/1140 3919/3919/1140
f 3917/3917/1140 3919/3919/1140 3920/3920/1140
f 3921/3921/1141 3922/3922/1141 3923/3923/1141
f 3921/3921/1141 3923/3923/1141 3924/3924/1141
f 3925/3925/1142 3926/3926/1142 3927/3927/1142
f 3925/3925/1142 3927/3927/1142 3928/3928/1142
f 3929/3929/1143 3930/3930/1143 3931/3931/1143
f 3929/3929/1143 3931/3931/1143 3932/3932/1143
f 3933/3933/1144 3934/3934/1144 3935/3935/1144
f 3933/3933/1144 3935/3935/1144 3936/3936/1144
f 3937/3937/1145 3938/3938/1145 3939/3939/1145
f 3937/3937/1145 3939/3939/1145 3940/3940/1145
f 3941/3941/1146 3942/3942/1146 3943/3943/1146
f 3941/3941/1146 3943/3943/1146 3944/3944/1146
f 3945/3945/1147 3946/3946/1147 3947/3947/1147
f 3945/3945/1147 3947/3947/1147 3948/3948/1147
f 3949/3949/1148 3950/3950/1148 3951/3951/1148
f 3949/3949/1148 3951/3951/1148 3952/3952/1148
f 3953/3953/1149 3954/3954/1149 3955/3955/1149
f 3953/3953/1149 3955/3955/1149 3956/3956/1149
f 3957/3957/1150 3958/3958/1150 3959/3959/1150
f 3957/3957/1150 3959/3959/1150 3960/3960/1150
f 3961/3961/1151 3962/3962/1151 3963/3963/1151
f 3961/3961/1151 3963/3963/1151 3964/3964/1151
f 3965/3965/1152 3966/3966/1152 3967/3967/1152
f 3965/3965/1152 3967/3967/1152 3968/3968/1152
f 3969/3969/1153 3970/3970/1153 3971/3971/1153
f 3969/3969/1153 3971/3971/1153 3972/3972/1153
f 3973/3973/1154 3974/3974/1154 3975/3975/1154
f 3973/3973/1154 3975/3975/1154 3976/3976/1154
f 3977/3977/1155 3978/3978/1155 3979/3979/1155
f 3980/3980/1156 3981/3981/1156 3982/3982/1156
f 3983/3983/1157 3984/3984/1157 3985/3985/1157
f 3986/3986/1158 3987/3987/1158 3988/3988/1158
f 3989/3989/1159 3990/3990/1159 3991/3991/1159
f 3992/3992/1160 3993/3993/1160 3994/3994/1160
f 3995/3995/1161 3996/3996/1161 3997/3997/1161
f 3998/3998/1162 3999/3999/1162 4000/4000/1162
f 4001/4001/1163 4002/4002/1163 4003/4003/1163
f 4004/4004/1164 4005/4005/1164 4006/4006/1164
f 4007/4007/1165 4008/4008/1165 4009/4009/1165
f 4010/4010/1166 4011/4011/1166 4012/4012/1166
f 4013/4013/1167 4014/4014/1167 4015/4015/1167
f 4016/4016/1168 4017/4017/1168 4018/4018/1168
f 4019/4019/1169 4020/4020/1169 4021/4021/1169
f 4022/4022/1170 4023/4023/1170 4024/4024/1170
f 4025/4025/1171 4026/4026/1171 4027/4027/1171
f 4028/4028/1172 4029/4029/1172 4030/4030/1172
f 4031/4031/1173 4032/4032/1173 4033/4033/1173
f 4034/4034/1174 4035/4035/1174 4036/4036/1174
f 4037/4037/1175 4038/4038/1175 4039/4039/1175
f 4040/4040/1176 4041/4041/1176 4042/4042/1176
f 4043/4043/1177 4044/4044/1177 4045/4045/1177
f 4046/4046/1178 4047/4047/1178 4048/4048/1178
f 4049/4049/1179 4050/4050/1179 4051/4051/1179
f 4049/4049/1179 4051/4051/1179 4052/4052/1179
f 4053/4053/1180 4054/4054/1180 4055/4055/1180
f 4053/4053/1180 4055/4055/1180 4056/4056/1180
f 4057/4057/1181 4058/4058/1181 4059/4059/1181
f 4057/4057/1181 4059/4059/1181 4060/4060/1181
f 4061/4061/1182 4062/4062/1182 4063/4063/1182
f 4061/4061/1182 4063/4063/1182 4064/4064/1182
f 4065/4065/1183 4066/4066/1183 4067/4067/1183
f 4065/4065/1183 4067/4067/1183 4068/4068/1183
f 4069/4069/1184 4070/4070/1184 4071/4071/1184
f 4069/4069/1184 4071/4071/1184 4072/4072/1184
f 4073/4073/1185 4074/4074/1185 4075/4075/1185
f 4073/4073/1185 4075/4075/1185 4076/4076/1185
f 4077/4077/1186 4078/4078/1186 4079/4079/1186
f 4077/4077/1186 4079/4079/1186 4080/4080/1186
f 4081/4081/1187 4082/4082/1187 4083/4083/1187
f 4081/4081/1187 4083/4083/1187 4084/4084/1187
f 4085/4085/1188 4086/4086/1188 4087/4087/1188
f 4085/4085/1188 4087/4087/1188 4088/4088/1188
f 4089/4089/1189 4090/4090/1189 4091/4091/1189
f 4089/4089/1189 4091/4091/1189 4092/4092/1189
f 4093/4093/1190 4094/4094/1190 4095/4095/1190
f 4093/4093/1190 4095/4095/1190 4096/4096/1190
f 4097/4097/1191 4098/4098/1191 4099/4099/1191
f 4097/4097/1191 4099/4099/1191 4100/4100/1191
f 4101/4101/1192 4102/4102/1192 4103/4103/1192
f 4101/4101/1192 4103/4103/1192 4104/4104/1192
f 4105/4105/1193 4106/4106/1193 4107/4107/1193
f 4105/4105/1193 4107/4107/1193 4108/4108/1193
f 4109/4109/1194 4110/4110/1194 4111/4111/1194
f 4109/4109/1194 4111/4111/1194 4112/4112/1194
f 4113/4113/1195 4114/4114/1195 4115/4115/1195
f 4113/4113/1195 4115/4115/1195 4116/4116/1195
f 4117/4117/1196 4118/4118/1196 4119/4119/1196
f 4117/4117/1196 4119/4119/1196 4120/4120/1196
f 4121/4121/1197 4122/4122/1197 4123/4123/1197
f 4121/4121/1197 4123/4123/1197 4124/4124/1197
f 4125/4125/1198 4126/4126/1198 4127/4127/1198
f 4125/4125/1198 4127/4127/1198 4128/4128/1198
f 4129/4129/1199 4130/4130/1199 4131/4131/1199
f 4129/4129/1199 4131/4131/1199 4132/4132/1199
f 4133/4133/1200 4134/4134/1200 4135/4135/1200
f 4133/4133/1200 4135/4135/1200 4136/4136/1200
f 4137/4137/1201 4138/4138/1201 4139/4139/1201
f 4137/4137/1201 4139/4139/1201 4140/4140/1201
f 4141/4141/1202 4142/4142/1202 4143/4143/1202
f 4141/4141/1202 4143/4143/1202 4144/4144/1202
f 4145/4145/1203 4146/4146/1203 4147/4147/1203
f 4148/4148/1204 4149/4149/1204 4150/4150/1204
f 4151/4151/1205 4152/4152/1205 4153/4153/1205
f 4154/4154/1206 4155/4155/1206 4156/4156/1206
f 4157/4157/1207 4158/4158/1207 4159/4159/1207
f 4160/4160/1208 4161/4161/1208 4162/4162/1208
f 4163/4163/1209 4164/4164/1209 4165/4165/1209
f 4166/4166/1210 4167/4167/1210 4168/4168/1210
f 4169/4169/1211 4170/4170/1211 4171/4171/1211
f 4172/4172/1212 4173/4173/1212 4174/4174/1212
f 4175/4175/1213 4176/4176/1213 4177/4177/1213
f 4178/4178/1214 4179/4179/1214 4180/4180/1214
f 4181/4181/1215 4182/4182/1215 4183/4183/1215
f 4184/4184/1216 4185/4185/1216 4186/4186/1216
f 4187/4187/1217 4188/4188/1217 4189/4189/1217
f 4190/4190/1218 4191/4191/1218 4192/4192/1218
f 4193/4193/1219 4194/4194/1219 4195/4195/1219
f 4196/4196/1220 4197/4197/1220 4198/4198/1220
f 4199/4199/1221 4200/4200/1221 4201/4201/1221
f 4202/4202/1222 4203/4203/1222 4204/4204/1222
f 4205/4205/1223 4206/4206/1223 4207/4207/1223
f 4208/4208/1224 4209/4209/1224 4210/4210/1224
f 4211/4211/1225 4212/4212/1225 4213/4213/1225
f 4214/4214/1226 4215/4215/1226 4216/4216/1226
f 4217/4217/1227 4218/4218/1227 4219/4219/1227
f 4217/4217/1227 4219/4219/1227 4220/4220/1227
f 4221/4221/1228 4222/4222/1228 4223/4223/1228
f 4221/4221/1228 4223/4223/1228 4224/4224/1228
f 4225/4225/1229 4226/4226/1229 4227/4227/1229
f 4225/4225/1229 4227/4227/1229 4228/4228/1229
f 4229/4229/1230 4230/4230/1230 4231/4231/1230
f 4229/4229/1230 4231/4231/1230 4232/4232/1230
f 4233/4233/1231 4234/4234/1231 4235/4235/1231
f 4233/4233/1231 4235/4235/1231 4236/4236/1231
f 4237/4237/1232 4238/4238/1232 4239/4239/1232
f 4237/4237/1232 4239/4239/1232 4240/4240/1232
f 4241/4241/1233 4242/4242/1233 4243/4243/1233
f 4241/4241/1233 4243/4243/1233 4244/4244/1233
f 4245/4245/1234 4246/4246/1234 4247/4247/1234
f 4245/4245/1234 4247/4247/1234 4248/4248/1234
f 4249/4249/1235 4250/4250/1235 4251/4251/1235
f 4249/4249/1235 4251/4251/1235 4252/4252/1235
f 4253/4253/1236 4254/4254/1236 4255/4255/1236
f 4253/4253/1236 4255/4255/1236 4256/4256/1236
f 4257/4257/1237 4258/4258/1237 4259/4259/1237
f 4257/4257/1237 4259/4259/1237 4260/4260/1237
f 4261/4261/1238 4262/4262/1238 4263/4263/1238
f 4261/4261/1238 4263/4263/1238 4264/4264/1238
f 4265/4265/1239 4266/4266/1239 4267/4267/1239
f 4265/4265/1239 4267/4267/1239 4268/4268/1239
f 4269/4269/1240 4270/4270/1240 4271/4271/1240
f 4269/4269/1240 4271/4271/1240 4272/4272/1240
f 4273/4273/1241 4274/4274/1241 4275/4275/1241
f 4273/4273/1241 4275/4275/1241 4276/4276/1241
f 4277/4277/1242 4278/4278/1242 4279/4279/1242
f 4277/4277/1242 4279/4279/1242 4280/4280/1242
f 4281/4281/1243 4282/4282/1243 4283/4283/1243
f 4281/4281/1243 4283/4283/1243 4284/4284/1243
f 4285/4285/1244 4286/4286/1244 4287/4287/1244
f 4285/4285/1244 4287/4287/1244 4288/4288/1244
f 4289/4289/1245 4290/4290/1245 4291/4291/1245
f 4292/4292/1246 4293/4293/1246 4294/4294/1246
f 4295/4295/1247 4296/4296/1247 4297/4297/1247
f 4298/4298/1248 4299/4299/1248 4300/4300/1248
f 4301/4301/1249 4302/4302/1249 4303/4303/1249
f 4304/4304/1250 4305/4305/1250 4306/4306/1250
f 4307/4307/1251 4308/4308/1251 4309/4309/1251
f 4310/4310/1252 4311/4311/1252 4312/4312/1252
f 4313/4313/1253 4314/4314/1253 4315/4315/1253
f 4316/4316/1254 4317/4317/1254 4318/4318/1254
f 4319/4319/1255 4320/4320/1255 4321/4321/1255
f 4322/4322/1256 4323/4323/1256 4324/4324/1256
f 4325/4325/1257 4326/4326/1257 4327/4327/1257
f 4328/4328/1258 4329/4329/1258 4330/4330/1258
f 4331/4331/1259 4332/4332/1259 4333/4333/1259
f 4334/4334/1260 4335/4335/1260 4336/4336/1260
f 4337/4337/1261 4338/4338/1261 4339/4339/1261
f 4340/4340/1262 4341/4341/1262 4342/4342/1262
f 4343/4343/1263 4344/4344/1263 4345/4345/1263
f 4346/4346/1264 4347/4347/1264 4348/4348/1264
f 4349/4349/1265 4350/4350/1265 4351/4351/1265
f 4352/4352/1266 4353/4353/1266 4354/4354/1266
f 4355/4355/1267 4356/4356/1267 4357/4357/1267
f 4358/4358/1268 4359/4359/1268 4360/4360/1268
f 4361/4361/1269 4362/4362/1269 4363/4363/1269
f 4361/4361/1269 4363/4363/1269 4364/4364/1269
f 4365/4365/1270 4366/4366/1270 4367/4367/1270
f 4365/4365/1270 4367/4367/1270 4368/4368/1270
f 4369/4369/1271 4370/4370/1271 4371/4371/1271
f 4369/4369/1271 4371/4371/1271 4372/4372/1271
f 4373/4373/1272 4374/4374/1272 4375/4375/1272
f 4373/4373/1272 4375/4375/1272 4376/4376/1272
f 4377/4377/1273 4378/4378/1273 4379/4379/1273
f 4377/4377/1273 4379/4379/1273 4380/4380/1273
f 4381/4381/1274 4382/4382/1274 4383/4383/1274
f 4381/4381/1274 4383/4383/1274 4384/4384/1274
f 4385/4385/1275 4386/4386/1275 4387/4387/1275
f 4385/4385/1275 4387/4387/1275 4388/4388/1275
f 4389/4389/1276 4390/4390/1276 4391/4391/1276
f 4389/4389/1276 4391/4391/1276 4392/4392/1276
f 4393/4393/1277 4394/4394/1277 4395/4395/1277
f 4393/4393/1277 4395/4395/1277 4396/4396/1277
f 4397/4397/1278 4398/4398/1278 4399/4399/1278
f 4397/4397/1278 4399/4399/1278 4400/4400/1278
f 4401/4401/1279 4402/4402/1279 4403/4403/1279
f 4401/4401/1279 4403/4403/1279 4404/4404/1279
f 4405/4405/1280 4406/4406/1280 4407/4407/1280
f 4405/4405/1280 4407/4407/1280 4408/4408/1280
f 4409/4409/1281 4410/4410/1281 4411/4411/1281
f 4409/4409/1281 4411/4411/1281 4412/4412/1281
f 4413/4413/1282 4414/4414/1282 4415/4415/1282
f 4413/4413/1282 4415/4415/1282 4416/4416/1282
f 4417/4417/1283 4418/4418/1283 4419/4419/1283
f 4417/4417/1283 4419/4419/1283 4420/4420/1283
f 4421/4421/1284 4422/4422/1284 4423/4423/1284
f 4421/4421/1284 4423/4423/1284 4424/4424/1284
f 4425/4425/1285 4426/4426/1285 4427/4427/1285
f 4425/4425/1285 4427/4427/1285 4428/4428/1285
f 4429/4429/1286 4430/4430/1286 4431/4431/1286
f 4429/4429/1286 4431/4431/1286 4432/4432/1286
f 4433/4433/1287 4434/4434/1287 4435/4435/1287
f 4433/4433/1287 4435/4435/1287 4436/4436/1287
f 4437/4437/1288 4438/4438/1288 4439/4439/1288
f 4437/4437/1288 4439/4439/1288 4440/4440/1288
f 4441/4441/1289 4442/4442/1289 4443/4443/1289
f 4441/4441/1289 4443/4443/1289 4444/4444/1289
f 4445/4445/1290 4446/4446/1290 4447/4447/1290
f 4445/4445/1290 4447/4447/1290 4448/4448/1290
f 4449/4449/1291 4450/4450/1291 4451/4451/1291
f 4449/4449/1291 4451/4451/1291 4452/4452/1291
f 4453/4453/1292 4454/4454/1292 4455/4455/1292
f 4453/4453/1292 4455/4455/1292 4456/4456/1292
f 4457/4457/1293 4458/4458/1293 4459/4459/1293
f 4460/4460/1294 4461/4461/1294 4462/4462/1294
f 4463/4463/1295 4464/4464/1295 4465/4465/1295
f 4466/4466/1296 4467/4467/1296 4468/4468/1296
f 4469/4469/1297 4470/4470/1297 4471/4471/1297
f 4472/4472/1298 4473/4473/1298 4474/4474/1298
f 4475/4475/1299 4476/4476/1299 4477/4477/1299
f 4478/4478/1300 4479/4479/1300 4480/4480/1300
f 4481/4481/1301 4482/4482/1301 4483/4483/1301
f 4484/4484/1302 4485/4485/1302 4486/4486/1302
f 4487/4487/1303 4488/4488/1303 4489/4489/1303
f 4490/4490/1304 4491/4491/1304 4492/4492/1304
f 4493/4493/1305 4494/4494/1305 4495/4495/1305
f 4496/4496/1306 4497/4497/1306 4498/4498/1306
f 4499/4499/1307 4500/4500/1307 4501/4501/1307
f 4502/4502/1308 4503/4503/1308 4504/4504/1308
f 4505/4505/1309 4506/4506/1309 4507/4507/1309
f 4508/4508/1310 4509/4509/1310 4510/4510/1310
f 4511/4511/1311 4512/4512/1311 4513/4513/1311
f 4514/4514/1312 4515/4515/1312 4516/4516/1312
f 4517/4517/1313 4518/4518/1313 4519/4519/1313
f 4520/4520/1314 4521/4521/1314 4522/4522/1314
f 4523/4523/1315 4524/4524/1315 4525/4525/1315
f 4526/4526/1316 4527/4527/1316 4528/4528/1316
f 4529/4529/1317 4530/4530/1317 4531/4531/1317
f 4529/4529/1317 4531/4531/1317 4532/4532/1317
f 4533/4533/1318 4534/4534/1318 4535/4535/1318
f 4533/4533/1318 4535/4535/1318 4536/4536/1318
f 4537/4537/1319 4538/4538/1319 4539/4539/1319
f 4537/4537/1319 4539/4539/1319 4540/4540/1319
f 4541/4541/1320 4542/4542/1320 4543/4543/1320
f 4541/4541/1320 4543/4543/1320 4544/4544/1320
f 4545/4545/1321 4546/4546/1321 4547/4547/1321
f 4545/4545/1321 4547/4547/1321 4548/4548/1321
f 4549/4549/1322 4550/4550/1322 4551/4551/1322
f 4549/4549/1322 4551/4551/1322 4552/4552/1322
f 4553/4553/1323 4554/4554/1323 4555/4555/1323
f 4553/4553/1323 4555/4555/1323 4556/4556/1323
f 4557/4557/1324 4558/4558/1324 4559/4559/1324
f 4557/4557/1324 4559/4559/1324 4560/4560/1324
f 4561/4561/1325 4562/4562/1325 4563/4563/1325
f 4561/4561/1325 4563/4563/1325 4564/4564/1325
f 4565/4565/1326 4566/4566/1326 4567/4567/1326
f 4565/4565/1326 4567/4567/1326 4568/4568/1326
f 4569/4569/1327 4570/4570/1327 4571/4571/1327
f 4569/4569/1327 4571/4571/1327 4572/4572/1327
f 4573/4573/1328 4574/4574/1328 4575/4575/1328
f 4573/4573/1328 4575/4575/1328 4576/4576/1328
f 4577/4577/1329 4578/4578/1329 4579/4579/1329
f 4577/4577/1329 4579/4579/1329 4580/4580/1329
f 4581/4581/1330 4582/4582/1330 4583/4583/1330
f 4581/4581/1330 4583/4583/1330 4584/4584/1330
f 4585/4585/1331 4586/4586/1331 4587/4587/1331
f 4585/4585/1331 4587/4587/1331 4588/4588/1331
f 4589/4589/1332 4590/4590/1332 4591/4591/1332
f 4589/4589/1332 4591/4591/1332 4592/4592/1332
f 4593/4593/1333 4594/4594/1333 4595/4595/1333
f 4593/4593/1333 4595/4595/1333 4596/4596/1333
f 4597/4597/1334 4598/4598/1334 4599/4599/1334
f 4597/4597/1334 4599/4599/1334 4600/4600/1334
f 4601/4601/1335 4602/4602/1335 4603/4603/1335
f 4604/4604/1336 4605/4605/1336 4606/4606/1336
f 4607/4607/1337 4608/4608/1337 4609/4609/1337
f 4610/4610/1338 4611/4611/1338 4612/4612/1338
f 4613/4613/1339 4614/4614/1339 4615/4615/1339
f 4616/4616/1340 4617/4617/1340 4618/4618/1340
f 4619/4619/1341 4620/4620/1341 4621/4621/1341
f 4622/4622/1342 4623/4623/1342 4624/4624/1342
f 4625/4625/1343 4626/4626/1343 4627/4627/1343
f 4628/4628/1344 4629/4629/1344 4630/4630/1344
f 4631/4631/1345 4632/4632/1345 4633/4633/1345
f 4634/4634/1346 4635/4635/1346 4636/4636/1346
f 4637/4637/1347 4638/4638/1347 4639/4639/1347
f 4640/4640/1348 4641/4641/1348 4642/4642/1348
f 4643/4643/1349 4644/4644/1349 4645/4645/1349
f 4646/4646/1350 4647/4647/1350 4648/4648/1350
f 4649/4649/1351 4650/4650/1351 4651/4651/1351
f 4652/4652/1352 4653/4653/1352 4654/4654/1352
f 4655/4655/1353 4656/4656/1353 4657/4657/1353
f 4658/4658/1354 4659/4659/1354 4660/4660/1354
f 4661/4661/1355 4662/4662/1355 4663/4663/1355
f 4664/4664/1356 4665/4665/1356 4666/4666/1356
f 4667/4667/1357 4668/4668/1357 4669/4669/1357
f 4670/4670/1358 4671/4671/1358 4672/4672/1358
f 4673/4673/1359 4674/4674/1359 4675/4675/1359
f 4673/4673/1359 4675/4675/1359 4676/4676/1359
f 4677/4677/1360 4678/4678/1360 4679/4679/1360
f 4677/4677/1360 4679/4679/1360 4680/4680/1360
f 4681/4681/1361 4682/4682/1361 4683/4683/1361
f 4681/4681/1361 4683/4683/1361 4684/4684/1361
f 4685/4685/1362 4686/4686/1362 4687/4687/1362
f 4685/4685/1362 4687/4687/1362 4688/4688/1362
f 4689/4689/1363 4690/4690/1363 4691/4691/1363
f 4689/4689/1363 4691/4691/1363 4692/4692/1363
f 4693/4693/1364 4694/4694/1364 4695/4695/1364
f 4693/4693/1364 4695/4695/1364 4696/4696/1364
f 4697/4697/1365 4698/4698/1365 4699/4699/1365
f 4697/4697/1365 4699/4699/1365 4700/4700/1365
f 4701/4701/1366 4702/4702/1366 4703/4703/1366
f 4701/4701/1366 4703/4703/1366 4704/4704/1366
f 4705/4705/1367 4706/4706/1367 4707/4707/1367
f 4705/4705/1367 4707/4707/1367 4708/4708/1367
f 4709/4709/1368 4710/4710/1368 4711/4711/1368
f 4709/4709/1368 4711/4711/1368 4712/4712/1368
f 4713/4713/1369 4714/4714/1369 4715/4715/1369
f 4713/4713/1369 4715/4715/1369 4716/4716/1369
f 4717/4717/1370 4718/4718/1370 4719/4719/1370
f 4717/4717/1370 4719/4719/1370 4720/4720/1370
f 4721/4721/1371 4722/4722/1371 4723/4723/1371
f 4721/4721/1371 4723/4723/1371 4724/4724/1371
f 4725/4725/1372 4726/4726/1372 4727/4727/1372
f 4725/4725/1372 4727/4727/1372 4728/4728/1372
f 4729/4729/1373 4730/4730/1373 4731/4731/1373
f 4729/4729/1373 4731/4731/1373 4732/4732/1373
f 4733/4733/1374 4734/4734/1374 4735/4735/1374
f 4733/4733/1374 4735/4735/1374 4736/4736/1374
f 4737/4737/1375 4738/4738/1375 4739/4739/1375
f 4737/4737/1375 4739/4739/1375 4740/4740/1375
f 4741/4741/1376 4742/4742/1376 4743/4743/1376
f 4741/4741/1376 4743/4743/1376 4744/4744/1376
f 4745/4745/1377 4746/4746/1377 4747/4747/1377
f 4745/4745/1377 4747/4747/1377 4748/4748/1377
f 4749/4749/1378 4750/4750/1378 4751/4751/1378
f 4749/4749/1378 4751/4751/1378 4752/4752/1378
f 4753/4753/1379 4754/4754/1379 4755/4755/1379
f 4753/4753/1379 4755/4755/1379 4756/4756/1379
f 4757/4757/1380 4758/4758/1380 4759/4759/1380
f 4757/4757/1380 4759/4759/1380 4760/4760/1380
f 4761/4761/1381 4762/4762/1381 4763/4763/1381
f 4761/4761/1381 4763/4763/1381 4764/4764/1381
f 4765/4765/1382 4766/4766/1382 4767/4767/1382
f 4765/4765/1382 4767/4767/1382 4768/4768/1382
f 4769/4769/1383 4770/4770/1383 4771/4771/1383
f 4772/4772/1384 4773/4773/1384 4774/4774/1384
f 4775/4775/1385 4776/4776/1385 4777/4777/1385
f 4778/4778/1386 4779/4779/1386 4780/4780/1386
f 4781/4781/1387 4782/4782/1387 4783/4783/1387
f 4784/4784/1388 4785/4785/1388 4786/4786/1388
f 4787/4787/1389 4788/4788/1389 4789/4789/1389
f 4790/4790/1390 4791/4791/1390 4792/4792/1390
f 4793/4793/1391 4794/4794/1391 4795/4795/1391
f 4796/4796/1392 4797/4797/1392 4798/4798/1392
f 4799/4799/1393 4800/4800/1393 4801/4801/1393
f 4802/4802/1394 4803/4803/1394 4804/4804/1394
f 4805/4805/1395 4806/4806/1395 4807/4807/1395
f 4808/4808/1396 4809/4809/1396 4810/4810/1396
f 4811/4811/1397 4812/4812/1397 4813/4813/1397
f 4814/4814/1398 4815/4815/1398 4816/4816/1398
f 4817/4817/1399 4818/4818/1399 4819/4819/1399
f 4820/4820/1400 4821/4821/1400 4822/4822/1400
f 4823/4823/1401 4824/4824/1401 4825/4825/1401
f 4826/4826/1402 4827/4827/1402 4828/4828/1402
f 4829/4829/1403 4830/4830/1403 4831/4831/1403
f 4832/4832/1404 4833/4833/1404 4834/4834/1404
f 4835/4835/1405 4836/4836/1405 4837/4837/1405
f 4838/4838/1406 4839/4839/1406 4840/4840/1406
f 4841/4841/1407 4842/4842/1407 4843/4843/1407
f 4841/4841/1407 4843/4843/1407 4844/4844/1407
f 4845/4845/1408 4846/4846/1408 4847/4847/1408
f 4845/4845/1408 4847/4847/1408 4848/4848/1408
f 4849/4849/1409 4850/4850/1409 4851/4851/1409
f 4849/4849/1409 4851/4851/1409 4852/4852/1409
f 4853/4853/1410 4854/4854/1410 4855/4855/1410
f 4853/4853/1410 4855/4855/1410 4856/4856/1410
f 4857/4857/1411 4858/4858/1411 4859/4859/1411
f 4857/4857/1411 4859/4859/1411 4860/4860/1411
f 4861/4861/1412 4862/4862/1412 4863/4863/1412
f 4861/4861/1412 4863/4863/1412 4864/4864/1412
f 4865/4865/1413 4866/4866/1413 4867/4867/1413
f 4865/4865/1413 4867/4867/1413 4868/4868/1413
f 4869/4869/1414 4870/4870/1414 4871/4871/1414
f 4869/4869/1414 4871/4871/1414 4872/4872/1414
f 4873/4873/1415 4874/4874/1415 4875/4875/1415
f 4873/4873/1415 4875/4875/1415 4876/4876/1415
f 4877/4877/1416 4878/4878/1416 4879/4879/1416
f 4877/4877/1416 4879/4879/1416 4880/4880/1416
f 4881/4881/1417 4882/4882/1417 4883/4883/1417
f 4881/4881/1417 4883/4883/1417 4884/4884/1417
f 4885/4885/1418 4886/4886/1418 4887/4887/1418
f 4885/4885/1418 4887/4887/1418 4888/4888/1418
f 4889/4889/1419 4890/4890/1419 4891/4891/1419
f 4889/4889/1419 4891/4891/1419 4892/4892/1419
f 4893/4893/1420 4894/4894/1420 4895/4895/1420
f 4893/4893/1420 4895/4895/1420 4896/4896/1420
f 4897/4897/1421 4898/4898/1421 4899/4899/1421
f 4897/4897/1421 4899/4899/1421 4900/4900/1421
f 4901/4901/1422 4902/4902/1422 4903/4903/1422
f 4901/4901/1422 4903/4903/1422 4904/4904/1422
f 4905/4905/1423 4906/4906/1423 4907/4907/1423
f 4905/4905/1423 4907/4907/1423 4908/4908/1423
f 4909/4909/1424 4910/4910/1424 4911/4911/1424
f 4909/4909/1424 4911/4911/1424 4912/4912/1424
f 4913/4913/1425 4914/4914/1425 4915/4915/1425
f 4916/4916/1426 4917/4917/1426 4918/4918/1426
f 4919/4919/1427 4920/4920/1427 4921/4921/1427
f 4922/4922/1428 4923/4923/1428 4924/4924/1428
f 4925/4925/1429 4926/4926/1429 4927/4927/1429
f 4928/4928/1430 4929/4929/1430 4930/4930/1430
f 4931/4931/1431 4932/4932/1431 4933/4933/1431
f 4934/4934/1432 4935/4935/1432 4936/4936/1432
f 4937/4937/1433 4938/4938/1433 4939/4939/1433
f 4940/4940/1434 4941/4941/1434 4942/4942/1434
f 4943/4943/1435 4944/4944/1435 4945/4945/1435
f 4946/4946/1436 4947/4947/1436 4948/4948/1436
f 4949/4949/1437 4950/4950/1437 4951/4951/1437
f 4952/4952/1438 4953/4953/1438 4954/4954/1438
f 4955/4955/1439 4956/4956/1439 4957/4957/1439
f 4958/4958/1440 4959/4959/1440 4960/4960/1440
f 4961/4961/1441 4962/4962/1441 4963/4963/1441
f 4964/4964/1442 4965/4965/1442 4966/4966/1442
f 4967/4967/1443 4968/4968/1443 4969/4969/1443
f 4970/4970/1444 4971/4971/1444 4972/4972/1444
f 4973/4973/1445 4974/4974/1445 4975/4975/1445
f 4976/4976/1446 4977/4977/1446 4978/4978/1446
f 4979/4979/1447 4980/4980/1447 4981/4981/1447
f 4982/4982/1448 4983/4983/1448 4984/4984/1448
f 4985/4985/1449 4986/4986/1449 4987/4987/1449
f 4985/4985/1449 4987/4987/1449 4988/4988/1449
f 4989/4989/1450 4990/4990/1450 4991/4991/1450
f 4989/4989/1450 4991/4991/1450 4992/4992/1450
f 4993/4993/1451 4994/4994/1451 4995/4995/1451
f 4993/4993/1451 4995/4995/1451 4996/4996/1451
f 4997/4997/1452 4998/4998/1452 4999/4999/1452
f 4997/4997/1452 4999/4999/1452 5000/5000/1452
f 5001/5001/1453 5002/5002/1453 5003/5003/1453
f 5001/5001/1453 5003/5003/1453 5004/5004/1453
f 5005/5005/1454 5006/5006/1454 5007/5007/1454
f 5005/5005/1454 5007/5007/1454 5008/5008/1454
f 5009/5009/1455 5010/5010/1455 5011/5011/1455
f 5009/5009/1455 5011/5011/1455 5012/5012/1455
f 5013/5013/1456 5014/5014/1456 5015/5015/1456
f 5013/5013/1456 5015/5015/1456 5016/5016/1456
f 5017/5017/1457 5018/5018/1457 5019/5019/1457
f 5017/5017/1457 5019/5019/1457 5020/5020/1457
f 5021/5021/1458 5022/5022/1458 5023/5023/1458
f 5021/5021/1458 5023/5023/1458 5024/5024/1458
f 5025/5025/1459 5026/5026/1459 5027/5027/1459
f 5025/5025/1459 5027/5027/1459 5028/5028/1459
f 5029/5029/1460 5030/5030/1460 5031/5031/1460
f 5029/5029/1460 5031/5031/1460 5032/5032/1460
f 5033/5033/1461 5034/5034/1461 5035/5035/1461
f 5033/5033/1461 5035/5035/1461 5036/5036/1461
f 5037/5037/1462 5038/5038/1462 5039/5039/1462
f 5037/5037/1462 5039/5039/1462 5040/5040/1462
f 5041/5041/1463 5042/5042/1463 5043/5043/1463
f 5041/5041/1463 5043/5043/1463 5044/5044/1463
f 5045/5045/1464 5046/5046/1464 5047/5047/1464
f 5045/5045/1464 5047/5047/1464 5048/5048/1464
f 5049/5049/1465 5050/5050/1465 5051/5051/1465
f 5049/5049/1465 5051/5051/1465 5052/5052/1465
f 5053/5053/1466 5054/5054/1466 5055/5055/1466
f 5053/5053/1466 5055/5055/1466 5056/5056/1466
f 5057/5057/1467 5058/5058/1467 5059/5059/1467
f 5057/5057/1467 5059/5059/1467 5060/5060/1467
f 5061/5061/1468 5062/5062/1468 5063/5063/1468
f 5061/5061/1468 5063/5063/1468 5064/5064/1468
f 5065/5065/1469 5066/5066/1469 5067/5067/1469
f 5065/5065/1469 5067/5067/1469 5068/5068/1469
f 5069/5069/1470 5070/5070/1470 5071/5071/1470
f 5069/5069/1470 5071/5071/1470 5072/5072/1470
f 5073/5073/1471 5074/5074/1471 5075/5075/1471
f 5073/5073/1471 5075/5075/1471 5076/5076/1471
f 5077/5077/1472 5078/5078/1472 5079/5079/1472
f 5077/5077/1472 5079/5079/1472 5080/5080/1472
f 5081/5081/1473 5082/5082/1473 5083/5083/1473
f 5084/5084/1474 5085/5085/1474 5086/5086/1474
f 5087/5087/1475 5088/5088/1475 5089/5089/1475
f 5090/5090/1476 5091/5091/1476 5092/5092/1476
f 5093/5093/1477 5094/5094/1477 5095/5095/1477
f 5096/5096/1478 5097/5097/1478 5098/5098/1478
f 5099/5099/1479 5100/5100/1479 5101/5101/1479
f 5102/5102/1480 5103/5103/1480 5104/5104/1480
f 5105/5105/1481 5106/5106/1481 5107/5107/1481
f 5108/5108/1482 5109/5109/1482 5110/5110/1482
f 5111/5111/1483 5112/5112/1483 5113/5113/1483
f 5114/5114/1484 5115/5115/1484 5116/5116/1484
f 5117/5117/1485 5118/5118/1485 5119/5119/1485
f 5120/5120/1486 5121/5121/1486 5122/5122/1486
f 5123/5123/1487 5124/5124/1487 5125/5125/1487
f 5126/5126/1488 5127/5127/1488 5128/5128/1488
f 5129/5129/1489 5130/5130/1489 5131/5131/1489
f 5132/5132/1490 5133/5133/1490 5134/5134/1490
f 5135/5135/1491 5136/5136/1491 5137/5137/1491
f 5138/5138/1492 5139/5139/1492 5140/5140/1492
f 5141/5141/1493 5142/5142/1493 5143/5143/1493
f 5144/5144/1494 5145/5145/1494 5146/5146/1494
f 5147/5147/1495 5148/5148/1495 5149/5149/1495
f 5150/5150/1496 5151/5151/1496 5152/5152/1496
f 5153/5153/1497 5154/5154/1497 5155/5155/1497
f 5153/5153/1497 5155/5155/1497 5156/5156/1497
f 5157/5157/1498 5158/5158/1498 5159/5159/1498
f 5157/5157/1498 5159/5159/1498 5160/5160/1498
f 5161/5161/1499 5162/5162/1499 5163/5163/1499
f 5161/5161/1499 5163/5163/1499 5164/5164/1499
f 5165/5165/1500 5166/5166/1500 5167/5167/1500
f 5165/5165/1500 5167/5167/1500 5168/5168/1500
f 5169/5169/1501 5170/5170/1501 5171/5171/1501
f 5169/5169/1501 5171/5171/1501 5172/5172/1501
f 5173/5173/1502 5174/5174/1502 5175/5175/1502
f 5173/5173/1502 5175/5175/1502 5176/5176/1502
usemtl Safety_Ladder
f 5177/5177/1503 5178/5178/1503 5179/5179/1503
f 5177/5177/1503 5179/5179/1503 5180/5180/1503
f 5181/5181/1504 5182/5182/1504 5183/5183/1504
f 5181/5181/1504 5183/5183/1504 5184/5184/1504
f 5185/5185/1505 5186/5186/1505 5187/5187/1505
f 5185/5185/1505 5187/5187/1505 5188/5188/1505
f 5189/5189/1506 5190/5190/1506 5191/5191/1506
f 5189/5189/1506 5191/5191/1506 5192/5192/1506
f 5193/5193/1507 5194/5194/1507 5195/5195/1507
f 5193/5193/1507 5195/5195/1507 5196/5196/1507
f 5197/5197/1508 5198/5198/1508 5199/5199/1508
f 5197/5197/1508 5199/5199/1508 5200/5200/1508
f 5201/5201/1509 5202/5202/1509 5203/5203/1509
f 5201/5201/1509 5203/5203/1509 5204/5204/1509
f 5205/5205/1510 5206/5206/1510 5207/5207/1510
f 5205/5205/1510 5207/5207/1510 5208/5208/1510
f 5209/5209/1511 5210/5210/1511 5211/5211/1511
f 5209/5209/1511 5211/5211/1511 5212/5212/1511
f 5213/5213/1512 5214/5214/1512 5215/5215/1512
f 5213/5213/1512 5215/5215/1512 5216/5216/1512
f 5217/5217/1513 5218/5218/1513 5219/5219/1513
f 5217/5217/1513 5219/5219/1513 5220/5220/1513
f 5221/5221/1514 5222/5222/1514 5223/5223/1514
f 5221/5221/1514 5223/5223/1514 5224/5224/1514
f 5225/5225/1515 5226/5226/1515 5227/5227/1515
f 5225/5225/1515 5227/5227/1515 5228/5228/1515
f 5229/5229/1516 5230/5230/1516 5231/5231/1516
f 5229/5229/1516 5231/5231/1516 5232/5232/1516
f 5233/5233/1517 5234/5234/1517 5235/5235/1517
f 5233/5233/1517 5235/5235/1517 5236/5236/1517
f 5237/5237/1518 5238/5238/1518 5239/5239/1518
f 5237/5237/1518 5239/5239/1518 5240/5240/1518
f 5241/5241/1519 5242/5242/1519 5243/5243/1519
f 5241/5241/1519 5243/5243/1519 5244/5244/1519
f 5245/5245/1520 5246/5246/1520 5247/5247/1520
f 5245/5245/1520 5247/5247/1520 5248/5248/1520
f 5249/5249/1521 5250/5250/1521 5251/5251/1521
f 5249/5249/1521 5251/5251/1521 5252/5252/1521
f 5253/5253/1522 5254/5254/1522 5255/5255/1522
f 5253/5253/1522 5255/5255/1522 5256/5256/1522
f 5257/5257/1523 5258/5258/1523 5259/5259/1523
f 5257/5257/1523 5259/5259/1523 5260/5260/1523
f 5261/5261/1524 5262/5262/1524 5263/5263/1524
f 5261/5261/1524 5263/5263/1524 5264/5264/1524
f 5265/5265/1525 5266/5266/1525 5267/5267/1525
f 5265/5265/1525 5267/5267/1525 5268/5268/1525
f 5269/5269/1526 5270/5270/1526 5271/5271/1526
f 5269/5269/1526 5271/5271/1526 5272/5272/1526
f 5273/5273/1527 5274/5274/1527 5275/5275/1527
f 5273/5273/1527 5275/5275/1527 5276/5276/1527
f 5277/5277/1528 5278/5278/1528 5279/5279/1528
f 5277/5277/1528 5279/5279/1528 5280/5280/1528
f 5281/5281/1529 5282/5282/1529 5283/5283/1529
f 5281/5281/1529 5283/5283/1529 5284/5284/1529
f 5285/5285/1530 5286/5286/1530 5287/5287/1530
f 5285/5285/1530 5287/5287/1530 5288/5288/1530
f 5289/5289/1531 5290/5290/1531 5291/5291/1531
f 5289/5289/1531 5291/5291/1531 5292/5292/1531
f 5293/5293/1532 5294/5294/1532 5295/5295/1532
f 5293/5293/1532 5295/5295/1532 5296/5296/1532
f 5297/5297/1533 5298/5298/1533 5299/5299/1533
f 5297/5297/1533 5299/5299/1533 5300/5300/1533
f 5301/5301/1534 5302/5302/1534 5303/5303/1534
f 5301/5301/1534 5303/5303/1534 5304/5304/1534
f 5305/5305/1535 5306/5306/1535 5307/5307/1535
f 5305/5305/1535 5307/5307/1535 5308/5308/1535
f 5309/5309/1536 5310/5310/1536 5311/5311/1536
f 5309/5309/1536 5311/5311/1536 5312/5312/1536
f 5313/5313/1537 5314/5314/1537 5315/5315/1537
f 5313/5313/1537 5315/5315/1537 5316/5316/1537
f 5317/5317/1538 5318/5318/1538 5319/5319/1538
f 5317/5317/1538 5319/5319/1538 5320/5320/1538
f 5321/5321/1539 5322/5322/1539 5323/5323/1539
f 5321/5321/1539 5323/5323/1539 5324/5324/1539
f 5325/5325/1540 5326/5326/1540 5327/5327/1540
f 5325/5325/1540 5327/5327/1540 5328/5328/1540
f 5329/5329/1541 5330/5330/1541 5331/5331/1541
f 5329/5329/1541 5331/5331/1541 5332/5332/1541
f 5333/5333/1542 5334/5334/1542 5335/5335/1542
f 5333/5333/1542 5335/5335/1542 5336/5336/1542
f 5337/5337/1543 5338/5338/1543 5339/5339/1543
f 5337/5337/1543 5339/5339/1543 5340/5340/1543
f 5341/5341/1544 5342/5342/1544 5343/5343/1544
f 5341/5341/1544 5343/5343/1544 5344/5344/1544
f 5345/5345/1545 5346/5346/1545 5347/5347/1545
f 5345/5345/1545 5347/5347/1545 5348/5348/1545
f 5349/5349/1546 5350/5350/1546 5351/5351/1546
f 5349/5349/1546 5351/5351/1546 5352/5352/1546
f 5353/5353/1547 5354/5354/1547 5355/5355/1547
f 5353/5353/1547 5355/5355/1547 5356/5356/1547
f 5357/5357/1548 5358/5358/1548 5359/5359/1548
f 5357/5357/1548 5359/5359/1548 5360/5360/1548
f 5361/5361/1549 5362/5362/1549 5363/5363/1549
f 5361/5361/1549 5363/5363/1549 5364/5364/1549
f 5365/5365/1550 5366/5366/1550 5367/5367/1550
f 5365/5365/1550 5367/5367/1550 5368/5368/1550
f 5369/5369/1551 5370/5370/1551 5371/5371/1551
f 5369/5369/1551 5371/5371/1551 5372/5372/1551
f 5373/5373/1552 5374/5374/1552 5375/5375/1552
f 5373/5373/1552 5375/5375/1552 5376/5376/1552
f 5377/5377/1553 5378/5378/1553 5379/5379/1553
f 5377/5377/1553 5379/5379/1553 5380/5380/1553
f 5381/5381/1554 5382/5382/1554 5383/5383/1554
f 5381/5381/1554 5383/5383/1554 5384/5384/1554
f 5385/5385/1555 5386/5386/1555 5387/5387/1555
f 5385/5385/1555 5387/5387/1555 5388/5388/1555
f 5389/5389/1556 5390/5390/1556 5391/5391/1556
f 5389/5389/1556 5391/5391/1556 5392/5392/1556
f 5393/5393/1557 5394/5394/1557 5395/5395/1557
f 5393/5393/1557 5395/5395/1557 5396/5396/1557
f 5397/5397/1558 5398/5398/1558 5399/5399/1558
f 5397/5397/1558 5399/5399/1558 5400/5400/1558
f 5401/5401/1559 5402/5402/1559 5403/5403/1559
f 5401/5401/1559 5403/5403/1559 5404/5404/1559
f 5405/5405/1560 5406/5406/1560 5407/5407/1560
f 5405/5405/1560 5407/5407/1560 5408/5408/1560
f 5409/5409/1561 5410/5410/1561 5411/5411/1561
f 5409/5409/1561 5411/5411/1561 5412/5412/1561
f 5413/5413/1562 5414/5414/1562 5415/5415/1562
f 5413/5413/1562 5415/5415/1562 5416/5416/1562
f 5417/5417/1563 5418/5418/1563 5419/5419/1563
f 5417/5417/1563 5419/5419/1563 5420/5420/1563
f 5421/5421/1564 5422/5422/1564 5423/5423/1564
f 5421/5421/1564 5423/5423/1564 5424/5424/1564
f 5425/5425/1565 5426/5426/1565 5427/5427/1565
f 5425/5425/1565 5427/5427/1565 5428/5428/1565
f 5429/5429/1566 5430/5430/1566 5431/5431/1566
f 5429/5429/1566 5431/5431/1566 5432/5432/1566
f 5433/5433/1567 5434/5434/1567 5435/5435/1567
f 5433/5433/1567 5435/5435/1567 5436/5436/1567
f 5437/5437/1568 5438/5438/1568 5439/5439/1568
f 5437/5437/1568 5439/5439/1568 5440/5440/1568
f 5441/5441/1569 5442/5442/1569 5443/5443/1569
f 5441/5441/1569 5443/5443/1569 5444/5444/1569
f 5445/5445/1570 5446/5446/1570 5447/5447/1570
f 5445/5445/1570 5447/5447/1570 5448/5448/1570
f 5449/5449/1571 5450/5450/1571 5451/5451/1571
f 5449/5449/1571 5451/5451/1571 5452/5452/1571
f 5453/5453/1572 5454/5454/1572 5455/5455/1572
f 5453/5453/1572 5455/5455/1572 5456/5456/1572
f 5457/5457/1573 5458/5458/1573 5459/5459/1573
f 5457/5457/1573 5459/5459/1573 5460/5460/1573
f 5461/5461/1574 5462/5462/1574 5463/5463/1574
f 5461/5461/1574 5463/5463/1574 5464/5464/1574
f 5465/5465/1575 5466/5466/1575 5467/5467/1575
f 5465/5465/1575 5467/5467/1575 5468/5468/1575
f 5469/5469/1576 5470/5470/1576 5471/5471/1576
f 5469/5469/1576 5471/5471/1576 5472/5472/1576
f 5473/5473/1577 5474/5474/1577 5475/5475/1577
f 5473/5473/1577 5475/5475/1577 5476/5476/1577
f 5477/5477/1578 5478/5478/1578 5479/5479/1578
f 5477/5477/1578 5479/5479/1578 5480/5480/1578
f 5481/5481/1579 5482/5482/1579 5483/5483/1579
f 5481/5481/1579 5483/5483/1579 5484/5484/1579
f 5485/5485/1580 5486/5486/1580 5487/5487/1580
f 5485/5485/1580 5487/5487/1580 5488/5488/1580
f 5489/5489/1581 5490/5490/1581 5491/5491/1581
f 5489/5489/1581 5491/5491/1581 5492/5492/1581
f 5493/5493/1582 5494/5494/1582 5495/5495/1582
f 5493/5493/1582 5495/5495/1582 5496/5496/1582
f 5497/5497/1583 5498/5498/1583 5499/5499/1583
f 5497/5497/1583 5499/5499/1583 5500/5500/1583
f 5501/5501/1584 5502/5502/1584 5503/5503/1584
f 5501/5501/1584 5503/5503/1584 5504/5504/1584
f 5505/5505/1585 5506/5506/1585 5507/5507/1585
f 5505/5505/1585 5507/5507/1585 5508/5508/1585
f 5509/5509/1586 5510/5510/1586 5511/5511/1586
f 5509/5509/1586 5511/5511/1586 5512/5512/1586
f 5513/5513/1587 5514/5514/1587 5515/5515/1587
f 5513/5513/1587 5515/5515/1587 5516/5516/1587
f 5517/5517/1588 5518/5518/1588 5519/5519/1588
f 5517/5517/1588 5519/5519/1588 5520/5520/1588
f 5521/5521/1589 5522/5522/1589 5523/5523/1589
f 5521/5521/1589 5523/5523/1589 5524/5524/1589
f 5525/5525/1590 5526/5526/1590 5527/5527/1590
f 5525/5525/1590 5527/5527/1590 5528/5528/1590
f 5529/5529/1591 5530/5530/1591 5531/5531/1591
f 5529/5529/1591 5531/5531/1591 5532/5532/1591
f 5533/5533/1592 5534/5534/1592 5535/5535/1592
f 5533/5533/1592 5535/5535/1592 5536/5536/1592
f 5537/5537/1593 5538/5538/1593 5539/5539/1593
f 5537/5537/1593 5539/5539/1593 5540/5540/1593
f 5541/5541/1594 5542/5542/1594 5543/5543/1594
f 5541/5541/1594 5543/5543/1594 5544/5544/1594
f 5545/5545/1595 5546/5546/1595 5547/5547/1595
f 5545/5545/1595 5547/5547/1595 5548/5548/1595
f 5549/5549/1596 5550/5550/1596 5551/5551/1596
f 5549/5549/1596 5551/5551/1596 5552/5552/1596
f 5553/5553/1597 5554/5554/1597 5555/5555/1597
f 5553/5553/1597 5555/5555/1597 5556/5556/1597
f 5557/5557/1598 5558/5558/1598 5559/5559/1598
f 5557/5557/1598 5559/5559/1598 5560/5560/1598
f 5561/5561/1599 5562/5562/1599 5563/5563/1599
f 5561/5561/1599 5563/5563/1599 5564/5564/1599
f 5565/5565/1600 5566/5566/1600 5567/5567/1600
f 5565/5565/1600 5567/5567/1600 5568/5568/1600
f 5569/5569/1601 5570/5570/1601 5571/5571/1601
f 5569/5569/1601 5571/5571/1601 5572/5572/1601
f 5573/5573/1602 5574/5574/1602 5575/5575/1602
f 5573/5573/1602 5575/5575/1602 5576/5576/1602
f 5577/5577/1603 5578/5578/1603 5579/5579/1603
f 5577/5577/1603 5579/5579/1603 5580/5580/1603
f 5581/5581/1604 5582/5582/1604 5583/5583/1604
f 5581/5581/1604 5583/5583/1604 5584/5584/1604
f 5585/5585/1605 5586/5586/1605 5587/5587/1605
f 5585/5585/1605 5587/5587/1605 5588/5588/1605
f 5589/5589/1606 5590/5590/1606 5591/5591/1606
f 5589/5589/1606 5591/5591/1606 5592/5592/1606
f 5593/5593/1607 5594/5594/1607 5595/5595/1607
f 5593/5593/1607 5595/5595/1607 5596/5596/1607
f 5597/5597/1608 5598/5598/1608 5599/5599/1608
f 5597/5597/1608 5599/5599/1608 5600/5600/1608
f 5601/5601/1609 5602/5602/1609 5603/5603/1609
f 5601/5601/1609 5603/5603/1609 5604/5604/1609
f 5605/5605/1610 5606/5606/1610 5607/5607/1610
f 5605/5605/1610 5607/5607/1610 5608/5608/1610
f 5609/5609/1611 5610/5610/1611 5611/5611/1611
f 5609/5609/1611 5611/5611/1611 5612/5612/1611
f 5613/5613/1612 5614/5614/1612 5615/5615/1612
f 5613/5613/1612 5615/5615/1612 5616/5616/1612
f 5617/5617/1613 5618/5618/1613 5619/5619/1613
f 5617/5617/1613 5619/5619/1613 5620/5620/1613
f 5621/5621/1614 5622/5622/1614 5623/5623/1614
f 5621/5621/1614 5623/5623/1614 5624/5624/1614
f 5625/5625/1615 5626/5626/1615 5627/5627/1615
f 5625/5625/1615 5627/5627/1615 5628/5628/1615
f 5629/5629/1616 5630/5630/1616 5631/5631/1616
f 5629/5629/1616 5631/5631/1616 5632/5632/1616
f 5633/5633/1617 5634/5634/1617 5635/5635/1617
f 5633/5633/1617 5635/5635/1617 5636/5636/1617
f 5637/5637/1618 5638/5638/1618 5639/5639/1618
f 5637/5637/1618 5639/5639/1618 5640/5640/1618
f 5641/5641/1619 5642/5642/1619 5643/5643/1619
f 5641/5641/1619 5643/5643/1619 5644/5644/1619
f 5645/5645/1620 5646/5646/1620 5647/5647/1620
f 5645/5645/1620 5647/5647/1620 5648/5648/1620
f 5649/5649/1621 5650/5650/1621 5651/5651/1621
f 5649/5649/1621 5651/5651/1621 5652/5652/1621
f 5653/5653/1622 5654/5654/1622 5655/5655/1622
f 5653/5653/1622 5655/5655/1622 5656/5656/1622
f 5657/5657/1623 5658/5658/1623 5659/5659/1623
f 5657/5657/1623 5659/5659/1623 5660/5660/1623
f 5661/5661/1624 5662/5662/1624 5663/5663/1624
f 5661/5661/1624 5663/5663/1624 5664/5664/1624
f 5665/5665/1625 5666/5666/1625 5667/5667/1625
f 5665/5665/1625 5667/5667/1625 5668/5668/1625
f 5669/5669/1626 5670/5670/1626 5671/5671/1626
f 5669/5669/1626 5671/5671/1626 5672/5672/1626
f 5673/5673/1627 5674/5674/1627 5675/5675/1627
f 5673/5673/1627 5675/5675/1627 5676/5676/1627
f 5677/5677/1628 5678/5678/1628 5679/5679/1628
f 5677/5677/1628 5679/5679/1628 5680/5680/1628
f 5681/5681/1629 5682/5682/1629 5683/5683/1629
f 5681/5681/1629 5683/5683/1629 5684/5684/1629
f 5685/5685/1630 5686/5686/1630 5687/5687/1630
f 5685/5685/1630 5687/5687/1630 5688/5688/1630
f 5689/5689/1631 5690/5690/1631 5691/5691/1631
f 5689/5689/1631 5691/5691/1631 5692/5692/1631
f 5693/5693/1632 5694/5694/1632 5695/5695/1632
f 5693/5693/1632 5695/5695/1632 5696/5696/1632
f 5697/5697/1633 5698/5698/1633 5699/5699/1633
f 5697/5697/1633 5699/5699/1633 5700/5700/1633
f 5701/5701/1634 5702/5702/1634 5703/5703/1634
f 5701/5701/1634 5703/5703/1634 5704/5704/1634
f 5705/5705/1635 5706/5706/1635 5707/5707/1635
f 5705/5705/1635 5707/5707/1635 5708/5708/1635
f 5709/5709/1636 5710/5710/1636 5711/5711/1636
f 5709/5709/1636 5711/5711/1636 5712/5712/1636
f 5713/5713/1637 5714/5714/1637 5715/5715/1637
f 5713/5713/1637 5715/5715/1637 5716/5716/1637
f 5717/5717/1638 5718/5718/1638 5719/5719/1638
f 5717/5717/1638 5719/5719/1638 5720/5720/1638
f 5721/5721/1639 5722/5722/1639 5723/5723/1639
f 5721/5721/1639 5723/5723/1639 5724/5724/1639
f 5725/5725/1640 5726/5726/1640 5727/5727/1640
f 5725/5725/1640 5727/5727/1640 5728/5728/1640
f 5729/5729/1641 5730/5730/1641 5731/5731/1641
f 5729/5729/1641 5731/5731/1641 5732/5732/1641
f 5733/5733/1642 5734/5734/1642 5735/5735/1642
f 5733/5733/1642 5735/5735/1642 5736/5736/1642
f 5737/5737/1643 5738/5738/1643 5739/5739/1643
f 5737/5737/1643 5739/5739/1643 5740/5740/1643
f 5741/5741/1644 5742/5742/1644 5743/5743/1644
f 5741/5741/1644 5743/5743/1644 5744/5744/1644
f 5745/5745/1645 5746/5746/1645 5747/5747/1645
f 5745/5745/1645 5747/5747/1645 5748/5748/1645
f 5749/5749/1646 5750/5750/1646 5751/5751/1646
f 5749/5749/1646 5751/5751/1646 5752/5752/1646
