# Wavefront OBJ Harbor Wall
mtllib outer_breakwater_2.mtl

v 0.0000 -4.5000 2.0000
v 44.6500 -4.5000 2.0000
v 44.6500 -4.1500 2.0000
v 0.0000 -4.1500 2.0000
v 44.6500 -4.5000 2.0000
v 45.0000 -4.5000 2.0000
v 45.0000 -4.1500 2.0000
v 44.6500 -4.1500 2.0000
v 44.6500 -4.1500 2.0000
v 45.0000 -4.1500 2.0000
v 45.0000 60.0000 2.0000
v 44.6500 60.0000 2.0000
v 0.0000 -4.1500 1.8000
v 0.0000 -4.1500 2.0000
v 44.6500 -4.1500 2.0000
v 44.6500 -4.1500 1.8000
v 44.6500 -4.1500 1.8000
v 44.6500 -4.1500 2.0000
v 44.6500 60.0000 2.0000
v 44.6500 60.0000 1.8000
v 0.0000 -4.1500 1.8000
v 40.5000 -4.1500 1.8000
v 40.5000 0.0000 1.8000
v 0.0000 0.0000 1.8000
v 40.5000 0.0000 1.8000
v 44.6500 0.0000 1.8000
v 44.6500 60.0000 1.8000
v 40.5000 60.0000 1.8000
v 40.5000 -4.1500 1.8000
v 44.6500 -4.1500 1.8000
v 44.6500 0.0000 1.8000
v 40.5000 0.0000 1.8000
v 45.0000 -4.5000 0.6000
v 45.0000 -4.5000 2.0000
v 0.0000 -4.5000 2.0000
v 0.0000 -4.5000 0.6000
v 45.0000 -4.5000 -1.5000
v 45.0000 -4.5000 0.6000
v 0.0000 -4.5000 0.6000
v 0.0000 -4.5000 -1.5000
v 45.0000 -4.5000 -16.2000
v 45.0000 -4.5000 -1.5000
v 0.0000 -4.5000 -1.5000
v 0.0000 -4.5000 -16.2000
v 45.0000 -4.5000 0.6000
v 45.0000 60.0000 0.6000
v 45.0000 60.0000 2.0000
v 45.0000 -4.5000 2.0000
v 45.0000 -4.5000 -1.5000
v 45.0000 60.0000 -1.5000
v 45.0000 60.0000 0.6000
v 45.0000 -4.5000 0.6000
v 45.0000 -4.5000 -16.2000
v 45.0000 60.0000 -16.2000
v 45.0000 60.0000 -1.5000
v 45.0000 -4.5000 -1.5000
v 0.0000 0.0000 -16.2000
v 0.0000 0.0000 1.8000
v 40.5000 0.0000 1.8000
v 40.5000 0.0000 -16.2000
v 40.5000 60.0000 -16.2000
v 40.5000 0.0000 -16.2000
v 40.5000 0.0000 1.8000
v 40.5000 60.0000 1.8000
v 0.0000 -4.5000 -16.2000
v 0.0000 -4.5000 2.0000
v 0.0000 0.0000 1.8000
v 0.0000 0.0000 -16.2000
v 40.5000 60.0000 -16.2000
v 40.5000 60.0000 1.8000
v 45.0000 60.0000 2.0000
v 45.0000 60.0000 -16.2000
v 0.0000 0.0000 -16.2000
v 40.5000 0.0000 -16.2000
v 40.5000 -4.5000 -16.2000
v 0.0000 -4.5000 -16.2000
v 40.5000 60.0000 -16.2000
v 45.0000 60.0000 -16.2000
v 45.0000 -4.5000 -16.2000
v 40.5000 -4.5000 -16.2000
v 4.7000 -4.5000 -0.6000
v 4.7228 -4.6148 -0.6000
v 4.7228 -4.6148 0.6000
v 4.7000 -4.5000 0.6000
v 4.7228 -4.6148 -0.6000
v 4.7879 -4.7121 -0.6000
v 4.7879 -4.7121 0.6000
v 4.7228 -4.6148 0.6000
v 4.7879 -4.7121 -0.6000
v 4.8852 -4.7772 -0.6000
v 4.8852 -4.7772 0.6000
v 4.7879 -4.7121 0.6000
v 4.8852 -4.7772 -0.6000
v 5.0000 -4.8000 -0.6000
v 5.0000 -4.8000 0.6000
v 4.8852 -4.7772 0.6000
v 5.0000 -4.8000 -0.6000
v 5.1148 -4.7772 -0.6000
v 5.1148 -4.7772 0.6000
v 5.0000 -4.8000 0.6000
v 5.1148 -4.7772 -0.6000
v 5.2121 -4.7121 -0.6000
v 5.2121 -4.7121 0.6000
v 5.1148 -4.7772 0.6000
v 5.2121 -4.7121 -0.6000
v 5.2772 -4.6148 -0.6000
v 5.2772 -4.6148 0.6000
v 5.2121 -4.7121 0.6000
v 5.2772 -4.6148 -0.6000
v 5.3000 -4.5000 -0.6000
v 5.3000 -4.5000 0.6000
v 5.2772 -4.6148 0.6000
v 5.0000 -4.5000 0.6000
v 4.7000 -4.5000 0.6000
v 4.7228 -4.6148 0.6000
v 5.0000 -4.5000 -0.6000
v 4.7228 -4.6148 -0.6000
v 4.7000 -4.5000 -0.6000
v 5.0000 -4.5000 0.6000
v 4.7228 -4.6148 0.6000
v 4.7879 -4.7121 0.6000
v 5.0000 -4.5000 -0.6000
v 4.7879 -4.7121 -0.6000
v 4.7228 -4.6148 -0.6000
v 5.0000 -4.5000 0.6000
v 4.7879 -4.7121 0.6000
v 4.8852 -4.7772 0.6000
v 5.0000 -4.5000 -0.6000
v 4.8852 -4.7772 -0.6000
v 4.7879 -4.7121 -0.6000
v 5.0000 -4.5000 0.6000
v 4.8852 -4.7772 0.6000
v 5.0000 -4.8000 0.6000
v 5.0000 -4.5000 -0.6000
v 5.0000 -4.8000 -0.6000
v 4.8852 -4.7772 -0.6000
v 5.0000 -4.5000 0.6000
v 5.0000 -4.8000 0.6000
v 5.1148 -4.7772 0.6000
v 5.0000 -4.5000 -0.6000
v 5.1148 -4.7772 -0.6000
v 5.0000 -4.8000 -0.6000
v 5.0000 -4.5000 0.6000
v 5.1148 -4.7772 0.6000
v 5.2121 -4.7121 0.6000
v 5.0000 -4.5000 -0.6000
v 5.2121 -4.7121 -0.6000
v 5.1148 -4.7772 -0.6000
v 5.0000 -4.5000 0.6000
v 5.2121 -4.7121 0.6000
v 5.2772 -4.6148 0.6000
v 5.0000 -4.5000 -0.6000
v 5.2772 -4.6148 -0.6000
v 5.2121 -4.7121 -0.6000
v 5.0000 -4.5000 0.6000
v 5.2772 -4.6148 0.6000
v 5.3000 -4.5000 0.6000
v 5.0000 -4.5000 -0.6000
v 5.3000 -4.5000 -0.6000
v 5.2772 -4.6148 -0.6000
v 15.7000 -4.5000 -0.6000
v 15.7228 -4.6148 -0.6000
v 15.7228 -4.6148 0.6000
v 15.7000 -4.5000 0.6000
v 15.7228 -4.6148 -0.6000
v 15.7879 -4.7121 -0.6000
v 15.7879 -4.7121 0.6000
v 15.7228 -4.6148 0.6000
v 15.7879 -4.7121 -0.6000
v 15.8852 -4.7772 -0.6000
v 15.8852 -4.7772 0.6000
v 15.7879 -4.7121 0.6000
v 15.8852 -4.7772 -0.6000
v 16.0000 -4.8000 -0.6000
v 16.0000 -4.8000 0.6000
v 15.8852 -4.7772 0.6000
v 16.0000 -4.8000 -0.6000
v 16.1148 -4.7772 -0.6000
v 16.1148 -4.7772 0.6000
v 16.0000 -4.8000 0.6000
v 16.1148 -4.7772 -0.6000
v 16.2121 -4.7121 -0.6000
v 16.2121 -4.7121 0.6000
v 16.1148 -4.7772 0.6000
v 16.2121 -4.7121 -0.6000
v 16.2772 -4.6148 -0.6000
v 16.2772 -4.6148 0.6000
v 16.2121 -4.7121 0.6000
v 16.2772 -4.6148 -0.6000
v 16.3000 -4.5000 -0.6000
v 16.3000 -4.5000 0.6000
v 16.2772 -4.6148 0.6000
v 16.0000 -4.5000 0.6000
v 15.7000 -4.5000 0.6000
v 15.7228 -4.6148 0.6000
v 16.0000 -4.5000 -0.6000
v 15.7228 -4.6148 -0.6000
v 15.7000 -4.5000 -0.6000
v 16.0000 -4.5000 0.6000
v 15.7228 -4.6148 0.6000
v 15.7879 -4.7121 0.6000
v 16.0000 -4.5000 -0.6000
v 15.7879 -4.7121 -0.6000
v 15.7228 -4.6148 -0.6000
v 16.0000 -4.5000 0.6000
v 15.7879 -4.7121 0.6000
v 15.8852 -4.7772 0.6000
v 16.0000 -4.5000 -0.6000
v 15.8852 -4.7772 -0.6000
v 15.7879 -4.7121 -0.6000
v 16.0000 -4.5000 0.6000
v 15.8852 -4.7772 0.6000
v 16.0000 -4.8000 0.6000
v 16.0000 -4.5000 -0.6000
v 16.0000 -4.8000 -0.6000
v 15.8852 -4.7772 -0.6000
v 16.0000 -4.5000 0.6000
v 16.0000 -4.8000 0.6000
v 16.1148 -4.7772 0.6000
v 16.0000 -4.5000 -0.6000
v 16.1148 -4.7772 -0.6000
v 16.0000 -4.8000 -0.6000
v 16.0000 -4.5000 0.6000
v 16.1148 -4.7772 0.6000
v 16.2121 -4.7121 0.6000
v 16.0000 -4.5000 -0.6000
v 16.2121 -4.7121 -0.6000
v 16.1148 -4.7772 -0.6000
v 16.0000 -4.5000 0.6000
v 16.2121 -4.7121 0.6000
v 16.2772 -4.6148 0.6000
v 16.0000 -4.5000 -0.6000
v 16.2772 -4.6148 -0.6000
v 16.2121 -4.7121 -0.6000
v 16.0000 -4.5000 0.6000
v 16.2772 -4.6148 0.6000
v 16.3000 -4.5000 0.6000
v 16.0000 -4.5000 -0.6000
v 16.3000 -4.5000 -0.6000
v 16.2772 -4.6148 -0.6000
v 26.7000 -4.5000 -0.6000
v 26.7228 -4.6148 -0.6000
v 26.7228 -4.6148 0.6000
v 26.7000 -4.5000 0.6000
v 26.7228 -4.6148 -0.6000
v 26.7879 -4.7121 -0.6000
v 26.7879 -4.7121 0.6000
v 26.7228 -4.6148 0.6000
v 26.7879 -4.7121 -0.6000
v 26.8852 -4.7772 -0.6000
v 26.8852 -4.7772 0.6000
v 26.7879 -4.7121 0.6000
v 26.8852 -4.7772 -0.6000
v 27.0000 -4.8000 -0.6000
v 27.0000 -4.8000 0.6000
v 26.8852 -4.7772 0.6000
v 27.0000 -4.8000 -0.6000
v 27.1148 -4.7772 -0.6000
v 27.1148 -4.7772 0.6000
v 27.0000 -4.8000 0.6000
v 27.1148 -4.7772 -0.6000
v 27.2121 -4.7121 -0.6000
v 27.2121 -4.7121 0.6000
v 27.1148 -4.7772 0.6000
v 27.2121 -4.7121 -0.6000
v 27.2772 -4.6148 -0.6000
v 27.2772 -4.6148 0.6000
v 27.2121 -4.7121 0.6000
v 27.2772 -4.6148 -0.6000
v 27.3000 -4.5000 -0.6000
v 27.3000 -4.5000 0.6000
v 27.2772 -4.6148 0.6000
v 27.0000 -4.5000 0.6000
v 26.7000 -4.5000 0.6000
v 26.7228 -4.6148 0.6000
v 27.0000 -4.5000 -0.6000
v 26.7228 -4.6148 -0.6000
v 26.7000 -4.5000 -0.6000
v 27.0000 -4.5000 0.6000
v 26.7228 -4.6148 0.6000
v 26.7879 -4.7121 0.6000
v 27.0000 -4.5000 -0.6000
v 26.7879 -4.7121 -0.6000
v 26.7228 -4.6148 -0.6000
v 27.0000 -4.5000 0.6000
v 26.7879 -4.7121 0.6000
v 26.8852 -4.7772 0.6000
v 27.0000 -4.5000 -0.6000
v 26.8852 -4.7772 -0.6000
v 26.7879 -4.7121 -0.6000
v 27.0000 -4.5000 0.6000
v 26.8852 -4.7772 0.6000
v 27.0000 -4.8000 0.6000
v 27.0000 -4.5000 -0.6000
v 27.0000 -4.8000 -0.6000
v 26.8852 -4.7772 -0.6000
v 27.0000 -4.5000 0.6000
v 27.0000 -4.8000 0.6000
v 27.1148 -4.7772 0.6000
v 27.0000 -4.5000 -0.6000
v 27.1148 -4.7772 -0.6000
v 27.0000 -4.8000 -0.6000
v 27.0000 -4.5000 0.6000
v 27.1148 -4.7772 0.6000
v 27.2121 -4.7121 0.6000
v 27.0000 -4.5000 -0.6000
v 27.2121 -4.7121 -0.6000
v 27.1148 -4.7772 -0.6000
v 27.0000 -4.5000 0.6000
v 27.2121 -4.7121 0.6000
v 27.2772 -4.6148 0.6000
v 27.0000 -4.5000 -0.6000
v 27.2772 -4.6148 -0.6000
v 27.2121 -4.7121 -0.6000
v 27.0000 -4.5000 0.6000
v 27.2772 -4.6148 0.6000
v 27.3000 -4.5000 0.6000
v 27.0000 -4.5000 -0.6000
v 27.3000 -4.5000 -0.6000
v 27.2772 -4.6148 -0.6000
v 45.0000 0.2000 -0.6000
v 45.1148 0.2228 -0.6000
v 45.1148 0.2228 0.6000
v 45.0000 0.2000 0.6000
v 45.1148 0.2228 -0.6000
v 45.2121 0.2879 -0.6000
v 45.2121 0.2879 0.6000
v 45.1148 0.2228 0.6000
v 45.2121 0.2879 -0.6000
v 45.2772 0.3852 -0.6000
v 45.2772 0.3852 0.6000
v 45.2121 0.2879 0.6000
v 45.2772 0.3852 -0.6000
v 45.3000 0.5000 -0.6000
v 45.3000 0.5000 0.6000
v 45.2772 0.3852 0.6000
v 45.3000 0.5000 -0.6000
v 45.2772 0.6148 -0.6000
v 45.2772 0.6148 0.6000
v 45.3000 0.5000 0.6000
v 45.2772 0.6148 -0.6000
v 45.2121 0.7121 -0.6000
v 45.2121 0.7121 0.6000
v 45.2772 0.6148 0.6000
v 45.2121 0.7121 -0.6000
v 45.1148 0.7772 -0.6000
v 45.1148 0.7772 0.6000
v 45.2121 0.7121 0.6000
v 45.1148 0.7772 -0.6000
v 45.0000 0.8000 -0.6000
v 45.0000 0.8000 0.6000
v 45.1148 0.7772 0.6000
v 45.0000 0.5000 0.6000
v 45.0000 0.2000 0.6000
v 45.1148 0.2228 0.6000
v 45.0000 0.5000 -0.6000
v 45.1148 0.2228 -0.6000
v 45.0000 0.2000 -0.6000
v 45.0000 0.5000 0.6000
v 45.1148 0.2228 0.6000
v 45.2121 0.2879 0.6000
v 45.0000 0.5000 -0.6000
v 45.2121 0.2879 -0.6000
v 45.1148 0.2228 -0.6000
v 45.0000 0.5000 0.6000
v 45.2121 0.2879 0.6000
v 45.2772 0.3852 0.6000
v 45.0000 0.5000 -0.6000
v 45.2772 0.3852 -0.6000
v 45.2121 0.2879 -0.6000
v 45.0000 0.5000 0.6000
v 45.2772 0.3852 0.6000
v 45.3000 0.5000 0.6000
v 45.0000 0.5000 -0.6000
v 45.3000 0.5000 -0.6000
v 45.2772 0.3852 -0.6000
v 45.0000 0.5000 0.6000
v 45.3000 0.5000 0.6000
v 45.2772 0.6148 0.6000
v 45.0000 0.5000 -0.6000
v 45.2772 0.6148 -0.6000
v 45.3000 0.5000 -0.6000
v 45.0000 0.5000 0.6000
v 45.2772 0.6148 0.6000
v 45.2121 0.7121 0.6000
v 45.0000 0.5000 -0.6000
v 45.2121 0.7121 -0.6000
v 45.2772 0.6148 -0.6000
v 45.0000 0.5000 0.6000
v 45.2121 0.7121 0.6000
v 45.1148 0.7772 0.6000
v 45.0000 0.5000 -0.6000
v 45.1148 0.7772 -0.6000
v 45.2121 0.7121 -0.6000
v 45.0000 0.5000 0.6000
v 45.1148 0.7772 0.6000
v 45.0000 0.8000 0.6000
v 45.0000 0.5000 -0.6000
v 45.0000 0.8000 -0.6000
v 45.1148 0.7772 -0.6000
v 45.0000 11.2000 -0.6000
v 45.1148 11.2228 -0.6000
v 45.1148 11.2228 0.6000
v 45.0000 11.2000 0.6000
v 45.1148 11.2228 -0.6000
v 45.2121 11.2879 -0.6000
v 45.2121 11.2879 0.6000
v 45.1148 11.2228 0.6000
v 45.2121 11.2879 -0.6000
v 45.2772 11.3852 -0.6000
v 45.2772 11.3852 0.6000
v 45.2121 11.2879 0.6000
v 45.2772 11.3852 -0.6000
v 45.3000 11.5000 -0.6000
v 45.3000 11.5000 0.6000
v 45.2772 11.3852 0.6000
v 45.3000 11.5000 -0.6000
v 45.2772 11.6148 -0.6000
v 45.2772 11.6148 0.6000
v 45.3000 11.5000 0.6000
v 45.2772 11.6148 -0.6000
v 45.2121 11.7121 -0.6000
v 45.2121 11.7121 0.6000
v 45.2772 11.6148 0.6000
v 45.2121 11.7121 -0.6000
v 45.1148 11.7772 -0.6000
v 45.1148 11.7772 0.6000
v 45.2121 11.7121 0.6000
v 45.1148 11.7772 -0.6000
v 45.0000 11.8000 -0.6000
v 45.0000 11.8000 0.6000
v 45.1148 11.7772 0.6000
v 45.0000 11.5000 0.6000
v 45.0000 11.2000 0.6000
v 45.1148 11.2228 0.6000
v 45.0000 11.5000 -0.6000
v 45.1148 11.2228 -0.6000
v 45.0000 11.2000 -0.6000
v 45.0000 11.5000 0.6000
v 45.1148 11.2228 0.6000
v 45.2121 11.2879 0.6000
v 45.0000 11.5000 -0.6000
v 45.2121 11.2879 -0.6000
v 45.1148 11.2228 -0.6000
v 45.0000 11.5000 0.6000
v 45.2121 11.2879 0.6000
v 45.2772 11.3852 0.6000
v 45.0000 11.5000 -0.6000
v 45.2772 11.3852 -0.6000
v 45.2121 11.2879 -0.6000
v 45.0000 11.5000 0.6000
v 45.2772 11.3852 0.6000
v 45.3000 11.5000 0.6000
v 45.0000 11.5000 -0.6000
v 45.3000 11.5000 -0.6000
v 45.2772 11.3852 -0.6000
v 45.0000 11.5000 0.6000
v 45.3000 11.5000 0.6000
v 45.2772 11.6148 0.6000
v 45.0000 11.5000 -0.6000
v 45.2772 11.6148 -0.6000
v 45.3000 11.5000 -0.6000
v 45.0000 11.5000 0.6000
v 45.2772 11.6148 0.6000
v 45.2121 11.7121 0.6000
v 45.0000 11.5000 -0.6000
v 45.2121 11.7121 -0.6000
v 45.2772 11.6148 -0.6000
v 45.0000 11.5000 0.6000
v 45.2121 11.7121 0.6000
v 45.1148 11.7772 0.6000
v 45.0000 11.5000 -0.6000
v 45.1148 11.7772 -0.6000
v 45.2121 11.7121 -0.6000
v 45.0000 11.5000 0.6000
v 45.1148 11.7772 0.6000
v 45.0000 11.8000 0.6000
v 45.0000 11.5000 -0.6000
v 45.0000 11.8000 -0.6000
v 45.1148 11.7772 -0.6000
v 45.0000 22.2000 -0.6000
v 45.1148 22.2228 -0.6000
v 45.1148 22.2228 0.6000
v 45.0000 22.2000 0.6000
v 45.1148 22.2228 -0.6000
v 45.2121 22.2879 -0.6000
v 45.2121 22.2879 0.6000
v 45.1148 22.2228 0.6000
v 45.2121 22.2879 -0.6000
v 45.2772 22.3852 -0.6000
v 45.2772 22.3852 0.6000
v 45.2121 22.2879 0.6000
v 45.2772 22.3852 -0.6000
v 45.3000 22.5000 -0.6000
v 45.3000 22.5000 0.6000
v 45.2772 22.3852 0.6000
v 45.3000 22.5000 -0.6000
v 45.2772 22.6148 -0.6000
v 45.2772 22.6148 0.6000
v 45.3000 22.5000 0.6000
v 45.2772 22.6148 -0.6000
v 45.2121 22.7121 -0.6000
v 45.2121 22.7121 0.6000
v 45.2772 22.6148 0.6000
v 45.2121 22.7121 -0.6000
v 45.1148 22.7772 -0.6000
v 45.1148 22.7772 0.6000
v 45.2121 22.7121 0.6000
v 45.1148 22.7772 -0.6000
v 45.0000 22.8000 -0.6000
v 45.0000 22.8000 0.6000
v 45.1148 22.7772 0.6000
v 45.0000 22.5000 0.6000
v 45.0000 22.2000 0.6000
v 45.1148 22.2228 0.6000
v 45.0000 22.5000 -0.6000
v 45.1148 22.2228 -0.6000
v 45.0000 22.2000 -0.6000
v 45.0000 22.5000 0.6000
v 45.1148 22.2228 0.6000
v 45.2121 22.2879 0.6000
v 45.0000 22.5000 -0.6000
v 45.2121 22.2879 -0.6000
v 45.1148 22.2228 -0.6000
v 45.0000 22.5000 0.6000
v 45.2121 22.2879 0.6000
v 45.2772 22.3852 0.6000
v 45.0000 22.5000 -0.6000
v 45.2772 22.3852 -0.6000
v 45.2121 22.2879 -0.6000
v 45.0000 22.5000 0.6000
v 45.2772 22.3852 0.6000
v 45.3000 22.5000 0.6000
v 45.0000 22.5000 -0.6000
v 45.3000 22.5000 -0.6000
v 45.2772 22.3852 -0.6000
v 45.0000 22.5000 0.6000
v 45.3000 22.5000 0.6000
v 45.2772 22.6148 0.6000
v 45.0000 22.5000 -0.6000
v 45.2772 22.6148 -0.6000
v 45.3000 22.5000 -0.6000
v 45.0000 22.5000 0.6000
v 45.2772 22.6148 0.6000
v 45.2121 22.7121 0.6000
v 45.0000 22.5000 -0.6000
v 45.2121 22.7121 -0.6000
v 45.2772 22.6148 -0.6000
v 45.0000 22.5000 0.6000
v 45.2121 22.7121 0.6000
v 45.1148 22.7772 0.6000
v 45.0000 22.5000 -0.6000
v 45.1148 22.7772 -0.6000
v 45.2121 22.7121 -0.6000
v 45.0000 22.5000 0.6000
v 45.1148 22.7772 0.6000
v 45.0000 22.8000 0.6000
v 45.0000 22.5000 -0.6000
v 45.0000 22.8000 -0.6000
v 45.1148 22.7772 -0.6000
v 45.0000 33.2000 -0.6000
v 45.1148 33.2228 -0.6000
v 45.1148 33.2228 0.6000
v 45.0000 33.2000 0.6000
v 45.1148 33.2228 -0.6000
v 45.2121 33.2879 -0.6000
v 45.2121 33.2879 0.6000
v 45.1148 33.2228 0.6000
v 45.2121 33.2879 -0.6000
v 45.2772 33.3852 -0.6000
v 45.2772 33.3852 0.6000
v 45.2121 33.2879 0.6000
v 45.2772 33.3852 -0.6000
v 45.3000 33.5000 -0.6000
v 45.3000 33.5000 0.6000
v 45.2772 33.3852 0.6000
v 45.3000 33.5000 -0.6000
v 45.2772 33.6148 -0.6000
v 45.2772 33.6148 0.6000
v 45.3000 33.5000 0.6000
v 45.2772 33.6148 -0.6000
v 45.2121 33.7121 -0.6000
v 45.2121 33.7121 0.6000
v 45.2772 33.6148 0.6000
v 45.2121 33.7121 -0.6000
v 45.1148 33.7772 -0.6000
v 45.1148 33.7772 0.6000
v 45.2121 33.7121 0.6000
v 45.1148 33.7772 -0.6000
v 45.0000 33.8000 -0.6000
v 45.0000 33.8000 0.6000
v 45.1148 33.7772 0.6000
v 45.0000 33.5000 0.6000
v 45.0000 33.2000 0.6000
v 45.1148 33.2228 0.6000
v 45.0000 33.5000 -0.6000
v 45.1148 33.2228 -0.6000
v 45.0000 33.2000 -0.6000
v 45.0000 33.5000 0.6000
v 45.1148 33.2228 0.6000
v 45.2121 33.2879 0.6000
v 45.0000 33.5000 -0.6000
v 45.2121 33.2879 -0.6000
v 45.1148 33.2228 -0.6000
v 45.0000 33.5000 0.6000
v 45.2121 33.2879 0.6000
v 45.2772 33.3852 0.6000
v 45.0000 33.5000 -0.6000
v 45.2772 33.3852 -0.6000
v 45.2121 33.2879 -0.6000
v 45.0000 33.5000 0.6000
v 45.2772 33.3852 0.6000
v 45.3000 33.5000 0.6000
v 45.0000 33.5000 -0.6000
v 45.3000 33.5000 -0.6000
v 45.2772 33.3852 -0.6000
v 45.0000 33.5000 0.6000
v 45.3000 33.5000 0.6000
v 45.2772 33.6148 0.6000
v 45.0000 33.5000 -0.6000
v 45.2772 33.6148 -0.6000
v 45.3000 33.5000 -0.6000
v 45.0000 33.5000 0.6000
v 45.2772 33.6148 0.6000
v 45.2121 33.7121 0.6000
v 45.0000 33.5000 -0.6000
v 45.2121 33.7121 -0.6000
v 45.2772 33.6148 -0.6000
v 45.0000 33.5000 0.6000
v 45.2121 33.7121 0.6000
v 45.1148 33.7772 0.6000
v 45.0000 33.5000 -0.6000
v 45.1148 33.7772 -0.6000
v 45.2121 33.7121 -0.6000
v 45.0000 33.5000 0.6000
v 45.1148 33.7772 0.6000
v 45.0000 33.8000 0.6000
v 45.0000 33.5000 -0.6000
v 45.0000 33.8000 -0.6000
v 45.1148 33.7772 -0.6000
v 45.0000 44.2000 -0.6000
v 45.1148 44.2228 -0.6000
v 45.1148 44.2228 0.6000
v 45.0000 44.2000 0.6000
v 45.1148 44.2228 -0.6000
v 45.2121 44.2879 -0.6000
v 45.2121 44.2879 0.6000
v 45.1148 44.2228 0.6000
v 45.2121 44.2879 -0.6000
v 45.2772 44.3852 -0.6000
v 45.2772 44.3852 0.6000
v 45.2121 44.2879 0.6000
v 45.2772 44.3852 -0.6000
v 45.3000 44.5000 -0.6000
v 45.3000 44.5000 0.6000
v 45.2772 44.3852 0.6000
v 45.3000 44.5000 -0.6000
v 45.2772 44.6148 -0.6000
v 45.2772 44.6148 0.6000
v 45.3000 44.5000 0.6000
v 45.2772 44.6148 -0.6000
v 45.2121 44.7121 -0.6000
v 45.2121 44.7121 0.6000
v 45.2772 44.6148 0.6000
v 45.2121 44.7121 -0.6000
v 45.1148 44.7772 -0.6000
v 45.1148 44.7772 0.6000
v 45.2121 44.7121 0.6000
v 45.1148 44.7772 -0.6000
v 45.0000 44.8000 -0.6000
v 45.0000 44.8000 0.6000
v 45.1148 44.7772 0.6000
v 45.0000 44.5000 0.6000
v 45.0000 44.2000 0.6000
v 45.1148 44.2228 0.6000
v 45.0000 44.5000 -0.6000
v 45.1148 44.2228 -0.6000
v 45.0000 44.2000 -0.6000
v 45.0000 44.5000 0.6000
v 45.1148 44.2228 0.6000
v 45.2121 44.2879 0.6000
v 45.0000 44.5000 -0.6000
v 45.2121 44.2879 -0.6000
v 45.1148 44.2228 -0.6000
v 45.0000 44.5000 0.6000
v 45.2121 44.2879 0.6000
v 45.2772 44.3852 0.6000
v 45.0000 44.5000 -0.6000
v 45.2772 44.3852 -0.6000
v 45.2121 44.2879 -0.6000
v 45.0000 44.5000 0.6000
v 45.2772 44.3852 0.6000
v 45.3000 44.5000 0.6000
v 45.0000 44.5000 -0.6000
v 45.3000 44.5000 -0.6000
v 45.2772 44.3852 -0.6000
v 45.0000 44.5000 0.6000
v 45.3000 44.5000 0.6000
v 45.2772 44.6148 0.6000
v 45.0000 44.5000 -0.6000
v 45.2772 44.6148 -0.6000
v 45.3000 44.5000 -0.6000
v 45.0000 44.5000 0.6000
v 45.2772 44.6148 0.6000
v 45.2121 44.7121 0.6000
v 45.0000 44.5000 -0.6000
v 45.2121 44.7121 -0.6000
v 45.2772 44.6148 -0.6000
v 45.0000 44.5000 0.6000
v 45.2121 44.7121 0.6000
v 45.1148 44.7772 0.6000
v 45.0000 44.5000 -0.6000
v 45.1148 44.7772 -0.6000
v 45.2121 44.7121 -0.6000
v 45.0000 44.5000 0.6000
v 45.1148 44.7772 0.6000
v 45.0000 44.8000 0.6000
v 45.0000 44.5000 -0.6000
v 45.0000 44.8000 -0.6000
v 45.1148 44.7772 -0.6000
v 5.3500 -3.8500 1.8000
v 5.3031 -3.6750 1.8000
v 5.3031 -3.6750 1.8800
v 5.3500 -3.8500 1.8800
v 5.3031 -3.6750 1.8000
v 5.1750 -3.5469 1.8000
v 5.1750 -3.5469 1.8800
v 5.3031 -3.6750 1.8800
v 5.1750 -3.5469 1.8000
v 5.0000 -3.5000 1.8000
v 5.0000 -3.5000 1.8800
v 5.1750 -3.5469 1.8800
v 5.0000 -3.5000 1.8000
v 4.8250 -3.5469 1.8000
v 4.8250 -3.5469 1.8800
v 5.0000 -3.5000 1.8800
v 4.8250 -3.5469 1.8000
v 4.6969 -3.6750 1.8000
v 4.6969 -3.6750 1.8800
v 4.8250 -3.5469 1.8800
v 4.6969 -3.6750 1.8000
v 4.6500 -3.8500 1.8000
v 4.6500 -3.8500 1.8800
v 4.6969 -3.6750 1.8800
v 4.6500 -3.8500 1.8000
v 4.6969 -4.0250 1.8000
v 4.6969 -4.0250 1.8800
v 4.6500 -3.8500 1.8800
v 4.6969 -4.0250 1.8000
v 4.8250 -4.1531 1.8000
v 4.8250 -4.1531 1.8800
v 4.6969 -4.0250 1.8800
v 4.8250 -4.1531 1.8000
v 5.0000 -4.2000 1.8000
v 5.0000 -4.2000 1.8800
v 4.8250 -4.1531 1.8800
v 5.0000 -4.2000 1.8000
v 5.1750 -4.1531 1.8000
v 5.1750 -4.1531 1.8800
v 5.0000 -4.2000 1.8800
v 5.1750 -4.1531 1.8000
v 5.3031 -4.0250 1.8000
v 5.3031 -4.0250 1.8800
v 5.1750 -4.1531 1.8800
v 5.3031 -4.0250 1.8000
v 5.3031 -4.0250 1.8800
v 5.3500 -3.8500 1.8800
v 5.3500 -3.8500 1.8000
v 5.0000 -3.8500 1.8800
v 5.3500 -3.8500 1.8800
v 5.3031 -3.6750 1.8800
v 5.0000 -3.8500 1.8000
v 5.3031 -3.6750 1.8000
v 5.3500 -3.8500 1.8000
v 5.0000 -3.8500 1.8800
v 5.3031 -3.6750 1.8800
v 5.1750 -3.5469 1.8800
v 5.0000 -3.8500 1.8000
v 5.1750 -3.5469 1.8000
v 5.3031 -3.6750 1.8000
v 5.0000 -3.8500 1.8800
v 5.1750 -3.5469 1.8800
v 5.0000 -3.5000 1.8800
v 5.0000 -3.8500 1.8000
v 5.0000 -3.5000 1.8000
v 5.1750 -3.5469 1.8000
v 5.0000 -3.8500 1.8800
v 5.0000 -3.5000 1.8800
v 4.8250 -3.5469 1.8800
v 5.0000 -3.8500 1.8000
v 4.8250 -3.5469 1.8000
v 5.0000 -3.5000 1.8000
v 5.0000 -3.8500 1.8800
v 4.8250 -3.5469 1.8800
v 4.6969 -3.6750 1.8800
v 5.0000 -3.8500 1.8000
v 4.6969 -3.6750 1.8000
v 4.8250 -3.5469 1.8000
v 5.0000 -3.8500 1.8800
v 4.6969 -3.6750 1.8800
v 4.6500 -3.8500 1.8800
v 5.0000 -3.8500 1.8000
v 4.6500 -3.8500 1.8000
v 4.6969 -3.6750 1.8000
v 5.0000 -3.8500 1.8800
v 4.6500 -3.8500 1.8800
v 4.6969 -4.0250 1.8800
v 5.0000 -3.8500 1.8000
v 4.6969 -4.0250 1.8000
v 4.6500 -3.8500 1.8000
v 5.0000 -3.8500 1.8800
v 4.6969 -4.0250 1.8800
v 4.8250 -4.1531 1.8800
v 5.0000 -3.8500 1.8000
v 4.8250 -4.1531 1.8000
v 4.6969 -4.0250 1.8000
v 5.0000 -3.8500 1.8800
v 4.8250 -4.1531 1.8800
v 5.0000 -4.2000 1.8800
v 5.0000 -3.8500 1.8000
v 5.0000 -4.2000 1.8000
v 4.8250 -4.1531 1.8000
v 5.0000 -3.8500 1.8800
v 5.0000 -4.2000 1.8800
v 5.1750 -4.1531 1.8800
v 5.0000 -3.8500 1.8000
v 5.1750 -4.1531 1.8000
v 5.0000 -4.2000 1.8000
v 5.0000 -3.8500 1.8800
v 5.1750 -4.1531 1.8800
v 5.3031 -4.0250 1.8800
v 5.0000 -3.8500 1.8000
v 5.3031 -4.0250 1.8000
v 5.1750 -4.1531 1.8000
v 5.0000 -3.8500 1.8800
v 5.3031 -4.0250 1.8800
v 5.3500 -3.8500 1.8800
v 5.0000 -3.8500 1.8000
v 5.3500 -3.8500 1.8000
v 5.3031 -4.0250 1.8000
v 5.2200 -3.8500 1.8800
v 5.1905 -3.7400 1.8800
v 5.1905 -3.7400 2.3500
v 5.2200 -3.8500 2.3500
v 5.1905 -3.7400 1.8800
v 5.1100 -3.6595 1.8800
v 5.1100 -3.6595 2.3500
v 5.1905 -3.7400 2.3500
v 5.1100 -3.6595 1.8800
v 5.0000 -3.6300 1.8800
v 5.0000 -3.6300 2.3500
v 5.1100 -3.6595 2.3500
v 5.0000 -3.6300 1.8800
v 4.8900 -3.6595 1.8800
v 4.8900 -3.6595 2.3500
v 5.0000 -3.6300 2.3500
v 4.8900 -3.6595 1.8800
v 4.8095 -3.7400 1.8800
v 4.8095 -3.7400 2.3500
v 4.8900 -3.6595 2.3500
v 4.8095 -3.7400 1.8800
v 4.7800 -3.8500 1.8800
v 4.7800 -3.8500 2.3500
v 4.8095 -3.7400 2.3500
v 4.7800 -3.8500 1.8800
v 4.8095 -3.9600 1.8800
v 4.8095 -3.9600 2.3500
v 4.7800 -3.8500 2.3500
v 4.8095 -3.9600 1.8800
v 4.8900 -4.0405 1.8800
v 4.8900 -4.0405 2.3500
v 4.8095 -3.9600 2.3500
v 4.8900 -4.0405 1.8800
v 5.0000 -4.0700 1.8800
v 5.0000 -4.0700 2.3500
v 4.8900 -4.0405 2.3500
v 5.0000 -4.0700 1.8800
v 5.1100 -4.0405 1.8800
v 5.1100 -4.0405 2.3500
v 5.0000 -4.0700 2.3500
v 5.1100 -4.0405 1.8800
v 5.1905 -3.9600 1.8800
v 5.1905 -3.9600 2.3500
v 5.1100 -4.0405 2.3500
v 5.1905 -3.9600 1.8800
v 5.1905 -3.9600 2.3500
v 5.2200 -3.8500 2.3500
v 5.2200 -3.8500 1.8800
v 5.2900 -3.8500 2.3500
v 5.2511 -3.7050 2.3500
v 5.2511 -3.7050 2.4800
v 5.2900 -3.8500 2.4800
v 5.2511 -3.7050 2.3500
v 5.1450 -3.5989 2.3500
v 5.1450 -3.5989 2.4800
v 5.2511 -3.7050 2.4800
v 5.1450 -3.5989 2.3500
v 5.0000 -3.5600 2.3500
v 5.0000 -3.5600 2.4800
v 5.1450 -3.5989 2.4800
v 5.0000 -3.5600 2.3500
v 4.8550 -3.5989 2.3500
v 4.8550 -3.5989 2.4800
v 5.0000 -3.5600 2.4800
v 4.8550 -3.5989 2.3500
v 4.7489 -3.7050 2.3500
v 4.7489 -3.7050 2.4800
v 4.8550 -3.5989 2.4800
v 4.7489 -3.7050 2.3500
v 4.7100 -3.8500 2.3500
v 4.7100 -3.8500 2.4800
v 4.7489 -3.7050 2.4800
v 4.7100 -3.8500 2.3500
v 4.7489 -3.9950 2.3500
v 4.7489 -3.9950 2.4800
v 4.7100 -3.8500 2.4800
v 4.7489 -3.9950 2.3500
v 4.8550 -4.1011 2.3500
v 4.8550 -4.1011 2.4800
v 4.7489 -3.9950 2.4800
v 4.8550 -4.1011 2.3500
v 5.0000 -4.1400 2.3500
v 5.0000 -4.1400 2.4800
v 4.8550 -4.1011 2.4800
v 5.0000 -4.1400 2.3500
v 5.1450 -4.1011 2.3500
v 5.1450 -4.1011 2.4800
v 5.0000 -4.1400 2.4800
v 5.1450 -4.1011 2.3500
v 5.2511 -3.9950 2.3500
v 5.2511 -3.9950 2.4800
v 5.1450 -4.1011 2.4800
v 5.2511 -3.9950 2.3500
v 5.2511 -3.9950 2.4800
v 5.2900 -3.8500 2.4800
v 5.2900 -3.8500 2.3500
v 5.0000 -3.8500 2.4800
v 5.2900 -3.8500 2.4800
v 5.2511 -3.7050 2.4800
v 5.0000 -3.8500 2.3500
v 5.2511 -3.7050 2.3500
v 5.2900 -3.8500 2.3500
v 5.0000 -3.8500 2.4800
v 5.2511 -3.7050 2.4800
v 5.1450 -3.5989 2.4800
v 5.0000 -3.8500 2.3500
v 5.1450 -3.5989 2.3500
v 5.2511 -3.7050 2.3500
v 5.0000 -3.8500 2.4800
v 5.1450 -3.5989 2.4800
v 5.0000 -3.5600 2.4800
v 5.0000 -3.8500 2.3500
v 5.0000 -3.5600 2.3500
v 5.1450 -3.5989 2.3500
v 5.0000 -3.8500 2.4800
v 5.0000 -3.5600 2.4800
v 4.8550 -3.5989 2.4800
v 5.0000 -3.8500 2.3500
v 4.8550 -3.5989 2.3500
v 5.0000 -3.5600 2.3500
v 5.0000 -3.8500 2.4800
v 4.8550 -3.5989 2.4800
v 4.7489 -3.7050 2.4800
v 5.0000 -3.8500 2.3500
v 4.7489 -3.7050 2.3500
v 4.8550 -3.5989 2.3500
v 5.0000 -3.8500 2.4800
v 4.7489 -3.7050 2.4800
v 4.7100 -3.8500 2.4800
v 5.0000 -3.8500 2.3500
v 4.7100 -3.8500 2.3500
v 4.7489 -3.7050 2.3500
v 5.0000 -3.8500 2.4800
v 4.7100 -3.8500 2.4800
v 4.7489 -3.9950 2.4800
v 5.0000 -3.8500 2.3500
v 4.7489 -3.9950 2.3500
v 4.7100 -3.8500 2.3500
v 5.0000 -3.8500 2.4800
v 4.7489 -3.9950 2.4800
v 4.8550 -4.1011 2.4800
v 5.0000 -3.8500 2.3500
v 4.8550 -4.1011 2.3500
v 4.7489 -3.9950 2.3500
v 5.0000 -3.8500 2.4800
v 4.8550 -4.1011 2.4800
v 5.0000 -4.1400 2.4800
v 5.0000 -3.8500 2.3500
v 5.0000 -4.1400 2.3500
v 4.8550 -4.1011 2.3500
v 5.0000 -3.8500 2.4800
v 5.0000 -4.1400 2.4800
v 5.1450 -4.1011 2.4800
v 5.0000 -3.8500 2.3500
v 5.1450 -4.1011 2.3500
v 5.0000 -4.1400 2.3500
v 5.0000 -3.8500 2.4800
v 5.1450 -4.1011 2.4800
v 5.2511 -3.9950 2.4800
v 5.0000 -3.8500 2.3500
v 5.2511 -3.9950 2.3500
v 5.1450 -4.1011 2.3500
v 5.0000 -3.8500 2.4800
v 5.2511 -3.9950 2.4800
v 5.2900 -3.8500 2.4800
v 5.0000 -3.8500 2.3500
v 5.2900 -3.8500 2.3500
v 5.2511 -3.9950 2.3500
v 4.6200 -3.9300 2.2400
v 5.3800 -3.9300 2.2400
v 5.3800 -3.7700 2.2400
v 4.6200 -3.7700 2.2400
v 4.6200 -3.7700 2.1600
v 5.3800 -3.7700 2.1600
v 5.3800 -3.9300 2.1600
v 4.6200 -3.9300 2.1600
v 4.6200 -3.7700 2.1600
v 4.6200 -3.7700 2.2400
v 5.3800 -3.7700 2.2400
v 5.3800 -3.7700 2.1600
v 5.3800 -3.9300 2.1600
v 5.3800 -3.9300 2.2400
v 4.6200 -3.9300 2.2400
v 4.6200 -3.9300 2.1600
v 4.6200 -3.9300 2.1600
v 4.6200 -3.9300 2.2400
v 4.6200 -3.7700 2.2400
v 4.6200 -3.7700 2.1600
v 5.3800 -3.7700 2.1600
v 5.3800 -3.7700 2.2400
v 5.3800 -3.9300 2.2400
v 5.3800 -3.9300 2.1600
v 16.3500 -3.8500 1.8000
v 16.3031 -3.6750 1.8000
v 16.3031 -3.6750 1.8800
v 16.3500 -3.8500 1.8800
v 16.3031 -3.6750 1.8000
v 16.1750 -3.5469 1.8000
v 16.1750 -3.5469 1.8800
v 16.3031 -3.6750 1.8800
v 16.1750 -3.5469 1.8000
v 16.0000 -3.5000 1.8000
v 16.0000 -3.5000 1.8800
v 16.1750 -3.5469 1.8800
v 16.0000 -3.5000 1.8000
v 15.8250 -3.5469 1.8000
v 15.8250 -3.5469 1.8800
v 16.0000 -3.5000 1.8800
v 15.8250 -3.5469 1.8000
v 15.6969 -3.6750 1.8000
v 15.6969 -3.6750 1.8800
v 15.8250 -3.5469 1.8800
v 15.6969 -3.6750 1.8000
v 15.6500 -3.8500 1.8000
v 15.6500 -3.8500 1.8800
v 15.6969 -3.6750 1.8800
v 15.6500 -3.8500 1.8000
v 15.6969 -4.0250 1.8000
v 15.6969 -4.0250 1.8800
v 15.6500 -3.8500 1.8800
v 15.6969 -4.0250 1.8000
v 15.8250 -4.1531 1.8000
v 15.8250 -4.1531 1.8800
v 15.6969 -4.0250 1.8800
v 15.8250 -4.1531 1.8000
v 16.0000 -4.2000 1.8000
v 16.0000 -4.2000 1.8800
v 15.8250 -4.1531 1.8800
v 16.0000 -4.2000 1.8000
v 16.1750 -4.1531 1.8000
v 16.1750 -4.1531 1.8800
v 16.0000 -4.2000 1.8800
v 16.1750 -4.1531 1.8000
v 16.3031 -4.0250 1.8000
v 16.3031 -4.0250 1.8800
v 16.1750 -4.1531 1.8800
v 16.3031 -4.0250 1.8000
v 16.3031 -4.0250 1.8800
v 16.3500 -3.8500 1.8800
v 16.3500 -3.8500 1.8000
v 16.0000 -3.8500 1.8800
v 16.3500 -3.8500 1.8800
v 16.3031 -3.6750 1.8800
v 16.0000 -3.8500 1.8000
v 16.3031 -3.6750 1.8000
v 16.3500 -3.8500 1.8000
v 16.0000 -3.8500 1.8800
v 16.3031 -3.6750 1.8800
v 16.1750 -3.5469 1.8800
v 16.0000 -3.8500 1.8000
v 16.1750 -3.5469 1.8000
v 16.3031 -3.6750 1.8000
v 16.0000 -3.8500 1.8800
v 16.1750 -3.5469 1.8800
v 16.0000 -3.5000 1.8800
v 16.0000 -3.8500 1.8000
v 16.0000 -3.5000 1.8000
v 16.1750 -3.5469 1.8000
v 16.0000 -3.8500 1.8800
v 16.0000 -3.5000 1.8800
v 15.8250 -3.5469 1.8800
v 16.0000 -3.8500 1.8000
v 15.8250 -3.5469 1.8000
v 16.0000 -3.5000 1.8000
v 16.0000 -3.8500 1.8800
v 15.8250 -3.5469 1.8800
v 15.6969 -3.6750 1.8800
v 16.0000 -3.8500 1.8000
v 15.6969 -3.6750 1.8000
v 15.8250 -3.5469 1.8000
v 16.0000 -3.8500 1.8800
v 15.6969 -3.6750 1.8800
v 15.6500 -3.8500 1.8800
v 16.0000 -3.8500 1.8000
v 15.6500 -3.8500 1.8000
v 15.6969 -3.6750 1.8000
v 16.0000 -3.8500 1.8800
v 15.6500 -3.8500 1.8800
v 15.6969 -4.0250 1.8800
v 16.0000 -3.8500 1.8000
v 15.6969 -4.0250 1.8000
v 15.6500 -3.8500 1.8000
v 16.0000 -3.8500 1.8800
v 15.6969 -4.0250 1.8800
v 15.8250 -4.1531 1.8800
v 16.0000 -3.8500 1.8000
v 15.8250 -4.1531 1.8000
v 15.6969 -4.0250 1.8000
v 16.0000 -3.8500 1.8800
v 15.8250 -4.1531 1.8800
v 16.0000 -4.2000 1.8800
v 16.0000 -3.8500 1.8000
v 16.0000 -4.2000 1.8000
v 15.8250 -4.1531 1.8000
v 16.0000 -3.8500 1.8800
v 16.0000 -4.2000 1.8800
v 16.1750 -4.1531 1.8800
v 16.0000 -3.8500 1.8000
v 16.1750 -4.1531 1.8000
v 16.0000 -4.2000 1.8000
v 16.0000 -3.8500 1.8800
v 16.1750 -4.1531 1.8800
v 16.3031 -4.0250 1.8800
v 16.0000 -3.8500 1.8000
v 16.3031 -4.0250 1.8000
v 16.1750 -4.1531 1.8000
v 16.0000 -3.8500 1.8800
v 16.3031 -4.0250 1.8800
v 16.3500 -3.8500 1.8800
v 16.0000 -3.8500 1.8000
v 16.3500 -3.8500 1.8000
v 16.3031 -4.0250 1.8000
v 16.2200 -3.8500 1.8800
v 16.1905 -3.7400 1.8800
v 16.1905 -3.7400 2.3500
v 16.2200 -3.8500 2.3500
v 16.1905 -3.7400 1.8800
v 16.1100 -3.6595 1.8800
v 16.1100 -3.6595 2.3500
v 16.1905 -3.7400 2.3500
v 16.1100 -3.6595 1.8800
v 16.0000 -3.6300 1.8800
v 16.0000 -3.6300 2.3500
v 16.1100 -3.6595 2.3500
v 16.0000 -3.6300 1.8800
v 15.8900 -3.6595 1.8800
v 15.8900 -3.6595 2.3500
v 16.0000 -3.6300 2.3500
v 15.8900 -3.6595 1.8800
v 15.8095 -3.7400 1.8800
v 15.8095 -3.7400 2.3500
v 15.8900 -3.6595 2.3500
v 15.8095 -3.7400 1.8800
v 15.7800 -3.8500 1.8800
v 15.7800 -3.8500 2.3500
v 15.8095 -3.7400 2.3500
v 15.7800 -3.8500 1.8800
v 15.8095 -3.9600 1.8800
v 15.8095 -3.9600 2.3500
v 15.7800 -3.8500 2.3500
v 15.8095 -3.9600 1.8800
v 15.8900 -4.0405 1.8800
v 15.8900 -4.0405 2.3500
v 15.8095 -3.9600 2.3500
v 15.8900 -4.0405 1.8800
v 16.0000 -4.0700 1.8800
v 16.0000 -4.0700 2.3500
v 15.8900 -4.0405 2.3500
v 16.0000 -4.0700 1.8800
v 16.1100 -4.0405 1.8800
v 16.1100 -4.0405 2.3500
v 16.0000 -4.0700 2.3500
v 16.1100 -4.0405 1.8800
v 16.1905 -3.9600 1.8800
v 16.1905 -3.9600 2.3500
v 16.1100 -4.0405 2.3500
v 16.1905 -3.9600 1.8800
v 16.1905 -3.9600 2.3500
v 16.2200 -3.8500 2.3500
v 16.2200 -3.8500 1.8800
v 16.2900 -3.8500 2.3500
v 16.2511 -3.7050 2.3500
v 16.2511 -3.7050 2.4800
v 16.2900 -3.8500 2.4800
v 16.2511 -3.7050 2.3500
v 16.1450 -3.5989 2.3500
v 16.1450 -3.5989 2.4800
v 16.2511 -3.7050 2.4800
v 16.1450 -3.5989 2.3500
v 16.0000 -3.5600 2.3500
v 16.0000 -3.5600 2.4800
v 16.1450 -3.5989 2.4800
v 16.0000 -3.5600 2.3500
v 15.8550 -3.5989 2.3500
v 15.8550 -3.5989 2.4800
v 16.0000 -3.5600 2.4800
v 15.8550 -3.5989 2.3500
v 15.7489 -3.7050 2.3500
v 15.7489 -3.7050 2.4800
v 15.8550 -3.5989 2.4800
v 15.7489 -3.7050 2.3500
v 15.7100 -3.8500 2.3500
v 15.7100 -3.8500 2.4800
v 15.7489 -3.7050 2.4800
v 15.7100 -3.8500 2.3500
v 15.7489 -3.9950 2.3500
v 15.7489 -3.9950 2.4800
v 15.7100 -3.8500 2.4800
v 15.7489 -3.9950 2.3500
v 15.8550 -4.1011 2.3500
v 15.8550 -4.1011 2.4800
v 15.7489 -3.9950 2.4800
v 15.8550 -4.1011 2.3500
v 16.0000 -4.1400 2.3500
v 16.0000 -4.1400 2.4800
v 15.8550 -4.1011 2.4800
v 16.0000 -4.1400 2.3500
v 16.1450 -4.1011 2.3500
v 16.1450 -4.1011 2.4800
v 16.0000 -4.1400 2.4800
v 16.1450 -4.1011 2.3500
v 16.2511 -3.9950 2.3500
v 16.2511 -3.9950 2.4800
v 16.1450 -4.1011 2.4800
v 16.2511 -3.9950 2.3500
v 16.2511 -3.9950 2.4800
v 16.2900 -3.8500 2.4800
v 16.2900 -3.8500 2.3500
v 16.0000 -3.8500 2.4800
v 16.2900 -3.8500 2.4800
v 16.2511 -3.7050 2.4800
v 16.0000 -3.8500 2.3500
v 16.2511 -3.7050 2.3500
v 16.2900 -3.8500 2.3500
v 16.0000 -3.8500 2.4800
v 16.2511 -3.7050 2.4800
v 16.1450 -3.5989 2.4800
v 16.0000 -3.8500 2.3500
v 16.1450 -3.5989 2.3500
v 16.2511 -3.7050 2.3500
v 16.0000 -3.8500 2.4800
v 16.1450 -3.5989 2.4800
v 16.0000 -3.5600 2.4800
v 16.0000 -3.8500 2.3500
v 16.0000 -3.5600 2.3500
v 16.1450 -3.5989 2.3500
v 16.0000 -3.8500 2.4800
v 16.0000 -3.5600 2.4800
v 15.8550 -3.5989 2.4800
v 16.0000 -3.8500 2.3500
v 15.8550 -3.5989 2.3500
v 16.0000 -3.5600 2.3500
v 16.0000 -3.8500 2.4800
v 15.8550 -3.5989 2.4800
v 15.7489 -3.7050 2.4800
v 16.0000 -3.8500 2.3500
v 15.7489 -3.7050 2.3500
v 15.8550 -3.5989 2.3500
v 16.0000 -3.8500 2.4800
v 15.7489 -3.7050 2.4800
v 15.7100 -3.8500 2.4800
v 16.0000 -3.8500 2.3500
v 15.7100 -3.8500 2.3500
v 15.7489 -3.7050 2.3500
v 16.0000 -3.8500 2.4800
v 15.7100 -3.8500 2.4800
v 15.7489 -3.9950 2.4800
v 16.0000 -3.8500 2.3500
v 15.7489 -3.9950 2.3500
v 15.7100 -3.8500 2.3500
v 16.0000 -3.8500 2.4800
v 15.7489 -3.9950 2.4800
v 15.8550 -4.1011 2.4800
v 16.0000 -3.8500 2.3500
v 15.8550 -4.1011 2.3500
v 15.7489 -3.9950 2.3500
v 16.0000 -3.8500 2.4800
v 15.8550 -4.1011 2.4800
v 16.0000 -4.1400 2.4800
v 16.0000 -3.8500 2.3500
v 16.0000 -4.1400 2.3500
v 15.8550 -4.1011 2.3500
v 16.0000 -3.8500 2.4800
v 16.0000 -4.1400 2.4800
v 16.1450 -4.1011 2.4800
v 16.0000 -3.8500 2.3500
v 16.1450 -4.1011 2.3500
v 16.0000 -4.1400 2.3500
v 16.0000 -3.8500 2.4800
v 16.1450 -4.1011 2.4800
v 16.2511 -3.9950 2.4800
v 16.0000 -3.8500 2.3500
v 16.2511 -3.9950 2.3500
v 16.1450 -4.1011 2.3500
v 16.0000 -3.8500 2.4800
v 16.2511 -3.9950 2.4800
v 16.2900 -3.8500 2.4800
v 16.0000 -3.8500 2.3500
v 16.2900 -3.8500 2.3500
v 16.2511 -3.9950 2.3500
v 15.6200 -3.9300 2.2400
v 16.3800 -3.9300 2.2400
v 16.3800 -3.7700 2.2400
v 15.6200 -3.7700 2.2400
v 15.6200 -3.7700 2.1600
v 16.3800 -3.7700 2.1600
v 16.3800 -3.9300 2.1600
v 15.6200 -3.9300 2.1600
v 15.6200 -3.7700 2.1600
v 15.6200 -3.7700 2.2400
v 16.3800 -3.7700 2.2400
v 16.3800 -3.7700 2.1600
v 16.3800 -3.9300 2.1600
v 16.3800 -3.9300 2.2400
v 15.6200 -3.9300 2.2400
v 15.6200 -3.9300 2.1600
v 15.6200 -3.9300 2.1600
v 15.6200 -3.9300 2.2400
v 15.6200 -3.7700 2.2400
v 15.6200 -3.7700 2.1600
v 16.3800 -3.7700 2.1600
v 16.3800 -3.7700 2.2400
v 16.3800 -3.9300 2.2400
v 16.3800 -3.9300 2.1600
v 27.3500 -3.8500 1.8000
v 27.3031 -3.6750 1.8000
v 27.3031 -3.6750 1.8800
v 27.3500 -3.8500 1.8800
v 27.3031 -3.6750 1.8000
v 27.1750 -3.5469 1.8000
v 27.1750 -3.5469 1.8800
v 27.3031 -3.6750 1.8800
v 27.1750 -3.5469 1.8000
v 27.0000 -3.5000 1.8000
v 27.0000 -3.5000 1.8800
v 27.1750 -3.5469 1.8800
v 27.0000 -3.5000 1.8000
v 26.8250 -3.5469 1.8000
v 26.8250 -3.5469 1.8800
v 27.0000 -3.5000 1.8800
v 26.8250 -3.5469 1.8000
v 26.6969 -3.6750 1.8000
v 26.6969 -3.6750 1.8800
v 26.8250 -3.5469 1.8800
v 26.6969 -3.6750 1.8000
v 26.6500 -3.8500 1.8000
v 26.6500 -3.8500 1.8800
v 26.6969 -3.6750 1.8800
v 26.6500 -3.8500 1.8000
v 26.6969 -4.0250 1.8000
v 26.6969 -4.0250 1.8800
v 26.6500 -3.8500 1.8800
v 26.6969 -4.0250 1.8000
v 26.8250 -4.1531 1.8000
v 26.8250 -4.1531 1.8800
v 26.6969 -4.0250 1.8800
v 26.8250 -4.1531 1.8000
v 27.0000 -4.2000 1.8000
v 27.0000 -4.2000 1.8800
v 26.8250 -4.1531 1.8800
v 27.0000 -4.2000 1.8000
v 27.1750 -4.1531 1.8000
v 27.1750 -4.1531 1.8800
v 27.0000 -4.2000 1.8800
v 27.1750 -4.1531 1.8000
v 27.3031 -4.0250 1.8000
v 27.3031 -4.0250 1.8800
v 27.1750 -4.1531 1.8800
v 27.3031 -4.0250 1.8000
v 27.3031 -4.0250 1.8800
v 27.3500 -3.8500 1.8800
v 27.3500 -3.8500 1.8000
v 27.0000 -3.8500 1.8800
v 27.3500 -3.8500 1.8800
v 27.3031 -3.6750 1.8800
v 27.0000 -3.8500 1.8000
v 27.3031 -3.6750 1.8000
v 27.3500 -3.8500 1.8000
v 27.0000 -3.8500 1.8800
v 27.3031 -3.6750 1.8800
v 27.1750 -3.5469 1.8800
v 27.0000 -3.8500 1.8000
v 27.1750 -3.5469 1.8000
v 27.3031 -3.6750 1.8000
v 27.0000 -3.8500 1.8800
v 27.1750 -3.5469 1.8800
v 27.0000 -3.5000 1.8800
v 27.0000 -3.8500 1.8000
v 27.0000 -3.5000 1.8000
v 27.1750 -3.5469 1.8000
v 27.0000 -3.8500 1.8800
v 27.0000 -3.5000 1.8800
v 26.8250 -3.5469 1.8800
v 27.0000 -3.8500 1.8000
v 26.8250 -3.5469 1.8000
v 27.0000 -3.5000 1.8000
v 27.0000 -3.8500 1.8800
v 26.8250 -3.5469 1.8800
v 26.6969 -3.6750 1.8800
v 27.0000 -3.8500 1.8000
v 26.6969 -3.6750 1.8000
v 26.8250 -3.5469 1.8000
v 27.0000 -3.8500 1.8800
v 26.6969 -3.6750 1.8800
v 26.6500 -3.8500 1.8800
v 27.0000 -3.8500 1.8000
v 26.6500 -3.8500 1.8000
v 26.6969 -3.6750 1.8000
v 27.0000 -3.8500 1.8800
v 26.6500 -3.8500 1.8800
v 26.6969 -4.0250 1.8800
v 27.0000 -3.8500 1.8000
v 26.6969 -4.0250 1.8000
v 26.6500 -3.8500 1.8000
v 27.0000 -3.8500 1.8800
v 26.6969 -4.0250 1.8800
v 26.8250 -4.1531 1.8800
v 27.0000 -3.8500 1.8000
v 26.8250 -4.1531 1.8000
v 26.6969 -4.0250 1.8000
v 27.0000 -3.8500 1.8800
v 26.8250 -4.1531 1.8800
v 27.0000 -4.2000 1.8800
v 27.0000 -3.8500 1.8000
v 27.0000 -4.2000 1.8000
v 26.8250 -4.1531 1.8000
v 27.0000 -3.8500 1.8800
v 27.0000 -4.2000 1.8800
v 27.1750 -4.1531 1.8800
v 27.0000 -3.8500 1.8000
v 27.1750 -4.1531 1.8000
v 27.0000 -4.2000 1.8000
v 27.0000 -3.8500 1.8800
v 27.1750 -4.1531 1.8800
v 27.3031 -4.0250 1.8800
v 27.0000 -3.8500 1.8000
v 27.3031 -4.0250 1.8000
v 27.1750 -4.1531 1.8000
v 27.0000 -3.8500 1.8800
v 27.3031 -4.0250 1.8800
v 27.3500 -3.8500 1.8800
v 27.0000 -3.8500 1.8000
v 27.3500 -3.8500 1.8000
v 27.3031 -4.0250 1.8000
v 27.2200 -3.8500 1.8800
v 27.1905 -3.7400 1.8800
v 27.1905 -3.7400 2.3500
v 27.2200 -3.8500 2.3500
v 27.1905 -3.7400 1.8800
v 27.1100 -3.6595 1.8800
v 27.1100 -3.6595 2.3500
v 27.1905 -3.7400 2.3500
v 27.1100 -3.6595 1.8800
v 27.0000 -3.6300 1.8800
v 27.0000 -3.6300 2.3500
v 27.1100 -3.6595 2.3500
v 27.0000 -3.6300 1.8800
v 26.8900 -3.6595 1.8800
v 26.8900 -3.6595 2.3500
v 27.0000 -3.6300 2.3500
v 26.8900 -3.6595 1.8800
v 26.8095 -3.7400 1.8800
v 26.8095 -3.7400 2.3500
v 26.8900 -3.6595 2.3500
v 26.8095 -3.7400 1.8800
v 26.7800 -3.8500 1.8800
v 26.7800 -3.8500 2.3500
v 26.8095 -3.7400 2.3500
v 26.7800 -3.8500 1.8800
v 26.8095 -3.9600 1.8800
v 26.8095 -3.9600 2.3500
v 26.7800 -3.8500 2.3500
v 26.8095 -3.9600 1.8800
v 26.8900 -4.0405 1.8800
v 26.8900 -4.0405 2.3500
v 26.8095 -3.9600 2.3500
v 26.8900 -4.0405 1.8800
v 27.0000 -4.0700 1.8800
v 27.0000 -4.0700 2.3500
v 26.8900 -4.0405 2.3500
v 27.0000 -4.0700 1.8800
v 27.1100 -4.0405 1.8800
v 27.1100 -4.0405 2.3500
v 27.0000 -4.0700 2.3500
v 27.1100 -4.0405 1.8800
v 27.1905 -3.9600 1.8800
v 27.1905 -3.9600 2.3500
v 27.1100 -4.0405 2.3500
v 27.1905 -3.9600 1.8800
v 27.1905 -3.9600 2.3500
v 27.2200 -3.8500 2.3500
v 27.2200 -3.8500 1.8800
v 27.2900 -3.8500 2.3500
v 27.2511 -3.7050 2.3500
v 27.2511 -3.7050 2.4800
v 27.2900 -3.8500 2.4800
v 27.2511 -3.7050 2.3500
v 27.1450 -3.5989 2.3500
v 27.1450 -3.5989 2.4800
v 27.2511 -3.7050 2.4800
v 27.1450 -3.5989 2.3500
v 27.0000 -3.5600 2.3500
v 27.0000 -3.5600 2.4800
v 27.1450 -3.5989 2.4800
v 27.0000 -3.5600 2.3500
v 26.8550 -3.5989 2.3500
v 26.8550 -3.5989 2.4800
v 27.0000 -3.5600 2.4800
v 26.8550 -3.5989 2.3500
v 26.7489 -3.7050 2.3500
v 26.7489 -3.7050 2.4800
v 26.8550 -3.5989 2.4800
v 26.7489 -3.7050 2.3500
v 26.7100 -3.8500 2.3500
v 26.7100 -3.8500 2.4800
v 26.7489 -3.7050 2.4800
v 26.7100 -3.8500 2.3500
v 26.7489 -3.9950 2.3500
v 26.7489 -3.9950 2.4800
v 26.7100 -3.8500 2.4800
v 26.7489 -3.9950 2.3500
v 26.8550 -4.1011 2.3500
v 26.8550 -4.1011 2.4800
v 26.7489 -3.9950 2.4800
v 26.8550 -4.1011 2.3500
v 27.0000 -4.1400 2.3500
v 27.0000 -4.1400 2.4800
v 26.8550 -4.1011 2.4800
v 27.0000 -4.1400 2.3500
v 27.1450 -4.1011 2.3500
v 27.1450 -4.1011 2.4800
v 27.0000 -4.1400 2.4800
v 27.1450 -4.1011 2.3500
v 27.2511 -3.9950 2.3500
v 27.2511 -3.9950 2.4800
v 27.1450 -4.1011 2.4800
v 27.2511 -3.9950 2.3500
v 27.2511 -3.9950 2.4800
v 27.2900 -3.8500 2.4800
v 27.2900 -3.8500 2.3500
v 27.0000 -3.8500 2.4800
v 27.2900 -3.8500 2.4800
v 27.2511 -3.7050 2.4800
v 27.0000 -3.8500 2.3500
v 27.2511 -3.7050 2.3500
v 27.2900 -3.8500 2.3500
v 27.0000 -3.8500 2.4800
v 27.2511 -3.7050 2.4800
v 27.1450 -3.5989 2.4800
v 27.0000 -3.8500 2.3500
v 27.1450 -3.5989 2.3500
v 27.2511 -3.7050 2.3500
v 27.0000 -3.8500 2.4800
v 27.1450 -3.5989 2.4800
v 27.0000 -3.5600 2.4800
v 27.0000 -3.8500 2.3500
v 27.0000 -3.5600 2.3500
v 27.1450 -3.5989 2.3500
v 27.0000 -3.8500 2.4800
v 27.0000 -3.5600 2.4800
v 26.8550 -3.5989 2.4800
v 27.0000 -3.8500 2.3500
v 26.8550 -3.5989 2.3500
v 27.0000 -3.5600 2.3500
v 27.0000 -3.8500 2.4800
v 26.8550 -3.5989 2.4800
v 26.7489 -3.7050 2.4800
v 27.0000 -3.8500 2.3500
v 26.7489 -3.7050 2.3500
v 26.8550 -3.5989 2.3500
v 27.0000 -3.8500 2.4800
v 26.7489 -3.7050 2.4800
v 26.7100 -3.8500 2.4800
v 27.0000 -3.8500 2.3500
v 26.7100 -3.8500 2.3500
v 26.7489 -3.7050 2.3500
v 27.0000 -3.8500 2.4800
v 26.7100 -3.8500 2.4800
v 26.7489 -3.9950 2.4800
v 27.0000 -3.8500 2.3500
v 26.7489 -3.9950 2.3500
v 26.7100 -3.8500 2.3500
v 27.0000 -3.8500 2.4800
v 26.7489 -3.9950 2.4800
v 26.8550 -4.1011 2.4800
v 27.0000 -3.8500 2.3500
v 26.8550 -4.1011 2.3500
v 26.7489 -3.9950 2.3500
v 27.0000 -3.8500 2.4800
v 26.8550 -4.1011 2.4800
v 27.0000 -4.1400 2.4800
v 27.0000 -3.8500 2.3500
v 27.0000 -4.1400 2.3500
v 26.8550 -4.1011 2.3500
v 27.0000 -3.8500 2.4800
v 27.0000 -4.1400 2.4800
v 27.1450 -4.1011 2.4800
v 27.0000 -3.8500 2.3500
v 27.1450 -4.1011 2.3500
v 27.0000 -4.1400 2.3500
v 27.0000 -3.8500 2.4800
v 27.1450 -4.1011 2.4800
v 27.2511 -3.9950 2.4800
v 27.0000 -3.8500 2.3500
v 27.2511 -3.9950 2.3500
v 27.1450 -4.1011 2.3500
v 27.0000 -3.8500 2.4800
v 27.2511 -3.9950 2.4800
v 27.2900 -3.8500 2.4800
v 27.0000 -3.8500 2.3500
v 27.2900 -3.8500 2.3500
v 27.2511 -3.9950 2.3500
v 26.6200 -3.9300 2.2400
v 27.3800 -3.9300 2.2400
v 27.3800 -3.7700 2.2400
v 26.6200 -3.7700 2.2400
v 26.6200 -3.7700 2.1600
v 27.3800 -3.7700 2.1600
v 27.3800 -3.9300 2.1600
v 26.6200 -3.9300 2.1600
v 26.6200 -3.7700 2.1600
v 26.6200 -3.7700 2.2400
v 27.3800 -3.7700 2.2400
v 27.3800 -3.7700 2.1600
v 27.3800 -3.9300 2.1600
v 27.3800 -3.9300 2.2400
v 26.6200 -3.9300 2.2400
v 26.6200 -3.9300 2.1600
v 26.6200 -3.9300 2.1600
v 26.6200 -3.9300 2.2400
v 26.6200 -3.7700 2.2400
v 26.6200 -3.7700 2.1600
v 27.3800 -3.7700 2.1600
v 27.3800 -3.7700 2.2400
v 27.3800 -3.9300 2.2400
v 27.3800 -3.9300 2.1600
v 44.7000 0.5000 1.8000
v 44.6531 0.6750 1.8000
v 44.6531 0.6750 1.8800
v 44.7000 0.5000 1.8800
v 44.6531 0.6750 1.8000
v 44.5250 0.8031 1.8000
v 44.5250 0.8031 1.8800
v 44.6531 0.6750 1.8800
v 44.5250 0.8031 1.8000
v 44.3500 0.8500 1.8000
v 44.3500 0.8500 1.8800
v 44.5250 0.8031 1.8800
v 44.3500 0.8500 1.8000
v 44.1750 0.8031 1.8000
v 44.1750 0.8031 1.8800
v 44.3500 0.8500 1.8800
v 44.1750 0.8031 1.8000
v 44.0469 0.6750 1.8000
v 44.0469 0.6750 1.8800
v 44.1750 0.8031 1.8800
v 44.0469 0.6750 1.8000
v 44.0000 0.5000 1.8000
v 44.0000 0.5000 1.8800
v 44.0469 0.6750 1.8800
v 44.0000 0.5000 1.8000
v 44.0469 0.3250 1.8000
v 44.0469 0.3250 1.8800
v 44.0000 0.5000 1.8800
v 44.0469 0.3250 1.8000
v 44.1750 0.1969 1.8000
v 44.1750 0.1969 1.8800
v 44.0469 0.3250 1.8800
v 44.1750 0.1969 1.8000
v 44.3500 0.1500 1.8000
v 44.3500 0.1500 1.8800
v 44.1750 0.1969 1.8800
v 44.3500 0.1500 1.8000
v 44.5250 0.1969 1.8000
v 44.5250 0.1969 1.8800
v 44.3500 0.1500 1.8800
v 44.5250 0.1969 1.8000
v 44.6531 0.3250 1.8000
v 44.6531 0.3250 1.8800
v 44.5250 0.1969 1.8800
v 44.6531 0.3250 1.8000
v 44.6531 0.3250 1.8800
v 44.7000 0.5000 1.8800
v 44.7000 0.5000 1.8000
v 44.3500 0.5000 1.8800
v 44.7000 0.5000 1.8800
v 44.6531 0.6750 1.8800
v 44.3500 0.5000 1.8000
v 44.6531 0.6750 1.8000
v 44.7000 0.5000 1.8000
v 44.3500 0.5000 1.8800
v 44.6531 0.6750 1.8800
v 44.5250 0.8031 1.8800
v 44.3500 0.5000 1.8000
v 44.5250 0.8031 1.8000
v 44.6531 0.6750 1.8000
v 44.3500 0.5000 1.8800
v 44.5250 0.8031 1.8800
v 44.3500 0.8500 1.8800
v 44.3500 0.5000 1.8000
v 44.3500 0.8500 1.8000
v 44.5250 0.8031 1.8000
v 44.3500 0.5000 1.8800
v 44.3500 0.8500 1.8800
v 44.1750 0.8031 1.8800
v 44.3500 0.5000 1.8000
v 44.1750 0.8031 1.8000
v 44.3500 0.8500 1.8000
v 44.3500 0.5000 1.8800
v 44.1750 0.8031 1.8800
v 44.0469 0.6750 1.8800
v 44.3500 0.5000 1.8000
v 44.0469 0.6750 1.8000
v 44.1750 0.8031 1.8000
v 44.3500 0.5000 1.8800
v 44.0469 0.6750 1.8800
v 44.0000 0.5000 1.8800
v 44.3500 0.5000 1.8000
v 44.0000 0.5000 1.8000
v 44.0469 0.6750 1.8000
v 44.3500 0.5000 1.8800
v 44.0000 0.5000 1.8800
v 44.0469 0.3250 1.8800
v 44.3500 0.5000 1.8000
v 44.0469 0.3250 1.8000
v 44.0000 0.5000 1.8000
v 44.3500 0.5000 1.8800
v 44.0469 0.3250 1.8800
v 44.1750 0.1969 1.8800
v 44.3500 0.5000 1.8000
v 44.1750 0.1969 1.8000
v 44.0469 0.3250 1.8000
v 44.3500 0.5000 1.8800
v 44.1750 0.1969 1.8800
v 44.3500 0.1500 1.8800
v 44.3500 0.5000 1.8000
v 44.3500 0.1500 1.8000
v 44.1750 0.1969 1.8000
v 44.3500 0.5000 1.8800
v 44.3500 0.1500 1.8800
v 44.5250 0.1969 1.8800
v 44.3500 0.5000 1.8000
v 44.5250 0.1969 1.8000
v 44.3500 0.1500 1.8000
v 44.3500 0.5000 1.8800
v 44.5250 0.1969 1.8800
v 44.6531 0.3250 1.8800
v 44.3500 0.5000 1.8000
v 44.6531 0.3250 1.8000
v 44.5250 0.1969 1.8000
v 44.3500 0.5000 1.8800
v 44.6531 0.3250 1.8800
v 44.7000 0.5000 1.8800
v 44.3500 0.5000 1.8000
v 44.7000 0.5000 1.8000
v 44.6531 0.3250 1.8000
v 44.5700 0.5000 1.8800
v 44.5405 0.6100 1.8800
v 44.5405 0.6100 2.3500
v 44.5700 0.5000 2.3500
v 44.5405 0.6100 1.8800
v 44.4600 0.6905 1.8800
v 44.4600 0.6905 2.3500
v 44.5405 0.6100 2.3500
v 44.4600 0.6905 1.8800
v 44.3500 0.7200 1.8800
v 44.3500 0.7200 2.3500
v 44.4600 0.6905 2.3500
v 44.3500 0.7200 1.8800
v 44.2400 0.6905 1.8800
v 44.2400 0.6905 2.3500
v 44.3500 0.7200 2.3500
v 44.2400 0.6905 1.8800
v 44.1595 0.6100 1.8800
v 44.1595 0.6100 2.3500
v 44.2400 0.6905 2.3500
v 44.1595 0.6100 1.8800
v 44.1300 0.5000 1.8800
v 44.1300 0.5000 2.3500
v 44.1595 0.6100 2.3500
v 44.1300 0.5000 1.8800
v 44.1595 0.3900 1.8800
v 44.1595 0.3900 2.3500
v 44.1300 0.5000 2.3500
v 44.1595 0.3900 1.8800
v 44.2400 0.3095 1.8800
v 44.2400 0.3095 2.3500
v 44.1595 0.3900 2.3500
v 44.2400 0.3095 1.8800
v 44.3500 0.2800 1.8800
v 44.3500 0.2800 2.3500
v 44.2400 0.3095 2.3500
v 44.3500 0.2800 1.8800
v 44.4600 0.3095 1.8800
v 44.4600 0.3095 2.3500
v 44.3500 0.2800 2.3500
v 44.4600 0.3095 1.8800
v 44.5405 0.3900 1.8800
v 44.5405 0.3900 2.3500
v 44.4600 0.3095 2.3500
v 44.5405 0.3900 1.8800
v 44.5405 0.3900 2.3500
v 44.5700 0.5000 2.3500
v 44.5700 0.5000 1.8800
v 44.6400 0.5000 2.3500
v 44.6011 0.6450 2.3500
v 44.6011 0.6450 2.4800
v 44.6400 0.5000 2.4800
v 44.6011 0.6450 2.3500
v 44.4950 0.7511 2.3500
v 44.4950 0.7511 2.4800
v 44.6011 0.6450 2.4800
v 44.4950 0.7511 2.3500
v 44.3500 0.7900 2.3500
v 44.3500 0.7900 2.4800
v 44.4950 0.7511 2.4800
v 44.3500 0.7900 2.3500
v 44.2050 0.7511 2.3500
v 44.2050 0.7511 2.4800
v 44.3500 0.7900 2.4800
v 44.2050 0.7511 2.3500
v 44.0989 0.6450 2.3500
v 44.0989 0.6450 2.4800
v 44.2050 0.7511 2.4800
v 44.0989 0.6450 2.3500
v 44.0600 0.5000 2.3500
v 44.0600 0.5000 2.4800
v 44.0989 0.6450 2.4800
v 44.0600 0.5000 2.3500
v 44.0989 0.3550 2.3500
v 44.0989 0.3550 2.4800
v 44.0600 0.5000 2.4800
v 44.0989 0.3550 2.3500
v 44.2050 0.2489 2.3500
v 44.2050 0.2489 2.4800
v 44.0989 0.3550 2.4800
v 44.2050 0.2489 2.3500
v 44.3500 0.2100 2.3500
v 44.3500 0.2100 2.4800
v 44.2050 0.2489 2.4800
v 44.3500 0.2100 2.3500
v 44.4950 0.2489 2.3500
v 44.4950 0.2489 2.4800
v 44.3500 0.2100 2.4800
v 44.4950 0.2489 2.3500
v 44.6011 0.3550 2.3500
v 44.6011 0.3550 2.4800
v 44.4950 0.2489 2.4800
v 44.6011 0.3550 2.3500
v 44.6011 0.3550 2.4800
v 44.6400 0.5000 2.4800
v 44.6400 0.5000 2.3500
v 44.3500 0.5000 2.4800
v 44.6400 0.5000 2.4800
v 44.6011 0.6450 2.4800
v 44.3500 0.5000 2.3500
v 44.6011 0.6450 2.3500
v 44.6400 0.5000 2.3500
v 44.3500 0.5000 2.4800
v 44.6011 0.6450 2.4800
v 44.4950 0.7511 2.4800
v 44.3500 0.5000 2.3500
v 44.4950 0.7511 2.3500
v 44.6011 0.6450 2.3500
v 44.3500 0.5000 2.4800
v 44.4950 0.7511 2.4800
v 44.3500 0.7900 2.4800
v 44.3500 0.5000 2.3500
v 44.3500 0.7900 2.3500
v 44.4950 0.7511 2.3500
v 44.3500 0.5000 2.4800
v 44.3500 0.7900 2.4800
v 44.2050 0.7511 2.4800
v 44.3500 0.5000 2.3500
v 44.2050 0.7511 2.3500
v 44.3500 0.7900 2.3500
v 44.3500 0.5000 2.4800
v 44.2050 0.7511 2.4800
v 44.0989 0.6450 2.4800
v 44.3500 0.5000 2.3500
v 44.0989 0.6450 2.3500
v 44.2050 0.7511 2.3500
v 44.3500 0.5000 2.4800
v 44.0989 0.6450 2.4800
v 44.0600 0.5000 2.4800
v 44.3500 0.5000 2.3500
v 44.0600 0.5000 2.3500
v 44.0989 0.6450 2.3500
v 44.3500 0.5000 2.4800
v 44.0600 0.5000 2.4800
v 44.0989 0.3550 2.4800
v 44.3500 0.5000 2.3500
v 44.0989 0.3550 2.3500
v 44.0600 0.5000 2.3500
v 44.3500 0.5000 2.4800
v 44.0989 0.3550 2.4800
v 44.2050 0.2489 2.4800
v 44.3500 0.5000 2.3500
v 44.2050 0.2489 2.3500
v 44.0989 0.3550 2.3500
v 44.3500 0.5000 2.4800
v 44.2050 0.2489 2.4800
v 44.3500 0.2100 2.4800
v 44.3500 0.5000 2.3500
v 44.3500 0.2100 2.3500
v 44.2050 0.2489 2.3500
v 44.3500 0.5000 2.4800
v 44.3500 0.2100 2.4800
v 44.4950 0.2489 2.4800
v 44.3500 0.5000 2.3500
v 44.4950 0.2489 2.3500
v 44.3500 0.2100 2.3500
v 44.3500 0.5000 2.4800
v 44.4950 0.2489 2.4800
v 44.6011 0.3550 2.4800
v 44.3500 0.5000 2.3500
v 44.6011 0.3550 2.3500
v 44.4950 0.2489 2.3500
v 44.3500 0.5000 2.4800
v 44.6011 0.3550 2.4800
v 44.6400 0.5000 2.4800
v 44.3500 0.5000 2.3500
v 44.6400 0.5000 2.3500
v 44.6011 0.3550 2.3500
v 43.9700 0.4200 2.2400
v 44.7300 0.4200 2.2400
v 44.7300 0.5800 2.2400
v 43.9700 0.5800 2.2400
v 43.9700 0.5800 2.1600
v 44.7300 0.5800 2.1600
v 44.7300 0.4200 2.1600
v 43.9700 0.4200 2.1600
v 43.9700 0.5800 2.1600
v 43.9700 0.5800 2.2400
v 44.7300 0.5800 2.2400
v 44.7300 0.5800 2.1600
v 44.7300 0.4200 2.1600
v 44.7300 0.4200 2.2400
v 43.9700 0.4200 2.2400
v 43.9700 0.4200 2.1600
v 43.9700 0.4200 2.1600
v 43.9700 0.4200 2.2400
v 43.9700 0.5800 2.2400
v 43.9700 0.5800 2.1600
v 44.7300 0.5800 2.1600
v 44.7300 0.5800 2.2400
v 44.7300 0.4200 2.2400
v 44.7300 0.4200 2.1600
v 44.7000 11.5000 1.8000
v 44.6531 11.6750 1.8000
v 44.6531 11.6750 1.8800
v 44.7000 11.5000 1.8800
v 44.6531 11.6750 1.8000
v 44.5250 11.8031 1.8000
v 44.5250 11.8031 1.8800
v 44.6531 11.6750 1.8800
v 44.5250 11.8031 1.8000
v 44.3500 11.8500 1.8000
v 44.3500 11.8500 1.8800
v 44.5250 11.8031 1.8800
v 44.3500 11.8500 1.8000
v 44.1750 11.8031 1.8000
v 44.1750 11.8031 1.8800
v 44.3500 11.8500 1.8800
v 44.1750 11.8031 1.8000
v 44.0469 11.6750 1.8000
v 44.0469 11.6750 1.8800
v 44.1750 11.8031 1.8800
v 44.0469 11.6750 1.8000
v 44.0000 11.5000 1.8000
v 44.0000 11.5000 1.8800
v 44.0469 11.6750 1.8800
v 44.0000 11.5000 1.8000
v 44.0469 11.3250 1.8000
v 44.0469 11.3250 1.8800
v 44.0000 11.5000 1.8800
v 44.0469 11.3250 1.8000
v 44.1750 11.1969 1.8000
v 44.1750 11.1969 1.8800
v 44.0469 11.3250 1.8800
v 44.1750 11.1969 1.8000
v 44.3500 11.1500 1.8000
v 44.3500 11.1500 1.8800
v 44.1750 11.1969 1.8800
v 44.3500 11.1500 1.8000
v 44.5250 11.1969 1.8000
v 44.5250 11.1969 1.8800
v 44.3500 11.1500 1.8800
v 44.5250 11.1969 1.8000
v 44.6531 11.3250 1.8000
v 44.6531 11.3250 1.8800
v 44.5250 11.1969 1.8800
v 44.6531 11.3250 1.8000
v 44.6531 11.3250 1.8800
v 44.7000 11.5000 1.8800
v 44.7000 11.5000 1.8000
v 44.3500 11.5000 1.8800
v 44.7000 11.5000 1.8800
v 44.6531 11.6750 1.8800
v 44.3500 11.5000 1.8000
v 44.6531 11.6750 1.8000
v 44.7000 11.5000 1.8000
v 44.3500 11.5000 1.8800
v 44.6531 11.6750 1.8800
v 44.5250 11.8031 1.8800
v 44.3500 11.5000 1.8000
v 44.5250 11.8031 1.8000
v 44.6531 11.6750 1.8000
v 44.3500 11.5000 1.8800
v 44.5250 11.8031 1.8800
v 44.3500 11.8500 1.8800
v 44.3500 11.5000 1.8000
v 44.3500 11.8500 1.8000
v 44.5250 11.8031 1.8000
v 44.3500 11.5000 1.8800
v 44.3500 11.8500 1.8800
v 44.1750 11.8031 1.8800
v 44.3500 11.5000 1.8000
v 44.1750 11.8031 1.8000
v 44.3500 11.8500 1.8000
v 44.3500 11.5000 1.8800
v 44.1750 11.8031 1.8800
v 44.0469 11.6750 1.8800
v 44.3500 11.5000 1.8000
v 44.0469 11.6750 1.8000
v 44.1750 11.8031 1.8000
v 44.3500 11.5000 1.8800
v 44.0469 11.6750 1.8800
v 44.0000 11.5000 1.8800
v 44.3500 11.5000 1.8000
v 44.0000 11.5000 1.8000
v 44.0469 11.6750 1.8000
v 44.3500 11.5000 1.8800
v 44.0000 11.5000 1.8800
v 44.0469 11.3250 1.8800
v 44.3500 11.5000 1.8000
v 44.0469 11.3250 1.8000
v 44.0000 11.5000 1.8000
v 44.3500 11.5000 1.8800
v 44.0469 11.3250 1.8800
v 44.1750 11.1969 1.8800
v 44.3500 11.5000 1.8000
v 44.1750 11.1969 1.8000
v 44.0469 11.3250 1.8000
v 44.3500 11.5000 1.8800
v 44.1750 11.1969 1.8800
v 44.3500 11.1500 1.8800
v 44.3500 11.5000 1.8000
v 44.3500 11.1500 1.8000
v 44.1750 11.1969 1.8000
v 44.3500 11.5000 1.8800
v 44.3500 11.1500 1.8800
v 44.5250 11.1969 1.8800
v 44.3500 11.5000 1.8000
v 44.5250 11.1969 1.8000
v 44.3500 11.1500 1.8000
v 44.3500 11.5000 1.8800
v 44.5250 11.1969 1.8800
v 44.6531 11.3250 1.8800
v 44.3500 11.5000 1.8000
v 44.6531 11.3250 1.8000
v 44.5250 11.1969 1.8000
v 44.3500 11.5000 1.8800
v 44.6531 11.3250 1.8800
v 44.7000 11.5000 1.8800
v 44.3500 11.5000 1.8000
v 44.7000 11.5000 1.8000
v 44.6531 11.3250 1.8000
v 44.5700 11.5000 1.8800
v 44.5405 11.6100 1.8800
v 44.5405 11.6100 2.3500
v 44.5700 11.5000 2.3500
v 44.5405 11.6100 1.8800
v 44.4600 11.6905 1.8800
v 44.4600 11.6905 2.3500
v 44.5405 11.6100 2.3500
v 44.4600 11.6905 1.8800
v 44.3500 11.7200 1.8800
v 44.3500 11.7200 2.3500
v 44.4600 11.6905 2.3500
v 44.3500 11.7200 1.8800
v 44.2400 11.6905 1.8800
v 44.2400 11.6905 2.3500
v 44.3500 11.7200 2.3500
v 44.2400 11.6905 1.8800
v 44.1595 11.6100 1.8800
v 44.1595 11.6100 2.3500
v 44.2400 11.6905 2.3500
v 44.1595 11.6100 1.8800
v 44.1300 11.5000 1.8800
v 44.1300 11.5000 2.3500
v 44.1595 11.6100 2.3500
v 44.1300 11.5000 1.8800
v 44.1595 11.3900 1.8800
v 44.1595 11.3900 2.3500
v 44.1300 11.5000 2.3500
v 44.1595 11.3900 1.8800
v 44.2400 11.3095 1.8800
v 44.2400 11.3095 2.3500
v 44.1595 11.3900 2.3500
v 44.2400 11.3095 1.8800
v 44.3500 11.2800 1.8800
v 44.3500 11.2800 2.3500
v 44.2400 11.3095 2.3500
v 44.3500 11.2800 1.8800
v 44.4600 11.3095 1.8800
v 44.4600 11.3095 2.3500
v 44.3500 11.2800 2.3500
v 44.4600 11.3095 1.8800
v 44.5405 11.3900 1.8800
v 44.5405 11.3900 2.3500
v 44.4600 11.3095 2.3500
v 44.5405 11.3900 1.8800
v 44.5405 11.3900 2.3500
v 44.5700 11.5000 2.3500
v 44.5700 11.5000 1.8800
v 44.6400 11.5000 2.3500
v 44.6011 11.6450 2.3500
v 44.6011 11.6450 2.4800
v 44.6400 11.5000 2.4800
v 44.6011 11.6450 2.3500
v 44.4950 11.7511 2.3500
v 44.4950 11.7511 2.4800
v 44.6011 11.6450 2.4800
v 44.4950 11.7511 2.3500
v 44.3500 11.7900 2.3500
v 44.3500 11.7900 2.4800
v 44.4950 11.7511 2.4800
v 44.3500 11.7900 2.3500
v 44.2050 11.7511 2.3500
v 44.2050 11.7511 2.4800
v 44.3500 11.7900 2.4800
v 44.2050 11.7511 2.3500
v 44.0989 11.6450 2.3500
v 44.0989 11.6450 2.4800
v 44.2050 11.7511 2.4800
v 44.0989 11.6450 2.3500
v 44.0600 11.5000 2.3500
v 44.0600 11.5000 2.4800
v 44.0989 11.6450 2.4800
v 44.0600 11.5000 2.3500
v 44.0989 11.3550 2.3500
v 44.0989 11.3550 2.4800
v 44.0600 11.5000 2.4800
v 44.0989 11.3550 2.3500
v 44.2050 11.2489 2.3500
v 44.2050 11.2489 2.4800
v 44.0989 11.3550 2.4800
v 44.2050 11.2489 2.3500
v 44.3500 11.2100 2.3500
v 44.3500 11.2100 2.4800
v 44.2050 11.2489 2.4800
v 44.3500 11.2100 2.3500
v 44.4950 11.2489 2.3500
v 44.4950 11.2489 2.4800
v 44.3500 11.2100 2.4800
v 44.4950 11.2489 2.3500
v 44.6011 11.3550 2.3500
v 44.6011 11.3550 2.4800
v 44.4950 11.2489 2.4800
v 44.6011 11.3550 2.3500
v 44.6011 11.3550 2.4800
v 44.6400 11.5000 2.4800
v 44.6400 11.5000 2.3500
v 44.3500 11.5000 2.4800
v 44.6400 11.5000 2.4800
v 44.6011 11.6450 2.4800
v 44.3500 11.5000 2.3500
v 44.6011 11.6450 2.3500
v 44.6400 11.5000 2.3500
v 44.3500 11.5000 2.4800
v 44.6011 11.6450 2.4800
v 44.4950 11.7511 2.4800
v 44.3500 11.5000 2.3500
v 44.4950 11.7511 2.3500
v 44.6011 11.6450 2.3500
v 44.3500 11.5000 2.4800
v 44.4950 11.7511 2.4800
v 44.3500 11.7900 2.4800
v 44.3500 11.5000 2.3500
v 44.3500 11.7900 2.3500
v 44.4950 11.7511 2.3500
v 44.3500 11.5000 2.4800
v 44.3500 11.7900 2.4800
v 44.2050 11.7511 2.4800
v 44.3500 11.5000 2.3500
v 44.2050 11.7511 2.3500
v 44.3500 11.7900 2.3500
v 44.3500 11.5000 2.4800
v 44.2050 11.7511 2.4800
v 44.0989 11.6450 2.4800
v 44.3500 11.5000 2.3500
v 44.0989 11.6450 2.3500
v 44.2050 11.7511 2.3500
v 44.3500 11.5000 2.4800
v 44.0989 11.6450 2.4800
v 44.0600 11.5000 2.4800
v 44.3500 11.5000 2.3500
v 44.0600 11.5000 2.3500
v 44.0989 11.6450 2.3500
v 44.3500 11.5000 2.4800
v 44.0600 11.5000 2.4800
v 44.0989 11.3550 2.4800
v 44.3500 11.5000 2.3500
v 44.0989 11.3550 2.3500
v 44.0600 11.5000 2.3500
v 44.3500 11.5000 2.4800
v 44.0989 11.3550 2.4800
v 44.2050 11.2489 2.4800
v 44.3500 11.5000 2.3500
v 44.2050 11.2489 2.3500
v 44.0989 11.3550 2.3500
v 44.3500 11.5000 2.4800
v 44.2050 11.2489 2.4800
v 44.3500 11.2100 2.4800
v 44.3500 11.5000 2.3500
v 44.3500 11.2100 2.3500
v 44.2050 11.2489 2.3500
v 44.3500 11.5000 2.4800
v 44.3500 11.2100 2.4800
v 44.4950 11.2489 2.4800
v 44.3500 11.5000 2.3500
v 44.4950 11.2489 2.3500
v 44.3500 11.2100 2.3500
v 44.3500 11.5000 2.4800
v 44.4950 11.2489 2.4800
v 44.6011 11.3550 2.4800
v 44.3500 11.5000 2.3500
v 44.6011 11.3550 2.3500
v 44.4950 11.2489 2.3500
v 44.3500 11.5000 2.4800
v 44.6011 11.3550 2.4800
v 44.6400 11.5000 2.4800
v 44.3500 11.5000 2.3500
v 44.6400 11.5000 2.3500
v 44.6011 11.3550 2.3500
v 43.9700 11.4200 2.2400
v 44.7300 11.4200 2.2400
v 44.7300 11.5800 2.2400
v 43.9700 11.5800 2.2400
v 43.9700 11.5800 2.1600
v 44.7300 11.5800 2.1600
v 44.7300 11.4200 2.1600
v 43.9700 11.4200 2.1600
v 43.9700 11.5800 2.1600
v 43.9700 11.5800 2.2400
v 44.7300 11.5800 2.2400
v 44.7300 11.5800 2.1600
v 44.7300 11.4200 2.1600
v 44.7300 11.4200 2.2400
v 43.9700 11.4200 2.2400
v 43.9700 11.4200 2.1600
v 43.9700 11.4200 2.1600
v 43.9700 11.4200 2.2400
v 43.9700 11.5800 2.2400
v 43.9700 11.5800 2.1600
v 44.7300 11.5800 2.1600
v 44.7300 11.5800 2.2400
v 44.7300 11.4200 2.2400
v 44.7300 11.4200 2.1600
v 44.7000 22.5000 1.8000
v 44.6531 22.6750 1.8000
v 44.6531 22.6750 1.8800
v 44.7000 22.5000 1.8800
v 44.6531 22.6750 1.8000
v 44.5250 22.8031 1.8000
v 44.5250 22.8031 1.8800
v 44.6531 22.6750 1.8800
v 44.5250 22.8031 1.8000
v 44.3500 22.8500 1.8000
v 44.3500 22.8500 1.8800
v 44.5250 22.8031 1.8800
v 44.3500 22.8500 1.8000
v 44.1750 22.8031 1.8000
v 44.1750 22.8031 1.8800
v 44.3500 22.8500 1.8800
v 44.1750 22.8031 1.8000
v 44.0469 22.6750 1.8000
v 44.0469 22.6750 1.8800
v 44.1750 22.8031 1.8800
v 44.0469 22.6750 1.8000
v 44.0000 22.5000 1.8000
v 44.0000 22.5000 1.8800
v 44.0469 22.6750 1.8800
v 44.0000 22.5000 1.8000
v 44.0469 22.3250 1.8000
v 44.0469 22.3250 1.8800
v 44.0000 22.5000 1.8800
v 44.0469 22.3250 1.8000
v 44.1750 22.1969 1.8000
v 44.1750 22.1969 1.8800
v 44.0469 22.3250 1.8800
v 44.1750 22.1969 1.8000
v 44.3500 22.1500 1.8000
v 44.3500 22.1500 1.8800
v 44.1750 22.1969 1.8800
v 44.3500 22.1500 1.8000
v 44.5250 22.1969 1.8000
v 44.5250 22.1969 1.8800
v 44.3500 22.1500 1.8800
v 44.5250 22.1969 1.8000
v 44.6531 22.3250 1.8000
v 44.6531 22.3250 1.8800
v 44.5250 22.1969 1.8800
v 44.6531 22.3250 1.8000
v 44.6531 22.3250 1.8800
v 44.7000 22.5000 1.8800
v 44.7000 22.5000 1.8000
v 44.3500 22.5000 1.8800
v 44.7000 22.5000 1.8800
v 44.6531 22.6750 1.8800
v 44.3500 22.5000 1.8000
v 44.6531 22.6750 1.8000
v 44.7000 22.5000 1.8000
v 44.3500 22.5000 1.8800
v 44.6531 22.6750 1.8800
v 44.5250 22.8031 1.8800
v 44.3500 22.5000 1.8000
v 44.5250 22.8031 1.8000
v 44.6531 22.6750 1.8000
v 44.3500 22.5000 1.8800
v 44.5250 22.8031 1.8800
v 44.3500 22.8500 1.8800
v 44.3500 22.5000 1.8000
v 44.3500 22.8500 1.8000
v 44.5250 22.8031 1.8000
v 44.3500 22.5000 1.8800
v 44.3500 22.8500 1.8800
v 44.1750 22.8031 1.8800
v 44.3500 22.5000 1.8000
v 44.1750 22.8031 1.8000
v 44.3500 22.8500 1.8000
v 44.3500 22.5000 1.8800
v 44.1750 22.8031 1.8800
v 44.0469 22.6750 1.8800
v 44.3500 22.5000 1.8000
v 44.0469 22.6750 1.8000
v 44.1750 22.8031 1.8000
v 44.3500 22.5000 1.8800
v 44.0469 22.6750 1.8800
v 44.0000 22.5000 1.8800
v 44.3500 22.5000 1.8000
v 44.0000 22.5000 1.8000
v 44.0469 22.6750 1.8000
v 44.3500 22.5000 1.8800
v 44.0000 22.5000 1.8800
v 44.0469 22.3250 1.8800
v 44.3500 22.5000 1.8000
v 44.0469 22.3250 1.8000
v 44.0000 22.5000 1.8000
v 44.3500 22.5000 1.8800
v 44.0469 22.3250 1.8800
v 44.1750 22.1969 1.8800
v 44.3500 22.5000 1.8000
v 44.1750 22.1969 1.8000
v 44.0469 22.3250 1.8000
v 44.3500 22.5000 1.8800
v 44.1750 22.1969 1.8800
v 44.3500 22.1500 1.8800
v 44.3500 22.5000 1.8000
v 44.3500 22.1500 1.8000
v 44.1750 22.1969 1.8000
v 44.3500 22.5000 1.8800
v 44.3500 22.1500 1.8800
v 44.5250 22.1969 1.8800
v 44.3500 22.5000 1.8000
v 44.5250 22.1969 1.8000
v 44.3500 22.1500 1.8000
v 44.3500 22.5000 1.8800
v 44.5250 22.1969 1.8800
v 44.6531 22.3250 1.8800
v 44.3500 22.5000 1.8000
v 44.6531 22.3250 1.8000
v 44.5250 22.1969 1.8000
v 44.3500 22.5000 1.8800
v 44.6531 22.3250 1.8800
v 44.7000 22.5000 1.8800
v 44.3500 22.5000 1.8000
v 44.7000 22.5000 1.8000
v 44.6531 22.3250 1.8000
v 44.5700 22.5000 1.8800
v 44.5405 22.6100 1.8800
v 44.5405 22.6100 2.3500
v 44.5700 22.5000 2.3500
v 44.5405 22.6100 1.8800
v 44.4600 22.6905 1.8800
v 44.4600 22.6905 2.3500
v 44.5405 22.6100 2.3500
v 44.4600 22.6905 1.8800
v 44.3500 22.7200 1.8800
v 44.3500 22.7200 2.3500
v 44.4600 22.6905 2.3500
v 44.3500 22.7200 1.8800
v 44.2400 22.6905 1.8800
v 44.2400 22.6905 2.3500
v 44.3500 22.7200 2.3500
v 44.2400 22.6905 1.8800
v 44.1595 22.6100 1.8800
v 44.1595 22.6100 2.3500
v 44.2400 22.6905 2.3500
v 44.1595 22.6100 1.8800
v 44.1300 22.5000 1.8800
v 44.1300 22.5000 2.3500
v 44.1595 22.6100 2.3500
v 44.1300 22.5000 1.8800
v 44.1595 22.3900 1.8800
v 44.1595 22.3900 2.3500
v 44.1300 22.5000 2.3500
v 44.1595 22.3900 1.8800
v 44.2400 22.3095 1.8800
v 44.2400 22.3095 2.3500
v 44.1595 22.3900 2.3500
v 44.2400 22.3095 1.8800
v 44.3500 22.2800 1.8800
v 44.3500 22.2800 2.3500
v 44.2400 22.3095 2.3500
v 44.3500 22.2800 1.8800
v 44.4600 22.3095 1.8800
v 44.4600 22.3095 2.3500
v 44.3500 22.2800 2.3500
v 44.4600 22.3095 1.8800
v 44.5405 22.3900 1.8800
v 44.5405 22.3900 2.3500
v 44.4600 22.3095 2.3500
v 44.5405 22.3900 1.8800
v 44.5405 22.3900 2.3500
v 44.5700 22.5000 2.3500
v 44.5700 22.5000 1.8800
v 44.6400 22.5000 2.3500
v 44.6011 22.6450 2.3500
v 44.6011 22.6450 2.4800
v 44.6400 22.5000 2.4800
v 44.6011 22.6450 2.3500
v 44.4950 22.7511 2.3500
v 44.4950 22.7511 2.4800
v 44.6011 22.6450 2.4800
v 44.4950 22.7511 2.3500
v 44.3500 22.7900 2.3500
v 44.3500 22.7900 2.4800
v 44.4950 22.7511 2.4800
v 44.3500 22.7900 2.3500
v 44.2050 22.7511 2.3500
v 44.2050 22.7511 2.4800
v 44.3500 22.7900 2.4800
v 44.2050 22.7511 2.3500
v 44.0989 22.6450 2.3500
v 44.0989 22.6450 2.4800
v 44.2050 22.7511 2.4800
v 44.0989 22.6450 2.3500
v 44.0600 22.5000 2.3500
v 44.0600 22.5000 2.4800
v 44.0989 22.6450 2.4800
v 44.0600 22.5000 2.3500
v 44.0989 22.3550 2.3500
v 44.0989 22.3550 2.4800
v 44.0600 22.5000 2.4800
v 44.0989 22.3550 2.3500
v 44.2050 22.2489 2.3500
v 44.2050 22.2489 2.4800
v 44.0989 22.3550 2.4800
v 44.2050 22.2489 2.3500
v 44.3500 22.2100 2.3500
v 44.3500 22.2100 2.4800
v 44.2050 22.2489 2.4800
v 44.3500 22.2100 2.3500
v 44.4950 22.2489 2.3500
v 44.4950 22.2489 2.4800
v 44.3500 22.2100 2.4800
v 44.4950 22.2489 2.3500
v 44.6011 22.3550 2.3500
v 44.6011 22.3550 2.4800
v 44.4950 22.2489 2.4800
v 44.6011 22.3550 2.3500
v 44.6011 22.3550 2.4800
v 44.6400 22.5000 2.4800
v 44.6400 22.5000 2.3500
v 44.3500 22.5000 2.4800
v 44.6400 22.5000 2.4800
v 44.6011 22.6450 2.4800
v 44.3500 22.5000 2.3500
v 44.6011 22.6450 2.3500
v 44.6400 22.5000 2.3500
v 44.3500 22.5000 2.4800
v 44.6011 22.6450 2.4800
v 44.4950 22.7511 2.4800
v 44.3500 22.5000 2.3500
v 44.4950 22.7511 2.3500
v 44.6011 22.6450 2.3500
v 44.3500 22.5000 2.4800
v 44.4950 22.7511 2.4800
v 44.3500 22.7900 2.4800
v 44.3500 22.5000 2.3500
v 44.3500 22.7900 2.3500
v 44.4950 22.7511 2.3500
v 44.3500 22.5000 2.4800
v 44.3500 22.7900 2.4800
v 44.2050 22.7511 2.4800
v 44.3500 22.5000 2.3500
v 44.2050 22.7511 2.3500
v 44.3500 22.7900 2.3500
v 44.3500 22.5000 2.4800
v 44.2050 22.7511 2.4800
v 44.0989 22.6450 2.4800
v 44.3500 22.5000 2.3500
v 44.0989 22.6450 2.3500
v 44.2050 22.7511 2.3500
v 44.3500 22.5000 2.4800
v 44.0989 22.6450 2.4800
v 44.0600 22.5000 2.4800
v 44.3500 22.5000 2.3500
v 44.0600 22.5000 2.3500
v 44.0989 22.6450 2.3500
v 44.3500 22.5000 2.4800
v 44.0600 22.5000 2.4800
v 44.0989 22.3550 2.4800
v 44.3500 22.5000 2.3500
v 44.0989 22.3550 2.3500
v 44.0600 22.5000 2.3500
v 44.3500 22.5000 2.4800
v 44.0989 22.3550 2.4800
v 44.2050 22.2489 2.4800
v 44.3500 22.5000 2.3500
v 44.2050 22.2489 2.3500
v 44.0989 22.3550 2.3500
v 44.3500 22.5000 2.4800
v 44.2050 22.2489 2.4800
v 44.3500 22.2100 2.4800
v 44.3500 22.5000 2.3500
v 44.3500 22.2100 2.3500
v 44.2050 22.2489 2.3500
v 44.3500 22.5000 2.4800
v 44.3500 22.2100 2.4800
v 44.4950 22.2489 2.4800
v 44.3500 22.5000 2.3500
v 44.4950 22.2489 2.3500
v 44.3500 22.2100 2.3500
v 44.3500 22.5000 2.4800
v 44.4950 22.2489 2.4800
v 44.6011 22.3550 2.4800
v 44.3500 22.5000 2.3500
v 44.6011 22.3550 2.3500
v 44.4950 22.2489 2.3500
v 44.3500 22.5000 2.4800
v 44.6011 22.3550 2.4800
v 44.6400 22.5000 2.4800
v 44.3500 22.5000 2.3500
v 44.6400 22.5000 2.3500
v 44.6011 22.3550 2.3500
v 43.9700 22.4200 2.2400
v 44.7300 22.4200 2.2400
v 44.7300 22.5800 2.2400
v 43.9700 22.5800 2.2400
v 43.9700 22.5800 2.1600
v 44.7300 22.5800 2.1600
v 44.7300 22.4200 2.1600
v 43.9700 22.4200 2.1600
v 43.9700 22.5800 2.1600
v 43.9700 22.5800 2.2400
v 44.7300 22.5800 2.2400
v 44.7300 22.5800 2.1600
v 44.7300 22.4200 2.1600
v 44.7300 22.4200 2.2400
v 43.9700 22.4200 2.2400
v 43.9700 22.4200 2.1600
v 43.9700 22.4200 2.1600
v 43.9700 22.4200 2.2400
v 43.9700 22.5800 2.2400
v 43.9700 22.5800 2.1600
v 44.7300 22.5800 2.1600
v 44.7300 22.5800 2.2400
v 44.7300 22.4200 2.2400
v 44.7300 22.4200 2.1600
v 44.7000 33.5000 1.8000
v 44.6531 33.6750 1.8000
v 44.6531 33.6750 1.8800
v 44.7000 33.5000 1.8800
v 44.6531 33.6750 1.8000
v 44.5250 33.8031 1.8000
v 44.5250 33.8031 1.8800
v 44.6531 33.6750 1.8800
v 44.5250 33.8031 1.8000
v 44.3500 33.8500 1.8000
v 44.3500 33.8500 1.8800
v 44.5250 33.8031 1.8800
v 44.3500 33.8500 1.8000
v 44.1750 33.8031 1.8000
v 44.1750 33.8031 1.8800
v 44.3500 33.8500 1.8800
v 44.1750 33.8031 1.8000
v 44.0469 33.6750 1.8000
v 44.0469 33.6750 1.8800
v 44.1750 33.8031 1.8800
v 44.0469 33.6750 1.8000
v 44.0000 33.5000 1.8000
v 44.0000 33.5000 1.8800
v 44.0469 33.6750 1.8800
v 44.0000 33.5000 1.8000
v 44.0469 33.3250 1.8000
v 44.0469 33.3250 1.8800
v 44.0000 33.5000 1.8800
v 44.0469 33.3250 1.8000
v 44.1750 33.1969 1.8000
v 44.1750 33.1969 1.8800
v 44.0469 33.3250 1.8800
v 44.1750 33.1969 1.8000
v 44.3500 33.1500 1.8000
v 44.3500 33.1500 1.8800
v 44.1750 33.1969 1.8800
v 44.3500 33.1500 1.8000
v 44.5250 33.1969 1.8000
v 44.5250 33.1969 1.8800
v 44.3500 33.1500 1.8800
v 44.5250 33.1969 1.8000
v 44.6531 33.3250 1.8000
v 44.6531 33.3250 1.8800
v 44.5250 33.1969 1.8800
v 44.6531 33.3250 1.8000
v 44.6531 33.3250 1.8800
v 44.7000 33.5000 1.8800
v 44.7000 33.5000 1.8000
v 44.3500 33.5000 1.8800
v 44.7000 33.5000 1.8800
v 44.6531 33.6750 1.8800
v 44.3500 33.5000 1.8000
v 44.6531 33.6750 1.8000
v 44.7000 33.5000 1.8000
v 44.3500 33.5000 1.8800
v 44.6531 33.6750 1.8800
v 44.5250 33.8031 1.8800
v 44.3500 33.5000 1.8000
v 44.5250 33.8031 1.8000
v 44.6531 33.6750 1.8000
v 44.3500 33.5000 1.8800
v 44.5250 33.8031 1.8800
v 44.3500 33.8500 1.8800
v 44.3500 33.5000 1.8000
v 44.3500 33.8500 1.8000
v 44.5250 33.8031 1.8000
v 44.3500 33.5000 1.8800
v 44.3500 33.8500 1.8800
v 44.1750 33.8031 1.8800
v 44.3500 33.5000 1.8000
v 44.1750 33.8031 1.8000
v 44.3500 33.8500 1.8000
v 44.3500 33.5000 1.8800
v 44.1750 33.8031 1.8800
v 44.0469 33.6750 1.8800
v 44.3500 33.5000 1.8000
v 44.0469 33.6750 1.8000
v 44.1750 33.8031 1.8000
v 44.3500 33.5000 1.8800
v 44.0469 33.6750 1.8800
v 44.0000 33.5000 1.8800
v 44.3500 33.5000 1.8000
v 44.0000 33.5000 1.8000
v 44.0469 33.6750 1.8000
v 44.3500 33.5000 1.8800
v 44.0000 33.5000 1.8800
v 44.0469 33.3250 1.8800
v 44.3500 33.5000 1.8000
v 44.0469 33.3250 1.8000
v 44.0000 33.5000 1.8000
v 44.3500 33.5000 1.8800
v 44.0469 33.3250 1.8800
v 44.1750 33.1969 1.8800
v 44.3500 33.5000 1.8000
v 44.1750 33.1969 1.8000
v 44.0469 33.3250 1.8000
v 44.3500 33.5000 1.8800
v 44.1750 33.1969 1.8800
v 44.3500 33.1500 1.8800
v 44.3500 33.5000 1.8000
v 44.3500 33.1500 1.8000
v 44.1750 33.1969 1.8000
v 44.3500 33.5000 1.8800
v 44.3500 33.1500 1.8800
v 44.5250 33.1969 1.8800
v 44.3500 33.5000 1.8000
v 44.5250 33.1969 1.8000
v 44.3500 33.1500 1.8000
v 44.3500 33.5000 1.8800
v 44.5250 33.1969 1.8800
v 44.6531 33.3250 1.8800
v 44.3500 33.5000 1.8000
v 44.6531 33.3250 1.8000
v 44.5250 33.1969 1.8000
v 44.3500 33.5000 1.8800
v 44.6531 33.3250 1.8800
v 44.7000 33.5000 1.8800
v 44.3500 33.5000 1.8000
v 44.7000 33.5000 1.8000
v 44.6531 33.3250 1.8000
v 44.5700 33.5000 1.8800
v 44.5405 33.6100 1.8800
v 44.5405 33.6100 2.3500
v 44.5700 33.5000 2.3500
v 44.5405 33.6100 1.8800
v 44.4600 33.6905 1.8800
v 44.4600 33.6905 2.3500
v 44.5405 33.6100 2.3500
v 44.4600 33.6905 1.8800
v 44.3500 33.7200 1.8800
v 44.3500 33.7200 2.3500
v 44.4600 33.6905 2.3500
v 44.3500 33.7200 1.8800
v 44.2400 33.6905 1.8800
v 44.2400 33.6905 2.3500
v 44.3500 33.7200 2.3500
v 44.2400 33.6905 1.8800
v 44.1595 33.6100 1.8800
v 44.1595 33.6100 2.3500
v 44.2400 33.6905 2.3500
v 44.1595 33.6100 1.8800
v 44.1300 33.5000 1.8800
v 44.1300 33.5000 2.3500
v 44.1595 33.6100 2.3500
v 44.1300 33.5000 1.8800
v 44.1595 33.3900 1.8800
v 44.1595 33.3900 2.3500
v 44.1300 33.5000 2.3500
v 44.1595 33.3900 1.8800
v 44.2400 33.3095 1.8800
v 44.2400 33.3095 2.3500
v 44.1595 33.3900 2.3500
v 44.2400 33.3095 1.8800
v 44.3500 33.2800 1.8800
v 44.3500 33.2800 2.3500
v 44.2400 33.3095 2.3500
v 44.3500 33.2800 1.8800
v 44.4600 33.3095 1.8800
v 44.4600 33.3095 2.3500
v 44.3500 33.2800 2.3500
v 44.4600 33.3095 1.8800
v 44.5405 33.3900 1.8800
v 44.5405 33.3900 2.3500
v 44.4600 33.3095 2.3500
v 44.5405 33.3900 1.8800
v 44.5405 33.3900 2.3500
v 44.5700 33.5000 2.3500
v 44.5700 33.5000 1.8800
v 44.6400 33.5000 2.3500
v 44.6011 33.6450 2.3500
v 44.6011 33.6450 2.4800
v 44.6400 33.5000 2.4800
v 44.6011 33.6450 2.3500
v 44.4950 33.7511 2.3500
v 44.4950 33.7511 2.4800
v 44.6011 33.6450 2.4800
v 44.4950 33.7511 2.3500
v 44.3500 33.7900 2.3500
v 44.3500 33.7900 2.4800
v 44.4950 33.7511 2.4800
v 44.3500 33.7900 2.3500
v 44.2050 33.7511 2.3500
v 44.2050 33.7511 2.4800
v 44.3500 33.7900 2.4800
v 44.2050 33.7511 2.3500
v 44.0989 33.6450 2.3500
v 44.0989 33.6450 2.4800
v 44.2050 33.7511 2.4800
v 44.0989 33.6450 2.3500
v 44.0600 33.5000 2.3500
v 44.0600 33.5000 2.4800
v 44.0989 33.6450 2.4800
v 44.0600 33.5000 2.3500
v 44.0989 33.3550 2.3500
v 44.0989 33.3550 2.4800
v 44.0600 33.5000 2.4800
v 44.0989 33.3550 2.3500
v 44.2050 33.2489 2.3500
v 44.2050 33.2489 2.4800
v 44.0989 33.3550 2.4800
v 44.2050 33.2489 2.3500
v 44.3500 33.2100 2.3500
v 44.3500 33.2100 2.4800
v 44.2050 33.2489 2.4800
v 44.3500 33.2100 2.3500
v 44.4950 33.2489 2.3500
v 44.4950 33.2489 2.4800
v 44.3500 33.2100 2.4800
v 44.4950 33.2489 2.3500
v 44.6011 33.3550 2.3500
v 44.6011 33.3550 2.4800
v 44.4950 33.2489 2.4800
v 44.6011 33.3550 2.3500
v 44.6011 33.3550 2.4800
v 44.6400 33.5000 2.4800
v 44.6400 33.5000 2.3500
v 44.3500 33.5000 2.4800
v 44.6400 33.5000 2.4800
v 44.6011 33.6450 2.4800
v 44.3500 33.5000 2.3500
v 44.6011 33.6450 2.3500
v 44.6400 33.5000 2.3500
v 44.3500 33.5000 2.4800
v 44.6011 33.6450 2.4800
v 44.4950 33.7511 2.4800
v 44.3500 33.5000 2.3500
v 44.4950 33.7511 2.3500
v 44.6011 33.6450 2.3500
v 44.3500 33.5000 2.4800
v 44.4950 33.7511 2.4800
v 44.3500 33.7900 2.4800
v 44.3500 33.5000 2.3500
v 44.3500 33.7900 2.3500
v 44.4950 33.7511 2.3500
v 44.3500 33.5000 2.4800
v 44.3500 33.7900 2.4800
v 44.2050 33.7511 2.4800
v 44.3500 33.5000 2.3500
v 44.2050 33.7511 2.3500
v 44.3500 33.7900 2.3500
v 44.3500 33.5000 2.4800
v 44.2050 33.7511 2.4800
v 44.0989 33.6450 2.4800
v 44.3500 33.5000 2.3500
v 44.0989 33.6450 2.3500
v 44.2050 33.7511 2.3500
v 44.3500 33.5000 2.4800
v 44.0989 33.6450 2.4800
v 44.0600 33.5000 2.4800
v 44.3500 33.5000 2.3500
v 44.0600 33.5000 2.3500
v 44.0989 33.6450 2.3500
v 44.3500 33.5000 2.4800
v 44.0600 33.5000 2.4800
v 44.0989 33.3550 2.4800
v 44.3500 33.5000 2.3500
v 44.0989 33.3550 2.3500
v 44.0600 33.5000 2.3500
v 44.3500 33.5000 2.4800
v 44.0989 33.3550 2.4800
v 44.2050 33.2489 2.4800
v 44.3500 33.5000 2.3500
v 44.2050 33.2489 2.3500
v 44.0989 33.3550 2.3500
v 44.3500 33.5000 2.4800
v 44.2050 33.2489 2.4800
v 44.3500 33.2100 2.4800
v 44.3500 33.5000 2.3500
v 44.3500 33.2100 2.3500
v 44.2050 33.2489 2.3500
v 44.3500 33.5000 2.4800
v 44.3500 33.2100 2.4800
v 44.4950 33.2489 2.4800
v 44.3500 33.5000 2.3500
v 44.4950 33.2489 2.3500
v 44.3500 33.2100 2.3500
v 44.3500 33.5000 2.4800
v 44.4950 33.2489 2.4800
v 44.6011 33.3550 2.4800
v 44.3500 33.5000 2.3500
v 44.6011 33.3550 2.3500
v 44.4950 33.2489 2.3500
v 44.3500 33.5000 2.4800
v 44.6011 33.3550 2.4800
v 44.6400 33.5000 2.4800
v 44.3500 33.5000 2.3500
v 44.6400 33.5000 2.3500
v 44.6011 33.3550 2.3500
v 43.9700 33.4200 2.2400
v 44.7300 33.4200 2.2400
v 44.7300 33.5800 2.2400
v 43.9700 33.5800 2.2400
v 43.9700 33.5800 2.1600
v 44.7300 33.5800 2.1600
v 44.7300 33.4200 2.1600
v 43.9700 33.4200 2.1600
v 43.9700 33.5800 2.1600
v 43.9700 33.5800 2.2400
v 44.7300 33.5800 2.2400
v 44.7300 33.5800 2.1600
v 44.7300 33.4200 2.1600
v 44.7300 33.4200 2.2400
v 43.9700 33.4200 2.2400
v 43.9700 33.4200 2.1600
v 43.9700 33.4200 2.1600
v 43.9700 33.4200 2.2400
v 43.9700 33.5800 2.2400
v 43.9700 33.5800 2.1600
v 44.7300 33.5800 2.1600
v 44.7300 33.5800 2.2400
v 44.7300 33.4200 2.2400
v 44.7300 33.4200 2.1600
v 44.7000 44.5000 1.8000
v 44.6531 44.6750 1.8000
v 44.6531 44.6750 1.8800
v 44.7000 44.5000 1.8800
v 44.6531 44.6750 1.8000
v 44.5250 44.8031 1.8000
v 44.5250 44.8031 1.8800
v 44.6531 44.6750 1.8800
v 44.5250 44.8031 1.8000
v 44.3500 44.8500 1.8000
v 44.3500 44.8500 1.8800
v 44.5250 44.8031 1.8800
v 44.3500 44.8500 1.8000
v 44.1750 44.8031 1.8000
v 44.1750 44.8031 1.8800
v 44.3500 44.8500 1.8800
v 44.1750 44.8031 1.8000
v 44.0469 44.6750 1.8000
v 44.0469 44.6750 1.8800
v 44.1750 44.8031 1.8800
v 44.0469 44.6750 1.8000
v 44.0000 44.5000 1.8000
v 44.0000 44.5000 1.8800
v 44.0469 44.6750 1.8800
v 44.0000 44.5000 1.8000
v 44.0469 44.3250 1.8000
v 44.0469 44.3250 1.8800
v 44.0000 44.5000 1.8800
v 44.0469 44.3250 1.8000
v 44.1750 44.1969 1.8000
v 44.1750 44.1969 1.8800
v 44.0469 44.3250 1.8800
v 44.1750 44.1969 1.8000
v 44.3500 44.1500 1.8000
v 44.3500 44.1500 1.8800
v 44.1750 44.1969 1.8800
v 44.3500 44.1500 1.8000
v 44.5250 44.1969 1.8000
v 44.5250 44.1969 1.8800
v 44.3500 44.1500 1.8800
v 44.5250 44.1969 1.8000
v 44.6531 44.3250 1.8000
v 44.6531 44.3250 1.8800
v 44.5250 44.1969 1.8800
v 44.6531 44.3250 1.8000
v 44.6531 44.3250 1.8800
v 44.7000 44.5000 1.8800
v 44.7000 44.5000 1.8000
v 44.3500 44.5000 1.8800
v 44.7000 44.5000 1.8800
v 44.6531 44.6750 1.8800
v 44.3500 44.5000 1.8000
v 44.6531 44.6750 1.8000
v 44.7000 44.5000 1.8000
v 44.3500 44.5000 1.8800
v 44.6531 44.6750 1.8800
v 44.5250 44.8031 1.8800
v 44.3500 44.5000 1.8000
v 44.5250 44.8031 1.8000
v 44.6531 44.6750 1.8000
v 44.3500 44.5000 1.8800
v 44.5250 44.8031 1.8800
v 44.3500 44.8500 1.8800
v 44.3500 44.5000 1.8000
v 44.3500 44.8500 1.8000
v 44.5250 44.8031 1.8000
v 44.3500 44.5000 1.8800
v 44.3500 44.8500 1.8800
v 44.1750 44.8031 1.8800
v 44.3500 44.5000 1.8000
v 44.1750 44.8031 1.8000
v 44.3500 44.8500 1.8000
v 44.3500 44.5000 1.8800
v 44.1750 44.8031 1.8800
v 44.0469 44.6750 1.8800
v 44.3500 44.5000 1.8000
v 44.0469 44.6750 1.8000
v 44.1750 44.8031 1.8000
v 44.3500 44.5000 1.8800
v 44.0469 44.6750 1.8800
v 44.0000 44.5000 1.8800
v 44.3500 44.5000 1.8000
v 44.0000 44.5000 1.8000
v 44.0469 44.6750 1.8000
v 44.3500 44.5000 1.8800
v 44.0000 44.5000 1.8800
v 44.0469 44.3250 1.8800
v 44.3500 44.5000 1.8000
v 44.0469 44.3250 1.8000
v 44.0000 44.5000 1.8000
v 44.3500 44.5000 1.8800
v 44.0469 44.3250 1.8800
v 44.1750 44.1969 1.8800
v 44.3500 44.5000 1.8000
v 44.1750 44.1969 1.8000
v 44.0469 44.3250 1.8000
v 44.3500 44.5000 1.8800
v 44.1750 44.1969 1.8800
v 44.3500 44.1500 1.8800
v 44.3500 44.5000 1.8000
v 44.3500 44.1500 1.8000
v 44.1750 44.1969 1.8000
v 44.3500 44.5000 1.8800
v 44.3500 44.1500 1.8800
v 44.5250 44.1969 1.8800
v 44.3500 44.5000 1.8000
v 44.5250 44.1969 1.8000
v 44.3500 44.1500 1.8000
v 44.3500 44.5000 1.8800
v 44.5250 44.1969 1.8800
v 44.6531 44.3250 1.8800
v 44.3500 44.5000 1.8000
v 44.6531 44.3250 1.8000
v 44.5250 44.1969 1.8000
v 44.3500 44.5000 1.8800
v 44.6531 44.3250 1.8800
v 44.7000 44.5000 1.8800
v 44.3500 44.5000 1.8000
v 44.7000 44.5000 1.8000
v 44.6531 44.3250 1.8000
v 44.5700 44.5000 1.8800
v 44.5405 44.6100 1.8800
v 44.5405 44.6100 2.3500
v 44.5700 44.5000 2.3500
v 44.5405 44.6100 1.8800
v 44.4600 44.6905 1.8800
v 44.4600 44.6905 2.3500
v 44.5405 44.6100 2.3500
v 44.4600 44.6905 1.8800
v 44.3500 44.7200 1.8800
v 44.3500 44.7200 2.3500
v 44.4600 44.6905 2.3500
v 44.3500 44.7200 1.8800
v 44.2400 44.6905 1.8800
v 44.2400 44.6905 2.3500
v 44.3500 44.7200 2.3500
v 44.2400 44.6905 1.8800
v 44.1595 44.6100 1.8800
v 44.1595 44.6100 2.3500
v 44.2400 44.6905 2.3500
v 44.1595 44.6100 1.8800
v 44.1300 44.5000 1.8800
v 44.1300 44.5000 2.3500
v 44.1595 44.6100 2.3500
v 44.1300 44.5000 1.8800
v 44.1595 44.3900 1.8800
v 44.1595 44.3900 2.3500
v 44.1300 44.5000 2.3500
v 44.1595 44.3900 1.8800
v 44.2400 44.3095 1.8800
v 44.2400 44.3095 2.3500
v 44.1595 44.3900 2.3500
v 44.2400 44.3095 1.8800
v 44.3500 44.2800 1.8800
v 44.3500 44.2800 2.3500
v 44.2400 44.3095 2.3500
v 44.3500 44.2800 1.8800
v 44.4600 44.3095 1.8800
v 44.4600 44.3095 2.3500
v 44.3500 44.2800 2.3500
v 44.4600 44.3095 1.8800
v 44.5405 44.3900 1.8800
v 44.5405 44.3900 2.3500
v 44.4600 44.3095 2.3500
v 44.5405 44.3900 1.8800
v 44.5405 44.3900 2.3500
v 44.5700 44.5000 2.3500
v 44.5700 44.5000 1.8800
v 44.6400 44.5000 2.3500
v 44.6011 44.6450 2.3500
v 44.6011 44.6450 2.4800
v 44.6400 44.5000 2.4800
v 44.6011 44.6450 2.3500
v 44.4950 44.7511 2.3500
v 44.4950 44.7511 2.4800
v 44.6011 44.6450 2.4800
v 44.4950 44.7511 2.3500
v 44.3500 44.7900 2.3500
v 44.3500 44.7900 2.4800
v 44.4950 44.7511 2.4800
v 44.3500 44.7900 2.3500
v 44.2050 44.7511 2.3500
v 44.2050 44.7511 2.4800
v 44.3500 44.7900 2.4800
v 44.2050 44.7511 2.3500
v 44.0989 44.6450 2.3500
v 44.0989 44.6450 2.4800
v 44.2050 44.7511 2.4800
v 44.0989 44.6450 2.3500
v 44.0600 44.5000 2.3500
v 44.0600 44.5000 2.4800
v 44.0989 44.6450 2.4800
v 44.0600 44.5000 2.3500
v 44.0989 44.3550 2.3500
v 44.0989 44.3550 2.4800
v 44.0600 44.5000 2.4800
v 44.0989 44.3550 2.3500
v 44.2050 44.2489 2.3500
v 44.2050 44.2489 2.4800
v 44.0989 44.3550 2.4800
v 44.2050 44.2489 2.3500
v 44.3500 44.2100 2.3500
v 44.3500 44.2100 2.4800
v 44.2050 44.2489 2.4800
v 44.3500 44.2100 2.3500
v 44.4950 44.2489 2.3500
v 44.4950 44.2489 2.4800
v 44.3500 44.2100 2.4800
v 44.4950 44.2489 2.3500
v 44.6011 44.3550 2.3500
v 44.6011 44.3550 2.4800
v 44.4950 44.2489 2.4800
v 44.6011 44.3550 2.3500
v 44.6011 44.3550 2.4800
v 44.6400 44.5000 2.4800
v 44.6400 44.5000 2.3500
v 44.3500 44.5000 2.4800
v 44.6400 44.5000 2.4800
v 44.6011 44.6450 2.4800
v 44.3500 44.5000 2.3500
v 44.6011 44.6450 2.3500
v 44.6400 44.5000 2.3500
v 44.3500 44.5000 2.4800
v 44.6011 44.6450 2.4800
v 44.4950 44.7511 2.4800
v 44.3500 44.5000 2.3500
v 44.4950 44.7511 2.3500
v 44.6011 44.6450 2.3500
v 44.3500 44.5000 2.4800
v 44.4950 44.7511 2.4800
v 44.3500 44.7900 2.4800
v 44.3500 44.5000 2.3500
v 44.3500 44.7900 2.3500
v 44.4950 44.7511 2.3500
v 44.3500 44.5000 2.4800
v 44.3500 44.7900 2.4800
v 44.2050 44.7511 2.4800
v 44.3500 44.5000 2.3500
v 44.2050 44.7511 2.3500
v 44.3500 44.7900 2.3500
v 44.3500 44.5000 2.4800
v 44.2050 44.7511 2.4800
v 44.0989 44.6450 2.4800
v 44.3500 44.5000 2.3500
v 44.0989 44.6450 2.3500
v 44.2050 44.7511 2.3500
v 44.3500 44.5000 2.4800
v 44.0989 44.6450 2.4800
v 44.0600 44.5000 2.4800
v 44.3500 44.5000 2.3500
v 44.0600 44.5000 2.3500
v 44.0989 44.6450 2.3500
v 44.3500 44.5000 2.4800
v 44.0600 44.5000 2.4800
v 44.0989 44.3550 2.4800
v 44.3500 44.5000 2.3500
v 44.0989 44.3550 2.3500
v 44.0600 44.5000 2.3500
v 44.3500 44.5000 2.4800
v 44.0989 44.3550 2.4800
v 44.2050 44.2489 2.4800
v 44.3500 44.5000 2.3500
v 44.2050 44.2489 2.3500
v 44.0989 44.3550 2.3500
v 44.3500 44.5000 2.4800
v 44.2050 44.2489 2.4800
v 44.3500 44.2100 2.4800
v 44.3500 44.5000 2.3500
v 44.3500 44.2100 2.3500
v 44.2050 44.2489 2.3500
v 44.3500 44.5000 2.4800
v 44.3500 44.2100 2.4800
v 44.4950 44.2489 2.4800
v 44.3500 44.5000 2.3500
v 44.4950 44.2489 2.3500
v 44.3500 44.2100 2.3500
v 44.3500 44.5000 2.4800
v 44.4950 44.2489 2.4800
v 44.6011 44.3550 2.4800
v 44.3500 44.5000 2.3500
v 44.6011 44.3550 2.3500
v 44.4950 44.2489 2.3500
v 44.3500 44.5000 2.4800
v 44.6011 44.3550 2.4800
v 44.6400 44.5000 2.4800
v 44.3500 44.5000 2.3500
v 44.6400 44.5000 2.3500
v 44.6011 44.3550 2.3500
v 43.9700 44.4200 2.2400
v 44.7300 44.4200 2.2400
v 44.7300 44.5800 2.2400
v 43.9700 44.5800 2.2400
v 43.9700 44.5800 2.1600
v 44.7300 44.5800 2.1600
v 44.7300 44.4200 2.1600
v 43.9700 44.4200 2.1600
v 43.9700 44.5800 2.1600
v 43.9700 44.5800 2.2400
v 44.7300 44.5800 2.2400
v 44.7300 44.5800 2.1600
v 44.7300 44.4200 2.1600
v 44.7300 44.4200 2.2400
v 43.9700 44.4200 2.2400
v 43.9700 44.4200 2.1600
v 43.9700 44.4200 2.1600
v 43.9700 44.4200 2.2400
v 43.9700 44.5800 2.2400
v 43.9700 44.5800 2.1600
v 44.7300 44.5800 2.1600
v 44.7300 44.5800 2.2400
v 44.7300 44.4200 2.2400
v 44.7300 44.4200 2.1600
v 19.9350 -4.5200 2.2000
v 19.9750 -4.5200 2.2000
v 19.9750 -4.4500 2.2000
v 19.9350 -4.4500 2.2000
v 19.9350 -4.4500 -1.2000
v 19.9750 -4.4500 -1.2000
v 19.9750 -4.5200 -1.2000
v 19.9350 -4.5200 -1.2000
v 19.9350 -4.4500 -1.2000
v 19.9350 -4.4500 2.2000
v 19.9750 -4.4500 2.2000
v 19.9750 -4.4500 -1.2000
v 19.9750 -4.5200 -1.2000
v 19.9750 -4.5200 2.2000
v 19.9350 -4.5200 2.2000
v 19.9350 -4.5200 -1.2000
v 19.9350 -4.5200 -1.2000
v 19.9350 -4.5200 2.2000
v 19.9350 -4.4500 2.2000
v 19.9350 -4.4500 -1.2000
v 19.9750 -4.4500 -1.2000
v 19.9750 -4.4500 2.2000
v 19.9750 -4.5200 2.2000
v 19.9750 -4.5200 -1.2000
v 20.5250 -4.5200 2.2000
v 20.5650 -4.5200 2.2000
v 20.5650 -4.4500 2.2000
v 20.5250 -4.4500 2.2000
v 20.5250 -4.4500 -1.2000
v 20.5650 -4.4500 -1.2000
v 20.5650 -4.5200 -1.2000
v 20.5250 -4.5200 -1.2000
v 20.5250 -4.4500 -1.2000
v 20.5250 -4.4500 2.2000
v 20.5650 -4.4500 2.2000
v 20.5650 -4.4500 -1.2000
v 20.5650 -4.5200 -1.2000
v 20.5650 -4.5200 2.2000
v 20.5250 -4.5200 2.2000
v 20.5250 -4.5200 -1.2000
v 20.5250 -4.5200 -1.2000
v 20.5250 -4.5200 2.2000
v 20.5250 -4.4500 2.2000
v 20.5250 -4.4500 -1.2000
v 20.5650 -4.4500 -1.2000
v 20.5650 -4.4500 2.2000
v 20.5650 -4.5200 2.2000
v 20.5650 -4.5200 -1.2000
v 19.9750 -4.5100 -1.0320
v 20.5250 -4.5100 -1.0320
v 20.5250 -4.4700 -1.0320
v 19.9750 -4.4700 -1.0320
v 19.9750 -4.4700 -1.0680
v 20.5250 -4.4700 -1.0680
v 20.5250 -4.5100 -1.0680
v 19.9750 -4.5100 -1.0680
v 19.9750 -4.4700 -1.0680
v 19.9750 -4.4700 -1.0320
v 20.5250 -4.4700 -1.0320
v 20.5250 -4.4700 -1.0680
v 20.5250 -4.5100 -1.0680
v 20.5250 -4.5100 -1.0320
v 19.9750 -4.5100 -1.0320
v 19.9750 -4.5100 -1.0680
v 19.9750 -4.5100 -1.0680
v 19.9750 -4.5100 -1.0320
v 19.9750 -4.4700 -1.0320
v 19.9750 -4.4700 -1.0680
v 20.5250 -4.4700 -1.0680
v 20.5250 -4.4700 -1.0320
v 20.5250 -4.5100 -1.0320
v 20.5250 -4.5100 -1.0680
v 19.9750 -4.5100 -0.7320
v 20.5250 -4.5100 -0.7320
v 20.5250 -4.4700 -0.7320
v 19.9750 -4.4700 -0.7320
v 19.9750 -4.4700 -0.7680
v 20.5250 -4.4700 -0.7680
v 20.5250 -4.5100 -0.7680
v 19.9750 -4.5100 -0.7680
v 19.9750 -4.4700 -0.7680
v 19.9750 -4.4700 -0.7320
v 20.5250 -4.4700 -0.7320
v 20.5250 -4.4700 -0.7680
v 20.5250 -4.5100 -0.7680
v 20.5250 -4.5100 -0.7320
v 19.9750 -4.5100 -0.7320
v 19.9750 -4.5100 -0.7680
v 19.9750 -4.5100 -0.7680
v 19.9750 -4.5100 -0.7320
v 19.9750 -4.4700 -0.7320
v 19.9750 -4.4700 -0.7680
v 20.5250 -4.4700 -0.7680
v 20.5250 -4.4700 -0.7320
v 20.5250 -4.5100 -0.7320
v 20.5250 -4.5100 -0.7680
v 19.9750 -4.5100 -0.4320
v 20.5250 -4.5100 -0.4320
v 20.5250 -4.4700 -0.4320
v 19.9750 -4.4700 -0.4320
v 19.9750 -4.4700 -0.4680
v 20.5250 -4.4700 -0.4680
v 20.5250 -4.5100 -0.4680
v 19.9750 -4.5100 -0.4680
v 19.9750 -4.4700 -0.4680
v 19.9750 -4.4700 -0.4320
v 20.5250 -4.4700 -0.4320
v 20.5250 -4.4700 -0.4680
v 20.5250 -4.5100 -0.4680
v 20.5250 -4.5100 -0.4320
v 19.9750 -4.5100 -0.4320
v 19.9750 -4.5100 -0.4680
v 19.9750 -4.5100 -0.4680
v 19.9750 -4.5100 -0.4320
v 19.9750 -4.4700 -0.4320
v 19.9750 -4.4700 -0.4680
v 20.5250 -4.4700 -0.4680
v 20.5250 -4.4700 -0.4320
v 20.5250 -4.5100 -0.4320
v 20.5250 -4.5100 -0.4680
v 19.9750 -4.5100 -0.1320
v 20.5250 -4.5100 -0.1320
v 20.5250 -4.4700 -0.1320
v 19.9750 -4.4700 -0.1320
v 19.9750 -4.4700 -0.1680
v 20.5250 -4.4700 -0.1680
v 20.5250 -4.5100 -0.1680
v 19.9750 -4.5100 -0.1680
v 19.9750 -4.4700 -0.1680
v 19.9750 -4.4700 -0.1320
v 20.5250 -4.4700 -0.1320
v 20.5250 -4.4700 -0.1680
v 20.5250 -4.5100 -0.1680
v 20.5250 -4.5100 -0.1320
v 19.9750 -4.5100 -0.1320
v 19.9750 -4.5100 -0.1680
v 19.9750 -4.5100 -0.1680
v 19.9750 -4.5100 -0.1320
v 19.9750 -4.4700 -0.1320
v 19.9750 -4.4700 -0.1680
v 20.5250 -4.4700 -0.1680
v 20.5250 -4.4700 -0.1320
v 20.5250 -4.5100 -0.1320
v 20.5250 -4.5100 -0.1680
v 19.9750 -4.5100 0.1680
v 20.5250 -4.5100 0.1680
v 20.5250 -4.4700 0.1680
v 19.9750 -4.4700 0.1680
v 19.9750 -4.4700 0.1320
v 20.5250 -4.4700 0.1320
v 20.5250 -4.5100 0.1320
v 19.9750 -4.5100 0.1320
v 19.9750 -4.4700 0.1320
v 19.9750 -4.4700 0.1680
v 20.5250 -4.4700 0.1680
v 20.5250 -4.4700 0.1320
v 20.5250 -4.5100 0.1320
v 20.5250 -4.5100 0.1680
v 19.9750 -4.5100 0.1680
v 19.9750 -4.5100 0.1320
v 19.9750 -4.5100 0.1320
v 19.9750 -4.5100 0.1680
v 19.9750 -4.4700 0.1680
v 19.9750 -4.4700 0.1320
v 20.5250 -4.4700 0.1320
v 20.5250 -4.4700 0.1680
v 20.5250 -4.5100 0.1680
v 20.5250 -4.5100 0.1320
v 19.9750 -4.5100 0.4680
v 20.5250 -4.5100 0.4680
v 20.5250 -4.4700 0.4680
v 19.9750 -4.4700 0.4680
v 19.9750 -4.4700 0.4320
v 20.5250 -4.4700 0.4320
v 20.5250 -4.5100 0.4320
v 19.9750 -4.5100 0.4320
v 19.9750 -4.4700 0.4320
v 19.9750 -4.4700 0.4680
v 20.5250 -4.4700 0.4680
v 20.5250 -4.4700 0.4320
v 20.5250 -4.5100 0.4320
v 20.5250 -4.5100 0.4680
v 19.9750 -4.5100 0.4680
v 19.9750 -4.5100 0.4320
v 19.9750 -4.5100 0.4320
v 19.9750 -4.5100 0.4680
v 19.9750 -4.4700 0.4680
v 19.9750 -4.4700 0.4320
v 20.5250 -4.4700 0.4320
v 20.5250 -4.4700 0.4680
v 20.5250 -4.5100 0.4680
v 20.5250 -4.5100 0.4320
v 19.9750 -4.5100 0.7680
v 20.5250 -4.5100 0.7680
v 20.5250 -4.4700 0.7680
v 19.9750 -4.4700 0.7680
v 19.9750 -4.4700 0.7320
v 20.5250 -4.4700 0.7320
v 20.5250 -4.5100 0.7320
v 19.9750 -4.5100 0.7320
v 19.9750 -4.4700 0.7320
v 19.9750 -4.4700 0.7680
v 20.5250 -4.4700 0.7680
v 20.5250 -4.4700 0.7320
v 20.5250 -4.5100 0.7320
v 20.5250 -4.5100 0.7680
v 19.9750 -4.5100 0.7680
v 19.9750 -4.5100 0.7320
v 19.9750 -4.5100 0.7320
v 19.9750 -4.5100 0.7680
v 19.9750 -4.4700 0.7680
v 19.9750 -4.4700 0.7320
v 20.5250 -4.4700 0.7320
v 20.5250 -4.4700 0.7680
v 20.5250 -4.5100 0.7680
v 20.5250 -4.5100 0.7320
v 19.9750 -4.5100 1.0680
v 20.5250 -4.5100 1.0680
v 20.5250 -4.4700 1.0680
v 19.9750 -4.4700 1.0680
v 19.9750 -4.4700 1.0320
v 20.5250 -4.4700 1.0320
v 20.5250 -4.5100 1.0320
v 19.9750 -4.5100 1.0320
v 19.9750 -4.4700 1.0320
v 19.9750 -4.4700 1.0680
v 20.5250 -4.4700 1.0680
v 20.5250 -4.4700 1.0320
v 20.5250 -4.5100 1.0320
v 20.5250 -4.5100 1.0680
v 19.9750 -4.5100 1.0680
v 19.9750 -4.5100 1.0320
v 19.9750 -4.5100 1.0320
v 19.9750 -4.5100 1.0680
v 19.9750 -4.4700 1.0680
v 19.9750 -4.4700 1.0320
v 20.5250 -4.4700 1.0320
v 20.5250 -4.4700 1.0680
v 20.5250 -4.5100 1.0680
v 20.5250 -4.5100 1.0320
v 19.9750 -4.5100 1.3680
v 20.5250 -4.5100 1.3680
v 20.5250 -4.4700 1.3680
v 19.9750 -4.4700 1.3680
v 19.9750 -4.4700 1.3320
v 20.5250 -4.4700 1.3320
v 20.5250 -4.5100 1.3320
v 19.9750 -4.5100 1.3320
v 19.9750 -4.4700 1.3320
v 19.9750 -4.4700 1.3680
v 20.5250 -4.4700 1.3680
v 20.5250 -4.4700 1.3320
v 20.5250 -4.5100 1.3320
v 20.5250 -4.5100 1.3680
v 19.9750 -4.5100 1.3680
v 19.9750 -4.5100 1.3320
v 19.9750 -4.5100 1.3320
v 19.9750 -4.5100 1.3680
v 19.9750 -4.4700 1.3680
v 19.9750 -4.4700 1.3320
v 20.5250 -4.4700 1.3320
v 20.5250 -4.4700 1.3680
v 20.5250 -4.5100 1.3680
v 20.5250 -4.5100 1.3320
v 19.9750 -4.5100 1.6680
v 20.5250 -4.5100 1.6680
v 20.5250 -4.4700 1.6680
v 19.9750 -4.4700 1.6680
v 19.9750 -4.4700 1.6320
v 20.5250 -4.4700 1.6320
v 20.5250 -4.5100 1.6320
v 19.9750 -4.5100 1.6320
v 19.9750 -4.4700 1.6320
v 19.9750 -4.4700 1.6680
v 20.5250 -4.4700 1.6680
v 20.5250 -4.4700 1.6320
v 20.5250 -4.5100 1.6320
v 20.5250 -4.5100 1.6680
v 19.9750 -4.5100 1.6680
v 19.9750 -4.5100 1.6320
v 19.9750 -4.5100 1.6320
v 19.9750 -4.5100 1.6680
v 19.9750 -4.4700 1.6680
v 19.9750 -4.4700 1.6320
v 20.5250 -4.4700 1.6320
v 20.5250 -4.4700 1.6680
v 20.5250 -4.5100 1.6680
v 20.5250 -4.5100 1.6320
v 44.9500 29.6850 2.2000
v 45.0200 29.6850 2.2000
v 45.0200 29.7250 2.2000
v 44.9500 29.7250 2.2000
v 44.9500 29.7250 -1.2000
v 45.0200 29.7250 -1.2000
v 45.0200 29.6850 -1.2000
v 44.9500 29.6850 -1.2000
v 44.9500 29.7250 -1.2000
v 44.9500 29.7250 2.2000
v 45.0200 29.7250 2.2000
v 45.0200 29.7250 -1.2000
v 45.0200 29.6850 -1.2000
v 45.0200 29.6850 2.2000
v 44.9500 29.6850 2.2000
v 44.9500 29.6850 -1.2000
v 44.9500 29.6850 -1.2000
v 44.9500 29.6850 2.2000
v 44.9500 29.7250 2.2000
v 44.9500 29.7250 -1.2000
v 45.0200 29.7250 -1.2000
v 45.0200 29.7250 2.2000
v 45.0200 29.6850 2.2000
v 45.0200 29.6850 -1.2000
v 44.9500 30.2750 2.2000
v 45.0200 30.2750 2.2000
v 45.0200 30.3150 2.2000
v 44.9500 30.3150 2.2000
v 44.9500 30.3150 -1.2000
v 45.0200 30.3150 -1.2000
v 45.0200 30.2750 -1.2000
v 44.9500 30.2750 -1.2000
v 44.9500 30.3150 -1.2000
v 44.9500 30.3150 2.2000
v 45.0200 30.3150 2.2000
v 45.0200 30.3150 -1.2000
v 45.0200 30.2750 -1.2000
v 45.0200 30.2750 2.2000
v 44.9500 30.2750 2.2000
v 44.9500 30.2750 -1.2000
v 44.9500 30.2750 -1.2000
v 44.9500 30.2750 2.2000
v 44.9500 30.3150 2.2000
v 44.9500 30.3150 -1.2000
v 45.0200 30.3150 -1.2000
v 45.0200 30.3150 2.2000
v 45.0200 30.2750 2.2000
v 45.0200 30.2750 -1.2000
v 44.9700 29.7250 -1.0320
v 45.0100 29.7250 -1.0320
v 45.0100 30.2750 -1.0320
v 44.9700 30.2750 -1.0320
v 44.9700 30.2750 -1.0680
v 45.0100 30.2750 -1.0680
v 45.0100 29.7250 -1.0680
v 44.9700 29.7250 -1.0680
v 44.9700 30.2750 -1.0680
v 44.9700 30.2750 -1.0320
v 45.0100 30.2750 -1.0320
v 45.0100 30.2750 -1.0680
v 45.0100 29.7250 -1.0680
v 45.0100 29.7250 -1.0320
v 44.9700 29.7250 -1.0320
v 44.9700 29.7250 -1.0680
v 44.9700 29.7250 -1.0680
v 44.9700 29.7250 -1.0320
v 44.9700 30.2750 -1.0320
v 44.9700 30.2750 -1.0680
v 45.0100 30.2750 -1.0680
v 45.0100 30.2750 -1.0320
v 45.0100 29.7250 -1.0320
v 45.0100 29.7250 -1.0680
v 44.9700 29.7250 -0.7320
v 45.0100 29.7250 -0.7320
v 45.0100 30.2750 -0.7320
v 44.9700 30.2750 -0.7320
v 44.9700 30.2750 -0.7680
v 45.0100 30.2750 -0.7680
v 45.0100 29.7250 -0.7680
v 44.9700 29.7250 -0.7680
v 44.9700 30.2750 -0.7680
v 44.9700 30.2750 -0.7320
v 45.0100 30.2750 -0.7320
v 45.0100 30.2750 -0.7680
v 45.0100 29.7250 -0.7680
v 45.0100 29.7250 -0.7320
v 44.9700 29.7250 -0.7320
v 44.9700 29.7250 -0.7680
v 44.9700 29.7250 -0.7680
v 44.9700 29.7250 -0.7320
v 44.9700 30.2750 -0.7320
v 44.9700 30.2750 -0.7680
v 45.0100 30.2750 -0.7680
v 45.0100 30.2750 -0.7320
v 45.0100 29.7250 -0.7320
v 45.0100 29.7250 -0.7680
v 44.9700 29.7250 -0.4320
v 45.0100 29.7250 -0.4320
v 45.0100 30.2750 -0.4320
v 44.9700 30.2750 -0.4320
v 44.9700 30.2750 -0.4680
v 45.0100 30.2750 -0.4680
v 45.0100 29.7250 -0.4680
v 44.9700 29.7250 -0.4680
v 44.9700 30.2750 -0.4680
v 44.9700 30.2750 -0.4320
v 45.0100 30.2750 -0.4320
v 45.0100 30.2750 -0.4680
v 45.0100 29.7250 -0.4680
v 45.0100 29.7250 -0.4320
v 44.9700 29.7250 -0.4320
v 44.9700 29.7250 -0.4680
v 44.9700 29.7250 -0.4680
v 44.9700 29.7250 -0.4320
v 44.9700 30.2750 -0.4320
v 44.9700 30.2750 -0.4680
v 45.0100 30.2750 -0.4680
v 45.0100 30.2750 -0.4320
v 45.0100 29.7250 -0.4320
v 45.0100 29.7250 -0.4680
v 44.9700 29.7250 -0.1320
v 45.0100 29.7250 -0.1320
v 45.0100 30.2750 -0.1320
v 44.9700 30.2750 -0.1320
v 44.9700 30.2750 -0.1680
v 45.0100 30.2750 -0.1680
v 45.0100 29.7250 -0.1680
v 44.9700 29.7250 -0.1680
v 44.9700 30.2750 -0.1680
v 44.9700 30.2750 -0.1320
v 45.0100 30.2750 -0.1320
v 45.0100 30.2750 -0.1680
v 45.0100 29.7250 -0.1680
v 45.0100 29.7250 -0.1320
v 44.9700 29.7250 -0.1320
v 44.9700 29.7250 -0.1680
v 44.9700 29.7250 -0.1680
v 44.9700 29.7250 -0.1320
v 44.9700 30.2750 -0.1320
v 44.9700 30.2750 -0.1680
v 45.0100 30.2750 -0.1680
v 45.0100 30.2750 -0.1320
v 45.0100 29.7250 -0.1320
v 45.0100 29.7250 -0.1680
v 44.9700 29.7250 0.1680
v 45.0100 29.7250 0.1680
v 45.0100 30.2750 0.1680
v 44.9700 30.2750 0.1680
v 44.9700 30.2750 0.1320
v 45.0100 30.2750 0.1320
v 45.0100 29.7250 0.1320
v 44.9700 29.7250 0.1320
v 44.9700 30.2750 0.1320
v 44.9700 30.2750 0.1680
v 45.0100 30.2750 0.1680
v 45.0100 30.2750 0.1320
v 45.0100 29.7250 0.1320
v 45.0100 29.7250 0.1680
v 44.9700 29.7250 0.1680
v 44.9700 29.7250 0.1320
v 44.9700 29.7250 0.1320
v 44.9700 29.7250 0.1680
v 44.9700 30.2750 0.1680
v 44.9700 30.2750 0.1320
v 45.0100 30.2750 0.1320
v 45.0100 30.2750 0.1680
v 45.0100 29.7250 0.1680
v 45.0100 29.7250 0.1320
v 44.9700 29.7250 0.4680
v 45.0100 29.7250 0.4680
v 45.0100 30.2750 0.4680
v 44.9700 30.2750 0.4680
v 44.9700 30.2750 0.4320
v 45.0100 30.2750 0.4320
v 45.0100 29.7250 0.4320
v 44.9700 29.7250 0.4320
v 44.9700 30.2750 0.4320
v 44.9700 30.2750 0.4680
v 45.0100 30.2750 0.4680
v 45.0100 30.2750 0.4320
v 45.0100 29.7250 0.4320
v 45.0100 29.7250 0.4680
v 44.9700 29.7250 0.4680
v 44.9700 29.7250 0.4320
v 44.9700 29.7250 0.4320
v 44.9700 29.7250 0.4680
v 44.9700 30.2750 0.4680
v 44.9700 30.2750 0.4320
v 45.0100 30.2750 0.4320
v 45.0100 30.2750 0.4680
v 45.0100 29.7250 0.4680
v 45.0100 29.7250 0.4320
v 44.9700 29.7250 0.7680
v 45.0100 29.7250 0.7680
v 45.0100 30.2750 0.7680
v 44.9700 30.2750 0.7680
v 44.9700 30.2750 0.7320
v 45.0100 30.2750 0.7320
v 45.0100 29.7250 0.7320
v 44.9700 29.7250 0.7320
v 44.9700 30.2750 0.7320
v 44.9700 30.2750 0.7680
v 45.0100 30.2750 0.7680
v 45.0100 30.2750 0.7320
v 45.0100 29.7250 0.7320
v 45.0100 29.7250 0.7680
v 44.9700 29.7250 0.7680
v 44.9700 29.7250 0.7320
v 44.9700 29.7250 0.7320
v 44.9700 29.7250 0.7680
v 44.9700 30.2750 0.7680
v 44.9700 30.2750 0.7320
v 45.0100 30.2750 0.7320
v 45.0100 30.2750 0.7680
v 45.0100 29.7250 0.7680
v 45.0100 29.7250 0.7320
v 44.9700 29.7250 1.0680
v 45.0100 29.7250 1.0680
v 45.0100 30.2750 1.0680
v 44.9700 30.2750 1.0680
v 44.9700 30.2750 1.0320
v 45.0100 30.2750 1.0320
v 45.0100 29.7250 1.0320
v 44.9700 29.7250 1.0320
v 44.9700 30.2750 1.0320
v 44.9700 30.2750 1.0680
v 45.0100 30.2750 1.0680
v 45.0100 30.2750 1.0320
v 45.0100 29.7250 1.0320
v 45.0100 29.7250 1.0680
v 44.9700 29.7250 1.0680
v 44.9700 29.7250 1.0320
v 44.9700 29.7250 1.0320
v 44.9700 29.7250 1.0680
v 44.9700 30.2750 1.0680
v 44.9700 30.2750 1.0320
v 45.0100 30.2750 1.0320
v 45.0100 30.2750 1.0680
v 45.0100 29.7250 1.0680
v 45.0100 29.7250 1.0320
v 44.9700 29.7250 1.3680
v 45.0100 29.7250 1.3680
v 45.0100 30.2750 1.3680
v 44.9700 30.2750 1.3680
v 44.9700 30.2750 1.3320
v 45.0100 30.2750 1.3320
v 45.0100 29.7250 1.3320
v 44.9700 29.7250 1.3320
v 44.9700 30.2750 1.3320
v 44.9700 30.2750 1.3680
v 45.0100 30.2750 1.3680
v 45.0100 30.2750 1.3320
v 45.0100 29.7250 1.3320
v 45.0100 29.7250 1.3680
v 44.9700 29.7250 1.3680
v 44.9700 29.7250 1.3320
v 44.9700 29.7250 1.3320
v 44.9700 29.7250 1.3680
v 44.9700 30.2750 1.3680
v 44.9700 30.2750 1.3320
v 45.0100 30.2750 1.3320
v 45.0100 30.2750 1.3680
v 45.0100 29.7250 1.3680
v 45.0100 29.7250 1.3320
v 44.9700 29.7250 1.6680
v 45.0100 29.7250 1.6680
v 45.0100 30.2750 1.6680
v 44.9700 30.2750 1.6680
v 44.9700 30.2750 1.6320
v 45.0100 30.2750 1.6320
v 45.0100 29.7250 1.6320
v 44.9700 29.7250 1.6320
v 44.9700 30.2750 1.6320
v 44.9700 30.2750 1.6680
v 45.0100 30.2750 1.6680
v 45.0100 30.2750 1.6320
v 45.0100 29.7250 1.6320
v 45.0100 29.7250 1.6680
v 44.9700 29.7250 1.6680
v 44.9700 29.7250 1.6320
v 44.9700 29.7250 1.6320
v 44.9700 29.7250 1.6680
v 44.9700 30.2750 1.6680
v 44.9700 30.2750 1.6320
v 45.0100 30.2750 1.6320
v 45.0100 30.2750 1.6680
v 45.0100 29.7250 1.6680
v 45.0100 29.7250 1.6320

vt 0.0000 0.0000
vt 22.3250 0.0000
vt 22.3250 0.3500
vt 0.0000 0.3500
vt 0.0000 0.0000
vt 0.3500 0.0000
vt 0.3500 0.3500
vt 0.0000 0.3500
vt 0.0000 0.0000
vt 0.3500 0.0000
vt 0.3500 32.0750
vt 0.0000 32.0750
vt 0.0000 0.0000
vt 0.0000 0.2000
vt 22.3250 0.2000
vt 22.3250 0.0000
vt 0.0000 0.0000
vt 0.0000 0.2000
vt 32.0750 0.2000
vt 32.0750 0.0000
vt 0.0000 0.0000
vt 10.1250 0.0000
vt 10.1250 1.0375
vt 0.0000 1.0375
vt 0.0000 0.0000
vt 1.0375 0.0000
vt 1.0375 15.0000
vt 0.0000 15.0000
vt 0.0000 0.0000
vt 1.0375 0.0000
vt 1.0375 1.0375
vt 0.0000 1.0375
vt 0.0000 0.0000
vt 0.0000 0.9333
vt 9.0000 0.9333
vt 9.0000 0.0000
vt 0.0000 0.0000
vt 0.0000 1.0000
vt 11.2500 1.0000
vt 11.2500 0.0000
vt 0.0000 0.0000
vt 0.0000 3.6750
vt 7.5000 3.6750
vt 7.5000 0.0000
vt 0.0000 0.0000
vt 12.9000 0.0000
vt 12.9000 0.9333
vt 0.0000 0.9333
vt 0.0000 0.0000
vt 16.1250 0.0000
vt 16.1250 1.0000
vt 0.0000 1.0000
vt 0.0000 0.0000
vt 10.7500 0.0000
vt 10.7500 3.6750
vt 0.0000 3.6750
vt 0.0000 0.0000
vt 0.0000 4.5000
vt 6.7500 4.5000
vt 6.7500 0.0000
vt 0.0000 0.0000
vt 10.0000 0.0000
vt 10.0000 4.5000
vt 0.0000 4.5000
vt 0.0000 0.0000
vt 0.0000 4.5000
vt 1.1250 4.5000
vt 1.1250 0.0000
vt 0.0000 0.0000
vt 0.0000 4.5000
vt 1.1250 4.5000
vt 1.1250 0.0000
vt 0.0000 0.0000
vt 0.0000 10.1250
vt 10.1250 1.1250
vt 1.1250 0.0000
vt 0.0000 0.0000
vt 0.0000 16.1250
vt 16.1250 1.1250
vt 1.1250 0.0000
vt 0.0000 0.0000
vt 0.1250 0.0000
vt 0.1250 1.0000
vt 0.0000 1.0000
vt 0.1250 0.0000
vt 0.2500 0.0000
vt 0.2500 1.0000
vt 0.1250 1.0000
vt 0.2500 0.0000
vt 0.3750 0.0000
vt 0.3750 1.0000
vt 0.2500 1.0000
vt 0.3750 0.0000
vt 0.5000 0.0000
vt 0.5000 1.0000
vt 0.3750 1.0000
vt 0.5000 0.0000
vt 0.6250 0.0000
vt 0.6250 1.0000
vt 0.5000 1.0000
vt 0.6250 0.0000
vt 0.7500 0.0000
vt 0.7500 1.0000
vt 0.6250 1.0000
vt 0.7500 0.0000
vt 0.8750 0.0000
vt 0.8750 1.0000
vt 0.7500 1.0000
vt 0.8750 0.0000
vt 1.0000 0.0000
vt 1.0000 1.0000
vt 0.8750 1.0000
vt 0.5000 0.5000
vt 0.5000 1.0000
vt 1.0000 1.0000
vt 0.5000 0.5000
vt 1.0000 1.0000
vt 0.5000 1.0000
vt 0.5000 0.5000
vt 0.5000 1.0000
vt 1.0000 1.0000
vt 0.5000 0.5000
vt 1.0000 1.0000
vt 0.5000 1.0000
vt 0.5000 0.5000
vt 0.5000 1.0000
vt 1.0000 1.0000
vt 0.5000 0.5000
vt 1.0000 1.0000
vt 0.5000 1.0000
vt 0.5000 0.5000
vt 0.5000 1.0000
vt 1.0000 1.0000
vt 0.5000 0.5000
vt 1.0000 1.0000
vt 0.5000 1.0000
vt 0.5000 0.5000
vt 0.5000 1.0000
vt 1.0000 1.0000
vt 0.5000 0.5000
vt 1.0000 1.0000
vt 0.5000 1.0000
vt 0.5000 0.5000
vt 0.5000 1.0000
vt 1.0000 1.0000
vt 0.5000 0.5000
vt 1.0000 1.0000
vt 0.5000 1.0000
vt 0.5000 0.5000
vt 0.5000 1.0000
vt 1.0000 1.0000
vt 0.5000 0.5000
vt 1.0000 1.0000
vt 0.5000 1.0000
vt 0.5000 0.5000
vt 0.5000 1.0000
vt 1.0000 1.0000
vt 0.5000 0.5000
vt 1.0000 1.0000
vt 0.5000 1.0000
vt 0.0000 0.0000
vt 0.1250 0.0000
vt 0.1250 1.0000
vt 0.0000 1.0000
vt 0.1250 0.0000
vt 0.2500 0.0000
vt 0.2500 1.0000
vt 0.1250 1.0000
vt 0.2500 0.0000
vt 0.3750 0.0000
vt 0.3750 1.0000
vt 0.2500 1.0000
vt 0.3750 0.0000
vt 0.5000 0.0000
vt 0.5000 1.0000
vt 0.3750 1.0000
vt 0.5000 0.0000
vt 0.6250 0.0000
vt 0.6250 1.0000
vt 0.5000 1.0000
vt 0.6250 0.0000
vt 0.7500 0.0000
vt 0.7500 1.0000
vt 0.6250 1.0000
vt 0.7500 0.0000
vt 0.8750 0.0000
vt 0.8750 1.0000
vt 0.7500 1.0000
vt 0.8750 0.0000
vt 1.0000 0.0000
vt 1.0000 1.0000
vt 0.8750 1.0000
vt 0.5000 0.5000
vt 0.5000 1.0000
vt 1.0000 1.0000
vt 0.5000 0.5000
vt 1.0000 1.0000
vt 0.5000 1.0000
vt 0.5000 0.5000
vt 0.5000 1.0000
vt 1.0000 1.0000
vt 0.5000 0.5000
vt 1.0000 1.0000
vt 0.5000 1.0000
vt 0.5000 0.5000
vt 0.5000 1.0000
vt 1.0000 1.0000
vt 0.5000 0.5000
vt 1.0000 1.0000
vt 0.5000 1.0000
vt 0.5000 0.5000
vt 0.5000 1.0000
vt 1.0000 1.0000
vt 0.5000 0.5000
vt 1.0000 1.0000
vt 0.5000 1.0000
vt 0.5000 0.5000
vt 0.5000 1.0000
vt 1.0000 1.0000
vt 0.5000 0.5000
vt 1.0000 1.0000
vt 0.5000 1.0000
vt 0.5000 0.5000
vt 0.5000 1.0000
vt 1.0000 1.0000
vt 0.5000 0.5000
vt 1.0000 1.0000
vt 0.5000 1.0000
vt 0.5000 0.5000
vt 0.5000 1.0000
vt 1.0000 1.0000
vt 0.5000 0.5000
vt 1.0000 1.0000
vt 0.5000 1.0000
vt 0.5000 0.5000
vt 0.5000 1.0000
vt 1.0000 1.0000
vt 0.5000 0.5000
vt 1.0000 1.0000
vt 0.5000 1.0000
vt 0.0000 0.0000
vt 0.1250 0.0000
vt 0.1250 1.0000
vt 0.0000 1.0000
vt 0.1250 0.0000
vt 0.2500 0.0000
vt 0.2500 1.0000
vt 0.1250 1.0000
vt 0.2500 0.0000
vt 0.3750 0.0000
vt 0.3750 1.0000
vt 0.2500 1.0000
vt 0.3750 0.0000
vt 0.5000 0.0000
vt 0.5000 1.0000
vt 0.3750 1.0000
vt 0.5000 0.0000
vt 0.6250 0.0000
vt 0.6250 1.0000
vt 0.5000 1.0000
vt 0.6250 0.0000
vt 0.7500 0.0000
vt 0.7500 1.0000
vt 0.6250 1.0000
vt 0.7500 0.0000
vt 0.8750 0.0000
vt 0.8750 1.0000
vt 0.7500 1.0000
vt 0.8750 0.0000
vt 1.0000 0.0000
vt 1.0000 1.0000
vt 0.8750 1.0000
vt 0.5000 0.5000
vt 0.5000 1.0000
vt 1.0000 1.0000
vt 0.5000 0.5000
vt 1.0000 1.0000
vt 0.5000 1.0000
vt 0.5000 0.5000
vt 0.5000 1.0000
vt 1.0000 1.0000
vt 0.5000 0.5000
vt 1.0000 1.0000
vt 0.5000 1.0000
vt 0.5000 0.5000
vt 0.5000 1.0000
vt 1.0000 1.0000
vt 0.5000 0.5000
vt 1.0000 1.0000
vt 0.5000 1.0000
vt 0.5000 0.5000
vt 0.5000 1.0000
vt 1.0000 1.0000
vt 0.5000 0.5000
vt 1.0000 1.0000
vt 0.5000 1.0000
vt 0.5000 0.5000
vt 0.5000 1.0000
vt 1.0000 1.0000
vt 0.5000 0.5000
vt 1.0000 1.0000
vt 0.5000 1.0000
vt 0.5000 0.5000
vt 0.5000 1.0000
vt 1.0000 1.0000
vt 0.5000 0.5000
vt 1.0000 1.0000
vt 0.5000 1.0000
vt 0.5000 0.5000
vt 0.5000 1.0000
vt 1.0000 1.0000
vt 0.5000 0.5000
vt 1.0000 1.0000
vt 0.5000 1.0000
vt 0.5000 0.5000
vt 0.5000 1.0000
vt 1.0000 1.0000
vt 0.5000 0.5000
vt 1.0000 1.0000
vt 0.5000 1.0000
vt 0.0000 0.0000
vt 0.1250 0.0000
vt 0.1250 1.0000
vt 0.0000 1.0000
vt 0.1250 0.0000
vt 0.2500 0.0000
vt 0.2500 1.0000
vt 0.1250 1.0000
vt 0.2500 0.0000
vt 0.3750 0.0000
vt 0.3750 1.0000
vt 0.2500 1.0000
vt 0.3750 0.0000
vt 0.5000 0.0000
vt 0.5000 1.0000
vt 0.3750 1.0000
vt 0.5000 0.0000
vt 0.6250 0.0000
vt 0.6250 1.0000
vt 0.5000 1.0000
vt 0.6250 0.0000
vt 0.7500 0.0000
vt 0.7500 1.0000
vt 0.6250 1.0000
vt 0.7500 0.0000
vt 0.8750 0.0000
vt 0.8750 1.0000
vt 0.7500 1.0000
vt 0.8750 0.0000
vt 1.0000 0.0000
vt 1.0000 1.0000
vt 0.8750 1.0000
vt 0.5000 0.5000
vt 0.5000 1.0000
vt 1.0000 1.0000
vt 0.5000 0.5000
vt 1.0000 1.0000
vt 0.5000 1.0000
vt 0.5000 0.5000
vt 0.5000 1.0000
vt 1.0000 1.0000
vt 0.5000 0.5000
vt 1.0000 1.0000
vt 0.5000 1.0000
vt 0.5000 0.5000
vt 0.5000 1.0000
vt 1.0000 1.0000
vt 0.5000 0.5000
vt 1.0000 1.0000
vt 0.5000 1.0000
vt 0.5000 0.5000
vt 0.5000 1.0000
vt 1.0000 1.0000
vt 0.5000 0.5000
vt 1.0000 1.0000
vt 0.5000 1.0000
vt 0.5000 0.5000
vt 0.5000 1.0000
vt 1.0000 1.0000
vt 0.5000 0.5000
vt 1.0000 1.0000
vt 0.5000 1.0000
vt 0.5000 0.5000
vt 0.5000 1.0000
vt 1.0000 1.0000
vt 0.5000 0.5000
vt 1.0000 1.0000
vt 0.5000 1.0000
vt 0.5000 0.5000
vt 0.5000 1.0000
vt 1.0000 1.0000
vt 0.5000 0.5000
vt 1.0000 1.0000
vt 0.5000 1.0000
vt 0.5000 0.5000
vt 0.5000 1.0000
vt 1.0000 1.0000
vt 0.5000 0.5000
vt 1.0000 1.0000
vt 0.5000 1.0000
vt 0.0000 0.0000
vt 0.1250 0.0000
vt 0.1250 1.0000
vt 0.0000 1.0000
vt 0.1250 0.0000
vt 0.2500 0.0000
vt 0.2500 1.0000
vt 0.1250 1.0000
vt 0.2500 0.0000
vt 0.3750 0.0000
vt 0.3750 1.0000
vt 0.2500 1.0000
vt 0.3750 0.0000
vt 0.5000 0.0000
vt 0.5000 1.0000
vt 0.3750 1.0000
vt 0.5000 0.0000
vt 0.6250 0.0000
vt 0.6250 1.0000
vt 0.5000 1.0000
vt 0.6250 0.0000
vt 0.7500 0.0000
vt 0.7500 1.0000
vt 0.6250 1.0000
vt 0.7500 0.0000
vt 0.8750 0.0000
vt 0.8750 1.0000
vt 0.7500 1.0000
vt 0.8750 0.0000
vt 1.0000 0.0000
vt 1.0000 1.0000
vt 0.8750 1.0000
vt 0.5000 0.5000
vt 0.5000 1.0000
vt 1.0000 1.0000
vt 0.5000 0.5000
vt 1.0000 1.0000
vt 0.5000 1.0000
vt 0.5000 0.5000
vt 0.5000 1.0000
vt 1.0000 1.0000
vt 0.5000 0.5000
vt 1.0000 1.0000
vt 0.5000 1.0000
vt 0.5000 0.5000
vt 0.5000 1.0000
vt 1.0000 1.0000
vt 0.5000 0.5000
vt 1.0000 1.0000
vt 0.5000 1.0000
vt 0.5000 0.5000
vt 0.5000 1.0000
vt 1.0000 1.0000
vt 0.5000 0.5000
vt 1.0000 1.0000
vt 0.5000 1.0000
vt 0.5000 0.5000
vt 0.5000 1.0000
vt 1.0000 1.0000
vt 0.5000 0.5000
vt 1.0000 1.0000
vt 0.5000 1.0000
vt 0.5000 0.5000
vt 0.5000 1.0000
vt 1.0000 1.0000
vt 0.5000 0.5000
vt 1.0000 1.0000
vt 0.5000 1.0000
vt 0.5000 0.5000
vt 0.5000 1.0000
vt 1.0000 1.0000
vt 0.5000 0.5000
vt 1.0000 1.0000
vt 0.5000 1.0000
vt 0.5000 0.5000
vt 0.5000 1.0000
vt 1.0000 1.0000
vt 0.5000 0.5000
vt 1.0000 1.0000
vt 0.5000 1.0000
vt 0.0000 0.0000
vt 0.1250 0.0000
vt 0.1250 1.0000
vt 0.0000 1.0000
vt 0.1250 0.0000
vt 0.2500 0.0000
vt 0.2500 1.0000
vt 0.1250 1.0000
vt 0.2500 0.0000
vt 0.3750 0.0000
vt 0.3750 1.0000
vt 0.2500 1.0000
vt 0.3750 0.0000
vt 0.5000 0.0000
vt 0.5000 1.0000
vt 0.3750 1.0000
vt 0.5000 0.0000
vt 0.6250 0.0000
vt 0.6250 1.0000
vt 0.5000 1.0000
vt 0.6250 0.0000
vt 0.7500 0.0000
vt 0.7500 1.0000
vt 0.6250 1.0000
vt 0.7500 0.0000
vt 0.8750 0.0000
vt 0.8750 1.0000
vt 0.7500 1.0000
vt 0.8750 0.0000
vt 1.0000 0.0000
vt 1.0000 1.0000
vt 0.8750 1.0000
vt 0.5000 0.5000
vt 0.5000 1.0000
vt 1.0000 1.0000
vt 0.5000 0.5000
vt 1.0000 1.0000
vt 0.5000 1.0000
vt 0.5000 0.5000
vt 0.5000 1.0000
vt 1.0000 1.0000
vt 0.5000 0.5000
vt 1.0000 1.0000
vt 0.5000 1.0000
vt 0.5000 0.5000
vt 0.5000 1.0000
vt 1.0000 1.0000
vt 0.5000 0.5000
vt 1.0000 1.0000
vt 0.5000 1.0000
vt 0.5000 0.5000
vt 0.5000 1.0000
vt 1.0000 1.0000
vt 0.5000 0.5000
vt 1.0000 1.0000
vt 0.5000 1.0000
vt 0.5000 0.5000
vt 0.5000 1.0000
vt 1.0000 1.0000
vt 0.5000 0.5000
vt 1.0000 1.0000
vt 0.5000 1.0000
vt 0.5000 0.5000
vt 0.5000 1.0000
vt 1.0000 1.0000
vt 0.5000 0.5000
vt 1.0000 1.0000
vt 0.5000 1.0000
vt 0.5000 0.5000
vt 0.5000 1.0000
vt 1.0000 1.0000
vt 0.5000 0.5000
vt 1.0000 1.0000
vt 0.5000 1.0000
vt 0.5000 0.5000
vt 0.5000 1.0000
vt 1.0000 1.0000
vt 0.5000 0.5000
vt 1.0000 1.0000
vt 0.5000 1.0000
vt 0.0000 0.0000
vt 0.1250 0.0000
vt 0.1250 1.0000
vt 0.0000 1.0000
vt 0.1250 0.0000
vt 0.2500 0.0000
vt 0.2500 1.0000
vt 0.1250 1.0000
vt 0.2500 0.0000
vt 0.3750 0.0000
vt 0.3750 1.0000
vt 0.2500 1.0000
vt 0.3750 0.0000
vt 0.5000 0.0000
vt 0.5000 1.0000
vt 0.3750 1.0000
vt 0.5000 0.0000
vt 0.6250 0.0000
vt 0.6250 1.0000
vt 0.5000 1.0000
vt 0.6250 0.0000
vt 0.7500 0.0000
vt 0.7500 1.0000
vt 0.6250 1.0000
vt 0.7500 0.0000
vt 0.8750 0.0000
vt 0.8750 1.0000
vt 0.7500 1.0000
vt 0.8750 0.0000
vt 1.0000 0.0000
vt 1.0000 1.0000
vt 0.8750 1.0000
vt 0.5000 0.5000
vt 0.5000 1.0000
vt 1.0000 1.0000
vt 0.5000 0.5000
vt 1.0000 1.0000
vt 0.5000 1.0000
vt 0.5000 0.5000
vt 0.5000 1.0000
vt 1.0000 1.0000
vt 0.5000 0.5000
vt 1.0000 1.0000
vt 0.5000 1.0000
vt 0.5000 0.5000
vt 0.5000 1.0000
vt 1.0000 1.0000
vt 0.5000 0.5000
vt 1.0000 1.0000
vt 0.5000 1.0000
vt 0.5000 0.5000
vt 0.5000 1.0000
vt 1.0000 1.0000
vt 0.5000 0.5000
vt 1.0000 1.0000
vt 0.5000 1.0000
vt 0.5000 0.5000
vt 0.5000 1.0000
vt 1.0000 1.0000
vt 0.5000 0.5000
vt 1.0000 1.0000
vt 0.5000 1.0000
vt 0.5000 0.5000
vt 0.5000 1.0000
vt 1.0000 1.0000
vt 0.5000 0.5000
vt 1.0000 1.0000
vt 0.5000 1.0000
vt 0.5000 0.5000
vt 0.5000 1.0000
vt 1.0000 1.0000
vt 0.5000 0.5000
vt 1.0000 1.0000
vt 0.5000 1.0000
vt 0.5000 0.5000
vt 0.5000 1.0000
vt 1.0000 1.0000
vt 0.5000 0.5000
vt 1.0000 1.0000
vt 0.5000 1.0000
vt 0.0000 0.0000
vt 0.1250 0.0000
vt 0.1250 1.0000
vt 0.0000 1.0000
vt 0.1250 0.0000
vt 0.2500 0.0000
vt 0.2500 1.0000
vt 0.1250 1.0000
vt 0.2500 0.0000
vt 0.3750 0.0000
vt 0.3750 1.0000
vt 0.2500 1.0000
vt 0.3750 0.0000
vt 0.5000 0.0000
vt 0.5000 1.0000
vt 0.3750 1.0000
vt 0.5000 0.0000
vt 0.6250 0.0000
vt 0.6250 1.0000
vt 0.5000 1.0000
vt 0.6250 0.0000
vt 0.7500 0.0000
vt 0.7500 1.0000
vt 0.6250 1.0000
vt 0.7500 0.0000
vt 0.8750 0.0000
vt 0.8750 1.0000
vt 0.7500 1.0000
vt 0.8750 0.0000
vt 1.0000 0.0000
vt 1.0000 1.0000
vt 0.8750 1.0000
vt 0.5000 0.5000
vt 0.5000 1.0000
vt 1.0000 1.0000
vt 0.5000 0.5000
vt 1.0000 1.0000
vt 0.5000 1.0000
vt 0.5000 0.5000
vt 0.5000 1.0000
vt 1.0000 1.0000
vt 0.5000 0.5000
vt 1.0000 1.0000
vt 0.5000 1.0000
vt 0.5000 0.5000
vt 0.5000 1.0000
vt 1.0000 1.0000
vt 0.5000 0.5000
vt 1.0000 1.0000
vt 0.5000 1.0000
vt 0.5000 0.5000
vt 0.5000 1.0000
vt 1.0000 1.0000
vt 0.5000 0.5000
vt 1.0000 1.0000
vt 0.5000 1.0000
vt 0.5000 0.5000
vt 0.5000 1.0000
vt 1.0000 1.0000
vt 0.5000 0.5000
vt 1.0000 1.0000
vt 0.5000 1.0000
vt 0.5000 0.5000
vt 0.5000 1.0000
vt 1.0000 1.0000
vt 0.5000 0.5000
vt 1.0000 1.0000
vt 0.5000 1.0000
vt 0.5000 0.5000
vt 0.5000 1.0000
vt 1.0000 1.0000
vt 0.5000 0.5000
vt 1.0000 1.0000
vt 0.5000 1.0000
vt 0.5000 0.5000
vt 0.5000 1.0000
vt 1.0000 1.0000
vt 0.5000 0.5000
vt 1.0000 1.0000
vt 0.5000 1.0000
vt 0.0000 0.0000
vt 0.0833 0.0000
vt 0.0833 1.0000
vt 0.0000 1.0000
vt 0.0833 0.0000
vt 0.1667 0.0000
vt 0.1667 1.0000
vt 0.0833 1.0000
vt 0.1667 0.0000
vt 0.2500 0.0000
vt 0.2500 1.0000
vt 0.1667 1.0000
vt 0.2500 0.0000
vt 0.3333 0.0000
vt 0.3333 1.0000
vt 0.2500 1.0000
vt 0.3333 0.0000
vt 0.4167 0.0000
vt 0.4167 1.0000
vt 0.3333 1.0000
vt 0.4167 0.0000
vt 0.5000 0.0000
vt 0.5000 1.0000
vt 0.4167 1.0000
vt 0.5000 0.0000
vt 0.5833 0.0000
vt 0.5833 1.0000
vt 0.5000 1.0000
vt 0.5833 0.0000
vt 0.6667 0.0000
vt 0.6667 1.0000
vt 0.5833 1.0000
vt 0.6667 0.0000
vt 0.7500 0.0000
vt 0.7500 1.0000
vt 0.6667 1.0000
vt 0.7500 0.0000
vt 0.8333 0.0000
vt 0.8333 1.0000
vt 0.7500 1.0000
vt 0.8333 0.0000
vt 0.9167 0.0000
vt 0.9167 1.0000
vt 0.8333 1.0000
vt 0.9167 0.0000
vt 0.9167 1.0000
vt 1.0000 1.0000
vt 1.0000 0.0000
vt 0.5000 0.5000
vt 1.0000 0.5000
vt 0.9330 0.7500
vt 0.5000 0.5000
vt 0.9330 0.7500
vt 1.0000 0.5000
vt 0.5000 0.5000
vt 0.9330 0.7500
vt 0.7500 0.9330
vt 0.5000 0.5000
vt 0.7500 0.9330
vt 0.9330 0.7500
vt 0.5000 0.5000
vt 0.7500 0.9330
vt 0.5000 1.0000
vt 0.5000 0.5000
vt 0.5000 1.0000
vt 0.7500 0.9330
vt 0.5000 0.5000
vt 0.5000 1.0000
vt 0.2500 0.9330
vt 0.5000 0.5000
vt 0.2500 0.9330
vt 0.5000 1.0000
vt 0.5000 0.5000
vt 0.2500 0.9330
vt 0.0670 0.7500
vt 0.5000 0.5000
vt 0.0670 0.7500
vt 0.2500 0.9330
vt 0.5000 0.5000
vt 0.0670 0.7500
vt 0.0000 0.5000
vt 0.5000 0.5000
vt 0.0000 0.5000
vt 0.0670 0.7500
vt 0.5000 0.5000
vt 0.0000 0.5000
vt 0.0670 0.2500
vt 0.5000 0.5000
vt 0.0670 0.2500
vt 0.0000 0.5000
vt 0.5000 0.5000
vt 0.0670 0.2500
vt 0.2500 0.0670
vt 0.5000 0.5000
vt 0.2500 0.0670
vt 0.0670 0.2500
vt 0.5000 0.5000
vt 0.2500 0.0670
vt 0.5000 0.0000
vt 0.5000 0.5000
vt 0.5000 0.0000
vt 0.2500 0.0670
vt 0.5000 0.5000
vt 0.5000 0.0000
vt 0.7500 0.0670
vt 0.5000 0.5000
vt 0.7500 0.0670
vt 0.5000 0.0000
vt 0.5000 0.5000
vt 0.7500 0.0670
vt 0.9330 0.2500
vt 0.5000 0.5000
vt 0.9330 0.2500
vt 0.7500 0.0670
vt 0.5000 0.5000
vt 0.9330 0.2500
vt 1.0000 0.5000
vt 0.5000 0.5000
vt 1.0000 0.5000
vt 0.9330 0.2500
vt 0.0000 0.0000
vt 0.0833 0.0000
vt 0.0833 1.0000
vt 0.0000 1.0000
vt 0.0833 0.0000
vt 0.1667 0.0000
vt 0.1667 1.0000
vt 0.0833 1.0000
vt 0.1667 0.0000
vt 0.2500 0.0000
vt 0.2500 1.0000
vt 0.1667 1.0000
vt 0.2500 0.0000
vt 0.3333 0.0000
vt 0.3333 1.0000
vt 0.2500 1.0000
vt 0.3333 0.0000
vt 0.4167 0.0000
vt 0.4167 1.0000
vt 0.3333 1.0000
vt 0.4167 0.0000
vt 0.5000 0.0000
vt 0.5000 1.0000
vt 0.4167 1.0000
vt 0.5000 0.0000
vt 0.5833 0.0000
vt 0.5833 1.0000
vt 0.5000 1.0000
vt 0.5833 0.0000
vt 0.6667 0.0000
vt 0.6667 1.0000
vt 0.5833 1.0000
vt 0.6667 0.0000
vt 0.7500 0.0000
vt 0.7500 1.0000
vt 0.6667 1.0000
vt 0.7500 0.0000
vt 0.8333 0.0000
vt 0.8333 1.0000
vt 0.7500 1.0000
vt 0.8333 0.0000
vt 0.9167 0.0000
vt 0.9167 1.0000
vt 0.8333 1.0000
vt 0.9167 0.0000
vt 0.9167 1.0000
vt 1.0000 1.0000
vt 1.0000 0.0000
vt 0.0000 0.0000
vt 0.0833 0.0000
vt 0.0833 1.0000
vt 0.0000 1.0000
vt 0.0833 0.0000
vt 0.1667 0.0000
vt 0.1667 1.0000
vt 0.0833 1.0000
vt 0.1667 0.0000
vt 0.2500 0.0000
vt 0.2500 1.0000
vt 0.1667 1.0000
vt 0.2500 0.0000
vt 0.3333 0.0000
vt 0.3333 1.0000
vt 0.2500 1.0000
vt 0.3333 0.0000
vt 0.4167 0.0000
vt 0.4167 1.0000
vt 0.3333 1.0000
vt 0.4167 0.0000
vt 0.5000 0.0000
vt 0.5000 1.0000
vt 0.4167 1.0000
vt 0.5000 0.0000
vt 0.5833 0.0000
vt 0.5833 1.0000
vt 0.5000 1.0000
vt 0.5833 0.0000
vt 0.6667 0.0000
vt 0.6667 1.0000
vt 0.5833 1.0000
vt 0.6667 0.0000
vt 0.7500 0.0000
vt 0.7500 1.0000
vt 0.6667 1.0000
vt 0.7500 0.0000
vt 0.8333 0.0000
vt 0.8333 1.0000
vt 0.7500 1.0000
vt 0.8333 0.0000
vt 0.9167 0.0000
vt 0.9167 1.0000
vt 0.8333 1.0000
vt 0.9167 0.0000
vt 0.9167 1.0000
vt 1.0000 1.0000
vt 1.0000 0.0000
vt 0.5000 0.5000
vt 1.0000 0.5000
vt 0.9330 0.7500
vt 0.5000 0.5000
vt 0.9330 0.7500
vt 1.0000 0.5000
vt 0.5000 0.5000
vt 0.9330 0.7500
vt 0.7500 0.9330
vt 0.5000 0.5000
vt 0.7500 0.9330
vt 0.9330 0.7500
vt 0.5000 0.5000
vt 0.7500 0.9330
vt 0.5000 1.0000
vt 0.5000 0.5000
vt 0.5000 1.0000
vt 0.7500 0.9330
vt 0.5000 0.5000
vt 0.5000 1.0000
vt 0.2500 0.9330
vt 0.5000 0.5000
vt 0.2500 0.9330
vt 0.5000 1.0000
vt 0.5000 0.5000
vt 0.2500 0.9330
vt 0.0670 0.7500
vt 0.5000 0.5000
vt 0.0670 0.7500
vt 0.2500 0.9330
vt 0.5000 0.5000
vt 0.0670 0.7500
vt 0.0000 0.5000
vt 0.5000 0.5000
vt 0.0000 0.5000
vt 0.0670 0.7500
vt 0.5000 0.5000
vt 0.0000 0.5000
vt 0.0670 0.2500
vt 0.5000 0.5000
vt 0.0670 0.2500
vt 0.0000 0.5000
vt 0.5000 0.5000
vt 0.0670 0.2500
vt 0.2500 0.0670
vt 0.5000 0.5000
vt 0.2500 0.0670
vt 0.0670 0.2500
vt 0.5000 0.5000
vt 0.2500 0.0670
vt 0.5000 0.0000
vt 0.5000 0.5000
vt 0.5000 0.0000
vt 0.2500 0.0670
vt 0.5000 0.5000
vt 0.5000 0.0000
vt 0.7500 0.0670
vt 0.5000 0.5000
vt 0.7500 0.0670
vt 0.5000 0.0000
vt 0.5000 0.5000
vt 0.7500 0.0670
vt 0.9330 0.2500
vt 0.5000 0.5000
vt 0.9330 0.2500
vt 0.7500 0.0670
vt 0.5000 0.5000
vt 0.9330 0.2500
vt 1.0000 0.5000
vt 0.5000 0.5000
vt 1.0000 0.5000
vt 0.9330 0.2500
vt 0.0000 0.0000
vt 0.7600 0.0000
vt 0.7600 0.1600
vt 0.0000 0.1600
vt 0.0000 0.0000
vt 0.7600 0.0000
vt 0.7600 0.1600
vt 0.0000 0.1600
vt 0.0000 0.0000
vt 0.0000 0.0800
vt 0.7600 0.0800
vt 0.7600 0.0000
vt 0.0000 0.0000
vt 0.0000 0.0800
vt 0.7600 0.0800
vt 0.7600 0.0000
vt 0.0000 0.0000
vt 0.0000 0.0800
vt 0.1600 0.0800
vt 0.1600 0.0000
vt 0.0000 0.0000
vt 0.0000 0.0800
vt 0.1600 0.0800
vt 0.1600 0.0000
vt 0.0000 0.0000
vt 0.0833 0.0000
vt 0.0833 1.0000
vt 0.0000 1.0000
vt 0.0833 0.0000
vt 0.1667 0.0000
vt 0.1667 1.0000
vt 0.0833 1.0000
vt 0.1667 0.0000
vt 0.2500 0.0000
vt 0.2500 1.0000
vt 0.1667 1.0000
vt 0.2500 0.0000
vt 0.3333 0.0000
vt 0.3333 1.0000
vt 0.2500 1.0000
vt 0.3333 0.0000
vt 0.4167 0.0000
vt 0.4167 1.0000
vt 0.3333 1.0000
vt 0.4167 0.0000
vt 0.5000 0.0000
vt 0.5000 1.0000
vt 0.4167 1.0000
vt 0.5000 0.0000
vt 0.5833 0.0000
vt 0.5833 1.0000
vt 0.5000 1.0000
vt 0.5833 0.0000
vt 0.6667 0.0000
vt 0.6667 1.0000
vt 0.5833 1.0000
vt 0.6667 0.0000
vt 0.7500 0.0000
vt 0.7500 1.0000
vt 0.6667 1.0000
vt 0.7500 0.0000
vt 0.8333 0.0000
vt 0.8333 1.0000
vt 0.7500 1.0000
vt 0.8333 0.0000
vt 0.9167 0.0000
vt 0.9167 1.0000
vt 0.8333 1.0000
vt 0.9167 0.0000
vt 0.9167 1.0000
vt 1.0000 1.0000
vt 1.0000 0.0000
vt 0.5000 0.5000
vt 1.0000 0.5000
vt 0.9330 0.7500
vt 0.5000 0.5000
vt 0.9330 0.7500
vt 1.0000 0.5000
vt 0.5000 0.5000
vt 0.9330 0.7500
vt 0.7500 0.9330
vt 0.5000 0.5000
vt 0.7500 0.9330
vt 0.9330 0.7500
vt 0.5000 0.5000
vt 0.7500 0.9330
vt 0.5000 1.0000
vt 0.5000 0.5000
vt 0.5000 1.0000
vt 0.7500 0.9330
vt 0.5000 0.5000
vt 0.5000 1.0000
vt 0.2500 0.9330
vt 0.5000 0.5000
vt 0.2500 0.9330
vt 0.5000 1.0000
vt 0.5000 0.5000
vt 0.2500 0.9330
vt 0.0670 0.7500
vt 0.5000 0.5000
vt 0.0670 0.7500
vt 0.2500 0.9330
vt 0.5000 0.5000
vt 0.0670 0.7500
vt 0.0000 0.5000
vt 0.5000 0.5000
vt 0.0000 0.5000
vt 0.0670 0.7500
vt 0.5000 0.5000
vt 0.0000 0.5000
vt 0.0670 0.2500
vt 0.5000 0.5000
vt 0.0670 0.2500
vt 0.0000 0.5000
vt 0.5000 0.5000
vt 0.0670 0.2500
vt 0.2500 0.0670
vt 0.5000 0.5000
vt 0.2500 0.0670
vt 0.0670 0.2500
vt 0.5000 0.5000
vt 0.2500 0.0670
vt 0.5000 0.0000
vt 0.5000 0.5000
vt 0.5000 0.0000
vt 0.2500 0.0670
vt 0.5000 0.5000
vt 0.5000 0.0000
vt 0.7500 0.0670
vt 0.5000 0.5000
vt 0.7500 0.0670
vt 0.5000 0.0000
vt 0.5000 0.5000
vt 0.7500 0.0670
vt 0.9330 0.2500
vt 0.5000 0.5000
vt 0.9330 0.2500
vt 0.7500 0.0670
vt 0.5000 0.5000
vt 0.9330 0.2500
vt 1.0000 0.5000
vt 0.5000 0.5000
vt 1.0000 0.5000
vt 0.9330 0.2500
vt 0.0000 0.0000
vt 0.0833 0.0000
vt 0.0833 1.0000
vt 0.0000 1.0000
vt 0.0833 0.0000
vt 0.1667 0.0000
vt 0.1667 1.0000
vt 0.0833 1.0000
vt 0.1667 0.0000
vt 0.2500 0.0000
vt 0.2500 1.0000
vt 0.1667 1.0000
vt 0.2500 0.0000
vt 0.3333 0.0000
vt 0.3333 1.0000
vt 0.2500 1.0000
vt 0.3333 0.0000
vt 0.4167 0.0000
vt 0.4167 1.0000
vt 0.3333 1.0000
vt 0.4167 0.0000
vt 0.5000 0.0000
vt 0.5000 1.0000
vt 0.4167 1.0000
vt 0.5000 0.0000
vt 0.5833 0.0000
vt 0.5833 1.0000
vt 0.5000 1.0000
vt 0.5833 0.0000
vt 0.6667 0.0000
vt 0.6667 1.0000
vt 0.5833 1.0000
vt 0.6667 0.0000
vt 0.7500 0.0000
vt 0.7500 1.0000
vt 0.6667 1.0000
vt 0.7500 0.0000
vt 0.8333 0.0000
vt 0.8333 1.0000
vt 0.7500 1.0000
vt 0.8333 0.0000
vt 0.9167 0.0000
vt 0.9167 1.0000
vt 0.8333 1.0000
vt 0.9167 0.0000
vt 0.9167 1.0000
vt 1.0000 1.0000
vt 1.0000 0.0000
vt 0.0000 0.0000
vt 0.0833 0.0000
vt 0.0833 1.0000
vt 0.0000 1.0000
vt 0.0833 0.0000
vt 0.1667 0.0000
vt 0.1667 1.0000
vt 0.0833 1.0000
vt 0.1667 0.0000
vt 0.2500 0.0000
vt 0.2500 1.0000
vt 0.1667 1.0000
vt 0.2500 0.0000
vt 0.3333 0.0000
vt 0.3333 1.0000
vt 0.2500 1.0000
vt 0.3333 0.0000
vt 0.4167 0.0000
vt 0.4167 1.0000
vt 0.3333 1.0000
vt 0.4167 0.0000
vt 0.5000 0.0000
vt 0.5000 1.0000
vt 0.4167 1.0000
vt 0.5000 0.0000
vt 0.5833 0.0000
vt 0.5833 1.0000
vt 0.5000 1.0000
vt 0.5833 0.0000
vt 0.6667 0.0000
vt 0.6667 1.0000
vt 0.5833 1.0000
vt 0.6667 0.0000
vt 0.7500 0.0000
vt 0.7500 1.0000
vt 0.6667 1.0000
vt 0.7500 0.0000
vt 0.8333 0.0000
vt 0.8333 1.0000
vt 0.7500 1.0000
vt 0.8333 0.0000
vt 0.9167 0.0000
vt 0.9167 1.0000
vt 0.8333 1.0000
vt 0.9167 0.0000
vt 0.9167 1.0000
vt 1.0000 1.0000
vt 1.0000 0.0000
vt 0.5000 0.5000
vt 1.0000 0.5000
vt 0.9330 0.7500
vt 0.5000 0.5000
vt 0.9330 0.7500
vt 1.0000 0.5000
vt 0.5000 0.5000
vt 0.9330 0.7500
vt 0.7500 0.9330
vt 0.5000 0.5000
vt 0.7500 0.9330
vt 0.9330 0.7500
vt 0.5000 0.5000
vt 0.7500 0.9330
vt 0.5000 1.0000
vt 0.5000 0.5000
vt 0.5000 1.0000
vt 0.7500 0.9330
vt 0.5000 0.5000
vt 0.5000 1.0000
vt 0.2500 0.9330
vt 0.5000 0.5000
vt 0.2500 0.9330
vt 0.5000 1.0000
vt 0.5000 0.5000
vt 0.2500 0.9330
vt 0.0670 0.7500
vt 0.5000 0.5000
vt 0.0670 0.7500
vt 0.2500 0.9330
vt 0.5000 0.5000
vt 0.0670 0.7500
vt 0.0000 0.5000
vt 0.5000 0.5000
vt 0.0000 0.5000
vt 0.0670 0.7500
vt 0.5000 0.5000
vt 0.0000 0.5000
vt 0.0670 0.2500
vt 0.5000 0.5000
vt 0.0670 0.2500
vt 0.0000 0.5000
vt 0.5000 0.5000
vt 0.0670 0.2500
vt 0.2500 0.0670
vt 0.5000 0.5000
vt 0.2500 0.0670
vt 0.0670 0.2500
vt 0.5000 0.5000
vt 0.2500 0.0670
vt 0.5000 0.0000
vt 0.5000 0.5000
vt 0.5000 0.0000
vt 0.2500 0.0670
vt 0.5000 0.5000
vt 0.5000 0.0000
vt 0.7500 0.0670
vt 0.5000 0.5000
vt 0.7500 0.0670
vt 0.5000 0.0000
vt 0.5000 0.5000
vt 0.7500 0.0670
vt 0.9330 0.2500
vt 0.5000 0.5000
vt 0.9330 0.2500
vt 0.7500 0.0670
vt 0.5000 0.5000
vt 0.9330 0.2500
vt 1.0000 0.5000
vt 0.5000 0.5000
vt 1.0000 0.5000
vt 0.9330 0.2500
vt 0.0000 0.0000
vt 0.7600 0.0000
vt 0.7600 0.1600
vt 0.0000 0.1600
vt 0.0000 0.0000
vt 0.7600 0.0000
vt 0.7600 0.1600
vt 0.0000 0.1600
vt 0.0000 0.0000
vt 0.0000 0.0800
vt 0.7600 0.0800
vt 0.7600 0.0000
vt 0.0000 0.0000
vt 0.0000 0.0800
vt 0.7600 0.0800
vt 0.7600 0.0000
vt 0.0000 0.0000
vt 0.0000 0.0800
vt 0.1600 0.0800
vt 0.1600 0.0000
vt 0.0000 0.0000
vt 0.0000 0.0800
vt 0.1600 0.0800
vt 0.1600 0.0000
vt 0.0000 0.0000
vt 0.0833 0.0000
vt 0.0833 1.0000
vt 0.0000 1.0000
vt 0.0833 0.0000
vt 0.1667 0.0000
vt 0.1667 1.0000
vt 0.0833 1.0000
vt 0.1667 0.0000
vt 0.2500 0.0000
vt 0.2500 1.0000
vt 0.1667 1.0000
vt 0.2500 0.0000
vt 0.3333 0.0000
vt 0.3333 1.0000
vt 0.2500 1.0000
vt 0.3333 0.0000
vt 0.4167 0.0000
vt 0.4167 1.0000
vt 0.3333 1.0000
vt 0.4167 0.0000
vt 0.5000 0.0000
vt 0.5000 1.0000
vt 0.4167 1.0000
vt 0.5000 0.0000
vt 0.5833 0.0000
vt 0.5833 1.0000
vt 0.5000 1.0000
vt 0.5833 0.0000
vt 0.6667 0.0000
vt 0.6667 1.0000
vt 0.5833 1.0000
vt 0.6667 0.0000
vt 0.7500 0.0000
vt 0.7500 1.0000
vt 0.6667 1.0000
vt 0.7500 0.0000
vt 0.8333 0.0000
vt 0.8333 1.0000
vt 0.7500 1.0000
vt 0.8333 0.0000
vt 0.9167 0.0000
vt 0.9167 1.0000
vt 0.8333 1.0000
vt 0.9167 0.0000
vt 0.9167 1.0000
vt 1.0000 1.0000
vt 1.0000 0.0000
vt 0.5000 0.5000
vt 1.0000 0.5000
vt 0.9330 0.7500
vt 0.5000 0.5000
vt 0.9330 0.7500
vt 1.0000 0.5000
vt 0.5000 0.5000
vt 0.9330 0.7500
vt 0.7500 0.9330
vt 0.5000 0.5000
vt 0.7500 0.9330
vt 0.9330 0.7500
vt 0.5000 0.5000
vt 0.7500 0.9330
vt 0.5000 1.0000
vt 0.5000 0.5000
vt 0.5000 1.0000
vt 0.7500 0.9330
vt 0.5000 0.5000
vt 0.5000 1.0000
vt 0.2500 0.9330
vt 0.5000 0.5000
vt 0.2500 0.9330
vt 0.5000 1.0000
vt 0.5000 0.5000
vt 0.2500 0.9330
vt 0.0670 0.7500
vt 0.5000 0.5000
vt 0.0670 0.7500
vt 0.2500 0.9330
vt 0.5000 0.5000
vt 0.0670 0.7500
vt 0.0000 0.5000
vt 0.5000 0.5000
vt 0.0000 0.5000
vt 0.0670 0.7500
vt 0.5000 0.5000
vt 0.0000 0.5000
vt 0.0670 0.2500
vt 0.5000 0.5000
vt 0.0670 0.2500
vt 0.0000 0.5000
vt 0.5000 0.5000
vt 0.0670 0.2500
vt 0.2500 0.0670
vt 0.5000 0.5000
vt 0.2500 0.0670
vt 0.0670 0.2500
vt 0.5000 0.5000
vt 0.2500 0.0670
vt 0.5000 0.0000
vt 0.5000 0.5000
vt 0.5000 0.0000
vt 0.2500 0.0670
vt 0.5000 0.5000
vt 0.5000 0.0000
vt 0.7500 0.0670
vt 0.5000 0.5000
vt 0.7500 0.0670
vt 0.5000 0.0000
vt 0.5000 0.5000
vt 0.7500 0.0670
vt 0.9330 0.2500
vt 0.5000 0.5000
vt 0.9330 0.2500
vt 0.7500 0.0670
vt 0.5000 0.5000
vt 0.9330 0.2500
vt 1.0000 0.5000
vt 0.5000 0.5000
vt 1.0000 0.5000
vt 0.9330 0.2500
vt 0.0000 0.0000
vt 0.0833 0.0000
vt 0.0833 1.0000
vt 0.0000 1.0000
vt 0.0833 0.0000
vt 0.1667 0.0000
vt 0.1667 1.0000
vt 0.0833 1.0000
vt 0.1667 0.0000
vt 0.2500 0.0000
vt 0.2500 1.0000
vt 0.1667 1.0000
vt 0.2500 0.0000
vt 0.3333 0.0000
vt 0.3333 1.0000
vt 0.2500 1.0000
vt 0.3333 0.0000
vt 0.4167 0.0000
vt 0.4167 1.0000
vt 0.3333 1.0000
vt 0.4167 0.0000
vt 0.5000 0.0000
vt 0.5000 1.0000
vt 0.4167 1.0000
vt 0.5000 0.0000
vt 0.5833 0.0000
vt 0.5833 1.0000
vt 0.5000 1.0000
vt 0.5833 0.0000
vt 0.6667 0.0000
vt 0.6667 1.0000
vt 0.5833 1.0000
vt 0.6667 0.0000
vt 0.7500 0.0000
vt 0.7500 1.0000
vt 0.6667 1.0000
vt 0.7500 0.0000
vt 0.8333 0.0000
vt 0.8333 1.0000
vt 0.7500 1.0000
vt 0.8333 0.0000
vt 0.9167 0.0000
vt 0.9167 1.0000
vt 0.8333 1.0000
vt 0.9167 0.0000
vt 0.9167 1.0000
vt 1.0000 1.0000
vt 1.0000 0.0000
vt 0.0000 0.0000
vt 0.0833 0.0000
vt 0.0833 1.0000
vt 0.0000 1.0000
vt 0.0833 0.0000
vt 0.1667 0.0000
vt 0.1667 1.0000
vt 0.0833 1.0000
vt 0.1667 0.0000
vt 0.2500 0.0000
vt 0.2500 1.0000
vt 0.1667 1.0000
vt 0.2500 0.0000
vt 0.3333 0.0000
vt 0.3333 1.0000
vt 0.2500 1.0000
vt 0.3333 0.0000
vt 0.4167 0.0000
vt 0.4167 1.0000
vt 0.3333 1.0000
vt 0.4167 0.0000
vt 0.5000 0.0000
vt 0.5000 1.0000
vt 0.4167 1.0000
vt 0.5000 0.0000
vt 0.5833 0.0000
vt 0.5833 1.0000
vt 0.5000 1.0000
vt 0.5833 0.0000
vt 0.6667 0.0000
vt 0.6667 1.0000
vt 0.5833 1.0000
vt 0.6667 0.0000
vt 0.7500 0.0000
vt 0.7500 1.0000
vt 0.6667 1.0000
vt 0.7500 0.0000
vt 0.8333 0.0000
vt 0.8333 1.0000
vt 0.7500 1.0000
vt 0.8333 0.0000
vt 0.9167 0.0000
vt 0.9167 1.0000
vt 0.8333 1.0000
vt 0.9167 0.0000
vt 0.9167 1.0000
vt 1.0000 1.0000
vt 1.0000 0.0000
vt 0.5000 0.5000
vt 1.0000 0.5000
vt 0.9330 0.7500
vt 0.5000 0.5000
vt 0.9330 0.7500
vt 1.0000 0.5000
vt 0.5000 0.5000
vt 0.9330 0.7500
vt 0.7500 0.9330
vt 0.5000 0.5000
vt 0.7500 0.9330
vt 0.9330 0.7500
vt 0.5000 0.5000
vt 0.7500 0.9330
vt 0.5000 1.0000
vt 0.5000 0.5000
vt 0.5000 1.0000
vt 0.7500 0.9330
vt 0.5000 0.5000
vt 0.5000 1.0000
vt 0.2500 0.9330
vt 0.5000 0.5000
vt 0.2500 0.9330
vt 0.5000 1.0000
vt 0.5000 0.5000
vt 0.2500 0.9330
vt 0.0670 0.7500
vt 0.5000 0.5000
vt 0.0670 0.7500
vt 0.2500 0.9330
vt 0.5000 0.5000
vt 0.0670 0.7500
vt 0.0000 0.5000
vt 0.5000 0.5000
vt 0.0000 0.5000
vt 0.0670 0.7500
vt 0.5000 0.5000
vt 0.0000 0.5000
vt 0.0670 0.2500
vt 0.5000 0.5000
vt 0.0670 0.2500
vt 0.0000 0.5000
vt 0.5000 0.5000
vt 0.0670 0.2500
vt 0.2500 0.0670
vt 0.5000 0.5000
vt 0.2500 0.0670
vt 0.0670 0.2500
vt 0.5000 0.5000
vt 0.2500 0.0670
vt 0.5000 0.0000
vt 0.5000 0.5000
vt 0.5000 0.0000
vt 0.2500 0.0670
vt 0.5000 0.5000
vt 0.5000 0.0000
vt 0.7500 0.0670
vt 0.5000 0.5000
vt 0.7500 0.0670
vt 0.5000 0.0000
vt 0.5000 0.5000
vt 0.7500 0.0670
vt 0.9330 0.2500
vt 0.5000 0.5000
vt 0.9330 0.2500
vt 0.7500 0.0670
vt 0.5000 0.5000
vt 0.9330 0.2500
vt 1.0000 0.5000
vt 0.5000 0.5000
vt 1.0000 0.5000
vt 0.9330 0.2500
vt 0.0000 0.0000
vt 0.7600 0.0000
vt 0.7600 0.1600
vt 0.0000 0.1600
vt 0.0000 0.0000
vt 0.7600 0.0000
vt 0.7600 0.1600
vt 0.0000 0.1600
vt 0.0000 0.0000
vt 0.0000 0.0800
vt 0.7600 0.0800
vt 0.7600 0.0000
vt 0.0000 0.0000
vt 0.0000 0.0800
vt 0.7600 0.0800
vt 0.7600 0.0000
vt 0.0000 0.0000
vt 0.0000 0.0800
vt 0.1600 0.0800
vt 0.1600 0.0000
vt 0.0000 0.0000
vt 0.0000 0.0800
vt 0.1600 0.0800
vt 0.1600 0.0000
vt 0.0000 0.0000
vt 0.0833 0.0000
vt 0.0833 1.0000
vt 0.0000 1.0000
vt 0.0833 0.0000
vt 0.1667 0.0000
vt 0.1667 1.0000
vt 0.0833 1.0000
vt 0.1667 0.0000
vt 0.2500 0.0000
vt 0.2500 1.0000
vt 0.1667 1.0000
vt 0.2500 0.0000
vt 0.3333 0.0000
vt 0.3333 1.0000
vt 0.2500 1.0000
vt 0.3333 0.0000
vt 0.4167 0.0000
vt 0.4167 1.0000
vt 0.3333 1.0000
vt 0.4167 0.0000
vt 0.5000 0.0000
vt 0.5000 1.0000
vt 0.4167 1.0000
vt 0.5000 0.0000
vt 0.5833 0.0000
vt 0.5833 1.0000
vt 0.5000 1.0000
vt 0.5833 0.0000
vt 0.6667 0.0000
vt 0.6667 1.0000
vt 0.5833 1.0000
vt 0.6667 0.0000
vt 0.7500 0.0000
vt 0.7500 1.0000
vt 0.6667 1.0000
vt 0.7500 0.0000
vt 0.8333 0.0000
vt 0.8333 1.0000
vt 0.7500 1.0000
vt 0.8333 0.0000
vt 0.9167 0.0000
vt 0.9167 1.0000
vt 0.8333 1.0000
vt 0.9167 0.0000
vt 0.9167 1.0000
vt 1.0000 1.0000
vt 1.0000 0.0000
vt 0.5000 0.5000
vt 1.0000 0.5000
vt 0.9330 0.7500
vt 0.5000 0.5000
vt 0.9330 0.7500
vt 1.0000 0.5000
vt 0.5000 0.5000
vt 0.9330 0.7500
vt 0.7500 0.9330
vt 0.5000 0.5000
vt 0.7500 0.9330
vt 0.9330 0.7500
vt 0.5000 0.5000
vt 0.7500 0.9330
vt 0.5000 1.0000
vt 0.5000 0.5000
vt 0.5000 1.0000
vt 0.7500 0.9330
vt 0.5000 0.5000
vt 0.5000 1.0000
vt 0.2500 0.9330
vt 0.5000 0.5000
vt 0.2500 0.9330
vt 0.5000 1.0000
vt 0.5000 0.5000
vt 0.2500 0.9330
vt 0.0670 0.7500
vt 0.5000 0.5000
vt 0.0670 0.7500
vt 0.2500 0.9330
vt 0.5000 0.5000
vt 0.0670 0.7500
vt 0.0000 0.5000
vt 0.5000 0.5000
vt 0.0000 0.5000
vt 0.0670 0.7500
vt 0.5000 0.5000
vt 0.0000 0.5000
vt 0.0670 0.2500
vt 0.5000 0.5000
vt 0.0670 0.2500
vt 0.0000 0.5000
vt 0.5000 0.5000
vt 0.0670 0.2500
vt 0.2500 0.0670
vt 0.5000 0.5000
vt 0.2500 0.0670
vt 0.0670 0.2500
vt 0.5000 0.5000
vt 0.2500 0.0670
vt 0.5000 0.0000
vt 0.5000 0.5000
vt 0.5000 0.0000
vt 0.2500 0.0670
vt 0.5000 0.5000
vt 0.5000 0.0000
vt 0.7500 0.0670
vt 0.5000 0.5000
vt 0.7500 0.0670
vt 0.5000 0.0000
vt 0.5000 0.5000
vt 0.7500 0.0670
vt 0.9330 0.2500
vt 0.5000 0.5000
vt 0.9330 0.2500
vt 0.7500 0.0670
vt 0.5000 0.5000
vt 0.9330 0.2500
vt 1.0000 0.5000
vt 0.5000 0.5000
vt 1.0000 0.5000
vt 0.9330 0.2500
vt 0.0000 0.0000
vt 0.0833 0.0000
vt 0.0833 1.0000
vt 0.0000 1.0000
vt 0.0833 0.0000
vt 0.1667 0.0000
vt 0.1667 1.0000
vt 0.0833 1.0000
vt 0.1667 0.0000
vt 0.2500 0.0000
vt 0.2500 1.0000
vt 0.1667 1.0000
vt 0.2500 0.0000
vt 0.3333 0.0000
vt 0.3333 1.0000
vt 0.2500 1.0000
vt 0.3333 0.0000
vt 0.4167 0.0000
vt 0.4167 1.0000
vt 0.3333 1.0000
vt 0.4167 0.0000
vt 0.5000 0.0000
vt 0.5000 1.0000
vt 0.4167 1.0000
vt 0.5000 0.0000
vt 0.5833 0.0000
vt 0.5833 1.0000
vt 0.5000 1.0000
vt 0.5833 0.0000
vt 0.6667 0.0000
vt 0.6667 1.0000
vt 0.5833 1.0000
vt 0.6667 0.0000
vt 0.7500 0.0000
vt 0.7500 1.0000
vt 0.6667 1.0000
vt 0.7500 0.0000
vt 0.8333 0.0000
vt 0.8333 1.0000
vt 0.7500 1.0000
vt 0.8333 0.0000
vt 0.9167 0.0000
vt 0.9167 1.0000
vt 0.8333 1.0000
vt 0.9167 0.0000
vt 0.9167 1.0000
vt 1.0000 1.0000
vt 1.0000 0.0000
vt 0.0000 0.0000
vt 0.0833 0.0000
vt 0.0833 1.0000
vt 0.0000 1.0000
vt 0.0833 0.0000
vt 0.1667 0.0000
vt 0.1667 1.0000
vt 0.0833 1.0000
vt 0.1667 0.0000
vt 0.2500 0.0000
vt 0.2500 1.0000
vt 0.1667 1.0000
vt 0.2500 0.0000
vt 0.3333 0.0000
vt 0.3333 1.0000
vt 0.2500 1.0000
vt 0.3333 0.0000
vt 0.4167 0.0000
vt 0.4167 1.0000
vt 0.3333 1.0000
vt 0.4167 0.0000
vt 0.5000 0.0000
vt 0.5000 1.0000
vt 0.4167 1.0000
vt 0.5000 0.0000
vt 0.5833 0.0000
vt 0.5833 1.0000
vt 0.5000 1.0000
vt 0.5833 0.0000
vt 0.6667 0.0000
vt 0.6667 1.0000
vt 0.5833 1.0000
vt 0.6667 0.0000
vt 0.7500 0.0000
vt 0.7500 1.0000
vt 0.6667 1.0000
vt 0.7500 0.0000
vt 0.8333 0.0000
vt 0.8333 1.0000
vt 0.7500 1.0000
vt 0.8333 0.0000
vt 0.9167 0.0000
vt 0.9167 1.0000
vt 0.8333 1.0000
vt 0.9167 0.0000
vt 0.9167 1.0000
vt 1.0000 1.0000
vt 1.0000 0.0000
vt 0.5000 0.5000
vt 1.0000 0.5000
vt 0.9330 0.7500
vt 0.5000 0.5000
vt 0.9330 0.7500
vt 1.0000 0.5000
vt 0.5000 0.5000
vt 0.9330 0.7500
vt 0.7500 0.9330
vt 0.5000 0.5000
vt 0.7500 0.9330
vt 0.9330 0.7500
vt 0.5000 0.5000
vt 0.7500 0.9330
vt 0.5000 1.0000
vt 0.5000 0.5000
vt 0.5000 1.0000
vt 0.7500 0.9330
vt 0.5000 0.5000
vt 0.5000 1.0000
vt 0.2500 0.9330
vt 0.5000 0.5000
vt 0.2500 0.9330
vt 0.5000 1.0000
vt 0.5000 0.5000
vt 0.2500 0.9330
vt 0.0670 0.7500
vt 0.5000 0.5000
vt 0.0670 0.7500
vt 0.2500 0.9330
vt 0.5000 0.5000
vt 0.0670 0.7500
vt 0.0000 0.5000
vt 0.5000 0.5000
vt 0.0000 0.5000
vt 0.0670 0.7500
vt 0.5000 0.5000
vt 0.0000 0.5000
vt 0.0670 0.2500
vt 0.5000 0.5000
vt 0.0670 0.2500
vt 0.0000 0.5000
vt 0.5000 0.5000
vt 0.0670 0.2500
vt 0.2500 0.0670
vt 0.5000 0.5000
vt 0.2500 0.0670
vt 0.0670 0.2500
vt 0.5000 0.5000
vt 0.2500 0.0670
vt 0.5000 0.0000
vt 0.5000 0.5000
vt 0.5000 0.0000
vt 0.2500 0.0670
vt 0.5000 0.5000
vt 0.5000 0.0000
vt 0.7500 0.0670
vt 0.5000 0.5000
vt 0.7500 0.0670
vt 0.5000 0.0000
vt 0.5000 0.5000
vt 0.7500 0.0670
vt 0.9330 0.2500
vt 0.5000 0.5000
vt 0.9330 0.2500
vt 0.7500 0.0670
vt 0.5000 0.5000
vt 0.9330 0.2500
vt 1.0000 0.5000
vt 0.5000 0.5000
vt 1.0000 0.5000
vt 0.9330 0.2500
vt 0.0000 0.0000
vt 0.7600 0.0000
vt 0.7600 0.1600
vt 0.0000 0.1600
vt 0.0000 0.0000
vt 0.7600 0.0000
vt 0.7600 0.1600
vt 0.0000 0.1600
vt 0.0000 0.0000
vt 0.0000 0.0800
vt 0.7600 0.0800
vt 0.7600 0.0000
vt 0.0000 0.0000
vt 0.0000 0.0800
vt 0.7600 0.0800
vt 0.7600 0.0000
vt 0.0000 0.0000
vt 0.0000 0.0800
vt 0.1600 0.0800
vt 0.1600 0.0000
vt 0.0000 0.0000
vt 0.0000 0.0800
vt 0.1600 0.0800
vt 0.1600 0.0000
vt 0.0000 0.0000
vt 0.0833 0.0000
vt 0.0833 1.0000
vt 0.0000 1.0000
vt 0.0833 0.0000
vt 0.1667 0.0000
vt 0.1667 1.0000
vt 0.0833 1.0000
vt 0.1667 0.0000
vt 0.2500 0.0000
vt 0.2500 1.0000
vt 0.1667 1.0000
vt 0.2500 0.0000
vt 0.3333 0.0000
vt 0.3333 1.0000
vt 0.2500 1.0000
vt 0.3333 0.0000
vt 0.4167 0.0000
vt 0.4167 1.0000
vt 0.3333 1.0000
vt 0.4167 0.0000
vt 0.5000 0.0000
vt 0.5000 1.0000
vt 0.4167 1.0000
vt 0.5000 0.0000
vt 0.5833 0.0000
vt 0.5833 1.0000
vt 0.5000 1.0000
vt 0.5833 0.0000
vt 0.6667 0.0000
vt 0.6667 1.0000
vt 0.5833 1.0000
vt 0.6667 0.0000
vt 0.7500 0.0000
vt 0.7500 1.0000
vt 0.6667 1.0000
vt 0.7500 0.0000
vt 0.8333 0.0000
vt 0.8333 1.0000
vt 0.7500 1.0000
vt 0.8333 0.0000
vt 0.9167 0.0000
vt 0.9167 1.0000
vt 0.8333 1.0000
vt 0.9167 0.0000
vt 0.9167 1.0000
vt 1.0000 1.0000
vt 1.0000 0.0000
vt 0.5000 0.5000
vt 1.0000 0.5000
vt 0.9330 0.7500
vt 0.5000 0.5000
vt 0.9330 0.7500
vt 1.0000 0.5000
vt 0.5000 0.5000
vt 0.9330 0.7500
vt 0.7500 0.9330
vt 0.5000 0.5000
vt 0.7500 0.9330
vt 0.9330 0.7500
vt 0.5000 0.5000
vt 0.7500 0.9330
vt 0.5000 1.0000
vt 0.5000 0.5000
vt 0.5000 1.0000
vt 0.7500 0.9330
vt 0.5000 0.5000
vt 0.5000 1.0000
vt 0.2500 0.9330
vt 0.5000 0.5000
vt 0.2500 0.9330
vt 0.5000 1.0000
vt 0.5000 0.5000
vt 0.2500 0.9330
vt 0.0670 0.7500
vt 0.5000 0.5000
vt 0.0670 0.7500
vt 0.2500 0.9330
vt 0.5000 0.5000
vt 0.0670 0.7500
vt 0.0000 0.5000
vt 0.5000 0.5000
vt 0.0000 0.5000
vt 0.0670 0.7500
vt 0.5000 0.5000
vt 0.0000 0.5000
vt 0.0670 0.2500
vt 0.5000 0.5000
vt 0.0670 0.2500
vt 0.0000 0.5000
vt 0.5000 0.5000
vt 0.0670 0.2500
vt 0.2500 0.0670
vt 0.5000 0.5000
vt 0.2500 0.0670
vt 0.0670 0.2500
vt 0.5000 0.5000
vt 0.2500 0.0670
vt 0.5000 0.0000
vt 0.5000 0.5000
vt 0.5000 0.0000
vt 0.2500 0.0670
vt 0.5000 0.5000
vt 0.5000 0.0000
vt 0.7500 0.0670
vt 0.5000 0.5000
vt 0.7500 0.0670
vt 0.5000 0.0000
vt 0.5000 0.5000
vt 0.7500 0.0670
vt 0.9330 0.2500
vt 0.5000 0.5000
vt 0.9330 0.2500
vt 0.7500 0.0670
vt 0.5000 0.5000
vt 0.9330 0.2500
vt 1.0000 0.5000
vt 0.5000 0.5000
vt 1.0000 0.5000
vt 0.9330 0.2500
vt 0.0000 0.0000
vt 0.0833 0.0000
vt 0.0833 1.0000
vt 0.0000 1.0000
vt 0.0833 0.0000
vt 0.1667 0.0000
vt 0.1667 1.0000
vt 0.0833 1.0000
vt 0.1667 0.0000
vt 0.2500 0.0000
vt 0.2500 1.0000
vt 0.1667 1.0000
vt 0.2500 0.0000
vt 0.3333 0.0000
vt 0.3333 1.0000
vt 0.2500 1.0000
vt 0.3333 0.0000
vt 0.4167 0.0000
vt 0.4167 1.0000
vt 0.3333 1.0000
vt 0.4167 0.0000
vt 0.5000 0.0000
vt 0.5000 1.0000
vt 0.4167 1.0000
vt 0.5000 0.0000
vt 0.5833 0.0000
vt 0.5833 1.0000
vt 0.5000 1.0000
vt 0.5833 0.0000
vt 0.6667 0.0000
vt 0.6667 1.0000
vt 0.5833 1.0000
vt 0.6667 0.0000
vt 0.7500 0.0000
vt 0.7500 1.0000
vt 0.6667 1.0000
vt 0.7500 0.0000
vt 0.8333 0.0000
vt 0.8333 1.0000
vt 0.7500 1.0000
vt 0.8333 0.0000
vt 0.9167 0.0000
vt 0.9167 1.0000
vt 0.8333 1.0000
vt 0.9167 0.0000
vt 0.9167 1.0000
vt 1.0000 1.0000
vt 1.0000 0.0000
vt 0.0000 0.0000
vt 0.0833 0.0000
vt 0.0833 1.0000
vt 0.0000 1.0000
vt 0.0833 0.0000
vt 0.1667 0.0000
vt 0.1667 1.0000
vt 0.0833 1.0000
vt 0.1667 0.0000
vt 0.2500 0.0000
vt 0.2500 1.0000
vt 0.1667 1.0000
vt 0.2500 0.0000
vt 0.3333 0.0000
vt 0.3333 1.0000
vt 0.2500 1.0000
vt 0.3333 0.0000
vt 0.4167 0.0000
vt 0.4167 1.0000
vt 0.3333 1.0000
vt 0.4167 0.0000
vt 0.5000 0.0000
vt 0.5000 1.0000
vt 0.4167 1.0000
vt 0.5000 0.0000
vt 0.5833 0.0000
vt 0.5833 1.0000
vt 0.5000 1.0000
vt 0.5833 0.0000
vt 0.6667 0.0000
vt 0.6667 1.0000
vt 0.5833 1.0000
vt 0.6667 0.0000
vt 0.7500 0.0000
vt 0.7500 1.0000
vt 0.6667 1.0000
vt 0.7500 0.0000
vt 0.8333 0.0000
vt 0.8333 1.0000
vt 0.7500 1.0000
vt 0.8333 0.0000
vt 0.9167 0.0000
vt 0.9167 1.0000
vt 0.8333 1.0000
vt 0.9167 0.0000
vt 0.9167 1.0000
vt 1.0000 1.0000
vt 1.0000 0.0000
vt 0.5000 0.5000
vt 1.0000 0.5000
vt 0.9330 0.7500
vt 0.5000 0.5000
vt 0.9330 0.7500
vt 1.0000 0.5000
vt 0.5000 0.5000
vt 0.9330 0.7500
vt 0.7500 0.9330
vt 0.5000 0.5000
vt 0.7500 0.9330
vt 0.9330 0.7500
vt 0.5000 0.5000
vt 0.7500 0.9330
vt 0.5000 1.0000
vt 0.5000 0.5000
vt 0.5000 1.0000
vt 0.7500 0.9330
vt 0.5000 0.5000
vt 0.5000 1.0000
vt 0.2500 0.9330
vt 0.5000 0.5000
vt 0.2500 0.9330
vt 0.5000 1.0000
vt 0.5000 0.5000
vt 0.2500 0.9330
vt 0.0670 0.7500
vt 0.5000 0.5000
vt 0.0670 0.7500
vt 0.2500 0.9330
vt 0.5000 0.5000
vt 0.0670 0.7500
vt 0.0000 0.5000
vt 0.5000 0.5000
vt 0.0000 0.5000
vt 0.0670 0.7500
vt 0.5000 0.5000
vt 0.0000 0.5000
vt 0.0670 0.2500
vt 0.5000 0.5000
vt 0.0670 0.2500
vt 0.0000 0.5000
vt 0.5000 0.5000
vt 0.0670 0.2500
vt 0.2500 0.0670
vt 0.5000 0.5000
vt 0.2500 0.0670
vt 0.0670 0.2500
vt 0.5000 0.5000
vt 0.2500 0.0670
vt 0.5000 0.0000
vt 0.5000 0.5000
vt 0.5000 0.0000
vt 0.2500 0.0670
vt 0.5000 0.5000
vt 0.5000 0.0000
vt 0.7500 0.0670
vt 0.5000 0.5000
vt 0.7500 0.0670
vt 0.5000 0.0000
vt 0.5000 0.5000
vt 0.7500 0.0670
vt 0.9330 0.2500
vt 0.5000 0.5000
vt 0.9330 0.2500
vt 0.7500 0.0670
vt 0.5000 0.5000
vt 0.9330 0.2500
vt 1.0000 0.5000
vt 0.5000 0.5000
vt 1.0000 0.5000
vt 0.9330 0.2500
vt 0.0000 0.0000
vt 0.7600 0.0000
vt 0.7600 0.1600
vt 0.0000 0.1600
vt 0.0000 0.0000
vt 0.7600 0.0000
vt 0.7600 0.1600
vt 0.0000 0.1600
vt 0.0000 0.0000
vt 0.0000 0.0800
vt 0.7600 0.0800
vt 0.7600 0.0000
vt 0.0000 0.0000
vt 0.0000 0.0800
vt 0.7600 0.0800
vt 0.7600 0.0000
vt 0.0000 0.0000
vt 0.0000 0.0800
vt 0.1600 0.0800
vt 0.1600 0.0000
vt 0.0000 0.0000
vt 0.0000 0.0800
vt 0.1600 0.0800
vt 0.1600 0.0000
vt 0.0000 0.0000
vt 0.0833 0.0000
vt 0.0833 1.0000
vt 0.0000 1.0000
vt 0.0833 0.0000
vt 0.1667 0.0000
vt 0.1667 1.0000
vt 0.0833 1.0000
vt 0.1667 0.0000
vt 0.2500 0.0000
vt 0.2500 1.0000
vt 0.1667 1.0000
vt 0.2500 0.0000
vt 0.3333 0.0000
vt 0.3333 1.0000
vt 0.2500 1.0000
vt 0.3333 0.0000
vt 0.4167 0.0000
vt 0.4167 1.0000
vt 0.3333 1.0000
vt 0.4167 0.0000
vt 0.5000 0.0000
vt 0.5000 1.0000
vt 0.4167 1.0000
vt 0.5000 0.0000
vt 0.5833 0.0000
vt 0.5833 1.0000
vt 0.5000 1.0000
vt 0.5833 0.0000
vt 0.6667 0.0000
vt 0.6667 1.0000
vt 0.5833 1.0000
vt 0.6667 0.0000
vt 0.7500 0.0000
vt 0.7500 1.0000
vt 0.6667 1.0000
vt 0.7500 0.0000
vt 0.8333 0.0000
vt 0.8333 1.0000
vt 0.7500 1.0000
vt 0.8333 0.0000
vt 0.9167 0.0000
vt 0.9167 1.0000
vt 0.8333 1.0000
vt 0.9167 0.0000
vt 0.9167 1.0000
vt 1.0000 1.0000
vt 1.0000 0.0000
vt 0.5000 0.5000
vt 1.0000 0.5000
vt 0.9330 0.7500
vt 0.5000 0.5000
vt 0.9330 0.7500
vt 1.0000 0.5000
vt 0.5000 0.5000
vt 0.9330 0.7500
vt 0.7500 0.9330
vt 0.5000 0.5000
vt 0.7500 0.9330
vt 0.9330 0.7500
vt 0.5000 0.5000
vt 0.7500 0.9330
vt 0.5000 1.0000
vt 0.5000 0.5000
vt 0.5000 1.0000
vt 0.7500 0.9330
vt 0.5000 0.5000
vt 0.5000 1.0000
vt 0.2500 0.9330
vt 0.5000 0.5000
vt 0.2500 0.9330
vt 0.5000 1.0000
vt 0.5000 0.5000
vt 0.2500 0.9330
vt 0.0670 0.7500
vt 0.5000 0.5000
vt 0.0670 0.7500
vt 0.2500 0.9330
vt 0.5000 0.5000
vt 0.0670 0.7500
vt 0.0000 0.5000
vt 0.5000 0.5000
vt 0.0000 0.5000
vt 0.0670 0.7500
vt 0.5000 0.5000
vt 0.0000 0.5000
vt 0.0670 0.2500
vt 0.5000 0.5000
vt 0.0670 0.2500
vt 0.0000 0.5000
vt 0.5000 0.5000
vt 0.0670 0.2500
vt 0.2500 0.0670
vt 0.5000 0.5000
vt 0.2500 0.0670
vt 0.0670 0.2500
vt 0.5000 0.5000
vt 0.2500 0.0670
vt 0.5000 0.0000
vt 0.5000 0.5000
vt 0.5000 0.0000
vt 0.2500 0.0670
vt 0.5000 0.5000
vt 0.5000 0.0000
vt 0.7500 0.0670
vt 0.5000 0.5000
vt 0.7500 0.0670
vt 0.5000 0.0000
vt 0.5000 0.5000
vt 0.7500 0.0670
vt 0.9330 0.2500
vt 0.5000 0.5000
vt 0.9330 0.2500
vt 0.7500 0.0670
vt 0.5000 0.5000
vt 0.9330 0.2500
vt 1.0000 0.5000
vt 0.5000 0.5000
vt 1.0000 0.5000
vt 0.9330 0.2500
vt 0.0000 0.0000
vt 0.0833 0.0000
vt 0.0833 1.0000
vt 0.0000 1.0000
vt 0.0833 0.0000
vt 0.1667 0.0000
vt 0.1667 1.0000
vt 0.0833 1.0000
vt 0.1667 0.0000
vt 0.2500 0.0000
vt 0.2500 1.0000
vt 0.1667 1.0000
vt 0.2500 0.0000
vt 0.3333 0.0000
vt 0.3333 1.0000
vt 0.2500 1.0000
vt 0.3333 0.0000
vt 0.4167 0.0000
vt 0.4167 1.0000
vt 0.3333 1.0000
vt 0.4167 0.0000
vt 0.5000 0.0000
vt 0.5000 1.0000
vt 0.4167 1.0000
vt 0.5000 0.0000
vt 0.5833 0.0000
vt 0.5833 1.0000
vt 0.5000 1.0000
vt 0.5833 0.0000
vt 0.6667 0.0000
vt 0.6667 1.0000
vt 0.5833 1.0000
vt 0.6667 0.0000
vt 0.7500 0.0000
vt 0.7500 1.0000
vt 0.6667 1.0000
vt 0.7500 0.0000
vt 0.8333 0.0000
vt 0.8333 1.0000
vt 0.7500 1.0000
vt 0.8333 0.0000
vt 0.9167 0.0000
vt 0.9167 1.0000
vt 0.8333 1.0000
vt 0.9167 0.0000
vt 0.9167 1.0000
vt 1.0000 1.0000
vt 1.0000 0.0000
vt 0.0000 0.0000
vt 0.0833 0.0000
vt 0.0833 1.0000
vt 0.0000 1.0000
vt 0.0833 0.0000
vt 0.1667 0.0000
vt 0.1667 1.0000
vt 0.0833 1.0000
vt 0.1667 0.0000
vt 0.2500 0.0000
vt 0.2500 1.0000
vt 0.1667 1.0000
vt 0.2500 0.0000
vt 0.3333 0.0000
vt 0.3333 1.0000
vt 0.2500 1.0000
vt 0.3333 0.0000
vt 0.4167 0.0000
vt 0.4167 1.0000
vt 0.3333 1.0000
vt 0.4167 0.0000
vt 0.5000 0.0000
vt 0.5000 1.0000
vt 0.4167 1.0000
vt 0.5000 0.0000
vt 0.5833 0.0000
vt 0.5833 1.0000
vt 0.5000 1.0000
vt 0.5833 0.0000
vt 0.6667 0.0000
vt 0.6667 1.0000
vt 0.5833 1.0000
vt 0.6667 0.0000
vt 0.7500 0.0000
vt 0.7500 1.0000
vt 0.6667 1.0000
vt 0.7500 0.0000
vt 0.8333 0.0000
vt 0.8333 1.0000
vt 0.7500 1.0000
vt 0.8333 0.0000
vt 0.9167 0.0000
vt 0.9167 1.0000
vt 0.8333 1.0000
vt 0.9167 0.0000
vt 0.9167 1.0000
vt 1.0000 1.0000
vt 1.0000 0.0000
vt 0.5000 0.5000
vt 1.0000 0.5000
vt 0.9330 0.7500
vt 0.5000 0.5000
vt 0.9330 0.7500
vt 1.0000 0.5000
vt 0.5000 0.5000
vt 0.9330 0.7500
vt 0.7500 0.9330
vt 0.5000 0.5000
vt 0.7500 0.9330
vt 0.9330 0.7500
vt 0.5000 0.5000
vt 0.7500 0.9330
vt 0.5000 1.0000
vt 0.5000 0.5000
vt 0.5000 1.0000
vt 0.7500 0.9330
vt 0.5000 0.5000
vt 0.5000 1.0000
vt 0.2500 0.9330
vt 0.5000 0.5000
vt 0.2500 0.9330
vt 0.5000 1.0000
vt 0.5000 0.5000
vt 0.2500 0.9330
vt 0.0670 0.7500
vt 0.5000 0.5000
vt 0.0670 0.7500
vt 0.2500 0.9330
vt 0.5000 0.5000
vt 0.0670 0.7500
vt 0.0000 0.5000
vt 0.5000 0.5000
vt 0.0000 0.5000
vt 0.0670 0.7500
vt 0.5000 0.5000
vt 0.0000 0.5000
vt 0.0670 0.2500
vt 0.5000 0.5000
vt 0.0670 0.2500
vt 0.0000 0.5000
vt 0.5000 0.5000
vt 0.0670 0.2500
vt 0.2500 0.0670
vt 0.5000 0.5000
vt 0.2500 0.0670
vt 0.0670 0.2500
vt 0.5000 0.5000
vt 0.2500 0.0670
vt 0.5000 0.0000
vt 0.5000 0.5000
vt 0.5000 0.0000
vt 0.2500 0.0670
vt 0.5000 0.5000
vt 0.5000 0.0000
vt 0.7500 0.0670
vt 0.5000 0.5000
vt 0.7500 0.0670
vt 0.5000 0.0000
vt 0.5000 0.5000
vt 0.7500 0.0670
vt 0.9330 0.2500
vt 0.5000 0.5000
vt 0.9330 0.2500
vt 0.7500 0.0670
vt 0.5000 0.5000
vt 0.9330 0.2500
vt 1.0000 0.5000
vt 0.5000 0.5000
vt 1.0000 0.5000
vt 0.9330 0.2500
vt 0.0000 0.0000
vt 0.7600 0.0000
vt 0.7600 0.1600
vt 0.0000 0.1600
vt 0.0000 0.0000
vt 0.7600 0.0000
vt 0.7600 0.1600
vt 0.0000 0.1600
vt 0.0000 0.0000
vt 0.0000 0.0800
vt 0.7600 0.0800
vt 0.7600 0.0000
vt 0.0000 0.0000
vt 0.0000 0.0800
vt 0.7600 0.0800
vt 0.7600 0.0000
vt 0.0000 0.0000
vt 0.0000 0.0800
vt 0.1600 0.0800
vt 0.1600 0.0000
vt 0.0000 0.0000
vt 0.0000 0.0800
vt 0.1600 0.0800
vt 0.1600 0.0000
vt 0.0000 0.0000
vt 0.0833 0.0000
vt 0.0833 1.0000
vt 0.0000 1.0000
vt 0.0833 0.0000
vt 0.1667 0.0000
vt 0.1667 1.0000
vt 0.0833 1.0000
vt 0.1667 0.0000
vt 0.2500 0.0000
vt 0.2500 1.0000
vt 0.1667 1.0000
vt 0.2500 0.0000
vt 0.3333 0.0000
vt 0.3333 1.0000
vt 0.2500 1.0000
vt 0.3333 0.0000
vt 0.4167 0.0000
vt 0.4167 1.0000
vt 0.3333 1.0000
vt 0.4167 0.0000
vt 0.5000 0.0000
vt 0.5000 1.0000
vt 0.4167 1.0000
vt 0.5000 0.0000
vt 0.5833 0.0000
vt 0.5833 1.0000
vt 0.5000 1.0000
vt 0.5833 0.0000
vt 0.6667 0.0000
vt 0.6667 1.0000
vt 0.5833 1.0000
vt 0.6667 0.0000
vt 0.7500 0.0000
vt 0.7500 1.0000
vt 0.6667 1.0000
vt 0.7500 0.0000
vt 0.8333 0.0000
vt 0.8333 1.0000
vt 0.7500 1.0000
vt 0.8333 0.0000
vt 0.9167 0.0000
vt 0.9167 1.0000
vt 0.8333 1.0000
vt 0.9167 0.0000
vt 0.9167 1.0000
vt 1.0000 1.0000
vt 1.0000 0.0000
vt 0.5000 0.5000
vt 1.0000 0.5000
vt 0.9330 0.7500
vt 0.5000 0.5000
vt 0.9330 0.7500
vt 1.0000 0.5000
vt 0.5000 0.5000
vt 0.9330 0.7500
vt 0.7500 0.9330
vt 0.5000 0.5000
vt 0.7500 0.9330
vt 0.9330 0.7500
vt 0.5000 0.5000
vt 0.7500 0.9330
vt 0.5000 1.0000
vt 0.5000 0.5000
vt 0.5000 1.0000
vt 0.7500 0.9330
vt 0.5000 0.5000
vt 0.5000 1.0000
vt 0.2500 0.9330
vt 0.5000 0.5000
vt 0.2500 0.9330
vt 0.5000 1.0000
vt 0.5000 0.5000
vt 0.2500 0.9330
vt 0.0670 0.7500
vt 0.5000 0.5000
vt 0.0670 0.7500
vt 0.2500 0.9330
vt 0.5000 0.5000
vt 0.0670 0.7500
vt 0.0000 0.5000
vt 0.5000 0.5000
vt 0.0000 0.5000
vt 0.0670 0.7500
vt 0.5000 0.5000
vt 0.0000 0.5000
vt 0.0670 0.2500
vt 0.5000 0.5000
vt 0.0670 0.2500
vt 0.0000 0.5000
vt 0.5000 0.5000
vt 0.0670 0.2500
vt 0.2500 0.0670
vt 0.5000 0.5000
vt 0.2500 0.0670
vt 0.0670 0.2500
vt 0.5000 0.5000
vt 0.2500 0.0670
vt 0.5000 0.0000
vt 0.5000 0.5000
vt 0.5000 0.0000
vt 0.2500 0.0670
vt 0.5000 0.5000
vt 0.5000 0.0000
vt 0.7500 0.0670
vt 0.5000 0.5000
vt 0.7500 0.0670
vt 0.5000 0.0000
vt 0.5000 0.5000
vt 0.7500 0.0670
vt 0.9330 0.2500
vt 0.5000 0.5000
vt 0.9330 0.2500
vt 0.7500 0.0670
vt 0.5000 0.5000
vt 0.9330 0.2500
vt 1.0000 0.5000
vt 0.5000 0.5000
vt 1.0000 0.5000
vt 0.9330 0.2500
vt 0.0000 0.0000
vt 0.0833 0.0000
vt 0.0833 1.0000
vt 0.0000 1.0000
vt 0.0833 0.0000
vt 0.1667 0.0000
vt 0.1667 1.0000
vt 0.0833 1.0000
vt 0.1667 0.0000
vt 0.2500 0.0000
vt 0.2500 1.0000
vt 0.1667 1.0000
vt 0.2500 0.0000
vt 0.3333 0.0000
vt 0.3333 1.0000
vt 0.2500 1.0000
vt 0.3333 0.0000
vt 0.4167 0.0000
vt 0.4167 1.0000
vt 0.3333 1.0000
vt 0.4167 0.0000
vt 0.5000 0.0000
vt 0.5000 1.0000
vt 0.4167 1.0000
vt 0.5000 0.0000
vt 0.5833 0.0000
vt 0.5833 1.0000
vt 0.5000 1.0000
vt 0.5833 0.0000
vt 0.6667 0.0000
vt 0.6667 1.0000
vt 0.5833 1.0000
vt 0.6667 0.0000
vt 0.7500 0.0000
vt 0.7500 1.0000
vt 0.6667 1.0000
vt 0.7500 0.0000
vt 0.8333 0.0000
vt 0.8333 1.0000
vt 0.7500 1.0000
vt 0.8333 0.0000
vt 0.9167 0.0000
vt 0.9167 1.0000
vt 0.8333 1.0000
vt 0.9167 0.0000
vt 0.9167 1.0000
vt 1.0000 1.0000
vt 1.0000 0.0000
vt 0.0000 0.0000
vt 0.0833 0.0000
vt 0.0833 1.0000
vt 0.0000 1.0000
vt 0.0833 0.0000
vt 0.1667 0.0000
vt 0.1667 1.0000
vt 0.0833 1.0000
vt 0.1667 0.0000
vt 0.2500 0.0000
vt 0.2500 1.0000
vt 0.1667 1.0000
vt 0.2500 0.0000
vt 0.3333 0.0000
vt 0.3333 1.0000
vt 0.2500 1.0000
vt 0.3333 0.0000
vt 0.4167 0.0000
vt 0.4167 1.0000
vt 0.3333 1.0000
vt 0.4167 0.0000
vt 0.5000 0.0000
vt 0.5000 1.0000
vt 0.4167 1.0000
vt 0.5000 0.0000
vt 0.5833 0.0000
vt 0.5833 1.0000
vt 0.5000 1.0000
vt 0.5833 0.0000
vt 0.6667 0.0000
vt 0.6667 1.0000
vt 0.5833 1.0000
vt 0.6667 0.0000
vt 0.7500 0.0000
vt 0.7500 1.0000
vt 0.6667 1.0000
vt 0.7500 0.0000
vt 0.8333 0.0000
vt 0.8333 1.0000
vt 0.7500 1.0000
vt 0.8333 0.0000
vt 0.9167 0.0000
vt 0.9167 1.0000
vt 0.8333 1.0000
vt 0.9167 0.0000
vt 0.9167 1.0000
vt 1.0000 1.0000
vt 1.0000 0.0000
vt 0.5000 0.5000
vt 1.0000 0.5000
vt 0.9330 0.7500
vt 0.5000 0.5000
vt 0.9330 0.7500
vt 1.0000 0.5000
vt 0.5000 0.5000
vt 0.9330 0.7500
vt 0.7500 0.9330
vt 0.5000 0.5000
vt 0.7500 0.9330
vt 0.9330 0.7500
vt 0.5000 0.5000
vt 0.7500 0.9330
vt 0.5000 1.0000
vt 0.5000 0.5000
vt 0.5000 1.0000
vt 0.7500 0.9330
vt 0.5000 0.5000
vt 0.5000 1.0000
vt 0.2500 0.9330
vt 0.5000 0.5000
vt 0.2500 0.9330
vt 0.5000 1.0000
vt 0.5000 0.5000
vt 0.2500 0.9330
vt 0.0670 0.7500
vt 0.5000 0.5000
vt 0.0670 0.7500
vt 0.2500 0.9330
vt 0.5000 0.5000
vt 0.0670 0.7500
vt 0.0000 0.5000
vt 0.5000 0.5000
vt 0.0000 0.5000
vt 0.0670 0.7500
vt 0.5000 0.5000
vt 0.0000 0.5000
vt 0.0670 0.2500
vt 0.5000 0.5000
vt 0.0670 0.2500
vt 0.0000 0.5000
vt 0.5000 0.5000
vt 0.0670 0.2500
vt 0.2500 0.0670
vt 0.5000 0.5000
vt 0.2500 0.0670
vt 0.0670 0.2500
vt 0.5000 0.5000
vt 0.2500 0.0670
vt 0.5000 0.0000
vt 0.5000 0.5000
vt 0.5000 0.0000
vt 0.2500 0.0670
vt 0.5000 0.5000
vt 0.5000 0.0000
vt 0.7500 0.0670
vt 0.5000 0.5000
vt 0.7500 0.0670
vt 0.5000 0.0000
vt 0.5000 0.5000
vt 0.7500 0.0670
vt 0.9330 0.2500
vt 0.5000 0.5000
vt 0.9330 0.2500
vt 0.7500 0.0670
vt 0.5000 0.5000
vt 0.9330 0.2500
vt 1.0000 0.5000
vt 0.5000 0.5000
vt 1.0000 0.5000
vt 0.9330 0.2500
vt 0.0000 0.0000
vt 0.7600 0.0000
vt 0.7600 0.1600
vt 0.0000 0.1600
vt 0.0000 0.0000
vt 0.7600 0.0000
vt 0.7600 0.1600
vt 0.0000 0.1600
vt 0.0000 0.0000
vt 0.0000 0.0800
vt 0.7600 0.0800
vt 0.7600 0.0000
vt 0.0000 0.0000
vt 0.0000 0.0800
vt 0.7600 0.0800
vt 0.7600 0.0000
vt 0.0000 0.0000
vt 0.0000 0.0800
vt 0.1600 0.0800
vt 0.1600 0.0000
vt 0.0000 0.0000
vt 0.0000 0.0800
vt 0.1600 0.0800
vt 0.1600 0.0000
vt 0.0000 0.0000
vt 0.0833 0.0000
vt 0.0833 1.0000
vt 0.0000 1.0000
vt 0.0833 0.0000
vt 0.1667 0.0000
vt 0.1667 1.0000
vt 0.0833 1.0000
vt 0.1667 0.0000
vt 0.2500 0.0000
vt 0.2500 1.0000
vt 0.1667 1.0000
vt 0.2500 0.0000
vt 0.3333 0.0000
vt 0.3333 1.0000
vt 0.2500 1.0000
vt 0.3333 0.0000
vt 0.4167 0.0000
vt 0.4167 1.0000
vt 0.3333 1.0000
vt 0.4167 0.0000
vt 0.5000 0.0000
vt 0.5000 1.0000
vt 0.4167 1.0000
vt 0.5000 0.0000
vt 0.5833 0.0000
vt 0.5833 1.0000
vt 0.5000 1.0000
vt 0.5833 0.0000
vt 0.6667 0.0000
vt 0.6667 1.0000
vt 0.5833 1.0000
vt 0.6667 0.0000
vt 0.7500 0.0000
vt 0.7500 1.0000
vt 0.6667 1.0000
vt 0.7500 0.0000
vt 0.8333 0.0000
vt 0.8333 1.0000
vt 0.7500 1.0000
vt 0.8333 0.0000
vt 0.9167 0.0000
vt 0.9167 1.0000
vt 0.8333 1.0000
vt 0.9167 0.0000
vt 0.9167 1.0000
vt 1.0000 1.0000
vt 1.0000 0.0000
vt 0.5000 0.5000
vt 1.0000 0.5000
vt 0.9330 0.7500
vt 0.5000 0.5000
vt 0.9330 0.7500
vt 1.0000 0.5000
vt 0.5000 0.5000
vt 0.9330 0.7500
vt 0.7500 0.9330
vt 0.5000 0.5000
vt 0.7500 0.9330
vt 0.9330 0.7500
vt 0.5000 0.5000
vt 0.7500 0.9330
vt 0.5000 1.0000
vt 0.5000 0.5000
vt 0.5000 1.0000
vt 0.7500 0.9330
vt 0.5000 0.5000
vt 0.5000 1.0000
vt 0.2500 0.9330
vt 0.5000 0.5000
vt 0.2500 0.9330
vt 0.5000 1.0000
vt 0.5000 0.5000
vt 0.2500 0.9330
vt 0.0670 0.7500
vt 0.5000 0.5000
vt 0.0670 0.7500
vt 0.2500 0.9330
vt 0.5000 0.5000
vt 0.0670 0.7500
vt 0.0000 0.5000
vt 0.5000 0.5000
vt 0.0000 0.5000
vt 0.0670 0.7500
vt 0.5000 0.5000
vt 0.0000 0.5000
vt 0.0670 0.2500
vt 0.5000 0.5000
vt 0.0670 0.2500
vt 0.0000 0.5000
vt 0.5000 0.5000
vt 0.0670 0.2500
vt 0.2500 0.0670
vt 0.5000 0.5000
vt 0.2500 0.0670
vt 0.0670 0.2500
vt 0.5000 0.5000
vt 0.2500 0.0670
vt 0.5000 0.0000
vt 0.5000 0.5000
vt 0.5000 0.0000
vt 0.2500 0.0670
vt 0.5000 0.5000
vt 0.5000 0.0000
vt 0.7500 0.0670
vt 0.5000 0.5000
vt 0.7500 0.0670
vt 0.5000 0.0000
vt 0.5000 0.5000
vt 0.7500 0.0670
vt 0.9330 0.2500
vt 0.5000 0.5000
vt 0.9330 0.2500
vt 0.7500 0.0670
vt 0.5000 0.5000
vt 0.9330 0.2500
vt 1.0000 0.5000
vt 0.5000 0.5000
vt 1.0000 0.5000
vt 0.9330 0.2500
vt 0.0000 0.0000
vt 0.0833 0.0000
vt 0.0833 1.0000
vt 0.0000 1.0000
vt 0.0833 0.0000
vt 0.1667 0.0000
vt 0.1667 1.0000
vt 0.0833 1.0000
vt 0.1667 0.0000
vt 0.2500 0.0000
vt 0.2500 1.0000
vt 0.1667 1.0000
vt 0.2500 0.0000
vt 0.3333 0.0000
vt 0.3333 1.0000
vt 0.2500 1.0000
vt 0.3333 0.0000
vt 0.4167 0.0000
vt 0.4167 1.0000
vt 0.3333 1.0000
vt 0.4167 0.0000
vt 0.5000 0.0000
vt 0.5000 1.0000
vt 0.4167 1.0000
vt 0.5000 0.0000
vt 0.5833 0.0000
vt 0.5833 1.0000
vt 0.5000 1.0000
vt 0.5833 0.0000
vt 0.6667 0.0000
vt 0.6667 1.0000
vt 0.5833 1.0000
vt 0.6667 0.0000
vt 0.7500 0.0000
vt 0.7500 1.0000
vt 0.6667 1.0000
vt 0.7500 0.0000
vt 0.8333 0.0000
vt 0.8333 1.0000
vt 0.7500 1.0000
vt 0.8333 0.0000
vt 0.9167 0.0000
vt 0.9167 1.0000
vt 0.8333 1.0000
vt 0.9167 0.0000
vt 0.9167 1.0000
vt 1.0000 1.0000
vt 1.0000 0.0000
vt 0.0000 0.0000
vt 0.0833 0.0000
vt 0.0833 1.0000
vt 0.0000 1.0000
vt 0.0833 0.0000
vt 0.1667 0.0000
vt 0.1667 1.0000
vt 0.0833 1.0000
vt 0.1667 0.0000
vt 0.2500 0.0000
vt 0.2500 1.0000
vt 0.1667 1.0000
vt 0.2500 0.0000
vt 0.3333 0.0000
vt 0.3333 1.0000
vt 0.2500 1.0000
vt 0.3333 0.0000
vt 0.4167 0.0000
vt 0.4167 1.0000
vt 0.3333 1.0000
vt 0.4167 0.0000
vt 0.5000 0.0000
vt 0.5000 1.0000
vt 0.4167 1.0000
vt 0.5000 0.0000
vt 0.5833 0.0000
vt 0.5833 1.0000
vt 0.5000 1.0000
vt 0.5833 0.0000
vt 0.6667 0.0000
vt 0.6667 1.0000
vt 0.5833 1.0000
vt 0.6667 0.0000
vt 0.7500 0.0000
vt 0.7500 1.0000
vt 0.6667 1.0000
vt 0.7500 0.0000
vt 0.8333 0.0000
vt 0.8333 1.0000
vt 0.7500 1.0000
vt 0.8333 0.0000
vt 0.9167 0.0000
vt 0.9167 1.0000
vt 0.8333 1.0000
vt 0.9167 0.0000
vt 0.9167 1.0000
vt 1.0000 1.0000
vt 1.0000 0.0000
vt 0.5000 0.5000
vt 1.0000 0.5000
vt 0.9330 0.7500
vt 0.5000 0.5000
vt 0.9330 0.7500
vt 1.0000 0.5000
vt 0.5000 0.5000
vt 0.9330 0.7500
vt 0.7500 0.9330
vt 0.5000 0.5000
vt 0.7500 0.9330
vt 0.9330 0.7500
vt 0.5000 0.5000
vt 0.7500 0.9330
vt 0.5000 1.0000
vt 0.5000 0.5000
vt 0.5000 1.0000
vt 0.7500 0.9330
vt 0.5000 0.5000
vt 0.5000 1.0000
vt 0.2500 0.9330
vt 0.5000 0.5000
vt 0.2500 0.9330
vt 0.5000 1.0000
vt 0.5000 0.5000
vt 0.2500 0.9330
vt 0.0670 0.7500
vt 0.5000 0.5000
vt 0.0670 0.7500
vt 0.2500 0.9330
vt 0.5000 0.5000
vt 0.0670 0.7500
vt 0.0000 0.5000
vt 0.5000 0.5000
vt 0.0000 0.5000
vt 0.0670 0.7500
vt 0.5000 0.5000
vt 0.0000 0.5000
vt 0.0670 0.2500
vt 0.5000 0.5000
vt 0.0670 0.2500
vt 0.0000 0.5000
vt 0.5000 0.5000
vt 0.0670 0.2500
vt 0.2500 0.0670
vt 0.5000 0.5000
vt 0.2500 0.0670
vt 0.0670 0.2500
vt 0.5000 0.5000
vt 0.2500 0.0670
vt 0.5000 0.0000
vt 0.5000 0.5000
vt 0.5000 0.0000
vt 0.2500 0.0670
vt 0.5000 0.5000
vt 0.5000 0.0000
vt 0.7500 0.0670
vt 0.5000 0.5000
vt 0.7500 0.0670
vt 0.5000 0.0000
vt 0.5000 0.5000
vt 0.7500 0.0670
vt 0.9330 0.2500
vt 0.5000 0.5000
vt 0.9330 0.2500
vt 0.7500 0.0670
vt 0.5000 0.5000
vt 0.9330 0.2500
vt 1.0000 0.5000
vt 0.5000 0.5000
vt 1.0000 0.5000
vt 0.9330 0.2500
vt 0.0000 0.0000
vt 0.7600 0.0000
vt 0.7600 0.1600
vt 0.0000 0.1600
vt 0.0000 0.0000
vt 0.7600 0.0000
vt 0.7600 0.1600
vt 0.0000 0.1600
vt 0.0000 0.0000
vt 0.0000 0.0800
vt 0.7600 0.0800
vt 0.7600 0.0000
vt 0.0000 0.0000
vt 0.0000 0.0800
vt 0.7600 0.0800
vt 0.7600 0.0000
vt 0.0000 0.0000
vt 0.0000 0.0800
vt 0.1600 0.0800
vt 0.1600 0.0000
vt 0.0000 0.0000
vt 0.0000 0.0800
vt 0.1600 0.0800
vt 0.1600 0.0000
vt 0.0000 0.0000
vt 0.0400 0.0000
vt 0.0400 0.0700
vt 0.0000 0.0700
vt 0.0000 0.0000
vt 0.0400 0.0000
vt 0.0400 0.0700
vt 0.0000 0.0700
vt 0.0000 0.0000
vt 0.0000 3.4000
vt 0.0400 3.4000
vt 0.0400 0.0000
vt 0.0000 0.0000
vt 0.0000 3.4000
vt 0.0400 3.4000
vt 0.0400 0.0000
vt 0.0000 0.0000
vt 0.0000 3.4000
vt 0.0700 3.4000
vt 0.0700 0.0000
vt 0.0000 0.0000
vt 0.0000 3.4000
vt 0.0700 3.4000
vt 0.0700 0.0000
vt 0.0000 0.0000
vt 0.0400 0.0000
vt 0.0400 0.0700
vt 0.0000 0.0700
vt 0.0000 0.0000
vt 0.0400 0.0000
vt 0.0400 0.0700
vt 0.0000 0.0700
vt 0.0000 0.0000
vt 0.0000 3.4000
vt 0.0400 3.4000
vt 0.0400 0.0000
vt 0.0000 0.0000
vt 0.0000 3.4000
vt 0.0400 3.4000
vt 0.0400 0.0000
vt 0.0000 0.0000
vt 0.0000 3.4000
vt 0.0700 3.4000
vt 0.0700 0.0000
vt 0.0000 0.0000
vt 0.0000 3.4000
vt 0.0700 3.4000
vt 0.0700 0.0000
vt 0.0000 0.0000
vt 0.5500 0.0000
vt 0.5500 0.0400
vt 0.0000 0.0400
vt 0.0000 0.0000
vt 0.5500 0.0000
vt 0.5500 0.0400
vt 0.0000 0.0400
vt 0.0000 0.0000
vt 0.0000 0.0360
vt 0.5500 0.0360
vt 0.5500 0.0000
vt 0.0000 0.0000
vt 0.0000 0.0360
vt 0.5500 0.0360
vt 0.5500 0.0000
vt 0.0000 0.0000
vt 0.0000 0.0360
vt 0.0400 0.0360
vt 0.0400 0.0000
vt 0.0000 0.0000
vt 0.0000 0.0360
vt 0.0400 0.0360
vt 0.0400 0.0000
vt 0.0000 0.0000
vt 0.5500 0.0000
vt 0.5500 0.0400
vt 0.0000 0.0400
vt 0.0000 0.0000
vt 0.5500 0.0000
vt 0.5500 0.0400
vt 0.0000 0.0400
vt 0.0000 0.0000
vt 0.0000 0.0360
vt 0.5500 0.0360
vt 0.5500 0.0000
vt 0.0000 0.0000
vt 0.0000 0.0360
vt 0.5500 0.0360
vt 0.5500 0.0000
vt 0.0000 0.0000
vt 0.0000 0.0360
vt 0.0400 0.0360
vt 0.0400 0.0000
vt 0.0000 0.0000
vt 0.0000 0.0360
vt 0.0400 0.0360
vt 0.0400 0.0000
vt 0.0000 0.0000
vt 0.5500 0.0000
vt 0.5500 0.0400
vt 0.0000 0.0400
vt 0.0000 0.0000
vt 0.5500 0.0000
vt 0.5500 0.0400
vt 0.0000 0.0400
vt 0.0000 0.0000
vt 0.0000 0.0360
vt 0.5500 0.0360
vt 0.5500 0.0000
vt 0.0000 0.0000
vt 0.0000 0.0360
vt 0.5500 0.0360
vt 0.5500 0.0000
vt 0.0000 0.0000
vt 0.0000 0.0360
vt 0.0400 0.0360
vt 0.0400 0.0000
vt 0.0000 0.0000
vt 0.0000 0.0360
vt 0.0400 0.0360
vt 0.0400 0.0000
vt 0.0000 0.0000
vt 0.5500 0.0000
vt 0.5500 0.0400
vt 0.0000 0.0400
vt 0.0000 0.0000
vt 0.5500 0.0000
vt 0.5500 0.0400
vt 0.0000 0.0400
vt 0.0000 0.0000
vt 0.0000 0.0360
vt 0.5500 0.0360
vt 0.5500 0.0000
vt 0.0000 0.0000
vt 0.0000 0.0360
vt 0.5500 0.0360
vt 0.5500 0.0000
vt 0.0000 0.0000
vt 0.0000 0.0360
vt 0.0400 0.0360
vt 0.0400 0.0000
vt 0.0000 0.0000
vt 0.0000 0.0360
vt 0.0400 0.0360
vt 0.0400 0.0000
vt 0.0000 0.0000
vt 0.5500 0.0000
vt 0.5500 0.0400
vt 0.0000 0.0400
vt 0.0000 0.0000
vt 0.5500 0.0000
vt 0.5500 0.0400
vt 0.0000 0.0400
vt 0.0000 0.0000
vt 0.0000 0.0360
vt 0.5500 0.0360
vt 0.5500 0.0000
vt 0.0000 0.0000
vt 0.0000 0.0360
vt 0.5500 0.0360
vt 0.5500 0.0000
vt 0.0000 0.0000
vt 0.0000 0.0360
vt 0.0400 0.0360
vt 0.0400 0.0000
vt 0.0000 0.0000
vt 0.0000 0.0360
vt 0.0400 0.0360
vt 0.0400 0.0000
vt 0.0000 0.0000
vt 0.5500 0.0000
vt 0.5500 0.0400
vt 0.0000 0.0400
vt 0.0000 0.0000
vt 0.5500 0.0000
vt 0.5500 0.0400
vt 0.0000 0.0400
vt 0.0000 0.0000
vt 0.0000 0.0360
vt 0.5500 0.0360
vt 0.5500 0.0000
vt 0.0000 0.0000
vt 0.0000 0.0360
vt 0.5500 0.0360
vt 0.5500 0.0000
vt 0.0000 0.0000
vt 0.0000 0.0360
vt 0.0400 0.0360
vt 0.0400 0.0000
vt 0.0000 0.0000
vt 0.0000 0.0360
vt 0.0400 0.0360
vt 0.0400 0.0000
vt 0.0000 0.0000
vt 0.5500 0.0000
vt 0.5500 0.0400
vt 0.0000 0.0400
vt 0.0000 0.0000
vt 0.5500 0.0000
vt 0.5500 0.0400
vt 0.0000 0.0400
vt 0.0000 0.0000
vt 0.0000 0.0360
vt 0.5500 0.0360
vt 0.5500 0.0000
vt 0.0000 0.0000
vt 0.0000 0.0360
vt 0.5500 0.0360
vt 0.5500 0.0000
vt 0.0000 0.0000
vt 0.0000 0.0360
vt 0.0400 0.0360
vt 0.0400 0.0000
vt 0.0000 0.0000
vt 0.0000 0.0360
vt 0.0400 0.0360
vt 0.0400 0.0000
vt 0.0000 0.0000
vt 0.5500 0.0000
vt 0.5500 0.0400
vt 0.0000 0.0400
vt 0.0000 0.0000
vt 0.5500 0.0000
vt 0.5500 0.0400
vt 0.0000 0.0400
vt 0.0000 0.0000
vt 0.0000 0.0360
vt 0.5500 0.0360
vt 0.5500 0.0000
vt 0.0000 0.0000
vt 0.0000 0.0360
vt 0.5500 0.0360
vt 0.5500 0.0000
vt 0.0000 0.0000
vt 0.0000 0.0360
vt 0.0400 0.0360
vt 0.0400 0.0000
vt 0.0000 0.0000
vt 0.0000 0.0360
vt 0.0400 0.0360
vt 0.0400 0.0000
vt 0.0000 0.0000
vt 0.5500 0.0000
vt 0.5500 0.0400
vt 0.0000 0.0400
vt 0.0000 0.0000
vt 0.5500 0.0000
vt 0.5500 0.0400
vt 0.0000 0.0400
vt 0.0000 0.0000
vt 0.0000 0.0360
vt 0.5500 0.0360
vt 0.5500 0.0000
vt 0.0000 0.0000
vt 0.0000 0.0360
vt 0.5500 0.0360
vt 0.5500 0.0000
vt 0.0000 0.0000
vt 0.0000 0.0360
vt 0.0400 0.0360
vt 0.0400 0.0000
vt 0.0000 0.0000
vt 0.0000 0.0360
vt 0.0400 0.0360
vt 0.0400 0.0000
vt 0.0000 0.0000
vt 0.5500 0.0000
vt 0.5500 0.0400
vt 0.0000 0.0400
vt 0.0000 0.0000
vt 0.5500 0.0000
vt 0.5500 0.0400
vt 0.0000 0.0400
vt 0.0000 0.0000
vt 0.0000 0.0360
vt 0.5500 0.0360
vt 0.5500 0.0000
vt 0.0000 0.0000
vt 0.0000 0.0360
vt 0.5500 0.0360
vt 0.5500 0.0000
vt 0.0000 0.0000
vt 0.0000 0.0360
vt 0.0400 0.0360
vt 0.0400 0.0000
vt 0.0000 0.0000
vt 0.0000 0.0360
vt 0.0400 0.0360
vt 0.0400 0.0000
vt 0.0000 0.0000
vt 0.0700 0.0000
vt 0.0700 0.0400
vt 0.0000 0.0400
vt 0.0000 0.0000
vt 0.0700 0.0000
vt 0.0700 0.0400
vt 0.0000 0.0400
vt 0.0000 0.0000
vt 0.0000 3.4000
vt 0.0700 3.4000
vt 0.0700 0.0000
vt 0.0000 0.0000
vt 0.0000 3.4000
vt 0.0700 3.4000
vt 0.0700 0.0000
vt 0.0000 0.0000
vt 0.0000 3.4000
vt 0.0400 3.4000
vt 0.0400 0.0000
vt 0.0000 0.0000
vt 0.0000 3.4000
vt 0.0400 3.4000
vt 0.0400 0.0000
vt 0.0000 0.0000
vt 0.0700 0.0000
vt 0.0700 0.0400
vt 0.0000 0.0400
vt 0.0000 0.0000
vt 0.0700 0.0000
vt 0.0700 0.0400
vt 0.0000 0.0400
vt 0.0000 0.0000
vt 0.0000 3.4000
vt 0.0700 3.4000
vt 0.0700 0.0000
vt 0.0000 0.0000
vt 0.0000 3.4000
vt 0.0700 3.4000
vt 0.0700 0.0000
vt 0.0000 0.0000
vt 0.0000 3.4000
vt 0.0400 3.4000
vt 0.0400 0.0000
vt 0.0000 0.0000
vt 0.0000 3.4000
vt 0.0400 3.4000
vt 0.0400 0.0000
vt 0.0000 0.0000
vt 0.0400 0.0000
vt 0.0400 0.5500
vt 0.0000 0.5500
vt 0.0000 0.0000
vt 0.0400 0.0000
vt 0.0400 0.5500
vt 0.0000 0.5500
vt 0.0000 0.0000
vt 0.0000 0.0360
vt 0.0400 0.0360
vt 0.0400 0.0000
vt 0.0000 0.0000
vt 0.0000 0.0360
vt 0.0400 0.0360
vt 0.0400 0.0000
vt 0.0000 0.0000
vt 0.0000 0.0360
vt 0.5500 0.0360
vt 0.5500 0.0000
vt 0.0000 0.0000
vt 0.0000 0.0360
vt 0.5500 0.0360
vt 0.5500 0.0000
vt 0.0000 0.0000
vt 0.0400 0.0000
vt 0.0400 0.5500
vt 0.0000 0.5500
vt 0.0000 0.0000
vt 0.0400 0.0000
vt 0.0400 0.5500
vt 0.0000 0.5500
vt 0.0000 0.0000
vt 0.0000 0.0360
vt 0.0400 0.0360
vt 0.0400 0.0000
vt 0.0000 0.0000
vt 0.0000 0.0360
vt 0.0400 0.0360
vt 0.0400 0.0000
vt 0.0000 0.0000
vt 0.0000 0.0360
vt 0.5500 0.0360
vt 0.5500 0.0000
vt 0.0000 0.0000
vt 0.0000 0.0360
vt 0.5500 0.0360
vt 0.5500 0.0000
vt 0.0000 0.0000
vt 0.0400 0.0000
vt 0.0400 0.5500
vt 0.0000 0.5500
vt 0.0000 0.0000
vt 0.0400 0.0000
vt 0.0400 0.5500
vt 0.0000 0.5500
vt 0.0000 0.0000
vt 0.0000 0.0360
vt 0.0400 0.0360
vt 0.0400 0.0000
vt 0.0000 0.0000
vt 0.0000 0.0360
vt 0.0400 0.0360
vt 0.0400 0.0000
vt 0.0000 0.0000
vt 0.0000 0.0360
vt 0.5500 0.0360
vt 0.5500 0.0000
vt 0.0000 0.0000
vt 0.0000 0.0360
vt 0.5500 0.0360
vt 0.5500 0.0000
vt 0.0000 0.0000
vt 0.0400 0.0000
vt 0.0400 0.5500
vt 0.0000 0.5500
vt 0.0000 0.0000
vt 0.0400 0.0000
vt 0.0400 0.5500
vt 0.0000 0.5500
vt 0.0000 0.0000
vt 0.0000 0.0360
vt 0.0400 0.0360
vt 0.0400 0.0000
vt 0.0000 0.0000
vt 0.0000 0.0360
vt 0.0400 0.0360
vt 0.0400 0.0000
vt 0.0000 0.0000
vt 0.0000 0.0360
vt 0.5500 0.0360
vt 0.5500 0.0000
vt 0.0000 0.0000
vt 0.0000 0.0360
vt 0.5500 0.0360
vt 0.5500 0.0000
vt 0.0000 0.0000
vt 0.0400 0.0000
vt 0.0400 0.5500
vt 0.0000 0.5500
vt 0.0000 0.0000
vt 0.0400 0.0000
vt 0.0400 0.5500
vt 0.0000 0.5500
vt 0.0000 0.0000
vt 0.0000 0.0360
vt 0.0400 0.0360
vt 0.0400 0.0000
vt 0.0000 0.0000
vt 0.0000 0.0360
vt 0.0400 0.0360
vt 0.0400 0.0000
vt 0.0000 0.0000
vt 0.0000 0.0360
vt 0.5500 0.0360
vt 0.5500 0.0000
vt 0.0000 0.0000
vt 0.0000 0.0360
vt 0.5500 0.0360
vt 0.5500 0.0000
vt 0.0000 0.0000
vt 0.0400 0.0000
vt 0.0400 0.5500
vt 0.0000 0.5500
vt 0.0000 0.0000
vt 0.0400 0.0000
vt 0.0400 0.5500
vt 0.0000 0.5500
vt 0.0000 0.0000
vt 0.0000 0.0360
vt 0.0400 0.0360
vt 0.0400 0.0000
vt 0.0000 0.0000
vt 0.0000 0.0360
vt 0.0400 0.0360
vt 0.0400 0.0000
vt 0.0000 0.0000
vt 0.0000 0.0360
vt 0.5500 0.0360
vt 0.5500 0.0000
vt 0.0000 0.0000
vt 0.0000 0.0360
vt 0.5500 0.0360
vt 0.5500 0.0000
vt 0.0000 0.0000
vt 0.0400 0.0000
vt 0.0400 0.5500
vt 0.0000 0.5500
vt 0.0000 0.0000
vt 0.0400 0.0000
vt 0.0400 0.5500
vt 0.0000 0.5500
vt 0.0000 0.0000
vt 0.0000 0.0360
vt 0.0400 0.0360
vt 0.0400 0.0000
vt 0.0000 0.0000
vt 0.0000 0.0360
vt 0.0400 0.0360
vt 0.0400 0.0000
vt 0.0000 0.0000
vt 0.0000 0.0360
vt 0.5500 0.0360
vt 0.5500 0.0000
vt 0.0000 0.0000
vt 0.0000 0.0360
vt 0.5500 0.0360
vt 0.5500 0.0000
vt 0.0000 0.0000
vt 0.0400 0.0000
vt 0.0400 0.5500
vt 0.0000 0.5500
vt 0.0000 0.0000
vt 0.0400 0.0000
vt 0.0400 0.5500
vt 0.0000 0.5500
vt 0.0000 0.0000
vt 0.0000 0.0360
vt 0.0400 0.0360
vt 0.0400 0.0000
vt 0.0000 0.0000
vt 0.0000 0.0360
vt 0.0400 0.0360
vt 0.0400 0.0000
vt 0.0000 0.0000
vt 0.0000 0.0360
vt 0.5500 0.0360
vt 0.5500 0.0000
vt 0.0000 0.0000
vt 0.0000 0.0360
vt 0.5500 0.0360
vt 0.5500 0.0000
vt 0.0000 0.0000
vt 0.0400 0.0000
vt 0.0400 0.5500
vt 0.0000 0.5500
vt 0.0000 0.0000
vt 0.0400 0.0000
vt 0.0400 0.5500
vt 0.0000 0.5500
vt 0.0000 0.0000
vt 0.0000 0.0360
vt 0.0400 0.0360
vt 0.0400 0.0000
vt 0.0000 0.0000
vt 0.0000 0.0360
vt 0.0400 0.0360
vt 0.0400 0.0000
vt 0.0000 0.0000
vt 0.0000 0.0360
vt 0.5500 0.0360
vt 0.5500 0.0000
vt 0.0000 0.0000
vt 0.0000 0.0360
vt 0.5500 0.0360
vt 0.5500 0.0000
vt 0.0000 0.0000
vt 0.0400 0.0000
vt 0.0400 0.5500
vt 0.0000 0.5500
vt 0.0000 0.0000
vt 0.0400 0.0000
vt 0.0400 0.5500
vt 0.0000 0.5500
vt 0.0000 0.0000
vt 0.0000 0.0360
vt 0.0400 0.0360
vt 0.0400 0.0000
vt 0.0000 0.0000
vt 0.0000 0.0360
vt 0.0400 0.0360
vt 0.0400 0.0000
vt 0.0000 0.0000
vt 0.0000 0.0360
vt 0.5500 0.0360
vt 0.5500 0.0000
vt 0.0000 0.0000
vt 0.0000 0.0360
vt 0.5500 0.0360
vt 0.5500 0.0000

vn 0.0000 0.0000 1.0000
vn 0.0000 0.0000 1.0000
vn 0.0000 0.0000 1.0000
vn 0.0000 1.0000 0.0000
vn -1.0000 0.0000 0.0000
vn 0.0000 0.0000 1.0000
vn 0.0000 0.0000 1.0000
vn 0.0000 0.0000 1.0000
vn 0.0000 -1.0000 0.0000
vn 0.0000 -1.0000 0.0000
vn 0.0000 -1.0000 0.0000
vn 1.0000 0.0000 0.0000
vn 1.0000 0.0000 0.0000
vn 1.0000 0.0000 0.0000
vn 0.0000 1.0000 0.0000
vn -1.0000 0.0000 0.0000
vn -1.0000 0.0000 0.0000
vn 0.0000 1.0000 0.0000
vn 0.0000 0.0000 -1.0000
vn 0.0000 0.0000 -1.0000
vn -0.9808 -0.1951 0.0000
vn -0.8315 -0.5556 0.0000
vn -0.5556 -0.8315 0.0000
vn -0.1951 -0.9808 0.0000
vn 0.1951 -0.9808 0.0000
vn 0.5556 -0.8315 0.0000
vn 0.8315 -0.5556 0.0000
vn 0.9808 -0.1951 0.0000
vn 0.0000 0.0000 1.0000
vn 0.0000 0.0000 -1.0000
vn 0.0000 0.0000 1.0000
vn 0.0000 0.0000 -1.0000
vn 0.0000 0.0000 1.0000
vn 0.0000 0.0000 -1.0000
vn 0.0000 0.0000 1.0000
vn 0.0000 0.0000 -1.0000
vn 0.0000 0.0000 1.0000
vn 0.0000 0.0000 -1.0000
vn 0.0000 0.0000 1.0000
vn 0.0000 0.0000 -1.0000
vn 0.0000 0.0000 1.0000
vn 0.0000 0.0000 -1.0000
vn 0.0000 0.0000 1.0000
vn 0.0000 0.0000 -1.0000
vn -0.9808 -0.1951 0.0000
vn -0.8315 -0.5556 0.0000
vn -0.5556 -0.8315 0.0000
vn -0.1951 -0.9808 0.0000
vn 0.1951 -0.9808 0.0000
vn 0.5556 -0.8315 0.0000
vn 0.8315 -0.5556 0.0000
vn 0.9808 -0.1951 0.0000
vn 0.0000 0.0000 1.0000
vn 0.0000 0.0000 -1.0000
vn 0.0000 0.0000 1.0000
vn 0.0000 0.0000 -1.0000
vn 0.0000 0.0000 1.0000
vn 0.0000 0.0000 -1.0000
vn 0.0000 0.0000 1.0000
vn 0.0000 0.0000 -1.0000
vn 0.0000 0.0000 1.0000
vn 0.0000 0.0000 -1.0000
vn 0.0000 0.0000 1.0000
vn 0.0000 0.0000 -1.0000
vn 0.0000 0.0000 1.0000
vn 0.0000 0.0000 -1.0000
vn 0.0000 0.0000 1.0000
vn 0.0000 0.0000 -1.0000
vn -0.9808 -0.1951 0.0000
vn -0.8315 -0.5556 0.0000
vn -0.5556 -0.8315 0.0000
vn -0.1951 -0.9808 0.0000
vn 0.1951 -0.9808 0.0000
vn 0.5556 -0.8315 0.0000
vn 0.8315 -0.5556 0.0000
vn 0.9808 -0.1951 0.0000
vn 0.0000 0.0000 1.0000
vn 0.0000 0.0000 -1.0000
vn 0.0000 0.0000 1.0000
vn 0.0000 0.0000 -1.0000
vn 0.0000 0.0000 1.0000
vn 0.0000 0.0000 -1.0000
vn 0.0000 0.0000 1.0000
vn 0.0000 0.0000 -1.0000
vn 0.0000 0.0000 1.0000
vn 0.0000 0.0000 -1.0000
vn 0.0000 0.0000 1.0000
vn 0.0000 0.0000 -1.0000
vn 0.0000 0.0000 1.0000
vn 0.0000 0.0000 -1.0000
vn 0.0000 0.0000 1.0000
vn 0.0000 0.0000 -1.0000
vn 0.1951 -0.9808 0.0000
vn 0.5556 -0.8315 0.0000
vn 0.8315 -0.5556 0.0000
vn 0.9808 -0.1951 0.0000
vn 0.9808 0.1951 0.0000
vn 0.8315 0.5556 0.0000
vn 0.5556 0.8315 0.0000
vn 0.1951 0.9808 0.0000
vn 0.0000 0.0000 1.0000
vn 0.0000 0.0000 -1.0000
vn 0.0000 0.0000 1.0000
vn 0.0000 0.0000 -1.0000
vn 0.0000 0.0000 1.0000
vn 0.0000 0.0000 -1.0000
vn 0.0000 0.0000 1.0000
vn 0.0000 0.0000 -1.0000
vn 0.0000 0.0000 1.0000
vn 0.0000 0.0000 -1.0000
vn 0.0000 0.0000 1.0000
vn 0.0000 0.0000 -1.0000
vn 0.0000 0.0000 1.0000
vn 0.0000 0.0000 -1.0000
vn 0.0000 0.0000 1.0000
vn 0.0000 0.0000 -1.0000
vn 0.1951 -0.9808 0.0000
vn 0.5556 -0.8315 0.0000
vn 0.8315 -0.5556 0.0000
vn 0.9808 -0.1951 0.0000
vn 0.9808 0.1951 0.0000
vn 0.8315 0.5556 0.0000
vn 0.5556 0.8315 0.0000
vn 0.1951 0.9808 0.0000
vn 0.0000 0.0000 1.0000
vn 0.0000 0.0000 -1.0000
vn 0.0000 0.0000 1.0000
vn 0.0000 0.0000 -1.0000
vn 0.0000 0.0000 1.0000
vn 0.0000 0.0000 -1.0000
vn 0.0000 0.0000 1.0000
vn 0.0000 0.0000 -1.0000
vn 0.0000 0.0000 1.0000
vn 0.0000 0.0000 -1.0000
vn 0.0000 0.0000 1.0000
vn 0.0000 0.0000 -1.0000
vn 0.0000 0.0000 1.0000
vn 0.0000 0.0000 -1.0000
vn 0.0000 0.0000 1.0000
vn 0.0000 0.0000 -1.0000
vn 0.1951 -0.9808 0.0000
vn 0.5556 -0.8315 0.0000
vn 0.8315 -0.5556 0.0000
vn 0.9808 -0.1951 0.0000
vn 0.9808 0.1951 0.0000
vn 0.8315 0.5556 0.0000
vn 0.5556 0.8315 0.0000
vn 0.1951 0.9808 0.0000
vn 0.0000 0.0000 1.0000
vn 0.0000 0.0000 -1.0000
vn 0.0000 0.0000 1.0000
vn 0.0000 0.0000 -1.0000
vn 0.0000 0.0000 1.0000
vn 0.0000 0.0000 -1.0000
vn 0.0000 0.0000 1.0000
vn 0.0000 0.0000 -1.0000
vn 0.0000 0.0000 1.0000
vn 0.0000 0.0000 -1.0000
vn 0.0000 0.0000 1.0000
vn 0.0000 0.0000 -1.0000
vn 0.0000 0.0000 1.0000
vn 0.0000 0.0000 -1.0000
vn 0.0000 0.0000 1.0000
vn 0.0000 0.0000 -1.0000
vn 0.1951 -0.9808 0.0000
vn 0.5556 -0.8315 0.0000
vn 0.8315 -0.5556 0.0000
vn 0.9808 -0.1951 0.0000
vn 0.9808 0.1951 0.0000
vn 0.8315 0.5556 0.0000
vn 0.5556 0.8315 0.0000
vn 0.1951 0.9808 0.0000
vn 0.0000 0.0000 1.0000
vn 0.0000 0.0000 -1.0000
vn 0.0000 0.0000 1.0000
vn 0.0000 0.0000 -1.0000
vn 0.0000 0.0000 1.0000
vn 0.0000 0.0000 -1.0000
vn 0.0000 0.0000 1.0000
vn 0.0000 0.0000 -1.0000
vn 0.0000 0.0000 1.0000
vn 0.0000 0.0000 -1.0000
vn 0.0000 0.0000 1.0000
vn 0.0000 0.0000 -1.0000
vn 0.0000 0.0000 1.0000
vn 0.0000 0.0000 -1.0000
vn 0.0000 0.0000 1.0000
vn 0.0000 0.0000 -1.0000
vn 0.1951 -0.9808 0.0000
vn 0.5556 -0.8315 0.0000
vn 0.8315 -0.5556 0.0000
vn 0.9808 -0.1951 0.0000
vn 0.9808 0.1951 0.0000
vn 0.8315 0.5556 0.0000
vn 0.5556 0.8315 0.0000
vn 0.1951 0.9808 0.0000
vn 0.0000 0.0000 1.0000
vn 0.0000 0.0000 -1.0000
vn 0.0000 0.0000 1.0000
vn 0.0000 0.0000 -1.0000
vn 0.0000 0.0000 1.0000
vn 0.0000 0.0000 -1.0000
vn 0.0000 0.0000 1.0000
vn 0.0000 0.0000 -1.0000
vn 0.0000 0.0000 1.0000
vn 0.0000 0.0000 -1.0000
vn 0.0000 0.0000 1.0000
vn 0.0000 0.0000 -1.0000
vn 0.0000 0.0000 1.0000
vn 0.0000 0.0000 -1.0000
vn 0.0000 0.0000 1.0000
vn 0.0000 0.0000 -1.0000
vn 0.9659 0.2588 0.0000
vn 0.7071 0.7071 0.0000
vn 0.2588 0.9659 0.0000
vn -0.2588 0.9659 0.0000
vn -0.7071 0.7071 0.0000
vn -0.9659 0.2588 0.0000
vn -0.9659 -0.2588 0.0000
vn -0.7071 -0.7071 0.0000
vn -0.2588 -0.9659 0.0000
vn 0.2588 -0.9659 0.0000
vn 0.7071 -0.7071 0.0000
vn -0.9659 0.2588 0.0000
vn 0.0000 0.0000 1.0000
vn 0.0000 0.0000 -1.0000
vn 0.0000 0.0000 1.0000
vn 0.0000 0.0000 -1.0000
vn 0.0000 0.0000 1.0000
vn 0.0000 0.0000 -1.0000
vn 0.0000 0.0000 1.0000
vn 0.0000 0.0000 -1.0000
vn 0.0000 0.0000 1.0000
vn 0.0000 0.0000 -1.0000
vn 0.0000 0.0000 1.0000
vn 0.0000 0.0000 -1.0000
vn 0.0000 0.0000 1.0000
vn 0.0000 0.0000 -1.0000
vn 0.0000 0.0000 1.0000
vn 0.0000 0.0000 -1.0000
vn 0.0000 0.0000 1.0000
vn 0.0000 0.0000 -1.0000
vn 0.0000 0.0000 1.0000
vn 0.0000 0.0000 -1.0000
vn 0.0000 0.0000 1.0000
vn 0.0000 0.0000 -1.0000
vn 0.0000 0.0000 1.0000
vn 0.0000 0.0000 -1.0000
vn 0.9659 0.2588 0.0000
vn 0.7071 0.7071 0.0000
vn 0.2588 0.9659 0.0000
vn -0.2588 0.9659 0.0000
vn -0.7071 0.7071 0.0000
vn -0.9659 0.2588 0.0000
vn -0.9659 -0.2588 0.0000
vn -0.7071 -0.7071 0.0000
vn -0.2588 -0.9659 0.0000
vn 0.2588 -0.9659 0.0000
vn 0.7071 -0.7071 0.0000
vn -0.9659 0.2588 0.0000
vn 0.9659 0.2588 0.0000
vn 0.7071 0.7071 0.0000
vn 0.2588 0.9659 0.0000
vn -0.2588 0.9659 0.0000
vn -0.7071 0.7071 0.0000
vn -0.9659 0.2588 0.0000
vn -0.9659 -0.2588 0.0000
vn -0.7071 -0.7071 0.0000
vn -0.2588 -0.9659 0.0000
vn 0.2588 -0.9659 0.0000
vn 0.7071 -0.7071 0.0000
vn -0.9659 0.2588 0.0000
vn 0.0000 0.0000 1.0000
vn 0.0000 0.0000 -1.0000
vn 0.0000 0.0000 1.0000
vn 0.0000 0.0000 -1.0000
vn 0.0000 0.0000 1.0000
vn 0.0000 0.0000 -1.0000
vn 0.0000 0.0000 1.0000
vn 0.0000 0.0000 -1.0000
vn 0.0000 0.0000 1.0000
vn 0.0000 0.0000 -1.0000
vn 0.0000 0.0000 1.0000
vn 0.0000 0.0000 -1.0000
vn 0.0000 0.0000 1.0000
vn 0.0000 0.0000 -1.0000
vn 0.0000 0.0000 1.0000
vn 0.0000 0.0000 -1.0000
vn 0.0000 0.0000 1.0000
vn 0.0000 0.0000 -1.0000
vn 0.0000 0.0000 1.0000
vn 0.0000 0.0000 -1.0000
vn 0.0000 0.0000 1.0000
vn 0.0000 0.0000 -1.0000
vn 0.0000 0.0000 1.0000
vn 0.0000 0.0000 -1.0000
vn 0.0000 0.0000 1.0000
vn 0.0000 0.0000 -1.0000
vn 0.0000 1.0000 0.0000
vn 0.0000 -1.0000 0.0000
vn -1.0000 0.0000 0.0000
vn 1.0000 0.0000 0.0000
vn 0.9659 0.2588 0.0000
vn 0.7071 0.7071 0.0000
vn 0.2588 0.9659 0.0000
vn -0.2588 0.9659 0.0000
vn -0.7071 0.7071 0.0000
vn -0.9659 0.2588 0.0000
vn -0.9659 -0.2588 0.0000
vn -0.7071 -0.7071 0.0000
vn -0.2588 -0.9659 0.0000
vn 0.2588 -0.9659 0.0000
vn 0.7071 -0.7071 0.0000
vn -0.9659 0.2588 0.0000
vn 0.0000 0.0000 1.0000
vn 0.0000 0.0000 -1.0000
vn 0.0000 0.0000 1.0000
vn 0.0000 0.0000 -1.0000
vn 0.0000 0.0000 1.0000
vn 0.0000 0.0000 -1.0000
vn 0.0000 0.0000 1.0000
vn 0.0000 0.0000 -1.0000
vn 0.0000 0.0000 1.0000
vn 0.0000 0.0000 -1.0000
vn 0.0000 0.0000 1.0000
vn 0.0000 0.0000 -1.0000
vn 0.0000 0.0000 1.0000
vn 0.0000 0.0000 -1.0000
vn 0.0000 0.0000 1.0000
vn 0.0000 0.0000 -1.0000
vn 0.0000 0.0000 1.0000
vn 0.0000 0.0000 -1.0000
vn 0.0000 0.0000 1.0000
vn 0.0000 0.0000 -1.0000
vn 0.0000 0.0000 1.0000
vn 0.0000 0.0000 -1.0000
vn 0.0000 0.0000 1.0000
vn 0.0000 0.0000 -1.0000
vn 0.9659 0.2588 0.0000
vn 0.7071 0.7071 0.0000
vn 0.2588 0.9659 0.0000
vn -0.2588 0.9659 0.0000
vn -0.7071 0.7071 0.0000
vn -0.9659 0.2588 0.0000
vn -0.9659 -0.2588 0.0000
vn -0.7071 -0.7071 0.0000
vn -0.2588 -0.9659 0.0000
vn 0.2588 -0.9659 0.0000
vn 0.7071 -0.7071 0.0000
vn -0.9659 0.2588 0.0000
vn 0.9659 0.2588 0.0000
vn 0.7071 0.7071 0.0000
vn 0.2588 0.9659 0.0000
vn -0.2588 0.9659 0.0000
vn -0.7071 0.7071 0.0000
vn -0.9659 0.2588 0.0000
vn -0.9659 -0.2588 0.0000
vn -0.7071 -0.7071 0.0000
vn -0.2588 -0.9659 0.0000
vn 0.2588 -0.9659 0.0000
vn 0.7071 -0.7071 0.0000
vn -0.9659 0.2588 0.0000
vn 0.0000 0.0000 1.0000
vn 0.0000 0.0000 -1.0000
vn 0.0000 0.0000 1.0000
vn 0.0000 0.0000 -1.0000
vn 0.0000 0.0000 1.0000
vn 0.0000 0.0000 -1.0000
vn 0.0000 0.0000 1.0000
vn 0.0000 0.0000 -1.0000
vn 0.0000 0.0000 1.0000
vn 0.0000 0.0000 -1.0000
vn 0.0000 0.0000 1.0000
vn 0.0000 0.0000 -1.0000
vn 0.0000 0.0000 1.0000
vn 0.0000 0.0000 -1.0000
vn 0.0000 0.0000 1.0000
vn 0.0000 0.0000 -1.0000
vn 0.0000 0.0000 1.0000
vn 0.0000 0.0000 -1.0000
vn 0.0000 0.0000 1.0000
vn 0.0000 0.0000 -1.0000
vn 0.0000 0.0000 1.0000
vn 0.0000 0.0000 -1.0000
vn 0.0000 0.0000 1.0000
vn 0.0000 0.0000 -1.0000
vn 0.0000 0.0000 1.0000
vn 0.0000 0.0000 -1.0000
vn 0.0000 1.0000 0.0000
vn 0.0000 -1.0000 0.0000
vn -1.0000 0.0000 0.0000
vn 1.0000 0.0000 0.0000
vn 0.9659 0.2588 0.0000
vn 0.7071 0.7071 0.0000
vn 0.2588 0.9659 0.0000
vn -0.2588 0.9659 0.0000
vn -0.7071 0.7071 0.0000
vn -0.9659 0.2588 0.0000
vn -0.9659 -0.2588 0.0000
vn -0.7071 -0.7071 0.0000
vn -0.2588 -0.9659 0.0000
vn 0.2588 -0.9659 0.0000
vn 0.7071 -0.7071 0.0000
vn -0.9659 0.2588 0.0000
vn 0.0000 0.0000 1.0000
vn 0.0000 0.0000 -1.0000
vn 0.0000 0.0000 1.0000
vn 0.0000 0.0000 -1.0000
vn 0.0000 0.0000 1.0000
vn 0.0000 0.0000 -1.0000
vn 0.0000 0.0000 1.0000
vn 0.0000 0.0000 -1.0000
vn 0.0000 0.0000 1.0000
vn 0.0000 0.0000 -1.0000
vn 0.0000 0.0000 1.0000
vn 0.0000 0.0000 -1.0000
vn 0.0000 0.0000 1.0000
vn 0.0000 0.0000 -1.0000
vn 0.0000 0.0000 1.0000
vn 0.0000 0.0000 -1.0000
vn 0.0000 0.0000 1.0000
vn 0.0000 0.0000 -1.0000
vn 0.0000 0.0000 1.0000
vn 0.0000 0.0000 -1.0000
vn 0.0000 0.0000 1.0000
vn 0.0000 0.0000 -1.0000
vn 0.0000 0.0000 1.0000
vn 0.0000 0.0000 -1.0000
vn 0.9659 0.2588 0.0000
vn 0.7071 0.7071 0.0000
vn 0.2588 0.9659 0.0000
vn -0.2588 0.9659 0.0000
vn -0.7071 0.7071 0.0000
vn -0.9659 0.2588 0.0000
vn -0.9659 -0.2588 0.0000
vn -0.7071 -0.7071 0.0000
vn -0.2588 -0.9659 0.0000
vn 0.2588 -0.9659 0.0000
vn 0.7071 -0.7071 0.0000
vn -0.9659 0.2588 0.0000
vn 0.9659 0.2588 0.0000
vn 0.7071 0.7071 0.0000
vn 0.2588 0.9659 0.0000
vn -0.2588 0.9659 0.0000
vn -0.7071 0.7071 0.0000
vn -0.9659 0.2588 0.0000
vn -0.9659 -0.2588 0.0000
vn -0.7071 -0.7071 0.0000
vn -0.2588 -0.9659 0.0000
vn 0.2588 -0.9659 0.0000
vn 0.7071 -0.7071 0.0000
vn -0.9659 0.2588 0.0000
vn 0.0000 0.0000 1.0000
vn 0.0000 0.0000 -1.0000
vn 0.0000 0.0000 1.0000
vn 0.0000 0.0000 -1.0000
vn 0.0000 0.0000 1.0000
vn 0.0000 0.0000 -1.0000
vn 0.0000 0.0000 1.0000
vn 0.0000 0.0000 -1.0000
vn 0.0000 0.0000 1.0000
vn 0.0000 0.0000 -1.0000
vn 0.0000 0.0000 1.0000
vn 0.0000 0.0000 -1.0000
vn 0.0000 0.0000 1.0000
vn 0.0000 0.0000 -1.0000
vn 0.0000 0.0000 1.0000
vn 0.0000 0.0000 -1.0000
vn 0.0000 0.0000 1.0000
vn 0.0000 0.0000 -1.0000
vn 0.0000 0.0000 1.0000
vn 0.0000 0.0000 -1.0000
vn 0.0000 0.0000 1.0000
vn 0.0000 0.0000 -1.0000
vn 0.0000 0.0000 1.0000
vn 0.0000 0.0000 -1.0000
vn 0.0000 0.0000 1.0000
vn 0.0000 0.0000 -1.0000
vn 0.0000 1.0000 0.0000
vn 0.0000 -1.0000 0.0000
vn -1.0000 0.0000 0.0000
vn 1.0000 0.0000 0.0000
vn 0.9659 0.2588 0.0000
vn 0.7071 0.7071 0.0000
vn 0.2588 0.9659 0.0000
vn -0.2588 0.9659 0.0000
vn -0.7071 0.7071 0.0000
vn -0.9659 0.2588 0.0000
vn -0.9659 -0.2588 0.0000
vn -0.7071 -0.7071 0.0000
vn -0.2588 -0.9659 0.0000
vn 0.2588 -0.9659 0.0000
vn 0.7071 -0.7071 0.0000
vn -0.9659 0.2588 0.0000
vn 0.0000 0.0000 1.0000
vn 0.0000 0.0000 -1.0000
vn 0.0000 0.0000 1.0000
vn 0.0000 0.0000 -1.0000
vn 0.0000 0.0000 1.0000
vn 0.0000 0.0000 -1.0000
vn 0.0000 0.0000 1.0000
vn 0.0000 0.0000 -1.0000
vn 0.0000 0.0000 1.0000
vn 0.0000 0.0000 -1.0000
vn 0.0000 0.0000 1.0000
vn 0.0000 0.0000 -1.0000
vn 0.0000 0.0000 1.0000
vn 0.0000 0.0000 -1.0000
vn 0.0000 0.0000 1.0000
vn 0.0000 0.0000 -1.0000
vn 0.0000 0.0000 1.0000
vn 0.0000 0.0000 -1.0000
vn 0.0000 0.0000 1.0000
vn 0.0000 0.0000 -1.0000
vn 0.0000 0.0000 1.0000
vn 0.0000 0.0000 -1.0000
vn 0.0000 0.0000 1.0000
vn 0.0000 0.0000 -1.0000
vn 0.9659 0.2588 0.0000
vn 0.7071 0.7071 0.0000
vn 0.2588 0.9659 0.0000
vn -0.2588 0.9659 0.0000
vn -0.7071 0.7071 0.0000
vn -0.9659 0.2588 0.0000
vn -0.9659 -0.2588 0.0000
vn -0.7071 -0.7071 0.0000
vn -0.2588 -0.9659 0.0000
vn 0.2588 -0.9659 0.0000
vn 0.7071 -0.7071 0.0000
vn -0.9659 0.2588 0.0000
vn 0.9659 0.2588 0.0000
vn 0.7071 0.7071 0.0000
vn 0.2588 0.9659 0.0000
vn -0.2588 0.9659 0.0000
vn -0.7071 0.7071 0.0000
vn -0.9659 0.2588 0.0000
vn -0.9659 -0.2588 0.0000
vn -0.7071 -0.7071 0.0000
vn -0.2588 -0.9659 0.0000
vn 0.2588 -0.9659 0.0000
vn 0.7071 -0.7071 0.0000
vn -0.9659 0.2588 0.0000
vn 0.0000 0.0000 1.0000
vn 0.0000 0.0000 -1.0000
vn 0.0000 0.0000 1.0000
vn 0.0000 0.0000 -1.0000
vn 0.0000 0.0000 1.0000
vn 0.0000 0.0000 -1.0000
vn 0.0000 0.0000 1.0000
vn 0.0000 0.0000 -1.0000
vn 0.0000 0.0000 1.0000
vn 0.0000 0.0000 -1.0000
vn 0.0000 0.0000 1.0000
vn 0.0000 0.0000 -1.0000
vn 0.0000 0.0000 1.0000
vn 0.0000 0.0000 -1.0000
vn 0.0000 0.0000 1.0000
vn 0.0000 0.0000 -1.0000
vn 0.0000 0.0000 1.0000
vn 0.0000 0.0000 -1.0000
vn 0.0000 0.0000 1.0000
vn 0.0000 0.0000 -1.0000
vn 0.0000 0.0000 1.0000
vn 0.0000 0.0000 -1.0000
vn 0.0000 0.0000 1.0000
vn 0.0000 0.0000 -1.0000
vn 0.0000 0.0000 1.0000
vn 0.0000 0.0000 -1.0000
vn 0.0000 1.0000 0.0000
vn 0.0000 -1.0000 0.0000
vn -1.0000 0.0000 0.0000
vn 1.0000 0.0000 0.0000
vn 0.9659 0.2588 0.0000
vn 0.7071 0.7071 0.0000
vn 0.2588 0.9659 0.0000
vn -0.2588 0.9659 0.0000
vn -0.7071 0.7071 0.0000
vn -0.9659 0.2588 0.0000
vn -0.9659 -0.2588 0.0000
vn -0.7071 -0.7071 0.0000
vn -0.2588 -0.9659 0.0000
vn 0.2588 -0.9659 0.0000
vn 0.7071 -0.7071 0.0000
vn -0.9659 0.2588 0.0000
vn 0.0000 0.0000 1.0000
vn 0.0000 0.0000 -1.0000
vn 0.0000 0.0000 1.0000
vn 0.0000 0.0000 -1.0000
vn 0.0000 0.0000 1.0000
vn 0.0000 0.0000 -1.0000
vn 0.0000 0.0000 1.0000
vn 0.0000 0.0000 -1.0000
vn 0.0000 0.0000 1.0000
vn 0.0000 0.0000 -1.0000
vn 0.0000 0.0000 1.0000
vn 0.0000 0.0000 -1.0000
vn 0.0000 0.0000 1.0000
vn 0.0000 0.0000 -1.0000
vn 0.0000 0.0000 1.0000
vn 0.0000 0.0000 -1.0000
vn 0.0000 0.0000 1.0000
vn 0.0000 0.0000 -1.0000
vn 0.0000 0.0000 1.0000
vn 0.0000 0.0000 -1.0000
vn 0.0000 0.0000 1.0000
vn 0.0000 0.0000 -1.0000
vn 0.0000 0.0000 1.0000
vn 0.0000 0.0000 -1.0000
vn 0.9659 0.2588 0.0000
vn 0.7071 0.7071 0.0000
vn 0.2588 0.9659 0.0000
vn -0.2588 0.9659 0.0000
vn -0.7071 0.7071 0.0000
vn -0.9659 0.2588 0.0000
vn -0.9659 -0.2588 0.0000
vn -0.7071 -0.7071 0.0000
vn -0.2588 -0.9659 0.0000
vn 0.2588 -0.9659 0.0000
vn 0.7071 -0.7071 0.0000
vn -0.9659 0.2588 0.0000
vn 0.9659 0.2588 0.0000
vn 0.7071 0.7071 0.0000
vn 0.2588 0.9659 0.0000
vn -0.2588 0.9659 0.0000
vn -0.7071 0.7071 0.0000
vn -0.9659 0.2588 0.0000
vn -0.9659 -0.2588 0.0000
vn -0.7071 -0.7071 0.0000
vn -0.2588 -0.9659 0.0000
vn 0.2588 -0.9659 0.0000
vn 0.7071 -0.7071 0.0000
vn -0.9659 0.2588 0.0000
vn 0.0000 0.0000 1.0000
vn 0.0000 0.0000 -1.0000
vn 0.0000 0.0000 1.0000
vn 0.0000 0.0000 -1.0000
vn 0.0000 0.0000 1.0000
vn 0.0000 0.0000 -1.0000
vn 0.0000 0.0000 1.0000
vn 0.0000 0.0000 -1.0000
vn 0.0000 0.0000 1.0000
vn 0.0000 0.0000 -1.0000
vn 0.0000 0.0000 1.0000
vn 0.0000 0.0000 -1.0000
vn 0.0000 0.0000 1.0000
vn 0.0000 0.0000 -1.0000
vn 0.0000 0.0000 1.0000
vn 0.0000 0.0000 -1.0000
vn 0.0000 0.0000 1.0000
vn 0.0000 0.0000 -1.0000
vn 0.0000 0.0000 1.0000
vn 0.0000 0.0000 -1.0000
vn 0.0000 0.0000 1.0000
vn 0.0000 0.0000 -1.0000
vn 0.0000 0.0000 1.0000
vn 0.0000 0.0000 -1.0000
vn 0.0000 0.0000 1.0000
vn 0.0000 0.0000 -1.0000
vn 0.0000 1.0000 0.0000
vn 0.0000 -1.0000 0.0000
vn -1.0000 0.0000 0.0000
vn 1.0000 0.0000 0.0000
vn 0.9659 0.2588 0.0000
vn 0.7071 0.7071 0.0000
vn 0.2588 0.9659 0.0000
vn -0.2588 0.9659 0.0000
vn -0.7071 0.7071 0.0000
vn -0.9659 0.2588 0.0000
vn -0.9659 -0.2588 0.0000
vn -0.7071 -0.7071 0.0000
vn -0.2588 -0.9659 0.0000
vn 0.2588 -0.9659 0.0000
vn 0.7071 -0.7071 0.0000
vn -0.9659 0.2588 0.0000
vn 0.0000 0.0000 1.0000
vn 0.0000 0.0000 -1.0000
vn 0.0000 0.0000 1.0000
vn 0.0000 0.0000 -1.0000
vn 0.0000 0.0000 1.0000
vn 0.0000 0.0000 -1.0000
vn 0.0000 0.0000 1.0000
vn 0.0000 0.0000 -1.0000
vn 0.0000 0.0000 1.0000
vn 0.0000 0.0000 -1.0000
vn 0.0000 0.0000 1.0000
vn 0.0000 0.0000 -1.0000
vn 0.0000 0.0000 1.0000
vn 0.0000 0.0000 -1.0000
vn 0.0000 0.0000 1.0000
vn 0.0000 0.0000 -1.0000
vn 0.0000 0.0000 1.0000
vn 0.0000 0.0000 -1.0000
vn 0.0000 0.0000 1.0000
vn 0.0000 0.0000 -1.0000
vn 0.0000 0.0000 1.0000
vn 0.0000 0.0000 -1.0000
vn 0.0000 0.0000 1.0000
vn 0.0000 0.0000 -1.0000
vn 0.9659 0.2588 0.0000
vn 0.7071 0.7071 0.0000
vn 0.2588 0.9659 0.0000
vn -0.2588 0.9659 0.0000
vn -0.7071 0.7071 0.0000
vn -0.9659 0.2588 0.0000
vn -0.9659 -0.2588 0.0000
vn -0.7071 -0.7071 0.0000
vn -0.2588 -0.9659 0.0000
vn 0.2588 -0.9659 0.0000
vn 0.7071 -0.7071 0.0000
vn -0.9659 0.2588 0.0000
vn 0.9659 0.2588 0.0000
vn 0.7071 0.7071 0.0000
vn 0.2588 0.9659 0.0000
vn -0.2588 0.9659 0.0000
vn -0.7071 0.7071 0.0000
vn -0.9659 0.2588 0.0000
vn -0.9659 -0.2588 0.0000
vn -0.7071 -0.7071 0.0000
vn -0.2588 -0.9659 0.0000
vn 0.2588 -0.9659 0.0000
vn 0.7071 -0.7071 0.0000
vn -0.9659 0.2588 0.0000
vn 0.0000 0.0000 1.0000
vn 0.0000 0.0000 -1.0000
vn 0.0000 0.0000 1.0000
vn 0.0000 0.0000 -1.0000
vn 0.0000 0.0000 1.0000
vn 0.0000 0.0000 -1.0000
vn 0.0000 0.0000 1.0000
vn 0.0000 0.0000 -1.0000
vn 0.0000 0.0000 1.0000
vn 0.0000 0.0000 -1.0000
vn 0.0000 0.0000 1.0000
vn 0.0000 0.0000 -1.0000
vn 0.0000 0.0000 1.0000
vn 0.0000 0.0000 -1.0000
vn 0.0000 0.0000 1.0000
vn 0.0000 0.0000 -1.0000
vn 0.0000 0.0000 1.0000
vn 0.0000 0.0000 -1.0000
vn 0.0000 0.0000 1.0000
vn 0.0000 0.0000 -1.0000
vn 0.0000 0.0000 1.0000
vn 0.0000 0.0000 -1.0000
vn 0.0000 0.0000 1.0000
vn 0.0000 0.0000 -1.0000
vn 0.0000 0.0000 1.0000
vn 0.0000 0.0000 -1.0000
vn 0.0000 1.0000 0.0000
vn 0.0000 -1.0000 0.0000
vn -1.0000 0.0000 0.0000
vn 1.0000 0.0000 0.0000
vn 0.9659 0.2588 0.0000
vn 0.7071 0.7071 0.0000
vn 0.2588 0.9659 0.0000
vn -0.2588 0.9659 0.0000
vn -0.7071 0.7071 0.0000
vn -0.9659 0.2588 0.0000
vn -0.9659 -0.2588 0.0000
vn -0.7071 -0.7071 0.0000
vn -0.2588 -0.9659 0.0000
vn 0.2588 -0.9659 0.0000
vn 0.7071 -0.7071 0.0000
vn -0.9659 0.2588 0.0000
vn 0.0000 0.0000 1.0000
vn 0.0000 0.0000 -1.0000
vn 0.0000 0.0000 1.0000
vn 0.0000 0.0000 -1.0000
vn 0.0000 0.0000 1.0000
vn 0.0000 0.0000 -1.0000
vn 0.0000 0.0000 1.0000
vn 0.0000 0.0000 -1.0000
vn 0.0000 0.0000 1.0000
vn 0.0000 0.0000 -1.0000
vn 0.0000 0.0000 1.0000
vn 0.0000 0.0000 -1.0000
vn 0.0000 0.0000 1.0000
vn 0.0000 0.0000 -1.0000
vn 0.0000 0.0000 1.0000
vn 0.0000 0.0000 -1.0000
vn 0.0000 0.0000 1.0000
vn 0.0000 0.0000 -1.0000
vn 0.0000 0.0000 1.0000
vn 0.0000 0.0000 -1.0000
vn 0.0000 0.0000 1.0000
vn 0.0000 0.0000 -1.0000
vn 0.0000 0.0000 1.0000
vn 0.0000 0.0000 -1.0000
vn 0.9659 0.2588 0.0000
vn 0.7071 0.7071 0.0000
vn 0.2588 0.9659 0.0000
vn -0.2588 0.9659 0.0000
vn -0.7071 0.7071 0.0000
vn -0.9659 0.2588 0.0000
vn -0.9659 -0.2588 0.0000
vn -0.7071 -0.7071 0.0000
vn -0.2588 -0.9659 0.0000
vn 0.2588 -0.9659 0.0000
vn 0.7071 -0.7071 0.0000
vn -0.9659 0.2588 0.0000
vn 0.9659 0.2588 0.0000
vn 0.7071 0.7071 0.0000
vn 0.2588 0.9659 0.0000
vn -0.2588 0.9659 0.0000
vn -0.7071 0.7071 0.0000
vn -0.9659 0.2588 0.0000
vn -0.9659 -0.2588 0.0000
vn -0.7071 -0.7071 0.0000
vn -0.2588 -0.9659 0.0000
vn 0.2588 -0.9659 0.0000
vn 0.7071 -0.7071 0.0000
vn -0.9659 0.2588 0.0000
vn 0.0000 0.0000 1.0000
vn 0.0000 0.0000 -1.0000
vn 0.0000 0.0000 1.0000
vn 0.0000 0.0000 -1.0000
vn 0.0000 0.0000 1.0000
vn 0.0000 0.0000 -1.0000
vn 0.0000 0.0000 1.0000
vn 0.0000 0.0000 -1.0000
vn 0.0000 0.0000 1.0000
vn 0.0000 0.0000 -1.0000
vn 0.0000 0.0000 1.0000
vn 0.0000 0.0000 -1.0000
vn 0.0000 0.0000 1.0000
vn 0.0000 0.0000 -1.0000
vn 0.0000 0.0000 1.0000
vn 0.0000 0.0000 -1.0000
vn 0.0000 0.0000 1.0000
vn 0.0000 0.0000 -1.0000
vn 0.0000 0.0000 1.0000
vn 0.0000 0.0000 -1.0000
vn 0.0000 0.0000 1.0000
vn 0.0000 0.0000 -1.0000
vn 0.0000 0.0000 1.0000
vn 0.0000 0.0000 -1.0000
vn 0.0000 0.0000 1.0000
vn 0.0000 0.0000 -1.0000
vn 0.0000 1.0000 0.0000
vn 0.0000 -1.0000 0.0000
vn -1.0000 0.0000 0.0000
vn 1.0000 0.0000 0.0000
vn 0.9659 0.2588 0.0000
vn 0.7071 0.7071 0.0000
vn 0.2588 0.9659 0.0000
vn -0.2588 0.9659 0.0000
vn -0.7071 0.7071 0.0000
vn -0.9659 0.2588 0.0000
vn -0.9659 -0.2588 0.0000
vn -0.7071 -0.7071 0.0000
vn -0.2588 -0.9659 0.0000
vn 0.2588 -0.9659 0.0000
vn 0.7071 -0.7071 0.0000
vn -0.9659 0.2588 0.0000
vn 0.0000 0.0000 1.0000
vn 0.0000 0.0000 -1.0000
vn 0.0000 0.0000 1.0000
vn 0.0000 0.0000 -1.0000
vn 0.0000 0.0000 1.0000
vn 0.0000 0.0000 -1.0000
vn 0.0000 0.0000 1.0000
vn 0.0000 0.0000 -1.0000
vn 0.0000 0.0000 1.0000
vn 0.0000 0.0000 -1.0000
vn 0.0000 0.0000 1.0000
vn 0.0000 0.0000 -1.0000
vn 0.0000 0.0000 1.0000
vn 0.0000 0.0000 -1.0000
vn 0.0000 0.0000 1.0000
vn 0.0000 0.0000 -1.0000
vn 0.0000 0.0000 1.0000
vn 0.0000 0.0000 -1.0000
vn 0.0000 0.0000 1.0000
vn 0.0000 0.0000 -1.0000
vn 0.0000 0.0000 1.0000
vn 0.0000 0.0000 -1.0000
vn 0.0000 0.0000 1.0000
vn 0.0000 0.0000 -1.0000
vn 0.9659 0.2588 0.0000
vn 0.7071 0.7071 0.0000
vn 0.2588 0.9659 0.0000
vn -0.2588 0.9659 0.0000
vn -0.7071 0.7071 0.0000
vn -0.9659 0.2588 0.0000
vn -0.9659 -0.2588 0.0000
vn -0.7071 -0.7071 0.0000
vn -0.2588 -0.9659 0.0000
vn 0.2588 -0.9659 0.0000
vn 0.7071 -0.7071 0.0000
vn -0.9659 0.2588 0.0000
vn 0.9659 0.2588 0.0000
vn 0.7071 0.7071 0.0000
vn 0.2588 0.9659 0.0000
vn -0.2588 0.9659 0.0000
vn -0.7071 0.7071 0.0000
vn -0.9659 0.2588 0.0000
vn -0.9659 -0.2588 0.0000
vn -0.7071 -0.7071 0.0000
vn -0.2588 -0.9659 0.0000
vn 0.2588 -0.9659 0.0000
vn 0.7071 -0.7071 0.0000
vn -0.9659 0.2588 0.0000
vn 0.0000 0.0000 1.0000
vn 0.0000 0.0000 -1.0000
vn 0.0000 0.0000 1.0000
vn 0.0000 0.0000 -1.0000
vn 0.0000 0.0000 1.0000
vn 0.0000 0.0000 -1.0000
vn 0.0000 0.0000 1.0000
vn 0.0000 0.0000 -1.0000
vn 0.0000 0.0000 1.0000
vn 0.0000 0.0000 -1.0000
vn 0.0000 0.0000 1.0000
vn 0.0000 0.0000 -1.0000
vn 0.0000 0.0000 1.0000
vn 0.0000 0.0000 -1.0000
vn 0.0000 0.0000 1.0000
vn 0.0000 0.0000 -1.0000
vn 0.0000 0.0000 1.0000
vn 0.0000 0.0000 -1.0000
vn 0.0000 0.0000 1.0000
vn 0.0000 0.0000 -1.0000
vn 0.0000 0.0000 1.0000
vn 0.0000 0.0000 -1.0000
vn 0.0000 0.0000 1.0000
vn 0.0000 0.0000 -1.0000
vn 0.0000 0.0000 1.0000
vn 0.0000 0.0000 -1.0000
vn 0.0000 1.0000 0.0000
vn 0.0000 -1.0000 0.0000
vn -1.0000 0.0000 0.0000
vn 1.0000 0.0000 0.0000
vn 0.0000 0.0000 1.0000
vn 0.0000 0.0000 -1.0000
vn 0.0000 1.0000 0.0000
vn 0.0000 -1.0000 0.0000
vn -1.0000 0.0000 0.0000
vn 1.0000 0.0000 0.0000
vn 0.0000 0.0000 1.0000
vn 0.0000 0.0000 -1.0000
vn 0.0000 1.0000 0.0000
vn 0.0000 -1.0000 0.0000
vn -1.0000 0.0000 0.0000
vn 1.0000 0.0000 0.0000
vn 0.0000 0.0000 1.0000
vn 0.0000 0.0000 -1.0000
vn 0.0000 1.0000 0.0000
vn 0.0000 -1.0000 0.0000
vn -1.0000 0.0000 0.0000
vn 1.0000 0.0000 0.0000
vn 0.0000 0.0000 1.0000
vn 0.0000 0.0000 -1.0000
vn 0.0000 1.0000 0.0000
vn 0.0000 -1.0000 0.0000
vn -1.0000 0.0000 0.0000
vn 1.0000 0.0000 0.0000
vn 0.0000 0.0000 1.0000
vn 0.0000 0.0000 -1.0000
vn 0.0000 1.0000 0.0000
vn 0.0000 -1.0000 0.0000
vn -1.0000 0.0000 0.0000
vn 1.0000 0.0000 0.0000
vn 0.0000 0.0000 1.0000
vn 0.0000 0.0000 -1.0000
vn 0.0000 1.0000 0.0000
vn 0.0000 -1.0000 0.0000
vn -1.0000 0.0000 0.0000
vn 1.0000 0.0000 0.0000
vn 0.0000 0.0000 1.0000
vn 0.0000 0.0000 -1.0000
vn 0.0000 1.0000 0.0000
vn 0.0000 -1.0000 0.0000
vn -1.0000 0.0000 0.0000
vn 1.0000 0.0000 0.0000
vn 0.0000 0.0000 1.0000
vn 0.0000 0.0000 -1.0000
vn 0.0000 1.0000 0.0000
vn 0.0000 -1.0000 0.0000
vn -1.0000 0.0000 0.0000
vn 1.0000 0.0000 0.0000
vn 0.0000 0.0000 1.0000
vn 0.0000 0.0000 -1.0000
vn 0.0000 1.0000 0.0000
vn 0.0000 -1.0000 0.0000
vn -1.0000 0.0000 0.0000
vn 1.0000 0.0000 0.0000
vn 0.0000 0.0000 1.0000
vn 0.0000 0.0000 -1.0000
vn 0.0000 1.0000 0.0000
vn 0.0000 -1.0000 0.0000
vn -1.0000 0.0000 0.0000
vn 1.0000 0.0000 0.0000
vn 0.0000 0.0000 1.0000
vn 0.0000 0.0000 -1.0000
vn 0.0000 1.0000 0.0000
vn 0.0000 -1.0000 0.0000
vn -1.0000 0.0000 0.0000
vn 1.0000 0.0000 0.0000
vn 0.0000 0.0000 1.0000
vn 0.0000 0.0000 -1.0000
vn 0.0000 1.0000 0.0000
vn 0.0000 -1.0000 0.0000
vn -1.0000 0.0000 0.0000
vn 1.0000 0.0000 0.0000
vn 0.0000 0.0000 1.0000
vn 0.0000 0.0000 -1.0000
vn 0.0000 1.0000 0.0000
vn 0.0000 -1.0000 0.0000
vn -1.0000 0.0000 0.0000
vn 1.0000 0.0000 0.0000
vn 0.0000 0.0000 1.0000
vn 0.0000 0.0000 -1.0000
vn 0.0000 1.0000 0.0000
vn 0.0000 -1.0000 0.0000
vn -1.0000 0.0000 0.0000
vn 1.0000 0.0000 0.0000
vn 0.0000 0.0000 1.0000
vn 0.0000 0.0000 -1.0000
vn 0.0000 1.0000 0.0000
vn 0.0000 -1.0000 0.0000
vn -1.0000 0.0000 0.0000
vn 1.0000 0.0000 0.0000
vn 0.0000 0.0000 1.0000
vn 0.0000 0.0000 -1.0000
vn 0.0000 1.0000 0.0000
vn 0.0000 -1.0000 0.0000
vn -1.0000 0.0000 0.0000
vn 1.0000 0.0000 0.0000
vn 0.0000 0.0000 1.0000
vn 0.0000 0.0000 -1.0000
vn 0.0000 1.0000 0.0000
vn 0.0000 -1.0000 0.0000
vn -1.0000 0.0000 0.0000
vn 1.0000 0.0000 0.0000
vn 0.0000 0.0000 1.0000
vn 0.0000 0.0000 -1.0000
vn 0.0000 1.0000 0.0000
vn 0.0000 -1.0000 0.0000
vn -1.0000 0.0000 0.0000
vn 1.0000 0.0000 0.0000
vn 0.0000 0.0000 1.0000
vn 0.0000 0.0000 -1.0000
vn 0.0000 1.0000 0.0000
vn 0.0000 -1.0000 0.0000
vn -1.0000 0.0000 0.0000
vn 1.0000 0.0000 0.0000
vn 0.0000 0.0000 1.0000
vn 0.0000 0.0000 -1.0000
vn 0.0000 1.0000 0.0000
vn 0.0000 -1.0000 0.0000
vn -1.0000 0.0000 0.0000
vn 1.0000 0.0000 0.0000
vn 0.0000 0.0000 1.0000
vn 0.0000 0.0000 -1.0000
vn 0.0000 1.0000 0.0000
vn 0.0000 -1.0000 0.0000
vn -1.0000 0.0000 0.0000
vn 1.0000 0.0000 0.0000
vn 0.0000 0.0000 1.0000
vn 0.0000 0.0000 -1.0000
vn 0.0000 1.0000 0.0000
vn 0.0000 -1.0000 0.0000
vn -1.0000 0.0000 0.0000
vn 1.0000 0.0000 0.0000
vn 0.0000 0.0000 1.0000
vn 0.0000 0.0000 -1.0000
vn 0.0000 1.0000 0.0000
vn 0.0000 -1.0000 0.0000
vn -1.0000 0.0000 0.0000
vn 1.0000 0.0000 0.0000
vn 0.0000 0.0000 1.0000
vn 0.0000 0.0000 -1.0000
vn 0.0000 1.0000 0.0000
vn 0.0000 -1.0000 0.0000
vn -1.0000 0.0000 0.0000
vn 1.0000 0.0000 0.0000

usemtl Quay_Curb
f 1/1/1 2/2/1 3/3/1
f 1/1/1 3/3/1 4/4/1
f 5/5/2 6/6/2 7/7/2
f 5/5/2 7/7/2 8/8/2
f 9/9/3 10/10/3 11/11/3
f 9/9/3 11/11/3 12/12/3
f 13/13/4 14/14/4 15/15/4
f 13/13/4 15/15/4 16/16/4
f 17/17/5 18/18/5 19/19/5
f 17/17/5 19/19/5 20/20/5
usemtl Quay_Deck
f 21/21/6 22/22/6 23/23/6
f 21/21/6 23/23/6 24/24/6
f 25/25/7 26/26/7 27/27/7
f 25/25/7 27/27/7 28/28/7
f 29/29/8 30/30/8 31/31/8
f 29/29/8 31/31/8 32/32/8
usemtl Quay_Wall_Upper
f 33/33/9 34/34/9 35/35/9
f 33/33/9 35/35/9 36/36/9
usemtl Quay_Wall_Tidal
f 37/37/10 38/38/10 39/39/10
f 37/37/10 39/39/10 40/40/10
usemtl Quay_Wall_Submerged
f 41/41/11 42/42/11 43/43/11
f 41/41/11 43/43/11 44/44/11
usemtl Quay_Wall_Upper
f 45/45/12 46/46/12 47/47/12
f 45/45/12 47/47/12 48/48/12
usemtl Quay_Wall_Tidal
f 49/49/13 50/50/13 51/51/13
f 49/49/13 51/51/13 52/52/13
usemtl Quay_Wall_Submerged
f 53/53/14 54/54/14 55/55/14
f 53/53/14 55/55/14 56/56/14
f 57/57/15 58/58/15 59/59/15
f 57/57/15 59/59/15 60/60/15
f 61/61/16 62/62/16 63/63/16
f 61/61/16 63/63/16 64/64/16
f 65/65/17 66/66/17 67/67/17
f 65/65/17 67/67/17 68/68/17
f 69/69/18 70/70/18 71/71/18
f 69/69/18 71/71/18 72/72/18
f 73/73/19 74/74/19 75/75/19
f 73/73/19 75/75/19 76/76/19
f 77/77/20 78/78/20 79/79/20
f 77/77/20 79/79/20 80/80/20
usemtl Fender_Rubber
f 81/81/21 82/82/21 83/83/21
f 81/81/21 83/83/21 84/84/21
f 85/85/22 86/86/22 87/87/22
f 85/85/22 87/87/22 88/88/22
f 89/89/23 90/90/23 91/91/23
f 89/89/23 91/91/23 92/92/23
f 93/93/24 94/94/24 95/95/24
f 93/93/24 95/95/24 96/96/24
f 97/97/25 98/98/25 99/99/25
f 97/97/25 99/99/25 100/100/25
f 101/101/26 102/102/26 103/103/26
f 101/101/26 103/103/26 104/104/26
f 105/105/27 106/106/27 107/107/27
f 105/105/27 107/107/27 108/108/27
f 109/109/28 110/110/28 111/111/28
f 109/109/28 111/111/28 112/112/28
f 113/113/29 114/114/29 115/115/29
f 116/116/30 117/117/30 118/118/30
f 119/119/31 120/120/31 121/121/31
f 122/122/32 123/123/32 124/124/32
f 125/125/33 126/126/33 127/127/33
f 128/128/34 129/129/34 130/130/34
f 131/131/35 132/132/35 133/133/35
f 134/134/36 135/135/36 136/136/36
f 137/137/37 138/138/37 139/139/37
f 140/140/38 141/141/38 142/142/38
f 143/143/39 144/144/39 145/145/39
f 146/146/40 147/147/40 148/148/40
f 149/149/41 150/150/41 151/151/41
f 152/152/42 153/153/42 154/154/42
f 155/155/43 156/156/43 157/157/43
f 158/158/44 159/159/44 160/160/44
f 161/161/45 162/162/45 163/163/45
f 161/161/45 163/163/45 164/164/45
f 165/165/46 166/166/46 167/167/46
f 165/165/46 167/167/46 168/168/46
f 169/169/47 170/170/47 171/171/47
f 169/169/47 171/171/47 172/172/47
f 173/173/48 174/174/48 175/175/48
f 173/173/48 175/175/48 176/176/48
f 177/177/49 178/178/49 179/179/49
f 177/177/49 179/179/49 180/180/49
f 181/181/50 182/182/50 183/183/50
f 181/181/50 183/183/50 184/184/50
f 185/185/51 186/186/51 187/187/51
f 185/185/51 187/187/51 188/188/51
f 189/189/52 190/190/52 191/191/52
f 189/189/52 191/191/52 192/192/52
f 193/193/53 194/194/53 195/195/53
f 196/196/54 197/197/54 198/198/54
f 199/199/55 200/200/55 201/201/55
f 202/202/56 203/203/56 204/204/56
f 205/205/57 206/206/57 207/207/57
f 208/208/58 209/209/58 210/210/58
f 211/211/59 212/212/59 213/213/59
f 214/214/60 215/215/60 216/216/60
f 217/217/61 218/218/61 219/219/61
f 220/220/62 221/221/62 222/222/62
f 223/223/63 224/224/63 225/225/63
f 226/226/64 227/227/64 228/228/64
f 229/229/65 230/230/65 231/231/65
f 232/232/66 233/233/66 234/234/66
f 235/235/67 236/236/67 237/237/67
f 238/238/68 239/239/68 240/240/68
f 241/241/69 242/242/69 243/243/69
f 241/241/69 243/243/69 244/244/69
f 245/245/70 246/246/70 247/247/70
f 245/245/70 247/247/70 248/248/70
f 249/249/71 250/250/71 251/251/71
f 249/249/71 251/251/71 252/252/71
f 253/253/72 254/254/72 255/255/72
f 253/253/72 255/255/72 256/256/72
f 257/257/73 258/258/73 259/259/73
f 257/257/73 259/259/73 260/260/73
f 261/261/74 262/262/74 263/263/74
f 261/261/74 263/263/74 264/264/74
f 265/265/75 266/266/75 267/267/75
f 265/265/75 267/267/75 268/268/75
f 269/269/76 270/270/76 271/271/76
f 269/269/76 271/271/76 272/272/76
f 273/273/77 274/274/77 275/275/77
f 276/276/78 277/277/78 278/278/78
f 279/279/79 280/280/79 281/281/79
f 282/282/80 283/283/80 284/284/80
f 285/285/81 286/286/81 287/287/81
f 288/288/82 289/289/82 290/290/82
f 291/291/83 292/292/83 293/293/83
f 294/294/84 295/295/84 296/296/84
f 297/297/85 298/298/85 299/299/85
f 300/300/86 301/301/86 302/302/86
f 303/303/87 304/304/87 305/305/87
f 306/306/88 307/307/88 308/308/88
f 309/309/89 310/310/89 311/311/89
f 312/312/90 313/313/90 314/314/90
f 315/315/91 316/316/91 317/317/91
f 318/318/92 319/319/92 320/320/92
f 321/321/93 322/322/93 323/323/93
f 321/321/93 323/323/93 324/324/93
f 325/325/94 326/326/94 327/327/94
f 325/325/94 327/327/94 328/328/94
f 329/329/95 330/330/95 331/331/95
f 329/329/95 331/331/95 332/332/95
f 333/333/96 334/334/96 335/335/96
f 333/333/96 335/335/96 336/336/96
f 337/337/97 338/338/97 339/339/97
f 337/337/97 339/339/97 340/340/97
f 341/341/98 342/342/98 343/343/98
f 341/341/98 343/343/98 344/344/98
f 345/345/99 346/346/99 347/347/99
f 345/345/99 347/347/99 348/348/99
f 349/349/100 350/350/100 351/351/100
f 349/349/100 351/351/100 352/352/100
f 353/353/101 354/354/101 355/355/101
f 356/356/102 357/357/102 358/358/102
f 359/359/103 360/360/103 361/361/103
f 362/362/104 363/363/104 364/364/104
f 365/365/105 366/366/105 367/367/105
f 368/368/106 369/369/106 370/370/106
f 371/371/107 372/372/107 373/373/107
f 374/374/108 375/375/108 376/376/108
f 377/377/109 378/378/109 379/379/109
f 380/380/110 381/381/110 382/382/110
f 383/383/111 384/384/111 385/385/111
f 386/386/112 387/387/112 388/388/112
f 389/389/113 390/390/113 391/391/113
f 392/392/114 393/393/114 394/394/114
f 395/395/115 396/396/115 397/397/115
f 398/398/116 399/399/116 400/400/116
f 401/401/117 402/402/117 403/403/117
f 401/401/117 403/403/117 404/404/117
f 405/405/118 406/406/118 407/407/118
f 405/405/118 407/407/118 408/408/118
f 409/409/119 410/410/119 411/411/119
f 409/409/119 411/411/119 412/412/119
f 413/413/120 414/414/120 415/415/120
f 413/413/120 415/415/120 416/416/120
f 417/417/121 418/418/121 419/419/121
f 417/417/121 419/419/121 420/420/121
f 421/421/122 422/422/122 423/423/122
f 421/421/122 423/423/122 424/424/122
f 425/425/123 426/426/123 427/427/123
f 425/425/123 427/427/123 428/428/123
f 429/429/124 430/430/124 431/431/124
f 429/429/124 431/431/124 432/432/124
f 433/433/125 434/434/125 435/435/125
f 436/436/126 437/437/126 438/438/126
f 439/439/127 440/440/127 441/441/127
f 442/442/128 443/443/128 444/444/128
f 445/445/129 446/446/129 447/447/129
f 448/448/130 449/449/130 450/450/130
f 451/451/131 452/452/131 453/453/131
f 454/454/132 455/455/132 456/456/132
f 457/457/133 458/458/133 459/459/133
f 460/460/134 461/461/134 462/462/134
f 463/463/135 464/464/135 465/465/135
f 466/466/136 467/467/136 468/468/136
f 469/469/137 470/470/137 471/471/137
f 472/472/138 473/473/138 474/474/138
f 475/475/139 476/476/139 477/477/139
f 478/478/140 479/479/140 480/480/140
f 481/481/141 482/482/141 483/483/141
f 481/481/141 483/483/141 484/484/141
f 485/485/142 486/486/142 487/487/142
f 485/485/142 487/487/142 488/488/142
f 489/489/143 490/490/143 491/491/143
f 489/489/143 491/491/143 492/492/143
f 493/493/144 494/494/144 495/495/144
f 493/493/144 495/495/144 496/496/144
f 497/497/145 498/498/145 499/499/145
f 497/497/145 499/499/145 500/500/145
f 501/501/146 502/502/146 503/503/146
f 501/501/146 503/503/146 504/504/146
f 505/505/147 506/506/147 507/507/147
f 505/505/147 507/507/147 508/508/147
f 509/509/148 510/510/148 511/511/148
f 509/509/148 511/511/148 512/512/148
f 513/513/149 514/514/149 515/515/149
f 516/516/150 517/517/150 518/518/150
f 519/519/151 520/520/151 521/521/151
f 522/522/152 523/523/152 524/524/152
f 525/525/153 526/526/153 527/527/153
f 528/528/154 529/529/154 530/530/154
f 531/531/155 532/532/155 533/533/155
f 534/534/156 535/535/156 536/536/156
f 537/537/157 538/538/157 539/539/157
f 540/540/158 541/541/158 542/542/158
f 543/543/159 544/544/159 545/545/159
f 546/546/160 547/547/160 548/548/160
f 549/549/161 550/550/161 551/551/161
f 552/552/162 553/553/162 554/554/162
f 555/555/163 556/556/163 557/557/163
f 558/558/164 559/559/164 560/560/164
f 561/561/165 562/562/165 563/563/165
f 561/561/165 563/563/165 564/564/165
f 565/565/166 566/566/166 567/567/166
f 565/565/166 567/567/166 568/568/166
f 569/569/167 570/570/167 571/571/167
f 569/569/167 571/571/167 572/572/167
f 573/573/168 574/574/168 575/575/168
f 573/573/168 575/575/168 576/576/168
f 577/577/169 578/578/169 579/579/169
f 577/577/169 579/579/169 580/580/169
f 581/581/170 582/582/170 583/583/170
f 581/581/170 583/583/170 584/584/170
f 585/585/171 586/586/171 587/587/171
f 585/585/171 587/587/171 588/588/171
f 589/589/172 590/590/172 591/591/172
f 589/589/172 591/591/172 592/592/172
f 593/593/173 594/594/173 595/595/173
f 596/596/174 597/597/174 598/598/174
f 599/599/175 600/600/175 601/601/175
f 602/602/176 603/603/176 604/604/176
f 605/605/177 606/606/177 607/607/177
f 608/608/178 609/609/178 610/610/178
f 611/611/179 612/612/179 613/613/179
f 614/614/180 615/615/180 616/616/180
f 617/617/181 618/618/181 619/619/181
f 620/620/182 621/621/182 622/622/182
f 623/623/183 624/624/183 625/625/183
f 626/626/184 627/627/184 628/628/184
f 629/629/185 630/630/185 631/631/185
f 632/632/186 633/633/186 634/634/186
f 635/635/187 636/636/187 637/637/187
f 638/638/188 639/639/188 640/640/188
f 641/641/189 642/642/189 643/643/189
f 641/641/189 643/643/189 644/644/189
f 645/645/190 646/646/190 647/647/190
f 645/645/190 647/647/190 648/648/190
f 649/649/191 650/650/191 651/651/191
f 649/649/191 651/651/191 652/652/191
f 653/653/192 654/654/192 655/655/192
f 653/653/192 655/655/192 656/656/192
f 657/657/193 658/658/193 659/659/193
f 657/657/193 659/659/193 660/660/193
f 661/661/194 662/662/194 663/663/194
f 661/661/194 663/663/194 664/664/194
f 665/665/195 666/666/195 667/667/195
f 665/665/195 667/667/195 668/668/195
f 669/669/196 670/670/196 671/671/196
f 669/669/196 671/671/196 672/672/196
f 673/673/197 674/674/197 675/675/197
f 676/676/198 677/677/198 678/678/198
f 679/679/199 680/680/199 681/681/199
f 682/682/200 683/683/200 684/684/200
f 685/685/201 686/686/201 687/687/201
f 688/688/202 689/689/202 690/690/202
f 691/691/203 692/692/203 693/693/203
f 694/694/204 695/695/204 696/696/204
f 697/697/205 698/698/205 699/699/205
f 700/700/206 701/701/206 702/702/206
f 703/703/207 704/704/207 705/705/207
f 706/706/208 707/707/208 708/708/208
f 709/709/209 710/710/209 711/711/209
f 712/712/210 713/713/210 714/714/210
f 715/715/211 716/716/211 717/717/211
f 718/718/212 719/719/212 720/720/212
usemtl Bollard_CastIron
f 721/721/213 722/722/213 723/723/213
f 721/721/213 723/723/213 724/724/213
f 725/725/214 726/726/214 727/727/214
f 725/725/214 727/727/214 728/728/214
f 729/729/215 730/730/215 731/731/215
f 729/729/215 731/731/215 732/732/215
f 733/733/216 734/734/216 735/735/216
f 733/733/216 735/735/216 736/736/216
f 737/737/217 738/738/217 739/739/217
f 737/737/217 739/739/217 740/740/217
f 741/741/218 742/742/218 743/743/218
f 741/741/218 743/743/218 744/744/218
f 745/745/219 746/746/219 747/747/219
f 745/745/219 747/747/219 748/748/219
f 749/749/220 750/750/220 751/751/220
f 749/749/220 751/751/220 752/752/220
f 753/753/221 754/754/221 755/755/221
f 753/753/221 755/755/221 756/756/221
f 757/757/222 758/758/222 759/759/222
f 757/757/222 759/759/222 760/760/222
f 761/761/223 762/762/223 763/763/223
f 761/761/223 763/763/223 764/764/223
f 765/765/224 766/766/224 767/767/224
f 765/765/224 767/767/224 768/768/224
f 769/769/225 770/770/225 771/771/225
f 772/772/226 773/773/226 774/774/226
f 775/775/227 776/776/227 777/777/227
f 778/778/228 779/779/228 780/780/228
f 781/781/229 782/782/229 783/783/229
f 784/784/230 785/785/230 786/786/230
f 787/787/231 788/788/231 789/789/231
f 790/790/232 791/791/232 792/792/232
f 793/793/233 794/794/233 795/795/233
f 796/796/234 797/797/234 798/798/234
f 799/799/235 800/800/235 801/801/235
f 802/802/236 803/803/236 804/804/236
f 805/805/237 806/806/237 807/807/237
f 808/808/238 809/809/238 810/810/238
f 811/811/239 812/812/239 813/813/239
f 814/814/240 815/815/240 816/816/240
f 817/817/241 818/818/241 819/819/241
f 820/820/242 821/821/242 822/822/242
f 823/823/243 824/824/243 825/825/243
f 826/826/244 827/827/244 828/828/244
f 829/829/245 830/830/245 831/831/245
f 832/832/246 833/833/246 834/834/246
f 835/835/247 836/836/247 837/837/247
f 838/838/248 839/839/248 840/840/248
f 841/841/249 842/842/249 843/843/249
f 841/841/249 843/843/249 844/844/249
f 845/845/250 846/846/250 847/847/250
f 845/845/250 847/847/250 848/848/250
f 849/849/251 850/850/251 851/851/251
f 849/849/251 851/851/251 852/852/251
f 853/853/252 854/854/252 855/855/252
f 853/853/252 855/855/252 856/856/252
f 857/857/253 858/858/253 859/859/253
f 857/857/253 859/859/253 860/860/253
f 861/861/254 862/862/254 863/863/254
f 861/861/254 863/863/254 864/864/254
f 865/865/255 866/866/255 867/867/255
f 865/865/255 867/867/255 868/868/255
f 869/869/256 870/870/256 871/871/256
f 869/869/256 871/871/256 872/872/256
f 873/873/257 874/874/257 875/875/257
f 873/873/257 875/875/257 876/876/257
f 877/877/258 878/878/258 879/879/258
f 877/877/258 879/879/258 880/880/258
f 881/881/259 882/882/259 883/883/259
f 881/881/259 883/883/259 884/884/259
f 885/885/260 886/886/260 887/887/260
f 885/885/260 887/887/260 888/888/260
f 889/889/261 890/890/261 891/891/261
f 889/889/261 891/891/261 892/892/261
f 893/893/262 894/894/262 895/895/262
f 893/893/262 895/895/262 896/896/262
f 897/897/263 898/898/263 899/899/263
f 897/897/263 899/899/263 900/900/263
f 901/901/264 902/902/264 903/903/264
f 901/901/264 903/903/264 904/904/264
f 905/905/265 906/906/265 907/907/265
f 905/905/265 907/907/265 908/908/265
f 909/909/266 910/910/266 911/911/266
f 909/909/266 911/911/266 912/912/266
f 913/913/267 914/914/267 915/915/267
f 913/913/267 915/915/267 916/916/267
f 917/917/268 918/918/268 919/919/268
f 917/917/268 919/919/268 920/920/268
f 921/921/269 922/922/269 923/923/269
f 921/921/269 923/923/269 924/924/269
f 925/925/270 926/926/270 927/927/270
f 925/925/270 927/927/270 928/928/270
f 929/929/271 930/930/271 931/931/271
f 929/929/271 931/931/271 932/932/271
f 933/933/272 934/934/272 935/935/272
f 933/933/272 935/935/272 936/936/272
f 937/937/273 938/938/273 939/939/273
f 940/940/274 941/941/274 942/942/274
f 943/943/275 944/944/275 945/945/275
f 946/946/276 947/947/276 948/948/276
f 949/949/277 950/950/277 951/951/277
f 952/952/278 953/953/278 954/954/278
f 955/955/279 956/956/279 957/957/279
f 958/958/280 959/959/280 960/960/280
f 961/961/281 962/962/281 963/963/281
f 964/964/282 965/965/282 966/966/282
f 967/967/283 968/968/283 969/969/283
f 970/970/284 971/971/284 972/972/284
f 973/973/285 974/974/285 975/975/285
f 976/976/286 977/977/286 978/978/286
f 979/979/287 980/980/287 981/981/287
f 982/982/288 983/983/288 984/984/288
f 985/985/289 986/986/289 987/987/289
f 988/988/290 989/989/290 990/990/290
f 991/991/291 992/992/291 993/993/291
f 994/994/292 995/995/292 996/996/292
f 997/997/293 998/998/293 999/999/293
f 1000/1000/294 1001/1001/294 1002/1002/294
f 1003/1003/295 1004/1004/295 1005/1005/295
f 1006/1006/296 1007/1007/296 1008/1008/296
f 1009/1009/297 1010/1010/297 1011/1011/297
f 1009/1009/297 1011/1011/297 1012/1012/297
f 1013/1013/298 1014/1014/298 1015/1015/298
f 1013/1013/298 1015/1015/298 1016/1016/298
f 1017/1017/299 1018/1018/299 1019/1019/299
f 1017/1017/299 1019/1019/299 1020/1020/299
f 1021/1021/300 1022/1022/300 1023/1023/300
f 1021/1021/300 1023/1023/300 1024/1024/300
f 1025/1025/301 1026/1026/301 1027/1027/301
f 1025/1025/301 1027/1027/301 1028/1028/301
f 1029/1029/302 1030/1030/302 1031/1031/302
f 1029/1029/302 1031/1031/302 1032/1032/302
f 1033/1033/303 1034/1034/303 1035/1035/303
f 1033/1033/303 1035/1035/303 1036/1036/303
f 1037/1037/304 1038/1038/304 1039/1039/304
f 1037/1037/304 1039/1039/304 1040/1040/304
f 1041/1041/305 1042/1042/305 1043/1043/305
f 1041/1041/305 1043/1043/305 1044/1044/305
f 1045/1045/306 1046/1046/306 1047/1047/306
f 1045/1045/306 1047/1047/306 1048/1048/306
f 1049/1049/307 1050/1050/307 1051/1051/307
f 1049/1049/307 1051/1051/307 1052/1052/307
f 1053/1053/308 1054/1054/308 1055/1055/308
f 1053/1053/308 1055/1055/308 1056/1056/308
f 1057/1057/309 1058/1058/309 1059/1059/309
f 1057/1057/309 1059/1059/309 1060/1060/309
f 1061/1061/310 1062/1062/310 1063/1063/310
f 1061/1061/310 1063/1063/310 1064/1064/310
f 1065/1065/311 1066/1066/311 1067/1067/311
f 1065/1065/311 1067/1067/311 1068/1068/311
f 1069/1069/312 1070/1070/312 1071/1071/312
f 1069/1069/312 1071/1071/312 1072/1072/312
f 1073/1073/313 1074/1074/313 1075/1075/313
f 1073/1073/313 1075/1075/313 1076/1076/313
f 1077/1077/314 1078/1078/314 1079/1079/314
f 1077/1077/314 1079/1079/314 1080/1080/314
f 1081/1081/315 1082/1082/315 1083/1083/315
f 1084/1084/316 1085/1085/316 1086/1086/316
f 1087/1087/317 1088/1088/317 1089/1089/317
f 1090/1090/318 1091/1091/318 1092/1092/318
f 1093/1093/319 1094/1094/319 1095/1095/319
f 1096/1096/320 1097/1097/320 1098/1098/320
f 1099/1099/321 1100/1100/321 1101/1101/321
f 1102/1102/322 1103/1103/322 1104/1104/322
f 1105/1105/323 1106/1106/323 1107/1107/323
f 1108/1108/324 1109/1109/324 1110/1110/324
f 1111/1111/325 1112/1112/325 1113/1113/325
f 1114/1114/326 1115/1115/326 1116/1116/326
f 1117/1117/327 1118/1118/327 1119/1119/327
f 1120/1120/328 1121/1121/328 1122/1122/328
f 1123/1123/329 1124/1124/329 1125/1125/329
f 1126/1126/330 1127/1127/330 1128/1128/330
f 1129/1129/331 1130/1130/331 1131/1131/331
f 1132/1132/332 1133/1133/332 1134/1134/332
f 1135/1135/333 1136/1136/333 1137/1137/333
f 1138/1138/334 1139/1139/334 1140/1140/334
f 1141/1141/335 1142/1142/335 1143/1143/335
f 1144/1144/336 1145/1145/336 1146/1146/336
f 1147/1147/337 1148/1148/337 1149/1149/337
f 1150/1150/338 1151/1151/338 1152/1152/338
f 1153/1153/339 1154/1154/339 1155/1155/339
f 1153/1153/339 1155/1155/339 1156/1156/339
f 1157/1157/340 1158/1158/340 1159/1159/340
f 1157/1157/340 1159/1159/340 1160/1160/340
f 1161/1161/341 1162/1162/341 1163/1163/341
f 1161/1161/341 1163/1163/341 1164/1164/341
f 1165/1165/342 1166/1166/342 1167/1167/342
f 1165/1165/342 1167/1167/342 1168/1168/342
f 1169/1169/343 1170/1170/343 1171/1171/343
f 1169/1169/343 1171/1171/343 1172/1172/343
f 1173/1173/344 1174/1174/344 1175/1175/344
f 1173/1173/344 1175/1175/344 1176/1176/344
f 1177/1177/345 1178/1178/345 1179/1179/345
f 1177/1177/345 1179/1179/345 1180/1180/345
f 1181/1181/346 1182/1182/346 1183/1183/346
f 1181/1181/346 1183/1183/346 1184/1184/346
f 1185/1185/347 1186/1186/347 1187/1187/347
f 1185/1185/347 1187/1187/347 1188/1188/347
f 1189/1189/348 1190/1190/348 1191/1191/348
f 1189/1189/348 1191/1191/348 1192/1192/348
f 1193/1193/349 1194/1194/349 1195/1195/349
f 1193/1193/349 1195/1195/349 1196/1196/349
f 1197/1197/350 1198/1198/350 1199/1199/350
f 1197/1197/350 1199/1199/350 1200/1200/350
f 1201/1201/351 1202/1202/351 1203/1203/351
f 1201/1201/351 1203/1203/351 1204/1204/351
f 1205/1205/352 1206/1206/352 1207/1207/352
f 1205/1205/352 1207/1207/352 1208/1208/352
f 1209/1209/353 1210/1210/353 1211/1211/353
f 1209/1209/353 1211/1211/353 1212/1212/353
f 1213/1213/354 1214/1214/354 1215/1215/354
f 1213/1213/354 1215/1215/354 1216/1216/354
f 1217/1217/355 1218/1218/355 1219/1219/355
f 1217/1217/355 1219/1219/355 1220/1220/355
f 1221/1221/356 1222/1222/356 1223/1223/356
f 1221/1221/356 1223/1223/356 1224/1224/356
f 1225/1225/357 1226/1226/357 1227/1227/357
f 1225/1225/357 1227/1227/357 1228/1228/357
f 1229/1229/358 1230/1230/358 1231/1231/358
f 1229/1229/358 1231/1231/358 1232/1232/358
f 1233/1233/359 1234/1234/359 1235/1235/359
f 1233/1233/359 1235/1235/359 1236/1236/359
f 1237/1237/360 1238/1238/360 1239/1239/360
f 1237/1237/360 1239/1239/360 1240/1240/360
f 1241/1241/361 1242/1242/361 1243/1243/361
f 1241/1241/361 1243/1243/361 1244/1244/361
f 1245/1245/362 1246/1246/362 1247/1247/362
f 1245/1245/362 1247/1247/362 1248/1248/362
f 1249/1249/363 1250/1250/363 1251/1251/363
f 1252/1252/364 1253/1253/364 1254/1254/364
f 1255/1255/365 1256/1256/365 1257/1257/365
f 1258/1258/366 1259/1259/366 1260/1260/366
f 1261/1261/367 1262/1262/367 1263/1263/367
f 1264/1264/368 1265/1265/368 1266/1266/368
f 1267/1267/369 1268/1268/369 1269/1269/369
f 1270/1270/370 1271/1271/370 1272/1272/370
f 1273/1273/371 1274/1274/371 1275/1275/371
f 1276/1276/372 1277/1277/372 1278/1278/372
f 1279/1279/373 1280/1280/373 1281/1281/373
f 1282/1282/374 1283/1283/374 1284/1284/374
f 1285/1285/375 1286/1286/375 1287/1287/375
f 1288/1288/376 1289/1289/376 1290/1290/376
f 1291/1291/377 1292/1292/377 1293/1293/377
f 1294/1294/378 1295/1295/378 1296/1296/378
f 1297/1297/379 1298/1298/379 1299/1299/379
f 1300/1300/380 1301/1301/380 1302/1302/380
f 1303/1303/381 1304/1304/381 1305/1305/381
f 1306/1306/382 1307/1307/382 1308/1308/382
f 1309/1309/383 1310/1310/383 1311/1311/383
f 1312/1312/384 1313/1313/384 1314/1314/384
f 1315/1315/385 1316/1316/385 1317/1317/385
f 1318/1318/386 1319/1319/386 1320/1320/386
f 1321/1321/387 1322/1322/387 1323/1323/387
f 1321/1321/387 1323/1323/387 1324/1324/387
f 1325/1325/388 1326/1326/388 1327/1327/388
f 1325/1325/388 1327/1327/388 1328/1328/388
f 1329/1329/389 1330/1330/389 1331/1331/389
f 1329/1329/389 1331/1331/389 1332/1332/389
f 1333/1333/390 1334/1334/390 1335/1335/390
f 1333/1333/390 1335/1335/390 1336/1336/390
f 1337/1337/391 1338/1338/391 1339/1339/391
f 1337/1337/391 1339/1339/391 1340/1340/391
f 1341/1341/392 1342/1342/392 1343/1343/392
f 1341/1341/392 1343/1343/392 1344/1344/392
f 1345/1345/393 1346/1346/393 1347/1347/393
f 1345/1345/393 1347/1347/393 1348/1348/393
f 1349/1349/394 1350/1350/394 1351/1351/394
f 1349/1349/394 1351/1351/394 1352/1352/394
f 1353/1353/395 1354/1354/395 1355/1355/395
f 1353/1353/395 1355/1355/395 1356/1356/395
f 1357/1357/396 1358/1358/396 1359/1359/396
f 1357/1357/396 1359/1359/396 1360/1360/396
f 1361/1361/397 1362/1362/397 1363/1363/397
f 1361/1361/397 1363/1363/397 1364/1364/397
f 1365/1365/398 1366/1366/398 1367/1367/398
f 1365/1365/398 1367/1367/398 1368/1368/398
f 1369/1369/399 1370/1370/399 1371/1371/399
f 1369/1369/399 1371/1371/399 1372/1372/399
f 1373/1373/400 1374/1374/400 1375/1375/400
f 1373/1373/400 1375/1375/400 1376/1376/400
f 1377/1377/401 1378/1378/401 1379/1379/401
f 1377/1377/401 1379/1379/401 1380/1380/401
f 1381/1381/402 1382/1382/402 1383/1383/402
f 1381/1381/402 1383/1383/402 1384/1384/402
f 1385/1385/403 1386/1386/403 1387/1387/403
f 1385/1385/403 1387/1387/403 1388/1388/403
f 1389/1389/404 1390/1390/404 1391/1391/404
f 1389/1389/404 1391/1391/404 1392/1392/404
f 1393/1393/405 1394/1394/405 1395/1395/405
f 1396/1396/406 1397/1397/406 1398/1398/406
f 1399/1399/407 1400/1400/407 1401/1401/407
f 1402/1402/408 1403/1403/408 1404/1404/408
f 1405/1405/409 1406/1406/409 1407/1407/409
f 1408/1408/410 1409/1409/410 1410/1410/410
f 1411/1411/411 1412/1412/411 1413/1413/411
f 1414/1414/412 1415/1415/412 1416/1416/412
f 1417/1417/413 1418/1418/413 1419/1419/413
f 1420/1420/414 1421/1421/414 1422/1422/414
f 1423/1423/415 1424/1424/415 1425/1425/415
f 1426/1426/416 1427/1427/416 1428/1428/416
f 1429/1429/417 1430/1430/417 1431/1431/417
f 1432/1432/418 1433/1433/418 1434/1434/418
f 1435/1435/419 1436/1436/419 1437/1437/419
f 1438/1438/420 1439/1439/420 1440/1440/420
f 1441/1441/421 1442/1442/421 1443/1443/421
f 1444/1444/422 1445/1445/422 1446/1446/422
f 1447/1447/423 1448/1448/423 1449/1449/423
f 1450/1450/424 1451/1451/424 1452/1452/424
f 1453/1453/425 1454/1454/425 1455/1455/425
f 1456/1456/426 1457/1457/426 1458/1458/426
f 1459/1459/427 1460/1460/427 1461/1461/427
f 1462/1462/428 1463/1463/428 1464/1464/428
f 1465/1465/429 1466/1466/429 1467/1467/429
f 1465/1465/429 1467/1467/429 1468/1468/429
f 1469/1469/430 1470/1470/430 1471/1471/430
f 1469/1469/430 1471/1471/430 1472/1472/430
f 1473/1473/431 1474/1474/431 1475/1475/431
f 1473/1473/431 1475/1475/431 1476/1476/431
f 1477/1477/432 1478/1478/432 1479/1479/432
f 1477/1477/432 1479/1479/432 1480/1480/432
f 1481/1481/433 1482/1482/433 1483/1483/433
f 1481/1481/433 1483/1483/433 1484/1484/433
f 1485/1485/434 1486/1486/434 1487/1487/434
f 1485/1485/434 1487/1487/434 1488/1488/434
f 1489/1489/435 1490/1490/435 1491/1491/435
f 1489/1489/435 1491/1491/435 1492/1492/435
f 1493/1493/436 1494/1494/436 1495/1495/436
f 1493/1493/436 1495/1495/436 1496/1496/436
f 1497/1497/437 1498/1498/437 1499/1499/437
f 1497/1497/437 1499/1499/437 1500/1500/437
f 1501/1501/438 1502/1502/438 1503/1503/438
f 1501/1501/438 1503/1503/438 1504/1504/438
f 1505/1505/439 1506/1506/439 1507/1507/439
f 1505/1505/439 1507/1507/439 1508/1508/439
f 1509/1509/440 1510/1510/440 1511/1511/440
f 1509/1509/440 1511/1511/440 1512/1512/440
f 1513/1513/441 1514/1514/441 1515/1515/441
f 1513/1513/441 1515/1515/441 1516/1516/441
f 1517/1517/442 1518/1518/442 1519/1519/442
f 1517/1517/442 1519/1519/442 1520/1520/442
f 1521/1521/443 1522/1522/443 1523/1523/443
f 1521/1521/443 1523/1523/443 1524/1524/443
f 1525/1525/444 1526/1526/444 1527/1527/444
f 1525/1525/444 1527/1527/444 1528/1528/444
f 1529/1529/445 1530/1530/445 1531/1531/445
f 1529/1529/445 1531/1531/445 1532/1532/445
f 1533/1533/446 1534/1534/446 1535/1535/446
f 1533/1533/446 1535/1535/446 1536/1536/446
f 1537/1537/447 1538/1538/447 1539/1539/447
f 1537/1537/447 1539/1539/447 1540/1540/447
f 1541/1541/448 1542/1542/448 1543/1543/448
f 1541/1541/448 1543/1543/448 1544/1544/448
f 1545/1545/449 1546/1546/449 1547/1547/449
f 1545/1545/449 1547/1547/449 1548/1548/449
f 1549/1549/450 1550/1550/450 1551/1551/450
f 1549/1549/450 1551/1551/450 1552/1552/450
f 1553/1553/451 1554/1554/451 1555/1555/451
f 1553/1553/451 1555/1555/451 1556/1556/451
f 1557/1557/452 1558/1558/452 1559/1559/452
f 1557/1557/452 1559/1559/452 1560/1560/452
f 1561/1561/453 1562/1562/453 1563/1563/453
f 1564/1564/454 1565/1565/454 1566/1566/454
f 1567/1567/455 1568/1568/455 1569/1569/455
f 1570/1570/456 1571/1571/456 1572/1572/456
f 1573/1573/457 1574/1574/457 1575/1575/457
f 1576/1576/458 1577/1577/458 1578/1578/458
f 1579/1579/459 1580/1580/459 1581/1581/459
f 1582/1582/460 1583/1583/460 1584/1584/460
f 1585/1585/461 1586/1586/461 1587/1587/461
f 1588/1588/462 1589/1589/462 1590/1590/462
f 1591/1591/463 1592/1592/463 1593/1593/463
f 1594/1594/464 1595/1595/464 1596/1596/464
f 1597/1597/465 1598/1598/465 1599/1599/465
f 1600/1600/466 1601/1601/466 1602/1602/466
f 1603/1603/467 1604/1604/467 1605/1605/467
f 1606/1606/468 1607/1607/468 1608/1608/468
f 1609/1609/469 1610/1610/469 1611/1611/469
f 1612/1612/470 1613/1613/470 1614/1614/470
f 1615/1615/471 1616/1616/471 1617/1617/471
f 1618/1618/472 1619/1619/472 1620/1620/472
f 1621/1621/473 1622/1622/473 1623/1623/473
f 1624/1624/474 1625/1625/474 1626/1626/474
f 1627/1627/475 1628/1628/475 1629/1629/475
f 1630/1630/476 1631/1631/476 1632/1632/476
f 1633/1633/477 1634/1634/477 1635/1635/477
f 1633/1633/477 1635/1635/477 1636/1636/477
f 1637/1637/478 1638/1638/478 1639/1639/478
f 1637/1637/478 1639/1639/478 1640/1640/478
f 1641/1641/479 1642/1642/479 1643/1643/479
f 1641/1641/479 1643/1643/479 1644/1644/479
f 1645/1645/480 1646/1646/480 1647/1647/480
f 1645/1645/480 1647/1647/480 1648/1648/480
f 1649/1649/481 1650/1650/481 1651/1651/481
f 1649/1649/481 1651/1651/481 1652/1652/481
f 1653/1653/482 1654/1654/482 1655/1655/482
f 1653/1653/482 1655/1655/482 1656/1656/482
f 1657/1657/483 1658/1658/483 1659/1659/483
f 1657/1657/483 1659/1659/483 1660/1660/483
f 1661/1661/484 1662/1662/484 1663/1663/484
f 1661/1661/484 1663/1663/484 1664/1664/484
f 1665/1665/485 1666/1666/485 1667/1667/485
f 1665/1665/485 1667/1667/485 1668/1668/485
f 1669/1669/486 1670/1670/486 1671/1671/486
f 1669/1669/486 1671/1671/486 1672/1672/486
f 1673/1673/487 1674/1674/487 1675/1675/487
f 1673/1673/487 1675/1675/487 1676/1676/487
f 1677/1677/488 1678/1678/488 1679/1679/488
f 1677/1677/488 1679/1679/488 1680/1680/488
f 1681/1681/489 1682/1682/489 1683/1683/489
f 1681/1681/489 1683/1683/489 1684/1684/489
f 1685/1685/490 1686/1686/490 1687/1687/490
f 1685/1685/490 1687/1687/490 1688/1688/490
f 1689/1689/491 1690/1690/491 1691/1691/491
f 1689/1689/491 1691/1691/491 1692/1692/491
f 1693/1693/492 1694/1694/492 1695/1695/492
f 1693/1693/492 1695/1695/492 1696/1696/492
f 1697/1697/493 1698/1698/493 1699/1699/493
f 1697/1697/493 1699/1699/493 1700/1700/493
f 1701/1701/494 1702/1702/494 1703/1703/494
f 1701/1701/494 1703/1703/494 1704/1704/494
f 1705/1705/495 1706/1706/495 1707/1707/495
f 1708/1708/496 1709/1709/496 1710/1710/496
f 1711/1711/497 1712/1712/497 1713/1713/497
f 1714/1714/498 1715/1715/498 1716/1716/498
f 1717/1717/499 1718/1718/499 1719/1719/499
f 1720/1720/500 1721/1721/500 1722/1722/500
f 1723/1723/501 1724/1724/501 1725/1725/501
f 1726/1726/502 1727/1727/502 1728/1728/502
f 1729/1729/503 1730/1730/503 1731/1731/503
f 1732/1732/504 1733/1733/504 1734/1734/504
f 1735/1735/505 1736/1736/505 1737/1737/505
f 1738/1738/506 1739/1739/506 1740/1740/506
f 1741/1741/507 1742/1742/507 1743/1743/507
f 1744/1744/508 1745/1745/508 1746/1746/508
f 1747/1747/509 1748/1748/509 1749/1749/509
f 1750/1750/510 1751/1751/510 1752/1752/510
f 1753/1753/511 1754/1754/511 1755/1755/511
f 1756/1756/512 1757/1757/512 1758/1758/512
f 1759/1759/513 1760/1760/513 1761/1761/513
f 1762/1762/514 1763/1763/514 1764/1764/514
f 1765/1765/515 1766/1766/515 1767/1767/515
f 1768/1768/516 1769/1769/516 1770/1770/516
f 1771/1771/517 1772/1772/517 1773/1773/517
f 1774/1774/518 1775/1775/518 1776/1776/518
f 1777/1777/519 1778/1778/519 1779/1779/519
f 1777/1777/519 1779/1779/519 1780/1780/519
f 1781/1781/520 1782/1782/520 1783/1783/520
f 1781/1781/520 1783/1783/520 1784/1784/520
f 1785/1785/521 1786/1786/521 1787/1787/521
f 1785/1785/521 1787/1787/521 1788/1788/521
f 1789/1789/522 1790/1790/522 1791/1791/522
f 1789/1789/522 1791/1791/522 1792/1792/522
f 1793/1793/523 1794/1794/523 1795/1795/523
f 1793/1793/523 1795/1795/523 1796/1796/523
f 1797/1797/524 1798/1798/524 1799/1799/524
f 1797/1797/524 1799/1799/524 1800/1800/524
f 1801/1801/525 1802/1802/525 1803/1803/525
f 1801/1801/525 1803/1803/525 1804/1804/525
f 1805/1805/526 1806/1806/526 1807/1807/526
f 1805/1805/526 1807/1807/526 1808/1808/526
f 1809/1809/527 1810/1810/527 1811/1811/527
f 1809/1809/527 1811/1811/527 1812/1812/527
f 1813/1813/528 1814/1814/528 1815/1815/528
f 1813/1813/528 1815/1815/528 1816/1816/528
f 1817/1817/529 1818/1818/529 1819/1819/529
f 1817/1817/529 1819/1819/529 1820/1820/529
f 1821/1821/530 1822/1822/530 1823/1823/530
f 1821/1821/530 1823/1823/530 1824/1824/530
f 1825/1825/531 1826/1826/531 1827/1827/531
f 1825/1825/531 1827/1827/531 1828/1828/531
f 1829/1829/532 1830/1830/532 1831/1831/532
f 1829/1829/532 1831/1831/532 1832/1832/532
f 1833/1833/533 1834/1834/533 1835/1835/533
f 1833/1833/533 1835/1835/533 1836/1836/533
f 1837/1837/534 1838/1838/534 1839/1839/534
f 1837/1837/534 1839/1839/534 1840/1840/534
f 1841/1841/535 1842/1842/535 1843/1843/535
f 1841/1841/535 1843/1843/535 1844/1844/535
f 1845/1845/536 1846/1846/536 1847/1847/536
f 1845/1845/536 1847/1847/536 1848/1848/536
f 1849/1849/537 1850/1850/537 1851/1851/537
f 1849/1849/537 1851/1851/537 1852/1852/537
f 1853/1853/538 1854/1854/538 1855/1855/538
f 1853/1853/538 1855/1855/538 1856/1856/538
f 1857/1857/539 1858/1858/539 1859/1859/539
f 1857/1857/539 1859/1859/539 1860/1860/539
f 1861/1861/540 1862/1862/540 1863/1863/540
f 1861/1861/540 1863/1863/540 1864/1864/540
f 1865/1865/541 1866/1866/541 1867/1867/541
f 1865/1865/541 1867/1867/541 1868/1868/541
f 1869/1869/542 1870/1870/542 1871/1871/542
f 1869/1869/542 1871/1871/542 1872/1872/542
f 1873/1873/543 1874/1874/543 1875/1875/543
f 1876/1876/544 1877/1877/544 1878/1878/544
f 1879/1879/545 1880/1880/545 1881/1881/545
f 1882/1882/546 1883/1883/546 1884/1884/546
f 1885/1885/547 1886/1886/547 1887/1887/547
f 1888/1888/548 1889/1889/548 1890/1890/548
f 1891/1891/549 1892/1892/549 1893/1893/549
f 1894/1894/550 1895/1895/550 1896/1896/550
f 1897/1897/551 1898/1898/551 1899/1899/551
f 1900/1900/552 1901/1901/552 1902/1902/552
f 1903/1903/553 1904/1904/553 1905/1905/553
f 1906/1906/554 1907/1907/554 1908/1908/554
f 1909/1909/555 1910/1910/555 1911/1911/555
f 1912/1912/556 1913/1913/556 1914/1914/556
f 1915/1915/557 1916/1916/557 1917/1917/557
f 1918/1918/558 1919/1919/558 1920/1920/558
f 1921/1921/559 1922/1922/559 1923/1923/559
f 1924/1924/560 1925/1925/560 1926/1926/560
f 1927/1927/561 1928/1928/561 1929/1929/561
f 1930/1930/562 1931/1931/562 1932/1932/562
f 1933/1933/563 1934/1934/563 1935/1935/563
f 1936/1936/564 1937/1937/564 1938/1938/564
f 1939/1939/565 1940/1940/565 1941/1941/565
f 1942/1942/566 1943/1943/566 1944/1944/566
f 1945/1945/567 1946/1946/567 1947/1947/567
f 1945/1945/567 1947/1947/567 1948/1948/567
f 1949/1949/568 1950/1950/568 1951/1951/568
f 1949/1949/568 1951/1951/568 1952/1952/568
f 1953/1953/569 1954/1954/569 1955/1955/569
f 1953/1953/569 1955/1955/569 1956/1956/569
f 1957/1957/570 1958/1958/570 1959/1959/570
f 1957/1957/570 1959/1959/570 1960/1960/570
f 1961/1961/571 1962/1962/571 1963/1963/571
f 1961/1961/571 1963/1963/571 1964/1964/571
f 1965/1965/572 1966/1966/572 1967/1967/572
f 1965/1965/572 1967/1967/572 1968/1968/572
f 1969/1969/573 1970/1970/573 1971/1971/573
f 1969/1969/573 1971/1971/573 1972/1972/573
f 1973/1973/574 1974/1974/574 1975/1975/574
f 1973/1973/574 1975/1975/574 1976/1976/574
f 1977/1977/575 1978/1978/575 1979/1979/575
f 1977/1977/575 1979/1979/575 1980/1980/575
f 1981/1981/576 1982/1982/576 1983/1983/576
f 1981/1981/576 1983/1983/576 1984/1984/576
f 1985/1985/577 1986/1986/577 1987/1987/577
f 1985/1985/577 1987/1987/577 1988/1988/577
f 1989/1989/578 1990/1990/578 1991/1991/578
f 1989/1989/578 1991/1991/578 1992/1992/578
f 1993/1993/579 1994/1994/579 1995/1995/579
f 1993/1993/579 1995/1995/579 1996/1996/579
f 1997/1997/580 1998/1998/580 1999/1999/580
f 1997/1997/580 1999/1999/580 2000/2000/580
f 2001/2001/581 2002/2002/581 2003/2003/581
f 2001/2001/581 2003/2003/581 2004/2004/581
f 2005/2005/582 2006/2006/582 2007/2007/582
f 2005/2005/582 2007/2007/582 2008/2008/582
f 2009/2009/583 2010/2010/583 2011/2011/583
f 2009/2009/583 2011/2011/583 2012/2012/583
f 2013/2013/584 2014/2014/584 2015/2015/584
f 2013/2013/584 2015/2015/584 2016/2016/584
f 2017/2017/585 2018/2018/585 2019/2019/585
f 2020/2020/586 2021/2021/586 2022/2022/586
f 2023/2023/587 2024/2024/587 2025/2025/587
f 2026/2026/588 2027/2027/588 2028/2028/588
f 2029/2029/589 2030/2030/589 2031/2031/589
f 2032/2032/590 2033/2033/590 2034/2034/590
f 2035/2035/591 2036/2036/591 2037/2037/591
f 2038/2038/592 2039/2039/592 2040/2040/592
f 2041/2041/593 2042/2042/593 2043/2043/593
f 2044/2044/594 2045/2045/594 2046/2046/594
f 2047/2047/595 2048/2048/595 2049/2049/595
f 2050/2050/596 2051/2051/596 2052/2052/596
f 2053/2053/597 2054/2054/597 2055/2055/597
f 2056/2056/598 2057/2057/598 2058/2058/598
f 2059/2059/599 2060/2060/599 2061/2061/599
f 2062/2062/600 2063/2063/600 2064/2064/600
f 2065/2065/601 2066/2066/601 2067/2067/601
f 2068/2068/602 2069/2069/602 2070/2070/602
f 2071/2071/603 2072/2072/603 2073/2073/603
f 2074/2074/604 2075/2075/604 2076/2076/604
f 2077/2077/605 2078/2078/605 2079/2079/605
f 2080/2080/606 2081/2081/606 2082/2082/606
f 2083/2083/607 2084/2084/607 2085/2085/607
f 2086/2086/608 2087/2087/608 2088/2088/608
f 2089/2089/609 2090/2090/609 2091/2091/609
f 2089/2089/609 2091/2091/609 2092/2092/609
f 2093/2093/610 2094/2094/610 2095/2095/610
f 2093/2093/610 2095/2095/610 2096/2096/610
f 2097/2097/611 2098/2098/611 2099/2099/611
f 2097/2097/611 2099/2099/611 2100/2100/611
f 2101/2101/612 2102/2102/612 2103/2103/612
f 2101/2101/612 2103/2103/612 2104/2104/612
f 2105/2105/613 2106/2106/613 2107/2107/613
f 2105/2105/613 2107/2107/613 2108/2108/613
f 2109/2109/614 2110/2110/614 2111/2111/614
f 2109/2109/614 2111/2111/614 2112/2112/614
f 2113/2113/615 2114/2114/615 2115/2115/615
f 2113/2113/615 2115/2115/615 2116/2116/615
f 2117/2117/616 2118/2118/616 2119/2119/616
f 2117/2117/616 2119/2119/616 2120/2120/616
f 2121/2121/617 2122/2122/617 2123/2123/617
f 2121/2121/617 2123/2123/617 2124/2124/617
f 2125/2125/618 2126/2126/618 2127/2127/618
f 2125/2125/618 2127/2127/618 2128/2128/618
f 2129/2129/619 2130/2130/619 2131/2131/619
f 2129/2129/619 2131/2131/619 2132/2132/619
f 2133/2133/620 2134/2134/620 2135/2135/620
f 2133/2133/620 2135/2135/620 2136/2136/620
f 2137/2137/621 2138/2138/621 2139/2139/621
f 2137/2137/621 2139/2139/621 2140/2140/621
f 2141/2141/622 2142/2142/622 2143/2143/622
f 2141/2141/622 2143/2143/622 2144/2144/622
f 2145/2145/623 2146/2146/623 2147/2147/623
f 2145/2145/623 2147/2147/623 2148/2148/623
f 2149/2149/624 2150/2150/624 2151/2151/624
f 2149/2149/624 2151/2151/624 2152/2152/624
f 2153/2153/625 2154/2154/625 2155/2155/625
f 2153/2153/625 2155/2155/625 2156/2156/625
f 2157/2157/626 2158/2158/626 2159/2159/626
f 2157/2157/626 2159/2159/626 2160/2160/626
f 2161/2161/627 2162/2162/627 2163/2163/627
f 2161/2161/627 2163/2163/627 2164/2164/627
f 2165/2165/628 2166/2166/628 2167/2167/628
f 2165/2165/628 2167/2167/628 2168/2168/628
f 2169/2169/629 2170/2170/629 2171/2171/629
f 2169/2169/629 2171/2171/629 2172/2172/629
f 2173/2173/630 2174/2174/630 2175/2175/630
f 2173/2173/630 2175/2175/630 2176/2176/630
f 2177/2177/631 2178/2178/631 2179/2179/631
f 2177/2177/631 2179/2179/631 2180/2180/631
f 2181/2181/632 2182/2182/632 2183/2183/632
f 2181/2181/632 2183/2183/632 2184/2184/632
f 2185/2185/633 2186/2186/633 2187/2187/633
f 2188/2188/634 2189/2189/634 2190/2190/634
f 2191/2191/635 2192/2192/635 2193/2193/635
f 2194/2194/636 2195/2195/636 2196/2196/636
f 2197/2197/637 2198/2198/637 2199/2199/637
f 2200/2200/638 2201/2201/638 2202/2202/638
f 2203/2203/639 2204/2204/639 2205/2205/639
f 2206/2206/640 2207/2207/640 2208/2208/640
f 2209/2209/641 2210/2210/641 2211/2211/641
f 2212/2212/642 2213/2213/642 2214/2214/642
f 2215/2215/643 2216/2216/643 2217/2217/643
f 2218/2218/644 2219/2219/644 2220/2220/644
f 2221/2221/645 2222/2222/645 2223/2223/645
f 2224/2224/646 2225/2225/646 2226/2226/646
f 2227/2227/647 2228/2228/647 2229/2229/647
f 2230/2230/648 2231/2231/648 2232/2232/648
f 2233/2233/649 2234/2234/649 2235/2235/649
f 2236/2236/650 2237/2237/650 2238/2238/650
f 2239/2239/651 2240/2240/651 2241/2241/651
f 2242/2242/652 2243/2243/652 2244/2244/652
f 2245/2245/653 2246/2246/653 2247/2247/653
f 2248/2248/654 2249/2249/654 2250/2250/654
f 2251/2251/655 2252/2252/655 2253/2253/655
f 2254/2254/656 2255/2255/656 2256/2256/656
f 2257/2257/657 2258/2258/657 2259/2259/657
f 2257/2257/657 2259/2259/657 2260/2260/657
f 2261/2261/658 2262/2262/658 2263/2263/658
f 2261/2261/658 2263/2263/658 2264/2264/658
f 2265/2265/659 2266/2266/659 2267/2267/659
f 2265/2265/659 2267/2267/659 2268/2268/659
f 2269/2269/660 2270/2270/660 2271/2271/660
f 2269/2269/660 2271/2271/660 2272/2272/660
f 2273/2273/661 2274/2274/661 2275/2275/661
f 2273/2273/661 2275/2275/661 2276/2276/661
f 2277/2277/662 2278/2278/662 2279/2279/662
f 2277/2277/662 2279/2279/662 2280/2280/662
f 2281/2281/663 2282/2282/663 2283/2283/663
f 2281/2281/663 2283/2283/663 2284/2284/663
f 2285/2285/664 2286/2286/664 2287/2287/664
f 2285/2285/664 2287/2287/664 2288/2288/664
f 2289/2289/665 2290/2290/665 2291/2291/665
f 2289/2289/665 2291/2291/665 2292/2292/665
f 2293/2293/666 2294/2294/666 2295/2295/666
f 2293/2293/666 2295/2295/666 2296/2296/666
f 2297/2297/667 2298/2298/667 2299/2299/667
f 2297/2297/667 2299/2299/667 2300/2300/667
f 2301/2301/668 2302/2302/668 2303/2303/668
f 2301/2301/668 2303/2303/668 2304/2304/668
f 2305/2305/669 2306/2306/669 2307/2307/669
f 2305/2305/669 2307/2307/669 2308/2308/669
f 2309/2309/670 2310/2310/670 2311/2311/670
f 2309/2309/670 2311/2311/670 2312/2312/670
f 2313/2313/671 2314/2314/671 2315/2315/671
f 2313/2313/671 2315/2315/671 2316/2316/671
f 2317/2317/672 2318/2318/672 2319/2319/672
f 2317/2317/672 2319/2319/672 2320/2320/672
f 2321/2321/673 2322/2322/673 2323/2323/673
f 2321/2321/673 2323/2323/673 2324/2324/673
f 2325/2325/674 2326/2326/674 2327/2327/674
f 2325/2325/674 2327/2327/674 2328/2328/674
f 2329/2329/675 2330/2330/675 2331/2331/675
f 2332/2332/676 2333/2333/676 2334/2334/676
f 2335/2335/677 2336/2336/677 2337/2337/677
f 2338/2338/678 2339/2339/678 2340/2340/678
f 2341/2341/679 2342/2342/679 2343/2343/679
f 2344/2344/680 2345/2345/680 2346/2346/680
f 2347/2347/681 2348/2348/681 2349/2349/681
f 2350/2350/682 2351/2351/682 2352/2352/682
f 2353/2353/683 2354/2354/683 2355/2355/683
f 2356/2356/684 2357/2357/684 2358/2358/684
f 2359/2359/685 2360/2360/685 2361/2361/685
f 2362/2362/686 2363/2363/686 2364/2364/686
f 2365/2365/687 2366/2366/687 2367/2367/687
f 2368/2368/688 2369/2369/688 2370/2370/688
f 2371/2371/689 2372/2372/689 2373/2373/689
f 2374/2374/690 2375/2375/690 2376/2376/690
f 2377/2377/691 2378/2378/691 2379/2379/691
f 2380/2380/692 2381/2381/692 2382/2382/692
f 2383/2383/693 2384/2384/693 2385/2385/693
f 2386/2386/694 2387/2387/694 2388/2388/694
f 2389/2389/695 2390/2390/695 2391/2391/695
f 2392/2392/696 2393/2393/696 2394/2394/696
f 2395/2395/697 2396/2396/697 2397/2397/697
f 2398/2398/698 2399/2399/698 2400/2400/698
f 2401/2401/699 2402/2402/699 2403/2403/699
f 2401/2401/699 2403/2403/699 2404/2404/699
f 2405/2405/700 2406/2406/700 2407/2407/700
f 2405/2405/700 2407/2407/700 2408/2408/700
f 2409/2409/701 2410/2410/701 2411/2411/701
f 2409/2409/701 2411/2411/701 2412/2412/701
f 2413/2413/702 2414/2414/702 2415/2415/702
f 2413/2413/702 2415/2415/702 2416/2416/702
f 2417/2417/703 2418/2418/703 2419/2419/703
f 2417/2417/703 2419/2419/703 2420/2420/703
f 2421/2421/704 2422/2422/704 2423/2423/704
f 2421/2421/704 2423/2423/704 2424/2424/704
f 2425/2425/705 2426/2426/705 2427/2427/705
f 2425/2425/705 2427/2427/705 2428/2428/705
f 2429/2429/706 2430/2430/706 2431/2431/706
f 2429/2429/706 2431/2431/706 2432/2432/706
f 2433/2433/707 2434/2434/707 2435/2435/707
f 2433/2433/707 2435/2435/707 2436/2436/707
f 2437/2437/708 2438/2438/708 2439/2439/708
f 2437/2437/708 2439/2439/708 2440/2440/708
f 2441/2441/709 2442/2442/709 2443/2443/709
f 2441/2441/709 2443/2443/709 2444/2444/709
f 2445/2445/710 2446/2446/710 2447/2447/710
f 2445/2445/710 2447/2447/710 2448/2448/710
f 2449/2449/711 2450/2450/711 2451/2451/711
f 2449/2449/711 2451/2451/711 2452/2452/711
f 2453/2453/712 2454/2454/712 2455/2455/712
f 2453/2453/712 2455/2455/712 2456/2456/712
f 2457/2457/713 2458/2458/713 2459/2459/713
f 2457/2457/713 2459/2459/713 2460/2460/713
f 2461/2461/714 2462/2462/714 2463/2463/714
f 2461/2461/714 2463/2463/714 2464/2464/714
f 2465/2465/715 2466/2466/715 2467/2467/715
f 2465/2465/715 2467/2467/715 2468/2468/715
f 2469/2469/716 2470/2470/716 2471/2471/716
f 2469/2469/716 2471/2471/716 2472/2472/716
f 2473/2473/717 2474/2474/717 2475/2475/717
f 2473/2473/717 2475/2475/717 2476/2476/717
f 2477/2477/718 2478/2478/718 2479/2479/718
f 2477/2477/718 2479/2479/718 2480/2480/718
f 2481/2481/719 2482/2482/719 2483/2483/719
f 2481/2481/719 2483/2483/719 2484/2484/719
f 2485/2485/720 2486/2486/720 2487/2487/720
f 2485/2485/720 2487/2487/720 2488/2488/720
f 2489/2489/721 2490/2490/721 2491/2491/721
f 2489/2489/721 2491/2491/721 2492/2492/721
f 2493/2493/722 2494/2494/722 2495/2495/722
f 2493/2493/722 2495/2495/722 2496/2496/722
f 2497/2497/723 2498/2498/723 2499/2499/723
f 2500/2500/724 2501/2501/724 2502/2502/724
f 2503/2503/725 2504/2504/725 2505/2505/725
f 2506/2506/726 2507/2507/726 2508/2508/726
f 2509/2509/727 2510/2510/727 2511/2511/727
f 2512/2512/728 2513/2513/728 2514/2514/728
f 2515/2515/729 2516/2516/729 2517/2517/729
f 2518/2518/730 2519/2519/730 2520/2520/730
f 2521/2521/731 2522/2522/731 2523/2523/731
f 2524/2524/732 2525/2525/732 2526/2526/732
f 2527/2527/733 2528/2528/733 2529/2529/733
f 2530/2530/734 2531/2531/734 2532/2532/734
f 2533/2533/735 2534/2534/735 2535/2535/735
f 2536/2536/736 2537/2537/736 2538/2538/736
f 2539/2539/737 2540/2540/737 2541/2541/737
f 2542/2542/738 2543/2543/738 2544/2544/738
f 2545/2545/739 2546/2546/739 2547/2547/739
f 2548/2548/740 2549/2549/740 2550/2550/740
f 2551/2551/741 2552/2552/741 2553/2553/741
f 2554/2554/742 2555/2555/742 2556/2556/742
f 2557/2557/743 2558/2558/743 2559/2559/743
f 2560/2560/744 2561/2561/744 2562/2562/744
f 2563/2563/745 2564/2564/745 2565/2565/745
f 2566/2566/746 2567/2567/746 2568/2568/746
f 2569/2569/747 2570/2570/747 2571/2571/747
f 2569/2569/747 2571/2571/747 2572/2572/747
f 2573/2573/748 2574/2574/748 2575/2575/748
f 2573/2573/748 2575/2575/748 2576/2576/748
f 2577/2577/749 2578/2578/749 2579/2579/749
f 2577/2577/749 2579/2579/749 2580/2580/749
f 2581/2581/750 2582/2582/750 2583/2583/750
f 2581/2581/750 2583/2583/750 2584/2584/750
f 2585/2585/751 2586/2586/751 2587/2587/751
f 2585/2585/751 2587/2587/751 2588/2588/751
f 2589/2589/752 2590/2590/752 2591/2591/752
f 2589/2589/752 2591/2591/752 2592/2592/752
f 2593/2593/753 2594/2594/753 2595/2595/753
f 2593/2593/753 2595/2595/753 2596/2596/753
f 2597/2597/754 2598/2598/754 2599/2599/754
f 2597/2597/754 2599/2599/754 2600/2600/754
f 2601/2601/755 2602/2602/755 2603/2603/755
f 2601/2601/755 2603/2603/755 2604/2604/755
f 2605/2605/756 2606/2606/756 2607/2607/756
f 2605/2605/756 2607/2607/756 2608/2608/756
f 2609/2609/757 2610/2610/757 2611/2611/757
f 2609/2609/757 2611/2611/757 2612/2612/757
f 2613/2613/758 2614/2614/758 2615/2615/758
f 2613/2613/758 2615/2615/758 2616/2616/758
f 2617/2617/759 2618/2618/759 2619/2619/759
f 2617/2617/759 2619/2619/759 2620/2620/759
f 2621/2621/760 2622/2622/760 2623/2623/760
f 2621/2621/760 2623/2623/760 2624/2624/760
f 2625/2625/761 2626/2626/761 2627/2627/761
f 2625/2625/761 2627/2627/761 2628/2628/761
f 2629/2629/762 2630/2630/762 2631/2631/762
f 2629/2629/762 2631/2631/762 2632/2632/762
f 2633/2633/763 2634/2634/763 2635/2635/763
f 2633/2633/763 2635/2635/763 2636/2636/763
f 2637/2637/764 2638/2638/764 2639/2639/764
f 2637/2637/764 2639/2639/764 2640/2640/764
f 2641/2641/765 2642/2642/765 2643/2643/765
f 2644/2644/766 2645/2645/766 2646/2646/766
f 2647/2647/767 2648/2648/767 2649/2649/767
f 2650/2650/768 2651/2651/768 2652/2652/768
f 2653/2653/769 2654/2654/769 2655/2655/769
f 2656/2656/770 2657/2657/770 2658/2658/770
f 2659/2659/771 2660/2660/771 2661/2661/771
f 2662/2662/772 2663/2663/772 2664/2664/772
f 2665/2665/773 2666/2666/773 2667/2667/773
f 2668/2668/774 2669/2669/774 2670/2670/774
f 2671/2671/775 2672/2672/775 2673/2673/775
f 2674/2674/776 2675/2675/776 2676/2676/776
f 2677/2677/777 2678/2678/777 2679/2679/777
f 2680/2680/778 2681/2681/778 2682/2682/778
f 2683/2683/779 2684/2684/779 2685/2685/779
f 2686/2686/780 2687/2687/780 2688/2688/780
f 2689/2689/781 2690/2690/781 2691/2691/781
f 2692/2692/782 2693/2693/782 2694/2694/782
f 2695/2695/783 2696/2696/783 2697/2697/783
f 2698/2698/784 2699/2699/784 2700/2700/784
f 2701/2701/785 2702/2702/785 2703/2703/785
f 2704/2704/786 2705/2705/786 2706/2706/786
f 2707/2707/787 2708/2708/787 2709/2709/787
f 2710/2710/788 2711/2711/788 2712/2712/788
f 2713/2713/789 2714/2714/789 2715/2715/789
f 2713/2713/789 2715/2715/789 2716/2716/789
f 2717/2717/790 2718/2718/790 2719/2719/790
f 2717/2717/790 2719/2719/790 2720/2720/790
f 2721/2721/791 2722/2722/791 2723/2723/791
f 2721/2721/791 2723/2723/791 2724/2724/791
f 2725/2725/792 2726/2726/792 2727/2727/792
f 2725/2725/792 2727/2727/792 2728/2728/792
f 2729/2729/793 2730/2730/793 2731/2731/793
f 2729/2729/793 2731/2731/793 2732/2732/793
f 2733/2733/794 2734/2734/794 2735/2735/794
f 2733/2733/794 2735/2735/794 2736/2736/794
f 2737/2737/795 2738/2738/795 2739/2739/795
f 2737/2737/795 2739/2739/795 2740/2740/795
f 2741/2741/796 2742/2742/796 2743/2743/796
f 2741/2741/796 2743/2743/796 2744/2744/796
f 2745/2745/797 2746/2746/797 2747/2747/797
f 2745/2745/797 2747/2747/797 2748/2748/797
f 2749/2749/798 2750/2750/798 2751/2751/798
f 2749/2749/798 2751/2751/798 2752/2752/798
f 2753/2753/799 2754/2754/799 2755/2755/799
f 2753/2753/799 2755/2755/799 2756/2756/799
f 2757/2757/800 2758/2758/800 2759/2759/800
f 2757/2757/800 2759/2759/800 2760/2760/800
f 2761/2761/801 2762/2762/801 2763/2763/801
f 2761/2761/801 2763/2763/801 2764/2764/801
f 2765/2765/802 2766/2766/802 2767/2767/802
f 2765/2765/802 2767/2767/802 2768/2768/802
f 2769/2769/803 2770/2770/803 2771/2771/803
f 2769/2769/803 2771/2771/803 2772/2772/803
f 2773/2773/804 2774/2774/804 2775/2775/804
f 2773/2773/804 2775/2775/804 2776/2776/804
f 2777/2777/805 2778/2778/805 2779/2779/805
f 2777/2777/805 2779/2779/805 2780/2780/805
f 2781/2781/806 2782/2782/806 2783/2783/806
f 2781/2781/806 2783/2783/806 2784/2784/806
f 2785/2785/807 2786/2786/807 2787/2787/807
f 2785/2785/807 2787/2787/807 2788/2788/807
f 2789/2789/808 2790/2790/808 2791/2791/808
f 2789/2789/808 2791/2791/808 2792/2792/808
f 2793/2793/809 2794/2794/809 2795/2795/809
f 2793/2793/809 2795/2795/809 2796/2796/809
f 2797/2797/810 2798/2798/810 2799/2799/810
f 2797/2797/810 2799/2799/810 2800/2800/810
f 2801/2801/811 2802/2802/811 2803/2803/811
f 2801/2801/811 2803/2803/811 2804/2804/811
f 2805/2805/812 2806/2806/812 2807/2807/812
f 2805/2805/812 2807/2807/812 2808/2808/812
f 2809/2809/813 2810/2810/813 2811/2811/813
f 2812/2812/814 2813/2813/814 2814/2814/814
f 2815/2815/815 2816/2816/815 2817/2817/815
f 2818/2818/816 2819/2819/816 2820/2820/816
f 2821/2821/817 2822/2822/817 2823/2823/817
f 2824/2824/818 2825/2825/818 2826/2826/818
f 2827/2827/819 2828/2828/819 2829/2829/819
f 2830/2830/820 2831/2831/820 2832/2832/820
f 2833/2833/821 2834/2834/821 2835/2835/821
f 2836/2836/822 2837/2837/822 2838/2838/822
f 2839/2839/823 2840/2840/823 2841/2841/823
f 2842/2842/824 2843/2843/824 2844/2844/824
f 2845/2845/825 2846/2846/825 2847/2847/825
f 2848/2848/826 2849/2849/826 2850/2850/826
f 2851/2851/827 2852/2852/827 2853/2853/827
f 2854/2854/828 2855/2855/828 2856/2856/828
f 2857/2857/829 2858/2858/829 2859/2859/829
f 2860/2860/830 2861/2861/830 2862/2862/830
f 2863/2863/831 2864/2864/831 2865/2865/831
f 2866/2866/832 2867/2867/832 2868/2868/832
f 2869/2869/833 2870/2870/833 2871/2871/833
f 2872/2872/834 2873/2873/834 2874/2874/834
f 2875/2875/835 2876/2876/835 2877/2877/835
f 2878/2878/836 2879/2879/836 2880/2880/836
f 2881/2881/837 2882/2882/837 2883/2883/837
f 2881/2881/837 2883/2883/837 2884/2884/837
f 2885/2885/838 2886/2886/838 2887/2887/838
f 2885/2885/838 2887/2887/838 2888/2888/838
f 2889/2889/839 2890/2890/839 2891/2891/839
f 2889/2889/839 2891/2891/839 2892/2892/839
f 2893/2893/840 2894/2894/840 2895/2895/840
f 2893/2893/840 2895/2895/840 2896/2896/840
f 2897/2897/841 2898/2898/841 2899/2899/841
f 2897/2897/841 2899/2899/841 2900/2900/841
f 2901/2901/842 2902/2902/842 2903/2903/842
f 2901/2901/842 2903/2903/842 2904/2904/842
f 2905/2905/843 2906/2906/843 2907/2907/843
f 2905/2905/843 2907/2907/843 2908/2908/843
f 2909/2909/844 2910/2910/844 2911/2911/844
f 2909/2909/844 2911/2911/844 2912/2912/844
f 2913/2913/845 2914/2914/845 2915/2915/845
f 2913/2913/845 2915/2915/845 2916/2916/845
f 2917/2917/846 2918/2918/846 2919/2919/846
f 2917/2917/846 2919/2919/846 2920/2920/846
f 2921/2921/847 2922/2922/847 2923/2923/847
f 2921/2921/847 2923/2923/847 2924/2924/847
f 2925/2925/848 2926/2926/848 2927/2927/848
f 2925/2925/848 2927/2927/848 2928/2928/848
f 2929/2929/849 2930/2930/849 2931/2931/849
f 2929/2929/849 2931/2931/849 2932/2932/849
f 2933/2933/850 2934/2934/850 2935/2935/850
f 2933/2933/850 2935/2935/850 2936/2936/850
f 2937/2937/851 2938/2938/851 2939/2939/851
f 2937/2937/851 2939/2939/851 2940/2940/851
f 2941/2941/852 2942/2942/852 2943/2943/852
f 2941/2941/852 2943/2943/852 2944/2944/852
f 2945/2945/853 2946/2946/853 2947/2947/853
f 2945/2945/853 2947/2947/853 2948/2948/853
f 2949/2949/854 2950/2950/854 2951/2951/854
f 2949/2949/854 2951/2951/854 2952/2952/854
f 2953/2953/855 2954/2954/855 2955/2955/855
f 2956/2956/856 2957/2957/856 2958/2958/856
f 2959/2959/857 2960/2960/857 2961/2961/857
f 2962/2962/858 2963/2963/858 2964/2964/858
f 2965/2965/859 2966/2966/859 2967/2967/859
f 2968/2968/860 2969/2969/860 2970/2970/860
f 2971/2971/861 2972/2972/861 2973/2973/861
f 2974/2974/862 2975/2975/862 2976/2976/862
f 2977/2977/863 2978/2978/863 2979/2979/863
f 2980/2980/864 2981/2981/864 2982/2982/864
f 2983/2983/865 2984/2984/865 2985/2985/865
f 2986/2986/866 2987/2987/866 2988/2988/866
f 2989/2989/867 2990/2990/867 2991/2991/867
f 2992/2992/868 2993/2993/868 2994/2994/868
f 2995/2995/869 2996/2996/869 2997/2997/869
f 2998/2998/870 2999/2999/870 3000/3000/870
f 3001/3001/871 3002/3002/871 3003/3003/871
f 3004/3004/872 3005/3005/872 3006/3006/872
f 3007/3007/873 3008/3008/873 3009/3009/873
f 3010/3010/874 3011/3011/874 3012/3012/874
f 3013/3013/875 3014/3014/875 3015/3015/875
f 3016/3016/876 3017/3017/876 3018/3018/876
f 3019/3019/877 3020/3020/877 3021/3021/877
f 3022/3022/878 3023/3023/878 3024/3024/878
f 3025/3025/879 3026/3026/879 3027/3027/879
f 3025/3025/879 3027/3027/879 3028/3028/879
f 3029/3029/880 3030/3030/880 3031/3031/880
f 3029/3029/880 3031/3031/880 3032/3032/880
f 3033/3033/881 3034/3034/881 3035/3035/881
f 3033/3033/881 3035/3035/881 3036/3036/881
f 3037/3037/882 3038/3038/882 3039/3039/882
f 3037/3037/882 3039/3039/882 3040/3040/882
f 3041/3041/883 3042/3042/883 3043/3043/883
f 3041/3041/883 3043/3043/883 3044/3044/883
f 3045/3045/884 3046/3046/884 3047/3047/884
f 3045/3045/884 3047/3047/884 3048/3048/884
f 3049/3049/885 3050/3050/885 3051/3051/885
f 3049/3049/885 3051/3051/885 3052/3052/885
f 3053/3053/886 3054/3054/886 3055/3055/886
f 3053/3053/886 3055/3055/886 3056/3056/886
f 3057/3057/887 3058/3058/887 3059/3059/887
f 3057/3057/887 3059/3059/887 3060/3060/887
f 3061/3061/888 3062/3062/888 3063/3063/888
f 3061/3061/888 3063/3063/888 3064/3064/888
f 3065/3065/889 3066/3066/889 3067/3067/889
f 3065/3065/889 3067/3067/889 3068/3068/889
f 3069/3069/890 3070/3070/890 3071/3071/890
f 3069/3069/890 3071/3071/890 3072/3072/890
f 3073/3073/891 3074/3074/891 3075/3075/891
f 3073/3073/891 3075/3075/891 3076/3076/891
f 3077/3077/892 3078/3078/892 3079/3079/892
f 3077/3077/892 3079/3079/892 3080/3080/892
f 3081/3081/893 3082/3082/893 3083/3083/893
f 3081/3081/893 3083/3083/893 3084/3084/893
f 3085/3085/894 3086/3086/894 3087/3087/894
f 3085/3085/894 3087/3087/894 3088/3088/894
f 3089/3089/895 3090/3090/895 3091/3091/895
f 3089/3089/895 3091/3091/895 3092/3092/895
f 3093/3093/896 3094/3094/896 3095/3095/896
f 3093/3093/896 3095/3095/896 3096/3096/896
f 3097/3097/897 3098/3098/897 3099/3099/897
f 3097/3097/897 3099/3099/897 3100/3100/897
f 3101/3101/898 3102/3102/898 3103/3103/898
f 3101/3101/898 3103/3103/898 3104/3104/898
f 3105/3105/899 3106/3106/899 3107/3107/899
f 3105/3105/899 3107/3107/899 3108/3108/899
f 3109/3109/900 3110/3110/900 3111/3111/900
f 3109/3109/900 3111/3111/900 3112/3112/900
f 3113/3113/901 3114/3114/901 3115/3115/901
f 3113/3113/901 3115/3115/901 3116/3116/901
f 3117/3117/902 3118/3118/902 3119/3119/902
f 3117/3117/902 3119/3119/902 3120/3120/902
f 3121/3121/903 3122/3122/903 3123/3123/903
f 3124/3124/904 3125/3125/904 3126/3126/904
f 3127/3127/905 3128/3128/905 3129/3129/905
f 3130/3130/906 3131/3131/906 3132/3132/906
f 3133/3133/907 3134/3134/907 3135/3135/907
f 3136/3136/908 3137/3137/908 3138/3138/908
f 3139/3139/909 3140/3140/909 3141/3141/909
f 3142/3142/910 3143/3143/910 3144/3144/910
f 3145/3145/911 3146/3146/911 3147/3147/911
f 3148/3148/912 3149/3149/912 3150/3150/912
f 3151/3151/913 3152/3152/913 3153/3153/913
f 3154/3154/914 3155/3155/914 3156/3156/914
f 3157/3157/915 3158/3158/915 3159/3159/915
f 3160/3160/916 3161/3161/916 3162/3162/916
f 3163/3163/917 3164/3164/917 3165/3165/917
f 3166/3166/918 3167/3167/918 3168/3168/918
f 3169/3169/919 3170/3170/919 3171/3171/919
f 3172/3172/920 3173/3173/920 3174/3174/920
f 3175/3175/921 3176/3176/921 3177/3177/921
f 3178/3178/922 3179/3179/922 3180/3180/922
f 3181/3181/923 3182/3182/923 3183/3183/923
f 3184/3184/924 3185/3185/924 3186/3186/924
f 3187/3187/925 3188/3188/925 3189/3189/925
f 3190/3190/926 3191/3191/926 3192/3192/926
f 3193/3193/927 3194/3194/927 3195/3195/927
f 3193/3193/927 3195/3195/927 3196/3196/927
f 3197/3197/928 3198/3198/928 3199/3199/928
f 3197/3197/928 3199/3199/928 3200/3200/928
f 3201/3201/929 3202/3202/929 3203/3203/929
f 3201/3201/929 3203/3203/929 3204/3204/929
f 3205/3205/930 3206/3206/930 3207/3207/930
f 3205/3205/930 3207/3207/930 3208/3208/930
f 3209/3209/931 3210/3210/931 3211/3211/931
f 3209/3209/931 3211/3211/931 3212/3212/931
f 3213/3213/932 3214/3214/932 3215/3215/932
f 3213/3213/932 3215/3215/932 3216/3216/932
usemtl Safety_Ladder
f 3217/3217/933 3218/3218/933 3219/3219/933
f 3217/3217/933 3219/3219/933 3220/3220/933
f 3221/3221/934 3222/3222/934 3223/3223/934
f 3221/3221/934 3223/3223/934 3224/3224/934
f 3225/3225/935 3226/3226/935 3227/3227/935
f 3225/3225/935 3227/3227/935 3228/3228/935
f 3229/3229/936 3230/3230/936 3231/3231/936
f 3229/3229/936 3231/3231/936 3232/3232/936
f 3233/3233/937 3234/3234/937 3235/3235/937
f 3233/3233/937 3235/3235/937 3236/3236/937
f 3237/3237/938 3238/3238/938 3239/3239/938
f 3237/3237/938 3239/3239/938 3240/3240/938
f 3241/3241/939 3242/3242/939 3243/3243/939
f 3241/3241/939 3243/3243/939 3244/3244/939
f 3245/3245/940 3246/3246/940 3247/3247/940
f 3245/3245/940 3247/3247/940 3248/3248/940
f 3249/3249/941 3250/3250/941 3251/3251/941
f 3249/3249/941 3251/3251/941 3252/3252/941
f 3253/3253/942 3254/3254/942 3255/3255/942
f 3253/3253/942 3255/3255/942 3256/3256/942
f 3257/3257/943 3258/3258/943 3259/3259/943
f 3257/3257/943 3259/3259/943 3260/3260/943
f 3261/3261/944 3262/3262/944 3263/3263/944
f 3261/3261/944 3263/3263/944 3264/3264/944
f 3265/3265/945 3266/3266/945 3267/3267/945
f 3265/3265/945 3267/3267/945 3268/3268/945
f 3269/3269/946 3270/3270/946 3271/3271/946
f 3269/3269/946 3271/3271/946 3272/3272/946
f 3273/3273/947 3274/3274/947 3275/3275/947
f 3273/3273/947 3275/3275/947 3276/3276/947
f 3277/3277/948 3278/3278/948 3279/3279/948
f 3277/3277/948 3279/3279/948 3280/3280/948
f 3281/3281/949 3282/3282/949 3283/3283/949
f 3281/3281/949 3283/3283/949 3284/3284/949
f 3285/3285/950 3286/3286/950 3287/3287/950
f 3285/3285/950 3287/3287/950 3288/3288/950
f 3289/3289/951 3290/3290/951 3291/3291/951
f 3289/3289/951 3291/3291/951 3292/3292/951
f 3293/3293/952 3294/3294/952 3295/3295/952
f 3293/3293/952 3295/3295/952 3296/3296/952
f 3297/3297/953 3298/3298/953 3299/3299/953
f 3297/3297/953 3299/3299/953 3300/3300/953
f 3301/3301/954 3302/3302/954 3303/3303/954
f 3301/3301/954 3303/3303/954 3304/3304/954
f 3305/3305/955 3306/3306/955 3307/3307/955
f 3305/3305/955 3307/3307/955 3308/3308/955
f 3309/3309/956 3310/3310/956 3311/3311/956
f 3309/3309/956 3311/3311/956 3312/3312/956
f 3313/3313/957 3314/3314/957 3315/3315/957
f 3313/3313/957 3315/3315/957 3316/3316/957
f 3317/3317/958 3318/3318/958 3319/3319/958
f 3317/3317/958 3319/3319/958 3320/3320/958
f 3321/3321/959 3322/3322/959 3323/3323/959
f 3321/3321/959 3323/3323/959 3324/3324/959
f 3325/3325/960 3326/3326/960 3327/3327/960
f 3325/3325/960 3327/3327/960 3328/3328/960
f 3329/3329/961 3330/3330/961 3331/3331/961
f 3329/3329/961 3331/3331/961 3332/3332/961
f 3333/3333/962 3334/3334/962 3335/3335/962
f 3333/3333/962 3335/3335/962 3336/3336/962
f 3337/3337/963 3338/3338/963 3339/3339/963
f 3337/3337/963 3339/3339/963 3340/3340/963
f 3341/3341/964 3342/3342/964 3343/3343/964
f 3341/3341/964 3343/3343/964 3344/3344/964
f 3345/3345/965 3346/3346/965 3347/3347/965
f 3345/3345/965 3347/3347/965 3348/3348/965
f 3349/3349/966 3350/3350/966 3351/3351/966
f 3349/3349/966 3351/3351/966 3352/3352/966
f 3353/3353/967 3354/3354/967 3355/3355/967
f 3353/3353/967 3355/3355/967 3356/3356/967
f 3357/3357/968 3358/3358/968 3359/3359/968
f 3357/3357/968 3359/3359/968 3360/3360/968
f 3361/3361/969 3362/3362/969 3363/3363/969
f 3361/3361/969 3363/3363/969 3364/3364/969
f 3365/3365/970 3366/3366/970 3367/3367/970
f 3365/3365/970 3367/3367/970 3368/3368/970
f 3369/3369/971 3370/3370/971 3371/3371/971
f 3369/3369/971 3371/3371/971 3372/3372/971
f 3373/3373/972 3374/3374/972 3375/3375/972
f 3373/3373/972 3375/3375/972 3376/3376/972
f 3377/3377/973 3378/3378/973 3379/3379/973
f 3377/3377/973 3379/3379/973 3380/3380/973
f 3381/3381/974 3382/3382/974 3383/3383/974
f 3381/3381/974 3383/3383/974 3384/3384/974
f 3385/3385/975 3386/3386/975 3387/3387/975
f 3385/3385/975 3387/3387/975 3388/3388/975
f 3389/3389/976 3390/3390/976 3391/3391/976
f 3389/3389/976 3391/3391/976 3392/3392/976
f 3393/3393/977 3394/3394/977 3395/3395/977
f 3393/3393/977 3395/3395/977 3396/3396/977
f 3397/3397/978 3398/3398/978 3399/3399/978
f 3397/3397/978 3399/3399/978 3400/3400/978
f 3401/3401/979 3402/3402/979 3403/3403/979
f 3401/3401/979 3403/3403/979 3404/3404/979
f 3405/3405/980 3406/3406/980 3407/3407/980
f 3405/3405/980 3407/3407/980 3408/3408/980
f 3409/3409/981 3410/3410/981 3411/3411/981
f 3409/3409/981 3411/3411/981 3412/3412/981
f 3413/3413/982 3414/3414/982 3415/3415/982
f 3413/3413/982 3415/3415/982 3416/3416/982
f 3417/3417/983 3418/3418/983 3419/3419/983
f 3417/3417/983 3419/3419/983 3420/3420/983
f 3421/3421/984 3422/3422/984 3423/3423/984
f 3421/3421/984 3423/3423/984 3424/3424/984
f 3425/3425/985 3426/3426/985 3427/3427/985
f 3425/3425/985 3427/3427/985 3428/3428/985
f 3429/3429/986 3430/3430/986 3431/3431/986
f 3429/3429/986 3431/3431/986 3432/3432/986
f 3433/3433/987 3434/3434/987 3435/3435/987
f 3433/3433/987 3435/3435/987 3436/3436/987
f 3437/3437/988 3438/3438/988 3439/3439/988
f 3437/3437/988 3439/3439/988 3440/3440/988
f 3441/3441/989 3442/3442/989 3443/3443/989
f 3441/3441/989 3443/3443/989 3444/3444/989
f 3445/3445/990 3446/3446/990 3447/3447/990
f 3445/3445/990 3447/3447/990 3448/3448/990
f 3449/3449/991 3450/3450/991 3451/3451/991
f 3449/3449/991 3451/3451/991 3452/3452/991
f 3453/3453/992 3454/3454/992 3455/3455/992
f 3453/3453/992 3455/3455/992 3456/3456/992
f 3457/3457/993 3458/3458/993 3459/3459/993
f 3457/3457/993 3459/3459/993 3460/3460/993
f 3461/3461/994 3462/3462/994 3463/3463/994
f 3461/3461/994 3463/3463/994 3464/3464/994
f 3465/3465/995 3466/3466/995 3467/3467/995
f 3465/3465/995 3467/3467/995 3468/3468/995
f 3469/3469/996 3470/3470/996 3471/3471/996
f 3469/3469/996 3471/3471/996 3472/3472/996
f 3473/3473/997 3474/3474/997 3475/3475/997
f 3473/3473/997 3475/3475/997 3476/3476/997
f 3477/3477/998 3478/3478/998 3479/3479/998
f 3477/3477/998 3479/3479/998 3480/3480/998
f 3481/3481/999 3482/3482/999 3483/3483/999
f 3481/3481/999 3483/3483/999 3484/3484/999
f 3485/3485/1000 3486/3486/1000 3487/3487/1000
f 3485/3485/1000 3487/3487/1000 3488/3488/1000
f 3489/3489/1001 3490/3490/1001 3491/3491/1001
f 3489/3489/1001 3491/3491/1001 3492/3492/1001
f 3493/3493/1002 3494/3494/1002 3495/3495/1002
f 3493/3493/1002 3495/3495/1002 3496/3496/1002
f 3497/3497/1003 3498/3498/1003 3499/3499/1003
f 3497/3497/1003 3499/3499/1003 3500/3500/1003
f 3501/3501/1004 3502/3502/1004 3503/3503/1004
f 3501/3501/1004 3503/3503/1004 3504/3504/1004
f 3505/3505/1005 3506/3506/1005 3507/3507/1005
f 3505/3505/1005 3507/3507/1005 3508/3508/1005
f 3509/3509/1006 3510/3510/1006 3511/3511/1006
f 3509/3509/1006 3511/3511/1006 3512/3512/1006
f 3513/3513/1007 3514/3514/1007 3515/3515/1007
f 3513/3513/1007 3515/3515/1007 3516/3516/1007
f 3517/3517/1008 3518/3518/1008 3519/3519/1008
f 3517/3517/1008 3519/3519/1008 3520/3520/1008
f 3521/3521/1009 3522/3522/1009 3523/3523/1009
f 3521/3521/1009 3523/3523/1009 3524/3524/1009
f 3525/3525/1010 3526/3526/1010 3527/3527/1010
f 3525/3525/1010 3527/3527/1010 3528/3528/1010
f 3529/3529/1011 3530/3530/1011 3531/3531/1011
f 3529/3529/1011 3531/3531/1011 3532/3532/1011
f 3533/3533/1012 3534/3534/1012 3535/3535/1012
f 3533/3533/1012 3535/3535/1012 3536/3536/1012
f 3537/3537/1013 3538/3538/1013 3539/3539/1013
f 3537/3537/1013 3539/3539/1013 3540/3540/1013
f 3541/3541/1014 3542/3542/1014 3543/3543/1014
f 3541/3541/1014 3543/3543/1014 3544/3544/1014
f 3545/3545/1015 3546/3546/1015 3547/3547/1015
f 3545/3545/1015 3547/3547/1015 3548/3548/1015
f 3549/3549/1016 3550/3550/1016 3551/3551/1016
f 3549/3549/1016 3551/3551/1016 3552/3552/1016
f 3553/3553/1017 3554/3554/1017 3555/3555/1017
f 3553/3553/1017 3555/3555/1017 3556/3556/1017
f 3557/3557/1018 3558/3558/1018 3559/3559/1018
f 3557/3557/1018 3559/3559/1018 3560/3560/1018
f 3561/3561/1019 3562/3562/1019 3563/3563/1019
f 3561/3561/1019 3563/3563/1019 3564/3564/1019
f 3565/3565/1020 3566/3566/1020 3567/3567/1020
f 3565/3565/1020 3567/3567/1020 3568/3568/1020
f 3569/3569/1021 3570/3570/1021 3571/3571/1021
f 3569/3569/1021 3571/3571/1021 3572/3572/1021
f 3573/3573/1022 3574/3574/1022 3575/3575/1022
f 3573/3573/1022 3575/3575/1022 3576/3576/1022
f 3577/3577/1023 3578/3578/1023 3579/3579/1023
f 3577/3577/1023 3579/3579/1023 3580/3580/1023
f 3581/3581/1024 3582/3582/1024 3583/3583/1024
f 3581/3581/1024 3583/3583/1024 3584/3584/1024
f 3585/3585/1025 3586/3586/1025 3587/3587/1025
f 3585/3585/1025 3587/3587/1025 3588/3588/1025
f 3589/3589/1026 3590/3590/1026 3591/3591/1026
f 3589/3589/1026 3591/3591/1026 3592/3592/1026
f 3593/3593/1027 3594/3594/1027 3595/3595/1027
f 3593/3593/1027 3595/3595/1027 3596/3596/1027
f 3597/3597/1028 3598/3598/1028 3599/3599/1028
f 3597/3597/1028 3599/3599/1028 3600/3600/1028
f 3601/3601/1029 3602/3602/1029 3603/3603/1029
f 3601/3601/1029 3603/3603/1029 3604/3604/1029
f 3605/3605/1030 3606/3606/1030 3607/3607/1030
f 3605/3605/1030 3607/3607/1030 3608/3608/1030
f 3609/3609/1031 3610/3610/1031 3611/3611/1031
f 3609/3609/1031 3611/3611/1031 3612/3612/1031
f 3613/3613/1032 3614/3614/1032 3615/3615/1032
f 3613/3613/1032 3615/3615/1032 3616/3616/1032
f 3617/3617/1033 3618/3618/1033 3619/3619/1033
f 3617/3617/1033 3619/3619/1033 3620/3620/1033
f 3621/3621/1034 3622/3622/1034 3623/3623/1034
f 3621/3621/1034 3623/3623/1034 3624/3624/1034
f 3625/3625/1035 3626/3626/1035 3627/3627/1035
f 3625/3625/1035 3627/3627/1035 3628/3628/1035
f 3629/3629/1036 3630/3630/1036 3631/3631/1036
f 3629/3629/1036 3631/3631/1036 3632/3632/1036
f 3633/3633/1037 3634/3634/1037 3635/3635/1037
f 3633/3633/1037 3635/3635/1037 3636/3636/1037
f 3637/3637/1038 3638/3638/1038 3639/3639/1038
f 3637/3637/1038 3639/3639/1038 3640/3640/1038
f 3641/3641/1039 3642/3642/1039 3643/3643/1039
f 3641/3641/1039 3643/3643/1039 3644/3644/1039
f 3645/3645/1040 3646/3646/1040 3647/3647/1040
f 3645/3645/1040 3647/3647/1040 3648/3648/1040
f 3649/3649/1041 3650/3650/1041 3651/3651/1041
f 3649/3649/1041 3651/3651/1041 3652/3652/1041
f 3653/3653/1042 3654/3654/1042 3655/3655/1042
f 3653/3653/1042 3655/3655/1042 3656/3656/1042
f 3657/3657/1043 3658/3658/1043 3659/3659/1043
f 3657/3657/1043 3659/3659/1043 3660/3660/1043
f 3661/3661/1044 3662/3662/1044 3663/3663/1044
f 3661/3661/1044 3663/3663/1044 3664/3664/1044
f 3665/3665/1045 3666/3666/1045 3667/3667/1045
f 3665/3665/1045 3667/3667/1045 3668/3668/1045
f 3669/3669/1046 3670/3670/1046 3671/3671/1046
f 3669/3669/1046 3671/3671/1046 3672/3672/1046
f 3673/3673/1047 3674/3674/1047 3675/3675/1047
f 3673/3673/1047 3675/3675/1047 3676/3676/1047
f 3677/3677/1048 3678/3678/1048 3679/3679/1048
f 3677/3677/1048 3679/3679/1048 3680/3680/1048
f 3681/3681/1049 3682/3682/1049 3683/3683/1049
f 3681/3681/1049 3683/3683/1049 3684/3684/1049
f 3685/3685/1050 3686/3686/1050 3687/3687/1050
f 3685/3685/1050 3687/3687/1050 3688/3688/1050
f 3689/3689/1051 3690/3690/1051 3691/3691/1051
f 3689/3689/1051 3691/3691/1051 3692/3692/1051
f 3693/3693/1052 3694/3694/1052 3695/3695/1052
f 3693/3693/1052 3695/3695/1052 3696/3696/1052
f 3697/3697/1053 3698/3698/1053 3699/3699/1053
f 3697/3697/1053 3699/3699/1053 3700/3700/1053
f 3701/3701/1054 3702/3702/1054 3703/3703/1054
f 3701/3701/1054 3703/3703/1054 3704/3704/1054
f 3705/3705/1055 3706/3706/1055 3707/3707/1055
f 3705/3705/1055 3707/3707/1055 3708/3708/1055
f 3709/3709/1056 3710/3710/1056 3711/3711/1056
f 3709/3709/1056 3711/3711/1056 3712/3712/1056
f 3713/3713/1057 3714/3714/1057 3715/3715/1057
f 3713/3713/1057 3715/3715/1057 3716/3716/1057
f 3717/3717/1058 3718/3718/1058 3719/3719/1058
f 3717/3717/1058 3719/3719/1058 3720/3720/1058
f 3721/3721/1059 3722/3722/1059 3723/3723/1059
f 3721/3721/1059 3723/3723/1059 3724/3724/1059
f 3725/3725/1060 3726/3726/1060 3727/3727/1060
f 3725/3725/1060 3727/3727/1060 3728/3728/1060
f 3729/3729/1061 3730/3730/1061 3731/3731/1061
f 3729/3729/1061 3731/3731/1061 3732/3732/1061
f 3733/3733/1062 3734/3734/1062 3735/3735/1062
f 3733/3733/1062 3735/3735/1062 3736/3736/1062
f 3737/3737/1063 3738/3738/1063 3739/3739/1063
f 3737/3737/1063 3739/3739/1063 3740/3740/1063
f 3741/3741/1064 3742/3742/1064 3743/3743/1064
f 3741/3741/1064 3743/3743/1064 3744/3744/1064
f 3745/3745/1065 3746/3746/1065 3747/3747/1065
f 3745/3745/1065 3747/3747/1065 3748/3748/1065
f 3749/3749/1066 3750/3750/1066 3751/3751/1066
f 3749/3749/1066 3751/3751/1066 3752/3752/1066
f 3753/3753/1067 3754/3754/1067 3755/3755/1067
f 3753/3753/1067 3755/3755/1067 3756/3756/1067
f 3757/3757/1068 3758/3758/1068 3759/3759/1068
f 3757/3757/1068 3759/3759/1068 3760/3760/1068
f 3761/3761/1069 3762/3762/1069 3763/3763/1069
f 3761/3761/1069 3763/3763/1069 3764/3764/1069
f 3765/3765/1070 3766/3766/1070 3767/3767/1070
f 3765/3765/1070 3767/3767/1070 3768/3768/1070
f 3769/3769/1071 3770/3770/1071 3771/3771/1071
f 3769/3769/1071 3771/3771/1071 3772/3772/1071
f 3773/3773/1072 3774/3774/1072 3775/3775/1072
f 3773/3773/1072 3775/3775/1072 3776/3776/1072
f 3777/3777/1073 3778/3778/1073 3779/3779/1073
f 3777/3777/1073 3779/3779/1073 3780/3780/1073
f 3781/3781/1074 3782/3782/1074 3783/3783/1074
f 3781/3781/1074 3783/3783/1074 3784/3784/1074
f 3785/3785/1075 3786/3786/1075 3787/3787/1075
f 3785/3785/1075 3787/3787/1075 3788/3788/1075
f 3789/3789/1076 3790/3790/1076 3791/3791/1076
f 3789/3789/1076 3791/3791/1076 3792/3792/1076
