<?xml version="1.0" encoding="utf-8"?>
<COLLADA xmlns="http://www.collada.org/2005/11/COLLADASchema" version="1.4.1">
  <asset>
    <up_axis>Z_UP</up_axis>
  </asset>
  <library_effects>
    <effect id="eff_hulls"><profile_COMMON><technique sid="common"><phong><diffuse><color>0.06 0.40 0.85 1.0</color></diffuse></phong></technique></profile_COMMON></effect>
    <effect id="eff_frame"><profile_COMMON><technique sid="common"><phong><diffuse><color>0.15 0.15 0.15 1.0</color></diffuse></phong></technique></profile_COMMON></effect>
    <effect id="eff_antenna"><profile_COMMON><technique sid="common"><phong><diffuse><color>0.92 0.92 0.95 1.0</color></diffuse></phong></technique></profile_COMMON></effect>
  </library_effects>
  <library_materials>
    <material id="mat_BlueBoat_Hulls" name="BlueBoat_Hulls"><instance_effect url="#eff_hulls"/></material>
    <material id="mat_BlueBoat_Frame" name="BlueBoat_Frame"><instance_effect url="#eff_frame"/></material>
    <material id="mat_BlueBoat_Antenna" name="BlueBoat_Antenna"><instance_effect url="#eff_antenna"/></material>
  </library_materials>
  <library_geometries>
    <geometry id="geom_blueboat" name="blueboat">
      <mesh>
        <source id="geom_blueboat-positions">
          <float_array id="geom_blueboat-positions-array" count="12891">-0.58491 0.27550 -0.11939 -0.57726 0.28562 -0.11890 -0.57607 0.27928 -0.11874 -0.57379 0.28646 -0.11927 -0.57369 0.27973 -0.11900 -0.57159 0.28759 -0.10744 -0.57094 0.28358 -0.10776 -0.57040 -0.29940 -0.10767 -0.56956 -0.30564 -0.10735 -0.56859 0.28620 -0.09259 -0.56705 -0.29949 -0.10781 -0.56687 -0.30568 -0.10882 -0.56660 0.27851 -0.09445 -0.56072 -0.29728 -0.07921 -0.56056 -0.30642 -0.09187 -0.56004 -0.30562 -0.07868 -0.55849 0.28109 -0.08962 -0.55790 0.27781 -0.12169 -0.54990 0.27473 -0.12082 -0.53633 -0.29552 -0.11021 -0.52345 0.28353 -0.02473 -0.52332 0.28889 -0.09563 -0.52321 0.28843 -0.02500 -0.52136 -0.29679 -0.11420 -0.52071 -0.30821 -0.08294 -0.51965 0.29298 -0.01782 -0.51750 0.27313 -0.02566 -0.51668 0.31085 0.05534 -0.51658 0.31407 0.04883 -0.51639 0.29232 -0.02555 -0.51632 0.27923 -0.01602 -0.51610 0.28320 0.05625 -0.51556 -0.30477 -0.01343 -0.51453 0.28286 -0.04187 -0.51416 -0.29473 -0.00882 -0.51409 0.28104 -0.12317 -0.51313 0.28148 0.04389 -0.51210 0.29967 -0.01839 -0.51173 0.28045 0.05560 -0.51035 -0.29890 0.06269 -0.50999 -0.30468 -0.02541 -0.50966 0.31501 0.04195 -0.50926 -0.29550 0.06820 -0.50849 -0.32608 0.06825 -0.50800 0.29345 0.07485 -0.50649 -0.30649 -0.00191 -0.50643 -0.29401 0.06665 -0.50624 0.29250 -0.04294 -0.50577 -0.32723 0.05653 -0.50567 0.30384 -0.02964 -0.50543 -0.29525 0.05779 -0.50531 0.29451 -0.01007 -0.50410 0.31282 0.07885 -0.50362 -0.28536 -0.01582 -0.50360 0.30727 0.08996 -0.50253 0.32165 0.08983 -0.50248 0.27107 -0.03819 -0.50171 0.26865 -0.01997 -0.50090 0.28317 -0.00741 -0.50062 0.28698 -0.09459 -0.49964 0.27415 -0.01085 -0.49950 -0.31950 -0.02273 -0.49881 -0.31935 -0.00738 -0.49798 -0.32239 0.09468 -0.49671 0.32419 0.06869 -0.49589 -0.31131 0.10102 -0.49517 -0.33587 0.10077 -0.49515 0.29022 0.06292 -0.49460 0.28196 -0.04362 -0.49418 0.28541 -0.02352 -0.49376 0.30994 0.08032 -0.49131 0.28355 0.06783 -0.49046 -0.28700 -0.02862 -0.48970 0.30453 0.12376 -0.48936 0.28262 0.06372 -0.48922 -0.32215 0.08075 -0.48866 -0.33734 0.07975 -0.48787 0.33586 0.12327 -0.48750 0.30087 -0.03894 -0.48709 0.28275 0.05609 -0.48686 0.31188 0.13671 -0.48649 0.32480 0.06396 -0.48633 -0.32073 0.09493 -0.48593 0.26929 -0.03130 -0.48588 0.32477 0.05473 -0.48577 -0.29359 0.07729 -0.48570 0.29019 -0.04394 -0.48520 0.30090 -0.03177 -0.48483 0.31274 0.07676 -0.48434 0.27352 -0.03833 -0.48427 0.28219 -0.03017 -0.48390 0.30984 0.08443 -0.48376 0.30114 -0.02137 -0.48329 0.27241 -0.01883 -0.48320 0.29050 -0.03026 -0.48258 0.28097 -0.09432 -0.48256 0.28195 -0.02214 -0.48253 0.29104 -0.02218 -0.48251 -0.28831 0.04283 -0.48246 0.28324 -0.04815 -0.48238 -0.29514 0.07760 -0.48217 -0.34142 0.13851 -0.48198 0.28357 -0.01054 -0.48180 -0.29796 0.09918 -0.48029 -0.29393 0.06820 -0.48017 -0.33712 0.06717 -0.47996 -0.30675 0.14291 -0.47985 -0.30455 -0.03361 -0.47966 0.29766 0.14916 -0.47925 0.29188 -0.01131 -0.47906 -0.28992 -0.02629 -0.47881 -0.32354 0.15157 -0.47864 -0.28560 -0.00902 -0.47857 -0.31874 -0.01881 -0.47851 -0.33793 0.08858 -0.47851 -0.31355 -0.02749 -0.47823 -0.31729 -0.00889 -0.47805 -0.31575 0.09788 -0.47799 0.31838 0.15098 -0.47769 -0.29448 -0.01612 -0.47761 -0.34649 0.11520 -0.47745 0.27210 -0.04282 -0.47717 0.29021 0.11281 -0.47684 0.28343 0.09179 -0.47659 0.31205 0.13973 -0.47634 -0.30523 -0.01949 -0.47632 -0.29466 0.00016 -0.47621 -0.30317 -0.01157 -0.47568 -0.32347 0.09078 -0.47567 -0.30435 0.00028 -0.47486 0.34009 0.16205 -0.47450 -0.29475 -0.03589 -0.47349 0.30416 -0.01860 -0.47325 -0.33078 0.14866 -0.47283 0.33466 0.08564 -0.47221 0.27933 -0.09433 -0.47151 -0.35014 0.16199 -0.47119 0.34347 0.11805 -0.47103 -0.31367 0.15515 -0.47085 0.31871 0.12743 -0.47082 0.34591 0.17970 -0.47045 -0.32791 0.16789 -0.47030 0.32271 0.15434 -0.46992 -0.29442 0.10263 -0.46980 -0.28291 -0.02557 -0.46973 0.28308 0.11752 -0.46966 -0.31696 0.00201 -0.46829 -0.32389 0.15937 -0.46825 0.28303 0.12554 -0.46787 -0.34710 0.08292 -0.46642 -0.35296 0.18336 -0.46636 -0.30501 -0.08420 -0.46588 0.31133 0.18626 -0.46561 -0.29564 -0.08408 -0.46551 -0.31493 0.16995 -0.46523 0.29646 0.15002 -0.46517 0.31205 0.14209 -0.46441 -0.33786 0.15963 -0.46403 -0.29282 0.13015 -0.46308 0.28723 0.18788 -0.46271 0.28792 0.18595 -0.46131 -0.32450 0.15178 -0.46126 0.35065 0.16282 -0.46101 0.29371 0.13562 -0.46099 0.34779 0.13423 -0.46068 -0.35359 0.13781 -0.46010 -0.33115 0.14230 -0.45993 0.28416 0.14257 -0.45956 -0.30835 0.14416 -0.45936 -0.29392 0.06274 -0.45934 -0.29369 0.13796 -0.45921 -0.29761 0.19767 -0.45881 0.34707 0.09741 -0.45860 -0.34192 0.06398 -0.45854 -0.29637 0.19935 -0.45837 0.30048 -0.04219 -0.45834 -0.35030 0.19952 -0.45802 0.32390 0.13841 -0.45796 0.29196 -0.04684 -0.45779 0.27247 -0.04326 -0.45779 0.28171 -0.04771 -0.45761 0.30404 -0.03420 -0.45745 0.28160 0.04266 -0.45711 0.26952 -0.03379 -0.45692 0.28288 0.05088 -0.45615 0.35121 0.12066 -0.45596 0.29160 0.04536 -0.45566 -0.29588 0.04543 -0.45521 0.27158 -0.02169 -0.45513 0.30260 -0.02123 -0.45479 -0.29219 0.19817 -0.45475 0.28883 -0.11452 -0.45453 0.31144 0.21611 -0.45446 0.28150 -0.01433 -0.45433 0.32236 0.03316 -0.45432 0.29069 -0.01369 -0.45411 -0.29304 0.14741 -0.45360 0.32936 0.04905 -0.45319 0.32936 0.04266 -0.45277 -0.31148 -0.00203 -0.45227 0.28682 0.21653 -0.45197 0.28343 -0.02550 -0.45190 0.28862 -0.09005 -0.45114 -0.31152 -0.03423 -0.45099 0.28924 -0.02971 -0.45081 -0.28482 -0.02351 -0.45035 -0.30185 0.15676 -0.45031 0.31237 0.13307 -0.45019 -0.29445 0.06220 -0.44995 -0.33341 0.15182 -0.44979 -0.28556 -0.01237 -0.44973 -0.31963 -0.02094 -0.44967 -0.36003 0.12844 -0.44934 -0.29832 0.04647 -0.44913 -0.30746 -0.11624 -0.44898 0.35456 0.20407 -0.44895 -0.29373 -0.03567 -0.44872 -0.29455 -0.00305 -0.44820 -0.30759 -0.09923 -0.44812 0.32858 0.14933 -0.44800 0.34920 0.23242 -0.44798 -0.29358 0.05069 -0.44789 0.28338 0.14553 -0.44759 -0.30554 -0.00200 -0.44757 -0.29208 0.22795 -0.44752 0.27800 -0.08670 -0.44748 0.28762 0.23324 -0.44738 -0.29140 0.15596 -0.44728 -0.31605 -0.01166 -0.44724 -0.29578 -0.02271 -0.44713 -0.35653 0.22673 -0.44677 0.35316 0.14822 -0.44643 0.28286 0.04669 -0.44604 -0.34316 0.05783 -0.44604 0.28562 0.03224 -0.44603 -0.36217 0.18414 -0.44578 -0.30493 -0.02245 -0.44560 -0.31743 0.15351 -0.44552 -0.35795 0.15743 -0.44516 -0.30041 -0.01462 -0.44317 -0.35671 0.11935 -0.44290 0.29250 0.23485 -0.44265 0.27182 -0.04463 -0.44263 0.28744 0.15615 -0.44224 -0.29488 0.24387 -0.44212 0.29193 -0.07906 -0.44177 0.29903 -0.03428 -0.44135 0.30000 -0.04431 -0.44123 0.28409 -0.03143 -0.44107 0.29883 0.15630 -0.44084 0.34093 1.06731 -0.44033 -0.35413 0.24642 -0.44020 -0.29492 0.05812 -0.43977 0.34093 0.06835 -0.43972 -0.34174 0.05909 -0.43956 0.28521 0.18609 -0.43954 -0.29077 0.24452 -0.43944 0.29421 0.18103 -0.43848 0.34736 0.08203 -0.43819 0.32615 0.03798 -0.43810 -0.31176 0.22732 -0.43779 0.28667 -0.01422 -0.43738 -0.30501 -0.02338 -0.43732 -0.29805 0.05270 -0.43626 -0.30690 -0.07142 -0.43614 0.35809 0.15572 -0.43555 -0.28446 -0.02838 -0.43552 0.28306 0.03740 -0.43488 0.28045 -0.04876 -0.43456 0.27895 -0.07782 -0.43455 0.28516 0.15669 -0.43448 -0.35451 0.08904 -0.43429 0.28960 -0.05315 -0.43400 -0.29234 -0.00501 -0.43328 0.28715 -0.03544 -0.43259 -0.29166 0.19814 -0.43247 0.26924 -0.02855 -0.43225 -0.33737 0.04375 -0.43193 -0.29301 0.05023 -0.43181 -0.30384 -0.00351 -0.43129 -0.29684 -0.06937 -0.43096 0.30601 0.21775 -0.43071 0.28638 0.16570 -0.43056 -0.32192 0.17062 -0.43032 0.28926 0.02750 -0.43028 -0.34082 0.05020 -0.43012 -0.29027 -0.02038 -0.43011 0.32502 0.02801 -0.43004 -0.31209 0.03894 -0.42992 -0.31139 -0.03893 -0.42984 -0.29923 -0.02849 -0.42969 0.29101 -0.06852 -0.42892 0.35928 0.12822 -0.42817 -0.28551 -0.01214 -0.42814 -0.29198 0.16770 -0.42796 -0.31869 -0.00865 -0.42749 0.28088 -0.06679 -0.42744 -0.29300 0.04280 -0.42717 0.27121 -0.04673 -0.42710 -0.29661 0.17455 -0.42671 0.28200 0.02780 -0.42638 0.36402 0.16880 -0.42562 0.28000 -0.05845 -0.42530 0.29631 -0.01741 -0.42522 0.36310 0.23007 -0.42508 0.36080 0.16426 -0.42486 0.29248 -0.05721 -0.42383 -0.30074 0.03395 -0.42336 0.27934 -0.05084 -0.42313 -0.29315 -0.06511 -0.42291 -0.29347 -0.03779 -0.42289 -0.36724 0.17279 -0.42283 0.29768 -0.03925 -0.42237 -0.36186 0.24898 -0.42224 0.28402 0.16870 -0.42182 -0.30464 0.22671 -0.42174 -0.30767 -0.05681 -0.42167 -0.30429 -0.00426 -0.42163 -0.33690 0.03995 -0.42154 0.27945 -0.01701 -0.42151 0.35636 0.08335 -0.42095 -0.36926 0.17980 -0.42076 0.30642 -0.00722 -0.42055 0.36278 0.17526 -0.42022 -0.31170 -0.04119 -0.41979 -0.36840 0.14148 -0.41932 -0.29394 0.03855 -0.41924 0.28169 0.00475 -0.41910 -0.29675 -0.04562 -0.41899 -0.30702 -0.04677 -0.41875 0.31377 0.00702 -0.41864 0.30964 -0.00793 -0.41857 0.28641 0.17922 -0.41815 -0.29202 0.17925 -0.41690 -0.32080 -0.00245 -0.41669 0.36507 0.18673 -0.41641 0.28517 0.18601 -0.41636 -0.29336 -0.03840 -0.41625 0.36350 0.17297 -0.41611 0.34011 0.20582 -0.41602 -0.33035 0.02853 -0.41529 -0.29392 -0.00361 -0.41514 -0.31846 0.21663 -0.41424 0.29852 -0.03252 -0.41353 -0.37154 0.18604 -0.41308 -0.29301 0.18865 -0.41306 0.30394 0.20180 -0.41289 -0.31480 -0.00438 -0.41288 0.36518 0.18548 -0.41262 0.36920 0.19430 -0.41258 0.28571 0.18518 -0.41221 -0.29493 0.01818 -0.41195 -0.32487 0.01561 -0.41155 0.33985 0.19831 -0.41150 -0.36919 0.10817 -0.40955 0.28143 -0.04902 -0.40939 -0.34925 0.21601 -0.40845 -0.28807 0.18764 -0.40823 -0.34792 0.22945 -0.40813 0.34594 0.05361 -0.40812 0.30810 0.20120 -0.40758 0.33750 0.20648 -0.40747 0.35039 0.20712 -0.40699 0.30436 0.21595 -0.40697 -0.37430 0.20452 -0.40679 0.31589 0.20743 -0.40677 -0.29092 0.19521 -0.40677 0.33929 0.21550 -0.40673 -0.30776 -0.03670 -0.40640 0.33068 0.20346 -0.40597 0.28228 0.19723 -0.40584 -0.37102 0.18838 -0.40577 -0.29601 -0.01707 -0.40495 -0.29637 -0.03590 -0.40471 -0.37101 0.19968 -0.40462 -0.32541 0.21772 -0.40324 -0.30970 0.21248 -0.40321 0.37172 0.14052 -0.40285 -0.34802 0.05788 -0.40180 0.28654 0.20770 -0.40156 0.36980 0.23096 -0.40149 0.28186 -0.01927 -0.40117 -0.31430 0.22827 -0.40111 -0.29221 -0.02946 -0.40077 0.27860 -0.03751 -0.40060 -0.37296 0.23659 -0.40053 -0.34669 0.22004 -0.40033 0.28571 0.23063 -0.40030 -0.34054 0.21361 -0.39985 0.32873 0.02918 -0.39956 0.36662 0.23324 -0.39947 0.34138 0.20023 -0.39941 -0.34303 0.22875 -0.39933 -0.31573 0.22004 -0.39929 -0.31441 -0.02186 -0.39894 0.30677 0.20415 -0.39779 0.32277 0.01243 -0.39778 0.32854 0.23397 -0.39750 0.36991 0.22995 -0.39729 0.30070 -0.04205 -0.39661 0.37495 0.19966 -0.39644 -0.30518 0.22289 -0.39633 0.36941 0.23393 -0.39535 -0.28946 0.21948 -0.39516 0.27154 -0.03807 -0.39454 0.28763 0.23169 -0.39428 -0.28992 0.23959 -0.39411 -0.37935 0.14840 -0.39411 0.28673 0.23514 -0.39349 0.29427 -0.03680 -0.39251 -0.29498 0.24382 -0.39196 -0.29401 0.24612 -0.39103 0.27893 -0.05220 -0.39089 0.28156 0.14963 -0.39077 -0.28851 0.15544 -0.39049 -0.30315 -0.02701 -0.39044 0.28556 -0.11972 -0.38931 -0.31750 -0.00508 -0.38924 -0.37242 0.24464 -0.38910 0.37238 0.12173 -0.38908 0.31748 0.00894 -0.38906 0.30358 -0.02076 -0.38901 -0.28428 -0.02836 -0.38870 -0.37257 0.24825 -0.38868 -0.31439 0.21266 -0.38851 -0.34831 0.21652 -0.38846 -0.29368 -0.04004 -0.38838 -0.29073 0.24290 -0.38808 0.28101 -0.03123 -0.38800 0.27700 -0.02037 -0.38794 -0.29037 0.24627 -0.38754 -0.36811 0.08629 -0.38746 -0.29656 -0.00715 -0.38652 -0.31322 -0.03470 -0.38645 -0.31665 0.24407 -0.38621 0.28503 -0.13486 -0.38558 -0.29439 -0.01704 -0.38415 0.29283 -0.05496 -0.38392 0.34304 0.03735 -0.38350 -0.31310 -0.01978 -0.38310 -0.38154 0.21733 -0.38278 -0.37814 0.14075 -0.38155 0.28032 -0.04164 -0.38076 0.28082 -0.03091 -0.38074 -0.34579 0.04074 -0.37956 0.27321 -0.03472 -0.37862 0.28952 -0.07741 -0.37840 0.30067 -0.03343 -0.37787 -0.35981 0.06814 -0.37652 0.36388 0.07116 -0.37638 -0.28624 -0.03991 -0.37542 0.36889 0.09584 -0.37479 -0.29403 -0.03013 -0.37475 -0.37262 0.09939 -0.37467 -0.30876 -0.03822 -0.37431 -0.29562 -0.01501 -0.37235 -0.31447 -0.02111 -0.37208 -0.32468 0.00018 -0.37111 0.34253 0.04073 -0.36969 -0.28994 0.06849 -0.36931 0.27980 0.04951 -0.36807 -0.33258 0.01590 -0.36776 -0.37982 0.10521 -0.36670 -0.35760 0.05346 -0.36524 0.35713 0.05979 -0.36515 0.38319 0.13789 -0.36480 0.38108 0.20718 -0.36339 0.28157 0.14957 -0.35997 0.38375 0.22587 -0.35835 0.27832 0.14266 -0.35649 -0.28922 0.06266 -0.35554 -0.28775 0.16215 -0.35552 -0.38551 0.21657 -0.35430 0.38167 0.12960 -0.35353 0.28053 -0.10998 -0.35336 0.38882 0.18421 -0.35241 0.38378 0.11051 -0.35233 0.38522 0.18845 -0.35181 -0.38769 0.24078 -0.35074 -0.29188 -0.03742 -0.34956 0.28309 -0.13033 -0.34925 -0.30237 -0.10830 -0.34871 0.27780 -0.04629 -0.34849 -0.38478 0.24161 -0.34732 0.28203 -0.14332 -0.34724 0.28784 -0.10181 -0.34644 0.39095 0.22342 -0.34480 -0.29728 -0.11567 -0.34473 0.27680 -0.11886 -0.34435 0.30245 -0.04193 -0.34414 -0.29691 -0.09561 -0.34354 0.29070 -0.11272 -0.34314 -0.29671 -0.13374 -0.34292 0.29337 -0.08839 -0.34286 -0.30520 -0.13049 -0.34170 -0.39365 0.14215 -0.34111 0.27474 -0.04249 -0.34056 0.29733 -0.06416 -0.34033 0.27707 -0.10745 -0.34002 -0.28817 0.14325 -0.33950 -0.29219 -0.03209 -0.33920 -0.29083 -0.02478 -0.33844 0.30985 -0.02336 -0.33800 0.27860 -0.13125 -0.33713 -0.28473 0.15489 -0.33659 -0.31516 -0.03181 -0.33619 -0.30837 -0.07665 -0.33617 -0.30661 -0.10665 -0.33567 -0.29286 -0.09946 -0.33555 -0.30366 -0.08245 -0.33498 0.28188 -0.14656 -0.33497 -0.32452 0.00509 -0.33481 0.28405 -0.12046 -0.33432 -0.31128 -0.05241 -0.33282 0.28761 -0.14543 -0.33219 -0.29311 -0.11553 -0.33181 0.35729 0.04449 -0.33094 0.28314 -0.09661 -0.33051 -0.32071 -0.01507 -0.32978 0.28009 -0.10881 -0.32943 -0.29649 -0.13298 -0.32786 -0.34586 0.03408 -0.32785 -0.30185 -0.13585 -0.32783 -0.38249 0.08572 -0.32781 0.27853 -0.14624 -0.32675 0.38038 0.08325 -0.32664 0.28774 -0.14636 -0.32654 0.28207 -0.13573 -0.32554 -0.30173 -0.09966 -0.32468 -0.30387 -0.10902 -0.32288 0.28607 0.13842 -0.32287 0.29063 -0.11876 -0.32184 -0.30361 -0.13404 -0.32181 -0.29639 -0.13528 -0.32142 0.27700 -0.12201 -0.32113 0.33425 0.01507 -0.32112 -0.40012 0.19946 -0.32087 0.28966 -0.10455 -0.31970 -0.38968 0.11021 -0.31897 -0.29761 -0.08573 -0.31896 -0.29262 -0.09633 -0.31883 0.39767 0.22625 -0.31837 0.39192 0.11597 -0.31833 0.28141 -0.10307 -0.31827 0.39733 0.21904 -0.31805 -0.30685 -0.09663 -0.31754 0.39449 0.14338 -0.31742 -0.29546 -0.11040 -0.31738 -0.30189 -0.12677 -0.31736 0.33999 0.02500 -0.31711 -0.39682 0.24150 -0.31622 0.39973 0.18032 -0.31503 -0.28969 0.14857 -0.31498 -0.37384 0.06710 -0.31453 -0.39644 0.23716 -0.31356 0.28015 -0.04859 -0.31295 0.28440 0.04675 -0.31280 0.28326 -0.12564 -0.31248 -0.29065 0.05786 -0.31166 0.27886 -0.03292 -0.31118 -0.39693 0.14911 -0.31026 -0.30549 -0.13449 -0.31006 0.27726 -0.14617 -0.30856 -0.30286 -0.09365 -0.30817 -0.28962 -0.03890 -0.30715 0.35236 0.02957 -0.30706 -0.39949 0.20108 -0.30558 -0.29681 -0.11426 -0.30478 -0.29648 -0.09760 -0.30312 0.39851 0.22082 -0.30211 -0.36216 0.05049 -0.30134 -0.29720 -0.13295 -0.30129 0.28965 -0.14506 -0.29957 -0.30478 -0.13461 -0.29951 -0.39951 0.12672 -0.29891 0.30385 -0.03274 -0.29820 -0.39946 0.23680 -0.29623 0.28637 0.13826 -0.29597 -0.29092 -0.02307 -0.29317 -0.28849 0.14302 -0.29096 0.39459 0.10034 -0.29014 0.40081 0.13339 -0.28848 0.37234 0.05384 -0.28753 -0.28912 0.06551 -0.28683 0.34272 1.07683 -0.28619 -0.28837 0.04708 -0.28422 0.18041 0.21515 -0.28384 -0.40911 0.23384 -0.28270 0.34171 0.01492 -0.28266 0.20576 0.22723 -0.28265 0.24264 0.21642 -0.28222 -0.40721 0.23403 -0.28216 0.32745 0.00473 -0.28175 0.40680 0.17706 -0.28070 -0.19121 0.22980 -0.27961 0.22278 0.21374 -0.27825 0.23574 0.22281 -0.27747 -0.29118 -0.03082 -0.27673 0.38391 0.05950 -0.27645 -0.40752 0.15068 -0.27515 -0.23415 0.21871 -0.27381 -0.23862 0.22868 -0.27277 0.27711 0.13386 -0.27270 0.28236 0.12295 -0.27226 0.32451 -0.00658 -0.27217 0.28441 -0.15391 -0.27215 -0.31354 -0.02848 -0.27192 -0.28419 0.14154 -0.27098 -0.35255 0.02859 -0.26896 0.29408 -0.09577 -0.26789 -0.30579 -0.13469 -0.26788 0.23439 0.20620 -0.26770 -0.40851 0.16128 -0.26702 0.27865 -0.04140 -0.26689 0.39743 0.08302 -0.26670 0.23534 0.22497 -0.26649 -0.29332 0.05015 -0.26558 -0.38118 0.06666 -0.26545 0.26345 0.21530 -0.26522 -0.30605 -0.10885 -0.26505 0.28334 0.18328 -0.26504 -0.29125 0.14787 -0.26471 0.27638 0.04023 -0.26417 -0.29524 -0.14122 -0.26387 0.24326 0.20932 -0.26322 0.01406 0.19456 -0.26308 0.26069 0.17742 -0.26295 -0.30770 -0.08415 -0.26266 -0.36988 0.04429 -0.26260 0.37802 0.22446 -0.26250 0.34271 0.22544 -0.26222 0.39747 0.23402 -0.26180 0.01389 0.21790 -0.26144 0.32128 0.23426 -0.26135 0.27898 0.22721 -0.26131 -0.01476 0.19613 -0.26125 -0.01604 0.21904 -0.26081 -0.23639 0.21969 -0.26076 0.26361 0.23571 -0.26073 0.22692 0.19712 -0.26069 -0.28437 0.05328 -0.26060 -0.28641 0.18742 -0.26060 0.26576 0.19208 -0.26034 0.30077 0.22459 -0.26030 0.22545 0.23655 -0.26011 -0.23342 0.23252 -0.25966 0.37717 0.05457 -0.25964 0.37517 0.05461 -0.25935 -0.38871 0.06729 -0.25930 0.28089 0.05105 -0.25916 0.28744 -0.12071 -0.25914 0.27859 -0.05979 -0.25912 -0.27043 0.20264 -0.25912 0.28240 0.17280 -0.25909 -0.00137 0.21312 -0.25908 -0.24412 0.23086 -0.25881 0.28620 -0.14784 -0.25871 0.40409 0.23331 -0.25865 0.28630 0.05634 -0.25849 -0.40647 0.10391 -0.25825 -0.26223 0.22398 -0.25822 0.40159 0.22562 -0.25806 0.25478 0.22531 -0.25756 -0.26255 0.18827 -0.25729 0.24297 0.19723 -0.25688 0.27737 0.21072 -0.25666 0.28439 0.21936 -0.25621 0.37545 0.23286 -0.25587 -0.34957 0.03028 -0.25567 0.32571 0.22471 -0.25561 -0.28462 0.23633 -0.25549 0.01285 0.21816 -0.25540 -0.22609 0.20783 -0.25521 -0.22550 0.24520 -0.25503 0.26664 0.20394 -0.25483 0.22581 0.23458 -0.25467 -0.26442 0.24776 -0.25463 0.28678 0.13520 -0.25457 0.30051 0.23291 -0.25455 -0.29506 0.24599 -0.25452 0.37821 0.10510 -0.25450 0.37621 0.10514 -0.25447 0.35275 0.22435 -0.25433 0.25870 0.21300 -0.25416 -0.01137 0.21926 -0.25413 0.27780 0.23148 -0.25374 -0.28237 0.18622 -0.25370 0.23642 0.21932 -0.25350 0.28712 0.10688 -0.25342 -0.39587 0.24678 -0.25341 0.32520 0.23520 -0.25328 -0.33838 0.00962 -0.25325 -0.00583 0.17833 -0.25317 -0.27624 0.22281 -0.25305 -0.30160 -0.13884 -0.25295 -0.33496 0.01189 -0.25292 -0.24912 0.20283 -0.25287 0.16680 0.21563 -0.25284 0.25858 0.23198 -0.25261 0.21186 0.21707 -0.25257 0.39925 0.09106 -0.25256 0.26675 0.22439 -0.25234 0.28483 0.03646 -0.25226 0.37696 0.22735 -0.25216 -0.29355 0.06766 -0.25212 0.18734 0.21524 -0.25208 -0.34203 0.23915 -0.25194 0.19294 0.20739 -0.25188 0.10877 0.21581 -0.25183 -0.28735 0.13080 -0.25183 0.28897 0.22997 -0.25182 0.19040 0.21656 -0.25177 -0.25209 0.23439 -0.25165 0.14476 0.21879 -0.25165 0.28040 0.02891 -0.25140 -0.22911 0.24560 -0.25140 0.16119 0.21703 -0.25135 0.26396 0.20381 -0.25133 -0.01668 0.22134 -0.25117 0.08270 0.20557 -0.25115 -0.38353 0.06942 -0.25106 0.11474 0.21515 -0.25084 0.28077 -0.04426 -0.25078 0.09384 0.21837 -0.25062 0.29084 -0.09141 -0.25058 -0.30710 0.23793 -0.25053 -0.35996 0.24668 -0.25052 0.01267 0.22810 -0.25046 0.03692 0.21815 -0.24996 -0.04065 0.21634 -0.24980 -0.00926 0.22861 -0.24956 -0.32845 0.24646 -0.24935 -0.27553 0.23489 -0.24930 0.26414 0.22491 -0.24929 0.32950 0.22079 -0.24926 -0.04685 0.21207 -0.24910 -0.37614 0.23878 -0.24907 -0.25782 0.24207 -0.24906 -0.07668 0.22194 -0.24905 -0.06288 0.21988 -0.24902 -0.26817 0.21382 -0.24896 -0.03886 0.22481 -0.24877 -0.24096 0.22652 -0.24861 -0.26435 0.22434 -0.24846 -0.19954 0.21119 -0.24844 -0.40127 0.23963 -0.24844 -0.13821 0.22338 -0.24831 -0.23496 0.22413 -0.24823 0.28717 0.19228 -0.24778 -0.18245 0.22337 -0.24770 0.32518 0.23275 -0.24754 -0.25702 0.23742 -0.24737 -0.40418 0.24877 -0.24725 0.41523 0.21861 -0.24719 0.40845 0.23077 -0.24701 -0.29273 0.11819 -0.24694 0.40477 0.22005 -0.24693 0.30742 0.21162 -0.24691 -0.40979 0.13047 -0.24689 -0.27909 0.24621 -0.24685 0.30577 0.18828 -0.24685 0.35142 0.22029 -0.24681 0.37224 0.23154 -0.24672 0.30702 0.22148 -0.24668 0.39645 0.21349 -0.24653 -0.26705 0.23585 -0.24651 -0.22522 0.23732 -0.24619 0.35168 0.23208 -0.24606 -0.37215 0.24877 -0.24601 -0.38271 0.11995 -0.24589 0.31523 -0.01818 -0.24571 0.08727 0.20578 -0.24560 0.40950 0.10381 -0.24544 -0.26572 0.21433 -0.24532 -0.41350 0.23532 -0.24527 -0.28592 0.18561 -0.24520 0.29899 0.21347 -0.24516 0.27847 0.22874 -0.24495 0.29981 0.22143 -0.24485 -0.28805 0.20957 -0.24481 0.15615 0.20496 -0.24475 0.39425 0.23018 -0.24462 -0.29087 0.19296 -0.24453 0.30960 0.23219 -0.24437 0.29246 0.21703 -0.24389 0.10946 0.20478 -0.24389 0.39974 0.19911 -0.24377 0.23854 0.22684 -0.24337 0.03472 0.20577 -0.24333 0.39764 0.21920 -0.24325 -0.39901 0.09014 -0.24316 0.41968 0.18422 -0.24315 0.29042 0.23429 -0.24311 0.22413 0.23237 -0.24299 0.05645 0.20628 -0.24289 0.28031 -0.15590 -0.24285 -0.26531 0.23540 -0.24269 -0.41510 0.23030 -0.24269 0.13333 0.20567 -0.24266 -0.40861 0.24722 -0.24244 -0.01210 0.20817 -0.24244 0.16957 0.20327 -0.24224 -0.28703 0.24184 -0.24220 0.11551 0.20507 -0.24210 -0.28690 0.20269 -0.24206 -0.30274 -0.14385 -0.24197 -0.29040 -0.03152 -0.24195 0.06078 0.22949 -0.24192 -0.03448 0.20792 -0.24191 -0.18588 0.21017 -0.24190 0.19177 0.20438 -0.24185 0.20049 0.22621 -0.24173 -0.32195 -0.01072 -0.24171 0.02404 0.20697 -0.24162 0.03469 0.22972 -0.24158 0.01151 0.23058 -0.24158 0.09175 0.22879 -0.24150 -0.16139 0.21076 -0.24146 -0.29473 -0.04404 -0.24133 0.23677 0.20244 -0.24102 0.29740 0.19333 -0.24088 -0.06126 0.23162 -0.24062 0.40532 0.21812 -0.24055 -0.32862 0.24671 -0.24050 0.13174 0.20347 -0.24045 -0.01028 0.23043 -0.24042 -0.10976 0.21046 -0.24034 0.30265 0.20769 -0.24010 -0.31576 0.23675 -0.24007 -0.21369 0.21178 -0.23997 0.28607 0.19737 -0.23985 -0.08492 0.23181 -0.23979 -0.22759 0.24232 -0.23969 -0.19079 0.21206 -0.23963 -0.29859 0.22650 -0.23939 0.41885 0.21314 -0.23931 -0.09049 0.23232 -0.23927 -0.03927 0.23069 -0.23918 0.28789 0.18367 -0.23918 0.39611 0.21119 -0.23909 -0.38022 0.23508 -0.23903 -0.39718 0.22443 -0.23898 -0.27865 0.23192 -0.23897 -0.35007 0.23542 -0.23894 -0.37872 0.24696 -0.23891 -0.28718 0.14846 -0.23886 -0.13717 0.23327 -0.23874 0.04111 0.22829 -0.23852 0.00142 0.23806 -0.23850 0.28701 0.19037 -0.23811 0.08442 0.20573 -0.23805 -0.07916 0.20864 -0.23797 -0.29913 0.23285 -0.23787 0.03470 0.20679 -0.23781 0.15988 0.20345 -0.23774 0.30897 0.21395 -0.23768 0.41698 0.19236 -0.23751 -0.28441 -0.04036 -0.23733 -0.02415 0.20643 -0.23732 0.01078 0.20665 -0.23729 -0.40306 0.23476 -0.23720 -0.29743 0.24503 -0.23718 -0.30709 0.22513 -0.23718 0.30674 0.22313 -0.23715 0.11370 0.20431 -0.23707 0.40312 0.21126 -0.23693 -0.28103 0.19678 -0.23661 0.16219 0.22653 -0.23654 0.05894 0.20457 -0.23651 0.05882 0.22769 -0.23640 -0.20743 0.23436 -0.23635 -0.17716 0.23456 -0.23633 -0.30291 0.19947 -0.23626 -0.24573 0.21180 -0.23619 -0.23709 0.23629 -0.23613 -0.19120 0.21003 -0.23608 -0.24187 0.21275 -0.23605 0.03851 0.20494 -0.23601 -0.13602 0.23271 -0.23599 -0.30383 0.21075 -0.23592 -0.01610 0.23000 -0.23574 -0.15102 0.20976 -0.23564 0.30150 0.22019 -0.23550 -0.11754 0.20885 -0.23541 0.13969 0.20498 -0.23538 0.35153 0.02151 -0.23529 0.39275 0.22898 -0.23499 0.22494 0.23223 -0.23493 0.35182 0.23093 -0.23493 0.40576 0.22989 -0.23478 0.23484 0.22454 -0.23473 -0.40100 0.21606 -0.23465 0.33760 0.21922 -0.23464 0.26061 0.23101 -0.23459 0.06524 0.22845 -0.23428 -0.10921 0.23149 -0.23418 0.03476 0.22898 -0.23415 0.37626 0.22008 -0.23406 0.28711 0.23150 -0.23405 0.28538 0.21809 -0.23398 -0.28564 0.18432 -0.23394 -0.08656 0.20808 -0.23390 -0.25912 0.24036 -0.23388 0.11172 0.22618 -0.23360 0.30533 -0.03774 -0.23358 -0.28871 0.20745 -0.23332 0.37681 0.23022 -0.23316 0.26225 0.22516 -0.23310 0.26518 0.20211 -0.23290 0.29947 0.23189 -0.23284 -0.40541 0.22858 -0.23274 0.24247 0.22958 -0.23265 -0.06345 0.22990 -0.23259 -0.09110 0.23185 -0.23253 -0.16657 0.23194 -0.23240 -0.28843 0.20084 -0.23237 0.35350 0.21940 -0.23197 0.32632 0.23227 -0.23172 -0.24252 0.23616 -0.23172 0.28018 0.17027 -0.23162 -0.11401 0.23000 -0.23153 0.41750 0.13003 -0.23143 0.04030 0.22548 -0.23131 0.26566 0.22269 -0.23127 0.28296 0.14116 -0.23089 0.23478 0.21065 -0.23079 0.27405 0.21395 -0.23048 0.21131 0.21250 -0.23048 0.26637 0.20115 -0.23046 -0.05578 0.20833 -0.23034 0.28329 -0.05747 -0.23024 0.18638 0.21216 -0.23020 -0.18782 0.23211 -0.23005 -0.21130 0.23176 -0.22975 -0.30688 0.23298 -0.22968 0.32834 0.23743 -0.22962 -0.28705 0.23474 -0.22957 0.32339 0.26292 -0.22954 0.32564 0.23747 -0.22951 0.11325 0.21462 -0.22916 -0.39729 0.23377 -0.22914 0.06049 0.21242 -0.22909 0.08425 0.21462 -0.22903 -0.30056 0.22501 -0.22891 -0.40497 0.23434 -0.22859 0.03426 0.21437 -0.22842 0.21207 0.21310 -0.22836 -0.28771 -0.03555 -0.22835 0.25771 0.21007 -0.22827 -0.31132 0.24326 -0.22803 -0.29695 0.23806 -0.22796 0.00011 0.16571 -0.22787 -0.02481 0.21634 -0.22779 0.18720 0.21665 -0.22774 0.16821 0.22080 -0.22771 -0.03763 0.22736 -0.22770 0.13349 0.21343 -0.22767 -0.35089 0.23548 -0.22760 0.26800 0.22208 -0.22751 -0.06092 0.21708 -0.22749 -0.37568 0.23524 -0.22737 0.27771 0.20962 -0.22733 0.25570 0.17588 -0.22713 0.40242 0.22119 -0.22706 0.26613 0.21283 -0.22704 -0.10989 0.21722 -0.22701 -0.08839 0.22029 -0.22694 -0.26428 0.21137 -0.22693 0.06145 0.21389 -0.22693 0.08606 0.21626 -0.22683 0.11348 0.21969 -0.22673 -0.41293 0.23596 -0.22668 0.33378 0.22316 -0.22664 0.00539 0.22980 -0.22644 0.29861 0.21975 -0.22641 0.03811 0.21647 -0.22640 0.26661 0.18411 -0.22639 -0.16177 0.21895 -0.22628 -0.29100 0.13694 -0.22624 0.23172 0.19112 -0.22618 -0.26486 0.22171 -0.22613 0.24647 0.22350 -0.22612 0.32459 0.23717 -0.22611 0.37685 0.22914 -0.22593 -0.42324 0.19679 -0.22593 -0.21188 0.21896 -0.22593 -0.01381 0.21714 -0.22587 0.33223 0.25748 -0.22586 -0.03599 0.21573 -0.22585 -0.37505 0.24541 -0.22585 0.02894 0.19415 -0.22578 0.32916 0.23702 -0.22566 -0.11215 0.21137 -0.22558 -0.28140 0.18187 -0.22528 0.29715 0.23072 -0.22527 -0.25922 0.22233 -0.22524 0.32178 0.23102 -0.22509 -0.24182 0.22445 -0.22508 -0.08674 0.21892 -0.22501 -0.14661 0.21412 -0.22488 -0.26601 0.23301 -0.22487 0.27796 0.23143 -0.22482 0.22509 0.21966 -0.22479 -0.18496 0.21305 -0.22468 0.40679 0.22931 -0.22460 -0.04657 0.19058 -0.22459 -0.40772 0.24565 -0.22455 -0.01255 0.18277 -0.22443 0.33131 0.23234 -0.22440 -0.32679 0.24455 -0.22420 0.25069 0.20046 -0.22419 0.28393 0.17234 -0.22402 -0.19891 0.23369 -0.22401 -0.26737 0.21160 -0.22389 0.25861 0.23022 -0.22382 -0.42065 0.14358 -0.22354 0.37415 0.22166 -0.22295 -0.32681 0.23433 -0.22291 -0.26100 0.19709 -0.22291 0.05077 0.18276 -0.22289 0.22696 0.23120 -0.22286 -0.29457 -0.04669 -0.22277 0.05735 0.19620 -0.22265 -0.07543 0.24356 -0.22264 -0.38377 0.24482 -0.22256 0.27965 0.19067 -0.22254 -0.23570 0.22564 -0.22249 -0.41992 0.20118 -0.22224 0.00883 0.20347 -0.22185 -0.26713 0.23295 -0.22154 -0.26991 0.22526 -0.22150 -0.02946 0.20311 -0.22121 -0.28143 0.14252 -0.22089 -0.22889 0.24025 -0.22071 0.07984 0.19404 -0.22028 0.34548 0.21934 -0.22013 0.25177 0.21835 -0.22003 0.28355 -0.04975 -0.22000 -0.41872 0.12358 -0.21964 -0.27886 0.24310 -0.21963 0.32269 0.26179 -0.21954 -0.25597 0.23846 -0.21950 0.31013 0.22097 -0.21948 -0.07813 0.19527 -0.21932 -0.32086 0.24426 -0.21928 0.36043 0.22719 -0.21928 0.39533 0.22757 -0.21911 0.26159 0.21806 -0.21906 0.28437 0.21996 -0.21901 -0.02435 0.17540 -0.21891 0.32969 0.22840 -0.21838 -0.28787 0.05903 -0.21827 -0.28584 0.18269 -0.21818 -0.35079 0.24372 -0.21806 -0.24673 0.18917 -0.21802 0.25726 0.23045 -0.21795 -0.37910 0.23594 -0.21781 -0.30152 0.23285 -0.21778 -0.27545 0.19330 -0.21769 0.23210 0.21826 -0.21760 0.22555 0.23172 -0.21741 -0.37752 0.24653 -0.21722 0.01383 0.20953 -0.21703 -0.40673 0.23428 -0.21688 -0.28667 0.24224 -0.21672 0.42003 0.16249 -0.21633 0.07780 0.20207 -0.21617 -0.28438 0.22963 -0.21600 -0.29431 -0.03782 -0.21592 -0.36076 0.23230 -0.21550 0.01609 0.17351 -0.21504 -0.26855 0.21993 -0.21487 -0.24909 0.22233 -0.21459 0.06585 0.17385 -0.21458 -0.09300 0.18541 -0.21452 -0.40248 0.24628 -0.21394 -0.22600 0.24181 -0.21370 -0.02746 0.17876 -0.21312 -0.22673 0.22546 -0.21301 -0.27857 0.23106 -0.21252 -0.35974 0.24107 -0.21228 -0.25696 0.24034 -0.21218 0.03062 0.20525 -0.21211 -0.34252 0.23429 -0.21188 -0.29425 0.24088 -0.21184 -0.04407 0.20663 -0.21150 -0.32728 0.24157 -0.21110 0.28118 -0.15947 -0.21047 -0.39517 0.24586 -0.20936 0.12201 0.17900 -0.20906 -0.42492 0.22939 -0.20883 -0.08232 0.20867 -0.20820 -0.01123 0.17111 -0.20738 -0.11209 0.20369 -0.20738 0.01243 0.17426 -0.20731 0.07705 0.17518 -0.20722 0.30076 0.18394 -0.20679 0.28632 0.18752 -0.20665 -0.30529 -0.14257 -0.20628 0.14404 0.18933 -0.20555 0.26470 0.18233 -0.20491 0.01593 0.17910 -0.20462 0.27754 0.18727 -0.20436 0.08627 0.20488 -0.20363 0.14916 0.19617 -0.20331 0.00012 0.20535 -0.20237 -0.04132 0.20661 -0.20213 0.10899 0.17490 -0.20210 0.29750 -0.06517 -0.20190 0.03759 0.20390 -0.20186 -0.14924 0.18886 -0.20179 0.28550 0.03973 -0.20177 0.30143 -0.06564 -0.20164 0.00377 0.20284 -0.20119 -0.30547 -0.11538 -0.20117 0.21572 0.18463 -0.20012 -0.28728 0.19811 -0.19981 -0.07751 0.17425 -0.19963 0.28780 0.18633 -0.19950 0.28445 0.17346 -0.19934 0.26987 0.18691 -0.19920 -0.29257 0.04243 -0.19873 0.27639 0.17667 -0.19864 0.31250 0.18457 -0.19858 0.28750 0.16414 -0.19842 0.20055 0.17786 -0.19814 0.25712 0.17798 -0.19811 0.25604 0.18787 -0.19802 -0.31233 -0.05387 -0.19794 -0.09206 0.20816 -0.19778 -0.27538 0.19857 -0.19758 -0.26022 0.19981 -0.19718 0.00198 0.18053 -0.19694 -0.42874 0.18821 -0.19686 -0.31604 -0.04047 -0.19656 -0.32103 -0.02736 -0.19656 -0.14688 0.17689 -0.19640 0.20123 0.17516 -0.19636 0.30888 -0.04465 -0.19619 -0.42362 0.22692 -0.19614 0.29889 0.16761 -0.19599 -0.18765 0.19619 -0.19581 0.07907 0.17662 -0.19549 0.17018 0.17008 -0.19542 0.31172 0.17248 -0.19541 0.34390 1.08590 -0.19526 0.03583 0.18491 -0.19522 0.27852 0.16598 -0.19516 0.37748 0.03615 -0.19499 0.27776 0.19604 -0.19477 -0.28208 0.18027 -0.19474 0.20077 0.19495 -0.19472 -0.06783 0.18147 -0.19461 -0.01276 0.18890 -0.19440 0.42732 0.20910 -0.19418 -0.07749 0.20709 -0.19417 0.25734 0.19513 -0.19380 0.28687 0.20682 -0.19379 0.01420 0.19095 -0.19376 0.09526 0.20128 -0.19371 0.27994 -0.04418 -0.19349 0.06850 0.19918 -0.19317 -0.25919 0.19695 -0.19312 0.20800 0.16996 -0.19309 0.13946 0.20214 -0.19278 -0.29945 0.18265 -0.19259 -0.29817 0.19612 -0.19259 -0.04309 0.19417 -0.19227 -0.27647 0.18633 -0.19224 0.12985 0.16990 -0.19217 -0.21608 0.18495 -0.19156 -0.29232 0.05064 -0.19139 -0.17287 0.20492 -0.19132 0.30028 0.19946 -0.19117 0.00656 0.20127 -0.19075 -0.30571 -0.06848 -0.19075 0.39896 0.05913 -0.19062 0.43143 0.18512 -0.19057 -0.28804 0.18506 -0.19045 -0.07533 0.20071 -0.18920 0.17608 0.20242 -0.18909 0.31575 0.19595 -0.18900 -0.29609 0.20530 -0.18818 0.27792 0.16300 -0.18795 0.08260 0.18837 -0.18787 -0.27537 0.20744 -0.18777 0.26183 0.17067 -0.18734 -0.33322 -0.00263 -0.18730 -0.25415 0.18259 -0.18710 -0.28678 0.17580 -0.18706 -0.21669 0.17760 -0.18694 0.20345 0.17113 -0.18693 0.27720 0.16978 -0.18670 -0.21936 0.20709 -0.18638 0.34163 -0.00074 -0.18634 0.28591 0.16647 -0.18625 -0.34182 0.00840 -0.18618 -0.29613 0.21294 -0.18604 0.13050 0.17425 -0.18477 -0.35449 0.02125 -0.18454 0.28060 0.11759 -0.18447 0.28792 0.19870 -0.18388 -0.15156 0.20773 -0.18352 0.24296 0.19911 -0.18344 -0.37888 0.04149 -0.18301 -0.09845 0.19050 -0.18295 0.16654 0.19991 -0.18268 0.28366 0.13971 -0.18262 0.28486 0.20367 -0.18207 -0.28994 -0.05914 -0.18162 -0.29779 -0.15111 -0.18149 0.14192 0.19898 -0.18063 -0.27666 0.18057 -0.18061 -0.18370 0.17775 -0.17996 -0.10964 0.18243 -0.17977 0.28182 -0.05061 -0.17968 0.19763 0.16825 -0.17938 0.12326 0.17861 -0.17934 0.42439 0.12537 -0.17923 0.38246 0.03112 -0.17905 0.41884 0.10652 -0.17841 0.28750 0.15806 -0.17807 0.43439 0.20853 -0.17782 -0.27704 0.17367 -0.17754 -0.29920 0.20868 -0.17747 0.27896 0.16438 -0.17707 0.26381 0.19669 -0.17681 0.43037 0.16598 -0.17675 0.28007 0.20557 -0.17640 -0.28612 0.14966 -0.17607 -0.41839 0.10189 -0.17606 -0.28179 0.21703 -0.17585 0.13405 0.19452 -0.17574 -0.15045 0.17987 -0.17564 0.31306 0.17242 -0.17552 -0.20907 0.20869 -0.17533 -0.29698 0.17962 -0.17511 -0.21364 0.17534 -0.17508 0.15767 0.17576 -0.17501 0.27518 0.17242 -0.17474 0.30014 0.19342 -0.17463 -0.28477 0.21819 -0.17462 0.15033 0.18658 -0.17425 -0.29038 -0.03891 -0.17373 0.28759 0.17115 -0.17341 0.28870 0.20274 -0.17340 0.27749 0.19496 -0.17308 0.22517 0.17260 -0.17255 0.43074 0.18679 -0.17239 -0.28963 -0.03289 -0.17176 -0.28651 0.17310 -0.17175 -0.42724 0.14077 -0.17170 -0.15443 0.20100 -0.17166 0.28752 0.19276 -0.17132 -0.13552 0.19284 -0.17127 0.34417 1.07551 -0.17069 -0.42958 0.22306 -0.17065 0.27767 0.18433 -0.17043 0.29719 0.16898 -0.17017 -0.16488 0.18262 -0.17006 0.30586 0.18136 -0.17004 0.19897 0.18666 -0.16998 0.25364 0.18110 -0.16950 -0.28732 0.20739 -0.16948 0.30028 0.20108 -0.16918 0.20570 0.19408 -0.16876 -0.27606 0.18314 -0.16862 -0.28603 0.18144 -0.16839 0.41690 0.08671 -0.16803 0.35886 0.21192 -0.16730 -0.29637 0.20942 -0.16720 0.19406 0.17942 -0.16699 0.27790 0.17180 -0.16697 -0.42896 0.17429 -0.16687 0.28773 0.18134 -0.16673 0.32502 -0.01832 -0.16645 0.27857 0.18262 -0.16606 -0.43302 0.22628 -0.16604 0.28861 0.19403 -0.16593 0.28730 0.16575 -0.16579 -0.20507 0.20168 -0.16568 0.28569 0.17325 -0.16547 -0.27497 0.20407 -0.16547 -0.20231 0.18504 -0.16530 -0.29713 0.18577 -0.16523 -0.43270 0.20379 -0.16479 0.27883 0.19252 -0.16446 -0.28588 0.19952 -0.16296 -0.18993 0.19103 -0.16230 0.37789 0.22459 -0.16191 -0.42954 0.22758 -0.16185 0.28006 0.17071 -0.16185 0.38565 0.21108 -0.16156 0.37386 0.21294 -0.16092 0.37185 0.23343 -0.16083 -0.28694 0.18581 -0.16066 0.34419 0.21300 -0.16046 0.34451 0.22476 -0.16045 -0.28483 0.17445 -0.15978 0.36083 0.22493 -0.15970 -0.27920 0.18483 -0.15970 0.33348 0.21159 -0.15883 0.28663 0.18309 -0.15848 -0.28782 0.19532 -0.15813 -0.28193 0.20460 -0.15805 0.34826 0.23424 -0.15789 -0.28421 0.14257 -0.15745 0.41247 0.06560 -0.15733 0.36110 0.20483 -0.15712 0.42842 0.11054 -0.15643 0.33030 0.23504 -0.15624 0.40034 0.21153 -0.15561 0.40311 0.22290 -0.15543 0.43300 0.20910 -0.15529 0.28572 -0.13947 -0.15511 -0.34958 0.22751 -0.15488 0.40239 0.23160 -0.15481 0.38466 0.21027 -0.15408 0.35243 0.20974 -0.15407 0.37023 0.23182 -0.15405 -0.38193 0.22752 -0.15350 0.31385 -0.04071 -0.15306 -0.28534 0.04979 -0.15278 -0.34260 0.23866 -0.15273 -0.36643 0.23873 -0.15238 -0.39680 0.05578 -0.15181 0.33136 0.23167 -0.15169 -0.36721 0.24658 -0.15159 0.38455 0.22343 -0.15139 0.33548 0.21108 -0.15129 0.33590 0.20205 -0.15119 -0.38336 0.24656 -0.15116 -0.29539 -0.13075 -0.15081 -0.40821 0.06929 -0.15055 0.39786 0.22290 -0.15013 0.28158 0.01422 -0.15011 0.32133 0.22523 -0.15010 -0.38990 0.23963 -0.15004 -0.33652 0.24774 -0.14913 0.34095 0.22398 -0.14884 0.28902 -0.12747 -0.14868 0.43028 0.13447 -0.14843 0.34453 1.03748 -0.14811 0.34196 1.03751 -0.14811 0.40044 0.20175 -0.14786 0.40019 0.23114 -0.14753 0.28317 0.02043 -0.14726 0.27435 0.02974 -0.14707 0.38675 0.23244 -0.14653 -0.28614 0.11967 -0.14644 0.34581 1.05988 -0.14633 -0.38909 0.21930 -0.14631 -0.28229 0.03816 -0.14605 -0.33970 0.21790 -0.14603 0.27866 -0.13793 -0.14568 0.34083 1.05944 -0.14549 0.28447 -0.15166 -0.14538 -0.33856 0.22513 -0.14537 0.43793 0.16250 -0.14527 -0.32587 0.23898 -0.14509 0.34133 0.23340 -0.14497 0.28314 0.10762 -0.14488 -0.38969 0.22585 -0.14483 0.28301 -0.12070 -0.14476 -0.40004 0.24764 -0.14461 0.34121 1.03716 -0.14450 0.34576 1.03706 -0.14435 -0.30056 -0.14250 -0.14389 -0.38331 0.23829 -0.14381 0.40905 0.22185 -0.14375 -0.28827 0.02534 -0.14373 0.28229 -0.15786 -0.14356 -0.34162 0.23795 -0.14347 -0.39086 0.24806 -0.14320 0.43714 0.20263 -0.14317 -0.42654 0.12101 -0.14298 0.34467 1.09538 -0.14283 -0.37865 0.24780 -0.14251 0.28784 0.12583 -0.14214 0.40106 0.20886 -0.14176 0.30642 0.21204 -0.14144 -0.39263 0.23858 -0.14135 -0.28849 0.03244 -0.14094 -0.40205 0.24073 -0.14021 0.41999 0.20896 -0.14017 0.41745 0.22554 -0.14002 0.39540 0.22179 -0.13978 -0.43386 0.13740 -0.13963 -0.32882 0.24498 -0.13949 0.39690 0.19979 -0.13946 -0.29108 -0.12061 -0.13930 0.30902 -0.04320 -0.13905 -0.41432 0.23628 -0.13898 0.33473 0.22279 -0.13883 0.39352 0.23245 -0.13879 -0.30960 0.22942 -0.13845 0.31483 0.23184 -0.13813 0.28193 0.04219 -0.13812 -0.30817 -0.05809 -0.13811 -0.40863 0.22693 -0.13809 0.34408 0.23162 -0.13783 0.38757 0.23182 -0.13780 0.32765 0.21079 -0.13779 0.34356 0.23259 -0.13762 0.31319 0.22233 -0.13751 0.38730 0.22304 -0.13719 0.32170 0.20310 -0.13699 0.38653 0.23298 -0.13694 -0.29004 0.13706 -0.13633 0.30479 -0.05769 -0.13591 -0.28759 0.05612 -0.13557 -0.41214 0.24654 -0.13549 0.39263 0.19190 -0.13545 -0.34199 0.24673 -0.13516 -0.40166 0.21801 -0.13476 -0.31004 0.24503 -0.13474 0.29232 -0.13712 -0.13463 0.27855 -0.14980 -0.13461 -0.30168 -0.10552 -0.13435 0.38399 0.12657 -0.13430 0.33154 0.15434 -0.13416 0.31811 -0.03212 -0.13415 0.38400 0.22146 -0.13411 -0.43646 0.21979 -0.13393 -0.30928 0.21436 -0.13385 0.27964 -0.07532 -0.13376 0.34369 0.22232 -0.13362 0.40292 0.20391 -0.13351 0.39527 0.16733 -0.13341 0.34806 1.19614 -0.13340 0.33079 0.20313 -0.13337 0.33918 0.12933 -0.13336 0.40314 0.13943 -0.13335 -0.31712 0.22389 -0.13305 0.30319 0.23019 -0.13297 -0.32007 0.23492 -0.13295 0.28355 -0.13105 -0.13271 0.34456 1.19674 -0.13267 0.30682 0.21108 -0.13242 0.32177 0.14300 -0.13233 -0.39593 0.22430 -0.13230 -0.30277 -0.12901 -0.13228 -0.41240 0.23869 -0.13210 -0.35080 0.24430 -0.13206 -0.40490 0.23554 -0.13126 0.29956 0.20461 -0.13103 -0.33633 0.23692 -0.13063 0.39721 0.21957 -0.13060 0.34875 0.00021 -0.13048 0.33281 0.22128 -0.13024 0.30958 0.20053 -0.13010 0.40625 0.13989 -0.13007 0.38981 0.16066 -0.13002 0.28528 -0.16156 -0.12982 0.42974 0.23195 -0.12960 -0.37939 0.24581 -0.12947 -0.42450 0.22474 -0.12936 -0.39099 0.23748 -0.12936 0.42842 0.21837 -0.12901 -0.31413 -0.04571 -0.12886 0.34809 1.23214 -0.12885 0.32010 0.14185 -0.12884 0.32134 0.23387 -0.12879 0.42558 0.08798 -0.12879 0.42789 0.19843 -0.12860 0.27230 -0.06302 -0.12852 0.32067 0.16209 -0.12847 0.40591 0.21963 -0.12846 0.29013 -0.11778 -0.12836 -0.34224 0.00472 -0.12835 -0.39140 0.24780 -0.12797 -0.31950 -0.03221 -0.12767 -0.29130 -0.13884 -0.12760 0.30079 0.22035 -0.12746 0.39889 0.04058 -0.12737 0.41083 0.20480 -0.12728 0.40190 0.11853 -0.12714 0.35730 0.23049 -0.12712 -0.33341 0.17956 -0.12699 0.37889 0.02051 -0.12683 0.34908 0.16118 -0.12630 -0.37966 0.03239 -0.12630 -0.32789 0.21895 -0.12630 0.35406 0.16604 -0.12617 0.32242 0.22073 -0.12616 -0.38864 0.14763 -0.12610 -0.38269 0.23654 -0.12610 0.28243 -0.15540 -0.12591 -0.32858 0.15756 -0.12590 -0.33925 0.23573 -0.12589 0.41796 0.21914 -0.12586 0.35011 1.21771 -0.12578 0.36640 0.21971 -0.12561 -0.31377 0.24293 -0.12556 0.36577 0.25619 -0.12550 0.37209 0.16056 -0.12546 0.34438 1.21780 -0.12537 -0.40077 0.15787 -0.12537 -0.34488 0.13731 -0.12509 0.38513 0.16522 -0.12496 0.27934 0.01936 -0.12460 0.32445 0.11844 -0.12451 -0.33964 0.24553 -0.12448 -0.40249 0.21785 -0.12380 -0.39372 0.17600 -0.12335 0.41838 0.06993 -0.12334 -0.39268 0.23550 -0.12316 0.40449 0.16286 -0.12300 -0.42506 0.09772 -0.12299 -0.35423 0.01279 -0.12297 0.37341 0.22987 -0.12257 0.31517 0.20359 -0.12245 -0.29708 0.21598 -0.12231 -0.32221 0.19122 -0.12201 -0.32778 0.13759 -0.12183 -0.29613 0.23288 -0.12173 0.41396 0.20147 -0.12171 0.32334 0.12134 -0.12159 -0.32153 0.15460 -0.12150 0.42518 0.22928 -0.12147 -0.32116 0.17447 -0.12144 -0.30631 0.22249 -0.12130 0.31769 0.20801 -0.12129 0.31157 0.22788 -0.12121 -0.43043 0.24707 -0.12116 -0.42429 0.21465 -0.12114 -0.35785 0.24627 -0.12111 0.43818 0.21206 -0.12109 0.42922 0.20766 -0.12104 -0.43132 0.23498 -0.12100 -0.32885 0.23427 -0.12099 -0.31556 0.21670 -0.12088 0.31292 0.20949 -0.12080 -0.41999 0.23688 -0.12076 -0.38910 0.18078 -0.12063 0.27899 -0.13517 -0.12021 0.37424 0.25438 -0.12019 -0.32258 0.17943 -0.12018 -0.30485 -0.11984 -0.12013 -0.29450 0.24359 -0.12011 0.28705 -0.16413 -0.12006 -0.29078 -0.11653 -0.11989 -0.40589 0.13853 -0.11988 -0.31866 0.23347 -0.11953 0.40833 0.21933 -0.11951 -0.29632 -0.14606 -0.11950 -0.30745 0.23487 -0.11941 0.39800 0.11524 -0.11921 -0.40801 0.15972 -0.11907 -0.35297 0.17482 -0.11906 0.40679 0.22877 -0.11904 -0.42001 0.24545 -0.11895 -0.40150 0.23556 -0.11891 0.32819 0.11673 -0.11867 0.30033 0.20025 -0.11837 0.32419 0.16635 -0.11828 0.35169 0.11652 -0.11801 -0.29112 -0.13516 -0.11796 0.32202 0.22096 -0.11796 0.35645 0.22960 -0.11758 0.44591 0.22688 -0.11750 -0.40213 0.05369 -0.11714 0.40394 0.15917 -0.11699 0.28893 0.21212 -0.11699 0.43952 0.15819 -0.11696 -0.32256 0.13891 -0.11694 0.28786 -0.15125 -0.11688 0.33142 0.16458 -0.11650 0.29263 0.23113 -0.11606 -0.43724 0.17995 -0.11601 0.36193 0.26291 -0.11594 0.43891 0.22958 -0.11587 -0.41164 0.21850 -0.11567 -0.36177 0.17968 -0.11566 -0.30033 -0.14529 -0.11566 0.29304 0.21992 -0.11528 0.28431 -0.07093 -0.11525 -0.41301 0.22366 -0.11499 -0.37337 0.17491 -0.11478 0.36760 0.23684 -0.11461 -0.31504 0.22100 -0.11433 0.39863 0.21917 -0.11431 0.28315 -0.13108 -0.11413 0.29806 0.23137 -0.11400 0.28535 -0.14291 -0.11391 -0.40403 0.17932 -0.11390 0.39751 0.16407 -0.11337 -0.41075 0.23495 -0.11335 0.33170 0.22069 -0.11334 -0.32553 0.13336 -0.11302 -0.42524 0.22441 -0.11302 -0.36290 0.12942 -0.11294 -0.36360 0.23227 -0.11287 0.40915 0.13032 -0.11286 -0.40191 0.13086 -0.11280 -0.31679 0.23328 -0.11251 -0.36209 0.25302 -0.11208 -0.32324 0.13629 -0.11195 -0.32687 0.24462 -0.11150 -0.33049 0.12970 -0.11118 0.37393 0.22852 -0.11109 -0.27952 0.12602 -0.11105 -0.29889 0.21243 -0.11090 0.41781 0.20603 -0.11084 0.36380 0.22903 -0.11060 -0.40434 0.23537 -0.11055 -0.42419 0.08422 -0.11019 0.32121 0.12328 -0.11009 -0.37420 0.24395 -0.11008 -0.29370 0.23024 -0.10989 0.41867 0.22000 -0.10987 -0.43511 0.23351 -0.10979 -0.29463 0.24305 -0.10972 0.40547 0.21855 -0.10964 -0.43571 0.13478 -0.10905 0.29072 0.23118 -0.10882 0.31088 0.22083 -0.10880 -0.39896 0.13030 -0.10875 0.28903 -0.13550 -0.10867 -0.28661 0.22466 -0.10836 0.39962 0.22672 -0.10832 0.40063 0.16355 -0.10807 -0.40620 0.24498 -0.10803 -0.44296 0.18678 -0.10798 -0.43486 0.24641 -0.10797 0.32412 0.22009 -0.10793 -0.43347 0.10984 -0.10779 0.40047 0.21856 -0.10768 -0.32765 0.17821 -0.10766 -0.29043 0.23077 -0.10761 -0.41221 0.06529 -0.10756 0.32411 0.22899 -0.10726 0.32540 0.11590 -0.10723 0.44480 0.23435 -0.10713 0.43036 0.23539 -0.10703 0.33166 0.22923 -0.10693 -0.33406 -0.01139 -0.10671 -0.29354 -0.05988 -0.10635 0.33173 0.21989 -0.10605 -0.39501 0.24483 -0.10604 -0.32472 -0.02081 -0.10603 -0.44144 0.24444 -0.10595 -0.29151 0.04299 -0.10542 0.40458 0.22814 -0.10532 -0.42838 0.25514 -0.10498 0.37206 0.16377 -0.10492 -0.28398 0.24371 -0.10477 -0.35850 0.24280 -0.10431 0.33656 -0.01185 -0.10422 -0.44167 0.22698 -0.10407 -0.28183 -0.05660 -0.10386 -0.29996 -0.15433 -0.10364 -0.29555 0.22220 -0.10359 -0.42813 0.21648 -0.10348 -0.30840 0.22071 -0.10344 -0.39406 0.20944 -0.10310 -0.29469 -0.12231 -0.10294 -0.32420 0.13611 -0.10288 -0.30828 0.23302 -0.10261 0.29716 0.23984 -0.10256 -0.32724 0.23150 -0.10232 -0.29459 0.24454 -0.10200 0.29968 0.20901 -0.10163 0.44293 0.21229 -0.10160 -0.29436 0.21463 -0.10151 -0.43673 0.22516 -0.10141 0.43781 0.20510 -0.10128 0.30720 0.22670 -0.10120 -0.43929 0.21634 -0.10108 -0.28305 0.22843 -0.10098 -0.39994 0.23460 -0.10097 -0.31766 0.23218 -0.10082 0.28289 0.21838 -0.10073 -0.30080 -0.11985 -0.10025 0.42109 0.21540 -0.09950 -0.41552 0.23935 -0.09942 0.31221 0.20546 -0.09892 0.43849 0.21413 -0.09851 -0.42121 0.23491 -0.09849 -0.32869 0.24110 -0.09825 -0.40009 0.24305 -0.09813 0.43933 0.11824 -0.09812 0.29125 0.21726 -0.09798 0.42943 0.21512 -0.09764 0.44230 0.17111 -0.09758 -0.41086 0.15141 -0.09733 0.29084 0.20873 -0.09712 -0.43555 0.25359 -0.09697 -0.44256 0.21584 -0.09628 -0.41891 0.22198 -0.09628 0.30103 0.23042 -0.09624 -0.40748 0.13470 -0.09610 0.29195 0.22962 -0.09586 -0.28963 -0.07163 -0.09561 -0.43560 0.24435 -0.09547 -0.29513 0.25234 -0.09528 0.30236 0.21818 -0.09525 0.43824 0.22422 -0.09471 -0.40098 0.17843 -0.09452 -0.31297 0.21831 -0.09408 0.44664 0.17495 -0.09337 -0.44744 0.24664 -0.09325 0.42974 0.20400 -0.09272 -0.36927 0.17777 -0.09234 -0.32481 0.24196 -0.09219 -0.42207 0.24329 -0.09204 0.31363 -0.04071 -0.09172 -0.30513 0.24049 -0.09165 -0.28858 0.22707 -0.09161 0.41525 0.21575 -0.09136 -0.28783 0.22094 -0.09126 -0.37236 0.18760 -0.09126 0.41311 0.21647 -0.09096 -0.29745 0.24248 -0.09063 -0.28631 0.24127 -0.08986 0.29474 0.21585 -0.08926 -0.42984 0.25975 -0.08907 0.43014 0.22230 -0.08885 0.41700 0.19841 -0.08852 -0.43419 0.22254 -0.08845 -0.29749 0.22878 -0.08827 0.44889 0.19907 -0.08816 -0.42698 0.23418 -0.08723 0.40676 0.11376 -0.08678 -0.43632 0.24185 -0.08637 0.30091 0.20652 -0.08627 -0.30427 0.23259 -0.08475 0.40345 0.17961 -0.08446 -0.32326 0.13148 -0.08446 -0.30291 0.21790 -0.08393 0.32743 -0.02353 -0.08315 0.36553 0.22451 -0.08303 0.28083 -0.05581 -0.08297 -0.28110 0.03656 -0.08283 0.41231 0.13336 -0.08280 -0.44185 0.21920 -0.08222 -0.41179 0.23222 -0.08191 0.29406 0.20449 -0.08151 0.30939 0.22478 -0.08123 -0.29150 0.02897 -0.08071 0.42915 0.22297 -0.08042 -0.40169 0.19521 -0.08032 -0.29705 0.23779 -0.08017 0.43891 0.21405 -0.07995 0.40896 0.15998 -0.07913 -0.30451 0.22867 -0.07908 0.30377 -0.06245 -0.07891 -0.31809 -0.03512 -0.07889 -0.38387 0.03054 -0.07866 0.29178 -0.16798 -0.07852 -0.29684 0.21753 -0.07842 -0.32786 0.12591 -0.07819 0.37495 0.17954 -0.07817 -0.37277 0.19471 -0.07813 -0.42570 0.23146 -0.07786 -0.31195 -0.04947 -0.07784 0.36560 0.21622 -0.07772 0.30345 0.21140 -0.07764 -0.30258 0.23670 -0.07734 -0.29669 0.23331 -0.07731 -0.43621 0.23100 -0.07709 0.37081 0.21600 -0.07688 -0.41630 0.21449 -0.07674 0.36626 0.22570 -0.07645 -0.31002 0.24065 -0.07558 -0.43262 0.21956 -0.07522 0.27694 -0.06226 -0.07449 -0.33429 -0.01056 -0.07299 0.30013 0.21767 -0.07267 0.44568 0.19639 -0.07255 0.43826 0.20251 -0.07243 0.28341 -0.16962 -0.07231 -0.30162 0.22788 -0.07231 0.35261 -0.00238 -0.07200 0.43827 0.11632 -0.07148 -0.32209 0.24210 -0.07084 0.40207 0.21472 -0.07001 -0.36290 0.23049 -0.06989 -0.28866 -0.04247 -0.06989 0.28693 -0.17003 -0.06942 0.42835 0.19436 -0.06941 0.43842 0.22244 -0.06938 -0.35942 0.23959 -0.06938 0.31996 0.13624 -0.06909 -0.36643 0.23044 -0.06895 -0.28792 -0.04911 -0.06881 -0.29594 0.23531 -0.06878 0.29588 -0.11646 -0.06875 -0.30205 0.20572 -0.06871 -0.43249 0.23993 -0.06817 0.43402 0.19458 -0.06816 -0.36623 0.24034 -0.06779 -0.44045 0.11792 -0.06767 0.32900 0.21594 -0.06761 -0.43289 0.20968 -0.06733 0.32078 0.13573 -0.06723 -0.44444 0.21269 -0.06720 -0.30395 -0.15515 -0.06690 0.36789 0.22749 -0.06681 0.40379 0.22388 -0.06639 -0.29688 0.22988 -0.06615 -0.29536 -0.15775 -0.06602 0.33032 0.22636 -0.06584 -0.44315 0.21678 -0.06577 0.31248 0.20319 -0.06577 0.43134 0.21223 -0.06566 0.43810 0.21491 -0.06562 0.42176 0.20135 -0.06546 0.31215 0.19561 -0.06540 0.37044 0.15446 -0.06538 0.40136 0.22536 -0.06517 0.28187 0.00843 -0.06507 0.30281 -0.07925 -0.06505 0.29977 0.20373 -0.06444 0.42005 0.05810 -0.06444 0.42174 0.19242 -0.06433 0.30231 0.21625 -0.06422 0.41976 0.21195 -0.06417 0.32668 0.22564 -0.06409 0.31088 0.21393 -0.06398 -0.43389 0.23129 -0.06398 0.43619 0.08251 -0.06363 -0.33031 0.17381 -0.06344 0.30776 -0.06505 -0.06317 0.43016 0.20103 -0.06302 -0.41235 0.17525 -0.06298 0.43078 0.22411 -0.06297 0.32216 0.21527 -0.06269 -0.35064 0.17419 -0.06262 -0.44072 0.22969 -0.06249 0.28838 0.10687 -0.06230 0.30020 0.22326 -0.06213 -0.44367 0.18412 -0.06211 -0.32125 0.17347 -0.06198 0.28480 0.12869 -0.06196 0.31724 -0.04607 -0.06168 -0.30582 -0.10484 -0.06164 -0.28584 0.02229 -0.06128 0.30863 0.22566 -0.06118 -0.40664 0.12636 -0.06106 -0.44052 0.22993 -0.06052 0.30398 0.19186 -0.06038 0.41745 0.15475 -0.06004 0.31774 0.15164 -0.06001 0.35458 -0.00752 -0.05992 0.42049 0.19600 -0.05932 0.30470 0.20486 -0.05922 -0.35751 0.01044 -0.05910 -0.39968 0.24002 -0.05894 -0.30399 0.22683 -0.05894 0.31824 0.20168 -0.05869 -0.32549 0.23851 -0.05862 -0.37204 0.17411 -0.05856 -0.30706 0.21667 -0.05831 0.37341 0.15870 -0.05819 -0.31123 -0.06727 -0.05812 -0.28751 0.01551 -0.05810 -0.36773 0.18652 -0.05810 0.33449 -0.02488 -0.05802 -0.31951 0.15069 -0.05792 -0.42356 0.22799 -0.05763 -0.42407 0.20937 -0.05760 0.43316 0.18662 -0.05745 -0.29642 0.23505 -0.05736 0.43155 0.22205 -0.05671 -0.31546 -0.05317 -0.05659 -0.41676 0.21518 -0.05647 -0.32479 0.12838 -0.05644 -0.31469 0.22658 -0.05635 0.41935 0.21209 -0.05575 -0.41152 0.12985 -0.05570 0.32649 0.11230 -0.05548 -0.42583 0.24030 -0.05548 -0.29620 0.22764 -0.05506 0.31922 0.21468 -0.05505 0.31127 0.21351 -0.05504 -0.43332 0.23751 -0.05467 0.42262 0.05109 -0.05462 0.30380 0.22431 -0.05457 -0.30505 0.23771 -0.05456 0.28133 0.11900 -0.05449 0.40563 0.10742 -0.05434 0.30261 0.21450 -0.05415 -0.28498 0.13870 -0.05404 -0.43315 0.23080 -0.05386 0.31668 0.16470 -0.05344 0.42172 0.16881 -0.05311 0.41149 0.11267 -0.05294 -0.32412 -0.03407 -0.05272 0.31087 0.20192 -0.05268 -0.42420 0.21706 -0.05239 -0.30505 0.20802 -0.05215 -0.43424 0.21769 -0.05206 -0.41561 0.15600 -0.05204 -0.31414 0.20916 -0.05186 0.44590 0.21024 -0.05171 -0.41300 0.16922 -0.05164 -0.31719 0.16416 -0.05128 -0.31558 0.18496 -0.05115 -0.31336 0.21330 -0.05100 0.40463 0.16044 -0.05085 0.40583 0.02807 -0.05039 -0.34017 -0.01158 -0.05017 0.38279 0.00759 -0.04990 -0.32941 0.18573 -0.04968 0.27772 0.10790 -0.04920 -0.31484 0.22663 -0.04855 -0.30454 0.22441 -0.04852 0.28526 -0.17256 -0.04837 0.32487 0.11346 -0.04824 -0.32444 0.12672 -0.04822 -0.36944 0.16817 -0.04814 -0.42782 0.23959 -0.04808 -0.41507 0.22903 -0.04791 -0.40386 0.19206 -0.04762 -0.35174 0.18465 -0.04713 0.38721 0.16447 -0.04679 0.43070 0.21022 -0.04628 -0.43070 0.20602 -0.04621 0.39788 0.15207 -0.04584 0.43088 0.19352 -0.04554 -0.37628 0.19151 -0.04524 -0.28959 0.20880 -0.04520 -0.38797 0.02392 -0.04519 0.41422 0.11395 -0.04492 0.39439 0.15745 -0.04482 -0.43289 0.08244 -0.04453 -0.30345 0.23655 -0.04439 -0.41551 0.05122 -0.04417 0.30519 0.19981 -0.04411 0.30541 0.19600 -0.04409 0.31119 0.21344 -0.04364 0.35229 0.15287 -0.04190 0.43477 0.19752 -0.04181 -0.42566 0.22569 -0.04167 0.45228 0.16908 -0.04146 0.33916 0.15770 -0.04115 -0.35859 0.00398 -0.04098 0.44033 0.21776 -0.04072 -0.30925 0.22389 -0.04036 -0.29862 -0.16108 -0.04032 0.30463 0.21199 -0.04030 0.28697 -0.17214 -0.04013 0.33444 0.15168 -0.03984 -0.30353 0.21170 -0.03948 -0.34526 -0.00236 -0.03947 -0.37771 0.18323 -0.03907 -0.30443 0.20570 -0.03907 0.45032 0.19176 -0.03893 0.30437 0.19588 -0.03858 -0.42592 0.21511 -0.03821 0.44416 0.10461 -0.03811 -0.44379 0.21126 -0.03801 -0.38127 0.17251 -0.03782 -0.32057 0.16597 -0.03771 -0.32081 0.17120 -0.03700 0.28957 -0.14414 -0.03692 -0.37193 0.17189 -0.03659 0.44856 0.19671 -0.03658 -0.34929 0.17127 -0.03655 -0.43082 0.21019 -0.03653 0.43217 0.20999 -0.03647 -0.40164 0.17177 -0.03577 0.30059 0.22181 -0.03567 -0.43984 0.11823 -0.03550 0.30086 0.20273 -0.03505 0.43925 0.18913 -0.03460 -0.33968 0.16620 -0.03456 0.28046 0.02659 -0.03444 0.28430 -0.11756 -0.03329 -0.29897 -0.16043 -0.03272 -0.44292 0.11176 -0.03269 -0.43140 0.21447 -0.03266 -0.32566 0.17047 -0.03220 -0.41338 0.12643 -0.03200 -0.30195 0.20517 -0.03193 -0.30266 0.21081 -0.03166 -0.38282 0.16665 -0.03155 -0.29631 -0.16211 -0.03124 -0.44281 0.22662 -0.03046 -0.28908 0.12599 -0.03014 -0.30371 0.22425 -0.02954 0.33568 0.13137 -0.02924 -0.45077 0.18648 -0.02922 0.36481 0.14767 -0.02889 0.44067 0.19662 -0.02797 -0.29355 -0.10628 -0.02787 -0.29762 0.23337 -0.02717 0.37162 0.15057 -0.02707 0.34649 0.15822 -0.02690 -0.44400 0.21422 -0.02681 -0.43491 0.21581 -0.02676 -0.42632 0.23984 -0.02667 -0.42727 0.22680 -0.02614 -0.43310 0.22784 -0.02608 0.36944 0.15559 -0.02603 -0.44239 0.23773 -0.02600 -0.43333 0.20626 -0.02548 -0.44306 0.20906 -0.02509 0.41710 0.14942 -0.02494 -0.31986 0.23752 -0.02494 0.44725 0.22012 -0.02480 0.32396 0.15708 -0.02415 0.44107 0.20999 -0.02384 0.28645 -0.01365 -0.02359 0.41723 0.15393 -0.02265 -0.32867 0.16050 -0.02149 -0.32096 0.16084 -0.02129 -0.44025 0.22859 -0.02129 -0.39258 0.17479 -0.02123 0.32384 0.14941 -0.02052 0.40100 0.22198 -0.02024 -0.33982 0.14827 -0.01994 0.36154 0.14674 -0.01984 0.35229 0.16455 -0.01961 0.27606 -0.07858 -0.01958 0.41865 0.13154 -0.01950 0.33210 0.15756 -0.01947 0.36035 0.15574 -0.01942 0.29550 0.22240 -0.01872 0.32940 0.14488 -0.01851 0.37738 0.14957 -0.01832 0.34286 0.16495 -0.01829 0.34887 0.13492 -0.01750 0.28545 -0.06857 -0.01738 -0.37173 0.16179 -0.01737 -0.29140 -0.00238 -0.01699 -0.29072 0.03447 -0.01668 -0.44196 0.22512 -0.01619 -0.36071 0.16150 -0.01483 -0.43343 0.22687 -0.01463 -0.43521 0.09199 -0.01436 -0.36002 0.16939 -0.01429 -0.29249 -0.05702 -0.01413 -0.32667 0.15996 -0.01342 0.32600 0.17774 -0.01327 0.34275 0.17838 -0.01044 -0.34983 0.14903 -0.01024 0.43948 0.08338 -0.01016 0.33360 0.16493 -0.00991 0.40720 0.20846 -0.00964 0.32512 0.21010 -0.00961 0.30464 0.19290 -0.00926 -0.34072 0.15783 -0.00918 0.35878 0.16365 -0.00894 0.40591 0.21787 -0.00886 -0.42551 0.06800 -0.00857 0.45066 0.14871 -0.00784 0.32492 0.21957 -0.00771 0.43974 0.19613 -0.00753 0.33655 0.13729 -0.00727 0.33169 0.22206 -0.00694 0.32606 0.16386 -0.00654 0.35693 0.18065 -0.00645 0.45042 0.16960 -0.00573 0.43632 0.18995 -0.00491 -0.44207 0.21253 -0.00461 -0.32378 0.23313 -0.00414 -0.44078 0.23404 -0.00398 -0.43418 0.22584 -0.00397 -0.29235 -0.05810 -0.00391 0.30519 0.19001 -0.00387 0.43676 0.21578 -0.00340 0.33205 0.18121 -0.00320 0.40809 0.21847 -0.00312 0.30584 0.19668 -0.00269 0.30673 0.20929 -0.00262 0.45218 0.18807 -0.00252 -0.32770 0.15638 -0.00244 -0.30169 0.20871 -0.00210 0.34167 0.14268 -0.00209 -0.43487 0.21178 -0.00208 0.42961 0.18627 -0.00203 0.30935 0.20904 -0.00198 -0.44453 0.12412 -0.00198 0.28358 0.03168 -0.00193 0.40737 0.20941 -0.00167 0.30811 0.19526 -0.00162 0.30444 0.22104 -0.00152 0.38995 0.01039 -0.00149 0.45335 0.19147 -0.00144 -0.28519 0.03837 -0.00141 0.33089 0.21843 -0.00135 -0.31950 0.22268 -0.00117 0.40067 0.21624 -0.00115 0.28721 0.00854 -0.00071 -0.40193 0.22426 -0.00052 -0.31834 0.23224 -0.00048 -0.40081 0.23419 -0.00046 -0.44661 0.16450 -0.00010 0.34627 0.13330 0.00048 0.31626 0.16412 0.00063 0.32480 0.21941 0.00067 0.28918 0.11210 0.00117 0.42201 0.14167 0.00123 -0.41930 0.15324 0.00131 0.32347 0.14444 0.00194 0.43425 0.19613 0.00219 -0.40863 0.11847 0.00249 -0.30212 0.20420 0.00255 0.41822 0.03937 0.00293 0.32210 0.13440 0.00323 -0.28477 0.10294 0.00409 -0.45176 0.20747 0.00415 0.33944 0.16305 0.00438 -0.30311 0.20757 0.00459 -0.42760 0.22114 0.00463 -0.31702 0.22253 0.00465 -0.33507 0.14548 0.00468 -0.30385 0.22834 0.00469 0.43897 0.18274 0.00470 -0.43207 0.20632 0.00500 0.32294 0.15676 0.00529 0.32371 0.20859 0.00564 0.40601 0.14653 0.00568 0.30569 0.18718 0.00599 -0.43190 0.22303 0.00621 -0.30986 0.23099 0.00626 -0.44425 0.21036 0.00659 -0.32648 0.23235 0.00684 -0.43619 0.23154 0.00705 -0.39514 0.23457 0.00705 -0.32649 0.22338 0.00710 0.32539 0.17515 0.00737 -0.31588 0.16561 0.00738 -0.39512 0.22328 0.00756 -0.42447 0.18498 0.00773 0.43188 0.06189 0.00788 -0.44780 0.20498 0.00793 -0.43275 0.21210 0.00815 -0.35219 0.14595 0.00831 0.44392 0.21804 0.00835 -0.43237 0.23289 0.00849 -0.32856 0.15547 0.00868 0.42633 0.20478 0.00874 0.44924 0.11273 0.00913 -0.40521 0.23251 0.00997 0.34471 0.14161 0.00998 -0.33990 0.15594 0.01006 0.31511 0.20710 0.01008 -0.31623 0.15653 0.01010 0.32378 0.13188 0.01021 0.42499 0.19061 0.01024 0.44599 0.18688 0.01029 0.40563 0.15109 0.01084 -0.40091 0.22367 0.01093 -0.29052 0.23157 0.01096 -0.31889 0.14825 0.01096 0.31913 0.20055 0.01100 0.41470 0.10427 0.01106 0.44607 0.21389 0.01110 0.36904 0.21627 0.01139 0.31307 0.19587 0.01150 -0.35411 0.15593 0.01179 0.36475 0.10243 0.01183 0.40511 0.01633 0.01219 -0.40739 0.16797 0.01243 -0.28088 -0.06340 0.01265 0.31447 0.18923 0.01307 -0.30397 0.19783 0.01382 -0.40091 0.23270 0.01393 0.33514 0.13642 0.01403 -0.41008 0.04161 0.01462 0.43036 0.18639 0.01470 0.42263 0.20556 0.01480 0.31894 0.19414 0.01501 -0.41753 0.14255 0.01501 -0.31450 0.22043 0.01501 0.35387 0.16107 0.01510 0.42948 0.19245 0.01515 -0.31895 0.14123 0.01566 0.42855 0.04571 0.01573 -0.38912 0.02186 0.01597 0.44912 0.20360 0.01606 0.32034 0.20707 0.01635 0.44531 0.11005 0.01656 0.33194 0.17849 0.01740 0.35794 0.17625 0.01748 -0.30574 0.20793 0.01771 0.36649 0.21623 0.01783 0.32614 0.16222 0.01817 -0.42319 0.20808 0.01823 -0.44347 0.20502 0.01834 -0.42093 0.22227 0.01870 -0.31200 0.20275 0.01878 -0.44139 0.23411 0.01900 0.37851 0.15060 0.01905 -0.33977 0.15451 0.01914 -0.44228 0.22404 0.01917 0.42989 0.20300 0.01942 0.36202 0.16040 0.01960 0.44048 0.20500 0.01968 0.31260 0.19506 0.01981 -0.41772 0.19053 0.02043 -0.43005 0.21365 0.02044 -0.43467 0.20028 0.02045 0.44088 0.07103 0.02056 0.30265 0.20718 0.02079 -0.36479 0.22111 0.02090 -0.44570 0.21481 0.02102 -0.32723 0.15486 0.02112 0.34424 0.17718 0.02119 0.44096 0.19272 0.02125 0.33231 0.16139 0.02131 0.31249 0.20349 0.02138 0.28492 0.08695 0.02163 -0.36188 0.23094 0.02173 0.36123 0.14256 0.02176 0.30066 0.19563 0.02188 0.33086 0.15349 0.02206 -0.36935 0.11563 0.02209 -0.31361 0.20576 0.02233 -0.30551 0.19921 0.02243 -0.37194 0.11718 0.02245 -0.39101 0.01750 0.02256 0.34399 0.16053 0.02261 0.35797 0.15311 0.02269 -0.31317 0.20093 0.02269 0.28513 -0.17903 0.02276 -0.31527 0.21885 0.02305 -0.42386 0.20230 0.02316 0.32752 0.14304 0.02329 -0.35163 0.11554 0.02351 -0.41314 0.03805 0.02363 -0.43318 0.06803 0.02448 0.33777 0.21639 0.02457 -0.35910 0.22070 0.02471 -0.44981 0.14295 0.02471 -0.42303 0.21014 0.02483 -0.36566 0.23089 0.02518 0.39771 0.21537 0.02531 0.36362 0.15046 0.02542 0.33343 0.20764 0.02548 -0.32666 0.16467 0.02552 -0.33957 0.14611 0.02577 0.41724 0.10624 0.02599 -0.30617 0.20644 0.02604 0.30149 0.21482 0.02616 0.41990 0.14484 0.02638 -0.35817 0.23029 0.02654 -0.42985 0.20439 0.02656 0.42031 0.12275 0.02677 -0.29609 0.21981 0.02694 0.44163 0.21153 0.02744 -0.42085 0.22008 0.02745 0.29662 -0.10192 0.02752 0.37687 0.14492 0.02770 0.45583 0.16584 0.02773 0.30232 0.20704 0.02773 0.33367 0.21576 0.02806 0.39494 0.10055 0.02842 0.44701 0.19011 0.02845 0.41114 0.21258 0.02847 0.44273 0.20447 0.02862 -0.29586 0.22607 0.02907 0.33695 0.14146 0.02947 0.34909 0.13044 0.02987 0.32719 0.21590 0.02990 -0.43489 0.22151 0.03021 -0.44104 0.21062 0.03023 0.32274 0.15077 0.03047 -0.29593 0.20586 0.03077 -0.34181 0.15409 0.03083 0.36512 0.21527 0.03085 0.34641 0.15230 0.03099 -0.37344 0.16500 0.03106 -0.35930 0.16474 0.03154 0.34674 0.10164 0.03185 -0.32336 0.15641 0.03198 -0.33261 0.22948 0.03230 -0.43521 0.20903 0.03254 0.45682 0.18408 0.03279 0.31225 0.21608 0.03287 -0.39110 0.23056 0.03368 -0.31994 0.16369 0.03370 0.36447 0.20593 0.03387 0.30446 0.18875 0.03388 -0.36488 0.15710 0.03392 -0.39279 0.21992 0.03440 -0.32781 0.21954 0.03440 0.29682 0.20468 0.03477 -0.30441 0.21683 0.03486 -0.33343 0.22920 0.03510 -0.32762 0.14572 0.03512 0.31140 0.20441 0.03513 -0.29527 0.22671 0.03521 0.44883 0.21043 0.03532 0.34472 0.15757 0.03533 -0.29493 0.21940 0.03535 -0.28202 0.10540 0.03610 -0.43986 0.22819 0.03615 -0.41771 0.16043 0.03619 -0.39147 0.23026 0.03624 0.37525 0.21692 0.03670 0.44224 0.19132 0.03716 -0.44275 0.20703 0.03793 0.45243 0.18823 0.03805 -0.32022 0.15443 0.03819 0.30063 0.20065 0.03826 -0.41018 0.15997 0.03840 0.42992 0.20188 0.03875 -0.41666 0.12229 0.03908 -0.44113 0.22079 0.03916 0.36855 0.09979 0.03932 -0.43491 0.22173 0.03933 0.35765 0.22227 0.03937 0.43185 0.21193 0.03977 -0.30447 0.22717 0.03988 -0.40409 0.22805 0.04020 0.33791 0.09938 0.04024 0.43098 0.19055 0.04049 -0.32705 0.22758 0.04051 0.30928 0.19461 0.04096 -0.45282 0.18153 0.04148 -0.36925 0.22941 0.04152 0.36552 0.14193 0.04181 0.37085 0.14863 0.04214 0.35428 -0.01537 0.04238 0.35629 -0.01888 0.04288 0.45161 0.15247 0.04308 0.41076 0.09894 0.04327 0.29692 0.21157 0.04327 0.42375 0.20261 0.04331 -0.36503 0.22083 0.04358 0.33258 0.14245 0.04391 -0.36041 0.15586 0.04430 0.37662 0.23751 0.04432 -0.35891 0.22889 0.04434 -0.40711 0.11558 0.04438 -0.32864 0.15467 0.04504 -0.29169 0.22467 0.04520 0.28448 -0.15404 0.04525 -0.28744 -0.08132 0.04527 -0.36847 0.16346 0.04566 -0.36100 0.23723 0.04572 -0.44411 0.09622 0.04575 0.27633 0.01161 0.04601 0.29510 0.19178 0.04611 0.45036 0.19062 0.04671 0.29063 -0.14904 0.04678 0.28943 -0.16750 0.04679 0.40638 0.14227 0.04763 0.28490 -0.15684 0.04769 -0.42471 0.22913 0.04817 -0.30596 0.20483 0.04835 0.42075 0.12183 0.04850 -0.42256 0.21889 0.04861 0.31086 0.20915 0.04864 0.27928 -0.07336 0.04867 -0.44538 0.21849 0.04886 0.33266 0.14882 0.04906 0.46001 0.21050 0.04911 -0.29450 0.21485 0.04937 -0.36342 0.11494 0.04959 -0.30270 -0.16975 0.04981 -0.37589 0.10871 0.05009 0.36861 0.09767 0.05041 -0.36752 0.22857 0.05045 0.28298 0.19898 0.05088 0.44067 0.21181 0.05111 0.43124 0.20711 0.05118 0.38798 0.21197 0.05126 0.30389 0.18144 0.05153 0.34643 0.21308 0.05162 -0.29348 -0.14855 0.05168 0.29422 0.22052 0.05176 -0.29911 -0.14244 0.05179 0.29242 0.20138 0.05191 0.43036 0.18906 0.05210 0.41203 0.14669 0.05210 0.45186 0.21140 0.05242 -0.29294 0.19893 0.05258 -0.42805 0.20654 0.05272 -0.44437 0.22932 0.05276 -0.33581 0.15718 0.05279 0.29239 -0.18339 0.05321 0.43834 0.20055 0.05329 -0.45224 0.20348 0.05347 0.29413 -0.15697 0.05348 -0.43142 0.21989 0.05358 0.35458 0.21548 0.05366 0.28427 0.21564 0.05393 0.33215 0.20348 0.05404 -0.30867 0.22696 0.05408 -0.34558 0.11306 0.05426 0.30239 0.21542 0.05437 -0.29776 -0.15752 0.05439 0.32581 0.14820 0.05448 0.32190 0.12371 0.05448 0.42734 0.18345 0.05453 -0.40005 0.16324 0.05515 0.32416 0.10253 0.05563 -0.42465 0.21831 0.05587 0.30171 0.19439 0.05590 -0.41249 0.15831 0.05606 0.37404 0.14200 0.05607 0.28281 -0.17077 0.05612 0.35267 0.20304 0.05630 -0.28648 0.21368 0.05632 0.37515 0.21006 0.05636 -0.27731 0.11534 0.05650 0.42010 0.20855 0.05651 0.39436 0.23470 0.05663 -0.32602 0.16141 0.05678 -0.30530 0.21725 0.05705 0.44521 0.22143 0.05708 0.32823 0.21160 0.05709 0.35725 0.09847 0.05715 -0.28435 0.20581 0.05723 -0.44428 0.21304 0.05734 0.28768 -0.18548 0.05760 -0.41301 0.16311 0.05761 -0.41890 0.04805 0.05793 -0.36126 0.10757 0.05795 0.38661 0.20268 0.05810 0.27459 -0.08002 0.05873 0.31369 0.19241 0.05885 0.32441 0.20290 0.05888 0.41257 0.20927 0.05900 -0.37022 0.15672 0.05904 -0.29444 0.20401 0.05908 -0.36469 0.22496 0.05944 -0.30101 0.19303 0.05948 -0.43107 0.22633 0.05955 -0.43596 0.08024 0.05964 -0.30210 -0.17205 0.05971 -0.29468 0.22735 0.05974 -0.37134 0.11231 0.05985 -0.36012 0.21642 0.06021 0.45094 0.19713 0.06025 0.34394 0.22141 0.06032 0.28500 -0.13619 0.06041 -0.37991 0.22726 0.06045 -0.42883 0.22690 0.06071 -0.32453 0.21632 0.06084 0.38504 0.22407 0.06089 0.39042 0.21282 0.06099 0.28343 -0.18321 0.06125 -0.36066 0.15660 0.06143 0.42979 0.19959 0.06147 -0.33916 0.22444 0.06189 0.46038 0.19394 0.06212 -0.40720 0.22618 0.06217 0.34607 0.21104 0.06222 -0.41964 0.14043 0.06245 -0.39347 0.11260 0.06247 0.43984 0.18846 0.06252 -0.43928 0.23945 0.06256 0.33752 0.21337 0.06271 0.29379 0.21242 0.06273 -0.44475 0.22950 0.06274 0.29132 -0.18578 0.06283 -0.44806 0.16256 0.06290 0.44108 0.21188 0.06309 0.45003 0.18862 0.06311 -0.40793 0.16251 0.06313 -0.34865 0.22878 0.06313 0.30064 0.22304 0.06321 -0.28059 0.22531 0.06327 -0.30310 -0.14316 0.06347 -0.29288 -0.14884 0.06362 0.45626 0.21062 0.06365 0.36446 0.14178 0.06379 -0.31595 0.21439 0.06388 -0.45561 0.23033 0.06401 0.29237 0.19354 0.06408 -0.42321 0.19988 0.06412 0.39603 0.14581 0.06427 -0.29472 -0.17123 0.06437 0.42042 0.14316 0.06440 -0.38352 0.22503 0.06476 0.29376 0.20117 0.06500 0.28559 -0.15597 0.06506 0.30229 0.21437 0.06513 -0.44867 0.19937 0.06542 0.29267 -0.13273 0.06554 -0.36038 0.21586 0.06583 -0.33503 0.11046 0.06588 -0.29449 0.20737 0.06613 0.40914 0.01947 0.06614 0.31490 0.20236 0.06667 0.43834 0.18016 0.06685 -0.38028 0.23495 0.06737 0.29401 -0.14253 0.06750 0.45117 0.19747 0.06757 -0.34033 0.23405 0.06788 0.28827 0.21130 0.06811 0.42078 0.11968 0.06812 -0.43572 0.19585 0.06830 -0.42090 0.21781 0.06836 0.28125 -0.12794 0.06855 -0.42360 0.20431 0.06861 -0.32517 0.21536 0.06885 0.29253 0.19228 0.06896 -0.40747 0.22553 0.06916 0.37914 -0.00898 0.06918 -0.28391 0.20504 0.06933 0.45190 0.20891 0.06941 -0.38837 0.22707 0.06951 -0.29226 -0.17277 0.06952 0.29716 -0.13057 0.06953 0.45734 0.18465 0.06956 0.43151 0.18746 0.06958 0.42390 0.19997 0.06993 -0.33822 0.11237 0.06996 -0.44296 0.19953 0.07016 -0.41159 0.11314 0.07018 -0.29875 -0.17477 0.07030 0.43267 0.20730 0.07058 -0.29413 0.22697 0.07071 -0.33641 0.22568 0.07079 -0.43375 0.22818 0.07081 -0.44354 0.21516 0.07114 -0.29306 0.23349 0.07126 -0.37853 0.22606 0.07162 0.34901 0.14600 0.07173 -0.44349 0.20563 0.07187 -0.44307 0.22894 0.07187 -0.36094 0.15559 0.07187 0.43058 0.19782 0.07194 0.30884 0.20808 0.07200 0.30475 0.17655 0.07249 0.30287 0.18991 0.07254 -0.36343 0.16063 0.07318 -0.41832 0.14081 0.07327 -0.28545 0.21035 0.07349 -0.29298 -0.15218 0.07357 -0.28899 -0.13577 0.07367 -0.30528 0.21389 0.07392 0.28582 -0.18373 0.07394 -0.33703 -0.02793 0.07394 0.36707 0.21025 0.07401 -0.43950 0.23885 0.07429 0.28090 -0.14921 0.07454 0.28987 0.10473 0.07464 -0.44909 0.21861 0.07466 -0.31426 0.22731 0.07473 -0.28860 -0.11683 0.07486 -0.30603 0.22295 0.07499 -0.30014 0.18874 0.07500 -0.29922 -0.13860 0.07515 0.29649 0.19987 0.07563 -0.27842 0.01630 0.07572 0.28246 -0.06954 0.07625 -0.30457 -0.11882 0.07663 -0.35377 -0.01157 0.07664 0.28066 -0.16310 0.07683 0.33104 0.14102 0.07694 -0.29344 0.22360 0.07732 0.38439 0.21218 0.07746 -0.28858 0.20031 0.07752 0.39563 0.13941 0.07775 0.39620 0.14434 0.07782 0.29436 -0.15858 0.07824 -0.43127 0.21949 0.07829 -0.29278 -0.12610 0.07852 -0.29779 -0.17152 0.07866 -0.43163 0.20484 0.07895 0.28340 -0.02404 0.07934 -0.42302 0.21498 0.07986 0.36790 0.21854 0.07991 -0.44452 0.21340 0.07996 0.36886 0.19870 0.08006 -0.30415 0.20140 0.08009 -0.42396 0.22386 0.08034 0.36165 0.15017 0.08092 -0.29980 -0.12659 0.08095 -0.30032 -0.16094 0.08100 0.29169 -0.14500 0.08145 0.44297 0.20492 0.08160 0.38720 0.16617 0.08176 0.44239 0.18642 0.08188 0.43195 0.20728 0.08199 0.34535 0.16617 0.08247 0.38982 0.09457 0.08258 0.27778 0.09798 0.08259 0.29557 0.18773 0.08268 0.35599 0.17760 0.08283 -0.35761 0.22397 0.08285 0.38704 0.17871 0.08285 0.44441 0.19691 0.08306 0.28693 -0.18613 0.08322 0.30945 0.19826 0.08340 0.28825 -0.17422 0.08341 0.41088 0.19889 0.08354 0.31147 0.21092 0.08369 -0.39326 0.15510 0.08402 -0.28911 -0.14804 0.08412 0.28506 -0.14695 0.08414 0.28466 -0.16737 0.08414 0.30291 0.20079 0.08496 -0.28646 -0.01286 0.08497 0.28799 -0.00031 0.08565 0.30265 0.20838 0.08570 -0.45025 0.14096 0.08638 -0.34160 0.15878 0.08649 0.41636 0.09825 0.08652 0.40790 0.20833 0.08660 -0.34074 0.15371 0.08662 0.32748 0.20921 0.08813 -0.35708 0.10936 0.08829 -0.38980 0.15952 0.08831 -0.36053 0.23260 0.08839 -0.42363 0.22479 0.08860 0.43957 0.17239 0.08863 -0.29438 0.21235 0.08879 0.33799 -0.03829 0.08909 -0.36492 0.22458 0.08911 -0.30688 0.21213 0.08944 0.39838 0.19827 0.08970 0.33436 0.19992 0.08979 0.39737 0.20844 0.08991 -0.29705 0.22218 0.08994 0.44130 0.18476 0.09042 -0.35847 0.21402 0.09097 0.44190 0.20546 0.09121 0.34913 0.15763 0.09132 0.44225 0.19835 0.09138 0.33614 0.20962 0.09154 -0.43967 0.21617 0.09168 0.32160 0.11914 0.09170 -0.38169 0.11047 0.09170 0.43035 0.18527 0.09175 0.43209 0.17760 0.09213 -0.43472 0.22290 0.09229 0.44726 0.20428 0.09246 0.31304 0.18720 0.09247 -0.28637 0.19271 0.09255 0.30154 0.18828 0.09260 -0.29309 -0.15208 0.09275 -0.29146 -0.06845 0.09281 -0.28992 0.01078 0.09281 0.42950 0.19516 0.09282 -0.28729 -0.06051 0.09287 0.29729 0.19872 0.09296 -0.29533 0.20029 0.09304 -0.35816 0.22334 0.09308 0.30286 0.20110 0.09343 0.42058 0.11892 0.09372 0.29623 -0.14204 0.09388 0.30178 0.20726 0.09437 -0.32466 0.22271 0.09488 -0.30733 -0.09652 0.09498 -0.44098 0.22297 0.09504 -0.43994 0.20362 0.09506 0.37624 0.19022 0.09510 -0.33146 0.21508 0.09533 -0.41688 0.15954 0.09542 -0.40409 0.22198 0.09568 0.35776 0.19058 0.09598 0.36694 0.20852 0.09643 0.36875 0.19685 0.09646 -0.33246 0.22321 0.09661 0.44991 0.20819 0.09662 0.29255 -0.18706 0.09682 0.28520 -0.18812 0.09685 -0.39785 0.22454 0.09698 0.31924 0.18170 0.09699 0.44980 0.18396 0.09748 0.42958 0.17821 0.09807 0.41866 0.13471 0.09812 0.34592 0.17865 0.09818 0.31482 0.17894 0.09822 -0.39104 0.22332 0.09823 -0.29164 -0.08076 0.09824 0.43827 0.18911 0.09868 -0.43258 0.19510 0.09908 -0.30554 0.19124 0.09910 -0.41473 0.11401 0.09929 -0.30308 0.21048 0.09930 -0.41823 0.13272 0.09934 -0.30245 -0.10190 0.09946 0.32378 0.13759 0.10005 -0.29533 0.21261 0.10022 0.29226 -0.15806 0.10027 0.36820 0.19596 0.10054 -0.30464 0.19930 0.10055 0.42999 0.18332 0.10066 0.42202 0.02513 0.10076 0.38061 0.15217 0.10080 0.30652 0.18795 0.10082 0.42357 0.18232 0.10089 -0.31853 0.13235 0.10090 -0.43992 0.21337 0.10101 -0.29463 0.21887 0.10105 0.32334 0.14233 0.10118 0.30125 -0.10990 0.10124 0.31545 0.18570 0.10124 0.41862 0.14156 0.10127 -0.42415 0.20266 0.10139 0.32145 0.19838 0.10163 -0.35042 -0.01152 0.10182 -0.31188 0.19974 0.10196 -0.31341 0.20964 0.10213 -0.36095 0.21206 0.10228 -0.32231 0.11520 0.10234 -0.43482 0.21478 0.10244 -0.43451 0.22261 0.10245 0.36726 0.20782 0.10256 -0.43279 0.20104 0.10263 0.42863 0.19524 0.10299 0.35837 0.19675 0.10302 -0.39147 0.00972 0.10312 -0.30018 -0.17596 0.10326 -0.44259 0.10943 0.10355 -0.41677 0.13419 0.10369 0.28574 0.10853 0.10374 -0.29298 -0.17719 0.10409 0.30493 0.19773 0.10428 0.31608 0.19675 0.10491 -0.29882 -0.14157 0.10532 -0.41728 0.21366 0.10568 -0.44545 0.20076 0.10578 -0.36336 0.22262 0.10597 -0.32127 0.21169 0.10605 -0.30267 -0.14537 0.10635 0.31681 0.15310 0.10663 0.44145 0.06005 0.10707 0.30701 0.17774 0.10723 -0.42230 0.19435 0.10765 -0.31249 0.19779 0.10784 0.45415 0.13339 0.10791 -0.31162 0.19230 0.10811 -0.31797 0.14920 0.10830 0.43132 0.17131 0.10836 -0.43282 0.19177 0.10866 0.33049 -0.04247 0.10880 -0.30488 0.19844 0.10929 0.43749 0.19166 0.10958 -0.31411 0.21059 0.10958 0.43987 0.17650 0.10996 -0.44199 0.22325 0.10999 -0.41926 0.21252 0.11006 -0.43186 0.21068 0.11027 0.31574 -0.06140 0.11047 0.45005 0.13370 0.11075 0.28094 -0.09806 0.11090 -0.36207 0.22045 0.11100 0.37840 0.14140 0.11110 -0.30315 -0.12136 0.11147 -0.31888 0.15576 0.11151 -0.35718 0.22146 0.11159 0.39209 0.13611 0.11163 -0.31401 0.15814 0.11170 0.44006 0.06924 0.11172 -0.30747 0.20835 0.11205 -0.33002 -0.03994 0.11206 0.43138 0.19481 0.11217 0.27566 -0.08996 0.11261 0.30898 0.18243 0.11276 -0.39024 0.15218 0.11301 -0.35944 0.15141 0.11326 0.43954 0.18240 0.11360 0.31947 -0.06322 0.11364 -0.33366 -0.02916 0.11375 -0.32286 0.15561 0.11383 -0.32460 0.15061 0.11389 0.44769 0.08660 0.11392 0.43842 0.17661 0.11418 -0.44423 0.21194 0.11455 0.40967 0.20638 0.11479 0.29244 0.17961 0.11506 0.30602 0.19698 0.11512 -0.32259 0.10933 0.11558 0.30738 0.18413 0.11565 0.44082 0.20076 0.11570 0.41953 0.11878 0.11590 0.33260 0.20701 0.11590 0.40179 0.20575 0.11609 0.32310 0.20838 0.11615 0.32545 0.19812 0.11638 0.45311 0.17618 0.11671 -0.45132 0.19671 0.11699 -0.41395 0.02958 0.11732 0.40827 0.19602 0.11735 -0.35845 0.15597 0.11771 -0.30162 0.18911 0.11793 0.35594 0.13610 0.11808 0.41770 0.10453 0.11826 -0.28968 0.00834 0.11826 0.28849 0.00879 0.11828 0.31149 0.19722 0.11830 0.36293 0.14098 0.11854 -0.37451 0.15116 0.11870 0.30842 0.20724 0.11894 -0.43033 0.05378 0.11909 0.30604 0.17978 0.11938 0.40387 0.00320 0.11942 0.28614 -0.18818 0.11983 -0.32407 -0.04234 0.12005 -0.30376 0.19640 0.12057 -0.31578 0.21099 0.12084 -0.31999 -0.05705 0.12095 -0.39972 0.22079 0.12124 -0.40189 0.21233 0.12140 0.43403 0.19447 0.12140 0.44151 0.19504 0.12150 0.30368 0.18553 0.12167 -0.32591 0.21016 0.12190 -0.28923 -0.17578 0.12192 -0.44503 0.19912 0.12242 -0.43153 0.19401 0.12243 -0.32534 0.21993 0.12272 -0.44021 0.07771 0.12296 -0.28945 0.02018 0.12316 -0.43273 0.22131 0.12317 -0.42596 0.20198 0.12332 0.40718 0.20625 0.12349 -0.30395 0.20913 0.12363 -0.28510 0.19087 0.12368 -0.29771 -0.17699 0.12395 -0.31582 0.22059 0.12395 -0.28459 0.19407 0.12397 0.44261 0.20153 0.12437 -0.42945 0.21142 0.12453 0.32618 0.20616 0.12499 -0.39342 0.22087 0.12549 -0.40651 0.22203 0.12624 -0.42037 0.15477 0.12659 -0.30033 0.19156 0.12674 -0.39893 0.21320 0.12700 -0.30162 0.21892 0.12749 -0.30419 0.20912 0.12797 0.28655 -0.09539 0.12834 0.28422 -0.08135 0.12842 -0.30077 0.19540 0.12888 0.28585 -0.19143 0.13007 -0.32403 0.21049 0.13048 -0.43445 0.19889 0.13075 -0.31875 0.20983 0.13094 -0.31987 0.21858 0.13101 0.37832 -0.01112 0.13122 -0.28511 0.02983 0.13156 -0.43327 0.21924 0.13157 -0.43319 0.21178 0.13196 0.41172 0.08823 0.13217 0.43554 0.19282 0.13227 -0.40041 0.22215 0.13232 -0.32367 0.22088 0.13282 0.44936 0.19150 0.13304 0.30158 0.19989 0.13350 -0.31388 -0.07204 0.13384 -0.44481 0.14219 0.13392 -0.30948 -0.08652 0.13429 0.34917 -0.02778 0.13458 0.28080 -0.18929 0.13486 -0.29928 -0.17843 0.13499 -0.35651 -0.00989 0.13514 0.29610 -0.11851 0.13528 -0.29297 -0.18030 0.13554 0.44391 0.20159 0.13605 -0.27837 0.01456 0.13666 -0.41241 0.11207 0.13740 0.44141 0.17891 0.13847 0.29113 -0.16038 0.14007 -0.28391 0.08628 0.14017 0.42879 0.03933 0.14021 -0.30554 -0.08632 0.14051 0.34026 0.12866 0.14071 0.41866 0.11871 0.14145 0.38627 0.19873 0.14196 0.39199 -0.00460 0.14235 -0.31908 0.14761 0.14246 -0.44068 0.19662 0.14255 -0.34830 -0.02199 0.14279 0.30512 -0.09825 0.14334 -0.43063 0.21156 0.14357 0.43977 0.17087 0.14359 0.36298 0.12792 0.14371 0.39015 0.12853 0.14386 -0.43494 0.21918 0.14397 -0.41305 0.14936 0.14412 0.35568 0.11699 0.14420 0.35476 0.19290 0.14421 0.38120 0.11718 0.14432 0.43495 0.20209 0.14435 -0.30975 -0.07237 0.14448 0.41470 0.09282 0.14472 0.37827 0.19252 0.14511 0.42565 0.02844 0.14524 0.44236 0.19174 0.14527 0.36749 -0.02033 0.14542 -0.44063 0.21071 0.14574 0.28804 0.17543 0.14632 -0.43640 0.19317 0.14704 0.41369 0.01682 0.14734 0.28369 0.08259 0.14744 0.30478 0.20573 0.14760 0.40340 0.19158 0.14824 0.44154 0.19897 0.14913 0.43374 0.19117 0.14956 0.30611 0.17667 0.15008 0.27958 0.09421 0.15012 0.32618 0.20616 0.15049 0.44352 0.18059 0.15132 0.40610 0.08797 0.15164 0.45108 0.17243 0.15183 -0.44598 0.12339 0.15210 0.40997 0.20443 0.15231 0.28855 -0.00716 0.15232 0.37499 0.12535 0.15238 0.45025 0.17675 0.15242 -0.37146 -0.00419 0.15262 0.43935 0.06577 0.15274 0.29806 0.19260 0.15291 -0.41780 0.03800 0.15297 0.30638 0.17624 0.15301 0.43425 0.17784 0.15355 -0.43946 0.20794 0.15389 -0.41684 0.14384 0.15392 0.43359 0.17263 0.15428 0.38448 0.17784 0.15508 -0.39408 0.01147 0.15511 0.44347 0.09909 0.15518 0.30808 0.19133 0.15544 -0.40670 0.10280 0.15547 0.28261 -0.10824 0.15588 -0.43919 0.21854 0.15596 0.31011 0.19353 0.15602 -0.43502 0.19936 0.15607 -0.29831 0.21866 0.15607 0.28041 -0.00767 0.15621 -0.43234 0.20912 0.15623 0.43246 0.18967 0.15670 0.31045 0.18179 0.15673 0.30691 0.17995 0.15689 -0.43086 0.21624 0.15689 0.32614 0.13294 0.15715 0.37712 0.19904 0.15830 -0.29369 -0.17936 0.15888 0.31042 0.17566 0.15913 0.35528 0.12334 0.15924 0.44988 0.13730 0.15974 -0.31612 -0.05891 0.15976 0.38140 -0.01600 0.15988 0.36529 0.11698 0.16001 0.44403 0.19918 0.16004 0.41758 0.12683 0.16010 0.34576 0.11128 0.16120 -0.43567 0.07571 0.16129 0.32047 0.13428 0.16136 0.35514 0.11579 0.16150 -0.44518 0.18957 0.16151 -0.30136 0.18737 0.16158 0.35249 0.20194 0.16273 -0.30181 0.19204 0.16299 0.34566 0.12779 0.16309 0.30645 0.16892 0.16352 -0.42995 0.18974 0.16360 0.43550 0.16620 0.16370 0.41688 0.11178 0.16382 0.38761 0.12523 0.16398 0.32295 0.12753 0.16406 -0.44257 0.19466 0.16428 0.44760 0.18815 0.16447 -0.30391 0.20483 0.16457 -0.42887 0.19436 0.16507 0.35867 0.19775 0.16543 0.38781 0.11160 0.16550 0.41491 0.13066 0.16565 -0.42420 0.20723 0.16593 0.44274 0.19831 0.16595 0.33847 0.11153 0.16611 0.36649 0.12418 0.16640 0.32159 0.11360 0.16677 0.28406 0.00900 0.16682 0.42326 0.18855 0.16690 0.31497 0.17473 0.16714 0.34687 0.11367 0.16715 0.30125 -0.10006 0.16716 0.27960 0.08587 0.16734 0.31465 0.17832 0.16777 0.31543 0.19003 0.16851 -0.31568 0.14824 0.16854 -0.41480 0.14395 0.16873 0.39729 0.12701 0.16882 -0.43257 0.21718 0.16910 0.30955 0.20226 0.16934 0.34337 0.12498 0.16948 0.32512 0.19020 0.16962 -0.44492 0.16018 0.16963 0.41530 0.13471 0.16964 0.28405 -0.01522 0.16993 0.43664 0.20207 0.17012 0.37251 0.11067 0.17039 0.42233 0.17119 0.17043 0.33740 0.12921 0.17044 -0.28376 -0.00157 0.17052 -0.30093 0.18184 0.17113 -0.29961 -0.18115 0.17174 0.43269 0.17143 0.17176 0.31985 0.17424 0.17197 -0.31735 0.12627 0.17225 -0.28875 -0.18036 0.17260 -0.31074 0.18847 0.17315 -0.29074 -0.07736 0.17328 0.42344 0.17690 0.17331 -0.42618 0.20332 0.17416 -0.28293 0.11671 0.17428 0.42064 0.18848 0.17451 0.37624 0.12226 0.17508 -0.42011 0.19830 0.17538 -0.30164 0.21305 0.17546 0.28520 0.01316 0.17556 0.38125 0.19888 0.17580 0.31483 0.17224 0.17587 0.43058 0.17711 0.17665 0.44021 0.18904 0.17688 0.32370 0.19088 0.17695 -0.30485 0.20244 0.17747 -0.41176 0.12479 0.17750 0.44126 0.19592 0.17759 0.43283 0.18821 0.17802 0.43303 0.19745 0.17813 -0.33326 0.14927 0.17825 -0.40901 0.10638 0.17838 0.31479 0.17844 0.17870 0.30336 0.19216 0.17906 0.30939 0.19054 0.17907 0.30239 0.19894 0.17942 0.38686 0.12256 0.17972 0.37520 0.11310 0.17985 0.38800 0.11399 0.18007 -0.29817 0.17801 0.18013 0.29813 0.18983 0.18046 -0.42502 0.21628 0.18046 0.36635 0.11264 0.18057 -0.31062 0.18462 0.18074 0.30243 0.17931 0.18099 -0.41270 0.20563 0.18117 0.39740 0.12409 0.18142 0.32895 0.20061 0.18153 0.40718 0.19872 0.18158 0.31179 0.20086 0.18162 0.29013 -0.18969 0.18167 0.30919 0.16530 0.18221 0.33198 0.20032 0.18224 0.40490 0.18738 0.18226 0.40418 0.19897 0.18228 -0.28305 0.01774 0.18229 -0.30593 0.18458 0.18242 -0.41836 0.18542 0.18257 -0.31361 0.20277 0.18271 -0.40433 0.01723 0.18274 -0.32580 0.14869 0.18326 -0.40764 0.15031 0.18331 0.44097 0.17566 0.18343 0.31720 0.18607 0.18356 -0.31113 0.19082 0.18363 0.33137 0.19025 0.18365 0.28591 -0.19505 0.18366 0.32927 0.18965 0.18375 -0.30466 0.19115 0.18393 0.36929 0.12271 0.18427 0.39409 0.11040 0.18434 -0.29496 0.19005 0.18439 0.43535 0.18703 0.18460 0.32910 0.20028 0.18475 -0.28254 0.11233 0.18513 -0.42072 0.18700 0.18513 0.29333 -0.14152 0.18528 -0.30225 0.20139 0.18529 0.43587 0.19501 0.18532 0.33214 0.20015 0.18569 0.40385 0.19863 0.18571 -0.43169 0.19454 0.18598 -0.29363 0.21095 0.18618 -0.43127 0.20671 0.18622 0.40233 -0.00139 0.18630 -0.29412 0.20375 0.18650 0.44266 0.18630 0.18659 -0.43169 0.21271 0.18662 0.30339 0.19118 0.18662 0.44079 0.19638 0.18688 0.30336 0.19800 0.18698 0.32726 0.08903 0.18719 -0.30137 0.21304 0.18719 0.29677 -0.15185 0.18749 -0.42354 0.20431 0.18760 -0.42317 0.19368 0.18768 0.41383 0.10937 0.18774 0.32313 0.11006 0.18776 0.30980 -0.08971 0.18782 -0.32203 0.14341 0.18791 0.34271 -0.04234 0.18807 -0.32247 0.21260 0.18848 0.40838 0.19928 0.18849 -0.39603 0.21612 0.18854 0.30564 0.16640 0.18871 -0.42411 0.21538 0.18891 0.43578 0.17533 0.18896 0.36709 0.12495 0.18901 0.37486 0.18149 0.18929 0.30617 -0.08742 0.18952 0.37993 0.18658 0.18978 -0.29449 0.19168 0.18980 0.33463 -0.04438 0.19026 0.44952 0.16832 0.19052 -0.39804 0.20473 0.19053 0.36932 0.19885 0.19064 0.36778 0.18792 0.19068 -0.32248 0.20317 0.19071 -0.39146 0.21706 0.19117 -0.43220 0.19135 0.19138 -0.43872 0.20373 0.19145 -0.35995 0.21613 0.19149 -0.32263 0.10257 0.19153 0.34954 0.14808 0.19168 -0.29306 -0.18465 0.19190 0.34770 0.17130 0.19218 0.41470 0.10674 0.19227 -0.32272 0.21297 0.19264 -0.39672 0.20441 0.19327 -0.43023 0.18351 0.19334 -0.40671 0.14483 0.19336 0.35968 0.14187 0.19398 -0.39748 0.21434 0.19424 0.38444 0.14673 0.19440 -0.33763 -0.02942 0.19443 0.38963 0.16006 0.19468 0.34717 0.15457 0.19471 0.36884 0.18858 0.19475 -0.44049 0.18758 0.19479 0.32768 0.20194 0.19563 -0.44357 0.18871 0.19575 0.38016 0.17530 0.19635 0.36797 0.19731 0.19681 -0.43158 0.20550 0.19711 -0.36686 0.21379 0.19720 -0.35817 0.21238 0.19752 -0.35903 0.20292 0.19788 -0.36098 0.20297 0.19807 0.37905 0.10542 0.19832 0.36157 0.18651 0.19848 -0.43252 0.21265 0.19932 0.43242 0.04274 0.19937 0.29995 -0.11600 0.19947 -0.42184 0.04126 0.19951 0.30474 0.19732 0.19952 0.30557 0.19013 0.20091 0.59637 0.14468 0.20121 0.39344 0.11931 0.20136 0.28443 -0.18899 0.20141 0.30610 0.17696 0.20164 0.36415 0.12308 0.20200 -0.43943 0.10348 0.20209 -0.40903 0.12396 0.20238 -0.30475 -0.11484 0.20342 0.29420 -0.19312 0.20390 0.43115 0.18639 0.20406 0.37100 0.15654 0.20416 -0.30008 0.19932 0.20424 0.29853 0.19632 0.20431 0.41583 0.18637 0.20437 -0.36310 0.21257 0.20438 -0.35871 0.20211 0.20475 -0.27917 0.00129 0.20492 0.42021 0.18536 0.20536 -0.42411 0.19063 0.20566 -0.28649 -0.09675 0.20572 0.28748 -0.09297 0.20602 -0.29456 0.18908 0.20628 0.29231 -0.15398 0.20650 -0.35864 0.21127 0.20708 0.43426 0.19395 0.20715 0.43924 0.18367 0.20722 0.29553 0.17524 0.20742 0.27760 -0.00543 0.20749 0.35751 0.10610 0.20763 -0.29693 -0.17889 0.20793 -0.43104 0.19219 0.20807 0.42010 0.17237 0.20824 0.30387 0.18678 0.20844 0.43017 0.17342 0.20875 0.32568 0.09067 0.20896 -0.42350 0.20459 0.20934 -0.42798 0.21138 0.20943 0.37019 0.16649 0.20954 -0.30798 -0.08473 0.20958 -0.43280 0.20249 0.21077 0.33232 0.08280 0.21101 0.28299 -0.08933 0.21119 0.30344 0.19655 0.21123 0.28739 0.18155 0.21127 0.34289 0.12124 0.21139 0.32116 -0.06902 0.21164 -0.38314 -0.00297 0.21170 -0.41234 0.18928 0.21170 0.43995 0.07268 0.21219 -0.32000 0.10252 0.21237 0.37492 0.12091 0.21310 -0.42777 0.06682 0.21319 0.29568 0.20634 0.21339 0.35079 -0.03706 0.21400 0.36497 -0.02317 0.21403 0.44300 0.18128 0.21409 0.43627 0.20055 0.21415 -0.27513 0.09733 0.21420 0.40143 0.08071 0.21456 -0.29439 0.19952 0.21466 -0.29255 0.18727 0.21485 0.39582 0.12068 0.21492 0.44395 0.16650 0.21507 0.40220 0.12521 0.21561 0.44179 0.17307 0.21567 -0.41007 0.20078 0.21615 -0.43377 0.07306 0.21635 0.44730 0.13607 0.21661 -0.29264 0.20883 0.21704 0.41438 0.01893 0.21730 0.33109 0.13143 0.21735 -0.28072 -0.08995 0.21768 0.41180 0.00965 0.21776 0.32809 0.08324 0.21797 0.29442 0.19662 0.21804 0.42944 0.19579 0.21810 -0.43335 0.20226 0.21810 -0.28710 0.18621 0.21810 0.45164 0.19085 0.21827 0.43268 0.17858 0.21828 -0.42136 0.20219 0.21832 0.36162 0.08207 0.21852 -0.32858 0.09558 0.21862 -0.43057 0.21151 0.21865 0.36529 0.11335 0.21869 0.30489 0.19857 0.21880 0.32566 0.08833 0.21882 -0.28258 0.19522 0.21882 0.42146 0.18402 0.21889 0.40710 0.08465 0.21892 0.38716 -0.00934 0.21913 0.37634 0.11412 0.21926 0.32565 0.12707 0.21933 0.44133 0.19570 0.21984 0.38876 0.11906 0.21991 0.36802 0.15064 0.21992 0.35501 0.11152 0.21994 0.40755 0.19418 0.22012 0.33009 0.08616 0.22017 -0.28218 0.21258 0.22021 0.38909 0.10628 0.22022 0.28647 0.06959 0.22035 0.29901 0.16962 0.22038 0.35690 0.11874 0.22042 0.33330 0.18653 0.22057 0.40766 0.12983 0.22091 0.28498 -0.02436 0.22111 -0.30481 0.18786 0.22119 0.34486 0.12096 0.22119 0.34576 0.10858 0.22132 0.33906 0.10691 0.22145 -0.31885 0.14093 0.22169 0.42275 0.19050 0.22174 0.40094 0.12964 0.22196 0.33951 0.11987 0.22241 0.40183 0.19362 0.22250 0.28276 0.07848 0.22256 0.32735 0.19185 0.22261 0.31490 0.17547 0.22263 0.34330 0.13077 0.22264 0.44564 0.16794 0.22288 0.31594 0.19446 0.22288 0.40988 0.10123 0.22295 0.31446 0.18690 0.22329 -0.39886 0.09728 0.22337 -0.30239 0.20622 0.22348 -0.32615 0.14452 0.22366 0.44143 0.12872 0.22374 0.36916 0.19384 0.22376 -0.29343 0.21095 0.22419 -0.37561 0.09503 0.22421 -0.43309 0.18876 0.22437 -0.44603 0.19887 0.22444 0.33629 0.19398 0.22479 -0.39898 0.14603 0.22481 -0.29840 -0.12678 0.22488 0.32600 0.13091 0.22491 -0.32507 0.09608 0.22510 0.43805 0.20425 0.22538 -0.32085 0.10151 0.22579 -0.33663 -0.03661 0.22617 0.32283 0.10569 0.22632 -0.31300 0.19627 0.22721 0.40968 0.12391 0.22763 -0.40524 0.01957 0.22784 -0.40194 0.10196 0.22793 -0.29399 0.22006 0.22803 0.28611 0.19814 0.22809 -0.36718 0.09623 0.22822 0.39119 0.08952 0.22823 -0.43680 0.18257 0.22831 -0.44013 0.14288 0.22842 -0.30067 -0.15270 0.22846 0.40278 0.19254 0.22847 0.33378 0.19572 0.22851 -0.32417 0.19928 0.22860 0.29473 0.17705 0.22877 0.33400 0.18571 0.22881 -0.42916 0.21219 0.22906 0.30121 0.20498 0.22920 0.29567 0.19635 0.22930 0.40751 0.10362 0.22932 0.37659 0.12359 0.22942 0.34508 0.09143 0.22950 0.28749 0.09904 0.22962 0.35622 0.12979 0.22964 -0.41251 0.20865 0.22967 -0.35847 -0.01371 0.22988 -0.39810 0.21064 0.22990 -0.32385 0.20751 0.22991 0.37792 0.19471 0.22995 -0.33655 0.13904 0.22998 0.40981 0.18394 0.23005 -0.31402 0.20884 0.23010 0.38070 0.26016 0.23016 0.36858 0.19647 0.23025 0.38575 0.12913 0.23031 0.43044 0.19432 0.23038 0.30315 0.19854 0.23057 0.37491 -0.02253 0.23061 -0.30497 0.19897 0.23065 0.35948 0.19355 0.23068 -0.39819 0.20079 0.23072 -0.28484 -0.01318 0.23083 -0.42767 0.19483 0.23092 0.36894 0.18366 0.23105 0.32467 0.18512 0.23107 0.29596 0.18418 0.23129 -0.32587 0.14432 0.23133 0.32364 0.15630 0.23150 0.41412 0.16542 0.23166 -0.31746 0.11840 0.23167 0.40170 0.10616 0.23177 -0.40072 0.14183 0.23186 -0.39304 0.20901 0.23187 0.43109 0.16155 0.23199 0.36603 0.09817 0.23202 -0.39287 0.14503 0.23218 0.39832 0.12132 0.23223 0.33328 0.10028 0.23224 0.35947 0.10320 0.23249 0.32559 0.12248 0.23260 0.44050 0.18097 0.23271 -0.41498 0.18863 0.23274 -0.43195 0.10330 0.23312 -0.36596 -0.01392 0.23318 -0.30126 -0.17522 0.23326 0.31878 0.16773 0.23328 0.44813 0.18603 0.23347 0.36720 0.21495 0.23382 0.31882 0.19051 0.23388 0.30408 0.17302 0.23399 0.29008 -0.18650 0.23402 -0.28002 0.20744 0.23413 -0.40195 0.02098 0.23423 -0.41104 0.18229 0.23447 0.33901 0.12834 0.23474 -0.41880 0.20957 0.23481 -0.40437 0.12073 0.23499 -0.41829 0.20032 0.23505 -0.42465 0.22084 0.23517 0.37145 0.15662 0.23528 -0.28596 0.19462 0.23537 0.28515 -0.18856 0.23593 0.30371 0.16451 0.23623 -0.36131 0.14394 0.23628 -0.32486 0.19848 0.23642 0.31417 0.16299 0.23651 0.35916 0.15609 0.23656 -0.31998 0.11290 0.23659 -0.28425 0.18708 0.23670 -0.43284 0.18257 0.23680 -0.29043 0.20846 0.23685 0.41925 0.18608 0.23687 -0.40898 0.20093 0.23689 -0.41179 0.20807 0.23708 0.42131 0.17112 0.23711 -0.38489 0.13931 0.23713 -0.34931 0.20912 0.23716 -0.32317 0.10636 0.23720 -0.35922 0.19816 0.23721 -0.40130 0.10905 0.23738 0.43571 0.17026 0.23741 -0.34787 0.10300 0.23775 -0.39745 0.19885 0.23785 -0.43203 0.18850 0.23785 0.41264 0.18221 0.23797 0.36821 0.24872 0.23803 0.37827 0.20125 0.23818 -0.43968 0.21443 0.23833 -0.29449 0.18473 0.23835 0.37272 0.25230 0.23859 0.39650 0.12643 0.23933 0.32545 0.18413 0.23945 -0.31264 0.19742 0.23949 -0.43164 0.21108 0.23975 -0.43370 0.14159 0.23975 -0.31108 0.18025 0.23975 0.35944 0.22876 0.24002 -0.31420 0.20793 0.24002 -0.29122 0.19497 0.24012 0.37790 0.22760 0.24018 0.37572 0.25096 0.24038 0.36381 0.25157 0.24047 -0.31155 0.18420 0.24049 0.31540 0.17184 0.24058 -0.29881 0.17353 0.24071 0.43540 0.19041 0.24072 0.32431 0.17135 0.24089 0.35864 0.19401 0.24090 0.32301 0.16677 0.24094 0.41248 0.16877 0.24143 -0.43939 0.18946 0.24151 0.36333 0.18199 0.24160 -0.39063 0.13599 0.24197 0.37873 0.19179 0.24214 -0.30316 0.18469 0.24228 -0.35385 0.12188 0.24228 0.30502 0.19458 0.24233 0.39426 0.14578 0.24252 -0.38163 0.12259 0.24291 -0.32647 0.13921 0.24300 -0.29006 -0.17567 0.24305 -0.35405 0.20659 0.24308 -0.36404 0.20772 0.24334 0.31454 0.18784 0.24355 -0.43165 0.19837 0.24356 0.33409 0.18313 0.24361 0.40097 0.18252 0.24368 0.30539 -0.09742 0.24402 0.36209 0.21028 0.24408 -0.29547 0.17695 0.24411 0.43064 0.18093 0.24414 -0.39277 0.13648 0.24427 -0.32172 -0.05235 0.24440 -0.28850 -0.00407 0.24459 -0.29021 -0.08635 0.24460 0.37820 0.21343 0.24499 0.36102 0.25752 0.24514 -0.36422 0.19156 0.24524 0.36337 0.25086 0.24562 0.36900 0.19526 0.24584 -0.31323 0.17913 0.24636 0.36932 0.23187 0.24652 -0.42443 0.18801 0.24657 0.42169 0.18573 0.24674 -0.35828 0.19753 0.24702 0.30476 0.18313 0.24707 -0.29226 0.20631 0.24714 -0.29021 0.19319 0.24714 0.37737 0.25054 0.24718 -0.35586 0.21805 0.24779 0.40291 0.16455 0.24783 -0.31596 0.19613 0.24791 -0.42327 0.05170 0.24804 0.30365 -0.11503 0.24836 -0.40039 0.19854 0.24837 -0.35658 0.20870 0.24879 -0.42938 0.20876 0.24884 0.34096 0.16293 0.24915 -0.41110 0.19848 0.24915 -0.30444 0.19678 0.24917 0.33549 0.17049 0.24926 0.40220 0.16919 0.24939 0.36914 0.24941 0.24959 0.35695 0.19263 0.24977 -0.33300 0.15757 0.24992 -0.41676 0.20605 0.25030 0.30859 0.17114 0.25045 -0.30877 -0.09083 0.25049 -0.32548 0.19660 0.25052 0.38987 0.18300 0.25080 0.32607 0.17241 0.25081 -0.41917 0.19927 0.25097 0.38936 0.19360 0.25116 0.28665 -0.02023 0.25126 0.37934 0.26010 0.25135 0.35403 0.20339 0.25137 0.34800 0.18384 0.25157 0.32911 0.16167 0.25168 -0.29674 0.17874 0.25176 0.36999 0.19108 0.25185 -0.41968 0.17681 0.25190 0.33914 0.18307 0.25208 0.30536 0.16633 0.25235 0.28932 0.08867 0.25245 0.42055 0.18924 0.25268 0.28744 0.09396 0.25284 0.39705 0.19307 0.25288 0.43015 0.06101 0.25319 -0.40977 0.18458 0.25338 -0.32320 0.17803 0.25468 -0.31743 0.20711 0.25475 0.36476 0.18265 0.25486 0.29480 -0.15790 0.25502 0.38662 0.19821 0.25521 0.39641 0.18234 0.25536 -0.39310 0.18043 0.25547 -0.30370 0.20389 0.25595 0.41925 0.16894 0.25706 -0.28475 -0.00809 0.25726 -0.31061 0.17557 0.25745 -0.38299 0.17611 0.25756 0.31811 -0.07171 0.25802 -0.31991 -0.06372 0.25808 0.31619 0.16959 0.25823 0.34555 0.19326 0.25836 0.42753 0.16320 0.25854 0.33754 0.19367 0.25867 -0.33489 0.19718 0.25868 -0.41968 0.20429 0.25869 0.40551 0.15861 0.25890 0.35980 0.23985 0.25912 -0.38935 0.19514 0.25951 -0.35269 0.20655 0.25957 -0.43238 0.10438 0.25963 -0.33360 0.20554 0.25985 -0.36826 0.19667 0.25997 0.38343 0.18101 0.25998 -0.37823 0.20869 0.26000 0.28864 -0.18214 0.26059 -0.29009 -0.09428 0.26061 -0.37848 0.19819 0.26069 0.41180 0.18136 0.26077 0.33690 0.18238 0.26082 -0.30254 0.19196 0.26093 0.39189 -0.00692 0.26104 -0.31389 0.18313 0.26147 -0.31153 0.19989 0.26151 0.32119 0.19107 0.26163 0.38006 0.24821 0.26165 0.38952 0.19129 0.26171 0.40234 0.17930 0.26204 -0.35184 0.19639 0.26231 -0.28997 -0.08878 0.26241 0.33987 0.16743 0.26246 0.37313 0.48829 0.26309 -0.32459 0.18919 0.26313 0.44135 0.16471 0.26364 0.35939 0.25191 0.26385 -0.30854 -0.07898 0.26399 0.32398 0.18270 0.26417 0.37707 0.23095 0.26424 -0.41369 0.18574 0.26424 0.35194 -0.03587 0.26445 0.36223 0.23091 0.26452 -0.40779 0.20578 0.26454 0.39188 0.16746 0.26470 -0.38410 0.20659 0.26474 0.36960 0.48487 0.26511 -0.39474 0.18437 0.26521 0.34512 0.16220 0.26529 0.43944 0.12209 0.26540 0.37996 0.48442 0.26554 0.41274 0.18770 0.26703 -0.30005 -0.12859 0.26736 -0.39832 0.19666 0.26739 -0.42475 0.07596 0.26807 0.38054 0.48234 0.26826 0.29777 -0.13524 0.26847 0.36855 0.47965 0.26898 0.40039 0.18056 0.26907 -0.40965 0.19692 0.26911 -0.39070 0.17650 0.26925 0.37768 0.21084 0.26929 -0.33182 0.17553 0.26947 -0.31134 0.19573 0.26992 0.34945 0.16923 0.26993 0.33620 -0.05021 0.27008 0.28758 -0.18290 0.27041 -0.27570 0.08738 0.27055 0.37073 0.18038 0.27073 -0.34254 0.19482 0.27075 0.37319 0.16501 0.27081 -0.33904 0.20435 0.27085 0.43750 0.15626 0.27091 0.39003 0.19563 0.27119 -0.38736 0.20769 0.27164 -0.33052 -0.04359 0.27164 0.34785 0.19077 0.27185 0.37263 0.47612 0.27199 0.29436 -0.18141 0.27205 -0.34780 -0.02528 0.27218 0.34877 0.18149 0.27247 0.38266 0.20944 0.27261 0.33641 0.18931 0.27266 0.39135 0.18925 0.27270 -0.43106 0.18211 0.27277 0.28795 -0.10680 0.27281 -0.29756 -0.17259 0.27289 -0.40544 0.20445 0.27311 0.31616 -0.08222 0.27324 0.36934 0.18899 0.27328 -0.38230 0.19619 0.27332 -0.31494 0.18208 0.27354 -0.32364 0.20266 0.27365 0.38364 0.18069 0.27391 0.35470 0.20266 0.27395 0.28256 -0.17928 0.27434 0.42141 0.03953 0.27495 0.38006 0.20021 0.27588 0.39153 0.16652 0.27626 0.36404 0.18821 0.27685 -0.35846 0.17461 0.27690 -0.42998 0.13947 0.27777 -0.33326 0.18230 0.27803 0.34702 0.17420 0.27831 -0.34671 0.18334 0.27835 -0.35742 0.18223 0.27852 -0.42346 0.08914 0.27912 -0.33643 0.19522 0.27915 -0.38557 0.18392 0.27955 -0.28670 -0.09505 0.27962 -0.37620 0.19531 0.27965 0.31609 -0.07552 0.27975 -0.37514 -0.00473 0.28092 -0.35660 0.20347 0.28098 -0.28728 -0.16726 0.28133 -0.33542 0.20279 0.28145 -0.38844 0.19008 0.28151 -0.35723 0.19609 0.28161 0.36606 0.18439 0.28183 -0.39659 0.01773 0.28280 -0.37576 0.20182 0.28298 -0.29050 -0.16999 0.28390 0.42935 0.08125 0.28599 0.30100 -0.11304 0.28734 -0.35912 0.18020 0.28796 -0.36753 0.20433 0.28799 -0.30303 -0.10056 0.28959 -0.40727 0.03686 0.28973 -0.35259 0.19272 0.29185 -0.28067 -0.09488 0.29187 0.40839 0.02002 0.29210 -0.28186 0.10390 0.29296 -0.27977 0.09654 0.29361 0.28437 -0.09729 0.29507 0.39977 0.00216 0.29743 0.28498 0.08266 0.29759 0.43171 0.12181 0.29902 0.27998 -0.10583 0.29948 0.28400 -0.11592 0.29981 -0.28542 -0.08559 0.30100 -0.36409 -0.01054 0.30233 -0.28043 0.17124 0.30321 0.43320 0.15841 0.30407 -0.42103 0.09257 0.30528 0.28967 -0.17164 0.30583 0.29017 -0.01234 0.30726 0.28793 -0.17494 0.30786 0.28545 -0.02644 0.30921 0.35920 -0.02857 0.31025 -0.42718 0.17604 0.31071 0.41163 0.02579 0.31239 -0.28567 -0.10301 0.31245 -0.28772 -0.00103 0.31536 -0.41083 0.04981 0.31580 -0.30313 -0.12232 0.31724 -0.28782 -0.01001 0.32015 0.33303 -0.05674 0.32147 0.28746 0.08397 0.32147 0.31039 -0.09869 0.32172 0.28808 0.08627 0.32197 -0.42140 0.13231 0.32204 -0.27711 -0.00554 0.32288 0.23828 0.15604 0.32586 -0.33398 -0.04052 0.32802 -0.29937 -0.16104 0.32810 -0.28140 0.09738 0.32824 0.28891 0.11544 0.32854 0.29022 -0.02284 0.32903 0.28651 -0.00843 0.32928 -0.36193 -0.01476 0.32931 0.41992 0.05570 0.32973 -0.28245 -0.01582 0.33007 0.29619 -0.16772 0.33033 0.26537 0.11743 0.33113 -0.41903 0.17335 0.33191 -0.38993 0.01434 0.33292 0.25876 0.14783 0.33317 0.28667 0.15363 0.33354 0.38065 0.16421 0.33374 -0.41328 0.06499 0.33375 0.33310 0.16360 0.33381 -0.23174 0.15872 0.33423 -0.28095 0.12638 0.33463 0.40969 0.16357 0.33472 0.34693 -0.04199 0.33473 0.23897 0.16121 0.33485 0.29413 0.17476 0.33486 0.40196 0.17199 0.33516 0.23195 0.17577 0.33521 0.28510 0.11439 0.33616 0.26683 0.15604 0.33666 0.33306 0.17448 0.33705 0.30256 -0.12742 0.33706 0.42912 0.15380 0.33717 0.38129 0.17254 0.33722 0.38266 -0.00626 0.33743 -0.25428 0.12828 0.33764 0.26218 0.17295 0.33783 -0.28746 -0.00416 0.33817 0.30522 0.17245 0.33824 0.29157 -0.00449 0.33894 0.24104 0.14905 0.33936 0.37704 -0.00973 0.33940 -0.23798 0.17510 0.33959 -0.24403 0.15667 0.33960 -0.22017 0.18406 0.33987 -0.27678 0.16559 0.34051 -0.23607 0.18741 0.34065 -0.22226 0.16989 0.34072 -0.28270 0.17719 0.34115 -0.25800 0.16499 0.34120 0.33295 0.16401 0.34166 0.28467 0.17056 0.34176 0.27116 0.14336 0.34199 -0.22404 0.18307 0.34214 -0.29277 0.18584 0.34236 0.38370 0.04426 0.34238 0.26439 0.16643 0.34238 0.38170 0.04430 0.34241 0.17453 0.14332 0.34270 0.26675 0.14137 0.34280 0.18973 0.15261 0.34291 0.21863 0.15211 0.34297 0.16800 0.15240 0.34331 -0.25603 0.18289 0.34333 -0.37401 0.17720 0.34338 0.14426 0.15469 0.34338 0.29284 0.04604 0.34342 -0.34254 0.18061 0.34344 -0.31734 0.18019 0.34345 -0.38724 0.18667 0.34351 0.09317 0.15525 0.34352 0.38265 0.16322 0.34360 0.20154 0.15894 0.34364 0.11471 0.15352 0.34365 0.42608 0.12386 0.34375 0.12118 0.15554 0.34381 0.27199 0.16408 0.34382 -0.39781 0.18855 0.34393 -0.33682 -0.03028 0.34399 0.06258 0.15786 0.34404 0.35942 0.17240 0.34406 0.06731 0.15610 0.34443 -0.00692 0.15525 0.34454 -0.22325 0.17965 0.34463 0.35245 0.15982 0.34466 0.29155 0.12142 0.34468 -0.39331 0.17565 0.34473 -0.28828 0.00683 0.34473 -0.23114 0.16155 0.34496 -0.32561 0.18744 0.34500 0.40642 0.14494 0.34500 0.42284 0.15798 0.34502 0.37976 0.17212 0.34507 -0.31230 -0.08033 0.34522 -0.34804 0.18637 0.34523 -0.00905 0.15734 0.34533 0.01882 0.15762 0.34541 -0.05653 0.15773 0.34552 0.28299 0.15333 0.34557 -0.36838 0.18607 0.34557 -0.10998 0.15857 0.34565 -0.08038 0.15870 0.34574 -0.37826 0.00859 0.34578 -0.37509 0.18839 0.34580 0.29364 0.13130 0.34582 -0.27659 0.12525 0.34608 -0.08581 0.16231 0.34627 -0.15891 0.16678 0.34636 0.37342 -0.01899 0.34641 0.32450 0.17302 0.34643 -0.13354 0.15968 0.34676 -0.17904 0.16117 0.34681 0.40815 0.15848 0.34682 -0.22819 0.16067 0.34684 0.24018 0.16332 0.34684 0.40654 0.17023 0.34687 -0.15419 0.16122 0.34705 -0.16079 0.16145 0.34712 0.28644 0.06237 0.34712 0.30594 0.15570 0.34724 -0.20800 0.16221 0.34737 0.29383 0.17297 0.34743 0.23494 0.17235 0.34750 -0.18505 0.16171 0.34783 -0.25358 0.16134 0.34789 -0.28512 -0.09580 0.34806 -0.00771 0.16571 0.34814 -0.27495 0.18426 0.34815 0.16653 0.16303 0.34831 -0.25883 0.16375 0.34834 -0.27030 0.15379 0.34840 0.30814 0.16119 0.34844 -0.28665 -0.15040 0.34856 -0.26096 0.15364 0.34876 0.04278 0.16655 0.34883 -0.28082 0.12489 0.34889 0.21994 0.14370 0.34889 0.41278 0.06505 0.34898 0.11698 0.16526 0.34904 0.30957 0.14197 0.34923 -0.10794 0.16728 0.34933 0.24649 0.16483 0.34950 0.14199 0.16494 0.34951 0.09372 0.14524 0.34968 0.11684 0.14374 0.34987 -0.28702 0.05735 0.34995 -0.05671 0.16817 0.34996 0.21352 0.16465 0.35032 -0.29900 0.18051 0.35038 0.09094 0.16612 0.35040 -0.26125 0.17487 0.35044 0.06956 0.14665 0.35054 0.04185 0.14721 0.35081 0.31187 0.12730 0.35087 -0.37699 0.05911 0.35090 -0.03260 0.14798 0.35098 0.04540 0.16797 0.35099 -0.05733 0.14921 0.35121 0.01386 0.14571 0.35135 0.06924 0.16779 0.35143 0.28653 0.12336 0.35147 -0.32339 0.17694 0.35166 -0.08445 0.14887 0.35185 -0.31388 0.18691 0.35190 -0.13144 0.17011 0.35191 -0.41017 0.17467 0.35192 -0.28200 0.14172 0.35199 0.30668 0.13423 0.35208 -0.15819 0.15018 0.35219 0.29295 0.12242 0.35221 -0.18158 0.17152 0.35223 0.14663 0.14310 0.35230 0.29283 0.13649 0.35247 -0.41270 0.09008 0.35249 -0.28433 0.14815 0.35274 -0.32429 0.18580 0.35279 -0.18144 0.15086 0.35285 0.12002 0.16739 0.35288 -0.23581 0.17338 0.35291 -0.37158 0.18029 0.35297 0.05387 0.14562 0.35329 -0.11002 0.14856 0.35330 -0.08284 0.16978 0.35335 -0.36802 0.18676 0.35357 -0.34718 0.17377 0.35358 0.32635 -0.06485 0.35366 -0.27277 0.18091 0.35376 -0.20931 0.15006 0.35385 0.31492 0.15258 0.35391 -0.30173 0.17543 0.35396 0.28679 -0.16002 0.35398 0.25555 0.14110 0.35410 0.41138 0.15187 0.35412 0.39851 0.16832 0.35413 -0.15588 0.17225 0.35417 0.40344 0.13925 0.35421 0.14071 0.16729 0.35422 -0.41500 0.16962 0.35423 -0.29542 0.16628 0.35434 -0.30035 0.17239 0.35447 -0.20610 0.15097 0.35467 0.11524 0.14527 0.35467 0.16547 0.14366 0.35468 -0.30332 -0.11590 0.35471 0.02226 0.14719 0.35475 0.31293 0.15995 0.35477 -0.39735 0.16798 0.35480 -0.22020 0.18126 0.35480 0.40026 0.15311 0.35480 0.40144 0.15798 0.35481 -0.28457 0.13445 0.35487 0.35707 0.15901 0.35488 0.28168 0.16642 0.35505 -0.34626 0.18563 0.35511 0.05372 0.14539 0.35531 0.21566 0.14285 0.35544 -0.29486 -0.14719 0.35560 0.35637 0.17094 0.35571 0.16863 0.16612 0.35577 0.41084 0.15821 0.35579 -0.29929 0.13993 0.35586 0.12016 0.14405 0.35596 -0.40301 0.18404 0.35617 -0.30246 0.16399 0.35650 -0.28180 0.17887 0.35661 0.06336 0.16843 0.35670 -0.02856 0.17053 0.35674 -0.39217 0.17441 0.35686 0.14265 0.14389 0.35687 0.29391 0.17253 0.35690 0.31563 0.17088 0.35693 0.28189 0.07156 0.35716 -0.29207 0.18471 0.35716 0.01696 0.14583 0.35727 0.30507 0.16007 0.35746 -0.03598 0.14736 0.35752 -0.08646 0.17164 0.35758 0.29089 0.15983 0.35765 -0.17850 0.14903 0.35783 -0.05779 0.14696 0.35803 -0.09625 0.14820 0.35809 0.09252 0.14403 0.35816 0.11875 0.16756 0.35824 -0.01061 0.16980 0.35827 -0.20701 0.15064 0.35832 0.42093 0.15219 0.35837 -0.13292 0.14910 0.35845 0.26595 0.17112 0.35860 0.28371 0.06613 0.35894 0.38050 0.16016 0.35896 -0.28016 0.13422 0.35897 0.29354 0.12979 0.35920 -0.39401 0.15446 0.35933 -0.16111 0.15051 0.35962 0.12061 0.16661 0.35975 -0.05784 0.17035 0.35978 -0.30254 0.15278 0.35978 -0.29442 0.15348 0.35979 -0.00381 0.16873 0.35983 0.23006 0.17203 0.35985 0.09393 0.16768 0.35993 -0.07990 0.14796 0.35998 0.01964 0.16931 0.36000 -0.37156 0.17425 0.36002 -0.28395 0.14091 0.36013 -0.03060 0.14572 0.36035 -0.38116 0.00918 0.36038 -0.25282 0.18053 0.36085 -0.29824 -0.14783 0.36088 -0.13352 0.17195 0.36093 -0.20662 0.17349 0.36097 -0.15270 0.17128 0.36101 -0.10895 0.17149 0.36107 -0.02867 0.17000 0.36112 -0.18440 0.17334 0.36115 0.25026 0.16502 0.36138 0.06899 0.16776 0.36139 -0.33765 -0.03317 0.36142 -0.28198 0.14815 0.36143 -0.30297 0.16504 0.36148 -0.38899 0.16675 0.36163 -0.16091 0.17262 0.36166 0.38152 0.17214 0.36170 -0.18519 0.14954 0.36184 -0.15715 0.14883 0.36194 -0.29188 0.17223 0.36201 0.28440 0.11205 0.36204 -0.22995 0.15091 0.36212 0.33467 0.17182 0.36292 -0.30444 0.18133 0.36310 -0.23490 0.17481 0.36318 0.27117 0.14079 0.36324 -0.29263 0.16544 0.36363 0.41392 0.16769 0.36370 -0.34587 0.17239 0.36372 0.28808 -0.15245 0.36375 -0.17970 0.17155 0.36381 -0.25747 0.17316 0.36390 -0.39930 0.16560 0.36409 0.30547 0.17025 0.36417 -0.38753 0.18483 0.36427 0.28816 0.05670 0.36437 -0.32988 0.18441 0.36456 0.33435 0.16113 0.36459 -0.39070 0.17325 0.36494 0.27130 0.16232 0.36506 0.20916 0.15164 0.36508 0.25425 0.11968 0.36514 0.18924 0.15412 0.36530 -0.21965 0.18033 0.36545 0.17032 0.15786 0.36569 0.19410 0.15335 0.36629 -0.01999 0.14890 0.36635 0.12776 0.15336 0.36635 0.24278 0.15277 0.36643 0.16546 0.15339 0.36643 0.27082 0.12309 0.36674 0.27102 0.15077 0.36682 0.29306 0.15798 0.36691 0.03504 0.15462 0.36700 0.25492 0.16513 0.36708 0.28415 0.16330 0.36717 0.06139 0.14513 0.36728 0.07888 0.15570 0.36758 -0.00718 0.15707 0.36767 0.26328 0.15034 0.36771 -0.27626 0.12101 0.36773 0.38157 0.15923 0.36786 0.25242 0.14359 0.36826 -0.02830 0.15768 0.36840 -0.05705 0.15782 0.36850 0.10574 0.16056 0.36856 -0.03493 0.15605 0.36856 0.22989 0.14451 0.36859 0.37922 0.16859 0.36902 -0.08062 0.15932 0.36907 0.00529 0.16828 0.36913 0.01902 0.16058 0.36923 -0.32074 0.18536 0.36925 -0.26080 0.15110 0.36928 -0.30681 0.17175 0.36931 -0.15329 0.15756 0.36934 0.31932 0.15953 0.36948 0.29302 0.17018 0.36968 -0.12193 0.16232 0.36975 0.33333 0.17055 0.36977 0.23231 0.16722 0.36996 0.28666 0.12776 0.37000 -0.37897 0.15191 0.37054 0.28931 0.11110 0.37061 -0.28170 -0.00473 0.37076 -0.27099 0.17068 0.37077 0.26038 0.16820 0.37083 0.25931 0.11270 0.37085 -0.22918 0.16175 0.37118 -0.11789 0.16793 0.37146 -0.24952 0.13712 0.37148 -0.25934 0.17319 0.37168 -0.25356 0.16186 0.37231 -0.29962 -0.10980 0.37231 -0.23628 0.16022 0.37258 0.26179 0.12506 0.37270 -0.31283 -0.06481 0.37302 -0.37376 0.17488 0.37309 0.35057 0.16025 0.37313 0.28933 0.14840 0.37315 -0.27947 0.16906 0.37317 -0.39561 0.05329 0.37323 -0.26005 0.15997 0.37333 0.29318 -0.14702 0.37382 0.40951 0.15590 0.37385 -0.32711 0.17262 0.37398 -0.22500 0.13899 0.37410 -0.39998 0.18205 0.37419 -0.24214 0.17668 0.37434 -0.40565 0.17316 0.37461 -0.21983 0.16099 0.37471 -0.29057 0.18169 0.37517 -0.27276 0.17829 0.37517 0.40360 0.16915 0.37527 0.26825 0.14848 0.37545 0.39273 0.01400 0.37551 0.29241 0.06260 0.37564 0.36822 0.16721 0.37570 -0.37052 0.18347 0.37584 0.23723 0.14044 0.37608 0.32829 0.16720 0.37609 -0.35668 0.17386 0.37611 0.27882 0.15942 0.37621 -0.32284 0.18279 0.37656 0.29904 0.16882 0.37691 0.26957 0.17073 0.37695 -0.28061 0.13030 0.37696 0.23134 0.17012 0.37724 -0.24506 0.12746 0.37759 -0.22805 0.15518 0.37777 -0.41028 0.13046 0.37840 0.24509 0.15281 0.37937 0.31452 -0.07791 0.37980 -0.24233 0.14839 0.38101 -0.27877 0.16405 0.38172 -0.25631 0.15691 0.38186 -0.38022 0.17675 0.38198 -0.27120 0.17164 0.38225 -0.22000 0.18140 0.38231 -0.30546 0.17179 0.38257 -0.25172 0.17950 0.38268 -0.28534 0.07875 0.38308 -0.28392 0.18119 0.38312 -0.36267 -0.00053 0.38318 0.29974 -0.12382 0.38341 -0.32230 0.18111 0.38344 -0.31764 0.18185 0.38366 -0.23206 0.16445 0.38389 -0.39564 0.18612 0.38395 -0.40233 0.10610 0.38453 -0.35313 0.18169 0.38496 0.30858 -0.09648 0.38536 -0.28899 -0.13717 0.38631 -0.28223 -0.02161 0.38927 0.37586 -0.00138 0.39015 0.23473 0.14600 0.39069 -0.39157 0.04206 0.39140 0.29274 0.07035 0.39150 -0.30670 -0.08527 0.39273 0.32816 -0.05351 0.39287 0.30955 -0.08762 0.39331 0.24370 0.15084 0.39418 0.35931 -0.02010 0.39430 0.29691 -0.14139 0.39430 0.41332 0.14824 0.39504 -0.28536 -0.01247 0.39558 -0.23456 0.15957 0.39587 0.21346 0.15884 0.39632 -0.27927 -0.01343 0.39708 -0.22165 0.15202 0.39856 0.19365 0.14457 0.39960 0.40706 0.10810 0.40058 -0.20807 0.16604 0.40165 -0.34252 -0.01972 0.40257 0.41059 0.11170 0.40272 -0.38112 0.03253 0.40445 -0.18575 0.15849 0.40548 0.38537 0.01989 0.40880 -0.40374 0.16463 0.40963 -0.29753 -0.11336 0.40971 -0.31811 -0.05783 0.41342 0.33713 -0.04320 0.41377 0.28335 -0.02750 0.41570 -0.39686 0.16427 0.41587 -0.35719 -0.00388 0.41619 0.29010 -0.12963 0.41646 -0.36483 0.01051 0.41684 0.39236 0.04313 0.41994 -0.28679 -0.12082 0.42071 -0.28334 0.15925 0.42438 -0.39161 0.07420 0.42673 -0.38224 0.05091 0.42743 0.30916 -0.08954 0.42894 0.28976 -0.10339 0.42930 -0.39351 0.12554 0.42947 -0.28137 0.08392 0.43299 -0.37279 0.02689 0.43327 0.30305 -0.10505 0.43431 0.32617 -0.04760 0.43555 0.28707 -0.04020 0.43573 -0.29487 -0.11314 0.43599 0.28933 0.07506 0.43660 -0.36792 0.02689 0.43677 0.39982 0.11052 0.43806 -0.28057 0.08668 0.43821 0.36794 0.00319 0.43876 0.39891 0.13777 0.43881 0.38760 0.05824 0.43893 0.29586 -0.11159 0.43897 0.29067 0.05531 0.43913 0.39440 0.07134 0.43926 0.29011 0.06928 0.44079 -0.28704 -0.04176 0.44256 -0.31862 -0.03929 0.44275 0.28636 0.06554 0.44387 0.28749 -0.02354 0.44600 -0.30050 -0.07841 0.44644 0.35288 -0.00750 0.44675 -0.33829 -0.01078 0.44856 -0.38722 0.15863 0.44900 -0.27898 0.06539 0.45039 -0.28261 -0.02558 0.45180 -0.28226 -0.00798 0.45230 -0.28814 -0.09730 0.45323 -0.30457 -0.07664 0.45377 0.28633 0.05603 0.45596 -0.28719 -0.08317 0.45610 0.38362 0.04708 0.45631 0.29689 -0.11007 0.45662 -0.28577 -0.09473 0.45780 0.29112 -0.05108 0.45939 0.33028 -0.03698 0.46149 -0.37318 0.06378 0.46240 -0.31259 -0.05038 0.46287 0.29241 -0.09884 0.46323 -0.28408 -0.02912 0.46395 -0.28055 -0.02230 0.46795 0.28770 -0.03052 0.46948 0.38532 0.09910 0.46954 -0.34057 -0.00252 0.47068 -0.28645 -0.09324 0.47113 -0.34744 0.01591 0.47390 -0.37826 0.15680 0.47443 0.59890 0.11784 0.47619 -0.37763 0.09473 0.47702 -0.28450 0.06754 0.47919 -0.28652 -0.04160 0.48002 0.28941 -0.08841 0.48007 0.38932 0.12590 0.48078 -0.27582 0.06882 0.48111 -0.38154 0.16053 0.48123 0.35326 0.00452 0.48260 -0.36549 0.05069 0.48280 -0.37388 0.12451 0.48303 -0.37593 0.15565 0.48384 0.38766 0.14094 0.48501 -0.29391 -0.07945 0.48537 0.38654 0.14479 0.48776 0.30358 -0.06752 0.48839 -0.28057 0.05712 0.49329 0.31646 -0.04672 0.49683 0.35682 0.02778 0.49704 0.29363 0.05552 0.49782 0.34256 0.00450 0.50059 -0.28286 -0.06703 0.50471 -0.34433 0.02535 0.50635 0.29717 -0.07226 0.50876 -0.31566 -0.01606 0.50958 0.28955 0.04416 0.51027 -0.35789 0.07461 0.51086 -0.28758 -0.05858 0.51182 -0.30287 -0.04016 0.51229 -0.27948 0.07360 0.51424 0.34633 0.01671 0.51496 -0.36431 0.12271 0.51569 -0.34366 0.04258 0.51979 -0.36415 0.15185 0.52169 0.35826 0.04806 0.52391 -0.35275 0.08450 0.52605 0.37252 0.13500 0.52664 0.34681 0.03518 0.52728 0.29234 -0.02824 0.52760 -0.29430 -0.04076 0.52780 0.30534 -0.03399 0.52809 0.28784 -0.04948 0.52872 -0.27699 0.06332 0.52934 0.36933 0.10083 0.53050 0.29002 0.05904 0.53131 -0.35797 0.10114 0.53499 -0.28539 -0.01161 0.53527 0.36028 0.07896 0.53585 -0.28228 0.14752 0.53768 0.34489 0.03425 0.53784 0.28977 0.04272 0.53815 0.29565 0.13535 0.53851 -0.30559 -0.01628 0.54058 -0.30098 -0.01459 0.54158 -0.35677 0.14918 0.54234 -0.35472 0.15436 0.54295 -0.27997 0.05619 0.54319 -0.33436 0.05245 0.54385 -0.29129 -0.03273 0.54438 -0.29271 -0.00835 0.54700 0.29943 -0.03692 0.55076 0.35865 0.11051 0.55276 -0.33777 0.06819 0.55295 -0.27967 0.06651 0.55346 0.30710 -0.00761 0.55823 0.35780 0.13403 0.55861 -0.28125 -0.01840 0.56004 0.32649 0.03206 0.56289 -0.32810 0.05433 0.56416 0.29420 0.04816 0.56760 -0.34187 0.12088 0.57082 -0.27957 0.06129 0.57142 0.35716 0.13361 0.57188 0.34391 0.07750 0.57199 0.31938 0.02374 0.57548 -0.29833 0.00846 0.57625 -0.28441 0.02754 0.57684 0.29020 0.04480 0.57734 -0.33416 0.09106 0.57787 -0.34312 0.14600 0.57929 -0.31105 0.04666 0.58099 -0.27787 0.14284 0.58247 0.34620 0.10878 0.58356 0.29191 0.00952 0.58451 0.29388 0.03223 0.58523 -0.28931 0.01093 0.58604 -0.33408 0.14487 0.58658 0.30730 0.02813 0.58753 0.32039 0.05301 0.58794 -0.33647 0.12250 0.58984 -0.32602 0.09492 0.60048 0.30849 0.04716 0.60352 -0.29386 0.05310 0.60404 0.30114 0.03681 0.60519 -0.31556 0.08339 0.60691 -0.28200 0.05339 0.60955 -0.29395 0.04877 0.61196 -0.30358 0.07524 0.61942 0.33298 0.12494 0.62437 -0.28224 0.06669 0.62664 0.29596 0.09221 0.62837 0.29546 0.12725 0.62850 0.29610 0.13115 0.62938 0.29212 0.08037 0.62994 -0.28217 0.09633 0.63000 0.32114 0.12749 0.63227 0.29366 0.08208 0.63445 -0.28086 0.14250 0.63559 -0.28089 0.13833 0.63653 0.32287 0.13081 0.63675 0.32213 0.11111 0.63676 0.29743 0.09881 0.63737 0.29680 0.12713 0.64005 -0.31204 0.14351 0.64060 0.30871 0.10572 0.64224 0.30662 0.12612 0.64419 0.30862 0.10034 0.64423 -0.30860 0.13599 0.64543 -0.27891 0.13506 0.64634 -0.29771 0.11160 0.64687 -0.29711 0.13854 0.64730 0.30877 0.12865 0.64930 -0.28507 0.12255 0.65107 -0.29174 0.14184</float_array>
          <technique_common>
            <accessor source="#geom_blueboat-positions-array" count="4297" stride="3">
              <param name="x" type="float"/>
              <param name="y" type="float"/>
              <param name="z" type="float"/>
            </accessor>
          </technique_common>
        </source>
        <vertices id="geom_blueboat-vertices">
          <input semantic="POSITION" source="#geom_blueboat-positions"/>
        </vertices>
        <triangles count="16756" material="mat_BlueBoat_Hulls">
          <input semantic="VERTEX" source="#geom_blueboat-vertices" offset="0"/>
          <p>961 908 928 4003 4024 4018 2022 2104 2039 1014 1036 1055 3920 3942 3928 2169 2189 2097 1689 1765 1754 1787 1416 2378 3969 3860 3740 4244 4254 4236 3969 4029 3981 3814 3834 3934 2223 1923 1928 64 27 70 3978 3970 3975 172 258 320 3898 3869 3795 220 200 226 2302 2379 2028 3499 3411 3445 3472 3405 3408 1329 1339 1326 2169 2202 2901 2169 2901 2202 4007 4052 4054 3638 2706 3485 3753 3731 3758 550 591 587 2350 2387 2324 2628 2840 3028 2169 2142 2163 94 204 90 3893 3894 4009 1396 1583 1434 261 303 319 3955 3981 4029 1223 1188 1168 3490 3355 3187 1289 1299 1328 362 398 348 4076 4072 4053 4246 4222 4247 3843 3767 3847 1969 2331 2431 1602 2539 2667 2408 2398 2458 2408 2458 2398 1305 1336 1299 3205 3029 3010 3173 3219 3204 3735 3744 3748 1537 1822 1628 715 712 655 3070 3164 3011 4039 3886 4037 3857 3776 3873 3408 3462 3427 1081 1078 1033 1413 1443 1372 3713 3727 3707 4003 4032 4024 2347 2406 2257 2948 3371 3059 3957 3991 4043 1440 1506 1552 4021 4032 4015 3963 3901 3795 1890 1950 1934 1042 1048 1055 216 203 236 4243 4290 4259 2142 2163 2110 2142 2110 2163 980 995 1030 3893 4009 3911 2971 2914 2972 2770 2618 2610 908 717 819 324 347 341 1597 1589 1728 1008 1035 972 3565 3537 3607 2703 561 2425 2703 2425 561 4027 3964 3968 852 1580 1433 3716 4173 3879 3716 3879 4173 3898 4006 3869 4076 4069 4075 1304 1231 1185 3700 3715 3704 2379 2554 2564 3271 3272 3412 4021 4018 4032 2014 2022 1989 2360 2243 2253 3030 3201 3054 3006 3056 3090 3812 3953 3853 4089 4111 4092 911 981 1014 3097 2896 3202 2664 1021 1637 3028 2972 3016 3981 4044 4052 1599 1498 1514 3087 3105 3102 860 774 971 4032 4018 4024 660 641 693 1597 2170 1859 3911 4016 3984 439 334 518 1777 1784 1791 1777 1791 1784 4054 4052 4055 2379 2554 2511 645 673 742 801 819 717 3796 3624 3667 2838 2830 2811 2838 2811 2830 3143 3166 3172 3955 3978 3981 364 344 345 3839 3847 3717 1047 958 1048 1047 1048 958 2694 2646 2652 1730 1648 2726 3714 3773 3748 3714 3748 3773 1312 1369 1385 3969 3981 3978 2673 2612 2635 4246 4255 4261 2993 3159 2587 1088 1080 1061 1493 1433 1521 2854 3162 3034 4003 4018 4019 3470 3379 3421 3856 3754 3859 3856 3859 3754 3713 3706 3712 4039 4066 4037 3683 3689 3693 343 312 331 1862 1790 1464 1393 1339 1336 3740 3716 3762 3740 3762 3716 4027 4051 4048 4027 4048 4051 2680 2762 2708 3204 3342 3233 3797 3917 3840 3978 4016 4010 2930 2906 3005 556 270 222 3896 4053 3953 2157 3642 2633 565 535 588 644 639 611 3127 3067 2922 1868 1595 1906 1868 1906 1595 3127 2922 3067 3681 3689 3694 2897 2803 2594 177 164 219 1472 2460 1557 1673 1545 1574 3967 4028 3991 1743 1663 1770 108 124 73 1965 1930 1949 1734 1593 1476 1768 2197 1816 3875 3748 3744 1393 1360 1523 127 116 115 3567 3547 3535 775 779 804 1026 1072 1078 775 804 779 179 180 204 3258 3172 3263 3258 3263 3172 2825 2808 2945 2965 1397 2075 1047 976 1010 434 427 418 3686 3776 3755 3955 3970 3978 404 298 276 576 591 797 277 48 213 3179 3127 3359 1039 1029 902 759 902 737 1964 2424 2074 3735 3681 3697 3735 3697 3681 3934 3834 3938 2880 2813 2752 2880 2752 2813 4043 4047 4050 1347 1968 2336 2571 2454 2501 422 450 436 3735 3690 3686 3161 3066 3095 3161 3095 3066 3606 3529 3505 3007 3073 3164 4040 4077 4068 4040 4068 4077 1676 1757 1819 3955 3975 3970 351 328 309 799 774 860 2080 2067 2271 2228 2220 2491 3381 3383 3420 3594 3449 3525 3307 3615 3354 448 553 453 2261 1710 1750 3629 3540 3178 1317 1328 1293 2733 2814 2834 3773 3694 3702 3728 3750 3733 545 529 528 1646 1612 1661 1646 1661 1612 3128 2920 3457 3143 3351 3258 3035 3088 3005 882 763 855 882 855 763 1457 1486 1455 3367 3479 3410 3012 3056 3062 3963 3795 3785 3170 3065 3158 3674 3323 4083 3717 3711 3747 2505 2474 2942 2582 2770 2769 94 97 204 94 204 97 408 390 402 4010 4061 4057 2361 2436 2435 3794 3788 3777 3342 3070 2954 1017 1044 1009 1017 1009 1044 2999 3153 3080 783 710 690 2845 3142 3050 4024 4077 4065 796 1000 914 3312 3293 3237 3620 3628 3616 2683 2696 2603 405 4274 2761 405 2761 4274 2346 2145 2136 823 843 828 3883 3991 4034 3050 3142 3363 3886 3767 3964 1956 2342 1942 601 600 637 3167 4112 3650 3964 3877 3847 2518 2394 2750 376 386 393 2002 2039 2112 3713 3699 3791 3596 3592 3583 3249 3184 2978 381 343 421 3471 3488 3293 1057 1084 1079 3797 3951 3864 889 983 906 710 778 678 4179 4215 4202 3697 3748 3744 220 130 192 733 816 923 3762 3833 3824 4004 4041 4030 4004 4030 4041 781 889 756 1743 1770 1824 472 566 478 189 181 87 189 87 181 4021 4019 4018 1948 1721 1700 3909 3696 3738 1404 1473 1523 318 285 444 4020 4036 4059 3955 3979 3975 2434 2311 2279 1702 1717 1770 1702 1770 1717 3008 3281 2964 3969 3778 3811 3896 3931 4053 1346 1811 1335 733 811 787 733 787 811 630 669 643 3335 3511 3507 3395 3298 3360 2216 2264 2215 2660 2795 2766 1039 993 1030 295 279 341 3967 4006 4009 2446 2202 2368 1842 2016 1887 2605 2352 2330 4283 4255 4271 4113 3861 4124 4035 4075 4069 779 403 427 4032 4064 4030 1057 1067 1079 2368 2677 2622 1944 1939 1907 1944 1907 1939 3574 3522 3548 1803 1829 1990 3627 3611 3619 1683 1677 1666 1683 1666 1677 3969 4016 4052 3969 4052 4016 3243 3302 3234 3061 3111 3309 4 1942 1540 3593 3623 3546 1528 1677 1666 2408 1708 1710 2066 2092 2082 1008 917 996 1008 996 917 1824 1805 1806 1910 3277 3106 316 324 506 2295 2270 2071 1864 1805 2040 849 838 1118 1690 1568 1583 3893 3785 3963 4035 4004 3958 3432 3554 3407 980 1029 1000 3847 3843 3848 3969 3975 3979 3561 3583 3571 3114 2871 3045 3969 3978 3975 1625 1638 1631 1625 1631 1638 1830 556 702 158 190 196 294 170 196 220 226 118 733 867 811 733 811 867 566 560 612 637 696 655 3256 3965 3241 958 948 946 958 946 948 3008 3033 3018 3569 3494 3647 1889 1931 1850 3934 3954 3842 2571 2853 2613 4018 4059 4040 2333 2523 2390 3959 4033 4115 3814 3934 3842 3364 3479 3367 3326 3018 3008 3376 3330 3411 3814 3842 3954 3814 3954 3842 468 475 486 2097 2049 2055 3166 3183 3296 3532 3531 3486 2219 2170 2682 2219 2682 2170 4021 3954 3934 97 109 195 960 957 843 4021 3814 3954 353 369 367 4021 3938 3834 397 405 402 4021 3934 3938 2559 2346 2491 4021 3945 3858 2535 2517 2373 3251 3328 3266 3475 3648 2780 3969 3811 3882 4021 3834 3945 2667 2539 2422 3290 2980 3396 3409 3321 3121 940 840 860 3127 3134 3220 3472 3524 3405 2673 2605 2612 2673 2612 2605 979 1059 962 4187 4245 4282 259 300 267 487 10 153 1544 1613 1581 3723 3835 3866 2559 2491 2696 169 297 263 660 995 980 3309 3516 3366 3953 3949 3853 2248 2480 2284 3953 3896 3949 4024 4077 4040 863 917 892 1325 1204 1481 1320 1324 1315 2571 2368 2613 1386 1369 1467 1386 1467 1369 3012 3013 3037 94 87 78 483 554 576 3793 3777 3752 3220 3078 3460 3981 4044 4029 1618 2475 1956 4015 4072 4067 4015 4067 4072 2612 2538 2608 97 96 87 4024 4059 4038 2679 2565 3115 3659 3568 3614 4020 4058 4063 3326 3541 3425 3113 3059 3041 3766 3818 720 976 1025 1010 764 786 822 389 458 535 3443 3430 3512 715 655 673 2571 2894 2853 3127 3176 3359 2003 1806 1985 690 750 669 690 669 750 476 580 542 1006 799 860 2279 2440 2311 540 1390 1541 2512 2619 2643 823 828 706 4013 4029 3982 3793 4065 3788 2571 2907 2996 1393 1396 1360 1247 1238 1271 3679 3665 3688 1710 1708 1714 642 618 624 3139 2637 2762 3085 2829 3101 3223 3176 3071 1686 1715 1725 615 596 590 3491 3501 3442 127 126 116 4036 4059 4040 4006 3963 4009 2850 2889 3073 3460 3467 3375 1067 915 804 3069 3151 3265 2268 2233 2200 2268 2200 2233 3158 3205 3175 3610 3631 3623 363 346 395 363 395 346 3753 3732 3731 1773 1448 1479 2294 2202 2253 2294 2253 2202 976 1010 1025 2152 2158 2077 1041 1088 1075 256 46 50 1618 1956 1584 2786 2158 2061 778 776 763 778 763 776 2946 2978 2963 1774 1463 1341 3928 3799 3942 3969 3985 3876 1421 1275 1321 572 191 3 1810 2064 2011 2343 2160 2145 3896 3949 3888 4168 4137 4133 3444 3510 3426 2458 2426 2513 3953 4053 4002 1807 1845 1817 3717 3706 3711 2522 2582 2520 2571 2501 2580 3886 3741 3829 789 822 541 3061 3042 3282 11 8 14 1330 1406 1308 3490 3587 3079 3390 3400 3449 3496 3471 3518 3939 3882 3811 1895 2001 1938 3788 3752 3777 1324 1372 1338 4006 4028 4050 3893 3963 3785 3069 3095 3055 2277 2333 2265 950 936 852 3954 4038 3842 3954 3842 4038 3939 3778 3811 3978 3997 4049 4292 4270 4267 2167 2219 2281 2344 2288 2261 2658 2901 2839 1806 1938 1781 3713 3707 3699 4212 4146 4186 3199 3265 3066 3939 3811 3778 3797 3832 3917 3072 3263 3047 3814 3858 3834 3483 3524 3541 3913 3946 3881 2932 3097 3267 865 786 822 865 822 786 2907 2923 2966 1827 1874 1843 3256 2575 2892 287 359 198 2116 2136 2132 2116 2132 2136 3969 3975 3981 1490 1610 1385 670 679 732 3248 3249 3184 3740 3724 3736 50 104 169 3744 3683 3694 4127 4158 4188 55 27 28 1612 1661 1713 251 411 313 3707 3752 3713 3169 3422 3589 3693 3680 3702 4164 4188 4177 1890 1892 1765 1890 1765 1892 3740 3811 3860 1228 1208 1286 4168 4136 4185 3426 3412 3272 137 164 77 3525 3594 3566 3740 3939 3811 3714 3795 3773 2218 2788 3142 3842 3788 3752 1998 1983 1796 3263 3447 3327 1083 1069 1080 3755 3883 3776 427 1241 2809 4035 4030 4053 3793 3794 3777 4064 3942 3685 2483 2500 1787 2480 2626 2416 2605 2548 2528 3416 3200 3247 3793 3814 3794 2910 2859 2890 105 76 66 2192 2077 2208 3762 3692 3715 4279 4285 4284 2408 2496 2398 2109 1927 2117 897 1016 963 3850 3791 3769 1289 1299 1297 1323 1338 1359 3784 3775 3787 3784 3787 3775 1285 1133 984 3157 2950 3110 3793 3752 3788 2368 2681 2389 1487 1584 1566 4012 3948 3947 341 383 337 1324 1388 1338 2115 1949 1841 409 421 399 1663 1895 1806 1297 1336 1299 3834 3784 3787 1493 1372 1388 1542 1498 1617 1969 930 442 696 641 663 4188 4138 4090 799 752 745 112 210 205 768 840 844 3591 3429 3661 272 178 180 3573 3551 3511 4099 4096 4102 1808 1406 1511 1551 1411 1364 958 928 964 1041 1075 1076 1481 1199 1509 1481 1509 1199 1320 1362 1381 1527 1666 1663 2882 2619 2512 1616 1831 1738 303 261 276 2692 2693 2720 1379 1308 1344 1722 1611 1678 3837 4060 4120 1379 1389 1427 1379 1427 1389 1547 2154 1881 2602 2636 2607 1285 1423 1623 345 403 294 2627 4281 4119 287 284 234 1008 1050 1035 3797 3794 3777 4058 4020 4059 1683 1805 1717 4015 3850 3794 2880 3007 3070 3173 3228 3171 176 133 101 2192 2065 2208 1406 1850 1522 2963 3000 2900 2837 2820 2833 292 451 258 662 618 624 1067 1052 900 2875 2890 2836 2284 2272 2113 2043 2029 2025 4097 4100 4085 512 488 498 4009 4006 4054 3348 3233 3342 1640 812 1471 1223 1150 1116 1223 1116 1150 1817 1709 1593 3416 3320 3247 3416 3247 3320 3797 3947 3951 1544 1451 1593 1544 1593 1451 4003 4012 3864 3989 3992 3980 3875 3991 3913 2197 2204 2480 12 59 6 2900 2869 2874 2900 2874 2869 3741 3717 3767 3681 3697 3735 3681 3735 3697 3028 3016 3018 767 734 750 4067 4064 4069 2082 2448 2092 2082 2092 2448 3267 3489 2913 2480 2406 2417 3779 3735 3776 1678 1689 1705 1678 1705 1689 3814 3938 3834 4189 2102 2855 3662 4141 3660 4057 4061 3997 140 162 220 2152 2061 2158 4013 3982 4007 3219 3164 3252 280 373 426 2605 2330 2548 592 1275 770 2168 2039 2203 4039 3829 3886 1743 1895 2003 2503 2487 2638 1612 2146 1661 3882 3740 3792 2398 2478 2525 828 852 725 1911 1852 1703 2505 2240 2466 3278 3348 3407 748 849 820 4012 3947 3864 2563 2676 2692 2216 2264 2209 2216 2209 2264 613 1465 496 2202 2049 2243 996 917 892 996 892 917 1476 1451 1432 4027 4037 4066 3021 3020 3000 3243 3190 3144 2509 3372 3269 980 1030 1013 2700 2796 2747 3070 2839 2954 3201 3190 2868 2368 2502 2310 226 282 167 3220 3306 3175 740 749 746 3030 3141 2869 4266 4264 4260 1888 2746 2792 3394 3295 3399 2559 2392 2732 4077 4096 4059 3950 3980 3971 3475 2780 2592 3683 3702 3689 882 899 898 882 898 899 1804 1676 1813 2061 1554 3364 3274 3333 3045 712 751 696 762 667 657 3351 3327 3296 384 412 442 886 889 906 3402 3450 3553 3969 3882 3792 2996 2999 3006 1777 1679 1660 1777 1660 1679 3740 3736 3792 4099 4077 4096 4099 4096 4077 2059 2126 1993 1402 1430 1406 1835 1858 1275 967 875 873 1438 1380 1473 1544 1550 1405 4158 4093 4115 3740 3729 3724 2398 2525 2458 67 122 71 1532 1676 1662 2486 2381 2457 2456 2421 2578 1086 1083 1053 1086 1053 1083 3951 3947 3917 1479 1148 1474 1702 1958 1666 2152 2065 2139 1503 1577 1533 2750 3414 3377 3957 3776 3857 2013 2090 2137 2984 3000 2900 3811 3725 3724 3362 1612 1629 3740 3726 3736 509 316 264 2255 2161 2137 2255 2137 2161 3740 3724 3792 1805 1740 1826 1017 1009 957 1017 957 1009 3694 3689 3702 2003 2150 1781 3955 3866 3879 3740 3792 3726 1770 1806 2003 3470 3453 3537 1748 2172 1630 2261 2420 2408 3740 3736 3724 3957 3873 3883 3319 3651 3194 762 767 761 4198 4256 4177 633 631 678 731 823 828 731 828 823 68 99 180 3620 3616 3618 899 974 994 1555 1567 2002 4127 4122 4074 4076 4004 4069 3886 3843 3733 1008 1035 1050 1293 1299 1329 867 811 907 3894 3881 3773 3513 3502 3497 3714 3744 3748 1572 1503 1414 3812 3827 3966 3472 3541 3427 960 957 989 2546 2396 2472 3583 3541 3524 2590 2582 2680 2672 2547 2221 1341 1218 1065 1889 1808 1804 2628 2797 2840 2628 2840 2797 3740 3724 3716 652 696 637 1126 1127 1100 1126 1100 1127 4278 4238 3410 4023 3880 4109 3465 3409 3478 1892 2118 1990 3967 4009 4006 3967 4006 4009 3688 3704 3679 1610 1674 1603 3463 3869 3462 3980 4025 4017 187 213 326 983 897 963 1449 1420 1400 3069 3320 3265 1750 2178 2261 2173 2376 2253 2927 2952 2672 3895 4155 3912 2324 2315 2255 3969 3981 3955 1770 1824 1702 3981 3975 3989 1384 1311 1385 1384 1385 1311 740 749 747 3955 3981 3989 1574 1367 1970 3028 2797 3017 3748 3744 3773 3894 3869 3881 3894 3881 3869 305 314 323 3330 3452 3511 1720 1707 1658 3685 3769 3699 1984 1943 2020 1824 1770 1702 3212 3526 3637 3847 3848 3843 2943 2371 3480 3740 3704 3778 3740 3778 3704 2549 2399 2436 1901 2155 1877 1559 1477 1492 526 3 1 861 852 802 861 802 852 394 334 439 61 40 32 657 661 753 3601 3523 3532 3065 2644 2828 2696 2644 2683 634 710 643 2507 8 532 1300 1223 1250 298 308 268 3794 3814 3850 860 844 745 819 908 717 3078 3025 2833 958 964 981 579 978 2027 1599 2222 2477 4024 4018 4022 4053 4002 4068 4053 4068 4002 3432 3445 3486 3432 3486 3445 2954 3007 3165 2749 2709 2762 2750 3377 2783 1543 1488 1530 2404 2242 2673 996 1050 972 2316 2350 2324 2316 2324 2350 3004 2928 2944 119 229 110 2480 2417 2347 3465 3478 3518 712 737 655 712 655 737 1626 1792 1926 703 629 667 4057 4055 4016 1515 1658 1707 265 305 419 1336 1396 1523 1683 1717 1458 32 125 61 3606 3541 3583 1490 1385 1519 3963 4006 3982 3963 3982 4006 3490 3497 3355 3490 3355 3497 3624 3589 3667 1438 1563 1380 2191 2360 2253 2635 2563 2676 2841 1888 2792 4161 4181 4135 2110 2481 2143 783 863 778 3735 3748 3875 463 523 553 2655 1771 1908 2786 2662 2158 1952 1960 1423 4037 3886 3964 2097 2055 2142 3218 3278 3233 2169 2253 2202 943 879 862 2125 2121 2119 319 303 306 3499 3445 3532 844 768 823 2316 2260 2231 4076 4078 4068 3139 3326 3263 916 888 972 3390 3370 3400 350 332 314 198 84 197 4146 4197 4143 4255 4234 4220 1240 1226 1262 3335 2990 3097 2963 3053 3000 2571 2752 2894 4032 4056 4064 2359 2508 2360 2978 2858 3184 1807 1805 1824 1720 1742 1658 4 503 1417 3133 3094 3125 4004 4053 4072 1575 1882 2248 3969 3939 3778 2554 2643 2696 620 626 653 2337 2393 2367 3134 3071 3176 599 495 536 3752 3707 3842 1326 1336 1360 3969 3984 4016 4082 3612 2995 3395 3298 3223 2689 2696 2732 3173 3171 3090 3773 3869 3898 3562 3359 3473 3562 3473 3359 3969 3740 3918 2439 2189 2360 3048 3027 3397 3614 3503 3568 3263 3139 3261 7 8 10 7 10 8 3525 3610 3595 1078 1026 1054 460 649 622 116 228 211 887 1060 1020 2736 3641 2916 985 997 995 3187 3041 3355 523 462 659 94 90 204 3672 3582 3345 1766 1732 2348 2786 2797 2718 3896 3827 3931 2834 2926 2922 427 4281 2627 105 48 76 4015 4032 4022 3662 3660 3487 286 229 239 249 257 243 4015 4022 4018 756 657 661 4003 4022 4032 3767 3733 3728 3901 4013 4007 4012 3845 3948 3740 3762 3693 3740 3693 3762 1884 2116 2030 2405 2453 2461 3228 2999 3012 3079 3001 3065 3583 3585 3602 4021 4015 4018 3581 3695 3494 4190 4181 4161 4027 4066 4051 1199 668 1196 588 1219 565 1050 1035 972 1300 1266 1223 3969 3972 3975 3017 3019 2637 2465 2393 2493 2465 2493 2393 2790 2720 2722 3969 3955 4029 2477 2427 2600 3550 3513 3556 2042 405 2061 3311 3365 3266 2819 2667 2776 3511 3335 3330 484 2 510 2372 2346 2304 3740 3725 3704 3740 3704 3725 649 460 603 3740 3725 3811 3969 3911 3984 309 2537 426 236 127 239 273 307 279 940 960 840 2583 2655 2410 3740 3811 3724 3557 3454 3206 195 204 201 923 890 867 3814 3842 3934 3253 2975 3030 2231 2017 2002 989 940 960 2853 2996 3006 2946 2858 2978 2946 2978 2858 195 261 193 3740 3726 3729 4181 4203 4193 3718 3758 3732 1289 1294 1316 3376 3373 3445 1690 1659 1692 1974 1839 2301 1827 1795 1874 2372 2409 2557 655 645 637 430 427 2809 3862 3921 3920 3645 3738 3696 456 505 433 137 88 145 4065 4077 4063 2182 2474 2505 3174 2141 1795 2827 2791 2811 4239 4231 4258 2943 2955 2992 277 187 48 1946 1921 1753 3228 3252 3373 2003 2191 2253 3409 3315 3321 2277 2200 2034 521 461 444 1652 1609 1629 3561 3445 3486 226 387 336 1736 1605 1548 3718 3732 3812 4085 4097 4091 754 756 753 3839 4053 4048 3741 3750 3829 2771 2735 2319 4185 4094 3856 1890 1934 1950 3827 3871 3931 2983 3123 3086 3084 3503 3568 2324 2137 2315 2197 2078 2208 4032 3990 4020 2771 2896 2735 282 332 314 2219 2693 2682 1490 1458 1610 1890 1860 1754 2086 2125 2088 3814 3793 3850 3793 3794 3850 3812 3966 3953 3883 3873 3991 3793 3788 3794 1889 1813 1846 2028 1829 1760 2659 2730 2867 731 706 726 3793 3842 3752 1817 1593 1734 1575 1473 1696 2038 2175 2744 1018 1030 993 2451 526 514 3797 3777 3784 3797 3784 3775 2906 3242 1445 2152 2208 2065 1923 2214 1937 3797 3775 3780 1610 1369 1490 1425 2916 2490 3752 3711 3684 1372 1327 1388 198 320 84 754 661 657 3989 4044 3992 605 2410 2218 430 2809 2812 1920 1780 1966 3416 3525 3400 1341 1564 1774 944 1006 1063 789 889 886 417 606 511 3432 3445 3486 4015 3794 4042 1616 1523 1667 1616 1667 1523 3786 3688 3691 3914 3928 3942 1807 1824 1702 1807 1702 1824 3525 3537 3527 2613 2622 2665 2613 2665 2622 1438 1532 1523 1438 1523 1532 3510 3359 3473 3499 3376 3382 198 41 194 989 960 940 2181 2116 2111 3020 3141 3053 2359 2243 2360 3785 3795 3702 3814 3961 3954 2736 2748 3641 926 958 923 3920 3928 3884 3481 3465 3518 3405 3347 3410 3939 3876 3778 3460 3546 3467 1474 1901 1307 737 902 715 2834 2997 3067 2068 2043 2108 3969 3876 3939 3691 3952 3773 1780 1516 1815 4067 4064 4030 1763 1426 1403 964 948 981 1616 1738 1667 2901 2954 2839 322 327 330 322 330 327 337 383 426 3779 3776 3686 3806 3792 3740 1047 1025 976 226 408 387 481 151 14 2165 2174 2139 1193 1141 1172 2785 2223 2224 4076 4075 4078 1580 1543 1595 1990 2118 2259 3431 3501 3406 3431 3406 3501 2790 2727 2720 3898 3963 3901 91 145 71 3679 3715 3692 755 704 3809 4010 4057 3997 4279 4276 4274 4268 4272 4281 511 695 340 117 82 75 1633 1519 1571 3779 3735 3881 3416 3525 3527 3416 3527 3525 1899 1729 1853 478 587 536 3342 3195 3219 276 188 248 674 687 711 2028 1876 1820 849 405 1201 701 713 716 259 464 458 287 300 259 2342 1417 1535 2759 2349 2561 2007 2297 2262 3682 3646 3837 1053 957 1069 1053 1069 957 2943 2992 2973 1807 1718 1603 1841 1949 1930 3978 4049 4061 2484 2370 2497 967 829 875 967 875 829 2379 2624 2643 3298 3223 3458 179 178 180 179 180 178 3478 3459 3356 2083 2122 2086 4277 4292 4265 3955 3879 3800 2655 795 510 2715 3292 2989 1675 1705 1789 2470 2514 2498 2724 2747 2700 3411 3157 3386 3610 3623 3595 3078 3205 3460 89 68 180 189 195 204 189 204 195 3258 3408 3347 3981 3980 3950 3226 3174 1909 2003 1938 1985 3571 3583 3602 1325 1333 1561 2984 2963 3000 3882 3811 3740 7 492 533 3740 3811 3778 3428 3386 3445 3740 3778 3876 2749 2924 2914 3896 3888 3718 195 109 189 3763 3728 3847 3499 3463 3411 1765 1990 1892 2325 2333 2277 2325 2277 2333 1063 971 774 4013 3824 3950 2689 2491 2559 2571 2502 2446 4146 4201 4197 3797 3908 3951 3797 3951 3908 3543 3590 3490 3543 3490 3590 2093 1274 1378 3763 3767 3847 3763 3847 3767 420 389 592 1044 902 1076 2503 2345 2487 989 957 960 3955 3716 3855 420 592 770 3955 3800 3716 3515 3604 3646 3901 4007 3982 3659 3614 3591 306 493 497 1297 1299 1305 2114 1988 2246 306 312 327 3716 3800 3879 2346 2343 2308 2346 2308 2343 1436 1535 1487 2906 3484 3242 2864 3345 3280 3716 3879 3866 3716 3892 3866 2714 2641 2608 783 750 734 114 76 82 2042 1949 405 3953 4004 3949 1329 1326 1380 2905 2773 2785 3716 3866 3892 789 1379 1317 2077 2139 2091 3741 3710 3717 3226 2391 1607 1312 1454 1385 3716 3679 3693 2211 2167 2219 4088 3757 4110 3873 3913 3991 203 110 107 203 107 110 63 82 75 2687 2709 2680 2687 2680 2709 3896 3953 4053 3896 4053 3953 1599 2213 1617 4018 4040 4059 1457 1455 1470 1457 1470 1455 2009 1953 1698 3673 4117 4140 3462 3483 3427 3462 3427 3483 1975 1602 1891 3762 3985 3950 3505 3541 3606 960 1053 957 1027 1251 1273 3817 3749 3833 3472 3869 3405 669 750 734 3679 3692 3676 627 529 545 4222 4246 4207 3928 3769 3799 2580 2519 2617 3627 3607 3611 427 2627 1263 2978 3184 3053 1004 963 1046 1616 1696 1768 2293 2361 2179 4077 4038 4070 698 665 618 4027 4037 4048 1690 1692 1659 1765 1892 2056 1442 1337 1373 3779 3776 3690 2197 2284 2204 882 710 899 2952 2964 2716 3455 3136 3077 2749 2709 2687 2749 2687 2709 4003 3797 3910 4003 3910 3797 240 431 453 1584 2437 2331 4193 4188 4128 4065 4056 4064 2921 1500 2336 4003 3917 3948 4196 4222 4203 4003 3948 3797 2446 2501 2454 1907 1772 1849 4286 3949 4296 3797 3948 3832 1554 1930 1445 1554 1445 1930 3797 3840 3947 3779 3776 3735 249 243 155 1054 1026 1078 4003 3864 3951 3955 4044 4011 3955 4011 4044 1403 1401 1319 4003 3951 3917 351 326 278 351 278 326 1353 576 841 1058 1052 1067 3596 3571 3496 2365 2367 2471 3145 3515 3206 2202 1985 2049 3229 3301 3262 3229 3262 3301 3359 3324 3426 1575 1473 1404 3452 3411 3463 3452 3463 3411 1997 1972 1960 48 39 42 3864 3947 3951 3127 3065 3071 748 530 577 3596 3523 3571 882 1532 1804 366 345 371 2485 2510 2456 2485 2456 2510 3853 3863 3825 1903 2155 1901 1484 1522 1558 3567 3535 3505 3567 3505 3535 1890 2071 1892 3908 3951 3947 3847 3848 3877 3847 3877 3848 1828 1953 1852 3415 3361 3413 3048 3397 3404 2902 2545 2702 4080 4075 4053 3908 3951 3851 3908 3851 3951 3794 3850 3769 2659 3202 2896 1720 1800 1759 338 419 305 3121 3471 3100 3121 3100 3471 1889 1875 1846 1969 442 412 2365 2381 2367 1504 1977 1578 2244 2346 2444 3439 3517 3424 3439 3424 3517 2943 2819 2825 96 90 204 405 1201 2761 2996 2966 2923 2571 2996 2853 1763 1756 1627 3785 3773 3963 3688 3700 3704 2850 2615 3007 129 113 116 4032 4063 4022 3883 4034 3957 386 375 388 701 716 697 3100 3109 2649 3499 3445 3411 3373 3386 3445 415 433 439 3723 3899 3140 3723 3140 3899 2767 2815 2770 2767 2770 2815 2096 2070 2161 1689 1587 1533 743 735 740 1315 1395 1357 2437 2396 2331 3458 3467 3510 3404 3397 3027 3779 3686 3776 300 2558 327 1018 1013 1072 810 908 801 3911 4057 3923 2174 2480 2139 2226 2107 2198 2202 2243 2049 1052 866 900 1824 1920 2055 55 52 27 50 278 221 915 900 866 3617 3422 3624 2480 2520 2347 2846 2929 3169 3723 3866 3892 1399 1503 1577 3312 3237 3255 1942 484 1540 1334 1385 1369 4057 4061 4010 3326 3244 3257 3052 3042 3061 2535 2373 2409 2986 3254 2962 484 510 795 2295 2349 2379 2251 1770 1985 865 1516 835 3898 3795 3901 4228 4252 4227 3812 3732 3827 1029 1030 995 4027 4051 3958 3886 3829 3741 940 860 799 1950 1934 1892 3513 3522 3519 3963 3982 4007 3963 4007 3982 1471 1888 1459 3253 2552 2981 3958 3848 3843 3969 3939 3876 3740 3876 3939 3716 3723 3855 4021 3961 3814 2099 2159 1947 644 657 793 3867 4154 4109 3645 3202 2990 3694 3773 3714 3424 3378 3163 3424 3163 3378 3343 3170 3158 3343 3158 3170 3225 3318 3182 3779 3690 3735 660 742 655 1102 1100 1122 3965 3782 4139 1377 1470 1373 1377 1373 1470 1011 653 849 248 274 261 2590 2637 2904 543 1969 517 2301 2524 2489 3720 3876 3700 3978 3997 4010 3978 4010 3997 3680 3669 3785 7 571 1801 1305 1360 1336 3875 3744 3881 944 971 1006 338 477 419 2040 2076 2064 3991 3998 4047 3991 4047 3998 2189 2253 2360 3582 3118 3578 2985 2910 2923 2178 2219 2167 182 38 36 4196 4188 4213 4036 4058 4059 4004 4002 3958 51 189 92 3581 3148 3569 4051 4035 4080 1177 1700 1721 162 215 323 2083 2057 2122 3087 2838 3105 1997 1960 1952 736 844 768 3260 3207 3538 2017 1989 2264 206 154 168 1575 1692 1568 1044 1086 1088 1044 1009 823 775 804 866 2669 2612 2808 1431 1439 1501 2217 2722 2667 3931 3747 3727 2375 514 572 1796 1569 1832 861 902 1044 3779 3857 3776 783 643 778 3893 3963 3894 4032 4064 4065 3220 3343 3158 3857 3946 3913 3893 3773 3785 981 948 964 981 964 948 1864 1817 1805 1864 1805 1817 397 402 408 105 114 104 3563 3870 3603 2028 2199 2056 3957 3857 3873 3687 3319 3544 3762 3824 3833 3894 3963 3898 1589 1565 1514 3567 3573 3547 3957 4043 3998 1581 1586 1507 1284 1270 1303 3964 3886 3968 3894 3869 3773 3773 3898 3963 3953 4002 4004 2703 2425 2354 855 1516 757 944 940 1440 3021 3000 3053 3021 3053 3000 2771 2319 2067 2163 2659 2896 3952 3967 4006 3952 4006 3967 1862 1464 1780 3017 2637 2640 3017 2640 2637 556 530 270 2838 2817 2511 733 867 811 3981 4016 3989 2696 2624 2554 3683 3694 3702 3213 3238 3221 4049 4017 3971 3714 3683 3694 3714 3694 3683 352 457 334 1941 1831 2237 3042 3331 2992 3463 3452 3330 3952 4043 4009 949 861 828 2826 2581 2529 3149 3219 3090 464 525 516 3958 3877 3848 3958 3848 3877 2192 2152 2139 414 579 552 3691 3688 3700 2683 2624 2696 2675 2609 2774 2675 2774 2609 2526 2540 2566 1604 1477 1559 394 433 439 2640 3138 2887 3588 3959 3670 3681 3686 3690 690 630 643 3679 3693 3680 3679 3680 3693 3689 3697 3690 216 229 119 1950 1893 1974 3964 3847 3891 3686 3755 3957 43 48 42 652 637 660 3968 3891 3886 3779 3691 3690 3779 3690 3686 2463 2492 2536 3957 3883 3776 510 524 1087 3691 3689 3690 2700 2681 2660 3691 3700 3689 4013 3950 4017 3681 3697 3689 20 96 90 2617 2796 2613 2517 2643 2373 3794 3990 4042 3735 3875 3881 4051 4035 3958 3749 3692 3824 3129 2838 2802 3779 3776 3883 3779 3883 3776 3763 3847 3877 4067 4038 4077 3875 3913 3857 3875 3857 3913 4006 4054 4050 3084 3568 3193 4061 4097 4085 333 294 414 2612 2811 2808 3681 3714 3748 844 860 840 3166 3143 3028 1160 613 559 2392 2433 2343 1996 1789 2058 3681 3735 3686 1004 753 963 670 693 732 3316 3338 3302 3714 3773 3744 4025 4029 4013 3028 3143 3016 3523 3486 3445 2293 2436 2361 3473 3467 3590 91 70 88 3773 3744 3748 427 357 403 2683 2603 2559 2651 2611 2650 95 135 59 95 59 135 3779 3697 3691 3773 3702 3795 2814 2922 2866 3185 3082 3429 3894 3773 3795 3877 3848 3853 3877 3853 3848 162 164 137 327 384 302 3461 3528 3265 343 421 331 343 331 421 3779 3881 3857 3735 3697 3744 1494 1579 1492 787 811 890 273 223 295 3957 4034 4043 3893 3901 3963 3309 3366 3295 3309 3295 3366 3688 3786 3700 2613 2853 2752 2930 2940 2972 3762 3715 3876 618 620 665 4242 4274 4224 3694 3683 3744 2806 2732 2705 4027 3958 4048 926 890 925 2122 2279 2107 177 222 231 3981 4011 4044 2722 2184 2819 3046 3195 3342 3559 3647 3494 3898 3795 3869 3898 3869 3795 4051 4035 4053 3009 3002 2811 4013 3785 3669 162 77 130 3883 3957 3776 1754 1705 1789 3893 3785 4013 2072 2049 2097 796 918 1000 2394 2455 2647 3893 4013 3901 4190 4203 4181 3700 3876 3715 775 641 804 2003 2253 2150 3949 4030 3888 3693 3700 3688 2760 2893 2887 2480 2582 2626 4044 4061 4052 2870 2976 2805 3773 3881 3744 3875 3857 3881 3875 3881 3857 3690 3776 3686 4 510 2 382 315 401 1056 1061 1080 801 717 810 2721 2757 2932 812 606 1459 2163 2143 2481 3671 3965 4145 2465 2471 3327 3969 3950 3985 634 620 666 656 1314 1356 1072 1026 1054 2312 2347 2416 2312 2416 2347 2311 2434 2279 4286 3891 3607 3538 3645 3696 3786 3911 3876 3763 3843 3767 3679 3704 3715 4020 3990 4036 2152 2065 2061 1453 17 1771 4051 4053 4075 2951 2869 2868 3698 3719 646 801 780 717 4113 4124 4149 3491 3442 3501 3376 3171 3006 3491 3501 3442 3773 3694 3714 3773 3714 3694 3713 3707 3699 802 676 679 3574 3572 3522 928 948 964 3601 3567 3606 2591 1778 2633 2876 3178 2933 2192 2312 2687 2543 3181 2824 3679 3680 3693 2277 2266 2265 1689 1678 1590 3688 3679 3693 2218 2583 2437 4205 4230 4195 4039 4037 3886 1149 1120 1151 3873 3776 3857 3779 3957 3857 310 286 317 1766 1465 613 2406 2363 2430 3327 3152 3172 1654 1729 1707 819 801 908 3762 3824 3692 1515 1609 1720 4052 4061 4016 3762 3876 3985 4153 4142 4156 3911 4009 4057 2590 2593 2480 2590 2480 2593 3351 3468 3405 2558 3246 2543 1807 1817 1674 4043 4057 4009 3894 3952 4009 1011 849 919 3989 3992 4061 3952 3967 4009 3957 3946 3857 350 314 379 3957 3998 3946 3857 3946 3952 3952 3946 4043 624 683 687 2924 3008 2914 2731 2976 2643 3090 3056 3149 3946 3998 4043 1473 1434 1583 2550 2496 2478 3285 3146 3015 3779 3756 3697 1381 1457 1444 3691 3756 3697 3691 3697 3756 2946 3243 3234 3691 3756 3952 1299 1345 1294 349 398 402 3712 3718 3888 2420 2344 2563 4015 4042 3931 1629 1612 1708 3857 3952 3756 2251 2294 2296 3779 3857 3756 3068 2787 2861 3894 3773 3952 3786 3691 3911 3482 3497 3563 4067 4030 4064 2880 3056 2728 2194 2258 2116 3017 3074 3018 3893 3911 3773 3978 4061 3992 3691 3694 3911 737 766 742 3691 3773 3694 1841 1930 1808 3980 4017 4025 596 589 595 3460 3593 3546 4035 4053 4004 2517 2870 2643 4013 3749 3824 4135 4084 4092 3753 3758 3877 2706 1834 3304 4013 3669 3749 2945 2808 2955 3873 3857 3913 3472 3427 3462 66 120 101 4023 3555 3880 1330 1406 1430 203 107 72 3969 3876 3911 2473 3182 3225 2473 3225 3182 3170 3271 3324 3644 3830 3942 802 804 670 1406 1450 1430 764 822 835 2699 2953 2800 3911 3923 3984 3263 3172 3139 1571 1781 2001 2903 3489 3209 1835 1275 1421 3714 3773 3795 3524 3518 3478 897 888 886 3683 3702 3694 3587 3604 3677 3717 3747 3708 2295 2259 2372 2295 2372 2259 3714 3683 3694 326 585 470 2439 2632 2700 454 452 426 4098 4083 4166 3683 3693 3702 3222 2600 3270 2535 2532 2450 1546 1395 1515 1546 1515 1395 4058 4036 3990 3706 3707 3752 2386 1970 2556 3561 3554 3602 351 340 326 3596 3602 3531 3596 3571 3573 3657 3469 3757 3763 3843 3847 3763 3847 3843 4032 4065 4022 4032 4022 4065 781 789 886 1443 1446 1413 1443 1413 1446 3732 3758 3731 3294 3508 3478 972 892 917 1046 1045 1042 3271 3124 3324 4027 4048 4051 4027 4051 4048 360 361 353 3523 3499 3486 3598 3649 3569 783 906 1008 849 1207 924 3170 3071 3065 1662 1725 1696 3556 3577 3467 2428 2476 2421 3337 3497 3502 4200 4212 4186 3700 3693 3689 2028 1990 1829 2724 2677 2752 2454 2376 2501 615 687 624 3681 3694 3683 1602 2371 1664 3731 3758 3848 3731 3848 3758 3681 3690 3697 782 621 552 2446 2296 2294 3269 3448 2920 1719 1590 1611 4009 4054 4050 3702 3680 3785 1616 1831 1667 3679 3676 3680 3676 3669 3680 3676 3692 3669 1058 1071 1030 3669 3692 3749 1404 1616 1523 3255 3099 3100 777 793 792 1571 1677 1781 3347 3005 3367 1315 1357 1413 2446 2338 2296 3717 3727 3747 3894 3795 3869 2528 2463 2608 4059 4036 4040 2300 2306 2243 3697 3756 3735 3697 3735 3756 4077 4038 4065 3812 3732 3825 3543 3619 3611 2513 2538 2426 3735 3756 3697 3735 3697 3756 950 1057 1064 759 842 902 759 902 842 3527 3491 3453 832 766 902 3714 3694 3773 3714 3773 3694 762 756 703 4011 4029 4025 3228 3219 3149 2568 2483 2848 189 181 92 2071 2258 2270 2346 2136 2343 2512 2409 2349 4065 4063 4058 2868 2874 2900 1415 1493 1388 1064 1057 1067 2191 2243 2360 4076 4053 4004 3773 3911 3694 3773 3694 3911 3613 3556 3577 3363 2916 3641 1008 972 892 701 683 674 701 674 683 47 175 178 251 230 385 3440 3512 3530 3022 3020 3000 3022 3000 3020 1604 1510 1492 3891 3847 3843 3577 3548 3467 3131 3522 3155 3720 3786 3876 3296 3327 3447 3720 3700 3786 789 822 889 3681 3683 3714 3234 3141 3201 3072 3017 2637 3727 3712 3709 2880 2839 2580 909 882 783 3566 3528 3537 3755 3776 3957 1433 1482 1435 3681 3748 3697 3894 3898 3869 3894 3869 3898 4022 4063 4032 4032 4020 4022 4128 4089 4147 3981 3989 4044 3981 4044 3989 1969 1576 930 3981 4052 4044 3400 1609 3362 3400 3362 1609 2700 2728 2796 216 289 290 909 1008 893 3727 3752 3707 1195 1118 838 2893 3086 3123 2 18 562 4017 3980 4013 244 42 256 743 732 693 4025 4011 3980 4025 4013 4011 3335 3330 2990 2701 2610 2698 1577 1689 1572 2961 2983 2653 2385 2457 2449 1768 1616 1831 3831 3768 3836 2109 1947 1981 1659 1692 1672 1659 1672 1692 603 413 469 1769 1920 1966 3035 2947 3088 2556 2507 1651 4128 4161 4111 4007 4055 4052 4007 4052 4055 2300 2306 2076 783 778 763 216 107 203 3322 3334 3308 2059 2290 2304 233 221 208 3713 3707 3706 3045 3333 3114 3204 3348 3342 3069 3061 3151 1476 1432 1419 331 421 502 1014 958 1036 3028 3018 3017 4007 4006 4052 3405 3869 3016 593 544 551 651 482 555 4006 4050 4054 3952 4009 3967 4028 3998 4047 1042 1055 1060 3998 4028 4050 3998 4050 4047 849 1208 1118 3129 2802 2816 4038 4067 4070 1506 1457 1622 31 27 52 3991 4028 4047 1920 1961 1886 2062 2064 2076 2844 2317 2881 3013 2889 3062 3998 3991 4047 3065 2956 2699 4044 3980 4025 3980 4011 4025 886 897 822 4044 4011 3980 2295 2056 2199 4044 4061 3992 3616 3628 3623 1069 1088 1080 1705 1754 1872 254 277 285 493 609 497 4061 3992 4044 4061 4044 3992 2886 3241 1361 1616 1816 1831 3971 4049 3997 2892 3638 3895 3971 4025 4049 3812 3853 3839 3192 3287 3214 2360 2306 2252 3957 4034 3991 1503 1440 1552 2596 2877 2320 4080 4066 4078 3969 4052 4029 566 612 591 2534 4087 3485 2882 2696 2643 3426 3458 3510 3981 4029 4011 1386 1328 1405 1386 1405 1328 3953 3949 3896 2790 2727 2745 2790 2745 2727 3429 3136 2969 3319 3193 3544 762 761 897 1788 1602 1424 4064 3914 3942 4239 4200 4231 119 110 112 119 112 110 3234 3020 3240 2723 2743 2682 1820 1994 1884 1820 1884 1994 2845 3363 3142 656 1942 4 3896 3812 3863 4043 4050 4054 1054 1018 1026 4043 4054 4055 269 302 412 4043 4055 4057 2938 2958 2935 1590 1622 1577 1011 919 962 3295 3366 3266 1969 1582 1584 1974 1870 1839 2266 2333 2265 2676 2692 2669 1636 1187 1937 615 611 624 2559 2648 2564 3444 3510 3543 2733 2696 2732 2733 2732 2696 3869 4006 3967 3967 4006 4028 1299 1360 1294 3981 3950 4016 3875 3967 3991 3208 3448 3372 3376 3330 3171 3883 3957 4034 3883 4034 3957 1950 1974 1993 2710 2567 2703 4290 4296 4292 783 763 863 783 863 763 842 993 1039 626 639 664 216 110 107 3967 4009 3998 3967 3998 4009 3894 3952 3881 4282 3898 3869 3212 3135 2879 1763 1635 1802 3875 3881 3952 430 418 427 2580 2617 2615 2580 2615 2617 3496 3488 3471 4035 4069 4030 2174 2141 2101 2174 2101 2141 743 740 747 3893 3963 3898 1054 1026 1018 3893 3898 3901 3963 3967 4009 2189 2191 2253 1689 1754 1705 3894 3869 3952 615 590 596 1395 1359 1415 1584 1942 1566 4097 4085 4100 3911 3984 4016 1384 1385 1312 57 188 83 3762 3950 3824 3468 3472 3535 3923 4057 4010 1968 649 1397 529 507 528 3982 4052 4006 1123 1118 1156 1315 1357 1323 3461 3265 3320 843 768 844 3481 3415 3409 3969 3911 3985 3969 3985 3911 3056 3149 3062 3142 2788 3034 3079 3029 3078 324 329 328 4180 4108 3829 4006 4050 4028 2613 2623 2622 4007 4054 4006 4009 4050 4006 4123 4139 4046 3127 3175 3071 2849 2929 2846 2688 2981 2552 3000 3020 3053 3957 4043 4034 1438 1301 1380 4028 4006 4050 3989 4061 4044 2218 2410 510 2385 2473 2393 2281 2109 2117 1292 1334 1311 4162 4205 4199 1579 1604 1559 249 122 243 3857 3881 3946 2268 2274 2233 2268 2233 2274 4090 4074 4081 3873 3913 3857 2018 2216 2044 3382 3204 3219 3857 3913 3873 1459 1888 1865 2475 1618 1468 1546 1493 1658 1546 1658 1493 3875 3913 3881 2837 2816 2820 3967 3998 3991 3967 3991 3998 3875 3952 3967 3072 3017 3028 1409 1812 1823 3869 3967 3952 3980 4011 4013 1743 1806 1677 778 863 763 4051 4048 4035 4051 4035 4048 97 96 201 97 201 96 3978 3992 4016 2221 2161 2141 2563 2635 2538 2563 2538 2635 1041 1030 1018 3173 3382 3219 3381 3420 3433 2605 2528 2612 1994 2059 2071 2361 2414 2436 119 229 239 119 239 229 3989 4016 3992 3027 3406 3023 3978 4010 3997 1686 2337 1737 3981 3989 3980 2258 1876 2120 3980 4025 3971 104 143 208 2448 2380 2363 841 891 910 733 907 787 736 726 844 2110 1790 1966 269 519 498 3295 3313 3076 4025 3980 3992 4025 3992 4061 3440 3403 3438 447 399 489 944 860 971 3872 3856 3452 2507 522 805 3541 3447 3425 3596 3586 3554 384 428 412 3767 3728 3731 2300 2076 2252 3713 3791 3727 4017 4025 3980 754 657 1004 1663 1697 1633 1041 1029 1039 1490 1379 1475 465 475 377 3763 3767 3717 2217 2422 2212 3777 3752 3707 3969 4029 4052 882 1318 1329 287 234 194 4053 4068 4078 1988 2013 1984 2283 2234 2268 4 1540 2 137 172 185 2288 2285 2383 3963 4006 3967 3898 3901 3982 1147 1122 1137 3794 3914 3990 2015 1465 1766 799 745 774 1523 1360 1462 637 600 601 1722 1789 1675 3672 3930 3941 4038 3973 3931 1552 1548 1605 3672 3345 3615 3273 3063 3244 555 930 722 2914 2708 2709 2149 2320 1887 2499 533 623 2499 623 533 2270 2491 2800 1889 1804 1846 1889 1846 1804 97 93 96 1517 1909 3174 4025 4061 4044 221 263 278 630 629 631 1450 1445 1554 2839 2580 2439 2570 2579 2562 781 762 789 2945 2819 2776 1849 1764 1660 1490 1603 1384 571 2849 2707 3072 3017 3139 3072 3139 3017 2078 1965 2208 2687 2718 2764 2907 2996 2949 748 467 314 3964 3968 3886 4052 4029 4044 3067 2997 2960 4061 4049 3997 921 791 581 1830 577 556 1001 919 777 2003 2243 2253 1244 1274 1281 3727 3713 3712 3444 3271 3412 189 109 92 2439 2580 2376 4057 4016 4061 3646 4031 4121 1086 1083 1088 828 725 706 1334 1317 1328 4016 4055 4052 3712 3718 3732 1820 1678 1789 4043 3998 4047 3712 3888 3685 1736 1913 1685 2172 2912 2162 4043 3991 3998 3143 3405 3016 2677 2728 2752 1544 1805 1817 162 323 265 1947 1664 2371 4049 4025 4017 3898 3982 4006 4024 4077 4063 4024 4063 4077 3982 4029 4052 4 2 6 1323 1327 1338 3891 3843 3750 170 168 158 2598 2595 2755 2598 2755 2595 2813 3011 2615 1686 3327 2471 10 23 520 1896 1953 1977 2055 1966 2143 3913 3998 3991 3913 3991 3998 3827 3753 3717 216 290 203 3483 3508 3350 3913 3991 3998 3913 3998 3991 3717 3752 3727 3839 3853 3825 870 933 932 2813 2875 2765 3952 4006 4009 3952 4009 4006 3228 3149 2999 4084 3633 4107 3969 4016 3950 4171 4116 4148 345 401 376 4049 3971 3997 3843 3728 3733 1820 2030 1754 980 1000 1030 2571 2677 2752 2465 2493 2358 3728 3733 3750 3812 3896 3953 4067 4077 4064 64 28 27 3950 3971 4017 849 830 820 3923 4010 3984 3393 3341 3339 3234 3201 3190 2270 2304 2244 3149 3252 3164 3984 4010 4016 2550 2478 2605 2609 2651 2698 2617 2569 2615 2364 2468 1545 3069 3199 3066 3957 3779 3686 3958 3927 3968 437 412 442 1702 1683 1528 3567 3606 3535 3567 3535 3606 3773 3911 3694 4021 4038 3931 4200 4186 4130 3343 3187 3158 3827 3953 3839 2701 2649 2651 3931 3871 3747 569 764 835 3812 3953 3827 3812 3827 3896 1299 1339 1319 3065 3103 2919 3065 2919 3103 2509 2538 2548 2507 573 1651 783 882 863 4076 4067 4072 301 282 265 4004 4067 4069 4004 4041 4067 4067 4041 4072 4004 4069 4072 4004 4072 4069 2515 2462 2547 4051 4075 4035 4035 4069 4051 4035 4051 4069 4080 4053 4035 4051 4080 4035 1571 1634 1697 4051 4066 4080 126 129 217 2248 2197 2480 915 1178 1116 4109 4154 4130 2613 2665 2677 2912 3043 3186 844 1061 989 2324 2255 2221 4051 4080 4035 1990 2118 2103 4003 4063 4065 4003 4065 4063 3490 3343 3460 1877 1463 1505 2597 2436 2609 4040 4077 4059 4040 4059 4077 1572 1503 1762 1006 1075 1024 834 943 862 2635 3055 3095 4024 4063 4077 4077 4059 4040 3432 3499 3486 2655 510 524 4038 4077 4070 4032 4030 4064 3228 3149 3252 3228 3252 3149 2450 2373 2185 4032 4065 4056 783 678 643 4272 4291 4281 2112 2180 2209 2531 2650 2436 3204 3070 3165 2527 2587 2537 4024 4065 4038 731 726 706 622 1500 1346 2284 2347 2257 4040 4068 3973 3644 3942 4134 1609 1629 1612 949 823 861 1820 1884 2059 1820 2059 1884 1785 1068 2033 2486 2347 2321 660 655 712 667 762 906 4027 3968 4037 796 740 693 3886 4037 3968 3160 3588 2899 906 983 897 906 897 983 3630 3656 3557 3299 3287 3300 195 193 188 2617 2613 2632 944 1056 940 839 764 786 4053 4030 4004 2982 3246 1811 438 516 449 660 693 652 2377 2409 2372 3204 3195 3046 127 129 116 602 469 467 2447 2373 2423 2985 3645 2990 2972 2770 2815 3914 3769 3928 195 193 204 3896 3863 3853 2571 2613 2502 4144 3660 4141 740 746 749 3712 3685 3709 3839 4048 3964 2731 2643 2917 1404 1473 1336 1404 1336 1473 3964 3958 3966 3964 3966 3958 1994 1860 2030 3964 4048 3958 2426 1713 1661 1409 1138 1112 1873 1786 1800 3330 3507 3452 4027 4048 4037 949 861 1044 540 1541 2537 4191 4210 4193 1845 1917 1864 2439 2508 2569 2248 2272 2237 2675 2878 2873 2163 2055 2143 3794 3769 3914 320 258 172 4040 3973 4038 220 241 405 4235 4218 4251 3504 3666 3757 673 672 766 2315 2137 2207 689 745 736 4212 4201 4146 4064 3685 4030 3462 3535 3483 4030 3685 3888 3121 3100 3478 2571 2446 2368 2571 2368 2446 3087 2820 2837 2880 2728 2796 4021 4040 4038 917 935 991 1706 1391 1421 1616 1523 1667 1853 1849 1868 1853 1868 1849 3300 3183 3287 1241 1883 2809 4004 4072 4041 4077 4038 4068 2852 2668 2506 978 579 552 3712 3727 3718 1780 1464 1516 2958 3054 2935 1743 2003 1806 416 480 435 2852 2909 3010 74 88 81 3216 3179 3170 3964 3958 3968 2771 2501 2721 4027 4048 3964 194 182 41 3182 3074 3138 123 184 232 2368 2519 2681 3953 3966 4002 2675 2698 2768 2675 2768 2698 3491 3453 3470 3942 3799 3685 4221 4281 4277 3958 4002 3966 3727 3712 3706 3173 3219 3228 3803 3898 3869 3803 3869 3898 3953 3958 3966 2960 2909 2866 4032 4042 3990 2392 2423 2304 1445 1930 1949 4021 4022 4020 4021 4020 4024 4032 4022 4042 783 996 863 541 544 835 4021 4042 4022 365 395 363 365 363 395 1599 2210 2222 2448 2443 2363 2448 2363 2443 4021 4024 4040 2158 2165 2139 3028 3016 2680 4021 3931 4042 915 414 471 2270 2129 2071 2501 2441 2484 4024 4020 4063 178 274 248 86 87 78 86 78 87 1820 1789 1884 4070 4068 4038 202 191 245 4024 4038 4077 2312 2337 2298 2839 2338 2429 3486 3554 3586 3444 3385 3271 3444 3271 3385 1293 1305 1299 1944 1975 1947 4066 4037 4078 4066 4039 4037 97 195 204 767 682 761 2449 3182 3318 3854 4115 4093 283 321 311 823 752 731 1706 2726 2734 3606 3535 3529 2439 2572 2519 2439 2519 2572 2554 2489 2559 3990 3914 4056 4058 3990 4056 3827 3717 3871 164 265 162 1002 911 1020 1002 1020 911 1767 2789 2754 2965 3003 3671 3839 3717 3753 3763 3717 3847 4077 4040 4059 3556 3628 3577 841 891 910 841 910 891 3964 3843 3847 306 302 291 3839 3964 3847 3964 3767 3843 4053 4078 4048 1078 1026 1076 537 517 485 4037 3964 4078 2420 2525 2496 3964 4048 4078 3931 3973 4053 4053 3973 4068 1081 1076 1078 3953 4002 3839 2093 2761 1274 3839 4002 4053 3179 3220 3127 3179 3127 3220 4064 4056 3914 3171 3411 3330 2923 2890 2795 287 234 284 102 93 97 940 1056 960 3949 4004 4030 1889 1850 1808 3713 3699 3707 4056 4065 4058 4068 4040 4077 4183 4172 4149 1311 1293 1292 2559 2603 2794 2628 2582 2416 2628 2416 2582 4077 4038 4070 4077 4070 4038 3559 3494 3162 4076 4068 4070 4076 4070 4067 2439 2569 2617 4065 4064 4077 4080 4078 4075 1527 1571 1633 2771 2896 2901 1743 1781 1717 1616 1667 1696 1489 1478 1446 484 795 524 4065 4064 4056 4094 3755 3909 3389 3223 3360 4069 4064 4030 2058 2120 1876 2058 1876 2120 351 436 479 2946 2931 2868 1455 1551 1364 1929 408 1804 882 778 763 2302 2512 2373 1393 1426 1339 1713 2920 2838 1684 2054 1564 607 709 1349 4035 4053 4004 4035 4004 4053 61 113 203 4035 4004 4053 4035 4053 4004 1010 928 958 4015 3931 3850 3741 3750 3733 3468 3405 3425 637 601 600 899 1011 1048 886 888 906 4132 4116 4126 4212 4197 4201 1008 987 917 287 259 267 2301 2095 2444 2880 2839 3070 4284 4288 4285 2475 2848 2483 1289 1294 1345 158 104 190 2724 2659 2677 701 711 687 3747 3706 3708 71 64 70 2947 3005 2967 1078 1072 1026 2644 2516 2863 2574 2303 2250 3161 3095 3055 3161 3055 3095 3688 3679 3805 3596 3583 3571 3596 3571 3583 3566 3461 3498 1710 1714 1646 3532 3518 3523 1402 1380 1438 3445 3252 3407 1873 2254 1863 2590 2480 2520 3717 3727 3706 4094 4185 4136 362 391 369 3255 3253 3203 3713 3706 3752 3713 3752 3706 958 981 948 3886 3741 3767 3550 3556 3513 3741 3733 3718 3741 3718 3708 2261 2408 1710 3741 3708 3710 3011 2936 2850 3249 2968 2978 3717 3710 3708 3444 3343 3490 1531 1424 1482 3228 3012 3149 3747 3708 3711 1678 1689 1622 2676 2727 2692 1054 993 1052 1952 1998 2182 4141 4131 4217 1272 1257 1239 3958 3843 3848 1914 1962 1741 3791 3931 3727 1944 1981 1976 3847 3728 3843 1594 1839 2098 1253 2883 1274 3842 3752 3777 3842 3777 3752 3886 3750 3843 3886 3891 3750 92 102 97 3839 3877 3853 3839 3853 3877 748 760 820 3741 3886 3750 3839 3825 3753 3896 3718 3812 9 5 21 3827 3839 3877 892 917 888 3574 3548 3616 178 175 87 1367 694 1970 3958 3966 3877 2626 2158 2662 3466 3417 3383 3247 3151 3282 3706 3711 3708 2644 3065 2863 2644 2863 3065 2516 2557 2512 256 333 406 2819 2212 2667 1681 1463 1821 3964 3927 3958 3964 3958 3877 4236 4202 4215 3717 3747 3711 2312 2337 2393 1056 989 1061 1056 1061 989 690 906 750 4039 3886 3829 3871 3717 3708 1997 1794 1918 1997 1918 1794 3871 3708 3747 3896 3888 3863 2699 2801 2733 286 262 228 286 228 262 1694 1687 1701 1694 1701 1687 1297 1339 1305 3872 3856 3859 3872 3859 3856 3850 3791 3931 3850 3931 3791 1337 1383 1442 2173 2150 2253 1195 1207 1119 796 846 870 1961 2097 1920 3747 3711 3706 1683 1666 1527 3827 3877 3966 3249 2962 3250 3964 3968 3927 3886 3733 3750 1228 1286 1276 1521 1654 1652 3758 3877 3848 3758 3848 3877 1951 2047 1935 3896 3863 3888 3812 3839 3827 1399 1414 1503 3912 2970 3256 3953 3966 3958 3263 3425 3447 2673 2684 3069 105 120 76 105 76 120 282 323 332 642 665 685 2689 2491 2228 1067 900 915 1081 1026 1072 159 200 152 3343 3170 3324 3065 2919 2953 2853 3090 3007 4192 4046 4139 3561 3554 3586 3717 3711 3752 3706 3752 3711 469 413 467 659 648 523 2342 2490 2472 4105 3930 4086 3273 3100 3063 961 928 948 3763 3877 3758 3712 3812 3718 3173 3204 3046 446 416 202 1042 1045 1035 911 1020 981 3753 3758 3731 3561 3602 3583 3767 3731 3733 1006 1063 971 3839 3753 3877 3964 3891 3968 3561 3523 3486 3685 3799 3769 3812 3825 3863 3757 3867 3657 3514 3516 3509 3514 3509 3516 3728 3758 3731 97 92 87 3763 3758 3728 3583 3524 3508 1225 1216 1247 3713 3752 3707 642 653 626 4 35 1942 4 1942 35 2220 2240 1998 1482 1530 1435 1699 1868 1745 2617 2700 2632 2617 2632 2700 2173 2580 2839 3256 3912 3782 3639 3801 3625 3712 3732 3812 3319 3687 3526 1008 892 917 289 310 317 285 326 318 3606 3505 3535 1807 1845 1718 4197 4163 4148 2457 2473 2449 2359 2436 2293 1413 1526 1338 2439 2700 2519 3386 3153 2999 3685 3699 3713 3468 3296 3447 163 156 207 3684 3711 3752 97 201 204 97 204 201 2519 2632 2189 475 551 486 3128 3102 3105 3713 3699 3707 1546 1395 1415 662 638 644 3727 3709 3713 2551 2742 2660 3155 3522 3519 225 135 95 3685 3709 3713 3685 3713 3709 3281 3341 3329 2003 1781 1938 3727 3708 3718 3405 3016 3005 28 36 41 2946 2672 2986 3717 3708 3727 981 958 964 246 189 175 3718 3812 3732 2169 2202 2189 168 294 196 3718 3731 3758 3718 3733 3731 3658 4095 3435 3812 3827 3732 1527 1458 1677 1527 1677 1458 3753 3825 3732 1689 1765 1719 1563 1575 1682 1 3 5 3896 3853 3949 944 1290 860 3763 3728 3843 3763 3843 3728 432 456 417 2242 1772 2281 3519 3424 3457 163 139 155 783 761 767 415 383 426 961 926 908 3101 3295 3309 3763 3843 3728 3763 3728 3843 3069 2612 3066 3839 3732 3753 3839 3753 3732 3827 3732 3839 3827 3839 3732 3431 3480 2371 3827 3753 3732 3827 3732 3753 94 86 90 94 90 86 537 543 517 2351 2441 2461 1044 949 1017 3839 3825 3732 3839 3732 3825 1954 1973 1955 1662 1563 1682 28 27 31 3839 3732 3825 3839 3825 3732 283 227 299 686 663 641 3769 3791 3699 3850 3931 3791 2617 2796 2728 3741 3829 3750 1686 1692 1682 1824 1603 1384 1289 1345 1299 2004 702 300 2071 2111 2129 206 283 154 2863 2759 2882 696 663 652 2880 2580 2796 3763 3767 3843 1017 1009 1053 3827 3839 3753 2801 2956 2828 3543 3343 3627 3543 3627 3343 3583 3508 3579 2015 1766 2415 1260 1140 1258 3793 3788 4065 1785 2633 1778 249 265 282 3226 3341 3339 2880 3070 3007 2580 2360 2569 4024 4018 4059 4024 4059 4018 3617 4118 3654 1490 1458 1385 4024 4038 4059 1702 1603 1770 2405 2453 2359 2405 2359 2453 3577 3628 3623 3614 3429 3503 3173 3090 3171 4003 4032 4063 4003 4063 4032 2590 2473 2486 3637 3633 3599 3571 3547 3496 4112 4167 4129 1769 1516 1718 2692 2667 2720 2815 2957 2944 3814 3850 3713 3814 3713 3850 2923 3056 2966 4142 4175 4165 3793 3713 3850 3793 3850 3713 1941 2077 2066 1844 1903 1479 3814 3713 3788 3814 3788 3713 3545 3443 3512 1765 1892 1820 415 394 433 3793 3788 3713 3793 3713 3788 842 1039 902 2398 2513 2548 4228 4227 4206 2173 2839 2439 3752 3777 3707 2571 2853 2613 2242 2285 2352 3707 3752 3842 1293 1269 1301 2468 1210 520 580 525 451 2530 2545 2864 843 706 736 2283 2329 2268 120 66 136 3939 3778 3805 3778 3939 3805 2071 1990 2116 3703 688 3730 1064 1088 1079 3778 3805 3939 3981 3984 3989 2248 1816 2197 2248 2197 1816 1312 1316 1369 3989 3984 3992 7 10 23 3981 3989 3992 3535 3524 3483 1546 1435 1493 1849 1879 2087 1546 1493 1435 702 1111 1830 3595 3528 3525 3969 3992 3984 184 145 267 1194 1275 1858 1000 995 997 3969 3984 3981 3955 3981 3992 1283 1266 1300 3969 3955 3989 1385 1345 1316 3955 3992 3989 3969 3989 3992 2207 2018 2013 2677 2700 2747 2450 2447 2423 2235 2241 2345 457 691 1187 2584 2418 2597 3978 3992 3997 3978 3997 3992 3778 3688 3704 3778 3704 3688 1868 1906 1859 3376 3776 3463 2509 1713 2426 3778 3805 3704 2996 2910 2985 2675 2610 2609 2675 2609 2610 3679 3704 3805 3778 3688 3805 2613 2901 2677 2495 2787 2155 3688 3704 3679 1334 1369 1345 3721 3719 3705 1292 1379 1311 1218 1227 921 3522 3533 3517 3522 3517 3533 3576 3592 3586 979 1059 981 707 711 699 3327 3296 3287 2692 2720 2217 3610 3593 3565 2003 1938 2243 2925 2906 2797 3467 3473 3546 1616 1667 1473 2695 3106 1910 1941 1875 1931 3642 3323 2633 1610 1550 1613 796 766 846 3716 3693 3679 855 760 820 1289 1328 1369 1599 1498 1591 1337 1373 1324 549 535 458 627 545 528 2465 2576 2493 2899 2085 2004 1426 1400 1631 16 95 135 3248 2986 3232 3001 3187 3029 1312 1316 1294 1293 1305 1299 1293 1299 1305 4116 4105 4073 1672 1692 1682 1977 1953 1957 2512 2561 2349 76 48 43 4237 4213 4240 743 765 740 344 235 385 1422 1510 1600 1317 1329 1308 3567 3505 3606 1029 1026 1030 3412 3395 3389 3412 3389 3395 3818 769 720 4061 4085 4091 4061 4091 4085 418 478 374 418 374 478 2582 2593 2640 1006 1063 1075 4061 4091 4097 4087 3915 3833 4061 4085 4091 2346 2489 2444 2683 2489 2559 2443 2363 2430 1575 1662 1473 1813 1963 1878 2696 2697 2603 3006 2990 2985 3006 2985 2990 4170 4118 4130 2845 2533 2916 1482 1580 1531 3431 3501 3480 3276 3259 3210 2169 2300 2253 7 1801 1978 2996 3006 3012 3461 3498 3265 915 905 872 1546 1609 1658 1084 1044 1088 3255 3064 3099 12 4 95 1952 2182 2220 2082 2113 2232 796 874 918 796 918 874 1463 2038 1505 748 379 530 1336 1310 1434 94 97 87 3606 3583 3596 3278 3317 3348 3472 3505 3535 271 431 240 1853 1891 1894 1689 1754 1860 2574 2320 1881 982 991 935 3688 3665 3679 1571 2001 1781 2609 2611 2768 823 843 828 2227 2594 2335 183 180 179 3505 3447 3541 972 917 892 4061 4049 4085 480 527 503 480 503 527 4061 4085 4049 1139 1414 910 58 60 102 3351 3296 3468 844 840 745 2299 1977 1896 3706 3684 3711 1796 1623 1688 2752 2894 2658 3706 3711 3684 1413 1338 1415 1794 1525 1653 2295 2379 2372 2197 1816 2139 3854 3649 3647 4077 4059 4096 1297 1294 1326 1546 1435 1543 1000 1029 995 3327 3172 3166 1780 1464 1790 2546 2472 2533 2418 2436 2361 2097 2189 2142 1036 1047 964 2661 3109 3120 3085 3129 3130 328 337 373 3061 3295 3076 4077 4102 4096 2827 2829 2791 2827 2791 2829 1991 2259 2056 2167 2307 2281 4063 4096 4099 3253 3392 3316 1150 1298 1189 1150 1189 1298 1125 1191 1137 2497 2569 2580 2004 300 1037 1037 300 722 4102 4106 4099 2617 2508 2569 4099 4106 4102 2522 2493 2541 675 793 657 572 531 491 1599 2477 3222 2386 2366 1970 62 116 113 1058 1018 993 324 341 329 4099 4102 4077 637 600 601 2699 2828 2956 1716 1705 1701 3157 3312 2999 3204 3233 3218 1489 1502 1660 401 427 366 823 679 725 273 341 279 543 537 557 3069 3066 3265 695 570 521 1890 1861 1950 1318 1402 1339 4077 4063 4099 1737 2208 1813 3455 3429 3082 934 843 957 2244 2193 2166 3171 2985 3330 3171 3330 2985 4077 4096 4063 989 1006 944 1869 1709 1817 3143 3139 3172 3143 3172 3139 3416 3525 3498 3416 3498 3525 1810 1761 1776 1770 1677 1666 2297 2200 2277 2028 1760 1820 1994 1884 1934 2796 2580 2625 4077 4099 4096 1553 1431 1501 1743 1717 1781 2099 2371 2184 1056 1088 1069 3386 3262 3301 3386 3301 3262 3672 3615 3678 634 710 662 2782 3259 2515 3258 3143 3172 1510 1604 1600 2167 2434 2279 3387 3536 3391 3387 3391 3536 1956 2339 2342 3608 3607 3618 3608 3618 3607 15 14 151 2235 2345 2241 707 683 674 3265 3286 3372 2194 2071 2181 2368 2169 2163 3018 3033 2815 2236 2344 2261 863 882 994 961 958 926 701 687 683 3540 2933 3178 1166 1270 1224 665 701 683 1251 1015 1133 665 674 683 665 683 674 674 683 687 743 693 740 674 699 711 674 711 699 2368 2189 2300 701 705 711 674 711 705 701 674 705 3836 3749 3768 1078 1026 1033 743 747 742 743 742 747 701 697 674 674 716 713 3561 3486 3554 674 697 716 2065 1965 1949 258 449 253 3189 3331 2992 958 948 954 958 954 948 2626 2687 2662 2626 2662 2687 915 872 804 915 804 872 1176 1474 1148 2166 2095 1974 414 607 504 3317 3407 3486 2003 1985 2049 323 314 332 2160 2273 2229 2220 2195 2466 473 419 477 802 679 670 119 110 112 2935 3224 2963 2935 2963 3224 1041 1039 1030 3072 2637 3019 209 283 238 2522 2541 2576 3605 3537 3525 823 768 752 3537 3595 3525 2406 2363 2249 737 751 902 737 902 751 1945 1509 1469 1931 1875 1819 2438 2419 2325 740 746 749 2432 2421 2456 4123 4211 4160 1572 1762 1866 3018 2914 2925 810 717 908 190 275 294 1616 1523 1558 1929 2077 1941 1613 1562 1586 3343 3357 3220 787 907 811 3592 3579 3586 2971 3008 2924 2235 2487 2345 1929 1846 2208 1951 2135 2047 130 152 192 2180 2203 2168 2580 2632 2622 3177 3150 3235 3416 3390 3247 3070 2954 2901 608 521 463 3428 3301 3332 107 110 115 1793 1802 1763 3613 3593 3556 1991 1950 1997 2174 2690 2620 1813 1965 2208 1813 2208 1965 386 388 374 1824 1806 1864 3322 3308 3116 3322 3116 3308 1408 621 845 4196 4177 4214 655 742 747 646 680 681 1834 2883 3304 703 661 629 2141 2137 2090 1053 1009 957 306 446 291 3046 2894 3007 502 604 396 119 107 125 669 643 678 3072 2904 3017 918 870 932 933 870 932 1219 1176 598 796 870 918 1071 1058 1030 1162 1131 1188 1059 1002 1060 3039 3664 4014 961 948 964 2580 2632 2519 2580 2519 2632 961 964 958 409 399 447 2628 3028 2797 1521 1433 1357 1013 1030 1026 958 948 953 958 953 948 1810 2011 1798 2451 2655 2654 2576 2541 2493 958 948 956 2839 2936 2653 194 234 182 1345 1294 1316 3209 3599 3633 823 706 828 823 828 706 3381 3420 3383 2491 2423 2372 15 153 13 2263 2179 2363 1301 1380 1329 2207 2324 2315 1725 1831 1813 105 173 114 96 90 29 2361 2230 2179 3173 3165 3070 1269 1296 1301 2587 3159 2537 3278 3407 3317 49 29 94 2239 2269 2119 2654 2378 1749 1933 2055 1966 130 54 124 1013 1029 1003 1725 1737 1813 272 268 308 1013 1026 1029 3158 3175 3079 2387 2515 3259 1563 1473 1380 1515 1609 1539 696 652 641 159 38 160 3011 3007 2615 405 398 402 1929 1965 408 1362 1368 1357 282 336 332 1216 1238 1247 2617 2615 2850 1234 1239 1186 2017 2022 2014 3648 3670 4046 3187 3205 3158 1532 1804 1808 1017 1057 1044 3309 3366 3516 3097 2867 3335 84 81 253 2522 2590 2541 2522 2541 2590 427 4281 2809 2003 1917 1806 1577 1503 1572 2770 2815 2769 2770 2769 2815 1036 964 948 4153 4082 4142 177 219 142 641 652 693 2234 2277 2325 2719 2814 2732 972 917 892 2293 2549 2380 2439 2360 2508 3895 4144 4155 618 662 624 796 1000 933 667 762 703 667 703 762 318 444 340 707 705 711 2984 2938 2968 724 1340 650 707 699 683 683 699 711 3672 3678 3930 707 683 687 707 687 683 3444 3543 3510 662 701 683 662 683 701 1686 1682 1662 1056 960 989 1056 989 960 1438 1380 1296 2802 2492 2798 2802 2798 2492 1406 1522 1484 1585 1825 1896 748 677 838 186 267 284 3573 3507 3511 3620 3572 3616 2516 2712 2863 409 421 343 4182 4199 4235 743 740 742 989 940 799 94 29 90 2028 1820 1979 1116 1189 1166 715 737 712 3113 3059 3371 1215 613 722 748 405 849 1820 1884 2030 2880 2813 2615 367 391 353 3631 3595 3618 695 1196 668 96 109 193 84 184 79 2915 2445 2098 3566 3537 3525 3405 3524 3393 3541 3583 3579 1489 1526 1647 1048 961 958 84 79 184 2536 2641 2608 137 81 88 660 712 743 398 400 468 2971 3016 3005 2971 3005 3016 2141 2161 2137 2141 2137 2161 452 454 456 1122 1127 1120 2370 2497 2653 2361 2402 2435 1848 2088 1791 2408 2398 1708 105 76 149 85 221 169 743 693 765 1326 1396 1360 3754 3776 3873 3754 3873 3776 3532 3576 3531 2554 2511 2643 911 1014 893 911 893 1014 586 595 589 2609 2584 2597 1325 1481 1561 2512 2535 2409 2802 2811 2791 2802 2791 2811 2197 1965 2078 2972 2952 2918 3600 3495 3437 962 1059 979 737 676 712 2834 2801 2828 267 145 460 1948 2067 2054 908 926 925 908 925 931 1506 1552 1497 908 931 884 1658 1707 1713 3434 3118 2789 3499 3523 3486 1873 2261 1750 1873 1750 2261 1236 1188 1266 2850 2765 2615 1294 1316 1454 1357 1433 1482 733 787 923 923 787 890 2554 2561 2619 1058 1013 1018 1944 1976 1975 1944 1975 1976 823 731 706 823 706 731 867 890 811 2996 3012 2999 796 870 933 796 933 870 1000 932 933 2688 2369 2469 823 706 843 1282 1300 1304 2336 1968 2965 796 933 932 645 742 655 796 932 1000 43 42 63 2183 2106 2126 1302 1228 1276 2141 2101 1885 1890 1934 1913 3371 3396 3587 2626 2582 2709 3336 3459 3493 1292 1294 1328 2592 2780 1346 2984 2968 3026 2192 2158 2152 1917 1864 1806 3468 3447 3505 897 906 888 3303 3289 3340 2655 524 562 2571 2658 2853 1805 1826 1799 1805 1799 1826 1616 1827 1819 3018 2925 3016 2013 1984 2020 860 745 752 74 81 79 934 950 861 733 923 867 3862 3949 3956 3862 3956 3949 2287 2215 2264 198 197 182 1033 1041 1026 889 1004 963 1228 1226 1149 355 343 308 216 229 205 733 811 867 1521 1899 1729 2164 2322 2241 1292 1311 1293 1889 1804 1808 1599 1910 1589 773 876 967 1036 948 1010 3408 3326 2991 2192 2204 2284 1547 1556 1501 3171 2999 3157 3052 3863 3607 3571 3592 3524 881 875 967 351 500 455 660 740 693 3101 3309 3111 908 819 717 1889 1929 1931 1433 1395 1359 873 876 829 203 107 115 2296 2080 2271 976 964 948 748 577 677 330 300 287 330 287 300 129 126 112 2071 2129 2059 1379 1389 1344 1084 1057 1044 1054 1018 993 2512 2643 2561 1056 1061 989 1056 989 1061 1591 1498 1594 2897 3206 2939 4284 4287 4288 3048 3404 3282 2537 2332 1693 1877 1821 1463 2820 2794 2793 2820 2793 2794 3297 3257 3244 2263 2275 2305 2192 2197 2208 3525 3595 3566 1415 1433 1493 1827 1631 1838 908 854 780 908 780 854 601 594 600 662 624 618 463 521 444 3943 3953 3949 3943 3949 3953 1824 1985 2049 908 780 801 686 641 775 2404 2383 2528 2404 2528 2383 4228 4286 4252 163 148 222 163 222 148 324 351 334 2971 2925 2914 2130 2153 2138 2130 2138 2153 182 234 267 2171 2196 1821 3196 3233 3195 624 590 595 1736 1913 1587 3276 2927 2387 1736 1587 1913 2513 2426 2509 2601 2390 2523 1517 1553 1871 801 854 908 2304 2290 2120 1374 1248 1154 311 407 325 2433 2554 2624 776 820 827 776 827 820 512 503 488 1564 1681 1700 1714 1669 1646 2347 2393 2280 3524 3478 3506 3524 3506 3478 3525 3527 3566 3574 3516 3595 2192 2158 2152 1253 1274 2761 1859 2695 1518 3170 3103 3065 1800 1786 1863 1800 1863 1786 3499 3376 3445 3499 3445 3376 3789 3654 4118 2125 2198 2121 3160 1576 2823 1512 1664 1947 2519 2760 2572 2817 2976 2511 1534 1504 1578 2516 2409 2512 2516 2512 2409 863 892 882 1404 1616 1473 967 875 883 967 883 875 3174 1461 1517 1304 1295 1303 1071 1072 1013 773 873 875 2569 2615 2936 967 875 881 773 967 873 3817 3915 3836 1647 1789 1526 3619 3623 3590 3171 3157 3411 2107 2117 2109 2107 2109 2117 2719 2466 2666 2906 2947 2967 3078 2820 3025 3596 3496 3532 980 1013 967 2945 2819 2943 1808 1813 1804 733 923 907 3455 2865 3136 3069 3151 3061 3127 2922 3071 1330 1430 1406 153 15 151 882 778 710 660 693 743 3639 3645 3538 981 890 925 981 925 890 933 985 1026 933 1026 985 1379 1344 1317 670 660 693 2659 2604 2623 1718 1427 1780 3326 3008 3393 2451 514 510 264 151 153 2935 2958 3021 1658 1671 1726 3258 3405 3468 2052 2063 2039 3263 3327 3172 1514 1498 1485 748 314 370 3009 2811 2829 3638 3485 3660 980 1030 1029 3418 3441 3315 1731 1426 1756 3215 3233 3196 2486 2449 2493 701 665 683 662 665 701 626 611 639 2069 1976 2099 1384 1312 1311 362 361 339 1869 1817 1842 1869 1842 1817 2580 2728 2617 2580 2617 2728 1337 1392 1362 189 204 180 2819 2184 2371 2290 2120 2132 2902 2172 2847 2346 2343 2290 4241 4263 4267 3472 3462 3541 2869 2868 2900 3216 3223 3298 3204 3219 3195 367 369 339 4267 4270 4269 1931 1819 1827 2733 2732 2814 1929 2061 2077 1017 1053 1069 1000 1029 1030 1000 1012 1029 50 221 213 958 907 923 964 948 926 964 926 948 796 693 732 796 732 765 2058 2120 2290 796 765 751 409 428 384 1312 1334 1289 796 751 766 1150 1190 1170 1725 1715 1737 665 662 701 949 861 950 949 950 861 1017 1083 1057 1873 1849 1745 754 657 756 2137 2070 2090 989 799 1006 989 1006 799 949 934 861 1071 1079 1030 1071 1030 1079 1341 1065 1227 1480 1555 1567 1998 1861 1960 2227 2335 2074 1083 1080 1088 3011 2889 2850 3011 2850 2889 1026 1078 1076 3861 3829 4039 712 696 743 1896 1962 1953 1041 1072 1079 1041 1081 1072 1537 1822 1959 1718 1780 1845 1660 1628 1671 3355 3059 3041 1057 1079 1067 1846 1813 2208 1057 1067 1084 3069 3095 3055 3069 3055 3095 1327 1373 1331 310 266 286 2022 2036 2215 2752 2910 2907 2173 1958 2338 3426 3324 3124 2628 2680 2582 1757 1676 1804 3044 3251 3266 844 840 843 86 175 78 1071 1013 1018 1521 1435 1482 2545 1937 2702 1770 1663 1677 2302 2008 1884 1694 1624 1641 3569 3520 3352 256 50 85 1081 1033 1026 1071 1067 1029 1079 1071 1029 909 898 994 1079 1029 1067 1006 971 799 4227 4218 4204 2013 2070 2020 2882 3067 2696 1081 1088 1076 1081 1079 1088 2646 2510 2456 1041 1076 1088 2696 2834 2922 1084 1067 1057 382 342 260 3596 3554 3523 1058 1054 1052 1770 1781 1824 1017 1069 1083 2891 405 2906 944 1063 1006 799 860 752 1433 1395 1357 2660 2638 2724 1057 934 1044 2816 2737 2663 1009 949 957 3601 3532 3547 2003 2134 1961 2454 2484 2441 899 994 898 1056 1024 1075 1670 1791 1639 2415 2348 3640 2580 2617 2569 2580 2569 2617 2078 1802 2092 1056 1075 1063 1736 1685 1913 42 174 46 2986 2858 2978 2986 2978 2858 960 989 1053 3874 3928 4071 3629 3275 3555 1056 1053 989 2244 2095 2183 1056 1080 1088 915 779 804 915 804 779 3567 3535 3551 2071 2194 2111 1064 1067 804 1064 804 936 1063 1075 1088 936 804 802 2251 2202 2294 125 229 119 1527 1663 1560 2408 2420 2496 1369 1345 1519 1006 1075 1063 575 770 904 1860 1670 1680 1086 1017 1083 105 277 254 1592 1647 1608 3432 3382 3499 1017 1086 1057 1063 1088 1056 2825 2727 2790 1041 1079 1081 226 167 148 1806 1781 1938 1806 1938 1781 1147 1124 1119 1065 581 546 944 1024 1056 944 1006 1024 3472 3524 3462 3563 3603 3593 1873 1899 1853 934 1009 1017 949 1009 934 2404 2383 2307 934 957 949 1006 971 1063 2310 2360 2294 1083 1017 1057 1457 1485 1504 1041 1018 1026 1078 1033 1026 1058 993 1018 1058 1018 1054 4125 4134 3668 74 71 145 1018 1054 1026 799 774 745 2814 2820 2817 3613 3620 3616 1722 1820 1760 2720 2722 2217 1353 483 576 1720 1658 1800 3097 3202 3260 3097 3260 3202 1078 1076 1033 1044 934 949 3566 3595 3498 16 135 12 3463 3547 3411 1609 1619 1629 2908 2643 2683 950 1064 936 1379 1317 1311 2569 2625 2615 1058 1018 1013 646 3719 680 3596 3621 3586 2882 2917 3104 3610 3620 3613 2012 2006 2029 1088 1061 1056 1702 1674 1717 226 31 54 311 238 240 989 799 844 3065 3158 3079 686 842 759 130 118 152 129 223 228 129 228 223 886 906 897 686 866 842 77 164 162 2400 1032 1601 327 308 381 861 832 902 1983 2313 2227 866 993 842 1517 1871 1909 1052 993 866 712 743 765 712 765 743 363 281 346 936 802 852 844 840 860 3400 1609 2352 1465 1425 651 823 731 715 1615 1672 1563 3598 3363 3641 861 823 832 20 90 30 823 715 832 715 731 752 799 768 844 2755 3266 3365 799 752 768 2439 2617 2519 1076 1075 1061 105 169 104 105 104 169 2236 2281 2219 1325 1561 1204 2069 1976 430 844 823 1061 176 141 133 1506 1670 1639 47 86 94 1064 1079 1084 368 394 347 989 1075 1006 2097 2049 2134 1057 1079 1067 2487 2596 2638 949 1044 823 989 1061 1075 1076 902 1033 2881 2317 2831 1044 1076 1009 2248 2347 2298 1644 1641 1624 2169 2202 2310 2169 2310 2202 48 187 50 1076 1061 823 3258 3016 3047 1076 823 1009 3079 3078 3067 3209 3526 3230 446 485 416 2628 2708 2840 2657 2690 2174 3320 3448 3265 86 78 178 949 934 1017 1056 1069 1053 1018 1072 1054 99 68 180 1296 1339 1297 669 678 750 3451 3514 3424 822 963 1004 1630 1333 1606 1504 1485 1497 248 90 69 3228 3157 2999 2879 2885 3068 1860 1680 1872 1071 1018 1058 1020 1060 1055 1743 1527 1663 675 687 615 3588 3520 3959 1064 1084 1088 3191 3557 3344 1162 1168 1188 1346 2780 1111 1044 1057 1086 422 436 432 3783 405 3852 282 332 255 1058 1067 1071 1827 1522 1850 1071 1079 1072 4111 4081 4128 3141 3091 3053 2316 2246 2207 2316 2207 2246 916 1035 1016 934 1057 950 2699 2689 2696 2699 2696 2689 828 843 823 1324 1338 1327 866 804 915 2831 2317 2079 269 412 296 3052 2945 4280 1056 989 960 1056 960 989 301 349 215 3258 3263 3405 2404 2538 2528 2404 2528 2538 3662 4131 4141 1041 1033 902 1042 972 1035 1041 902 1029 3695 4074 4081 971 1063 774 293 286 210 989 944 940 944 1006 860 2133 2108 2138 2133 2138 2108 949 828 934 828 861 852 3355 3113 3482 2552 2551 2467 861 950 852 330 287 389 3567 3592 3583 3567 3583 3592 1177 1358 1700 1235 1172 1193 712 660 743 2299 2156 2411 3148 3581 3494 2613 2622 2632 888 917 972 2996 2985 2966 1807 1869 1845 1517 2391 3213 162 301 215 319 308 384 3959 3520 3647 409 343 399 388 386 356 1720 1713 1707 802 670 676 2113 2092 2257 670 732 725 2571 2853 2454 823 725 679 828 706 731 828 731 706 1611 1979 1529 3509 3516 3366 3509 3366 3516 4276 4279 4274 3046 3007 3090 844 726 689 3078 3089 3116 2439 2519 2189 844 689 736 2827 2811 2802 219 231 265 652 740 660 236 239 125 3496 3576 3488 660 655 742 2022 2014 2215 4199 4174 4218 660 652 740 4 2 1771 1929 1930 1965 1490 1385 1312 167 160 148 696 652 663 2416 2520 2582 637 696 663 637 655 747 1765 1892 1890 637 645 655 2696 2922 2814 40 34 32 660 743 693 3481 3474 3415 2636 2652 2578 1402 1330 1406 971 774 799 752 689 673 1435 1372 1388 673 689 676 715 752 673 645 672 673 1625 1638 1567 3373 3496 3488 2677 2659 2623 633 643 630 3226 3238 3341 2850 2625 2569 1873 1800 1750 1873 1750 1800 2304 2423 2290 960 843 840 3861 4060 3663 4124 4079 4162 843 736 768 3236 2941 2931 3236 2931 2941 96 93 102 736 840 768 1733 2081 1322 1494 1536 1579 860 840 844 660 980 995 644 631 657 2895 2320 2877 226 38 31 1705 1624 1724 1552 1497 1548 4094 3909 4104 3135 3188 2903 715 673 832 802 670 725 737 715 766 799 745 689 1324 1327 1337 1397 603 1361 3130 3154 3131 54 118 80 3400 2242 1609 673 655 742 4121 3682 4120 781 886 906 4084 4107 4135 1294 1348 1345 1503 1552 1506 3198 3229 3221 843 840 844 843 844 840 861 725 852 3228 3149 3070 3542 3530 3512 4082 3435 4095 1991 2056 2118 247 246 175 696 751 742 1296 1289 1297 353 362 339 3601 3547 3567 686 696 663 686 751 743 210 239 229 210 229 239 672 663 696 1586 1925 1499 672 696 747 3476 3539 3438 686 743 696 782 845 621 712 743 751 672 747 766 4282 3869 3463 1289 1299 1326 2417 2406 2599 747 742 766 4062 3429 3614 737 742 751 198 84 41 712 732 693 637 747 696 323 301 349 323 349 301 4136 4101 4094 1807 1674 1603 655 696 742 3072 3139 3074 3072 3074 3139 3673 4104 3738 1768 1816 1738 1659 1692 1672 861 802 725 159 255 200 3461 3394 3453 3027 3023 2988 1808 1850 1406 725 732 679 736 706 726 3527 3453 3491 660 712 693 799 689 752 12 6 2 1748 1630 1561 1870 1974 1839 686 775 866 1873 1800 2242 1577 1866 1736 3180 2407 3221 2368 2622 2613 2368 2613 2622 1334 1447 1379 840 736 745 3428 3332 3386 178 175 180 184 79 182 184 182 79 909 783 710 909 710 783 1652 1710 1708 1652 1708 1710 672 637 663 660 655 637 660 637 655 726 676 689 660 637 655 2173 2484 2286 652 660 740 670 641 660 108 73 44 660 740 652 11 494 573 637 672 645 3157 3149 3252 2208 2393 2276 887 1020 1002 887 1002 1020 1296 1297 1305 380 398 349 673 676 737 3360 3357 3458 3143 3258 3172 715 673 737 670 712 676 2659 2623 2389 2659 2389 2623 1579 1536 1570 1579 1570 1536 670 732 712 725 679 676 2389 2659 2623 706 725 676 706 676 726 148 71 79 828 802 852 828 852 802 1750 1652 1729 934 828 843 897 888 1016 3312 3255 3293 3312 3293 3255 2401 2241 2345 2446 2294 2376 804 641 670 2375 572 526 89 86 90 4140 4133 4104 736 768 844 3113 3041 3059 2986 2968 2978 2416 2626 2687 1889 1819 1875 828 706 731 828 731 706 832 673 766 2061 2158 2115 2061 2115 2158 776 757 405 324 289 295 686 759 751 159 152 160 3117 3150 3119 2834 2870 2697 1404 1339 1336 715 902 766 3504 3469 3178 2698 2618 2767 2752 2613 2853 3605 3607 3627 759 737 751 2640 3074 3138 1438 1404 1473 2680 2925 2764 3049 2815 2770 1911 1977 2025 690 710 792 2752 2613 2796 781 754 889 909 783 778 781 657 754 781 762 657 2710 2629 2567 2002 2017 2010 698 618 683 4 35 2 4 2 35 3142 3034 3352 626 620 642 1659 1615 1563 193 93 102 2439 2368 2613 675 611 615 84 197 184 84 184 197 2907 2796 2923 2248 2208 2197 675 615 687 3079 3587 2956 675 644 611 326 558 616 710 634 638 710 638 662 3596 3571 3602 2834 2833 2926 2834 2926 2833 3527 3404 3607 1406 1430 1450 1311 1289 1292 2831 2079 2861 643 710 634 2858 2869 2868 1884 2030 1876 690 643 633 1490 1384 1379 2502 2613 2368 3768 4274 4131 3768 4131 4274 2192 2284 2312 703 667 629 1720 1612 1713 618 674 620 3545 3592 3600 1773 1479 2079 1678 1611 1529 1344 1427 1516 2971 2972 3018 657 631 661 657 661 631 624 687 683 20 90 68 626 664 611 3591 3503 3185 664 687 611 615 611 687 1973 2233 2333 2628 2192 2626 3838 3830 3874 1182 1162 1178 615 662 644 1197 1166 1178 3703 3730 658 2700 2632 2747 2700 2747 2632 1782 1851 1777 703 629 661 703 661 629 682 750 761 3359 3375 3467 887 1020 1014 194 41 36 3544 3096 2844 629 661 631 3373 3445 3386 618 701 662 618 665 701 634 701 665 490 539 509 3342 2954 3165 662 618 683 662 683 618 1008 1004 1020 2480 2520 2593 675 657 667 644 638 631 2439 2368 2300 1339 1336 1299 1339 1299 1336 644 793 639 1820 1754 1789 1558 1522 1827 3576 3600 3592 2077 2158 2139 3341 3248 3232 762 781 789 756 661 703 1599 3222 2600 698 701 683 698 683 701 220 215 140 3600 3437 3564 762 789 756 892 761 863 789 762 897 4243 4218 4252 1354 503 534 1324 1327 1323 1313 1933 1824 2709 2582 2480 669 734 750 783 763 863 1603 1516 1384 31 160 44 783 863 761 669 750 682 678 666 710 675 906 690 754 753 661 1010 964 948 783 767 750 2187 2138 2153 2187 2153 2138 2724 2660 2747 667 682 767 1702 1610 1603 3234 3020 3022 3234 3022 3020 2710 2739 2566 690 678 643 3011 3164 3252 603 460 413 792 899 710 2316 2315 2395 710 666 1011 2501 2497 2441 792 710 1011 1510 1600 1579 2009 1946 1953 308 412 384 136 120 165 899 898 1011 899 1011 898 792 1011 899 2449 2473 2365 2061 2521 2115 909 996 1008 909 1008 996 777 685 698 2247 2501 2271 703 667 762 703 762 667 2571 2446 2439 690 669 630 3583 3541 3472 3583 3472 3541 690 643 669 634 662 701 675 615 644 2217 2722 2211 834 879 943 642 674 618 3225 3192 3214 3225 3214 3192 531 537 519 762 761 767 762 767 761 3583 3602 3579 897 761 916 761 750 734 778 643 678 1339 1326 1299 2590 2640 2637 2590 2637 2640 1225 1183 1216 783 734 763 783 763 734 429 384 428 767 761 734 2644 2557 2516 89 83 86 89 86 83 642 683 665 278 252 558 1750 1720 1652 1750 1652 1720 698 664 687 698 683 664 664 639 687 664 687 639 2695 1657 1518 675 687 639 3432 3486 3523 3318 3300 3299 698 685 665 2689 2491 2719 2522 2416 2312 2522 2312 2416 675 698 687 839 865 786 642 664 683 2971 3018 3016 624 687 664 2197 2237 1816 4191 4137 4220 1208 1118 1201 3636 4129 3641 618 665 683 367 405 398 367 398 405 675 639 793 3028 2840 3017 3028 3017 2840 3527 3404 3397 3527 3397 3404 3168 2941 2984 667 767 762 3100 3037 3133 783 750 678 3616 3595 3618 1678 1551 1705 1768 1738 1616 1393 1523 1400 678 643 666 1353 841 910 1807 1718 1709 642 620 674 1768 1667 1831 1794 1861 1998 690 633 678 849 820 760 2772 2800 2953 909 792 710 909 783 863 685 777 653 122 79 71 387 332 336 3326 3210 3257 2231 2207 2315 1683 1677 1663 653 748 849 1008 906 1004 887 893 1020 1008 1020 893 909 863 996 1770 2049 1985 909 893 792 783 1008 996 2009 1698 1962 3007 3073 2961 3390 3400 3199 1533 1675 1551 889 1004 983 906 983 1004 675 667 906 3166 3327 3300 781 906 762 3491 3537 3453 3072 3016 3028 3048 3151 3009 675 690 792 675 792 793 783 690 750 783 750 906 666 620 653 3046 3090 3070 3046 3070 3090 666 653 1011 216 236 229 889 822 756 2677 2700 2632 3120 2616 2573 2463 2383 2492 777 698 793 675 793 698 777 919 748 642 685 653 777 748 653 2295 2118 2056 783 734 750 2367 2471 2393 2636 2713 2652 4278 4287 4271 2880 3056 3012 703 682 667 657 753 1004 1477 1494 1570 1563 1473 1575 892 916 761 1480 1932 1809 1649 1701 1724 756 822 753 822 963 753 2825 2945 2776 703 629 682 1563 1662 1575 698 624 618 698 618 624 1195 1244 1207 3052 3061 3151 4243 4235 4263 615 639 611 615 611 639 642 624 664 1933 1966 1920 1272 1276 1246 1383 1392 1442 1320 1324 1337 1223 1189 1150 1223 1150 1189 4087 3833 3485 1384 1385 1458 678 631 634 3376 3171 3330 3608 3607 3891 429 276 319 678 634 643 638 634 631 94 97 204 2310 2368 2360 633 630 631 2628 2687 2764 127 119 239 127 239 119 2563 2538 2528 2228 2244 2258 2228 2258 2244 2862 3044 2973 1487 1566 1453 634 665 620 301 265 377 2544 2642 2739 634 666 643 1531 1891 1922 662 615 624 3217 2398 2496 62 61 113 2218 527 4 3444 3412 3458 450 337 426 4094 4101 3909 919 849 748 1476 1593 1451 1476 1451 1593 1609 1629 3362 2178 2236 2211 1609 3362 1629 762 703 667 762 667 703 1756 1799 1776 285 277 318 703 667 762 703 762 667 1730 1706 1421 2480 2347 2520 776 820 760 362 353 335 1331 1373 1327 669 750 690 669 690 750 3444 3543 3490 777 792 893 1204 617 668 2752 2796 2617 669 630 643 630 669 682 3407 3195 3233 629 630 682 2683 2559 2696 3464 3450 3402 781 756 789 1001 777 893 909 778 882 126 34 45 195 201 193 754 1004 889 2687 2718 2662 1036 1047 1010 3204 3538 3755 3338 2951 3234 2828 2884 3103 525 449 516 1011 962 976 1836 2544 2540 409 399 421 409 421 399 2622 2677 2632 1002 1060 1059 1002 1059 1060 2473 2078 2448 1532 1662 1676 1055 1048 958 1036 958 1047 3400 3199 3372 2316 2231 2186 377 265 292 3583 3529 3524 470 640 583 996 972 1042 4230 4182 4235 1035 1045 1016 1937 2545 1902 2850 3062 2889 1016 1035 916 54 70 44 983 1045 1046 1016 1045 983 2974 2960 2806 1016 983 1046 3884 3928 3874 3566 3618 3595 300 460 714 532 494 8 615 595 589 1384 1458 1385 2604 2481 2623 1020 1036 1059 1059 1036 1055 1020 1055 1036 2588 2589 2823 2207 2246 2186 1002 1059 979 1816 1696 2280 1297 1299 1294 1047 961 1048 1047 958 961 4 1908 1942 4 1942 1908 1047 964 1025 2310 2502 2368 3215 3317 3278 1042 1050 1046 1014 1046 1050 1882 1816 2197 1004 1046 1014 2519 2508 2360 2031 1508 2046 3258 3405 3408 1004 1014 1020 1042 1060 1050 2404 2383 2254 512 519 491 1014 1050 1060 887 1014 1060 1020 1060 1002 2270 2258 2194 1531 1894 1788 433 394 439 2077 2061 1929 295 228 199 886 822 897 889 963 822 1642 1171 552 882 974 994 972 974 1042 224 251 244 4193 4203 4191 30 25 58 889 822 1004 2343 2132 2120 2985 2949 2910 909 899 898 909 898 899 909 898 882 909 882 898 266 450 422 863 994 917 863 892 888 3490 3550 3513 1312 1348 1385 916 1016 888 1699 1745 1729 983 886 897 1629 1708 2398 2811 3002 2821 789 886 822 1308 1330 1318 2930 3005 2967 897 916 888 897 888 916 886 963 822 2375 2451 572 972 917 994 887 1020 911 996 1042 1050 2574 2835 2320 899 1048 974 1527 1458 1384 1527 1384 1458 415 426 452 1002 981 1020 2174 2141 2388 1008 972 1035 2453 2497 2359 2453 2359 2497 1016 1046 963 1353 1531 943 1014 1055 958 2464 2517 2535 2464 2535 2517 1036 1010 948 1819 2048 1838 2302 2304 2379 789 897 886 892 888 916 892 916 888 909 994 974 3072 3143 3263 983 963 886 909 974 882 3657 3555 3469 909 882 899 220 380 390 96 83 93 863 888 892 254 208 252 887 911 893 105 66 43 919 976 962 2996 2923 2966 919 981 964 2834 2828 2922 3180 3238 1553 1149 1151 1120 1002 979 981 919 964 976 981 1010 948 3173 3376 3373 3173 3373 3376 77 28 64 1010 976 948 3547 3596 3573 3666 3672 3941 3943 3956 3953 3943 3953 3956 1471 1135 1636 1725 1757 1676 2920 3498 3595 1059 1010 981 226 405 241 1240 1258 1253 1807 1824 1817 1047 948 964 882 402 1318 4275 2764 2797 3172 3139 3024 3392 3336 3493 1036 948 1047 2041 2082 2113 1615 2019 3214 1016 963 897 548 8 1970 963 1016 897 972 994 974 2182 2240 2505 1878 1963 1965 2100 1474 1814 882 892 863 97 90 96 2304 2343 2290 1195 1378 1244 1016 916 1035 3561 3486 3554 3446 3457 3423 916 972 1035 1636 1937 1902 789 839 764 789 764 839 1047 1011 1025 1047 1025 1011 1011 976 1025 2251 2338 1958 1036 1010 1059 1047 1048 1011 1011 1025 964 1047 1011 964 197 253 359 4233 4260 4247 3468 3447 3425 3468 3425 3447 3852 405 3410 4 6 435 2550 3217 2496 2668 2705 2524 1020 1059 1060 1059 1055 1036 3357 3458 3510 167 270 222 170 100 158 1154 1516 1374 2404 2383 2538 2404 2538 2383 1994 2030 2258 1994 2258 2030 1042 1035 1050 1807 1845 1718 2337 2393 2520 4272 4295 4291 1332 1545 487 4033 4090 4074 2173 2439 2376 974 1048 1042 4279 4284 4289 1016 897 983 1016 983 897 2191 1806 1938 345 427 401 3856 3776 3754 3856 3754 3776 897 983 906 897 906 983 897 1016 983 897 983 1016 2360 2376 2508 409 421 399 409 399 421 1008 996 972 1008 972 996 2535 2464 2532 2270 2372 2259 116 125 113 116 113 125 3233 3073 3011 972 996 892 972 892 996 481 487 490 2944 2957 2860 1702 1603 1770 919 1001 981 2295 2056 2259 12 2 4 12 4 2 1597 2682 2170 893 1014 981 607 1601 1032 1300 1298 1223 2895 2877 3229 4210 4191 4220 84 79 81 1001 893 981 3120 3115 3150 3120 3150 3115 1608 1639 1791 972 1042 1035 1807 1709 1869 2571 2613 2502 3161 3151 3247 2606 1858 2753 1008 917 972 2216 2287 2264 2216 2264 2287 1569 1273 1614 1402 1329 1380 3166 3192 3183 690 669 750 690 750 669 2278 2198 2229 2278 2229 2198 2450 2464 2447 2453 2405 2497 958 948 964 1010 958 964 3046 3006 3090 3046 3090 3006 1808 1511 1841 1010 948 928 981 948 958 3072 3172 3327 3317 3486 3441 3547 3573 3511 3084 3193 2881 3489 2903 2913 712 660 743 660 693 743 712 765 751 712 751 765 740 765 693 2295 2259 2118 712 743 740 712 740 660 3468 3405 3351 3545 3542 3443 1636 1767 1469 789 822 865 789 865 822 285 318 233 569 468 398 1796 1688 1569 2871 2455 3045 1072 1013 1030 1072 1030 1013 1072 1029 1030 1072 1030 1029 2991 3326 3008 645 601 637 26 56 33 655 637 601 2673 2745 2727 2315 2303 2395 2125 2145 2160 3223 3357 3360 535 438 396 2677 2659 2681 1595 1493 1446 2164 2241 2322 2462 2324 2547 1691 1685 1548 2368 2310 2169 4115 4129 4177 3650 4129 3246 4110 3757 3941 600 594 601 2185 1996 2058 4260 4264 4257 1652 1629 1619 1379 1384 1427 10 520 533 10 533 520 2231 2315 2207 556 232 267 1544 1467 1369 2955 2808 2745 1386 1328 1348 2657 2158 2662 1402 1484 1449 2004 2085 702 2251 1985 2202 1811 3246 1335 3077 3494 3559 1662 1473 1438 1662 1438 1473 4233 4266 4260 2773 2702 2214 2422 2539 2212 2337 2298 2321 2921 3167 3650 3468 3405 3472 655 601 645 3535 3479 3551 3143 3351 3258 1326 1360 1294 1326 1294 1360 2996 2966 3006 2534 3485 2093 3278 3317 3196 2530 1888 1902 1713 1786 1742 3149 3056 3011 655 637 645 1404 1396 1434 615 624 611 615 611 624 3613 3608 3611 3613 3611 3608 615 624 595 362 335 398 376 366 374 2347 2393 2520 596 595 590 2828 2683 2644 615 589 596 2673 2242 3400 589 595 586 1884 1860 1892 138 141 171 186 184 79 615 596 590 615 590 624 2456 2239 2421 615 611 596 615 596 611 3944 3870 3891 3944 3891 3870 246 247 312 615 596 611 3017 3261 3074 748 405 379 2528 2538 2383 2251 2296 2338 1662 1725 1737 1662 1737 1725 1686 1725 1662 2192 2152 2626 1662 1438 1563 1160 722 613 1553 1501 1556 3232 2858 3184 572 1749 1416 1311 1292 1293 86 90 83 86 83 90 380 402 398 1293 1292 1269 2312 2393 2416 2522 2416 2393 2522 2576 2628 2576 3028 2628 982 987 1040 1929 1804 1813 2465 3028 2576 1542 1594 1498 2465 3166 3028 1299 1294 1305 2695 2682 2992 220 408 226 1590 1533 1529 3432 3499 3382 1302 1279 1281 2187 2200 2234 2187 2234 2200 2302 2373 2433 2454 2853 3046 2446 2454 2501 3100 3036 3049 1702 1770 1603 2990 2907 2949 2571 2501 2446 2294 2368 2446 2251 1702 1770 261 267 284 1384 1527 1458 1528 1527 1384 1737 2337 2312 265 270 305 4272 4269 4292 3468 3505 3405 1558 1404 1449 1702 1527 1528 1702 1528 1527 3631 3618 3566 1743 1683 1610 1827 1843 1783 1251 1133 1387 1743 1610 1458 29 49 87 309 426 383 1702 1666 1683 1481 1748 1561 1895 2173 2003 1617 2213 1839 1616 1768 1575 2248 2480 2590 4198 3965 4139 3072 3327 2904 2248 2590 2904 3626 3060 3136 283 157 154 3471 3493 3478 2248 2904 3327 1379 1369 1467 1575 2248 3327 1768 1882 1575 2696 2683 2834 1951 1821 2038 3606 3596 3601 622 649 1347 3342 3432 3070 3432 3228 3070 2180 2203 2176 2880 2580 2839 1490 1312 1458 3562 3426 3179 4264 4260 4261 2628 2797 2708 1575 1404 1473 2749 2781 2709 1575 1473 1616 2248 2298 2480 2752 2617 2613 3375 3359 3176 2880 2752 2853 3547 3561 3532 3547 3532 3561 3596 3573 3571 3234 3091 3144 3143 3139 3072 3143 3072 3139 3631 3613 3619 2307 2285 2254 1379 1427 1475 1490 1475 1603 1379 1311 1317 2192 2152 2077 2152 2077 2065 2192 2208 2197 3265 3208 3286 2678 2717 2171 2105 1981 2109 1807 1603 1845 1702 1603 1674 1305 1360 1400 3499 3411 3547 1690 1682 1696 3499 3547 3463 3499 3463 3547 203 115 211 2677 2665 2700 2945 2994 2943 3258 3143 3016 3525 3528 3610 2802 2798 2741 2405 2359 2370 2405 2370 2359 3017 2784 2637 2628 2640 2593 3258 3016 3405 3562 3619 3590 3610 3613 3616 2571 2752 2907 2457 2381 2365 2662 2521 2718 2571 2613 2677 1464 1427 1344 2675 2888 2878 2867 2604 2949 2867 2949 2604 2368 2622 2502 323 332 338 2571 2622 2613 582 1148 885 2169 2202 2097 2169 2097 2202 1633 1571 1560 1633 1560 1571 2202 2049 2097 3483 3478 3524 3483 3524 3478 2169 2097 2142 2237 2272 2092 1824 2049 1985 3237 3203 3245 2881 3230 3194 2685 2716 2620 1402 1438 1532 1925 1995 1483 2416 2687 2312 4026 3578 3434 3852 3831 3803 3852 3803 3831 3016 2925 2680 2853 3006 3090 2628 2680 2626 2628 2626 2582 1929 2208 2077 2628 3028 2680 2680 2764 2762 4242 4211 4257 2749 2762 2764 3143 3028 3016 1457 1470 1377 1457 1377 1470 2626 2680 2687 2244 2732 2489 1711 1753 1741 1707 1726 1758 3468 3535 3505 3468 3505 3535 3006 2966 3012 2677 2747 2728 2454 2658 2429 4168 4209 4234 1743 1458 1527 1895 1958 2173 1770 1958 1895 1613 1627 1643 2827 2802 2830 1743 1770 1895 2111 2116 2129 3353 3286 3239 3527 3442 3404 3523 3554 3486 2839 2429 2658 2935 2984 3000 2935 3000 2984 3046 3070 2901 790 574 538 1293 1296 1329 3610 3537 3566 1743 1781 1806 3046 3342 3070 220 390 408 1686 1682 3327 1686 2471 2367 2522 2628 2593 2703 532 573 2465 3327 3166 1575 3327 1682 432 372 337 2622 2677 2665 2622 2665 2677 220 215 304 2192 2687 2158 126 45 129 2687 2662 2158 3673 3489 3599 3486 3531 3554 2764 2797 2749 3258 3347 3016 1611 1624 1665 2907 2910 2996 3362 3208 3372 2971 2991 3008 2971 2924 2930 1402 1406 1484 1317 1344 1308 1294 1348 1305 1718 1845 1475 1718 1475 1845 3856 4094 3909 2 0 17 2867 3097 2990 3721 680 3719 2142 2055 2097 2163 2142 2389 2681 2659 2389 2752 2728 2910 640 585 1352 144 131 205 1404 1326 1339 2907 2966 2985 2607 2578 2514 2221 2255 2207 2368 2389 2142 3205 3146 3029 2398 2525 2496 3409 3430 3441 1320 1392 1399 3601 3596 3561 2519 2700 2681 2439 2519 2368 3429 2969 3093 1243 597 1068 1223 1168 1150 2368 2142 2189 2165 2657 2174 2687 2690 2657 3285 3381 3383 2105 2109 2167 1292 1293 1294 2610 2618 2698 2554 2423 2489 3172 3263 3182 3571 3535 3547 3463 3496 3547 3184 3053 3144 2996 2999 3171 3100 3037 2888 1224 1270 1287 2028 2759 2512 2996 2966 2999 2722 2217 2184 2907 2910 2796 2728 2747 2796 2974 3010 3029 2728 2796 2910 3260 2901 3097 656 1453 1942 3428 3419 3392 2677 2681 2700 2632 2134 2189 2632 2189 2134 2003 2191 2134 2580 2617 2632 3127 3071 3176 3386 3312 3262 3386 3262 3312 2617 2728 2700 3012 2966 3056 1577 1689 1533 228 223 199 1289 1334 1328 2923 2796 3056 2728 3056 2796 3362 3353 3239 1544 1817 1709 3149 3012 3056 3400 2352 3069 3228 3373 3386 3427 3541 3326 1336 1434 1473 2501 2484 2497 4284 4285 4294 3571 3583 3524 3571 3524 3583 855 1511 1516 3326 3425 3350 2 514 1 3072 2972 3017 3017 3018 3139 3139 3018 3326 3432 3317 3219 2914 3008 2972 3072 2914 2972 2590 2680 2708 2590 2708 3072 2781 2914 2709 2152 2139 2077 1875 2041 1819 3072 2708 2914 2590 2480 2582 3479 3551 3484 3479 3484 3551 2204 2139 2480 835 791 1222 2073 2139 1816 1329 1299 1339 1616 1819 1816 2826 2529 2788 1846 1816 1819 2834 2866 2926 2248 1882 2197 1846 1875 1816 1517 1501 1607 1941 2073 1816 1941 1816 1875 1558 1523 1404 830 1118 1208 1339 1328 1393 2686 497 2500 3359 3426 3385 1336 1339 1393 114 75 76 148 160 38 1484 1558 1449 1334 1369 1447 1334 1328 1369 1289 1369 1328 1299 1328 1339 1610 1544 1369 1320 1399 1362 1324 1323 1372 1324 1372 1323 2097 2062 2134 68 180 56 1683 1806 1805 1864 1869 1817 1917 1869 1864 3423 3424 3517 1683 1544 1610 1683 1805 1544 2003 1961 1917 3463 3496 3428 3133 3125 3177 3499 3532 3463 3463 3445 3411 134 253 81 2628 2687 2680 2617 2665 2613 3468 3505 3405 2776 1602 2667 28 41 36 3300 3287 3192 3173 3171 3376 3173 3046 3090 3173 3090 3046 3173 3090 3219 1527 1663 1571 2752 2658 2613 2853 2658 2894 3444 3473 3510 2571 2613 2658 2480 2520 2590 441 462 538 2395 2341 2315 54 44 73 2284 2480 2347 2480 2593 2520 1686 1662 1696 3039 4014 4152 2593 2637 2520 3172 3017 3139 3017 3182 3019 3139 3182 3263 3072 3182 3139 1582 1618 1584 789 541 822 2401 2369 2418 3072 3019 3182 2058 1789 1876 2058 1876 1789 2173 2338 2839 3297 3210 3276 4144 4141 4217 910 576 1139 3583 3529 3602 3583 3602 3529 1218 580 581 3180 3213 3198 2020 2070 2050 287 194 234 3583 3541 3529 3432 3486 3373 839 764 405 3432 3252 3228 131 203 216 3070 3149 3252 1707 1764 1745 548 1970 694 3610 3537 3572 3056 3007 3011 1138 502 489 2880 2617 3007 3117 3119 2570 2454 2429 2376 105 43 48 2294 2446 2376 4286 3607 3863 3351 3172 3327 3382 3342 3219 517 269 474 2522 2393 2493 2465 2471 2393 2465 2393 2471 2368 2202 2310 3143 3172 3351 3532 3531 3518 1750 1944 2069 2446 2501 2376 2446 2368 2439 2522 2520 2416 3143 3028 3072 3143 3072 3028 1787 609 1416 3173 3228 3149 2657 2165 2158 656 1356 1453 3474 3471 3531 3474 3531 3471 3625 3639 3552 3127 3134 3175 2762 2709 2708 362 348 353 3432 3486 3445 2436 2399 2414 2622 2632 2519 2451 2654 1749 2571 2519 2580 1379 1369 1311 2571 2502 2519 3258 3263 3143 1662 1682 1696 3072 3028 3143 2951 2900 2935 2951 2935 2900 3258 3047 3263 2999 3149 3056 3228 2999 2996 3228 2996 3171 3472 3535 3524 3468 3351 3447 3468 3447 3351 2448 2610 2443 3142 3520 3588 1139 797 1090 2898 3086 2893 2958 2938 2984 2379 2423 2554 1882 2066 1878 349 400 398 2571 2580 2446 2571 2446 2580 2507 805 532 2258 2116 2259 1353 418 483 4122 4190 4161 2376 2360 2253 2880 2615 2569 2880 3070 3011 3070 3252 3164 3490 3460 3550 3432 3523 3486 1889 1931 1843 1820 1884 1754 4238 4209 4185 1399 1440 1362 4198 4139 4223 2996 3171 2985 2996 2985 3171 3596 3602 3554 2617 2850 3007 3373 3486 3445 3373 3445 3486 265 231 164 3425 3263 3350 2816 2794 2802 3400 3461 3498 3172 3182 3017 2590 2637 2593 2590 2593 2637 1197 1263 1231 1533 1551 1411 1533 1411 1551 3143 3172 3028 3143 3028 3172 2838 2811 2802 2838 2802 2811 2569 2508 2376 2880 3011 2813 2550 2605 2635 3234 3231 3254 3432 3373 3252 168 196 237 3425 3529 3541 1580 1899 1894 3149 3011 3252 2248 2284 2347 3173 3090 3149 2192 2139 2204 3541 3524 3529 3541 3529 3425 1961 2062 2097 4152 2855 2832 3173 3070 3204 1195 1118 1119 1195 1119 1118 3561 3532 3445 3561 3596 3532 3561 3571 3596 2111 1997 2195 2617 3007 2796 2617 2796 3007 2880 2796 3007 2880 3007 2796 2590 2520 2637 3497 3513 3456 1820 1860 1884 3561 3596 3523 1253 2761 1201 567 548 563 2580 2569 2376 579 2027 552 2880 2569 2617 1899 1906 1981 2480 2298 2347 2904 2637 3017 3072 3139 3172 2880 2796 2617 2880 2617 2580 2439 2300 2189 2946 2777 2547 3228 3386 3157 3411 3386 3428 3463 3411 3428 3463 3428 3496 2966 2923 2950 1490 1519 1385 3393 3329 3341 1535 1436 2490 3571 3524 3535 3408 3427 3326 1399 1383 1362 2749 2914 2781 1344 1389 1427 1595 1745 1849 3645 3575 3202 2174 2690 2480 2571 2446 2368 2687 2709 2690 2690 2709 2480 2590 3072 2637 3263 3326 3350 2297 2274 2268 1405 1422 1581 3583 3524 3541 2880 3007 3056 2559 2524 2711 2312 2298 2337 3382 3432 3342 1399 1440 1414 3639 3909 4101 3561 3486 3601 2824 2024 3160 3460 3548 3513 3460 3513 3548 3411 3386 3373 3499 3601 3486 3463 3428 3445 2626 2709 2687 2628 2582 2626 389 535 592 74 79 123 3028 3017 2972 2773 2223 2785 2628 2626 2687 2617 2700 2665 2996 2999 2966 160 108 44 2248 1831 1816 3016 2972 3008 3496 3392 3493 1444 1470 1373 3016 3008 3018 2202 1985 2049 2680 2709 2708 2680 2708 2709 4186 4154 4201 3532 3496 3463 3462 3483 3541 2687 2657 2662 2906 2749 2797 3571 3518 3592 392 358 356 3016 3347 2991 2677 2389 2659 2368 2163 2389 439 436 415 2906 2924 2749 3645 3330 3909 108 152 118 2930 2924 2906 3408 2991 3347 2226 2269 2239 1510 1536 1494 3547 3535 3573 2907 2985 2910 4168 4133 4136 2337 2358 2493 2304 2290 2379 2454 3046 2658 3046 2901 2658 2465 2471 2449 225 95 480 4228 3891 4286 2532 2535 2464 2571 2580 2501 3143 3172 3166 1459 1855 1128 1720 1707 1658 3045 2601 3337 3166 3172 3143 2571 2580 2622 2622 2519 2502 2480 2416 2582 3546 3467 3510 2853 2894 3046 3320 3199 3265 3432 3382 3376 2557 2491 2511 2557 2511 2491 3432 3376 3499 2341 2462 2660 3173 3376 3382 3173 3382 3376 3567 3547 3573 3567 3573 3547 3258 3351 3405 3258 3405 3143 2925 2797 2764 2971 2906 2925 1850 1931 1827 2971 2930 2906 2971 3016 2991 1884 2120 2059 3472 3462 3408 1636 1640 1767 3547 3573 3535 2368 2389 2677 3499 3376 3445 3405 3393 3408 2297 2268 2200 3472 3405 3505 3173 3204 3165 3545 3542 3512 335 360 336 139 156 155 2451 1749 572 1189 1236 1250 3357 3071 3175 3362 1629 2398 3018 2972 2914 3173 3149 3228 3006 2999 3056 2163 2481 2389 3376 3411 3373 2688 2469 2660 3411 3445 3386 196 459 414 3472 3408 3393 2853 3006 3046 3472 3393 3524 3462 3524 3535 3615 3345 3186 3072 3047 3016 3831 3833 3824 97 109 96 4243 4252 4262 1616 1558 1827 2880 3007 2894 2880 2894 2752 2790 2808 2822 2790 2822 2808 2954 2936 2839 1334 1317 1311 3376 3486 3499 1325 648 1333 2461 2429 2286 3601 3499 3523 1246 1206 1203 1592 1647 1526 3475 2982 2921 529 528 508 3258 3405 3263 3505 3425 3405 1436 1487 1417 3017 2797 3028 3028 2840 2797 2571 2439 2613 515 508 309 2853 3007 2880 3173 3149 3090 1670 1680 1791 516 565 598 3596 3547 3573 3211 3159 3612 3499 3547 3532 1990 1998 1796 2628 2764 2192 3258 3425 3405 3258 3405 3425 3248 3243 3184 363 405 367 2628 2582 2640 3468 3425 3505 3499 3532 3523 2439 2368 2360 2439 2360 2368 604 1138 1321 3499 3486 3376 3046 3070 3007 3046 3007 3070 148 79 38 3567 3592 3573 3567 3573 3592 3028 3017 3072 2061 3364 3088 2551 2777 2742 2522 2593 2582 3030 3054 3020 3030 3020 3054 1546 1595 1671 3535 3505 3529 3027 3442 3406 2840 2708 2797 2248 2197 2208 1533 1551 1678 2312 2248 2208 2312 2208 2248 2691 2847 2172 1334 1369 1311 1334 1311 1369 4282 3463 3883 1743 1717 1770 882 827 778 882 778 827 54 73 124 1603 1490 1384 1603 1384 1490 232 197 267 353 339 369 1294 1293 1328 1339 1299 1305 1676 1662 1696 1770 2003 2049 2170 2140 1859 1702 1603 1683 3357 3375 3176 1296 1380 1326 1725 1757 1768 1503 1399 1577 1768 1757 1813 1297 1326 1336 1768 1813 1831 3 191 5 2644 2884 2828 30 60 58 1889 1804 1819 1438 1329 1380 1824 1770 1702 1315 1362 1357 3460 3456 3556 2197 2208 2284 2202 2049 1985 588 1194 1219 2385 1690 2078 1532 1808 1511 1402 1406 1532 1402 1532 1406 764 398 405 439 415 436 940 840 910 940 910 840 1379 1344 1317 1405 1394 1348 3130 3112 3128 198 194 41 183 242 179 1427 1447 1467 1427 1467 1447 3870 3962 3916 3909 3738 4104 1845 1917 1920 1845 1920 1917 3042 3394 3453 3042 3453 3394 2055 1920 2097 1266 1284 1267 2488 2725 2666 2580 2617 2572 2580 2572 2617 3598 3641 4129 3296 3327 3287 3789 4118 4083 1822 1833 1904 1571 1519 1634 4239 4229 4194 330 389 420 3347 3005 3410 1311 1312 1289 3347 3410 3005 3269 3286 3239 1402 1449 1393 1402 1393 1449 96 201 93 257 243 282 1317 1318 1328 1517 1431 1553 1339 1328 1318 2 524 0 1334 1379 1317 1379 1447 1427 1379 1427 1447 1544 1718 1475 1544 1709 1718 1917 1961 1920 1505 1463 1268 1386 1389 1447 2097 2134 2189 2097 2189 2134 116 228 199 3065 3103 3158 1336 1402 1404 323 301 265 1804 1846 1819 1102 1122 1120 1532 1406 1511 1532 1511 1406 2152 2208 2139 2202 2097 2134 1725 1813 1757 1725 1757 1813 3600 3564 3542 491 245 191 1296 1301 1380 1293 1301 1296 2134 2062 1961 3567 3535 3505 4273 4242 4257 3909 3755 3696 2362 2662 2158 1386 1447 1412 159 255 152 159 152 255 882 1402 1532 543 1363 1969 1942 2529 1540 2248 2347 2237 2248 2237 2347 2248 2237 1831 2248 1831 2237 1461 1783 1607 148 38 71 2207 2255 2324 1336 1326 1396 1616 1336 1523 1683 1674 1702 1475 1467 1544 2622 2368 2901 2047 2135 2247 228 211 113 228 113 211 1289 1328 1299 3425 3508 3524 209 238 165 1334 1369 1328 1289 1326 1294 1289 1385 1345 1490 1369 1385 1220 1341 1463 1610 1743 1806 2173 2191 2003 1317 1308 1318 350 370 314 2003 1806 2191 2191 1938 2243 1352 585 1382 1737 2312 2208 2003 1938 1806 2765 2875 2836 1575 1682 1692 2049 1985 1938 3944 3603 3870 2173 2253 2191 2316 2395 2315 32 45 34 2337 2367 2393 1686 1696 1682 3260 3575 3538 1683 1663 1527 1528 1458 1527 1683 1527 1458 3178 3275 3629 1528 1683 1458 1803 1611 1760 222 270 231 1458 1312 1385 2580 2572 2615 1662 1682 1696 2429 2338 2376 2446 2376 2338 2047 2175 1774 1489 1482 1478 1228 1278 1286 1805 1740 1717 1725 1667 1696 1725 1696 1667 3605 3627 3631 1610 1490 1603 1610 1603 1490 3504 2792 3280 1702 1717 1610 3817 3803 3768 1770 1717 1781 1770 1985 1806 2049 2062 2243 2049 2243 2062 2097 2134 2049 2943 3480 3040 1240 1253 1201 2985 2910 2990 2169 2310 2300 2310 2253 2300 1544 1620 1627 1804 1676 1819 54 140 118 1929 1941 1846 1817 1805 1674 1386 1519 1394 1402 1329 1393 1402 1393 1329 1765 1890 1689 2304 2030 2188 2298 2337 2321 2353 2438 2325 1686 1737 1715 2413 2438 2353 1780 1790 1966 3147 3292 2715 3374 3306 3375 3487 3660 3485 2003 2253 2243 3591 3185 3429 1610 1806 1717 3342 3432 3407 1610 1490 1385 1768 1831 2248 3118 3307 2847 1768 1696 1667 1768 1667 1696 2202 2134 2191 1802 1798 2051 1683 1610 1717 1683 1717 1610 1683 1781 1806 1615 1568 1692 2906 2967 3484 2563 2635 2478 3012 3086 3013 1289 1345 1334 1324 1381 1362 470 583 459 3803 3836 3768 1270 1263 1303 2003 2243 1938 1235 1224 1280 1438 1662 1532 1511 1808 1450 1806 1781 1717 2669 2791 2612 3005 405 3410 1683 1717 1781 1384 1379 1311 1384 1311 1379 1404 1396 1326 1334 1345 1385 1404 1523 1396 1616 1667 1523 1768 1816 1616 1768 1616 1816 1339 1299 1336 1683 1806 1805 1683 1805 1806 2404 2463 2528 1942 2410 2655 1768 2248 2197 1404 1336 1616 1312 1385 1334 97 96 204 1334 1385 1289 2943 3040 1922 2514 2636 2578 4283 4261 4255 3236 3240 3168 1995 2186 2021 1683 1743 1610 200 387 226 1768 1816 1882 1218 1341 1220 2439 2189 2632 1944 1899 1981 1845 1869 1917 789 1317 1318 1393 1328 1339 1402 1393 1339 3354 3630 3191 1959 2032 1957 3201 3141 3054 1929 1941 1931 2073 1941 2066 2077 2073 2066 2077 2139 2073 2077 2073 2139 1419 1501 1476 1289 1328 1299 1269 1289 1296 1301 1297 1336 904 1391 1409 1380 1336 1473 1379 1467 1427 1824 1864 1845 1824 1845 1864 2192 2208 2152 1822 1833 1904 2202 2191 2189 1807 1817 1805 3211 3632 2157 1845 1864 1817 3046 3006 2853 2192 2204 2197 2192 2197 2204 2197 2139 2208 3364 1554 1445 1240 1173 1278 1379 1447 1369 2115 2521 2362 1336 1393 1402 1402 1449 1404 1603 1475 1718 377 320 419 3139 3261 3138 1318 1330 1402 3364 1445 3242 1475 1427 1467 2850 2961 2653 4246 4240 4220 1894 1891 1788 2251 1958 1702 1770 1666 1958 183 204 180 2250 2154 2303 1438 1473 1563 1296 1297 1301 1301 1336 1380 2408 2398 2420 1292 1289 1269 446 202 291 2630 2995 2060 1686 2367 2337 1645 1727 1752 41 182 36 2623 2389 2481 1824 1702 1805 1463 1309 1268 1889 1941 1929 1768 1757 1804 2202 2253 2310 3204 2901 3260 2208 2312 2284 1814 1505 2127 1824 1917 1920 1899 1906 1853 1702 1528 1603 3167 2336 2965 1438 1380 1301 1293 1329 1317 1438 1402 1329 1438 1329 1402 1725 1813 1676 1725 1676 1813 1889 1804 1813 1718 1845 1815 1532 1676 1804 2701 2650 2610 1402 1330 1329 1379 1317 1308 1329 1330 1308 4172 3944 4113 1845 1603 1718 122 167 243 1824 2055 2049 1402 1438 1404 1402 1404 1438 1438 1380 1404 1380 1473 1404 2065 2077 2139 1889 1875 1941 1889 1941 1875 1889 1846 1941 1824 1864 1917 1395 1515 1619 4094 4133 4185 2853 2894 2752 127 129 119 1702 1674 1805 1824 1805 1817 1768 1804 1819 1768 1819 1757 2170 2695 2147 1567 1483 1936 1528 1384 1603 3543 3426 3510 1293 1296 1305 1813 1965 1963 2294 2202 2310 1511 1450 1841 2003 1985 2049 1824 2049 1985 1770 1824 1985 2451 510 2410 1384 1369 1379 3052 3048 3009 541 468 544 1725 1676 1696 380 402 390 1813 1878 1965 1292 1317 1334 3017 2637 2634 982 1040 937 2368 2294 2360 1384 1311 1369 2003 2049 1938 2077 2113 2139 1743 1824 1781 1683 1603 1674 3831 3768 3833 1610 1717 1674 1610 1674 1717 1725 1768 1831 1292 1328 1317 1296 1326 1339 1505 1268 1307 2197 2208 1965 1969 412 269 1719 1760 1765 3035 3005 2947 1780 1815 1862 3562 3623 3613 2361 2399 2414 1735 1688 1423 882 763 402 1648 592 885 3613 3590 3628 2673 3400 3069 2163 2481 2110 1824 1845 1807 1862 2110 1966 2145 2160 2308 238 344 212 126 217 239 555 300 327 724 1468 1340 1925 1854 1916 2061 3088 2521 4263 4267 4251 2662 2362 2521 2947 2521 3088 2061 1841 1554 656 650 1314 3603 3491 3565 326 1249 2591 531 519 534 2061 2115 1841 325 240 441 2673 3069 3061 1895 1938 1806 1620 1581 1401 204 175 178 318 340 378 2105 1976 1981 2346 2711 2732 1845 1780 1920 2908 3067 3071 2404 2281 2288 2910 2867 2990 2985 2990 3330 2316 2315 2246 2316 2246 2315 3285 3288 3264 3285 3264 3288 2654 2553 2378 3355 3563 3482 2115 1445 1949 4260 4264 4247 1464 1780 1427 2615 2572 2760 2055 1920 1966 2623 2481 2730 2659 2623 2730 2910 2758 2867 2659 2867 2758 3335 3507 3330 2557 2491 2644 2557 2644 2491 248 69 29 3466 3533 3417 3452 3507 3573 1531 1482 1424 365 361 360 3005 3410 3484 182 79 38 3479 3484 3410 3862 3956 1922 226 148 38 1820 1789 1884 3005 3484 2967 3319 2881 3193 2662 1445 2115 2906 1445 2662 3364 3242 3484 1450 1808 1445 3861 4108 4060 262 228 239 262 239 228 1925 2005 2144 1808 1930 1445 1683 1717 1805 2906 2718 2947 3347 3367 3410 1722 1675 1754 2604 2758 2949 3472 3479 3462 2449 3300 2019 1736 1605 1685 2910 2949 2758 2586 2518 2750 2055 2110 1920 1920 2110 1862 1845 1920 1815 2953 2644 2800 1718 1815 1516 3880 3589 3624 3783 3831 3803 1718 1516 1427 2289 4150 3570 2666 2488 2195 1966 1790 2143 2963 2900 3000 2963 3000 2900 96 83 90 96 90 83 429 428 442 3139 3138 3261 2110 2143 1790 2588 2823 1576 1800 1745 1726 273 293 341 3364 3484 3479 3527 3537 3565 1406 1330 1308 3009 3061 2821 2600 2621 2504 3594 3525 3449 1447 1428 1432 1447 1432 1428 2208 2276 2416 2949 3335 2867 3188 3625 3552 1862 1966 1790 3421 3251 3311 1464 1344 1516 2623 2481 2389 2163 2389 2481 1511 1406 1450 1511 1450 1406 3199 3320 3265 3126 3244 3273 3335 2985 3330 3849 3687 3659 2949 2985 3335 243 255 160 3561 3554 3486 3367 3364 3479 3367 3479 3364 3260 3538 3267 3005 3088 3367 3088 3364 3367 2359 2064 1826 580 700 525 1389 1344 1427 3415 3325 3361 1690 1696 1583 1868 1849 1745 3644 3634 3830 2761 3836 3915 3127 2882 2908 1826 1643 1799 2947 2718 2521 2142 2163 2389 2142 2389 2163 2163 2110 2055 3274 3045 3337 1571 1663 1633 3452 3573 3511 2906 2662 2718 2662 2115 2158 1899 1853 1868 1450 1554 1841 2659 2758 2604 2729 2669 2745 2115 2362 2158 2604 2730 2481 2081 2851 3039 2604 2949 2730 2949 2867 2730 1884 2086 1872 306 302 312 1920 1862 1815 3817 3836 3803 3461 3265 3320 3406 3442 3501 2416 2276 2393 2167 2729 2219 2208 2416 2393 2187 2153 2029 2245 724 1108 3389 3360 3298 2719 2801 2814 3351 3258 3468 3143 3258 3351 3351 3405 3258 3601 3499 3547 2404 2673 2528 1866 1918 1861 2018 2044 2014 1477 1604 1492 3601 3547 3499 3567 3535 3573 3567 3573 3535 3273 3244 3257 3273 3257 3244 3382 3376 3499 3067 2960 3001 1969 2588 1576 2853 2613 2752 2346 2392 2343 2853 2752 2613 604 588 535 1769 1807 1824 3046 2894 2853 3046 2853 2894 1547 2250 1556 2571 2613 2752 2529 1417 2533 2613 2368 2502 2446 2310 2202 2446 2502 2310 1725 1662 1676 3225 3214 3299 1757 1813 1676 1438 1532 1662 1438 1662 1532 1899 1853 1729 1899 1729 1853 1725 1676 1532 1725 1532 1662 1770 1985 1824 1296 1380 1301 1438 1296 1329 1301 1329 1296 1293 1329 1296 1293 1292 1296 1292 1293 1296 3880 4130 4109 2881 2831 3230 1293 1317 1292 2173 2150 2001 1292 1317 1379 3872 3859 3754 3872 3754 3859 1311 1317 1293 1949 1930 405 2591 3323 1856 236 262 127 1702 1770 1603 3205 3079 3175 1824 1985 1770 220 380 215 1625 1567 1555 3610 3620 3593 28 84 41 28 64 84 2638 2766 2596 162 137 77 3078 2837 2820 3179 3176 3127 215 380 323 162 265 164 702 556 300 2025 2265 2032 3096 3568 3503 77 137 64 4196 4203 4190 694 2507 522 694 522 2507 306 327 302 140 215 162 77 55 130 3610 3631 3618 220 162 130 408 405 387 408 402 405 405 402 380 167 282 243 3630 3454 3656 4093 3675 3854 3187 3079 3078 2482 2432 2470 264 506 507 198 194 287 198 287 194 3592 3481 3506 159 31 38 116 223 228 3249 2968 3168 2000 1789 1526 1961 2016 1886 349 304 215 28 84 64 2837 2793 2838 2190 2177 2044 387 200 255 3078 3087 3089 3943 3921 3920 77 64 137 1533 1587 1470 2666 2466 2195 1397 1361 2075 2379 2423 2624 140 162 215 849 1118 1119 1477 1492 1510 194 36 234 3208 3199 3066 1402 1406 1430 213 278 326 1577 1735 1290 2145 2273 2160 220 118 140 2038 1821 2196 55 140 54 3263 3447 3425 3366 3282 3251 2686 2500 2639 55 54 52 54 31 52 226 54 80 226 80 118 341 293 432 226 336 282 2218 2437 1584 38 79 36 36 79 182 2590 2593 2520 2530 2864 2746 3887 3921 3956 387 255 332 3021 3231 3020 38 79 71 282 255 243 3279 3277 3379 167 243 160 2724 2778 2795 1353 910 1414 31 27 36 28 36 27 220 192 200 2595 2523 2403 160 152 108 1138 489 1112 130 55 54 2723 2274 2297 200 192 152 31 44 27 656 4 435 130 124 118 220 405 380 31 36 38 31 38 36 220 226 241 1378 838 677 84 253 197 1915 1959 1957 29 69 22 220 304 380 28 41 84 1484 1449 1430 1613 1507 1562 55 77 140 55 28 77 2079 2100 2479 2834 2922 2919 140 215 220 77 162 140 443 327 381 28 31 36 1381 1331 1337 139 148 145 1243 1637 818 2167 2311 2307 36 182 234 2044 2104 2168 3569 3647 3520 3569 3520 3647 267 234 182 380 304 402 402 304 398 4248 4258 4231 3249 3250 3236 1528 1527 1683 3362 3372 1612 3639 3738 3645 349 398 304 1141 1193 1162 323 380 349 265 301 162 509 563 1418 695 511 812 3626 3559 3060 198 41 84 226 387 405 3586 3488 3441 3356 3305 3243 438 565 516 3126 3294 3506 608 1199 691 2696 2834 3071 1396 1434 1310 27 44 70 2173 2286 2150 118 124 108 3166 3296 3351 64 70 55 2039 2035 2052 77 64 55 91 71 70 55 70 54 118 80 124 225 202 135 118 124 80 1324 1338 1327 3608 3565 3603 2413 2427 2419 452 456 455 159 160 31 159 160 255 3163 3378 3155 3605 3607 3537 4128 4090 4062 3625 3801 3489 308 296 412 266 310 337 544 856 593 1769 1684 1374 1500 2982 1811 537 446 724 537 485 446 650 557 537 485 480 416 2825 2790 2819 2825 2819 2790 656 435 480 656 480 527 656 527 557 656 557 650 1793 1763 1756 474 225 480 95 4 480 3229 2835 3198 474 269 225 1371 1314 557 3233 2961 3073 543 1314 1363 543 557 1314 1969 1363 1582 1487 2218 1584 1487 1371 557 480 4 527 1487 557 527 3932 3867 4109 2296 2501 2658 1487 527 2218 650 1340 1314 537 724 650 2676 2669 2745 2676 2745 2669 1453 1566 1942 1584 1956 1942 2472 2378 2553 1942 2342 2340 1942 2340 2410 1956 2475 2339 2236 2463 2281 1969 1584 2331 1969 2431 2588 2218 2589 2583 1235 1193 1224 1235 1224 1193 3160 2899 2824 442 555 443 287 198 259 1969 269 517 355 308 412 3530 3476 3450 555 327 443 555 722 300 605 510 2410 2004 1037 2024 1827 2048 2041 2899 2004 2024 2899 2024 2824 2823 3142 3588 1975 1891 1947 2499 2587 2526 300 556 267 79 184 123 556 222 123 556 123 232 1111 4046 1830 4046 1111 3648 1244 1378 1274 1975 2159 2212 2209 2180 2112 1195 838 1378 530 379 314 1404 1336 1396 748 830 405 1765 1760 1719 1642 552 2027 405 830 1201 830 1208 1201 3588 3670 2899 575 322 770 2699 2719 2801 3256 2886 2970 4136 4133 4101 3202 3267 3097 1991 1990 2056 3202 3260 3267 2932 2735 2896 2932 2896 3097 1684 1948 2054 1383 1337 1392 1998 1796 1832 2319 2054 2067 1769 1948 1684 3562 3510 3590 544 466 468 398 466 348 164 231 292 265 419 292 134 81 137 4071 3928 4119 287 259 389 306 312 343 1326 1294 1305 1326 1305 1294 2404 2528 2548 306 343 437 306 437 446 416 59 202 416 6 59 416 435 6 3008 2979 2940 91 88 70 91 70 88 1942 1779 484 1942 1908 2 1942 2 1908 2141 2161 2137 2141 2137 2161 4 2 1942 4 1942 2 4 2 1908 4 1908 2 1771 2 1908 2218 4 1942 2093 3485 2761 3485 3833 3749 2864 3280 2746 2761 3485 3749 4193 4191 4181 2761 3749 3836 2761 3915 4087 2761 4087 4141 4123 4046 3670 1597 1859 1518 322 421 331 1404 1336 1396 3556 3546 3628 1773 2079 2317 251 230 150 1773 2317 1648 1108 904 1409 188 179 193 1706 1409 1391 1817 1734 1842 1817 1842 1734 2105 2167 2211 2116 1993 2106 1773 1648 1448 1648 1730 1275 1730 1421 1275 446 1108 724 3223 3176 3375 2190 2168 2177 2190 2177 2168 3402 3443 3401 261 274 284 1409 1746 1108 1706 1746 1409 3638 3660 4144 330 327 300 856 835 1154 1954 1967 2034 2675 2645 3092 856 1154 1248 856 1248 1065 1248 1227 1065 2685 2221 2260 3198 2835 2574 1903 2495 2155 3254 3184 2858 1587 1685 1548 1707 1863 1758 4227 4252 4218 421 575 447 549 592 535 3286 3208 3239 176 174 141 582 549 516 1774 2175 2038 421 322 575 3065 2953 2800 420 770 322 582 885 549 1527 1560 1571 4187 4185 4209 549 885 592 2686 2639 3077 446 437 1108 1449 1430 1420 1108 437 575 1108 575 904 401 424 376 849 1201 1208 1391 904 1421 2207 2137 2255 2207 2255 2137 3179 3426 3124 2232 2257 2382 1479 885 1148 3460 3548 3375 113 211 228 1479 1448 885 3678 3622 3630 1448 1648 885 276 183 188 1275 592 1648 2284 2257 2272 1421 770 1275 1421 904 770 3209 2861 2885 447 575 437 1948 1700 1935 1720 1708 1629 1720 1629 1708 3243 3224 3236 3243 3236 3224 3417 3383 3420 3061 3282 3151 4166 4083 4151 1482 1435 1530 389 259 458 259 359 464 197 359 259 1873 2242 2281 3042 2973 2992 3042 2992 2973 322 330 420 1891 1894 1947 307 273 317 2477 2384 2427 549 458 516 516 458 464 3609 3656 4031 593 856 1065 593 1065 546 3128 3334 3322 546 477 593 581 580 542 473 581 542 166 165 158 3301 3289 3332 1289 1316 1294 2814 2817 2805 3432 3486 3554 258 253 134 449 464 253 582 516 525 2865 1812 2686 3525 3566 3527 2449 2365 2367 2449 2367 2365 1176 1148 582 3597 3477 3579 4247 4261 4260 789 402 541 3085 2827 2838 4198 4145 3965 253 464 359 772 614 1307 1225 1221 1183 1286 1276 1271 3836 3824 3768 3836 3768 3824 137 164 134 2856 2744 2903 1433 1435 1482 3550 3456 3513 464 451 525 449 451 464 258 451 449 164 258 134 1931 2096 1843 164 292 258 1882 1875 1819 2655 2581 2826 2203 2052 2168 1975 1922 1891 700 582 525 2007 2068 2034 700 1176 582 3070 3342 3233 363 346 281 2449 1690 3182 700 1268 1176 4033 3647 3559 180 178 86 3058 3668 3634 1603 1718 1516 2591 1856 1370 473 546 581 2673 2528 2538 481 264 151 473 477 546 1218 581 1065 3143 3296 3327 544 593 477 544 477 466 398 468 466 1430 1420 1431 466 477 348 2058 1876 2008 338 348 477 292 419 451 451 419 473 1781 2150 2131 451 473 542 2590 2520 2593 580 451 542 3039 2851 3664 405 4274 2883 940 1357 1440 1218 700 580 1399 1456 1442 2344 2281 2463 1220 700 1218 1991 2118 1892 1220 1268 700 4074 4115 4033 3463 3873 3883 3569 3520 3363 3569 3363 3520 4062 4089 4128 1915 1857 1828 573 494 507 614 525 598 3504 3757 3469 2338 2441 2351 297 278 263 4092 4147 4089 1830 2534 577 4128 4147 4193 3568 4092 4089 3568 4089 3614 2135 1951 2038 2655 2 510 3614 4089 4062 2123 2176 2063 2123 2063 2176 4033 3626 4090 4074 4138 4115 3446 3380 3130 404 412 298 3127 3158 3103 365 367 361 3134 2643 2976 1961 2072 2016 4062 4090 3626 2981 2660 2959 1351 1357 1353 3538 3207 3552 3613 3577 3623 4081 4074 4090 4090 4138 4074 2699 2689 2666 3550 3563 3593 1354 519 1436 1663 1677 1697 3651 3526 3705 2180 2052 2035 3651 3705 4092 1827 1838 1818 1685 1870 1542 3651 4092 3568 3490 3497 3460 1176 1814 1474 1548 1685 1542 2447 2532 2464 2676 2563 2608 87 78 92 87 92 78 3598 4129 3649 3179 3127 3067 3179 3067 3127 1611 1624 1649 2512 2373 2643 2512 2643 2373 2123 2176 2180 2123 2180 2176 2472 2483 2378 4033 3559 3626 1443 1526 1489 360 353 350 3093 2734 3503 308 302 296 518 457 1187 2417 2387 2350 1511 1406 1516 3429 3093 3503 563 1367 1418 2583 2674 2655 2655 2674 2826 2674 2854 2826 3034 2826 2854 3161 3200 3199 3161 3199 3200 3162 3352 3034 3162 3494 3352 3639 3645 3909 3613 3513 3593 3569 3352 3494 17 524 510 2568 2848 3060 1399 1444 1457 2670 2806 2818 3565 3491 3501 3060 3559 3162 2306 2064 2076 3136 2848 2969 2475 2245 2848 789 753 1313 2590 2520 2473 1542 1617 1691 2245 2475 1468 1662 1696 1473 3566 3527 3453 2245 1468 724 2105 1975 1976 2816 2793 2794 544 486 551 2245 2969 2848 2969 1746 3093 2048 1802 1793 1805 1627 1643 1805 1643 1627 3093 1746 2734 2018 2014 1989 2018 1989 2014 3096 2734 2726 2339 2431 2331 266 289 286 2724 2752 2730 2003 1938 2150 2003 2150 1938 1555 1466 1480 1302 1278 1274 2448 2380 2549 3096 3503 2734 3626 3136 3429 1974 1993 2095 1974 2095 1993 3568 3096 3544 4243 4206 4204 2263 2293 2305 3319 3194 3230 1489 1598 1413 3651 3544 3194 3194 3544 2844 2975 2900 3000 2844 2881 3194 2844 1648 2317 2726 1648 2844 2750 3114 3414 3096 2726 2844 2946 2931 2938 3532 3486 3576 4232 4249 4226 3591 3614 3503 1986 1545 1656 3009 3042 2994 386 425 388 1346 1500 1811 1730 2726 1706 3610 3537 3620 1706 2734 1746 4259 4206 4227 2163 2389 2623 1108 1746 2969 1707 1745 1849 1108 2969 2245 246 303 247 2769 2815 2767 2769 2767 2815 3462 3410 3408 3462 3408 3410 3060 2848 3136 2720 2693 2729 1115 1125 1137 4266 4279 4289 3633 3526 3209 3227 3239 3208 97 92 109 2222 2353 2384 3432 3407 3317 1383 1399 1362 3489 3267 3625 1585 1534 1825 3267 3575 3625 3625 3575 3639 3599 3188 3135 3124 2953 3385 1899 1531 1894 3639 4101 3801 2516 2800 2772 1215 1732 1766 2058 1876 2120 2071 2129 2800 2054 2047 1564 4101 4133 4137 3362 2398 3227 2479 2861 2079 4283 4255 4246 2861 2479 2885 3209 3230 2861 12 488 4 3097 3207 3260 2774 2760 2584 294 227 196 2614 2636 2578 2514 2607 2636 3306 3176 3357 3705 3526 3633 3705 3633 4084 1890 1866 1689 3705 4084 4092 2689 2228 2719 4092 4084 4135 4092 4135 4147 2885 2479 2856 4152 4165 4189 1489 1660 1598 2100 2856 2479 1381 1457 1377 1381 1377 1457 539 490 280 3895 3638 4144 607 499 709 2724 2795 2660 1124 1183 1221 350 338 332 3127 2908 3067 3127 3067 2908 256 406 427 256 427 406 301 323 282 4223 4250 4274 1479 2100 2079 1722 1979 1820 1479 1474 2100 2491 2228 2372 3220 3067 3078 1544 1507 1613 2856 2127 2744 2279 2239 2282 2903 3209 2856 2343 2433 2290 2432 2456 2514 163 155 249 2448 2549 2760 2725 2666 2240 748 849 820 748 820 849 3530 3450 3584 1521 1729 1654 1774 2038 1463 2744 2913 2903 2825 2776 2790 4117 4107 3801 3384 3337 3333 1925 1621 1645 4107 3633 3801 3599 3801 3633 3599 3489 3801 320 359 449 3460 3556 3467 2258 2392 2304 3599 3209 3489 2359 2360 2243 4191 4203 4210 2127 2038 2744 1505 2038 2127 4145 3167 3671 2518 2598 2374 2668 2818 2852 2000 2498 2136 2058 2120 1876 163 167 222 3449 3372 3448 2885 2856 3209 2177 2053 2044 2942 2897 2772 3460 3375 3467 3428 3332 3392 2069 2099 2105 2069 2105 2099 2100 2127 2856 2100 1814 2127 2194 2181 2111 2703 2354 1098 2072 2097 2169 2744 2735 2913 2744 2175 2735 2406 2520 2599 2319 2047 2054 2135 2038 2196 2655 18 2 2167 2124 2109 776 827 757 776 757 827 3397 3603 3862 1552 1587 1444 2837 2833 3025 249 243 257 4235 4199 4218 3267 3538 3575 3149 3164 3252 39 43 65 3412 3395 3389 2913 2932 3267 2735 2932 2913 2319 2735 2175 2319 2175 2047 2047 1774 1564 485 517 474 1781 2001 2150 393 375 382 4137 4117 4101 4101 4117 3801 3481 3409 3441 804 872 905 804 905 872 3011 3164 2936 2717 2196 2171 3027 3480 3442 2082 2084 1763 1717 1740 1805 4265 4292 4270 137 64 84 1580 1894 1531 3319 3230 3526 3626 3429 4062 3651 3568 3544 2022 2039 2052 2510 2440 2456 3319 3526 3651 593 581 791 443 412 428 2014 2168 2215 2831 2861 3230 4082 4095 4142 2768 2944 2928 1527 1663 1677 1527 1677 1663 322 331 330 442 930 555 476 542 465 1176 1505 1814 1176 1268 1505 1505 1268 1463 3537 3618 3595 1220 1463 1268 2048 2041 2082 2877 2950 3229 1341 1227 1564 1684 1564 1227 3460 3343 3467 1684 1227 1248 1684 1248 1374 2304 2290 2132 94 29 97 1830 4046 4087 2180 2168 2190 1674 1610 1740 2688 2552 2551 2688 2551 2552 3500 3658 3435 50 39 46 50 46 39 3060 3162 2854 2674 3060 2854 2568 3060 2674 4185 3856 3410 2568 2674 2583 1652 1710 1619 3352 3520 3363 3352 3363 3520 4143 4103 4114 3519 3577 3548 3519 3548 3577 2370 2429 2461 1521 1658 1654 3142 3352 3520 2017 2039 1989 1597 1565 1589 345 406 333 3034 2826 2788 3034 2788 2826 2589 3142 2823 2655 2826 2788 2655 2788 2529 2218 3142 2589 1942 2529 2655 1942 2655 2529 2882 2922 3067 1942 1540 2529 1942 1779 2655 1942 2655 1779 1942 1908 2529 1942 2529 1908 1707 1758 1658 1942 2529 2581 1942 2581 1908 2655 1908 2581 1942 2655 1908 1942 1908 2655 1827 1818 2048 3187 3355 3490 1453 1771 2655 1453 2655 2788 309 540 2537 849 1118 830 4 2788 35 1942 35 2788 2373 2058 2185 2218 1942 2788 337 372 373 3959 3647 4033 4255 4220 4246 3030 3054 3141 3136 2686 3077 2673 2669 2605 3052 3607 3404 2264 2209 2287 1681 1935 1700 1787 2500 497 32 45 127 2247 2135 2721 448 431 523 2692 2211 2693 537 493 491 537 531 609 1416 1749 2378 20 22 90 609 531 1416 2674 2553 2654 2483 2639 2500 2483 2553 2639 2483 1787 2378 4 488 503 1417 503 1354 537 491 519 1487 1535 1417 2342 2396 1417 2725 2488 2666 2342 1535 2490 3204 3006 2907 1354 534 519 190 294 196 2490 1436 519 265 231 270 269 2490 519 2043 2138 2153 12 135 488 225 498 488 225 269 498 3028 2925 2971 176 224 174 225 488 135 2490 2533 2472 2554 2624 2619 343 331 312 2 562 524 447 502 421 447 489 502 343 312 399 1571 1519 1454 4187 4282 3883 2953 3587 3385 306 399 312 497 489 399 2013 2137 2070 2882 2683 2619 412 302 384 269 412 443 1160 2558 1732 326 351 479 1160 559 2558 443 2558 559 4168 4220 4137 443 428 2558 62 113 116 327 428 384 1873 2288 2254 512 531 534 2418 2369 2401 3026 3224 3231 327 2558 428 269 443 482 269 482 651 3322 3374 3375 269 651 1425 269 1425 2490 3011 3073 2936 236 127 239 1325 628 648 2673 2612 2684 1732 2558 2543 3574 3528 3492 2490 2916 2533 748 370 405 3018 3257 3244 748 924 467 314 467 413 1322 2081 1410 405 2883 1201 465 542 546 849 1119 1207 30 58 60 3357 3175 3306 1244 1834 1207 2930 2972 2781 1244 1281 1834 1253 1201 2883 270 314 413 222 270 413 1922 3956 4281 2075 1361 2205 301 377 400 1397 649 603 2699 2828 2644 2332 1650 564 222 460 145 119 229 125 222 413 460 2473 2769 2887 184 79 145 300 267 460 2558 1335 3246 137 145 148 300 1335 2558 300 714 1335 3610 3620 3618 2075 2205 3003 2205 3241 3003 3671 3003 3241 326 616 1121 3671 3241 3965 4145 4177 4167 4198 4177 4145 2546 1417 2396 2543 3246 3636 3246 4129 3636 2385 2393 2347 1274 1834 1281 1274 2883 1834 2883 4274 3304 3304 4274 4131 3400 3362 3227 3836 4274 3768 3836 3768 4274 2905 2939 2424 1756 1776 1761 2092 2272 2257 4217 4131 4274 4217 4274 4250 17 0 524 2 17 510 3204 3382 3219 484 524 2 4 2 524 4 524 510 1 3 514 2042 2065 1949 59 191 202 59 21 191 191 21 5 306 497 399 3008 3244 3049 3464 3580 3558 306 291 493 291 245 493 3338 3234 3302 493 245 491 502 396 331 3444 3426 3473 330 331 396 3112 3322 3116 2451 2410 2655 2946 3234 2777 2454 2376 2484 287 438 359 4196 4214 4233 457 461 691 287 396 438 359 320 198 1381 1362 1440 1889 1875 1931 1250 1189 1267 137 185 164 265 164 185 468 400 475 1177 1222 791 1374 1177 1721 1374 1222 1177 2865 3455 3082 3127 3134 3067 3127 3067 3134 1279 1274 1221 1948 1935 2067 2067 1935 2247 2067 2247 2271 2247 2721 2501 2932 3097 2896 2932 3207 3097 3639 3538 3552 3300 3287 3299 4094 4104 4133 4133 4178 4185 116 211 113 3187 3079 3001 4209 4178 4216 1656 568 1986 4216 4234 4209 4245 4209 4234 4255 4271 4245 1678 1675 1789 4274 4279 4256 2437 2655 510 2410 510 2655 524 795 1087 4 1417 2529 4 2529 510 2655 510 2529 3592 3586 3621 2655 562 18 2437 2655 524 2437 524 2655 2655 1087 795 2437 1087 2655 2437 510 1087 3204 3342 3382 1364 1411 1331 2216 2264 2287 1240 1262 1260 2372 2304 2270 1950 1934 1913 572 514 3 1787 497 609 2047 2247 1935 2447 2532 2464 4186 4170 4130 2676 2608 2693 415 439 394 1463 1681 1309 1564 1309 1681 1564 1358 1309 2096 2090 2101 1218 1309 1358 1218 1358 1227 1874 1843 1885 497 1112 489 1842 1887 1734 1027 1273 1285 2191 2243 2306 355 437 343 1416 531 572 572 1 514 4122 4127 4190 1409 1823 1321 228 223 199 228 199 223 1409 1321 1138 535 396 604 2408 2478 2398 4152 4166 4165 537 609 493 3382 3219 3204 2802 2798 2646 572 491 191 2922 2643 2833 572 3 1 2948 2801 3113 1176 1474 1307 1176 1307 614 580 614 772 580 772 542 3884 3928 3830 1307 1901 1877 544 468 486 1505 1307 1877 2971 2930 2967 1268 772 1307 544 593 835 593 791 835 2923 2795 2836 525 516 598 362 367 391 2470 2514 2432 4191 4117 4137 137 84 172 1521 1654 1658 2934 2861 2495 84 320 172 3317 3441 3164 148 123 222 3630 3284 3454 3550 3563 3497 2456 2440 2510 2456 2510 2440 2265 2333 2390 565 438 535 172 292 185 265 185 292 465 377 419 1570 1494 1536 377 475 400 465 551 475 244 251 111 465 546 551 593 551 546 593 546 581 921 1177 791 2825 2790 4280 3630 4031 3656 1381 1455 1457 1381 1457 1455 98 129 126 4264 4266 4289 3445 3317 3252 3045 2455 2601 2622 2659 2677 2622 2677 2659 1882 1819 1816 4138 4158 4127 2541 2321 2280 3695 3675 4074 4093 4074 3675 4127 4074 4093 3446 3423 3439 4138 4127 4093 2189 2134 2191 2189 2191 2134 366 427 345 2790 2745 2808 4233 4247 4222 3687 3544 3659 4196 4233 4222 252 208 143 4081 4089 3849 4111 4089 4081 4161 4135 4111 429 442 445 4116 4148 4114 1794 1653 1861 1835 1321 1823 2351 2370 2441 4111 4135 4092 3148 3494 3077 3582 3307 3118 3455 3077 3559 2639 2553 2674 2639 2674 3077 3077 2674 2654 550 478 423 3148 3077 2654 2284 2257 2232 2865 2686 3136 4247 4240 4261 2459 1836 2540 2865 1823 1812 3527 3537 3565 3527 3565 3537 1835 1421 1321 1275 604 1321 502 1138 604 1409 1112 1812 2228 2183 2181 497 1812 1112 2686 1812 497 2284 2417 2406 3550 3460 3490 2465 2449 2486 2516 2512 2712 1968 1397 2965 4124 4108 4180 4239 4244 4229 2534 2093 1378 1835 3082 2753 261 284 267 3637 3526 3772 3772 3526 3687 1879 1851 2087 2699 2491 2557 3659 3544 3568 3872 3754 3873 3872 3873 3754 4263 4251 4262 2082 2179 2151 3400 3448 3320 1300 1266 1282 3185 3503 3084 2606 3185 3084 1490 1519 1458 3312 3237 3245 3084 2318 2606 2516 2409 2535 2480 2520 2406 2318 1903 1844 449 525 476 1801 571 2707 2495 3084 2881 748 820 849 1903 1901 1474 617 570 668 2412 2162 2912 1866 1890 1913 598 1176 614 2814 2834 2820 614 580 476 3161 3095 3247 2137 2090 2070 2137 2070 2090 230 385 235 3614 3568 3503 91 70 64 2318 3084 2495 3124 3412 2980 2318 2495 1903 1903 1474 1479 1219 1479 1474 2542 1837 2987 1219 1474 1176 614 476 525 136 176 101 3944 3968 3962 3944 3962 3968 2491 2372 2557 3068 2934 3319 2865 3082 1823 1823 3082 1835 2262 2277 2234 1194 604 1275 1194 588 604 806 1068 597 1577 1572 1866 1452 1919 1562 3783 3869 3898 3783 3898 3869 3772 4089 4092 4294 4282 4271 3772 3687 4089 3849 4089 3687 2242 1800 1772 4264 4283 4247 1357 1435 1521 4264 4289 4283 2882 2759 2731 4283 4271 4255 1347 649 1968 1881 2320 2149 2552 2515 2547 2453 2983 2760 1890 1892 2071 3338 3419 3289 2428 2514 2470 4181 4191 4135 4157 4207 4220 4222 4210 4203 2675 2770 2610 2675 2610 2770 3145 2980 3291 3661 3695 4081 4122 4081 4074 3039 2832 2081 2678 2155 2787 1547 2320 2250 3562 3546 3510 4216 4140 4220 4255 4245 4234 4220 4234 4216 1851 1791 2088 4216 4178 4140 1616 1738 1631 3444 3490 3543 4140 4178 4133 2190 2215 2287 204 246 248 1942 2 1779 2219 2140 2170 3772 4092 4084 3212 3319 3526 3166 3300 3192 2163 2623 2659 3212 3068 3319 3036 2944 2815 2678 2787 2885 2732 2711 2489 3048 3394 3404 3068 2885 2787 3240 3236 3250 3772 4045 3637 3772 4084 4045 1678 1705 1722 2720 2776 2722 4045 4084 4135 492 623 23 4045 4135 4107 3432 3317 3445 778 402 763 63 111 101 1720 1800 1786 3653 3637 4045 3653 3633 3637 3212 2879 3068 2678 2885 2879 4117 3673 4045 4045 3673 3653 3673 3599 3653 3334 3337 3384 1510 1579 1536 1924 2235 1887 3135 2717 2856 2717 2879 2856 2537 1693 1209 2638 2596 2778 3599 3489 3188 3135 2903 2717 4215 4229 4244 3581 3675 3695 2678 2879 2717 2879 3135 2856 2863 3124 3271 3212 3637 3135 3637 3599 3135 3245 3283 3338 3653 3599 3633 4045 4107 4117 1381 1442 1368 1381 1368 1442 4135 4117 4107 4157 4117 4135 855 827 784 4157 4135 4191 532 805 494 4157 4191 4207 2034 2012 2043 2721 2932 2896 2721 2896 2771 1681 1951 1935 2135 2757 2721 1735 1423 1277 2324 2255 2315 3207 2932 2757 2948 2666 2505 193 102 109 193 109 102 3207 2757 3188 3188 3552 3207 3625 3738 3639 3079 3187 3001 3673 3738 3625 3616 3618 3628 4140 4104 3673 2338 2370 2484 748 849 830 748 830 849 3143 3327 3166 1681 1821 1951 2135 2196 2757 2717 2757 2196 1590 1577 1456 2757 2717 2903 2757 2903 3188 286 236 262 247 272 306 3400 3461 3320 1533 1678 1529 3188 3489 3625 3673 3625 3489 4135 4191 4147 627 2642 1836 2609 2611 2584 1325 617 1204 4157 4140 4117 2813 2850 2615 2813 2615 2850 4220 4140 4157 306 291 296 1873 1800 2288 4246 4220 4207 2574 2250 2320 1218 921 772 1218 772 1309 1268 1309 772 2171 1877 2155 2171 2155 2678 1436 1356 1354 2720 2727 2776 3012 3062 3011 2861 2787 2495 2934 2495 2881 4214 4177 4256 4223 4274 4256 1544 1627 1613 3052 3009 3048 4214 4256 4233 2673 3066 2612 1994 2071 1991 2261 2420 2288 2261 2288 2420 4266 4233 4256 1357 1435 1530 2694 2652 2713 4246 4247 4283 2689 2719 2491 3211 1650 2332 4167 4177 4129 3543 3562 3619 3537 3528 3620 2905 3137 3043 2236 2281 2344 2000 2136 2511 2070 2050 2090 2070 2090 2050 3649 4129 4115 3649 4115 3647 3854 3647 4115 1282 1266 1300 4138 4093 4158 1989 2014 2017 681 3721 3705 2762 2640 2637 2762 2637 2640 4196 4188 4158 3474 3488 3471 3474 3471 3488 2965 2075 3003 329 324 316 4190 4188 4196 573 561 2425 573 2425 561 4127 4188 4190 1994 2030 2120 1575 1696 1682 1615 3300 1568 3649 3569 3647 3649 3647 3569 2902 2912 3186 190 275 174 1858 1844 1448 3052 3048 2945 1858 2606 1844 2753 3082 3185 3661 3429 3455 91 137 145 3695 3661 3559 3695 3559 3494 2845 2916 3363 3148 3050 3363 1705 1876 1789 3148 3363 3569 3649 3581 3569 3598 3569 3363 172 377 292 2174 2101 2148 188 193 201 1558 1625 1555 172 320 377 1950 1972 1735 934 852 862 934 862 852 1225 1195 1183 438 449 359 1194 1448 1219 2178 2105 2236 1194 1858 1448 2687 2662 2718 326 578 1249 1835 2753 1858 1313 1222 1721 2365 2381 2358 3455 3559 3661 4 1771 17 1798 2011 2051 2698 2768 2611 2845 3050 2826 2845 2826 2655 2845 2655 2529 2845 2529 2533 4196 4158 4177 2946 2858 2931 605 2218 510 4266 4256 4279 2099 1976 1975 4164 4177 4158 2987 1856 3323 640 1733 1322 4164 4158 4177 2546 2533 1417 3189 2763 3279 2218 2655 2410 2218 2410 2655 1297 1310 1336 2655 2826 2654 3854 3675 3649 3148 2826 3050 2017 2039 2022 2133 2138 2043 3730 688 658 4158 4115 4177 189 195 109 1187 1196 1937 2375 2654 2451 2375 2451 2654 1694 1701 1705 2375 526 2451 526 1 514 2 510 514 3550 3611 3543 3550 3497 3563 2375 572 514 3148 2654 2826 3649 3675 3581 289 203 211 3320 3265 3199 264 507 218 142 155 156 4223 4256 4198 1493 1543 1435 4222 4207 4210 4191 4210 4207 4122 4161 4128 4122 4128 4081 2288 2254 2285 2288 2285 2254 1820 1892 1765 4081 3849 3661 3192 3318 3299 277 213 288 3849 3591 3661 3849 3659 3591 3193 3568 3544 1630 1606 1926 3319 2934 2881 1532 1511 1804 439 415 394 492 623 533 492 533 623 3068 2861 2934 2945 2943 2819 1877 2171 1821 3565 3607 3608 3206 3137 2785 1564 1700 1358 2003 2191 2243 1227 1358 1177 1227 1177 921 2557 2372 2491 2948 3059 3041 2071 1892 2118 921 581 772 3513 3548 3593 3513 3593 3548 581 542 772 546 542 581 476 465 419 476 419 320 449 476 320 3356 3259 2782 119 110 205 598 565 1219 1219 1448 1479 2950 3080 3229 1844 1479 1448 2318 1844 2606 1482 1531 1580 2606 2753 3185 1515 1539 1612 1515 1612 1539 350 379 405 882 855 827 882 827 855 1954 1955 1520 572 3 526 3523 3586 3554 3204 3755 3006 2971 2925 2930 2925 2906 2930 2891 2906 2925 2971 2967 3005 539 280 1986 3405 3005 3347 1860 1675 1587 3405 3410 3408 3462 3479 3410 3462 3410 3479 3462 3479 3535 1573 1852 1953 852 1433 423 2017 2014 2039 3567 3551 3573 1689 1890 1765 3463 3511 3452 3463 3547 3511 418 423 410 3376 3463 3330 2985 2996 3171 2985 3171 3330 3583 3592 3602 2996 2985 2949 1068 2026 2033 2990 2730 2752 2990 2752 2907 2111 1997 2220 2169 2368 2389 2368 2659 2389 2622 2659 2368 2152 2158 2626 2764 2718 2797 2891 2797 2786 1589 1867 3106 3279 2763 3106 3355 3482 3563 2891 2925 2797 4205 4197 4230 1889 1930 1929 2042 2061 2065 210 110 119 2072 2169 2163 2169 2389 2163 2072 2055 2049 3594 3605 3610 3052 2945 3009 1933 2049 2055 1824 1920 1845 1933 1920 1824 1384 1516 1427 1170 1213 1212 1329 1308 1330 1329 1318 1308 1402 1329 1330 2689 2559 2696 1402 1430 1406 2244 2304 2346 1804 1511 1808 2590 2582 2480 3755 4187 3883 3204 2907 2901 2752 2901 2907 2296 2901 2169 1933 2169 2049 1544 1451 1467 1933 1666 2169 2296 2169 1666 2164 2094 2241 2164 2241 2094 4121 4105 4086 789 541 753 882 408 778 882 1804 408 2065 408 1965 1381 1444 1442 1381 1442 1444 3320 3265 3151 4275 2797 2925 4275 3869 3898 4275 4282 4294 4275 3898 4282 2192 408 2065 2192 2764 408 4275 408 2764 1889 1929 1813 882 1329 1402 2086 2088 1848 1313 1824 1384 1807 1603 1824 2169 2097 2049 2169 2901 2368 2613 2622 2901 2677 2901 2752 1555 2002 1466 2996 2990 3006 2996 3006 2990 2996 3006 3171 2907 3006 2996 3376 3006 3755 3376 3411 3463 3376 3463 3411 3567 3573 3463 3573 3547 3463 1788 1891 1602 3567 3463 3535 3460 3375 3374 3460 3374 3375 1270 1284 1287 3472 3462 3869 2066 2041 2092 3463 3462 3535 3028 3016 2925 1147 1137 1163 778 408 402 3463 3776 3873 3376 3755 3776 789 1318 402 1313 1666 1933 789 1313 1384 789 1384 1379 4275 2925 3016 2517 2511 2870 4275 3016 3869 4279 4274 4285 4289 4294 4283 4294 4271 4283 1488 1518 1498 219 164 231 2508 2401 2597 177 139 164 137 139 145 163 148 139 2850 2653 2936 163 249 167 1616 1667 1831 189 180 175 249 270 167 366 333 357 249 282 270 1559 1426 1731 219 265 249 1295 1303 2627 323 336 332 1820 1754 1860 335 336 323 367 405 361 362 367 398 362 398 367 365 353 361 7 10 520 365 360 335 363 361 405 363 336 360 363 405 336 365 361 363 1654 1707 1729 365 335 353 2 1 9 1122 1192 1137 245 291 302 322 312 327 322 327 312 300 327 330 198 182 259 182 267 259 1494 1492 1579 287 267 300 184 182 197 1503 1525 1762 3141 3144 3091 74 79 84 1490 1405 1550 91 64 137 2338 2376 2454 3543 3556 3611 3543 3611 3556 3163 3519 3424 3613 3546 3590 4209 4185 4178 3203 3201 3253 2296 2658 2901 2514 2327 2357 2296 1666 1958 1721 1958 1666 344 311 325 3523 3486 3586 2018 2231 2216 4187 4209 4245 1430 1431 1420 2169 2163 2202 2169 2202 2163 1944 1947 1899 1721 1222 1374 4273 4274 4242 183 188 93 183 93 188 753 1222 1313 1313 1721 1666 2244 2392 2258 2296 1958 2080 2501 2771 2658 2771 2901 2658 2816 2794 2737 2816 2737 2794 3204 3260 3538 443 421 447 3481 3388 3415 2096 2050 2090 2852 2506 3264 1950 1960 1972 806 1249 578 541 402 468 1943 1982 1984 1721 1948 1958 2080 1958 1948 3755 4094 4187 402 398 468 3320 3208 3265 753 541 835 382 375 393 1553 3238 1871 753 835 1222 2080 1948 2067 2296 2271 2501 2901 2896 3097 3538 3696 3755 4187 4094 4185 1 5 9 943 879 862 16 9 59 3944 3962 4113 59 9 21 16 95 59 16 59 95 245 59 202 245 135 59 12 2 9 16 12 9 1641 1624 1687 322 331 312 322 312 331 3027 2988 2943 3446 2694 3380 1578 1977 1911 245 269 225 245 225 135 2567 2715 2703 29 37 97 3543 3611 3550 330 396 287 245 302 269 74 84 64 295 289 211 94 97 92 94 92 97 184 267 182 3174 2964 2620 3069 3208 3066 776 784 827 37 92 97 139 137 164 74 145 79 74 64 71 392 418 386 2068 2043 2034 2068 2034 2043 335 323 349 3519 3457 3577 301 400 349 2610 2599 2770 3341 3232 3276 335 349 402 148 222 145 335 402 398 332 336 314 350 314 336 282 314 270 3100 2888 3037 3270 2915 3264 2824 2348 1732 350 336 408 1477 1559 1494 350 405 370 3445 3252 3373 1546 1595 1435 4294 4285 4274 4275 4294 4274 408 4274 405 4275 4274 408 408 336 405 350 408 405 397 408 405 4289 4284 4294 4282 4245 4271 2720 2211 2722 1453 2788 4 1453 4 17 484 2 1540 484 1779 2 4264 4283 4287 3056 2836 2890 1299 1294 1348 4213 4211 4196 4164 4177 4196 2617 2765 2836 1944 1729 1899 4188 4196 4177 841 576 910 4164 4211 4123 2411 2156 2390 3670 3959 4123 261 188 193 1295 1250 1267 4123 3959 4115 4138 4188 4164 2220 1998 2111 4138 4164 4115 3527 3501 3491 3527 3491 3501 39 65 106 4260 4257 4211 4260 4211 4237 1457 1608 1777 4143 4148 4163 3139 3074 3138 3139 3138 3074 2163 1966 2055 1413 1443 1372 1413 1372 1443 4164 4196 4211 4211 4213 4237 1722 1678 1820 2519 2572 2774 1338 1373 1327 2736 2916 1425 4156 4176 4200 4284 4264 4287 3783 3852 3803 4284 4257 4264 3149 3164 3073 463 553 628 2017 2264 2112 445 442 412 4273 4257 4284 4164 4123 4115 4192 2761 4141 4192 4224 2761 4160 4211 4224 4160 4224 4192 4211 4242 4224 1599 3222 1751 4160 4139 4123 1461 1439 1517 4160 4192 4139 3401 3349 3437 2028 2008 2302 344 165 235 2028 2302 2008 3622 3186 3284 4234 4209 4238 4168 4185 4209 2278 2432 2292 2338 2484 2376 4231 4225 4248 4128 4188 4090 188 93 201 834 943 1922 4193 4210 4213 2644 2557 2516 2644 2516 2557 3445 3554 3407 1413 1357 1359 1608 1791 1777 4213 4188 4193 1986 2364 1545 839 786 865 839 865 786 4191 4107 4117 2231 2002 1936 1719 1590 1665 1719 1665 1590 1592 1608 1647 1592 1647 1608 2617 2813 2625 3184 2868 3190 4246 4261 4240 2302 1884 2059 4246 4234 4255 4220 4168 4234 3640 3636 3641 4247 4260 4237 2891 2786 405 4247 4237 4240 1991 2071 2129 67 71 79 1964 2031 2424 2359 2549 2436 4264 4261 4283 4193 4147 4191 4135 4107 4191 1141 1162 1130 1484 1404 1393 1484 1393 1404 216 119 110 1836 2642 2544 4213 4210 4240 2863 3103 2884 4210 4220 4240 2733 2834 2696 1283 1266 1213 1537 1822 1833 1537 1833 1822 4246 4220 4234 915 782 872 1769 2163 1948 608 463 628 1906 1897 1898 1154 835 1516 4278 3410 405 4278 405 4274 4285 4288 4278 4285 4278 4274 1580 1894 1531 3783 3410 405 2906 405 3005 574 1038 659 2786 2061 405 133 138 106 776 405 784 855 405 1511 1372 1446 1388 855 784 405 569 398 764 839 1516 865 344 136 165 865 835 822 2163 2067 1948 2163 2896 2771 2163 2771 2067 3113 2948 3059 2759 2683 2908 2990 2659 2730 2990 3202 2659 2167 2109 1981 2985 3330 3645 2838 2920 3105 3452 3909 3330 1915 1852 1828 3452 3856 3909 3872 3410 3856 3872 3452 3551 4185 3410 4238 1375 1614 1251 2786 2718 2662 2071 2059 1990 3479 3410 3551 3452 3511 3551 1781 2150 1717 1781 1717 2150 2985 2990 2949 2724 2730 2659 2072 2163 2055 1920 1780 1815 3701 4071 4095 1769 1718 1815 1769 1780 1920 2572 2760 2774 1769 1966 2163 1344 1516 1308 1406 1330 1516 1308 1516 1330 1331 1327 1373 246 29 90 2253 2150 2243 2253 2243 2150 2563 2211 2720 1889 1808 1930 3872 3883 3856 3872 3856 3883 1580 1853 1899 3783 3852 3410 3872 3551 3410 1808 405 1930 4182 4174 4199 1808 1511 405 1769 1374 1516 1344 1427 1516 839 405 1516 757 1516 405 4283 4271 4287 4284 4285 4273 137 148 164 163 222 156 2096 2101 1843 163 164 148 270 314 305 350 348 338 43 63 66 353 348 350 365 363 367 1530 1488 1478 1530 1478 1488 363 350 405 2248 2298 2237 363 360 350 269 291 202 327 312 302 259 267 197 184 197 232 2209 2215 2264 2209 2264 2215 74 145 88 3238 3075 1909 3583 3585 3621 2554 2683 2696 4234 4271 4255 4238 4271 4234 2877 2950 2923 4278 4271 4238 3639 3575 3645 3416 3161 3200 544 835 856 569 544 468 3416 3453 3527 3453 3509 3492 569 835 544 3698 3705 3719 3202 3575 3260 3460 3556 3593 943 862 879 3472 3408 3479 1750 1654 1729 16 59 12 59 135 202 16 12 95 2295 2409 2377 2622 2623 2659 3183 3214 3287 225 269 202 327 302 308 306 296 302 2104 2036 2201 291 269 296 1595 1518 1859 567 1332 487 177 231 164 4109 4146 4023 265 292 231 74 123 148 3783 3803 3852 323 338 305 74 148 145 2426 1713 1987 2426 1987 1713 4285 4274 4273 4288 4287 4278 3400 3199 3069 3400 3069 3199 4224 4274 2761 530 314 270 556 577 530 4192 4141 4087 1997 1952 2220 248 246 90 3912 3256 2970 2754 2789 3118 2978 2963 3053 2441 2497 2461 2688 2660 2981 1750 1707 1729 2099 2184 2159 1950 1892 2071 2279 2282 2440 2215 2203 2287 1361 3241 2205 4144 4217 4250 1324 1381 1372 467 1880 602 195 109 193 195 193 109 4144 4250 4155 1647 1782 1489 2575 1880 2892 3037 3038 3100 2575 602 1880 2813 2765 2774 1400 1420 1431 271 212 354 2575 3256 2970 1328 1405 1407 1328 1407 1405 602 1200 469 1200 603 469 574 659 462 2970 1905 2575 195 261 189 3298 2917 2870 3605 3631 3610 2168 2104 2201 3252 3013 3237 2870 3071 2926 2732 2806 2719 2870 2926 3071 3256 3895 3912 3256 2892 3895 602 2575 1905 2699 2733 2719 3475 2899 3670 2685 2260 2387 2592 2085 2899 2078 1878 2066 1762 1653 1525 789 764 822 789 822 764 3404 3442 3397 418 423 478 3475 2592 2899 3356 3210 3259 3394 3282 3313 3243 3141 3231 325 354 212 1500 1347 2336 326 2026 1068 2921 2336 3167 1952 1796 1998 1223 1250 1298 1602 1664 1512 3067 2922 2926 3525 3461 3449 67 79 122 1763 1627 1620 1763 1620 1627 195 189 204 4145 4112 3167 2694 2636 2713 2694 2713 2636 3513 3519 3384 1882 2197 2066 3537 3491 3470 2359 2293 2064 2675 2767 2698 2676 2790 2727 2799 2587 2499 1577 1736 1587 42 171 174 2643 2619 2683 2083 2087 1927 4227 4204 4206 2563 2528 2538 1178 1236 1165 4145 4167 4112 1215 1037 722 1215 2024 1037 1500 2921 2982 3415 3388 3315 3201 3141 3020 3218 3348 3278 482 496 651 1480 1943 1932 2748 2415 3640 2590 2486 2541 2284 2406 2347 2683 2564 2489 2015 2415 2748 3190 3020 3000 2415 1766 2348 3338 3283 3203 613 496 559 3640 2348 3181 2255 2161 2207 2574 2895 2407 4226 4253 4230 3640 3641 2748 1869 1712 1709 512 534 527 3636 3181 2543 3395 3360 3389 2015 2748 2736 1465 651 496 971 1277 1090 2958 2984 3021 2015 1425 1465 496 443 559 2824 1732 2543 1215 1160 1732 1382 585 1370 1215 722 1160 2755 2775 2595 2279 2122 2269 1413 1446 1372 1413 1372 1446 3640 3181 3636 2299 1896 2156 2348 2824 3181 1794 1653 1918 1215 1766 613 496 482 443 482 651 555 2015 2736 1425 2699 2644 2828 2699 2828 2644 2346 2301 2489 567 568 1332 3418 3261 3529 2790 2743 2822 2790 2822 2743 2945 2955 2973 2172 1847 2691 3539 3584 3600 3671 3167 2965 1487 1453 1356 1027 612 1251 3475 3650 3246 3475 3246 2982 2130 2234 2108 1223 1189 1250 147 111 133 147 133 111 622 1347 1500 622 714 460 1346 1335 714 4129 3650 4112 117 165 114 1381 1440 1457 622 1346 714 1306 1883 1229 3475 2921 3650 1521 1652 1609 3036 3099 2944 3493 3336 3419 2863 2884 2644 3678 4086 3930 100 104 114 1515 1395 1609 3587 3396 3604 1768 1816 1831 1810 1519 1826 1521 1433 1482 924 1207 1834 2706 3304 3487 2892 1880 3638 2877 2778 2766 3662 3487 3304 3662 3304 4131 180 204 178 2283 2200 2234 2675 2878 2774 1905 2886 1200 1905 2970 2886 1905 1200 602 2173 2253 2003 2706 3487 3485 1405 1407 1394 1834 2706 924 1097 1157 1201 1612 1415 1539 1998 2103 2313 1200 1361 603 2886 1361 1200 3256 3241 2886 3256 3782 3965 4155 4139 3782 4155 4223 4139 4250 4223 4155 3461 3525 3528 3638 1880 2706 1880 924 2706 3374 3175 3306 3226 3339 3238 467 924 1880 1599 1617 1498 1781 2131 1826 3912 4155 3782 1860 1587 1913 2568 2588 2483 1116 1231 1241 2020 2013 1943 2000 1775 1789 2699 2557 2644 2534 1378 677 2534 677 577 2278 2145 2160 293 210 217 1830 4087 2534 2380 2443 2363 1339 1360 1319 4192 4087 4046 278 326 459 3160 2823 3588 1215 722 930 3592 3585 3579 1215 930 1576 1215 1576 2024 3160 2024 1576 3611 3603 3608 2003 1806 1740 2351 2441 2370 1111 2780 3648 2783 2751 2756 1346 702 2085 2974 3010 2909 3334 3384 3519 2592 1346 2085 3475 3670 3648 295 223 228 1346 1111 702 2383 2279 2311 2613 2677 2623 3408 3410 3479 2123 2039 2176 3028 3005 3016 222 207 156 3028 2971 3005 2628 2718 2687 2628 2662 2718 2628 2626 2662 4200 4194 4170 1379 1427 1344 1379 1344 1389 1402 1406 1430 1769 1824 1780 512 491 531 1824 1815 1780 1824 1807 1815 3481 3441 3388 1769 1815 1807 454 1398 606 1889 1813 1808 2192 2208 2158 1884 1848 1860 3619 3613 3631 2635 3055 3095 2635 3095 3055 2152 2158 2208 3504 3280 3578 3400 3227 3199 2552 2547 2551 2770 3100 2979 3407 3233 3342 249 155 142 1655 1585 1670 139 142 156 1543 1530 1513 2174 2148 2139 1658 1707 1726 2457 2365 2385 3018 3244 3033 219 249 142 2448 2263 2380 1291 1302 1279 177 142 139 2301 2668 1974 2475 2483 2431 385 230 344 2568 2583 2588 2583 2589 2588 439 456 415 779 872 782 2798 2714 2492 2882 2908 2863 3042 3320 3394 2472 2553 2483 3027 2943 3040 485 474 480 96 89 90 1436 1417 1356 3617 2993 3422 776 757 855 776 855 757 512 527 503 1356 1314 1371 1487 1356 1371 2564 2433 2624 2564 2624 2433 1686 1563 1672 2692 2727 2745 1446 1413 1388 1468 1618 1582 2270 2194 2228 1468 1363 1340 1468 1582 1363 2123 2063 2052 1314 1340 1363 2437 2410 2396 2340 2331 2396 2340 2396 2410 3668 4134 3634 2340 2342 2331 2339 2331 2342 2588 2431 2483 2583 2410 2437 2339 2475 2431 429 381 421 442 443 437 3072 3017 2762 409 384 428 2816 2802 2741 409 447 421 527 534 503 1356 1417 1354 2472 2396 2342 1615 1583 1568 512 498 519 2509 1713 2548 2509 2548 1713 443 447 437 355 412 437 429 421 443 2385 2365 2457 429 443 381 2232 2249 2113 381 308 343 553 648 628 189 261 195 163 207 164 177 164 207 177 207 222 3872 3859 3754 2998 3634 3644 3360 3458 3389 2258 2304 2120 2258 2120 2304 2297 2277 2325 3872 3856 3859 1800 1726 1786 3872 3754 3856 849 760 838 3856 3754 3859 94 90 97 839 786 764 1433 1359 1357 748 838 760 748 820 830 2643 2554 2619 709 499 583 855 757 760 776 760 757 855 820 827 3197 3570 4179 1482 1543 1580 3817 3833 3915 2393 2337 2493 3817 3768 3749 2993 2587 2799 3533 3417 3420 2295 2372 2270 3783 3831 3803 3783 3803 3831 3852 3831 3803 500 501 479 3852 3831 3803 3852 3803 3831 3768 3824 3833 3768 3833 3824 3831 3833 3768 3831 3824 3833 3831 3836 3824 748 849 924 3872 3873 3883 3872 3883 3873 3856 3883 3776 3856 3776 3883 763 776 855 763 855 776 778 827 776 778 776 827 1353 943 862 789 865 839 789 839 865 3783 3852 3869 3783 3869 3852 2413 2355 2353 3852 3803 3869 3852 3869 3803 3783 3898 3803 3783 3803 3898 91 88 70 24 15 151 2077 2091 2073 2077 2073 2091 1663 1666 1677 3289 3221 3303 114 165 158 855 757 827 855 827 757 607 1349 2289 2790 2743 2808 2790 2808 2743 1731 1756 1600 776 820 827 776 827 820 3403 3387 3549 1678 1675 1705 764 786 822 764 822 786 2219 2729 2693 1853 1729 1849 3852 3803 3831 3630 4105 4031 404 429 445 3783 3852 3831 1456 1392 1529 1762 1139 1423 3042 3151 3320 1195 1274 1244 839 786 764 3783 3852 3803 3783 3803 3852 3783 3803 3852 3852 3803 3831 3883 3776 3873 3883 3873 3776 2557 2491 2372 3831 3824 3768 1393 1360 1339 1393 1339 1360 409 399 421 3078 3322 3308 574 462 495 3527 3404 3394 1613 1620 1627 1613 1627 1620 404 276 429 272 308 306 3620 3623 3593 246 312 303 404 445 412 381 319 384 381 384 319 429 319 384 2034 2200 1973 319 306 308 2871 3114 2750 303 276 272 272 276 268 298 268 276 2723 2740 2274 1189 1178 1267 261 319 276 610 529 619 3343 3359 3375 247 303 272 1853 1906 1868 312 247 306 312 306 303 277 233 318 384 442 428 183 179 188 3017 3074 3139 298 412 308 3143 3351 3296 386 374 418 1503 1533 1552 1556 2250 2267 3522 3548 3519 3522 3519 3548 40 53 119 247 272 242 247 175 178 2648 2793 2663 1456 1529 1392 3236 3240 3250 2045 2084 2040 2228 2491 2346 272 180 242 276 242 183 247 178 272 188 201 248 3052 3151 3048 179 204 193 2284 2113 2092 2617 2813 2615 3069 3066 3095 3069 3095 3066 276 248 242 247 242 248 247 248 246 1348 1319 1401 2635 3052 3055 3562 3179 3359 246 204 189 2258 2304 2030 2255 2256 2161 1442 1411 1533 248 201 204 195 188 261 2122 2107 2226 179 242 180 96 201 90 2559 2392 2564 90 201 204 96 204 201 96 193 201 3497 3456 3460 3341 3427 3339 183 89 180 183 180 89 94 92 87 94 87 92 96 93 89 94 87 86 94 86 87 1404 1523 1462 183 201 204 189 181 204 204 181 175 183 188 201 87 181 175 87 175 181 89 180 86 183 89 93 345 366 427 189 87 92 189 92 87 86 178 87 96 201 204 3217 3227 2398 195 102 109 1323 1359 1388 3168 2984 3021 188 93 193 188 83 93 1537 1628 1822 1595 1658 1745 2567 2703 2459 183 83 188 183 83 89 183 89 83 1276 1272 1271 183 179 89 89 179 68 180 68 179 2557 2554 2619 180 86 68 86 178 175 175 181 78 87 78 181 209 166 157 195 193 102 180 68 178 86 178 68 178 78 175 87 175 78 189 92 204 47 99 178 3204 3195 3219 97 204 92 2946 2547 2672 193 102 93 188 193 93 183 93 83 97 102 92 97 96 102 1527 1571 1677 1527 1677 1571 87 92 97 505 1135 1134 94 87 96 90 83 93 90 93 83 96 90 93 96 93 90 1324 1372 1368 1032 845 504 3061 3309 3295 7 1978 10 94 96 29 26 60 57 97 92 96 97 96 92 2180 2039 2052 246 248 29 2768 2760 2774 2768 2774 2760 1918 1997 1960 351 432 337 69 90 29 248 204 246 248 246 204 204 246 248 204 248 246 2870 2917 2643 261 274 248 261 284 274 2113 2082 2092 2316 2324 2315 3562 3359 3467 180 178 274 178 248 274 268 180 274 268 274 178 268 178 180 860 1290 550 2261 2288 2344 257 282 243 2485 2510 2456 186 79 182 3087 3098 3128 184 182 79 186 267 184 566 591 554 1614 1626 1387 186 284 267 186 182 267 3478 3356 3303 67 79 186 67 186 79 155 167 122 249 155 122 155 243 167 382 376 393 3008 2964 3081 1660 1704 1879 1655 1605 1585 1658 1726 1745 1575 1583 1473 2984 3026 3132 1461 1607 1501 1961 1805 1864 2394 2291 2750 363 346 395 915 1189 1178 3278 3196 3218 365 346 363 1139 1256 1423 573 494 2354 841 910 891 2379 2290 2423 365 363 346 1337 1327 1331 2767 2944 2768 528 547 540 2072 2134 2094 1223 1190 1150 1408 1178 1250 3378 3423 3457 1097 1208 1149 2699 2696 2834 2374 2598 2756 1707 1786 1726 3382 3204 3219 2338 2446 2501 3275 2710 3169 3324 3444 3458 351 383 436 2446 2338 2501 1528 1527 1666 1528 1666 1527 1528 1527 1677 1527 1666 1677 3143 3166 3296 3143 3296 3166 3143 3166 3351 2525 2513 2458 3605 3595 3618 2522 2393 2337 2522 2520 2393 2207 2013 2221 2522 2337 2520 3481 3531 3518 3216 3170 3179 2367 2393 2471 2449 2471 2367 2465 2493 2471 1265 1206 1246 2486 2457 2449 2486 2449 2457 3061 2830 3076 3500 2987 3323 2465 2367 2471 2422 2217 2667 1357 1395 1433 2365 2471 2493 2449 2365 2493 2486 2457 2449 2385 2449 2457 2465 2486 2493 3425 3529 3508 2516 2557 2372 2358 2381 2365 3379 3277 3288 2358 2365 2367 2465 2358 2367 2337 2367 2358 2365 2358 2367 3072 2640 3019 2707 520 623 2707 623 520 2465 2337 2393 2465 2393 2337 1750 2069 2178 2486 2367 2381 2449 2367 2486 1889 1843 1875 1754 1675 1705 2457 2365 2473 3490 3829 3587 2453 2370 2461 2377 2372 2379 1765 2056 1990 2370 2441 2429 344 235 321 2405 2370 2351 2405 2351 2370 2338 2351 2370 2405 2370 2351 2453 2497 2370 2461 2429 2441 2405 2461 2497 2073 2091 2096 2338 2454 2441 2215 2036 2201 2370 2405 2461 2370 2461 2441 2405 2351 2461 3407 3342 3195 333 294 311 450 426 436 3215 3278 3233 3204 3218 3195 3196 3195 3218 3215 3196 3317 1357 1362 1351 3278 3218 3233 3204 3219 3342 3219 3195 3342 3187 3490 3079 3382 3342 3407 1534 1953 1825 3382 3407 3348 1247 1271 1272 3407 3233 3348 3317 3407 3348 2450 2464 2517 2450 2517 2464 3204 3382 3348 98 146 129 3218 3233 3348 3562 3546 3623 3278 3348 3233 2781 2716 2709 1998 2128 2182 1697 1677 1571 1683 1527 1677 1527 1560 1663 2411 2390 2442 1527 1560 1571 1527 1571 1560 1633 1634 1571 1633 1571 1634 1444 1587 1675 1571 1634 1519 1571 1519 1634 1528 1683 1666 1528 1666 1683 3921 3928 3884 3921 3884 3928 1528 1683 1527 1368 1377 1372 3514 3574 3616 1571 1634 1633 1571 1633 1634 1571 1519 1634 1571 1634 1519 1697 1634 1633 1792 1971 1926 1324 1373 1327 1633 1634 1519 1527 1633 1560 1615 1692 1672 1549 1911 2029 1690 1583 1659 2488 2666 2195 3461 3492 3528 3400 3448 3362 1686 1672 1692 1615 1659 1692 1615 1692 1659 1543 1530 1435 1692 1682 1672 1692 1672 1682 1662 1473 1696 1662 1696 1473 1659 1583 1615 1686 1662 1563 1659 1568 1583 1440 1362 1414 1659 1563 1568 1563 1575 1568 1659 1583 1690 3474 3471 3310 1284 1166 1189 3324 3359 3444 1615 1682 1692 1615 1672 1682 2450 2423 2517 1659 1672 1615 1659 1615 1692 3225 3299 3300 4134 3942 3928 3225 3300 3318 3192 3225 3318 3296 3183 3327 3327 3300 3287 3327 3287 3300 2187 2234 2108 4125 3197 4179 3327 3183 3300 3127 2926 2834 3225 3299 3192 3225 3192 3299 3861 4079 4124 3449 3448 3498 3300 3214 3183 3300 3183 3214 2000 1992 1775 2119 2057 2088 3300 3214 3192 3225 3192 3214 1523 1396 1326 1523 1326 1396 3214 3183 3192 1602 3023 3431 3299 3300 3192 3299 3214 3300 2700 2747 2681 7 10 492 2709 2637 2582 2709 2582 2637 3703 658 688 279 347 317 2231 2216 2190 2231 2190 2216 3698 647 3705 2935 3000 2900 2935 2900 3000 3698 646 647 647 681 3705 3582 3578 3742 333 227 294 681 680 3721 1994 1934 1950 1873 2242 2288 326 470 459 647 646 681 362 353 391 2264 2287 2209 2212 2159 2184 2696 3071 2643 3430 3349 3388 1694 1624 1701 3355 3371 3059 1236 1284 1250 367 362 391 1300 1303 1298 2993 3108 3422 367 361 391 367 361 339 367 339 361 362 339 361 362 361 339 362 361 391 362 391 361 2469 2341 2369 362 369 391 3222 3288 2600 3007 3149 3073 2762 2637 2784 279 307 317 2058 2290 2120 367 339 361 2902 2702 2912 3187 3460 3205 2370 2359 2131 3390 3200 3247 3161 3247 3200 2440 2456 2510 3416 3525 3247 3416 3247 3525 3619 3611 3613 3605 3594 3525 3390 3449 3370 2173 2429 2580 3343 3444 3543 3400 3320 3199 251 224 176 3543 3627 3611 3543 3611 3627 1521 1395 1654 3619 3590 3628 1395 1323 1315 3170 3127 3071 1689 1590 1719 1765 1719 1803 2377 2118 2800 1765 1803 1892 2295 1892 1803 3161 3066 3199 3161 3199 3066 3065 3271 3170 3065 2863 3271 3343 3324 3444 1125 1137 1191 1588 1638 1635 1720 1759 1707 3161 3200 2550 2420 2563 2478 3161 2550 2635 1665 1590 1456 285 252 278 3012 2890 2875 3562 3510 3426 1722 1760 1611 2379 2759 2028 2379 2554 2759 2554 2683 2759 2258 2120 2132 3179 2882 3127 3623 3631 3613 3461 3320 3498 2044 2104 2014 3400 3449 3461 3179 3220 3359 1720 1609 1800 1337 1442 1392 1533 1392 1442 1533 1529 1392 2882 2759 2908 1873 1609 2242 1873 1800 1609 2519 2508 2597 1720 1658 1609 1546 1515 1609 2643 2511 2433 1415 1493 1521 1994 1991 1884 1994 1884 1991 1315 1413 1359 125 236 229 3343 3490 3187 2825 2945 2727 3052 2727 2945 2516 2372 2557 2699 2689 2491 2699 2491 2689 2559 2372 2491 2559 2491 2372 3151 3061 3052 3151 3052 3061 1428 1419 1432 3151 3055 3052 3151 3247 3055 100 158 85 3490 3187 3079 944 860 940 1944 1907 1899 2372 2423 2379 1699 1729 1899 1869 1817 1712 1521 1580 1899 1521 1482 1433 1399 1440 1503 1399 1503 1440 2370 2286 2497 2491 2270 2228 2491 2228 2270 2270 2228 2181 2083 1851 2057 2270 2181 2071 2836 2795 2778 2689 2699 2719 2905 2424 2412 1236 1266 1267 2699 2956 2801 401 366 376 3550 3611 3608 1546 1707 1493 1546 1493 1707 3537 3527 3491 2563 2720 2676 3605 3610 3607 2673 2676 2669 2563 2344 2211 2211 2344 2236 1819 1838 1625 3416 3247 3404 3247 3282 3404 1521 1482 1580 2224 1926 1971 2178 2236 2261 2635 2727 3052 2069 2105 2178 2635 2676 2727 2676 2720 2727 2178 2211 2236 2563 2528 2344 3122 2942 2980 1917 1886 1961 3565 3501 3491 3395 3134 3298 1719 1611 1803 2759 2712 2512 3191 3344 2704 2863 2712 2759 3104 3124 2908 2602 2636 2578 3179 3124 3104 2028 2056 1990 1803 1760 1829 3370 3400 3362 3370 3362 3400 2228 2181 2220 2228 2220 2181 1580 1531 1899 1572 1866 1762 4253 4248 4241 1503 1506 1440 1991 1997 2111 2994 3027 2943 3490 3513 3497 1590 1456 1392 2293 2361 2399 2692 2217 2211 1482 1580 1531 1991 2111 2071 1619 1515 1609 1619 1609 1515 1619 1629 1609 2228 2346 2244 2689 2732 2491 2559 2491 2732 4184 4183 4204 1899 1595 1868 1580 1595 1899 1482 1357 1530 1998 1832 2128 3048 3282 3042 1440 1457 1506 1440 1506 1457 3170 3158 3127 1503 1577 1587 1810 1776 1627 1866 1913 1736 1991 2071 2059 1994 1991 2059 2528 2729 2404 2559 2732 2696 2194 2116 2183 2244 2732 2392 1994 2059 1884 2442 2470 2292 1884 2059 2116 1381 1327 1372 1860 1913 1934 1754 1675 1860 3009 2945 2955 1444 1675 1533 1357 1372 1435 1595 1543 1435 3386 2999 3312 1546 1658 1595 1873 1981 1906 1873 2281 1981 1868 1595 1849 2277 2299 2419 2567 2566 2715 2167 2281 2729 2404 2729 2281 3566 3394 3461 2167 1981 2281 2984 2941 2935 2673 2955 2745 2605 2669 2528 2528 2669 2729 221 278 213 3009 3151 3042 3009 2955 3061 2673 3061 2955 3187 3205 3029 3461 3394 3320 3566 3453 3394 2048 2082 1802 3613 3556 3513 3613 3593 3620 3078 3029 3205 2181 2129 2111 3349 3315 3321 1890 1860 1934 2270 2228 2258 2513 2548 2538 1521 1395 1433 1665 1456 1529 2499 1545 2468 1405 1419 1428 1654 1395 1521 3426 3395 3458 3011 2850 3073 3011 3073 2850 2295 1803 2056 2398 2458 2513 1719 1765 1689 1991 1892 2071 1991 2071 1892 3666 3578 3582 1991 1892 1990 2372 2270 2259 2288 2254 2383 2288 1863 2254 1508 1626 1926 4263 4253 4270 1873 1800 1726 1873 1726 1800 2242 1800 2288 2242 2288 1800 2043 2025 2029 1800 1786 1707 1873 1863 1800 170 165 209 1873 1800 1863 1546 1707 1658 1493 1359 1395 1323 1388 1327 1373 1337 1327 1533 1442 1392 1533 1392 1337 1884 1876 1789 1884 1789 1876 1994 1884 2030 1994 2030 1884 2059 2120 2290 1665 1611 1590 2379 2304 2290 3085 3076 2830 2302 2059 2304 3677 3962 3870 2385 2078 2473 3008 3051 3244 2392 2489 2423 1381 1377 1373 1652 1708 1720 13 8 7 2420 2478 2408 2076 2151 2179 1720 1629 1609 1652 1720 1609 1931 1885 2073 1750 1729 1707 1842 1734 1723 1415 1521 1433 1590 1533 1577 3362 3448 3372 1689 1705 1765 1754 1765 1705 1405 1432 1419 1890 1934 1892 1890 1892 1934 1699 1899 1868 1689 1890 1754 1552 1533 1587 1503 1587 1552 1503 1552 1587 2420 2352 2288 2420 2288 2352 3065 3067 2919 3065 2919 3067 1989 2209 2264 1533 1392 1529 254 173 208 1590 1529 1456 1590 1392 1533 1315 1323 1357 1533 1675 1678 1533 1678 1675 2399 2305 2275 1609 2288 2352 1533 1337 1442 1323 1327 1324 2404 2254 2288 2258 2120 2030 2258 2030 2120 1722 1884 1789 1800 1863 2288 2404 2288 2383 1609 1629 1652 1884 1876 2120 32 119 34 1884 1789 1876 1493 1388 1359 1546 1493 1395 1646 1695 1612 1876 2030 2120 1381 1442 1373 1381 1373 1442 1381 1373 1327 1810 1627 1620 2242 2288 2281 1324 1381 1368 1324 1368 1381 1097 1157 1102 1493 1435 1372 1722 1754 1884 2258 2030 2116 2258 2116 2030 1800 1707 1759 2022 2201 2036 1546 1658 1707 3401 3443 3542 2554 2619 2683 432 417 372 2404 2288 2242 1323 1395 1359 3178 2841 3504 2028 1884 2008 2394 2647 2411 2028 1820 1884 2559 2244 2346 2559 2732 2244 2228 2183 2244 2228 2244 2183 2181 2183 2116 2129 2116 2059 3608 3603 3563 1337 1364 1392 1994 1950 1991 1357 1368 1372 4148 4073 4103 2359 2376 2253 1381 1368 1362 1544 1405 1581 790 1230 758 1482 1530 1543 1899 1868 1906 2211 2219 2693 1873 1745 1800 1442 1444 1533 1442 1533 1444 2554 2559 2683 2559 2489 2392 2694 2741 2646 2028 2512 2349 1546 1493 1658 2028 2349 2199 2673 2635 2612 4103 3742 4143 3179 3104 2908 3179 2908 2882 2695 3331 3279 1611 1665 1529 2144 2238 2369 3027 2994 3042 1315 1323 1324 1320 1337 1362 1399 1440 1457 1399 1457 1440 1890 1892 1860 2178 2281 2236 3420 3433 3502 2178 2236 2219 2228 2194 2183 1884 1892 1934 1873 1853 1849 1873 1906 1899 2178 2167 2281 1399 1503 1444 1503 1552 1444 1190 1136 1170 3613 3620 3593 2491 2719 2228 2071 1997 1950 2071 2111 1997 2071 1997 2111 3277 3270 3288 2105 2099 1975 1362 1357 1351 3309 3295 3111 1803 1990 2056 2295 2199 2349 2295 2349 2409 1395 1619 1515 2813 2765 2961 1399 1392 1456 1320 1362 1392 2573 2565 2570 1315 1324 1320 1750 1710 1652 2295 2377 2349 1890 1689 1860 1944 1899 1907 2270 2244 2228 2372 2228 2244 2236 2344 2463 1480 1809 1495 2295 2118 1892 1299 1319 1328 1750 1729 1944 2261 2344 2420 3457 3423 3424 3457 3424 3423 2178 2105 2211 3320 3498 3265 1944 1976 2069 1689 1866 1572 2194 2116 2181 1577 1587 1689 1503 1587 1577 1652 1619 1609 2377 2379 2349 1395 1521 1609 3222 3270 3277 2372 2244 2346 1503 1351 1414 3220 3306 3175 2181 2116 2194 1357 1482 1435 1729 1745 1849 2791 2808 2811 2791 2811 2808 1990 2259 2116 1590 1678 1622 1456 1577 1442 1315 1359 1395 1654 1729 1652 2372 2379 2423 2372 2423 2491 62 45 146 341 337 329 1884 1892 1991 1884 1991 1892 1890 1689 1765 3065 2699 2919 1689 1577 1622 1324 1362 1315 1320 1381 1324 2270 2258 2259 1890 1735 1577 1644 1705 1716 1442 1577 1399 2071 2116 2258 1590 1577 1533 1991 1990 2059 2232 2249 2363 3605 3607 3618 3067 2919 2976 3067 2976 2919 2919 2922 2828 3610 3618 3607 2673 2635 3095 2673 3095 2635 2791 2830 2811 2074 1983 2227 3565 3537 3527 3543 3550 3490 2432 2514 2470 3605 3565 3608 209 165 166 3605 3537 3565 3605 3608 3607 1359 1372 1435 2699 2644 2828 2699 2919 2828 2699 2919 3103 2699 3103 2919 3001 2956 2948 3001 2948 2956 3048 3404 3027 3444 3385 3426 3543 3510 3562 3370 3449 3400 2790 2720 2745 2825 2790 2808 3009 2994 2945 3048 3027 3042 3550 3593 3513 2179 2225 2232 3187 3490 3460 3001 2960 2956 2564 2648 2494 2956 2834 2828 2689 2719 2732 1906 1894 1897 2673 2727 2676 2699 2719 2689 2699 2689 2719 3543 3490 3444 1386 1394 1345 2644 3065 2800 3320 3151 3199 3199 3066 3265 3620 3528 3595 3562 3467 3546 2230 2418 2252 3220 3374 3306 3460 3306 3374 3357 3306 3375 3460 3375 3306 2197 1816 2280 3067 3175 3071 3357 3176 3071 2696 2866 2834 2696 2834 2866 2834 3067 3071 2399 2305 2363 2643 3071 2833 2696 2643 2624 2882 2619 2922 2478 2496 2525 3200 3199 3227 3200 3227 3217 3444 3359 3385 3884 3874 3830 3361 3325 3413 3390 3199 3200 2512 2557 2409 3605 3618 3537 3611 3556 3619 3611 3619 3556 3444 3490 3467 3343 3375 3359 2834 2683 2828 1991 2270 2259 2563 2692 2608 2692 2693 2608 2676 2693 2692 2699 2696 2491 2242 2254 2288 3001 2997 3065 2790 2722 2776 3001 2956 2997 3416 3527 3453 3525 3449 3400 3395 3458 3389 3395 3389 3458 3426 3510 3473 2557 2561 2554 3247 3151 3320 2922 2619 2643 709 583 1051 2605 2612 2528 2834 3067 2866 2834 2866 3067 3395 3298 3357 2377 2772 2313 3320 3265 3528 3069 3066 3199 2673 2612 3069 758 599 560 2624 2643 2619 3604 3609 3663 2922 2833 3071 3610 3595 3537 2673 3069 3066 129 223 116 2445 2328 2098 3620 3595 3623 3932 4109 4130 3069 3199 3151 3597 3545 3430 3461 3320 3528 3562 3613 3619 3145 3291 3515 3179 3359 3220 205 236 216 2882 3067 2908 2673 2605 2528 2882 2908 2683 2814 2801 2834 2956 2997 2834 2956 2960 2997 1418 1656 1673 3390 3227 3200 3610 3565 3537 3527 3394 3453 3048 3042 3394 2720 2729 2745 3307 3354 2912 3566 3461 3528 3613 3593 3556 3220 3460 3374 3220 3175 3067 366 371 374 3594 3610 3566 3566 3537 3527 1596 1526 1647 3079 3001 3029 3079 3067 3001 2699 2719 2733 2689 2732 2719 1517 3213 1632 3527 3537 3491 2719 2732 2733 2699 2733 2696 3127 3175 3078 558 552 616 3576 3586 3600 3052 3009 3061 2692 2745 2669 3550 3513 3556 3550 3556 3456 199 129 127 567 520 548 2790 2776 2819 2790 2819 2776 1234 1186 1144 1975 1947 2159 3048 2943 3027 254 378 271 2945 2943 3048 1612 1695 1661 3537 3565 3491 3537 3491 3565 2552 2782 2515 2790 2776 2720 3445 3488 3486 3317 3233 3407 333 414 357 3565 3593 3603 3550 3563 3513 3550 3513 3563 2801 2956 2948 2801 2948 2956 2301 2506 2668 174 190 46 2863 2908 3124 3444 3426 3543 4073 3630 3622 3627 3619 3631 3200 3217 2550 2644 2557 2619 2963 3190 3000 2644 2561 2557 2644 2619 2561 2635 2605 2478 2113 2091 2112 3009 2945 3048 3052 3048 3042 3012 3037 3086 3065 2997 2956 2699 2644 2491 2699 2491 2644 2699 2828 2919 3543 3444 3343 3605 3525 3527 3055 3247 3095 3161 2635 3055 2825 2819 2945 1906 1898 1939 3416 3404 3527 3550 3608 3563 1359 1338 1415 3483 3459 3427 1299 1305 1294 3416 3400 3390 2801 2719 2733 3187 3078 3205 3078 3079 3205 61 125 32 2828 2644 2953 2919 2828 2953 3343 3220 3170 2082 2232 2225 3611 3608 3607 3611 3607 3608 2666 2195 2505 2563 2344 2528 2699 2834 2919 1670 1680 1848 2359 2360 2508 3170 3220 3158 3161 3247 3151 3605 3618 3610 4241 4195 4230 129 126 223 2361 2435 2399 3490 3460 3467 3322 3384 3334 3343 3220 3357 3444 3467 3343 3611 3619 3613 576 554 591 1617 2098 2210 3537 3595 3527 3247 3320 3151 2699 2644 2696 3127 3103 3065 3605 3527 3595 1914 1753 1921 1794 1918 1861 2791 2811 2612 3563 3497 3482 47 178 78 2719 2666 2725 2572 2584 2597 3100 3038 3099 1503 1414 1525 1975 2212 1602 3027 2988 3040 1171 1642 1382 3027 3040 2988 2776 3023 1602 2776 2988 3023 2212 2539 1602 3571 3592 3602 2404 2548 2426 254 285 233 3113 3371 3482 1490 1550 1519 915 905 779 915 779 905 2943 2819 2371 3355 3482 3371 3027 3040 3480 3501 3442 3480 3334 3116 3308 1708 1714 1646 2719 2505 2466 2801 2948 2719 2719 2948 2505 1998 2240 2182 2220 2466 2240 2220 2240 2466 1997 1998 1960 2111 1998 1997 1572 1762 1525 1503 1525 1351 1572 1525 1503 1324 1377 1368 1531 1512 1894 1531 1424 1512 1891 1947 1894 2099 1947 2371 2099 2212 2184 2099 2184 2212 1512 1947 1894 1762 1861 1653 2689 2800 2491 3464 3440 3530 1705 1675 1551 2943 2988 2819 1130 1131 1185 1130 1185 1131 2226 2198 2229 2819 2988 2776 779 782 403 2722 2667 2217 2217 2212 2184 1414 1351 1525 1997 1794 1998 2413 2419 2438 1997 1653 1794 2195 2182 2505 2195 1998 2182 1997 1998 2195 3126 3121 3474 3269 3239 3372 2197 2237 2066 3381 3433 3420 2132 1876 2030 1602 1512 1424 324 328 351 187 297 221 3570 4150 4179 1588 1567 1638 3355 3041 3113 2722 2776 2667 2111 2195 2220 1794 1861 1762 1794 1762 1525 1918 1960 1861 1891 1894 1947 1531 1788 1424 1866 1861 1918 2801 2725 3113 2978 3053 3184 1439 1431 1517 1147 1186 1239 3537 3574 3572 3023 3406 3431 518 1187 1135 599 536 1015 2722 2819 2776 1602 3431 2371 3268 3321 3315 2719 2725 2801 3058 2998 1883 49 87 92 3406 3501 3431 2725 2666 3113 2948 3113 2666 1997 1918 1653 2138 2234 2108 2138 2108 2234 3041 3059 3113 1868 1898 1906 3125 3133 3177 3125 3177 3133 2948 3113 3059 3441 3315 3430 3521 4082 3422 2132 2120 1876 1654 1750 1729 1306 2400 3635 3426 3395 3412 915 905 804 1315 1357 1395 20 29 22 1590 1689 1577 1590 1399 1577 1590 1577 1399 2447 2423 2532 1689 1590 1577 3400 3320 3265 2802 2646 2741 1765 1689 1719 1991 2129 2270 2703 2556 1970 1991 2056 1892 2707 520 1210 2295 2259 2372 2295 2071 2118 3521 3612 4082 2327 2229 2292 1697 1454 1519 3597 3592 3545 3416 3247 3161 3055 3161 3095 3055 3095 3161 3509 3470 3421 3161 3095 3200 3247 3200 3161 3200 3095 3161 3416 3527 3525 3605 3527 3565 915 872 905 3019 3074 2640 3019 2640 3074 2394 2411 2455 3550 3543 3611 3610 3620 3631 3343 3444 3490 2636 2578 2607 3170 3158 3103 3158 2956 3103 3065 2956 3158 2956 2828 3103 3065 3103 2863 3065 2828 2956 244 256 224 344 230 136 76 120 66 3666 3582 3672 251 385 313 251 176 230 136 230 176 136 101 120 1859 1897 2147 3513 3384 3548 254 233 173 2770 2873 3100 385 423 418 427 410 423 136 235 165 2905 2412 2912 344 321 235 230 235 150 136 150 235 3310 3388 3315 120 76 66 43 66 76 1272 1281 1225 105 173 48 233 48 173 3415 3388 3310 2041 2113 2082 3436 3612 3534 230 313 385 3663 3837 3646 136 165 120 3322 3384 3334 3322 3334 3384 50 39 48 50 48 39 3215 3164 3062 277 288 213 277 213 187 101 111 150 251 150 111 147 244 111 147 111 244 63 42 111 1543 1435 1372 1543 1372 1435 244 111 42 3483 3459 3478 256 227 333 2804 1980 3701 937 987 935 85 50 221 256 85 158 256 158 227 3083 3044 2862 221 297 169 423 313 411 251 256 411 345 294 275 345 275 406 256 406 224 50 190 104 50 169 263 190 224 275 406 275 224 441 311 325 43 39 48 48 50 213 3604 3663 3646 171 141 174 101 106 65 66 101 65 1477 1494 1579 39 106 171 138 171 106 244 251 410 251 418 410 2016 2094 2072 263 326 278 3395 3546 3458 2880 2889 2813 50 263 278 1783 2101 3226 39 42 46 39 46 42 50 46 190 3026 3053 3224 42 39 171 244 427 256 2960 3001 3029 2183 2126 2166 244 410 427 385 418 313 2480 2520 2347 251 313 418 105 48 277 251 313 230 277 48 233 66 101 136 1441 1557 1541 1488 1514 1513 101 150 136 66 63 101 244 256 251 256 42 46 50 187 221 318 277 288 318 288 277 187 326 297 85 169 104 158 196 227 427 423 411 256 427 411 385 313 423 415 452 426 254 173 105 345 333 294 345 294 333 3944 3916 3870 158 85 104 297 326 263 133 106 101 3175 3176 3306 138 147 141 1974 1893 1934 1530 1488 1513 43 75 82 43 82 65 2517 2511 2532 2411 2390 2455 43 82 75 56 183 83 141 147 133 2692 2211 2236 3316 3243 3305 43 66 82 66 65 82 2931 3000 2963 147 138 133 63 75 82 190 174 224 190 174 275 523 453 553 2122 2119 2107 4132 4121 4031 3182 3261 3138 3182 3138 3261 509 1418 1175 2459 1538 1836 563 694 1367 563 548 694 2263 2363 2305 1656 1332 568 539 1986 568 13 153 10 13 10 153 487 153 280 487 280 490 2190 2215 2022 1673 1574 1970 2843 3147 2642 2985 2966 2910 2843 2642 1855 3623 3620 3616 1673 1970 2366 2567 2556 2703 1418 1673 2366 1530 1478 1482 1418 2366 2566 203 115 107 1986 2555 2364 2499 2629 2555 1986 2664 2555 32 116 125 2951 2900 2958 326 1068 806 326 806 597 326 597 500 351 455 432 1386 1328 1345 1386 1345 1328 326 500 351 280 328 373 280 426 1986 1986 426 452 4265 4270 4253 1021 452 500 1986 452 1021 3371 3122 3290 1986 1021 2664 3435 2630 2033 2995 2630 3435 415 394 439 4082 2995 3435 1739 2631 2779 2026 3435 2033 3357 3473 3374 2026 2779 3435 782 905 1116 779 1263 905 782 1116 845 1178 845 1116 3164 3073 2889 1408 845 1178 1408 1250 1295 2078 2092 2048 1408 1295 1980 1337 1324 1331 2627 1303 1263 2109 1897 2140 779 427 1263 294 403 552 782 552 403 552 1171 616 2027 978 1980 294 552 558 294 558 170 3018 2977 2784 558 143 170 558 252 143 278 558 326 326 1121 2026 2026 1121 1382 2026 1382 1739 3426 3272 3389 2026 1739 2779 3701 1980 4071 1595 1598 1671 4071 4175 4095 4095 4175 4142 1295 2627 1980 2627 4071 1980 2627 3942 3838 2627 3838 3874 2627 3874 4071 2930 2781 2940 1599 3277 3222 1722 1705 1678 4119 3928 3942 2627 4119 3942 487 1545 10 10 1545 2499 10 2499 571 7 10 571 1978 1970 8 1978 8 10 1970 1940 11 2702 2773 3043 1970 11 8 481 8 548 1970 8 2507 481 509 264 481 14 8 1477 1494 1570 509 329 316 454 368 329 1713 2636 2510 3880 3555 3589 371 311 441 3079 3001 3059 3079 3059 3001 371 472 374 3187 3490 3079 418 374 472 554 478 566 2963 3000 3053 1027 1090 797 1027 797 612 414 552 607 612 797 591 617 553 570 2404 2281 2463 1027 1256 1090 1027 1285 1256 3527 3607 3565 1285 1277 1256 1569 1668 1285 2983 2807 2760 2983 2760 2807 1668 1423 1285 1285 1423 1277 1285 1277 1423 1569 1688 1668 2089 2128 1832 2089 2474 2128 2089 2452 2474 2222 2384 2353 2452 2980 2942 2474 2452 2942 3122 2980 3290 3371 3290 3396 3072 3019 3074 417 347 394 417 352 347 417 511 352 2876 1747 1755 1747 1471 1755 1747 1640 1471 509 1175 329 2933 1747 2876 329 1175 454 1636 1187 1640 3021 2958 3022 1187 812 1640 1810 1348 1407 695 812 1187 3531 3586 3579 3262 3080 3153 2683 2559 2564 1471 812 1459 1755 1471 1459 1805 1826 1643 1805 1643 1826 3496 3531 3471 3496 3471 3531 2392 2304 2379 454 1175 1398 454 606 456 3326 3294 3297 417 456 606 695 521 340 1907 2281 1772 378 340 521 285 318 378 254 271 173 1736 1587 1605 453 538 462 1323 1338 1327 523 538 453 523 553 617 271 448 431 165 149 76 1325 790 617 3237 3086 3037 1795 1885 1874 523 617 790 523 790 538 2850 2936 3073 431 448 453 2044 2022 2052 1945 1847 1509 3596 3583 3602 1847 1481 1509 1518 1589 1514 448 521 570 378 521 448 3067 3134 3071 271 378 448 311 240 325 114 173 271 3465 3441 3321 240 114 271 566 472 441 3315 3413 3325 3087 3102 3519 371 441 472 2507 532 573 4197 4195 4225 1552 1605 1587 4023 4146 4088 4146 4143 4026 4148 4103 4143 2609 2698 2611 1240 1201 1173 4148 4116 4073 3219 3165 3164 3219 3164 3165 492 520 623 3398 3430 3349 3742 3643 3582 4290 4263 4292 3944 4206 3603 2739 2710 3275 2671 2739 3275 4286 3863 3949 3271 3324 3272 2857 1398 2671 2197 1816 1831 2538 2684 2612 1175 2671 1398 1175 1418 2671 2456 2510 2514 1418 2566 2671 2566 2739 2671 2933 1640 1747 1636 1469 1187 1187 1469 1196 695 1187 1196 695 668 570 1223 1212 1266 2933 3434 2789 1970 2707 2556 2711 2524 2705 2691 2754 3118 4194 4165 4151 1748 1847 2172 4026 3434 3540 2482 2514 2432 264 329 316 3307 2902 2847 2248 1941 2237 1630 2172 2162 1561 1630 1333 1630 1230 1333 790 1333 1230 2053 2177 2201 3101 3111 3295 441 240 462 462 240 453 3069 3265 3208 1021 500 597 2691 1847 1945 3130 3322 3334 2691 1945 2754 2470 2514 2428 3205 3010 3146 1767 2754 1945 1283 1300 1288 3164 3123 2983 1847 1748 1481 3087 3098 2820 1199 1481 1204 1199 1204 1481 1304 1241 1231 1199 1204 668 553 448 570 1802 2051 2092 3525 3461 3528 1683 1610 1717 2014 1989 2022 392 386 427 1562 1507 1452 2617 2836 3056 538 574 441 318 277 285 352 511 340 3513 3497 3433 812 511 606 3298 2870 2976 1459 606 1398 1755 1459 1398 1755 1398 2857 2876 1755 2857 216 203 289 2046 1508 1630 1529 1979 1724 3643 4073 3622 3643 3622 3615 2910 2937 2859 3622 3354 3615 1162 1185 1193 4186 4130 4154 1283 1259 1237 2696 2624 2697 2696 2697 2624 1558 1631 1635 1558 1635 1631 4079 3861 3663 3861 3677 3663 3604 3663 3677 4079 3663 3646 2248 2393 2347 3663 3609 3646 3604 3344 3609 3396 3344 3604 4143 3742 4026 1832 1569 1964 3545 3512 3430 3521 3422 2664 3643 3615 3307 2933 3540 3434 3357 3298 3458 3622 3630 3354 4073 4105 3630 1953 1962 1825 1278 1281 1286 1165 1284 1236 344 321 333 4132 4105 4116 2499 2468 2567 3354 2939 2905 3631 3619 3628 2939 3354 3191 3191 3630 3557 1609 1652 1619 3644 4281 2809 4132 4031 4105 2385 3182 1690 3307 2912 2902 2046 1630 2162 2413 2353 2427 1375 1230 1508 1883 2998 2809 1375 758 1230 574 758 560 790 758 574 385 423 364 1630 1508 1230 2790 430 4280 2172 2902 2912 2046 2412 2424 2046 2424 2031 2123 2035 2063 2031 1964 1375 940 550 423 1531 1894 1891 934 862 852 934 852 862 10 520 2499 3362 3353 3227 2219 2170 2147 3609 3557 3656 3609 4031 3646 10 492 23 2074 2424 2704 2704 2424 2939 3566 3528 3595 3566 3595 3528 3191 2704 2939 3557 3609 3344 3409 3415 3413 4121 4079 3646 2305 2293 2263 4162 4079 4121 1121 616 1382 4103 4073 3742 4073 3643 3742 3089 3308 3116 4088 4146 4026 2161 2221 2207 3742 3578 4026 3582 3643 3307 2134 2072 2094 3354 2905 2912 2380 2363 2443 1784 1791 1670 1784 1670 1791 2046 2162 2412 2283 2268 2200 2031 1375 1508 1655 1670 1605 560 599 612 1273 1251 1614 1569 1614 1964 1832 1964 2074 1832 2074 2089 2089 2074 2704 2452 2089 2704 915 471 1189 2452 2704 2842 2842 2704 3344 3451 3378 3514 2452 2842 2980 1285 1273 1569 3415 3315 3441 1295 1883 1303 1328 1345 1348 418 472 478 758 612 599 758 1375 612 2783 2756 2751 1375 1251 612 1964 1614 1375 2542 2987 3156 1837 1856 2987 4082 3880 3624 3141 3190 3231 4026 3540 3629 3353 3286 3372 3353 3372 3286 4026 3629 4023 4088 4026 4023 3318 3418 3300 2535 2511 2517 2434 2492 2403 4082 4130 3880 3589 3292 3169 3589 3555 3292 3275 3292 3555 4082 3624 3422 3624 3589 3422 3624 3422 3589 1285 984 1090 3344 3396 2980 3344 2980 2842 1624 1665 1649 3044 3014 2755 566 441 560 2697 2624 2976 441 574 560 2420 2478 2525 1782 1608 1777 1325 1333 790 1325 1561 1333 2068 2043 2297 2068 2297 2043 2817 2697 2805 3118 2847 2691 3434 3578 3118 2492 2608 2641 3555 4023 3629 2467 2316 2369 2555 3422 2929 2499 2555 2929 2707 2849 2846 2499 2929 571 571 2929 2849 2556 2707 2846 2556 2846 2810 2703 2810 2846 2703 2846 2710 1381 1364 1331 2180 2176 2039 2671 3275 2857 2857 3275 3178 2876 2857 3178 2600 3288 2621 3169 2710 2846 2703 2507 2810 2556 2810 2507 1509 1199 1196 1509 1196 1199 1509 1196 1469 1945 1469 1767 1767 1640 2789 2933 2789 1640 1971 1792 1983 2359 2253 2243 3275 3169 3292 3169 2929 3422 1270 1284 1303 1270 1303 1284 2555 2664 3422 2703 1970 2507 2556 1651 1940 3328 3251 3266 1970 2556 1940 1978 2707 1970 1978 1801 2707 7 2849 571 7 571 2849 127 119 125 4121 4120 4182 4121 4182 4126 440 495 407 2530 2746 1888 2666 2466 2240 4110 3941 4103 573 507 529 1605 1548 1685 1515 1539 1415 619 529 627 2569 2376 2580 627 528 506 2870 2511 2976 507 506 528 2406 2382 2257 2034 2007 2006 2034 2006 2007 1441 1098 1114 1441 1114 1538 1441 1538 1797 3373 3486 3445 2187 2262 2277 1114 1836 1538 2459 1797 1538 2739 2566 2540 2739 2540 2544 2499 2526 2460 2499 2460 1472 10 1472 515 547 1472 1390 515 1472 547 153 515 309 10 515 153 547 1390 540 1541 1557 2537 2527 1557 2460 2527 2537 1557 433 513 324 2020 2221 2070 2020 2070 2221 433 324 394 1597 1589 1518 1353 862 1922 456 439 518 347 334 394 2537 1209 479 2537 3159 2332 2770 2599 2769 452 2537 479 452 426 2537 309 508 540 1781 1717 1740 351 309 383 452 479 436 326 479 501 326 501 578 2690 2709 2685 2591 1249 1778 1589 1910 1867 3642 3789 4083 3642 4083 3323 3172 3024 2634 326 2591 1370 326 1370 585 2781 2709 2690 3216 3134 3395 278 459 208 158 104 208 414 459 499 583 499 459 709 1051 1349 158 208 459 158 459 196 294 196 414 915 403 414 10 520 492 403 357 414 804 905 427 1577 1572 1762 427 1263 1241 1295 1267 1883 1229 1883 1267 3126 3474 3255 1229 1267 1189 1229 1189 471 427 905 1263 3197 4125 3635 915 1116 905 804 427 403 915 804 403 2591 2633 3323 4152 4189 2855 3766 720 769 1051 1410 1349 1349 1410 2102 2509 2426 3372 2081 2102 1410 2855 2102 2081 1961 2003 1805 2855 2081 2832 4189 4165 4229 4202 4236 4254 279 199 223 4202 4254 3644 4202 3644 4134 4134 3928 3634 3830 3634 3928 1303 1883 1241 2720 2667 2727 2998 3644 2809 2187 2138 2153 2187 2153 2138 2594 2313 2772 3100 3049 3063 2897 2594 2772 2980 2897 2942 1998 2313 1983 2103 2377 2313 1688 1623 1423 1285 1090 1277 1015 536 984 536 587 984 1733 640 1352 478 536 440 418 478 440 344 407 321 209 237 196 344 440 407 1243 1778 1249 165 212 149 105 149 173 352 340 461 340 444 461 518 334 457 352 461 457 2978 3184 2858 264 316 506 14 15 24 8 15 14 8 14 15 11 214 494 11 14 214 14 218 214 14 24 218 151 218 24 11 494 8 11 8 494 11 573 561 11 561 8 8 561 573 11 8 573 11 573 532 2293 2305 2326 11 532 8 1551 1411 1364 1551 1364 1411 11 494 522 11 522 494 11 522 8 8 522 520 10 8 520 7 533 10 10 533 492 7 533 520 7 520 533 4292 4295 4293 7 520 19 4244 4281 4254 2707 533 520 2707 520 533 2499 2707 623 2499 623 2707 2468 2707 1210 2468 520 2507 2507 520 522 2703 2507 532 431 354 462 1230 1333 659 2703 573 2425 2499 520 2707 2499 2707 520 10 2499 1472 533 520 1210 533 1210 520 2014 2044 2168 494 805 522 694 494 522 694 522 494 2858 2868 2931 520 23 623 10 19 520 2783 2586 2750 573 529 610 3126 3255 3100 573 610 1098 2951 2868 2869 573 1098 494 573 2354 2425 1873 2242 2254 1098 1441 1797 2703 1098 1797 2530 1902 2545 2841 2843 1855 2224 2335 2803 2224 1971 2335 1796 1983 1623 619 627 1836 1611 1529 1524 619 1836 1114 610 619 1114 610 1114 1098 3524 3506 3481 433 505 513 513 505 1128 513 1128 2642 2642 1128 1855 1471 1459 1134 1471 1134 1135 518 1135 505 456 518 505 1888 1636 1902 109 189 195 521 608 691 521 691 461 1392 1411 1364 1187 691 1196 2841 1865 1888 2841 1855 1865 1459 1865 1855 1459 1128 1134 4176 4175 4221 505 1134 1128 264 218 151 218 507 214 494 214 507 494 1098 2354 2882 3104 2908 3509 3417 3533 3129 3295 3309 1636 1135 1187 1471 1636 1888 3513 3593 3548 127 239 119 1333 648 659 1230 1626 1508 1230 1038 1626 1251 1626 1038 1251 1038 1015 1285 1623 1133 1623 1387 1133 1230 659 1038 984 1133 1015 431 462 523 2096 2148 2101 462 407 495 271 354 149 325 407 354 311 321 407 344 325 212 271 149 212 462 354 407 431 149 354 328 329 264 2729 2808 2791 440 536 495 1533 1678 1705 418 440 364 4163 4197 4201 2946 2978 3091 2760 2549 2531 1860 1754 2030 4143 4163 4110 4143 4114 4148 4116 4169 4148 2235 2596 2487 1928 2224 2223 2846 2715 2989 2323 2428 2357 2703 2715 2846 2739 2715 2566 2739 3147 2715 2900 2869 2874 3178 3147 2843 1579 1570 1536 2242 1800 2254 3292 3346 2989 3531 3441 3488 1519 1550 1610 2746 3280 2792 3504 2841 2792 1357 1362 1440 574 495 599 553 523 648 2689 2719 2666 392 386 418 1552 1548 1497 4116 4126 4169 1204 608 628 1199 608 1204 2214 2702 1937 2385 2473 3182 2902 3186 3345 3008 2964 2952 4265 4270 4269 3178 2843 2841 2927 2672 2387 4241 4235 4263 4201 4225 4212 2450 2517 2373 4201 4197 4225 1324 1331 1327 4253 4269 4248 4253 4241 4269 4241 4267 4269 4290 4262 4286 2690 2620 2672 4195 4197 4169 283 311 238 3243 3168 2931 4195 4182 4205 3012 2774 3013 4143 4110 4103 4132 4126 4116 4121 4126 4105 4169 4126 4195 2781 2918 2716 3083 3044 3014 3026 3224 3053 4110 4163 4154 1527 1454 1458 1527 1458 1454 4088 4110 4154 4258 4248 4269 2496 2525 2458 4263 4292 4267 4263 4235 4251 4243 4262 4251 3012 3237 3013 3012 3013 3237 273 279 217 4263 4251 4267 3514 3522 3509 4204 4180 4206 4204 4174 4180 4204 4218 4174 755 3751 704 4120 4174 4182 4124 4174 4120 3453 3331 3369 4124 4180 4174 2774 2768 2807 4124 4060 4108 4124 4120 4060 1328 1348 1405 1328 1405 1348 3663 4060 3837 3186 3043 3284 2912 2702 3043 2223 2773 2214 2223 2214 1923 1481 1928 1923 2834 2806 2866 2203 2063 2176 1481 1561 1928 1204 1561 1481 1325 1204 628 1561 1333 1630 1561 1630 1928 1362 1351 1414 3454 3284 3137 3622 3284 3630 2871 2647 2455 1962 2156 1825 3043 3137 3284 2905 3043 2773 1336 1396 1360 2897 2939 2803 1230 1508 1606 1508 1926 1606 2803 2785 2224 2939 2785 2803 2939 3206 2785 3206 3454 3137 1533 1624 1551 1713 2432 2498 3557 3682 3454 3656 3454 3682 1610 1458 1519 3263 3261 3425 2905 2785 3137 2880 2813 2617 2224 1928 1926 2314 2357 2421 1630 1926 1928 2221 2070 2137 1230 1606 1333 4103 3941 4114 4114 3941 3930 4116 4114 3930 2470 2514 2421 4116 3930 4126 1435 1415 1338 2660 2462 2551 4105 4126 3930 4269 4272 4258 4121 4086 3682 4120 3682 3837 1571 1781 1519 3861 3663 3652 2980 3412 3291 1272 1279 1276 1614 1387 1623 1614 1623 1792 2216 2209 2203 2216 2203 2209 1983 1792 1623 1971 1983 2074 2227 2313 2594 3145 2897 2980 1183 1169 1216 3887 3943 3920 1251 1387 1626 1614 1792 1626 1546 1435 1493 3395 3389 3298 2074 2335 1971 3456 3029 3205 2594 2803 2335 169 208 104 169 104 208 3145 3206 2897 4243 4263 4290 3515 3557 3206 2181 2111 2220 3515 3682 3557 2610 2650 2618 2029 2266 2277 3622 3615 3186 4236 4215 4244 2675 3092 3100 2113 2112 2123 1544 1432 1451 574 1015 1038 574 599 1015 1873 1863 2242 4268 4281 4239 4239 4281 4244 3387 3536 3549 1404 1326 1336 1714 1695 1713 2813 2760 2875 4272 4292 4295 3125 3119 3150 4269 4270 4292 334 351 352 2827 2802 2838 4290 4292 4263 4262 4290 4263 2044 2190 2168 366 357 427 1575 3300 3327 4239 4194 4200 4186 4212 4231 4200 4170 4186 4200 4186 4231 4268 4239 4272 4258 4272 4239 4159 4170 4194 4205 4182 4230 4195 4126 4182 4197 4148 4169 2931 2868 2858 1599 1591 2210 4154 4163 4201 1544 1467 1432 7 19 10 4186 4201 4212 3867 4088 4154 2972 2940 2979 3867 3757 4088 4159 4118 4170 4082 4130 4118 4159 4083 4118 4159 4194 4083 4083 4194 4151 3932 4130 4082 3124 2980 2942 3577 3457 3616 2806 2705 2974 3587 3291 3412 3587 3604 3291 3515 3291 3604 2432 2314 2421 3515 3646 3682 1943 2013 2020 3656 3678 3630 3529 3579 3508 3529 3508 3579 3678 3615 3622 1641 1624 1649 2983 2898 2760 3666 3504 3578 382 401 427 382 427 401 2817 2603 2697 3796 4082 4118 3796 3667 4082 3932 4082 3667 1914 2009 1962 3587 3652 3604 3604 3652 3663 4228 4206 4180 199 223 129 3656 3682 4086 3656 4086 3678 3631 3628 3618 3943 3921 3956 3198 3213 3221 3757 3666 3941 2443 2399 2363 1484 1420 1449 2084 2179 2230 4231 4212 4225 2398 2548 2525 4248 4225 4195 4241 4248 4195 4241 4230 4235 2323 2314 2357 4251 4218 4243 3130 3131 3155 3796 3617 3624 1683 1697 1717 3796 4118 3617 3667 3657 3932 3667 3555 3657 3469 3555 3147 3469 3147 3178 3582 3578 3280 1509 1937 1196 1199 1196 691 2002 2209 2017 1299 1336 1305 3190 3201 3231 3190 3231 3201 3127 3078 2922 3381 3456 3433 463 444 285 1768 1831 1816 1768 1816 1831 463 285 233 2439 2508 2519 2217 2667 2212 3589 3346 3292 3369 3379 3383 3108 3589 3422 3108 3346 3589 3667 3589 3555 3589 3292 3555 3555 3292 3147 2642 3147 2739 627 506 2642 1573 1703 1852 506 513 2642 506 324 513 3108 2989 3346 852 1853 1580 210 205 110 2993 2849 3108 3108 2849 2989 2849 2846 2989 168 237 294 2703 2846 2849 2703 2849 2707 2993 2707 2849 2799 2707 2993 2993 3654 3159 3617 3654 2993 2468 2507 2703 2468 2703 2707 2732 2711 2705 2799 520 2707 2799 2499 520 3657 3867 3932 2213 2328 2506 3280 3345 3582 2864 2902 3345 2864 2545 2902 971 1290 1277 1937 1509 1923 2138 2200 2297 1481 1923 1509 463 448 523 463 233 448 233 431 448 233 173 431 3395 3223 3357 173 149 431 4194 4229 4165 1235 1193 1172 2703 1797 2459 2945 2943 2825 2945 2988 2943 2945 3048 2988 3048 3027 2988 3249 3168 2962 3527 3491 3442 3190 3201 3020 3537 3565 3491 1595 1518 1543 3565 3607 3603 2669 2608 2791 3608 3603 3607 3611 3563 3603 3550 3563 3611 3130 3155 3295 3550 3497 3563 3187 3001 3041 1527 1697 1677 3187 3355 3490 3001 2948 3041 2719 2491 2466 2491 2220 2466 2692 2720 2722 2692 2722 2217 2790 2776 2727 1899 1947 1894 2069 1975 1976 3443 3437 3430 2069 2099 1975 2016 1924 2235 2178 2099 2105 2178 2217 2099 2178 2211 2217 1284 1189 1303 2228 2181 2220 1991 1997 2071 1991 1972 1997 1950 1861 1960 1890 1762 1861 1736 1685 1587 61 116 62 1890 1577 1762 1503 1440 1414 1362 1357 1351 1357 1482 1353 3004 3099 3038 4280 4296 3949 4280 3949 3863 3052 4280 3863 2945 2825 4280 1701 1687 1716 2069 430 2105 2326 2305 2293 940 860 550 944 1440 1290 1735 2800 2118 2699 2956 2953 3566 3618 3595 3566 3595 3618 4180 3829 3891 4180 3891 4228 2676 2692 2236 2676 430 2790 2676 2236 430 3052 3404 3048 2401 2584 2597 2617 2765 3007 2956 3587 2953 3079 2956 3001 2699 2800 2689 2699 2801 2828 2270 2228 2491 2181 2800 2129 2270 2800 2181 1890 1950 1735 1735 1972 2800 1991 2800 1972 3294 3478 3506 1991 2071 2800 1577 1290 1440 1399 1577 1440 2281 2307 2279 1433 1580 1482 3474 3576 3488 1944 1899 1853 2105 430 2236 3608 3891 3829 3490 3608 3829 3490 3497 3608 3550 3608 3497 1944 430 1976 1944 1853 430 852 430 1853 940 423 1357 1357 423 1433 852 423 430 2242 2281 2254 168 166 158 2952 2927 2672 206 168 196 170 196 168 206 196 227 206 227 283 2076 2084 2082 2076 2082 2084 283 299 321 299 333 321 344 333 345 344 345 333 382 427 386 392 427 418 392 418 427 364 386 418 2978 3053 3091 364 345 376 3199 3208 3372 382 386 376 364 376 386 13 153 151 2978 2941 2963 351 340 352 1994 2120 1912 307 326 340 318 340 326 318 326 340 318 326 297 318 297 277 285 277 297 285 297 263 233 285 263 233 263 221 1784 1791 1848 173 208 169 173 169 208 233 208 173 105 173 169 105 169 173 114 76 75 1171 1382 616 117 75 85 76 105 104 114 165 76 117 158 165 117 85 158 1170 1162 1141 3861 4039 4108 2469 2238 2341 1990 2103 1998 1197 1178 1116 1803 1990 1796 1803 1796 1688 1090 984 587 3168 2968 2962 3587 3829 3652 1990 1735 2118 1543 1513 1514 1803 1688 1735 774 1090 587 774 587 591 774 591 550 3921 3884 3928 3921 3928 3884 971 1090 774 971 774 550 2953 2942 2772 3124 2942 2953 1381 1457 1368 550 587 478 2379 2433 2554 2094 2235 2241 4108 4039 3829 3652 3829 3861 2486 2321 2541 1803 1735 1990 3587 3412 3385 3124 3385 3412 2103 2118 2377 2516 2772 2377 2516 2377 2800 1290 1735 1277 971 550 1290 13 15 8 13 151 15 7 23 10 7 10 13 7 13 10 324 347 394 324 334 347 2951 3000 2975 2951 2975 3000 264 153 280 264 280 153 280 153 309 328 280 309 328 264 280 307 340 351 221 208 169 221 169 208 221 278 208 297 326 278 307 351 326 165 238 212 238 311 344 76 104 75 85 75 104 100 85 104 2084 2064 2076 2084 2076 2064 100 104 158 364 418 385 385 418 423 344 364 440 170 158 196 418 364 423 299 227 294 430 423 418 345 333 366 3379 3288 3383 299 294 333 1694 1701 1665 430 427 345 430 345 427 4295 4292 4296 4295 4296 4291 947 806 597 4286 4296 4290 1782 1679 1502 2122 2057 2119 4280 4291 4296 4280 4281 4291 1338 1388 1327 4280 2812 4281 2812 2809 4281 3644 4254 4281 4280 430 2812 2802 2794 2798 4252 4286 4262 532 8 573 1651 573 8 7 1940 1651 7 1651 8 7 11 1940 4156 4142 4165 3592 3518 3531 4183 4162 4199 4295 4292 4277 1381 1377 1455 1381 1455 1377 4130 4109 4082 4176 4156 4165 4176 4165 4175 4200 4232 4212 4159 4156 4200 4130 4082 4153 2099 1922 1975 4219 4200 4176 1558 1625 1631 1558 1631 1625 1555 1480 1483 4159 4153 4156 4130 4186 4109 2690 2672 2716 4186 4146 4109 1150 1168 1212 4109 4130 4082 4200 4219 4232 1507 1586 1562 4226 4265 4253 4249 4265 4226 3245 3253 2981 1707 1849 1671 4226 4212 4232 4277 4249 4219 4268 4249 4277 3533 3420 3502 1694 1644 1687 1694 1687 1644 4249 4232 4219 4268 4265 4249 1910 1751 3277 4268 4277 4265 4200 4130 4153 2456 2327 2314 4159 4200 4153 4221 4175 4119 4119 4175 4071 4219 4221 4277 4219 4176 4221 4243 4204 4235 4183 4149 4124 4184 4172 4183 4184 4204 4206 4243 4227 4206 239 127 262 4143 4171 4148 4143 4197 4171 2082 2151 2084 3100 3506 3478 4208 4199 4205 3495 3576 3531 4162 4121 4132 2177 2044 2053 4171 4162 4132 4263 4270 4292 1810 1394 1348 4230 4263 4235 3125 2911 3119 2243 2062 2064 3677 3059 3371 4208 4230 4235 4208 4205 4230 4259 4227 4243 1736 1913 1587 3184 3144 3141 2852 2818 2909 4235 4204 4208 4183 4208 4204 4183 4199 4208 1549 1537 1573 4183 4124 4162 415 439 394 4212 4226 4197 4265 4269 4270 4171 4205 4162 4226 4230 4197 4171 4132 4116 2016 1924 1887 4171 4197 4205 3222 3277 1751 1595 1530 1543 1595 1543 1530 4253 4263 4230 3355 3041 3059 3122 3371 2725 4259 3603 4206 4172 4206 3944 2829 2811 2791 1452 1809 1919 3563 3677 3870 3677 4113 3962 2948 2725 3371 640 558 585 1183 1163 1169 2801 2725 2948 3122 2725 2240 3122 2240 2505 2220 2182 2240 2182 2505 2240 1861 1423 1960 1762 1423 1861 1572 1139 1762 3026 3168 3132 1572 1414 1139 1531 1922 943 4293 4295 4281 4293 3956 3943 1994 2258 1884 4293 4281 3956 4259 3943 3603 4259 4293 3943 1922 2212 2819 2099 2212 1922 2099 2217 2212 1353 1482 1531 1353 1414 1351 1455 1373 1470 1455 1470 1373 3355 3059 3563 3120 3107 2616 3355 3563 3497 3603 3501 3491 3027 3397 3040 3517 3533 3502 3603 3442 3501 3397 3442 3603 2943 2988 3040 2095 2126 2106 834 1922 862 3436 2995 3612 1353 1922 427 1353 427 434 1353 434 418 3397 3862 1922 2943 1922 2819 3326 3393 3281 3397 1922 3040 3862 3603 3887 2316 2186 2144 3887 3603 3943 3563 3059 3677 4295 4277 4281 170 158 165 209 196 170 209 238 237 209 165 238 237 311 294 344 371 345 344 333 311 2311 2440 2510 539 567 563 382 392 427 382 393 392 376 374 388 376 388 386 392 393 386 7 8 13 316 280 264 328 316 329 351 328 329 351 329 347 351 347 352 351 352 340 285 278 326 254 252 285 1924 1881 2149 100 114 128 3268 3310 3126 100 128 158 114 158 128 20 26 33 3338 3289 3332 4184 4149 4172 3371 3587 3290 3371 3290 3587 1668 1688 1423 1668 1423 1688 1423 1256 1277 483 478 554 1796 1668 1688 3677 3371 3587 1952 1423 1668 1952 1668 1796 1139 576 797 3122 2505 2942 3525 3448 3449 3677 3861 4113 4172 4113 4149 4184 4206 4172 1817 1734 1712 1139 1090 1256 2182 2128 2474 4184 4172 4149 483 418 478 13 8 15 7 8 11 26 83 96 368 347 329 264 153 151 254 285 378 316 328 280 351 337 328 165 114 240 165 240 238 3436 3534 2995 3026 3021 3053 237 238 311 170 143 104 170 104 100 344 311 371 3334 3519 3154 427 403 345 4292 4293 4290 4221 4119 4281 1922 4281 427 2809 4281 427 4259 4290 4293 1597 1518 1657 2984 2935 2963 2974 2852 3010 2113 2257 2232 2400 1306 1032 4179 4202 4125 2573 2570 2577 144 210 53 1920 1917 1961 3570 1601 2289 917 982 937 414 504 471 3263 3350 3257 2769 2585 2784 3044 3083 3251 2774 2584 2611 2281 2117 2307 2048 2092 2041 1601 3570 3197 4150 4215 4179 779 879 872 1739 1382 2631 2400 1601 3197 504 607 1032 1102 1097 1119 2804 2027 1980 3642 3632 3789 2779 3500 3435 1322 1051 640 2029 2032 2266 3664 3156 3674 3087 3546 3357 286 236 229 1837 2542 1352 1733 2851 2081 3008 3049 2770 1733 1352 2542 3566 3595 3631 3664 2542 3156 3037 2774 2807 3486 3407 3554 3664 2851 2542 2086 1848 2088 1733 2542 2851 470 558 640 2663 2514 2498 564 501 500 564 857 501 501 857 597 3642 2157 3632 29 22 20 2157 947 857 1435 1388 1493 564 1650 857 2154 2303 2267 3211 3612 3632 3357 3510 3473 3654 3789 3632 1589 1910 1728 857 1650 2157 1650 3211 2157 3400 3498 3448 857 947 597 2157 1785 947 2633 1785 2157 2868 2872 2874 2868 2874 2872 806 578 597 3654 3632 3612 317 347 295 1763 2045 1810 3211 2332 3159 3127 3176 3134 3163 3155 3519 206 196 299 3654 3612 3159 947 1785 1243 4125 4202 4134 947 1243 806 2332 564 1209 113 211 115 564 500 479 2724 2795 2747 2724 2747 2795 1785 1778 1243 58 25 51 1243 1249 806 501 597 578 564 479 1209 2332 1209 1693 2216 1989 2264 2216 2264 1989 640 1051 583 1322 1410 1051 3039 4152 2832 3664 4095 4014 4098 4095 3664 1615 3214 3300 1720 1758 1800 4098 3664 4083 3664 3674 4083 3500 3323 3674 3500 3674 3156 1312 1289 1316 3500 3156 2987 1837 1352 1382 470 585 558 4166 4151 4165 4098 4014 4095 4098 4152 4014 2250 1881 2154 4098 4166 4152 2265 2156 1962 1382 1370 1856 1837 1382 1856 1306 845 1032 3197 3635 2400 3058 3634 2998 3562 3590 3546 4215 4150 4229 1304 1295 1267 1601 607 2289 607 552 579 471 504 845 1959 1973 2333 414 499 579 499 1349 579 607 579 1349 2289 1349 2102 2289 2102 4150 4150 2102 4189 1279 1221 1281 2607 2578 2636 2283 2268 2234 1306 3635 3058 607 1349 499 4150 4189 4229 1165 1236 1284 1165 1284 1236 2783 3377 2756 4125 3668 3635 3635 3668 3058 1306 3058 1883 1306 1229 845 471 845 1229 2406 2249 2382 2177 2053 2201 116 113 115 944 860 910 944 910 860 1691 1893 1685 978 552 621 2122 2119 2121 3388 3349 3315 1408 978 621 1408 1980 978 3456 3374 3029 3509 3516 3574 3509 3574 3516 2509 2458 2513 1637 1021 818 2508 2360 2306 2508 2306 2360 1785 2060 1068 1243 1068 2060 1785 2033 2060 2060 2033 2630 818 1021 597 3534 3612 3521 3534 3521 2995 1243 818 597 1243 2060 1637 2060 2664 1637 2060 2995 2664 3539 3476 3530 3521 2664 2995 2779 2631 3500 2928 2944 2860 2804 1642 2027 2804 3701 3655 3655 3701 4095 3243 3254 3224 3655 4095 3658 2631 1382 1642 2804 2631 1642 2804 3500 2631 2804 3655 3500 3500 3655 3658 2699 2725 2719 2699 2666 2725 3527 3537 3491 2676 2667 2692 2676 2727 2667 2096 2070 2050 1678 1705 1675 2270 2220 2228 2270 2240 2220 2270 2220 2240 2270 2181 2220 1503 1414 1440 2482 2421 2514 1899 1891 1853 1899 1894 1891 2827 2802 2791 2827 2791 2802 1899 1853 1894 2178 2212 2217 2178 2236 2212 2236 2217 2212 2178 2217 2236 3226 3213 2391 168 154 161 157 161 154 168 161 166 117 114 82 82 76 75 3236 2941 2978 166 161 157 368 373 372 209 157 283 1611 1524 1624 2526 2459 2460 1494 1536 1570 3100 3099 3037 1332 1367 1545 3149 3252 3164 528 529 547 1934 1893 1913 490 509 481 539 563 509 1284 1303 1250 481 548 520 481 520 487 539 568 567 567 487 520 2506 3288 3264 1367 1332 1418 1545 1367 1574 1656 1545 1673 1418 1332 1656 2555 2566 2366 2710 2566 2629 1608 1486 1777 2555 2366 2364 2366 2386 2364 3870 3962 3891 3870 3891 3962 2386 2556 2567 1594 1870 1839 2629 2566 2555 2499 2567 2629 2386 2567 2468 2364 2386 2468 3285 3264 3015 3285 3015 3264 373 368 426 454 426 368 3061 2829 2830 1644 1624 1705 3254 3231 3224 3610 3528 3595 432 455 456 372 417 394 2048 1793 2041 415 456 433 415 433 394 529 508 515 528 540 508 3474 3121 3471 2096 2101 2050 1441 1541 1390 1441 1472 1557 1441 1390 1472 2459 2540 2460 2526 2567 2459 2526 2566 2567 2527 2460 2540 2527 2540 2587 2526 2587 2540 415 436 383 415 383 436 415 452 436 515 547 529 368 372 394 2485 2440 2510 452 455 500 1943 1984 2020 1185 1182 1131 1185 1131 1182 3944 3870 3916 3944 3916 3962 1875 1878 2048 915 879 905 779 905 879 915 905 782 1558 1555 1567 915 872 879 3597 3430 3477 834 862 879 3920 3830 3838 3920 3838 3942 3467 3375 3374 3920 3884 3830 3862 3887 3921 3943 3956 3921 3887 3920 3921 1413 1415 1612 3862 3921 3956 2519 2584 2572 1263 1303 1241 1178 1189 1250 382 376 393 382 393 376 3830 3928 3942 3830 3942 3928 3962 3968 3891 3962 3891 3968 3944 3891 3968 3944 3968 3891 944 910 940 944 940 910 3592 3602 3579 3592 3579 3602 940 910 840 940 840 910 940 910 860 940 860 910 3862 3943 3863 3862 3863 3943 3862 3863 3949 3862 3949 3863 3956 3949 3953 3956 3953 3949 3943 3949 3863 3943 3863 3949 2837 3025 2820 3862 3920 3943 2975 2869 2900 3884 3830 3928 3870 3916 3962 3870 3962 3916 3236 3168 3240 3944 3962 3916 3944 3916 3962 841 910 891 841 891 910 1270 1303 1263 3862 3956 3921 2168 2039 2104 3943 3920 3921 1781 1740 1717 834 879 943 943 879 862 834 862 879 2464 2517 2532 3944 3870 3916 3862 3943 3887 3862 3887 3956 3956 3921 3920 3887 3920 3921 3943 3956 3920 1768 1831 1667 1768 1667 1831 266 337 450 2133 2043 2068 310 329 337 3061 3101 3111 310 289 329 1988 1984 2021 295 341 347 293 286 266 293 266 286 422 432 293 341 432 436 341 436 383 415 426 383 293 266 422 3326 3257 3297 293 290 422 289 317 295 1884 1789 2058 324 295 347 324 329 289 426 452 436 415 436 452 293 422 290 2020 2050 2023 2463 2492 2434 273 317 286 273 279 317 273 286 293 279 295 347 2404 2383 2538 293 210 266 266 205 216 295 199 279 2749 2716 2781 286 223 210 286 239 223 228 223 239 228 239 223 229 236 205 211 236 239 210 223 239 211 216 236 211 239 228 210 229 205 210 205 229 1907 2083 1927 210 273 205 273 217 205 203 216 211 127 125 116 127 116 125 210 205 217 295 262 289 273 295 279 273 293 217 286 289 262 266 216 289 273 217 223 1711 1741 1698 286 262 236 295 228 262 289 216 203 3378 3509 3155 1992 2000 2511 295 211 228 3446 3130 3380 293 273 210 279 223 217 216 110 229 266 210 205 262 239 236 236 125 127 229 236 125 119 239 229 127 125 239 203 113 211 203 211 113 119 229 205 119 205 229 210 112 205 210 217 112 126 217 223 119 125 110 127 126 129 127 119 126 119 112 126 125 107 110 125 113 115 125 115 113 125 115 107 125 107 115 210 239 217 1555 1480 1567 217 239 223 236 211 239 228 239 211 228 223 239 203 211 236 129 228 116 129 116 228 203 115 113 203 113 115 126 112 217 119 205 112 129 126 217 129 217 126 1385 1348 1345 129 217 223 129 223 217 2278 2308 2292 116 228 113 116 113 228 216 110 203 216 203 110 216 205 110 205 112 110 210 119 239 119 126 239 127 125 113 119 110 107 119 129 112 127 113 129 110 72 107 110 112 72 107 72 110 127 115 125 125 115 110 1147 1119 1183 1147 1183 1119 3248 3250 3254 129 116 126 72 112 110 125 119 127 236 239 262 273 290 317 279 317 290 273 279 290 289 203 290 2070 2161 2090 3456 3414 3381 3456 3381 3414 1781 1826 1519 2221 2141 2161 206 103 196 206 196 103 206 299 196 2532 2423 2511 3326 3273 3244 2316 2350 2260 2145 2308 2160 2341 2246 2315 260 342 315 401 315 342 382 401 342 2455 2390 2601 382 260 315 2382 2397 2363 2133 2138 2153 2133 2153 2138 2978 3091 2963 2284 2092 2272 382 393 375 376 375 393 2094 2241 2149 3129 3309 3111 382 375 376 2215 2022 2052 3248 3236 2978 2509 2426 2538 2398 2525 2478 2398 2496 2458 2513 2426 2548 2408 2458 2398 2408 2398 2458 2458 2426 2513 2458 2513 2426 2458 2509 2426 49 94 78 2187 2153 2138 2420 2398 2478 3616 3628 3618 3616 3618 3628 2458 2525 2548 2458 2513 2525 2509 2548 2426 1339 1360 1400 1339 1400 1360 2458 2548 2513 1299 1328 1294 2231 2209 2017 2756 3083 2862 2398 2458 2525 2517 2423 2373 2447 2532 2511 2731 3071 2976 2731 2976 3071 2535 2517 2464 1558 1567 1588 2535 2409 2450 2535 2450 2517 2516 2535 2512 2535 2532 2511 1859 2147 2695 2516 2512 2409 2464 2409 2373 1396 1310 1305 3125 3150 3177 2450 2409 2464 2450 2464 2373 2450 2373 2464 2447 2511 2423 2447 2464 2373 2464 2532 2447 2931 2858 2872 1763 1401 1756 2447 2464 2450 2450 2464 2535 2450 2532 2447 1611 1665 1724 2972 2815 2977 1848 1791 1680 1665 1701 1649 1694 1705 1644 1665 1649 1724 2620 2964 2940 1694 1724 1701 3245 2959 3283 1694 1665 1624 1694 1624 1724 1644 1624 1641 1644 1705 1624 2078 2066 2092 1641 1649 1624 3297 3478 3294 3297 3294 3478 1756 1761 1627 1611 1724 1624 1644 1716 1687 2231 2216 2264 2231 2264 2216 1611 1649 1665 1694 1641 1624 1694 1687 1624 1641 1687 1701 3263 3139 3182 1644 1687 1624 2301 2444 2668 1644 1624 1687 1624 1641 1701 3216 3458 3223 3395 3389 3298 3395 3298 3389 3389 3458 3412 3357 3223 3458 3360 3395 3357 3360 3389 3395 3324 3385 3444 3216 3324 3458 3389 3272 3223 3216 3223 3272 3216 3272 3324 3298 3357 3223 3298 3360 3357 3426 3389 3395 3271 3385 3324 3269 3265 3372 3362 3227 3208 3269 3372 3286 2173 2376 2286 3076 3313 3151 3370 3239 3227 3370 3362 3239 3269 3372 3208 3126 3310 3121 3269 3208 3265 3390 3362 3370 3239 3353 3372 3370 3353 3362 3370 3362 3353 2920 3448 3498 3362 3372 3353 3390 3200 3362 3390 3370 3227 3362 3200 3227 3466 3509 3533 1547 1501 1553 3362 3227 3353 2794 2603 2817 2256 2207 2161 3286 3353 3239 1707 1713 1612 1708 1612 1714 1720 1652 1629 1695 1646 1661 1695 1661 1646 1710 1646 1619 1661 1646 1714 1661 1714 1646 3100 3133 3051 3100 3051 3133 1619 1646 1612 1619 1612 1629 3365 3337 2775 1707 1612 1695 2091 1885 2101 1612 1713 1714 1661 1714 1713 1612 1713 1695 1924 2149 2235 1707 1695 1714 3464 3402 3476 1707 1714 1713 1720 1708 1652 1661 1695 1714 1708 1646 1669 1907 1849 2083 1708 1669 1714 1711 1698 1703 1714 1695 1646 1760 1694 1840 2279 2269 2226 3222 2477 2600 1884 1860 1934 1884 1934 1860 63 82 75 63 75 82 2595 2403 2755 1393 1400 1426 3243 3231 3224 3243 3224 3231 424 401 376 3751 3809 704 3249 2978 2968 3249 2968 2978 755 3809 3751 3766 769 3818 375 356 388 2401 2164 2322 2401 2322 2164 392 356 375 1593 1723 1547 392 375 386 388 356 386 388 356 386 386 388 425 392 386 356 392 356 386 2078 1477 1798 2963 3091 3190 1810 1407 1394 392 356 358 392 386 356 1763 1810 1756 2040 1810 2045 1403 1319 1360 3592 3506 3524 3126 3121 3321 3121 3310 3471 1782 1791 1851 3474 3310 3415 2480 2582 2520 2300 2306 2360 2439 2360 2508 2448 2406 2382 2484 2653 2497 3070 3233 3011 3070 3011 2954 2954 3011 2936 2850 3073 2961 2370 2653 2359 2453 2359 2653 2453 2653 2983 3164 2983 2961 2370 2150 2286 2370 2131 2150 2359 1826 2131 1781 1938 2001 1615 1568 2019 1677 1806 1781 1895 2173 2001 3273 3297 3294 3326 3297 3273 2417 2382 2406 2076 2084 2151 1810 1799 1756 2040 1799 1810 2041 1638 1625 2041 1625 1638 1756 1625 1638 1756 1638 1625 1816 1819 1625 2041 1793 1638 1558 1588 1631 1339 1426 1403 1588 1426 1631 1405 1401 1422 1405 1422 1401 2404 2288 2383 2404 2383 2288 1328 1401 1405 1328 1405 1401 1386 1405 1490 2448 2760 2887 1544 1581 1620 1799 1627 1776 2794 2817 2793 2794 2793 2817 2417 2610 2382 2675 2651 2701 2675 2701 2651 3244 3100 3257 3244 3257 3100 2791 2608 2811 3255 3237 3037 3008 3018 3051 3018 2770 2972 3483 3524 3478 3312 3252 3237 1743 1677 1683 1458 1454 1312 3432 3219 3252 3561 3596 3554 2373 2643 2433 3466 3379 3470 3596 3583 3621 3496 3373 3488 2017 2209 2020 1533 1524 1529 1312 1316 1289 2173 2253 2376 1895 1806 2003 1895 2003 2173 1760 1665 1694 2173 2003 2253 2880 2954 2839 2880 3007 2954 2443 2430 2363 3351 3447 3263 1575 2280 1696 2248 2280 2393 3327 3172 2280 1575 3327 2280 2590 3172 2634 2590 2541 2280 2590 2280 3172 1575 1568 3300 2449 3318 3300 2732 2670 2711 2473 2887 3182 3182 2887 3418 2449 1568 1690 2449 2019 1568 3300 3214 2019 2242 2352 2288 2590 2637 2582 1404 1393 1336 1334 1299 1328 1334 1328 1299 1334 1328 1386 2300 2253 2191 1744 2005 1925 3012 3149 3056 3263 3425 3350 2850 2569 2889 2893 3123 2887 78 175 181 3418 2887 3123 3164 3418 3123 1519 1810 1348 1810 1510 1348 1477 1305 1510 1348 1510 1305 2078 1396 1305 1690 1396 2078 2453 2760 2359 2078 1798 1802 2078 1305 1477 1477 1510 1798 2003 2243 2150 1810 1798 1510 3513 3517 3502 1810 1826 2064 2448 2092 2064 2448 2064 2263 2263 2064 2293 3164 3441 3418 3409 3418 3315 3531 3579 3506 1616 1690 1667 3409 3506 3418 2078 2092 2448 2359 2760 2549 2473 2448 2769 1386 1345 1369 2448 2887 2769 3486 3586 3441 2760 2531 2549 2263 2305 2293 2263 2293 2380 2284 2237 2347 2248 2237 2284 2359 2360 2376 2580 2376 2360 2359 2306 2360 2359 2243 2306 2300 2360 2306 2580 2508 2519 2418 2361 2436 3448 3566 3498 1533 1705 1551 2443 2531 2399 2484 2497 2286 1663 1806 1677 2484 2839 2653 2173 2839 2484 1663 1677 1895 1895 1677 1806 2300 2191 2306 1588 1631 1638 1588 1638 1631 2284 2347 2417 2439 2519 2360 2480 2347 2520 2473 2520 2393 2486 2473 2347 2497 2580 2461 2461 2580 2429 2359 2286 2376 2453 2569 2286 2453 2359 2376 2385 2347 2473 3115 3107 3120 2453 2286 2359 2453 2376 2569 2190 2168 2177 2497 2461 2286 2497 2286 2569 3465 3321 3409 3415 3310 3315 2675 2701 2698 2651 2650 2531 2651 2531 2650 1670 1622 1675 2609 2436 2611 2610 2618 2443 3012 3013 3149 3228 3157 3252 3373 3293 3488 3294 3350 3508 3004 2944 3099 2815 2944 2957 2598 2595 2601 3017 3074 3019 3017 3019 3074 2767 2815 2944 2807 3004 3038 1484 1462 1439 2807 2768 3004 3004 2768 2928 2531 2436 2399 2770 2815 2767 2778 2877 2596 2698 2767 2768 2815 3033 3031 3257 3074 3261 2418 2436 2597 2443 2618 2650 2443 2650 2531 2508 2360 2401 2617 2615 2765 3008 2815 3031 3049 3036 2815 2572 2597 2760 3425 3524 3508 3445 3486 3373 3496 3531 3576 2641 2811 2608 3541 3529 3585 3541 3585 3529 3327 3300 3447 3248 3141 3243 3300 3418 3447 3592 3621 3585 3506 3579 3418 3579 3529 3418 3486 3554 3586 3447 3418 3529 3529 3579 3585 3529 3585 3579 2590 2640 2593 2590 2593 2640 2637 3019 2640 3019 2640 2887 3017 2640 3019 3017 3019 2640 3172 3182 3138 3263 3182 3172 3019 3074 3138 3019 3138 3074 3019 2887 3138 3263 3425 3261 3263 3261 3182 3263 3182 3261 3541 3529 3425 3445 3407 3252 2334 2327 2357 3378 3457 3424 3541 3579 3585 3596 3586 3592 3592 3579 3602 3592 3602 3579 3592 3586 3602 3602 3586 3554 2559 2489 2524 3602 3554 3531 3592 3583 3579 3592 3579 3583 3571 3583 3592 3596 3531 3532 2569 2508 2615 2569 2615 2508 3532 3486 3523 1533 1392 1524 3432 3252 3317 3432 3445 3486 1707 1758 1863 3445 3373 3486 1544 1709 1712 3011 3073 3007 3164 2889 2936 3384 3333 3274 3011 3062 3164 3164 3062 3149 3464 3438 3440 3011 3007 2889 2813 2889 2796 2813 2796 2625 2813 2625 2850 2813 2850 2625 3478 3303 3340 2813 2850 2889 2813 2889 2850 2569 2936 2889 2850 2936 2615 2880 3012 3011 2044 2168 2104 2880 3011 2889 2617 2569 2625 2617 2625 2569 2569 2360 2508 2569 2508 2360 2580 2615 2508 2762 2784 2640 3017 3018 2784 3481 3415 3441 2770 2585 2769 1337 1364 1442 1197 1116 1263 3126 3100 3244 2426 2548 2330 1170 1168 1162 3037 2807 3038 3037 3032 2774 2264 2209 2287 3326 3350 3294 3373 3252 3293 3425 3508 3483 3037 3013 3032 2774 2807 3013 3100 3099 3036 2401 2418 2584 2448 2382 2610 2813 2774 2760 2731 2624 2805 2762 2769 2784 2762 2784 2769 2762 2770 2769 2762 2769 2770 2767 2610 2618 2767 2618 2610 3126 3506 3100 1705 1455 1789 3474 3471 3293 3263 3257 3261 3126 3273 3294 3342 3165 3407 3486 3488 3576 3013 3086 3237 3252 3149 3013 3008 3031 3033 2769 2977 2815 2770 2769 2815 2615 2760 2765 1519 1458 1717 2637 2585 2582 2637 2640 2585 2813 2961 2850 2233 2274 2333 2640 2784 2585 2584 2760 2597 2650 2611 2436 3619 3613 3623 3216 3426 3104 2770 2767 2618 3474 3293 3255 3268 3126 3321 3268 3321 3126 3481 3518 3474 3255 3037 3064 3037 3099 3064 2807 3032 3013 3012 2875 2760 2774 2765 2760 2609 2611 2651 2675 2698 2767 3409 3121 3478 3244 3057 3033 3018 3074 3257 3018 2972 2977 2769 2784 2977 2582 2769 2599 2582 2599 2520 2774 3032 2807 3126 3100 3121 3008 2770 2815 2701 2651 2650 2675 2698 2651 2609 2774 2611 2609 2768 2774 2519 2597 2584 2519 2774 2760 3012 2760 2774 3445 3373 3488 3312 3293 3252 3474 3518 3471 3496 3518 3531 1707 1786 1713 3524 3481 3518 3483 3508 3524 3425 3483 3350 3483 3478 3508 3326 3257 3350 3273 3244 3100 3244 3063 3049 3244 3051 3057 3018 3057 3051 3018 3033 3057 3018 2815 2770 3337 3433 3497 2029 1911 2025 2582 2585 2770 2417 2599 2610 3409 3321 3441 2293 2399 2549 3268 3315 3310 3481 3441 3465 3447 3529 3541 3541 3585 3583 2617 2625 2580 2880 2889 3007 2880 2796 2889 3007 3164 3165 3561 3586 3596 3541 3425 3447 3024 3138 3074 3017 3024 3074 3139 3138 3024 3172 3138 3139 3017 2634 3024 2590 2634 2640 2637 2640 2634 3012 3056 2890 3228 3149 3157 3017 2637 3139 3523 3518 3571 2750 2601 2775 2207 2256 2255 3532 3523 3445 3532 3445 3486 3017 3139 3261 3263 3261 3139 2880 2617 3056 2580 2519 2572 3249 3250 3184 3596 3532 3523 3017 3139 2762 3017 2762 2637 3017 2637 2762 2448 2443 2380 2778 2724 2638 2898 2893 2760 2983 3086 2898 3225 3182 3418 3225 3418 3318 3233 3164 2961 1961 2191 2003 3317 3164 3233 3317 3164 3219 3317 3407 3164 1768 2248 1816 3351 3418 3447 3327 3300 3152 3509 3421 3383 3327 3418 3300 3225 3152 3418 3432 3342 3407 3327 3447 3418 1466 2010 1943 3172 3152 3263 3164 3407 3165 3351 3263 3225 3351 3225 3418 3225 3263 3152 3300 3418 3152 1403 1477 1510 2363 2249 2232 1722 1705 1724 1827 1638 1631 1643 1740 1610 1717 1674 1740 1763 1403 1635 1403 1510 1401 1405 1401 1422 2076 2084 2230 2293 2399 2361 2232 2113 2092 1763 1810 1620 2082 2225 2179 2243 2064 2306 2064 2062 1864 2191 2062 2243 1961 1864 2062 1627 1799 1643 2122 2121 2125 1405 1348 1401 1763 1620 1401 1462 1360 1396 1328 1319 1348 2248 2284 2272 2248 2237 2197 2248 2197 2237 1394 1519 1345 1527 1571 1454 1393 1430 1400 3316 2738 2552 2040 2045 1799 1297 1305 1310 1289 1294 1299 1312 1385 1316 1473 1583 1568 1420 1439 1431 1690 1583 1396 2322 2345 2241 1385 1454 1316 1294 1454 1348 1519 1348 1454 2248 2237 2197 2298 2347 2237 1816 2237 1831 1963 1831 2237 1963 2237 1831 2197 1831 2237 3321 3315 3430 1404 1396 1326 1404 1523 1396 1404 1396 1523 1523 1473 1667 2915 3015 3264 2133 2108 2200 1326 1305 1336 1326 1336 1305 2645 2675 2651 1364 1327 1373 1345 1316 1294 1294 1360 1305 1396 1326 1360 1328 1348 1294 1334 1345 1328 2308 2442 2292 2379 2511 2433 1305 1299 1294 2564 2433 2343 1326 1396 1336 1369 1316 1385 1385 1316 1519 1519 1316 1345 1519 1345 1385 1610 1550 1490 1610 1490 1550 1369 1385 1345 1683 1610 1717 1683 1458 1610 1805 1781 1740 1422 1401 1510 2173 2003 2150 2003 1806 1781 1938 1781 2150 1938 2150 1781 2003 1938 1805 1805 1938 1781 2191 2253 2243 1386 1490 1519 2284 2232 2257 2113 2272 2092 2300 2252 2306 1763 1756 1635 62 45 116 1756 1638 1635 1793 1635 1638 2076 2179 2084 1805 1826 2040 1763 1761 1810 1763 1802 1756 1793 1756 1802 1827 1819 1838 1827 1838 1819 1819 2041 2048 2016 2072 2094 2113 2249 2092 2232 2382 2249 3248 3254 3243 2076 2064 2062 1763 1756 1426 1559 1403 1426 1756 1422 1600 1403 1588 1635 1403 1426 1588 1405 1550 1394 1625 1838 1631 1631 1400 1523 1613 1643 1610 1587 1675 1622 2048 1818 1838 2360 2252 2401 2361 2418 2230 2263 2293 2179 2363 2179 2249 2448 2363 2406 2908 2917 2643 2179 2232 2249 1559 1477 1403 1604 1559 1731 1405 1394 1550 1756 1401 1422 1826 1740 1643 2045 1826 1799 2418 2401 2252 1864 2040 2064 2361 2436 2418 2406 2382 2363 2756 3311 3083 2399 2293 2305 1763 1635 1638 1616 1631 1625 1793 1802 1635 1816 1631 1738 121 183 179 1882 1878 1875 2237 2092 2066 1875 2048 2041 2078 2048 1878 2040 1826 2045 2076 2230 2252 2232 2092 2249 3021 3022 3132 3021 3132 3022 1763 1627 1761 1544 1613 1550 1422 1401 1581 1339 1403 1360 1558 1631 1625 1763 1638 1756 1816 1625 1631 2327 2421 2357 1827 2041 1638 2076 2040 2084 3440 3387 3403 2066 2082 2041 2263 2293 2305 2263 2305 2293 1842 1723 1924 1575 1473 1568 1743 1683 1717 1289 1299 1294 1768 1696 1816 1616 1696 1690 1193 1172 1141 1690 1696 1667 2248 2197 2280 1961 2062 2191 1369 1519 1490 1490 1386 1369 1404 1396 1393 3248 2978 3249 1404 1462 1396 1625 1631 1523 1616 1625 1523 3226 3281 3341 3226 3341 3281 2300 2243 2253 1490 1385 1386 1386 1385 1369 1334 1386 1369 3522 3519 3548 3522 3548 3519 1568 1682 1692 1575 1568 1583 1683 1677 1697 1616 1473 1583 1473 1434 1583 1575 1682 1568 1616 1583 1696 1690 1692 1682 2173 2286 2429 2347 2280 2321 1458 1519 1454 1697 1519 1717 1527 1454 1697 1568 1692 1583 1690 1583 1692 1473 1583 1434 1558 1635 1588 1558 1588 1635 1588 1635 1631 1588 1631 1635 1544 1620 1613 1544 1613 1620 3176 3071 3375 3326 3273 3257 3326 3257 3273 2039 2063 2035 3483 3506 3478 3483 3478 3506 3483 3524 3506 3483 3506 3524 1394 1407 1348 1386 1348 1405 1405 1407 1348 1405 1348 1407 1393 1400 1360 1393 1360 1400 1393 1360 1339 1393 1339 1360 2774 2760 2807 2774 2807 2760 2760 2807 2768 2760 2768 2807 2216 2168 2215 2216 2215 2168 2946 3248 3243 2774 2760 2768 2774 2768 2760 2768 2774 2807 2768 2807 2774 2768 2807 2760 2768 2760 2807 2518 2419 2394 2770 2769 2767 2770 2767 2769 2167 2281 2107 3496 3488 3531 3496 3531 3488 3496 3471 3488 3496 3488 3471 1393 1339 1400 1393 1400 1339 2064 2051 2011 2064 2092 2051 3030 3141 3020 1559 1604 1477 1360 1305 1400 3474 3531 3488 3474 3488 3531 3531 3488 3586 1477 1604 1510 3409 3441 3506 3531 3506 3441 1300 1282 1304 1604 1731 1600 3592 3531 3481 2448 2767 2769 2448 2769 2767 2058 2008 2290 1763 2084 2045 2082 1763 1802 1558 1631 1588 3356 3341 3276 1507 1744 1586 2316 2231 2207 2316 2207 2231 2738 2782 2552 1760 1840 1979 3245 3203 3253 2387 2260 2324 1507 1562 1428 1586 1428 1562 3356 3276 3210 2316 2467 2515 1599 2600 2504 2683 2559 2624 2433 2511 2554 2316 2515 2350 2316 2144 2369 2180 2215 2168 2183 2126 2116 2018 2231 2216 2018 2216 2231 1913 1893 1685 1913 1685 1893 2369 2238 2469 1555 1483 1567 2231 2260 2209 3276 2387 3259 3356 2782 3305 2782 3316 3305 2782 2738 3316 2350 2324 2260 2350 2515 2387 1896 1977 1962 2231 1936 2018 3486 3407 3554 2018 1936 1995 1936 1483 1995 1567 1936 2002 1925 1483 1854 3245 3392 3253 1499 1854 1483 1925 1854 1499 1586 1499 1428 1586 1744 1925 3253 3316 2552 2688 2552 2467 2688 2467 2369 1925 2144 2186 1995 1925 2186 1744 1842 2005 3338 3030 2951 2343 2442 2308 3341 3243 3248 3232 2986 2927 2387 2672 2685 1868 1595 1859 2277 2325 2333 2216 2215 2203 1452 1495 1809 3283 2959 2975 3338 3201 3030 3338 3203 3201 3030 3201 3203 2407 2303 2356 1999 1919 1988 3394 2992 3331 2551 2547 2777 2395 2462 2341 2207 2221 2324 1385 1519 1345 2908 3071 2917 2341 2660 2469 2207 2315 2246 1919 1999 1562 3030 3203 2975 2660 2975 2959 2869 2858 2868 2951 2975 2742 3283 2975 3203 2742 2975 2660 2114 2246 2341 2238 2114 2341 1988 2021 2246 1999 1988 2114 1919 1809 1984 3248 3254 3184 2395 2315 2324 1919 1984 1988 2395 2324 2462 1984 1932 2013 3128 3105 2920 1809 1932 1984 3030 2975 2951 2951 2742 2777 2951 2777 3234 1573 1953 1534 2946 2986 3248 2986 2672 2927 2020 2221 2013 1480 1466 1943 2685 2672 2221 2221 2547 2324 2013 1932 1943 2002 2020 2010 2002 2010 2020 1943 2010 2020 1337 1331 1364 3201 2869 3141 3245 2981 2959 1842 1999 2005 1842 1562 1999 1124 1274 1281 1744 1562 1842 1744 1507 1562 2002 2010 1466 3245 3338 3392 2007 2133 2068 1428 1452 1507 2207 2186 2231 2186 2246 2021 1995 2021 1984 1995 1984 2018 2018 1984 2013 2207 2231 2018 2467 2551 2462 2515 2467 2462 2144 2114 2238 2209 2221 2020 1936 1943 1932 1936 1932 1943 2694 2737 2741 2260 2221 2209 2017 2020 2010 2017 2010 2020 2798 2492 2646 2005 1999 2114 2005 2114 2144 1744 1919 1562 1744 1562 1919 2469 2369 2341 3245 3253 3201 3245 3201 3203 2403 2297 2329 3131 3519 3522 1428 1499 1452 1483 1480 1495 1483 1495 1499 1499 1495 1452 3514 3509 3423 3155 3309 3295 1282 1287 1266 2316 2231 2315 3104 2917 3216 2316 2315 2324 2316 2315 2231 3276 3232 2927 3253 3030 2975 2207 2216 2231 2207 2231 2216 3356 3243 3341 1707 1863 1786 3316 3302 3243 3392 3338 3316 3008 2972 2979 2174 2139 2113 1917 1886 1869 2972 2918 2781 1558 1874 1827 1558 1827 1874 2401 2322 2503 2401 2503 2322 3496 3493 3471 1389 1428 1447 1734 1476 1593 3174 1795 1461 1887 1723 1734 1734 1723 1593 2016 2094 2149 2016 2149 1924 2241 2235 2149 1386 1412 1405 1842 1924 1886 2309 3180 2407 3180 2309 2154 3198 2574 2407 3120 3109 3133 3198 2407 3180 2320 1881 2250 2574 1881 2320 1547 1553 3180 1547 3180 2154 2407 2303 2309 2565 2616 3115 2303 2154 2309 1593 1723 1734 1783 3226 1607 2141 3226 2101 2141 2620 3226 1558 1827 1461 1827 1783 1461 1875 1843 1874 2139 2148 2096 2174 2620 2141 2401 2345 2503 2401 2322 2241 2164 2134 2094 2164 2094 2134 2130 2108 2037 2130 2037 2108 1489 1782 1502 1917 1869 1886 1869 1842 1886 1869 1886 1842 3616 3628 3546 1544 1593 1709 1449 1430 1393 1449 1393 1430 1449 1400 1430 1783 1843 2101 3117 2570 2679 2016 2235 2094 3236 2941 3168 1920 1886 1924 1920 2072 1961 1920 1961 1886 1920 1924 2016 3249 3254 3250 1920 2016 2072 1547 1476 1501 1419 1431 1501 1517 1607 2391 3243 2941 3236 1553 1632 3180 1632 3213 3180 1490 1519 1385 1593 1476 1723 3229 3110 2835 3110 2877 2835 2877 2778 2596 1533 1551 1678 2235 2149 2596 2482 2514 2470 2482 2470 2514 3456 3358 3381 2877 2596 2835 2320 2835 2596 2320 2596 2149 1723 1881 1924 1476 1881 1723 1547 1881 1476 1517 1632 1553 1517 1553 1501 2139 2096 2091 1931 2073 2096 1884 2058 2188 1439 1461 1501 1484 1461 1439 1484 1439 1461 1389 1405 1428 1869 1842 1886 3110 2950 2877 3229 3289 3301 3229 3301 3289 3226 2964 3281 3226 2620 2964 2709 2716 2685 2660 2681 2638 2660 2638 2681 2966 2950 2999 2966 2999 2950 3312 3110 3262 3157 3110 3312 3157 2999 2950 3428 3392 3452 3428 3452 3496 3427 3459 3339 3357 3359 3467 2620 2716 2964 2180 2215 2052 2952 2716 2918 2383 2285 2307 3332 3289 3392 3303 3339 3459 3303 3459 3336 3289 3336 3392 2923 2836 2877 2836 2778 2877 3421 3379 3383 3198 3221 3289 3303 3221 3238 3303 3336 3289 3339 3303 3238 3339 3238 3303 3226 3238 3213 2323 2357 2428 2200 2233 1973 2406 2363 2397 2974 2909 2960 3229 3198 3289 2013 2020 2070 2690 2685 2620 2700 2660 2724 2450 2511 2517 3393 3341 3281 3229 3262 3110 2600 2427 2915 3496 3452 3392 2303 2574 2250 2404 2528 2383 2320 2250 2574 2209 2203 2180 3180 2267 2407 2574 2320 2895 2407 2267 2303 2574 2356 2303 3198 2407 2895 3198 3221 2407 2574 2407 2356 1549 1578 1911 1827 1795 1783 1827 1783 1795 1558 1795 1827 1558 1461 1795 1931 1874 1885 2174 2123 2101 2690 2388 2620 2174 2388 2690 2401 2345 2322 2401 2487 2345 2401 2503 2487 2503 2638 2487 2142 2134 2094 1920 1886 1917 1544 1734 1593 1544 1712 1734 1430 1431 1439 1430 1439 1462 2073 1885 2091 2141 1885 1795 1842 1886 2016 1419 1501 1431 1547 1501 1419 1553 1556 2267 3576 3584 3495 3238 1909 1871 1553 2267 3180 3198 2895 3229 2320 2149 2596 2301 1839 2506 2235 2596 2149 2017 2022 1989 2017 1989 2022 1723 1887 2320 2149 1887 2235 2714 2811 2641 1547 1723 2320 1476 1547 1419 1593 1547 1476 2091 2123 2112 2480 2590 2593 2091 2101 2123 2142 2094 2134 1929 1885 1931 1929 1931 1885 1843 1874 1885 1849 1879 1851 1849 1851 1879 3053 3144 3091 1613 1586 1627 1428 1432 1412 3315 3349 3430 1447 1428 1412 1467 1476 1432 1467 1451 1476 1476 1419 1432 2235 2345 2596 2345 2487 2596 2638 2596 2487 2778 2596 2766 2877 2766 2950 3229 3080 3262 3174 3226 3281 3174 3281 2964 3174 2620 2141 2122 2117 2119 2122 2119 2117 3008 3081 3329 3281 3329 3081 2781 2690 2716 2966 2950 2937 3312 3262 3153 2999 3080 2950 3428 3338 3332 2675 2873 2770 3428 3392 3338 3428 3496 3419 3483 3356 3459 2086 2145 2125 2781 2716 2940 2620 2940 2716 3336 3340 3289 3356 3339 3303 3478 3340 3493 3493 3340 3336 3471 3493 3419 3289 3419 3336 2660 2766 2638 2937 2950 2859 2859 2950 2766 2890 2859 2766 2890 2766 2795 2215 2209 2264 2215 2264 2209 3229 3289 3221 3180 3221 3238 3226 3238 3221 3226 3221 3303 3221 3289 3303 3339 3341 3238 3226 3303 3238 3226 3075 3238 3226 1909 3075 2141 2620 2388 2672 2620 2716 2749 2781 2716 2747 2660 2681 3008 2940 2964 3281 3081 2964 2732 2806 2670 3427 3339 3356 3301 3332 3289 2910 2966 2937 2910 2890 2923 3496 3471 3419 3392 3419 3338 2838 2498 2636 2154 2250 2303 2154 2267 2250 2574 2356 2303 2574 2303 2356 2574 2303 2407 1405 1412 1432 1393 1431 1430 1393 1400 1431 1484 1430 1462 1449 1420 1430 1484 1461 1558 1484 1558 1461 1484 1439 1420 1931 1875 1874 2174 2113 2123 3004 2957 2944 2077 2091 2113 3008 3329 3393 3008 2952 2972 3483 3427 3356 3427 3393 3339 3326 3281 3008 1658 1726 1707 2180 2052 2203 3393 3427 3341 3471 3478 3493 3483 3478 3493 3456 3381 3374 3483 3493 3459 3386 3332 3301 3386 3312 3153 2985 2923 2966 3428 3386 3301 1447 1467 1432 1447 1432 1467 1386 1405 1389 2480 2593 2520 3069 2669 3061 2593 2640 2637 2593 3019 2640 2593 2640 3019 1123 1140 1144 3072 2762 2640 3263 3261 3139 2663 2794 2793 3072 3074 3017 3139 3074 3182 3425 3529 3261 2183 2116 2106 3263 3418 3425 3263 3261 3418 3583 3508 3529 3425 3418 3529 3596 3523 3586 3596 3586 3523 3596 3602 3586 3596 3592 3583 3583 3579 3508 1959 1852 1957 3602 3585 3579 3583 3529 3585 3445 3407 3486 3445 3486 3523 3523 3554 3445 3215 3164 3252 3011 2961 3073 3013 3062 3164 3004 2928 2957 3149 3013 3164 3007 3013 3149 3215 3073 3164 3215 3062 3073 3215 3252 3164 78 178 175 2617 3007 2765 2617 2765 2813 2850 2615 2625 2850 2889 2765 3013 2765 2889 3007 2765 3013 3007 2961 2765 2935 2900 2963 3011 2850 2961 2813 2850 3073 2813 3073 2850 2850 3073 3062 2617 2569 2765 2569 2615 2765 2617 2360 2508 2617 2569 2360 3021 3022 3020 2248 2347 2237 2248 2237 2347 2248 2237 1816 1768 1941 2248 1768 1831 1941 1768 1831 1616 1690 1831 1667 1690 1667 1831 1667 1738 1831 1768 1616 1667 1616 1434 1667 1404 1434 1616 1523 1667 1434 1523 1434 1396 1404 1523 1336 1336 1523 1396 1326 1360 1396 1299 1336 1360 1336 1294 1305 1299 1294 1336 1312 1299 1348 1312 1294 1299 2775 2601 2595 1348 1294 1345 1312 1385 1316 1490 1610 1519 1385 1345 1519 1385 1610 1519 1519 1610 1385 2183 2166 2193 1490 1519 1610 1806 1717 1740 3358 3384 3146 1806 1781 1717 1781 1938 1740 2003 1740 1938 2003 1781 1806 1781 2150 1938 2243 1938 2150 3514 3616 3516 2360 2243 2253 2360 2253 2243 3322 3334 3384 1604 1600 1510 1477 1579 1559 2277 2333 2419 1510 1492 1604 1600 1604 1579 1510 1494 1477 1579 1559 1570 1477 1570 1559 3295 3282 3366 1579 1570 1559 1579 1559 1570 1570 1536 1494 1477 1570 1494 1477 1559 1570 1477 1570 1559 1579 1536 1559 3369 3277 3331 1494 1559 1536 3470 3509 3466 2559 2711 2489 2559 2489 2711 3168 3054 3240 3357 3176 3359 2984 2935 3021 2941 2968 2938 3249 3236 3250 3249 3168 3236 3168 3021 3054 3054 3021 3022 3061 3076 3085 3398 3477 3430 2958 2935 3054 3054 3022 2958 3168 2968 2941 2941 2938 2935 3132 3240 3054 3616 3574 3595 3021 2984 3132 3021 3132 2984 2693 2729 2682 3398 3443 3512 2958 3021 3054 2327 2421 2239 3248 3243 3236 3132 3231 3240 3115 3120 3150 3168 3240 3132 3240 3231 3132 1828 1959 1852 1828 1852 1959 3249 3236 3168 2411 2442 2494 3021 3022 3132 3022 3132 3054 3168 3026 2968 3021 2984 3132 3451 3424 3378 2986 2978 3254 3254 2978 3184 2986 2962 2968 3250 3254 3184 1589 3106 3277 2962 3254 3250 2426 2146 3372 2167 2279 2311 3021 3022 3054 3234 3144 3091 2946 3091 2978 2951 3053 3091 2951 3091 3053 3234 3091 3201 3234 3201 3091 2095 2106 1993 3234 3240 3022 3234 3022 3240 2931 2963 3000 3026 3231 3021 3248 3243 3249 3248 3249 3243 2951 2958 2975 2935 2963 2931 2958 2951 2975 2958 2900 2951 3248 3254 3249 3026 3053 2963 3322 3089 3308 2931 2963 2941 3249 2978 3184 3248 2968 2978 2636 2607 2578 3248 3249 2968 3243 2931 2941 3243 3236 2931 3243 2931 3236 3026 2963 2935 3026 2935 2963 2935 2984 2900 3234 3020 3231 3021 3000 3231 3021 3231 3000 3021 3000 3231 3026 2963 3224 2935 3224 2963 3243 3224 2931 2935 2931 3224 2941 2931 3168 3234 3231 3190 3234 3190 3231 3234 3190 3141 3248 3249 3250 3248 3184 3141 3243 3236 3168 3022 3240 3020 3030 3020 3234 3030 3234 3201 3053 3091 3144 2963 2900 3000 3234 3231 3201 3234 3201 3231 1612 1661 1526 3232 3184 2858 3243 3144 3184 3190 3091 3144 2946 2868 2931 2946 2963 2868 2963 2900 2868 3224 3231 3190 53 205 72 3030 2975 3020 2975 3000 3020 2946 2931 2858 2946 2858 2931 3184 3144 3053 3243 3224 3190 3021 3022 3000 3021 3000 3022 3201 3254 3190 3248 3184 3254 2559 2711 2670 3201 2868 2869 3254 3184 3190 2978 2868 3184 2946 2868 2978 2938 2931 2872 2938 2872 2858 3519 3548 3577 3519 3577 3548 2946 2938 2858 2399 2275 2305 1897 1894 1947 1678 1551 1675 2900 2874 2868 2868 2874 2872 2900 2874 2869 3254 2858 3184 3234 3254 3201 3030 2869 2975 3030 3020 3141 2943 2973 2955 3248 3184 3243 3248 3243 3184 2963 3091 3053 2963 3053 3091 3243 3224 3236 2984 3000 2975 2984 2975 3000 2957 2928 2860 3127 3067 3071 1518 1514 1498 3087 3519 3577 3004 2928 2957 3004 2957 2928 3004 2944 2928 2231 2190 2216 2209 2112 2264 3129 3111 3101 3358 3374 3381 2017 2112 2039 2002 2112 2209 2167 2147 2124 1989 2039 2022 2209 2264 2203 2215 2203 2264 2216 2203 2190 2044 2039 2014 2018 2014 1989 2018 1989 2014 2014 2022 2017 2002 2017 2039 2018 2216 2231 2018 2017 1989 2018 1989 2017 2018 1989 2216 2018 2216 1989 1989 2017 2209 2180 2203 2209 3357 3467 3306 2022 2215 2264 1989 2022 2264 2190 2022 2044 2216 2190 2044 2022 2039 2044 2190 2203 2215 2018 2014 2017 2018 2017 2014 2014 2022 2215 2044 2014 2215 2190 2287 2168 2190 2044 2215 1994 1876 2059 2180 2203 2215 2287 2203 2168 2168 2052 2039 2022 2104 2039 2014 2104 2022 1994 2059 2258 2180 2190 2203 2190 2168 2203 2044 2039 2104 2044 2052 2039 2123 2180 2035 2014 2053 2044 2044 2053 2014 2044 2014 2022 2022 2039 2052 2180 2176 2203 2215 2203 2201 2203 2039 2063 2123 2052 2039 2014 2168 2053 2014 2053 2168 2177 2053 2168 2177 2168 2053 2180 2176 2203 2022 2215 2201 2176 2063 2203 2039 2203 2063 2022 2036 2104 2190 2044 2177 2203 2176 2168 2180 2168 2176 2168 2201 2203 1435 1338 1372 2176 2063 2201 1800 1863 1758 1800 1758 1863 2176 2201 2063 2063 2201 2053 2123 2176 2180 1627 1586 1581 2063 2053 2201 2044 2039 2168 1122 1137 1120 2044 2203 2039 2044 2168 2203 2017 2022 2039 2017 2039 2022 2018 2014 1989 2018 1989 2014 2215 2287 2201 2215 2201 2287 2209 2203 2215 2287 2209 2215 1900 1727 1621 1854 1645 1752 1854 1752 1916 2960 2866 2806 1925 1900 1621 1925 1645 1854 51 102 195 1752 1900 1916 1645 1621 1727 1752 1727 1900 1925 1916 1900 2436 2435 2402 2436 2399 2435 2436 2402 2361 2361 2399 2436 2361 2414 2436 2361 2436 2414 2361 2435 2436 2304 2132 2030 2324 2255 2221 2221 2255 2137 2207 2324 2315 1245 1173 1264 2221 2137 2070 2433 2379 2290 2013 2137 2070 2324 2221 2137 2013 2070 2020 1984 2013 1943 2315 2137 2255 2315 2255 2137 2013 2070 2137 2255 2207 2137 2255 2137 2207 2020 1982 1943 2013 2020 1984 1258 1195 1244 2130 2037 2153 2013 1982 2020 2013 1984 1982 2221 2161 2255 2221 2255 2161 2221 2255 2161 2050 2090 2023 2050 2023 2090 2070 2090 2050 2013 2023 2090 2013 2020 2023 3477 3506 3465 2090 2207 2161 2090 2161 2207 2255 2207 2161 2255 2161 2207 3087 2816 2837 2137 2161 2070 3574 3616 3572 2137 2090 2207 2096 2070 2090 2096 2090 2070 1537 1955 1822 2096 2050 2070 2101 2090 2050 2514 2636 2498 2070 2090 2050 2070 2050 2090 2096 2050 2070 2141 2050 2096 2137 2161 2070 2141 2096 2161 2141 2090 2050 2141 2050 2070 2141 2070 2050 2141 2137 2161 2141 2161 2137 2255 2161 2137 2221 2161 2255 1613 1627 1581 1544 1581 1507 1586 1562 1507 3203 3253 3245 40 125 32 3255 3203 3237 3255 3237 3293 3312 3253 3293 3312 3245 3253 3255 3293 3253 1707 1713 1612 3326 3297 3276 3326 3276 3210 3244 3257 3210 3297 3244 3210 2417 2350 2387 2417 2350 2382 2417 2382 2350 2793 2648 2603 1558 1638 1625 1558 1588 1638 1962 1957 2265 3100 3051 2979 3100 2979 3051 2675 2774 2888 3100 2878 2888 3100 2873 2878 3100 3133 3037 2675 2770 2979 3100 2774 2878 3100 2888 2774 2675 2873 2878 3100 2873 2979 2675 2979 2873 3100 2878 2873 2395 2356 2315 3087 2837 3089 1245 1264 1274 2303 2356 2395 2356 2303 2315 1988 1984 2013 1988 2013 1984 2324 2221 2255 2263 2305 2275 2406 2443 2363 2406 2430 2443 2380 2430 2363 2380 2443 2430 1987 1863 2254 1987 2254 1863 2443 2363 2397 2406 2397 2382 2443 2397 2363 2549 2560 2531 2549 2531 2560 2361 2436 2399 2602 2578 2636 2436 2414 2399 2436 2414 2399 1477 1492 1510 1477 1510 1492 1477 1559 1492 1604 1492 1510 1477 1492 1559 1477 1559 1492 3361 3235 3368 3361 3368 3177 3368 3235 3177 3325 3368 3361 3325 3413 3368 3413 3325 3415 3361 3368 3413 3150 3177 3235 3177 3235 3361 2262 2297 2329 2514 2421 2327 2679 3115 3117 2675 3100 2649 3119 2579 2570 3125 2645 2911 2649 3109 2661 2661 3120 2573 3115 2616 3107 3100 3092 3094 2645 2562 2579 2651 2562 2645 2651 2649 2562 2562 2649 2577 2577 2661 2573 2679 2570 2565 2649 2661 2577 2651 2645 2649 2651 2649 2645 3117 3115 3150 3117 3150 3115 3117 3115 3150 3120 3133 3177 3120 3177 3150 3177 3235 3150 2645 2579 2911 2565 2573 2616 2579 3119 2911 2675 2649 2701 3100 3133 3109 3100 3094 3133 2645 3094 3092 3125 3094 2645 2554 2643 2619 2570 2562 2577 3409 3413 3315 3441 3349 3315 3441 3430 3349 3409 3315 3430 3441 3430 3315 3415 3325 3361 3415 3361 3413 3415 3315 3325 3441 3430 3388 3087 2837 3098 3098 3131 3128 2816 2802 2820 3098 2837 2820 2820 2802 2798 1413 1372 1377 2669 2536 2608 2669 2608 2536 2185 2349 2188 2185 2188 1996 56 83 90 1694 1996 1840 2512 2349 2373 2450 2185 2511 3298 2976 3357 1694 1624 1789 1694 1789 1624 1694 1789 1996 2185 2058 2349 2373 2349 2058 2185 1992 2511 2185 2058 1992 2058 1789 1992 112 53 210 3134 3216 2917 3298 3134 2917 2281 2383 2463 2426 1661 2146 2759 2561 2643 2759 2643 2731 2882 2731 2917 1443 1489 1446 2827 2791 2798 2383 2311 2492 2383 2434 2311 2492 2714 2608 2798 2791 2714 2820 2798 2794 3009 2829 3061 3098 3322 3112 3098 3112 3131 3130 3131 3112 3085 3295 3101 3085 3101 3295 3085 3130 3101 3085 3101 2829 3085 2829 2827 3061 3085 3101 2498 2121 2136 2498 2136 2121 3295 3366 3309 3572 3509 3366 3572 3366 3509 3574 3509 3572 3572 3509 3522 3513 3593 3522 3513 3522 3593 2559 2794 2603 2167 2107 2279 3130 3334 3154 2167 2279 2434 2279 2226 2239 2083 2086 2125 2083 2125 2107 2122 2125 2086 1595 1446 1489 1372 1443 1446 1372 1446 1443 1457 1455 1368 1533 1551 1587 1457 1587 1470 1457 1470 1587 1457 1777 1486 2086 2136 2145 3322 3306 3374 3216 3104 3426 3216 3179 3127 3216 3127 3104 3179 3324 3359 3324 3473 3359 3525 3449 3461 3525 3461 3566 1137 1192 1191 1337 1392 1381 58 102 69 2882 2512 2349 2302 2349 2512 3127 2908 3104 2882 2908 2683 2302 2379 2349 2302 2349 2379 2028 2349 2302 2028 1979 2349 2427 2445 2915 3437 3349 3430 1546 1658 1515 2673 2352 2605 1515 2288 1609 1873 2288 1515 3537 3528 3574 2509 3269 2920 2509 2920 1713 1612 1661 1539 1612 1539 1661 1612 3372 2146 2673 2608 2669 2673 2669 3069 3320 3151 3282 3461 3320 3282 3610 3572 3620 1860 1848 1872 3220 3175 3374 3176 2976 3071 3176 3071 2976 3220 3374 3175 2392 2030 2304 1849 1772 1726 1546 1543 1595 1849 1726 1671 1713 2510 2456 3087 3357 2976 3087 3577 3546 2920 3616 3457 2920 3595 3516 2920 3516 3616 1413 1612 1526 1338 1526 1373 1455 1364 1373 1705 1551 1455 2838 2511 2136 3087 2976 2837 2837 2976 2817 1713 2838 2636 3128 3457 3519 3128 3519 3102 2838 2793 2817 2838 2136 2498 2426 2119 1713 2426 1713 2119 2299 2411 2291 1455 1373 1526 1455 1526 1789 1713 2456 2314 1713 2498 2000 1713 2314 2432 1647 1526 1789 1661 2000 1526 2514 2510 2636 1661 1713 2000 2528 2404 2538 2528 2608 2538 2302 2433 2290 2302 2379 2433 2302 2433 2379 2433 2511 2554 2392 2379 2433 2432 2498 2470 2432 2470 2498 1760 1611 1665 1840 1996 1979 3216 3395 3426 1760 1979 1611 1996 2188 1979 2188 2349 1979 2882 2349 2759 2404 2352 2383 1228 1149 1102 2392 2489 2433 2346 2290 2392 2463 2536 2608 2559 2564 2624 2392 2433 2564 2442 2498 2470 2514 2578 2421 2404 2426 2352 2426 2330 2352 1782 1647 1608 1704 1851 1879 1680 1675 1705 3456 3205 3384 1680 1705 1872 1679 1598 1502 1008 1040 987 2119 2088 2121 1443 1608 1526 2057 1851 2088 2327 2292 2357 2514 2357 2292 2278 2229 2273 2119 2121 2206 2343 2136 2132 1848 1680 1872 2132 2136 1912 1552 1504 1497 2239 2440 2282 2456 2440 2239 2343 2433 2442 2083 2107 2087 1994 1912 1860 2258 2132 2116 2116 2132 2120 2116 2120 2030 1670 1848 1680 1782 1851 1679 2343 2308 2160 1493 1388 1413 1595 1543 1493 1506 1639 1457 1392 1364 1411 1323 1359 1338 1609 1612 1539 2006 2034 2007 1338 1359 1415 1364 1331 1327 1524 1392 1411 1551 1524 1411 1624 1524 1551 1705 1624 1551 2242 2254 2285 2404 2307 2281 2281 2307 2254 2242 1863 2254 1863 1786 2254 1863 2254 1786 2285 1863 2254 2285 2254 1863 1742 1786 1863 1800 1742 1863 1800 1758 1772 1772 1758 1726 1658 1707 1546 1546 1415 1493 1546 1493 1415 1828 1957 1953 1324 1337 1331 1364 1373 1331 1364 1331 1373 1413 1415 1338 1377 1327 1331 1377 1331 1373 1415 1413 1388 1415 1388 1493 1413 1338 1388 1493 1359 1435 1359 1388 1372 1324 1327 1377 1381 1368 1377 1331 1411 1373 1592 1647 1526 3163 3509 3516 1533 1411 1551 1442 1373 1411 1587 1551 1675 1760 1789 1705 1754 1705 1789 1789 1705 1675 2302 2290 2008 1994 1884 1876 2258 2059 1876 2304 2120 2290 1907 2109 2281 1907 1927 2109 2559 2670 2444 1707 1671 1764 2279 2307 2311 1660 1679 1851 1446 1493 1413 2226 2239 2119 2107 2119 2206 2121 2198 2206 2198 2125 2229 1884 1912 2086 2086 2088 1872 1784 1848 1791 2122 2119 2269 1457 1470 1622 1860 1872 1670 1849 1660 1879 1608 1455 1486 3295 3266 3282 1413 1377 1443 1368 1455 1377 1493 1435 1388 1671 1660 1764 1660 1598 1679 1444 1533 1470 1381 1373 1470 1457 1639 1608 2132 1912 2120 2086 1912 2136 1782 1777 1791 2125 2121 2088 2087 2117 1927 2107 2117 2087 2343 2120 2290 2494 2442 2433 2314 2327 2357 2314 2357 2327 2432 2514 2292 2226 2229 2327 1670 1872 1680 1272 1225 1221 1443 1455 1608 1848 1872 2088 1884 1872 1848 1884 1860 1912 2125 2160 2229 2278 2160 2308 2278 2292 2470 2226 2327 2239 1595 1413 1598 40 125 107 1660 1502 1598 1660 1671 1598 1782 1777 1851 2107 2307 2117 2383 2311 2434 1381 1368 1373 1782 1777 1679 1782 1679 1777 1489 1777 1782 1489 1782 1777 2083 2087 1851 2107 2125 2119 2432 2278 2470 2278 2292 2229 2122 2226 2119 2278 2273 2145 2494 2433 2489 2346 2343 2145 1675 1680 1670 1381 1470 1457 1587 1622 1470 1506 1622 1670 1413 1372 1443 1595 1489 1413 1660 1851 1704 1849 2087 2083 2107 2206 2198 2281 2307 2107 2281 2279 2383 1323 1327 1324 1515 1415 1395 3461 3498 3320 1359 1395 1415 1337 1324 1327 2028 2008 1876 1820 1789 1760 1549 1573 1578 1722 1760 1705 1820 1876 1789 1533 1411 1392 1392 1364 1381 1658 1546 1707 1304 1267 1263 1873 1720 1800 1658 1713 1742 1658 1742 1800 2383 2352 2285 2392 2120 2030 2392 2290 2120 1754 1705 1675 1860 1872 1754 1324 1368 1372 3461 3453 3492 1444 1373 1368 1381 1444 1368 1745 1764 1849 1884 2258 2030 1324 1372 1388 1546 1671 1658 2456 2421 2327 1992 1789 1775 1694 1705 1789 1694 1624 1705 1705 1551 1624 1720 1609 1612 1529 1724 1624 1722 1724 1979 1533 1529 1624 1515 1707 1612 1515 1612 1609 1873 1515 1720 2288 2330 2352 2288 2352 2330 3424 3423 3378 3089 3306 3308 3078 3175 3089 3163 3516 3309 3334 3375 3548 3309 3516 3399 2636 2607 2663 2636 2663 2713 2607 2514 2663 2311 2510 2641 2737 2713 2663 1150 1130 1116 2442 2656 2498 2814 2866 2834 2696 2814 2697 3078 2926 2922 2926 2866 2922 2663 2656 2648 3098 3116 3322 3616 3548 3593 3461 3399 3394 3461 3394 3399 3574 3492 3509 3357 3375 3467 1189 1250 1298 3577 3593 3548 3577 3548 3593 3525 3566 3448 2668 2670 2818 3400 3449 3448 3546 3628 3590 3590 3510 3546 3577 3616 3546 3458 3546 3510 3395 3357 3546 2673 2605 2684 2528 2538 2612 2605 2612 2684 2538 2612 2684 2612 2608 2684 2673 2684 2608 3069 2684 3066 2673 3066 2684 2673 3069 3066 3199 3208 3320 2621 3288 2506 3069 3066 3199 3208 3066 3265 3078 2833 2926 3069 3265 3066 3566 3498 3528 3208 3199 3265 3566 3528 3498 1122 1126 1127 1122 1127 1126 3461 3528 3498 3613 3628 3623 3613 3623 3628 3610 3618 3616 3610 3616 3618 3628 3590 3623 3616 3628 3623 3616 3623 3628 3616 3618 3595 3616 3595 3618 3537 3595 3528 3590 3467 3546 3546 3590 3628 3590 3546 3467 3460 3467 3546 3306 3467 3375 3223 3176 3357 3223 3134 3176 2444 2670 2668 3223 3071 3134 3223 3357 3176 3134 3176 3175 2729 2743 2723 3127 3071 3134 3134 3071 2870 3134 2870 3071 2917 3071 2643 2870 2643 3071 2870 2976 2624 2870 3071 2976 2870 2976 3071 2870 2697 2976 2870 2926 2833 2834 2697 2833 2870 2833 2697 2794 2793 2648 2696 2697 2834 2696 2834 2697 3067 2926 3071 2554 2643 2624 2870 2624 2643 3009 2821 3002 3061 2669 2821 3151 3313 3282 3061 3076 3151 3129 3130 3295 3322 3308 3306 3394 3399 3509 3078 3089 2837 3128 3112 3116 2311 2641 2492 2834 2833 2820 2564 2494 2489 3163 3155 3509 3378 3423 3509 3078 3308 3089 3078 3089 3322 49 132 51 3309 3399 3366 3460 3467 3548 3322 3375 3334 3128 3116 3334 3089 3175 3306 2816 2741 2737 2802 2741 2798 2442 2494 2656 2456 2578 2652 2536 2492 2641 2646 2456 2652 3334 3548 3384 3514 3519 3522 2814 2805 2697 2816 2663 2793 2663 2498 2656 3509 3399 3516 2811 2821 2808 2646 2641 2510 2794 2648 2793 2794 2663 2793 3131 3154 3519 3163 3309 3155 3085 2830 2829 2791 2811 2714 2694 2713 2737 2494 2648 2656 2559 2603 2648 2794 2793 2603 2820 2794 2817 2820 2817 2794 3078 3116 3098 3078 3098 3087 3130 3128 3322 3593 3548 3522 1914 1741 1753 3453 3394 3509 3295 3366 3399 3129 3101 3130 3394 3313 3295 1599 2504 2213 3129 3131 3130 2827 2798 2802 2492 2641 2646 2669 2791 2821 2791 2808 2821 2669 2808 2791 3424 3519 3514 3562 3590 3619 3179 3359 3176 3510 3467 3359 3631 3620 3613 3623 3613 3620 3610 3616 3620 3400 3498 3461 3400 3265 3498 2673 3069 2352 3220 3374 3306 3556 3593 3577 3613 3616 3593 3461 3282 3394 3460 3546 3556 3613 3623 3616 3613 3616 3623 3610 3618 3537 2514 2578 2607 3269 3372 3448 3216 3298 3324 3324 3298 3357 3216 3426 3223 3426 3467 3458 3400 3372 3449 3208 3265 3448 3324 3357 3473 3216 3324 3179 3426 3510 3467 3449 3498 3461 3426 3458 3223 1591 1617 2210 3577 3593 3548 3577 3548 3593 3513 3522 3548 3513 3548 3522 3522 3548 3593 3514 3574 3516 3514 3516 3574 3574 3514 3509 3574 3509 3514 2838 2802 2830 2838 2830 2802 2802 2811 2830 2837 2817 2820 2837 2820 2817 2837 2820 2793 2837 2793 2820 2107 2119 2117 2107 2117 2119 2122 2107 2117 2122 2117 2107 1377 1373 1455 1377 1455 1373 3087 2837 2838 2852 2705 2668 3514 3457 3424 3514 3423 3457 3519 3457 3423 3519 3423 3424 1647 1526 1608 1443 1377 1455 3087 3128 3129 3087 3129 2816 3085 2838 3129 3129 3128 3131 3513 3548 3522 2827 2830 2791 2837 2817 2793 2277 2419 2325 2731 2805 2976 2723 2403 2329 2723 2297 2403 3251 3083 3311 2783 2756 2598 2325 2419 2518 2518 2374 2325 2277 2299 2265 2277 2265 2299 2325 2266 2277 2325 2277 2266 2374 2297 2325 2394 2419 2299 2871 2291 2647 2723 2756 2740 3421 3311 3377 2756 3377 3311 2723 2329 2756 2374 2329 2297 1954 1520 1967 1520 1549 1967 2374 2756 2329 1157 1173 1245 2598 2595 2756 2598 2756 2595 2277 2034 1967 2029 2277 1967 2029 1967 1549 2783 2598 2586 3333 3414 3114 1896 1977 1504 2025 2299 2277 1504 1585 1896 2871 2750 2291 2299 2025 1977 2299 2291 2394 3421 3266 3328 2756 2755 2740 1573 1537 1828 1573 1828 1703 2755 2403 2274 2265 2390 2156 1910 3106 1867 2750 2775 2601 3337 2601 2775 1957 2032 2265 1828 1852 1703 2333 2403 2523 1828 1959 1957 1537 1959 1828 2755 3365 2775 1822 1973 1959 3044 2755 3014 3044 3266 2755 3044 2755 2973 2266 1959 2333 2266 2032 1959 2755 2274 2740 2274 2403 2333 1822 1955 1973 2743 2682 2992 2871 3045 2974 2291 2411 2647 1549 1520 1537 1520 1955 1537 1097 1096 1157 3414 3333 3337 3328 3251 3421 1504 1534 1585 2025 2277 2265 2029 2025 2032 2518 2586 2523 2586 2601 2523 2598 2523 2595 2518 2523 2598 2598 2601 2586 1977 1957 1962 2374 2333 2403 2374 2403 2333 2394 2419 2390 2394 2390 2419 1967 1973 1959 1967 1959 1973 1954 2034 1973 1896 1825 2156 2607 2614 2636 1911 1703 1852 1446 1478 1488 3333 3274 3337 3417 3420 3383 1946 1753 1711 1578 1573 1534 3421 3311 3266 3421 3365 3311 2756 2862 2755 2862 2973 2755 2277 2265 2333 1247 1261 1238 2277 2419 2333 1225 1192 1183 2871 2974 3045 3044 3083 3014 3414 3337 3365 3421 3377 3365 3378 3424 3514 3414 3365 3377 1530 1489 1446 2059 1993 2116 1446 1488 1478 1457 1497 1485 1485 1542 1497 1485 1497 1542 1691 1548 1542 1870 1893 1691 2166 1974 2301 1974 1893 1870 2427 2210 2445 2222 2210 2384 1546 1658 1707 2098 2328 2210 2600 2915 3270 2427 2384 2210 1488 1498 1514 1597 1518 1565 2614 2607 2636 1597 3189 2682 1497 1548 1542 1893 1870 1685 1974 1870 1893 2095 2301 1974 1898 1947 1939 1906 1898 1859 2167 2109 2140 2244 2444 2095 2559 2444 2489 2183 2095 2126 2109 1981 1897 1859 2140 1897 2095 1993 2126 1974 1934 1993 1591 1594 1617 1599 1514 1498 1485 1542 1498 1599 1751 1910 1597 1728 3189 3189 1728 2763 1910 2763 1728 1910 3106 2763 1542 1870 1594 2852 3015 2915 2506 2852 2915 2915 2098 2506 2506 2668 2852 1974 2668 2506 2098 1974 2506 1974 2098 1839 1617 1594 2098 1599 1589 1514 1599 1514 1589 1518 1514 1565 2059 2116 2126 1981 1939 1947 1981 1947 1939 1981 1947 1897 1898 1897 1947 1868 1859 1898 1906 1859 1897 1906 1897 1859 1543 1514 1518 1446 1478 1530 1506 1497 1457 2852 3010 3015 2852 3015 3010 3146 3285 3015 3358 3381 3285 3358 3285 3381 3279 3379 3369 3189 3279 3331 2682 3189 2992 3453 3369 3379 3453 3379 3369 3042 2992 3394 2729 2682 2743 3358 3146 3374 3205 3374 3146 3029 3146 3010 2955 2822 2743 2955 2743 2992 3509 3383 3417 2834 2818 2806 2834 2866 2818 2909 2818 2866 3285 3383 3288 2043 2037 2034 2043 2034 2037 3264 3288 3270 3277 3279 3106 2732 2719 2806 3279 3369 3331 3146 3015 3010 3146 3358 3285 3337 3502 3433 2974 3029 3010 2445 2210 2213 2210 2328 2213 3402 3387 3391 3402 3391 3387 2445 2213 2328 2427 2445 2621 2427 2621 2445 2600 2427 2621 2222 2384 2477 2600 2621 2427 2504 2353 2213 2621 2506 2328 2427 2353 2384 1839 2213 2506 2427 2445 2353 1868 1518 1595 1868 1859 1518 2167 2219 2147 2346 2166 2301 2244 2166 2346 1950 1913 1893 1506 1504 1552 2147 1897 2124 1897 1947 2124 2109 2124 1947 1950 1993 1934 2166 2126 2095 1542 1485 1498 1589 1657 1910 1597 1657 1589 1698 1953 1703 2695 3279 3106 2695 1910 1657 1599 1589 3277 1870 1691 1839 2852 3264 3015 1514 1485 1498 1617 1839 1691 1599 1589 1867 1599 1867 1589 1939 1947 1894 1543 1518 1488 1542 1548 1497 1457 1504 1506 2524 2301 2668 2852 2974 2705 3010 3015 3146 3358 3146 3285 3279 3331 3277 2695 2992 3331 2170 2682 2695 3369 3331 3453 3042 3394 3331 2729 2723 2682 2791 2808 2743 2960 2974 3001 3205 3146 3384 3456 3384 3358 2973 2743 2822 2945 2973 2822 2945 2822 2955 2973 2992 2682 2973 2682 2743 3522 3420 3517 3517 3420 3417 3517 3417 3533 3466 3383 3379 3522 3414 3420 3288 3222 3277 3381 3285 3288 1123 1144 1119 3383 3288 3277 3288 3383 3381 3369 3383 3277 3279 3277 3106 3414 3433 3420 3414 3522 3513 2384 2353 2504 2384 2504 2621 2353 2621 2328 2353 2328 2213 2621 2445 2427 2353 2445 2621 2384 2621 2427 1530 1482 1489 1906 1939 1894 1595 1543 1518 2729 2791 2743 2167 2140 2219 2219 2682 2729 2729 2743 2808 3470 3379 3453 3470 3453 3379 3453 3331 3394 3453 3394 3331 3513 3522 3517 3414 3513 3433 3456 3381 3433 3456 3381 3433 3456 3433 3381 3029 3001 2974 3205 3029 3374 2960 3029 2974 2346 2489 2711 2244 2346 2732 2244 2183 2193 2244 2489 2346 1736 1548 1605 1552 1587 1548 2528 2612 2538 1987 2285 2254 1987 2254 2285 2288 2383 2285 1800 1863 2254 1720 1658 1758 1873 1863 1786 1707 1742 1863 1720 1786 1742 1707 1658 1493 1707 1658 1742 1546 1707 1493 1546 1415 1435 1442 1364 1411 1551 1411 1373 1551 1373 1337 1551 1337 1442 1364 1373 1411 1337 1331 1364 1364 1331 1373 1324 1327 1331 1324 1327 1372 1372 1327 1388 1338 1415 1388 1533 1551 1442 1533 1442 1411 3546 3623 3590 1678 1705 1754 1678 1754 1705 1884 1876 1754 2058 1789 1876 1754 1876 1705 1884 1754 1789 1258 1274 1264 1884 2188 2030 2058 2290 2188 2433 2423 2290 2304 2188 2290 2379 2643 2554 2433 2624 2423 2379 2564 2304 2304 2564 2343 2673 2538 2612 2673 2612 2528 2673 2684 2612 3069 3066 2684 2673 3069 2684 3069 3265 3320 3208 3265 3066 3320 3265 3498 3525 3498 3461 3461 3498 3528 3525 3566 3498 3610 3618 3595 3220 3175 3374 3610 3595 3620 3620 3595 3616 3613 3628 3620 47 178 86 3613 3623 3546 3546 3473 3590 3546 3590 3467 3357 3467 3473 3220 3223 3375 3467 3374 3473 3220 3375 3357 3220 3374 3375 3220 3357 3374 3127 3220 3175 3220 3134 3223 3220 3375 3071 3220 3071 3175 3134 2976 3176 3127 3071 2926 3134 3067 2882 2834 2926 2870 3127 2834 2696 3127 2696 3067 3134 2882 2643 2870 2805 2697 2554 2624 2564 2697 2805 2624 2554 2696 2624 2731 2643 2624 2353 2325 2419 2419 2427 2353 1670 1585 1605 1628 1660 1671 3266 3251 3282 3366 3251 3328 3366 3328 3266 3322 3274 3334 3322 3384 3274 3334 3274 3333 3334 3333 3337 2413 2427 2355 2353 2355 2413 2413 2355 2427 2463 2434 2403 2463 2403 2492 2494 2455 2411 2442 2390 2494 2494 2390 2455 2411 2455 2390 1596 1647 1608 1596 1608 1526 1596 1608 1647 1596 1647 1526 1596 1526 1608 2034 2268 2007 2268 2034 2007 2614 2578 2636 2614 2636 2578 2470 2498 2514 2470 2432 2514 2482 2470 2421 2470 2514 2432 2470 2432 2514 3378 3424 3423 3446 3457 3439 3446 3424 3457 3446 3439 3457 3439 3423 3424 3446 3439 3424 3439 3424 3423 3439 3457 3424 3439 3423 3457 3423 3517 3424 3576 3600 3584 2334 2314 2327 2334 2357 2314 2485 2456 2440 2602 2607 2578 2602 2578 2607 2602 2607 2636 2323 2357 2314 1596 1608 1526 1596 1526 1647 1596 1647 1608 1592 1608 1647 1592 1526 1608 1647 1526 1608 1592 1608 1526 1592 1526 1647 1592 1526 1647 1946 1711 1703 1946 1703 1953 1741 1962 1698 1857 1852 1828 1914 1921 1946 1914 1946 2009 1955 1973 1904 1915 1822 1904 1915 1828 1822 1915 1957 1857 1904 1973 1959 1915 1904 1959 1822 1973 1833 1822 1828 1973 1833 1973 1955 1822 1904 1833 1828 1852 1959 1828 1959 1973 1904 1833 1955 1857 1957 1852 1828 1852 1915 2187 2043 2153 2007 2034 2297 2262 2277 2325 2187 2277 2262 2187 2262 2277 2187 2153 2277 2133 2043 2153 2043 2029 2153 2006 2043 2034 2187 2277 2262 3495 3474 3488 2006 2029 2043 1149 1156 1127 2043 2297 2034 3597 3506 3477 2133 2297 2043 2133 2297 2138 2133 2138 2297 2262 2297 2200 2262 2200 2297 2187 2138 2200 2187 2200 2138 2187 2297 2200 2187 2262 2297 2262 2329 2297 2262 2325 2329 2262 2325 2277 2007 2262 2187 2043 2138 2153 2006 2034 2029 2043 2029 2034 2187 2029 2043 2262 2329 2325 2007 2187 2133 2068 2043 2034 2187 2138 2133 2187 2277 2153 2262 2325 2277 2262 2277 2325 2262 2325 2277 2329 2262 2268 2283 2268 2262 2283 2262 2234 2283 2234 2325 2329 2283 2262 2262 2283 2325 2006 2043 2029 2034 2043 2006 2012 2029 2043 2034 2006 2012 2187 2138 2234 2187 2234 2262 2130 2153 2234 2262 2234 2153 2187 2153 2138 2187 2262 2153 2130 2138 2108 2130 2108 2138 2043 2037 2108 2043 2153 2037 2043 2138 2108 2043 2108 2138 2268 2234 2262 2268 2262 2187 2268 2187 2200 2187 2262 2234 2187 2234 2200 2187 2108 2138 2108 2234 2200 2133 2200 2138 2133 2108 2234 2133 2234 2108 2043 2138 2108 2043 2108 2138 2133 2108 2068 2133 2068 2108 2133 2068 2108 2068 2043 2108 2068 2108 2043 2012 2034 2037 2012 2037 2034 3380 2694 2741 3380 2741 2694 3380 3130 3155 3380 3155 3130 3446 3620 3380 3446 3380 3620 3446 2476 3620 3446 3620 2476 3446 2694 2476 3446 2476 2694 3446 3380 2694 2428 2421 2476 1228 1245 1278 1302 1286 1278 1225 1291 1279 1225 1279 1221 1147 1183 1124 1119 1097 1102 1097 1157 1102 1253 1244 1274 1097 1119 1118 1097 1118 1208 1278 1274 1281 1208 1274 1278 1195 1281 1274 1208 1201 1274 1272 1286 1281 1147 1225 1183 1228 1149 1208 1228 1157 1149 1097 1149 1157 1272 1276 1286 1228 1245 1157 1102 1157 1097 1147 1124 1221 1272 1221 1279 1183 1119 1122 1119 1102 1122 1147 1183 1122 1272 1183 1225 1228 1286 1246 1272 1239 1276 1272 1225 1239 1147 1122 1102 1147 1102 1122 1102 1149 1122 1272 1286 1291 1228 1102 1157 1272 1291 1183 1225 1183 1291 1228 1102 1149 1228 1149 1102 1119 1124 1147 1302 1276 1279 1302 1278 1228 1228 1278 1245 1183 1195 1119 1097 1102 1119 1208 1278 1286 1225 1281 1195 1147 1239 1225 1228 1246 1226 1246 1276 1226 1276 1239 1262 1147 1126 1186 1147 1122 1126 1149 1127 1122 1149 1226 1156 1272 1246 1286 1253 1274 1201 1276 1262 1226 1123 1119 1126 1234 1260 1262 1240 1181 1226 1123 1156 1181 1123 1118 1127 1123 1127 1118 1144 1186 1119 1234 1262 1239 1126 1119 1186 1123 1126 1127 1156 1118 1127 1181 1156 1226 1234 1144 1140 1291 1286 1302 1228 1157 1245 1123 1173 1140 1140 1118 1195 1260 1234 1140 1240 1173 1181 1173 1118 1140 1260 1258 1240 1140 1195 1258 1258 1244 1253 1173 1201 1118 1123 1181 1173 1147 1221 1225 1124 1140 1258 1245 1274 1278 1208 1278 1245 1208 1245 1278 1124 1281 1221 1302 1281 1274 1302 1245 1278 1302 1274 1245 1157 1245 1208 1157 1208 1245 1157 1096 1173 1221 1274 1258 1124 1258 1140 1302 1274 1279 1124 1221 1258 1157 1245 1201 1240 1264 1173 1240 1258 1264 1124 1278 1274 1124 1258 1278 1245 1278 1173 1245 1173 1201 1097 1201 1096 1240 1278 1258 1173 1096 1201 1224 1235 1282 1282 1235 1280 1280 1304 1282 1280 1300 1304 1280 1288 1300 1283 1237 1266 1237 1223 1266 1237 1190 1223 1150 1170 1168 1170 1130 1168 1162 1193 1185 1224 1193 1185 1224 1185 1193 1141 1130 1170 1136 1190 1237 1304 1263 1295 1115 1120 1151 1143 1163 1137 1137 1125 1143 1203 1206 1180 1246 1286 1265 1286 1271 1265 1272 1239 1247 1225 1247 1239 1147 1163 1183 1102 1115 1122 1122 1115 1137 1102 1120 1115 1149 1180 1151 1149 1203 1180 1223 1150 1212 1162 1130 1168 1162 1168 1130 1147 1192 1122 1147 1183 1192 1225 1239 1192 1272 1276 1257 1286 1257 1276 1246 1257 1286 1170 1212 1168 1266 1212 1213 1266 1283 1282 1282 1283 1280 1224 1282 1280 1193 1141 1162 1120 1137 1151 1265 1261 1246 1265 1246 1203 1265 1203 1206 1151 1206 1203 22 97 51 1265 1206 1261 1149 1151 1203 1239 1247 1192 1192 1247 1191 1239 1257 1261 1239 1261 1247 1246 1261 1257 1197 1270 1166 1300 1298 1303 1304 1263 1241 1263 1116 1241 1150 1116 1189 1223 1150 1189 1300 1250 1295 1130 1116 1150 1300 1295 1304 1223 1298 1250 1300 1304 1303 1116 1130 1150 1282 1304 1185 1162 1185 1130 1224 1282 1185 1162 1182 1185 1130 1185 1231 1150 1168 1130 1266 1188 1223 1224 1185 1182 1236 1267 1284 1178 1188 1236 1266 1287 1284 1287 1282 1224 1162 1188 1178 1300 1303 1304 1300 1223 1298 1223 1250 1189 1223 1189 1250 1165 1236 1178 1197 1263 1270 1236 1284 1303 1166 1182 1178 1189 1116 1178 1263 1303 1267 1263 1267 1303 1236 1303 1267 1182 1166 1224 1166 1165 1178 1236 1267 1178 1166 1178 1165 1130 1231 1116 1116 1166 1165 1197 1270 1263 1116 1150 1189 1116 1189 1150 1295 1250 1303 1298 1250 1295 1304 1231 1263 1295 1263 1267 1298 1295 1267 1189 1298 1267 1116 1165 1189 1189 1165 1236 1231 1270 1197 1304 1303 1231 1231 1303 1270 1165 1166 1284 1303 1189 1267 1162 1188 1131 1122 1100 1126 1126 1100 1127 1156 1100 1127 1156 1127 1100 1127 1100 1120 1102 1122 1120 1102 1120 1100 107 72 40 112 34 53 61 40 107 61 107 40 61 62 113 126 34 112 45 34 126 45 62 32 45 32 34 40 72 53 53 72 144 126 210 217 144 205 210 131 216 205 146 199 211 210 126 217 199 228 211 210 112 126 61 113 125 53 72 119 40 61 32 61 107 203 45 32 125 62 116 45 116 199 45 107 40 72 45 125 127 113 116 61 112 205 53 126 112 34 72 34 119 53 110 119 112 53 119 112 119 34 40 34 72 34 119 53 40 119 34 61 62 113 32 62 116 45 127 129 32 127 45 199 127 45 107 125 40 40 32 125 40 32 34 32 34 119 113 228 116 61 203 113 216 72 205 53 119 110 45 127 116 61 125 113 113 211 203 113 203 211 203 72 216 144 72 131 107 131 72 146 223 199 45 126 129 126 112 210 146 211 62 113 62 211 107 203 131 61 203 107 98 126 146 45 129 146 146 126 223 20 33 29 33 47 49 26 57 83 26 83 56 49 51 25 33 49 29 47 78 49 20 22 25 26 30 60 121 83 183 83 188 183 132 181 189 189 51 195 57 188 93 57 96 93 94 68 90 94 86 68 29 47 22 49 78 47 29 22 37 22 51 37 49 92 37 49 37 92 49 92 181 30 57 60 60 57 188 30 96 57 57 93 83 68 56 20 20 90 26 26 96 30 49 47 29 51 92 37 49 25 87 22 94 25 29 94 22 20 58 69 22 69 97 22 47 94 20 30 58 97 69 102 20 69 29 49 181 87 83 183 57 57 183 188 56 180 179 47 78 175 57 93 188 60 195 102 30 90 96 56 90 20 51 97 102 22 94 90 20 30 96 26 90 83 25 94 87 29 87 94 20 25 30 56 179 183 60 193 195 47 33 99 56 99 33 56 121 99 83 121 56 58 51 109 132 109 51 49 181 132 49 78 181 58 102 193 58 193 60 60 188 57 99 180 178 121 179 180 121 180 99 58 109 102 132 189 109 3495 3531 3474 3474 3531 3576 3592 3602 3586 3539 3600 3597 3314 3476 3402 3438 3403 3440 3545 3443 3542 3545 3512 3443 3401 3542 3443 3402 3450 3314 3597 3579 3592 3545 3600 3542 3464 3476 3438 3597 3600 3602 3597 3602 3579 3600 3586 3602 3584 3437 3495 3495 3474 3531 3542 3564 3437 3401 3542 3437 3401 3584 3450 3401 3437 3584 3314 3450 3476 3539 3530 3584 3576 3495 3600 3401 3530 3542 3495 3488 3576 3495 3531 3474 3464 3530 3450 3401 3450 3530 3477 3508 3506 3477 3506 3508 3512 3477 3398 3512 3597 3477 3539 3597 3512 3539 3512 3438 3443 3398 3430 3477 3508 3579 3477 3506 3508 3477 3465 3506 3597 3579 3508 3597 3508 3506 3440 3438 3512 3415 3441 3388 3315 3349 3430 3437 3388 3441 3388 3349 3315 3437 3349 3388 3437 3441 3430 3443 3401 3437 3443 3430 3398 3398 3349 3443 3401 3443 3349 3437 3430 3441 3437 3441 3415 3437 3415 3310 3437 3310 3349 3310 3315 3349 3430 3349 3321 3443 3450 3401 3402 3387 3443 3440 3443 3387 3402 3401 3450 3464 3443 3440 3464 3450 3443 3464 3440 3580 3440 3560 3580 3464 3387 3443 3464 3443 3387 3440 3403 3560 3403 3549 3560 3553 3536 3391 3402 3553 3391 3450 3558 3553 3464 3558 3450 982 935 938 917 937 935 987 991 935 982 991 987 996 917 937 996 937 1040 917 991 982 1008 917 996 917 987 937 1008 996 1040</p>
        </triangles>
        <triangles count="1095" material="mat_BlueBoat_Frame">
          <input semantic="VERTEX" source="#geom_blueboat-vertices" offset="0"/>
          <p>3969 4000 3939 3745 3734 3743 3716 3723 3797 3716 3797 3723 3986 3999 3994 733 896 825 3955 3976 4003 3740 3770 3765 1000 923 895 1237 1233 1117 3976 3977 3972 3969 3937 3922 3933 3828 3846 3936 3900 3804 3866 3844 3815 3906 3918 3860 3740 3793 3814 3740 3814 3793 3797 3866 3878 955 1000 997 4019 3999 4008 4021 3922 3798 824 798 780 741 718 684 3740 3858 3720 3797 3780 3774 3810 3890 3919 3972 3979 3975 3797 3761 3759 3996 3994 3999 733 894 903 955 985 977 4008 3999 3986 3723 3844 3905 3986 3983 4001 3797 3759 3760 1023 1029 998 3734 3739 3737 3996 4001 3993 3810 3919 3900 3841 3918 3740 3797 3815 3844 3976 3974 3979 3969 3945 3846 3986 4001 3983 3999 3972 4008 3976 3972 3987 4008 4005 4019 3723 3808 3885 3806 3740 3729 3922 3846 3936 3716 3865 3797 955 932 977 3996 3986 3994 3740 3745 3734 3955 3987 3995 3986 3988 4001 3986 4001 3988 3996 3993 3986 3858 3828 3933 3993 4001 3986 3947 3902 3840 719 794 967 3889 3823 3922 3716 3866 3885 3740 3846 3770 4019 4001 3996 3806 3729 3739 929 800 717 3955 3977 3995 3858 3771 3781 4021 3813 3924 3774 3764 3765 3955 3995 3977 3797 3745 3734 3976 4018 4024 3955 3995 3979 3975 3979 3972 3823 3860 3802 1043 1074 1005 3810 3765 3761 3969 3938 3814 4019 3996 3999 3820 3922 3926 3986 4001 4000 3986 4000 3987 3969 3995 3987 3969 3979 3995 3936 3828 3900 3969 3790 3922 3938 3960 3834 3969 3792 3906 3804 3764 3774 3716 3761 3765 3922 3810 3919 3922 3919 3810 3723 3947 3840 3922 3814 3846 3739 3729 3726 3834 3858 3945 3866 3899 3878 4021 3933 3828 4021 3858 3933 3936 3846 3900 3797 3760 3745 4021 3936 3900 733 814 847 980 908 995 766 880 837 3976 3999 4008 4021 3828 3936 4021 3900 3919 3810 3900 3890 3740 3743 3745 4021 3919 3890 3740 3774 3780 3858 3935 3846 4021 3937 3890 4021 3890 3937 4021 3907 3922 4021 3890 3907 3907 3798 3922 3969 3922 3890 929 851 800 3907 3890 3798 3823 3926 3798 3740 3828 3764 3969 3906 3922 3828 3774 3764 4021 3926 3823 788 967 853 3820 3926 3798 735 671 727 4021 3798 3926 973 871 846 4021 3889 3940 4021 3940 3823 4021 3823 3889 3723 3902 3948 3924 3813 3823 4021 3823 3813 4021 3924 3823 3841 3860 3918 3841 3802 3860 4021 4000 4001 3823 3802 3906 4021 3823 3906 3806 3860 3882 3797 3905 3866 3797 3866 3905 3976 3970 3975 3882 3860 3906 3806 3882 3906 3823 3740 3734 3906 3882 3939 3906 3860 3882 3976 3972 3993 3858 3780 3771 3802 3737 3740 3740 3828 3858 3740 3900 3828 3740 3890 3900 3797 3865 3866 3798 3890 3740 1205 1152 1179 3823 3798 3740 903 894 869 929 813 853 3797 3878 3816 3823 3740 3860 3740 3834 3775 1103 1164 1206 1103 1206 1164 3740 3793 3788 1174 1167 1113 4003 4019 4005 3740 3788 3842 3976 3996 3972 826 883 817 3740 3842 3777 3740 3777 3842 3806 3906 3792 3740 3777 3784 3740 3784 3777 3922 3802 3740 3797 3739 3726 3740 3784 3834 3775 3780 3781 3775 3781 3780 3740 3775 3781 3740 3781 3775 3969 3935 3945 3823 3745 3743 3740 3781 3771 3740 3771 3780 3740 3780 3775 3740 3774 3828 3740 3828 3774 3897 3822 3899 3740 3775 3774 3797 3845 3925 3775 3764 3774 980 967 908 3969 3922 3813 3969 3813 3922 3770 3764 3765 3740 3764 3804 3716 3765 3764 954 884 931 3905 3844 3897 3858 3945 3935 3723 3948 3910 3740 3804 3770 3740 3770 3804 3716 3794 3797 3740 3810 3761 3740 3761 3810 3740 3765 3810 733 903 869 3740 3759 3761 674 740 744 3740 3761 3759 3740 3759 3761 733 847 903 3759 3761 3746 3740 3761 3759 719 740 773 3740 3734 3729 3969 3961 4021 3740 3790 3746 3740 3746 3790 674 713 721 3740 3759 3790 3740 3790 3759 3797 3734 3737 3969 3936 3846 3820 3760 3740 3716 3764 3775 3820 3740 3746 674 684 739 1023 1003 1029 1109 1158 1161 1109 1161 1158 730 738 746 3746 3745 3760 3969 3934 3842 3798 3740 3760 3798 3760 3740 3798 3745 3740 3798 3740 3745 3925 3904 3903 3976 3972 3988 3976 3988 3972 3740 3745 3743 3734 3745 3743 3802 3739 3740 3802 3740 3739 3740 3739 3734 3802 3740 3734 3802 3734 3737 955 766 837 3734 3724 3729 735 728 723 3724 3726 3792 3723 3851 3908 955 939 884 3976 3983 3972 3716 3777 3794 955 925 890 3716 3784 3777 3976 3972 3994 3976 3994 3972 3716 3775 3784 3976 4005 4018 3716 3746 3761 3716 3745 3746 3716 3734 3745 3955 4012 4003 3716 3724 3734 636 632 718 3955 3986 3987 3955 3855 4012 3976 3989 3975 3955 3989 3976 3976 3978 3975 3976 3975 3978 3976 3979 3972 3976 3975 3970 3969 3814 3934 3972 3979 3974 908 850 798 3976 3975 3972 3969 3940 3889 3976 3972 3974 735 718 684 3976 3979 3972 3976 3972 3979 1198 1242 1184 3976 3972 3977 928 988 975 967 850 771 3976 3987 3972 3976 3972 3987 3906 3939 4000 3976 3987 3972 3976 3972 3983 3858 3846 3945 3868 3897 3822 3868 3822 3897 3969 3820 3926 3996 3993 3972 3723 3832 3948 3723 3948 3832 3976 3993 3996 3976 3972 3999 3797 3774 3765 3976 4008 3972 3976 3972 4005 3976 4005 3972 4018 4005 3972 3976 3972 4005 3740 3720 3814 3740 3737 3734 3976 4018 4005 3976 4005 4018 719 717 740 4021 3906 4000 3976 4022 4003 3976 4024 4022 4021 4018 3972 3969 4021 3972 3797 3765 3761 908 922 945 3723 3897 3844 3797 3899 3140 3797 3140 3899 3724 3726 3736 3797 3723 3722 3797 3722 3723 3806 3739 3740 3813 3740 3734 3813 3734 3740 3823 3734 3745 3823 3743 3740 3759 3746 3760 3740 3760 3746 730 711 716 3740 3761 3765 3740 3765 3846 3770 3765 3764 3740 3804 3774 3740 3858 3781 766 815 825 3797 3925 3826 3740 3780 3858 3740 3787 3784 3740 3775 3787 3740 3842 3793 3723 3899 3819 3922 3906 3802 969 942 939 969 939 942 3797 3737 3739 3797 3726 3724 3797 3724 3725 3740 3797 3725 3740 3716 3797 4003 4005 4008 4003 4008 3986 3955 4003 3986 3969 4021 4000 3969 4000 4021 3969 3987 4000 4021 4001 4019 3814 3720 3858 3969 3842 3954 3969 3828 3933 3969 3954 3961 967 785 803 3841 3740 3802 955 952 945 3882 3860 3811 3806 3740 3860 730 746 749 3969 3889 3922 3969 3906 3860 3797 3821 3899 3797 3899 3821 3969 3918 3906 3969 3813 3924 3969 3924 3813 3969 3922 3823 3969 3823 3940 3969 3922 3820 3969 3926 3922 3969 3922 3907 3969 3907 3790 3900 3846 3804 3922 3937 3890 3969 3890 3937 3969 3922 3919 3969 3919 3922 733 846 895 3969 3922 3936 3936 3804 3846 3969 3846 3828 3969 3933 3846 3969 3846 3935 1179 1129 1252 3814 3834 3846 3834 3960 3846 3969 3846 3960 3969 3960 3938 743 701 732 3922 3740 3814 4012 3903 3845 3723 4012 3855 955 890 926 929 817 883 3866 3865 3885 3716 3885 3865 3797 3807 3905 3797 3905 3807 3797 3844 3866 3797 3866 3815 3797 3897 3899 3878 3899 3897 3878 3897 3868 3797 3868 3897 3878 3868 3816 3797 3816 3868 3797 3899 3819 3797 3819 3899 3821 3903 3899 3821 3899 3903 3797 3925 3899 3797 3899 3925 3797 3826 3904 908 952 959 3797 3904 3845 867 907 973 3925 3845 3904 3925 3904 3826 836 920 846 973 912 821 3797 3864 3723 814 896 815 3917 3947 3840 3723 3904 3826 4003 3797 3899 4003 3899 3866 3955 4003 3866 3723 3908 3947 3723 3807 3905 3723 3905 3807 3723 3864 3951 1153 1167 1174 733 766 751 3723 3951 3851 958 1012 907 3948 3902 3947 3845 3903 3904 3723 3840 3902 1031 1043 1005 3723 3910 3845 3845 3910 3948 3723 3826 3925 3723 3845 3904 3723 3925 3903 3723 3897 3878 1022 1062 1028 3723 3903 3899 988 1029 986 3723 3819 3929 3723 3929 3899 908 977 985 3723 3822 3897 868 967 794 3723 3899 3822 3723 3878 3897 3723 3885 3905 3905 3885 3808 3723 3905 3808 3866 3835 3892 3723 3892 3835 4012 3899 3903 4012 3897 3899 4012 3905 3897 3723 3905 4012 3834 3787 3775 3846 3765 3770 3792 3736 3726 3885 3865 3808 3885 3808 3865 3899 3929 3819 3948 3917 3832 955 973 766 3925 3826 3904 3798 3926 3820 3907 3922 3790 912 895 880 3820 3746 3760 3724 3736 3726 858 800 808 796 730 740 903 896 825 735 723 708 967 785 850 674 684 728 788 853 813 871 878 846 735 749 746 1137 1099 1104 846 932 870 674 718 729 948 1029 968 632 671 684 955 927 925 908 850 864 1155 1129 1106 825 837 880 733 895 821 1110 1136 1074 717 851 826 1005 1074 1043 923 816 903 809 875 833 809 833 875 955 837 880 766 825 880 929 875 833 929 833 875 701 683 730 1028 1031 1085 1028 1085 1031 908 803 850 701 730 796 977 965 992 903 816 766 701 751 765 814 825 896 733 846 878 868 794 719 674 708 723 766 836 846 717 813 859 733 880 837 717 744 740 717 833 829 903 766 867 913 920 836 1013 1003 1023 733 878 846 1142 1169 1094 908 884 939 701 796 733 908 967 928 929 967 876 730 749 747 717 780 850 717 850 813 948 1029 956 858 808 800 719 813 967 955 880 973 701 684 708 674 684 718 743 747 701 739 684 718 707 716 705 875 817 881 1000 895 920 735 684 671 817 881 833 717 829 876 683 711 730 719 875 967 733 837 825 1153 1132 1158 903 847 896 912 959 1023 912 1023 959 955 942 939 903 939 970 1129 1085 1062 707 740 735 908 854 967 733 920 846 733 815 896 701 747 746 913 831 836 967 875 901 967 901 875 803 785 850 908 794 850 733 869 807 929 808 800 771 785 864 674 739 738 929 826 851 922 975 945 729 741 684 922 766 807 922 814 766 881 817 875 913 836 912 733 825 814 922 942 941 788 859 813 735 729 718 955 945 922 735 727 728 773 740 674 796 914 846 1023 998 1029 967 875 851 1031 990 1005 1031 1005 990 988 1029 975 707 674 740 733 825 815 773 674 717 701 796 765 701 765 796 955 923 1000 929 853 908 740 730 742 929 908 967 713 708 721 674 721 708 674 723 708 674 708 723 723 708 684 733 903 816 728 723 684 674 723 728 674 728 684 674 728 684 730 739 738 674 671 684 674 684 671 730 718 684 730 684 718 674 729 684 749 746 747 739 684 738 674 738 746 701 708 713 701 738 684 922 896 847 929 851 901 929 901 851 701 746 738 894 922 807 816 922 894 741 739 718 816 894 766 894 807 766 814 815 766 825 973 880 825 815 973 955 880 837 955 837 880 913 912 973 766 973 821 836 821 912 766 821 836 956 884 939 956 939 884 895 846 920 871 932 846 903 867 973 903 973 816 816 973 922 922 973 896 913 973 920 973 846 920 973 932 871 973 918 932 1000 918 973 923 825 880 958 956 1029 948 969 970 948 970 1029 970 969 1029 948 1029 969 948 968 1029 948 975 1029 986 1029 988 988 1023 1029 1023 992 1029 1023 1029 992 1023 999 1029 1023 1029 999 928 975 948 928 1013 988 988 1013 1023 929 883 826 743 742 735 735 742 747 735 747 749 735 746 738 735 738 739 735 739 741 735 741 729 908 985 995 671 727 684 671 684 727 735 708 721 735 721 713 707 735 716 735 713 716 955 959 912 955 912 959 711 705 716 730 716 713 730 713 721 730 721 723 730 723 728 730 728 727 730 684 727 730 727 684 730 684 739 730 747 742 955 997 985 955 985 933 955 933 985 955 1003 932 932 1003 977 955 977 1003 955 977 999 955 999 977 958 1029 1012 955 920 965 920 977 992 955 977 920 955 966 965 895 831 913 955 965 966 955 965 959 780 785 854 1091 1031 1085 955 959 952 955 922 941 955 941 942 955 903 939 955 939 903 1104 1164 1151 955 884 954 955 954 931 955 931 925 955 925 927 955 926 923 908 939 942 908 942 922 908 945 952 908 959 965 908 965 977 896 815 825 674 746 740 733 867 766 701 765 732 796 846 733 1000 878 914 733 846 878 1000 733 878 1000 920 733 733 831 895 836 895 913 733 895 836 733 836 831 821 895 912 733 821 880 821 912 880 733 807 894 853 813 850 788 813 719 923 903 825 923 880 895 929 876 873 929 873 829 929 829 833 929 881 817 929 833 881 929 800 808 929 859 813 929 717 859 877 853 967 908 853 794 853 850 794 771 864 850 908 864 803 771 850 785 780 798 850 908 798 884 908 884 780 717 800 851 717 826 817 717 817 833 773 717 876 967 854 785 801 785 780 824 780 785 824 785 967 884 785 780 824 967 884 967 785 884 719 771 785 967 864 785 967 803 864 719 967 771 868 719 967 877 967 813 788 967 859 788 813 967 967 813 859 788 967 858 788 858 800 858 808 967 808 858 967 858 788 800 858 967 788 967 851 875 801 717 785 719 785 717 788 719 967 719 773 875 967 1013 928 920 992 965 922 945 975 903 970 939 721 708 723 877 813 853 801 780 854 824 884 798 1000 973 1012 922 847 814 894 807 869 871 914 878 846 914 871 896 973 815 907 1012 973 674 744 717 701 733 751 1153 1077 1101 1153 1158 1113 1184 1142 1146 1265 1271 1242 1233 1213 1152 632 654 671 1117 1136 1237 1153 1152 1077 1066 1062 1022 1184 1161 1232 1142 1198 1169 1031 1093 1043 1115 1151 1104 1254 1214 1259 625 671 632 1159 1103 1109 1159 1109 1103 1159 1242 1211 1217 1238 1198 1252 1202 1155 1110 1043 1074 1164 1104 1180 1093 1110 1172 1184 1161 1146 1184 1146 1161 1184 1217 1142 1164 1206 1211 1159 1161 1109 1158 1109 1113 1211 1261 1206 848 815 825 1265 1242 1232 1110 1170 1141 1089 1019 1073 1022 1066 1034 1066 1164 1103 1062 1085 1028 1074 1043 1110 1094 1117 1152 1106 1179 1167 1089 1034 1019 1113 1106 1167 1099 1034 1089 1158 1146 1132 1233 1152 1205 636 718 635 1094 1146 1142 1007 1005 990 1007 990 1005 730 825 727 1159 1161 1184 1153 1158 1174 1153 1174 1158 632 636 684 1113 1106 1082 1235 1202 1172 1113 1085 1106 1129 1062 1106 1110 1093 1043 1049 1070 1092 1085 1031 1093 1143 1073 1169 1093 1091 1202 1109 1082 1113 1066 1022 1034 1007 990 1019 1007 1019 990 1070 1019 1007 1280 1283 1252 1265 1232 1206 1198 1095 1107 1198 1238 1242 1089 1125 1099 654 632 684 692 625 635 671 684 718 1049 1136 1117 1254 1252 1179 1252 1155 1179 1233 1259 1214 1136 1110 1170 1237 1259 1233 1259 1288 1254 1252 1254 1288 1280 1252 1288 1280 1202 1252 1280 1235 1202 1141 1170 1110 1283 1288 1259 1202 1235 1172 1093 1172 1202 1093 1202 1172 1093 1172 1110 1093 1110 1043 1110 1172 1141 1159 1211 1161 1164 1159 1103 1155 1202 1129 1202 1091 1129 1099 1066 1104 1099 1104 1066 1099 1034 1066 1099 1066 1034 1089 1073 1143 1074 1136 1049 1233 1152 1117 1214 1152 1233 1066 1103 1062 1146 1161 1158 1146 1158 1161 1103 1082 1109 1103 1109 1082 1103 1082 1062 1022 1019 1034 1073 1070 1094 1022 1019 990 1022 990 1019 1070 1073 1019 1158 1174 1109 1109 1174 1113 1109 1113 1105 1022 1028 990 1094 1132 1146 1109 1105 1113 1109 1113 1082 1110 1074 1213 1031 1028 990 1031 990 1028 1007 1049 1070 1070 1049 1094 1132 1153 1158 1113 1167 1155 1105 1113 1155 1105 1155 1106 1105 1106 1113 1082 1106 1062 1094 1152 1132 1132 1152 1153 1179 1155 1167 1007 1005 1077 1049 1007 1077 1094 1049 1117 1153 1167 1152 1153 1152 1167 1091 1093 1031 1077 1074 1005 1077 1005 1074 1077 1074 1049 1205 1179 1167 1254 1179 1205 1091 1085 1129 1214 1167 1152 1205 1167 1214 1254 1205 1214 1073 1094 1169 1217 1198 1142 1184 1232 1217 1031 1043 1093 1232 1161 1211 1164 1211 1159 1066 1104 1164 1143 1169 1163 1151 1180 1104 1125 1115 1104 1271 1238 1242 1125 1104 1099 1169 1238 1216 1211 1206 1232 1089 1143 1125 1198 1238 1169 1217 1242 1238 1217 1232 1242 1164 1180 1206 1129 1202 1252 1283 1213 1259 1233 1259 1213 1233 1205 1259 1252 1259 1205 1110 1141 1172 1110 1213 1170 1259 1252 1283 1280 1252 1202 1235 1280 1202 1142 1198 1184 1142 1095 1198 1152 1213 1077 1089 1034 1099 1066 1164 1104 1202 1129 1093 1159 1164 1103 1252 1205 1179 1034 1089 1019 1089 1107 1019 1019 1107 1095 1159 1109 1161 1103 1066 1082 1103 1164 1066 1022 1034 1019 1095 1142 1101 1142 1146 1101 1184 1146 1142 1022 1082 1066 1022 990 1082 1082 990 1028 1019 1095 1007 1007 1095 1077 1101 1077 1095 1146 1158 1101 1082 1085 1113 1158 1153 1101 1105 1113 1106 1028 1085 1082 1153 1113 1167 1007 1077 1005 1129 1179 1106 1129 1106 1085 1031 1005 1043 1152 1167 1179 1129 1085 1093 1077 1213 1074 1159 1211 1164 1159 1184 1242 1247 1198 1191 1238 1198 1247 1137 1191 1099 1242 1238 1261 1137 1104 1151 1089 1099 1191 1089 1191 1107 1107 1191 1198 1211 1242 1261 1164 1206 1151 1211 1206 1164 848 825 730 1132 1092 1153 1049 1092 951 848 727 815 654 684 671 848 730 727 1153 1174 1158 1070 951 1092 625 692 635 1049 951 1070 1132 1153 1092 825 815 727 632 671 684 632 684 671 635 684 636 632 671 718 632 671 625 635 718 684</p>
        </triangles>
        <triangles count="42" material="mat_BlueBoat_Antenna">
          <input semantic="VERTEX" source="#geom_blueboat-vertices" offset="0"/>
          <p>1350 1429 1460 1355 1437 1496 3560 3549 3536 1350 1366 1491 1429 1496 1437 1350 1355 1343 1376 1437 1355 1343 938 935 1350 1376 1355 1355 1496 1365 1460 1342 250 1350 1343 1342 1460 1491 1496 3580 3553 3558 3580 3536 3553 3580 3560 3536 584 1342 1460 1350 1145 1376 1350 1342 1145 1376 1145 1429 1429 1145 1460 584 1460 1145 584 1145 1342 1350 1255 1342 1460 250 1255 1350 1460 1255 1342 1255 250 1429 1491 1460 1429 1460 1496 1350 1491 1429 1376 1429 1437 1491 1366 1496 1365 1496 1366 1355 1365 1343 1350 1342 1366 1342 935 991 1342 991 1366 982 1366 991 1365 1366 982 1365 982 938 1343 1365 938 1342 1343 935</p>
        </triangles>
      </mesh>
    </geometry>
  </library_geometries>
  <library_visual_scenes>
    <visual_scene id="Scene" name="Scene">
      <node id="node_blueboat" name="blueboat" type="NODE">
        <instance_geometry url="#geom_blueboat">
          <bind_material>
            <technique_common>
              <instance_material symbol="mat_BlueBoat_Hulls" target="#mat_BlueBoat_Hulls"/>
              <instance_material symbol="mat_BlueBoat_Frame" target="#mat_BlueBoat_Frame"/>
              <instance_material symbol="mat_BlueBoat_Antenna" target="#mat_BlueBoat_Antenna"/>
            </technique_common>
          </bind_material>
        </instance_geometry>
      </node>
    </visual_scene>
  </library_visual_scenes>
  <scene>
    <instance_visual_scene url="#Scene"/>
  </scene>
</COLLADA>
