# Blue Robotics BlueBoat Complete Model
mtllib blueboat.mtl
v -0.58491 0.27550 -0.11939
v -0.57726 0.28562 -0.11890
v -0.57607 0.27928 -0.11874
v -0.57379 0.28646 -0.11927
v -0.57369 0.27973 -0.11900
v -0.57159 0.28759 -0.10744
v -0.57094 0.28358 -0.10776
v -0.57040 -0.29940 -0.10767
v -0.56956 -0.30564 -0.10735
v -0.56859 0.28620 -0.09259
v -0.56705 -0.29949 -0.10781
v -0.56687 -0.30568 -0.10882
v -0.56660 0.27851 -0.09445
v -0.56072 -0.29728 -0.07921
v -0.56056 -0.30642 -0.09187
v -0.56004 -0.30562 -0.07868
v -0.55849 0.28109 -0.08962
v -0.55790 0.27781 -0.12169
v -0.54990 0.27473 -0.12082
v -0.53633 -0.29552 -0.11021
v -0.52345 0.28353 -0.02473
v -0.52332 0.28889 -0.09563
v -0.52321 0.28843 -0.02500
v -0.52136 -0.29679 -0.11420
v -0.52071 -0.30821 -0.08294
v -0.51965 0.29298 -0.01782
v -0.51750 0.27313 -0.02566
v -0.51668 0.31085 0.05534
v -0.51658 0.31407 0.04883
v -0.51639 0.29232 -0.02555
v -0.51632 0.27923 -0.01602
v -0.51610 0.28320 0.05625
v -0.51556 -0.30477 -0.01343
v -0.51453 0.28286 -0.04187
v -0.51416 -0.29473 -0.00882
v -0.51409 0.28104 -0.12317
v -0.51313 0.28148 0.04389
v -0.51210 0.29967 -0.01839
v -0.51173 0.28045 0.05560
v -0.51035 -0.29890 0.06269
v -0.50999 -0.30468 -0.02541
v -0.50966 0.31501 0.04195
v -0.50926 -0.29550 0.06820
v -0.50849 -0.32608 0.06825
v -0.50800 0.29345 0.07485
v -0.50649 -0.30649 -0.00191
v -0.50643 -0.29401 0.06665
v -0.50624 0.29250 -0.04294
v -0.50577 -0.32723 0.05653
v -0.50567 0.30384 -0.02964
v -0.50543 -0.29525 0.05779
v -0.50531 0.29451 -0.01007
v -0.50410 0.31282 0.07885
v -0.50362 -0.28536 -0.01582
v -0.50360 0.30727 0.08996
v -0.50253 0.32165 0.08983
v -0.50248 0.27107 -0.03819
v -0.50171 0.26865 -0.01997
v -0.50090 0.28317 -0.00741
v -0.50062 0.28698 -0.09459
v -0.49964 0.27415 -0.01085
v -0.49950 -0.31950 -0.02273
v -0.49881 -0.31935 -0.00738
v -0.49798 -0.32239 0.09468
v -0.49671 0.32419 0.06869
v -0.49589 -0.31131 0.10102
v -0.49517 -0.33587 0.10077
v -0.49515 0.29022 0.06292
v -0.49460 0.28196 -0.04362
v -0.49418 0.28541 -0.02352
v -0.49376 0.30994 0.08032
v -0.49131 0.28355 0.06783
v -0.49046 -0.28700 -0.02862
v -0.48970 0.30453 0.12376
v -0.48936 0.28262 0.06372
v -0.48922 -0.32215 0.08075
v -0.48866 -0.33734 0.07975
v -0.48787 0.33586 0.12327
v -0.48750 0.30087 -0.03894
v -0.48709 0.28275 0.05609
v -0.48686 0.31188 0.13671
v -0.48649 0.32480 0.06396
v -0.48633 -0.32073 0.09493
v -0.48593 0.26929 -0.03130
v -0.48588 0.32477 0.05473
v -0.48577 -0.29359 0.07729
v -0.48570 0.29019 -0.04394
v -0.48520 0.30090 -0.03177
v -0.48483 0.31274 0.07676
v -0.48434 0.27352 -0.03833
v -0.48427 0.28219 -0.03017
v -0.48390 0.30984 0.08443
v -0.48376 0.30114 -0.02137
v -0.48329 0.27241 -0.01883
v -0.48320 0.29050 -0.03026
v -0.48258 0.28097 -0.09432
v -0.48256 0.28195 -0.02214
v -0.48253 0.29104 -0.02218
v -0.48251 -0.28831 0.04283
v -0.48246 0.28324 -0.04815
v -0.48238 -0.29514 0.07760
v -0.48217 -0.34142 0.13851
v -0.48198 0.28357 -0.01054
v -0.48180 -0.29796 0.09918
v -0.48029 -0.29393 0.06820
v -0.48017 -0.33712 0.06717
v -0.47996 -0.30675 0.14291
v -0.47985 -0.30455 -0.03361
v -0.47966 0.29766 0.14916
v -0.47925 0.29188 -0.01131
v -0.47906 -0.28992 -0.02629
v -0.47881 -0.32354 0.15157
v -0.47864 -0.28560 -0.00902
v -0.47857 -0.31874 -0.01881
v -0.47851 -0.33793 0.08858
v -0.47851 -0.31355 -0.02749
v -0.47823 -0.31729 -0.00889
v -0.47805 -0.31575 0.09788
v -0.47799 0.31838 0.15098
v -0.47769 -0.29448 -0.01612
v -0.47761 -0.34649 0.11520
v -0.47745 0.27210 -0.04282
v -0.47717 0.29021 0.11281
v -0.47684 0.28343 0.09179
v -0.47659 0.31205 0.13973
v -0.47634 -0.30523 -0.01949
v -0.47632 -0.29466 0.00016
v -0.47621 -0.30317 -0.01157
v -0.47568 -0.32347 0.09078
v -0.47567 -0.30435 0.00028
v -0.47486 0.34009 0.16205
v -0.47450 -0.29475 -0.03589
v -0.47349 0.30416 -0.01860
v -0.47325 -0.33078 0.14866
v -0.47283 0.33466 0.08564
v -0.47221 0.27933 -0.09433
v -0.47151 -0.35014 0.16199
v -0.47119 0.34347 0.11805
v -0.47103 -0.31367 0.15515
v -0.47085 0.31871 0.12743
v -0.47082 0.34591 0.17970
v -0.47045 -0.32791 0.16789
v -0.47030 0.32271 0.15434
v -0.46992 -0.29442 0.10263
v -0.46980 -0.28291 -0.02557
v -0.46973 0.28308 0.11752
v -0.46966 -0.31696 0.00201
v -0.46829 -0.32389 0.15937
v -0.46825 0.28303 0.12554
v -0.46787 -0.34710 0.08292
v -0.46642 -0.35296 0.18336
v -0.46636 -0.30501 -0.08420
v -0.46588 0.31133 0.18626
v -0.46561 -0.29564 -0.08408
v -0.46551 -0.31493 0.16995
v -0.46523 0.29646 0.15002
v -0.46517 0.31205 0.14209
v -0.46441 -0.33786 0.15963
v -0.46403 -0.29282 0.13015
v -0.46308 0.28723 0.18788
v -0.46271 0.28792 0.18595
v -0.46131 -0.32450 0.15178
v -0.46126 0.35065 0.16282
v -0.46101 0.29371 0.13562
v -0.46099 0.34779 0.13423
v -0.46068 -0.35359 0.13781
v -0.46010 -0.33115 0.14230
v -0.45993 0.28416 0.14257
v -0.45956 -0.30835 0.14416
v -0.45936 -0.29392 0.06274
v -0.45934 -0.29369 0.13796
v -0.45921 -0.29761 0.19767
v -0.45881 0.34707 0.09741
v -0.45860 -0.34192 0.06398
v -0.45854 -0.29637 0.19935
v -0.45837 0.30048 -0.04219
v -0.45834 -0.35030 0.19952
v -0.45802 0.32390 0.13841
v -0.45796 0.29196 -0.04684
v -0.45779 0.27247 -0.04326
v -0.45779 0.28171 -0.04771
v -0.45761 0.30404 -0.03420
v -0.45745 0.28160 0.04266
v -0.45711 0.26952 -0.03379
v -0.45692 0.28288 0.05088
v -0.45615 0.35121 0.12066
v -0.45596 0.29160 0.04536
v -0.45566 -0.29588 0.04543
v -0.45521 0.27158 -0.02169
v -0.45513 0.30260 -0.02123
v -0.45479 -0.29219 0.19817
v -0.45475 0.28883 -0.11452
v -0.45453 0.31144 0.21611
v -0.45446 0.28150 -0.01433
v -0.45433 0.32236 0.03316
v -0.45432 0.29069 -0.01369
v -0.45411 -0.29304 0.14741
v -0.45360 0.32936 0.04905
v -0.45319 0.32936 0.04266
v -0.45277 -0.31148 -0.00203
v -0.45227 0.28682 0.21653
v -0.45197 0.28343 -0.02550
v -0.45190 0.28862 -0.09005
v -0.45114 -0.31152 -0.03423
v -0.45099 0.28924 -0.02971
v -0.45081 -0.28482 -0.02351
v -0.45035 -0.30185 0.15676
v -0.45031 0.31237 0.13307
v -0.45019 -0.29445 0.06220
v -0.44995 -0.33341 0.15182
v -0.44979 -0.28556 -0.01237
v -0.44973 -0.31963 -0.02094
v -0.44967 -0.36003 0.12844
v -0.44934 -0.29832 0.04647
v -0.44913 -0.30746 -0.11624
v -0.44898 0.35456 0.20407
v -0.44895 -0.29373 -0.03567
v -0.44872 -0.29455 -0.00305
v -0.44820 -0.30759 -0.09923
v -0.44812 0.32858 0.14933
v -0.44800 0.34920 0.23242
v -0.44798 -0.29358 0.05069
v -0.44789 0.28338 0.14553
v -0.44759 -0.30554 -0.00200
v -0.44757 -0.29208 0.22795
v -0.44752 0.27800 -0.08670
v -0.44748 0.28762 0.23324
v -0.44738 -0.29140 0.15596
v -0.44728 -0.31605 -0.01166
v -0.44724 -0.29578 -0.02271
v -0.44713 -0.35653 0.22673
v -0.44677 0.35316 0.14822
v -0.44643 0.28286 0.04669
v -0.44604 -0.34316 0.05783
v -0.44604 0.28562 0.03224
v -0.44603 -0.36217 0.18414
v -0.44578 -0.30493 -0.02245
v -0.44560 -0.31743 0.15351
v -0.44552 -0.35795 0.15743
v -0.44516 -0.30041 -0.01462
v -0.44317 -0.35671 0.11935
v -0.44290 0.29250 0.23485
v -0.44265 0.27182 -0.04463
v -0.44263 0.28744 0.15615
v -0.44224 -0.29488 0.24387
v -0.44212 0.29193 -0.07906
v -0.44177 0.29903 -0.03428
v -0.44135 0.30000 -0.04431
v -0.44123 0.28409 -0.03143
v -0.44107 0.29883 0.15630
v -0.44084 0.34093 1.06731
v -0.44033 -0.35413 0.24642
v -0.44020 -0.29492 0.05812
v -0.43977 0.34093 0.06835
v -0.43972 -0.34174 0.05909
v -0.43956 0.28521 0.18609
v -0.43954 -0.29077 0.24452
v -0.43944 0.29421 0.18103
v -0.43848 0.34736 0.08203
v -0.43819 0.32615 0.03798
v -0.43810 -0.31176 0.22732
v -0.43779 0.28667 -0.01422
v -0.43738 -0.30501 -0.02338
v -0.43732 -0.29805 0.05270
v -0.43626 -0.30690 -0.07142
v -0.43614 0.35809 0.15572
v -0.43555 -0.28446 -0.02838
v -0.43552 0.28306 0.03740
v -0.43488 0.28045 -0.04876
v -0.43456 0.27895 -0.07782
v -0.43455 0.28516 0.15669
v -0.43448 -0.35451 0.08904
v -0.43429 0.28960 -0.05315
v -0.43400 -0.29234 -0.00501
v -0.43328 0.28715 -0.03544
v -0.43259 -0.29166 0.19814
v -0.43247 0.26924 -0.02855
v -0.43225 -0.33737 0.04375
v -0.43193 -0.29301 0.05023
v -0.43181 -0.30384 -0.00351
v -0.43129 -0.29684 -0.06937
v -0.43096 0.30601 0.21775
v -0.43071 0.28638 0.16570
v -0.43056 -0.32192 0.17062
v -0.43032 0.28926 0.02750
v -0.43028 -0.34082 0.05020
v -0.43012 -0.29027 -0.02038
v -0.43011 0.32502 0.02801
v -0.43004 -0.31209 0.03894
v -0.42992 -0.31139 -0.03893
v -0.42984 -0.29923 -0.02849
v -0.42969 0.29101 -0.06852
v -0.42892 0.35928 0.12822
v -0.42817 -0.28551 -0.01214
v -0.42814 -0.29198 0.16770
v -0.42796 -0.31869 -0.00865
v -0.42749 0.28088 -0.06679
v -0.42744 -0.29300 0.04280
v -0.42717 0.27121 -0.04673
v -0.42710 -0.29661 0.17455
v -0.42671 0.28200 0.02780
v -0.42638 0.36402 0.16880
v -0.42562 0.28000 -0.05845
v -0.42530 0.29631 -0.01741
v -0.42522 0.36310 0.23007
v -0.42508 0.36080 0.16426
v -0.42486 0.29248 -0.05721
v -0.42383 -0.30074 0.03395
v -0.42336 0.27934 -0.05084
v -0.42313 -0.29315 -0.06511
v -0.42291 -0.29347 -0.03779
v -0.42289 -0.36724 0.17279
v -0.42283 0.29768 -0.03925
v -0.42237 -0.36186 0.24898
v -0.42224 0.28402 0.16870
v -0.42182 -0.30464 0.22671
v -0.42174 -0.30767 -0.05681
v -0.42167 -0.30429 -0.00426
v -0.42163 -0.33690 0.03995
v -0.42154 0.27945 -0.01701
v -0.42151 0.35636 0.08335
v -0.42095 -0.36926 0.17980
v -0.42076 0.30642 -0.00722
v -0.42055 0.36278 0.17526
v -0.42022 -0.31170 -0.04119
v -0.41979 -0.36840 0.14148
v -0.41932 -0.29394 0.03855
v -0.41924 0.28169 0.00475
v -0.41910 -0.29675 -0.04562
v -0.41899 -0.30702 -0.04677
v -0.41875 0.31377 0.00702
v -0.41864 0.30964 -0.00793
v -0.41857 0.28641 0.17922
v -0.41815 -0.29202 0.17925
v -0.41690 -0.32080 -0.00245
v -0.41669 0.36507 0.18673
v -0.41641 0.28517 0.18601
v -0.41636 -0.29336 -0.03840
v -0.41625 0.36350 0.17297
v -0.41611 0.34011 0.20582
v -0.41602 -0.33035 0.02853
v -0.41529 -0.29392 -0.00361
v -0.41514 -0.31846 0.21663
v -0.41424 0.29852 -0.03252
v -0.41353 -0.37154 0.18604
v -0.41308 -0.29301 0.18865
v -0.41306 0.30394 0.20180
v -0.41289 -0.31480 -0.00438
v -0.41288 0.36518 0.18548
v -0.41262 0.36920 0.19430
v -0.41258 0.28571 0.18518
v -0.41221 -0.29493 0.01818
v -0.41195 -0.32487 0.01561
v -0.41155 0.33985 0.19831
v -0.41150 -0.36919 0.10817
v -0.40955 0.28143 -0.04902
v -0.40939 -0.34925 0.21601
v -0.40845 -0.28807 0.18764
v -0.40823 -0.34792 0.22945
v -0.40813 0.34594 0.05361
v -0.40812 0.30810 0.20120
v -0.40758 0.33750 0.20648
v -0.40747 0.35039 0.20712
v -0.40699 0.30436 0.21595
v -0.40697 -0.37430 0.20452
v -0.40679 0.31589 0.20743
v -0.40677 -0.29092 0.19521
v -0.40677 0.33929 0.21550
v -0.40673 -0.30776 -0.03670
v -0.40640 0.33068 0.20346
v -0.40597 0.28228 0.19723
v -0.40584 -0.37102 0.18838
v -0.40577 -0.29601 -0.01707
v -0.40495 -0.29637 -0.03590
v -0.40471 -0.37101 0.19968
v -0.40462 -0.32541 0.21772
v -0.40324 -0.30970 0.21248
v -0.40321 0.37172 0.14052
v -0.40285 -0.34802 0.05788
v -0.40180 0.28654 0.20770
v -0.40156 0.36980 0.23096
v -0.40149 0.28186 -0.01927
v -0.40117 -0.31430 0.22827
v -0.40111 -0.29221 -0.02946
v -0.40077 0.27860 -0.03751
v -0.40060 -0.37296 0.23659
v -0.40053 -0.34669 0.22004
v -0.40033 0.28571 0.23063
v -0.40030 -0.34054 0.21361
v -0.39985 0.32873 0.02918
v -0.39956 0.36662 0.23324
v -0.39947 0.34138 0.20023
v -0.39941 -0.34303 0.22875
v -0.39933 -0.31573 0.22004
v -0.39929 -0.31441 -0.02186
v -0.39894 0.30677 0.20415
v -0.39779 0.32277 0.01243
v -0.39778 0.32854 0.23397
v -0.39750 0.36991 0.22995
v -0.39729 0.30070 -0.04205
v -0.39661 0.37495 0.19966
v -0.39644 -0.30518 0.22289
v -0.39633 0.36941 0.23393
v -0.39535 -0.28946 0.21948
v -0.39516 0.27154 -0.03807
v -0.39454 0.28763 0.23169
v -0.39428 -0.28992 0.23959
v -0.39411 -0.37935 0.14840
v -0.39411 0.28673 0.23514
v -0.39349 0.29427 -0.03680
v -0.39251 -0.29498 0.24382
v -0.39196 -0.29401 0.24612
v -0.39103 0.27893 -0.05220
v -0.39089 0.28156 0.14963
v -0.39077 -0.28851 0.15544
v -0.39049 -0.30315 -0.02701
v -0.39044 0.28556 -0.11972
v -0.38931 -0.31750 -0.00508
v -0.38924 -0.37242 0.24464
v -0.38910 0.37238 0.12173
v -0.38908 0.31748 0.00894
v -0.38906 0.30358 -0.02076
v -0.38901 -0.28428 -0.02836
v -0.38870 -0.37257 0.24825
v -0.38868 -0.31439 0.21266
v -0.38851 -0.34831 0.21652
v -0.38846 -0.29368 -0.04004
v -0.38838 -0.29073 0.24290
v -0.38808 0.28101 -0.03123
v -0.38800 0.27700 -0.02037
v -0.38794 -0.29037 0.24627
v -0.38754 -0.36811 0.08629
v -0.38746 -0.29656 -0.00715
v -0.38652 -0.31322 -0.03470
v -0.38645 -0.31665 0.24407
v -0.38621 0.28503 -0.13486
v -0.38558 -0.29439 -0.01704
v -0.38415 0.29283 -0.05496
v -0.38392 0.34304 0.03735
v -0.38350 -0.31310 -0.01978
v -0.38310 -0.38154 0.21733
v -0.38278 -0.37814 0.14075
v -0.38155 0.28032 -0.04164
v -0.38076 0.28082 -0.03091
v -0.38074 -0.34579 0.04074
v -0.37956 0.27321 -0.03472
v -0.37862 0.28952 -0.07741
v -0.37840 0.30067 -0.03343
v -0.37787 -0.35981 0.06814
v -0.37652 0.36388 0.07116
v -0.37638 -0.28624 -0.03991
v -0.37542 0.36889 0.09584
v -0.37479 -0.29403 -0.03013
v -0.37475 -0.37262 0.09939
v -0.37467 -0.30876 -0.03822
v -0.37431 -0.29562 -0.01501
v -0.37235 -0.31447 -0.02111
v -0.37208 -0.32468 0.00018
v -0.37111 0.34253 0.04073
v -0.36969 -0.28994 0.06849
v -0.36931 0.27980 0.04951
v -0.36807 -0.33258 0.01590
v -0.36776 -0.37982 0.10521
v -0.36670 -0.35760 0.05346
v -0.36524 0.35713 0.05979
v -0.36515 0.38319 0.13789
v -0.36480 0.38108 0.20718
v -0.36339 0.28157 0.14957
v -0.35997 0.38375 0.22587
v -0.35835 0.27832 0.14266
v -0.35649 -0.28922 0.06266
v -0.35554 -0.28775 0.16215
v -0.35552 -0.38551 0.21657
v -0.35430 0.38167 0.12960
v -0.35353 0.28053 -0.10998
v -0.35336 0.38882 0.18421
v -0.35241 0.38378 0.11051
v -0.35233 0.38522 0.18845
v -0.35181 -0.38769 0.24078
v -0.35074 -0.29188 -0.03742
v -0.34956 0.28309 -0.13033
v -0.34925 -0.30237 -0.10830
v -0.34871 0.27780 -0.04629
v -0.34849 -0.38478 0.24161
v -0.34732 0.28203 -0.14332
v -0.34724 0.28784 -0.10181
v -0.34644 0.39095 0.22342
v -0.34480 -0.29728 -0.11567
v -0.34473 0.27680 -0.11886
v -0.34435 0.30245 -0.04193
v -0.34414 -0.29691 -0.09561
v -0.34354 0.29070 -0.11272
v -0.34314 -0.29671 -0.13374
v -0.34292 0.29337 -0.08839
v -0.34286 -0.30520 -0.13049
v -0.34170 -0.39365 0.14215
v -0.34111 0.27474 -0.04249
v -0.34056 0.29733 -0.06416
v -0.34033 0.27707 -0.10745
v -0.34002 -0.28817 0.14325
v -0.33950 -0.29219 -0.03209
v -0.33920 -0.29083 -0.02478
v -0.33844 0.30985 -0.02336
v -0.33800 0.27860 -0.13125
v -0.33713 -0.28473 0.15489
v -0.33659 -0.31516 -0.03181
v -0.33619 -0.30837 -0.07665
v -0.33617 -0.30661 -0.10665
v -0.33567 -0.29286 -0.09946
v -0.33555 -0.30366 -0.08245
v -0.33498 0.28188 -0.14656
v -0.33497 -0.32452 0.00509
v -0.33481 0.28405 -0.12046
v -0.33432 -0.31128 -0.05241
v -0.33282 0.28761 -0.14543
v -0.33219 -0.29311 -0.11553
v -0.33181 0.35729 0.04449
v -0.33094 0.28314 -0.09661
v -0.33051 -0.32071 -0.01507
v -0.32978 0.28009 -0.10881
v -0.32943 -0.29649 -0.13298
v -0.32786 -0.34586 0.03408
v -0.32785 -0.30185 -0.13585
v -0.32783 -0.38249 0.08572
v -0.32781 0.27853 -0.14624
v -0.32675 0.38038 0.08325
v -0.32664 0.28774 -0.14636
v -0.32654 0.28207 -0.13573
v -0.32554 -0.30173 -0.09966
v -0.32468 -0.30387 -0.10902
v -0.32288 0.28607 0.13842
v -0.32287 0.29063 -0.11876
v -0.32184 -0.30361 -0.13404
v -0.32181 -0.29639 -0.13528
v -0.32142 0.27700 -0.12201
v -0.32113 0.33425 0.01507
v -0.32112 -0.40012 0.19946
v -0.32087 0.28966 -0.10455
v -0.31970 -0.38968 0.11021
v -0.31897 -0.29761 -0.08573
v -0.31896 -0.29262 -0.09633
v -0.31883 0.39767 0.22625
v -0.31837 0.39192 0.11597
v -0.31833 0.28141 -0.10307
v -0.31827 0.39733 0.21904
v -0.31805 -0.30685 -0.09663
v -0.31754 0.39449 0.14338
v -0.31742 -0.29546 -0.11040
v -0.31738 -0.30189 -0.12677
v -0.31736 0.33999 0.02500
v -0.31711 -0.39682 0.24150
v -0.31622 0.39973 0.18032
v -0.31503 -0.28969 0.14857
v -0.31498 -0.37384 0.06710
v -0.31453 -0.39644 0.23716
v -0.31356 0.28015 -0.04859
v -0.31295 0.28440 0.04675
v -0.31280 0.28326 -0.12564
v -0.31248 -0.29065 0.05786
v -0.31166 0.27886 -0.03292
v -0.31118 -0.39693 0.14911
v -0.31026 -0.30549 -0.13449
v -0.31006 0.27726 -0.14617
v -0.30856 -0.30286 -0.09365
v -0.30817 -0.28962 -0.03890
v -0.30715 0.35236 0.02957
v -0.30706 -0.39949 0.20108
v -0.30558 -0.29681 -0.11426
v -0.30478 -0.29648 -0.09760
v -0.30312 0.39851 0.22082
v -0.30211 -0.36216 0.05049
v -0.30134 -0.29720 -0.13295
v -0.30129 0.28965 -0.14506
v -0.29957 -0.30478 -0.13461
v -0.29951 -0.39951 0.12672
v -0.29891 0.30385 -0.03274
v -0.29820 -0.39946 0.23680
v -0.29623 0.28637 0.13826
v -0.29597 -0.29092 -0.02307
v -0.29317 -0.28849 0.14302
v -0.29096 0.39459 0.10034
v -0.29014 0.40081 0.13339
v -0.28848 0.37234 0.05384
v -0.28753 -0.28912 0.06551
v -0.28683 0.34272 1.07683
v -0.28619 -0.28837 0.04708
v -0.28422 0.18041 0.21515
v -0.28384 -0.40911 0.23384
v -0.28270 0.34171 0.01492
v -0.28266 0.20576 0.22723
v -0.28265 0.24264 0.21642
v -0.28222 -0.40721 0.23403
v -0.28216 0.32745 0.00473
v -0.28175 0.40680 0.17706
v -0.28070 -0.19121 0.22980
v -0.27961 0.22278 0.21374
v -0.27825 0.23574 0.22281
v -0.27747 -0.29118 -0.03082
v -0.27673 0.38391 0.05950
v -0.27645 -0.40752 0.15068
v -0.27515 -0.23415 0.21871
v -0.27381 -0.23862 0.22868
v -0.27277 0.27711 0.13386
v -0.27270 0.28236 0.12295
v -0.27226 0.32451 -0.00658
v -0.27217 0.28441 -0.15391
v -0.27215 -0.31354 -0.02848
v -0.27192 -0.28419 0.14154
v -0.27098 -0.35255 0.02859
v -0.26896 0.29408 -0.09577
v -0.26789 -0.30579 -0.13469
v -0.26788 0.23439 0.20620
v -0.26770 -0.40851 0.16128
v -0.26702 0.27865 -0.04140
v -0.26689 0.39743 0.08302
v -0.26670 0.23534 0.22497
v -0.26649 -0.29332 0.05015
v -0.26558 -0.38118 0.06666
v -0.26545 0.26345 0.21530
v -0.26522 -0.30605 -0.10885
v -0.26505 0.28334 0.18328
v -0.26504 -0.29125 0.14787
v -0.26471 0.27638 0.04023
v -0.26417 -0.29524 -0.14122
v -0.26387 0.24326 0.20932
v -0.26322 0.01406 0.19456
v -0.26308 0.26069 0.17742
v -0.26295 -0.30770 -0.08415
v -0.26266 -0.36988 0.04429
v -0.26260 0.37802 0.22446
v -0.26250 0.34271 0.22544
v -0.26222 0.39747 0.23402
v -0.26180 0.01389 0.21790
v -0.26144 0.32128 0.23426
v -0.26135 0.27898 0.22721
v -0.26131 -0.01476 0.19613
v -0.26125 -0.01604 0.21904
v -0.26081 -0.23639 0.21969
v -0.26076 0.26361 0.23571
v -0.26073 0.22692 0.19712
v -0.26069 -0.28437 0.05328
v -0.26060 -0.28641 0.18742
v -0.26060 0.26576 0.19208
v -0.26034 0.30077 0.22459
v -0.26030 0.22545 0.23655
v -0.26011 -0.23342 0.23252
v -0.25966 0.37717 0.05457
v -0.25964 0.37517 0.05461
v -0.25935 -0.38871 0.06729
v -0.25930 0.28089 0.05105
v -0.25916 0.28744 -0.12071
v -0.25914 0.27859 -0.05979
v -0.25912 -0.27043 0.20264
v -0.25912 0.28240 0.17280
v -0.25909 -0.00137 0.21312
v -0.25908 -0.24412 0.23086
v -0.25881 0.28620 -0.14784
v -0.25871 0.40409 0.23331
v -0.25865 0.28630 0.05634
v -0.25849 -0.40647 0.10391
v -0.25825 -0.26223 0.22398
v -0.25822 0.40159 0.22562
v -0.25806 0.25478 0.22531
v -0.25756 -0.26255 0.18827
v -0.25729 0.24297 0.19723
v -0.25688 0.27737 0.21072
v -0.25666 0.28439 0.21936
v -0.25621 0.37545 0.23286
v -0.25587 -0.34957 0.03028
v -0.25567 0.32571 0.22471
v -0.25561 -0.28462 0.23633
v -0.25549 0.01285 0.21816
v -0.25540 -0.22609 0.20783
v -0.25521 -0.22550 0.24520
v -0.25503 0.26664 0.20394
v -0.25483 0.22581 0.23458
v -0.25467 -0.26442 0.24776
v -0.25463 0.28678 0.13520
v -0.25457 0.30051 0.23291
v -0.25455 -0.29506 0.24599
v -0.25452 0.37821 0.10510
v -0.25450 0.37621 0.10514
v -0.25447 0.35275 0.22435
v -0.25433 0.25870 0.21300
v -0.25416 -0.01137 0.21926
v -0.25413 0.27780 0.23148
v -0.25374 -0.28237 0.18622
v -0.25370 0.23642 0.21932
v -0.25350 0.28712 0.10688
v -0.25342 -0.39587 0.24678
v -0.25341 0.32520 0.23520
v -0.25328 -0.33838 0.00962
v -0.25325 -0.00583 0.17833
v -0.25317 -0.27624 0.22281
v -0.25305 -0.30160 -0.13884
v -0.25295 -0.33496 0.01189
v -0.25292 -0.24912 0.20283
v -0.25287 0.16680 0.21563
v -0.25284 0.25858 0.23198
v -0.25261 0.21186 0.21707
v -0.25257 0.39925 0.09106
v -0.25256 0.26675 0.22439
v -0.25234 0.28483 0.03646
v -0.25226 0.37696 0.22735
v -0.25216 -0.29355 0.06766
v -0.25212 0.18734 0.21524
v -0.25208 -0.34203 0.23915
v -0.25194 0.19294 0.20739
v -0.25188 0.10877 0.21581
v -0.25183 -0.28735 0.13080
v -0.25183 0.28897 0.22997
v -0.25182 0.19040 0.21656
v -0.25177 -0.25209 0.23439
v -0.25165 0.14476 0.21879
v -0.25165 0.28040 0.02891
v -0.25140 -0.22911 0.24560
v -0.25140 0.16119 0.21703
v -0.25135 0.26396 0.20381
v -0.25133 -0.01668 0.22134
v -0.25117 0.08270 0.20557
v -0.25115 -0.38353 0.06942
v -0.25106 0.11474 0.21515
v -0.25084 0.28077 -0.04426
v -0.25078 0.09384 0.21837
v -0.25062 0.29084 -0.09141
v -0.25058 -0.30710 0.23793
v -0.25053 -0.35996 0.24668
v -0.25052 0.01267 0.22810
v -0.25046 0.03692 0.21815
v -0.24996 -0.04065 0.21634
v -0.24980 -0.00926 0.22861
v -0.24956 -0.32845 0.24646
v -0.24935 -0.27553 0.23489
v -0.24930 0.26414 0.22491
v -0.24929 0.32950 0.22079
v -0.24926 -0.04685 0.21207
v -0.24910 -0.37614 0.23878
v -0.24907 -0.25782 0.24207
v -0.24906 -0.07668 0.22194
v -0.24905 -0.06288 0.21988
v -0.24902 -0.26817 0.21382
v -0.24896 -0.03886 0.22481
v -0.24877 -0.24096 0.22652
v -0.24861 -0.26435 0.22434
v -0.24846 -0.19954 0.21119
v -0.24844 -0.40127 0.23963
v -0.24844 -0.13821 0.22338
v -0.24831 -0.23496 0.22413
v -0.24823 0.28717 0.19228
v -0.24778 -0.18245 0.22337
v -0.24770 0.32518 0.23275
v -0.24754 -0.25702 0.23742
v -0.24737 -0.40418 0.24877
v -0.24725 0.41523 0.21861
v -0.24719 0.40845 0.23077
v -0.24701 -0.29273 0.11819
v -0.24694 0.40477 0.22005
v -0.24693 0.30742 0.21162
v -0.24691 -0.40979 0.13047
v -0.24689 -0.27909 0.24621
v -0.24685 0.30577 0.18828
v -0.24685 0.35142 0.22029
v -0.24681 0.37224 0.23154
v -0.24672 0.30702 0.22148
v -0.24668 0.39645 0.21349
v -0.24653 -0.26705 0.23585
v -0.24651 -0.22522 0.23732
v -0.24619 0.35168 0.23208
v -0.24606 -0.37215 0.24877
v -0.24601 -0.38271 0.11995
v -0.24589 0.31523 -0.01818
v -0.24571 0.08727 0.20578
v -0.24560 0.40950 0.10381
v -0.24544 -0.26572 0.21433
v -0.24532 -0.41350 0.23532
v -0.24527 -0.28592 0.18561
v -0.24520 0.29899 0.21347
v -0.24516 0.27847 0.22874
v -0.24495 0.29981 0.22143
v -0.24485 -0.28805 0.20957
v -0.24481 0.15615 0.20496
v -0.24475 0.39425 0.23018
v -0.24462 -0.29087 0.19296
v -0.24453 0.30960 0.23219
v -0.24437 0.29246 0.21703
v -0.24389 0.10946 0.20478
v -0.24389 0.39974 0.19911
v -0.24377 0.23854 0.22684
v -0.24337 0.03472 0.20577
v -0.24333 0.39764 0.21920
v -0.24325 -0.39901 0.09014
v -0.24316 0.41968 0.18422
v -0.24315 0.29042 0.23429
v -0.24311 0.22413 0.23237
v -0.24299 0.05645 0.20628
v -0.24289 0.28031 -0.15590
v -0.24285 -0.26531 0.23540
v -0.24269 -0.41510 0.23030
v -0.24269 0.13333 0.20567
v -0.24266 -0.40861 0.24722
v -0.24244 -0.01210 0.20817
v -0.24244 0.16957 0.20327
v -0.24224 -0.28703 0.24184
v -0.24220 0.11551 0.20507
v -0.24210 -0.28690 0.20269
v -0.24206 -0.30274 -0.14385
v -0.24197 -0.29040 -0.03152
v -0.24195 0.06078 0.22949
v -0.24192 -0.03448 0.20792
v -0.24191 -0.18588 0.21017
v -0.24190 0.19177 0.20438
v -0.24185 0.20049 0.22621
v -0.24173 -0.32195 -0.01072
v -0.24171 0.02404 0.20697
v -0.24162 0.03469 0.22972
v -0.24158 0.01151 0.23058
v -0.24158 0.09175 0.22879
v -0.24150 -0.16139 0.21076
v -0.24146 -0.29473 -0.04404
v -0.24133 0.23677 0.20244
v -0.24102 0.29740 0.19333
v -0.24088 -0.06126 0.23162
v -0.24062 0.40532 0.21812
v -0.24055 -0.32862 0.24671
v -0.24050 0.13174 0.20347
v -0.24045 -0.01028 0.23043
v -0.24042 -0.10976 0.21046
v -0.24034 0.30265 0.20769
v -0.24010 -0.31576 0.23675
v -0.24007 -0.21369 0.21178
v -0.23997 0.28607 0.19737
v -0.23985 -0.08492 0.23181
v -0.23979 -0.22759 0.24232
v -0.23969 -0.19079 0.21206
v -0.23963 -0.29859 0.22650
v -0.23939 0.41885 0.21314
v -0.23931 -0.09049 0.23232
v -0.23927 -0.03927 0.23069
v -0.23918 0.28789 0.18367
v -0.23918 0.39611 0.21119
v -0.23909 -0.38022 0.23508
v -0.23903 -0.39718 0.22443
v -0.23898 -0.27865 0.23192
v -0.23897 -0.35007 0.23542
v -0.23894 -0.37872 0.24696
v -0.23891 -0.28718 0.14846
v -0.23886 -0.13717 0.23327
v -0.23874 0.04111 0.22829
v -0.23852 0.00142 0.23806
v -0.23850 0.28701 0.19037
v -0.23811 0.08442 0.20573
v -0.23805 -0.07916 0.20864
v -0.23797 -0.29913 0.23285
v -0.23787 0.03470 0.20679
v -0.23781 0.15988 0.20345
v -0.23774 0.30897 0.21395
v -0.23768 0.41698 0.19236
v -0.23751 -0.28441 -0.04036
v -0.23733 -0.02415 0.20643
v -0.23732 0.01078 0.20665
v -0.23729 -0.40306 0.23476
v -0.23720 -0.29743 0.24503
v -0.23718 -0.30709 0.22513
v -0.23718 0.30674 0.22313
v -0.23715 0.11370 0.20431
v -0.23707 0.40312 0.21126
v -0.23693 -0.28103 0.19678
v -0.23661 0.16219 0.22653
v -0.23654 0.05894 0.20457
v -0.23651 0.05882 0.22769
v -0.23640 -0.20743 0.23436
v -0.23635 -0.17716 0.23456
v -0.23633 -0.30291 0.19947
v -0.23626 -0.24573 0.21180
v -0.23619 -0.23709 0.23629
v -0.23613 -0.19120 0.21003
v -0.23608 -0.24187 0.21275
v -0.23605 0.03851 0.20494
v -0.23601 -0.13602 0.23271
v -0.23599 -0.30383 0.21075
v -0.23592 -0.01610 0.23000
v -0.23574 -0.15102 0.20976
v -0.23564 0.30150 0.22019
v -0.23550 -0.11754 0.20885
v -0.23541 0.13969 0.20498
v -0.23538 0.35153 0.02151
v -0.23529 0.39275 0.22898
v -0.23499 0.22494 0.23223
v -0.23493 0.35182 0.23093
v -0.23493 0.40576 0.22989
v -0.23478 0.23484 0.22454
v -0.23473 -0.40100 0.21606
v -0.23465 0.33760 0.21922
v -0.23464 0.26061 0.23101
v -0.23459 0.06524 0.22845
v -0.23428 -0.10921 0.23149
v -0.23418 0.03476 0.22898
v -0.23415 0.37626 0.22008
v -0.23406 0.28711 0.23150
v -0.23405 0.28538 0.21809
v -0.23398 -0.28564 0.18432
v -0.23394 -0.08656 0.20808
v -0.23390 -0.25912 0.24036
v -0.23388 0.11172 0.22618
v -0.23360 0.30533 -0.03774
v -0.23358 -0.28871 0.20745
v -0.23332 0.37681 0.23022
v -0.23316 0.26225 0.22516
v -0.23310 0.26518 0.20211
v -0.23290 0.29947 0.23189
v -0.23284 -0.40541 0.22858
v -0.23274 0.24247 0.22958
v -0.23265 -0.06345 0.22990
v -0.23259 -0.09110 0.23185
v -0.23253 -0.16657 0.23194
v -0.23240 -0.28843 0.20084
v -0.23237 0.35350 0.21940
v -0.23197 0.32632 0.23227
v -0.23172 -0.24252 0.23616
v -0.23172 0.28018 0.17027
v -0.23162 -0.11401 0.23000
v -0.23153 0.41750 0.13003
v -0.23143 0.04030 0.22548
v -0.23131 0.26566 0.22269
v -0.23127 0.28296 0.14116
v -0.23089 0.23478 0.21065
v -0.23079 0.27405 0.21395
v -0.23048 0.21131 0.21250
v -0.23048 0.26637 0.20115
v -0.23046 -0.05578 0.20833
v -0.23034 0.28329 -0.05747
v -0.23024 0.18638 0.21216
v -0.23020 -0.18782 0.23211
v -0.23005 -0.21130 0.23176
v -0.22975 -0.30688 0.23298
v -0.22968 0.32834 0.23743
v -0.22962 -0.28705 0.23474
v -0.22957 0.32339 0.26292
v -0.22954 0.32564 0.23747
v -0.22951 0.11325 0.21462
v -0.22916 -0.39729 0.23377
v -0.22914 0.06049 0.21242
v -0.22909 0.08425 0.21462
v -0.22903 -0.30056 0.22501
v -0.22891 -0.40497 0.23434
v -0.22859 0.03426 0.21437
v -0.22842 0.21207 0.21310
v -0.22836 -0.28771 -0.03555
v -0.22835 0.25771 0.21007
v -0.22827 -0.31132 0.24326
v -0.22803 -0.29695 0.23806
v -0.22796 0.00011 0.16571
v -0.22787 -0.02481 0.21634
v -0.22779 0.18720 0.21665
v -0.22774 0.16821 0.22080
v -0.22771 -0.03763 0.22736
v -0.22770 0.13349 0.21343
v -0.22767 -0.35089 0.23548
v -0.22760 0.26800 0.22208
v -0.22751 -0.06092 0.21708
v -0.22749 -0.37568 0.23524
v -0.22737 0.27771 0.20962
v -0.22733 0.25570 0.17588
v -0.22713 0.40242 0.22119
v -0.22706 0.26613 0.21283
v -0.22704 -0.10989 0.21722
v -0.22701 -0.08839 0.22029
v -0.22694 -0.26428 0.21137
v -0.22693 0.06145 0.21389
v -0.22693 0.08606 0.21626
v -0.22683 0.11348 0.21969
v -0.22673 -0.41293 0.23596
v -0.22668 0.33378 0.22316
v -0.22664 0.00539 0.22980
v -0.22644 0.29861 0.21975
v -0.22641 0.03811 0.21647
v -0.22640 0.26661 0.18411
v -0.22639 -0.16177 0.21895
v -0.22628 -0.29100 0.13694
v -0.22624 0.23172 0.19112
v -0.22618 -0.26486 0.22171
v -0.22613 0.24647 0.22350
v -0.22612 0.32459 0.23717
v -0.22611 0.37685 0.22914
v -0.22593 -0.42324 0.19679
v -0.22593 -0.21188 0.21896
v -0.22593 -0.01381 0.21714
v -0.22587 0.33223 0.25748
v -0.22586 -0.03599 0.21573
v -0.22585 -0.37505 0.24541
v -0.22585 0.02894 0.19415
v -0.22578 0.32916 0.23702
v -0.22566 -0.11215 0.21137
v -0.22558 -0.28140 0.18187
v -0.22528 0.29715 0.23072
v -0.22527 -0.25922 0.22233
v -0.22524 0.32178 0.23102
v -0.22509 -0.24182 0.22445
v -0.22508 -0.08674 0.21892
v -0.22501 -0.14661 0.21412
v -0.22488 -0.26601 0.23301
v -0.22487 0.27796 0.23143
v -0.22482 0.22509 0.21966
v -0.22479 -0.18496 0.21305
v -0.22468 0.40679 0.22931
v -0.22460 -0.04657 0.19058
v -0.22459 -0.40772 0.24565
v -0.22455 -0.01255 0.18277
v -0.22443 0.33131 0.23234
v -0.22440 -0.32679 0.24455
v -0.22420 0.25069 0.20046
v -0.22419 0.28393 0.17234
v -0.22402 -0.19891 0.23369
v -0.22401 -0.26737 0.21160
v -0.22389 0.25861 0.23022
v -0.22382 -0.42065 0.14358
v -0.22354 0.37415 0.22166
v -0.22295 -0.32681 0.23433
v -0.22291 -0.26100 0.19709
v -0.22291 0.05077 0.18276
v -0.22289 0.22696 0.23120
v -0.22286 -0.29457 -0.04669
v -0.22277 0.05735 0.19620
v -0.22265 -0.07543 0.24356
v -0.22264 -0.38377 0.24482
v -0.22256 0.27965 0.19067
v -0.22254 -0.23570 0.22564
v -0.22249 -0.41992 0.20118
v -0.22224 0.00883 0.20347
v -0.22185 -0.26713 0.23295
v -0.22154 -0.26991 0.22526
v -0.22150 -0.02946 0.20311
v -0.22121 -0.28143 0.14252
v -0.22089 -0.22889 0.24025
v -0.22071 0.07984 0.19404
v -0.22028 0.34548 0.21934
v -0.22013 0.25177 0.21835
v -0.22003 0.28355 -0.04975
v -0.22000 -0.41872 0.12358
v -0.21964 -0.27886 0.24310
v -0.21963 0.32269 0.26179
v -0.21954 -0.25597 0.23846
v -0.21950 0.31013 0.22097
v -0.21948 -0.07813 0.19527
v -0.21932 -0.32086 0.24426
v -0.21928 0.36043 0.22719
v -0.21928 0.39533 0.22757
v -0.21911 0.26159 0.21806
v -0.21906 0.28437 0.21996
v -0.21901 -0.02435 0.17540
v -0.21891 0.32969 0.22840
v -0.21838 -0.28787 0.05903
v -0.21827 -0.28584 0.18269
v -0.21818 -0.35079 0.24372
v -0.21806 -0.24673 0.18917
v -0.21802 0.25726 0.23045
v -0.21795 -0.37910 0.23594
v -0.21781 -0.30152 0.23285
v -0.21778 -0.27545 0.19330
v -0.21769 0.23210 0.21826
v -0.21760 0.22555 0.23172
v -0.21741 -0.37752 0.24653
v -0.21722 0.01383 0.20953
v -0.21703 -0.40673 0.23428
v -0.21688 -0.28667 0.24224
v -0.21672 0.42003 0.16249
v -0.21633 0.07780 0.20207
v -0.21617 -0.28438 0.22963
v -0.21600 -0.29431 -0.03782
v -0.21592 -0.36076 0.23230
v -0.21550 0.01609 0.17351
v -0.21504 -0.26855 0.21993
v -0.21487 -0.24909 0.22233
v -0.21459 0.06585 0.17385
v -0.21458 -0.09300 0.18541
v -0.21452 -0.40248 0.24628
v -0.21394 -0.22600 0.24181
v -0.21370 -0.02746 0.17876
v -0.21312 -0.22673 0.22546
v -0.21301 -0.27857 0.23106
v -0.21252 -0.35974 0.24107
v -0.21228 -0.25696 0.24034
v -0.21218 0.03062 0.20525
v -0.21211 -0.34252 0.23429
v -0.21188 -0.29425 0.24088
v -0.21184 -0.04407 0.20663
v -0.21150 -0.32728 0.24157
v -0.21110 0.28118 -0.15947
v -0.21047 -0.39517 0.24586
v -0.20936 0.12201 0.17900
v -0.20906 -0.42492 0.22939
v -0.20883 -0.08232 0.20867
v -0.20820 -0.01123 0.17111
v -0.20738 -0.11209 0.20369
v -0.20738 0.01243 0.17426
v -0.20731 0.07705 0.17518
v -0.20722 0.30076 0.18394
v -0.20679 0.28632 0.18752
v -0.20665 -0.30529 -0.14257
v -0.20628 0.14404 0.18933
v -0.20555 0.26470 0.18233
v -0.20491 0.01593 0.17910
v -0.20462 0.27754 0.18727
v -0.20436 0.08627 0.20488
v -0.20363 0.14916 0.19617
v -0.20331 0.00012 0.20535
v -0.20237 -0.04132 0.20661
v -0.20213 0.10899 0.17490
v -0.20210 0.29750 -0.06517
v -0.20190 0.03759 0.20390
v -0.20186 -0.14924 0.18886
v -0.20179 0.28550 0.03973
v -0.20177 0.30143 -0.06564
v -0.20164 0.00377 0.20284
v -0.20119 -0.30547 -0.11538
v -0.20117 0.21572 0.18463
v -0.20012 -0.28728 0.19811
v -0.19981 -0.07751 0.17425
v -0.19963 0.28780 0.18633
v -0.19950 0.28445 0.17346
v -0.19934 0.26987 0.18691
v -0.19920 -0.29257 0.04243
v -0.19873 0.27639 0.17667
v -0.19864 0.31250 0.18457
v -0.19858 0.28750 0.16414
v -0.19842 0.20055 0.17786
v -0.19814 0.25712 0.17798
v -0.19811 0.25604 0.18787
v -0.19802 -0.31233 -0.05387
v -0.19794 -0.09206 0.20816
v -0.19778 -0.27538 0.19857
v -0.19758 -0.26022 0.19981
v -0.19718 0.00198 0.18053
v -0.19694 -0.42874 0.18821
v -0.19686 -0.31604 -0.04047
v -0.19656 -0.32103 -0.02736
v -0.19656 -0.14688 0.17689
v -0.19640 0.20123 0.17516
v -0.19636 0.30888 -0.04465
v -0.19619 -0.42362 0.22692
v -0.19614 0.29889 0.16761
v -0.19599 -0.18765 0.19619
v -0.19581 0.07907 0.17662
v -0.19549 0.17018 0.17008
v -0.19542 0.31172 0.17248
v -0.19541 0.34390 1.08590
v -0.19526 0.03583 0.18491
v -0.19522 0.27852 0.16598
v -0.19516 0.37748 0.03615
v -0.19499 0.27776 0.19604
v -0.19477 -0.28208 0.18027
v -0.19474 0.20077 0.19495
v -0.19472 -0.06783 0.18147
v -0.19461 -0.01276 0.18890
v -0.19440 0.42732 0.20910
v -0.19418 -0.07749 0.20709
v -0.19417 0.25734 0.19513
v -0.19380 0.28687 0.20682
v -0.19379 0.01420 0.19095
v -0.19376 0.09526 0.20128
v -0.19371 0.27994 -0.04418
v -0.19349 0.06850 0.19918
v -0.19317 -0.25919 0.19695
v -0.19312 0.20800 0.16996
v -0.19309 0.13946 0.20214
v -0.19278 -0.29945 0.18265
v -0.19259 -0.29817 0.19612
v -0.19259 -0.04309 0.19417
v -0.19227 -0.27647 0.18633
v -0.19224 0.12985 0.16990
v -0.19217 -0.21608 0.18495
v -0.19156 -0.29232 0.05064
v -0.19139 -0.17287 0.20492
v -0.19132 0.30028 0.19946
v -0.19117 0.00656 0.20127
v -0.19075 -0.30571 -0.06848
v -0.19075 0.39896 0.05913
v -0.19062 0.43143 0.18512
v -0.19057 -0.28804 0.18506
v -0.19045 -0.07533 0.20071
v -0.18920 0.17608 0.20242
v -0.18909 0.31575 0.19595
v -0.18900 -0.29609 0.20530
v -0.18818 0.27792 0.16300
v -0.18795 0.08260 0.18837
v -0.18787 -0.27537 0.20744
v -0.18777 0.26183 0.17067
v -0.18734 -0.33322 -0.00263
v -0.18730 -0.25415 0.18259
v -0.18710 -0.28678 0.17580
v -0.18706 -0.21669 0.17760
v -0.18694 0.20345 0.17113
v -0.18693 0.27720 0.16978
v -0.18670 -0.21936 0.20709
v -0.18638 0.34163 -0.00074
v -0.18634 0.28591 0.16647
v -0.18625 -0.34182 0.00840
v -0.18618 -0.29613 0.21294
v -0.18604 0.13050 0.17425
v -0.18477 -0.35449 0.02125
v -0.18454 0.28060 0.11759
v -0.18447 0.28792 0.19870
v -0.18388 -0.15156 0.20773
v -0.18352 0.24296 0.19911
v -0.18344 -0.37888 0.04149
v -0.18301 -0.09845 0.19050
v -0.18295 0.16654 0.19991
v -0.18268 0.28366 0.13971
v -0.18262 0.28486 0.20367
v -0.18207 -0.28994 -0.05914
v -0.18162 -0.29779 -0.15111
v -0.18149 0.14192 0.19898
v -0.18063 -0.27666 0.18057
v -0.18061 -0.18370 0.17775
v -0.17996 -0.10964 0.18243
v -0.17977 0.28182 -0.05061
v -0.17968 0.19763 0.16825
v -0.17938 0.12326 0.17861
v -0.17934 0.42439 0.12537
v -0.17923 0.38246 0.03112
v -0.17905 0.41884 0.10652
v -0.17841 0.28750 0.15806
v -0.17807 0.43439 0.20853
v -0.17782 -0.27704 0.17367
v -0.17754 -0.29920 0.20868
v -0.17747 0.27896 0.16438
v -0.17707 0.26381 0.19669
v -0.17681 0.43037 0.16598
v -0.17675 0.28007 0.20557
v -0.17640 -0.28612 0.14966
v -0.17607 -0.41839 0.10189
v -0.17606 -0.28179 0.21703
v -0.17585 0.13405 0.19452
v -0.17574 -0.15045 0.17987
v -0.17564 0.31306 0.17242
v -0.17552 -0.20907 0.20869
v -0.17533 -0.29698 0.17962
v -0.17511 -0.21364 0.17534
v -0.17508 0.15767 0.17576
v -0.17501 0.27518 0.17242
v -0.17474 0.30014 0.19342
v -0.17463 -0.28477 0.21819
v -0.17462 0.15033 0.18658
v -0.17425 -0.29038 -0.03891
v -0.17373 0.28759 0.17115
v -0.17341 0.28870 0.20274
v -0.17340 0.27749 0.19496
v -0.17308 0.22517 0.17260
v -0.17255 0.43074 0.18679
v -0.17239 -0.28963 -0.03289
v -0.17176 -0.28651 0.17310
v -0.17175 -0.42724 0.14077
v -0.17170 -0.15443 0.20100
v -0.17166 0.28752 0.19276
v -0.17132 -0.13552 0.19284
v -0.17127 0.34417 1.07551
v -0.17069 -0.42958 0.22306
v -0.17065 0.27767 0.18433
v -0.17043 0.29719 0.16898
v -0.17017 -0.16488 0.18262
v -0.17006 0.30586 0.18136
v -0.17004 0.19897 0.18666
v -0.16998 0.25364 0.18110
v -0.16950 -0.28732 0.20739
v -0.16948 0.30028 0.20108
v -0.16918 0.20570 0.19408
v -0.16876 -0.27606 0.18314
v -0.16862 -0.28603 0.18144
v -0.16839 0.41690 0.08671
v -0.16803 0.35886 0.21192
v -0.16730 -0.29637 0.20942
v -0.16720 0.19406 0.17942
v -0.16699 0.27790 0.17180
v -0.16697 -0.42896 0.17429
v -0.16687 0.28773 0.18134
v -0.16673 0.32502 -0.01832
v -0.16645 0.27857 0.18262
v -0.16606 -0.43302 0.22628
v -0.16604 0.28861 0.19403
v -0.16593 0.28730 0.16575
v -0.16579 -0.20507 0.20168
v -0.16568 0.28569 0.17325
v -0.16547 -0.27497 0.20407
v -0.16547 -0.20231 0.18504
v -0.16530 -0.29713 0.18577
v -0.16523 -0.43270 0.20379
v -0.16479 0.27883 0.19252
v -0.16446 -0.28588 0.19952
v -0.16296 -0.18993 0.19103
v -0.16230 0.37789 0.22459
v -0.16191 -0.42954 0.22758
v -0.16185 0.28006 0.17071
v -0.16185 0.38565 0.21108
v -0.16156 0.37386 0.21294
v -0.16092 0.37185 0.23343
v -0.16083 -0.28694 0.18581
v -0.16066 0.34419 0.21300
v -0.16046 0.34451 0.22476
v -0.16045 -0.28483 0.17445
v -0.15978 0.36083 0.22493
v -0.15970 -0.27920 0.18483
v -0.15970 0.33348 0.21159
v -0.15883 0.28663 0.18309
v -0.15848 -0.28782 0.19532
v -0.15813 -0.28193 0.20460
v -0.15805 0.34826 0.23424
v -0.15789 -0.28421 0.14257
v -0.15745 0.41247 0.06560
v -0.15733 0.36110 0.20483
v -0.15712 0.42842 0.11054
v -0.15643 0.33030 0.23504
v -0.15624 0.40034 0.21153
v -0.15561 0.40311 0.22290
v -0.15543 0.43300 0.20910
v -0.15529 0.28572 -0.13947
v -0.15511 -0.34958 0.22751
v -0.15488 0.40239 0.23160
v -0.15481 0.38466 0.21027
v -0.15408 0.35243 0.20974
v -0.15407 0.37023 0.23182
v -0.15405 -0.38193 0.22752
v -0.15350 0.31385 -0.04071
v -0.15306 -0.28534 0.04979
v -0.15278 -0.34260 0.23866
v -0.15273 -0.36643 0.23873
v -0.15238 -0.39680 0.05578
v -0.15181 0.33136 0.23167
v -0.15169 -0.36721 0.24658
v -0.15159 0.38455 0.22343
v -0.15139 0.33548 0.21108
v -0.15129 0.33590 0.20205
v -0.15119 -0.38336 0.24656
v -0.15116 -0.29539 -0.13075
v -0.15081 -0.40821 0.06929
v -0.15055 0.39786 0.22290
v -0.15013 0.28158 0.01422
v -0.15011 0.32133 0.22523
v -0.15010 -0.38990 0.23963
v -0.15004 -0.33652 0.24774
v -0.14913 0.34095 0.22398
v -0.14884 0.28902 -0.12747
v -0.14868 0.43028 0.13447
v -0.14843 0.34453 1.03748
v -0.14811 0.34196 1.03751
v -0.14811 0.40044 0.20175
v -0.14786 0.40019 0.23114
v -0.14753 0.28317 0.02043
v -0.14726 0.27435 0.02974
v -0.14707 0.38675 0.23244
v -0.14653 -0.28614 0.11967
v -0.14644 0.34581 1.05988
v -0.14633 -0.38909 0.21930
v -0.14631 -0.28229 0.03816
v -0.14605 -0.33970 0.21790
v -0.14603 0.27866 -0.13793
v -0.14568 0.34083 1.05944
v -0.14549 0.28447 -0.15166
v -0.14538 -0.33856 0.22513
v -0.14537 0.43793 0.16250
v -0.14527 -0.32587 0.23898
v -0.14509 0.34133 0.23340
v -0.14497 0.28314 0.10762
v -0.14488 -0.38969 0.22585
v -0.14483 0.28301 -0.12070
v -0.14476 -0.40004 0.24764
v -0.14461 0.34121 1.03716
v -0.14450 0.34576 1.03706
v -0.14435 -0.30056 -0.14250
v -0.14389 -0.38331 0.23829
v -0.14381 0.40905 0.22185
v -0.14375 -0.28827 0.02534
v -0.14373 0.28229 -0.15786
v -0.14356 -0.34162 0.23795
v -0.14347 -0.39086 0.24806
v -0.14320 0.43714 0.20263
v -0.14317 -0.42654 0.12101
v -0.14298 0.34467 1.09538
v -0.14283 -0.37865 0.24780
v -0.14251 0.28784 0.12583
v -0.14214 0.40106 0.20886
v -0.14176 0.30642 0.21204
v -0.14144 -0.39263 0.23858
v -0.14135 -0.28849 0.03244
v -0.14094 -0.40205 0.24073
v -0.14021 0.41999 0.20896
v -0.14017 0.41745 0.22554
v -0.14002 0.39540 0.22179
v -0.13978 -0.43386 0.13740
v -0.13963 -0.32882 0.24498
v -0.13949 0.39690 0.19979
v -0.13946 -0.29108 -0.12061
v -0.13930 0.30902 -0.04320
v -0.13905 -0.41432 0.23628
v -0.13898 0.33473 0.22279
v -0.13883 0.39352 0.23245
v -0.13879 -0.30960 0.22942
v -0.13845 0.31483 0.23184
v -0.13813 0.28193 0.04219
v -0.13812 -0.30817 -0.05809
v -0.13811 -0.40863 0.22693
v -0.13809 0.34408 0.23162
v -0.13783 0.38757 0.23182
v -0.13780 0.32765 0.21079
v -0.13779 0.34356 0.23259
v -0.13762 0.31319 0.22233
v -0.13751 0.38730 0.22304
v -0.13719 0.32170 0.20310
v -0.13699 0.38653 0.23298
v -0.13694 -0.29004 0.13706
v -0.13633 0.30479 -0.05769
v -0.13591 -0.28759 0.05612
v -0.13557 -0.41214 0.24654
v -0.13549 0.39263 0.19190
v -0.13545 -0.34199 0.24673
v -0.13516 -0.40166 0.21801
v -0.13476 -0.31004 0.24503
v -0.13474 0.29232 -0.13712
v -0.13463 0.27855 -0.14980
v -0.13461 -0.30168 -0.10552
v -0.13435 0.38399 0.12657
v -0.13430 0.33154 0.15434
v -0.13416 0.31811 -0.03212
v -0.13415 0.38400 0.22146
v -0.13411 -0.43646 0.21979
v -0.13393 -0.30928 0.21436
v -0.13385 0.27964 -0.07532
v -0.13376 0.34369 0.22232
v -0.13362 0.40292 0.20391
v -0.13351 0.39527 0.16733
v -0.13341 0.34806 1.19614
v -0.13340 0.33079 0.20313
v -0.13337 0.33918 0.12933
v -0.13336 0.40314 0.13943
v -0.13335 -0.31712 0.22389
v -0.13305 0.30319 0.23019
v -0.13297 -0.32007 0.23492
v -0.13295 0.28355 -0.13105
v -0.13271 0.34456 1.19674
v -0.13267 0.30682 0.21108
v -0.13242 0.32177 0.14300
v -0.13233 -0.39593 0.22430
v -0.13230 -0.30277 -0.12901
v -0.13228 -0.41240 0.23869
v -0.13210 -0.35080 0.24430
v -0.13206 -0.40490 0.23554
v -0.13126 0.29956 0.20461
v -0.13103 -0.33633 0.23692
v -0.13063 0.39721 0.21957
v -0.13060 0.34875 0.00021
v -0.13048 0.33281 0.22128
v -0.13024 0.30958 0.20053
v -0.13010 0.40625 0.13989
v -0.13007 0.38981 0.16066
v -0.13002 0.28528 -0.16156
v -0.12982 0.42974 0.23195
v -0.12960 -0.37939 0.24581
v -0.12947 -0.42450 0.22474
v -0.12936 -0.39099 0.23748
v -0.12936 0.42842 0.21837
v -0.12901 -0.31413 -0.04571
v -0.12886 0.34809 1.23214
v -0.12885 0.32010 0.14185
v -0.12884 0.32134 0.23387
v -0.12879 0.42558 0.08798
v -0.12879 0.42789 0.19843
v -0.12860 0.27230 -0.06302
v -0.12852 0.32067 0.16209
v -0.12847 0.40591 0.21963
v -0.12846 0.29013 -0.11778
v -0.12836 -0.34224 0.00472
v -0.12835 -0.39140 0.24780
v -0.12797 -0.31950 -0.03221
v -0.12767 -0.29130 -0.13884
v -0.12760 0.30079 0.22035
v -0.12746 0.39889 0.04058
v -0.12737 0.41083 0.20480
v -0.12728 0.40190 0.11853
v -0.12714 0.35730 0.23049
v -0.12712 -0.33341 0.17956
v -0.12699 0.37889 0.02051
v -0.12683 0.34908 0.16118
v -0.12630 -0.37966 0.03239
v -0.12630 -0.32789 0.21895
v -0.12630 0.35406 0.16604
v -0.12617 0.32242 0.22073
v -0.12616 -0.38864 0.14763
v -0.12610 -0.38269 0.23654
v -0.12610 0.28243 -0.15540
v -0.12591 -0.32858 0.15756
v -0.12590 -0.33925 0.23573
v -0.12589 0.41796 0.21914
v -0.12586 0.35011 1.21771
v -0.12578 0.36640 0.21971
v -0.12561 -0.31377 0.24293
v -0.12556 0.36577 0.25619
v -0.12550 0.37209 0.16056
v -0.12546 0.34438 1.21780
v -0.12537 -0.40077 0.15787
v -0.12537 -0.34488 0.13731
v -0.12509 0.38513 0.16522
v -0.12496 0.27934 0.01936
v -0.12460 0.32445 0.11844
v -0.12451 -0.33964 0.24553
v -0.12448 -0.40249 0.21785
v -0.12380 -0.39372 0.17600
v -0.12335 0.41838 0.06993
v -0.12334 -0.39268 0.23550
v -0.12316 0.40449 0.16286
v -0.12300 -0.42506 0.09772
v -0.12299 -0.35423 0.01279
v -0.12297 0.37341 0.22987
v -0.12257 0.31517 0.20359
v -0.12245 -0.29708 0.21598
v -0.12231 -0.32221 0.19122
v -0.12201 -0.32778 0.13759
v -0.12183 -0.29613 0.23288
v -0.12173 0.41396 0.20147
v -0.12171 0.32334 0.12134
v -0.12159 -0.32153 0.15460
v -0.12150 0.42518 0.22928
v -0.12147 -0.32116 0.17447
v -0.12144 -0.30631 0.22249
v -0.12130 0.31769 0.20801
v -0.12129 0.31157 0.22788
v -0.12121 -0.43043 0.24707
v -0.12116 -0.42429 0.21465
v -0.12114 -0.35785 0.24627
v -0.12111 0.43818 0.21206
v -0.12109 0.42922 0.20766
v -0.12104 -0.43132 0.23498
v -0.12100 -0.32885 0.23427
v -0.12099 -0.31556 0.21670
v -0.12088 0.31292 0.20949
v -0.12080 -0.41999 0.23688
v -0.12076 -0.38910 0.18078
v -0.12063 0.27899 -0.13517
v -0.12021 0.37424 0.25438
v -0.12019 -0.32258 0.17943
v -0.12018 -0.30485 -0.11984
v -0.12013 -0.29450 0.24359
v -0.12011 0.28705 -0.16413
v -0.12006 -0.29078 -0.11653
v -0.11989 -0.40589 0.13853
v -0.11988 -0.31866 0.23347
v -0.11953 0.40833 0.21933
v -0.11951 -0.29632 -0.14606
v -0.11950 -0.30745 0.23487
v -0.11941 0.39800 0.11524
v -0.11921 -0.40801 0.15972
v -0.11907 -0.35297 0.17482
v -0.11906 0.40679 0.22877
v -0.11904 -0.42001 0.24545
v -0.11895 -0.40150 0.23556
v -0.11891 0.32819 0.11673
v -0.11867 0.30033 0.20025
v -0.11837 0.32419 0.16635
v -0.11828 0.35169 0.11652
v -0.11801 -0.29112 -0.13516
v -0.11796 0.32202 0.22096
v -0.11796 0.35645 0.22960
v -0.11758 0.44591 0.22688
v -0.11750 -0.40213 0.05369
v -0.11714 0.40394 0.15917
v -0.11699 0.28893 0.21212
v -0.11699 0.43952 0.15819
v -0.11696 -0.32256 0.13891
v -0.11694 0.28786 -0.15125
v -0.11688 0.33142 0.16458
v -0.11650 0.29263 0.23113
v -0.11606 -0.43724 0.17995
v -0.11601 0.36193 0.26291
v -0.11594 0.43891 0.22958
v -0.11587 -0.41164 0.21850
v -0.11567 -0.36177 0.17968
v -0.11566 -0.30033 -0.14529
v -0.11566 0.29304 0.21992
v -0.11528 0.28431 -0.07093
v -0.11525 -0.41301 0.22366
v -0.11499 -0.37337 0.17491
v -0.11478 0.36760 0.23684
v -0.11461 -0.31504 0.22100
v -0.11433 0.39863 0.21917
v -0.11431 0.28315 -0.13108
v -0.11413 0.29806 0.23137
v -0.11400 0.28535 -0.14291
v -0.11391 -0.40403 0.17932
v -0.11390 0.39751 0.16407
v -0.11337 -0.41075 0.23495
v -0.11335 0.33170 0.22069
v -0.11334 -0.32553 0.13336
v -0.11302 -0.42524 0.22441
v -0.11302 -0.36290 0.12942
v -0.11294 -0.36360 0.23227
v -0.11287 0.40915 0.13032
v -0.11286 -0.40191 0.13086
v -0.11280 -0.31679 0.23328
v -0.11251 -0.36209 0.25302
v -0.11208 -0.32324 0.13629
v -0.11195 -0.32687 0.24462
v -0.11150 -0.33049 0.12970
v -0.11118 0.37393 0.22852
v -0.11109 -0.27952 0.12602
v -0.11105 -0.29889 0.21243
v -0.11090 0.41781 0.20603
v -0.11084 0.36380 0.22903
v -0.11060 -0.40434 0.23537
v -0.11055 -0.42419 0.08422
v -0.11019 0.32121 0.12328
v -0.11009 -0.37420 0.24395
v -0.11008 -0.29370 0.23024
v -0.10989 0.41867 0.22000
v -0.10987 -0.43511 0.23351
v -0.10979 -0.29463 0.24305
v -0.10972 0.40547 0.21855
v -0.10964 -0.43571 0.13478
v -0.10905 0.29072 0.23118
v -0.10882 0.31088 0.22083
v -0.10880 -0.39896 0.13030
v -0.10875 0.28903 -0.13550
v -0.10867 -0.28661 0.22466
v -0.10836 0.39962 0.22672
v -0.10832 0.40063 0.16355
v -0.10807 -0.40620 0.24498
v -0.10803 -0.44296 0.18678
v -0.10798 -0.43486 0.24641
v -0.10797 0.32412 0.22009
v -0.10793 -0.43347 0.10984
v -0.10779 0.40047 0.21856
v -0.10768 -0.32765 0.17821
v -0.10766 -0.29043 0.23077
v -0.10761 -0.41221 0.06529
v -0.10756 0.32411 0.22899
v -0.10726 0.32540 0.11590
v -0.10723 0.44480 0.23435
v -0.10713 0.43036 0.23539
v -0.10703 0.33166 0.22923
v -0.10693 -0.33406 -0.01139
v -0.10671 -0.29354 -0.05988
v -0.10635 0.33173 0.21989
v -0.10605 -0.39501 0.24483
v -0.10604 -0.32472 -0.02081
v -0.10603 -0.44144 0.24444
v -0.10595 -0.29151 0.04299
v -0.10542 0.40458 0.22814
v -0.10532 -0.42838 0.25514
v -0.10498 0.37206 0.16377
v -0.10492 -0.28398 0.24371
v -0.10477 -0.35850 0.24280
v -0.10431 0.33656 -0.01185
v -0.10422 -0.44167 0.22698
v -0.10407 -0.28183 -0.05660
v -0.10386 -0.29996 -0.15433
v -0.10364 -0.29555 0.22220
v -0.10359 -0.42813 0.21648
v -0.10348 -0.30840 0.22071
v -0.10344 -0.39406 0.20944
v -0.10310 -0.29469 -0.12231
v -0.10294 -0.32420 0.13611
v -0.10288 -0.30828 0.23302
v -0.10261 0.29716 0.23984
v -0.10256 -0.32724 0.23150
v -0.10232 -0.29459 0.24454
v -0.10200 0.29968 0.20901
v -0.10163 0.44293 0.21229
v -0.10160 -0.29436 0.21463
v -0.10151 -0.43673 0.22516
v -0.10141 0.43781 0.20510
v -0.10128 0.30720 0.22670
v -0.10120 -0.43929 0.21634
v -0.10108 -0.28305 0.22843
v -0.10098 -0.39994 0.23460
v -0.10097 -0.31766 0.23218
v -0.10082 0.28289 0.21838
v -0.10073 -0.30080 -0.11985
v -0.10025 0.42109 0.21540
v -0.09950 -0.41552 0.23935
v -0.09942 0.31221 0.20546
v -0.09892 0.43849 0.21413
v -0.09851 -0.42121 0.23491
v -0.09849 -0.32869 0.24110
v -0.09825 -0.40009 0.24305
v -0.09813 0.43933 0.11824
v -0.09812 0.29125 0.21726
v -0.09798 0.42943 0.21512
v -0.09764 0.44230 0.17111
v -0.09758 -0.41086 0.15141
v -0.09733 0.29084 0.20873
v -0.09712 -0.43555 0.25359
v -0.09697 -0.44256 0.21584
v -0.09628 -0.41891 0.22198
v -0.09628 0.30103 0.23042
v -0.09624 -0.40748 0.13470
v -0.09610 0.29195 0.22962
v -0.09586 -0.28963 -0.07163
v -0.09561 -0.43560 0.24435
v -0.09547 -0.29513 0.25234
v -0.09528 0.30236 0.21818
v -0.09525 0.43824 0.22422
v -0.09471 -0.40098 0.17843
v -0.09452 -0.31297 0.21831
v -0.09408 0.44664 0.17495
v -0.09337 -0.44744 0.24664
v -0.09325 0.42974 0.20400
v -0.09272 -0.36927 0.17777
v -0.09234 -0.32481 0.24196
v -0.09219 -0.42207 0.24329
v -0.09204 0.31363 -0.04071
v -0.09172 -0.30513 0.24049
v -0.09165 -0.28858 0.22707
v -0.09161 0.41525 0.21575
v -0.09136 -0.28783 0.22094
v -0.09126 -0.37236 0.18760
v -0.09126 0.41311 0.21647
v -0.09096 -0.29745 0.24248
v -0.09063 -0.28631 0.24127
v -0.08986 0.29474 0.21585
v -0.08926 -0.42984 0.25975
v -0.08907 0.43014 0.22230
v -0.08885 0.41700 0.19841
v -0.08852 -0.43419 0.22254
v -0.08845 -0.29749 0.22878
v -0.08827 0.44889 0.19907
v -0.08816 -0.42698 0.23418
v -0.08723 0.40676 0.11376
v -0.08678 -0.43632 0.24185
v -0.08637 0.30091 0.20652
v -0.08627 -0.30427 0.23259
v -0.08475 0.40345 0.17961
v -0.08446 -0.32326 0.13148
v -0.08446 -0.30291 0.21790
v -0.08393 0.32743 -0.02353
v -0.08315 0.36553 0.22451
v -0.08303 0.28083 -0.05581
v -0.08297 -0.28110 0.03656
v -0.08283 0.41231 0.13336
v -0.08280 -0.44185 0.21920
v -0.08222 -0.41179 0.23222
v -0.08191 0.29406 0.20449
v -0.08151 0.30939 0.22478
v -0.08123 -0.29150 0.02897
v -0.08071 0.42915 0.22297
v -0.08042 -0.40169 0.19521
v -0.08032 -0.29705 0.23779
v -0.08017 0.43891 0.21405
v -0.07995 0.40896 0.15998
v -0.07913 -0.30451 0.22867
v -0.07908 0.30377 -0.06245
v -0.07891 -0.31809 -0.03512
v -0.07889 -0.38387 0.03054
v -0.07866 0.29178 -0.16798
v -0.07852 -0.29684 0.21753
v -0.07842 -0.32786 0.12591
v -0.07819 0.37495 0.17954
v -0.07817 -0.37277 0.19471
v -0.07813 -0.42570 0.23146
v -0.07786 -0.31195 -0.04947
v -0.07784 0.36560 0.21622
v -0.07772 0.30345 0.21140
v -0.07764 -0.30258 0.23670
v -0.07734 -0.29669 0.23331
v -0.07731 -0.43621 0.23100
v -0.07709 0.37081 0.21600
v -0.07688 -0.41630 0.21449
v -0.07674 0.36626 0.22570
v -0.07645 -0.31002 0.24065
v -0.07558 -0.43262 0.21956
v -0.07522 0.27694 -0.06226
v -0.07449 -0.33429 -0.01056
v -0.07299 0.30013 0.21767
v -0.07267 0.44568 0.19639
v -0.07255 0.43826 0.20251
v -0.07243 0.28341 -0.16962
v -0.07231 -0.30162 0.22788
v -0.07231 0.35261 -0.00238
v -0.07200 0.43827 0.11632
v -0.07148 -0.32209 0.24210
v -0.07084 0.40207 0.21472
v -0.07001 -0.36290 0.23049
v -0.06989 -0.28866 -0.04247
v -0.06989 0.28693 -0.17003
v -0.06942 0.42835 0.19436
v -0.06941 0.43842 0.22244
v -0.06938 -0.35942 0.23959
v -0.06938 0.31996 0.13624
v -0.06909 -0.36643 0.23044
v -0.06895 -0.28792 -0.04911
v -0.06881 -0.29594 0.23531
v -0.06878 0.29588 -0.11646
v -0.06875 -0.30205 0.20572
v -0.06871 -0.43249 0.23993
v -0.06817 0.43402 0.19458
v -0.06816 -0.36623 0.24034
v -0.06779 -0.44045 0.11792
v -0.06767 0.32900 0.21594
v -0.06761 -0.43289 0.20968
v -0.06733 0.32078 0.13573
v -0.06723 -0.44444 0.21269
v -0.06720 -0.30395 -0.15515
v -0.06690 0.36789 0.22749
v -0.06681 0.40379 0.22388
v -0.06639 -0.29688 0.22988
v -0.06615 -0.29536 -0.15775
v -0.06602 0.33032 0.22636
v -0.06584 -0.44315 0.21678
v -0.06577 0.31248 0.20319
v -0.06577 0.43134 0.21223
v -0.06566 0.43810 0.21491
v -0.06562 0.42176 0.20135
v -0.06546 0.31215 0.19561
v -0.06540 0.37044 0.15446
v -0.06538 0.40136 0.22536
v -0.06517 0.28187 0.00843
v -0.06507 0.30281 -0.07925
v -0.06505 0.29977 0.20373
v -0.06444 0.42005 0.05810
v -0.06444 0.42174 0.19242
v -0.06433 0.30231 0.21625
v -0.06422 0.41976 0.21195
v -0.06417 0.32668 0.22564
v -0.06409 0.31088 0.21393
v -0.06398 -0.43389 0.23129
v -0.06398 0.43619 0.08251
v -0.06363 -0.33031 0.17381
v -0.06344 0.30776 -0.06505
v -0.06317 0.43016 0.20103
v -0.06302 -0.41235 0.17525
v -0.06298 0.43078 0.22411
v -0.06297 0.32216 0.21527
v -0.06269 -0.35064 0.17419
v -0.06262 -0.44072 0.22969
v -0.06249 0.28838 0.10687
v -0.06230 0.30020 0.22326
v -0.06213 -0.44367 0.18412
v -0.06211 -0.32125 0.17347
v -0.06198 0.28480 0.12869
v -0.06196 0.31724 -0.04607
v -0.06168 -0.30582 -0.10484
v -0.06164 -0.28584 0.02229
v -0.06128 0.30863 0.22566
v -0.06118 -0.40664 0.12636
v -0.06106 -0.44052 0.22993
v -0.06052 0.30398 0.19186
v -0.06038 0.41745 0.15475
v -0.06004 0.31774 0.15164
v -0.06001 0.35458 -0.00752
v -0.05992 0.42049 0.19600
v -0.05932 0.30470 0.20486
v -0.05922 -0.35751 0.01044
v -0.05910 -0.39968 0.24002
v -0.05894 -0.30399 0.22683
v -0.05894 0.31824 0.20168
v -0.05869 -0.32549 0.23851
v -0.05862 -0.37204 0.17411
v -0.05856 -0.30706 0.21667
v -0.05831 0.37341 0.15870
v -0.05819 -0.31123 -0.06727
v -0.05812 -0.28751 0.01551
v -0.05810 -0.36773 0.18652
v -0.05810 0.33449 -0.02488
v -0.05802 -0.31951 0.15069
v -0.05792 -0.42356 0.22799
v -0.05763 -0.42407 0.20937
v -0.05760 0.43316 0.18662
v -0.05745 -0.29642 0.23505
v -0.05736 0.43155 0.22205
v -0.05671 -0.31546 -0.05317
v -0.05659 -0.41676 0.21518
v -0.05647 -0.32479 0.12838
v -0.05644 -0.31469 0.22658
v -0.05635 0.41935 0.21209
v -0.05575 -0.41152 0.12985
v -0.05570 0.32649 0.11230
v -0.05548 -0.42583 0.24030
v -0.05548 -0.29620 0.22764
v -0.05506 0.31922 0.21468
v -0.05505 0.31127 0.21351
v -0.05504 -0.43332 0.23751
v -0.05467 0.42262 0.05109
v -0.05462 0.30380 0.22431
v -0.05457 -0.30505 0.23771
v -0.05456 0.28133 0.11900
v -0.05449 0.40563 0.10742
v -0.05434 0.30261 0.21450
v -0.05415 -0.28498 0.13870
v -0.05404 -0.43315 0.23080
v -0.05386 0.31668 0.16470
v -0.05344 0.42172 0.16881
v -0.05311 0.41149 0.11267
v -0.05294 -0.32412 -0.03407
v -0.05272 0.31087 0.20192
v -0.05268 -0.42420 0.21706
v -0.05239 -0.30505 0.20802
v -0.05215 -0.43424 0.21769
v -0.05206 -0.41561 0.15600
v -0.05204 -0.31414 0.20916
v -0.05186 0.44590 0.21024
v -0.05171 -0.41300 0.16922
v -0.05164 -0.31719 0.16416
v -0.05128 -0.31558 0.18496
v -0.05115 -0.31336 0.21330
v -0.05100 0.40463 0.16044
v -0.05085 0.40583 0.02807
v -0.05039 -0.34017 -0.01158
v -0.05017 0.38279 0.00759
v -0.04990 -0.32941 0.18573
v -0.04968 0.27772 0.10790
v -0.04920 -0.31484 0.22663
v -0.04855 -0.30454 0.22441
v -0.04852 0.28526 -0.17256
v -0.04837 0.32487 0.11346
v -0.04824 -0.32444 0.12672
v -0.04822 -0.36944 0.16817
v -0.04814 -0.42782 0.23959
v -0.04808 -0.41507 0.22903
v -0.04791 -0.40386 0.19206
v -0.04762 -0.35174 0.18465
v -0.04713 0.38721 0.16447
v -0.04679 0.43070 0.21022
v -0.04628 -0.43070 0.20602
v -0.04621 0.39788 0.15207
v -0.04584 0.43088 0.19352
v -0.04554 -0.37628 0.19151
v -0.04524 -0.28959 0.20880
v -0.04520 -0.38797 0.02392
v -0.04519 0.41422 0.11395
v -0.04492 0.39439 0.15745
v -0.04482 -0.43289 0.08244
v -0.04453 -0.30345 0.23655
v -0.04439 -0.41551 0.05122
v -0.04417 0.30519 0.19981
v -0.04411 0.30541 0.19600
v -0.04409 0.31119 0.21344
v -0.04364 0.35229 0.15287
v -0.04190 0.43477 0.19752
v -0.04181 -0.42566 0.22569
v -0.04167 0.45228 0.16908
v -0.04146 0.33916 0.15770
v -0.04115 -0.35859 0.00398
v -0.04098 0.44033 0.21776
v -0.04072 -0.30925 0.22389
v -0.04036 -0.29862 -0.16108
v -0.04032 0.30463 0.21199
v -0.04030 0.28697 -0.17214
v -0.04013 0.33444 0.15168
v -0.03984 -0.30353 0.21170
v -0.03948 -0.34526 -0.00236
v -0.03947 -0.37771 0.18323
v -0.03907 -0.30443 0.20570
v -0.03907 0.45032 0.19176
v -0.03893 0.30437 0.19588
v -0.03858 -0.42592 0.21511
v -0.03821 0.44416 0.10461
v -0.03811 -0.44379 0.21126
v -0.03801 -0.38127 0.17251
v -0.03782 -0.32057 0.16597
v -0.03771 -0.32081 0.17120
v -0.03700 0.28957 -0.14414
v -0.03692 -0.37193 0.17189
v -0.03659 0.44856 0.19671
v -0.03658 -0.34929 0.17127
v -0.03655 -0.43082 0.21019
v -0.03653 0.43217 0.20999
v -0.03647 -0.40164 0.17177
v -0.03577 0.30059 0.22181
v -0.03567 -0.43984 0.11823
v -0.03550 0.30086 0.20273
v -0.03505 0.43925 0.18913
v -0.03460 -0.33968 0.16620
v -0.03456 0.28046 0.02659
v -0.03444 0.28430 -0.11756
v -0.03329 -0.29897 -0.16043
v -0.03272 -0.44292 0.11176
v -0.03269 -0.43140 0.21447
v -0.03266 -0.32566 0.17047
v -0.03220 -0.41338 0.12643
v -0.03200 -0.30195 0.20517
v -0.03193 -0.30266 0.21081
v -0.03166 -0.38282 0.16665
v -0.03155 -0.29631 -0.16211
v -0.03124 -0.44281 0.22662
v -0.03046 -0.28908 0.12599
v -0.03014 -0.30371 0.22425
v -0.02954 0.33568 0.13137
v -0.02924 -0.45077 0.18648
v -0.02922 0.36481 0.14767
v -0.02889 0.44067 0.19662
v -0.02797 -0.29355 -0.10628
v -0.02787 -0.29762 0.23337
v -0.02717 0.37162 0.15057
v -0.02707 0.34649 0.15822
v -0.02690 -0.44400 0.21422
v -0.02681 -0.43491 0.21581
v -0.02676 -0.42632 0.23984
v -0.02667 -0.42727 0.22680
v -0.02614 -0.43310 0.22784
v -0.02608 0.36944 0.15559
v -0.02603 -0.44239 0.23773
v -0.02600 -0.43333 0.20626
v -0.02548 -0.44306 0.20906
v -0.02509 0.41710 0.14942
v -0.02494 -0.31986 0.23752
v -0.02494 0.44725 0.22012
v -0.02480 0.32396 0.15708
v -0.02415 0.44107 0.20999
v -0.02384 0.28645 -0.01365
v -0.02359 0.41723 0.15393
v -0.02265 -0.32867 0.16050
v -0.02149 -0.32096 0.16084
v -0.02129 -0.44025 0.22859
v -0.02129 -0.39258 0.17479
v -0.02123 0.32384 0.14941
v -0.02052 0.40100 0.22198
v -0.02024 -0.33982 0.14827
v -0.01994 0.36154 0.14674
v -0.01984 0.35229 0.16455
v -0.01961 0.27606 -0.07858
v -0.01958 0.41865 0.13154
v -0.01950 0.33210 0.15756
v -0.01947 0.36035 0.15574
v -0.01942 0.29550 0.22240
v -0.01872 0.32940 0.14488
v -0.01851 0.37738 0.14957
v -0.01832 0.34286 0.16495
v -0.01829 0.34887 0.13492
v -0.01750 0.28545 -0.06857
v -0.01738 -0.37173 0.16179
v -0.01737 -0.29140 -0.00238
v -0.01699 -0.29072 0.03447
v -0.01668 -0.44196 0.22512
v -0.01619 -0.36071 0.16150
v -0.01483 -0.43343 0.22687
v -0.01463 -0.43521 0.09199
v -0.01436 -0.36002 0.16939
v -0.01429 -0.29249 -0.05702
v -0.01413 -0.32667 0.15996
v -0.01342 0.32600 0.17774
v -0.01327 0.34275 0.17838
v -0.01044 -0.34983 0.14903
v -0.01024 0.43948 0.08338
v -0.01016 0.33360 0.16493
v -0.00991 0.40720 0.20846
v -0.00964 0.32512 0.21010
v -0.00961 0.30464 0.19290
v -0.00926 -0.34072 0.15783
v -0.00918 0.35878 0.16365
v -0.00894 0.40591 0.21787
v -0.00886 -0.42551 0.06800
v -0.00857 0.45066 0.14871
v -0.00784 0.32492 0.21957
v -0.00771 0.43974 0.19613
v -0.00753 0.33655 0.13729
v -0.00727 0.33169 0.22206
v -0.00694 0.32606 0.16386
v -0.00654 0.35693 0.18065
v -0.00645 0.45042 0.16960
v -0.00573 0.43632 0.18995
v -0.00491 -0.44207 0.21253
v -0.00461 -0.32378 0.23313
v -0.00414 -0.44078 0.23404
v -0.00398 -0.43418 0.22584
v -0.00397 -0.29235 -0.05810
v -0.00391 0.30519 0.19001
v -0.00387 0.43676 0.21578
v -0.00340 0.33205 0.18121
v -0.00320 0.40809 0.21847
v -0.00312 0.30584 0.19668
v -0.00269 0.30673 0.20929
v -0.00262 0.45218 0.18807
v -0.00252 -0.32770 0.15638
v -0.00244 -0.30169 0.20871
v -0.00210 0.34167 0.14268
v -0.00209 -0.43487 0.21178
v -0.00208 0.42961 0.18627
v -0.00203 0.30935 0.20904
v -0.00198 -0.44453 0.12412
v -0.00198 0.28358 0.03168
v -0.00193 0.40737 0.20941
v -0.00167 0.30811 0.19526
v -0.00162 0.30444 0.22104
v -0.00152 0.38995 0.01039
v -0.00149 0.45335 0.19147
v -0.00144 -0.28519 0.03837
v -0.00141 0.33089 0.21843
v -0.00135 -0.31950 0.22268
v -0.00117 0.40067 0.21624
v -0.00115 0.28721 0.00854
v -0.00071 -0.40193 0.22426
v -0.00052 -0.31834 0.23224
v -0.00048 -0.40081 0.23419
v -0.00046 -0.44661 0.16450
v -0.00010 0.34627 0.13330
v 0.00048 0.31626 0.16412
v 0.00063 0.32480 0.21941
v 0.00067 0.28918 0.11210
v 0.00117 0.42201 0.14167
v 0.00123 -0.41930 0.15324
v 0.00131 0.32347 0.14444
v 0.00194 0.43425 0.19613
v 0.00219 -0.40863 0.11847
v 0.00249 -0.30212 0.20420
v 0.00255 0.41822 0.03937
v 0.00293 0.32210 0.13440
v 0.00323 -0.28477 0.10294
v 0.00409 -0.45176 0.20747
v 0.00415 0.33944 0.16305
v 0.00438 -0.30311 0.20757
v 0.00459 -0.42760 0.22114
v 0.00463 -0.31702 0.22253
v 0.00465 -0.33507 0.14548
v 0.00468 -0.30385 0.22834
v 0.00469 0.43897 0.18274
v 0.00470 -0.43207 0.20632
v 0.00500 0.32294 0.15676
v 0.00529 0.32371 0.20859
v 0.00564 0.40601 0.14653
v 0.00568 0.30569 0.18718
v 0.00599 -0.43190 0.22303
v 0.00621 -0.30986 0.23099
v 0.00626 -0.44425 0.21036
v 0.00659 -0.32648 0.23235
v 0.00684 -0.43619 0.23154
v 0.00705 -0.39514 0.23457
v 0.00705 -0.32649 0.22338
v 0.00710 0.32539 0.17515
v 0.00737 -0.31588 0.16561
v 0.00738 -0.39512 0.22328
v 0.00756 -0.42447 0.18498
v 0.00773 0.43188 0.06189
v 0.00788 -0.44780 0.20498
v 0.00793 -0.43275 0.21210
v 0.00815 -0.35219 0.14595
v 0.00831 0.44392 0.21804
v 0.00835 -0.43237 0.23289
v 0.00849 -0.32856 0.15547
v 0.00868 0.42633 0.20478
v 0.00874 0.44924 0.11273
v 0.00913 -0.40521 0.23251
v 0.00997 0.34471 0.14161
v 0.00998 -0.33990 0.15594
v 0.01006 0.31511 0.20710
v 0.01008 -0.31623 0.15653
v 0.01010 0.32378 0.13188
v 0.01021 0.42499 0.19061
v 0.01024 0.44599 0.18688
v 0.01029 0.40563 0.15109
v 0.01084 -0.40091 0.22367
v 0.01093 -0.29052 0.23157
v 0.01096 -0.31889 0.14825
v 0.01096 0.31913 0.20055
v 0.01100 0.41470 0.10427
v 0.01106 0.44607 0.21389
v 0.01110 0.36904 0.21627
v 0.01139 0.31307 0.19587
v 0.01150 -0.35411 0.15593
v 0.01179 0.36475 0.10243
v 0.01183 0.40511 0.01633
v 0.01219 -0.40739 0.16797
v 0.01243 -0.28088 -0.06340
v 0.01265 0.31447 0.18923
v 0.01307 -0.30397 0.19783
v 0.01382 -0.40091 0.23270
v 0.01393 0.33514 0.13642
v 0.01403 -0.41008 0.04161
v 0.01462 0.43036 0.18639
v 0.01470 0.42263 0.20556
v 0.01480 0.31894 0.19414
v 0.01501 -0.41753 0.14255
v 0.01501 -0.31450 0.22043
v 0.01501 0.35387 0.16107
v 0.01510 0.42948 0.19245
v 0.01515 -0.31895 0.14123
v 0.01566 0.42855 0.04571
v 0.01573 -0.38912 0.02186
v 0.01597 0.44912 0.20360
v 0.01606 0.32034 0.20707
v 0.01635 0.44531 0.11005
v 0.01656 0.33194 0.17849
v 0.01740 0.35794 0.17625
v 0.01748 -0.30574 0.20793
v 0.01771 0.36649 0.21623
v 0.01783 0.32614 0.16222
v 0.01817 -0.42319 0.20808
v 0.01823 -0.44347 0.20502
v 0.01834 -0.42093 0.22227
v 0.01870 -0.31200 0.20275
v 0.01878 -0.44139 0.23411
v 0.01900 0.37851 0.15060
v 0.01905 -0.33977 0.15451
v 0.01914 -0.44228 0.22404
v 0.01917 0.42989 0.20300
v 0.01942 0.36202 0.16040
v 0.01960 0.44048 0.20500
v 0.01968 0.31260 0.19506
v 0.01981 -0.41772 0.19053
v 0.02043 -0.43005 0.21365
v 0.02044 -0.43467 0.20028
v 0.02045 0.44088 0.07103
v 0.02056 0.30265 0.20718
v 0.02079 -0.36479 0.22111
v 0.02090 -0.44570 0.21481
v 0.02102 -0.32723 0.15486
v 0.02112 0.34424 0.17718
v 0.02119 0.44096 0.19272
v 0.02125 0.33231 0.16139
v 0.02131 0.31249 0.20349
v 0.02138 0.28492 0.08695
v 0.02163 -0.36188 0.23094
v 0.02173 0.36123 0.14256
v 0.02176 0.30066 0.19563
v 0.02188 0.33086 0.15349
v 0.02206 -0.36935 0.11563
v 0.02209 -0.31361 0.20576
v 0.02233 -0.30551 0.19921
v 0.02243 -0.37194 0.11718
v 0.02245 -0.39101 0.01750
v 0.02256 0.34399 0.16053
v 0.02261 0.35797 0.15311
v 0.02269 -0.31317 0.20093
v 0.02269 0.28513 -0.17903
v 0.02276 -0.31527 0.21885
v 0.02305 -0.42386 0.20230
v 0.02316 0.32752 0.14304
v 0.02329 -0.35163 0.11554
v 0.02351 -0.41314 0.03805
v 0.02363 -0.43318 0.06803
v 0.02448 0.33777 0.21639
v 0.02457 -0.35910 0.22070
v 0.02471 -0.44981 0.14295
v 0.02471 -0.42303 0.21014
v 0.02483 -0.36566 0.23089
v 0.02518 0.39771 0.21537
v 0.02531 0.36362 0.15046
v 0.02542 0.33343 0.20764
v 0.02548 -0.32666 0.16467
v 0.02552 -0.33957 0.14611
v 0.02577 0.41724 0.10624
v 0.02599 -0.30617 0.20644
v 0.02604 0.30149 0.21482
v 0.02616 0.41990 0.14484
v 0.02638 -0.35817 0.23029
v 0.02654 -0.42985 0.20439
v 0.02656 0.42031 0.12275
v 0.02677 -0.29609 0.21981
v 0.02694 0.44163 0.21153
v 0.02744 -0.42085 0.22008
v 0.02745 0.29662 -0.10192
v 0.02752 0.37687 0.14492
v 0.02770 0.45583 0.16584
v 0.02773 0.30232 0.20704
v 0.02773 0.33367 0.21576
v 0.02806 0.39494 0.10055
v 0.02842 0.44701 0.19011
v 0.02845 0.41114 0.21258
v 0.02847 0.44273 0.20447
v 0.02862 -0.29586 0.22607
v 0.02907 0.33695 0.14146
v 0.02947 0.34909 0.13044
v 0.02987 0.32719 0.21590
v 0.02990 -0.43489 0.22151
v 0.03021 -0.44104 0.21062
v 0.03023 0.32274 0.15077
v 0.03047 -0.29593 0.20586
v 0.03077 -0.34181 0.15409
v 0.03083 0.36512 0.21527
v 0.03085 0.34641 0.15230
v 0.03099 -0.37344 0.16500
v 0.03106 -0.35930 0.16474
v 0.03154 0.34674 0.10164
v 0.03185 -0.32336 0.15641
v 0.03198 -0.33261 0.22948
v 0.03230 -0.43521 0.20903
v 0.03254 0.45682 0.18408
v 0.03279 0.31225 0.21608
v 0.03287 -0.39110 0.23056
v 0.03368 -0.31994 0.16369
v 0.03370 0.36447 0.20593
v 0.03387 0.30446 0.18875
v 0.03388 -0.36488 0.15710
v 0.03392 -0.39279 0.21992
v 0.03440 -0.32781 0.21954
v 0.03440 0.29682 0.20468
v 0.03477 -0.30441 0.21683
v 0.03486 -0.33343 0.22920
v 0.03510 -0.32762 0.14572
v 0.03512 0.31140 0.20441
v 0.03513 -0.29527 0.22671
v 0.03521 0.44883 0.21043
v 0.03532 0.34472 0.15757
v 0.03533 -0.29493 0.21940
v 0.03535 -0.28202 0.10540
v 0.03610 -0.43986 0.22819
v 0.03615 -0.41771 0.16043
v 0.03619 -0.39147 0.23026
v 0.03624 0.37525 0.21692
v 0.03670 0.44224 0.19132
v 0.03716 -0.44275 0.20703
v 0.03793 0.45243 0.18823
v 0.03805 -0.32022 0.15443
v 0.03819 0.30063 0.20065
v 0.03826 -0.41018 0.15997
v 0.03840 0.42992 0.20188
v 0.03875 -0.41666 0.12229
v 0.03908 -0.44113 0.22079
v 0.03916 0.36855 0.09979
v 0.03932 -0.43491 0.22173
v 0.03933 0.35765 0.22227
v 0.03937 0.43185 0.21193
v 0.03977 -0.30447 0.22717
v 0.03988 -0.40409 0.22805
v 0.04020 0.33791 0.09938
v 0.04024 0.43098 0.19055
v 0.04049 -0.32705 0.22758
v 0.04051 0.30928 0.19461
v 0.04096 -0.45282 0.18153
v 0.04148 -0.36925 0.22941
v 0.04152 0.36552 0.14193
v 0.04181 0.37085 0.14863
v 0.04214 0.35428 -0.01537
v 0.04238 0.35629 -0.01888
v 0.04288 0.45161 0.15247
v 0.04308 0.41076 0.09894
v 0.04327 0.29692 0.21157
v 0.04327 0.42375 0.20261
v 0.04331 -0.36503 0.22083
v 0.04358 0.33258 0.14245
v 0.04391 -0.36041 0.15586
v 0.04430 0.37662 0.23751
v 0.04432 -0.35891 0.22889
v 0.04434 -0.40711 0.11558
v 0.04438 -0.32864 0.15467
v 0.04504 -0.29169 0.22467
v 0.04520 0.28448 -0.15404
v 0.04525 -0.28744 -0.08132
v 0.04527 -0.36847 0.16346
v 0.04566 -0.36100 0.23723
v 0.04572 -0.44411 0.09622
v 0.04575 0.27633 0.01161
v 0.04601 0.29510 0.19178
v 0.04611 0.45036 0.19062
v 0.04671 0.29063 -0.14904
v 0.04678 0.28943 -0.16750
v 0.04679 0.40638 0.14227
v 0.04763 0.28490 -0.15684
v 0.04769 -0.42471 0.22913
v 0.04817 -0.30596 0.20483
v 0.04835 0.42075 0.12183
v 0.04850 -0.42256 0.21889
v 0.04861 0.31086 0.20915
v 0.04864 0.27928 -0.07336
v 0.04867 -0.44538 0.21849
v 0.04886 0.33266 0.14882
v 0.04906 0.46001 0.21050
v 0.04911 -0.29450 0.21485
v 0.04937 -0.36342 0.11494
v 0.04959 -0.30270 -0.16975
v 0.04981 -0.37589 0.10871
v 0.05009 0.36861 0.09767
v 0.05041 -0.36752 0.22857
v 0.05045 0.28298 0.19898
v 0.05088 0.44067 0.21181
v 0.05111 0.43124 0.20711
v 0.05118 0.38798 0.21197
v 0.05126 0.30389 0.18144
v 0.05153 0.34643 0.21308
v 0.05162 -0.29348 -0.14855
v 0.05168 0.29422 0.22052
v 0.05176 -0.29911 -0.14244
v 0.05179 0.29242 0.20138
v 0.05191 0.43036 0.18906
v 0.05210 0.41203 0.14669
v 0.05210 0.45186 0.21140
v 0.05242 -0.29294 0.19893
v 0.05258 -0.42805 0.20654
v 0.05272 -0.44437 0.22932
v 0.05276 -0.33581 0.15718
v 0.05279 0.29239 -0.18339
v 0.05321 0.43834 0.20055
v 0.05329 -0.45224 0.20348
v 0.05347 0.29413 -0.15697
v 0.05348 -0.43142 0.21989
v 0.05358 0.35458 0.21548
v 0.05366 0.28427 0.21564
v 0.05393 0.33215 0.20348
v 0.05404 -0.30867 0.22696
v 0.05408 -0.34558 0.11306
v 0.05426 0.30239 0.21542
v 0.05437 -0.29776 -0.15752
v 0.05439 0.32581 0.14820
v 0.05448 0.32190 0.12371
v 0.05448 0.42734 0.18345
v 0.05453 -0.40005 0.16324
v 0.05515 0.32416 0.10253
v 0.05563 -0.42465 0.21831
v 0.05587 0.30171 0.19439
v 0.05590 -0.41249 0.15831
v 0.05606 0.37404 0.14200
v 0.05607 0.28281 -0.17077
v 0.05612 0.35267 0.20304
v 0.05630 -0.28648 0.21368
v 0.05632 0.37515 0.21006
v 0.05636 -0.27731 0.11534
v 0.05650 0.42010 0.20855
v 0.05651 0.39436 0.23470
v 0.05663 -0.32602 0.16141
v 0.05678 -0.30530 0.21725
v 0.05705 0.44521 0.22143
v 0.05708 0.32823 0.21160
v 0.05709 0.35725 0.09847
v 0.05715 -0.28435 0.20581
v 0.05723 -0.44428 0.21304
v 0.05734 0.28768 -0.18548
v 0.05760 -0.41301 0.16311
v 0.05761 -0.41890 0.04805
v 0.05793 -0.36126 0.10757
v 0.05795 0.38661 0.20268
v 0.05810 0.27459 -0.08002
v 0.05873 0.31369 0.19241
v 0.05885 0.32441 0.20290
v 0.05888 0.41257 0.20927
v 0.05900 -0.37022 0.15672
v 0.05904 -0.29444 0.20401
v 0.05908 -0.36469 0.22496
v 0.05944 -0.30101 0.19303
v 0.05948 -0.43107 0.22633
v 0.05955 -0.43596 0.08024
v 0.05964 -0.30210 -0.17205
v 0.05971 -0.29468 0.22735
v 0.05974 -0.37134 0.11231
v 0.05985 -0.36012 0.21642
v 0.06021 0.45094 0.19713
v 0.06025 0.34394 0.22141
v 0.06032 0.28500 -0.13619
v 0.06041 -0.37991 0.22726
v 0.06045 -0.42883 0.22690
v 0.06071 -0.32453 0.21632
v 0.06084 0.38504 0.22407
v 0.06089 0.39042 0.21282
v 0.06099 0.28343 -0.18321
v 0.06125 -0.36066 0.15660
v 0.06143 0.42979 0.19959
v 0.06147 -0.33916 0.22444
v 0.06189 0.46038 0.19394
v 0.06212 -0.40720 0.22618
v 0.06217 0.34607 0.21104
v 0.06222 -0.41964 0.14043
v 0.06245 -0.39347 0.11260
v 0.06247 0.43984 0.18846
v 0.06252 -0.43928 0.23945
v 0.06256 0.33752 0.21337
v 0.06271 0.29379 0.21242
v 0.06273 -0.44475 0.22950
v 0.06274 0.29132 -0.18578
v 0.06283 -0.44806 0.16256
v 0.06290 0.44108 0.21188
v 0.06309 0.45003 0.18862
v 0.06311 -0.40793 0.16251
v 0.06313 -0.34865 0.22878
v 0.06313 0.30064 0.22304
v 0.06321 -0.28059 0.22531
v 0.06327 -0.30310 -0.14316
v 0.06347 -0.29288 -0.14884
v 0.06362 0.45626 0.21062
v 0.06365 0.36446 0.14178
v 0.06379 -0.31595 0.21439
v 0.06388 -0.45561 0.23033
v 0.06401 0.29237 0.19354
v 0.06408 -0.42321 0.19988
v 0.06412 0.39603 0.14581
v 0.06427 -0.29472 -0.17123
v 0.06437 0.42042 0.14316
v 0.06440 -0.38352 0.22503
v 0.06476 0.29376 0.20117
v 0.06500 0.28559 -0.15597
v 0.06506 0.30229 0.21437
v 0.06513 -0.44867 0.19937
v 0.06542 0.29267 -0.13273
v 0.06554 -0.36038 0.21586
v 0.06583 -0.33503 0.11046
v 0.06588 -0.29449 0.20737
v 0.06613 0.40914 0.01947
v 0.06614 0.31490 0.20236
v 0.06667 0.43834 0.18016
v 0.06685 -0.38028 0.23495
v 0.06737 0.29401 -0.14253
v 0.06750 0.45117 0.19747
v 0.06757 -0.34033 0.23405
v 0.06788 0.28827 0.21130
v 0.06811 0.42078 0.11968
v 0.06812 -0.43572 0.19585
v 0.06830 -0.42090 0.21781
v 0.06836 0.28125 -0.12794
v 0.06855 -0.42360 0.20431
v 0.06861 -0.32517 0.21536
v 0.06885 0.29253 0.19228
v 0.06896 -0.40747 0.22553
v 0.06916 0.37914 -0.00898
v 0.06918 -0.28391 0.20504
v 0.06933 0.45190 0.20891
v 0.06941 -0.38837 0.22707
v 0.06951 -0.29226 -0.17277
v 0.06952 0.29716 -0.13057
v 0.06953 0.45734 0.18465
v 0.06956 0.43151 0.18746
v 0.06958 0.42390 0.19997
v 0.06993 -0.33822 0.11237
v 0.06996 -0.44296 0.19953
v 0.07016 -0.41159 0.11314
v 0.07018 -0.29875 -0.17477
v 0.07030 0.43267 0.20730
v 0.07058 -0.29413 0.22697
v 0.07071 -0.33641 0.22568
v 0.07079 -0.43375 0.22818
v 0.07081 -0.44354 0.21516
v 0.07114 -0.29306 0.23349
v 0.07126 -0.37853 0.22606
v 0.07162 0.34901 0.14600
v 0.07173 -0.44349 0.20563
v 0.07187 -0.44307 0.22894
v 0.07187 -0.36094 0.15559
v 0.07187 0.43058 0.19782
v 0.07194 0.30884 0.20808
v 0.07200 0.30475 0.17655
v 0.07249 0.30287 0.18991
v 0.07254 -0.36343 0.16063
v 0.07318 -0.41832 0.14081
v 0.07327 -0.28545 0.21035
v 0.07349 -0.29298 -0.15218
v 0.07357 -0.28899 -0.13577
v 0.07367 -0.30528 0.21389
v 0.07392 0.28582 -0.18373
v 0.07394 -0.33703 -0.02793
v 0.07394 0.36707 0.21025
v 0.07401 -0.43950 0.23885
v 0.07429 0.28090 -0.14921
v 0.07454 0.28987 0.10473
v 0.07464 -0.44909 0.21861
v 0.07466 -0.31426 0.22731
v 0.07473 -0.28860 -0.11683
v 0.07486 -0.30603 0.22295
v 0.07499 -0.30014 0.18874
v 0.07500 -0.29922 -0.13860
v 0.07515 0.29649 0.19987
v 0.07563 -0.27842 0.01630
v 0.07572 0.28246 -0.06954
v 0.07625 -0.30457 -0.11882
v 0.07663 -0.35377 -0.01157
v 0.07664 0.28066 -0.16310
v 0.07683 0.33104 0.14102
v 0.07694 -0.29344 0.22360
v 0.07732 0.38439 0.21218
v 0.07746 -0.28858 0.20031
v 0.07752 0.39563 0.13941
v 0.07775 0.39620 0.14434
v 0.07782 0.29436 -0.15858
v 0.07824 -0.43127 0.21949
v 0.07829 -0.29278 -0.12610
v 0.07852 -0.29779 -0.17152
v 0.07866 -0.43163 0.20484
v 0.07895 0.28340 -0.02404
v 0.07934 -0.42302 0.21498
v 0.07986 0.36790 0.21854
v 0.07991 -0.44452 0.21340
v 0.07996 0.36886 0.19870
v 0.08006 -0.30415 0.20140
v 0.08009 -0.42396 0.22386
v 0.08034 0.36165 0.15017
v 0.08092 -0.29980 -0.12659
v 0.08095 -0.30032 -0.16094
v 0.08100 0.29169 -0.14500
v 0.08145 0.44297 0.20492
v 0.08160 0.38720 0.16617
v 0.08176 0.44239 0.18642
v 0.08188 0.43195 0.20728
v 0.08199 0.34535 0.16617
v 0.08247 0.38982 0.09457
v 0.08258 0.27778 0.09798
v 0.08259 0.29557 0.18773
v 0.08268 0.35599 0.17760
v 0.08283 -0.35761 0.22397
v 0.08285 0.38704 0.17871
v 0.08285 0.44441 0.19691
v 0.08306 0.28693 -0.18613
v 0.08322 0.30945 0.19826
v 0.08340 0.28825 -0.17422
v 0.08341 0.41088 0.19889
v 0.08354 0.31147 0.21092
v 0.08369 -0.39326 0.15510
v 0.08402 -0.28911 -0.14804
v 0.08412 0.28506 -0.14695
v 0.08414 0.28466 -0.16737
v 0.08414 0.30291 0.20079
v 0.08496 -0.28646 -0.01286
v 0.08497 0.28799 -0.00031
v 0.08565 0.30265 0.20838
v 0.08570 -0.45025 0.14096
v 0.08638 -0.34160 0.15878
v 0.08649 0.41636 0.09825
v 0.08652 0.40790 0.20833
v 0.08660 -0.34074 0.15371
v 0.08662 0.32748 0.20921
v 0.08813 -0.35708 0.10936
v 0.08829 -0.38980 0.15952
v 0.08831 -0.36053 0.23260
v 0.08839 -0.42363 0.22479
v 0.08860 0.43957 0.17239
v 0.08863 -0.29438 0.21235
v 0.08879 0.33799 -0.03829
v 0.08909 -0.36492 0.22458
v 0.08911 -0.30688 0.21213
v 0.08944 0.39838 0.19827
v 0.08970 0.33436 0.19992
v 0.08979 0.39737 0.20844
v 0.08991 -0.29705 0.22218
v 0.08994 0.44130 0.18476
v 0.09042 -0.35847 0.21402
v 0.09097 0.44190 0.20546
v 0.09121 0.34913 0.15763
v 0.09132 0.44225 0.19835
v 0.09138 0.33614 0.20962
v 0.09154 -0.43967 0.21617
v 0.09168 0.32160 0.11914
v 0.09170 -0.38169 0.11047
v 0.09170 0.43035 0.18527
v 0.09175 0.43209 0.17760
v 0.09213 -0.43472 0.22290
v 0.09229 0.44726 0.20428
v 0.09246 0.31304 0.18720
v 0.09247 -0.28637 0.19271
v 0.09255 0.30154 0.18828
v 0.09260 -0.29309 -0.15208
v 0.09275 -0.29146 -0.06845
v 0.09281 -0.28992 0.01078
v 0.09281 0.42950 0.19516
v 0.09282 -0.28729 -0.06051
v 0.09287 0.29729 0.19872
v 0.09296 -0.29533 0.20029
v 0.09304 -0.35816 0.22334
v 0.09308 0.30286 0.20110
v 0.09343 0.42058 0.11892
v 0.09372 0.29623 -0.14204
v 0.09388 0.30178 0.20726
v 0.09437 -0.32466 0.22271
v 0.09488 -0.30733 -0.09652
v 0.09498 -0.44098 0.22297
v 0.09504 -0.43994 0.20362
v 0.09506 0.37624 0.19022
v 0.09510 -0.33146 0.21508
v 0.09533 -0.41688 0.15954
v 0.09542 -0.40409 0.22198
v 0.09568 0.35776 0.19058
v 0.09598 0.36694 0.20852
v 0.09643 0.36875 0.19685
v 0.09646 -0.33246 0.22321
v 0.09661 0.44991 0.20819
v 0.09662 0.29255 -0.18706
v 0.09682 0.28520 -0.18812
v 0.09685 -0.39785 0.22454
v 0.09698 0.31924 0.18170
v 0.09699 0.44980 0.18396
v 0.09748 0.42958 0.17821
v 0.09807 0.41866 0.13471
v 0.09812 0.34592 0.17865
v 0.09818 0.31482 0.17894
v 0.09822 -0.39104 0.22332
v 0.09823 -0.29164 -0.08076
v 0.09824 0.43827 0.18911
v 0.09868 -0.43258 0.19510
v 0.09908 -0.30554 0.19124
v 0.09910 -0.41473 0.11401
v 0.09929 -0.30308 0.21048
v 0.09930 -0.41823 0.13272
v 0.09934 -0.30245 -0.10190
v 0.09946 0.32378 0.13759
v 0.10005 -0.29533 0.21261
v 0.10022 0.29226 -0.15806
v 0.10027 0.36820 0.19596
v 0.10054 -0.30464 0.19930
v 0.10055 0.42999 0.18332
v 0.10066 0.42202 0.02513
v 0.10076 0.38061 0.15217
v 0.10080 0.30652 0.18795
v 0.10082 0.42357 0.18232
v 0.10089 -0.31853 0.13235
v 0.10090 -0.43992 0.21337
v 0.10101 -0.29463 0.21887
v 0.10105 0.32334 0.14233
v 0.10118 0.30125 -0.10990
v 0.10124 0.31545 0.18570
v 0.10124 0.41862 0.14156
v 0.10127 -0.42415 0.20266
v 0.10139 0.32145 0.19838
v 0.10163 -0.35042 -0.01152
v 0.10182 -0.31188 0.19974
v 0.10196 -0.31341 0.20964
v 0.10213 -0.36095 0.21206
v 0.10228 -0.32231 0.11520
v 0.10234 -0.43482 0.21478
v 0.10244 -0.43451 0.22261
v 0.10245 0.36726 0.20782
v 0.10256 -0.43279 0.20104
v 0.10263 0.42863 0.19524
v 0.10299 0.35837 0.19675
v 0.10302 -0.39147 0.00972
v 0.10312 -0.30018 -0.17596
v 0.10326 -0.44259 0.10943
v 0.10355 -0.41677 0.13419
v 0.10369 0.28574 0.10853
v 0.10374 -0.29298 -0.17719
v 0.10409 0.30493 0.19773
v 0.10428 0.31608 0.19675
v 0.10491 -0.29882 -0.14157
v 0.10532 -0.41728 0.21366
v 0.10568 -0.44545 0.20076
v 0.10578 -0.36336 0.22262
v 0.10597 -0.32127 0.21169
v 0.10605 -0.30267 -0.14537
v 0.10635 0.31681 0.15310
v 0.10663 0.44145 0.06005
v 0.10707 0.30701 0.17774
v 0.10723 -0.42230 0.19435
v 0.10765 -0.31249 0.19779
v 0.10784 0.45415 0.13339
v 0.10791 -0.31162 0.19230
v 0.10811 -0.31797 0.14920
v 0.10830 0.43132 0.17131
v 0.10836 -0.43282 0.19177
v 0.10866 0.33049 -0.04247
v 0.10880 -0.30488 0.19844
v 0.10929 0.43749 0.19166
v 0.10958 -0.31411 0.21059
v 0.10958 0.43987 0.17650
v 0.10996 -0.44199 0.22325
v 0.10999 -0.41926 0.21252
v 0.11006 -0.43186 0.21068
v 0.11027 0.31574 -0.06140
v 0.11047 0.45005 0.13370
v 0.11075 0.28094 -0.09806
v 0.11090 -0.36207 0.22045
v 0.11100 0.37840 0.14140
v 0.11110 -0.30315 -0.12136
v 0.11147 -0.31888 0.15576
v 0.11151 -0.35718 0.22146
v 0.11159 0.39209 0.13611
v 0.11163 -0.31401 0.15814
v 0.11170 0.44006 0.06924
v 0.11172 -0.30747 0.20835
v 0.11205 -0.33002 -0.03994
v 0.11206 0.43138 0.19481
v 0.11217 0.27566 -0.08996
v 0.11261 0.30898 0.18243
v 0.11276 -0.39024 0.15218
v 0.11301 -0.35944 0.15141
v 0.11326 0.43954 0.18240
v 0.11360 0.31947 -0.06322
v 0.11364 -0.33366 -0.02916
v 0.11375 -0.32286 0.15561
v 0.11383 -0.32460 0.15061
v 0.11389 0.44769 0.08660
v 0.11392 0.43842 0.17661
v 0.11418 -0.44423 0.21194
v 0.11455 0.40967 0.20638
v 0.11479 0.29244 0.17961
v 0.11506 0.30602 0.19698
v 0.11512 -0.32259 0.10933
v 0.11558 0.30738 0.18413
v 0.11565 0.44082 0.20076
v 0.11570 0.41953 0.11878
v 0.11590 0.33260 0.20701
v 0.11590 0.40179 0.20575
v 0.11609 0.32310 0.20838
v 0.11615 0.32545 0.19812
v 0.11638 0.45311 0.17618
v 0.11671 -0.45132 0.19671
v 0.11699 -0.41395 0.02958
v 0.11732 0.40827 0.19602
v 0.11735 -0.35845 0.15597
v 0.11771 -0.30162 0.18911
v 0.11793 0.35594 0.13610
v 0.11808 0.41770 0.10453
v 0.11826 -0.28968 0.00834
v 0.11826 0.28849 0.00879
v 0.11828 0.31149 0.19722
v 0.11830 0.36293 0.14098
v 0.11854 -0.37451 0.15116
v 0.11870 0.30842 0.20724
v 0.11894 -0.43033 0.05378
v 0.11909 0.30604 0.17978
v 0.11938 0.40387 0.00320
v 0.11942 0.28614 -0.18818
v 0.11983 -0.32407 -0.04234
v 0.12005 -0.30376 0.19640
v 0.12057 -0.31578 0.21099
v 0.12084 -0.31999 -0.05705
v 0.12095 -0.39972 0.22079
v 0.12124 -0.40189 0.21233
v 0.12140 0.43403 0.19447
v 0.12140 0.44151 0.19504
v 0.12150 0.30368 0.18553
v 0.12167 -0.32591 0.21016
v 0.12190 -0.28923 -0.17578
v 0.12192 -0.44503 0.19912
v 0.12242 -0.43153 0.19401
v 0.12243 -0.32534 0.21993
v 0.12272 -0.44021 0.07771
v 0.12296 -0.28945 0.02018
v 0.12316 -0.43273 0.22131
v 0.12317 -0.42596 0.20198
v 0.12332 0.40718 0.20625
v 0.12349 -0.30395 0.20913
v 0.12363 -0.28510 0.19087
v 0.12368 -0.29771 -0.17699
v 0.12395 -0.31582 0.22059
v 0.12395 -0.28459 0.19407
v 0.12397 0.44261 0.20153
v 0.12437 -0.42945 0.21142
v 0.12453 0.32618 0.20616
v 0.12499 -0.39342 0.22087
v 0.12549 -0.40651 0.22203
v 0.12624 -0.42037 0.15477
v 0.12659 -0.30033 0.19156
v 0.12674 -0.39893 0.21320
v 0.12700 -0.30162 0.21892
v 0.12749 -0.30419 0.20912
v 0.12797 0.28655 -0.09539
v 0.12834 0.28422 -0.08135
v 0.12842 -0.30077 0.19540
v 0.12888 0.28585 -0.19143
v 0.13007 -0.32403 0.21049
v 0.13048 -0.43445 0.19889
v 0.13075 -0.31875 0.20983
v 0.13094 -0.31987 0.21858
v 0.13101 0.37832 -0.01112
v 0.13122 -0.28511 0.02983
v 0.13156 -0.43327 0.21924
v 0.13157 -0.43319 0.21178
v 0.13196 0.41172 0.08823
v 0.13217 0.43554 0.19282
v 0.13227 -0.40041 0.22215
v 0.13232 -0.32367 0.22088
v 0.13282 0.44936 0.19150
v 0.13304 0.30158 0.19989
v 0.13350 -0.31388 -0.07204
v 0.13384 -0.44481 0.14219
v 0.13392 -0.30948 -0.08652
v 0.13429 0.34917 -0.02778
v 0.13458 0.28080 -0.18929
v 0.13486 -0.29928 -0.17843
v 0.13499 -0.35651 -0.00989
v 0.13514 0.29610 -0.11851
v 0.13528 -0.29297 -0.18030
v 0.13554 0.44391 0.20159
v 0.13605 -0.27837 0.01456
v 0.13666 -0.41241 0.11207
v 0.13740 0.44141 0.17891
v 0.13847 0.29113 -0.16038
v 0.14007 -0.28391 0.08628
v 0.14017 0.42879 0.03933
v 0.14021 -0.30554 -0.08632
v 0.14051 0.34026 0.12866
v 0.14071 0.41866 0.11871
v 0.14145 0.38627 0.19873
v 0.14196 0.39199 -0.00460
v 0.14235 -0.31908 0.14761
v 0.14246 -0.44068 0.19662
v 0.14255 -0.34830 -0.02199
v 0.14279 0.30512 -0.09825
v 0.14334 -0.43063 0.21156
v 0.14357 0.43977 0.17087
v 0.14359 0.36298 0.12792
v 0.14371 0.39015 0.12853
v 0.14386 -0.43494 0.21918
v 0.14397 -0.41305 0.14936
v 0.14412 0.35568 0.11699
v 0.14420 0.35476 0.19290
v 0.14421 0.38120 0.11718
v 0.14432 0.43495 0.20209
v 0.14435 -0.30975 -0.07237
v 0.14448 0.41470 0.09282
v 0.14472 0.37827 0.19252
v 0.14511 0.42565 0.02844
v 0.14524 0.44236 0.19174
v 0.14527 0.36749 -0.02033
v 0.14542 -0.44063 0.21071
v 0.14574 0.28804 0.17543
v 0.14632 -0.43640 0.19317
v 0.14704 0.41369 0.01682
v 0.14734 0.28369 0.08259
v 0.14744 0.30478 0.20573
v 0.14760 0.40340 0.19158
v 0.14824 0.44154 0.19897
v 0.14913 0.43374 0.19117
v 0.14956 0.30611 0.17667
v 0.15008 0.27958 0.09421
v 0.15012 0.32618 0.20616
v 0.15049 0.44352 0.18059
v 0.15132 0.40610 0.08797
v 0.15164 0.45108 0.17243
v 0.15183 -0.44598 0.12339
v 0.15210 0.40997 0.20443
v 0.15231 0.28855 -0.00716
v 0.15232 0.37499 0.12535
v 0.15238 0.45025 0.17675
v 0.15242 -0.37146 -0.00419
v 0.15262 0.43935 0.06577
v 0.15274 0.29806 0.19260
v 0.15291 -0.41780 0.03800
v 0.15297 0.30638 0.17624
v 0.15301 0.43425 0.17784
v 0.15355 -0.43946 0.20794
v 0.15389 -0.41684 0.14384
v 0.15392 0.43359 0.17263
v 0.15428 0.38448 0.17784
v 0.15508 -0.39408 0.01147
v 0.15511 0.44347 0.09909
v 0.15518 0.30808 0.19133
v 0.15544 -0.40670 0.10280
v 0.15547 0.28261 -0.10824
v 0.15588 -0.43919 0.21854
v 0.15596 0.31011 0.19353
v 0.15602 -0.43502 0.19936
v 0.15607 -0.29831 0.21866
v 0.15607 0.28041 -0.00767
v 0.15621 -0.43234 0.20912
v 0.15623 0.43246 0.18967
v 0.15670 0.31045 0.18179
v 0.15673 0.30691 0.17995
v 0.15689 -0.43086 0.21624
v 0.15689 0.32614 0.13294
v 0.15715 0.37712 0.19904
v 0.15830 -0.29369 -0.17936
v 0.15888 0.31042 0.17566
v 0.15913 0.35528 0.12334
v 0.15924 0.44988 0.13730
v 0.15974 -0.31612 -0.05891
v 0.15976 0.38140 -0.01600
v 0.15988 0.36529 0.11698
v 0.16001 0.44403 0.19918
v 0.16004 0.41758 0.12683
v 0.16010 0.34576 0.11128
v 0.16120 -0.43567 0.07571
v 0.16129 0.32047 0.13428
v 0.16136 0.35514 0.11579
v 0.16150 -0.44518 0.18957
v 0.16151 -0.30136 0.18737
v 0.16158 0.35249 0.20194
v 0.16273 -0.30181 0.19204
v 0.16299 0.34566 0.12779
v 0.16309 0.30645 0.16892
v 0.16352 -0.42995 0.18974
v 0.16360 0.43550 0.16620
v 0.16370 0.41688 0.11178
v 0.16382 0.38761 0.12523
v 0.16398 0.32295 0.12753
v 0.16406 -0.44257 0.19466
v 0.16428 0.44760 0.18815
v 0.16447 -0.30391 0.20483
v 0.16457 -0.42887 0.19436
v 0.16507 0.35867 0.19775
v 0.16543 0.38781 0.11160
v 0.16550 0.41491 0.13066
v 0.16565 -0.42420 0.20723
v 0.16593 0.44274 0.19831
v 0.16595 0.33847 0.11153
v 0.16611 0.36649 0.12418
v 0.16640 0.32159 0.11360
v 0.16677 0.28406 0.00900
v 0.16682 0.42326 0.18855
v 0.16690 0.31497 0.17473
v 0.16714 0.34687 0.11367
v 0.16715 0.30125 -0.10006
v 0.16716 0.27960 0.08587
v 0.16734 0.31465 0.17832
v 0.16777 0.31543 0.19003
v 0.16851 -0.31568 0.14824
v 0.16854 -0.41480 0.14395
v 0.16873 0.39729 0.12701
v 0.16882 -0.43257 0.21718
v 0.16910 0.30955 0.20226
v 0.16934 0.34337 0.12498
v 0.16948 0.32512 0.19020
v 0.16962 -0.44492 0.16018
v 0.16963 0.41530 0.13471
v 0.16964 0.28405 -0.01522
v 0.16993 0.43664 0.20207
v 0.17012 0.37251 0.11067
v 0.17039 0.42233 0.17119
v 0.17043 0.33740 0.12921
v 0.17044 -0.28376 -0.00157
v 0.17052 -0.30093 0.18184
v 0.17113 -0.29961 -0.18115
v 0.17174 0.43269 0.17143
v 0.17176 0.31985 0.17424
v 0.17197 -0.31735 0.12627
v 0.17225 -0.28875 -0.18036
v 0.17260 -0.31074 0.18847
v 0.17315 -0.29074 -0.07736
v 0.17328 0.42344 0.17690
v 0.17331 -0.42618 0.20332
v 0.17416 -0.28293 0.11671
v 0.17428 0.42064 0.18848
v 0.17451 0.37624 0.12226
v 0.17508 -0.42011 0.19830
v 0.17538 -0.30164 0.21305
v 0.17546 0.28520 0.01316
v 0.17556 0.38125 0.19888
v 0.17580 0.31483 0.17224
v 0.17587 0.43058 0.17711
v 0.17665 0.44021 0.18904
v 0.17688 0.32370 0.19088
v 0.17695 -0.30485 0.20244
v 0.17747 -0.41176 0.12479
v 0.17750 0.44126 0.19592
v 0.17759 0.43283 0.18821
v 0.17802 0.43303 0.19745
v 0.17813 -0.33326 0.14927
v 0.17825 -0.40901 0.10638
v 0.17838 0.31479 0.17844
v 0.17870 0.30336 0.19216
v 0.17906 0.30939 0.19054
v 0.17907 0.30239 0.19894
v 0.17942 0.38686 0.12256
v 0.17972 0.37520 0.11310
v 0.17985 0.38800 0.11399
v 0.18007 -0.29817 0.17801
v 0.18013 0.29813 0.18983
v 0.18046 -0.42502 0.21628
v 0.18046 0.36635 0.11264
v 0.18057 -0.31062 0.18462
v 0.18074 0.30243 0.17931
v 0.18099 -0.41270 0.20563
v 0.18117 0.39740 0.12409
v 0.18142 0.32895 0.20061
v 0.18153 0.40718 0.19872
v 0.18158 0.31179 0.20086
v 0.18162 0.29013 -0.18969
v 0.18167 0.30919 0.16530
v 0.18221 0.33198 0.20032
v 0.18224 0.40490 0.18738
v 0.18226 0.40418 0.19897
v 0.18228 -0.28305 0.01774
v 0.18229 -0.30593 0.18458
v 0.18242 -0.41836 0.18542
v 0.18257 -0.31361 0.20277
v 0.18271 -0.40433 0.01723
v 0.18274 -0.32580 0.14869
v 0.18326 -0.40764 0.15031
v 0.18331 0.44097 0.17566
v 0.18343 0.31720 0.18607
v 0.18356 -0.31113 0.19082
v 0.18363 0.33137 0.19025
v 0.18365 0.28591 -0.19505
v 0.18366 0.32927 0.18965
v 0.18375 -0.30466 0.19115
v 0.18393 0.36929 0.12271
v 0.18427 0.39409 0.11040
v 0.18434 -0.29496 0.19005
v 0.18439 0.43535 0.18703
v 0.18460 0.32910 0.20028
v 0.18475 -0.28254 0.11233
v 0.18513 -0.42072 0.18700
v 0.18513 0.29333 -0.14152
v 0.18528 -0.30225 0.20139
v 0.18529 0.43587 0.19501
v 0.18532 0.33214 0.20015
v 0.18569 0.40385 0.19863
v 0.18571 -0.43169 0.19454
v 0.18598 -0.29363 0.21095
v 0.18618 -0.43127 0.20671
v 0.18622 0.40233 -0.00139
v 0.18630 -0.29412 0.20375
v 0.18650 0.44266 0.18630
v 0.18659 -0.43169 0.21271
v 0.18662 0.30339 0.19118
v 0.18662 0.44079 0.19638
v 0.18688 0.30336 0.19800
v 0.18698 0.32726 0.08903
v 0.18719 -0.30137 0.21304
v 0.18719 0.29677 -0.15185
v 0.18749 -0.42354 0.20431
v 0.18760 -0.42317 0.19368
v 0.18768 0.41383 0.10937
v 0.18774 0.32313 0.11006
v 0.18776 0.30980 -0.08971
v 0.18782 -0.32203 0.14341
v 0.18791 0.34271 -0.04234
v 0.18807 -0.32247 0.21260
v 0.18848 0.40838 0.19928
v 0.18849 -0.39603 0.21612
v 0.18854 0.30564 0.16640
v 0.18871 -0.42411 0.21538
v 0.18891 0.43578 0.17533
v 0.18896 0.36709 0.12495
v 0.18901 0.37486 0.18149
v 0.18929 0.30617 -0.08742
v 0.18952 0.37993 0.18658
v 0.18978 -0.29449 0.19168
v 0.18980 0.33463 -0.04438
v 0.19026 0.44952 0.16832
v 0.19052 -0.39804 0.20473
v 0.19053 0.36932 0.19885
v 0.19064 0.36778 0.18792
v 0.19068 -0.32248 0.20317
v 0.19071 -0.39146 0.21706
v 0.19117 -0.43220 0.19135
v 0.19138 -0.43872 0.20373
v 0.19145 -0.35995 0.21613
v 0.19149 -0.32263 0.10257
v 0.19153 0.34954 0.14808
v 0.19168 -0.29306 -0.18465
v 0.19190 0.34770 0.17130
v 0.19218 0.41470 0.10674
v 0.19227 -0.32272 0.21297
v 0.19264 -0.39672 0.20441
v 0.19327 -0.43023 0.18351
v 0.19334 -0.40671 0.14483
v 0.19336 0.35968 0.14187
v 0.19398 -0.39748 0.21434
v 0.19424 0.38444 0.14673
v 0.19440 -0.33763 -0.02942
v 0.19443 0.38963 0.16006
v 0.19468 0.34717 0.15457
v 0.19471 0.36884 0.18858
v 0.19475 -0.44049 0.18758
v 0.19479 0.32768 0.20194
v 0.19563 -0.44357 0.18871
v 0.19575 0.38016 0.17530
v 0.19635 0.36797 0.19731
v 0.19681 -0.43158 0.20550
v 0.19711 -0.36686 0.21379
v 0.19720 -0.35817 0.21238
v 0.19752 -0.35903 0.20292
v 0.19788 -0.36098 0.20297
v 0.19807 0.37905 0.10542
v 0.19832 0.36157 0.18651
v 0.19848 -0.43252 0.21265
v 0.19932 0.43242 0.04274
v 0.19937 0.29995 -0.11600
v 0.19947 -0.42184 0.04126
v 0.19951 0.30474 0.19732
v 0.19952 0.30557 0.19013
v 0.20091 0.59637 0.14468
v 0.20121 0.39344 0.11931
v 0.20136 0.28443 -0.18899
v 0.20141 0.30610 0.17696
v 0.20164 0.36415 0.12308
v 0.20200 -0.43943 0.10348
v 0.20209 -0.40903 0.12396
v 0.20238 -0.30475 -0.11484
v 0.20342 0.29420 -0.19312
v 0.20390 0.43115 0.18639
v 0.20406 0.37100 0.15654
v 0.20416 -0.30008 0.19932
v 0.20424 0.29853 0.19632
v 0.20431 0.41583 0.18637
v 0.20437 -0.36310 0.21257
v 0.20438 -0.35871 0.20211
v 0.20475 -0.27917 0.00129
v 0.20492 0.42021 0.18536
v 0.20536 -0.42411 0.19063
v 0.20566 -0.28649 -0.09675
v 0.20572 0.28748 -0.09297
v 0.20602 -0.29456 0.18908
v 0.20628 0.29231 -0.15398
v 0.20650 -0.35864 0.21127
v 0.20708 0.43426 0.19395
v 0.20715 0.43924 0.18367
v 0.20722 0.29553 0.17524
v 0.20742 0.27760 -0.00543
v 0.20749 0.35751 0.10610
v 0.20763 -0.29693 -0.17889
v 0.20793 -0.43104 0.19219
v 0.20807 0.42010 0.17237
v 0.20824 0.30387 0.18678
v 0.20844 0.43017 0.17342
v 0.20875 0.32568 0.09067
v 0.20896 -0.42350 0.20459
v 0.20934 -0.42798 0.21138
v 0.20943 0.37019 0.16649
v 0.20954 -0.30798 -0.08473
v 0.20958 -0.43280 0.20249
v 0.21077 0.33232 0.08280
v 0.21101 0.28299 -0.08933
v 0.21119 0.30344 0.19655
v 0.21123 0.28739 0.18155
v 0.21127 0.34289 0.12124
v 0.21139 0.32116 -0.06902
v 0.21164 -0.38314 -0.00297
v 0.21170 -0.41234 0.18928
v 0.21170 0.43995 0.07268
v 0.21219 -0.32000 0.10252
v 0.21237 0.37492 0.12091
v 0.21310 -0.42777 0.06682
v 0.21319 0.29568 0.20634
v 0.21339 0.35079 -0.03706
v 0.21400 0.36497 -0.02317
v 0.21403 0.44300 0.18128
v 0.21409 0.43627 0.20055
v 0.21415 -0.27513 0.09733
v 0.21420 0.40143 0.08071
v 0.21456 -0.29439 0.19952
v 0.21466 -0.29255 0.18727
v 0.21485 0.39582 0.12068
v 0.21492 0.44395 0.16650
v 0.21507 0.40220 0.12521
v 0.21561 0.44179 0.17307
v 0.21567 -0.41007 0.20078
v 0.21615 -0.43377 0.07306
v 0.21635 0.44730 0.13607
v 0.21661 -0.29264 0.20883
v 0.21704 0.41438 0.01893
v 0.21730 0.33109 0.13143
v 0.21735 -0.28072 -0.08995
v 0.21768 0.41180 0.00965
v 0.21776 0.32809 0.08324
v 0.21797 0.29442 0.19662
v 0.21804 0.42944 0.19579
v 0.21810 -0.43335 0.20226
v 0.21810 -0.28710 0.18621
v 0.21810 0.45164 0.19085
v 0.21827 0.43268 0.17858
v 0.21828 -0.42136 0.20219
v 0.21832 0.36162 0.08207
v 0.21852 -0.32858 0.09558
v 0.21862 -0.43057 0.21151
v 0.21865 0.36529 0.11335
v 0.21869 0.30489 0.19857
v 0.21880 0.32566 0.08833
v 0.21882 -0.28258 0.19522
v 0.21882 0.42146 0.18402
v 0.21889 0.40710 0.08465
v 0.21892 0.38716 -0.00934
v 0.21913 0.37634 0.11412
v 0.21926 0.32565 0.12707
v 0.21933 0.44133 0.19570
v 0.21984 0.38876 0.11906
v 0.21991 0.36802 0.15064
v 0.21992 0.35501 0.11152
v 0.21994 0.40755 0.19418
v 0.22012 0.33009 0.08616
v 0.22017 -0.28218 0.21258
v 0.22021 0.38909 0.10628
v 0.22022 0.28647 0.06959
v 0.22035 0.29901 0.16962
v 0.22038 0.35690 0.11874
v 0.22042 0.33330 0.18653
v 0.22057 0.40766 0.12983
v 0.22091 0.28498 -0.02436
v 0.22111 -0.30481 0.18786
v 0.22119 0.34486 0.12096
v 0.22119 0.34576 0.10858
v 0.22132 0.33906 0.10691
v 0.22145 -0.31885 0.14093
v 0.22169 0.42275 0.19050
v 0.22174 0.40094 0.12964
v 0.22196 0.33951 0.11987
v 0.22241 0.40183 0.19362
v 0.22250 0.28276 0.07848
v 0.22256 0.32735 0.19185
v 0.22261 0.31490 0.17547
v 0.22263 0.34330 0.13077
v 0.22264 0.44564 0.16794
v 0.22288 0.31594 0.19446
v 0.22288 0.40988 0.10123
v 0.22295 0.31446 0.18690
v 0.22329 -0.39886 0.09728
v 0.22337 -0.30239 0.20622
v 0.22348 -0.32615 0.14452
v 0.22366 0.44143 0.12872
v 0.22374 0.36916 0.19384
v 0.22376 -0.29343 0.21095
v 0.22419 -0.37561 0.09503
v 0.22421 -0.43309 0.18876
v 0.22437 -0.44603 0.19887
v 0.22444 0.33629 0.19398
v 0.22479 -0.39898 0.14603
v 0.22481 -0.29840 -0.12678
v 0.22488 0.32600 0.13091
v 0.22491 -0.32507 0.09608
v 0.22510 0.43805 0.20425
v 0.22538 -0.32085 0.10151
v 0.22579 -0.33663 -0.03661
v 0.22617 0.32283 0.10569
v 0.22632 -0.31300 0.19627
v 0.22721 0.40968 0.12391
v 0.22763 -0.40524 0.01957
v 0.22784 -0.40194 0.10196
v 0.22793 -0.29399 0.22006
v 0.22803 0.28611 0.19814
v 0.22809 -0.36718 0.09623
v 0.22822 0.39119 0.08952
v 0.22823 -0.43680 0.18257
v 0.22831 -0.44013 0.14288
v 0.22842 -0.30067 -0.15270
v 0.22846 0.40278 0.19254
v 0.22847 0.33378 0.19572
v 0.22851 -0.32417 0.19928
v 0.22860 0.29473 0.17705
v 0.22877 0.33400 0.18571
v 0.22881 -0.42916 0.21219
v 0.22906 0.30121 0.20498
v 0.22920 0.29567 0.19635
v 0.22930 0.40751 0.10362
v 0.22932 0.37659 0.12359
v 0.22942 0.34508 0.09143
v 0.22950 0.28749 0.09904
v 0.22962 0.35622 0.12979
v 0.22964 -0.41251 0.20865
v 0.22967 -0.35847 -0.01371
v 0.22988 -0.39810 0.21064
v 0.22990 -0.32385 0.20751
v 0.22991 0.37792 0.19471
v 0.22995 -0.33655 0.13904
v 0.22998 0.40981 0.18394
v 0.23005 -0.31402 0.20884
v 0.23010 0.38070 0.26016
v 0.23016 0.36858 0.19647
v 0.23025 0.38575 0.12913
v 0.23031 0.43044 0.19432
v 0.23038 0.30315 0.19854
v 0.23057 0.37491 -0.02253
v 0.23061 -0.30497 0.19897
v 0.23065 0.35948 0.19355
v 0.23068 -0.39819 0.20079
v 0.23072 -0.28484 -0.01318
v 0.23083 -0.42767 0.19483
v 0.23092 0.36894 0.18366
v 0.23105 0.32467 0.18512
v 0.23107 0.29596 0.18418
v 0.23129 -0.32587 0.14432
v 0.23133 0.32364 0.15630
v 0.23150 0.41412 0.16542
v 0.23166 -0.31746 0.11840
v 0.23167 0.40170 0.10616
v 0.23177 -0.40072 0.14183
v 0.23186 -0.39304 0.20901
v 0.23187 0.43109 0.16155
v 0.23199 0.36603 0.09817
v 0.23202 -0.39287 0.14503
v 0.23218 0.39832 0.12132
v 0.23223 0.33328 0.10028
v 0.23224 0.35947 0.10320
v 0.23249 0.32559 0.12248
v 0.23260 0.44050 0.18097
v 0.23271 -0.41498 0.18863
v 0.23274 -0.43195 0.10330
v 0.23312 -0.36596 -0.01392
v 0.23318 -0.30126 -0.17522
v 0.23326 0.31878 0.16773
v 0.23328 0.44813 0.18603
v 0.23347 0.36720 0.21495
v 0.23382 0.31882 0.19051
v 0.23388 0.30408 0.17302
v 0.23399 0.29008 -0.18650
v 0.23402 -0.28002 0.20744
v 0.23413 -0.40195 0.02098
v 0.23423 -0.41104 0.18229
v 0.23447 0.33901 0.12834
v 0.23474 -0.41880 0.20957
v 0.23481 -0.40437 0.12073
v 0.23499 -0.41829 0.20032
v 0.23505 -0.42465 0.22084
v 0.23517 0.37145 0.15662
v 0.23528 -0.28596 0.19462
v 0.23537 0.28515 -0.18856
v 0.23593 0.30371 0.16451
v 0.23623 -0.36131 0.14394
v 0.23628 -0.32486 0.19848
v 0.23642 0.31417 0.16299
v 0.23651 0.35916 0.15609
v 0.23656 -0.31998 0.11290
v 0.23659 -0.28425 0.18708
v 0.23670 -0.43284 0.18257
v 0.23680 -0.29043 0.20846
v 0.23685 0.41925 0.18608
v 0.23687 -0.40898 0.20093
v 0.23689 -0.41179 0.20807
v 0.23708 0.42131 0.17112
v 0.23711 -0.38489 0.13931
v 0.23713 -0.34931 0.20912
v 0.23716 -0.32317 0.10636
v 0.23720 -0.35922 0.19816
v 0.23721 -0.40130 0.10905
v 0.23738 0.43571 0.17026
v 0.23741 -0.34787 0.10300
v 0.23775 -0.39745 0.19885
v 0.23785 -0.43203 0.18850
v 0.23785 0.41264 0.18221
v 0.23797 0.36821 0.24872
v 0.23803 0.37827 0.20125
v 0.23818 -0.43968 0.21443
v 0.23833 -0.29449 0.18473
v 0.23835 0.37272 0.25230
v 0.23859 0.39650 0.12643
v 0.23933 0.32545 0.18413
v 0.23945 -0.31264 0.19742
v 0.23949 -0.43164 0.21108
v 0.23975 -0.43370 0.14159
v 0.23975 -0.31108 0.18025
v 0.23975 0.35944 0.22876
v 0.24002 -0.31420 0.20793
v 0.24002 -0.29122 0.19497
v 0.24012 0.37790 0.22760
v 0.24018 0.37572 0.25096
v 0.24038 0.36381 0.25157
v 0.24047 -0.31155 0.18420
v 0.24049 0.31540 0.17184
v 0.24058 -0.29881 0.17353
v 0.24071 0.43540 0.19041
v 0.24072 0.32431 0.17135
v 0.24089 0.35864 0.19401
v 0.24090 0.32301 0.16677
v 0.24094 0.41248 0.16877
v 0.24143 -0.43939 0.18946
v 0.24151 0.36333 0.18199
v 0.24160 -0.39063 0.13599
v 0.24197 0.37873 0.19179
v 0.24214 -0.30316 0.18469
v 0.24228 -0.35385 0.12188
v 0.24228 0.30502 0.19458
v 0.24233 0.39426 0.14578
v 0.24252 -0.38163 0.12259
v 0.24291 -0.32647 0.13921
v 0.24300 -0.29006 -0.17567
v 0.24305 -0.35405 0.20659
v 0.24308 -0.36404 0.20772
v 0.24334 0.31454 0.18784
v 0.24355 -0.43165 0.19837
v 0.24356 0.33409 0.18313
v 0.24361 0.40097 0.18252
v 0.24368 0.30539 -0.09742
v 0.24402 0.36209 0.21028
v 0.24408 -0.29547 0.17695
v 0.24411 0.43064 0.18093
v 0.24414 -0.39277 0.13648
v 0.24427 -0.32172 -0.05235
v 0.24440 -0.28850 -0.00407
v 0.24459 -0.29021 -0.08635
v 0.24460 0.37820 0.21343
v 0.24499 0.36102 0.25752
v 0.24514 -0.36422 0.19156
v 0.24524 0.36337 0.25086
v 0.24562 0.36900 0.19526
v 0.24584 -0.31323 0.17913
v 0.24636 0.36932 0.23187
v 0.24652 -0.42443 0.18801
v 0.24657 0.42169 0.18573
v 0.24674 -0.35828 0.19753
v 0.24702 0.30476 0.18313
v 0.24707 -0.29226 0.20631
v 0.24714 -0.29021 0.19319
v 0.24714 0.37737 0.25054
v 0.24718 -0.35586 0.21805
v 0.24779 0.40291 0.16455
v 0.24783 -0.31596 0.19613
v 0.24791 -0.42327 0.05170
v 0.24804 0.30365 -0.11503
v 0.24836 -0.40039 0.19854
v 0.24837 -0.35658 0.20870
v 0.24879 -0.42938 0.20876
v 0.24884 0.34096 0.16293
v 0.24915 -0.41110 0.19848
v 0.24915 -0.30444 0.19678
v 0.24917 0.33549 0.17049
v 0.24926 0.40220 0.16919
v 0.24939 0.36914 0.24941
v 0.24959 0.35695 0.19263
v 0.24977 -0.33300 0.15757
v 0.24992 -0.41676 0.20605
v 0.25030 0.30859 0.17114
v 0.25045 -0.30877 -0.09083
v 0.25049 -0.32548 0.19660
v 0.25052 0.38987 0.18300
v 0.25080 0.32607 0.17241
v 0.25081 -0.41917 0.19927
v 0.25097 0.38936 0.19360
v 0.25116 0.28665 -0.02023
v 0.25126 0.37934 0.26010
v 0.25135 0.35403 0.20339
v 0.25137 0.34800 0.18384
v 0.25157 0.32911 0.16167
v 0.25168 -0.29674 0.17874
v 0.25176 0.36999 0.19108
v 0.25185 -0.41968 0.17681
v 0.25190 0.33914 0.18307
v 0.25208 0.30536 0.16633
v 0.25235 0.28932 0.08867
v 0.25245 0.42055 0.18924
v 0.25268 0.28744 0.09396
v 0.25284 0.39705 0.19307
v 0.25288 0.43015 0.06101
v 0.25319 -0.40977 0.18458
v 0.25338 -0.32320 0.17803
v 0.25468 -0.31743 0.20711
v 0.25475 0.36476 0.18265
v 0.25486 0.29480 -0.15790
v 0.25502 0.38662 0.19821
v 0.25521 0.39641 0.18234
v 0.25536 -0.39310 0.18043
v 0.25547 -0.30370 0.20389
v 0.25595 0.41925 0.16894
v 0.25706 -0.28475 -0.00809
v 0.25726 -0.31061 0.17557
v 0.25745 -0.38299 0.17611
v 0.25756 0.31811 -0.07171
v 0.25802 -0.31991 -0.06372
v 0.25808 0.31619 0.16959
v 0.25823 0.34555 0.19326
v 0.25836 0.42753 0.16320
v 0.25854 0.33754 0.19367
v 0.25867 -0.33489 0.19718
v 0.25868 -0.41968 0.20429
v 0.25869 0.40551 0.15861
v 0.25890 0.35980 0.23985
v 0.25912 -0.38935 0.19514
v 0.25951 -0.35269 0.20655
v 0.25957 -0.43238 0.10438
v 0.25963 -0.33360 0.20554
v 0.25985 -0.36826 0.19667
v 0.25997 0.38343 0.18101
v 0.25998 -0.37823 0.20869
v 0.26000 0.28864 -0.18214
v 0.26059 -0.29009 -0.09428
v 0.26061 -0.37848 0.19819
v 0.26069 0.41180 0.18136
v 0.26077 0.33690 0.18238
v 0.26082 -0.30254 0.19196
v 0.26093 0.39189 -0.00692
v 0.26104 -0.31389 0.18313
v 0.26147 -0.31153 0.19989
v 0.26151 0.32119 0.19107
v 0.26163 0.38006 0.24821
v 0.26165 0.38952 0.19129
v 0.26171 0.40234 0.17930
v 0.26204 -0.35184 0.19639
v 0.26231 -0.28997 -0.08878
v 0.26241 0.33987 0.16743
v 0.26246 0.37313 0.48829
v 0.26309 -0.32459 0.18919
v 0.26313 0.44135 0.16471
v 0.26364 0.35939 0.25191
v 0.26385 -0.30854 -0.07898
v 0.26399 0.32398 0.18270
v 0.26417 0.37707 0.23095
v 0.26424 -0.41369 0.18574
v 0.26424 0.35194 -0.03587
v 0.26445 0.36223 0.23091
v 0.26452 -0.40779 0.20578
v 0.26454 0.39188 0.16746
v 0.26470 -0.38410 0.20659
v 0.26474 0.36960 0.48487
v 0.26511 -0.39474 0.18437
v 0.26521 0.34512 0.16220
v 0.26529 0.43944 0.12209
v 0.26540 0.37996 0.48442
v 0.26554 0.41274 0.18770
v 0.26703 -0.30005 -0.12859
v 0.26736 -0.39832 0.19666
v 0.26739 -0.42475 0.07596
v 0.26807 0.38054 0.48234
v 0.26826 0.29777 -0.13524
v 0.26847 0.36855 0.47965
v 0.26898 0.40039 0.18056
v 0.26907 -0.40965 0.19692
v 0.26911 -0.39070 0.17650
v 0.26925 0.37768 0.21084
v 0.26929 -0.33182 0.17553
v 0.26947 -0.31134 0.19573
v 0.26992 0.34945 0.16923
v 0.26993 0.33620 -0.05021
v 0.27008 0.28758 -0.18290
v 0.27041 -0.27570 0.08738
v 0.27055 0.37073 0.18038
v 0.27073 -0.34254 0.19482
v 0.27075 0.37319 0.16501
v 0.27081 -0.33904 0.20435
v 0.27085 0.43750 0.15626
v 0.27091 0.39003 0.19563
v 0.27119 -0.38736 0.20769
v 0.27164 -0.33052 -0.04359
v 0.27164 0.34785 0.19077
v 0.27185 0.37263 0.47612
v 0.27199 0.29436 -0.18141
v 0.27205 -0.34780 -0.02528
v 0.27218 0.34877 0.18149
v 0.27247 0.38266 0.20944
v 0.27261 0.33641 0.18931
v 0.27266 0.39135 0.18925
v 0.27270 -0.43106 0.18211
v 0.27277 0.28795 -0.10680
v 0.27281 -0.29756 -0.17259
v 0.27289 -0.40544 0.20445
v 0.27311 0.31616 -0.08222
v 0.27324 0.36934 0.18899
v 0.27328 -0.38230 0.19619
v 0.27332 -0.31494 0.18208
v 0.27354 -0.32364 0.20266
v 0.27365 0.38364 0.18069
v 0.27391 0.35470 0.20266
v 0.27395 0.28256 -0.17928
v 0.27434 0.42141 0.03953
v 0.27495 0.38006 0.20021
v 0.27588 0.39153 0.16652
v 0.27626 0.36404 0.18821
v 0.27685 -0.35846 0.17461
v 0.27690 -0.42998 0.13947
v 0.27777 -0.33326 0.18230
v 0.27803 0.34702 0.17420
v 0.27831 -0.34671 0.18334
v 0.27835 -0.35742 0.18223
v 0.27852 -0.42346 0.08914
v 0.27912 -0.33643 0.19522
v 0.27915 -0.38557 0.18392
v 0.27955 -0.28670 -0.09505
v 0.27962 -0.37620 0.19531
v 0.27965 0.31609 -0.07552
v 0.27975 -0.37514 -0.00473
v 0.28092 -0.35660 0.20347
v 0.28098 -0.28728 -0.16726
v 0.28133 -0.33542 0.20279
v 0.28145 -0.38844 0.19008
v 0.28151 -0.35723 0.19609
v 0.28161 0.36606 0.18439
v 0.28183 -0.39659 0.01773
v 0.28280 -0.37576 0.20182
v 0.28298 -0.29050 -0.16999
v 0.28390 0.42935 0.08125
v 0.28599 0.30100 -0.11304
v 0.28734 -0.35912 0.18020
v 0.28796 -0.36753 0.20433
v 0.28799 -0.30303 -0.10056
v 0.28959 -0.40727 0.03686
v 0.28973 -0.35259 0.19272
v 0.29185 -0.28067 -0.09488
v 0.29187 0.40839 0.02002
v 0.29210 -0.28186 0.10390
v 0.29296 -0.27977 0.09654
v 0.29361 0.28437 -0.09729
v 0.29507 0.39977 0.00216
v 0.29743 0.28498 0.08266
v 0.29759 0.43171 0.12181
v 0.29902 0.27998 -0.10583
v 0.29948 0.28400 -0.11592
v 0.29981 -0.28542 -0.08559
v 0.30100 -0.36409 -0.01054
v 0.30233 -0.28043 0.17124
v 0.30321 0.43320 0.15841
v 0.30407 -0.42103 0.09257
v 0.30528 0.28967 -0.17164
v 0.30583 0.29017 -0.01234
v 0.30726 0.28793 -0.17494
v 0.30786 0.28545 -0.02644
v 0.30921 0.35920 -0.02857
v 0.31025 -0.42718 0.17604
v 0.31071 0.41163 0.02579
v 0.31239 -0.28567 -0.10301
v 0.31245 -0.28772 -0.00103
v 0.31536 -0.41083 0.04981
v 0.31580 -0.30313 -0.12232
v 0.31724 -0.28782 -0.01001
v 0.32015 0.33303 -0.05674
v 0.32147 0.28746 0.08397
v 0.32147 0.31039 -0.09869
v 0.32172 0.28808 0.08627
v 0.32197 -0.42140 0.13231
v 0.32204 -0.27711 -0.00554
v 0.32288 0.23828 0.15604
v 0.32586 -0.33398 -0.04052
v 0.32802 -0.29937 -0.16104
v 0.32810 -0.28140 0.09738
v 0.32824 0.28891 0.11544
v 0.32854 0.29022 -0.02284
v 0.32903 0.28651 -0.00843
v 0.32928 -0.36193 -0.01476
v 0.32931 0.41992 0.05570
v 0.32973 -0.28245 -0.01582
v 0.33007 0.29619 -0.16772
v 0.33033 0.26537 0.11743
v 0.33113 -0.41903 0.17335
v 0.33191 -0.38993 0.01434
v 0.33292 0.25876 0.14783
v 0.33317 0.28667 0.15363
v 0.33354 0.38065 0.16421
v 0.33374 -0.41328 0.06499
v 0.33375 0.33310 0.16360
v 0.33381 -0.23174 0.15872
v 0.33423 -0.28095 0.12638
v 0.33463 0.40969 0.16357
v 0.33472 0.34693 -0.04199
v 0.33473 0.23897 0.16121
v 0.33485 0.29413 0.17476
v 0.33486 0.40196 0.17199
v 0.33516 0.23195 0.17577
v 0.33521 0.28510 0.11439
v 0.33616 0.26683 0.15604
v 0.33666 0.33306 0.17448
v 0.33705 0.30256 -0.12742
v 0.33706 0.42912 0.15380
v 0.33717 0.38129 0.17254
v 0.33722 0.38266 -0.00626
v 0.33743 -0.25428 0.12828
v 0.33764 0.26218 0.17295
v 0.33783 -0.28746 -0.00416
v 0.33817 0.30522 0.17245
v 0.33824 0.29157 -0.00449
v 0.33894 0.24104 0.14905
v 0.33936 0.37704 -0.00973
v 0.33940 -0.23798 0.17510
v 0.33959 -0.24403 0.15667
v 0.33960 -0.22017 0.18406
v 0.33987 -0.27678 0.16559
v 0.34051 -0.23607 0.18741
v 0.34065 -0.22226 0.16989
v 0.34072 -0.28270 0.17719
v 0.34115 -0.25800 0.16499
v 0.34120 0.33295 0.16401
v 0.34166 0.28467 0.17056
v 0.34176 0.27116 0.14336
v 0.34199 -0.22404 0.18307
v 0.34214 -0.29277 0.18584
v 0.34236 0.38370 0.04426
v 0.34238 0.26439 0.16643
v 0.34238 0.38170 0.04430
v 0.34241 0.17453 0.14332
v 0.34270 0.26675 0.14137
v 0.34280 0.18973 0.15261
v 0.34291 0.21863 0.15211
v 0.34297 0.16800 0.15240
v 0.34331 -0.25603 0.18289
v 0.34333 -0.37401 0.17720
v 0.34338 0.14426 0.15469
v 0.34338 0.29284 0.04604
v 0.34342 -0.34254 0.18061
v 0.34344 -0.31734 0.18019
v 0.34345 -0.38724 0.18667
v 0.34351 0.09317 0.15525
v 0.34352 0.38265 0.16322
v 0.34360 0.20154 0.15894
v 0.34364 0.11471 0.15352
v 0.34365 0.42608 0.12386
v 0.34375 0.12118 0.15554
v 0.34381 0.27199 0.16408
v 0.34382 -0.39781 0.18855
v 0.34393 -0.33682 -0.03028
v 0.34399 0.06258 0.15786
v 0.34404 0.35942 0.17240
v 0.34406 0.06731 0.15610
v 0.34443 -0.00692 0.15525
v 0.34454 -0.22325 0.17965
v 0.34463 0.35245 0.15982
v 0.34466 0.29155 0.12142
v 0.34468 -0.39331 0.17565
v 0.34473 -0.28828 0.00683
v 0.34473 -0.23114 0.16155
v 0.34496 -0.32561 0.18744
v 0.34500 0.40642 0.14494
v 0.34500 0.42284 0.15798
v 0.34502 0.37976 0.17212
v 0.34507 -0.31230 -0.08033
v 0.34522 -0.34804 0.18637
v 0.34523 -0.00905 0.15734
v 0.34533 0.01882 0.15762
v 0.34541 -0.05653 0.15773
v 0.34552 0.28299 0.15333
v 0.34557 -0.36838 0.18607
v 0.34557 -0.10998 0.15857
v 0.34565 -0.08038 0.15870
v 0.34574 -0.37826 0.00859
v 0.34578 -0.37509 0.18839
v 0.34580 0.29364 0.13130
v 0.34582 -0.27659 0.12525
v 0.34608 -0.08581 0.16231
v 0.34627 -0.15891 0.16678
v 0.34636 0.37342 -0.01899
v 0.34641 0.32450 0.17302
v 0.34643 -0.13354 0.15968
v 0.34676 -0.17904 0.16117
v 0.34681 0.40815 0.15848
v 0.34682 -0.22819 0.16067
v 0.34684 0.24018 0.16332
v 0.34684 0.40654 0.17023
v 0.34687 -0.15419 0.16122
v 0.34705 -0.16079 0.16145
v 0.34712 0.28644 0.06237
v 0.34712 0.30594 0.15570
v 0.34724 -0.20800 0.16221
v 0.34737 0.29383 0.17297
v 0.34743 0.23494 0.17235
v 0.34750 -0.18505 0.16171
v 0.34783 -0.25358 0.16134
v 0.34789 -0.28512 -0.09580
v 0.34806 -0.00771 0.16571
v 0.34814 -0.27495 0.18426
v 0.34815 0.16653 0.16303
v 0.34831 -0.25883 0.16375
v 0.34834 -0.27030 0.15379
v 0.34840 0.30814 0.16119
v 0.34844 -0.28665 -0.15040
v 0.34856 -0.26096 0.15364
v 0.34876 0.04278 0.16655
v 0.34883 -0.28082 0.12489
v 0.34889 0.21994 0.14370
v 0.34889 0.41278 0.06505
v 0.34898 0.11698 0.16526
v 0.34904 0.30957 0.14197
v 0.34923 -0.10794 0.16728
v 0.34933 0.24649 0.16483
v 0.34950 0.14199 0.16494
v 0.34951 0.09372 0.14524
v 0.34968 0.11684 0.14374
v 0.34987 -0.28702 0.05735
v 0.34995 -0.05671 0.16817
v 0.34996 0.21352 0.16465
v 0.35032 -0.29900 0.18051
v 0.35038 0.09094 0.16612
v 0.35040 -0.26125 0.17487
v 0.35044 0.06956 0.14665
v 0.35054 0.04185 0.14721
v 0.35081 0.31187 0.12730
v 0.35087 -0.37699 0.05911
v 0.35090 -0.03260 0.14798
v 0.35098 0.04540 0.16797
v 0.35099 -0.05733 0.14921
v 0.35121 0.01386 0.14571
v 0.35135 0.06924 0.16779
v 0.35143 0.28653 0.12336
v 0.35147 -0.32339 0.17694
v 0.35166 -0.08445 0.14887
v 0.35185 -0.31388 0.18691
v 0.35190 -0.13144 0.17011
v 0.35191 -0.41017 0.17467
v 0.35192 -0.28200 0.14172
v 0.35199 0.30668 0.13423
v 0.35208 -0.15819 0.15018
v 0.35219 0.29295 0.12242
v 0.35221 -0.18158 0.17152
v 0.35223 0.14663 0.14310
v 0.35230 0.29283 0.13649
v 0.35247 -0.41270 0.09008
v 0.35249 -0.28433 0.14815
v 0.35274 -0.32429 0.18580
v 0.35279 -0.18144 0.15086
v 0.35285 0.12002 0.16739
v 0.35288 -0.23581 0.17338
v 0.35291 -0.37158 0.18029
v 0.35297 0.05387 0.14562
v 0.35329 -0.11002 0.14856
v 0.35330 -0.08284 0.16978
v 0.35335 -0.36802 0.18676
v 0.35357 -0.34718 0.17377
v 0.35358 0.32635 -0.06485
v 0.35366 -0.27277 0.18091
v 0.35376 -0.20931 0.15006
v 0.35385 0.31492 0.15258
v 0.35391 -0.30173 0.17543
v 0.35396 0.28679 -0.16002
v 0.35398 0.25555 0.14110
v 0.35410 0.41138 0.15187
v 0.35412 0.39851 0.16832
v 0.35413 -0.15588 0.17225
v 0.35417 0.40344 0.13925
v 0.35421 0.14071 0.16729
v 0.35422 -0.41500 0.16962
v 0.35423 -0.29542 0.16628
v 0.35434 -0.30035 0.17239
v 0.35447 -0.20610 0.15097
v 0.35467 0.11524 0.14527
v 0.35467 0.16547 0.14366
v 0.35468 -0.30332 -0.11590
v 0.35471 0.02226 0.14719
v 0.35475 0.31293 0.15995
v 0.35477 -0.39735 0.16798
v 0.35480 -0.22020 0.18126
v 0.35480 0.40026 0.15311
v 0.35480 0.40144 0.15798
v 0.35481 -0.28457 0.13445
v 0.35487 0.35707 0.15901
v 0.35488 0.28168 0.16642
v 0.35505 -0.34626 0.18563
v 0.35511 0.05372 0.14539
v 0.35531 0.21566 0.14285
v 0.35544 -0.29486 -0.14719
v 0.35560 0.35637 0.17094
v 0.35571 0.16863 0.16612
v 0.35577 0.41084 0.15821
v 0.35579 -0.29929 0.13993
v 0.35586 0.12016 0.14405
v 0.35596 -0.40301 0.18404
v 0.35617 -0.30246 0.16399
v 0.35650 -0.28180 0.17887
v 0.35661 0.06336 0.16843
v 0.35670 -0.02856 0.17053
v 0.35674 -0.39217 0.17441
v 0.35686 0.14265 0.14389
v 0.35687 0.29391 0.17253
v 0.35690 0.31563 0.17088
v 0.35693 0.28189 0.07156
v 0.35716 -0.29207 0.18471
v 0.35716 0.01696 0.14583
v 0.35727 0.30507 0.16007
v 0.35746 -0.03598 0.14736
v 0.35752 -0.08646 0.17164
v 0.35758 0.29089 0.15983
v 0.35765 -0.17850 0.14903
v 0.35783 -0.05779 0.14696
v 0.35803 -0.09625 0.14820
v 0.35809 0.09252 0.14403
v 0.35816 0.11875 0.16756
v 0.35824 -0.01061 0.16980
v 0.35827 -0.20701 0.15064
v 0.35832 0.42093 0.15219
v 0.35837 -0.13292 0.14910
v 0.35845 0.26595 0.17112
v 0.35860 0.28371 0.06613
v 0.35894 0.38050 0.16016
v 0.35896 -0.28016 0.13422
v 0.35897 0.29354 0.12979
v 0.35920 -0.39401 0.15446
v 0.35933 -0.16111 0.15051
v 0.35962 0.12061 0.16661
v 0.35975 -0.05784 0.17035
v 0.35978 -0.30254 0.15278
v 0.35978 -0.29442 0.15348
v 0.35979 -0.00381 0.16873
v 0.35983 0.23006 0.17203
v 0.35985 0.09393 0.16768
v 0.35993 -0.07990 0.14796
v 0.35998 0.01964 0.16931
v 0.36000 -0.37156 0.17425
v 0.36002 -0.28395 0.14091
v 0.36013 -0.03060 0.14572
v 0.36035 -0.38116 0.00918
v 0.36038 -0.25282 0.18053
v 0.36085 -0.29824 -0.14783
v 0.36088 -0.13352 0.17195
v 0.36093 -0.20662 0.17349
v 0.36097 -0.15270 0.17128
v 0.36101 -0.10895 0.17149
v 0.36107 -0.02867 0.17000
v 0.36112 -0.18440 0.17334
v 0.36115 0.25026 0.16502
v 0.36138 0.06899 0.16776
v 0.36139 -0.33765 -0.03317
v 0.36142 -0.28198 0.14815
v 0.36143 -0.30297 0.16504
v 0.36148 -0.38899 0.16675
v 0.36163 -0.16091 0.17262
v 0.36166 0.38152 0.17214
v 0.36170 -0.18519 0.14954
v 0.36184 -0.15715 0.14883
v 0.36194 -0.29188 0.17223
v 0.36201 0.28440 0.11205
v 0.36204 -0.22995 0.15091
v 0.36212 0.33467 0.17182
v 0.36292 -0.30444 0.18133
v 0.36310 -0.23490 0.17481
v 0.36318 0.27117 0.14079
v 0.36324 -0.29263 0.16544
v 0.36363 0.41392 0.16769
v 0.36370 -0.34587 0.17239
v 0.36372 0.28808 -0.15245
v 0.36375 -0.17970 0.17155
v 0.36381 -0.25747 0.17316
v 0.36390 -0.39930 0.16560
v 0.36409 0.30547 0.17025
v 0.36417 -0.38753 0.18483
v 0.36427 0.28816 0.05670
v 0.36437 -0.32988 0.18441
v 0.36456 0.33435 0.16113
v 0.36459 -0.39070 0.17325
v 0.36494 0.27130 0.16232
v 0.36506 0.20916 0.15164
v 0.36508 0.25425 0.11968
v 0.36514 0.18924 0.15412
v 0.36530 -0.21965 0.18033
v 0.36545 0.17032 0.15786
v 0.36569 0.19410 0.15335
v 0.36629 -0.01999 0.14890
v 0.36635 0.12776 0.15336
v 0.36635 0.24278 0.15277
v 0.36643 0.16546 0.15339
v 0.36643 0.27082 0.12309
v 0.36674 0.27102 0.15077
v 0.36682 0.29306 0.15798
v 0.36691 0.03504 0.15462
v 0.36700 0.25492 0.16513
v 0.36708 0.28415 0.16330
v 0.36717 0.06139 0.14513
v 0.36728 0.07888 0.15570
v 0.36758 -0.00718 0.15707
v 0.36767 0.26328 0.15034
v 0.36771 -0.27626 0.12101
v 0.36773 0.38157 0.15923
v 0.36786 0.25242 0.14359
v 0.36826 -0.02830 0.15768
v 0.36840 -0.05705 0.15782
v 0.36850 0.10574 0.16056
v 0.36856 -0.03493 0.15605
v 0.36856 0.22989 0.14451
v 0.36859 0.37922 0.16859
v 0.36902 -0.08062 0.15932
v 0.36907 0.00529 0.16828
v 0.36913 0.01902 0.16058
v 0.36923 -0.32074 0.18536
v 0.36925 -0.26080 0.15110
v 0.36928 -0.30681 0.17175
v 0.36931 -0.15329 0.15756
v 0.36934 0.31932 0.15953
v 0.36948 0.29302 0.17018
v 0.36968 -0.12193 0.16232
v 0.36975 0.33333 0.17055
v 0.36977 0.23231 0.16722
v 0.36996 0.28666 0.12776
v 0.37000 -0.37897 0.15191
v 0.37054 0.28931 0.11110
v 0.37061 -0.28170 -0.00473
v 0.37076 -0.27099 0.17068
v 0.37077 0.26038 0.16820
v 0.37083 0.25931 0.11270
v 0.37085 -0.22918 0.16175
v 0.37118 -0.11789 0.16793
v 0.37146 -0.24952 0.13712
v 0.37148 -0.25934 0.17319
v 0.37168 -0.25356 0.16186
v 0.37231 -0.29962 -0.10980
v 0.37231 -0.23628 0.16022
v 0.37258 0.26179 0.12506
v 0.37270 -0.31283 -0.06481
v 0.37302 -0.37376 0.17488
v 0.37309 0.35057 0.16025
v 0.37313 0.28933 0.14840
v 0.37315 -0.27947 0.16906
v 0.37317 -0.39561 0.05329
v 0.37323 -0.26005 0.15997
v 0.37333 0.29318 -0.14702
v 0.37382 0.40951 0.15590
v 0.37385 -0.32711 0.17262
v 0.37398 -0.22500 0.13899
v 0.37410 -0.39998 0.18205
v 0.37419 -0.24214 0.17668
v 0.37434 -0.40565 0.17316
v 0.37461 -0.21983 0.16099
v 0.37471 -0.29057 0.18169
v 0.37517 -0.27276 0.17829
v 0.37517 0.40360 0.16915
v 0.37527 0.26825 0.14848
v 0.37545 0.39273 0.01400
v 0.37551 0.29241 0.06260
v 0.37564 0.36822 0.16721
v 0.37570 -0.37052 0.18347
v 0.37584 0.23723 0.14044
v 0.37608 0.32829 0.16720
v 0.37609 -0.35668 0.17386
v 0.37611 0.27882 0.15942
v 0.37621 -0.32284 0.18279
v 0.37656 0.29904 0.16882
v 0.37691 0.26957 0.17073
v 0.37695 -0.28061 0.13030
v 0.37696 0.23134 0.17012
v 0.37724 -0.24506 0.12746
v 0.37759 -0.22805 0.15518
v 0.37777 -0.41028 0.13046
v 0.37840 0.24509 0.15281
v 0.37937 0.31452 -0.07791
v 0.37980 -0.24233 0.14839
v 0.38101 -0.27877 0.16405
v 0.38172 -0.25631 0.15691
v 0.38186 -0.38022 0.17675
v 0.38198 -0.27120 0.17164
v 0.38225 -0.22000 0.18140
v 0.38231 -0.30546 0.17179
v 0.38257 -0.25172 0.17950
v 0.38268 -0.28534 0.07875
v 0.38308 -0.28392 0.18119
v 0.38312 -0.36267 -0.00053
v 0.38318 0.29974 -0.12382
v 0.38341 -0.32230 0.18111
v 0.38344 -0.31764 0.18185
v 0.38366 -0.23206 0.16445
v 0.38389 -0.39564 0.18612
v 0.38395 -0.40233 0.10610
v 0.38453 -0.35313 0.18169
v 0.38496 0.30858 -0.09648
v 0.38536 -0.28899 -0.13717
v 0.38631 -0.28223 -0.02161
v 0.38927 0.37586 -0.00138
v 0.39015 0.23473 0.14600
v 0.39069 -0.39157 0.04206
v 0.39140 0.29274 0.07035
v 0.39150 -0.30670 -0.08527
v 0.39273 0.32816 -0.05351
v 0.39287 0.30955 -0.08762
v 0.39331 0.24370 0.15084
v 0.39418 0.35931 -0.02010
v 0.39430 0.29691 -0.14139
v 0.39430 0.41332 0.14824
v 0.39504 -0.28536 -0.01247
v 0.39558 -0.23456 0.15957
v 0.39587 0.21346 0.15884
v 0.39632 -0.27927 -0.01343
v 0.39708 -0.22165 0.15202
v 0.39856 0.19365 0.14457
v 0.39960 0.40706 0.10810
v 0.40058 -0.20807 0.16604
v 0.40165 -0.34252 -0.01972
v 0.40257 0.41059 0.11170
v 0.40272 -0.38112 0.03253
v 0.40445 -0.18575 0.15849
v 0.40548 0.38537 0.01989
v 0.40880 -0.40374 0.16463
v 0.40963 -0.29753 -0.11336
v 0.40971 -0.31811 -0.05783
v 0.41342 0.33713 -0.04320
v 0.41377 0.28335 -0.02750
v 0.41570 -0.39686 0.16427
v 0.41587 -0.35719 -0.00388
v 0.41619 0.29010 -0.12963
v 0.41646 -0.36483 0.01051
v 0.41684 0.39236 0.04313
v 0.41994 -0.28679 -0.12082
v 0.42071 -0.28334 0.15925
v 0.42438 -0.39161 0.07420
v 0.42673 -0.38224 0.05091
v 0.42743 0.30916 -0.08954
v 0.42894 0.28976 -0.10339
v 0.42930 -0.39351 0.12554
v 0.42947 -0.28137 0.08392
v 0.43299 -0.37279 0.02689
v 0.43327 0.30305 -0.10505
v 0.43431 0.32617 -0.04760
v 0.43555 0.28707 -0.04020
v 0.43573 -0.29487 -0.11314
v 0.43599 0.28933 0.07506
v 0.43660 -0.36792 0.02689
v 0.43677 0.39982 0.11052
v 0.43806 -0.28057 0.08668
v 0.43821 0.36794 0.00319
v 0.43876 0.39891 0.13777
v 0.43881 0.38760 0.05824
v 0.43893 0.29586 -0.11159
v 0.43897 0.29067 0.05531
v 0.43913 0.39440 0.07134
v 0.43926 0.29011 0.06928
v 0.44079 -0.28704 -0.04176
v 0.44256 -0.31862 -0.03929
v 0.44275 0.28636 0.06554
v 0.44387 0.28749 -0.02354
v 0.44600 -0.30050 -0.07841
v 0.44644 0.35288 -0.00750
v 0.44675 -0.33829 -0.01078
v 0.44856 -0.38722 0.15863
v 0.44900 -0.27898 0.06539
v 0.45039 -0.28261 -0.02558
v 0.45180 -0.28226 -0.00798
v 0.45230 -0.28814 -0.09730
v 0.45323 -0.30457 -0.07664
v 0.45377 0.28633 0.05603
v 0.45596 -0.28719 -0.08317
v 0.45610 0.38362 0.04708
v 0.45631 0.29689 -0.11007
v 0.45662 -0.28577 -0.09473
v 0.45780 0.29112 -0.05108
v 0.45939 0.33028 -0.03698
v 0.46149 -0.37318 0.06378
v 0.46240 -0.31259 -0.05038
v 0.46287 0.29241 -0.09884
v 0.46323 -0.28408 -0.02912
v 0.46395 -0.28055 -0.02230
v 0.46795 0.28770 -0.03052
v 0.46948 0.38532 0.09910
v 0.46954 -0.34057 -0.00252
v 0.47068 -0.28645 -0.09324
v 0.47113 -0.34744 0.01591
v 0.47390 -0.37826 0.15680
v 0.47443 0.59890 0.11784
v 0.47619 -0.37763 0.09473
v 0.47702 -0.28450 0.06754
v 0.47919 -0.28652 -0.04160
v 0.48002 0.28941 -0.08841
v 0.48007 0.38932 0.12590
v 0.48078 -0.27582 0.06882
v 0.48111 -0.38154 0.16053
v 0.48123 0.35326 0.00452
v 0.48260 -0.36549 0.05069
v 0.48280 -0.37388 0.12451
v 0.48303 -0.37593 0.15565
v 0.48384 0.38766 0.14094
v 0.48501 -0.29391 -0.07945
v 0.48537 0.38654 0.14479
v 0.48776 0.30358 -0.06752
v 0.48839 -0.28057 0.05712
v 0.49329 0.31646 -0.04672
v 0.49683 0.35682 0.02778
v 0.49704 0.29363 0.05552
v 0.49782 0.34256 0.00450
v 0.50059 -0.28286 -0.06703
v 0.50471 -0.34433 0.02535
v 0.50635 0.29717 -0.07226
v 0.50876 -0.31566 -0.01606
v 0.50958 0.28955 0.04416
v 0.51027 -0.35789 0.07461
v 0.51086 -0.28758 -0.05858
v 0.51182 -0.30287 -0.04016
v 0.51229 -0.27948 0.07360
v 0.51424 0.34633 0.01671
v 0.51496 -0.36431 0.12271
v 0.51569 -0.34366 0.04258
v 0.51979 -0.36415 0.15185
v 0.52169 0.35826 0.04806
v 0.52391 -0.35275 0.08450
v 0.52605 0.37252 0.13500
v 0.52664 0.34681 0.03518
v 0.52728 0.29234 -0.02824
v 0.52760 -0.29430 -0.04076
v 0.52780 0.30534 -0.03399
v 0.52809 0.28784 -0.04948
v 0.52872 -0.27699 0.06332
v 0.52934 0.36933 0.10083
v 0.53050 0.29002 0.05904
v 0.53131 -0.35797 0.10114
v 0.53499 -0.28539 -0.01161
v 0.53527 0.36028 0.07896
v 0.53585 -0.28228 0.14752
v 0.53768 0.34489 0.03425
v 0.53784 0.28977 0.04272
v 0.53815 0.29565 0.13535
v 0.53851 -0.30559 -0.01628
v 0.54058 -0.30098 -0.01459
v 0.54158 -0.35677 0.14918
v 0.54234 -0.35472 0.15436
v 0.54295 -0.27997 0.05619
v 0.54319 -0.33436 0.05245
v 0.54385 -0.29129 -0.03273
v 0.54438 -0.29271 -0.00835
v 0.54700 0.29943 -0.03692
v 0.55076 0.35865 0.11051
v 0.55276 -0.33777 0.06819
v 0.55295 -0.27967 0.06651
v 0.55346 0.30710 -0.00761
v 0.55823 0.35780 0.13403
v 0.55861 -0.28125 -0.01840
v 0.56004 0.32649 0.03206
v 0.56289 -0.32810 0.05433
v 0.56416 0.29420 0.04816
v 0.56760 -0.34187 0.12088
v 0.57082 -0.27957 0.06129
v 0.57142 0.35716 0.13361
v 0.57188 0.34391 0.07750
v 0.57199 0.31938 0.02374
v 0.57548 -0.29833 0.00846
v 0.57625 -0.28441 0.02754
v 0.57684 0.29020 0.04480
v 0.57734 -0.33416 0.09106
v 0.57787 -0.34312 0.14600
v 0.57929 -0.31105 0.04666
v 0.58099 -0.27787 0.14284
v 0.58247 0.34620 0.10878
v 0.58356 0.29191 0.00952
v 0.58451 0.29388 0.03223
v 0.58523 -0.28931 0.01093
v 0.58604 -0.33408 0.14487
v 0.58658 0.30730 0.02813
v 0.58753 0.32039 0.05301
v 0.58794 -0.33647 0.12250
v 0.58984 -0.32602 0.09492
v 0.60048 0.30849 0.04716
v 0.60352 -0.29386 0.05310
v 0.60404 0.30114 0.03681
v 0.60519 -0.31556 0.08339
v 0.60691 -0.28200 0.05339
v 0.60955 -0.29395 0.04877
v 0.61196 -0.30358 0.07524
v 0.61942 0.33298 0.12494
v 0.62437 -0.28224 0.06669
v 0.62664 0.29596 0.09221
v 0.62837 0.29546 0.12725
v 0.62850 0.29610 0.13115
v 0.62938 0.29212 0.08037
v 0.62994 -0.28217 0.09633
v 0.63000 0.32114 0.12749
v 0.63227 0.29366 0.08208
v 0.63445 -0.28086 0.14250
v 0.63559 -0.28089 0.13833
v 0.63653 0.32287 0.13081
v 0.63675 0.32213 0.11111
v 0.63676 0.29743 0.09881
v 0.63737 0.29680 0.12713
v 0.64005 -0.31204 0.14351
v 0.64060 0.30871 0.10572
v 0.64224 0.30662 0.12612
v 0.64419 0.30862 0.10034
v 0.64423 -0.30860 0.13599
v 0.64543 -0.27891 0.13506
v 0.64634 -0.29771 0.11160
v 0.64687 -0.29711 0.13854
v 0.64730 0.30877 0.12865
v 0.64930 -0.28507 0.12255
v 0.65107 -0.29174 0.14184
vn 0.11647 -0.27761 0.95361
vn 0.62306 -0.40983 0.66621
vn 0.57057 -0.78987 0.22484
vn 0.11423 -0.92533 0.36155
vn -0.04423 0.99625 -0.07434
vn 0.20450 -0.97859 -0.02313
vn -0.25892 0.96589 -0.00357
vn 0.53254 0.74523 -0.40129
vn 0.09311 -0.99295 0.07335
vn 0.58629 -0.41879 -0.69346
vn -0.04713 0.48726 -0.87198
vn 0.13999 0.73894 0.65907
vn 0.05219 0.96764 -0.24686
vn -0.05969 0.01520 -0.99810
vn 0.08928 0.99457 0.05350
vn 0.11731 0.94727 0.29817
vn 0.07677 0.11993 -0.98981
vn 0.10659 -0.32153 0.94088
vn -0.10132 0.28967 -0.95175
vn -0.04676 -0.27696 -0.95974
vn 0.50993 0.76176 0.39961
vn -0.00531 -0.95698 -0.29010
vn -0.52338 -0.70425 -0.47969
vn 0.03256 -0.97981 0.19726
vn -0.01036 0.96113 -0.27590
vn 0.93892 -0.22774 -0.25798
vn 0.58144 0.80203 -0.13665
vn -0.69529 0.65371 0.29872
vn 0.90977 -0.40804 0.07629
vn 0.06913 0.86676 -0.49390
vn 0.40834 -0.60803 -0.68085
vn 0.89454 0.44699 -0.00122
vn 0.52741 0.43254 0.73126
vn 0.69248 -0.02637 0.72096
vn -0.22828 0.96653 -0.11708
vn 0.09333 -0.48093 0.87178
vn -0.33524 0.79486 0.50577
vn -0.37833 0.86319 -0.33431
vn 0.24756 -0.96643 0.06881
vn -0.97304 -0.03778 0.22753
vn 0.41053 -0.75466 -0.51181
vn 0.00430 -0.22878 -0.97347
vn 0.97518 -0.11359 -0.19004
vn 0.04827 -0.47486 0.87874
vn -0.93750 0.11179 0.32953
vn 0.33143 -0.66531 -0.66897
vn -0.67092 0.68619 0.28110
vn -0.34349 -0.91726 -0.20163
vn 0.54250 0.81899 0.18697
vn 0.47539 -0.85901 0.19003
vn 0.05752 0.99816 0.01936
vn -0.05288 -0.98851 -0.14157
vn 0.95030 0.02573 -0.31028
vn 0.21514 -0.96752 0.13276
vn 0.74043 0.11945 -0.66144
vn 0.56281 -0.09239 -0.82141
vn -0.11892 0.11671 0.98602
vn -0.03289 0.36552 -0.93022
vn 0.00778 0.45998 -0.88789
vn -0.15530 0.04651 -0.98677
vn 0.47025 0.17083 0.86584
vn 0.07430 -0.98712 0.14168
vn 0.27475 0.95541 -0.10816
vn 0.93933 0.04809 -0.33964
vn 0.90638 -0.26672 0.32762
vn -0.96428 -0.15583 0.21422
vn 0.17111 0.86059 -0.47970
vn 0.99168 0.08140 0.09969
vn -0.65252 0.64529 -0.39726
vn -0.11917 0.98492 0.12543
vn -0.66143 0.37071 -0.65199
vn 0.96990 0.10210 -0.22108
vn 0.24927 0.75240 -0.60972
vn -0.88977 0.22465 0.39728
vn 0.09324 0.66458 0.74138
vn 0.96599 -0.24332 0.08752
vn 0.71729 0.69470 0.05367
vn 0.41405 -0.90878 0.05188
vn -0.11313 -0.71955 0.68516
vn -0.54501 0.73817 0.39758
vn 0.90445 -0.24843 -0.34677
vn -0.84072 0.53643 -0.07364
vn 0.30256 -0.06142 -0.95115
vn -0.25010 0.95764 0.14274
vn 0.68917 -0.31648 0.65184
vn 0.29241 -0.95403 -0.06580
vn 0.22327 -0.48786 0.84389
vn 0.28310 -0.92160 0.26551
vn -0.96069 0.03690 0.27517
vn 0.79928 0.56631 0.20111
vn -0.20901 0.93555 0.28471
vn 0.75783 0.01729 -0.65222
vn 0.41460 0.72594 0.54875
vn 0.29789 0.35537 -0.88599
vn -0.89787 0.10748 0.42694
vn 0.03484 -0.94997 -0.31038
vn 0.81023 0.40409 -0.42454
vn 0.17863 0.95212 0.24810
vn 0.97696 0.21213 0.02362
vn 0.09910 0.15475 0.98297
vn -0.92979 -0.34002 0.14096
vn -0.78070 -0.18581 0.59664
vn -0.89180 0.03437 -0.45113
vn 0.00000 0.00000 0.00000
vn 0.41675 0.81834 0.39577
vn -0.84315 -0.51684 -0.14821
vn -0.88555 -0.08820 0.45609
vn 0.27669 0.00273 0.96095
vn -0.95459 0.03457 0.29590
vn 0.13489 -0.18814 -0.97284
vn 0.95692 0.03588 0.28811
vn 0.93854 0.02309 -0.34439
vn 0.05213 -0.96037 -0.27380
vn -0.71704 0.53146 0.45100
vn -0.71089 -0.62615 -0.32025
vn 0.96389 0.24399 0.10673
vn 0.98511 -0.16619 -0.04404
vn 0.85508 -0.11141 -0.50638
vn 0.34529 -0.04429 -0.93745
vn 0.05262 0.17623 0.98294
vn -0.70312 -0.70425 0.09829
vn 0.03117 0.77525 0.63088
vn -0.19137 0.79315 0.57818
vn 0.04849 -0.99881 -0.00526
vn -0.95475 0.23407 0.18346
vn 0.68440 -0.66274 0.30393
vn 0.73593 0.18180 -0.65219
vn 0.77005 -0.63244 0.08396
vn -0.93041 0.05828 0.36186
vn -0.13152 -0.73200 -0.66848
vn -0.93841 0.22883 0.25889
vn 0.06882 -0.34092 0.93757
vn -0.04298 -0.85897 -0.51021
vn -0.90987 0.07709 0.40767
vn -0.26228 0.93038 -0.25611
vn 0.04374 0.93905 -0.34100
vn -0.31722 0.79156 0.52230
vn 0.84022 -0.46338 -0.28160
vn -0.94985 -0.17233 0.26093
vn 0.95304 -0.03751 -0.30051
vn 0.87575 -0.39866 -0.27226
vn -0.98895 -0.00705 0.14811
vn 0.78176 -0.41850 -0.46229
vn 0.23325 0.96980 -0.07127
vn -0.01372 -0.93967 0.34180
vn 0.13617 0.99052 -0.01812
vn -0.11180 0.49160 -0.86361
vn -0.99856 0.03868 0.03726
vn -0.72799 -0.58356 0.35984
vn 0.35311 0.91924 0.17409
vn 0.80359 0.54950 -0.22870
vn -0.02389 -0.23201 -0.97242
vn -0.96033 -0.05748 0.27289
vn 0.89183 0.40377 0.20397
vn 0.84115 -0.35462 -0.40831
vn 0.79256 0.29267 -0.53497
vn 0.94202 0.30643 0.13672
vn 0.59548 0.79611 -0.10772
vn 0.33885 -0.93072 -0.13766
vn -0.65194 -0.75824 0.00659
vn -0.58702 -0.80143 0.11456
vn 0.97636 -0.05342 0.20944
vn -0.62290 0.72850 0.28512
vn 0.16486 0.86633 0.47148
vn 0.55437 -0.07437 -0.82894
vn 0.87045 0.40991 -0.27255
vn 0.97117 0.20429 -0.12287
vn 0.33533 0.92410 -0.18326
vn 0.95770 -0.25856 -0.12629
vn -0.33903 0.26689 -0.90212
vn 0.24780 0.96480 -0.08804
vn -0.93064 -0.09806 0.35255
vn 0.38293 -0.91622 0.11791
vn 0.17380 0.97618 -0.12985
vn -0.87499 0.35263 0.33172
vn 0.10426 -0.78725 0.60776
vn -0.93948 -0.07673 0.33390
vn -0.33541 -0.89497 -0.29415
vn 0.00783 -0.61271 0.79027
vn 0.64686 0.54974 0.52854
vn 0.30414 0.39452 0.86710
vn -0.37717 -0.91034 0.17038
vn 0.85368 0.28755 0.43421
vn -0.47148 0.85591 0.21242
vn -0.04400 0.31142 -0.94925
vn 0.37497 -0.92652 0.03100
vn 0.00291 -0.99212 0.12524
vn 0.11951 -0.43854 0.89073
vn -0.01108 0.71563 -0.69839
vn -0.34209 -0.58255 -0.73730
vn -0.15370 0.98759 0.03221
vn 0.05259 -0.99861 0.00349
vn -0.91828 -0.03378 0.39449
vn 0.30191 0.41801 -0.85681
vn -0.76160 -0.48877 0.42553
vn -0.55585 0.04373 -0.83013
vn 0.88281 -0.46073 -0.09151
vn -0.09540 0.65746 -0.74742
vn 0.62963 -0.23281 0.74119
vn -0.15100 0.82760 -0.54062
vn -0.72870 -0.61346 0.30440
vn -0.86060 0.30306 -0.40929
vn -0.33563 -0.06990 0.93940
vn -0.03658 0.75996 0.64893
vn -0.95475 -0.01224 0.29714
vn 0.09915 -0.95032 0.29506
vn 0.59450 -0.47863 -0.64613
vn -0.98533 0.06347 -0.15841
vn 0.42045 -0.84027 -0.34229
vn -0.59013 0.65082 0.47768
vn -0.53650 -0.82030 -0.19819
vn 0.09186 0.99574 0.00854
vn 0.35929 0.93211 0.04559
vn -0.24085 0.78611 -0.56924
vn 0.01004 0.99320 0.11595
vn 0.60158 -0.79508 -0.07715
vn 0.04900 -0.63914 0.76753
vn -0.81031 -0.17000 -0.56080
vn 0.00621 0.99946 -0.03226
vn 0.56430 -0.29083 -0.77265
vn -0.72017 -0.63375 -0.28235
vn 0.27891 -0.90850 0.31118
vn -0.52997 0.53018 0.66184
vn -0.45977 0.15506 -0.87440
vn -0.70948 0.66323 0.23824
vn 0.08182 0.94853 -0.30595
vn 0.52160 0.85319 -0.00202
vn 0.26240 -0.88321 -0.38871
vn -0.18405 -0.33913 -0.92256
vn -0.57666 0.80254 -0.15293
vn -0.53049 0.84768 0.00520
vn -0.67550 0.43745 0.59358
vn -0.27273 -0.84611 -0.45794
vn 0.24997 0.81454 0.52349
vn -0.41941 0.73350 0.53486
vn 0.35497 0.93470 -0.01806
vn -0.31685 0.41157 -0.85453
vn -0.57557 0.03386 0.81705
vn 0.15144 -0.93953 -0.30718
vn -0.47864 0.70881 0.51816
vn -0.31720 -0.93538 -0.15634
vn -0.08352 -0.09558 0.99191
vn -0.58268 0.61482 0.53148
vn -0.63378 -0.76963 0.07743
vn 0.60395 -0.00841 0.79698
vn 0.49278 -0.65192 -0.57634
vn -0.57225 -0.79437 -0.20374
vn -0.46616 -0.73531 0.49195
vn -0.70938 -0.21291 -0.67190
vn 0.43613 0.01917 -0.89968
vn 0.00935 -0.99995 0.00266
vn 0.46561 0.08127 -0.88125
vn -0.43528 0.71991 -0.54061
vn -0.28403 0.90195 -0.32529
vn -0.38265 -0.44432 -0.81004
vn -0.04026 -0.99662 -0.07155
vn 0.08832 -0.96632 -0.24169
vn 0.00000 0.00000 0.00000
vn -0.32469 0.91446 -0.24153
vn -0.24288 0.89557 -0.37278
vn 0.46522 0.40627 -0.78646
vn 0.12284 0.22616 -0.96631
vn -0.43173 -0.88240 -0.18704
vn 0.38451 -0.00629 0.92310
vn 0.53211 0.79915 -0.27969
vn 0.65027 -0.71147 -0.26638
vn -0.00218 -0.86373 0.50394
vn -0.34118 0.93672 0.07845
vn 0.49252 0.35199 0.79594
vn -0.46641 0.88275 0.05674
vn -0.29490 0.76251 0.57585
vn -0.22002 -0.90121 -0.37337
vn 0.63229 0.12713 0.76423
vn 0.71003 -0.70302 0.04029
vn 0.10051 0.17728 -0.97901
vn 0.00314 0.99983 -0.01823
vn 0.40373 0.87372 -0.27130
vn 0.36354 -0.60707 0.70661
vn -0.47195 0.67231 0.57032
vn 0.12254 0.58466 -0.80197
vn -0.00083 0.99419 -0.10767
vn 0.00000 0.00000 0.00000
vn 0.65705 0.55211 -0.51328
vn 0.52669 0.10096 -0.84404
vn 0.29409 0.00000 0.95578
vn -0.47423 0.79723 -0.37353
vn 0.04649 0.96714 -0.24997
vn 0.58642 -0.16860 0.79227
vn -0.44721 0.00000 -0.89443
vn -0.01241 0.36164 0.93224
vn 0.07778 0.55106 -0.83083
vn -0.63997 -0.72670 0.24968
vn -0.29994 0.90119 -0.31287
vn 0.12814 -0.89881 -0.41920
vn -0.67812 0.30042 0.67075
vn -0.21765 0.70151 -0.67860
vn -0.62424 -0.72841 0.28238
vn 0.37940 -0.87983 0.28627
vn 0.18245 0.77448 0.60571
vn 0.60497 -0.30007 -0.73754
vn -0.24963 -0.96190 0.11146
vn 0.45189 -0.89042 -0.05437
vn 0.12401 0.67812 -0.72441
vn 0.11892 0.39930 -0.90908
vn 0.34149 -0.91029 -0.23399
vn -0.65916 0.63368 0.40493
vn -0.61486 -0.25707 0.74556
vn 0.99222 0.06559 -0.10583
vn 0.03722 -0.78818 0.61432
vn 0.25256 -0.95549 -0.15246
vn 0.77780 -0.10697 0.61934
vn -0.42696 -0.86105 0.27623
vn -0.48136 -0.87609 0.02775
vn 0.30871 0.62632 -0.71584
vn -0.22354 0.97190 0.07375
vn 0.14219 -0.98144 -0.12868
vn -0.68823 0.20463 0.69604
vn 0.74104 0.50488 0.44267
vn 0.15497 0.61329 0.77451
vn -0.64383 -0.28999 -0.70809
vn 0.27779 -0.91824 0.28226
vn 0.75140 0.40542 -0.52062
vn 0.29496 0.93895 -0.17712
vn 0.02816 0.99724 0.06869
vn 0.15642 0.95833 0.23904
vn -0.59211 0.44798 -0.66987
vn -0.07156 -0.99329 0.09090
vn 0.38875 -0.89361 -0.22435
vn 0.73886 0.55477 -0.38252
vn -0.23027 -0.90734 0.35172
vn 0.87336 0.27884 -0.39937
vn 0.40933 -0.71795 0.56302
vn 0.18214 -0.54074 0.82124
vn 0.12636 -0.97832 -0.16408
vn 0.42564 0.82612 0.36925
vn 0.94562 0.00962 -0.32514
vn 0.72093 0.64581 -0.25139
vn -0.21967 0.66655 0.71236
vn -0.47750 0.80527 0.35147
vn 0.96239 -0.11332 -0.24692
vn 0.20260 -0.64048 -0.74077
vn -0.57020 0.39455 -0.72056
vn -0.09465 0.26305 0.96013
vn 0.59532 -0.76380 -0.24940
vn 0.73018 0.68298 -0.01934
vn 0.92320 -0.38102 0.05038
vn 0.20531 -0.97689 -0.05940
vn -0.86794 -0.48905 0.08666
vn -0.83146 0.53079 0.16412
vn 0.55768 -0.81718 -0.14567
vn -0.91094 0.27837 0.30445
vn 0.80067 -0.11296 -0.58835
vn 0.31137 0.13553 -0.94057
vn -0.30946 0.05928 0.94906
vn 0.31901 0.94069 0.11551
vn 0.17191 -0.51271 0.84118
vn 0.40280 0.83950 0.36467
vn 0.40069 -0.90353 -0.15192
vn 0.00000 0.00000 0.00000
vn 0.24823 -0.83257 0.49518
vn -0.96025 -0.19950 0.19525
vn 0.41022 -0.77646 -0.47837
vn 0.55589 -0.83124 0.00589
vn 0.03150 -0.98789 -0.15190
vn 0.78531 0.54013 -0.30258
vn 0.88293 0.24592 -0.39996
vn -0.39453 -0.91505 0.08380
vn -0.93138 -0.13532 0.33796
vn 0.55825 -0.75001 0.35473
vn 0.34140 0.92613 0.16037
vn 0.55066 0.77742 -0.30396
vn -0.53486 -0.79483 0.28663
vn 0.89425 0.12201 -0.43061
vn 0.42144 0.89335 0.15597
vn -0.91732 -0.34036 0.20661
vn -0.94393 0.00091 0.33014
vn -0.90852 -0.32361 0.26433
vn 0.34647 -0.93536 0.07116
vn -0.14283 -0.88819 -0.43671
vn -0.15714 -0.98074 0.11598
vn -0.38061 0.92048 0.08858
vn 0.52773 -0.49272 -0.69190
vn -0.45373 0.27364 -0.84808
vn -0.73643 -0.04734 -0.67486
vn 0.13144 -0.96880 -0.21010
vn -0.29619 0.48080 0.82529
vn -0.89656 0.38560 -0.21795
vn -0.67304 -0.26147 0.69184
vn -0.91850 0.05700 0.39128
vn -0.13339 0.81627 -0.56206
vn 0.22851 -0.21687 -0.94908
vn 0.28620 -0.43706 0.85269
vn -0.97625 0.19030 -0.10357
vn -0.99186 0.03463 0.12255
vn 0.79786 0.60216 -0.02861
vn 0.20531 -0.97689 -0.05940
vn 0.16063 -0.85184 0.49857
vn 0.99330 0.03666 -0.10960
vn 0.68239 -0.24751 0.68781
vn 0.08191 -0.98944 -0.11958
vn 0.32810 -0.94316 -0.05295
vn -0.84024 -0.28077 0.46386
vn 0.27043 -0.35033 -0.89674
vn -0.64723 -0.10553 0.75495
vn -0.10770 0.99032 0.08756
vn 0.23280 0.04116 0.97165
vn -0.45676 0.88219 0.11449
vn 0.33578 0.94041 0.05365
vn -0.04859 0.62938 -0.77558
vn 0.10036 -0.97839 -0.18080
vn -0.18919 0.06881 0.97953
vn -0.12214 -0.19179 -0.97381
vn -0.32558 -0.10370 0.93981
vn 0.06142 0.99765 0.03022
vn 0.05783 -0.99785 0.03095
vn -0.14093 0.89452 0.42424
vn 0.00084 0.99503 -0.09958
vn 0.04791 -0.78211 -0.62130
vn 0.22208 0.09274 0.97061
vn -0.25994 0.96560 0.00614
vn -0.08554 0.85757 -0.50721
vn -0.21180 -0.90637 -0.36556
vn -0.32767 -0.91174 -0.24773
vn -0.04708 0.56231 -0.82558
vn -1.00000 0.00000 0.00000
vn 0.00000 0.00000 0.00000
vn -0.23897 0.09756 0.96611
vn 0.43987 -0.65889 0.61022
vn -0.19414 0.36820 -0.90925
vn -0.49275 0.05572 -0.86838
vn 0.18123 -0.42943 -0.88473
vn 0.25022 0.85073 0.46221
vn -0.41663 -0.06007 -0.90709
vn -0.04735 0.99817 0.03774
vn -0.01525 0.02746 0.99951
vn -0.01604 0.98337 -0.18090
vn -0.52460 -0.84551 -0.09951
vn -0.39317 0.88584 0.24638
vn 0.17662 -0.81549 0.55117
vn -0.16922 0.84908 0.50042
vn 0.30830 0.94841 -0.07398
vn -0.25976 -0.96400 -0.05684
vn -0.52820 -0.84910 0.00519
vn -0.82148 0.19640 -0.53534
vn 0.14275 0.82918 0.54045
vn -0.70330 0.69141 0.16528
vn -0.01803 0.99197 -0.12521
vn -0.35529 -0.87005 -0.34173
vn -0.10447 -0.78010 -0.61687
vn 0.35454 -0.79950 0.48487
vn -0.36289 -0.65212 0.66562
vn -0.21902 0.94509 -0.24255
vn -0.88529 0.33458 0.32299
vn -0.20309 -0.88030 -0.42875
vn -0.28550 -0.94457 0.16211
vn -0.53276 0.77581 -0.33807
vn -0.63800 0.67255 -0.37501
vn 0.07534 0.91180 0.40366
vn -0.17416 0.80223 -0.57105
vn 0.03423 -0.99938 0.00768
vn 0.02305 0.99973 -0.00210
vn 0.11538 0.87809 0.46438
vn 0.23001 0.97115 0.06289
vn 0.16774 0.82399 0.54121
vn -0.14845 0.86343 -0.48214
vn 0.26603 -0.95869 0.10072
vn -0.32540 0.94538 -0.01922
vn -0.01950 0.95374 -0.30001
vn 0.36923 -0.92914 -0.01919
vn 0.07672 0.96104 0.26555
vn 0.03095 -0.99766 0.06094
vn 0.01786 -0.98733 -0.15767
vn -0.30426 -0.95255 0.00866
vn -0.27488 0.95508 -0.11075
vn 0.35091 -0.91495 -0.19929
vn 0.32034 -0.94730 -0.00010
vn 0.25031 -0.94651 0.20363
vn -0.30389 0.95226 -0.02909
vn 0.37868 0.89156 0.24843
vn 0.07399 -0.97999 0.18481
vn 0.39376 -0.83450 0.38544
vn 0.52228 -0.85091 0.05635
vn 0.08989 0.97555 0.20054
vn 0.02735 -0.20879 0.97758
vn -0.11774 -0.19546 -0.97362
vn 0.35243 0.70245 -0.61835
vn 0.25785 -0.90675 -0.33364
vn 0.29332 0.95358 0.06821
vn -0.16589 0.98608 0.01151
vn 0.05416 -0.97050 0.23495
vn 0.82632 0.33997 -0.44902
vn -0.21949 -0.97014 0.10318
vn 0.05546 0.78874 0.61222
vn 0.01838 -0.99292 0.11733
vn 0.02885 0.87915 0.47568
vn 0.23900 0.96673 0.09112
vn 0.05242 0.99852 0.01480
vn 0.03794 -0.97824 0.20400
vn -0.23494 0.96851 -0.08240
vn 0.00390 -0.99920 -0.03977
vn -0.14814 0.92357 -0.35365
vn 0.00856 -0.99871 -0.05013
vn 0.09780 -0.89106 0.44321
vn -0.17344 0.97927 -0.10465
vn 0.01424 -0.97376 -0.22713
vn 0.03663 0.97147 0.23432
vn -0.03918 0.99059 0.13116
vn -0.12990 0.99065 -0.04157
vn -0.38920 -0.89052 0.23557
vn 0.12618 -0.93471 -0.33226
vn 0.10021 0.06060 0.99312
vn -0.05363 -0.90405 -0.42404
vn -0.42054 0.85252 -0.31042
vn 0.01251 0.98745 0.15745
vn 0.08878 0.51557 0.85224
vn -0.07243 -0.98180 -0.17559
vn 0.07740 -0.61812 -0.78226
vn -0.00627 -0.84734 -0.53102
vn 0.07016 0.93548 0.34636
vn 0.02582 0.99357 0.11028
vn 0.14186 -0.25545 0.95636
vn -0.54675 -0.55566 0.62634
vn 0.10747 -0.24918 0.96248
vn 0.22459 0.85261 0.47183
vn 0.08701 0.52309 0.84782
vn -0.18512 0.92801 -0.32330
vn 0.10423 -0.22528 0.96870
vn 0.13702 -0.97627 0.16772
vn 0.54021 0.76380 0.35326
vn -0.06924 0.96663 -0.24666
vn 0.01132 -0.99993 0.00248
vn 0.35469 -0.89006 -0.28633
vn 0.06452 0.65192 0.75553
vn -0.04068 -0.88800 -0.45805
vn 0.53717 0.79361 -0.28573
vn 0.17697 -0.71037 0.68122
vn 0.25345 0.96734 0.00240
vn -0.53116 -0.56606 -0.63043
vn -0.19978 -0.93313 -0.29893
vn -0.24783 0.82462 -0.50851
vn 0.10931 -0.96463 0.23988
vn 0.19636 -0.82888 -0.52383
vn 0.17380 -0.98031 0.09371
vn -0.27609 -0.93969 -0.20188
vn -0.40719 0.89999 0.15560
vn 0.40533 0.80420 -0.43471
vn -0.82792 -0.19517 0.52579
vn 0.36661 -0.92264 -0.11974
vn -0.51811 -0.41963 0.74530
vn -0.10379 0.76801 -0.63197
vn 0.03015 0.42524 -0.90458
vn 0.23464 -0.97147 0.03450
vn 0.02120 0.99277 0.11814
vn -0.26633 -0.74083 -0.61664
vn -0.15615 -0.75690 0.63461
vn -0.01639 -0.97994 -0.19864
vn 0.01550 -0.99936 0.03227
vn -0.79911 0.49510 -0.34103
vn 0.01210 0.99637 0.08431
vn -0.01297 0.95284 -0.30319
vn -0.25355 -0.96677 -0.03278
vn 0.00467 -0.99989 0.01431
vn 0.04667 0.86206 0.50466
vn -0.38038 -0.88212 -0.27781
vn 0.07365 -0.95752 0.27882
vn 0.16301 -0.73669 0.65629
vn -0.26600 -0.96391 -0.01072
vn -0.72255 0.66386 0.19290
vn -0.02673 0.99964 0.00255
vn 0.00484 0.32658 0.94516
vn -0.11373 -0.76747 -0.63091
vn -0.02108 0.99119 -0.13072
vn 0.03418 -0.96575 0.25722
vn 0.00251 0.94148 0.33707
vn 0.26334 0.96428 0.02872
vn -0.04742 0.93594 -0.34896
vn 0.06520 -0.15534 0.98571
vn 0.01105 -0.99984 0.01429
vn 0.00785 -0.99994 0.00804
vn 0.14485 -0.76825 0.62354
vn -0.19036 0.92717 -0.32268
vn 0.86754 0.12194 -0.48219
vn -0.16535 0.78591 -0.59582
vn 0.00720 -0.99104 -0.13340
vn -0.00569 0.99996 -0.00682
vn 0.03936 -0.98486 0.16883
vn 0.00000 -0.44721 -0.89443
vn 0.16939 0.82105 -0.54515
vn 0.13200 -0.69327 0.70848
vn 0.56451 0.23040 -0.79262
vn 0.61806 -0.69937 -0.35899
vn -0.27560 -0.93410 -0.22696
vn -0.10207 0.75348 -0.64950
vn 0.29901 -0.95311 -0.04664
vn 0.00000 0.00000 1.00000
vn 0.39900 0.62267 0.67311
vn 0.62251 -0.50841 -0.59498
vn -0.01017 -0.51322 -0.85820
vn 0.20383 -0.83161 0.51661
vn 0.22724 0.95625 0.18426
vn 0.00000 0.37139 -0.92848
vn 0.95033 0.06899 -0.30351
vn -0.00204 0.99745 -0.07138
vn 0.04246 0.96249 0.26799
vn 0.08814 -0.81653 0.57054
vn -0.03694 -0.86057 -0.50798
vn -0.03190 -0.94391 -0.32866
vn 0.10241 -0.80535 0.58389
vn 0.11669 0.70229 0.70226
vn 0.03760 -0.99201 0.12040
vn 0.01702 0.99772 0.06526
vn 0.73813 -0.65242 -0.17177
vn -0.21945 -0.97415 -0.05364
vn -0.06954 0.81802 -0.57097
vn 0.22053 -0.90667 0.35960
vn 0.76370 -0.45645 -0.45652
vn -0.00847 0.98247 -0.18625
vn -0.14317 -0.79822 -0.58510
vn 0.76015 -0.47257 -0.44593
vn 0.01206 0.99902 0.04250
vn 0.99398 -0.10948 -0.00399
vn -0.03801 0.98954 -0.13918
vn 0.04413 0.96265 0.26714
vn 0.03192 -0.87892 0.47589
vn 0.92849 0.22439 0.29591
vn 0.31857 0.63713 0.70184
vn 0.83885 0.03614 0.54317
vn 0.04029 0.99917 -0.00600
vn 0.13889 0.75986 0.63508
vn 0.41536 -0.07022 0.90694
vn 0.82001 0.10257 0.56309
vn 0.96271 -0.05571 -0.26475
vn 0.61334 -0.11475 -0.78144
vn 0.83771 0.20103 -0.50777
vn 0.90673 0.22726 0.35524
vn -0.59675 -0.38433 0.70440
vn 0.97635 0.21252 0.03966
vn 0.96280 0.24505 0.11384
vn 0.93804 0.05489 0.34215
vn -0.15598 0.80941 0.56615
vn 0.03931 -0.99912 -0.01441
vn 0.80731 0.36255 0.46562
vn 0.82570 -0.35541 0.43806
vn 0.98353 -0.16155 0.08110
vn 0.79523 0.29823 -0.52789
vn 0.78845 -0.18543 -0.58648
vn 0.70439 -0.65355 0.27696
vn 0.54641 0.24590 0.80061
vn 0.17081 0.82267 0.54225
vn -0.02224 0.95914 -0.28205
vn -0.02611 0.98886 -0.14655
vn 0.03621 0.94570 0.32303
vn 0.99829 0.01369 0.05686
vn -0.67888 0.69724 0.23018
vn 0.02627 -0.05465 0.99816
vn 0.87476 0.36427 -0.31955
vn 0.00616 0.99713 0.07547
vn 0.03102 -0.43694 -0.89895
vn 0.01200 -0.99964 0.02382
vn 0.19191 0.93100 0.31049
vn 0.84862 0.11205 -0.51700
vn 0.40457 0.04132 0.91357
vn 0.95964 -0.17437 -0.22066
vn 0.17783 -0.02156 0.98383
vn -0.95534 -0.13580 0.26247
vn 0.65324 0.34600 -0.67346
vn 0.04835 -0.92454 0.37801
vn -0.90466 -0.10780 -0.41228
vn -0.12161 -0.72739 -0.67537
vn -0.08030 0.22292 0.97152
vn 0.78845 0.55869 -0.25730
vn -0.93585 -0.25435 -0.24389
vn 0.00298 -0.89146 0.45308
vn 0.45365 -0.67509 -0.58177
vn 0.98889 -0.02782 -0.14599
vn -0.90067 0.03057 -0.43342
vn 0.89919 -0.12347 0.41977
vn 0.02408 -0.99965 0.01051
vn -0.22978 -0.07291 0.97051
vn -0.05890 -0.21058 0.97580
vn 0.32808 -0.42118 -0.84556
vn 0.61661 0.65908 -0.43058
vn -0.38050 -0.15910 0.91099
vn -0.90579 -0.29515 -0.30404
vn -0.57581 -0.23364 0.78349
vn -0.42685 0.61807 0.66015
vn -0.42311 -0.57581 0.69959
vn 0.97982 0.18535 -0.07480
vn -0.01127 0.99965 -0.02390
vn 0.81254 0.31500 0.49046
vn 0.27517 0.20997 -0.93819
vn 0.07314 0.80102 0.59415
vn 0.68349 0.25631 0.68349
vn 0.87283 -0.22741 -0.43180
vn -0.00186 -0.99657 -0.08277
vn -0.08620 -0.80436 -0.58786
vn -0.91704 -0.18085 0.35544
vn 0.98802 0.11504 0.10284
vn -0.73886 -0.02228 0.67349
vn -0.99931 -0.03655 0.00657
vn -0.19791 0.91613 -0.34862
vn 0.99367 -0.03785 0.10575
vn 0.00051 -0.99884 -0.04814
vn -0.39578 0.14945 0.90610
vn 0.01200 -0.99964 0.02382
vn -0.99396 -0.00429 0.10964
vn 0.55820 0.01904 0.82949
vn -0.98143 -0.00842 0.19164
vn -0.86396 0.00416 0.50354
vn 0.03203 -0.98595 0.16392
vn 0.46196 -0.38228 0.80029
vn -0.74468 0.03399 -0.66656
vn 0.92602 0.13535 -0.35236
vn 0.97321 -0.05807 0.22245
vn 0.00816 0.98898 0.14782
vn 0.19410 0.17159 -0.96586
vn -0.99946 0.00398 -0.03248
vn 0.26123 -0.18983 0.94643
vn -0.88881 0.34108 0.30608
vn 0.01608 -0.02032 0.99966
vn 0.01200 -0.99964 0.02382
vn 0.98539 0.02386 -0.16866
vn 0.08443 -0.91484 0.39490
vn -0.68201 0.04264 0.73010
vn -0.01810 0.99203 -0.12473
vn 0.25969 -0.19820 0.94513
vn 0.89882 0.16903 0.40442
vn 0.95040 -0.31041 -0.01950
vn -0.83141 -0.08370 -0.54932
vn -0.98109 -0.15458 -0.11652
vn -0.99853 0.05406 -0.00466
vn -0.47542 -0.02852 -0.87930
vn 0.92546 0.09507 -0.36672
vn 0.44473 -0.67535 -0.58832
vn -0.99765 0.05878 0.03527
vn -0.99930 -0.03024 0.02183
vn 0.84028 -0.12247 0.52813
vn -0.68230 -0.37924 0.62501
vn -0.92248 0.03759 -0.38421
vn -0.94098 0.06407 0.33236
vn 0.98506 0.15858 -0.06713
vn -0.93371 -0.08873 0.34686
vn -0.98113 -0.16050 0.10778
vn 0.58545 -0.24202 0.77374
vn -0.06864 0.02009 0.99744
vn 0.32599 0.33848 0.88270
vn 0.79812 -0.00020 0.60250
vn -0.23325 0.38598 0.89253
vn 0.74280 0.55636 -0.37245
vn -0.94268 -0.00138 0.33368
vn -0.73457 0.26307 0.62546
vn -0.48950 0.08749 -0.86760
vn 0.29505 0.60908 -0.73618
vn 0.22647 -0.93546 -0.27136
vn 0.06659 0.56688 -0.82111
vn -0.01127 0.99965 -0.02390
vn 0.25880 0.05156 0.96455
vn 0.35203 -0.06760 0.93355
vn -0.18350 -0.97177 -0.14831
vn -0.80675 -0.45154 0.38114
vn 0.24798 -0.82894 0.50136
vn 0.65031 -0.10018 0.75303
vn 0.76573 0.13190 0.62949
vn 0.31913 -0.94561 -0.06302
vn 0.16052 0.07121 0.98446
vn 0.59596 0.11616 -0.79457
vn -0.59675 -0.26305 -0.75809
vn -0.14452 -0.33999 0.92926
vn -0.82425 -0.48402 -0.29382
vn -0.01127 0.99965 -0.02390
vn -0.08343 0.84722 -0.52465
vn -0.08156 0.01777 0.99651
vn 0.21726 -0.94882 0.22922
vn 0.94858 0.27833 -0.15078
vn 0.24160 0.65463 -0.71630
vn -0.38153 0.47432 0.79338
vn 0.59243 0.48167 0.64577
vn -0.02689 0.79254 0.60922
vn 0.61654 0.53384 0.57870
vn 0.28255 0.91507 -0.28777
vn 0.99094 -0.02791 0.13137
vn -0.43457 -0.18179 -0.88210
vn 0.03540 0.99360 0.10730
vn 0.64390 -0.32256 -0.69379
vn -0.31217 0.83994 0.44390
vn 0.18561 0.02717 0.98225
vn 0.06885 0.68326 0.72692
vn 0.43279 0.05567 0.89978
vn -0.84511 -0.34380 0.40938
vn -0.05593 -0.18691 -0.98078
vn -0.18480 -0.90045 -0.39376
vn 0.26493 -0.96401 0.02217
vn -0.35538 -0.33452 -0.87281
vn -0.50566 0.09885 0.85705
vn -0.21269 -0.05813 -0.97539
vn -0.16089 -0.16459 -0.97315
vn -0.92892 0.36178 -0.07887
vn -0.13061 -0.75564 0.64183
vn 0.81363 -0.54914 0.19092
vn 0.02710 0.58139 -0.81318
vn 0.17816 -0.00205 -0.98400
vn 0.04538 0.05955 0.99719
vn 0.27998 0.52212 0.80561
vn -0.28122 -0.02201 -0.95939
vn -0.09506 0.95411 0.28397
vn 0.03050 0.88414 0.46623
vn 0.08546 -0.90789 -0.41042
vn -0.95279 -0.21765 0.21172
vn 0.22335 -0.01523 0.97462
vn 0.00000 0.00000 0.00000
vn -0.14213 0.02659 -0.98949
vn 0.98566 0.09674 -0.13829
vn -0.05795 -0.89026 -0.45176
vn -0.24287 -0.01786 -0.96989
vn 0.32438 0.01499 0.94581
vn -0.51574 -0.21432 -0.82951
vn 0.36418 -0.03645 0.93062
vn -0.16374 -0.04445 -0.98550
vn -0.00719 0.99555 -0.09400
vn 0.08388 0.00212 0.99647
vn -0.83325 -0.11534 -0.54073
vn -0.99224 0.09406 0.08134
vn 0.23757 0.10435 0.96575
vn -0.04549 -0.04955 -0.99774
vn -0.01072 -0.16264 0.98663
vn -0.90248 0.07945 -0.42334
vn -0.11355 -0.01941 -0.99334
vn -0.66033 0.68508 0.30762
vn 0.03500 -0.08601 0.99568
vn -0.72580 -0.05173 -0.68596
vn -0.14427 -0.96534 -0.21752
vn 0.95100 0.14238 0.27447
vn -0.48043 -0.39329 -0.78391
vn 0.00070 -0.05343 -0.99857
vn 0.74992 -0.65701 -0.07722
vn 0.26811 -0.58740 0.76360
vn -0.08664 -0.00920 -0.99620
vn -0.65780 -0.00949 -0.75313
vn -0.04292 -0.99253 0.11419
vn -0.08534 0.28091 0.95593
vn 0.15310 -0.26150 0.95298
vn 0.07455 0.23590 0.96891
vn -0.06934 -0.96722 0.24430
vn 0.30461 0.03953 0.95166
vn 0.70100 0.00947 -0.71309
vn -0.12490 0.15186 -0.98048
vn 0.46444 -0.87807 -0.11528
vn 0.13442 -0.07437 0.98813
vn 0.03085 -0.04659 -0.99844
vn -0.55558 0.82665 -0.08931
vn 0.60697 0.03113 0.79412
vn 0.02832 -0.04323 -0.99866
vn -0.33753 -0.00181 -0.94131
vn -0.10222 0.09238 -0.99046
vn 0.06581 0.02922 0.99740
vn -0.78788 0.01691 0.61560
vn -0.22094 0.97358 -0.05767
vn 0.00668 -0.96108 -0.27619
vn 0.99720 0.07479 0.00000
vn -0.33891 -0.05664 0.93911
vn 0.99105 0.00988 0.13313
vn -0.26857 0.13812 -0.95331
vn 0.16215 0.82953 -0.53440
vn -0.45725 -0.30639 0.83490
vn 0.23032 -0.04369 -0.97213
vn 0.07202 0.06878 0.99503
vn 0.27563 -0.39302 0.87725
vn 0.25083 -0.00178 -0.96803
vn -0.35390 -0.09700 -0.93024
vn 0.15604 -0.15320 -0.97580
vn -0.07438 -0.03605 -0.99658
vn 0.97034 0.12349 -0.20784
vn 0.12326 0.84974 0.51258
vn 0.20594 -0.01054 0.97851
vn 0.00000 0.00000 0.00000
vn 0.12763 0.02666 0.99146
vn -0.28390 -0.10241 -0.95337
vn -0.67306 0.43782 -0.59607
vn 0.15366 0.02278 0.98786
vn -0.71129 0.70271 0.01639
vn -0.84622 0.51615 0.13233
vn 0.33468 -0.06152 -0.94032
vn -0.13135 -0.10415 -0.98585
vn -0.05695 -0.01911 -0.99819
vn 0.92545 -0.30484 -0.22499
vn -0.14717 0.65443 -0.74166
vn -0.45318 -0.16273 0.87644
vn 0.40354 0.26999 0.87422
vn 0.43166 0.09581 0.89693
vn 0.24937 0.33831 -0.90739
vn 0.45075 0.00925 0.89260
vn 0.70436 -0.70436 -0.08805
vn -0.55314 0.27650 0.78586
vn 0.37916 0.18023 -0.90761
vn 0.20702 -0.12941 0.96974
vn 0.13612 -0.01187 0.99062
vn -0.44079 -0.30441 -0.84441
vn 0.29349 -0.11114 0.94948
vn 0.57186 -0.44595 0.68855
vn 0.13483 -0.80418 0.57889
vn 0.22313 0.91492 0.33636
vn 0.00000 0.00000 0.00000
vn 0.19148 -0.09399 0.97699
vn 0.45468 -0.01208 -0.89057
vn -0.06250 0.90223 -0.42670
vn -0.31787 -0.79700 -0.51357
vn 0.38088 -0.02933 -0.92416
vn -0.04756 -0.24009 -0.96958
vn 0.98966 -0.11065 -0.09132
vn 0.15857 -0.36494 -0.91743
vn 0.07169 0.24934 0.96576
vn 0.55070 0.03417 0.83400
vn 0.07561 -0.04577 -0.99609
vn -0.02489 0.02870 -0.99928
vn -0.21840 -0.04304 0.97491
vn -0.28459 -0.89358 0.34716
vn 0.42776 0.00144 0.90389
vn 0.25507 -0.41182 0.87484
vn 0.10742 -0.00986 -0.99416
vn 0.81628 0.22361 0.53262
vn 0.69691 -0.04360 -0.71583
vn 0.19937 -0.97018 0.13788
vn -0.81636 -0.23210 -0.52885
vn 0.68963 -0.30063 0.65881
vn -0.02266 0.98242 -0.18533
vn 0.99941 0.00784 0.03350
vn 0.80398 -0.49560 -0.32864
vn 0.00000 0.00000 0.00000
vn -0.78248 -0.22000 0.58251
vn 0.05482 -0.02977 -0.99805
vn -0.01019 -0.96420 -0.26497
vn 0.96990 -0.01488 -0.24306
vn 0.89477 -0.06895 -0.44118
vn 0.02102 0.00253 0.99978
vn 0.55235 0.04995 0.83211
vn 0.09102 0.80541 0.58569
vn -0.18135 0.60996 0.77141
vn -0.73092 0.67904 -0.06826
vn 0.59115 0.74872 0.29994
vn 0.32723 0.08433 0.94117
vn -0.38194 0.30011 -0.87410
vn -0.89845 -0.03018 -0.43804
vn 0.84175 0.00081 -0.53986
vn -0.32467 -0.11298 0.93906
vn -0.53389 -0.05811 -0.84356
vn 0.99932 0.02453 0.02744
vn 0.00000 0.00000 0.00000
vn -0.04090 -0.74046 -0.67085
vn 0.87764 -0.02127 0.47884
vn -0.46896 -0.50291 -0.72606
vn -0.04563 -0.01822 0.99879
vn 0.18654 0.07909 0.97926
vn 0.98755 0.00661 -0.15714
vn 0.00000 0.00000 0.00000
vn 0.87399 -0.05007 -0.48336
vn 0.98513 0.01177 -0.17143
vn -0.98330 -0.01588 -0.18132
vn -0.58183 -0.06354 0.81083
vn -0.84653 -0.34733 -0.40342
vn 0.99349 0.00813 -0.11360
vn -0.32809 0.02794 0.94423
vn -0.76071 -0.64906 -0.00618
vn -0.44159 0.45088 0.77569
vn -0.28261 0.07978 0.95591
vn -0.86790 -0.31804 0.38157
vn 0.99648 -0.05402 -0.06405
vn 0.00000 0.00000 0.00000
vn 0.49014 0.18849 0.85102
vn 0.00000 0.00000 0.00000
vn -0.96480 -0.02168 -0.26208
vn -0.96784 0.00088 0.25157
vn -0.28300 0.87673 -0.38891
vn 0.60017 0.16242 0.78321
vn 0.29095 -0.00796 -0.95670
vn 0.56076 0.08725 0.82337
vn -0.98364 -0.00520 0.18004
vn -0.06577 0.91847 0.38999
vn 0.99917 0.00672 -0.04020
vn 0.02103 0.99314 0.11500
vn -0.69163 0.34295 0.63563
vn 0.89839 0.13044 -0.41937
vn 0.90490 0.16734 0.39134
vn 0.49673 -0.38867 0.77601
vn -0.92586 -0.33583 0.17321
vn 0.20015 0.97972 -0.00938
vn 0.99196 0.00691 -0.12635
vn 0.00000 0.00000 1.00000
vn 0.97439 -0.02460 -0.22350
vn -0.99273 -0.00906 0.12000
vn 0.34833 0.35364 -0.86811
vn -0.33871 0.16141 0.92694
vn 0.98915 -0.09497 -0.11207
vn 0.91717 -0.14891 0.36962
vn 0.83283 -0.42021 0.36030
vn 0.57430 -0.43762 0.69185
vn 0.89796 0.27537 -0.34327
vn -0.29920 0.94638 0.12187
vn 0.99831 0.00640 -0.05779
vn 0.00000 0.00000 0.00000
vn 1.00000 0.00000 0.00000
vn 0.91788 0.34681 -0.19291
vn 0.54190 0.33991 0.76864
vn 0.35437 0.93376 0.05024
vn -0.10361 -0.03916 0.99385
vn -0.78157 -0.57507 -0.24175
vn -0.69631 0.17408 -0.69631
vn -0.70946 -0.58878 -0.38730
vn 0.76679 0.30870 -0.56280
vn -0.44054 -0.15134 -0.88488
vn 0.48466 0.19305 0.85313
vn -0.24138 0.46148 0.85368
vn -0.46495 -0.79496 0.38968
vn -0.22388 -0.00858 -0.97458
vn -0.72250 0.27651 0.63367
vn -0.63228 -0.30232 -0.71331
vn 0.20629 0.97426 0.09093
vn -0.60484 -0.08072 0.79224
vn 0.31683 -0.16653 0.93375
vn 0.79731 -0.54981 -0.24903
vn 0.76445 -0.03114 -0.64393
vn -0.63761 0.37596 0.67240
vn -0.00588 0.98544 -0.16993
vn 0.97724 -0.17930 -0.11335
vn -0.10686 0.26337 -0.95876
vn -0.52004 0.39583 0.75689
vn -0.75267 -0.61983 -0.22203
vn -0.45056 -0.88410 0.12393
vn -0.21007 -0.97706 -0.03500
vn 0.99109 0.13163 -0.02050
vn -0.92126 0.22242 0.31907
vn 0.90640 0.34219 -0.24769
vn 0.74309 0.04413 -0.66773
vn -0.00460 -0.95014 -0.31180
vn 0.79960 -0.50946 0.31795
vn 0.78072 0.39036 0.48795
vn -0.33140 0.13414 0.93390
vn -0.97358 -0.21952 0.06293
vn 0.12493 -0.62582 0.76990
vn 0.17697 0.96563 0.19037
vn 0.59863 -0.32175 0.73357
vn -0.98981 -0.02008 -0.14094
vn 0.79591 -0.02764 0.60479
vn -0.46089 -0.23366 0.85615
vn 0.00000 0.00000 0.00000
vn -0.15622 0.21838 -0.96328
vn -0.75302 -0.24840 0.60931
vn -0.99415 -0.09965 -0.04169
vn -0.85331 0.01117 -0.52129
vn -0.70765 -0.07136 0.70295
vn 0.79147 0.25049 0.55752
vn -0.80929 0.47824 0.34107
vn -0.00231 -0.98344 -0.18122
vn -0.67644 0.28775 0.67796
vn 0.45384 0.10167 0.88526
vn -0.83190 -0.38841 0.39633
vn -0.45300 0.09039 0.88692
vn -0.10794 0.15137 0.98257
vn -0.32901 -0.07498 0.94135
vn -0.99513 -0.07678 -0.06182
vn -0.99239 0.06210 0.10634
vn -0.43961 0.85447 -0.27680
vn -0.62659 0.15523 -0.76373
vn 0.20686 -0.02007 -0.97816
vn -0.79085 0.50165 0.35058
vn 0.16168 0.82021 0.54874
vn -0.21916 0.97296 -0.07291
vn 0.61555 -0.53317 0.58038
vn -0.64813 0.70064 0.29837
vn 0.12943 0.79886 0.58742
vn -0.21214 0.15151 0.96542
vn 0.53277 -0.08107 0.84237
vn -0.94889 -0.25263 0.18919
vn -0.98073 0.07197 0.18163
vn 0.47124 -0.04585 0.88081
vn 0.58354 -0.00614 -0.81206
vn 0.03087 0.45132 -0.89183
vn -0.46739 -0.38950 -0.79362
vn 0.25715 0.06264 -0.96434
vn 0.23783 -0.80238 0.54738
vn -0.77719 -0.02672 0.62870
vn -0.42675 0.40084 0.81069
vn -0.93603 -0.01065 0.35176
vn -0.80094 0.05800 0.59592
vn -0.53561 -0.06501 0.84196
vn -0.99178 0.04520 0.11968
vn 0.25677 0.05018 0.96517
vn -0.97613 -0.21599 0.02260
vn 0.10450 -0.26276 0.95919
vn -0.99352 0.09382 -0.06422
vn 0.98164 -0.11293 -0.15372
vn 0.17798 0.95914 -0.21995
vn 0.30373 0.04586 -0.95165
vn -0.63145 0.13531 0.76352
vn 0.15324 0.07256 0.98552
vn -0.42259 0.02084 0.90608
vn -0.12557 -0.01514 -0.99197
vn 0.37551 -0.85391 0.36031
vn 0.91745 -0.39190 -0.06862
vn -0.02674 0.99038 -0.13576
vn -0.25113 -0.02583 -0.96761
vn 0.96435 0.24926 -0.08886
vn 0.53258 -0.07785 -0.84279
vn 0.84988 0.14783 -0.50582
vn -0.83510 0.04413 -0.54832
vn 0.77415 0.01283 -0.63287
vn -0.45124 -0.07304 -0.88941
vn 0.68842 0.11576 -0.71602
vn -0.29860 0.02219 -0.95412
vn -0.03880 0.95581 -0.29141
vn -0.43646 -0.51153 -0.74016
vn 0.63557 0.11884 -0.76285
vn 0.01402 -0.99573 0.09121
vn 0.02916 -0.96600 0.25690
vn 0.99750 0.06430 0.02928
vn -0.00884 0.99782 0.06533
vn 0.99683 -0.02858 -0.07430
vn 0.79820 0.56133 -0.21859
vn -0.25846 -0.03798 0.96528
vn 0.33077 -0.94177 -0.06052
vn 0.14321 0.98520 0.09422
vn -0.54534 -0.17527 -0.81968
vn -0.10263 0.83553 -0.53977
vn 0.84723 -0.40667 0.34179
vn -0.91675 0.10331 0.38588
vn 0.52976 0.73052 0.43093
vn 0.93492 -0.10205 0.33986
vn 0.07537 0.59835 0.79768
vn 0.26120 0.44124 -0.85854
vn 0.00868 0.97842 0.20645
vn 0.79675 0.13019 -0.59012
vn 0.92059 -0.20231 -0.33403
vn 0.03123 0.00000 -0.99951
vn -0.80924 -0.02531 0.58693
vn 0.17166 0.98440 0.03857
vn 0.01014 0.94636 0.32295
vn 0.03027 0.91326 0.40624
vn 0.61218 0.11231 0.78270
vn -0.02966 -0.03084 0.99908
vn 0.04691 -0.90781 0.41675
vn 0.08738 -0.02933 0.99574
vn 0.61274 -0.11945 0.78121
vn -0.33223 -0.07900 -0.93988
vn -0.97525 0.21066 0.06714
vn 0.62664 -0.06186 0.77685
vn -0.19162 -0.30665 -0.93233
vn -0.03400 0.99937 -0.01048
vn -0.91299 -0.22026 0.34341
vn 0.72070 -0.22122 0.65701
vn -0.17619 0.70417 -0.68782
vn 0.62496 -0.12139 -0.77116
vn 0.85442 0.08551 0.51250
vn -0.13479 0.04342 0.98992
vn -0.70599 0.28930 0.64644
vn 0.55638 0.07358 -0.82766
vn -0.11111 0.84986 0.51517
vn -0.57041 -0.10215 -0.81498
vn -0.74175 0.10705 0.66208
vn 0.51571 0.30706 -0.79985
vn 0.44833 -0.81089 0.37610
vn 0.97361 -0.14454 0.17662
vn 0.00111 0.98218 0.18793
vn -0.55417 0.20338 -0.80718
vn -0.90629 -0.13269 -0.40129
vn 0.62653 0.01624 0.77923
vn -0.86169 0.48868 0.13666
vn 0.44410 0.80225 0.39897
vn -0.19426 -0.34779 -0.91723
vn -0.98339 -0.15847 -0.08848
vn 0.94664 -0.28951 0.14164
vn -0.19608 0.08517 0.97688
vn 0.88377 0.01440 -0.46770
vn -0.00718 0.99675 0.08029
vn -0.70642 -0.04415 -0.70642
vn 0.61933 -0.41099 -0.66896
vn -0.91366 -0.04449 -0.40403
vn -0.00666 -0.99022 -0.13934
vn -0.20378 0.86941 -0.45011
vn 0.17915 -0.98231 0.05456
vn -0.58282 0.80182 -0.13192
vn 0.94909 -0.06365 0.30849
vn 0.23476 -0.03360 -0.97147
vn -0.15528 -0.24831 0.95615
vn -0.84945 -0.15767 0.50356
vn 0.25190 -0.04364 0.96677
vn 0.86756 0.27940 0.41142
vn -0.08764 -0.95581 -0.28062
vn -0.23656 0.19808 -0.95121
vn -0.02455 0.99079 0.13313
vn -0.17084 -0.66944 -0.72295
vn 0.42245 -0.76753 0.48211
vn 0.50717 0.00850 0.86181
vn -0.29174 -0.00178 -0.95650
vn -0.11074 -0.64322 -0.75763
vn 0.24209 0.06052 0.96836
vn 0.09482 -0.68141 0.72573
vn -0.01481 -0.32209 0.94659
vn -0.14267 -0.56853 -0.81019
vn 0.82747 0.24706 -0.50425
vn 0.35726 -0.10792 -0.92775
vn -0.07513 0.75847 0.64736
vn 0.04994 0.87929 0.47366
vn -0.71750 0.61702 -0.32323
vn -0.03248 0.04860 -0.99829
vn -0.55264 -0.06282 0.83105
vn -0.04220 0.65759 0.75219
vn 0.49412 0.18711 -0.84902
vn -0.51027 -0.06170 -0.85780
vn -0.04088 0.99599 -0.07963
vn 0.08903 -0.68762 -0.72059
vn 0.02834 -0.98600 0.16435
vn 0.03782 0.86719 0.49655
vn 0.66513 -0.10753 -0.73894
vn -0.29412 0.55890 -0.77532
vn -0.01998 -0.02850 -0.99939
vn -0.85536 -0.20074 0.47757
vn -0.04424 0.68363 -0.72849
vn -0.44544 0.06608 0.89287
vn -0.85941 0.19062 0.47443
vn -0.08113 0.85058 -0.51955
vn 0.13108 -0.70472 0.69728
vn -0.18068 0.95596 -0.23131
vn -0.63604 -0.25568 0.72806
vn 0.16418 -0.96071 -0.22381
vn -0.05087 -0.09667 0.99402
vn 0.17408 -0.28292 0.94322
vn -0.55830 0.04418 0.82846
vn -0.66113 0.61821 -0.42512
vn -0.16599 0.93336 0.31825
vn 0.08718 0.08943 -0.99217
vn 0.01292 -0.99695 -0.07696
vn -0.17136 -0.22771 0.95853
vn 0.19450 -0.35596 -0.91403
vn -0.90806 0.13278 -0.39724
vn -0.30299 -0.02969 0.95253
vn 0.71192 0.09817 -0.69537
vn -0.35757 -0.03534 -0.93322
vn -0.37054 0.81601 0.44365
vn -0.34945 -0.01358 0.93686
vn -0.51420 0.10205 0.85158
vn 0.61824 0.72717 0.29833
vn 0.07770 -0.97487 -0.20879
vn 0.06226 -0.84449 -0.53194
vn 0.52717 -0.43066 0.73254
vn -0.01756 -0.96182 -0.27311
vn -0.35150 0.86692 0.35340
vn -0.50496 0.71203 -0.48788
vn -0.15410 0.13250 -0.97913
vn -0.99021 0.13525 -0.03446
vn -0.19805 0.97973 -0.02995
vn 0.01285 -0.99928 0.03571
vn -0.35170 0.69532 0.62677
vn -0.70724 0.61806 -0.34323
vn 0.77622 0.15137 -0.61202
vn -0.92840 0.02593 -0.37068
vn -0.97528 -0.22007 -0.02023
vn 0.04739 -0.99871 0.01843
vn -0.19245 -0.77134 0.60663
vn 0.58993 -0.80739 0.01038
vn -0.72002 -0.41512 0.55609
vn -0.63875 -0.05254 0.76762
vn 0.28255 0.00727 0.95923
vn 0.99688 -0.04782 0.06278
vn 0.99271 0.11378 -0.03980
vn 0.87636 -0.01175 0.48151
vn -0.61910 -0.70007 -0.35582
vn -0.74706 0.03993 -0.66356
vn 0.80993 0.11769 -0.57459
vn 0.30796 -0.71540 -0.62718
vn -0.95618 -0.27304 0.10572
vn 0.97469 0.18686 0.12270
vn -0.33547 0.69988 -0.63058
vn -0.96416 0.08169 0.25243
vn -0.51891 0.27317 0.81001
vn -0.16496 -0.98396 -0.06784
vn -0.79043 -0.60123 -0.11722
vn 0.05293 -0.71813 0.69389
vn -0.80042 -0.58974 -0.10740
vn -0.02934 0.83214 -0.55380
vn -0.62807 -0.68569 -0.36790
vn -0.18093 -0.51732 0.83645
vn -0.64360 -0.17934 -0.74405
vn -0.52194 0.80100 0.29321
vn 0.90855 -0.06721 -0.41234
vn 0.70619 0.01088 0.70794
vn 0.40172 0.88004 -0.25329
vn -0.49780 -0.74960 -0.43623
vn -0.85331 0.30139 -0.42548
vn 0.93750 0.16481 0.30647
vn -0.99317 -0.10081 0.05875
vn 0.51568 -0.16156 -0.84141
vn -0.07495 0.08177 -0.99383
vn -0.59591 0.71135 0.37266
vn 0.02595 0.17866 0.98357
vn -0.60692 -0.41313 0.67895
vn 0.87206 -0.12744 -0.47252
vn -0.56290 0.81587 0.13229
vn -0.66242 -0.05694 -0.74697
vn 0.99104 0.02978 -0.13021
vn -0.01111 -0.98782 0.15519
vn 0.89592 0.05902 0.44027
vn -0.85668 -0.16024 0.49033
vn 0.80799 0.36771 0.46037
vn -0.98443 0.16259 -0.06684
vn -0.97479 0.15599 0.15951
vn -0.78940 0.00661 -0.61385
vn 0.13115 0.04649 -0.99027
vn -0.02434 -0.89740 -0.44055
vn 0.16728 -0.87307 0.45800
vn -0.72689 -0.26487 -0.63362
vn 0.17354 -0.96342 0.20423
vn 0.67902 0.35055 -0.64502
vn 0.88884 -0.45806 0.01206
vn 0.87361 -0.48663 -0.00116
vn -0.06443 -0.20652 -0.97632
vn 0.81365 -0.49518 -0.30458
vn 0.83535 -0.18474 0.51775
vn 0.82701 -0.30555 -0.47190
vn -0.74930 0.47983 0.45641
vn -0.93782 -0.21967 -0.26879
vn -0.52665 0.02769 0.84963
vn 0.58759 -0.06125 0.80684
vn 0.05282 -0.88530 0.46201
vn -0.02107 -0.92673 -0.37514
vn 0.91266 -0.23071 -0.33738
vn 0.96138 0.06887 0.26646
vn -0.29932 -0.79907 -0.52143
vn -0.44635 -0.60923 -0.65545
vn 0.43197 0.15456 -0.88854
vn -0.60473 0.61186 -0.50983
vn 0.89734 0.06607 0.43637
vn -0.85850 -0.44206 -0.25992
vn 0.94253 -0.12415 0.31019
vn 0.22635 0.97397 -0.01254
vn 0.11080 0.85635 0.50437
vn -0.57980 0.67223 -0.46037
vn -0.00924 0.99976 -0.01969
vn 0.74842 0.59637 0.29019
vn 0.93037 0.27895 0.23791
vn 0.72993 -0.25071 -0.63588
vn -0.37764 -0.75719 0.53296
vn 0.37521 0.76554 -0.52265
vn -0.16457 0.97065 -0.17536
vn 0.72732 -0.68460 -0.04817
vn 0.87313 0.48041 -0.08278
vn -0.55678 0.78898 0.25980
vn 0.35454 -0.57016 -0.74109
vn 0.03888 0.96035 0.27606
vn -0.00882 0.99416 -0.10752
vn -0.32981 0.54647 -0.76980
vn 0.03963 -0.97299 0.22744
vn 0.93462 -0.35015 -0.06225
vn -0.95185 -0.28106 0.12243
vn 0.06523 -0.89609 0.43906
vn -0.12482 0.14625 0.98134
vn -0.24383 0.95696 -0.15740
vn 0.65886 0.74957 -0.06367
vn 0.08233 0.92869 0.36161
vn -0.86822 0.45121 -0.20641
vn 0.18178 -0.97032 0.15952
vn 0.90944 -0.41424 -0.03631
vn -0.56643 -0.39459 0.72350
vn 0.00938 0.98614 0.16565
vn -0.23659 -0.30941 0.92103
vn 0.29817 -0.78207 -0.54723
vn 0.40405 0.29067 -0.86733
vn -0.35500 0.93421 0.03511
vn -0.75096 -0.65259 0.10089
vn 0.20484 -0.93317 0.29536
vn -0.48637 -0.27650 0.82885
vn -0.62296 0.38324 -0.68194
vn 0.01347 -0.99866 0.04993
vn 0.19357 -0.87582 0.44212
vn -0.81828 0.23879 0.52287
vn -0.03141 0.00867 -0.99947
vn 0.06974 0.19020 0.97926
vn -0.15524 -0.96222 -0.22370
vn 0.74612 0.66173 -0.07365
vn 0.41502 0.10545 0.90368
vn 0.01143 -0.99992 -0.00579
vn -0.15261 0.59996 0.78534
vn 0.11628 0.49779 0.85947
vn -0.51838 -0.44252 0.73175
vn 0.03053 -0.93489 0.35361
vn -0.00715 -0.06368 0.99794
vn 0.30867 -0.04315 -0.95019
vn 0.52858 -0.82840 0.18535
vn 0.05985 -0.31215 0.94815
vn 0.14835 0.97816 0.14558
vn -0.36849 0.09801 -0.92445
vn 0.85105 -0.52072 0.06749
vn -0.23492 -0.96443 0.12117
vn -0.06140 0.88437 -0.46274
vn 0.68011 0.72793 0.08693
vn -0.90015 -0.16894 0.40148
vn -0.05287 -0.99196 0.11500
vn 0.74926 -0.58997 0.30091
vn -0.14354 -0.04574 -0.98859
vn -0.02381 0.98661 -0.16137
vn -0.01661 -0.96129 -0.27504
vn 0.07781 0.14590 0.98623
vn -0.00598 0.23021 0.97312
vn 0.02525 0.49063 0.87100
vn -0.71843 -0.61491 0.32518
vn 0.06735 -0.48964 0.86932
vn -0.24742 -0.96237 0.11237
vn 0.49196 0.28749 0.82178
vn -0.39719 -0.91646 0.04841
vn -0.66770 0.10407 -0.73712
vn -0.05066 0.97772 -0.20373
vn 0.09390 0.88290 -0.46007
vn 0.00132 -0.99388 -0.11046
vn 0.71637 0.64638 -0.26268
vn -0.09105 0.99561 0.02154
vn 0.00624 -0.34101 -0.94004
vn -0.29240 -0.26638 0.91845
vn 0.56195 -0.26749 -0.78273
vn 0.01696 -0.99701 0.07544
vn -0.04409 0.97629 -0.21192
vn 0.02848 -0.97404 -0.22457
vn 0.52048 -0.29547 -0.80112
vn 0.95824 0.28548 -0.01661
vn -0.07187 0.73304 -0.67638
vn 0.35420 0.77587 0.52208
vn 0.17379 0.39508 0.90206
vn 0.32112 -0.01958 0.94684
vn 0.01992 0.96545 0.25982
vn 0.24419 -0.16799 0.95507
vn -0.54966 0.76393 -0.33807
vn 0.89750 0.04026 -0.43916
vn 0.84645 0.51030 -0.15205
vn -0.84179 -0.48369 0.23966
vn -0.65094 -0.75878 0.02275
vn 0.98858 -0.10458 0.10853
vn 0.34558 -0.54288 -0.76541
vn 0.42035 0.78079 -0.46225
vn -0.45358 0.79891 0.39499
vn -0.02707 0.98475 -0.17188
vn 0.87970 0.44694 -0.16237
vn 0.34076 0.75472 0.56061
vn 0.35084 -0.92468 -0.14791
vn -0.25313 -0.93230 -0.25833
vn -0.02359 0.99816 -0.05592
vn 0.65148 0.45004 0.61077
vn 0.16329 0.10624 0.98084
vn -0.35022 -0.92884 -0.12084
vn 0.01711 0.43019 -0.90258
vn 0.70517 -0.30806 0.63862
vn -0.95051 -0.05192 -0.30634
vn 0.08360 -0.84533 0.52766
vn 0.16458 -0.85218 0.49669
vn 0.33182 0.11904 0.93580
vn 0.25107 -0.95397 0.16401
vn 0.61945 0.03346 0.78432
vn -0.02714 0.44075 0.89722
vn 0.15439 -0.43744 -0.88589
vn 0.07239 -0.78786 -0.61159
vn 0.37475 0.11298 0.92021
vn 0.01823 0.08890 0.99587
vn -0.05471 -0.92177 -0.38386
vn 0.04100 0.99549 -0.08551
vn 0.47850 0.77420 -0.41431
vn 0.14775 0.98650 -0.07066
vn 0.29095 -0.54998 0.78286
vn 0.10925 0.29436 0.94943
vn 0.68329 -0.41221 -0.60266
vn -0.00502 0.99998 0.00372
vn 0.28175 0.92650 0.24942
vn -0.43845 0.86378 -0.24829
vn -0.11777 0.84771 -0.51723
vn -0.05486 -0.75279 -0.65597
vn -0.04406 0.28406 0.95779
vn 0.24663 -0.46363 0.85101
vn -0.07581 -0.98520 -0.15373
vn 0.74297 0.66932 0.00307
vn 0.18372 -0.55431 0.81178
vn 0.18105 -0.08972 0.97937
vn 0.37295 -0.47553 0.79673
vn 0.61829 0.77993 0.09708
vn 0.57417 0.81830 -0.02671
vn -0.12072 0.69639 -0.70744
vn 0.71333 0.04070 0.69965
vn 0.06287 -0.60435 -0.79424
vn -0.64548 0.64734 0.40534
vn 0.45585 -0.00329 -0.89005
vn 0.01903 -0.69263 0.72104
vn -0.83766 -0.53996 0.08232
vn 0.47360 -0.60159 0.64327
vn -0.56267 0.05673 0.82473
vn -0.64682 -0.71364 -0.26895
vn -0.21713 0.40806 0.88676
vn -0.18008 -0.55382 0.81293
vn -0.36179 -0.93099 -0.04859
vn 0.20952 -0.13427 0.96854
vn -0.01055 0.99824 0.05839
vn 0.86407 -0.23374 -0.44581
vn 0.91042 0.04390 0.41135
vn -0.47333 0.87055 -0.13453
vn 0.08616 0.99611 0.01826
vn -0.18066 0.61360 0.76867
vn 0.39105 0.16269 -0.90588
vn 0.06798 0.80217 0.59321
vn 0.61350 0.52605 0.58897
vn -0.53961 0.24033 0.80688
vn -0.38666 -0.91191 0.13752
vn -0.61516 -0.46949 0.63337
vn -0.12237 0.75307 -0.64646
vn -0.17379 -0.62249 0.76309
vn 0.85554 -0.34637 0.38480
vn -0.01254 -0.94093 -0.33836
vn 0.10225 -0.49339 -0.86378
vn 0.80303 -0.56297 0.19549
vn 0.13773 -0.22625 0.96428
vn 0.07748 -0.39258 -0.91645
vn 0.73842 -0.67393 0.02342
vn 0.65484 -0.70367 0.27573
vn 0.20156 -0.67119 0.71335
vn -0.01379 0.38335 0.92350
vn -0.75226 -0.62082 -0.22065
vn -0.44315 0.85493 -0.26966
vn -0.00856 -0.79792 -0.60270
vn 0.44618 -0.70513 0.55111
vn 0.30240 -0.17695 0.93661
vn -0.07136 -0.98865 0.13218
vn 0.09606 -0.87834 0.46829
vn 0.57120 0.70025 -0.42823
vn 0.50017 0.73914 0.45111
vn 0.09414 0.06166 -0.99365
vn 0.73271 -0.67973 0.03337
vn -0.32767 -0.51153 0.79433
vn 0.99557 -0.08351 -0.04318
vn -0.08936 0.56851 -0.81781
vn -0.01875 0.25437 0.96693
vn 0.17184 0.34896 0.92125
vn 0.06719 -0.14279 0.98747
vn 0.52407 -0.03974 -0.85075
vn 0.21144 0.94150 -0.26242
vn 0.17120 -0.96646 -0.19142
vn 0.27807 -0.16504 -0.94628
vn 0.01258 0.99476 0.10145
vn 0.29485 -0.89901 -0.32380
vn -0.08660 0.59618 -0.79817
vn 0.11862 -0.97266 0.19963
vn 0.26711 0.95644 -0.11780
vn -0.62068 0.77506 -0.11850
vn 0.04418 0.68342 -0.72868
vn -0.18535 0.82189 0.53865
vn 0.10328 -0.54027 0.83513
vn -0.22457 0.38667 -0.89446
vn 0.30251 -0.95100 -0.06388
vn 0.73542 0.11319 0.66809
vn 0.13874 -0.50669 0.85089
vn -0.61422 0.32492 -0.71914
vn -0.44050 -0.24497 -0.86368
vn -0.42672 -0.80453 -0.41309
vn 0.13144 0.51661 0.84607
vn 0.13970 0.43283 -0.89058
vn -0.15052 -0.01964 -0.98841
vn 0.17318 -0.98414 -0.03856
vn 0.16876 -0.55664 -0.81343
vn 0.27433 -0.23225 0.93317
vn 0.60776 -0.75420 0.24864
vn 0.32229 0.79278 0.51733
vn 0.08292 -0.65294 0.75285
vn 0.67358 0.67491 0.30130
vn -0.09935 0.99394 0.04715
vn 0.32788 -0.85565 0.40045
vn -0.32450 0.89281 0.31239
vn -0.18868 -0.39427 -0.89941
vn 0.49028 -0.51954 -0.69979
vn -0.17214 -0.98437 -0.03715
vn -0.42505 0.59764 -0.67982
vn 0.71384 -0.43050 -0.55235
vn -0.37891 -0.62384 0.68356
vn 0.59184 0.02129 -0.80577
vn -0.22162 -0.86061 0.45850
vn 0.14620 0.42725 -0.89223
vn 0.00875 -0.99979 -0.01843
vn -0.31721 -0.82834 -0.46177
vn 0.71028 -0.07398 0.70002
vn -0.86650 0.01633 -0.49890
vn -0.34564 0.91674 -0.20031
vn -0.05757 0.99740 0.04330
vn -0.71235 -0.20644 -0.67078
vn -0.23829 0.87067 0.43029
vn -0.89395 -0.44683 0.03455
vn 0.14033 0.97295 -0.18349
vn -0.29470 0.40072 -0.86751
vn 0.08200 0.66259 -0.74448
vn 0.13108 -0.97355 -0.18714
vn -0.12282 0.98832 -0.09022
vn 0.01489 -0.21071 0.97744
vn 0.28535 0.01258 0.95834
vn -0.23570 0.94281 -0.23570
vn 0.28888 -0.85363 -0.43344
vn 0.29919 0.34548 0.88945
vn -0.26915 0.92345 -0.27350
vn -0.17759 -0.09357 -0.97965
vn -0.01442 -0.98427 0.17610
vn 0.37010 0.30849 0.87628
vn 0.15289 -0.33858 0.92843
vn 0.03577 0.50196 0.86415
vn 0.04585 -0.95392 0.29653
vn 0.12337 -0.39066 0.91223
vn -0.34377 0.56490 0.75014
vn -0.19417 0.09000 0.97683
vn -0.00714 -0.85126 -0.52470
vn 0.14537 0.91185 0.38393
vn 0.02084 0.97080 0.23896
vn 0.03732 -0.07954 0.99613
vn 0.57498 -0.68820 -0.44247
vn 0.01840 0.98837 -0.15092
vn 0.52014 0.77708 -0.35440
vn 0.86382 0.15828 -0.47828
vn -0.65448 -0.74624 0.12156
vn -0.18589 -0.94844 -0.25672
vn 0.78061 -0.62501 0.00286
vn -0.80428 -0.35481 -0.47670
vn -0.52915 -0.61319 -0.58651
vn -0.34601 0.89096 -0.29405
vn 0.86504 -0.38177 0.32550
vn -0.09458 0.63301 0.76834
vn 0.43101 -0.62625 0.64965
vn 0.23247 0.39497 0.88879
vn 0.12468 0.99214 0.01050
vn -0.83733 -0.45120 0.30869
vn -0.82418 0.37368 0.42553
vn 0.14838 0.95534 0.25557
vn -0.50898 0.45552 0.73037
vn 0.00000 1.00000 0.00000
vn 0.31433 -0.08019 -0.94592
vn -0.05363 -0.81298 -0.57981
vn 0.26796 0.60097 0.75302
vn 0.11677 0.51140 0.85137
vn -0.28027 -0.73971 -0.61179
vn -0.55599 0.82741 -0.07916
vn -0.24272 -0.77999 0.57681
vn 0.13109 0.79690 0.58971
vn -0.01911 0.98893 -0.14715
vn -0.08026 -0.89507 -0.43865
vn -0.04928 -0.63600 0.77012
vn -0.04045 -0.82944 -0.55714
vn 0.57488 0.55881 -0.59770
vn -0.00148 0.99836 0.05722
vn -0.44186 -0.13871 0.88630
vn 0.80330 -0.41196 -0.43011
vn 0.71446 0.69099 0.10992
vn 0.12606 -0.94583 -0.29920
vn -0.03744 0.08765 0.99545
vn -0.09420 0.66416 -0.74163
vn -0.05539 0.87917 0.47327
vn 0.04968 -0.93581 0.34900
vn -0.10234 0.11893 -0.98761
vn 0.17372 -0.05118 0.98346
vn -0.04225 0.48850 -0.87154
vn 0.14275 -0.32610 0.93449
vn 0.20959 -0.97303 -0.09640
vn -0.56549 0.75846 -0.32397
vn 0.01466 0.96232 -0.27152
vn -0.46308 0.87538 0.13882
vn 0.34272 0.48715 -0.80326
vn -0.11815 0.65718 0.74441
vn -0.16121 0.13135 -0.97814
vn -0.17375 -0.10278 0.97941
vn -0.29015 -0.89567 0.33702
vn 0.02967 -0.89517 -0.44473
vn 0.32502 0.86292 0.38694
vn -0.14769 -0.50064 -0.85296
vn 0.42288 0.78516 -0.45243
vn -0.13353 -0.83059 0.54064
vn 0.13471 0.96173 -0.23860
vn -0.58505 -0.09296 0.80565
vn 0.08976 0.04152 0.99510
vn -0.21909 0.96926 -0.11200
vn -0.40427 -0.91461 0.00707
vn -0.38746 0.39981 0.83068
vn -0.87139 -0.47625 -0.11778
vn -0.10135 0.32481 0.94033
vn -0.57697 -0.46021 0.67477
vn 0.18445 0.55630 -0.81025
vn 0.13731 0.50466 0.85233
vn -0.31098 0.29761 0.90262
vn 0.15186 -0.97353 0.17079
vn -0.14933 -0.98200 0.11562
vn -0.15049 0.82970 0.53755
vn -0.12966 0.99076 -0.03983
vn -0.10113 0.98702 0.12476
vn -0.02690 0.53590 0.84385
vn 0.38621 0.27594 -0.88017
vn -0.06946 0.99572 -0.06099
vn 0.42445 0.37622 0.82359
vn 0.18939 0.33869 -0.92164
vn -0.14675 -0.88792 -0.43596
vn -0.25380 -0.95539 0.15105
vn 0.01518 -0.99801 0.06117
vn 0.47472 0.69202 -0.54383
vn 0.03227 0.51216 -0.85829
vn 0.59234 0.02089 0.80542
vn -0.02417 0.87696 0.47996
vn 0.66161 0.28014 0.69555
vn -0.74366 -0.66488 0.07005
vn 0.12849 -0.98822 0.08308
vn -0.04731 0.97793 0.20351
vn 0.21137 0.42421 0.88055
vn 0.34102 -0.93661 -0.08046
vn -0.22154 -0.05578 0.97356
vn -0.35446 -0.85100 0.38750
vn -0.05463 0.85183 -0.52096
vn 0.25555 -0.91267 0.31894
vn -0.66618 -0.62859 -0.40135
vn -0.05522 -0.31276 -0.94822
vn -0.09907 -0.63546 0.76575
vn 0.59793 -0.58023 -0.55300
vn -0.22877 0.83462 -0.50108
vn 0.46178 0.10661 -0.88056
vn -0.52376 0.83347 -0.17610
vn 0.37202 0.13780 0.91794
vn -0.21869 0.11259 -0.96928
vn 0.08214 -0.06019 0.99480
vn -0.07130 0.95284 0.29497
vn 0.26070 0.28545 0.92226
vn 0.71647 -0.69683 -0.03314
vn 0.07488 -0.93040 -0.35881
vn -0.19459 -0.40325 -0.89416
vn -0.04828 -0.99697 -0.06103
vn -0.14740 -0.81554 0.55961
vn 0.26989 0.38292 0.88348
vn -0.26798 0.77544 0.57173
vn 0.23328 -0.34047 -0.91086
vn 0.08007 -0.77664 0.62483
vn 0.01645 0.75440 0.65620
vn -0.06343 0.77260 -0.63172
vn 0.38042 -0.20974 0.90072
vn -0.03128 0.96728 -0.25177
vn -0.00945 -0.96848 -0.24889
vn -0.22868 0.97295 -0.03278
vn -0.05568 0.37268 -0.92629
vn -0.16486 -0.88493 -0.43556
vn 0.35614 -0.09797 0.92928
vn 0.08397 -0.71226 0.69687
vn -0.01997 0.52264 -0.85232
vn -0.14986 0.75305 0.64067
vn 0.36984 0.61126 -0.69970
vn 0.03519 -0.00175 -0.99938
vn -0.05163 -0.77194 -0.63360
vn -0.00651 -0.50465 -0.86330
vn -0.33424 0.86057 -0.38431
vn -0.03918 0.90542 -0.42271
vn -0.01999 -0.90841 -0.41760
vn -0.08167 -0.66723 -0.74036
vn 0.03001 -0.97627 0.21446
vn 0.12711 -0.23825 0.96285
vn 0.10890 -0.55641 0.82374
vn -0.24084 0.37332 -0.89590
vn 0.02708 -0.61138 -0.79088
vn -0.26838 -0.96123 0.06332
vn -0.00822 -0.93246 -0.36119
vn -0.32218 0.47514 0.81881
vn -0.24106 -0.94172 0.23463
vn 0.26299 -0.22332 0.93860
vn -0.00607 -0.85720 -0.51494
vn -0.11710 0.44201 -0.88933
vn 0.61623 -0.56462 0.54905
vn -0.08917 -0.92053 0.38036
vn -0.03908 0.01341 0.99915
vn 0.10229 0.16684 0.98066
vn 0.11556 0.25891 0.95896
vn -0.06005 0.81823 -0.57175
vn -0.03966 -0.78391 -0.61960
vn 0.77341 0.62901 0.07858
vn -0.02484 0.19411 0.98067
vn 0.38881 -0.42472 0.81758
vn -0.01170 -0.97823 -0.20719
vn 0.27910 -0.32425 0.90386
vn -0.09303 0.56534 -0.81960
vn -0.11664 0.97878 -0.16846
vn -0.00325 -0.01760 -0.99984
vn -0.05096 0.04969 0.99746
vn -0.45203 -0.14466 0.88020
vn 0.01020 -0.99986 -0.01333
vn 0.06075 -0.85492 0.51519
vn 0.52936 0.04458 -0.84723
vn 0.11743 -0.76126 -0.63773
vn -0.13307 -0.24207 0.96109
vn 0.04389 0.99857 0.03045
vn 0.00000 0.00000 0.00000
vn -0.01485 -0.94332 -0.33155
vn -0.00952 -0.92280 0.38516
vn 0.01881 -0.99123 0.13081
vn 0.01848 -0.02862 0.99942
vn 0.08020 0.43259 -0.89802
vn -0.02928 -0.67860 -0.73392
vn -0.17233 0.15407 0.97291
vn 0.12166 0.97902 0.16348
vn -0.30591 -0.94269 -0.13329
vn 0.18968 0.08622 0.97805
vn -0.08988 -0.99594 0.00532
vn 0.07071 0.92879 0.36379
vn 0.01127 0.99496 0.09965
vn -0.06648 -0.02525 -0.99747
vn -0.22276 -0.43182 0.87402
vn -0.09264 0.99261 -0.07841
vn -0.10107 0.40618 -0.90819
vn 0.48231 -0.66168 0.57407
vn 0.14172 0.96077 0.23840
vn -0.32021 -0.80067 -0.50634
vn -0.51468 0.73219 0.44610
vn 0.13042 -0.84821 -0.51335
vn -0.77512 0.39766 -0.49098
vn -0.31097 -0.49177 0.81330
vn 0.13147 0.03542 0.99069
vn -0.04142 0.75444 -0.65506
vn 0.03253 0.96215 0.27056
vn 0.03882 -0.96825 0.24696
vn -0.22620 -0.27921 0.93321
vn -0.12972 0.84565 -0.51773
vn 0.11850 0.42621 0.89683
vn 0.23068 -0.89299 0.38646
vn 0.40305 -0.91096 0.08775
vn -0.68486 0.59525 0.42030
vn -0.41035 0.26116 0.87373
vn 0.01650 0.24922 -0.96831
vn 0.11737 -0.94786 0.29630
vn 0.36065 0.00496 -0.93269
vn 0.05829 -0.91507 0.39906
vn 0.25057 0.60568 -0.75523
vn -0.06990 0.42639 -0.90183
vn 0.08415 0.68366 -0.72493
vn -0.33112 0.93143 -0.15101
vn 0.27682 -0.06128 -0.95896
vn 0.05534 0.86981 -0.49028
vn 0.01128 -0.99974 0.01963
vn -0.12209 0.98580 -0.11533
vn -0.07811 -0.99671 -0.02156
vn 0.54993 -0.68309 0.48059
vn -0.00730 0.99784 -0.06523
vn 0.07431 -0.85185 0.51849
vn -0.01629 0.99871 0.04811
vn 0.07397 -0.85884 0.50687
vn -0.33848 -0.81523 0.46992
vn -0.11049 -0.23516 -0.96566
vn 0.16111 0.93287 0.32219
vn 0.00188 -0.20863 0.97799
vn 0.22901 -0.95958 -0.16356
vn 0.23521 0.97161 0.02555
vn 0.12134 -0.57765 0.80722
vn -0.56395 0.35388 -0.74614
vn -0.39929 -0.44047 0.80409
vn -0.07949 -0.59812 -0.79746
vn -0.12994 -0.04098 0.99067
vn 0.00770 0.98946 0.14459
vn -0.32957 -0.86115 0.38706
vn 0.05690 0.01669 0.99824
vn 0.61204 0.74054 -0.27750
vn -0.25893 0.16232 -0.95216
vn -0.52709 0.83699 -0.14706
vn 0.01892 0.97314 0.22943
vn 0.02788 -0.99020 0.13683
vn 0.38088 0.39751 -0.83481
vn 0.09454 -0.71923 0.68831
vn -0.13093 -0.98970 0.05795
vn -0.17896 -0.04709 -0.98273
vn -0.17582 -0.89903 0.40104
vn 0.14617 -0.03008 0.98880
vn -0.06541 0.97601 -0.20769
vn 0.06862 0.99743 0.02051
vn 0.03965 0.93771 0.34514
vn -0.22511 -0.66757 0.70970
vn -0.05565 -0.74844 -0.66086
vn 0.73718 0.29628 0.60728
vn -0.22874 0.78395 -0.57714
vn 0.10409 0.91299 0.39448
vn -0.06415 -0.66963 -0.73992
vn 0.11402 -0.76337 0.63582
vn -0.04806 -0.22293 -0.97365
vn 0.01904 -0.84073 -0.54112
vn 0.26127 0.95350 0.15024
vn -0.31719 -0.89343 -0.31808
vn 0.13938 -0.86537 0.48135
vn -0.58943 -0.08921 0.80288
vn -0.11295 0.73919 0.66396
vn -0.05411 0.86405 -0.50049
vn 0.12420 -0.33275 0.93480
vn -0.80712 0.32675 0.49173
vn 0.00843 -0.99740 -0.07156
vn -0.27104 0.61334 -0.74185
vn -0.26044 -0.94257 -0.20912
vn 0.90911 0.09229 -0.40621
vn -0.16282 0.87701 -0.45204
vn 0.05561 0.86977 0.49032
vn -0.41031 0.66788 0.62095
vn -0.62326 -0.73376 0.27046
vn 0.22451 -0.07492 0.97159
vn -0.19682 -0.67833 0.70790
vn -0.00258 -0.98143 -0.19180
vn -0.60280 0.75071 0.27030
vn 0.24096 -0.96557 -0.09806
vn 0.02107 0.89007 0.45534
vn -0.39953 -0.86573 0.30147
vn 0.65487 -0.75570 -0.00785
vn -0.01520 0.99970 0.01924
vn -0.53050 -0.70542 -0.47006
vn 0.14995 -0.73396 0.66243
vn 0.07355 0.73678 0.67212
vn 0.13429 -0.58737 0.79810
vn -0.16079 -0.29550 -0.94171
vn 0.04109 0.89797 0.43814
vn -0.26805 0.61011 -0.74559
vn 0.05698 0.65025 0.75758
vn -0.10490 0.10721 -0.98869
vn -0.06152 -0.72598 -0.68496
vn 0.10919 -0.56138 0.82032
vn 0.15167 0.08215 0.98501
vn -0.08688 -0.26835 0.95940
vn -0.67998 -0.51744 -0.51950
vn -0.43870 0.40581 -0.80178
vn -0.07608 -0.02502 -0.99679
vn -0.80073 0.19763 -0.56549
vn -0.53313 0.70554 -0.46688
vn -0.17342 -0.57734 0.79787
vn 0.04484 -0.04272 0.99808
vn -0.17876 0.96587 0.18744
vn -0.49145 -0.46607 -0.73570
vn 0.12524 0.02386 0.99184
vn 0.12074 0.63035 0.76687
vn 0.15677 -0.89117 0.42572
vn -0.42483 -0.04902 -0.90395
vn 0.12358 0.91944 0.37331
vn -0.15375 -0.18334 0.97095
vn 0.13152 0.78871 0.60054
vn -0.44587 -0.89305 -0.06043
vn -0.33783 -0.89789 0.28224
vn -0.97741 0.13463 -0.16295
vn 0.16725 0.06824 0.98355
vn -0.24199 0.94868 -0.20358
vn 0.06665 -0.76013 -0.64635
vn 0.07190 -0.99671 0.03736
vn -0.08833 -0.01949 -0.99590
vn 0.09471 0.64205 0.76079
vn 0.07036 0.13193 -0.98876
vn 0.67702 0.53367 0.50679
vn -0.00915 0.99900 0.04367
vn -0.70310 -0.63259 -0.32478
vn -0.02330 0.99085 -0.13298
vn 0.40036 0.21128 0.89167
vn -0.65987 0.72553 -0.19538
vn -0.07253 -0.68208 -0.72767
vn -0.43696 -0.87859 -0.19271
vn -0.32878 0.89868 -0.29033
vn 0.08209 -0.90381 0.41999
vn -0.04829 -0.96974 0.23932
vn -0.39344 -0.91540 -0.08510
vn 0.07770 -0.97951 0.18583
vn 0.10560 -0.45499 0.88421
vn -0.53821 -0.26560 -0.79987
vn -0.23194 -0.84481 0.48218
vn -0.27969 -0.80708 -0.51999
vn -0.02647 0.97105 -0.23742
vn -0.28042 0.18348 -0.94218
vn 0.05745 -0.96601 -0.25205
vn -0.44856 -0.01136 -0.89368
vn -0.24707 -0.75814 0.60348
vn 0.08300 0.99318 -0.08184
vn 0.09291 0.64392 -0.75943
vn 0.07600 -0.96422 0.25398
vn -0.09578 -0.97645 -0.19330
vn -0.28702 -0.46954 -0.83495
vn -0.19950 -0.07331 -0.97715
vn 0.14116 -0.00061 0.98999
vn -0.05436 0.87040 -0.48934
vn 0.01486 -0.99989 0.00187
vn -0.01296 -0.97597 -0.21754
vn 0.06425 0.97909 0.19301
vn -0.53087 -0.77809 -0.33579
vn -0.46452 -0.80107 -0.37750
vn 0.15445 0.59616 0.78787
vn 0.02491 0.60428 0.79638
vn -0.09108 0.60876 -0.78811
vn 0.14251 0.10275 0.98445
vn -0.09919 -0.20487 -0.97375
vn 0.06665 0.57523 0.81527
vn -0.01056 0.99955 -0.02801
vn -0.56062 0.80392 -0.19852
vn 0.12732 0.06190 0.98993
vn 0.04704 0.99845 -0.02973
vn -0.09638 -0.34681 0.93297
vn 0.10642 -0.39498 0.91250
vn -0.00954 0.99939 -0.03355
vn 0.00000 0.00000 0.00000
vn 0.11485 -0.11555 0.98664
vn -0.28072 0.16109 0.94618
vn -0.03177 0.93030 0.36542
vn -0.30185 -0.93447 -0.18883
vn -0.06322 0.11865 -0.99092
vn 0.02189 -0.53675 -0.84346
vn -0.43953 -0.41600 -0.79609
vn -0.54227 0.21391 -0.81252
vn -0.04402 0.67164 -0.73956
vn -0.14438 -0.93747 0.31670
vn 0.03476 0.67611 -0.73598
vn 0.02575 -0.46406 0.88543
vn -0.21393 -0.31550 -0.92450
vn 0.10844 -0.89376 -0.43523
vn -0.01473 0.65582 -0.75478
vn -0.08072 -0.98181 0.17186
vn 0.01204 -0.99969 0.02168
vn -0.19616 -0.79909 -0.56830
vn 0.79735 -0.39548 0.45587
vn -0.02926 0.68489 -0.72806
vn -0.04577 -0.98685 -0.15505
vn -0.80358 -0.16595 0.57160
vn -0.12979 0.81412 0.56600
vn -0.11013 -0.10261 -0.98861
vn -0.02274 -0.22520 0.97405
vn -0.11747 -0.80260 0.58484
vn 0.21536 -0.03814 -0.97579
vn 0.01688 0.96645 0.25631
vn -0.25286 0.96672 -0.03901
vn -0.17668 -0.42043 -0.88996
vn -0.14272 -0.91061 -0.38784
vn -0.07023 -0.53179 -0.84396
vn 0.09463 0.91613 0.38955
vn -0.28120 0.95421 0.10206
vn -0.32031 0.75829 -0.56780
vn 0.59710 -0.10564 0.79518
vn 0.00595 -0.99998 0.00021
vn -0.08224 -0.15639 0.98427
vn -0.02164 0.99638 -0.08215
vn -0.02542 0.99754 -0.06529
vn -0.00689 0.97205 -0.23469
vn -0.25045 0.84355 0.47508
vn 0.02570 -0.96761 0.25113
vn -0.08949 -0.95489 -0.28317
vn -0.55209 0.20175 -0.80901
vn 0.08145 0.53722 0.83950
vn -0.21963 -0.67217 0.70707
vn 0.52826 0.81651 -0.23292
vn 0.02281 0.99326 -0.11366
vn 0.73994 0.67136 -0.04207
vn -0.10793 0.89761 -0.42738
vn 0.21277 -0.74921 -0.62723
vn 0.26820 0.43940 0.85732
vn 0.45721 0.51221 0.72704
vn 0.09373 -0.92411 0.37045
vn -0.09763 -0.29503 -0.95049
vn 0.02075 -0.91219 -0.40924
vn 0.35989 0.42512 0.83052
vn -0.08693 -0.88107 -0.46493
vn -0.05407 0.99837 0.01825
vn 0.17417 0.06708 0.98243
vn 0.12739 0.58814 0.79866
vn 0.49335 0.76484 0.41427
vn -0.15717 0.04551 -0.98652
vn 0.27797 0.46289 -0.84170
vn -0.12797 -0.99178 0.00000
vn -0.06879 0.99603 -0.05654
vn 0.40140 0.90585 -0.13533
vn 0.00365 0.92869 -0.37085
vn 0.24112 0.65986 0.71165
vn -0.04672 0.14761 -0.98794
vn 0.17491 0.96823 0.17874
vn 0.04379 0.90214 0.42921
vn 0.33499 0.25376 0.90741
vn 0.07891 0.85198 0.51759
vn -0.42581 -0.86827 -0.25455
vn -0.10948 -0.64495 -0.75634
vn 0.26180 -0.75370 0.60282
vn 0.18671 -0.81404 0.54998
vn 0.18111 -0.64026 0.74650
vn -0.01513 -0.33950 -0.94048
vn -0.19246 -0.88312 -0.42785
vn -0.18286 0.36578 -0.91256
vn 0.37111 -0.31194 0.87463
vn 0.65701 0.75042 0.07216
vn 0.60152 -0.51345 0.61200
vn -0.04544 -0.96708 -0.25038
vn -0.01859 0.99620 -0.08511
vn 0.20082 -0.09036 0.97545
vn 0.60904 -0.48172 0.63009
vn 0.05440 -0.33340 -0.94121
vn -0.10504 0.58989 -0.80063
vn 0.03596 -0.94272 -0.33165
vn -0.01602 -0.96896 -0.24668
vn 0.14142 -0.22987 0.96289
vn 0.34713 -0.18673 0.91904
vn 0.17789 0.36887 0.91230
vn -0.09254 0.61168 -0.78568
vn 0.45091 0.15771 0.87853
vn 0.50558 -0.42180 0.75264
vn 0.29965 -0.33782 0.89224
vn -0.02887 -0.99847 -0.04707
vn -0.24882 -0.69135 0.67832
vn 0.68121 -0.73207 0.00573
vn 0.21176 0.94292 -0.25704
vn -0.00749 -0.98708 -0.16007
vn -0.22496 -0.21248 -0.95092
vn -0.60717 0.79159 0.06870
vn -0.02538 0.94413 -0.32861
vn 0.08115 0.94726 0.31002
vn 0.11054 0.30215 0.94683
vn 0.36320 0.92185 0.13521
vn -0.10266 0.79176 -0.60215
vn -0.07450 0.97772 -0.19625
vn 0.02849 -0.98156 0.18901
vn 0.10467 0.93787 -0.33081
vn -0.22170 0.78416 -0.57961
vn 0.22117 0.78350 0.58070
vn 0.05177 -0.86733 -0.49503
vn 0.28456 -0.45472 0.84395
vn 0.30790 -0.25004 0.91797
vn 0.24365 0.81902 0.51946
vn 0.08753 0.30319 0.94890
vn 0.35751 -0.93326 0.03482
vn 0.15351 -0.40319 -0.90215
vn 0.79552 -0.59864 -0.09371
vn 0.05077 -0.55555 0.82993
vn 0.04519 0.68405 0.72803
vn 0.15587 -0.73833 -0.65618
vn 0.34731 0.14844 0.92593
vn -0.05000 0.00571 -0.99873
vn -0.39688 0.22440 0.89002
vn 0.31519 -0.50568 -0.80308
vn 0.80378 -0.34865 0.48206
vn 0.28475 0.90768 -0.30826
vn -0.06900 -0.20768 -0.97576
vn 0.23307 0.95651 -0.17539
vn -0.28173 -0.41119 0.86692
vn -0.73174 0.22256 0.64423
vn -0.08530 0.89302 -0.44187
vn -0.00166 -0.85332 0.52138
vn 0.32482 -0.85273 -0.40908
vn -0.18577 0.75408 0.62996
vn -0.03940 -0.43941 -0.89742
vn 0.12911 -0.98093 0.14529
vn 0.00767 -0.48129 -0.87653
vn -0.26079 0.90824 -0.32725
vn 0.06690 -0.98415 0.16424
vn 0.16548 0.65626 0.73617
vn -0.09337 -0.14805 -0.98456
vn -0.09517 -0.05194 -0.99410
vn -0.38539 0.48816 -0.78306
vn -0.16806 -0.97842 0.12023
vn -0.95215 0.00815 -0.30553
vn 0.47296 0.87714 0.08330
vn -0.18448 -0.34241 -0.92126
vn -0.05266 -0.37704 -0.92470
vn -0.34358 -0.45370 0.82226
vn -0.04060 -0.83197 -0.55333
vn 0.06729 0.98812 -0.13816
vn -0.38135 0.90694 0.17898
vn -0.08423 0.99612 -0.02536
vn 0.08123 -0.94554 -0.31520
vn 0.31582 0.18348 0.93091
vn -0.67927 -0.06235 -0.73124
vn -0.20120 0.74776 -0.63275
vn 0.07430 0.04006 0.99643
vn 0.10015 -0.70836 0.69871
vn -0.07930 0.47858 -0.87445
vn -0.02905 -0.92929 -0.36822
vn 0.42498 -0.27651 0.86193
vn 0.20343 0.48668 0.84956
vn -0.36439 -0.04786 0.93001
vn -0.22617 0.75792 -0.61189
vn -0.08916 -0.75485 -0.64981
vn 0.21686 0.05096 0.97487
vn 0.00000 0.00000 0.00000
vn 0.44908 -0.85640 0.25478
vn 0.04352 -0.99578 -0.08083
vn 0.04883 0.77036 0.63573
vn -0.28615 0.39279 -0.87398
vn -0.01012 -0.99973 0.02093
vn -0.11202 -0.98735 0.11219
vn 0.08807 -0.86271 0.49797
vn -0.09587 -0.59874 -0.79518
vn 0.00376 -0.99151 -0.12998
vn -0.44127 -0.66773 -0.59951
vn -0.04009 0.98670 -0.15753
vn -0.60886 0.00011 -0.79328
vn -0.87917 0.47640 0.01040
vn -0.32328 0.14337 0.93538
vn -0.06255 0.02656 0.99769
vn -0.07988 0.78584 0.61325
vn 0.18080 -0.93761 0.29700
vn 0.03390 -0.02238 0.99917
vn -0.17713 -0.84159 -0.51024
vn 0.18065 0.84461 -0.50398
vn -0.02824 0.50560 -0.86231
vn 0.22980 0.42979 -0.87319
vn 0.19696 0.26445 -0.94407
vn 0.00480 0.97429 0.22523
vn 0.46740 0.40847 -0.78402
vn -0.50808 -0.34842 -0.78769
vn 0.28292 0.95130 -0.12242
vn 0.17946 0.96220 0.20485
vn -0.00159 -0.99916 -0.04085
vn -0.76440 -0.09678 -0.63743
vn 0.11894 -0.01654 0.99276
vn 0.07353 -0.96292 0.25957
vn -0.09810 -0.44549 0.88990
vn 0.59856 0.21518 0.77164
vn 0.04815 0.98613 0.15883
vn 0.31412 -0.84354 0.43563
vn -0.61692 0.78695 -0.01116
vn 0.14533 0.50682 0.84971
vn -0.85274 -0.08693 -0.51505
vn 0.07192 0.96283 -0.26036
vn -0.00855 0.99994 0.00644
vn 0.93751 0.10707 0.33108
vn 0.24502 -0.41582 0.87582
vn -0.04840 -0.92193 0.38433
vn -0.18477 0.98057 0.06588
vn 0.04655 0.02179 0.99868
vn 0.34203 0.54431 0.76599
vn 0.19412 0.52390 0.82936
vn -0.17312 0.00082 -0.98490
vn 0.08709 0.62574 0.77516
vn -0.00991 0.25043 0.96808
vn -0.10396 -0.99455 0.00819
vn 0.29665 0.71889 0.62865
vn -0.07800 -0.77425 -0.62805
vn 0.09684 0.89322 -0.43907
vn 0.13714 -0.72426 0.67575
vn 0.08554 0.39972 0.91264
vn 0.08372 0.05504 0.99497
vn 0.08014 0.76296 0.64145
vn 0.06432 0.90550 0.41945
vn 0.64256 -0.29547 0.70697
vn -0.77828 -0.37844 0.50106
vn 0.04682 0.99255 0.11249
vn -0.21600 -0.96687 0.13606
vn -0.44151 0.37690 0.81426
vn 0.06723 0.20936 0.97553
vn 0.24536 -0.25185 -0.93615
vn 0.05703 -0.05355 0.99694
vn -0.09671 -0.47131 -0.87665
vn 0.12064 0.08717 0.98886
vn -0.01939 -0.99791 -0.06165
vn 0.58740 -0.65998 -0.46839
vn -0.07459 -0.78638 0.61322
vn 0.30297 -0.92324 -0.23631
vn -0.38533 -0.13007 0.91357
vn -0.31848 -0.62682 0.71110
vn -0.95281 0.03611 -0.30142
vn -0.57182 0.81699 -0.07444
vn -0.49347 0.09005 0.86509
vn -0.96660 -0.02418 0.25513
vn -0.02604 0.98327 -0.18027
vn 0.22841 0.12896 0.96499
vn 0.05477 -0.99676 0.05892
vn 0.23161 -0.91251 -0.33717
vn -0.12841 -0.81441 0.56591
vn -0.99465 -0.05100 0.08986
vn 0.12110 -0.05452 0.99114
vn -0.08749 0.26512 0.96024
vn -0.40698 0.29677 0.86389
vn -0.86048 0.31122 0.40338
vn -0.18240 0.44673 0.87588
vn -0.49339 0.02804 0.86936
vn 0.13708 0.53073 0.83638
vn 0.42926 -0.08631 -0.89905
vn 0.23881 -0.93159 -0.27406
vn -0.08288 0.41228 -0.90728
vn 0.10000 -0.07585 0.99209
vn -0.01291 0.15965 -0.98709
vn -0.66977 -0.36565 0.64631
vn -0.87679 -0.23256 -0.42090
vn 0.05228 -0.23499 -0.97059
vn 0.35090 0.75101 -0.55934
vn -0.10725 -0.02494 -0.99392
vn 0.24248 -0.89028 -0.38549
vn 0.77457 0.44168 0.45273
vn -0.07521 -0.93179 0.35513
vn 0.05593 -0.96924 -0.23966
vn 0.60497 -0.50175 0.61827
vn 0.70976 -0.57037 0.41342
vn 0.02671 -0.60325 -0.79711
vn 0.00000 0.00000 1.00000
vn 0.07197 0.10183 0.99219
vn 0.41709 0.04696 0.90765
vn -0.18170 -0.08199 0.97993
vn -0.12410 0.28696 0.94987
vn -0.02394 -0.19635 0.98024
vn 0.01532 0.99328 0.11470
vn -0.22789 0.54655 0.80582
vn 0.24427 -0.74717 0.61812
vn 0.67725 0.13486 0.72328
vn 0.06237 0.72905 0.68162
vn -0.03039 -0.67081 0.74101
vn -0.93034 -0.36449 -0.04012
vn 0.11192 0.86888 0.48221
vn 0.06335 -0.84521 0.53067
vn 0.28623 0.94219 -0.17422
vn 0.13510 0.93748 -0.32074
vn -0.26398 -0.16653 0.95004
vn -0.59143 0.80276 -0.07605
vn 0.04108 0.23685 0.97068
vn -0.30862 0.85669 0.41333
vn -0.11844 -0.48191 -0.86818
vn 0.22767 -0.40068 0.88748
vn -0.14332 -0.97453 -0.17251
vn 0.15380 0.42473 0.89216
vn -0.28692 -0.08747 0.95395
vn -0.02330 -0.89245 -0.45055
vn -0.10234 -0.99371 0.04551
vn 0.18085 -0.74478 -0.64233
vn 0.25028 -0.77629 0.57857
vn -0.12058 -0.10708 0.98691
vn 0.32557 -0.26369 0.90801
vn 0.12288 -0.68153 0.72140
vn -0.09152 0.09746 0.99102
vn 0.08135 -0.02347 0.99641
vn 0.28084 -0.68661 0.67059
vn -0.14360 -0.11028 0.98347
vn 0.20863 0.26259 0.94208
vn 0.04286 0.99880 0.02380
vn 0.17669 0.63163 -0.75487
vn 0.06686 0.22735 0.97152
vn -0.09898 -0.02147 -0.99486
vn -0.09844 0.52628 -0.84459
vn 0.09292 -0.54671 0.83215
vn -0.01731 0.99700 -0.07546
vn -0.09996 0.30963 -0.94559
vn -0.43163 -0.67178 0.60200
vn -0.05555 0.99733 0.04749
vn 0.00000 0.00000 0.00000
vn 0.05098 0.12737 0.99054
vn -0.00088 -0.13665 0.99062
vn -0.88582 0.13841 -0.44291
vn 0.01162 0.03796 0.99921
vn -0.43165 -0.27531 -0.85900
vn -0.27359 -0.22977 0.93400
vn -0.06938 0.97040 0.23132
vn 0.28037 -0.95662 -0.07916
vn 0.04373 -0.93983 0.33883
vn -0.06516 -0.10322 -0.99252
vn -0.09015 -0.13284 -0.98703
vn 0.03636 0.98087 0.19125
vn -0.01629 0.99681 -0.07815
vn 0.30757 0.20538 0.92910
vn 0.23747 -0.86054 0.45065
vn 0.67866 0.49986 -0.53811
vn 0.34064 0.91723 0.20653
vn 0.10265 -0.05709 0.99308
vn 0.02869 0.99904 -0.03322
vn 0.16266 -0.72657 0.66756
vn 0.16531 0.16071 0.97306
vn 0.45793 0.85226 -0.25291
vn 0.56245 -0.43129 0.70544
vn -0.04744 -0.21753 0.97490
vn -0.09123 0.63193 -0.76964
vn -0.04176 0.81470 0.57837
vn -0.02846 0.39142 -0.91977
vn 0.66096 -0.63085 -0.40640
vn 0.09048 0.71643 0.69176
vn 0.48469 0.01725 -0.87452
vn 0.00385 0.94043 0.33996
vn 0.00000 0.00000 0.00000
vn -0.29220 0.24555 -0.92430
vn -0.48824 0.42005 0.76497
vn 0.09018 0.39093 -0.91599
vn 0.03279 -0.08491 -0.99585
vn 0.27709 0.14463 0.94990
vn 0.43089 0.16209 0.88773
vn 0.10771 -0.71053 0.69538
vn 0.40877 -0.12358 0.90423
vn 0.71467 0.69915 -0.02081
vn 0.68729 -0.71081 -0.14959
vn 0.40679 -0.86052 -0.30665
vn 0.17227 0.93452 -0.31146
vn 0.10680 0.58364 0.80496
vn -0.07440 -0.18257 -0.98037
vn 0.40078 -0.00924 -0.91613
vn -0.07897 -0.48378 -0.87162
vn 0.21771 0.49878 0.83894
vn 0.29441 0.82126 0.48872
vn 0.14807 0.17426 0.97350
vn 0.04401 -0.92740 0.37147
vn 0.16164 -0.88620 0.43419
vn 0.21792 0.78550 -0.57923
vn -0.09413 -0.99514 -0.02879
vn -0.19743 0.84921 0.48977
vn 0.07064 -0.08420 -0.99394
vn 0.19397 0.85542 -0.48023
vn 0.77627 -0.17993 0.60418
vn 0.34164 0.38967 0.85524
vn 0.01619 0.15535 0.98773
vn 0.15708 0.77508 -0.61202
vn 0.59976 -0.76651 0.22968
vn 0.01082 0.14550 -0.98930
vn -0.04516 -0.96799 -0.24690
vn 0.06157 0.81034 0.58272
vn -0.05886 -0.25780 -0.96440
vn 0.04748 0.84351 0.53501
vn -0.20506 -0.71258 -0.67095
vn 0.20285 -0.00616 0.97919
vn -0.15825 0.17419 0.97191
vn 0.01805 -0.23888 0.97088
vn 0.42576 0.90289 -0.05932
vn -0.92877 -0.22492 0.29460
vn 0.41452 -0.57347 -0.70662
vn 0.19072 0.18220 0.96459
vn -0.02702 -0.92535 -0.37815
vn 0.03620 -0.04697 0.99824
vn -0.14575 -0.88822 -0.43569
vn -0.17429 -0.10473 -0.97911
vn -0.26016 -0.96494 0.03478
vn 0.06360 0.24853 -0.96653
vn 0.01123 -0.26801 0.96335
vn -0.12085 -0.13141 -0.98393
vn 0.01877 -0.80926 0.58714
vn -0.14468 0.91759 0.37026
vn 0.19606 0.65018 0.73404
vn -0.06447 0.76469 -0.64117
vn -0.05887 -0.82233 -0.56596
vn -0.79253 -0.32153 0.51818
vn 0.05429 -0.39752 0.91599
vn -0.03085 0.97154 -0.23487
vn -0.09990 -0.06066 0.99315
vn 0.11984 0.43564 0.89211
vn 0.13347 0.28805 0.94827
vn -0.11236 0.45226 0.88478
vn -0.02815 0.02541 0.99928
vn 0.59970 0.80014 -0.01124
vn 0.04968 0.74507 0.66514
vn -0.07028 -0.14036 -0.98760
vn -0.04004 -0.94105 -0.33589
vn 0.04677 0.73720 0.67405
vn -0.24488 -0.96482 0.09570
vn 0.05170 0.36228 0.93063
vn 0.40825 0.81650 -0.40825
vn 0.69815 0.29434 -0.65265
vn -0.16769 -0.02253 -0.98558
vn 0.07278 0.20886 -0.97523
vn 0.00962 -0.12635 -0.99194
vn -0.47561 0.27213 0.83650
vn 0.60115 0.32485 -0.73013
vn -0.34370 0.72157 -0.60101
vn -0.49982 -0.09425 0.86099
vn -0.11637 -0.88045 0.45963
vn -0.33800 -0.84386 -0.41673
vn -0.15326 0.85673 0.49246
vn 0.12763 -0.03417 0.99123
vn -0.36669 -0.86276 0.34810
vn 0.18141 0.01193 0.98334
vn -0.06419 -0.10549 0.99235
vn 0.02481 0.99661 0.07850
vn 0.16803 0.12000 0.97845
vn -0.11522 0.04353 0.99239
vn 0.32721 0.22363 -0.91811
vn 0.33626 -0.39855 -0.85328
vn -0.31006 -0.95067 -0.00915
vn -0.70646 0.46625 -0.53247
vn 0.08128 -0.24401 0.96636
vn 0.01040 -0.99865 -0.05092
vn 0.16589 -0.44334 -0.88087
vn -0.21678 -0.08612 0.97241
vn -0.47286 0.33152 -0.81639
vn -0.09425 0.79231 0.60279
vn -0.72121 -0.11707 -0.68276
vn -0.07602 -0.90074 -0.42765
vn -0.48265 0.79778 -0.36139
vn -0.32193 -0.92821 0.18650
vn 0.65945 -0.05812 -0.74950
vn -0.50577 -0.06118 0.86050
vn 0.11179 -0.04400 0.99276
vn 0.47573 0.84739 -0.23581
vn 0.09220 0.94467 -0.31479
vn 0.05222 -0.82148 0.56784
vn -0.32193 0.20878 -0.92346
vn 0.17798 0.55404 0.81324
vn 0.05590 -0.99824 0.02005
vn -0.09014 0.13281 0.98703
vn 0.00796 0.26955 -0.96295
vn 0.28027 0.95646 -0.08140
vn -0.09902 0.66666 -0.73876
vn 0.06532 -0.76647 0.63895
vn -0.04970 0.97897 -0.19786
vn 0.00000 0.00000 0.00000
vn 0.10625 0.02687 0.99398
vn -0.07695 -0.41896 0.90474
vn -0.07830 0.74841 -0.65860
vn -0.34085 -0.19562 -0.91954
vn 0.20466 -0.67403 0.70978
vn -0.77407 -0.34033 -0.53384
vn -0.34324 -0.90978 -0.23342
vn -0.69572 -0.34410 0.63054
vn 0.26262 -0.45130 -0.85285
vn -0.35584 -0.18151 0.91675
vn -0.82081 -0.08493 0.56486
vn -0.03901 -0.62422 0.78027
vn -0.08018 -0.95580 -0.28289
vn 0.03827 0.99922 -0.01017
vn -0.06917 -0.97944 0.18951
vn 0.01349 0.38302 0.92364
vn -0.63507 -0.54275 0.54964
vn -0.10330 -0.24265 0.96460
vn 0.07422 -0.54592 0.83455
vn 0.15412 -0.78933 0.59431
vn -0.45787 -0.71531 0.52790
vn -0.01440 -0.17461 0.98453
vn -0.09022 -0.98568 0.14243
vn 0.03874 -0.98090 0.19061
vn -0.26368 -0.91052 -0.31847
vn -0.76965 0.11882 -0.62732
vn -0.03244 -0.99918 -0.02430
vn -0.18502 -0.03883 -0.98197
vn 0.07559 0.06324 0.99513
vn -0.09830 0.20235 -0.97437
vn 0.07212 0.33335 0.94004
vn 0.40406 0.91155 -0.07621
vn 0.41052 -0.81934 -0.40019
vn -0.20988 -0.23579 0.94887
vn 0.06778 0.12990 -0.98921
vn 0.04547 0.93150 -0.36089
vn 0.34419 -0.00752 -0.93887
vn -0.28438 0.48984 0.82412
vn -0.34681 -0.13962 -0.92749
vn 0.22781 -0.09426 0.96913
vn 0.89615 0.38995 -0.21177
vn -0.32328 0.07084 0.94365
vn -0.23287 0.83377 0.50059
vn 0.27194 -0.29208 0.91692
vn 0.09076 -0.34292 0.93497
vn -0.09562 -0.29446 0.95087
vn -0.77190 0.07704 -0.63106
vn 0.01251 -0.99775 -0.06588
vn -0.66981 0.21029 0.71214
vn -0.07098 -0.70293 -0.70771
vn 0.02015 -0.90014 0.43513
vn 0.08687 -0.98899 0.11977
vn 0.04770 0.95249 0.30083
vn 0.06047 0.75389 0.65421
vn 0.02014 -0.04802 0.99864
vn -0.31344 -0.76969 -0.55617
vn 0.18015 0.98006 0.08382
vn -0.01135 -0.98026 -0.19739
vn -0.59836 -0.41310 0.68652
vn -0.32170 0.21293 0.92259
vn 0.02043 -0.99752 0.06731
vn -0.25781 0.73385 0.62849
vn -0.03416 0.98679 0.15836
vn -0.30572 0.60730 0.73330
vn 0.13925 -0.92364 -0.35707
vn 0.03806 -0.95783 0.28482
vn -0.00387 0.99937 0.03521
vn -0.00720 0.98020 0.19787
vn 0.06617 0.62682 0.77635
vn 0.78510 -0.16086 -0.59811
vn 0.17871 -0.11046 0.97768
vn -0.11664 0.10909 0.98717
vn -0.06892 -0.10751 -0.99181
vn 0.20956 0.34274 0.91576
vn 0.34021 0.75579 0.55950
vn 0.13403 0.12451 -0.98312
vn 0.08558 -0.99434 -0.06289
vn -0.24215 -0.11022 0.96396
vn 0.01077 0.85331 -0.52130
vn -0.11687 -0.91532 -0.38539
vn 0.18001 0.42033 0.88934
vn -0.00492 0.98535 -0.17047
vn 0.31384 0.92912 -0.19555
vn 0.00000 0.00000 0.00000
vn -0.53812 -0.41645 -0.73280
vn 0.60577 -0.08174 -0.79143
vn 0.01443 -0.27186 0.96223
vn 0.22721 -0.22045 0.94857
vn 0.50230 0.15208 0.85122
vn -0.19083 -0.82808 -0.52713
vn -0.76921 0.41493 0.48595
vn -0.26135 0.88712 -0.38042
vn 0.27085 0.66871 0.69244
vn 0.76452 -0.59546 0.24685
vn -0.24939 0.94584 0.20785
vn -0.40774 0.33376 0.84991
vn 0.65203 0.75531 0.06606
vn 0.06528 0.99303 0.09814
vn -0.04560 0.95946 -0.27813
vn 0.37096 -0.03721 0.92790
vn 0.76641 0.51684 -0.38145
vn 0.08067 -0.31445 0.94584
vn 0.21226 -0.87719 -0.43068
vn 0.39491 0.64973 0.64954
vn -0.04196 0.88907 -0.45584
vn -0.12660 0.02080 0.99174
vn -0.49924 0.86297 0.07770
vn -0.18007 -0.42799 0.88566
vn -0.65300 -0.01751 0.75715
vn -0.44717 -0.50130 0.74077
vn 0.24349 -0.96895 0.04290
vn -0.59268 -0.66820 -0.44971
vn -0.40629 -0.89309 0.19317
vn 0.36026 -0.43629 -0.82454
vn 0.01344 -0.99956 0.02649
vn -0.10042 0.41508 -0.90423
vn -0.64628 -0.27010 0.71370
vn -0.01639 0.99530 0.09545
vn -0.06231 0.12626 -0.99004
vn 0.06183 0.99808 -0.00462
vn 0.52799 0.03196 0.84865
vn 0.13875 0.29188 0.94634
vn 0.19439 0.54014 0.81882
vn 0.02301 -0.07740 0.99673
vn 0.10126 -0.08180 -0.99149
vn 0.00000 0.00000 0.00000
vn -0.21234 -0.28293 0.93534
vn 0.12562 0.25301 0.95927
vn 0.16276 0.97527 -0.14952
vn 0.07283 -0.69977 0.71065
vn 0.08494 0.05966 0.99460
vn 0.27818 -0.20728 0.93790
vn -0.33400 0.47448 0.81444
vn 0.00881 -0.16508 0.98624
vn 0.13525 0.39934 0.90677
vn -0.05931 0.16487 0.98453
vn -0.48439 0.79207 -0.37146
vn -0.05097 -0.99758 0.04727
vn 0.01778 0.87166 -0.48979
vn 0.11262 0.75143 0.65013
vn -0.25800 0.92644 0.27412
vn -0.11314 -0.61840 0.77768
vn 0.91682 0.32316 0.23452
vn 0.07450 0.87972 -0.46963
vn -0.10367 -0.02856 -0.99420
vn -0.17492 -0.87810 0.44535
vn 0.01461 0.93326 -0.35891
vn 0.16340 0.02179 -0.98632
vn -0.48182 -0.04023 -0.87535
vn -0.55239 0.79745 -0.24279
vn -0.02587 0.99182 -0.12503
vn 0.18622 -0.78124 0.59581
vn -0.73730 -0.63478 0.23118
vn 0.02243 0.95602 0.29243
vn -0.09659 0.49260 -0.86488
vn -0.27062 -0.83092 -0.48614
vn -0.01092 -0.97944 -0.20143
vn 0.37681 -0.91701 0.13080
vn 0.17309 -0.29644 0.93924
vn 0.11438 -0.47288 0.87367
vn -0.03115 -0.66190 -0.74894
vn 0.99928 0.03559 0.01341
vn 0.02514 -0.98485 0.17155
vn 0.33943 -0.22847 0.91246
vn 0.42478 -0.20767 0.88116
vn 0.00236 0.98843 0.15169
vn 0.09316 0.99456 0.04668
vn -0.02341 -0.29330 0.95573
vn -0.09005 -0.63564 -0.76672
vn 0.13347 0.56095 0.81702
vn -0.08851 0.32728 -0.94077
vn 0.31523 -0.18826 0.93015
vn 0.07481 0.69347 -0.71660
vn 0.63676 0.04277 0.76987
vn 0.59903 -0.22437 -0.76865
vn 0.50532 0.37563 0.77688
vn -0.09440 -0.74544 -0.65985
vn 0.03500 -0.87913 0.47530
vn 0.05028 0.85425 0.51742
vn 0.34989 -0.16740 0.92171
vn -0.25717 -0.84212 0.47402
vn 0.06593 -0.88021 0.46998
vn -0.03170 0.57467 0.81777
vn 0.45429 -0.08477 0.88681
vn 0.18189 0.88368 -0.43131
vn -0.40517 -0.69492 0.59408
vn 0.25393 -0.01826 0.96705
vn -0.01233 0.99983 -0.01338
vn 0.72921 0.66916 -0.14311
vn -0.17962 0.04218 0.98283
vn 0.04102 0.01284 0.99908
vn 0.02173 0.84747 0.53039
vn -0.93690 -0.33511 -0.09958
vn 0.06993 0.99529 0.06717
vn -0.01247 -0.99458 -0.10327
vn -0.25292 -0.15572 0.95487
vn -0.04015 -0.23375 -0.97147
vn -0.12490 0.96694 -0.22231
vn -0.52553 -0.67209 -0.52165
vn -0.55108 0.63637 -0.53977
vn -0.93918 0.33071 0.09261
vn 0.03711 -0.79756 0.60210
vn 0.15857 -0.46860 0.86906
vn 0.10451 -0.80709 0.58110
vn -0.29067 0.95682 0.00393
vn -0.34694 0.91078 0.22387
vn -0.22328 -0.82827 0.51392
vn 0.73621 -0.29702 0.60808
vn 0.55445 0.80853 -0.19715
vn 0.01984 -0.98294 0.18287
vn -0.83030 0.28301 0.48011
vn -0.10049 -0.51552 -0.85096
vn -0.43062 0.57009 0.69969
vn -0.40685 -0.78084 -0.47409
vn -0.06831 -0.63009 -0.77351
vn -0.37097 0.32693 -0.86919
vn 0.18194 0.96698 0.17846
vn 0.22943 0.65078 0.72377
vn -0.04223 0.96315 -0.26564
vn -0.54507 -0.76849 0.33514
vn -0.02318 -0.68945 0.72397
vn -0.78627 -0.18872 0.58836
vn 0.02785 -0.03432 0.99902
vn 0.61828 -0.09261 -0.78048
vn -0.32565 0.70227 0.63306
vn 0.04569 0.57084 0.81979
vn -0.00324 0.17035 0.98538
vn 0.03764 -0.99301 -0.11187
vn -0.08874 -0.99349 -0.07139
vn -0.04826 0.94155 -0.33340
vn 0.02690 -0.96183 0.27231
vn 0.01274 -0.86329 -0.50455
vn 0.17842 0.94681 -0.26779
vn -0.10717 -0.99405 0.01943
vn -0.11231 0.10392 0.98822
vn 0.02294 0.95588 0.29285
vn 0.38786 0.34061 0.85647
vn 0.12360 -0.73807 0.66331
vn 0.03113 0.99801 0.05487
vn -0.11796 0.99040 0.07205
vn -0.02606 -0.93789 0.34595
vn -0.08903 -0.90560 0.41467
vn 0.37185 -0.63349 0.67855
vn -0.30982 0.84080 0.44392
vn -0.03923 -0.99722 0.06333
vn 0.11682 0.81532 0.56711
vn -0.65634 -0.29144 0.69590
vn 0.20571 -0.86854 0.45091
vn 0.21760 -0.50134 0.83744
vn -0.06917 0.73922 -0.66990
vn 0.65463 0.57303 -0.49305
vn -0.41058 0.80988 -0.41895
vn -0.13582 0.53958 -0.83091
vn -0.13555 -0.77996 -0.61098
vn -0.06021 0.59959 -0.79804
vn -0.13274 -0.84780 -0.51344
vn 0.53010 -0.49497 -0.68847
vn -0.05615 0.83883 -0.54150
vn 0.01065 0.99347 -0.11363
vn 0.02911 0.91653 0.39892
vn -0.17147 0.18227 0.96818
vn -0.10000 -0.02123 -0.99476
vn -0.50995 -0.02626 0.85980
vn -0.61395 -0.75185 -0.24038
vn -0.38223 -0.06468 0.92180
vn 0.14797 0.00434 0.98898
vn -0.77612 -0.47993 0.40903
vn -0.01589 0.96806 -0.25020
vn -0.60797 0.61117 -0.50680
vn 0.04463 0.79568 0.60408
vn -0.74639 0.65324 0.12723
vn 0.01923 0.94090 0.33813
vn 0.69496 -0.26170 0.66973
vn 0.10653 -0.03934 0.99353
vn 0.00000 0.00000 0.00000
vn -0.47881 -0.33147 0.81294
vn 0.05995 -0.82184 0.56655
vn -0.05473 -0.74683 -0.66276
vn -0.18121 -0.42934 -0.88478
vn -0.08177 -0.14640 0.98584
vn -0.02614 -0.98262 0.18376
vn 0.05647 0.73757 0.67290
vn -0.11342 0.81777 -0.56426
vn 0.06455 -0.77625 -0.62711
vn 0.02340 -0.99859 0.04770
vn 0.81422 -0.32045 0.48410
vn 0.08756 -0.34668 0.93389
vn -0.04450 0.75745 -0.65137
vn 0.27581 0.94028 0.19950
vn 0.00267 0.99081 -0.13522
vn -0.01617 -0.26398 0.96439
vn -0.04066 0.32673 0.94424
vn 0.05220 0.41800 0.90695
vn -0.85225 0.41771 0.31495
vn -0.14994 -0.96226 0.22710
vn -0.10671 0.89593 -0.43119
vn 0.02872 0.76546 0.64284
vn -0.01933 0.20824 0.97789
vn -0.10098 -0.02007 -0.99469
vn -0.22423 0.76394 0.60508
vn 0.14257 0.02596 0.98944
vn 0.02324 -0.97145 0.23612
vn -0.09352 -0.16669 -0.98156
vn 0.02256 -0.98946 0.14305
vn -0.09728 -0.97978 -0.17485
vn -0.11834 -0.10973 -0.98689
vn 0.10043 0.02365 0.99466
vn 0.14328 -0.40895 0.90124
vn -0.00331 0.88168 0.47184
vn 0.21864 -0.31485 0.92361
vn 0.04086 -0.66388 0.74673
vn 0.01728 -0.95696 -0.28969
vn -0.04279 -0.82080 -0.56961
vn -0.26239 0.90826 0.32591
vn -0.26976 -0.78735 0.55436
vn 0.03193 0.87817 0.47728
vn 0.50369 -0.45202 0.73619
vn 0.88832 -0.14654 0.43522
vn 0.55122 0.23764 -0.79980
vn 0.02518 0.91728 -0.39746
vn 0.02733 -0.99078 0.13273
vn -0.06606 0.40102 0.91368
vn 0.05344 -0.94933 0.30971
vn -0.11156 0.16143 -0.98056
vn -0.14105 -0.95879 0.24662
vn -0.16210 0.79272 0.58764
vn -0.02867 0.96336 0.26669
vn -0.00973 0.99939 0.03365
vn 0.50265 -0.49592 0.70811
vn 0.37827 -0.71785 -0.58446
vn -0.11371 0.54911 0.82798
vn -0.11710 0.99274 -0.02740
vn -0.00843 -0.98273 -0.18483
vn -0.01820 0.69299 -0.72072
vn 0.21596 -0.69810 0.68265
vn -0.01125 -0.98013 -0.19806
vn -0.16127 -0.87739 0.45186
vn 0.14811 -0.98780 -0.04819
vn -0.01389 0.07224 0.99729
vn 0.03740 -0.14428 0.98883
vn 0.91888 0.33626 -0.20638
vn 0.01485 0.98424 0.17619
vn -0.24061 0.32053 0.91617
vn -0.74757 0.16708 0.64283
vn 0.02205 0.44289 0.89631
vn -0.09463 0.99171 -0.08695
vn 0.00996 -0.99969 0.02276
vn -0.08945 -0.24889 -0.96439
vn -0.09143 0.98574 0.14126
vn 0.04973 0.71748 0.69480
vn -0.04275 0.83593 0.54717
vn 0.05986 -0.95979 0.27428
vn -0.39160 -0.49632 0.77480
vn -0.99091 0.08328 0.10561
vn -0.07540 0.52331 -0.84880
vn -0.00563 -0.99381 -0.11094
vn -0.29364 0.59316 0.74962
vn -0.06496 -0.92905 -0.36420
vn 0.00536 -0.52753 0.84952
vn 0.50776 -0.16725 0.84511
vn -0.50846 -0.79872 -0.32175
vn -0.11376 0.28312 -0.95231
vn -0.04478 -0.99888 -0.01525
vn -0.02415 -0.18336 -0.98275
vn 0.01550 0.93140 0.36366
vn 0.04857 -0.99296 -0.10803
vn -0.00232 0.97748 0.21103
vn -0.06721 0.56028 -0.82557
vn 0.03242 0.84687 0.53081
vn 0.03232 -0.22391 -0.97407
vn -0.06672 -0.53923 -0.83951
vn -0.01982 0.98587 -0.16631
vn 0.10266 0.20466 0.97343
vn 0.00395 0.93766 -0.34753
vn -0.02849 -0.93448 -0.35488
vn -0.15232 0.80050 -0.57966
vn -0.09004 -0.79279 -0.60281
vn -0.01159 0.99197 -0.12597
vn 0.00963 -0.99949 0.03052
vn -0.09250 0.81365 -0.57395
vn -0.01809 -0.97069 -0.23965
vn 0.56591 0.33377 -0.75389
vn -0.03137 0.98542 -0.16721
vn 0.32151 0.11380 0.94004
vn -0.00069 0.71856 -0.69546
vn 0.09727 -0.83921 0.53504
vn 0.00945 0.70920 0.70494
vn 0.05280 0.67574 0.73525
vn 0.03541 -0.94642 0.32100
vn -0.09873 -0.65427 -0.74979
vn 0.01025 -0.99665 -0.08111
vn -0.58401 -0.12059 -0.80274
vn 0.10512 -0.49481 -0.86262
vn 0.05930 -0.80267 -0.59347
vn -0.08225 0.96863 0.23449
vn -0.37766 -0.80722 0.45363
vn -0.04298 -0.99842 0.03613
vn -0.99867 0.00374 -0.05135
vn 0.25270 0.95264 0.16915
vn -0.03167 -0.93678 -0.34847
vn -0.38166 -0.57528 -0.72346
vn 0.01743 -0.99984 -0.00320
vn -0.00882 -0.85494 0.51865
vn -0.06685 -0.99050 -0.12013
vn -0.51156 -0.49079 -0.70529
vn -0.05490 0.98585 0.15839
vn -0.02151 0.98448 -0.17419
vn 0.13529 -0.08652 0.98702
vn 0.25143 0.66170 0.70635
vn 0.04328 0.85556 0.51590
vn -0.08806 0.28430 -0.95468
vn -0.07601 0.04809 -0.99595
vn -0.03098 0.67491 -0.73725
vn 0.02917 0.93147 0.36264
vn 0.05190 -0.99786 -0.03974
vn -0.04616 0.94748 -0.31648
vn -0.06973 -0.00566 -0.99755
vn 0.06313 0.99004 0.12587
vn -0.08070 0.25533 -0.96348
vn 0.04798 -0.45025 0.89161
vn -0.07254 0.99268 0.09657
vn -0.09604 -0.02126 -0.99515
vn 0.00244 -0.99134 -0.13128
vn 0.37803 -0.13141 0.91642
vn -0.12130 -0.86982 -0.47822
vn 0.04408 0.67211 0.73913
vn 0.01994 0.90036 -0.43469
vn -0.09025 0.39645 -0.91361
vn -0.05110 -0.92595 -0.37417
vn 0.11720 -0.91237 -0.39222
vn 0.24726 0.41391 -0.87609
vn 0.20986 0.93994 -0.26921
vn -0.11697 0.98106 0.15442
vn 0.11326 0.92534 -0.36183
vn -0.07702 -0.78463 -0.61517
vn -0.02542 -0.79449 -0.60675
vn 0.05406 0.98781 -0.14598
vn -0.31416 -0.56384 -0.76380
vn 0.06924 0.35717 0.93147
vn -0.01015 0.99872 0.04947
vn -0.13860 0.66719 -0.73188
vn -0.17344 0.96653 -0.18906
vn 0.06408 0.28510 0.95635
vn -0.18570 0.02734 -0.98223
vn 0.04363 0.83392 0.55016
vn -0.18190 0.93278 -0.31119
vn 0.54948 0.51797 -0.65557
vn 0.36475 -0.91814 0.15484
vn -0.01316 -0.53884 -0.84231
vn 0.33904 -0.85950 0.38251
vn 0.02483 0.91999 0.39116
vn 0.06345 -0.10686 0.99225
vn -0.00173 0.52370 -0.85190
vn 0.41708 -0.88398 0.21123
vn -0.99232 0.11654 0.04155
vn -0.09104 -0.11699 -0.98895
vn -0.02787 -0.90331 -0.42809
vn 0.06622 -0.53303 0.84350
vn 0.82625 0.50988 -0.23944
vn -0.19141 -0.54777 -0.81444
vn 0.22445 0.96327 -0.14742
vn 0.29261 0.34295 0.89261
vn 0.04256 -0.89084 -0.45233
vn 0.21681 -0.97060 -0.10453
vn 0.02000 -0.02885 -0.99938
vn -0.03404 0.77587 0.62997
vn -0.20651 0.80170 -0.56092
vn 0.03241 0.16201 0.98626
vn 0.16068 0.87013 -0.46589
vn -0.01177 0.07270 0.99728
vn 0.19490 -0.63598 0.74669
vn 0.17006 -0.34385 0.92350
vn 0.28806 0.17499 0.94149
vn -0.22958 0.96889 -0.09242
vn 0.14836 -0.11356 0.98239
vn -0.21430 0.97507 0.05759
vn -0.15889 0.48276 -0.86122
vn -0.13370 -0.97924 0.15238
vn 0.36607 0.67031 -0.64551
vn -0.00344 -0.65151 -0.75864
vn -0.18877 0.20952 0.95941
vn 0.70324 -0.57285 0.42105
vn -0.04149 -0.86358 0.50251
vn 0.66190 -0.33887 -0.66862
vn -0.02400 -0.92343 0.38302
vn 0.37795 0.48736 0.78717
vn 0.17031 0.58270 0.79464
vn 0.24411 0.88438 0.39785
vn -0.05086 0.91733 -0.39487
vn -0.06062 0.98256 -0.17578
vn 0.24965 -0.95755 0.14413
vn 0.51604 0.79060 0.32961
vn -0.03962 0.96829 -0.24667
vn -0.00660 0.97499 0.22214
vn 0.74857 -0.37628 -0.54594
vn -0.17658 0.75286 -0.63405
vn -0.40153 0.86674 -0.29585
vn 0.17468 -0.96745 -0.18310
vn 0.14114 -0.17686 0.97406
vn -0.11490 0.05098 -0.99207
vn 0.35357 0.28209 0.89186
vn 0.57414 0.39708 -0.71602
vn 0.58414 -0.59845 0.54831
vn 0.22734 -0.96791 -0.10710
vn -0.12842 -0.74586 -0.65361
vn 0.00713 0.96355 0.26742
vn -0.13082 -0.22431 -0.96570
vn -0.38096 0.24769 0.89080
vn 0.32519 0.86127 0.39046
vn 0.49083 0.35435 0.79594
vn 0.04088 -0.90666 0.41988
vn 0.26508 0.91214 0.31264
vn 0.02440 0.82301 0.56750
vn -0.25484 0.12848 -0.95841
vn 0.29757 -0.58538 0.75417
vn -0.11829 -0.99264 -0.02593
vn 0.01863 -0.90523 0.42451
vn 0.55792 0.82972 -0.01694
vn -0.00255 0.99996 -0.00822
vn 0.18502 0.32934 -0.92590
vn 0.44804 0.34907 0.82305
vn 0.00836 -0.99917 -0.03996
vn -0.22784 0.94901 -0.21789
vn 0.17178 0.03019 0.98467
vn 0.49876 -0.86347 0.07520
vn 0.34835 0.13217 0.92800
vn -0.01948 0.99572 -0.09036
vn -0.10043 0.00756 0.99492
vn 0.08970 -0.99589 0.01221
vn -0.51877 0.47554 -0.71045
vn 0.23903 0.83163 0.50125
vn 0.71822 -0.31730 -0.61927
vn 0.47365 0.80654 -0.35377
vn -0.59682 -0.13937 0.79018
vn -0.07822 -0.78978 -0.60838
vn 0.42747 -0.37871 0.82089
vn 0.20322 0.92739 0.31408
vn -0.70711 0.70711 0.00000
vn -0.09700 0.96546 0.24181
vn -0.00609 0.93008 -0.36730
vn -0.05053 -0.95793 0.28253
vn 0.59802 -0.32443 0.73288
vn -0.11423 0.84856 -0.51662
vn 0.34689 -0.46116 0.81670
vn 0.25819 0.18151 -0.94889
vn 0.01051 -0.32681 -0.94503
vn 0.12569 0.16604 0.97807
vn 0.04310 -0.87226 0.48714
vn 0.62081 0.38597 0.68236
vn 0.25792 0.10372 0.96058
vn 0.18211 0.89091 0.41606
vn 0.15116 -0.34999 0.92447
vn 0.91818 0.27435 -0.28578
vn 0.08587 -0.22904 0.96962
vn 0.70543 0.70174 0.09962
vn 0.45793 -0.75154 0.47486
vn 0.57823 -0.52339 0.62586
vn -0.00967 0.79181 -0.61069
vn -0.06411 -0.47381 0.87829
vn 0.65081 -0.38944 0.65175
vn 0.07049 0.34282 0.93675
vn 0.65094 0.43030 0.62539
vn -0.03644 -0.91987 -0.39053
vn -0.16522 -0.31988 -0.93294
vn 0.50238 -0.52805 0.68467
vn -0.33115 0.81166 -0.48120
vn 0.01060 0.72090 0.69296
vn -0.08003 -0.89509 -0.43864
vn -0.15507 0.57258 -0.80505
vn 0.25733 0.11301 0.95969
vn -0.28635 0.84500 0.45164
vn -0.32827 -0.65429 -0.68128
vn 0.12259 -0.77069 0.62531
vn -0.01943 0.50075 0.86537
vn -0.66228 0.74545 0.07540
vn -0.50050 0.59031 -0.63327
vn 0.28019 -0.28134 -0.91779
vn -0.38348 -0.52800 -0.75773
vn -0.06407 -0.15825 0.98532
vn 0.07697 0.81618 0.57265
vn -0.67324 0.54702 0.49750
vn -0.01247 -0.97900 -0.20350
vn 0.41258 0.81523 0.40641
vn -0.01945 0.98998 -0.13986
vn -0.15933 0.96885 0.18960
vn -0.10297 -0.92882 -0.35594
vn -0.30105 -0.66880 0.67976
vn -0.42200 0.50040 0.75598
vn 0.61061 0.26463 0.74641
vn 0.01453 -0.99676 -0.07911
vn 0.25155 -0.38512 -0.88792
vn 0.04035 -0.67603 0.73577
vn -0.19664 0.31200 0.92951
vn -0.28595 -0.88290 -0.37244
vn 0.29819 -0.95444 -0.01086
vn -0.63303 0.18151 -0.75255
vn -0.15169 -0.98642 0.06297
vn -0.28684 0.10111 0.95263
vn -0.07396 -0.37954 -0.92221
vn 0.15469 0.51394 0.84376
vn 0.01269 -0.99310 0.11661
vn 0.57305 -0.80978 -0.12600
vn 0.41409 0.21055 -0.88555
vn 0.11118 0.98917 -0.09583
vn 0.06567 -0.94006 0.33462
vn 0.02277 -0.92834 0.37103
vn 0.08310 -0.67063 0.73712
vn 0.03570 -0.67033 0.74120
vn 0.76733 0.17274 0.61754
vn -0.78407 -0.61361 -0.09338
vn 0.46421 0.28968 -0.83702
vn -0.01684 0.21784 0.97584
vn -0.04079 -0.46441 0.88468
vn 0.18535 0.92350 0.33583
vn 0.99005 -0.13942 0.01884
vn 0.30338 -0.19942 -0.93177
vn -0.04842 0.91737 -0.39507
vn -0.04961 -0.30614 -0.95069
vn -0.01817 -0.30192 0.95316
vn -0.05877 0.72207 -0.68932
vn 0.00757 -0.94259 -0.33387
vn 0.66684 -0.10447 0.73784
vn 0.22411 -0.19719 0.95441
vn 0.82432 0.37151 -0.42718
vn -0.60568 -0.63320 0.48187
vn -0.05766 0.03074 -0.99786
vn -0.01593 0.57808 0.81583
vn -0.11508 0.99289 0.03056
vn -0.18346 -0.09817 -0.97811
vn -0.02473 0.99898 -0.03777
vn -0.23699 0.72345 0.64843
vn -0.04652 -0.04296 0.99799
vn -0.14974 0.81720 -0.55657
vn -0.16468 -0.94731 0.27475
vn -0.56168 0.39704 0.72586
vn -0.81300 -0.30879 0.49364
vn 0.43229 0.45061 0.78107
vn -0.02541 0.70964 0.70410
vn -0.36136 0.23496 0.90234
vn -0.59857 0.16081 0.78477
vn -0.36510 -0.64536 0.67099
vn -0.04734 -0.71459 -0.69794
vn -0.36825 -0.92406 -0.10254
vn -0.53861 0.80897 0.23552
vn -0.03670 -0.97907 0.20019
vn 0.17065 -0.33077 0.92815
vn -0.11929 0.00442 -0.99285
vn -0.14490 0.95199 -0.26967
vn -0.51803 -0.75460 -0.40278
vn -0.35501 -0.41934 0.83554
vn 0.03097 0.69990 0.71357
vn 0.24420 0.28782 -0.92603
vn 0.38731 -0.18703 0.90278
vn 0.69700 -0.22404 0.68117
vn 0.86816 0.40646 0.28477
vn 0.18054 -0.10440 0.97801
vn -0.69568 0.18328 -0.69458
vn -0.22010 0.92866 -0.29856
vn -0.04771 -0.92373 0.38007
vn -0.02119 0.97923 -0.20166
vn -0.02470 0.85381 0.51999
vn 0.02317 -0.99770 -0.06372
vn -0.23015 0.41016 -0.88250
vn 0.00000 0.00000 0.00000
vn -0.11219 -0.24837 -0.96215
vn 0.04123 -0.89965 -0.43466
vn 0.05756 -0.93618 0.34678
vn -0.00365 -0.18751 0.98226
vn -0.09921 0.99069 0.09328
vn 0.31508 0.94690 0.06405
vn -0.00667 0.99271 0.12038
vn -0.05266 -0.61238 0.78880
vn 0.01488 0.35203 0.93587
vn -0.93502 -0.05524 0.35027
vn 0.30771 0.93793 -0.15999
vn -0.54494 -0.26399 0.79583
vn 0.06610 0.75102 -0.65696
vn 0.48567 0.38892 0.78285
vn -0.50100 0.06379 0.86309
vn 0.06057 -0.78623 0.61496
vn 0.00114 0.33649 -0.94169
vn 0.32061 -0.17883 0.93018
vn 0.01319 -0.98281 0.18413
vn 0.00547 -0.99617 -0.08723
vn 0.13539 -0.07938 0.98761
vn -0.02939 0.99490 -0.09650
vn -0.15760 -0.38204 0.91061
vn -0.31005 -0.36967 -0.87591
vn 0.23097 0.49140 0.83975
vn 0.11856 -0.18812 0.97496
vn -0.03251 0.99165 -0.12476
vn 0.03730 0.81702 -0.57540
vn -0.01459 -0.78620 -0.61780
vn 0.07901 -0.56093 0.82409
vn 0.22252 0.90324 -0.36693
vn -0.29456 -0.73392 -0.61204
vn 0.67365 -0.58137 0.45630
vn -0.02059 -0.97694 -0.21251
vn 0.17029 -0.80785 0.56425
vn -0.38254 0.23249 -0.89421
vn -0.94639 0.19686 -0.25612
vn 0.01509 -0.96506 -0.26159
vn -0.04371 0.66272 -0.74759
vn 0.29011 -0.74524 -0.60037
vn -0.05497 0.87935 -0.47299
vn 0.14389 0.62394 -0.76811
vn -0.07103 0.99263 0.09820
vn -0.40045 0.07162 -0.91352
vn 0.01740 -0.86403 0.50315
vn 0.00362 0.62755 0.77857
vn 0.16387 -0.92388 0.34583
vn -0.10705 -0.97049 0.21607
vn 0.02851 -0.93086 0.36425
vn 0.55993 0.28600 0.77761
vn 0.09086 -0.96131 -0.26006
vn 0.46717 0.34325 -0.81482
vn 0.02488 -0.59585 0.80271
vn -0.07668 0.49197 -0.86723
vn 0.75141 0.65077 0.10896
vn 0.62287 0.51946 -0.58497
vn -0.01935 -0.97614 -0.21630
vn -0.12759 0.02627 0.99148
vn -0.52602 0.56106 -0.63915
vn -0.26254 0.33554 0.90470
vn 0.17783 -0.10354 -0.97860
vn 0.11027 0.48492 0.86758
vn 0.11915 -0.26818 0.95597
vn -0.18386 -0.69010 -0.69997
vn 0.49570 -0.79304 -0.35408
vn -0.08695 0.96668 0.24077
vn -0.09269 -0.99454 0.04803
vn 0.43102 0.51009 0.74433
vn 0.03172 0.83345 -0.55168
vn 0.79140 0.13522 -0.59616
vn 0.03405 -0.84385 0.53549
vn -0.03606 -0.75968 0.64929
vn -0.21283 0.47260 0.85519
vn 0.42687 0.90431 0.00104
vn -0.36526 -0.45563 0.81178
vn 0.19753 0.95636 0.21532
vn -0.26031 -0.71712 0.64651
vn 0.49538 -0.86302 -0.09896
vn 0.38569 0.06283 0.92049
vn 0.31534 -0.82318 0.47216
vn 0.35179 0.02190 -0.93582
vn 0.10613 -0.01176 0.99428
vn 0.60980 -0.26681 0.74630
vn 0.18599 0.27977 0.94188
vn 0.62485 -0.02453 0.78036
vn -0.24515 0.96917 0.02476
vn -0.01316 -0.22541 0.97417
vn 0.24808 -0.22506 -0.94223
vn 0.24132 0.63441 -0.73437
vn -0.06763 0.62142 -0.78056
vn -0.20116 -0.01208 0.97948
vn 0.12986 0.71068 0.69142
vn -0.47117 -0.87595 -0.10350
vn -0.12351 -0.24139 0.96254
vn 0.24333 0.52378 0.81636
vn -0.77323 0.07228 0.62999
vn 0.59372 -0.50801 0.62404
vn -0.48797 -0.61901 -0.61540
vn -0.01169 -0.84592 -0.53318
vn -0.01249 -0.93661 0.35016
vn 0.00738 0.98581 0.16772
vn -0.15208 0.87175 -0.46575
vn -0.25292 0.12185 0.95978
vn 0.26080 -0.74428 0.61484
vn -0.37908 -0.80874 -0.44971
vn -0.01004 0.99984 -0.01487
vn 0.23406 0.28255 0.93026
vn -0.10548 0.57899 0.80848
vn 0.05350 0.93385 0.35364
vn -0.97687 -0.09769 0.19021
vn -0.18347 -0.98298 0.00937
vn 0.11081 0.52534 0.84364
vn -0.72238 0.29431 -0.62575
vn -0.00585 0.17817 -0.98398
vn 0.28699 0.64427 0.70891
vn 0.00463 0.96614 0.25798
vn 0.46504 0.63103 0.62091
vn 0.03956 0.99319 -0.10962
vn -0.19233 -0.24069 -0.95135
vn -0.17491 -0.95037 -0.25729
vn 0.69914 -0.64734 0.30357
vn 0.12452 0.99128 -0.04313
vn 0.95222 0.20018 0.23067
vn -0.95713 -0.24599 -0.15292
vn -0.17188 -0.74991 0.63883
vn 0.18959 0.72575 -0.66132
vn 0.09843 0.98784 -0.12032
vn -0.21543 -0.11474 0.96975
vn -0.63508 -0.33531 -0.69587
vn -0.09086 0.02983 0.99542
vn 0.21405 -0.31856 0.92342
vn 0.48960 0.87188 0.01066
vn -0.11333 -0.69021 0.71468
vn 0.05739 0.60461 -0.79445
vn -0.02805 -0.99598 -0.08510
vn -0.46940 0.79071 -0.39299
vn 0.82697 0.56084 -0.03981
vn -0.66182 -0.15860 -0.73269
vn -0.03025 -0.69226 0.72101
vn 0.00716 0.75703 0.65334
vn -0.08509 0.91803 0.38728
vn 0.50309 0.08912 0.85963
vn -0.21375 -0.55074 0.80685
vn -0.07601 0.79012 0.60822
vn -0.73103 0.07437 0.67828
vn 0.01909 0.02173 -0.99958
vn -0.01043 0.95105 -0.30886
vn -0.30217 -0.08513 -0.94945
vn -0.70443 -0.04510 0.70834
vn 0.24646 -0.92832 0.27836
vn -0.15332 0.98724 0.04302
vn -0.19863 0.97729 0.07390
vn -0.67222 0.47531 0.56763
vn -0.56668 -0.54689 0.61627
vn 0.52457 -0.37632 0.76368
vn -0.36691 0.71787 0.59164
vn -0.57225 -0.79911 -0.18428
vn -0.66814 0.61627 -0.41689
vn -0.98069 -0.19059 0.04375
vn -0.73237 0.66645 0.13954
vn -0.89195 -0.42806 0.14560
vn -0.86616 0.25369 0.43060
vn 0.04918 0.12415 0.99104
vn -0.01948 0.99609 -0.08621
vn -0.91350 -0.10420 -0.39328
vn 0.47716 -0.45133 0.75407
vn -0.02472 -0.58857 -0.80807
vn 0.66623 -0.25519 0.70073
vn -0.21729 0.13238 0.96709
vn -0.31988 0.55583 0.76729
vn -0.23445 -0.09953 0.96702
vn -0.63424 -0.77019 -0.06740
vn 0.50256 0.57234 0.64796
vn 0.22185 -0.85871 0.46196
vn 0.77516 0.10847 0.62238
vn -0.61986 0.17164 -0.76571
vn 0.16937 -0.04445 -0.98455
vn -0.27304 -0.45496 -0.84762
vn -0.06131 -0.58431 0.80921
vn 0.19799 -0.71805 -0.66724
vn -0.45329 -0.88278 0.12336
vn 0.50705 0.54117 0.67085
vn 0.01671 -0.99720 0.07296
vn -0.01815 -0.04754 0.99870
vn 0.96866 0.21059 -0.13173
vn -0.18736 -0.19530 -0.96268
vn -0.19439 0.31148 -0.93016
vn -0.74054 0.34084 -0.57916
vn 0.17659 -0.98428 0.00065
vn 0.45130 0.84079 0.29899
vn 0.37614 0.85040 -0.36789
vn 0.70613 -0.70610 0.05294
vn -0.43063 0.82038 -0.37621
vn 0.15562 -0.51460 0.84319
vn 0.07924 -0.28037 0.95662
vn -0.98426 -0.09650 0.14809
vn -0.53964 0.01504 -0.84176
vn 0.07994 -0.22110 0.97197
vn 0.30053 0.87658 0.37589
vn 0.90349 -0.18235 -0.38789
vn -0.38480 0.35822 0.85065
vn 0.59258 -0.80466 -0.03714
vn -0.13199 0.42312 0.89641
vn 0.10616 -0.98802 -0.11199
vn 0.00635 0.58751 0.80919
vn -0.06424 0.88626 0.45870
vn 0.20236 -0.37183 0.90597
vn 0.00713 -0.71951 0.69445
vn 0.62750 -0.76796 -0.12837
vn 0.16182 -0.78607 0.59659
vn 0.27449 0.36350 0.89024
vn 0.05172 0.62548 -0.77853
vn -0.58487 -0.75975 -0.28408
vn 0.03188 -0.79119 -0.61074
vn 0.10075 -0.99059 0.09264
vn 0.53109 -0.46552 -0.70798
vn -0.04251 0.24538 -0.96849
vn -0.26526 -0.93957 0.21642
vn 0.24825 -0.96124 0.11994
vn 0.71307 0.30678 -0.63041
vn -0.30448 -0.80284 0.51258
vn -0.69586 -0.55765 -0.45256
vn -0.07505 0.75297 0.65376
vn -0.00550 0.52086 0.85362
vn -0.39566 -0.10063 -0.91287
vn -0.92142 -0.32066 -0.21944
vn 0.22167 -0.34134 0.91343
vn 0.09090 0.97983 0.17794
vn -0.66660 -0.63587 -0.38898
vn -0.28861 -0.95056 0.11464
vn 0.15253 -0.31520 0.93669
vn -0.75105 0.17228 -0.63737
vn -0.50708 0.76851 0.39021
vn -0.58543 0.75755 0.28878
vn -0.36200 -0.81076 -0.46004
vn -0.75296 0.29543 -0.58802
vn 0.00574 -0.08342 0.99650
vn 0.33908 0.29527 0.89322
vn -0.69072 -0.38243 0.61372
vn -0.35112 0.93633 0.00000
vn 0.08238 0.70547 -0.70394
vn -0.41206 -0.72578 0.55086
vn -0.98382 0.06213 0.16805
vn -0.56081 -0.78216 -0.27151
vn 0.71480 -0.69802 -0.04274
vn 0.46246 0.25055 -0.85051
vn 0.79135 0.52295 0.31669
vn -0.05542 -0.88558 -0.46117
vn -0.04405 0.74481 -0.66582
vn -0.24467 -0.36486 0.89834
vn 0.86646 -0.49184 -0.08563
vn -0.93790 -0.34308 0.05133
vn -0.43111 0.43334 -0.79143
vn 0.21188 0.96884 0.12826
vn 0.44720 0.44837 -0.77394
vn 0.16072 -0.98684 -0.01796
vn 0.18294 -0.50723 0.84217
vn 0.77128 0.55504 -0.31153
vn 0.08283 0.83644 0.54176
vn -0.54807 -0.83367 -0.06791
vn 0.71709 -0.61143 -0.33457
vn 0.90171 -0.38504 0.19663
vn 0.40722 0.89551 0.17952
vn 0.20182 0.79305 0.57476
vn 0.49453 -0.80347 0.33149
vn -0.00191 0.02835 0.99960
vn -0.59516 0.49512 -0.63297
vn 0.47164 -0.68801 0.55154
vn -0.43656 0.32801 -0.83775
vn 0.62286 -0.36598 0.69145
vn 0.09381 0.61723 0.78117
vn -0.16755 0.98567 -0.01962
vn -0.43278 0.90145 0.00953
vn 0.67506 0.42440 0.60347
vn 0.07605 -0.51520 0.85369
vn -0.28232 -0.43296 0.85606
vn 0.94435 -0.24404 -0.22054
vn -0.20625 0.42031 -0.88363
vn 0.95547 0.12508 -0.26728
vn 0.49445 0.54862 0.67419
vn -0.98016 -0.15180 -0.12743
vn -0.10542 0.97099 0.21462
vn 0.13232 -0.05708 0.98956
vn 0.20834 0.44077 0.87311
vn -0.36984 -0.32073 0.87198
vn -0.56572 0.74517 0.35312
vn -0.49948 -0.83661 -0.22494
vn 0.81236 0.20539 -0.54578
vn -0.02966 0.94490 -0.32601
vn -0.45555 -0.78390 0.42186
vn -0.10815 -0.76481 0.63511
vn -0.56120 -0.82701 0.03311
vn 0.54173 0.83822 0.06256
vn -0.02026 -0.83208 -0.55428
vn -0.04153 0.94782 -0.31609
vn -0.08844 -0.68191 -0.72607
vn 0.07601 0.45589 0.88678
vn 0.84106 0.46582 -0.27502
vn 0.98387 -0.15356 0.09176
vn -0.02672 0.83016 0.55689
vn -0.52917 -0.27594 -0.80239
vn 0.09974 0.80926 -0.57893
vn -0.73335 -0.46983 -0.49138
vn -0.12383 0.15552 0.98004
vn 0.16465 0.56073 0.81146
vn -0.89255 -0.30288 0.33408
vn -0.65637 0.74566 -0.11475
vn -0.37321 -0.91501 -0.15318
vn 0.19042 0.49630 -0.84701
vn -0.15590 -0.90863 0.38740
vn 0.00819 0.15868 -0.98730
vn 0.09200 0.12929 0.98733
vn -0.46041 0.37491 0.80465
vn -0.12896 0.91251 0.38820
vn 0.02200 -0.97372 0.22668
vn 0.21139 -0.71121 -0.67044
vn -0.27599 -0.23292 -0.93251
vn -0.83269 -0.53072 -0.15799
vn -0.86128 0.47909 0.16933
vn 0.61223 -0.78213 0.11596
vn 0.24847 -0.70004 0.66948
vn 0.88687 -0.38409 0.25677
vn 0.61539 0.75196 -0.23635
vn -0.65874 0.02429 0.75198
vn 0.62017 -0.07581 0.78079
vn 0.94242 0.26557 -0.20328
vn -0.02083 -0.57588 0.81727
vn -0.40807 0.89728 0.16842
vn 0.01963 0.96776 0.25112
vn 0.26625 0.87923 -0.39505
vn 0.94490 0.21974 0.24263
vn 0.12463 -0.45448 -0.88200
vn -0.39880 0.60717 0.68724
vn 0.52313 0.05121 0.85071
vn 0.00411 0.99700 0.07733
vn 0.20027 -0.29870 -0.93310
vn 0.28647 0.80756 0.51554
vn 0.92085 -0.16055 0.35533
vn 0.59681 -0.70380 0.38533
vn -0.21946 -0.19367 -0.95620
vn -0.33446 0.05486 0.94081
vn -0.12504 0.03548 0.99152
vn 0.80079 -0.48748 -0.34799
vn -0.32373 -0.00845 -0.94611
vn 0.01117 -0.67797 -0.73501
vn -0.25087 0.31277 -0.91610
vn -0.00205 0.99914 0.04148
vn 0.00595 -0.54443 0.83879
vn 0.05370 0.96875 -0.24215
vn 0.88589 -0.40331 -0.22922
vn 0.83664 0.53083 -0.13511
vn -0.41931 0.03151 0.90730
vn -0.34946 0.01713 -0.93679
vn 0.26880 -0.14108 -0.95281
vn 0.80203 0.52357 -0.28745
vn -0.16594 -0.90408 -0.39384
vn 0.43597 -0.68050 0.58894
vn -0.19186 -0.51260 -0.83692
vn -0.81421 -0.51147 0.27471
vn 0.00609 -0.97387 -0.22701
vn -0.19062 -0.04724 0.98053
vn -0.93100 0.31438 0.18548
vn -0.26918 0.51253 -0.81538
vn 0.01563 0.89369 0.44842
vn -0.51267 0.24492 0.82291
vn -0.00937 0.23643 -0.97160
vn -0.51903 -0.36800 -0.77148
vn 0.10399 0.70292 0.70363
vn 0.00495 -0.13433 0.99092
vn -0.64136 0.50000 0.58194
vn 0.35334 0.56660 0.74439
vn 0.76866 0.61707 0.16848
vn 0.43593 -0.11727 0.89231
vn 0.37957 0.16829 0.90973
vn -0.17761 0.97822 0.10745
vn 0.93051 -0.35732 -0.08053
vn 0.12594 0.39476 -0.91011
vn 0.62721 0.38044 0.67961
vn 0.80318 -0.58480 0.11361
vn 0.05526 -0.96013 -0.27403
vn -0.06601 0.99443 -0.08216
vn 0.67750 0.01520 0.73537
vn -0.32583 -0.16907 0.93019
vn 0.84602 -0.45193 0.28286
vn -0.39565 -0.73925 0.54496
vn 0.11132 0.91869 -0.37898
vn 0.54609 0.68067 0.48834
vn 0.79142 0.54466 0.27749
vn -0.72737 0.38060 0.57104
vn -0.03334 -0.29062 0.95626
vn -0.67474 0.05600 -0.73593
vn 0.18109 -0.29875 -0.93699
vn -0.99420 0.06239 0.08757
vn -0.09887 0.99316 -0.06205
vn 0.49485 -0.55166 0.67141
vn -0.32602 0.15441 -0.93267
vn 0.72446 -0.66817 -0.16943
vn -0.16243 -0.96010 -0.22767
vn -0.77041 0.38818 -0.50575
vn 0.00499 -0.94394 -0.33007
vn -0.28909 0.20348 -0.93543
vn 0.52641 0.82894 0.18906
vn -0.52959 0.56158 0.63573
vn -0.31838 0.80512 0.50041
vn 0.84308 -0.44853 0.29672
vn -0.20162 -0.07908 -0.97627
vn 0.45426 0.17890 0.87272
vn -0.27790 0.09890 0.95551
vn 0.44274 0.83102 -0.33671
vn 0.24833 -0.59904 0.76124
vn 0.78003 -0.27209 -0.56349
vn -0.17955 -0.97880 0.09859
vn 0.23652 -0.84356 -0.48214
vn -0.81504 -0.49456 0.30185
vn 0.10808 -0.09708 0.98939
vn 0.74238 -0.37201 0.55721
vn 0.01908 -0.97235 -0.23273
vn -0.82026 -0.53553 -0.20094
vn 0.01514 0.98571 0.16775
vn -0.55464 0.76376 -0.33023
vn 0.61669 0.32210 -0.71829
vn -0.75607 0.51764 -0.40051
vn 0.50910 -0.74407 0.43264
vn -0.17177 0.98348 0.05714
vn 0.90688 0.37058 -0.20058
vn -0.45953 -0.05549 -0.88643
vn 0.14544 0.00230 0.98936
vn 0.13980 0.75718 -0.63807
vn -0.18333 0.32813 0.92667
vn 0.04574 -0.90260 0.42805
vn 0.78978 0.25331 0.55864
vn 0.33571 0.35477 0.87260
vn 0.85871 0.13995 0.49298
vn 0.12755 0.72698 -0.67471
vn 0.20084 0.96151 0.18750
vn 0.20021 -0.82205 0.53306
vn -0.47223 0.20051 -0.85837
vn -0.02089 -0.51917 -0.85442
vn -0.10652 -0.09787 -0.98948
vn -0.91166 0.22961 -0.34082
vn -0.11056 -0.74408 0.65887
vn -0.22061 -0.75524 0.61721
vn -0.76152 0.59010 0.26809
vn -0.36191 -0.89330 -0.26654
vn -0.92873 0.29438 -0.22541
vn -0.64604 -0.18951 -0.73941
vn -0.20186 0.10338 -0.97394
vn 0.01830 -0.99977 0.01153
vn -0.13049 0.14471 0.98083
vn -0.58009 0.44866 -0.67985
vn 0.07807 -0.96283 0.25857
vn 0.96423 0.14319 -0.22308
vn 0.85563 -0.43394 0.28213
vn -0.83744 -0.49167 0.23865
vn -0.31606 -0.15676 -0.93570
vn -0.91675 -0.28294 -0.28199
vn -0.55052 0.74030 -0.38587
vn -0.10895 0.90167 0.41848
vn -0.12543 -0.92718 0.35301
vn -0.83551 0.50891 0.20721
vn -0.59939 -0.40824 0.68853
vn -0.98978 0.11033 0.09039
vn 0.61247 0.04791 0.78904
vn -0.97107 -0.12391 -0.20414
vn -0.69260 -0.56859 0.44387
vn -0.96512 0.26137 -0.01500
vn 0.81615 0.33697 -0.46942
vn -0.68183 0.15704 -0.71446
vn 0.17300 -0.97696 -0.12498
vn -0.54977 -0.76387 0.33802
vn 0.30931 -0.03523 0.95031
vn -0.04462 -0.95398 0.29654
vn -0.31129 0.46080 0.83112
vn 0.24434 0.47033 -0.84799
vn -0.08316 0.81390 0.57502
vn 0.47768 0.03270 -0.87792
vn -0.05306 -0.93819 0.34202
vn -0.80761 -0.52227 -0.27387
vn -0.87599 0.47883 0.05806
vn 0.96861 0.15113 0.19736
vn -0.99991 -0.00103 -0.01361
vn 0.98750 0.15741 0.00856
vn 0.38181 0.14324 -0.91308
vn -0.06950 -0.53865 0.83966
vn -0.21062 -0.95382 0.21416
vn -0.00437 0.96604 -0.25837
vn -0.56889 0.09002 0.81747
vn -0.88051 0.07465 -0.46812
vn 0.00328 -0.98027 -0.19762
vn 0.16513 -0.88924 -0.42659
vn -0.94070 -0.09212 0.32650
vn 0.02060 -0.95173 0.30624
vn 0.19047 0.81585 -0.54600
vn -0.02847 -0.99955 0.00941
vn -0.04498 -0.88526 -0.46292
vn -0.20905 0.95029 -0.23075
vn -0.10028 -0.82754 0.55238
vn -0.07974 0.70639 -0.70332
vn 0.19561 0.96343 -0.18313
vn -0.24380 0.89725 -0.36810
vn -0.11387 0.98636 0.11889
vn -0.02323 -0.97691 -0.21237
vn 0.06713 -0.64851 -0.75824
vn -0.01425 -0.95943 -0.28157
vn 0.10737 -0.04900 0.99301
vn -0.03516 0.17298 -0.98430
vn 0.16455 0.80397 -0.57145
vn 0.03098 -0.99350 0.10956
vn -0.24565 0.44909 0.85905
vn 0.03147 0.92801 0.37123
vn 0.03985 0.59104 -0.80566
vn -0.23041 0.91159 -0.34047
vn -0.09503 -0.89042 0.44511
vn 0.02625 -0.98072 0.19367
vn 0.04597 0.94051 0.33664
vn -0.00890 0.67477 0.73798
vn -0.00451 0.98540 0.17020
vn 0.00619 0.76520 -0.64376
vn 0.11687 -0.83781 0.53330
vn -0.04465 0.92135 -0.38617
vn 0.01964 -0.94362 0.33045
vn -0.02632 0.99265 -0.11814
vn -0.26835 0.16877 0.94842
vn -0.02412 -0.99870 -0.04491
vn 1.00000 0.00000 0.00000
vn -0.00051 0.79811 0.60251
vn -0.24668 0.48052 0.84158
vn -0.00847 -0.99236 -0.12312
vn 0.65122 -0.52855 0.54457
vn 0.00929 -0.99763 -0.06817
vn -0.03786 0.97244 -0.23007
vn -0.05002 0.67108 0.73970
vn -0.18488 -0.95295 0.24020
vn 0.05548 -0.89842 0.43562
vn -0.21054 -0.70317 0.67913
vn 0.77381 0.27875 0.56879
vn 0.18787 -0.31893 0.92897
vn -0.10885 0.81477 0.56947
vn 0.93382 0.11458 0.33889
vn 0.95849 -0.25769 -0.12205
vn 0.71756 -0.06209 0.69372
vn -0.20347 0.95553 0.21347
vn 0.86081 0.50459 0.06622
vn -0.97014 -0.24254 0.00000
vn 0.55471 0.79499 0.24555
vn 0.71101 -0.70308 0.01232
vn -0.02680 -0.67005 0.74183
vn 0.95106 0.25852 -0.16927
vn 0.91491 -0.04241 0.40141
vn 0.72225 0.62485 -0.29651
vn 0.40307 0.86131 -0.30933
vn -0.54670 0.41559 0.72691
vn 0.98149 0.01393 -0.19098
vn 0.52750 0.67351 0.51781
vn -0.00510 -0.98170 0.19037
vn -0.24388 -0.96917 -0.03508
vn 0.57730 -0.25027 0.77723
vn -0.24851 -0.66797 0.70147
vn -0.50097 -0.57286 0.64873
vn 0.73188 -0.03857 0.68034
vn 0.01048 0.97129 0.23767
vn 0.51056 -0.20047 0.83614
vn -0.01112 0.99982 -0.01512
vn -0.77930 0.24959 0.57480
vn -0.23709 0.86003 -0.45182
vn 0.99402 0.04026 -0.10151
vn -0.04928 -0.15642 0.98646
vn 0.79089 -0.33581 0.51159
vn 0.98944 -0.08542 -0.11709
vn -0.39562 -0.13733 -0.90809
vn 0.38836 -0.75596 0.52697
vn 0.94797 0.28808 0.13552
vn 0.12007 -0.87766 0.46400
vn -0.22178 0.59153 0.77518
vn -0.60431 0.67064 0.43018
vn 0.98323 -0.07193 0.16761
vn -0.06992 -0.09793 -0.99273
vn 0.73869 0.03013 0.67337
vn -0.61185 -0.75172 -0.24610
vn 0.76061 -0.11089 0.63967
vn -0.47985 0.37215 -0.79451
vn 0.00000 0.00000 0.00000
vn 0.36460 -0.22708 0.90305
vn 0.91602 0.01947 -0.40066
vn -0.99686 -0.05267 0.05912
vn -0.99529 -0.01670 0.09554
vn 0.49031 0.04019 0.87062
vn -0.13206 -0.58521 0.80005
vn -0.75216 -0.04229 0.65763
vn 0.01038 -0.99983 0.01520
vn -0.66664 0.02626 0.74492
vn 0.75235 0.17908 0.63395
vn 0.71384 0.01680 0.70010
vn -0.95330 -0.02332 0.30113
vn -0.06624 -0.22799 0.97141
vn -0.92199 -0.03833 0.38532
vn -0.13250 0.00076 -0.99118
vn -0.19272 -0.97899 0.06665
vn -0.99690 0.01336 -0.07748
vn 0.19623 0.02510 -0.98024
vn 0.85866 0.31150 -0.40702
vn 0.06714 -0.73915 -0.67019
vn -0.19947 0.87582 -0.43950
vn -0.38524 0.69421 0.60800
vn 0.15966 0.20693 0.96524
vn 0.97310 0.01525 -0.22988
vn -0.05472 -0.18142 0.98188
vn -0.63784 0.11344 0.76177
vn 0.36215 -0.54560 0.75576
vn 0.65230 0.27890 0.70478
vn -0.01112 0.99982 -0.01512
vn -0.92229 -0.25611 0.28948
vn -0.08960 0.65879 0.74697
vn 0.99828 0.00106 -0.05862
vn -0.19134 -0.53645 -0.82196
vn -0.16920 -0.05411 -0.98410
vn -0.03448 0.92921 0.36793
vn -0.30225 -0.04196 0.95230
vn 0.31286 0.00231 -0.94980
vn 0.72588 0.01350 -0.68769
vn -0.72034 -0.00920 -0.69356
vn 0.09219 0.99329 0.06979
vn -0.68768 -0.31203 0.65554
vn 0.93052 0.00408 -0.36621
vn -0.93434 0.29150 -0.20502
vn -0.01112 0.99982 -0.01512
vn -0.32180 0.03559 -0.94614
vn 0.73860 0.55660 -0.38035
vn -0.18120 -0.46918 0.86431
vn 0.92137 0.32743 -0.20942
vn -0.47980 -0.29327 0.82691
vn -0.13017 -0.71429 0.68764
vn -0.10136 -0.07829 0.99176
vn 0.09116 -0.03084 -0.99536
vn 0.90123 0.10002 -0.42164
vn -0.08053 0.97304 -0.21610
vn 0.03757 0.17082 -0.98459
vn 0.23884 0.85779 0.45513
vn 0.11113 -0.13976 -0.98393
vn -0.98569 0.16362 0.04048
vn -0.03745 -0.93579 -0.35057
vn 0.02417 0.84649 0.53186
vn 0.70905 0.16802 0.68485
vn -0.92392 0.03604 -0.38089
vn 0.04574 -0.72576 0.68643
vn -0.30308 0.41585 0.85744
vn 0.44620 0.04752 -0.89367
vn -0.88514 -0.05588 -0.46196
vn -0.02886 -0.99915 0.02931
vn -0.20286 0.20901 0.95664
vn -0.53678 -0.57382 0.61854
vn -0.52350 -0.01453 0.85190
vn -0.53639 -0.25819 0.80351
vn 0.38622 -0.64741 0.65703
vn 0.45921 -0.04609 0.88713
vn -0.23287 -0.65864 0.71552
vn -0.92501 -0.00249 -0.37992
vn 0.06427 -0.04186 -0.99705
vn 0.00783 0.70628 0.70789
vn -0.11163 -0.01219 -0.99368
vn 0.20351 0.94862 -0.24231
vn 0.93466 -0.08938 -0.34413
vn 0.89253 -0.44434 -0.07720
vn -0.71349 -0.03075 0.69999
vn -0.56043 -0.02705 -0.82776
vn 0.55620 0.39454 0.73142
vn 0.00000 0.00000 0.00000
vn -0.11693 -0.00776 0.99311
vn 0.01038 -0.99983 0.01520
vn 0.07265 -0.03791 -0.99664
vn 0.11514 0.04844 -0.99217
vn -0.17759 -0.20705 0.96208
vn -0.96427 -0.00553 -0.26486
vn 0.82397 0.14353 0.54815
vn -0.60923 -0.00630 -0.79297
vn -0.02066 -0.05362 -0.99835
vn -0.26589 -0.84314 0.46735
vn 0.01038 -0.99983 0.01520
vn 0.31388 0.19805 0.92858
vn 0.76002 0.00142 0.64989
vn 0.00000 0.00000 0.00000
vn 0.10523 0.03306 0.99390
vn -0.95764 0.08131 0.27625
vn 0.37979 0.74200 0.55245
vn -0.10853 0.61070 0.78439
vn -0.99253 -0.00113 0.12202
vn -0.61461 -0.02607 -0.78840
vn 0.66480 -0.01528 -0.74687
vn -0.15677 0.21852 -0.96316
vn 0.54203 -0.83305 0.11057
vn 0.15063 0.77840 0.60942
vn 0.07094 -0.34095 -0.93740
vn -0.14148 -0.93640 0.32116
vn 0.96801 0.24719 0.04310
vn -0.21183 -0.00962 0.97726
vn -0.22637 0.70333 -0.67386
vn -0.20531 0.97334 0.10221
vn 0.00181 0.52152 -0.85324
vn -0.63618 0.15699 -0.75540
vn 0.19269 0.93884 -0.28541
vn 0.74522 -0.45958 0.48315
vn 0.08416 0.02085 -0.99623
vn -0.43056 -0.09411 0.89764
vn 0.15382 -0.02713 -0.98773
vn 0.56433 0.04315 -0.82442
vn 0.94134 0.15268 -0.30096
vn -0.73779 -0.66488 0.11661
vn 0.17408 -0.69631 0.69631
vn -0.03972 -0.84805 0.52842
vn 0.48705 -0.70367 0.51733
vn -0.99488 -0.02492 -0.09795
vn 0.04650 -0.71516 -0.69741
vn -0.91278 0.38459 0.13758
vn -0.29831 0.63515 0.71246
vn -0.06815 -0.12090 0.99032
vn 0.03732 -0.26687 0.96301
vn 0.75415 0.26092 -0.60265
vn -0.98210 -0.06986 -0.17492
vn -0.58118 -0.01098 0.81370
vn -0.03437 -0.00309 -0.99940
vn -0.10232 0.36287 -0.92621
vn 0.06838 -0.15432 0.98565
vn -0.34182 -0.17684 -0.92298
vn 0.31555 0.03167 0.94838
vn -0.93429 -0.04761 -0.35332
vn 0.11463 -0.00845 -0.99337
vn -0.07205 0.97568 0.20703
vn -0.35707 -0.03111 -0.93356
vn 0.42960 -0.29436 -0.85369
vn 0.34767 0.10302 0.93194
vn -0.43414 -0.46674 -0.77050
vn 0.07213 0.60834 0.79039
vn 0.87334 -0.12368 0.47115
vn -0.25026 0.93875 0.23688
vn 0.51702 0.46821 0.71657
vn 0.20441 0.30940 0.92870
vn 0.17752 -0.04298 0.98318
vn -0.14857 -0.04160 -0.98803
vn -0.12531 -0.00886 -0.99208
vn 0.21105 -0.77518 -0.59545
vn 0.30192 0.08633 0.94942
vn 0.26120 -0.00967 -0.96524
vn 0.28016 -0.65325 -0.70340
vn 0.14508 0.61689 0.77356
vn 0.84674 0.03829 0.53062
vn 0.02823 0.99960 0.00094
vn 0.82788 0.14606 0.54155
vn 0.26665 0.70660 0.65545
vn 0.03301 -0.03752 -0.99875
vn -0.29756 -0.02580 -0.95435
vn -0.60417 -0.11884 -0.78794
vn 0.47542 0.02964 -0.87926
vn -0.92266 -0.13055 -0.36283
vn 0.99670 -0.06722 -0.04547
vn -0.03123 0.99631 -0.07991
vn 0.99928 0.03268 0.01916
vn -0.09573 0.01739 0.99526
vn -0.32773 0.03661 0.94406
vn -0.45841 0.03575 -0.88802
vn 0.00360 -0.02896 -0.99957
vn 0.66611 0.45506 0.59095
vn 0.11492 0.07153 0.99080
vn -0.76671 -0.07711 -0.63734
vn -0.09113 -0.05125 -0.99452
vn 0.63391 0.05186 0.77167
vn 0.02419 0.02240 -0.99946
vn -0.26491 -0.00692 -0.96425
vn 0.04923 0.02385 0.99850
vn -0.09825 -0.52228 0.84710
vn 0.05025 0.00694 -0.99871
vn 0.16665 0.22280 -0.96052
vn 0.02574 0.90712 0.42009
vn 0.92798 0.05047 0.36920
vn -0.24175 0.79974 0.54953
vn -0.95090 0.29134 0.10445
vn 0.18398 0.06484 0.98079
vn -0.04619 -0.11173 -0.99266
vn -0.00288 0.13762 0.99048
vn 0.29052 -0.01040 -0.95681
vn -0.79817 0.60098 0.04188
vn 0.89018 -0.24752 0.38250
vn -0.45782 0.00508 0.88903
vn 0.50136 0.61071 0.61292
vn -0.04655 0.07246 0.99628
vn 0.98979 -0.00110 0.14255
vn 0.65710 0.00974 0.75374
vn 0.98424 0.04755 0.17032
vn -0.82948 0.35286 0.43295
vn -0.03585 0.17392 0.98411
vn -0.19035 0.79958 0.56959
vn 0.34214 -0.23356 0.91016
vn -0.23146 0.83878 0.49282
vn 0.04653 -0.04951 -0.99769
vn 0.02028 -0.03437 -0.99920
vn -0.18409 0.06730 0.98060
vn 0.66396 0.10418 -0.74047
vn 0.36901 -0.06170 -0.92738
vn -0.64018 0.26547 -0.72090
vn -0.01112 0.00214 -0.99994
vn -0.99820 -0.00592 0.05972
vn -0.09862 0.76456 0.63697
vn -0.15989 0.87813 -0.45092
vn -0.34205 0.32654 0.88112
vn 0.04444 -0.11974 0.99181
vn -0.33480 0.09982 -0.93699
vn 0.62377 -0.06038 -0.77927
vn 0.40118 0.14558 0.90436
vn -0.32497 -0.63789 0.69820
vn 0.84533 0.09464 0.52580
vn 0.84636 0.35029 0.40120
vn 0.47780 0.00164 -0.87847
vn 0.56314 0.01942 -0.82613
vn 0.39707 0.74720 -0.53294
vn 0.71571 -0.12610 -0.68692
vn -0.97185 0.06693 -0.22590
vn -0.10519 -0.15677 0.98202
vn -0.10292 -0.57735 -0.80999
vn 0.57949 -0.04578 0.81369
vn 0.17949 -0.87126 -0.45683
vn -0.27010 0.18548 0.94480
vn 0.32748 0.05732 0.94312
vn -0.10204 0.24389 0.96442
vn 0.85424 0.51571 -0.06570
vn 0.55120 -0.28029 -0.78588
vn -0.00947 0.99694 0.07756
vn 0.37718 -0.05666 0.92441
vn 0.48441 -0.06432 0.87247
vn 0.20904 0.10251 0.97252
vn 0.23008 0.38340 0.89447
vn -0.97733 -0.00634 0.21162
vn 0.94091 0.29188 -0.17176
vn 0.98077 -0.01223 0.19479
vn 0.78287 -0.48878 -0.38497
vn -0.91192 -0.03383 -0.40897
vn -0.23469 -0.04558 0.97100
vn 0.99993 0.00882 0.00723
vn 0.00000 0.00000 0.00000
vn -0.43185 -0.14724 0.88985
vn -0.99838 -0.05386 -0.01859
vn 0.67327 0.54210 -0.50282
vn 0.82826 0.50519 0.24243
vn -0.37346 0.13459 0.91783
vn 0.00000 -0.44721 -0.89443
vn 0.50051 0.11271 0.85836
vn 0.46351 0.74899 0.47347
vn -0.99255 -0.02169 0.11993
vn -0.99993 -0.00895 0.00778
vn 0.00000 0.00000 0.00000
vn 0.98402 0.10046 0.14700
vn 0.85673 -0.15129 0.49308
vn -0.45927 -0.04931 0.88692
vn 0.80925 0.58696 -0.02441
vn -0.63755 0.20620 -0.74230
vn -0.76917 0.04177 0.63768
vn -0.64219 -0.08456 -0.76187
vn -0.83917 0.02879 0.54310
vn 0.10592 0.96214 0.25112
vn -0.98002 -0.18386 0.07585
vn -0.69883 0.04701 0.71374
vn -0.83775 -0.04299 -0.54435
vn -0.99066 -0.08999 -0.10246
vn 0.87726 -0.06752 -0.47525
vn -0.56020 -0.02375 -0.82802
vn 0.08988 -0.19409 0.97686
vn 0.99391 -0.00491 -0.11011
vn -0.48252 0.07595 0.87258
vn -0.24675 0.47137 0.84672
vn -0.99087 -0.02590 0.13229
vn -0.32613 0.03549 -0.94466
vn 0.56284 0.66748 0.48752
vn -0.97674 0.11536 -0.18075
vn -0.13938 0.01638 0.99010
vn -0.69128 -0.36116 0.62585
vn 0.03249 -0.99946 0.00421
vn 0.65356 -0.26958 0.70724
vn -0.25903 0.23253 0.93746
vn -0.63475 0.16351 0.75522
vn 0.90381 -0.09669 0.41686
vn -0.99053 -0.01015 0.13691
vn 0.95610 -0.29094 -0.03518
vn 0.43554 0.07537 -0.89701
vn 0.97613 0.21695 -0.01045
vn 0.04393 -0.97604 -0.21313
vn -0.11353 -0.57723 0.80865
vn -0.86967 0.43125 0.24020
vn 0.04113 -0.91407 -0.40348
vn 0.46255 -0.03446 0.88592
vn -0.67584 0.04009 0.73596
vn -0.94780 -0.21390 0.23648
vn 0.24953 0.46848 0.84750
vn 0.23039 -0.91526 -0.33048
vn 0.52429 0.84368 -0.11545
vn 0.13491 0.86812 -0.47768
vn -0.53153 -0.64938 0.54386
vn -0.38620 0.00007 0.92241
vn 0.85340 -0.40791 0.32452
vn -0.38055 0.76154 0.52463
vn -0.13652 0.00367 0.99063
vn -0.19318 0.60361 -0.77352
vn 0.63722 -0.57375 0.51455
vn -0.50543 0.18402 0.84302
vn 0.85233 0.09406 0.51448
vn -0.91745 -0.07206 -0.39127
vn -0.96542 -0.17311 0.19495
vn -0.21725 -0.84518 0.48833
vn 0.01030 -0.99625 0.08594
vn -0.78091 -0.15578 0.60490
vn 0.39225 -0.04257 -0.91887
vn -0.10073 -0.07524 0.99206
vn -0.86615 0.16848 0.47052
vn -0.36011 0.09040 0.92852
vn -0.96381 -0.13615 0.22920
vn -0.09481 0.03427 -0.99491
vn -0.72176 -0.04375 0.69076
vn -0.90269 0.16021 0.39935
vn -0.77164 0.60534 0.19526
vn -0.43066 0.62248 -0.65349
vn -0.86695 -0.22868 0.44283
vn -0.90941 0.15736 -0.38498
vn -0.24265 0.96865 0.05329
vn -0.86685 0.16295 0.47120
vn 0.02803 0.89841 -0.43826
vn -0.39258 -0.68340 0.61551
vn -0.62807 0.70437 0.33075
vn -0.98084 0.15360 0.11986
vn -0.51304 0.16267 0.84281
vn -0.99337 0.11480 0.00624
vn -0.90928 -0.30019 -0.28826
vn -0.92439 -0.00629 0.38141
vn -0.84781 -0.10589 0.51962
vn -0.01954 0.99963 -0.01917
vn 0.16567 0.04978 0.98492
vn 0.13758 -0.76058 -0.63450
vn 0.06216 -0.99762 0.02982
vn -0.96331 0.11547 0.24230
vn -0.94265 -0.29830 -0.14979
vn -0.98076 -0.12840 -0.14704
vn -0.72424 0.12479 -0.67817
vn 0.25712 -0.95881 -0.12072
vn -0.83160 -0.07005 0.55094
vn -0.05183 -0.91956 0.38951
vn -0.15860 0.95471 0.25175
vn 0.01604 -0.98140 0.19132
vn -0.00359 0.92788 -0.37286
vn -0.04908 0.02745 0.99842
vn -0.24611 0.87809 0.41035
vn -0.01044 -0.98738 -0.15805
vn -0.01800 0.90834 0.41785
vn 0.96286 0.23126 -0.13934
vn 0.05661 0.93367 -0.35364
vn -0.76526 -0.56257 0.31287
vn 0.10398 0.56038 -0.82169
vn -0.30343 -0.70630 0.63959
vn -0.21580 -0.94626 0.24089
vn 0.03557 0.96949 0.24253
vn -0.76610 0.41607 -0.48987
vn -0.74238 0.66870 0.04137
vn 0.04560 -0.99836 0.03453
vn -0.45347 -0.80410 0.38443
vn 0.00000 0.00000 0.00000
vn 0.23048 0.96580 -0.11879
vn -0.74499 -0.15099 -0.64976
vn -0.43810 0.33811 -0.83292
vn -0.25613 -0.96432 0.06697
vn 0.07310 -0.88996 -0.45014
vn 0.00000 0.93633 0.35112
vn 0.15722 0.88877 -0.43055
vn -0.28290 0.93833 -0.19875
vn 0.01694 -0.99986 0.00031
vn -0.12464 0.89606 0.42607
vn -0.11342 -0.78623 0.60743
vn -0.03999 0.99814 0.04611
vn 0.23255 -0.53596 0.81159
vn -0.23047 0.75251 0.61694
vn -0.00253 0.99993 -0.01160
vn -0.83968 -0.50164 0.20809
vn -0.14486 -0.71871 0.68005
vn -0.17026 -0.91252 0.37192
vn -0.00795 0.98709 -0.15997
vn -0.27906 0.94267 0.18301
vn -0.25905 0.76080 0.59504
vn -0.08107 -0.92528 0.37052
vn 0.03479 -0.99930 -0.01345
vn 0.29631 -0.95502 0.01202
vn -0.02042 -0.97022 -0.24135
vn -0.25179 0.86055 0.44277
vn -0.16699 -0.88540 0.43381
vn 0.17637 0.83595 -0.51970
vn -0.03427 0.99624 0.07951
vn -0.14732 0.93115 0.33354
vn -0.00701 0.99992 0.01065
vn 0.30731 -0.86562 -0.39530
vn -0.21200 -0.96248 -0.16938
vn 0.07176 -0.99010 0.12063
vn -0.22609 -0.87061 0.43694
vn 0.27755 0.95623 -0.09265
vn 0.30320 0.92929 -0.21091
vn 0.44089 0.68421 -0.58093
vn 0.09390 -0.03131 0.99509
vn -0.28734 -0.93904 0.18877
vn -0.07295 0.71275 -0.69761
vn -0.05306 0.99833 -0.02302
vn 0.21980 -0.80513 -0.55087
vn -0.07353 0.89498 -0.44000
vn -0.06115 0.96291 -0.26279
vn 0.16627 -0.92570 -0.33975
vn 0.26598 0.73994 -0.61786
vn -0.10508 0.88423 0.45508
vn 0.32889 -0.93730 0.11533
vn 0.04139 -0.89059 0.45292
vn -0.03234 -0.98130 0.18977
vn -0.10343 -0.97724 -0.18520
vn 0.17484 0.85706 -0.48465
vn -0.16231 0.92774 0.33609
vn 0.01560 0.90556 0.42393
vn -0.11132 0.99378 0.00264
vn -0.30868 -0.89305 0.32740
vn -0.39055 -0.53093 0.75205
vn -0.05591 -0.99511 -0.08140
vn 0.02520 -0.99959 0.01335
vn -0.18087 -0.81003 0.55781
vn 0.32955 -0.90905 -0.25499
vn -0.16930 0.89853 0.40494
vn 0.56573 -0.50955 -0.64831
vn -0.98050 -0.15324 -0.12301
vn -0.15936 -0.95772 0.23955
vn -0.09679 0.99312 -0.06597
vn 0.32416 0.93561 -0.13983
vn -0.24211 0.76235 0.60017
vn -0.53623 -0.35080 0.76773
vn 0.31550 -0.81461 -0.48670
vn 0.27691 -0.62051 0.73368
vn 0.00000 0.00000 0.00000
vn -0.33891 0.93156 0.13169
vn -0.00446 0.99993 -0.01132
vn 0.04001 0.99864 -0.03351
vn -0.18029 0.96073 0.21095
vn -0.29946 -0.95287 0.04866
vn -0.01279 -0.99899 -0.04316
vn -0.35118 0.85014 -0.39234
vn -0.30388 -0.85407 0.42215
vn -0.37357 0.87508 0.30771
vn 0.31618 -0.94418 -0.09247
vn 0.29638 -0.92995 0.21759
vn -0.01022 -0.37528 0.92685
vn -0.56901 0.42081 0.70650
vn -0.29283 -0.72495 -0.62346
vn 0.28901 0.78100 -0.55363
vn 0.00758 -0.98970 0.14297
vn -0.23781 -0.83623 0.49412
vn 0.31922 0.92031 -0.22611
vn 0.03728 -0.99378 0.10491
vn 0.32185 0.76869 -0.55274
vn -0.22753 -0.93973 0.25523
vn -0.36687 0.85022 0.37754
vn -0.44258 -0.50876 0.73844
vn 0.47664 -0.85785 -0.19209
vn -0.02374 0.99618 -0.08398
vn 0.32227 0.14056 0.93615
vn 0.05862 0.99797 0.02502
vn -0.28532 0.88443 0.36929
vn -0.01236 -0.99171 -0.12792
vn -0.27039 -0.90452 0.32974
vn 0.22961 -0.85123 -0.47190
vn 0.34503 -0.84323 -0.41221
vn 0.03773 0.11445 0.99271
vn -0.33422 -0.84964 0.40794
vn 0.36917 -0.89977 -0.23265
vn -0.32679 -0.93127 0.16109
vn 0.78276 0.49273 -0.38014
vn 0.39971 -0.86128 -0.31372
vn 0.84296 0.06654 -0.53384
vn 0.57514 0.59911 -0.55703
vn -0.51027 0.66206 0.54890
vn -0.03015 -0.99785 0.05826
vn -0.39729 -0.90609 0.14546
vn -0.03284 0.98247 -0.18349
vn -0.38543 0.90788 0.16490
vn 0.23199 0.94937 -0.21185
vn -0.33368 -0.19471 -0.92236
vn -0.01924 0.99567 -0.09095
vn -0.34459 -0.84182 0.41544
vn 0.00683 0.97000 0.24300
vn -0.00161 -0.99701 -0.07722
vn -0.37602 0.79017 0.48398
vn 0.67823 -0.45244 -0.57905
vn -0.27730 0.95703 0.08485
vn -0.34205 0.69312 -0.63450
vn 0.01179 -0.98721 0.15896
vn 0.52393 -0.63610 -0.56646
vn -0.60555 0.43149 0.66868
vn 0.74250 0.40709 -0.53195
vn -0.67731 -0.39437 0.62106
vn 0.27536 0.96108 -0.02230
vn -0.46136 0.75599 0.46436
vn -0.03100 -0.98992 -0.13820
vn 0.63498 0.37542 -0.67517
vn 0.34258 0.63900 0.68871
vn -0.41629 -0.80497 0.42276
vn 0.39288 0.82804 -0.39998
vn -0.44208 0.82944 0.34146
vn 0.01175 -0.99983 0.01449
vn 0.42175 -0.90294 -0.08259
vn -0.03411 -0.99912 0.02444
vn -0.38946 -0.91912 -0.05950
vn -0.29554 -0.92842 0.22517
vn -0.67838 -0.57102 0.46231
vn -0.53767 0.72365 0.43271
vn 0.55390 0.58567 -0.59176
vn -0.03979 0.99902 -0.01936
vn -0.46218 0.84599 0.26587
vn -0.40259 0.91271 -0.06990
vn 0.52544 -0.72957 -0.43777
vn -0.02893 -0.97961 -0.19883
vn -0.13928 -0.98568 0.09505
vn -0.33677 0.91197 0.23431
vn 0.50511 -0.77497 -0.37985
vn -0.76142 0.21522 0.61149
vn 0.28269 -0.39018 0.87627
vn 0.60228 -0.61383 -0.51037
vn 0.51368 0.77795 -0.36185
vn -0.42182 0.88910 0.17766
vn -0.52507 -0.05829 -0.84906
vn 0.52884 -0.78182 -0.33027
vn 0.74342 -0.27784 -0.60838
vn -0.73196 -0.41523 0.54020
vn -0.55822 0.76766 0.31480
vn 0.42540 -0.82749 -0.36646
vn -0.64365 0.61500 0.45551
vn 0.36449 -0.72119 -0.58909
vn 0.14103 -0.10622 0.98429
vn -0.64223 -0.66149 0.38726
vn 0.11545 -0.99283 -0.03105
vn -0.12873 0.98144 -0.14213
vn -0.21555 0.43205 -0.87571
vn 0.00000 0.00000 -1.00000
vn 0.41150 0.87056 -0.26981
vn 0.35212 0.27851 0.89356
vn -0.67539 0.70183 0.22646
vn -0.09707 -0.58959 -0.80185
vn 0.34283 -0.91761 0.20116
vn -0.28148 -0.27257 -0.92004
vn -0.46074 -0.82873 0.31768
vn 0.47601 -0.28851 -0.83077
vn -0.30524 0.08327 0.94863
vn -0.38645 0.41808 -0.82211
vn 0.95587 0.28333 -0.07770
vn 0.95475 -0.01202 0.29717
vn -0.91774 -0.18740 0.35019
vn -0.57161 0.17451 0.80176
vn -0.35921 -0.92414 -0.13012
vn -0.31884 0.94685 0.04252
vn 0.59103 -0.02882 0.80614
vn -0.94911 0.08310 -0.30379
vn -0.72640 0.34045 0.59702
vn -0.83191 -0.03956 -0.55349
s 1
g BlueBoat_Hulls
usemtl BlueBoat_Hulls
f 962//962 909//909 929//929
f 4004//4004 4025//4025 4019//4019
f 2023//2023 2105//2105 2040//2040
f 1015//1015 1037//1037 1056//1056
f 3921//3921 3943//3943 3929//3929
f 2170//2170 2190//2190 2098//2098
f 1690//1690 1766//1766 1755//1755
f 1788//1788 1417//1417 2379//2379
f 3970//3970 3861//3861 3741//3741
f 4245//4245 4255//4255 4237//4237
f 3970//3970 4030//4030 3982//3982
f 3815//3815 3835//3835 3935//3935
f 2224//2224 1924//1924 1929//1929
f 65//65 28//28 71//71
f 3979//3979 3971//3971 3976//3976
f 173//173 259//259 321//321
f 3899//3899 3870//3870 3796//3796
f 221//221 201//201 227//227
f 2303//2303 2380//2380 2029//2029
f 3500//3500 3412//3412 3446//3446
f 3473//3473 3406//3406 3409//3409
f 1330//1330 1340//1340 1327//1327
f 2170//2170 2203//2203 2902//2902
f 2170//2170 2902//2902 2203//2203
f 4008//4008 4053//4053 4055//4055
f 3639//3639 2707//2707 3486//3486
f 3754//3754 3732//3732 3759//3759
f 551//551 592//592 588//588
f 2351//2351 2388//2388 2325//2325
f 2629//2629 2841//2841 3029//3029
f 2170//2170 2143//2143 2164//2164
f 95//95 205//205 91//91
f 3894//3894 3895//3895 4010//4010
f 1397//1397 1584//1584 1435//1435
f 262//262 304//304 320//320
f 3956//3956 3982//3982 4030//4030
f 1224//1224 1189//1189 1169//1169
f 3491//3491 3356//3356 3188//3188
f 1290//1290 1300//1300 1329//1329
f 363//363 399//399 349//349
f 4077//4077 4073//4073 4054//4054
f 4247//4247 4223//4223 4248//4248
f 3844//3844 3768//3768 3848//3848
f 1970//1970 2332//2332 2432//2432
f 1603//1603 2540//2540 2668//2668
f 2409//2409 2399//2399 2459//2459
f 2409//2409 2459//2459 2399//2399
f 1306//1306 1337//1337 1300//1300
f 3206//3206 3030//3030 3011//3011
f 3174//3174 3220//3220 3205//3205
f 3736//3736 3745//3745 3749//3749
f 1538//1538 1823//1823 1629//1629
f 716//716 713//713 656//656
f 3071//3071 3165//3165 3012//3012
f 4040//4040 3887//3887 4038//4038
f 3858//3858 3777//3777 3874//3874
f 3409//3409 3463//3463 3428//3428
f 1082//1082 1079//1079 1034//1034
f 1414//1414 1444//1444 1373//1373
f 3714//3714 3728//3728 3708//3708
f 4004//4004 4033//4033 4025//4025
f 2348//2348 2407//2407 2258//2258
f 2949//2949 3372//3372 3060//3060
f 3958//3958 3992//3992 4044//4044
f 1441//1441 1507//1507 1553//1553
f 4022//4022 4033//4033 4016//4016
f 3964//3964 3902//3902 3796//3796
f 1891//1891 1951//1951 1935//1935
f 1043//1043 1049//1049 1056//1056
f 217//217 204//204 237//237
f 4244//4244 4291//4291 4260//4260
f 2143//2143 2164//2164 2111//2111
f 2143//2143 2111//2111 2164//2164
f 981//981 996//996 1031//1031
f 3894//3894 4010//4010 3912//3912
f 2972//2972 2915//2915 2973//2973
f 2771//2771 2619//2619 2611//2611
f 909//909 718//718 820//820
f 325//325 348//348 342//342
f 1598//1598 1590//1590 1729//1729
f 1009//1009 1036//1036 973//973
f 3566//3566 3538//3538 3608//3608
f 2704//2704 562//562 2426//2426
f 2704//2704 2426//2426 562//562
f 4028//4028 3965//3965 3969//3969
f 853//853 1581//1581 1434//1434
f 3717//3717 4174//4174 3880//3880
f 3717//3717 3880//3880 4174//4174
f 3899//3899 4007//4007 3870//3870
f 4077//4077 4070//4070 4076//4076
f 1305//1305 1232//1232 1186//1186
f 3701//3701 3716//3716 3705//3705
f 2380//2380 2555//2555 2565//2565
f 3272//3272 3273//3273 3413//3413
f 4022//4022 4019//4019 4033//4033
f 2015//2015 2023//2023 1990//1990
f 2361//2361 2244//2244 2254//2254
f 3031//3031 3202//3202 3055//3055
f 3007//3007 3057//3057 3091//3091
f 3813//3813 3954//3954 3854//3854
f 4090//4090 4112//4112 4093//4093
f 912//912 982//982 1015//1015
f 3098//3098 2897//2897 3203//3203
f 2665//2665 1022//1022 1638//1638
f 3029//3029 2973//2973 3017//3017
f 3982//3982 4045//4045 4053//4053
f 1600//1600 1499//1499 1515//1515
f 3088//3088 3106//3106 3103//3103
f 861//861 775//775 972//972
f 4033//4033 4019//4019 4025//4025
f 661//661 642//642 694//694
f 1598//1598 2171//2171 1860//1860
f 3912//3912 4017//4017 3985//3985
f 440//440 335//335 519//519
f 1778//1778 1785//1785 1792//1792
f 1778//1778 1792//1792 1785//1785
f 4055//4055 4053//4053 4056//4056
f 2380//2380 2555//2555 2512//2512
f 646//646 674//674 743//743
f 802//802 820//820 718//718
f 3797//3797 3625//3625 3668//3668
f 2839//2839 2831//2831 2812//2812
f 2839//2839 2812//2812 2831//2831
f 3144//3144 3167//3167 3173//3173
f 3956//3956 3979//3979 3982//3982
f 365//365 345//345 346//346
f 3840//3840 3848//3848 3718//3718
f 1048//1048 959//959 1049//1049
f 1048//1048 1049//1049 959//959
f 2695//2695 2647//2647 2653//2653
f 1731//1731 1649//1649 2727//2727
f 3715//3715 3774//3774 3749//3749
f 3715//3715 3749//3749 3774//3774
f 1313//1313 1370//1370 1386//1386
f 3970//3970 3982//3982 3979//3979
f 2674//2674 2613//2613 2636//2636
f 4247//4247 4256//4256 4262//4262
f 2994//2994 3160//3160 2588//2588
f 1089//1089 1081//1081 1062//1062
f 1494//1494 1434//1434 1522//1522
f 2855//2855 3163//3163 3035//3035
f 4004//4004 4019//4019 4020//4020
f 3471//3471 3380//3380 3422//3422
f 3857//3857 3755//3755 3860//3860
f 3857//3857 3860//3860 3755//3755
f 3714//3714 3707//3707 3713//3713
f 4040//4040 4067//4067 4038//4038
f 3684//3684 3690//3690 3694//3694
f 344//344 313//313 332//332
f 1863//1863 1791//1791 1465//1465
f 1394//1394 1340//1340 1337//1337
f 3741//3741 3717//3717 3763//3763
f 3741//3741 3763//3763 3717//3717
f 4028//4028 4052//4052 4049//4049
f 4028//4028 4049//4049 4052//4052
f 2681//2681 2763//2763 2709//2709
f 3205//3205 3343//3343 3234//3234
f 3798//3798 3918//3918 3841//3841
f 3979//3979 4017//4017 4011//4011
f 2931//2931 2907//2907 3006//3006
f 557//557 271//271 223//223
f 3897//3897 4054//4054 3954//3954
f 2158//2158 3643//3643 2634//2634
f 566//566 536//536 589//589
f 645//645 640//640 612//612
f 3128//3128 3068//3068 2923//2923
f 1869//1869 1596//1596 1907//1907
f 1869//1869 1907//1907 1596//1596
f 3128//3128 2923//2923 3068//3068
f 3682//3682 3690//3690 3695//3695
f 2898//2898 2804//2804 2595//2595
f 178//178 165//165 220//220
f 1473//1473 2461//2461 1558//1558
f 1674//1674 1546//1546 1575//1575
f 3968//3968 4029//4029 3992//3992
f 1744//1744 1664//1664 1771//1771
f 109//109 125//125 74//74
f 1966//1966 1931//1931 1950//1950
f 1735//1735 1594//1594 1477//1477
f 1769//1769 2198//2198 1817//1817
f 3876//3876 3749//3749 3745//3745
f 1394//1394 1361//1361 1524//1524
f 128//128 117//117 116//116
f 3568//3568 3548//3548 3536//3536
f 776//776 780//780 805//805
f 1027//1027 1073//1073 1079//1079
f 776//776 805//805 780//780
f 180//180 181//181 205//205
f 3259//3259 3173//3173 3264//3264
f 3259//3259 3264//3264 3173//3173
f 2826//2826 2809//2809 2946//2946
f 2966//2966 1398//1398 2076//2076
f 1048//1048 977//977 1011//1011
f 435//435 428//428 419//419
f 3687//3687 3777//3777 3756//3756
f 3956//3956 3971//3971 3979//3979
f 405//405 299//299 277//277
f 577//577 592//592 798//798
f 278//278 49//49 214//214
f 3180//3180 3128//3128 3360//3360
f 1040//1040 1030//1030 903//903
f 760//760 903//903 738//738
f 1965//1965 2425//2425 2075//2075
f 3736//3736 3682//3682 3698//3698
f 3736//3736 3698//3698 3682//3682
f 3935//3935 3835//3835 3939//3939
f 2881//2881 2814//2814 2753//2753
f 2881//2881 2753//2753 2814//2814
f 4044//4044 4048//4048 4051//4051
f 1348//1348 1969//1969 2337//2337
f 2572//2572 2455//2455 2502//2502
f 423//423 451//451 437//437
f 3736//3736 3691//3691 3687//3687
f 3162//3162 3067//3067 3096//3096
f 3162//3162 3096//3096 3067//3067
f 3607//3607 3530//3530 3506//3506
f 3008//3008 3074//3074 3165//3165
f 4041//4041 4078//4078 4069//4069
f 4041//4041 4069//4069 4078//4078
f 1677//1677 1758//1758 1820//1820
f 3956//3956 3976//3976 3971//3971
f 352//352 329//329 310//310
f 800//800 775//775 861//861
f 2081//2081 2068//2068 2272//2272
f 2229//2229 2221//2221 2492//2492
f 3382//3382 3384//3384 3421//3421
f 3595//3595 3450//3450 3526//3526
f 3308//3308 3616//3616 3355//3355
f 449//449 554//554 454//454
f 2262//2262 1711//1711 1751//1751
f 3630//3630 3541//3541 3179//3179
f 1318//1318 1329//1329 1294//1294
f 2734//2734 2815//2815 2835//2835
f 3774//3774 3695//3695 3703//3703
f 3729//3729 3751//3751 3734//3734
f 546//546 530//530 529//529
f 1647//1647 1613//1613 1662//1662
f 1647//1647 1662//1662 1613//1613
f 3129//3129 2921//2921 3458//3458
f 3144//3144 3352//3352 3259//3259
f 3036//3036 3089//3089 3006//3006
f 883//883 764//764 856//856
f 883//883 856//856 764//764
f 1458//1458 1487//1487 1456//1456
f 3368//3368 3480//3480 3411//3411
f 3013//3013 3057//3057 3063//3063
f 3964//3964 3796//3796 3786//3786
f 3171//3171 3066//3066 3159//3159
f 3675//3675 3324//3324 4084//4084
f 3718//3718 3712//3712 3748//3748
f 2506//2506 2475//2475 2943//2943
f 2583//2583 2771//2771 2770//2770
f 95//95 98//98 205//205
f 95//95 205//205 98//98
f 409//409 391//391 403//403
f 4011//4011 4062//4062 4058//4058
f 2362//2362 2437//2437 2436//2436
f 3795//3795 3789//3789 3778//3778
f 3343//3343 3071//3071 2955//2955
f 1018//1018 1045//1045 1010//1010
f 1018//1018 1010//1010 1045//1045
f 3000//3000 3154//3154 3081//3081
f 784//784 711//711 691//691
f 2846//2846 3143//3143 3051//3051
f 4025//4025 4078//4078 4066//4066
f 797//797 1001//1001 915//915
f 3313//3313 3294//3294 3238//3238
f 3621//3621 3629//3629 3617//3617
f 2684//2684 2697//2697 2604//2604
f 406//406 4275//4275 2762//2762
f 406//406 2762//2762 4275//4275
f 2347//2347 2146//2146 2137//2137
f 824//824 844//844 829//829
f 3884//3884 3992//3992 4035//4035
f 3051//3051 3143//3143 3364//3364
f 3887//3887 3768//3768 3965//3965
f 1957//1957 2343//2343 1943//1943
f 602//602 601//601 638//638
f 3168//3168 4113//4113 3651//3651
f 3965//3965 3878//3878 3848//3848
f 2519//2519 2395//2395 2751//2751
f 377//377 387//387 394//394
f 2003//2003 2040//2040 2113//2113
f 3714//3714 3700//3700 3792//3792
f 3597//3597 3593//3593 3584//3584
f 3250//3250 3185//3185 2979//2979
f 382//382 344//344 422//422
f 3472//3472 3489//3489 3294//3294
f 1058//1058 1085//1085 1080//1080
f 3798//3798 3952//3952 3865//3865
f 890//890 984//984 907//907
f 711//711 779//779 679//679
f 4180//4180 4216//4216 4203//4203
f 3698//3698 3749//3749 3745//3745
f 221//221 131//131 193//193
f 734//734 817//817 924//924
f 3763//3763 3834//3834 3825//3825
f 4005//4005 4042//4042 4031//4031
f 4005//4005 4031//4031 4042//4042
f 782//782 890//890 757//757
f 1744//1744 1771//1771 1825//1825
f 473//473 567//567 479//479
f 190//190 182//182 88//88
f 190//190 88//88 182//182
f 4022//4022 4020//4020 4019//4019
f 1949//1949 1722//1722 1701//1701
f 3910//3910 3697//3697 3739//3739
f 1405//1405 1474//1474 1524//1524
f 319//319 286//286 445//445
f 4021//4021 4037//4037 4060//4060
f 3956//3956 3980//3980 3976//3976
f 2435//2435 2312//2312 2280//2280
f 1703//1703 1718//1718 1771//1771
f 1703//1703 1771//1771 1718//1718
f 3009//3009 3282//3282 2965//2965
f 3970//3970 3779//3779 3812//3812
f 3897//3897 3932//3932 4054//4054
f 1347//1347 1812//1812 1336//1336
f 734//734 812//812 788//788
f 734//734 788//788 812//812
f 631//631 670//670 644//644
f 3336//3336 3512//3512 3508//3508
f 3396//3396 3299//3299 3361//3361
f 2217//2217 2265//2265 2216//2216
f 2661//2661 2796//2796 2767//2767
f 1040//1040 994//994 1031//1031
f 296//296 280//280 342//342
f 3968//3968 4007//4007 4010//4010
f 2447//2447 2203//2203 2369//2369
f 1843//1843 2017//2017 1888//1888
f 2606//2606 2353//2353 2331//2331
f 4284//4284 4256//4256 4272//4272
f 4114//4114 3862//3862 4125//4125
f 4036//4036 4076//4076 4070//4070
f 780//780 404//404 428//428
f 4033//4033 4065//4065 4031//4031
f 1058//1058 1068//1068 1080//1080
f 2369//2369 2678//2678 2623//2623
f 1945//1945 1940//1940 1908//1908
f 1945//1945 1908//1908 1940//1940
f 3575//3575 3523//3523 3549//3549
f 1804//1804 1830//1830 1991//1991
f 3628//3628 3612//3612 3620//3620
f 1684//1684 1678//1678 1667//1667
f 1684//1684 1667//1667 1678//1678
f 3970//3970 4017//4017 4053//4053
f 3970//3970 4053//4053 4017//4017
f 3244//3244 3303//3303 3235//3235
f 3062//3062 3112//3112 3310//3310
f 5//5 1943//1943 1541//1541
f 3594//3594 3624//3624 3547//3547
f 1529//1529 1678//1678 1667//1667
f 2409//2409 1709//1709 1711//1711
f 2067//2067 2093//2093 2083//2083
f 1009//1009 918//918 997//997
f 1009//1009 997//997 918//918
f 1825//1825 1806//1806 1807//1807
f 1911//1911 3278//3278 3107//3107
f 317//317 325//325 507//507
f 2296//2296 2271//2271 2072//2072
f 1865//1865 1806//1806 2041//2041
f 850//850 839//839 1119//1119
f 1691//1691 1569//1569 1584//1584
f 3894//3894 3786//3786 3964//3964
f 4036//4036 4005//4005 3959//3959
f 3433//3433 3555//3555 3408//3408
f 981//981 1030//1030 1001//1001
f 3848//3848 3844//3844 3849//3849
f 3970//3970 3976//3976 3980//3980
f 3562//3562 3584//3584 3572//3572
f 3115//3115 2872//2872 3046//3046
f 3970//3970 3979//3979 3976//3976
f 1626//1626 1639//1639 1632//1632
f 1626//1626 1632//1632 1639//1639
f 1831//1831 557//557 703//703
f 159//159 191//191 197//197
f 295//295 171//171 197//197
f 221//221 227//227 119//119
f 734//734 868//868 812//812
f 734//734 812//812 868//868
f 567//567 561//561 613//613
f 638//638 697//697 656//656
f 3257//3257 3966//3966 3242//3242
f 959//959 949//949 947//947
f 959//959 947//947 949//949
f 3009//3009 3034//3034 3019//3019
f 3570//3570 3495//3495 3648//3648
f 1890//1890 1932//1932 1851//1851
f 3935//3935 3955//3955 3843//3843
f 2572//2572 2854//2854 2614//2614
f 4019//4019 4060//4060 4041//4041
f 2334//2334 2524//2524 2391//2391
f 3960//3960 4034//4034 4116//4116
f 3815//3815 3935//3935 3843//3843
f 3365//3365 3480//3480 3368//3368
f 3327//3327 3019//3019 3009//3009
f 3377//3377 3331//3331 3412//3412
f 3815//3815 3843//3843 3955//3955
f 3815//3815 3955//3955 3843//3843
f 469//469 476//476 487//487
f 2098//2098 2050//2050 2056//2056
f 3167//3167 3184//3184 3297//3297
f 3533//3533 3532//3532 3487//3487
f 2220//2220 2171//2171 2683//2683
f 2220//2220 2683//2683 2171//2171
f 4022//4022 3955//3955 3935//3935
f 98//98 110//110 196//196
f 961//961 958//958 844//844
f 4022//4022 3815//3815 3955//3955
f 354//354 370//370 368//368
f 4022//4022 3939//3939 3835//3835
f 398//398 406//406 403//403
f 4022//4022 3935//3935 3939//3939
f 2560//2560 2347//2347 2492//2492
f 4022//4022 3946//3946 3859//3859
f 2536//2536 2518//2518 2374//2374
f 3252//3252 3329//3329 3267//3267
f 3476//3476 3649//3649 2781//2781
f 3970//3970 3812//3812 3883//3883
f 4022//4022 3835//3835 3946//3946
f 2668//2668 2540//2540 2423//2423
f 3291//3291 2981//2981 3397//3397
f 3410//3410 3322//3322 3122//3122
f 941//941 841//841 861//861
f 3128//3128 3135//3135 3221//3221
f 3473//3473 3525//3525 3406//3406
f 2674//2674 2606//2606 2613//2613
f 2674//2674 2613//2613 2606//2606
f 980//980 1060//1060 963//963
f 4188//4188 4246//4246 4283//4283
f 260//260 301//301 268//268
f 488//488 11//11 154//154
f 1545//1545 1614//1614 1582//1582
f 3724//3724 3836//3836 3867//3867
f 2560//2560 2492//2492 2697//2697
f 170//170 298//298 264//264
f 661//661 996//996 981//981
f 3310//3310 3517//3517 3367//3367
f 3954//3954 3950//3950 3854//3854
f 2249//2249 2481//2481 2285//2285
f 3954//3954 3897//3897 3950//3950
f 4025//4025 4078//4078 4041//4041
f 864//864 918//918 893//893
f 1326//1326 1205//1205 1482//1482
f 1321//1321 1325//1325 1316//1316
f 2572//2572 2369//2369 2614//2614
f 1387//1387 1370//1370 1468//1468
f 1387//1387 1468//1468 1370//1370
f 3013//3013 3014//3014 3038//3038
f 95//95 88//88 79//79
f 484//484 555//555 577//577
f 3794//3794 3778//3778 3753//3753
f 3221//3221 3079//3079 3461//3461
f 3982//3982 4045//4045 4030//4030
f 1619//1619 2476//2476 1957//1957
f 4016//4016 4073//4073 4068//4068
f 4016//4016 4068//4068 4073//4073
f 2613//2613 2539//2539 2609//2609
f 98//98 97//97 88//88
f 4025//4025 4060//4060 4039//4039
f 2680//2680 2566//2566 3116//3116
f 3660//3660 3569//3569 3615//3615
f 4021//4021 4059//4059 4064//4064
f 3327//3327 3542//3542 3426//3426
f 3114//3114 3060//3060 3042//3042
f 3767//3767 3819//3819 721//721
f 977//977 1026//1026 1011//1011
f 765//765 787//787 823//823
f 390//390 459//459 536//536
f 3444//3444 3431//3431 3513//3513
f 716//716 656//656 674//674
f 2572//2572 2895//2895 2854//2854
f 3128//3128 3177//3177 3360//3360
f 2004//2004 1807//1807 1986//1986
f 691//691 751//751 670//670
f 691//691 670//670 751//751
f 477//477 581//581 543//543
f 1007//1007 800//800 861//861
f 2280//2280 2441//2441 2312//2312
f 541//541 1391//1391 1542//1542
f 2513//2513 2620//2620 2644//2644
f 824//824 829//829 707//707
f 4014//4014 4030//4030 3983//3983
f 3794//3794 4066//4066 3789//3789
f 2572//2572 2908//2908 2997//2997
f 1394//1394 1397//1397 1361//1361
f 1248//1248 1239//1239 1272//1272
f 3680//3680 3666//3666 3689//3689
f 1711//1711 1709//1709 1715//1715
f 643//643 619//619 625//625
f 3140//3140 2638//2638 2763//2763
f 3086//3086 2830//2830 3102//3102
f 3224//3224 3177//3177 3072//3072
f 1687//1687 1716//1716 1726//1726
f 616//616 597//597 591//591
f 3492//3492 3502//3502 3443//3443
f 128//128 127//127 117//117
f 4037//4037 4060//4060 4041//4041
f 4007//4007 3964//3964 4010//4010
f 2851//2851 2890//2890 3074//3074
f 3461//3461 3468//3468 3376//3376
f 1068//1068 916//916 805//805
f 3070//3070 3152//3152 3266//3266
f 2269//2269 2234//2234 2201//2201
f 2269//2269 2201//2201 2234//2234
f 3159//3159 3206//3206 3176//3176
f 3611//3611 3632//3632 3624//3624
f 364//364 347//347 396//396
f 364//364 396//396 347//347
f 3754//3754 3733//3733 3732//3732
f 1774//1774 1449//1449 1480//1480
f 2295//2295 2203//2203 2254//2254
f 2295//2295 2254//2254 2203//2203
f 977//977 1011//1011 1026//1026
f 2153//2153 2159//2159 2078//2078
f 1042//1042 1089//1089 1076//1076
f 257//257 47//47 51//51
f 1619//1619 1957//1957 1585//1585
f 2787//2787 2159//2159 2062//2062
f 779//779 777//777 764//764
f 779//779 764//764 777//777
f 2947//2947 2979//2979 2964//2964
f 1775//1775 1464//1464 1342//1342
f 3929//3929 3800//3800 3943//3943
f 3970//3970 3986//3986 3877//3877
f 1422//1422 1276//1276 1322//1322
f 573//573 192//192 4//4
f 1811//1811 2065//2065 2012//2012
f 2344//2344 2161//2161 2146//2146
f 3897//3897 3950//3950 3889//3889
f 4169//4169 4138//4138 4134//4134
f 3445//3445 3511//3511 3427//3427
f 2459//2459 2427//2427 2514//2514
f 3954//3954 4054//4054 4003//4003
f 1808//1808 1846//1846 1818//1818
f 3718//3718 3707//3707 3712//3712
f 2523//2523 2583//2583 2521//2521
f 2572//2572 2502//2502 2581//2581
f 3887//3887 3742//3742 3830//3830
f 790//790 823//823 542//542
f 3062//3062 3043//3043 3283//3283
f 12//12 9//9 15//15
f 1331//1331 1407//1407 1309//1309
f 3491//3491 3588//3588 3080//3080
f 3391//3391 3401//3401 3450//3450
f 3497//3497 3472//3472 3519//3519
f 3940//3940 3883//3883 3812//3812
f 1896//1896 2002//2002 1939//1939
f 3789//3789 3753//3753 3778//3778
f 1325//1325 1373//1373 1339//1339
f 4007//4007 4029//4029 4051//4051
f 3894//3894 3964//3964 3786//3786
f 3070//3070 3096//3096 3056//3056
f 2278//2278 2334//2334 2266//2266
f 951//951 937//937 853//853
f 3955//3955 4039//4039 3843//3843
f 3955//3955 3843//3843 4039//4039
f 3940//3940 3779//3779 3812//3812
f 3979//3979 3998//3998 4050//4050
f 4293//4293 4271//4271 4268//4268
f 2168//2168 2220//2220 2282//2282
f 2345//2345 2289//2289 2262//2262
f 2659//2659 2902//2902 2840//2840
f 1807//1807 1939//1939 1782//1782
f 3714//3714 3708//3708 3700//3700
f 4213//4213 4147//4147 4187//4187
f 3200//3200 3266//3266 3067//3067
f 3940//3940 3812//3812 3779//3779
f 3798//3798 3833//3833 3918//3918
f 3073//3073 3264//3264 3048//3048
f 3815//3815 3859//3859 3835//3835
f 3484//3484 3525//3525 3542//3542
f 3914//3914 3947//3947 3882//3882
f 2933//2933 3098//3098 3268//3268
f 866//866 787//787 823//823
f 866//866 823//823 787//787
f 2908//2908 2924//2924 2967//2967
f 1828//1828 1875//1875 1844//1844
f 3257//3257 2576//2576 2893//2893
f 288//288 360//360 199//199
f 2117//2117 2137//2137 2133//2133
f 2117//2117 2133//2133 2137//2137
f 3970//3970 3976//3976 3982//3982
f 1491//1491 1611//1611 1386//1386
f 671//671 680//680 733//733
f 3249//3249 3250//3250 3185//3185
f 3741//3741 3725//3725 3737//3737
f 51//51 105//105 170//170
f 3745//3745 3684//3684 3695//3695
f 4128//4128 4159//4159 4189//4189
f 56//56 28//28 29//29
f 1613//1613 1662//1662 1714//1714
f 252//252 412//412 314//314
f 3708//3708 3753//3753 3714//3714
f 3170//3170 3423//3423 3590//3590
f 3694//3694 3681//3681 3703//3703
f 4165//4165 4189//4189 4178//4178
f 1891//1891 1893//1893 1766//1766
f 1891//1891 1766//1766 1893//1893
f 3741//3741 3812//3812 3861//3861
f 1229//1229 1209//1209 1287//1287
f 4169//4169 4137//4137 4186//4186
f 3427//3427 3413//3413 3273//3273
f 138//138 165//165 78//78
f 3526//3526 3595//3595 3567//3567
f 3741//3741 3940//3940 3812//3812
f 3715//3715 3796//3796 3774//3774
f 2219//2219 2789//2789 3143//3143
f 3843//3843 3789//3789 3753//3753
f 1999//1999 1984//1984 1797//1797
f 3264//3264 3448//3448 3328//3328
f 1084//1084 1070//1070 1081//1081
f 3756//3756 3884//3884 3777//3777
f 428//428 1242//1242 2810//2810
f 4036//4036 4031//4031 4054//4054
f 3794//3794 3795//3795 3778//3778
f 4065//4065 3943//3943 3686//3686
f 2484//2484 2501//2501 1788//1788
f 2481//2481 2627//2627 2417//2417
f 2606//2606 2549//2549 2529//2529
f 3417//3417 3201//3201 3248//3248
f 3794//3794 3815//3815 3795//3795
f 2911//2911 2860//2860 2891//2891
f 106//106 77//77 67//67
f 2193//2193 2078//2078 2209//2209
f 3763//3763 3693//3693 3716//3716
f 4280//4280 4286//4286 4285//4285
f 2409//2409 2497//2497 2399//2399
f 2110//2110 1928//1928 2118//2118
f 898//898 1017//1017 964//964
f 3851//3851 3792//3792 3770//3770
f 1290//1290 1300//1300 1298//1298
f 1324//1324 1339//1339 1360//1360
f 3785//3785 3776//3776 3788//3788
f 3785//3785 3788//3788 3776//3776
f 1286//1286 1134//1134 985//985
f 3158//3158 2951//2951 3111//3111
f 3794//3794 3753//3753 3789//3789
f 2369//2369 2682//2682 2390//2390
f 1488//1488 1585//1585 1567//1567
f 4013//4013 3949//3949 3948//3948
f 342//342 384//384 338//338
f 1325//1325 1389//1389 1339//1339
f 2116//2116 1950//1950 1842//1842
f 410//410 422//422 400//400
f 1664//1664 1896//1896 1807//1807
f 1298//1298 1337//1337 1300//1300
f 3835//3835 3785//3785 3788//3788
f 1494//1494 1373//1373 1389//1389
f 1543//1543 1499//1499 1618//1618
f 1970//1970 931//931 443//443
f 697//697 642//642 664//664
f 4189//4189 4139//4139 4091//4091
f 800//800 753//753 746//746
f 113//113 211//211 206//206
f 769//769 841//841 845//845
f 3592//3592 3430//3430 3662//3662
f 273//273 179//179 181//181
f 3574//3574 3552//3552 3512//3512
f 4100//4100 4097//4097 4103//4103
f 1809//1809 1407//1407 1512//1512
f 1552//1552 1412//1412 1365//1365
f 959//959 929//929 965//965
f 1042//1042 1076//1076 1077//1077
f 1482//1482 1200//1200 1510//1510
f 1482//1482 1510//1510 1200//1200
f 1321//1321 1363//1363 1382//1382
f 1528//1528 1667//1667 1664//1664
f 2883//2883 2620//2620 2513//2513
f 1617//1617 1832//1832 1739//1739
f 304//304 262//262 277//277
f 2693//2693 2694//2694 2721//2721
f 1380//1380 1309//1309 1345//1345
f 1723//1723 1612//1612 1679//1679
f 3838//3838 4061//4061 4121//4121
f 1380//1380 1390//1390 1428//1428
f 1380//1380 1428//1428 1390//1390
f 1548//1548 2155//2155 1882//1882
f 2603//2603 2637//2637 2608//2608
f 1286//1286 1424//1424 1624//1624
f 346//346 404//404 295//295
f 2628//2628 4282//4282 4120//4120
f 288//288 285//285 235//235
f 1009//1009 1051//1051 1036//1036
f 3798//3798 3795//3795 3778//3778
f 4059//4059 4021//4021 4060//4060
f 1684//1684 1806//1806 1718//1718
f 4016//4016 3851//3851 3795//3795
f 2881//2881 3008//3008 3071//3071
f 3174//3174 3229//3229 3172//3172
f 177//177 134//134 102//102
f 2193//2193 2066//2066 2209//2209
f 1407//1407 1851//1851 1523//1523
f 2964//2964 3001//3001 2901//2901
f 2838//2838 2821//2821 2834//2834
f 293//293 452//452 259//259
f 663//663 619//619 625//625
f 1068//1068 1053//1053 901//901
f 2876//2876 2891//2891 2837//2837
f 2285//2285 2273//2273 2114//2114
f 2044//2044 2030//2030 2026//2026
f 4098//4098 4101//4101 4086//4086
f 513//513 489//489 499//499
f 4010//4010 4007//4007 4055//4055
f 3349//3349 3234//3234 3343//3343
f 1641//1641 813//813 1472//1472
f 1224//1224 1151//1151 1117//1117
f 1224//1224 1117//1117 1151//1151
f 1818//1818 1710//1710 1594//1594
f 3417//3417 3321//3321 3248//3248
f 3417//3417 3248//3248 3321//3321
f 3798//3798 3948//3948 3952//3952
f 1545//1545 1452//1452 1594//1594
f 1545//1545 1594//1594 1452//1452
f 4004//4004 4013//4013 3865//3865
f 3990//3990 3993//3993 3981//3981
f 3876//3876 3992//3992 3914//3914
f 2198//2198 2205//2205 2481//2481
f 13//13 60//60 7//7
f 2901//2901 2870//2870 2875//2875
f 2901//2901 2875//2875 2870//2870
f 3742//3742 3718//3718 3768//3768
f 3682//3682 3698//3698 3736//3736
f 3682//3682 3736//3736 3698//3698
f 3029//3029 3017//3017 3019//3019
f 768//768 735//735 751//751
f 4068//4068 4065//4065 4070//4070
f 2083//2083 2449//2449 2093//2093
f 2083//2083 2093//2093 2449//2449
f 3268//3268 3490//3490 2914//2914
f 2481//2481 2407//2407 2418//2418
f 3780//3780 3736//3736 3777//3777
f 1679//1679 1690//1690 1706//1706
f 1679//1679 1706//1706 1690//1690
f 3815//3815 3939//3939 3835//3835
f 4190//4190 2103//2103 2856//2856
f 3663//3663 4142//4142 3661//3661
f 4058//4058 4062//4062 3998//3998
f 141//141 163//163 221//221
f 2153//2153 2062//2062 2159//2159
f 4014//4014 3983//3983 4008//4008
f 3220//3220 3165//3165 3253//3253
f 281//281 374//374 427//427
f 2606//2606 2331//2331 2549//2549
f 593//593 1276//1276 771//771
f 2169//2169 2040//2040 2204//2204
f 4040//4040 3830//3830 3887//3887
f 1744//1744 1896//1896 2004//2004
f 2504//2504 2488//2488 2639//2639
f 1613//1613 2147//2147 1662//1662
f 3883//3883 3741//3741 3793//3793
f 2399//2399 2479//2479 2526//2526
f 829//829 853//853 726//726
f 1912//1912 1853//1853 1704//1704
f 2506//2506 2241//2241 2467//2467
f 3279//3279 3349//3349 3408//3408
f 749//749 850//850 821//821
f 4013//4013 3948//3948 3865//3865
f 2564//2564 2677//2677 2693//2693
f 2217//2217 2265//2265 2210//2210
f 2217//2217 2210//2210 2265//2265
f 614//614 1466//1466 497//497
f 2203//2203 2050//2050 2244//2244
f 997//997 918//918 893//893
f 997//997 893//893 918//918
f 1477//1477 1452//1452 1433//1433
f 4028//4028 4038//4038 4067//4067
f 3022//3022 3021//3021 3001//3001
f 3244//3244 3191//3191 3145//3145
f 2510//2510 3373//3373 3270//3270
f 981//981 1031//1031 1014//1014
f 2701//2701 2797//2797 2748//2748
f 3071//3071 2840//2840 2955//2955
f 3202//3202 3191//3191 2869//2869
f 2369//2369 2503//2503 2311//2311
f 227//227 283//283 168//168
f 3221//3221 3307//3307 3176//3176
f 741//741 750//750 747//747
f 3031//3031 3142//3142 2870//2870
f 4267//4267 4265//4265 4261//4261
f 1889//1889 2747//2747 2793//2793
f 3395//3395 3296//3296 3400//3400
f 2560//2560 2393//2393 2733//2733
f 4078//4078 4097//4097 4060//4060
f 3951//3951 3981//3981 3972//3972
f 3476//3476 2781//2781 2593//2593
f 3684//3684 3703//3703 3690//3690
f 883//883 900//900 899//899
f 883//883 899//899 900//900
f 1805//1805 1677//1677 1814//1814
f 2062//2062 1555//1555 3365//3365
f 3275//3275 3334//3334 3046//3046
f 713//713 752//752 697//697
f 763//763 668//668 658//658
f 3352//3352 3328//3328 3297//3297
f 385//385 413//413 443//443
f 887//887 890//890 907//907
f 3403//3403 3451//3451 3554//3554
f 3970//3970 3883//3883 3793//3793
f 2997//2997 3000//3000 3007//3007
f 1778//1778 1680//1680 1661//1661
f 1778//1778 1661//1661 1680//1680
f 3741//3741 3737//3737 3793//3793
f 4100//4100 4078//4078 4097//4097
f 4100//4100 4097//4097 4078//4078
f 2060//2060 2127//2127 1994//1994
f 1403//1403 1431//1431 1407//1407
f 1836//1836 1859//1859 1276//1276
f 968//968 876//876 874//874
f 1439//1439 1381//1381 1474//1474
f 1545//1545 1551//1551 1406//1406
f 4159//4159 4094//4094 4116//4116
f 3741//3741 3730//3730 3725//3725
f 2399//2399 2526//2526 2459//2459
f 68//68 123//123 72//72
f 1533//1533 1677//1677 1663//1663
f 2487//2487 2382//2382 2458//2458
f 2457//2457 2422//2422 2579//2579
f 1087//1087 1084//1084 1054//1054
f 1087//1087 1054//1054 1084//1084
f 3952//3952 3948//3948 3918//3918
f 1480//1480 1149//1149 1475//1475
f 1703//1703 1959//1959 1667//1667
f 2153//2153 2066//2066 2140//2140
f 1504//1504 1578//1578 1534//1534
f 2751//2751 3415//3415 3378//3378
f 3958//3958 3777//3777 3858//3858
f 2014//2014 2091//2091 2138//2138
f 2985//2985 3001//3001 2901//2901
f 3812//3812 3726//3726 3725//3725
f 3363//3363 1613//1613 1630//1630
f 3741//3741 3727//3727 3737//3737
f 510//510 317//317 265//265
f 2256//2256 2162//2162 2138//2138
f 2256//2256 2138//2138 2162//2162
f 3741//3741 3725//3725 3793//3793
f 1806//1806 1741//1741 1827//1827
f 1018//1018 1010//1010 958//958
f 1018//1018 958//958 1010//1010
f 3695//3695 3690//3690 3703//3703
f 2004//2004 2151//2151 1782//1782
f 3956//3956 3867//3867 3880//3880
f 3741//3741 3793//3793 3727//3727
f 1771//1771 1807//1807 2004//2004
f 3471//3471 3454//3454 3538//3538
f 1749//1749 2173//2173 1631//1631
f 2262//2262 2421//2421 2409//2409
f 3741//3741 3737//3737 3725//3725
f 3958//3958 3874//3874 3884//3884
f 3320//3320 3652//3652 3195//3195
f 763//763 768//768 762//762
f 4199//4199 4257//4257 4178//4178
f 634//634 632//632 679//679
f 732//732 824//824 829//829
f 732//732 829//829 824//824
f 69//69 100//100 181//181
f 3621//3621 3617//3617 3619//3619
f 900//900 975//975 995//995
f 1556//1556 1568//1568 2003//2003
f 4128//4128 4123//4123 4075//4075
f 4077//4077 4005//4005 4070//4070
f 3887//3887 3844//3844 3734//3734
f 1009//1009 1036//1036 1051//1051
f 1294//1294 1300//1300 1330//1330
f 868//868 812//812 908//908
f 3895//3895 3882//3882 3774//3774
f 3514//3514 3503//3503 3498//3498
f 3715//3715 3745//3745 3749//3749
f 1573//1573 1504//1504 1415//1415
f 3813//3813 3828//3828 3967//3967
f 3473//3473 3542//3542 3428//3428
f 961//961 958//958 990//990
f 2547//2547 2397//2397 2473//2473
f 3584//3584 3542//3542 3525//3525
f 2591//2591 2583//2583 2681//2681
f 2673//2673 2548//2548 2222//2222
f 1342//1342 1219//1219 1066//1066
f 1890//1890 1809//1809 1805//1805
f 2629//2629 2798//2798 2841//2841
f 2629//2629 2841//2841 2798//2798
f 3741//3741 3725//3725 3717//3717
f 653//653 697//697 638//638
f 1127//1127 1128//1128 1101//1101
f 1127//1127 1101//1101 1128//1128
f 4279//4279 4239//4239 3411//3411
f 4024//4024 3881//3881 4110//4110
f 3466//3466 3410//3410 3479//3479
f 1893//1893 2119//2119 1991//1991
f 3968//3968 4010//4010 4007//4007
f 3968//3968 4007//4007 4010//4010
f 3689//3689 3705//3705 3680//3680
f 1611//1611 1675//1675 1604//1604
f 3464//3464 3870//3870 3463//3463
f 3981//3981 4026//4026 4018//4018
f 188//188 214//214 327//327
f 984//984 898//898 964//964
f 1450//1450 1421//1421 1401//1401
f 3070//3070 3321//3321 3266//3266
f 1751//1751 2179//2179 2262//2262
f 2174//2174 2377//2377 2254//2254
f 2928//2928 2953//2953 2673//2673
f 3896//3896 4156//4156 3913//3913
f 2325//2325 2316//2316 2256//2256
f 3970//3970 3982//3982 3956//3956
f 1771//1771 1825//1825 1703//1703
f 3982//3982 3976//3976 3990//3990
f 1385//1385 1312//1312 1386//1386
f 1385//1385 1386//1386 1312//1312
f 741//741 750//750 748//748
f 3956//3956 3982//3982 3990//3990
f 1575//1575 1368//1368 1971//1971
f 3029//3029 2798//2798 3018//3018
f 3749//3749 3745//3745 3774//3774
f 3895//3895 3870//3870 3882//3882
f 3895//3895 3882//3882 3870//3870
f 306//306 315//315 324//324
f 3331//3331 3453//3453 3512//3512
f 1721//1721 1708//1708 1659//1659
f 3686//3686 3770//3770 3700//3700
f 1985//1985 1944//1944 2021//2021
f 1825//1825 1771//1771 1703//1703
f 3213//3213 3527//3527 3638//3638
f 3848//3848 3849//3849 3844//3844
f 2944//2944 2372//2372 3481//3481
f 3741//3741 3705//3705 3779//3779
f 3741//3741 3779//3779 3705//3705
f 2550//2550 2400//2400 2437//2437
f 1902//1902 2156//2156 1878//1878
f 1560//1560 1478//1478 1493//1493
f 527//527 4//4 2//2
f 862//862 853//853 803//803
f 862//862 803//803 853//853
f 395//395 335//335 440//440
f 62//62 41//41 33//33
f 658//658 662//662 754//754
f 3602//3602 3524//3524 3533//3533
f 3066//3066 2645//2645 2829//2829
f 2697//2697 2645//2645 2684//2684
f 635//635 711//711 644//644
f 2508//2508 9//9 533//533
f 1301//1301 1224//1224 1251//1251
f 299//299 309//309 269//269
f 3795//3795 3815//3815 3851//3851
f 861//861 845//845 746//746
f 820//820 909//909 718//718
f 3079//3079 3026//3026 2834//2834
f 959//959 965//965 982//982
f 580//580 979//979 2028//2028
f 1600//1600 2223//2223 2478//2478
f 4025//4025 4019//4019 4023//4023
f 4054//4054 4003//4003 4069//4069
f 4054//4054 4069//4069 4003//4003
f 3433//3433 3446//3446 3487//3487
f 3433//3433 3487//3487 3446//3446
f 2955//2955 3008//3008 3166//3166
f 2750//2750 2710//2710 2763//2763
f 2751//2751 3378//3378 2784//2784
f 1544//1544 1489//1489 1531//1531
f 2405//2405 2243//2243 2674//2674
f 997//997 1051//1051 973//973
f 2317//2317 2351//2351 2325//2325
f 2317//2317 2325//2325 2351//2351
f 3005//3005 2929//2929 2945//2945
f 120//120 230//230 111//111
f 2481//2481 2418//2418 2348//2348
f 3466//3466 3479//3479 3519//3519
f 713//713 738//738 656//656
f 713//713 656//656 738//738
f 1627//1627 1793//1793 1927//1927
f 704//704 630//630 668//668
f 4058//4058 4056//4056 4017//4017
f 1516//1516 1659//1659 1708//1708
f 266//266 306//306 420//420
f 1337//1337 1397//1397 1524//1524
f 1684//1684 1718//1718 1459//1459
f 33//33 126//126 62//62
f 3607//3607 3542//3542 3584//3584
f 1491//1491 1386//1386 1520//1520
f 3964//3964 4007//4007 3983//3983
f 3964//3964 3983//3983 4007//4007
f 3491//3491 3498//3498 3356//3356
f 3491//3491 3356//3356 3498//3498
f 3625//3625 3590//3590 3668//3668
f 1439//1439 1564//1564 1381//1381
f 2192//2192 2361//2361 2254//2254
f 2636//2636 2564//2564 2677//2677
f 2842//2842 1889//1889 2793//2793
f 4162//4162 4182//4182 4136//4136
f 2111//2111 2482//2482 2144//2144
f 784//784 864//864 779//779
f 3736//3736 3749//3749 3876//3876
f 464//464 524//524 554//554
f 2656//2656 1772//1772 1909//1909
f 2787//2787 2663//2663 2159//2159
f 1953//1953 1961//1961 1424//1424
f 4038//4038 3887//3887 3965//3965
f 2098//2098 2056//2056 2143//2143
f 3219//3219 3279//3279 3234//3234
f 2170//2170 2254//2254 2203//2203
f 944//944 880//880 863//863
f 2126//2126 2122//2122 2120//2120
f 320//320 304//304 307//307
f 3500//3500 3446//3446 3533//3533
f 845//845 769//769 824//824
f 2317//2317 2261//2261 2232//2232
f 4077//4077 4079//4079 4069//4069
f 3140//3140 3327//3327 3264//3264
f 917//917 889//889 973//973
f 3391//3391 3371//3371 3401//3401
f 351//351 333//333 315//315
f 199//199 85//85 198//198
f 4147//4147 4198//4198 4144//4144
f 4256//4256 4235//4235 4221//4221
f 1241//1241 1227//1227 1263//1263
f 3336//3336 2991//2991 3098//3098
f 2964//2964 3054//3054 3001//3001
f 2572//2572 2753//2753 2895//2895
f 4033//4033 4057//4057 4065//4065
f 2360//2360 2509//2509 2361//2361
f 2979//2979 2859//2859 3185//3185
f 1808//1808 1806//1806 1825//1825
f 1721//1721 1743//1743 1659//1659
f 5//5 504//504 1418//1418
f 3134//3134 3095//3095 3126//3126
f 4005//4005 4054//4054 4073//4073
f 1576//1576 1883//1883 2249//2249
f 3970//3970 3940//3940 3779//3779
f 2555//2555 2644//2644 2697//2697
f 621//621 627//627 654//654
f 2338//2338 2394//2394 2368//2368
f 3135//3135 3072//3072 3177//3177
f 600//600 496//496 537//537
f 3753//3753 3708//3708 3843//3843
f 1327//1327 1337//1337 1361//1361
f 3970//3970 3985//3985 4017//4017
f 4083//4083 3613//3613 2996//2996
f 3396//3396 3299//3299 3224//3224
f 2690//2690 2697//2697 2733//2733
f 3174//3174 3172//3172 3091//3091
f 3774//3774 3870//3870 3899//3899
f 3563//3563 3360//3360 3474//3474
f 3563//3563 3474//3474 3360//3360
f 3970//3970 3741//3741 3919//3919
f 2440//2440 2190//2190 2361//2361
f 3049//3049 3028//3028 3398//3398
f 3615//3615 3504//3504 3569//3569
f 3264//3264 3140//3140 3262//3262
f 8//8 9//9 11//11
f 8//8 11//11 9//9
f 3526//3526 3611//3611 3596//3596
f 1079//1079 1027//1027 1055//1055
f 461//461 650//650 623//623
f 117//117 229//229 212//212
f 888//888 1061//1061 1021//1021
f 2737//2737 3642//3642 2917//2917
f 986//986 998//998 996//996
f 3188//3188 3042//3042 3356//3356
f 524//524 463//463 660//660
f 95//95 91//91 205//205
f 3673//3673 3583//3583 3346//3346
f 1767//1767 1733//1733 2349//2349
f 2787//2787 2798//2798 2719//2719
f 3897//3897 3828//3828 3932//3932
f 2835//2835 2927//2927 2923//2923
f 428//428 4282//4282 2628//2628
f 106//106 49//49 77//77
f 4016//4016 4033//4033 4023//4023
f 3663//3663 3661//3661 3488//3488
f 287//287 230//230 240//240
f 250//250 258//258 244//244
f 4016//4016 4023//4023 4019//4019
f 757//757 658//658 662//662
f 4004//4004 4023//4023 4033//4033
f 3768//3768 3734//3734 3729//3729
f 3902//3902 4014//4014 4008//4008
f 4013//4013 3846//3846 3949//3949
f 3741//3741 3763//3763 3694//3694
f 3741//3741 3694//3694 3763//3763
f 1885//1885 2117//2117 2031//2031
f 2406//2406 2454//2454 2462//2462
f 3229//3229 3000//3000 3013//3013
f 3080//3080 3002//3002 3066//3066
f 3584//3584 3586//3586 3603//3603
f 4022//4022 4016//4016 4019//4019
f 3582//3582 3696//3696 3495//3495
f 4191//4191 4182//4182 4162//4162
f 4028//4028 4067//4067 4052//4052
f 1200//1200 669//669 1197//1197
f 589//589 1220//1220 566//566
f 1051//1051 1036//1036 973//973
f 1301//1301 1267//1267 1224//1224
f 3970//3970 3973//3973 3976//3976
f 3018//3018 3020//3020 2638//2638
f 2466//2466 2394//2394 2494//2494
f 2466//2466 2494//2494 2394//2394
f 2791//2791 2721//2721 2723//2723
f 3970//3970 3956//3956 4030//4030
f 2478//2478 2428//2428 2601//2601
f 3551//3551 3514//3514 3557//3557
f 2043//2043 406//406 2062//2062
f 3312//3312 3366//3366 3267//3267
f 2820//2820 2668//2668 2777//2777
f 3512//3512 3336//3336 3331//3331
f 485//485 3//3 511//511
f 2373//2373 2347//2347 2305//2305
f 3741//3741 3726//3726 3705//3705
f 3741//3741 3705//3705 3726//3726
f 650//650 461//461 604//604
f 3741//3741 3726//3726 3812//3812
f 3970//3970 3912//3912 3985//3985
f 310//310 2538//2538 427//427
f 237//237 128//128 240//240
f 274//274 308//308 280//280
f 941//941 961//961 841//841
f 2584//2584 2656//2656 2411//2411
f 3741//3741 3812//3812 3725//3725
f 3558//3558 3455//3455 3207//3207
f 196//196 205//205 202//202
f 924//924 891//891 868//868
f 3815//3815 3843//3843 3935//3935
f 3254//3254 2976//2976 3031//3031
f 2232//2232 2018//2018 2003//2003
f 990//990 941//941 961//961
f 2854//2854 2997//2997 3007//3007
f 2947//2947 2859//2859 2979//2979
f 2947//2947 2979//2979 2859//2859
f 196//196 262//262 194//194
f 3741//3741 3727//3727 3730//3730
f 4182//4182 4204//4204 4194//4194
f 3719//3719 3759//3759 3733//3733
f 1290//1290 1295//1295 1317//1317
f 3377//3377 3374//3374 3446//3446
f 1691//1691 1660//1660 1693//1693
f 1975//1975 1840//1840 2302//2302
f 1828//1828 1796//1796 1875//1875
f 2373//2373 2410//2410 2558//2558
f 656//656 646//646 638//638
f 431//431 428//428 2810//2810
f 3863//3863 3922//3922 3921//3921
f 3646//3646 3739//3739 3697//3697
f 457//457 506//506 434//434
f 138//138 89//89 146//146
f 4066//4066 4078//4078 4064//4064
f 2183//2183 2475//2475 2506//2506
f 3175//3175 2142//2142 1796//1796
f 2828//2828 2792//2792 2812//2812
f 4240//4240 4232//4232 4259//4259
f 2944//2944 2956//2956 2993//2993
f 278//278 188//188 49//49
f 1947//1947 1922//1922 1754//1754
f 3229//3229 3253//3253 3374//3374
f 2004//2004 2192//2192 2254//2254
f 3410//3410 3316//3316 3322//3322
f 2278//2278 2201//2201 2035//2035
f 522//522 462//462 445//445
f 1653//1653 1610//1610 1630//1630
f 3562//3562 3446//3446 3487//3487
f 227//227 388//388 337//337
f 1737//1737 1606//1606 1549//1549
f 3719//3719 3733//3733 3813//3813
f 4086//4086 4098//4098 4092//4092
f 755//755 757//757 754//754
f 3840//3840 4054//4054 4049//4049
f 3742//3742 3751//3751 3830//3830
f 2772//2772 2736//2736 2320//2320
f 4186//4186 4095//4095 3857//3857
f 1891//1891 1935//1935 1951//1951
f 3828//3828 3872//3872 3932//3932
f 2984//2984 3124//3124 3087//3087
f 3085//3085 3504//3504 3569//3569
f 2325//2325 2138//2138 2316//2316
f 2198//2198 2079//2079 2209//2209
f 4033//4033 3991//3991 4021//4021
f 2772//2772 2897//2897 2736//2736
f 283//283 333//333 315//315
f 2220//2220 2694//2694 2683//2683
f 1491//1491 1459//1459 1611//1611
f 1891//1891 1861//1861 1755//1755
f 2087//2087 2126//2126 2089//2089
f 3815//3815 3794//3794 3851//3851
f 3794//3794 3795//3795 3851//3851
f 3813//3813 3967//3967 3954//3954
f 3884//3884 3874//3874 3992//3992
f 3794//3794 3789//3789 3795//3795
f 1890//1890 1814//1814 1847//1847
f 2029//2029 1830//1830 1761//1761
f 2660//2660 2731//2731 2868//2868
f 732//732 707//707 727//727
f 3794//3794 3843//3843 3753//3753
f 1818//1818 1594//1594 1735//1735
f 1576//1576 1474//1474 1697//1697
f 2039//2039 2176//2176 2745//2745
f 1019//1019 1031//1031 994//994
f 2452//2452 527//527 515//515
f 3798//3798 3778//3778 3785//3785
f 3798//3798 3785//3785 3776//3776
f 2907//2907 3243//3243 1446//1446
f 2153//2153 2209//2209 2066//2066
f 1924//1924 2215//2215 1938//1938
f 3798//3798 3776//3776 3781//3781
f 1611//1611 1370//1370 1491//1491
f 1426//1426 2917//2917 2491//2491
f 3753//3753 3712//3712 3685//3685
f 1373//1373 1328//1328 1389//1389
f 199//199 321//321 85//85
f 755//755 662//662 658//658
f 3990//3990 4045//4045 3993//3993
f 606//606 2411//2411 2219//2219
f 431//431 2810//2810 2813//2813
f 1921//1921 1781//1781 1967//1967
f 3417//3417 3526//3526 3401//3401
f 1342//1342 1565//1565 1775//1775
f 945//945 1007//1007 1064//1064
f 790//790 890//890 887//887
f 418//418 607//607 512//512
f 3433//3433 3446//3446 3487//3487
f 4016//4016 3795//3795 4043//4043
f 1617//1617 1524//1524 1668//1668
f 1617//1617 1668//1668 1524//1524
f 3787//3787 3689//3689 3692//3692
f 3915//3915 3929//3929 3943//3943
f 1808//1808 1825//1825 1703//1703
f 1808//1808 1703//1703 1825//1825
f 3526//3526 3538//3538 3528//3528
f 2614//2614 2623//2623 2666//2666
f 2614//2614 2666//2666 2623//2623
f 1439//1439 1533//1533 1524//1524
f 1439//1439 1524//1524 1533//1533
f 3511//3511 3360//3360 3474//3474
f 3500//3500 3377//3377 3383//3383
f 199//199 42//42 195//195
f 990//990 961//961 941//941
f 2182//2182 2117//2117 2112//2112
f 3021//3021 3142//3142 3054//3054
f 2360//2360 2244//2244 2361//2361
f 3786//3786 3796//3796 3703//3703
f 3815//3815 3962//3962 3955//3955
f 2737//2737 2749//2749 3642//3642
f 927//927 959//959 924//924
f 3921//3921 3929//3929 3885//3885
f 3482//3482 3466//3466 3519//3519
f 3406//3406 3348//3348 3411//3411
f 3940//3940 3877//3877 3779//3779
f 3461//3461 3547//3547 3468//3468
f 1475//1475 1902//1902 1308//1308
f 738//738 903//903 716//716
f 2835//2835 2998//2998 3068//3068
f 2069//2069 2044//2044 2109//2109
f 3970//3970 3877//3877 3940//3940
f 3692//3692 3953//3953 3774//3774
f 1781//1781 1517//1517 1816//1816
f 4068//4068 4065//4065 4031//4031
f 1764//1764 1427//1427 1404//1404
f 965//965 949//949 982//982
f 1617//1617 1739//1739 1668//1668
f 2902//2902 2955//2955 2840//2840
f 323//323 328//328 331//331
f 323//323 331//331 328//328
f 338//338 384//384 427//427
f 3780//3780 3777//3777 3687//3687
f 3807//3807 3793//3793 3741//3741
f 1048//1048 1026//1026 977//977
f 227//227 409//409 388//388
f 482//482 152//152 15//15
f 2166//2166 2175//2175 2140//2140
f 1194//1194 1142//1142 1173//1173
f 2786//2786 2224//2224 2225//2225
f 4077//4077 4076//4076 4079//4079
f 1581//1581 1544//1544 1596//1596
f 1991//1991 2119//2119 2260//2260
f 3432//3432 3502//3502 3407//3407
f 3432//3432 3407//3407 3502//3502
f 2791//2791 2728//2728 2721//2721
f 3899//3899 3964//3964 3902//3902
f 92//92 146//146 72//72
f 3680//3680 3716//3716 3693//3693
f 756//756 705//705 3810//3810
f 4011//4011 4058//4058 3998//3998
f 4280//4280 4277//4277 4275//4275
f 4269//4269 4273//4273 4282//4282
f 512//512 696//696 341//341
f 118//118 83//83 76//76
f 1634//1634 1520//1520 1572//1572
f 3780//3780 3736//3736 3882//3882
f 3417//3417 3526//3526 3528//3528
f 3417//3417 3528//3528 3526//3526
f 1900//1900 1730//1730 1854//1854
f 479//479 588//588 537//537
f 3343//3343 3196//3196 3220//3220
f 277//277 189//189 249//249
f 675//675 688//688 712//712
f 2029//2029 1877//1877 1821//1821
f 850//850 406//406 1202//1202
f 702//702 714//714 717//717
f 260//260 465//465 459//459
f 288//288 301//301 260//260
f 2343//2343 1418//1418 1536//1536
f 2760//2760 2350//2350 2562//2562
f 2008//2008 2298//2298 2263//2263
f 3683//3683 3647//3647 3838//3838
f 1054//1054 958//958 1070//1070
f 1054//1054 1070//1070 958//958
f 2944//2944 2993//2993 2974//2974
f 1808//1808 1719//1719 1604//1604
f 1842//1842 1950//1950 1931//1931
f 3979//3979 4050//4050 4062//4062
f 2485//2485 2371//2371 2498//2498
f 968//968 830//830 876//876
f 968//968 876//876 830//830
f 2380//2380 2625//2625 2644//2644
f 3299//3299 3224//3224 3459//3459
f 180//180 179//179 181//181
f 180//180 181//181 179//179
f 3479//3479 3460//3460 3357//3357
f 2084//2084 2123//2123 2087//2087
f 4278//4278 4293//4293 4266//4266
f 3956//3956 3880//3880 3801//3801
f 2656//2656 796//796 511//511
f 2716//2716 3293//3293 2990//2990
f 1676//1676 1706//1706 1790//1790
f 2471//2471 2515//2515 2499//2499
f 2725//2725 2748//2748 2701//2701
f 3412//3412 3158//3158 3387//3387
f 3611//3611 3624//3624 3596//3596
f 3079//3079 3206//3206 3461//3461
f 90//90 69//69 181//181
f 190//190 196//196 205//205
f 190//190 205//205 196//196
f 3259//3259 3409//3409 3348//3348
f 3982//3982 3981//3981 3951//3951
f 3227//3227 3175//3175 1910//1910
f 2004//2004 1939//1939 1986//1986
f 3572//3572 3584//3584 3603//3603
f 1326//1326 1334//1334 1562//1562
f 2985//2985 2964//2964 3001//3001
f 3883//3883 3812//3812 3741//3741
f 8//8 493//493 534//534
f 3741//3741 3812//3812 3779//3779
f 3429//3429 3387//3387 3446//3446
f 3741//3741 3779//3779 3877//3877
f 2750//2750 2925//2925 2915//2915
f 3897//3897 3889//3889 3719//3719
f 196//196 110//110 190//190
f 3764//3764 3729//3729 3848//3848
f 3500//3500 3464//3464 3412//3412
f 1766//1766 1991//1991 1893//1893
f 2326//2326 2334//2334 2278//2278
f 2326//2326 2278//2278 2334//2334
f 1064//1064 972//972 775//775
f 4014//4014 3825//3825 3951//3951
f 2690//2690 2492//2492 2560//2560
f 2572//2572 2503//2503 2447//2447
f 4147//4147 4202//4202 4198//4198
f 3798//3798 3909//3909 3952//3952
f 3798//3798 3952//3952 3909//3909
f 3544//3544 3591//3591 3491//3491
f 3544//3544 3491//3491 3591//3591
f 2094//2094 1275//1275 1379//1379
f 3764//3764 3768//3768 3848//3848
f 3764//3764 3848//3848 3768//3768
f 421//421 390//390 593//593
f 1045//1045 903//903 1077//1077
f 2504//2504 2346//2346 2488//2488
f 990//990 958//958 961//961
f 3956//3956 3717//3717 3856//3856
f 421//421 593//593 771//771
f 3956//3956 3801//3801 3717//3717
f 3516//3516 3605//3605 3647//3647
f 3902//3902 4008//4008 3983//3983
f 3660//3660 3615//3615 3592//3592
f 307//307 494//494 498//498
f 1298//1298 1300//1300 1306//1306
f 2115//2115 1989//1989 2247//2247
f 307//307 313//313 328//328
f 3717//3717 3801//3801 3880//3880
f 2347//2347 2344//2344 2309//2309
f 2347//2347 2309//2309 2344//2344
f 1437//1437 1536//1536 1488//1488
f 2907//2907 3485//3485 3243//3243
f 2865//2865 3346//3346 3281//3281
f 3717//3717 3880//3880 3867//3867
f 3717//3717 3893//3893 3867//3867
f 2715//2715 2642//2642 2609//2609
f 784//784 751//751 735//735
f 115//115 77//77 83//83
f 2043//2043 1950//1950 406//406
f 3954//3954 4005//4005 3950//3950
f 1330//1330 1327//1327 1381//1381
f 2906//2906 2774//2774 2786//2786
f 3717//3717 3867//3867 3893//3893
f 790//790 1380//1380 1318//1318
f 2078//2078 2140//2140 2092//2092
f 3742//3742 3711//3711 3718//3718
f 3227//3227 2392//2392 1608//1608
f 1313//1313 1455//1455 1386//1386
f 3717//3717 3680//3680 3694//3694
f 2212//2212 2168//2168 2220//2220
f 4089//4089 3758//3758 4111//4111
f 3874//3874 3914//3914 3992//3992
f 204//204 111//111 108//108
f 204//204 108//108 111//111
f 64//64 83//83 76//76
f 2688//2688 2710//2710 2681//2681
f 2688//2688 2681//2681 2710//2710
f 3897//3897 3954//3954 4054//4054
f 3897//3897 4054//4054 3954//3954
f 1600//1600 2214//2214 1618//1618
f 4019//4019 4041//4041 4060//4060
f 1458//1458 1456//1456 1471//1471
f 1458//1458 1471//1471 1456//1456
f 2010//2010 1954//1954 1699//1699
f 3674//3674 4118//4118 4141//4141
f 3463//3463 3484//3484 3428//3428
f 3463//3463 3428//3428 3484//3484
f 1976//1976 1603//1603 1892//1892
f 3763//3763 3986//3986 3951//3951
f 3506//3506 3542//3542 3607//3607
f 961//961 1054//1054 958//958
f 1028//1028 1252//1252 1274//1274
f 3818//3818 3750//3750 3834//3834
f 3473//3473 3870//3870 3406//3406
f 670//670 751//751 735//735
f 3680//3680 3693//3693 3677//3677
f 628//628 530//530 546//546
f 4223//4223 4247//4247 4208//4208
f 3929//3929 3770//3770 3800//3800
f 2581//2581 2520//2520 2618//2618
f 3628//3628 3608//3608 3612//3612
f 428//428 2628//2628 1264//1264
f 2979//2979 3185//3185 3054//3054
f 1005//1005 964//964 1047//1047
f 1617//1617 1697//1697 1769//1769
f 2294//2294 2362//2362 2180//2180
f 4078//4078 4039//4039 4071//4071
f 699//699 666//666 619//619
f 4028//4028 4038//4038 4049//4049
f 1691//1691 1693//1693 1660//1660
f 1766//1766 1893//1893 2057//2057
f 1443//1443 1338//1338 1374//1374
f 3780//3780 3777//3777 3691//3691
f 2198//2198 2285//2285 2205//2205
f 883//883 711//711 900//900
f 2953//2953 2965//2965 2717//2717
f 3456//3456 3137//3137 3078//3078
f 2750//2750 2710//2710 2688//2688
f 2750//2750 2688//2688 2710//2710
f 4004//4004 3798//3798 3911//3911
f 4004//4004 3911//3911 3798//3798
f 241//241 432//432 454//454
f 1585//1585 2438//2438 2332//2332
f 4194//4194 4189//4189 4129//4129
f 4066//4066 4057//4057 4065//4065
f 2922//2922 1501//1501 2337//2337
f 4004//4004 3918//3918 3949//3949
f 4197//4197 4223//4223 4204//4204
f 4004//4004 3949//3949 3798//3798
f 2447//2447 2502//2502 2455//2455
f 1908//1908 1773//1773 1850//1850
f 4287//4287 3950//3950 4297//4297
f 3798//3798 3949//3949 3833//3833
f 1555//1555 1931//1931 1446//1446
f 1555//1555 1446//1446 1931//1931
f 3798//3798 3841//3841 3948//3948
f 3780//3780 3777//3777 3736//3736
f 250//250 244//244 156//156
f 1055//1055 1027//1027 1079//1079
f 4004//4004 3865//3865 3952//3952
f 3956//3956 4045//4045 4012//4012
f 3956//3956 4012//4012 4045//4045
f 1404//1404 1402//1402 1320//1320
f 4004//4004 3952//3952 3918//3918
f 352//352 327//327 279//279
f 352//352 279//279 327//327
f 1354//1354 577//577 842//842
f 1059//1059 1053//1053 1068//1068
f 3597//3597 3572//3572 3497//3497
f 2366//2366 2368//2368 2472//2472
f 3146//3146 3516//3516 3207//3207
f 2203//2203 1986//1986 2050//2050
f 3230//3230 3302//3302 3263//3263
f 3230//3230 3263//3263 3302//3302
f 3360//3360 3325//3325 3427//3427
f 1576//1576 1474//1474 1405//1405
f 3453//3453 3412//3412 3464//3464
f 3453//3453 3464//3464 3412//3412
f 1998//1998 1973//1973 1961//1961
f 49//49 40//40 43//43
f 3865//3865 3948//3948 3952//3952
f 3128//3128 3066//3066 3072//3072
f 749//749 531//531 578//578
f 3597//3597 3524//3524 3572//3572
f 883//883 1533//1533 1805//1805
f 367//367 346//346 372//372
f 2486//2486 2511//2511 2457//2457
f 2486//2486 2457//2457 2511//2511
f 3854//3854 3864//3864 3826//3826
f 1904//1904 2156//2156 1902//1902
f 1485//1485 1523//1523 1559//1559
f 3568//3568 3536//3536 3506//3506
f 3568//3568 3506//3506 3536//3536
f 1891//1891 2072//2072 1893//1893
f 3909//3909 3952//3952 3948//3948
f 3848//3848 3849//3849 3878//3878
f 3848//3848 3878//3878 3849//3849
f 1829//1829 1954//1954 1853//1853
f 3416//3416 3362//3362 3414//3414
f 3049//3049 3398//3398 3405//3405
f 2903//2903 2546//2546 2703//2703
f 4081//4081 4076//4076 4054//4054
f 3909//3909 3952//3952 3852//3852
f 3909//3909 3852//3852 3952//3952
f 3795//3795 3851//3851 3770//3770
f 2660//2660 3203//3203 2897//2897
f 1721//1721 1801//1801 1760//1760
f 339//339 420//420 306//306
f 3122//3122 3472//3472 3101//3101
f 3122//3122 3101//3101 3472//3472
f 1890//1890 1876//1876 1847//1847
f 1970//1970 443//443 413//413
f 2366//2366 2382//2382 2368//2368
f 1505//1505 1978//1978 1579//1579
f 2245//2245 2347//2347 2445//2445
f 3440//3440 3518//3518 3425//3425
f 3440//3440 3425//3425 3518//3518
f 2944//2944 2820//2820 2826//2826
f 97//97 91//91 205//205
f 406//406 1202//1202 2762//2762
f 2997//2997 2967//2967 2924//2924
f 2572//2572 2997//2997 2854//2854
f 1764//1764 1757//1757 1628//1628
f 3786//3786 3774//3774 3964//3964
f 3689//3689 3701//3701 3705//3705
f 2851//2851 2616//2616 3008//3008
f 130//130 114//114 117//117
f 4033//4033 4064//4064 4023//4023
f 3884//3884 4035//4035 3958//3958
f 387//387 376//376 389//389
f 702//702 717//717 698//698
f 3101//3101 3110//3110 2650//2650
f 3500//3500 3446//3446 3412//3412
f 3374//3374 3387//3387 3446//3446
f 416//416 434//434 440//440
f 3724//3724 3900//3900 3141//3141
f 3724//3724 3141//3141 3900//3900
f 2768//2768 2816//2816 2771//2771
f 2768//2768 2771//2771 2816//2816
f 2097//2097 2071//2071 2162//2162
f 1690//1690 1588//1588 1534//1534
f 744//744 736//736 741//741
f 1316//1316 1396//1396 1358//1358
f 2438//2438 2397//2397 2332//2332
f 3459//3459 3468//3468 3511//3511
f 3405//3405 3398//3398 3028//3028
f 3780//3780 3687//3687 3777//3777
f 301//301 2559//2559 328//328
f 1019//1019 1014//1014 1073//1073
f 811//811 909//909 802//802
f 3912//3912 4058//4058 3924//3924
f 2175//2175 2481//2481 2140//2140
f 2227//2227 2108//2108 2199//2199
f 2203//2203 2244//2244 2050//2050
f 1053//1053 867//867 901//901
f 1825//1825 1921//1921 2056//2056
f 56//56 53//53 28//28
f 51//51 279//279 222//222
f 916//916 901//901 867//867
f 3618//3618 3423//3423 3625//3625
f 2481//2481 2521//2521 2348//2348
f 2847//2847 2930//2930 3170//3170
f 3724//3724 3867//3867 3893//3893
f 1400//1400 1504//1504 1578//1578
f 3313//3313 3238//3238 3256//3256
f 1943//1943 485//485 1541//1541
f 1335//1335 1386//1386 1370//1370
f 4058//4058 4062//4062 4011//4011
f 3327//3327 3245//3245 3258//3258
f 3053//3053 3043//3043 3062//3062
f 2536//2536 2374//2374 2410//2410
f 2987//2987 3255//3255 2963//2963
f 485//485 511//511 796//796
f 2296//2296 2350//2350 2380//2380
f 2252//2252 1771//1771 1986//1986
f 866//866 1517//1517 836//836
f 3899//3899 3796//3796 3902//3902
f 4229//4229 4253//4253 4228//4228
f 3813//3813 3733//3733 3828//3828
f 1030//1030 1031//1031 996//996
f 4028//4028 4052//4052 3959//3959
f 3887//3887 3830//3830 3742//3742
f 941//941 861//861 800//800
f 1951//1951 1935//1935 1893//1893
f 3514//3514 3523//3523 3520//3520
f 3964//3964 3983//3983 4008//4008
f 3964//3964 4008//4008 3983//3983
f 1472//1472 1889//1889 1460//1460
f 3254//3254 2553//2553 2982//2982
f 3959//3959 3849//3849 3844//3844
f 3970//3970 3940//3940 3877//3877
f 3741//3741 3877//3877 3940//3940
f 3717//3717 3724//3724 3856//3856
f 4022//4022 3962//3962 3815//3815
f 2100//2100 2160//2160 1948//1948
f 645//645 658//658 794//794
f 3868//3868 4155//4155 4110//4110
f 3646//3646 3203//3203 2991//2991
f 3695//3695 3774//3774 3715//3715
f 3425//3425 3379//3379 3164//3164
f 3425//3425 3164//3164 3379//3379
f 3344//3344 3171//3171 3159//3159
f 3344//3344 3159//3159 3171//3171
f 3226//3226 3319//3319 3183//3183
f 3780//3780 3691//3691 3736//3736
f 661//661 743//743 656//656
f 1103//1103 1101//1101 1123//1123
f 3966//3966 3783//3783 4140//4140
f 1378//1378 1471//1471 1374//1374
f 1378//1378 1374//1374 1471//1471
f 1012//1012 654//654 850//850
f 249//249 275//275 262//262
f 2591//2591 2638//2638 2905//2905
f 544//544 1970//1970 518//518
f 2302//2302 2525//2525 2490//2490
f 3721//3721 3877//3877 3701//3701
f 3979//3979 3998//3998 4011//4011
f 3979//3979 4011//4011 3998//3998
f 3681//3681 3670//3670 3786//3786
f 8//8 572//572 1802//1802
f 1306//1306 1361//1361 1337//1337
f 3876//3876 3745//3745 3882//3882
f 945//945 972//972 1007//1007
f 339//339 478//478 420//420
f 2041//2041 2077//2077 2065//2065
f 3992//3992 3999//3999 4048//4048
f 3992//3992 4048//4048 3999//3999
f 2190//2190 2254//2254 2361//2361
f 3583//3583 3119//3119 3579//3579
f 2986//2986 2911//2911 2924//2924
f 2179//2179 2220//2220 2168//2168
f 183//183 39//39 37//37
f 4197//4197 4189//4189 4214//4214
f 4037//4037 4059//4059 4060//4060
f 4005//4005 4003//4003 3959//3959
f 52//52 190//190 93//93
f 3582//3582 3149//3149 3570//3570
f 4052//4052 4036//4036 4081//4081
f 1178//1178 1701//1701 1722//1722
f 163//163 216//216 324//324
f 2084//2084 2058//2058 2123//2123
f 3088//3088 2839//2839 3106//3106
f 1998//1998 1961//1961 1953//1953
f 737//737 845//845 769//769
f 3261//3261 3208//3208 3539//3539
f 2018//2018 1990//1990 2265//2265
f 207//207 155//155 169//169
f 1576//1576 1693//1693 1569//1569
f 1045//1045 1087//1087 1089//1089
f 1045//1045 1010//1010 824//824
f 776//776 805//805 867//867
f 2670//2670 2613//2613 2809//2809
f 1432//1432 1440//1440 1502//1502
f 2218//2218 2723//2723 2668//2668
f 3932//3932 3748//3748 3728//3728
f 2376//2376 515//515 573//573
f 1797//1797 1570//1570 1833//1833
f 862//862 903//903 1045//1045
f 3780//3780 3858//3858 3777//3777
f 784//784 644//644 779//779
f 3894//3894 3964//3964 3895//3895
f 4033//4033 4065//4065 4066//4066
f 3221//3221 3344//3344 3159//3159
f 3858//3858 3947//3947 3914//3914
f 3894//3894 3774//3774 3786//3786
f 982//982 949//949 965//965
f 982//982 965//965 949//949
f 1865//1865 1818//1818 1806//1806
f 1865//1865 1806//1806 1818//1818
f 398//398 403//403 409//409
f 106//106 115//115 105//105
f 3564//3564 3871//3871 3604//3604
f 2029//2029 2200//2200 2057//2057
f 3958//3958 3858//3858 3874//3874
f 3688//3688 3320//3320 3545//3545
f 3763//3763 3825//3825 3834//3834
f 3895//3895 3964//3964 3899//3899
f 1590//1590 1566//1566 1515//1515
f 3568//3568 3574//3574 3548//3548
f 3958//3958 4044//4044 3999//3999
f 1582//1582 1587//1587 1508//1508
f 1285//1285 1271//1271 1304//1304
f 3965//3965 3887//3887 3969//3969
f 3895//3895 3870//3870 3774//3774
f 3774//3774 3899//3899 3964//3964
f 3954//3954 4003//4003 4005//4005
f 2704//2704 2426//2426 2355//2355
f 856//856 1517//1517 758//758
f 945//945 941//941 1441//1441
f 3022//3022 3001//3001 3054//3054
f 3022//3022 3054//3054 3001//3001
f 2772//2772 2320//2320 2068//2068
f 2164//2164 2660//2660 2897//2897
f 3953//3953 3968//3968 4007//4007
f 3953//3953 4007//4007 3968//3968
f 1863//1863 1465//1465 1781//1781
f 3018//3018 2638//2638 2641//2641
f 3018//3018 2641//2641 2638//2638
f 557//557 531//531 271//271
f 2839//2839 2818//2818 2512//2512
f 734//734 868//868 812//812
f 3982//3982 4017//4017 3990//3990
f 2697//2697 2625//2625 2555//2555
f 3684//3684 3695//3695 3703//3703
f 3214//3214 3239//3239 3222//3222
f 4050//4050 4018//4018 3972//3972
f 3715//3715 3684//3684 3695//3695
f 3715//3715 3695//3695 3684//3684
f 353//353 458//458 335//335
f 1942//1942 1832//1832 2238//2238
f 3043//3043 3332//3332 2993//2993
f 3464//3464 3453//3453 3331//3331
f 3953//3953 4044//4044 4010//4010
f 950//950 862//862 829//829
f 2827//2827 2582//2582 2530//2530
f 3150//3150 3220//3220 3091//3091
f 465//465 526//526 517//517
f 3959//3959 3878//3878 3849//3849
f 3959//3959 3849//3849 3878//3878
f 2193//2193 2153//2153 2140//2140
f 415//415 580//580 553//553
f 3692//3692 3689//3689 3701//3701
f 2684//2684 2625//2625 2697//2697
f 2676//2676 2610//2610 2775//2775
f 2676//2676 2775//2775 2610//2610
f 2527//2527 2541//2541 2567//2567
f 1605//1605 1478//1478 1560//1560
f 395//395 434//434 440//440
f 2641//2641 3139//3139 2888//2888
f 3589//3589 3960//3960 3671//3671
f 3682//3682 3687//3687 3691//3691
f 691//691 631//631 644//644
f 3680//3680 3694//3694 3681//3681
f 3680//3680 3681//3681 3694//3694
f 3690//3690 3698//3698 3691//3691
f 217//217 230//230 120//120
f 1951//1951 1894//1894 1975//1975
f 3965//3965 3848//3848 3892//3892
f 3687//3687 3756//3756 3958//3958
f 44//44 49//49 43//43
f 653//653 638//638 661//661
f 3969//3969 3892//3892 3887//3887
f 3780//3780 3692//3692 3691//3691
f 3780//3780 3691//3691 3687//3687
f 2464//2464 2493//2493 2537//2537
f 3958//3958 3884//3884 3777//3777
f 511//511 525//525 1088//1088
f 3692//3692 3690//3690 3691//3691
f 2701//2701 2682//2682 2661//2661
f 3692//3692 3701//3701 3690//3690
f 4014//4014 3951//3951 4018//4018
f 3682//3682 3698//3698 3690//3690
f 21//21 97//97 91//91
f 2618//2618 2797//2797 2614//2614
f 2518//2518 2644//2644 2374//2374
f 3795//3795 3991//3991 4043//4043
f 3736//3736 3876//3876 3882//3882
f 4052//4052 4036//4036 3959//3959
f 3750//3750 3693//3693 3825//3825
f 3130//3130 2839//2839 2803//2803
f 3780//3780 3777//3777 3884//3884
f 3780//3780 3884//3884 3777//3777
f 3764//3764 3848//3848 3878//3878
f 4068//4068 4039//4039 4078//4078
f 3876//3876 3914//3914 3858//3858
f 3876//3876 3858//3858 3914//3914
f 4007//4007 4055//4055 4051//4051
f 3085//3085 3569//3569 3194//3194
f 4062//4062 4098//4098 4086//4086
f 334//334 295//295 415//415
f 2613//2613 2812//2812 2809//2809
f 3682//3682 3715//3715 3749//3749
f 845//845 861//861 841//841
f 3167//3167 3144//3144 3029//3029
f 1161//1161 614//614 560//560
f 2393//2393 2434//2434 2344//2344
f 1997//1997 1790//1790 2059//2059
f 3682//3682 3736//3736 3687//3687
f 1005//1005 754//754 964//964
f 671//671 694//694 733//733
f 3317//3317 3339//3339 3303//3303
f 3715//3715 3774//3774 3745//3745
f 4026//4026 4030//4030 4014//4014
f 3029//3029 3144//3144 3017//3017
f 3524//3524 3487//3487 3446//3446
f 2294//2294 2437//2437 2362//2362
f 3474//3474 3468//3468 3591//3591
f 92//92 71//71 89//89
f 3774//3774 3745//3745 3749//3749
f 428//428 358//358 404//404
f 2684//2684 2604//2604 2560//2560
f 2652//2652 2612//2612 2651//2651
f 96//96 136//136 60//60
f 96//96 60//60 136//136
f 3780//3780 3698//3698 3692//3692
f 3774//3774 3703//3703 3796//3796
f 2815//2815 2923//2923 2867//2867
f 3186//3186 3083//3083 3430//3430
f 3895//3895 3774//3774 3796//3796
f 3878//3878 3849//3849 3854//3854
f 3878//3878 3854//3854 3849//3849
f 163//163 165//165 138//138
f 328//328 385//385 303//303
f 3462//3462 3529//3529 3266//3266
f 344//344 422//422 332//332
f 344//344 332//332 422//422
f 3780//3780 3882//3882 3858//3858
f 3736//3736 3698//3698 3745//3745
f 1495//1495 1580//1580 1493//1493
f 788//788 812//812 891//891
f 274//274 224//224 296//296
f 3958//3958 4035//4035 4044//4044
f 3894//3894 3902//3902 3964//3964
f 3310//3310 3367//3367 3296//3296
f 3310//3310 3296//3296 3367//3367
f 3689//3689 3787//3787 3701//3701
f 2614//2614 2854//2854 2753//2753
f 2931//2931 2941//2941 2973//2973
f 3763//3763 3716//3716 3877//3877
f 619//619 621//621 666//666
f 4243//4243 4275//4275 4225//4225
f 3695//3695 3684//3684 3745//3745
f 2807//2807 2733//2733 2706//2706
f 4028//4028 3959//3959 4049//4049
f 927//927 891//891 926//926
f 2123//2123 2280//2280 2108//2108
f 178//178 223//223 232//232
f 3982//3982 4012//4012 4045//4045
f 2723//2723 2185//2185 2820//2820
f 3047//3047 3196//3196 3343//3343
f 3560//3560 3648//3648 3495//3495
f 3899//3899 3796//3796 3870//3870
f 3899//3899 3870//3870 3796//3796
f 4052//4052 4036//4036 4054//4054
f 3010//3010 3003//3003 2812//2812
f 4014//4014 3786//3786 3670//3670
f 163//163 78//78 131//131
f 3884//3884 3958//3958 3777//3777
f 1755//1755 1706//1706 1790//1790
f 3894//3894 3786//3786 4014//4014
f 2073//2073 2050//2050 2098//2098
f 797//797 919//919 1001//1001
f 2395//2395 2456//2456 2648//2648
f 3894//3894 4014//4014 3902//3902
f 4191//4191 4204//4204 4182//4182
f 3701//3701 3877//3877 3716//3716
f 776//776 642//642 805//805
f 2004//2004 2254//2254 2151//2151
f 3950//3950 4031//4031 3889//3889
f 3694//3694 3701//3701 3689//3689
f 2761//2761 2894//2894 2888//2888
f 2481//2481 2583//2583 2627//2627
f 4045//4045 4062//4062 4053//4053
f 2871//2871 2977//2977 2806//2806
f 3774//3774 3882//3882 3745//3745
f 3876//3876 3858//3858 3882//3882
f 3876//3876 3882//3882 3858//3858
f 3691//3691 3777//3777 3687//3687
f 5//5 511//511 3//3
f 383//383 316//316 402//402
f 1057//1057 1062//1062 1081//1081
f 802//802 718//718 811//811
f 2722//2722 2758//2758 2933//2933
f 813//813 607//607 1460//1460
f 2164//2164 2144//2144 2482//2482
f 3672//3672 3966//3966 4146//4146
f 2466//2466 2472//2472 3328//3328
f 3970//3970 3951//3951 3986//3986
f 635//635 621//621 667//667
f 657//657 1315//1315 1357//1357
f 1073//1073 1027//1027 1055//1055
f 2313//2313 2348//2348 2417//2417
f 2313//2313 2417//2417 2348//2348
f 2312//2312 2435//2435 2280//2280
f 4287//4287 3892//3892 3608//3608
f 3539//3539 3646//3646 3697//3697
f 3787//3787 3912//3912 3877//3877
f 3764//3764 3844//3844 3768//3768
f 3680//3680 3705//3705 3716//3716
f 4021//4021 3991//3991 4037//4037
f 2153//2153 2066//2066 2062//2062
f 1454//1454 18//18 1772//1772
f 4052//4052 4054//4054 4076//4076
f 2952//2952 2870//2870 2869//2869
f 3699//3699 3720//3720 647//647
f 802//802 781//781 718//718
f 4114//4114 4125//4125 4150//4150
f 3492//3492 3443//3443 3502//3502
f 3377//3377 3172//3172 3007//3007
f 3492//3492 3502//3502 3443//3443
f 3774//3774 3695//3695 3715//3715
f 3774//3774 3715//3715 3695//3695
f 3714//3714 3708//3708 3700//3700
f 803//803 677//677 680//680
f 3575//3575 3573//3573 3523//3523
f 929//929 949//949 965//965
f 3602//3602 3568//3568 3607//3607
f 2592//2592 1779//1779 2634//2634
f 2877//2877 3179//3179 2934//2934
f 2193//2193 2313//2313 2688//2688
f 2544//2544 3182//3182 2825//2825
f 3680//3680 3681//3681 3694//3694
f 2278//2278 2267//2267 2266//2266
f 1690//1690 1679//1679 1591//1591
f 3689//3689 3680//3680 3694//3694
f 2219//2219 2584//2584 2438//2438
f 4206//4206 4231//4231 4196//4196
f 4040//4040 4038//4038 3887//3887
f 1150//1150 1121//1121 1152//1152
f 3874//3874 3777//3777 3858//3858
f 3780//3780 3958//3958 3858//3858
f 311//311 287//287 318//318
f 1767//1767 1466//1466 614//614
f 2407//2407 2364//2364 2431//2431
f 3328//3328 3153//3153 3173//3173
f 1655//1655 1730//1730 1708//1708
f 820//820 802//802 909//909
f 3763//3763 3825//3825 3693//3693
f 1516//1516 1610//1610 1721//1721
f 4053//4053 4062//4062 4017//4017
f 3763//3763 3877//3877 3986//3986
f 4154//4154 4143//4143 4157//4157
f 3912//3912 4010//4010 4058//4058
f 2591//2591 2594//2594 2481//2481
f 2591//2591 2481//2481 2594//2594
f 3352//3352 3469//3469 3406//3406
f 2559//2559 3247//3247 2544//2544
f 1808//1808 1818//1818 1675//1675
f 4044//4044 4058//4058 4010//4010
f 3895//3895 3953//3953 4010//4010
f 1012//1012 850//850 920//920
f 3990//3990 3993//3993 4062//4062
f 3953//3953 3968//3968 4010//4010
f 3958//3958 3947//3947 3858//3858
f 351//351 315//315 380//380
f 3958//3958 3999//3999 3947//3947
f 3858//3858 3947//3947 3953//3953
f 3953//3953 3947//3947 4044//4044
f 625//625 684//684 688//688
f 2925//2925 3009//3009 2915//2915
f 2732//2732 2977//2977 2644//2644
f 3091//3091 3057//3057 3150//3150
f 3947//3947 3999//3999 4044//4044
f 1474//1474 1435//1435 1584//1584
f 2551//2551 2497//2497 2479//2479
f 3286//3286 3147//3147 3016//3016
f 3780//3780 3757//3757 3698//3698
f 1382//1382 1458//1458 1445//1445
f 3692//3692 3757//3757 3698//3698
f 3692//3692 3698//3698 3757//3757
f 2947//2947 3244//3244 3235//3235
f 3692//3692 3757//3757 3953//3953
f 1300//1300 1346//1346 1295//1295
f 350//350 399//399 403//403
f 3713//3713 3719//3719 3889//3889
f 2421//2421 2345//2345 2564//2564
f 4016//4016 4043//4043 3932//3932
f 1630//1630 1613//1613 1709//1709
f 3858//3858 3953//3953 3757//3757
f 2252//2252 2295//2295 2297//2297
f 3780//3780 3858//3858 3757//3757
f 3069//3069 2788//2788 2862//2862
f 3895//3895 3774//3774 3953//3953
f 3787//3787 3692//3692 3912//3912
f 3483//3483 3498//3498 3564//3564
f 4068//4068 4031//4031 4065//4065
f 2881//2881 3057//3057 2729//2729
f 2195//2195 2259//2259 2117//2117
f 3018//3018 3075//3075 3019//3019
f 3894//3894 3912//3912 3774//3774
f 3979//3979 4062//4062 3993//3993
f 3692//3692 3695//3695 3912//3912
f 738//738 767//767 743//743
f 3692//3692 3774//3774 3695//3695
f 1842//1842 1931//1931 1809//1809
f 3981//3981 4018//4018 4026//4026
f 597//597 590//590 596//596
f 3461//3461 3594//3594 3547//3547
f 4036//4036 4054//4054 4005//4005
f 2518//2518 2871//2871 2644//2644
f 4014//4014 3750//3750 3825//3825
f 4136//4136 4085//4085 4093//4093
f 3754//3754 3759//3759 3878//3878
f 2707//2707 1835//1835 3305//3305
f 4014//4014 3670//3670 3750//3750
f 2946//2946 2809//2809 2956//2956
f 3874//3874 3858//3858 3914//3914
f 3473//3473 3428//3428 3463//3463
f 67//67 121//121 102//102
f 4024//4024 3556//3556 3881//3881
f 1331//1331 1407//1407 1431//1431
f 204//204 108//108 73//73
f 3970//3970 3877//3877 3912//3912
f 2474//2474 3183//3183 3226//3226
f 2474//2474 3226//3226 3183//3183
f 3171//3171 3272//3272 3325//3325
f 3645//3645 3831//3831 3943//3943
f 803//803 805//805 671//671
f 1407//1407 1451//1451 1431//1431
f 765//765 823//823 836//836
f 2700//2700 2954//2954 2801//2801
f 3912//3912 3924//3924 3985//3985
f 3264//3264 3173//3173 3140//3140
f 1572//1572 1782//1782 2002//2002
f 2904//2904 3490//3490 3210//3210
f 1836//1836 1276//1276 1422//1422
f 3715//3715 3774//3774 3796//3796
f 3525//3525 3519//3519 3479//3479
f 898//898 889//889 887//887
f 3684//3684 3703//3703 3695//3695
f 3588//3588 3605//3605 3678//3678
f 3718//3718 3748//3748 3709//3709
f 2296//2296 2260//2260 2373//2373
f 2296//2296 2373//2373 2260//2260
f 3715//3715 3684//3684 3695//3695
f 327//327 586//586 471//471
f 2440//2440 2633//2633 2701//2701
f 455//455 453//453 427//427
f 4099//4099 4084//4084 4167//4167
f 3684//3684 3694//3694 3703//3703
f 3223//3223 2601//2601 3271//3271
f 2536//2536 2533//2533 2451//2451
f 1547//1547 1396//1396 1516//1516
f 1547//1547 1516//1516 1396//1396
f 4059//4059 4037//4037 3991//3991
f 3707//3707 3708//3708 3753//3753
f 2387//2387 1971//1971 2557//2557
f 3562//3562 3555//3555 3603//3603
f 352//352 341//341 327//327
f 3597//3597 3603//3603 3532//3532
f 3597//3597 3572//3572 3574//3574
f 3658//3658 3470//3470 3758//3758
f 3764//3764 3844//3844 3848//3848
f 3764//3764 3848//3848 3844//3844
f 4033//4033 4066//4066 4023//4023
f 4033//4033 4023//4023 4066//4066
f 782//782 790//790 887//887
f 1444//1444 1447//1447 1414//1414
f 1444//1444 1414//1414 1447//1447
f 3733//3733 3759//3759 3732//3732
f 3295//3295 3509//3509 3479//3479
f 973//973 893//893 918//918
f 1047//1047 1046//1046 1043//1043
f 3272//3272 3125//3125 3325//3325
f 4028//4028 4049//4049 4052//4052
f 4028//4028 4052//4052 4049//4049
f 361//361 362//362 354//354
f 3524//3524 3500//3500 3487//3487
f 3599//3599 3650//3650 3570//3570
f 784//784 907//907 1009//1009
f 850//850 1208//1208 925//925
f 3171//3171 3072//3072 3066//3066
f 1663//1663 1726//1726 1697//1697
f 3557//3557 3578//3578 3468//3468
f 2429//2429 2477//2477 2422//2422
f 3338//3338 3498//3498 3503//3503
f 4201//4201 4213//4213 4187//4187
f 3701//3701 3694//3694 3690//3690
f 2029//2029 1991//1991 1830//1830
f 2725//2725 2678//2678 2753//2753
f 2455//2455 2377//2377 2502//2502
f 616//616 688//688 625//625
f 3682//3682 3695//3695 3684//3684
f 1603//1603 2372//2372 1665//1665
f 3732//3732 3759//3759 3849//3849
f 3732//3732 3849//3849 3759//3759
f 3682//3682 3691//3691 3698//3698
f 783//783 622//622 553//553
f 2447//2447 2297//2297 2295//2295
f 3270//3270 3449//3449 2921//2921
f 1720//1720 1591//1591 1612//1612
f 4010//4010 4055//4055 4051//4051
f 3703//3703 3681//3681 3786//3786
f 1617//1617 1832//1832 1668//1668
f 3680//3680 3677//3677 3681//3681
f 3677//3677 3670//3670 3681//3681
f 3677//3677 3693//3693 3670//3670
f 1059//1059 1072//1072 1031//1031
f 3670//3670 3693//3693 3750//3750
f 1405//1405 1617//1617 1524//1524
f 3256//3256 3100//3100 3101//3101
f 778//778 794//794 793//793
f 1572//1572 1678//1678 1782//1782
f 3348//3348 3006//3006 3368//3368
f 1316//1316 1358//1358 1414//1414
f 2447//2447 2339//2339 2297//2297
f 3718//3718 3728//3728 3748//3748
f 3895//3895 3796//3796 3870//3870
f 2529//2529 2464//2464 2609//2609
f 4060//4060 4037//4037 4041//4041
f 2301//2301 2307//2307 2244//2244
f 3698//3698 3757//3757 3736//3736
f 3698//3698 3736//3736 3757//3757
f 4078//4078 4039//4039 4066//4066
f 3813//3813 3733//3733 3826//3826
f 3544//3544 3620//3620 3612//3612
f 2514//2514 2539//2539 2427//2427
f 3736//3736 3757//3757 3698//3698
f 3736//3736 3698//3698 3757//3757
f 951//951 1058//1058 1065//1065
f 760//760 843//843 903//903
f 760//760 903//903 843//843
f 3528//3528 3492//3492 3454//3454
f 833//833 767//767 903//903
f 3715//3715 3695//3695 3774//3774
f 3715//3715 3774//3774 3695//3695
f 763//763 757//757 704//704
f 4012//4012 4030//4030 4026//4026
f 3229//3229 3220//3220 3150//3150
f 2569//2569 2484//2484 2849//2849
f 190//190 182//182 93//93
f 2072//2072 2259//2259 2271//2271
f 2347//2347 2137//2137 2344//2344
f 2513//2513 2410//2410 2350//2350
f 4066//4066 4064//4064 4059//4059
f 2869//2869 2875//2875 2901//2901
f 1416//1416 1494//1494 1389//1389
f 1065//1065 1058//1058 1068//1068
f 2192//2192 2244//2244 2361//2361
f 4077//4077 4054//4054 4005//4005
f 3774//3774 3912//3912 3695//3695
f 3774//3774 3695//3695 3912//3912
f 3614//3614 3557//3557 3578//3578
f 3364//3364 2917//2917 3642//3642
f 1009//1009 973//973 893//893
f 702//702 684//684 675//675
f 702//702 675//675 684//684
f 48//48 176//176 179//179
f 252//252 231//231 386//386
f 3441//3441 3513//3513 3531//3531
f 3023//3023 3021//3021 3001//3001
f 3023//3023 3001//3001 3021//3021
f 1605//1605 1511//1511 1493//1493
f 3892//3892 3848//3848 3844//3844
f 3578//3578 3549//3549 3468//3468
f 3132//3132 3523//3523 3156//3156
f 3721//3721 3787//3787 3877//3877
f 3297//3297 3328//3328 3448//3448
f 3721//3721 3701//3701 3787//3787
f 790//790 823//823 890//890
f 3682//3682 3684//3684 3715//3715
f 3235//3235 3142//3142 3202//3202
f 3073//3073 3018//3018 2638//2638
f 3728//3728 3713//3713 3710//3710
f 2881//2881 2840//2840 2581//2581
f 910//910 883//883 784//784
f 3567//3567 3529//3529 3538//3538
f 3756//3756 3777//3777 3958//3958
f 1434//1434 1483//1483 1436//1436
f 3682//3682 3749//3749 3698//3698
f 3895//3895 3899//3899 3870//3870
f 3895//3895 3870//3870 3899//3899
f 4023//4023 4064//4064 4033//4033
f 4033//4033 4021//4021 4023//4023
f 4129//4129 4090//4090 4148//4148
f 3982//3982 3990//3990 4045//4045
f 3982//3982 4045//4045 3990//3990
f 1970//1970 1577//1577 931//931
f 3982//3982 4053//4053 4045//4045
f 3401//3401 1610//1610 3363//3363
f 3401//3401 3363//3363 1610//1610
f 2701//2701 2729//2729 2797//2797
f 217//217 290//290 291//291
f 910//910 1009//1009 894//894
f 3728//3728 3753//3753 3708//3708
f 1196//1196 1119//1119 839//839
f 2894//2894 3087//3087 3124//3124
f 3//3 19//19 563//563
f 4018//4018 3981//3981 4014//4014
f 245//245 43//43 257//257
f 744//744 733//733 694//694
f 4026//4026 4012//4012 3981//3981
f 4026//4026 4014//4014 4012//4012
f 3336//3336 3331//3331 2991//2991
f 2702//2702 2611//2611 2699//2699
f 1578//1578 1690//1690 1573//1573
f 2962//2962 2984//2984 2654//2654
f 2386//2386 2458//2458 2450//2450
f 1769//1769 1617//1617 1832//1832
f 3832//3832 3769//3769 3837//3837
f 2110//2110 1948//1948 1982//1982
f 1660//1660 1693//1693 1673//1673
f 1660//1660 1673//1673 1693//1693
f 604//604 414//414 470//470
f 1770//1770 1921//1921 1967//1967
f 3036//3036 2948//2948 3089//3089
f 2557//2557 2508//2508 1652//1652
f 4129//4129 4162//4162 4112//4112
f 4008//4008 4056//4056 4053//4053
f 4008//4008 4053//4053 4056//4056
f 2301//2301 2307//2307 2077//2077
f 784//784 779//779 764//764
f 217//217 108//108 204//204
f 3323//3323 3335//3335 3309//3309
f 2060//2060 2291//2291 2305//2305
f 234//234 222//222 209//209
f 3714//3714 3708//3708 3707//3707
f 3046//3046 3334//3334 3115//3115
f 3205//3205 3349//3349 3343//3343
f 3070//3070 3062//3062 3152//3152
f 1477//1477 1433//1433 1420//1420
f 332//332 422//422 503//503
f 1015//1015 959//959 1037//1037
f 3029//3029 3019//3019 3018//3018
f 4008//4008 4007//4007 4053//4053
f 3406//3406 3870//3870 3017//3017
f 594//594 545//545 552//552
f 652//652 483//483 556//556
f 4007//4007 4051//4051 4055//4055
f 3953//3953 4010//4010 3968//3968
f 4029//4029 3999//3999 4048//4048
f 1043//1043 1056//1056 1061//1061
f 3999//3999 4029//4029 4051//4051
f 3999//3999 4051//4051 4048//4048
f 850//850 1209//1209 1119//1119
f 3130//3130 2803//2803 2817//2817
f 4039//4039 4068//4068 4071//4071
f 1507//1507 1458//1458 1623//1623
f 32//32 28//28 53//53
f 3992//3992 4029//4029 4048//4048
f 1921//1921 1962//1962 1887//1887
f 2063//2063 2065//2065 2077//2077
f 2845//2845 2318//2318 2882//2882
f 3014//3014 2890//2890 3063//3063
f 3999//3999 3992//3992 4048//4048
f 3066//3066 2957//2957 2700//2700
f 4045//4045 3981//3981 4026//4026
f 3981//3981 4012//4012 4026//4026
f 887//887 898//898 823//823
f 4045//4045 4012//4012 3981//3981
f 2296//2296 2057//2057 2200//2200
f 4045//4045 4062//4062 3993//3993
f 3617//3617 3629//3629 3624//3624
f 1070//1070 1089//1089 1081//1081
f 1706//1706 1755//1755 1873//1873
f 255//255 278//278 286//286
f 494//494 610//610 498//498
f 4062//4062 3993//3993 4045//4045
f 4062//4062 4045//4045 3993//3993
f 2887//2887 3242//3242 1362//1362
f 1617//1617 1817//1817 1832//1832
f 3972//3972 4050//4050 3998//3998
f 2893//2893 3639//3639 3896//3896
f 3972//3972 4026//4026 4050//4050
f 3813//3813 3854//3854 3840//3840
f 3193//3193 3288//3288 3215//3215
f 2361//2361 2307//2307 2253//2253
f 3958//3958 4035//4035 3992//3992
f 1504//1504 1441//1441 1553//1553
f 2597//2597 2878//2878 2321//2321
f 4081//4081 4067//4067 4079//4079
f 3970//3970 4053//4053 4030//4030
f 567//567 613//613 592//592
f 2535//2535 4088//4088 3486//3486
f 2883//2883 2697//2697 2644//2644
f 3427//3427 3459//3459 3511//3511
f 3982//3982 4030//4030 4012//4012
f 1387//1387 1329//1329 1406//1406
f 1387//1387 1406//1406 1329//1329
f 3954//3954 3950//3950 3897//3897
f 2791//2791 2728//2728 2746//2746
f 2791//2791 2746//2746 2728//2728
f 3430//3430 3137//3137 2970//2970
f 3320//3320 3194//3194 3545//3545
f 763//763 762//762 898//898
f 1789//1789 1603//1603 1425//1425
f 4065//4065 3915//3915 3943//3943
f 4240//4240 4201//4201 4232//4232
f 120//120 111//111 113//113
f 120//120 113//113 111//111
f 3235//3235 3021//3021 3241//3241
f 2724//2724 2744//2744 2683//2683
f 1821//1821 1995//1995 1885//1885
f 1821//1821 1885//1885 1995//1995
f 2846//2846 3364//3364 3143//3143
f 657//657 1943//1943 5//5
f 3897//3897 3813//3813 3864//3864
f 4044//4044 4051//4051 4055//4055
f 1055//1055 1019//1019 1027//1027
f 4044//4044 4055//4055 4056//4056
f 270//270 303//303 413//413
f 4044//4044 4056//4056 4058//4058
f 2939//2939 2959//2959 2936//2936
f 1591//1591 1623//1623 1578//1578
f 1012//1012 920//920 963//963
f 3296//3296 3367//3367 3267//3267
f 1970//1970 1583//1583 1585//1585
f 1975//1975 1871//1871 1840//1840
f 2267//2267 2334//2334 2266//2266
f 2677//2677 2693//2693 2670//2670
f 1637//1637 1188//1188 1938//1938
f 616//616 612//612 625//625
f 2560//2560 2649//2649 2565//2565
f 3445//3445 3511//3511 3544//3544
f 2734//2734 2697//2697 2733//2733
f 2734//2734 2733//2733 2697//2697
f 3870//3870 4007//4007 3968//3968
f 3968//3968 4007//4007 4029//4029
f 1300//1300 1361//1361 1295//1295
f 3982//3982 3951//3951 4017//4017
f 3876//3876 3968//3968 3992//3992
f 3209//3209 3449//3449 3373//3373
f 3377//3377 3331//3331 3172//3172
f 3884//3884 3958//3958 4035//4035
f 3884//3884 4035//4035 3958//3958
f 1951//1951 1975//1975 1994//1994
f 2711//2711 2568//2568 2704//2704
f 4291//4291 4297//4297 4293//4293
f 784//784 764//764 864//864
f 784//784 864//864 764//764
f 843//843 994//994 1040//1040
f 627//627 640//640 665//665
f 217//217 111//111 108//108
f 3968//3968 4010//4010 3999//3999
f 3968//3968 3999//3999 4010//4010
f 3895//3895 3953//3953 3882//3882
f 4283//4283 3899//3899 3870//3870
f 3213//3213 3136//3136 2880//2880
f 1764//1764 1636//1636 1803//1803
f 3876//3876 3882//3882 3953//3953
f 431//431 419//419 428//428
f 2581//2581 2618//2618 2616//2616
f 2581//2581 2616//2616 2618//2618
f 3497//3497 3489//3489 3472//3472
f 4036//4036 4070//4070 4031//4031
f 2175//2175 2142//2142 2102//2102
f 2175//2175 2102//2102 2142//2142
f 744//744 741//741 748//748
f 3894//3894 3964//3964 3899//3899
f 1055//1055 1027//1027 1019//1019
f 3894//3894 3899//3899 3902//3902
f 3964//3964 3968//3968 4010//4010
f 2190//2190 2192//2192 2254//2254
f 1690//1690 1755//1755 1706//1706
f 3895//3895 3870//3870 3953//3953
f 616//616 591//591 597//597
f 1396//1396 1360//1360 1416//1416
f 1585//1585 1943//1943 1567//1567
f 4098//4098 4086//4086 4101//4101
f 3912//3912 3985//3985 4017//4017
f 1385//1385 1386//1386 1313//1313
f 58//58 189//189 84//84
f 3763//3763 3951//3951 3825//3825
f 3469//3469 3473//3473 3536//3536
f 3924//3924 4058//4058 4011//4011
f 1969//1969 650//650 1398//1398
f 530//530 508//508 529//529
f 3983//3983 4053//4053 4007//4007
f 1124//1124 1119//1119 1157//1157
f 1316//1316 1358//1358 1324//1324
f 3462//3462 3266//3266 3321//3321
f 844//844 769//769 845//845
f 3482//3482 3416//3416 3410//3410
f 3970//3970 3912//3912 3986//3986
f 3970//3970 3986//3986 3912//3912
f 3057//3057 3150//3150 3063//3063
f 3143//3143 2789//2789 3035//3035
f 3080//3080 3030//3030 3079//3079
f 325//325 330//330 329//329
f 4181//4181 4109//4109 3830//3830
f 4007//4007 4051//4051 4029//4029
f 2614//2614 2624//2624 2623//2623
f 4008//4008 4055//4055 4007//4007
f 4010//4010 4051//4051 4007//4007
f 4124//4124 4140//4140 4047//4047
f 3128//3128 3176//3176 3072//3072
f 2850//2850 2930//2930 2847//2847
f 2689//2689 2982//2982 2553//2553
f 3001//3001 3021//3021 3054//3054
f 3958//3958 4044//4044 4035//4035
f 1439//1439 1302//1302 1381//1381
f 4029//4029 4007//4007 4051//4051
f 3990//3990 4062//4062 4045//4045
f 2219//2219 2411//2411 511//511
f 2386//2386 2474//2474 2394//2394
f 2282//2282 2110//2110 2118//2118
f 1293//1293 1335//1335 1312//1312
f 4163//4163 4206//4206 4200//4200
f 1580//1580 1605//1605 1560//1560
f 250//250 123//123 244//244
f 3858//3858 3882//3882 3947//3947
f 2269//2269 2275//2275 2234//2234
f 2269//2269 2234//2234 2275//2275
f 4091//4091 4075//4075 4082//4082
f 3874//3874 3914//3914 3858//3858
f 2019//2019 2217//2217 2045//2045
f 3383//3383 3205//3205 3220//3220
f 3858//3858 3914//3914 3874//3874
f 1460//1460 1889//1889 1866//1866
f 2476//2476 1619//1619 1469//1469
f 1547//1547 1494//1494 1659//1659
f 1547//1547 1659//1659 1494//1494
f 3876//3876 3914//3914 3882//3882
f 2838//2838 2817//2817 2821//2821
f 3968//3968 3999//3999 3992//3992
f 3968//3968 3992//3992 3999//3999
f 3876//3876 3953//3953 3968//3968
f 3073//3073 3018//3018 3029//3029
f 1410//1410 1813//1813 1824//1824
f 3870//3870 3968//3968 3953//3953
f 3981//3981 4012//4012 4014//4014
f 1744//1744 1807//1807 1678//1678
f 779//779 864//864 764//764
f 4052//4052 4049//4049 4036//4036
f 4052//4052 4036//4036 4049//4049
f 98//98 97//97 202//202
f 98//98 202//202 97//97
f 3979//3979 3993//3993 4017//4017
f 2222//2222 2162//2162 2142//2142
f 2564//2564 2636//2636 2539//2539
f 2564//2564 2539//2539 2636//2636
f 1042//1042 1031//1031 1019//1019
f 3174//3174 3383//3383 3220//3220
f 3382//3382 3421//3421 3434//3434
f 2606//2606 2529//2529 2613//2613
f 1995//1995 2060//2060 2072//2072
f 2362//2362 2415//2415 2437//2437
f 120//120 230//230 240//240
f 120//120 240//240 230//230
f 3990//3990 4017//4017 3993//3993
f 3028//3028 3407//3407 3024//3024
f 3979//3979 4011//4011 3998//3998
f 1687//1687 2338//2338 1738//1738
f 3982//3982 3990//3990 3981//3981
f 2259//2259 1877//1877 2121//2121
f 3981//3981 4026//4026 3972//3972
f 105//105 144//144 209//209
f 2449//2449 2381//2381 2364//2364
f 842//842 892//892 911//911
f 734//734 908//908 788//788
f 737//737 727//727 845//845
f 2111//2111 1791//1791 1967//1967
f 270//270 520//520 499//499
f 3296//3296 3314//3314 3077//3077
f 4026//4026 3981//3981 3993//3993
f 4026//4026 3993//3993 4062//4062
f 3441//3441 3404//3404 3439//3439
f 448//448 400//400 490//490
f 945//945 861//861 972//972
f 3873//3873 3857//3857 3453//3453
f 2508//2508 523//523 806//806
f 3542//3542 3448//3448 3426//3426
f 3597//3597 3587//3587 3555//3555
f 385//385 429//429 413//413
f 3768//3768 3729//3729 3732//3732
f 2301//2301 2077//2077 2253//2253
f 3714//3714 3792//3792 3728//3728
f 4018//4018 4026//4026 3981//3981
f 755//755 658//658 1005//1005
f 1664//1664 1698//1698 1634//1634
f 1042//1042 1030//1030 1040//1040
f 1491//1491 1380//1380 1476//1476
f 466//466 476//476 378//378
f 3764//3764 3768//3768 3718//3718
f 2218//2218 2423//2423 2213//2213
f 3778//3778 3753//3753 3708//3708
f 3970//3970 4030//4030 4053//4053
f 883//883 1319//1319 1330//1330
f 288//288 235//235 195//195
f 4054//4054 4069//4069 4079//4079
f 1989//1989 2014//2014 1985//1985
f 2284//2284 2235//2235 2269//2269
f 5//5 1541//1541 3//3
f 138//138 173//173 186//186
f 2289//2289 2286//2286 2384//2384
f 3964//3964 4007//4007 3968//3968
f 3899//3899 3902//3902 3983//3983
f 1148//1148 1123//1123 1138//1138
f 3795//3795 3915//3915 3991//3991
f 2016//2016 1466//1466 1767//1767
f 800//800 746//746 775//775
f 1524//1524 1361//1361 1463//1463
f 638//638 601//601 602//602
f 1723//1723 1790//1790 1676//1676
f 3673//3673 3931//3931 3942//3942
f 4039//4039 3974//3974 3932//3932
f 1553//1553 1549//1549 1606//1606
f 3673//3673 3346//3346 3616//3616
f 3274//3274 3064//3064 3245//3245
f 556//556 931//931 723//723
f 2915//2915 2709//2709 2710//2710
f 2150//2150 2321//2321 1888//1888
f 2500//2500 534//534 624//624
f 2500//2500 624//624 534//534
f 2271//2271 2492//2492 2801//2801
f 1890//1890 1805//1805 1847//1847
f 1890//1890 1847//1847 1805//1805
f 98//98 94//94 97//97
f 1518//1518 1910//1910 3175//3175
f 4026//4026 4062//4062 4045//4045
f 222//222 264//264 279//279
f 631//631 630//630 632//632
f 1451//1451 1446//1446 1555//1555
f 2840//2840 2581//2581 2440//2440
f 2571//2571 2580//2580 2563//2563
f 782//782 763//763 790//790
f 2946//2946 2820//2820 2777//2777
f 1850//1850 1765//1765 1661//1661
f 1491//1491 1604//1604 1385//1385
f 572//572 2850//2850 2708//2708
f 3073//3073 3018//3018 3140//3140
f 3073//3073 3140//3140 3018//3018
f 2079//2079 1966//1966 2209//2209
f 2688//2688 2719//2719 2765//2765
f 2908//2908 2997//2997 2950//2950
f 749//749 468//468 315//315
f 3965//3965 3969//3969 3887//3887
f 4053//4053 4030//4030 4045//4045
f 3068//3068 2998//2998 2961//2961
f 4062//4062 4050//4050 3998//3998
f 922//922 792//792 582//582
f 1831//1831 578//578 557//557
f 1002//1002 920//920 778//778
f 2004//2004 2244//2244 2254//2254
f 1245//1245 1275//1275 1282//1282
f 3728//3728 3714//3714 3713//3713
f 3445//3445 3272//3272 3413//3413
f 190//190 110//110 93//93
f 2440//2440 2581//2581 2377//2377
f 4058//4058 4017//4017 4062//4062
f 3647//3647 4032//4032 4122//4122
f 1087//1087 1084//1084 1089//1089
f 829//829 726//726 707//707
f 1335//1335 1318//1318 1329//1329
f 4017//4017 4056//4056 4053//4053
f 3713//3713 3719//3719 3733//3733
f 1821//1821 1679//1679 1790//1790
f 4044//4044 3999//3999 4048//4048
f 3713//3713 3889//3889 3686//3686
f 1737//1737 1914//1914 1686//1686
f 2173//2173 2913//2913 2163//2163
f 4044//4044 3992//3992 3999//3999
f 3144//3144 3406//3406 3017//3017
f 2678//2678 2729//2729 2753//2753
f 1545//1545 1806//1806 1818//1818
f 163//163 324//324 266//266
f 1948//1948 1665//1665 2372//2372
f 4050//4050 4026//4026 4018//4018
f 3899//3899 3983//3983 4007//4007
f 4025//4025 4078//4078 4064//4064
f 4025//4025 4064//4064 4078//4078
f 3983//3983 4030//4030 4053//4053
f 5//5 3//3 7//7
f 1324//1324 1328//1328 1339//1339
f 3892//3892 3844//3844 3751//3751
f 171//171 169//169 159//159
f 2599//2599 2596//2596 2756//2756
f 2599//2599 2756//2756 2596//2596
f 2814//2814 3012//3012 2616//2616
f 1687//1687 3328//3328 2472//2472
f 11//11 24//24 521//521
f 1897//1897 1954//1954 1978//1978
f 2056//2056 1967//1967 2144//2144
f 3914//3914 3999//3999 3992//3992
f 3914//3914 3992//3992 3999//3999
f 3828//3828 3754//3754 3718//3718
f 217//217 291//291 204//204
f 3484//3484 3509//3509 3351//3351
f 3914//3914 3992//3992 3999//3999
f 3914//3914 3999//3999 3992//3992
f 3718//3718 3753//3753 3728//3728
f 3840//3840 3854//3854 3826//3826
f 871//871 934//934 933//933
f 2814//2814 2876//2876 2766//2766
f 3953//3953 4007//4007 4010//4010
f 3953//3953 4010//4010 4007//4007
f 3229//3229 3150//3150 3000//3000
f 4085//4085 3634//3634 4108//4108
f 3970//3970 4017//4017 3951//3951
f 4172//4172 4117//4117 4149//4149
f 346//346 402//402 377//377
f 4050//4050 3972//3972 3998//3998
f 3844//3844 3729//3729 3734//3734
f 1821//1821 2031//2031 1755//1755
f 981//981 1001//1001 1031//1031
f 2572//2572 2678//2678 2753//2753
f 2466//2466 2494//2494 2359//2359
f 3729//3729 3734//3734 3751//3751
f 3813//3813 3897//3897 3954//3954
f 4068//4068 4078//4078 4065//4065
f 65//65 29//29 28//28
f 3951//3951 3972//3972 4018//4018
f 850//850 831//831 821//821
f 3924//3924 4011//4011 3985//3985
f 3394//3394 3342//3342 3340//3340
f 3235//3235 3202//3202 3191//3191
f 2271//2271 2305//2305 2245//2245
f 3150//3150 3253//3253 3165//3165
f 3985//3985 4011//4011 4017//4017
f 2551//2551 2479//2479 2606//2606
f 2610//2610 2652//2652 2699//2699
f 2618//2618 2570//2570 2616//2616
f 2365//2365 2469//2469 1546//1546
f 3070//3070 3200//3200 3067//3067
f 3958//3958 3780//3780 3687//3687
f 3959//3959 3928//3928 3969//3969
f 438//438 413//413 443//443
f 1703//1703 1684//1684 1529//1529
f 3568//3568 3607//3607 3536//3536
f 3568//3568 3536//3536 3607//3607
f 3774//3774 3912//3912 3695//3695
f 4022//4022 4039//4039 3932//3932
f 4201//4201 4187//4187 4131//4131
f 3344//3344 3188//3188 3159//3159
f 3828//3828 3954//3954 3840//3840
f 2702//2702 2650//2650 2652//2652
f 3932//3932 3872//3872 3748//3748
f 570//570 765//765 836//836
f 3813//3813 3954//3954 3828//3828
f 3813//3813 3828//3828 3897//3897
f 1300//1300 1340//1340 1320//1320
f 3066//3066 3104//3104 2920//2920
f 3066//3066 2920//2920 3104//3104
f 2510//2510 2539//2539 2549//2549
f 2508//2508 574//574 1652//1652
f 784//784 883//883 864//864
f 4077//4077 4068//4068 4073//4073
f 302//302 283//283 266//266
f 4005//4005 4068//4068 4070//4070
f 4005//4005 4042//4042 4068//4068
f 4068//4068 4042//4042 4073//4073
f 4005//4005 4070//4070 4073//4073
f 4005//4005 4073//4073 4070//4070
f 2516//2516 2463//2463 2548//2548
f 4052//4052 4076//4076 4036//4036
f 4036//4036 4070//4070 4052//4052
f 4036//4036 4052//4052 4070//4070
f 4081//4081 4054//4054 4036//4036
f 4052//4052 4081//4081 4036//4036
f 1572//1572 1635//1635 1698//1698
f 4052//4052 4067//4067 4081//4081
f 127//127 130//130 218//218
f 2249//2249 2198//2198 2481//2481
f 916//916 1179//1179 1117//1117
f 4110//4110 4155//4155 4131//4131
f 2614//2614 2666//2666 2678//2678
f 2913//2913 3044//3044 3187//3187
f 845//845 1062//1062 990//990
f 2325//2325 2256//2256 2222//2222
f 4052//4052 4081//4081 4036//4036
f 1991//1991 2119//2119 2104//2104
f 4004//4004 4064//4064 4066//4066
f 4004//4004 4066//4066 4064//4064
f 3491//3491 3344//3344 3461//3461
f 1878//1878 1464//1464 1506//1506
f 2598//2598 2437//2437 2610//2610
f 4041//4041 4078//4078 4060//4060
f 4041//4041 4060//4060 4078//4078
f 1573//1573 1504//1504 1763//1763
f 1007//1007 1076//1076 1025//1025
f 835//835 944//944 863//863
f 2636//2636 3056//3056 3096//3096
f 4025//4025 4064//4064 4078//4078
f 4078//4078 4060//4060 4041//4041
f 3433//3433 3500//3500 3487//3487
f 2656//2656 511//511 525//525
f 4039//4039 4078//4078 4071//4071
f 4033//4033 4031//4031 4065//4065
f 3229//3229 3150//3150 3253//3253
f 3229//3229 3253//3253 3150//3150
f 2451//2451 2374//2374 2186//2186
f 4033//4033 4066//4066 4057//4057
f 784//784 679//679 644//644
f 4273//4273 4292//4292 4282//4282
f 2113//2113 2181//2181 2210//2210
f 2532//2532 2651//2651 2437//2437
f 3205//3205 3071//3071 3166//3166
f 2528//2528 2588//2588 2538//2538
f 4025//4025 4066//4066 4039//4039
f 732//732 727//727 707//707
f 623//623 1501//1501 1347//1347
f 2285//2285 2348//2348 2258//2258
f 4041//4041 4069//4069 3974//3974
f 3645//3645 3943//3943 4135//4135
f 1610//1610 1630//1630 1613//1613
f 950//950 824//824 862//862
f 1821//1821 1885//1885 2060//2060
f 1821//1821 2060//2060 1885//1885
f 1786//1786 1069//1069 2034//2034
f 2487//2487 2348//2348 2322//2322
f 661//661 656//656 713//713
f 668//668 763//763 907//907
f 4028//4028 3969//3969 4038//4038
f 797//797 741//741 694//694
f 3887//3887 4038//4038 3969//3969
f 3161//3161 3589//3589 2900//2900
f 907//907 984//984 898//898
f 907//907 898//898 984//984
f 3631//3631 3657//3657 3558//3558
f 3300//3300 3288//3288 3301//3301
f 196//196 194//194 189//189
f 2618//2618 2614//2614 2633//2633
f 945//945 1057//1057 941//941
f 840//840 765//765 787//787
f 4054//4054 4031//4031 4005//4005
f 2983//2983 3247//3247 1812//1812
f 439//439 517//517 450//450
f 661//661 694//694 653//653
f 2378//2378 2410//2410 2373//2373
f 3205//3205 3196//3196 3047//3047
f 128//128 130//130 117//117
f 603//603 470//470 468//468
f 2448//2448 2374//2374 2424//2424
f 2986//2986 3646//3646 2991//2991
f 2973//2973 2771//2771 2816//2816
f 3915//3915 3770//3770 3929//3929
f 196//196 194//194 205//205
f 3897//3897 3864//3864 3854//3854
f 2572//2572 2614//2614 2503//2503
f 4145//4145 3661//3661 4142//4142
f 741//741 747//747 750//750
f 3713//3713 3686//3686 3710//3710
f 3840//3840 4049//4049 3965//3965
f 2732//2732 2644//2644 2918//2918
f 1405//1405 1474//1474 1337//1337
f 1405//1405 1337//1337 1474//1474
f 3965//3965 3959//3959 3967//3967
f 3965//3965 3967//3967 3959//3959
f 1995//1995 1861//1861 2031//2031
f 3965//3965 4049//4049 3959//3959
f 2427//2427 1714//1714 1662//1662
f 1410//1410 1139//1139 1113//1113
f 1874//1874 1787//1787 1801//1801
f 3331//3331 3508//3508 3453//3453
f 4028//4028 4049//4049 4038//4038
f 950//950 862//862 1045//1045
f 541//541 1542//1542 2538//2538
f 4192//4192 4211//4211 4194//4194
f 1846//1846 1918//1918 1865//1865
f 2440//2440 2509//2509 2570//2570
f 2249//2249 2273//2273 2238//2238
f 2676//2676 2879//2879 2874//2874
f 2164//2164 2056//2056 2144//2144
f 3795//3795 3770//3770 3915//3915
f 321//321 259//259 173//173
f 4041//4041 3974//3974 4039//4039
f 221//221 242//242 406//406
f 4236//4236 4219//4219 4252//4252
f 3505//3505 3667//3667 3758//3758
f 674//674 673//673 767//767
f 2316//2316 2138//2138 2208//2208
f 690//690 746//746 737//737
f 4213//4213 4202//4202 4147//4147
f 4065//4065 3686//3686 4031//4031
f 3463//3463 3536//3536 3484//3484
f 4031//4031 3686//3686 3889//3889
f 3122//3122 3101//3101 3479//3479
f 2572//2572 2447//2447 2369//2369
f 2572//2572 2369//2369 2447//2447
f 3088//3088 2821//2821 2838//2838
f 2881//2881 2729//2729 2797//2797
f 4022//4022 4041//4041 4039//4039
f 918//918 936//936 992//992
f 1707//1707 1392//1392 1422//1422
f 1617//1617 1524//1524 1668//1668
f 1854//1854 1850//1850 1869//1869
f 1854//1854 1869//1869 1850//1850
f 3301//3301 3184//3184 3288//3288
f 1242//1242 1884//1884 2810//2810
f 4005//4005 4073//4073 4042//4042
f 4078//4078 4039//4039 4069//4069
f 2853//2853 2669//2669 2507//2507
f 979//979 580//580 553//553
f 3713//3713 3728//3728 3719//3719
f 1781//1781 1465//1465 1517//1517
f 2959//2959 3055//3055 2936//2936
f 1744//1744 2004//2004 1807//1807
f 417//417 481//481 436//436
f 2853//2853 2910//2910 3011//3011
f 75//75 89//89 82//82
f 3217//3217 3180//3180 3171//3171
f 3965//3965 3959//3959 3969//3969
f 2772//2772 2502//2502 2722//2722
f 4028//4028 4049//4049 3965//3965
f 195//195 183//183 42//42
f 3183//3183 3075//3075 3139//3139
f 124//124 185//185 233//233
f 2369//2369 2520//2520 2682//2682
f 3954//3954 3967//3967 4003//4003
f 2676//2676 2699//2699 2769//2769
f 2676//2676 2769//2769 2699//2699
f 3492//3492 3454//3454 3471//3471
f 3943//3943 3800//3800 3686//3686
f 4222//4222 4282//4282 4278//4278
f 3959//3959 4003//4003 3967//3967
f 3728//3728 3713//3713 3707//3707
f 3174//3174 3220//3220 3229//3229
f 3804//3804 3899//3899 3870//3870
f 3804//3804 3870//3870 3899//3899
f 3954//3954 3959//3959 3967//3967
f 2961//2961 2910//2910 2867//2867
f 4033//4033 4043//4043 3991//3991
f 2393//2393 2424//2424 2305//2305
f 1446//1446 1931//1931 1950//1950
f 4022//4022 4023//4023 4021//4021
f 4022//4022 4021//4021 4025//4025
f 4033//4033 4023//4023 4043//4043
f 784//784 997//997 864//864
f 542//542 545//545 836//836
f 4022//4022 4043//4043 4023//4023
f 366//366 396//396 364//364
f 366//366 364//364 396//396
f 1600//1600 2211//2211 2223//2223
f 2449//2449 2444//2444 2364//2364
f 2449//2449 2364//2364 2444//2444
f 4022//4022 4025//4025 4041//4041
f 2159//2159 2166//2166 2140//2140
f 3029//3029 3017//3017 2681//2681
f 4022//4022 3932//3932 4043//4043
f 916//916 415//415 472//472
f 2271//2271 2130//2130 2072//2072
f 2502//2502 2442//2442 2485//2485
f 4025//4025 4021//4021 4064//4064
f 179//179 275//275 249//249
f 87//87 88//88 79//79
f 87//87 79//79 88//88
f 1821//1821 1790//1790 1885//1885
f 4071//4071 4069//4069 4039//4039
f 203//203 192//192 246//246
f 4025//4025 4039//4039 4078//4078
f 2313//2313 2338//2338 2299//2299
f 2840//2840 2339//2339 2430//2430
f 3487//3487 3555//3555 3587//3587
f 3445//3445 3386//3386 3272//3272
f 3445//3445 3272//3272 3386//3386
f 1294//1294 1306//1306 1300//1300
f 1945//1945 1976//1976 1948//1948
f 4067//4067 4038//4038 4079//4079
f 4067//4067 4040//4040 4038//4038
f 98//98 196//196 205//205
f 768//768 683//683 762//762
f 2450//2450 3183//3183 3319//3319
f 3855//3855 4116//4116 4094//4094
f 284//284 322//322 312//312
f 824//824 753//753 732//732
f 1707//1707 2727//2727 2735//2735
f 3607//3607 3536//3536 3530//3530
f 2440//2440 2573//2573 2520//2520
f 2440//2440 2520//2520 2573//2573
f 2555//2555 2490//2490 2560//2560
f 3991//3991 3915//3915 4057//4057
f 4059//4059 3991//3991 4057//4057
f 3828//3828 3718//3718 3872//3872
f 165//165 266//266 163//163
f 1003//1003 912//912 1021//1021
f 1003//1003 1021//1021 912//912
f 1768//1768 2790//2790 2755//2755
f 2966//2966 3004//3004 3672//3672
f 3840//3840 3718//3718 3754//3754
f 3764//3764 3718//3718 3848//3848
f 4078//4078 4041//4041 4060//4060
f 3557//3557 3629//3629 3578//3578
f 842//842 892//892 911//911
f 842//842 911//911 892//892
f 3965//3965 3844//3844 3848//3848
f 307//307 303//303 292//292
f 3840//3840 3965//3965 3848//3848
f 3965//3965 3768//3768 3844//3844
f 4054//4054 4079//4079 4049//4049
f 1079//1079 1027//1027 1077//1077
f 538//538 518//518 486//486
f 4038//4038 3965//3965 4079//4079
f 2421//2421 2526//2526 2497//2497
f 3965//3965 4049//4049 4079//4079
f 3932//3932 3974//3974 4054//4054
f 4054//4054 3974//3974 4069//4069
f 1082//1082 1077//1077 1079//1079
f 3954//3954 4003//4003 3840//3840
f 2094//2094 2762//2762 1275//1275
f 3840//3840 4003//4003 4054//4054
f 3180//3180 3221//3221 3128//3128
f 3180//3180 3128//3128 3221//3221
f 4065//4065 4057//4057 3915//3915
f 3172//3172 3412//3412 3331//3331
f 2924//2924 2891//2891 2796//2796
f 288//288 235//235 285//285
f 103//103 94//94 98//98
f 941//941 1057//1057 961//961
f 3950//3950 4005//4005 4031//4031
f 1890//1890 1851//1851 1809//1809
f 3714//3714 3700//3700 3708//3708
f 4057//4057 4066//4066 4059//4059
f 4069//4069 4041//4041 4078//4078
f 4184//4184 4173//4173 4150//4150
f 1312//1312 1294//1294 1293//1293
f 2560//2560 2604//2604 2795//2795
f 2629//2629 2583//2583 2417//2417
f 2629//2629 2417//2417 2583//2583
f 4078//4078 4039//4039 4071//4071
f 4078//4078 4071//4071 4039//4039
f 3560//3560 3495//3495 3163//3163
f 4077//4077 4069//4069 4071//4071
f 4077//4077 4071//4071 4068//4068
f 2440//2440 2570//2570 2618//2618
f 4066//4066 4065//4065 4078//4078
f 4081//4081 4079//4079 4076//4076
f 1528//1528 1572//1572 1634//1634
f 2772//2772 2897//2897 2902//2902
f 1744//1744 1782//1782 1718//1718
f 1617//1617 1668//1668 1697//1697
f 1490//1490 1479//1479 1447//1447
f 485//485 796//796 525//525
f 4066//4066 4065//4065 4057//4057
f 4095//4095 3756//3756 3910//3910
f 3390//3390 3224//3224 3361//3361
f 4070//4070 4065//4065 4031//4031
f 2059//2059 2121//2121 1877//1877
f 2059//2059 1877//1877 2121//2121
f 352//352 437//437 480//480
f 2947//2947 2932//2932 2869//2869
f 1456//1456 1552//1552 1365//1365
f 1930//1930 409//409 1805//1805
f 883//883 779//779 764//764
f 2303//2303 2513//2513 2374//2374
f 1394//1394 1427//1427 1340//1340
f 1714//1714 2921//2921 2839//2839
f 1685//1685 2055//2055 1565//1565
f 608//608 710//710 1350//1350
f 4036//4036 4054//4054 4005//4005
f 4036//4036 4005//4005 4054//4054
f 62//62 114//114 204//204
f 4036//4036 4005//4005 4054//4054
f 4036//4036 4054//4054 4005//4005
f 1011//1011 929//929 959//959
f 4016//4016 3932//3932 3851//3851
f 3742//3742 3751//3751 3734//3734
f 3469//3469 3406//3406 3426//3426
f 638//638 602//602 601//601
f 900//900 1012//1012 1049//1049
f 887//887 889//889 907//907
f 4133//4133 4117//4117 4127//4127
f 4213//4213 4198//4198 4202//4202
f 1009//1009 988//988 918//918
f 288//288 260//260 268//268
f 2302//2302 2096//2096 2445//2445
f 2881//2881 2840//2840 3071//3071
f 4285//4285 4289//4289 4286//4286
f 2476//2476 2849//2849 2484//2484
f 1290//1290 1295//1295 1346//1346
f 159//159 105//105 191//191
f 2725//2725 2660//2660 2678//2678
f 702//702 712//712 688//688
f 3748//3748 3707//3707 3709//3709
f 72//72 65//65 71//71
f 2948//2948 3006//3006 2968//2968
f 1079//1079 1073//1073 1027//1027
f 2645//2645 2517//2517 2864//2864
f 2575//2575 2304//2304 2251//2251
f 3162//3162 3096//3096 3056//3056
f 3162//3162 3056//3056 3096//3096
f 3689//3689 3680//3680 3806//3806
f 3597//3597 3584//3584 3572//3572
f 3597//3597 3572//3572 3584//3584
f 3567//3567 3462//3462 3499//3499
f 1711//1711 1715//1715 1647//1647
f 3533//3533 3519//3519 3524//3524
f 1403//1403 1381//1381 1439//1439
f 3446//3446 3253//3253 3408//3408
f 1874//1874 2255//2255 1864//1864
f 2591//2591 2481//2481 2521//2521
f 3718//3718 3728//3728 3707//3707
f 4095//4095 4186//4186 4137//4137
f 363//363 392//392 370//370
f 3256//3256 3254//3254 3204//3204
f 3714//3714 3707//3707 3753//3753
f 3714//3714 3753//3753 3707//3707
f 959//959 982//982 949//949
f 3887//3887 3742//3742 3768//3768
f 3551//3551 3557//3557 3514//3514
f 3742//3742 3734//3734 3719//3719
f 3742//3742 3719//3719 3709//3709
f 2262//2262 2409//2409 1711//1711
f 3742//3742 3709//3709 3711//3711
f 3012//3012 2937//2937 2851//2851
f 3250//3250 2969//2969 2979//2979
f 3718//3718 3711//3711 3709//3709
f 3445//3445 3344//3344 3491//3491
f 1532//1532 1425//1425 1483//1483
f 3229//3229 3013//3013 3150//3150
f 3748//3748 3709//3709 3712//3712
f 1679//1679 1690//1690 1623//1623
f 2677//2677 2728//2728 2693//2693
f 1055//1055 994//994 1053//1053
f 1953//1953 1999//1999 2183//2183
f 4142//4142 4132//4132 4218//4218
f 1273//1273 1258//1258 1240//1240
f 3959//3959 3844//3844 3849//3849
f 1915//1915 1963//1963 1742//1742
f 3792//3792 3932//3932 3728//3728
f 1945//1945 1982//1982 1977//1977
f 3848//3848 3729//3729 3844//3844
f 1595//1595 1840//1840 2099//2099
f 1254//1254 2884//2884 1275//1275
f 3843//3843 3753//3753 3778//3778
f 3843//3843 3778//3778 3753//3753
f 3887//3887 3751//3751 3844//3844
f 3887//3887 3892//3892 3751//3751
f 93//93 103//103 98//98
f 3840//3840 3878//3878 3854//3854
f 3840//3840 3854//3854 3878//3878
f 749//749 761//761 821//821
f 3742//3742 3887//3887 3751//3751
f 3840//3840 3826//3826 3754//3754
f 3897//3897 3719//3719 3813//3813
f 10//10 6//6 22//22
f 3828//3828 3840//3840 3878//3878
f 893//893 918//918 889//889
f 3575//3575 3549//3549 3617//3617
f 179//179 176//176 88//88
f 1368//1368 695//695 1971//1971
f 3959//3959 3967//3967 3878//3878
f 2627//2627 2159//2159 2663//2663
f 3467//3467 3418//3418 3384//3384
f 3248//3248 3152//3152 3283//3283
f 3707//3707 3712//3712 3709//3709
f 2645//2645 3066//3066 2864//2864
f 2645//2645 2864//2864 3066//3066
f 2517//2517 2558//2558 2513//2513
f 257//257 334//334 407//407
f 2820//2820 2213//2213 2668//2668
f 1682//1682 1464//1464 1822//1822
f 3965//3965 3928//3928 3959//3959
f 3965//3965 3959//3959 3878//3878
f 4237//4237 4203//4203 4216//4216
f 3718//3718 3748//3748 3712//3712
f 2313//2313 2338//2338 2394//2394
f 1057//1057 990//990 1062//1062
f 1057//1057 1062//1062 990//990
f 691//691 907//907 751//751
f 4040//4040 3887//3887 3830//3830
f 3872//3872 3718//3718 3709//3709
f 1998//1998 1795//1795 1919//1919
f 1998//1998 1919//1919 1795//1795
f 3872//3872 3709//3709 3748//3748
f 3897//3897 3889//3889 3864//3864
f 2700//2700 2802//2802 2734//2734
f 287//287 263//263 229//229
f 287//287 229//229 263//263
f 1695//1695 1688//1688 1702//1702
f 1695//1695 1702//1702 1688//1688
f 1298//1298 1340//1340 1306//1306
f 3873//3873 3857//3857 3860//3860
f 3873//3873 3860//3860 3857//3857
f 3851//3851 3792//3792 3932//3932
f 3851//3851 3932//3932 3792//3792
f 1338//1338 1384//1384 1443//1443
f 2174//2174 2151//2151 2254//2254
f 1196//1196 1208//1208 1120//1120
f 797//797 847//847 871//871
f 1962//1962 2098//2098 1921//1921
f 3748//3748 3712//3712 3707//3707
f 1684//1684 1667//1667 1528//1528
f 3828//3828 3878//3878 3967//3967
f 3250//3250 2963//2963 3251//3251
f 3965//3965 3969//3969 3928//3928
f 3887//3887 3734//3734 3751//3751
f 1229//1229 1287//1287 1277//1277
f 1522//1522 1655//1655 1653//1653
f 3759//3759 3878//3878 3849//3849
f 3759//3759 3849//3849 3878//3878
f 1952//1952 2048//2048 1936//1936
f 3897//3897 3864//3864 3889//3889
f 3813//3813 3840//3840 3828//3828
f 1400//1400 1415//1415 1504//1504
f 3913//3913 2971//2971 3257//3257
f 3954//3954 3967//3967 3959//3959
f 3264//3264 3426//3426 3448//3448
f 2674//2674 2685//2685 3070//3070
f 106//106 121//121 77//77
f 106//106 77//77 121//121
f 283//283 324//324 333//333
f 643//643 666//666 686//686
f 2690//2690 2492//2492 2229//2229
f 1068//1068 901//901 916//916
f 1082//1082 1027//1027 1073//1073
f 160//160 201//201 153//153
f 3344//3344 3171//3171 3325//3325
f 3066//3066 2920//2920 2954//2954
f 2854//2854 3091//3091 3008//3008
f 4193//4193 4047//4047 4140//4140
f 3562//3562 3555//3555 3587//3587
f 3718//3718 3712//3712 3753//3753
f 3707//3707 3753//3753 3712//3712
f 470//470 414//414 468//468
f 660//660 649//649 524//524
f 2343//2343 2491//2491 2473//2473
f 4106//4106 3931//3931 4087//4087
f 3274//3274 3101//3101 3064//3064
f 962//962 929//929 949//949
f 3764//3764 3878//3878 3759//3759
f 3713//3713 3813//3813 3719//3719
f 3174//3174 3205//3205 3047//3047
f 447//447 417//417 203//203
f 1043//1043 1046//1046 1036//1036
f 912//912 1021//1021 982//982
f 3754//3754 3759//3759 3732//3732
f 3562//3562 3603//3603 3584//3584
f 3768//3768 3732//3732 3734//3734
f 1007//1007 1064//1064 972//972
f 3840//3840 3754//3754 3878//3878
f 3965//3965 3892//3892 3969//3969
f 3562//3562 3524//3524 3487//3487
f 3686//3686 3800//3800 3770//3770
f 3813//3813 3826//3826 3864//3864
f 3758//3758 3868//3868 3658//3658
f 3515//3515 3517//3517 3510//3510
f 3515//3515 3510//3510 3517//3517
f 3729//3729 3759//3759 3732//3732
f 98//98 93//93 88//88
f 3764//3764 3759//3759 3729//3729
f 3584//3584 3525//3525 3509//3509
f 1226//1226 1217//1217 1248//1248
f 3714//3714 3753//3753 3708//3708
f 643//643 654//654 627//627
f 5//5 36//36 1943//1943
f 5//5 1943//1943 36//36
f 2221//2221 2241//2241 1999//1999
f 1483//1483 1531//1531 1436//1436
f 1700//1700 1869//1869 1746//1746
f 2618//2618 2701//2701 2633//2633
f 2618//2618 2633//2633 2701//2701
f 2174//2174 2581//2581 2840//2840
f 3257//3257 3913//3913 3783//3783
f 3640//3640 3802//3802 3626//3626
f 3713//3713 3733//3733 3813//3813
f 3320//3320 3688//3688 3527//3527
f 1009//1009 893//893 918//918
f 290//290 311//311 318//318
f 286//286 327//327 319//319
f 3607//3607 3506//3506 3536//3536
f 1808//1808 1846//1846 1719//1719
f 4198//4198 4164//4164 4149//4149
f 2458//2458 2474//2474 2450//2450
f 2360//2360 2437//2437 2294//2294
f 1414//1414 1527//1527 1339//1339
f 2440//2440 2701//2701 2520//2520
f 3387//3387 3154//3154 3000//3000
f 3686//3686 3700//3700 3714//3714
f 3469//3469 3297//3297 3448//3448
f 164//164 157//157 208//208
f 3685//3685 3712//3712 3753//3753
f 98//98 202//202 205//205
f 98//98 205//205 202//202
f 2520//2520 2633//2633 2190//2190
f 476//476 552//552 487//487
f 3129//3129 3103//3103 3106//3106
f 3714//3714 3700//3700 3708//3708
f 1547//1547 1396//1396 1416//1416
f 663//663 639//639 645//645
f 3728//3728 3710//3710 3714//3714
f 2552//2552 2743//2743 2661//2661
f 3156//3156 3523//3523 3520//3520
f 226//226 136//136 96//96
f 3686//3686 3710//3710 3714//3714
f 3686//3686 3714//3714 3710//3710
f 3282//3282 3342//3342 3330//3330
f 2004//2004 1782//1782 1939//1939
f 3728//3728 3709//3709 3719//3719
f 3406//3406 3017//3017 3006//3006
f 29//29 37//37 42//42
f 2947//2947 2673//2673 2987//2987
f 3718//3718 3709//3709 3728//3728
f 982//982 959//959 965//965
f 247//247 190//190 176//176
f 3719//3719 3813//3813 3733//3733
f 2170//2170 2203//2203 2190//2190
f 169//169 295//295 197//197
f 3719//3719 3732//3732 3759//3759
f 3719//3719 3734//3734 3732//3732
f 3659//3659 4096//4096 3436//3436
f 3813//3813 3828//3828 3733//3733
f 1528//1528 1459//1459 1678//1678
f 1528//1528 1678//1678 1459//1459
f 3754//3754 3826//3826 3733//3733
f 1690//1690 1766//1766 1720//1720
f 1564//1564 1576//1576 1683//1683
f 2//2 4//4 6//6
f 3897//3897 3854//3854 3950//3950
f 945//945 1291//1291 861//861
f 3764//3764 3729//3729 3844//3844
f 3764//3764 3844//3844 3729//3729
f 433//433 457//457 418//418
f 2243//2243 1773//1773 2282//2282
f 3520//3520 3425//3425 3458//3458
f 164//164 140//140 156//156
f 784//784 762//762 768//768
f 416//416 384//384 427//427
f 962//962 927//927 909//909
f 3102//3102 3296//3296 3310//3310
f 3764//3764 3844//3844 3729//3729
f 3764//3764 3729//3729 3844//3844
f 3070//3070 2613//2613 3067//3067
f 3840//3840 3733//3733 3754//3754
f 3840//3840 3754//3754 3733//3733
f 3828//3828 3733//3733 3840//3840
f 3828//3828 3840//3840 3733//3733
f 3432//3432 3481//3481 2372//2372
f 3828//3828 3754//3754 3733//3733
f 3828//3828 3733//3733 3754//3754
f 95//95 87//87 91//91
f 95//95 91//91 87//87
f 538//538 544//544 518//518
f 2352//2352 2442//2442 2462//2462
f 1045//1045 950//950 1018//1018
f 3840//3840 3826//3826 3733//3733
f 3840//3840 3733//3733 3826//3826
f 1955//1955 1974//1974 1956//1956
f 1663//1663 1564//1564 1683//1683
f 29//29 28//28 32//32
f 3840//3840 3733//3733 3826//3826
f 3840//3840 3826//3826 3733//3733
f 284//284 228//228 300//300
f 687//687 664//664 642//642
f 3770//3770 3792//3792 3700//3700
f 3851//3851 3932//3932 3792//3792
f 2618//2618 2797//2797 2729//2729
f 3742//3742 3830//3830 3751//3751
f 1687//1687 1693//1693 1683//1683
f 1825//1825 1604//1604 1385//1385
f 1290//1290 1346//1346 1300//1300
f 2005//2005 703//703 301//301
f 2072//2072 2112//2112 2130//2130
f 207//207 284//284 155//155
f 2864//2864 2760//2760 2883//2883
f 697//697 664//664 653//653
f 2881//2881 2581//2581 2797//2797
f 3764//3764 3768//3768 3844//3844
f 1018//1018 1010//1010 1054//1054
f 3828//3828 3840//3840 3754//3754
f 2802//2802 2957//2957 2829//2829
f 3544//3544 3344//3344 3628//3628
f 3544//3544 3628//3628 3344//3344
f 3584//3584 3509//3509 3580//3580
f 2016//2016 1767//1767 2416//2416
f 1261//1261 1141//1141 1259//1259
f 3794//3794 3789//3789 4066//4066
f 1786//1786 2634//2634 1779//1779
f 250//250 266//266 283//283
f 3227//3227 3342//3342 3340//3340
f 2881//2881 3071//3071 3008//3008
f 2581//2581 2361//2361 2570//2570
f 4025//4025 4019//4019 4060//4060
f 4025//4025 4060//4060 4019//4019
f 3618//3618 4119//4119 3655//3655
f 1491//1491 1459//1459 1386//1386
f 4025//4025 4039//4039 4060//4060
f 1703//1703 1604//1604 1771//1771
f 2406//2406 2454//2454 2360//2360
f 2406//2406 2360//2360 2454//2454
f 3578//3578 3629//3629 3624//3624
f 3615//3615 3430//3430 3504//3504
f 3174//3174 3091//3091 3172//3172
f 4004//4004 4033//4033 4064//4064
f 4004//4004 4064//4064 4033//4033
f 2591//2591 2474//2474 2487//2487
f 3638//3638 3634//3634 3600//3600
f 3572//3572 3548//3548 3497//3497
f 4113//4113 4168//4168 4130//4130
f 1770//1770 1517//1517 1719//1719
f 2693//2693 2668//2668 2721//2721
f 2816//2816 2958//2958 2945//2945
f 3815//3815 3851//3851 3714//3714
f 3815//3815 3714//3714 3851//3851
f 2924//2924 3057//3057 2967//2967
f 4143//4143 4176//4176 4166//4166
f 3794//3794 3714//3714 3851//3851
f 3794//3794 3851//3851 3714//3714
f 1942//1942 2078//2078 2067//2067
f 1845//1845 1904//1904 1480//1480
f 3815//3815 3714//3714 3789//3789
f 3815//3815 3789//3789 3714//3714
f 3546//3546 3444//3444 3513//3513
f 1766//1766 1893//1893 1821//1821
f 416//416 395//395 434//434
f 3794//3794 3789//3789 3714//3714
f 3794//3794 3714//3714 3789//3789
f 843//843 1040//1040 903//903
f 2399//2399 2514//2514 2549//2549
f 4229//4229 4228//4228 4207//4207
f 2174//2174 2840//2840 2440//2440
f 3753//3753 3778//3778 3708//3708
f 2572//2572 2854//2854 2614//2614
f 2243//2243 2286//2286 2353//2353
f 3708//3708 3753//3753 3843//3843
f 1294//1294 1270//1270 1302//1302
f 2469//2469 1211//1211 521//521
f 581//581 526//526 452//452
f 2531//2531 2546//2546 2865//2865
f 844//844 707//707 737//737
f 2284//2284 2330//2330 2269//2269
f 121//121 67//67 137//137
f 3940//3940 3779//3779 3806//3806
f 3779//3779 3940//3940 3806//3806
f 2072//2072 1991//1991 2117//2117
f 3704//3704 689//689 3731//3731
f 1065//1065 1089//1089 1080//1080
f 3779//3779 3806//3806 3940//3940
f 3982//3982 3985//3985 3990//3990
f 2249//2249 1817//1817 2198//2198
f 2249//2249 2198//2198 1817//1817
f 1313//1313 1317//1317 1370//1370
f 3990//3990 3985//3985 3993//3993
f 8//8 11//11 24//24
f 3982//3982 3990//3990 3993//3993
f 3536//3536 3525//3525 3484//3484
f 1547//1547 1436//1436 1494//1494
f 1850//1850 1880//1880 2088//2088
f 1547//1547 1494//1494 1436//1436
f 703//703 1112//1112 1831//1831
f 3596//3596 3529//3529 3526//3526
f 3970//3970 3993//3993 3985//3985
f 185//185 146//146 268//268
f 1195//1195 1276//1276 1859//1859
f 1001//1001 996//996 998//998
f 3970//3970 3985//3985 3982//3982
f 3956//3956 3982//3982 3993//3993
f 1284//1284 1267//1267 1301//1301
f 3970//3970 3956//3956 3990//3990
f 1386//1386 1346//1346 1317//1317
f 3956//3956 3993//3993 3990//3990
f 3970//3970 3990//3990 3993//3993
f 2208//2208 2019//2019 2014//2014
f 2678//2678 2701//2701 2748//2748
f 2451//2451 2448//2448 2424//2424
f 2236//2236 2242//2242 2346//2346
f 458//458 692//692 1188//1188
f 2585//2585 2419//2419 2598//2598
f 3979//3979 3993//3993 3998//3998
f 3979//3979 3998//3998 3993//3993
f 3779//3779 3689//3689 3705//3705
f 3779//3779 3705//3705 3689//3689
f 1869//1869 1907//1907 1860//1860
f 3377//3377 3777//3777 3464//3464
f 2510//2510 1714//1714 2427//2427
f 3779//3779 3806//3806 3705//3705
f 2997//2997 2911//2911 2986//2986
f 2676//2676 2611//2611 2610//2610
f 2676//2676 2610//2610 2611//2611
f 3680//3680 3705//3705 3806//3806
f 3779//3779 3689//3689 3806//3806
f 2614//2614 2902//2902 2678//2678
f 2496//2496 2788//2788 2156//2156
f 3689//3689 3705//3705 3680//3680
f 1335//1335 1370//1370 1346//1346
f 3722//3722 3720//3720 3706//3706
f 1293//1293 1380//1380 1312//1312
f 1219//1219 1228//1228 922//922
f 3523//3523 3534//3534 3518//3518
f 3523//3523 3518//3518 3534//3534
f 3577//3577 3593//3593 3587//3587
f 980//980 1060//1060 982//982
f 708//708 712//712 700//700
f 3328//3328 3297//3297 3288//3288
f 2693//2693 2721//2721 2218//2218
f 3611//3611 3594//3594 3566//3566
f 2004//2004 1939//1939 2244//2244
f 2926//2926 2907//2907 2798//2798
f 3468//3468 3474//3474 3547//3547
f 1617//1617 1668//1668 1474//1474
f 2696//2696 3107//3107 1911//1911
f 1942//1942 1876//1876 1932//1932
f 3643//3643 3324//3324 2634//2634
f 1611//1611 1551//1551 1614//1614
f 797//797 767//767 847//847
f 3717//3717 3694//3694 3680//3680
f 856//856 761//761 821//821
f 1290//1290 1329//1329 1370//1370
f 1600//1600 1499//1499 1592//1592
f 1338//1338 1374//1374 1325//1325
f 550//550 536//536 459//459
f 628//628 546//546 529//529
f 2466//2466 2577//2577 2494//2494
f 2900//2900 2086//2086 2005//2005
f 1427//1427 1401//1401 1632//1632
f 17//17 96//96 136//136
f 3249//3249 2987//2987 3233//3233
f 3002//3002 3188//3188 3030//3030
f 1313//1313 1317//1317 1295//1295
f 1294//1294 1306//1306 1300//1300
f 1294//1294 1300//1300 1306//1306
f 4117//4117 4106//4106 4074//4074
f 1673//1673 1693//1693 1683//1683
f 1978//1978 1954//1954 1958//1958
f 2513//2513 2562//2562 2350//2350
f 77//77 49//49 44//44
f 4238//4238 4214//4214 4241//4241
f 744//744 766//766 741//741
f 345//345 236//236 386//386
f 1423//1423 1511//1511 1601//1601
f 1318//1318 1330//1330 1309//1309
f 3568//3568 3506//3506 3607//3607
f 1030//1030 1027//1027 1031//1031
f 3413//3413 3396//3396 3390//3390
f 3413//3413 3390//3390 3396//3396
f 3819//3819 770//770 721//721
f 4062//4062 4086//4086 4092//4092
f 4062//4062 4092//4092 4086//4086
f 419//419 479//479 375//375
f 419//419 375//375 479//479
f 2583//2583 2594//2594 2641//2641
f 1007//1007 1064//1064 1076//1076
f 4062//4062 4092//4092 4098//4098
f 4088//4088 3916//3916 3834//3834
f 4062//4062 4086//4086 4092//4092
f 2347//2347 2490//2490 2445//2445
f 2684//2684 2490//2490 2560//2560
f 2444//2444 2364//2364 2431//2431
f 1576//1576 1663//1663 1474//1474
f 1814//1814 1964//1964 1879//1879
f 2697//2697 2698//2698 2604//2604
f 3007//3007 2991//2991 2986//2986
f 3007//3007 2986//2986 2991//2991
f 4171//4171 4119//4119 4131//4131
f 2846//2846 2534//2534 2917//2917
f 1483//1483 1581//1581 1532//1532
f 3432//3432 3502//3502 3481//3481
f 3277//3277 3260//3260 3211//3211
f 2170//2170 2301//2301 2254//2254
f 8//8 1802//1802 1979//1979
f 2997//2997 3007//3007 3013//3013
f 3462//3462 3499//3499 3266//3266
f 916//916 906//906 873//873
f 1547//1547 1610//1610 1659//1659
f 1085//1085 1045//1045 1089//1089
f 3256//3256 3065//3065 3100//3100
f 13//13 5//5 96//96
f 1953//1953 2183//2183 2221//2221
f 2083//2083 2114//2114 2233//2233
f 797//797 875//875 919//919
f 797//797 919//919 875//875
f 1464//1464 2039//2039 1506//1506
f 749//749 380//380 531//531
f 1337//1337 1311//1311 1435//1435
f 95//95 98//98 88//88
f 3607//3607 3584//3584 3597//3597
f 3279//3279 3318//3318 3349//3349
f 3473//3473 3506//3506 3536//3536
f 272//272 432//432 241//241
f 1854//1854 1892//1892 1895//1895
f 1690//1690 1755//1755 1861//1861
f 2575//2575 2321//2321 1882//1882
f 983//983 992//992 936//936
f 3689//3689 3666//3666 3680//3680
f 1572//1572 2002//2002 1782//1782
f 2610//2610 2612//2612 2769//2769
f 824//824 844//844 829//829
f 2228//2228 2595//2595 2336//2336
f 184//184 181//181 180//180
f 3506//3506 3448//3448 3542//3542
f 973//973 918//918 893//893
f 4062//4062 4050//4050 4086//4086
f 481//481 528//528 504//504
f 481//481 504//504 528//528
f 4062//4062 4086//4086 4050//4050
f 1140//1140 1415//1415 911//911
f 59//59 61//61 103//103
f 3352//3352 3297//3297 3469//3469
f 845//845 841//841 746//746
f 2300//2300 1978//1978 1897//1897
f 3707//3707 3685//3685 3712//3712
f 1797//1797 1624//1624 1689//1689
f 2753//2753 2895//2895 2659//2659
f 3707//3707 3712//3712 3685//3685
f 1414//1414 1339//1339 1416//1416
f 1795//1795 1526//1526 1654//1654
f 2296//2296 2380//2380 2373//2373
f 2198//2198 1817//1817 2140//2140
f 3855//3855 3650//3650 3648//3648
f 4078//4078 4060//4060 4097//4097
f 1298//1298 1295//1295 1327//1327
f 1547//1547 1436//1436 1544//1544
f 1001//1001 1030//1030 996//996
f 3328//3328 3173//3173 3167//3167
f 1781//1781 1465//1465 1791//1791
f 2547//2547 2473//2473 2534//2534
f 2419//2419 2437//2437 2362//2362
f 2098//2098 2190//2190 2143//2143
f 1037//1037 1048//1048 965//965
f 2662//2662 3110//3110 3121//3121
f 3086//3086 3130//3130 3131//3131
f 329//329 338//338 374//374
f 3062//3062 3296//3296 3077//3077
f 4078//4078 4103//4103 4097//4097
f 2828//2828 2830//2830 2792//2792
f 2828//2828 2792//2792 2830//2830
f 1992//1992 2260//2260 2057//2057
f 2168//2168 2308//2308 2282//2282
f 4064//4064 4097//4097 4100//4100
f 3254//3254 3393//3393 3317//3317
f 1151//1151 1299//1299 1190//1190
f 1151//1151 1190//1190 1299//1299
f 1126//1126 1192//1192 1138//1138
f 2498//2498 2570//2570 2581//2581
f 2005//2005 301//301 1038//1038
f 1038//1038 301//301 723//723
f 4103//4103 4107//4107 4100//4100
f 2618//2618 2509//2509 2570//2570
f 4100//4100 4107//4107 4103//4103
f 2523//2523 2494//2494 2542//2542
f 676//676 794//794 658//658
f 573//573 532//532 492//492
f 1600//1600 2478//2478 3223//3223
f 2387//2387 2367//2367 1971//1971
f 63//63 117//117 114//114
f 1059//1059 1019//1019 994//994
f 325//325 342//342 330//330
f 4100//4100 4103//4103 4078//4078
f 638//638 601//601 602//602
f 2700//2700 2829//2829 2957//2957
f 1717//1717 1706//1706 1702//1702
f 3158//3158 3313//3313 3000//3000
f 3205//3205 3234//3234 3219//3219
f 1490//1490 1503//1503 1661//1661
f 402//402 428//428 367//367
f 824//824 680//680 726//726
f 274//274 342//342 280//280
f 544//544 538//538 558//558
f 3070//3070 3067//3067 3266//3266
f 696//696 571//571 522//522
f 1891//1891 1862//1862 1951//1951
f 1319//1319 1403//1403 1340//1340
f 4078//4078 4064//4064 4100//4100
f 1738//1738 2209//2209 1814//1814
f 3456//3456 3430//3430 3083//3083
f 935//935 844//844 958//958
f 2245//2245 2194//2194 2167//2167
f 3172//3172 2986//2986 3331//3331
f 3172//3172 3331//3331 2986//2986
f 4078//4078 4097//4097 4064//4064
f 990//990 1007//1007 945//945
f 1870//1870 1710//1710 1818//1818
f 3144//3144 3140//3140 3173//3173
f 3144//3144 3173//3173 3140//3140
f 3417//3417 3526//3526 3499//3499
f 3417//3417 3499//3499 3526//3526
f 1811//1811 1762//1762 1777//1777
f 1771//1771 1678//1678 1667//1667
f 2298//2298 2201//2201 2278//2278
f 2029//2029 1761//1761 1821//1821
f 1995//1995 1885//1885 1935//1935
f 2797//2797 2581//2581 2626//2626
f 4078//4078 4100//4100 4097//4097
f 1554//1554 1432//1432 1502//1502
f 1744//1744 1718//1718 1782//1782
f 2100//2100 2372//2372 2185//2185
f 1057//1057 1089//1089 1070//1070
f 3387//3387 3263//3263 3302//3302
f 3387//3387 3302//3302 3263//3263
f 3673//3673 3616//3616 3679//3679
f 635//635 711//711 663//663
f 2783//2783 3260//3260 2516//2516
f 3259//3259 3144//3144 3173//3173
f 1511//1511 1605//1605 1601//1601
f 2168//2168 2435//2435 2280//2280
f 3388//3388 3537//3537 3392//3392
f 3388//3388 3392//3392 3537//3537
f 1957//1957 2340//2340 2343//2343
f 3609//3609 3608//3608 3619//3619
f 3609//3609 3619//3619 3608//3608
f 16//16 15//15 152//152
f 2236//2236 2346//2346 2242//2242
f 708//708 684//684 675//675
f 3266//3266 3287//3287 3373//3373
f 2195//2195 2072//2072 2182//2182
f 2369//2369 2170//2170 2164//2164
f 3019//3019 3034//3034 2816//2816
f 2237//2237 2345//2345 2262//2262
f 864//864 883//883 995//995
f 962//962 959//959 927//927
f 702//702 688//688 684//684
f 3541//3541 2934//2934 3179//3179
f 1167//1167 1271//1271 1225//1225
f 666//666 702//702 684//684
f 1252//1252 1016//1016 1134//1134
f 666//666 675//675 684//684
f 666//666 684//684 675//675
f 675//675 684//684 688//688
f 744//744 694//694 741//741
f 675//675 700//700 712//712
f 675//675 712//712 700//700
f 2369//2369 2190//2190 2301//2301
f 702//702 706//706 712//712
f 675//675 712//712 706//706
f 702//702 675//675 706//706
f 3837//3837 3750//3750 3769//3769
f 1079//1079 1027//1027 1034//1034
f 744//744 748//748 743//743
f 744//744 743//743 748//748
f 702//702 698//698 675//675
f 675//675 717//717 714//714
f 3562//3562 3487//3487 3555//3555
f 675//675 698//698 717//717
f 2066//2066 1966//1966 1950//1950
f 259//259 450//450 254//254
f 3190//3190 3332//3332 2993//2993
f 959//959 949//949 955//955
f 959//959 955//955 949//949
f 2627//2627 2688//2688 2663//2663
f 2627//2627 2663//2663 2688//2688
f 916//916 873//873 805//805
f 916//916 805//805 873//873
f 1177//1177 1475//1475 1149//1149
f 2167//2167 2096//2096 1975//1975
f 415//415 608//608 505//505
f 3318//3318 3408//3408 3487//3487
f 2004//2004 1986//1986 2050//2050
f 324//324 315//315 333//333
f 2161//2161 2274//2274 2230//2230
f 2221//2221 2196//2196 2467//2467
f 474//474 420//420 478//478
f 803//803 680//680 671//671
f 120//120 111//111 113//113
f 2936//2936 3225//3225 2964//2964
f 2936//2936 2964//2964 3225//3225
f 1042//1042 1040//1040 1031//1031
f 3073//3073 2638//2638 3020//3020
f 210//210 284//284 239//239
f 2523//2523 2542//2542 2577//2577
f 3606//3606 3538//3538 3526//3526
f 824//824 769//769 753//753
f 3538//3538 3596//3596 3526//3526
f 2407//2407 2364//2364 2250//2250
f 738//738 752//752 903//903
f 738//738 903//903 752//752
f 1946//1946 1510//1510 1470//1470
f 1932//1932 1876//1876 1820//1820
f 2439//2439 2420//2420 2326//2326
f 741//741 747//747 750//750
f 2433//2433 2422//2422 2457//2457
f 4124//4124 4212//4212 4161//4161
f 1573//1573 1763//1763 1867//1867
f 3019//3019 2915//2915 2926//2926
f 811//811 718//718 909//909
f 191//191 276//276 295//295
f 1617//1617 1524//1524 1559//1559
f 1930//1930 2078//2078 1942//1942
f 1614//1614 1563//1563 1587//1587
f 3344//3344 3358//3358 3221//3221
f 788//788 908//908 812//812
f 3593//3593 3580//3580 3587//3587
f 2972//2972 3009//3009 2925//2925
f 2236//2236 2488//2488 2346//2346
f 1930//1930 1847//1847 2209//2209
f 1952//1952 2136//2136 2048//2048
f 131//131 153//153 193//193
f 2181//2181 2204//2204 2169//2169
f 2581//2581 2633//2633 2623//2623
f 3178//3178 3151//3151 3236//3236
f 3417//3417 3391//3391 3248//3248
f 3071//3071 2955//2955 2902//2902
f 609//609 522//522 464//464
f 3429//3429 3302//3302 3333//3333
f 108//108 111//111 116//116
f 1794//1794 1803//1803 1764//1764
f 3614//3614 3594//3594 3557//3557
f 1992//1992 1951//1951 1998//1998
f 2175//2175 2691//2691 2621//2621
f 1814//1814 1966//1966 2209//2209
f 1814//1814 2209//2209 1966//1966
f 387//387 389//389 375//375
f 1825//1825 1807//1807 1865//1865
f 3323//3323 3309//3309 3117//3117
f 3323//3323 3117//3117 3309//3309
f 1409//1409 622//622 846//846
f 4197//4197 4178//4178 4215//4215
f 656//656 743//743 748//748
f 647//647 681//681 682//682
f 1835//1835 2884//2884 3305//3305
f 704//704 662//662 630//630
f 2142//2142 2138//2138 2091//2091
f 1054//1054 1010//1010 958//958
f 307//307 447//447 292//292
f 3047//3047 2895//2895 3008//3008
f 503//503 605//605 397//397
f 120//120 108//108 126//126
f 670//670 644//644 679//679
f 3073//3073 2905//2905 3018//3018
f 919//919 871//871 933//933
f 934//934 871//871 933//933
f 1220//1220 1177//1177 599//599
f 797//797 871//871 919//919
f 1072//1072 1059//1059 1031//1031
f 1163//1163 1132//1132 1189//1189
f 1060//1060 1003//1003 1061//1061
f 3040//3040 3665//3665 4015//4015
f 962//962 949//949 965//965
f 2581//2581 2633//2633 2520//2520
f 2581//2581 2520//2520 2633//2633
f 962//962 965//965 959//959
f 410//410 400//400 448//448
f 2629//2629 3029//3029 2798//2798
f 1522//1522 1434//1434 1358//1358
f 1014//1014 1031//1031 1027//1027
f 959//959 949//949 954//954
f 959//959 954//954 949//949
f 1811//1811 2012//2012 1799//1799
f 2452//2452 2656//2656 2655//2655
f 2577//2577 2542//2542 2494//2494
f 959//959 949//949 957//957
f 2840//2840 2937//2937 2654//2654
f 195//195 235//235 183//183
f 1346//1346 1295//1295 1317//1317
f 3210//3210 3600//3600 3634//3634
f 824//824 707//707 829//829
f 824//824 829//829 707//707
f 3382//3382 3421//3421 3384//3384
f 2492//2492 2424//2424 2373//2373
f 16//16 154//154 14//14
f 2264//2264 2180//2180 2364//2364
f 1302//1302 1381//1381 1330//1330
f 2208//2208 2325//2325 2316//2316
f 1726//1726 1832//1832 1814//1814
f 106//106 174//174 115//115
f 97//97 91//91 30//30
f 2362//2362 2231//2231 2180//2180
f 3174//3174 3166//3166 3071//3071
f 1270//1270 1297//1297 1302//1302
f 2588//2588 3160//3160 2538//2538
f 3279//3279 3408//3408 3318//3318
f 50//50 30//30 95//95
f 2240//2240 2270//2270 2120//2120
f 2655//2655 2379//2379 1750//1750
f 1934//1934 2056//2056 1967//1967
f 131//131 55//55 125//125
f 1014//1014 1030//1030 1004//1004
f 1726//1726 1738//1738 1814//1814
f 273//273 269//269 309//309
f 1014//1014 1027//1027 1030//1030
f 3159//3159 3176//3176 3080//3080
f 2388//2388 2516//2516 3260//3260
f 1564//1564 1474//1474 1381//1381
f 1516//1516 1610//1610 1540//1540
f 697//697 653//653 642//642
f 160//160 39//39 161//161
f 3012//3012 3008//3008 2616//2616
f 406//406 399//399 403//403
f 1930//1930 1966//1966 409//409
f 1363//1363 1369//1369 1358//1358
f 283//283 337//337 333//333
f 1217//1217 1239//1239 1248//1248
f 2618//2618 2616//2616 2851//2851
f 1235//1235 1240//1240 1187//1187
f 2018//2018 2023//2023 2015//2015
f 3649//3649 3671//3671 4047//4047
f 3188//3188 3206//3206 3159//3159
f 1533//1533 1805//1805 1809//1809
f 1018//1018 1058//1058 1045//1045
f 3310//3310 3367//3367 3517//3517
f 3098//3098 2868//2868 3336//3336
f 85//85 82//82 254//254
f 2523//2523 2591//2591 2542//2542
f 2523//2523 2542//2542 2591//2591
f 428//428 4282//4282 2810//2810
f 2004//2004 1918//1918 1807//1807
f 1578//1578 1504//1504 1573//1573
f 2771//2771 2816//2816 2770//2770
f 2771//2771 2770//2770 2816//2816
f 1037//1037 965//965 949//949
f 4154//4154 4083//4083 4143//4143
f 178//178 220//220 143//143
f 642//642 653//653 694//694
f 2235//2235 2278//2278 2326//2326
f 2720//2720 2815//2815 2733//2733
f 973//973 918//918 893//893
f 2294//2294 2550//2550 2381//2381
f 2440//2440 2361//2361 2509//2509
f 3896//3896 4145//4145 4156//4156
f 619//619 663//663 625//625
f 797//797 1001//1001 934//934
f 668//668 763//763 704//704
f 668//668 704//704 763//763
f 319//319 445//445 341//341
f 708//708 706//706 712//712
f 2985//2985 2939//2939 2969//2969
f 725//725 1341//1341 651//651
f 708//708 700//700 684//684
f 684//684 700//700 712//712
f 3673//3673 3679//3679 3931//3931
f 708//708 684//684 688//688
f 708//708 688//688 684//684
f 3445//3445 3544//3544 3511//3511
f 663//663 702//702 684//684
f 663//663 684//684 702//702
f 1687//1687 1683//1683 1663//1663
f 1057//1057 961//961 990//990
f 1057//1057 990//990 961//961
f 1439//1439 1381//1381 1297//1297
f 2803//2803 2493//2493 2799//2799
f 2803//2803 2799//2799 2493//2493
f 1407//1407 1523//1523 1485//1485
f 1586//1586 1826//1826 1897//1897
f 749//749 678//678 839//839
f 187//187 268//268 285//285
f 3574//3574 3508//3508 3512//3512
f 3621//3621 3573//3573 3617//3617
f 2517//2517 2713//2713 2864//2864
f 410//410 422//422 344//344
f 4183//4183 4200//4200 4236//4236
f 744//744 741//741 743//743
f 990//990 941//941 800//800
f 95//95 30//30 91//91
f 2029//2029 1821//1821 1980//1980
f 1117//1117 1190//1190 1167//1167
f 716//716 738//738 713//713
f 3114//3114 3060//3060 3372//3372
f 1216//1216 614//614 723//723
f 749//749 406//406 850//850
f 1821//1821 1885//1885 2031//2031
f 2881//2881 2814//2814 2616//2616
f 368//368 392//392 354//354
f 3632//3632 3596//3596 3619//3619
f 696//696 1197//1197 669//669
f 97//97 110//110 194//194
f 85//85 185//185 80//80
f 2916//2916 2446//2446 2099//2099
f 3567//3567 3538//3538 3526//3526
f 3406//3406 3525//3525 3394//3394
f 3542//3542 3584//3584 3580//3580
f 1490//1490 1527//1527 1648//1648
f 1049//1049 962//962 959//959
f 85//85 80//80 185//185
f 2537//2537 2642//2642 2609//2609
f 138//138 82//82 89//89
f 661//661 713//713 744//744
f 399//399 401//401 469//469
f 2972//2972 3017//3017 3006//3006
f 2972//2972 3006//3006 3017//3017
f 2142//2142 2162//2162 2138//2138
f 2142//2142 2138//2138 2162//2162
f 453//453 455//455 457//457
f 1123//1123 1128//1128 1121//1121
f 2371//2371 2498//2498 2654//2654
f 2362//2362 2403//2403 2436//2436
f 1849//1849 2089//2089 1792//1792
f 2409//2409 2399//2399 1709//1709
f 106//106 77//77 150//150
f 86//86 222//222 170//170
f 744//744 694//694 766//766
f 1327//1327 1397//1397 1361//1361
f 3755//3755 3777//3777 3874//3874
f 3755//3755 3874//3874 3777//3777
f 3533//3533 3577//3577 3532//3532
f 2555//2555 2512//2512 2644//2644
f 912//912 1015//1015 894//894
f 912//912 894//894 1015//1015
f 587//587 596//596 590//590
f 2610//2610 2585//2585 2598//2598
f 1326//1326 1482//1482 1562//1562
f 2513//2513 2536//2536 2410//2410
f 2803//2803 2812//2812 2792//2792
f 2803//2803 2792//2792 2812//2812
f 2198//2198 1966//1966 2079//2079
f 2973//2973 2953//2953 2919//2919
f 3601//3601 3496//3496 3438//3438
f 963//963 1060//1060 980//980
f 738//738 677//677 713//713
f 2835//2835 2802//2802 2829//2829
f 268//268 146//146 461//461
f 1949//1949 2068//2068 2055//2055
f 909//909 927//927 926//926
f 909//909 926//926 932//932
f 1507//1507 1553//1553 1498//1498
f 909//909 932//932 885//885
f 1659//1659 1708//1708 1714//1714
f 3435//3435 3119//3119 2790//2790
f 3500//3500 3524//3524 3487//3487
f 1874//1874 2262//2262 1751//1751
f 1874//1874 1751//1751 2262//2262
f 1237//1237 1189//1189 1267//1267
f 2851//2851 2766//2766 2616//2616
f 1295//1295 1317//1317 1455//1455
f 1358//1358 1434//1434 1483//1483
f 734//734 788//788 924//924
f 924//924 788//788 891//891
f 2555//2555 2562//2562 2620//2620
f 1059//1059 1014//1014 1019//1019
f 1945//1945 1977//1977 1976//1976
f 1945//1945 1976//1976 1977//1977
f 824//824 732//732 707//707
f 824//824 707//707 732//732
f 868//868 891//891 812//812
f 2997//2997 3013//3013 3000//3000
f 797//797 871//871 934//934
f 797//797 934//934 871//871
f 1001//1001 933//933 934//934
f 2689//2689 2370//2370 2470//2470
f 824//824 707//707 844//844
f 1283//1283 1301//1301 1305//1305
f 2337//2337 1969//1969 2966//2966
f 797//797 934//934 933//933
f 646//646 743//743 656//656
f 797//797 933//933 1001//1001
f 44//44 43//43 64//64
f 2184//2184 2107//2107 2127//2127
f 1303//1303 1229//1229 1277//1277
f 2142//2142 2102//2102 1886//1886
f 1891//1891 1935//1935 1914//1914
f 3372//3372 3397//3397 3588//3588
f 2627//2627 2583//2583 2710//2710
f 3337//3337 3460//3460 3494//3494
f 1293//1293 1295//1295 1329//1329
f 2593//2593 2781//2781 1347//1347
f 2985//2985 2969//2969 3027//3027
f 2193//2193 2159//2159 2153//2153
f 1918//1918 1865//1865 1807//1807
f 3469//3469 3448//3448 3506//3506
f 898//898 907//907 889//889
f 3304//3304 3290//3290 3341//3341
f 2656//2656 525//525 563//563
f 2572//2572 2659//2659 2854//2854
f 1806//1806 1827//1827 1800//1800
f 1806//1806 1800//1800 1827//1827
f 1617//1617 1828//1828 1820//1820
f 3019//3019 2926//2926 3017//3017
f 2014//2014 1985//1985 2021//2021
f 861//861 746//746 753//753
f 75//75 82//82 80//80
f 935//935 951//951 862//862
f 734//734 924//924 868//868
f 3863//3863 3950//3950 3957//3957
f 3863//3863 3957//3957 3950//3950
f 2288//2288 2216//2216 2265//2265
f 199//199 198//198 183//183
f 1034//1034 1042//1042 1027//1027
f 890//890 1005//1005 964//964
f 1229//1229 1227//1227 1150//1150
f 356//356 344//344 309//309
f 217//217 230//230 206//206
f 734//734 812//812 868//868
f 1522//1522 1900//1900 1730//1730
f 2165//2165 2323//2323 2242//2242
f 1293//1293 1312//1312 1294//1294
f 1890//1890 1805//1805 1809//1809
f 1600//1600 1911//1911 1590//1590
f 774//774 877//877 968//968
f 1037//1037 949//949 1011//1011
f 3409//3409 3327//3327 2992//2992
f 2193//2193 2205//2205 2285//2285
f 1548//1548 1557//1557 1502//1502
f 3172//3172 3000//3000 3158//3158
f 3053//3053 3864//3864 3608//3608
f 3572//3572 3593//3593 3525//3525
f 882//882 876//876 968//968
f 352//352 501//501 456//456
f 661//661 741//741 694//694
f 3102//3102 3310//3310 3112//3112
f 909//909 820//820 718//718
f 1890//1890 1930//1930 1932//1932
f 1434//1434 1396//1396 1360//1360
f 874//874 877//877 830//830
f 204//204 108//108 116//116
f 2297//2297 2081//2081 2272//2272
f 977//977 965//965 949//949
f 749//749 578//578 678//678
f 331//331 301//301 288//288
f 331//331 288//288 301//301
f 130//130 127//127 113//113
f 2072//2072 2130//2130 2060//2060
f 1380//1380 1390//1390 1345//1345
f 1085//1085 1058//1058 1045//1045
f 1055//1055 1019//1019 994//994
f 2513//2513 2644//2644 2562//2562
f 1057//1057 1062//1062 990//990
f 1057//1057 990//990 1062//1062
f 1592//1592 1499//1499 1595//1595
f 2898//2898 3207//3207 2940//2940
f 4285//4285 4288//4288 4289//4289
f 3049//3049 3405//3405 3283//3283
f 2538//2538 2333//2333 1694//1694
f 1878//1878 1822//1822 1464//1464
f 2821//2821 2795//2795 2794//2794
f 2821//2821 2794//2794 2795//2795
f 3298//3298 3258//3258 3245//3245
f 2264//2264 2276//2276 2306//2306
f 2193//2193 2198//2198 2209//2209
f 3526//3526 3596//3596 3567//3567
f 1416//1416 1434//1434 1494//1494
f 1828//1828 1632//1632 1839//1839
f 909//909 855//855 781//781
f 909//909 781//781 855//855
f 602//602 595//595 601//601
f 663//663 625//625 619//619
f 464//464 522//522 445//445
f 3944//3944 3954//3954 3950//3950
f 3944//3944 3950//3950 3954//3954
f 1825//1825 1986//1986 2050//2050
f 909//909 781//781 802//802
f 687//687 642//642 776//776
f 2405//2405 2384//2384 2529//2529
f 2405//2405 2529//2529 2384//2384
f 4229//4229 4287//4287 4253//4253
f 164//164 149//149 223//223
f 164//164 223//223 149//149
f 325//325 352//352 335//335
f 2972//2972 2926//2926 2915//2915
f 2131//2131 2154//2154 2139//2139
f 2131//2131 2139//2139 2154//2154
f 183//183 235//235 268//268
f 2172//2172 2197//2197 1822//1822
f 3197//3197 3234//3234 3196//3196
f 625//625 591//591 596//596
f 1737//1737 1914//1914 1588//1588
f 3277//3277 2928//2928 2388//2388
f 1737//1737 1588//1588 1914//1914
f 2514//2514 2427//2427 2510//2510
f 2602//2602 2391//2391 2524//2524
f 1518//1518 1554//1554 1872//1872
f 802//802 855//855 909//909
f 2305//2305 2291//2291 2121//2121
f 1375//1375 1249//1249 1155//1155
f 312//312 408//408 326//326
f 2434//2434 2555//2555 2625//2625
f 777//777 821//821 828//828
f 777//777 828//828 821//821
f 513//513 504//504 489//489
f 1565//1565 1682//1682 1701//1701
f 1715//1715 1670//1670 1647//1647
f 2348//2348 2394//2394 2281//2281
f 3525//3525 3479//3479 3507//3507
f 3525//3525 3507//3507 3479//3479
f 3526//3526 3528//3528 3567//3567
f 3575//3575 3517//3517 3596//3596
f 2193//2193 2159//2159 2153//2153
f 1254//1254 1275//1275 2762//2762
f 1860//1860 2696//2696 1519//1519
f 3171//3171 3104//3104 3066//3066
f 1801//1801 1787//1787 1864//1864
f 1801//1801 1864//1864 1787//1787
f 3500//3500 3377//3377 3446//3446
f 3500//3500 3446//3446 3377//3377
f 3790//3790 3655//3655 4119//4119
f 2126//2126 2199//2199 2122//2122
f 3161//3161 1577//1577 2824//2824
f 1513//1513 1665//1665 1948//1948
f 2520//2520 2761//2761 2573//2573
f 2818//2818 2977//2977 2512//2512
f 1535//1535 1505//1505 1579//1579
f 2517//2517 2410//2410 2513//2513
f 2517//2517 2513//2513 2410//2410
f 864//864 893//893 883//883
f 1405//1405 1617//1617 1474//1474
f 968//968 876//876 884//884
f 968//968 884//884 876//876
f 3175//3175 1462//1462 1518//1518
f 1305//1305 1296//1296 1304//1304
f 1072//1072 1073//1073 1014//1014
f 774//774 874//874 876//876
f 2570//2570 2616//2616 2937//2937
f 968//968 876//876 882//882
f 774//774 968//968 874//874
f 3818//3818 3916//3916 3837//3837
f 1648//1648 1790//1790 1527//1527
f 3620//3620 3624//3624 3591//3591
f 3172//3172 3158//3158 3412//3412
f 2108//2108 2118//2118 2110//2110
f 2108//2108 2110//2110 2118//2118
f 2720//2720 2467//2467 2667//2667
f 2907//2907 2948//2948 2968//2968
f 3079//3079 2821//2821 3026//3026
f 3597//3597 3497//3497 3533//3533
f 981//981 1014//1014 968//968
f 2946//2946 2820//2820 2944//2944
f 1809//1809 1814//1814 1805//1805
f 734//734 924//924 908//908
f 3456//3456 2866//2866 3137//3137
f 3070//3070 3152//3152 3062//3062
f 3128//3128 2923//2923 3072//3072
f 1331//1331 1431//1431 1407//1407
f 154//154 16//16 152//152
f 883//883 779//779 711//711
f 661//661 694//694 744//744
f 3640//3640 3646//3646 3539//3539
f 982//982 891//891 926//926
f 982//982 926//926 891//891
f 934//934 986//986 1027//1027
f 934//934 1027//1027 986//986
f 1380//1380 1345//1345 1318//1318
f 671//671 661//661 694//694
f 2660//2660 2605//2605 2624//2624
f 1719//1719 1428//1428 1781//1781
f 3327//3327 3009//3009 3394//3394
f 2452//2452 515//515 511//511
f 265//265 152//152 154//154
f 2936//2936 2959//2959 3022//3022
f 1659//1659 1672//1672 1727//1727
f 3259//3259 3406//3406 3469//3469
f 2053//2053 2064//2064 2040//2040
f 3264//3264 3328//3328 3173//3173
f 1515//1515 1499//1499 1486//1486
f 749//749 315//315 371//371
f 3010//3010 2812//2812 2830//2830
f 3639//3639 3486//3486 3661//3661
f 981//981 1031//1031 1030//1030
f 3419//3419 3442//3442 3316//3316
f 1732//1732 1427//1427 1757//1757
f 3216//3216 3234//3234 3197//3197
f 2487//2487 2450//2450 2494//2494
f 702//702 666//666 684//684
f 663//663 666//666 702//702
f 627//627 612//612 640//640
f 2070//2070 1977//1977 2100//2100
f 1385//1385 1313//1313 1312//1312
f 363//363 362//362 340//340
f 1870//1870 1818//1818 1843//1843
f 1870//1870 1843//1843 1818//1818
f 2581//2581 2729//2729 2618//2618
f 2581//2581 2618//2618 2729//2729
f 1338//1338 1393//1393 1363//1363
f 190//190 205//205 181//181
f 2820//2820 2185//2185 2372//2372
f 2291//2291 2121//2121 2133//2133
f 2903//2903 2173//2173 2848//2848
f 2347//2347 2344//2344 2291//2291
f 4242//4242 4264//4264 4268//4268
f 3473//3473 3463//3463 3542//3542
f 2870//2870 2869//2869 2901//2901
f 3217//3217 3224//3224 3299//3299
f 3205//3205 3220//3220 3196//3196
f 368//368 370//370 340//340
f 4268//4268 4271//4271 4270//4270
f 1932//1932 1820//1820 1828//1828
f 2734//2734 2733//2733 2815//2815
f 1930//1930 2062//2062 2078//2078
f 1018//1018 1054//1054 1070//1070
f 1001//1001 1030//1030 1031//1031
f 1001//1001 1013//1013 1030//1030
f 51//51 222//222 214//214
f 959//959 908//908 924//924
f 965//965 949//949 927//927
f 965//965 927//927 949//949
f 797//797 694//694 733//733
f 797//797 733//733 766//766
f 2059//2059 2121//2121 2291//2291
f 797//797 766//766 752//752
f 410//410 429//429 385//385
f 1313//1313 1335//1335 1290//1290
f 797//797 752//752 767//767
f 1151//1151 1191//1191 1171//1171
f 1726//1726 1716//1716 1738//1738
f 666//666 663//663 702//702
f 950//950 862//862 951//951
f 950//950 951//951 862//862
f 1018//1018 1084//1084 1058//1058
f 1874//1874 1850//1850 1746//1746
f 755//755 658//658 757//757
f 2138//2138 2071//2071 2091//2091
f 990//990 800//800 1007//1007
f 990//990 1007//1007 800//800
f 950//950 935//935 862//862
f 1072//1072 1080//1080 1031//1031
f 1072//1072 1031//1031 1080//1080
f 1342//1342 1066//1066 1228//1228
f 1481//1481 1556//1556 1568//1568
f 1999//1999 1862//1862 1961//1961
f 2228//2228 2336//2336 2075//2075
f 1084//1084 1081//1081 1089//1089
f 3012//3012 2890//2890 2851//2851
f 3012//3012 2851//2851 2890//2890
f 1027//1027 1079//1079 1077//1077
f 3862//3862 3830//3830 4040//4040
f 713//713 697//697 744//744
f 1897//1897 1963//1963 1954//1954
f 1042//1042 1073//1073 1080//1080
f 1042//1042 1082//1082 1073//1073
f 1538//1538 1823//1823 1960//1960
f 1719//1719 1781//1781 1846//1846
f 1661//1661 1629//1629 1672//1672
f 3356//3356 3060//3060 3042//3042
f 1058//1058 1080//1080 1068//1068
f 1847//1847 1814//1814 2209//2209
f 1058//1058 1068//1068 1085//1085
f 3070//3070 3096//3096 3056//3056
f 3070//3070 3056//3056 3096//3096
f 1328//1328 1374//1374 1332//1332
f 311//311 267//267 287//287
f 2023//2023 2037//2037 2216//2216
f 2753//2753 2911//2911 2908//2908
f 2174//2174 1959//1959 2339//2339
f 3427//3427 3325//3325 3125//3125
f 2629//2629 2681//2681 2583//2583
f 1758//1758 1677//1677 1805//1805
f 3045//3045 3252//3252 3267//3267
f 845//845 841//841 844//844
f 87//87 176//176 79//79
f 1072//1072 1014//1014 1019//1019
f 1522//1522 1436//1436 1483//1483
f 2546//2546 1938//1938 2703//2703
f 1771//1771 1664//1664 1678//1678
f 2303//2303 2009//2009 1885//1885
f 1695//1695 1625//1625 1642//1642
f 3570//3570 3521//3521 3353//3353
f 257//257 51//51 86//86
f 1082//1082 1034//1034 1027//1027
f 1072//1072 1068//1068 1030//1030
f 1080//1080 1072//1072 1030//1030
f 910//910 899//899 995//995
f 1080//1080 1030//1030 1068//1068
f 1007//1007 972//972 800//800
f 4228//4228 4219//4219 4205//4205
f 2014//2014 2071//2071 2021//2021
f 2883//2883 3068//3068 2697//2697
f 1082//1082 1089//1089 1077//1077
f 1082//1082 1080//1080 1089//1089
f 2647//2647 2511//2511 2457//2457
f 1042//1042 1077//1077 1089//1089
f 2697//2697 2835//2835 2923//2923
f 1085//1085 1068//1068 1058//1058
f 383//383 343//343 261//261
f 3597//3597 3555//3555 3524//3524
f 1059//1059 1055//1055 1053//1053
f 1771//1771 1782//1782 1825//1825
f 1018//1018 1070//1070 1084//1084
f 2892//2892 406//406 2907//2907
f 945//945 1064//1064 1007//1007
f 800//800 861//861 753//753
f 1434//1434 1396//1396 1358//1358
f 2661//2661 2639//2639 2725//2725
f 1058//1058 935//935 1045//1045
f 2817//2817 2738//2738 2664//2664
f 1010//1010 950//950 958//958
f 3602//3602 3533//3533 3548//3548
f 2004//2004 2135//2135 1962//1962
f 2455//2455 2485//2485 2442//2442
f 900//900 995//995 899//899
f 1057//1057 1025//1025 1076//1076
f 1671//1671 1792//1792 1640//1640
f 2416//2416 2349//2349 3641//3641
f 2581//2581 2618//2618 2570//2570
f 2581//2581 2570//2570 2618//2618
f 2079//2079 1803//1803 2093//2093
f 1057//1057 1076//1076 1064//1064
f 1737//1737 1686//1686 1914//1914
f 43//43 175//175 47//47
f 2987//2987 2859//2859 2979//2979
f 2987//2987 2979//2979 2859//2859
f 961//961 990//990 1054//1054
f 3875//3875 3929//3929 4072//4072
f 3630//3630 3276//3276 3556//3556
f 1057//1057 1054//1054 990//990
f 2245//2245 2096//2096 2184//2184
f 1057//1057 1081//1081 1089//1089
f 916//916 780//780 805//805
f 916//916 805//805 780//780
f 3568//3568 3536//3536 3552//3552
f 2072//2072 2195//2195 2112//2112
f 1065//1065 1068//1068 805//805
f 1065//1065 805//805 937//937
f 1064//1064 1076//1076 1089//1089
f 937//937 805//805 803//803
f 2252//2252 2203//2203 2295//2295
f 126//126 230//230 120//120
f 1528//1528 1664//1664 1561//1561
f 2409//2409 2421//2421 2497//2497
f 1370//1370 1346//1346 1520//1520
f 1007//1007 1076//1076 1064//1064
f 576//576 771//771 905//905
f 1861//1861 1671//1671 1681//1681
f 1087//1087 1018//1018 1084//1084
f 106//106 278//278 255//255
f 1593//1593 1648//1648 1609//1609
f 3433//3433 3383//3383 3500//3500
f 1018//1018 1087//1087 1058//1058
f 1064//1064 1089//1089 1057//1057
f 2826//2826 2728//2728 2791//2791
f 1042//1042 1080//1080 1082//1082
f 227//227 168//168 149//149
f 1807//1807 1782//1782 1939//1939
f 1807//1807 1939//1939 1782//1782
f 1148//1148 1125//1125 1120//1120
f 1066//1066 582//582 547//547
f 945//945 1025//1025 1057//1057
f 945//945 1007//1007 1025//1025
f 3473//3473 3525//3525 3463//3463
f 3564//3564 3604//3604 3594//3594
f 1874//1874 1900//1900 1854//1854
f 935//935 1010//1010 1018//1018
f 950//950 1010//1010 935//935
f 2405//2405 2384//2384 2308//2308
f 935//935 958//958 950//950
f 1007//1007 972//972 1064//1064
f 2311//2311 2361//2361 2295//2295
f 1084//1084 1018//1018 1058//1058
f 1458//1458 1486//1486 1505//1505
f 1042//1042 1019//1019 1027//1027
f 1079//1079 1034//1034 1027//1027
f 1059//1059 994//994 1019//1019
f 1059//1059 1019//1019 1055//1055
f 4126//4126 4135//4135 3669//3669
f 75//75 72//72 146//146
f 1019//1019 1055//1055 1027//1027
f 800//800 775//775 746//746
f 2815//2815 2821//2821 2818//2818
f 3614//3614 3621//3621 3617//3617
f 1723//1723 1821//1821 1761//1761
f 2721//2721 2723//2723 2218//2218
f 1354//1354 484//484 577//577
f 1721//1721 1659//1659 1801//1801
f 3098//3098 3203//3203 3261//3261
f 3098//3098 3261//3261 3203//3203
f 1079//1079 1077//1077 1034//1034
f 1045//1045 935//935 950//950
f 3567//3567 3596//3596 3499//3499
f 17//17 136//136 13//13
f 3464//3464 3548//3548 3412//3412
f 1610//1610 1620//1620 1630//1630
f 2909//2909 2644//2644 2684//2684
f 951//951 1065//1065 937//937
f 1380//1380 1318//1318 1312//1312
f 2570//2570 2626//2626 2616//2616
f 1059//1059 1019//1019 1014//1014
f 647//647 3720//3720 681//681
f 3597//3597 3622//3622 3587//3587
f 2883//2883 2918//2918 3105//3105
f 3611//3611 3621//3621 3614//3614
f 2013//2013 2007//2007 2030//2030
f 1089//1089 1062//1062 1057//1057
f 1703//1703 1675//1675 1718//1718
f 227//227 32//32 55//55
f 312//312 239//239 241//241
f 990//990 800//800 845//845
f 3066//3066 3159//3159 3080//3080
f 687//687 843//843 760//760
f 131//131 119//119 153//153
f 130//130 224//224 229//229
f 130//130 229//229 224//224
f 887//887 907//907 898//898
f 687//687 867//867 843//843
f 78//78 165//165 163//163
f 2401//2401 1033//1033 1602//1602
f 328//328 309//309 382//382
f 862//862 833//833 903//903
f 1984//1984 2314//2314 2228//2228
f 867//867 994//994 843//843
f 1518//1518 1872//1872 1910//1910
f 1053//1053 994//994 867//867
f 713//713 744//744 766//766
f 713//713 766//766 744//744
f 364//364 282//282 347//347
f 937//937 803//803 853//853
f 845//845 841//841 861//861
f 3401//3401 1610//1610 2353//2353
f 1466//1466 1426//1426 652//652
f 824//824 732//732 716//716
f 1616//1616 1673//1673 1564//1564
f 3599//3599 3364//3364 3642//3642
f 862//862 824//824 833//833
f 21//21 91//91 31//31
f 824//824 716//716 833//833
f 716//716 732//732 753//753
f 800//800 769//769 845//845
f 2756//2756 3267//3267 3366//3366
f 800//800 753//753 769//769
f 2440//2440 2618//2618 2520//2520
f 1077//1077 1076//1076 1062//1062
f 106//106 170//170 105//105
f 106//106 105//105 170//170
f 2237//2237 2282//2282 2220//2220
f 1326//1326 1562//1562 1205//1205
f 2070//2070 1977//1977 431//431
f 845//845 824//824 1062//1062
f 177//177 142//142 134//134
f 1507//1507 1671//1671 1640//1640
f 48//48 87//87 95//95
f 1065//1065 1080//1080 1085//1085
f 369//369 395//395 348//348
f 990//990 1076//1076 1007//1007
f 2098//2098 2050//2050 2135//2135
f 1058//1058 1080//1080 1068//1068
f 2488//2488 2597//2597 2639//2639
f 950//950 1045//1045 824//824
f 990//990 1062//1062 1076//1076
f 1077//1077 903//903 1034//1034
f 2882//2882 2318//2318 2832//2832
f 1045//1045 1077//1077 1010//1010
f 2249//2249 2348//2348 2299//2299
f 1645//1645 1642//1642 1625//1625
f 2170//2170 2203//2203 2311//2311
f 2170//2170 2311//2311 2203//2203
f 49//49 188//188 51//51
f 1077//1077 1062//1062 824//824
f 3259//3259 3017//3017 3048//3048
f 1077//1077 824//824 1010//1010
f 3080//3080 3079//3079 3068//3068
f 3210//3210 3527//3527 3231//3231
f 447//447 486//486 417//417
f 2629//2629 2709//2709 2841//2841
f 2658//2658 2691//2691 2175//2175
f 3321//3321 3449//3449 3266//3266
f 87//87 79//79 179//179
f 950//950 935//935 1018//1018
f 1057//1057 1070//1070 1054//1054
f 1019//1019 1073//1073 1055//1055
f 100//100 69//69 181//181
f 1297//1297 1340//1340 1298//1298
f 670//670 679//679 751//751
f 3452//3452 3515//3515 3425//3425
f 823//823 964//964 1005//1005
f 1631//1631 1334//1334 1607//1607
f 1505//1505 1486//1486 1498//1498
f 249//249 91//91 70//70
f 3229//3229 3158//3158 3000//3000
f 2880//2880 2886//2886 3069//3069
f 1861//1861 1681//1681 1873//1873
f 1072//1072 1019//1019 1059//1059
f 1021//1021 1061//1061 1056//1056
f 1744//1744 1528//1528 1664//1664
f 676//676 688//688 616//616
f 3589//3589 3521//3521 3960//3960
f 1065//1065 1085//1085 1089//1089
f 3192//3192 3558//3558 3345//3345
f 1163//1163 1169//1169 1189//1189
f 1347//1347 2781//2781 1112//1112
f 1045//1045 1058//1058 1087//1087
f 423//423 437//437 433//433
f 3784//3784 406//406 3853//3853
f 283//283 333//333 256//256
f 1059//1059 1068//1068 1072//1072
f 1828//1828 1523//1523 1851//1851
f 1072//1072 1080//1080 1073//1073
f 4112//4112 4082//4082 4129//4129
f 3142//3142 3092//3092 3054//3054
f 2317//2317 2247//2247 2208//2208
f 2317//2317 2208//2208 2247//2247
f 917//917 1036//1036 1017//1017
f 935//935 1058//1058 951//951
f 2700//2700 2690//2690 2697//2697
f 2700//2700 2697//2697 2690//2690
f 829//829 844//844 824//824
f 1325//1325 1339//1339 1328//1328
f 867//867 805//805 916//916
f 2832//2832 2318//2318 2080//2080
f 270//270 413//413 297//297
f 3053//3053 2946//2946 4281//4281
f 1057//1057 990//990 961//961
f 1057//1057 961//961 990//990
f 302//302 350//350 216//216
f 3259//3259 3264//3264 3406//3406
f 2405//2405 2539//2539 2529//2529
f 2405//2405 2529//2529 2539//2539
f 3663//3663 4132//4132 4142//4142
f 1042//1042 1034//1034 903//903
f 1043//1043 973//973 1036//1036
f 1042//1042 903//903 1030//1030
f 3696//3696 4075//4075 4082//4082
f 972//972 1064//1064 775//775
f 294//294 287//287 211//211
f 990//990 945//945 941//941
f 945//945 1007//1007 861//861
f 2134//2134 2109//2109 2139//2139
f 2134//2134 2139//2139 2109//2109
f 950//950 829//829 935//935
f 829//829 862//862 853//853
f 3356//3356 3114//3114 3483//3483
f 2553//2553 2552//2552 2468//2468
f 862//862 951//951 853//853
f 331//331 288//288 390//390
f 3568//3568 3593//3593 3584//3584
f 3568//3568 3584//3584 3593//3593
f 1178//1178 1359//1359 1701//1701
f 1236//1236 1173//1173 1194//1194
f 713//713 661//661 744//744
f 2300//2300 2157//2157 2412//2412
f 3149//3149 3582//3582 3495//3495
f 2614//2614 2623//2623 2633//2633
f 889//889 918//918 973//973
f 2997//2997 2986//2986 2967//2967
f 1808//1808 1870//1870 1846//1846
f 1518//1518 2392//2392 3214//3214
f 163//163 302//302 216//216
f 320//320 309//309 385//385
f 3960//3960 3521//3521 3648//3648
f 410//410 344//344 400//400
f 389//389 387//387 357//357
f 1721//1721 1714//1714 1708//1708
f 803//803 671//671 677//677
f 2114//2114 2093//2093 2258//2258
f 671//671 733//733 726//726
f 2572//2572 2854//2854 2455//2455
f 824//824 726//726 680//680
f 829//829 707//707 732//732
f 829//829 732//732 707//707
f 1612//1612 1980//1980 1530//1530
f 3510//3510 3517//3517 3367//3367
f 3510//3510 3367//3367 3517//3517
f 4277//4277 4280//4280 4275//4275
f 3047//3047 3008//3008 3091//3091
f 845//845 727//727 690//690
f 3079//3079 3090//3090 3117//3117
f 2440//2440 2520//2520 2190//2190
f 845//845 690//690 737//737
f 2828//2828 2812//2812 2803//2803
f 220//220 232//232 266//266
f 653//653 741//741 661//661
f 237//237 240//240 126//126
f 3497//3497 3577//3577 3489//3489
f 661//661 656//656 743//743
f 2023//2023 2015//2015 2216//2216
f 4200//4200 4175//4175 4219//4219
f 661//661 653//653 741//741
f 5//5 3//3 1772//1772
f 1930//1930 1931//1931 1966//1966
f 1491//1491 1386//1386 1313//1313
f 168//168 161//161 149//149
f 697//697 653//653 664//664
f 2417//2417 2521//2521 2583//2583
f 638//638 697//697 664//664
f 638//638 656//656 748//748
f 1766//1766 1893//1893 1891//1891
f 638//638 646//646 656//656
f 2697//2697 2923//2923 2815//2815
f 41//41 35//35 33//33
f 661//661 744//744 694//694
f 3482//3482 3475//3475 3416//3416
f 2637//2637 2653//2653 2579//2579
f 1403//1403 1331//1331 1407//1407
f 972//972 775//775 800//800
f 753//753 690//690 674//674
f 1436//1436 1373//1373 1389//1389
f 674//674 690//690 677//677
f 716//716 753//753 674//674
f 646//646 673//673 674//674
f 1626//1626 1639//1639 1568//1568
f 3374//3374 3497//3497 3489//3489
f 2678//2678 2660//2660 2624//2624
f 634//634 644//644 631//631
f 3227//3227 3239//3239 3342//3342
f 2851//2851 2626//2626 2570//2570
f 1874//1874 1801//1801 1751//1751
f 1874//1874 1751//1751 1801//1801
f 2305//2305 2424//2424 2291//2291
f 961//961 844//844 841//841
f 3862//3862 4061//4061 3664//3664
f 4125//4125 4080//4080 4163//4163
f 844//844 737//737 769//769
f 3237//3237 2942//2942 2932//2932
f 3237//3237 2932//2932 2942//2942
f 97//97 94//94 103//103
f 737//737 841//841 769//769
f 1734//1734 2082//2082 1323//1323
f 1495//1495 1537//1537 1580//1580
f 861//861 841//841 845//845
f 661//661 981//981 996//996
f 645//645 632//632 658//658
f 2896//2896 2321//2321 2878//2878
f 227//227 39//39 32//32
f 1706//1706 1625//1625 1725//1725
f 1553//1553 1498//1498 1549//1549
f 4095//4095 3910//3910 4105//4105
f 3136//3136 3189//3189 2904//2904
f 716//716 674//674 833//833
f 803//803 671//671 726//726
f 738//738 716//716 767//767
f 800//800 746//746 690//690
f 1325//1325 1328//1328 1338//1338
f 1398//1398 604//604 1362//1362
f 3131//3131 3155//3155 3132//3132
f 55//55 119//119 81//81
f 3401//3401 2243//2243 1610//1610
f 674//674 656//656 743//743
f 4122//4122 3683//3683 4121//4121
f 782//782 887//887 907//907
f 4085//4085 4108//4108 4136//4136
f 1295//1295 1349//1349 1346//1346
f 1504//1504 1553//1553 1507//1507
f 3199//3199 3230//3230 3222//3222
f 844//844 841//841 845//845
f 844//844 845//845 841//841
f 862//862 726//726 853//853
f 3229//3229 3150//3150 3071//3071
f 3543//3543 3531//3531 3513//3513
f 4083//4083 3436//3436 4096//4096
f 1992//1992 2057//2057 2119//2119
f 248//248 247//247 176//176
f 697//697 752//752 743//743
f 1297//1297 1290//1290 1298//1298
f 354//354 363//363 340//340
f 3602//3602 3548//3548 3568//3568
f 687//687 697//697 664//664
f 687//687 752//752 744//744
f 211//211 240//240 230//230
f 211//211 230//230 240//240
f 673//673 664//664 697//697
f 1587//1587 1926//1926 1500//1500
f 673//673 697//697 748//748
f 3477//3477 3540//3540 3439//3439
f 687//687 744//744 697//697
f 783//783 846//846 622//622
f 713//713 744//744 752//752
f 673//673 748//748 767//767
f 4283//4283 3870//3870 3464//3464
f 1290//1290 1300//1300 1327//1327
f 2418//2418 2407//2407 2600//2600
f 748//748 743//743 767//767
f 4063//4063 3430//3430 3615//3615
f 738//738 743//743 752//752
f 199//199 85//85 42//42
f 713//713 733//733 694//694
f 638//638 748//748 697//697
f 324//324 302//302 350//350
f 324//324 350//350 302//302
f 4137//4137 4102//4102 4095//4095
f 1808//1808 1675//1675 1604//1604
f 656//656 697//697 743//743
f 3073//3073 3140//3140 3075//3075
f 3073//3073 3075//3075 3140//3140
f 3674//3674 4105//4105 3739//3739
f 1769//1769 1817//1817 1739//1739
f 1660//1660 1693//1693 1673//1673
f 862//862 803//803 726//726
f 160//160 256//256 201//201
f 3462//3462 3395//3395 3454//3454
f 3028//3028 3024//3024 2989//2989
f 1809//1809 1851//1851 1407//1407
f 726//726 733//733 680//680
f 737//737 707//707 727//727
f 3528//3528 3454//3454 3492//3492
f 661//661 713//713 694//694
f 800//800 690//690 753//753
f 13//13 7//7 3//3
f 1749//1749 1631//1631 1562//1562
f 1871//1871 1975//1975 1840//1840
f 687//687 776//776 867//867
f 1874//1874 1801//1801 2243//2243
f 1578//1578 1867//1867 1737//1737
f 3181//3181 2408//2408 3222//3222
f 2369//2369 2623//2623 2614//2614
f 2369//2369 2614//2614 2623//2623
f 1335//1335 1448//1448 1380//1380
f 841//841 737//737 746//746
f 3429//3429 3333//3333 3387//3387
f 179//179 176//176 181//181
f 185//185 80//80 183//183
f 185//185 183//183 80//80
f 910//910 784//784 711//711
f 910//910 711//711 784//784
f 1653//1653 1711//1711 1709//1709
f 1653//1653 1709//1709 1711//1711
f 673//673 638//638 664//664
f 661//661 656//656 638//638
f 661//661 638//638 656//656
f 727//727 677//677 690//690
f 661//661 638//638 656//656
f 2174//2174 2485//2485 2287//2287
f 653//653 661//661 741//741
f 671//671 642//642 661//661
f 109//109 74//74 45//45
f 661//661 741//741 653//653
f 12//12 495//495 574//574
f 638//638 673//673 646//646
f 3158//3158 3150//3150 3253//3253
f 2209//2209 2394//2394 2277//2277
f 888//888 1021//1021 1003//1003
f 888//888 1003//1003 1021//1021
f 1297//1297 1298//1298 1306//1306
f 381//381 399//399 350//350
f 674//674 677//677 738//738
f 3361//3361 3358//3358 3459//3459
f 3144//3144 3259//3259 3173//3173
f 716//716 674//674 738//738
f 671//671 713//713 677//677
f 2660//2660 2624//2624 2390//2390
f 2660//2660 2390//2390 2624//2624
f 1580//1580 1537//1537 1571//1571
f 1580//1580 1571//1571 1537//1537
f 671//671 733//733 713//713
f 726//726 680//680 677//677
f 2390//2390 2660//2660 2624//2624
f 707//707 726//726 677//677
f 707//707 677//677 727//727
f 149//149 72//72 80//80
f 829//829 803//803 853//853
f 829//829 853//853 803//803
f 1751//1751 1653//1653 1730//1730
f 935//935 829//829 844//844
f 898//898 889//889 1017//1017
f 3313//3313 3256//3256 3294//3294
f 3313//3313 3294//3294 3256//3256
f 2402//2402 2242//2242 2346//2346
f 2447//2447 2295//2295 2377//2377
f 805//805 642//642 671//671
f 2376//2376 573//573 527//527
f 90//90 87//87 91//91
f 4141//4141 4134//4134 4105//4105
f 737//737 769//769 845//845
f 3114//3114 3042//3042 3060//3060
f 2987//2987 2969//2969 2979//2979
f 2417//2417 2627//2627 2688//2688
f 1890//1890 1820//1820 1876//1876
f 829//829 707//707 732//732
f 829//829 732//732 707//707
f 833//833 674//674 767//767
f 2062//2062 2159//2159 2116//2116
f 2062//2062 2116//2116 2159//2159
f 777//777 758//758 406//406
f 325//325 290//290 296//296
f 687//687 760//760 752//752
f 160//160 153//153 161//161
f 3118//3118 3151//3151 3120//3120
f 2835//2835 2871//2871 2698//2698
f 1405//1405 1340//1340 1337//1337
f 716//716 903//903 767//767
f 3505//3505 3470//3470 3179//3179
f 2699//2699 2619//2619 2768//2768
f 2753//2753 2614//2614 2854//2854
f 3606//3606 3608//3608 3628//3628
f 760//760 738//738 752//752
f 2641//2641 3075//3075 3139//3139
f 1439//1439 1405//1405 1474//1474
f 2681//2681 2926//2926 2765//2765
f 3050//3050 2816//2816 2771//2771
f 1912//1912 1978//1978 2026//2026
f 691//691 711//711 793//793
f 2753//2753 2614//2614 2797//2797
f 782//782 755//755 890//890
f 910//910 784//784 779//779
f 782//782 658//658 755//755
f 782//782 763//763 658//658
f 2711//2711 2630//2630 2568//2568
f 2003//2003 2018//2018 2011//2011
f 699//699 619//619 684//684
f 5//5 36//36 3//3
f 5//5 3//3 36//36
f 3143//3143 3035//3035 3353//3353
f 627//627 621//621 643//643
f 1660//1660 1616//1616 1564//1564
f 194//194 94//94 103//103
f 2440//2440 2369//2369 2614//2614
f 676//676 612//612 616//616
f 85//85 198//198 185//185
f 85//85 185//185 198//198
f 2908//2908 2797//2797 2924//2924
f 2249//2249 2209//2209 2198//2198
f 676//676 616//616 688//688
f 3080//3080 3588//3588 2957//2957
f 676//676 645//645 612//612
f 327//327 559//559 617//617
f 711//711 635//635 639//639
f 711//711 639//639 663//663
f 3597//3597 3572//3572 3603//3603
f 2835//2835 2834//2834 2927//2927
f 2835//2835 2927//2927 2834//2834
f 3528//3528 3405//3405 3608//3608
f 1407//1407 1431//1431 1451//1451
f 1312//1312 1290//1290 1293//1293
f 2832//2832 2080//2080 2862//2862
f 644//644 711//711 635//635
f 2859//2859 2870//2870 2869//2869
f 1885//1885 2031//2031 1877//1877
f 691//691 644//644 634//634
f 1491//1491 1385//1385 1380//1380
f 2503//2503 2614//2614 2369//2369
f 3769//3769 4275//4275 4132//4132
f 3769//3769 4132//4132 4275//4275
f 2193//2193 2285//2285 2313//2313
f 704//704 668//668 630//630
f 1721//1721 1613//1613 1714//1714
f 619//619 675//675 621//621
f 3546//3546 3593//3593 3601//3601
f 1774//1774 1480//1480 2080//2080
f 1679//1679 1612//1612 1530//1530
f 1345//1345 1428//1428 1517//1517
f 2972//2972 2973//2973 3019//3019
f 658//658 632//632 662//662
f 658//658 662//662 632//632
f 625//625 688//688 684//684
f 21//21 91//91 69//69
f 627//627 665//665 612//612
f 3592//3592 3504//3504 3186//3186
f 665//665 688//688 612//612
f 616//616 612//612 688//688
f 1974//1974 2234//2234 2334//2334
f 2629//2629 2193//2193 2627//2627
f 3839//3839 3831//3831 3875//3875
f 1183//1183 1163//1163 1179//1179
f 616//616 663//663 645//645
f 1198//1198 1167//1167 1179//1179
f 3704//3704 3731//3731 659//659
f 2701//2701 2633//2633 2748//2748
f 2701//2701 2748//2748 2633//2633
f 1783//1783 1852//1852 1778//1778
f 704//704 630//630 662//662
f 704//704 662//662 630//630
f 683//683 751//751 762//762
f 3360//3360 3376//3376 3468//3468
f 888//888 1021//1021 1015//1015
f 195//195 42//42 37//37
f 3545//3545 3097//3097 2845//2845
f 630//630 662//662 632//632
f 3374//3374 3446//3446 3387//3387
f 619//619 702//702 663//663
f 619//619 666//666 702//702
f 635//635 702//702 666//666
f 491//491 540//540 510//510
f 3343//3343 2955//2955 3166//3166
f 663//663 619//619 684//684
f 663//663 684//684 619//619
f 1009//1009 1005//1005 1021//1021
f 2481//2481 2521//2521 2594//2594
f 676//676 658//658 668//668
f 645//645 639//639 632//632
f 2440//2440 2369//2369 2301//2301
f 1340//1340 1337//1337 1300//1300
f 1340//1340 1300//1300 1337//1337
f 645//645 794//794 640//640
f 1821//1821 1755//1755 1790//1790
f 1559//1559 1523//1523 1828//1828
f 3577//3577 3601//3601 3593//3593
f 2078//2078 2159//2159 2140//2140
f 3342//3342 3249//3249 3233//3233
f 763//763 782//782 790//790
f 757//757 662//662 704//704
f 1600//1600 3223//3223 2601//2601
f 699//699 702//702 684//684
f 699//699 684//684 702//702
f 221//221 216//216 141//141
f 3601//3601 3438//3438 3565//3565
f 763//763 790//790 757//757
f 893//893 762//762 864//864
f 790//790 763//763 898//898
f 4244//4244 4219//4219 4253//4253
f 1355//1355 504//504 535//535
f 1325//1325 1328//1328 1324//1324
f 1314//1314 1934//1934 1825//1825
f 2710//2710 2583//2583 2481//2481
f 670//670 735//735 751//751
f 784//784 764//764 864//864
f 1604//1604 1517//1517 1385//1385
f 32//32 161//161 45//45
f 784//784 864//864 762//762
f 670//670 751//751 683//683
f 679//679 667//667 711//711
f 676//676 907//907 691//691
f 755//755 754//754 662//662
f 1011//1011 965//965 949//949
f 784//784 768//768 751//751
f 2188//2188 2139//2139 2154//2154
f 2188//2188 2154//2154 2139//2139
f 2725//2725 2661//2661 2748//2748
f 668//668 683//683 768//768
f 1703//1703 1611//1611 1604//1604
f 3235//3235 3021//3021 3023//3023
f 3235//3235 3023//3023 3021//3021
f 2711//2711 2740//2740 2567//2567
f 691//691 679//679 644//644
f 3012//3012 3165//3165 3253//3253
f 604//604 461//461 414//414
f 793//793 900//900 711//711
f 2317//2317 2316//2316 2396//2396
f 711//711 667//667 1012//1012
f 2502//2502 2498//2498 2442//2442
f 793//793 711//711 1012//1012
f 1511//1511 1601//1601 1580//1580
f 2010//2010 1947//1947 1954//1954
f 309//309 413//413 385//385
f 137//137 121//121 166//166
f 900//900 899//899 1012//1012
f 900//900 1012//1012 899//899
f 793//793 1012//1012 900//900
f 2450//2450 2474//2474 2366//2366
f 2062//2062 2522//2522 2116//2116
f 910//910 997//997 1009//1009
f 910//910 1009//1009 997//997
f 778//778 686//686 699//699
f 2248//2248 2502//2502 2272//2272
f 704//704 668//668 763//763
f 704//704 763//763 668//668
f 2572//2572 2447//2447 2440//2440
f 691//691 670//670 631//631
f 3584//3584 3542//3542 3473//3473
f 3584//3584 3473//3473 3542//3542
f 691//691 644//644 670//670
f 635//635 663//663 702//702
f 676//676 616//616 645//645
f 2218//2218 2723//2723 2212//2212
f 835//835 880//880 944//944
f 643//643 675//675 619//619
f 3226//3226 3193//3193 3215//3215
f 3226//3226 3215//3215 3193//3193
f 532//532 538//538 520//520
f 763//763 762//762 768//768
f 763//763 768//768 762//762
f 3584//3584 3603//3603 3580//3580
f 898//898 762//762 917//917
f 762//762 751//751 735//735
f 779//779 644//644 679//679
f 1340//1340 1327//1327 1300//1300
f 2591//2591 2641//2641 2638//2638
f 2591//2591 2638//2638 2641//2641
f 1226//1226 1184//1184 1217//1217
f 784//784 735//735 764//764
f 784//784 764//764 735//735
f 430//430 385//385 429//429
f 768//768 762//762 735//735
f 2645//2645 2558//2558 2517//2517
f 90//90 84//84 87//87
f 90//90 87//87 84//84
f 643//643 684//684 666//666
f 279//279 253//253 559//559
f 1751//1751 1721//1721 1653//1653
f 1751//1751 1653//1653 1721//1721
f 699//699 665//665 688//688
f 699//699 684//684 665//665
f 665//665 640//640 688//688
f 665//665 688//688 640//640
f 2696//2696 1658//1658 1519//1519
f 676//676 688//688 640//640
f 3433//3433 3487//3487 3524//3524
f 3319//3319 3301//3301 3300//3300
f 699//699 686//686 666//666
f 2690//2690 2492//2492 2720//2720
f 2523//2523 2417//2417 2313//2313
f 2523//2523 2313//2313 2417//2417
f 676//676 699//699 688//688
f 840//840 866//866 787//787
f 643//643 665//665 684//684
f 2972//2972 3019//3019 3017//3017
f 625//625 688//688 665//665
f 2198//2198 2238//2238 1817//1817
f 4192//4192 4138//4138 4221//4221
f 1209//1209 1119//1119 1202//1202
f 3637//3637 4130//4130 3642//3642
f 619//619 666//666 684//684
f 368//368 406//406 399//399
f 368//368 399//399 406//406
f 676//676 640//640 794//794
f 3029//3029 2841//2841 3018//3018
f 3029//3029 3018//3018 2841//2841
f 3528//3528 3405//3405 3398//3398
f 3528//3528 3398//3398 3405//3405
f 3169//3169 2942//2942 2985//2985
f 668//668 768//768 763//763
f 3101//3101 3038//3038 3134//3134
f 784//784 751//751 679//679
f 3617//3617 3596//3596 3619//3619
f 1679//1679 1552//1552 1706//1706
f 1769//1769 1739//1739 1617//1617
f 1394//1394 1524//1524 1401//1401
f 679//679 644//644 667//667
f 1354//1354 842//842 911//911
f 1808//1808 1719//1719 1710//1710
f 643//643 621//621 675//675
f 1769//1769 1668//1668 1832//1832
f 1795//1795 1862//1862 1999//1999
f 691//691 634//634 679//679
f 850//850 821//821 761//761
f 2773//2773 2801//2801 2954//2954
f 910//910 793//793 711//711
f 910//910 784//784 864//864
f 686//686 778//778 654//654
f 123//123 80//80 72//72
f 388//388 333//333 337//337
f 3327//3327 3211//3211 3258//3258
f 2232//2232 2208//2208 2316//2316
f 1684//1684 1678//1678 1664//1664
f 654//654 749//749 850//850
f 1009//1009 907//907 1005//1005
f 888//888 894//894 1021//1021
f 1009//1009 1021//1021 894//894
f 910//910 864//864 997//997
f 1771//1771 2050//2050 1986//1986
f 910//910 894//894 793//793
f 784//784 1009//1009 997//997
f 2010//2010 1699//1699 1963//1963
f 3008//3008 3074//3074 2962//2962
f 3391//3391 3401//3401 3200//3200
f 1534//1534 1676//1676 1552//1552
f 890//890 1005//1005 984//984
f 907//907 984//984 1005//1005
f 676//676 668//668 907//907
f 3167//3167 3328//3328 3301//3301
f 782//782 907//907 763//763
f 3492//3492 3538//3538 3454//3454
f 3073//3073 3017//3017 3029//3029
f 3049//3049 3152//3152 3010//3010
f 676//676 691//691 793//793
f 676//676 793//793 794//794
f 784//784 691//691 751//751
f 784//784 751//751 907//907
f 667//667 621//621 654//654
f 3047//3047 3091//3091 3071//3071
f 3047//3047 3071//3071 3091//3091
f 667//667 654//654 1012//1012
f 217//217 237//237 230//230
f 890//890 823//823 757//757
f 2678//2678 2701//2701 2633//2633
f 3121//3121 2617//2617 2574//2574
f 2464//2464 2384//2384 2493//2493
f 778//778 699//699 794//794
f 676//676 794//794 699//699
f 778//778 920//920 749//749
f 643//643 686//686 654//654
f 778//778 749//749 654//654
f 2296//2296 2119//2119 2057//2057
f 784//784 735//735 751//751
f 2368//2368 2472//2472 2394//2394
f 2637//2637 2714//2714 2653//2653
f 4279//4279 4288//4288 4272//4272
f 2881//2881 3057//3057 3013//3013
f 704//704 683//683 668//668
f 658//658 754//754 1005//1005
f 1478//1478 1495//1495 1571//1571
f 1564//1564 1474//1474 1576//1576
f 893//893 917//917 762//762
f 1481//1481 1933//1933 1810//1810
f 1650//1650 1702//1702 1725//1725
f 757//757 823//823 754//754
f 823//823 964//964 754//754
f 2826//2826 2946//2946 2777//2777
f 704//704 630//630 683//683
f 1564//1564 1663//1663 1576//1576
f 699//699 625//625 619//619
f 699//699 619//619 625//625
f 1196//1196 1245//1245 1208//1208
f 3053//3053 3062//3062 3152//3152
f 4244//4244 4236//4236 4264//4264
f 616//616 640//640 612//612
f 616//616 612//612 640//640
f 643//643 625//625 665//665
f 1934//1934 1967//1967 1921//1921
f 1273//1273 1277//1277 1247//1247
f 1384//1384 1393//1393 1443//1443
f 1321//1321 1325//1325 1338//1338
f 1224//1224 1190//1190 1151//1151
f 1224//1224 1151//1151 1190//1190
f 4088//4088 3834//3834 3486//3486
f 1385//1385 1386//1386 1459//1459
f 679//679 632//632 635//635
f 3377//3377 3172//3172 3331//3331
f 3609//3609 3608//3608 3892//3892
f 430//430 277//277 320//320
f 679//679 635//635 644//644
f 639//639 635//635 632//632
f 95//95 98//98 205//205
f 2311//2311 2369//2369 2361//2361
f 634//634 631//631 632//632
f 2629//2629 2688//2688 2765//2765
f 128//128 120//120 240//240
f 128//128 240//240 120//120
f 2564//2564 2539//2539 2529//2529
f 2229//2229 2245//2245 2259//2259
f 2229//2229 2259//2259 2245//2245
f 2863//2863 3045//3045 2974//2974
f 1488//1488 1567//1567 1454//1454
f 635//635 666//666 621//621
f 302//302 266//266 378//378
f 2545//2545 2643//2643 2740//2740
f 635//635 667//667 644//644
f 1532//1532 1892//1892 1923//1923
f 663//663 616//616 625//625
f 3218//3218 2399//2399 2497//2497
f 63//63 62//62 114//114
f 2219//2219 528//528 5//5
f 3445//3445 3413//3413 3459//3459
f 451//451 338//338 427//427
f 4095//4095 4102//4102 3910//3910
f 920//920 850//850 749//749
f 1477//1477 1594//1594 1452//1452
f 1477//1477 1452//1452 1594//1594
f 1610//1610 1630//1630 3363//3363
f 2179//2179 2237//2237 2212//2212
f 1610//1610 3363//3363 1630//1630
f 763//763 704//704 668//668
f 763//763 668//668 704//704
f 1757//1757 1800//1800 1777//1777
f 286//286 278//278 319//319
f 704//704 668//668 763//763
f 704//704 763//763 668//668
f 1731//1731 1707//1707 1422//1422
f 2481//2481 2348//2348 2521//2521
f 777//777 821//821 761//761
f 363//363 354//354 336//336
f 1332//1332 1374//1374 1328//1328
f 670//670 751//751 691//691
f 670//670 691//691 751//751
f 3445//3445 3544//3544 3491//3491
f 778//778 793//793 894//894
f 1205//1205 618//618 669//669
f 2753//2753 2797//2797 2618//2618
f 670//670 631//631 644//644
f 631//631 670//670 683//683
f 3408//3408 3196//3196 3234//3234
f 630//630 631//631 683//683
f 2684//2684 2560//2560 2697//2697
f 3465//3465 3451//3451 3403//3403
f 782//782 757//757 790//790
f 1002//1002 778//778 894//894
f 910//910 779//779 883//883
f 127//127 35//35 46//46
f 196//196 202//202 194//194
f 755//755 1005//1005 890//890
f 2688//2688 2719//2719 2663//2663
f 1037//1037 1048//1048 1011//1011
f 3205//3205 3539//3539 3756//3756
f 3339//3339 2952//2952 3235//3235
f 2829//2829 2885//2885 3104//3104
f 526//526 450//450 517//517
f 1012//1012 963//963 977//977
f 1837//1837 2545//2545 2541//2541
f 410//410 400//400 422//422
f 410//410 422//422 400//400
f 2623//2623 2678//2678 2633//2633
f 1003//1003 1061//1061 1060//1060
f 1003//1003 1060//1060 1061//1061
f 2474//2474 2079//2079 2449//2449
f 1533//1533 1663//1663 1677//1677
f 1056//1056 1049//1049 959//959
f 1037//1037 959//959 1048//1048
f 3401//3401 3200//3200 3373//3373
f 2317//2317 2232//2232 2187//2187
f 378//378 266//266 293//293
f 3584//3584 3530//3530 3525//3525
f 471//471 641//641 584//584
f 997//997 973//973 1043//1043
f 4231//4231 4183//4183 4236//4236
f 1036//1036 1046//1046 1017//1017
f 1938//1938 2546//2546 1903//1903
f 2851//2851 3063//3063 2890//2890
f 1017//1017 1036//1036 917//917
f 55//55 71//71 45//45
f 984//984 1046//1046 1047//1047
f 1017//1017 1046//1046 984//984
f 2975//2975 2961//2961 2807//2807
f 1017//1017 984//984 1047//1047
f 3885//3885 3929//3929 3875//3875
f 3567//3567 3619//3619 3596//3596
f 301//301 461//461 715//715
f 533//533 495//495 9//9
f 616//616 596//596 590//590
f 1385//1385 1459//1459 1386//1386
f 2605//2605 2482//2482 2624//2624
f 1021//1021 1037//1037 1060//1060
f 1060//1060 1037//1037 1056//1056
f 1021//1021 1056//1056 1037//1037
f 2589//2589 2590//2590 2824//2824
f 2208//2208 2247//2247 2187//2187
f 1003//1003 1060//1060 980//980
f 1817//1817 1697//1697 2281//2281
f 1298//1298 1300//1300 1295//1295
f 1048//1048 962//962 1049//1049
f 1048//1048 959//959 962//962
f 5//5 1909//1909 1943//1943
f 5//5 1943//1943 1909//1909
f 1048//1048 965//965 1026//1026
f 2311//2311 2503//2503 2369//2369
f 3216//3216 3318//3318 3279//3279
f 1043//1043 1051//1051 1047//1047
f 1015//1015 1047//1047 1051//1051
f 1883//1883 1817//1817 2198//2198
f 1005//1005 1047//1047 1015//1015
f 2520//2520 2509//2509 2361//2361
f 2032//2032 1509//1509 2047//2047
f 3259//3259 3406//3406 3409//3409
f 1005//1005 1015//1015 1021//1021
f 1043//1043 1061//1061 1051//1051
f 2405//2405 2384//2384 2255//2255
f 513//513 520//520 492//492
f 1015//1015 1051//1051 1061//1061
f 888//888 1015//1015 1061//1061
f 1021//1021 1061//1061 1003//1003
f 2271//2271 2259//2259 2195//2195
f 1532//1532 1895//1895 1789//1789
f 434//434 395//395 440//440
f 2078//2078 2062//2062 1930//1930
f 296//296 229//229 200//200
f 887//887 823//823 898//898
f 890//890 964//964 823//823
f 1643//1643 1172//1172 553//553
f 883//883 975//975 995//995
f 973//973 975//975 1043//1043
f 225//225 252//252 245//245
f 4194//4194 4204//4204 4192//4192
f 31//31 26//26 59//59
f 890//890 823//823 1005//1005
f 2344//2344 2133//2133 2121//2121
f 2986//2986 2950//2950 2911//2911
f 910//910 900//900 899//899
f 910//910 899//899 900//900
f 910//910 899//899 883//883
f 910//910 883//883 899//899
f 267//267 451//451 423//423
f 864//864 995//995 918//918
f 864//864 893//893 889//889
f 3491//3491 3551//3551 3514//3514
f 1313//1313 1349//1349 1386//1386
f 917//917 1017//1017 889//889
f 1700//1700 1746//1746 1730//1730
f 984//984 887//887 898//898
f 1630//1630 1709//1709 2399//2399
f 2812//2812 3003//3003 2822//2822
f 790//790 887//887 823//823
f 1309//1309 1331//1331 1319//1319
f 2931//2931 3006//3006 2968//2968
f 898//898 917//917 889//889
f 898//898 889//889 917//917
f 887//887 964//964 823//823
f 2376//2376 2452//2452 573//573
f 973//973 918//918 995//995
f 888//888 1021//1021 912//912
f 997//997 1043//1043 1051//1051
f 2575//2575 2836//2836 2321//2321
f 900//900 1049//1049 975//975
f 1528//1528 1459//1459 1385//1385
f 1528//1528 1385//1385 1459//1459
f 416//416 427//427 453//453
f 1003//1003 982//982 1021//1021
f 2175//2175 2142//2142 2389//2389
f 1009//1009 973//973 1036//1036
f 2454//2454 2498//2498 2360//2360
f 2454//2454 2360//2360 2498//2498
f 1017//1017 1047//1047 964//964
f 1354//1354 1532//1532 944//944
f 1015//1015 1056//1056 959//959
f 2465//2465 2518//2518 2536//2536
f 2465//2465 2536//2536 2518//2518
f 1037//1037 1011//1011 949//949
f 1820//1820 2049//2049 1839//1839
f 2303//2303 2305//2305 2380//2380
f 790//790 898//898 887//887
f 893//893 889//889 917//917
f 893//893 917//917 889//889
f 910//910 995//995 975//975
f 3073//3073 3144//3144 3264//3264
f 984//984 964//964 887//887
f 910//910 975//975 883//883
f 3658//3658 3556//3556 3470//3470
f 910//910 883//883 900//900
f 221//221 381//381 391//391
f 97//97 84//84 94//94
f 864//864 889//889 893//893
f 255//255 209//209 253//253
f 888//888 912//912 894//894
f 106//106 67//67 44//44
f 920//920 977//977 963//963
f 2997//2997 2924//2924 2967//2967
f 920//920 982//982 965//965
f 2835//2835 2829//2829 2923//2923
f 3181//3181 3239//3239 1554//1554
f 1150//1150 1152//1152 1121//1121
f 1003//1003 980//980 982//982
f 920//920 965//965 977//977
f 982//982 1011//1011 949//949
f 3174//3174 3377//3377 3374//3374
f 3174//3174 3374//3374 3377//3377
f 78//78 29//29 65//65
f 1011//1011 977//977 949//949
f 3548//3548 3597//3597 3574//3574
f 3667//3667 3673//3673 3942//3942
f 3944//3944 3957//3957 3954//3954
f 3944//3944 3954//3954 3957//3957
f 1472//1472 1136//1136 1637//1637
f 1726//1726 1758//1758 1677//1677
f 2921//2921 3499//3499 3596//3596
f 1060//1060 1011//1011 982//982
f 227//227 406//406 242//242
f 1241//1241 1259//1259 1254//1254
f 1808//1808 1825//1825 1818//1818
f 1048//1048 949//949 965//965
f 883//883 403//403 1319//1319
f 4276//4276 2765//2765 2798//2798
f 3173//3173 3140//3140 3025//3025
f 3393//3393 3337//3337 3494//3494
f 1037//1037 949//949 1048//1048
f 2042//2042 2083//2083 2114//2114
f 1616//1616 2020//2020 3215//3215
f 1017//1017 964//964 898//898
f 549//549 9//9 1971//1971
f 964//964 1017//1017 898//898
f 973//973 995//995 975//975
f 2183//2183 2241//2241 2506//2506
f 1879//1879 1964//1964 1966//1966
f 2101//2101 1475//1475 1815//1815
f 883//883 893//893 864//864
f 98//98 91//91 97//97
f 2305//2305 2344//2344 2291//2291
f 1196//1196 1379//1379 1245//1245
f 1017//1017 917//917 1036//1036
f 3562//3562 3487//3487 3555//3555
f 3447//3447 3458//3458 3424//3424
f 917//917 973//973 1036//1036
f 1637//1637 1938//1938 1903//1903
f 790//790 840//840 765//765
f 790//790 765//765 840//840
f 1048//1048 1012//1012 1026//1026
f 1048//1048 1026//1026 1012//1012
f 1012//1012 977//977 1026//1026
f 2252//2252 2339//2339 1959//1959
f 1037//1037 1011//1011 1060//1060
f 1048//1048 1049//1049 1012//1012
f 1012//1012 1026//1026 965//965
f 1048//1048 1012//1012 965//965
f 198//198 254//254 360//360
f 4234//4234 4261//4261 4248//4248
f 3469//3469 3448//3448 3426//3426
f 3469//3469 3426//3426 3448//3448
f 3853//3853 406//406 3411//3411
f 5//5 7//7 436//436
f 2551//2551 3218//3218 2497//2497
f 2669//2669 2706//2706 2525//2525
f 1021//1021 1060//1060 1061//1061
f 1060//1060 1056//1056 1037//1037
f 3358//3358 3459//3459 3511//3511
f 168//168 271//271 223//223
f 171//171 101//101 159//159
f 1155//1155 1517//1517 1375//1375
f 2405//2405 2384//2384 2539//2539
f 2405//2405 2539//2539 2384//2384
f 1995//1995 2031//2031 2259//2259
f 1995//1995 2259//2259 2031//2031
f 1043//1043 1036//1036 1051//1051
f 1808//1808 1846//1846 1719//1719
f 2338//2338 2394//2394 2521//2521
f 4273//4273 4296//4296 4292//4292
f 1333//1333 1546//1546 488//488
f 4034//4034 4091//4091 4075//4075
f 2174//2174 2440//2440 2377//2377
f 975//975 1049//1049 1043//1043
f 4280//4280 4285//4285 4290//4290
f 1017//1017 898//898 984//984
f 1017//1017 984//984 898//898
f 2192//2192 1807//1807 1939//1939
f 346//346 428//428 402//402
f 3857//3857 3777//3777 3755//3755
f 3857//3857 3755//3755 3777//3777
f 898//898 984//984 907//907
f 898//898 907//907 984//984
f 898//898 1017//1017 984//984
f 898//898 984//984 1017//1017
f 2361//2361 2377//2377 2509//2509
f 410//410 422//422 400//400
f 410//410 400//400 422//422
f 1009//1009 997//997 973//973
f 1009//1009 973//973 997//997
f 2536//2536 2465//2465 2533//2533
f 2271//2271 2373//2373 2260//2260
f 117//117 126//126 114//114
f 117//117 114//114 126//126
f 3234//3234 3074//3074 3012//3012
f 973//973 997//997 893//893
f 973//973 893//893 997//997
f 482//482 488//488 491//491
f 2945//2945 2958//2958 2861//2861
f 1703//1703 1604//1604 1771//1771
f 920//920 1002//1002 982//982
f 2296//2296 2057//2057 2260//2260
f 13//13 3//3 5//5
f 13//13 5//5 3//3
f 1598//1598 2683//2683 2171//2171
f 894//894 1015//1015 982//982
f 608//608 1602//1602 1033//1033
f 1301//1301 1299//1299 1224//1224
f 2896//2896 2878//2878 3230//3230
f 4211//4211 4192//4192 4221//4221
f 85//85 80//80 82//82
f 1002//1002 894//894 982//982
f 3121//3121 3116//3116 3151//3151
f 3121//3121 3151//3151 3116//3116
f 1609//1609 1640//1640 1792//1792
f 973//973 1043//1043 1036//1036
f 1808//1808 1710//1710 1870//1870
f 2572//2572 2614//2614 2503//2503
f 3162//3162 3152//3152 3248//3248
f 2607//2607 1859//1859 2754//2754
f 1009//1009 918//918 973//973
f 2217//2217 2288//2288 2265//2265
f 2217//2217 2265//2265 2288//2288
f 1570//1570 1274//1274 1615//1615
f 1403//1403 1330//1330 1381//1381
f 3167//3167 3193//3193 3184//3184
f 691//691 670//670 751//751
f 691//691 751//751 670//670
f 2279//2279 2199//2199 2230//2230
f 2279//2279 2230//2230 2199//2199
f 2451//2451 2465//2465 2448//2448
f 2454//2454 2406//2406 2498//2498
f 959//959 949//949 965//965
f 1011//1011 959//959 965//965
f 3047//3047 3007//3007 3091//3091
f 3047//3047 3091//3091 3007//3007
f 1809//1809 1512//1512 1842//1842
f 1011//1011 949//949 929//929
f 982//982 949//949 959//959
f 3073//3073 3173//3173 3328//3328
f 3318//3318 3487//3487 3442//3442
f 3548//3548 3574//3574 3512//3512
f 3085//3085 3194//3194 2882//2882
f 3490//3490 2904//2904 2914//2914
f 713//713 661//661 744//744
f 661//661 694//694 744//744
f 713//713 766//766 752//752
f 713//713 752//752 766//766
f 741//741 766//766 694//694
f 2296//2296 2260//2260 2119//2119
f 713//713 744//744 741//741
f 713//713 741//741 661//661
f 3469//3469 3406//3406 3352//3352
f 3546//3546 3543//3543 3444//3444
f 1637//1637 1768//1768 1470//1470
f 790//790 823//823 866//866
f 790//790 866//866 823//823
f 286//286 319//319 234//234
f 570//570 469//469 399//399
f 1797//1797 1689//1689 1570//1570
f 2872//2872 2456//2456 3046//3046
f 1073//1073 1014//1014 1031//1031
f 1073//1073 1031//1031 1014//1014
f 1073//1073 1030//1030 1031//1031
f 1073//1073 1031//1031 1030//1030
f 2992//2992 3327//3327 3009//3009
f 646//646 602//602 638//638
f 27//27 57//57 34//34
f 656//656 638//638 602//602
f 2674//2674 2746//2746 2728//2728
f 2316//2316 2304//2304 2396//2396
f 2126//2126 2146//2146 2161//2161
f 3224//3224 3358//3358 3361//3361
f 536//536 439//439 397//397
f 2678//2678 2660//2660 2682//2682
f 1596//1596 1494//1494 1447//1447
f 2165//2165 2242//2242 2323//2323
f 2463//2463 2325//2325 2548//2548
f 1692//1692 1686//1686 1549//1549
f 2369//2369 2311//2311 2170//2170
f 4116//4116 4130//4130 4178//4178
f 3651//3651 4130//4130 3247//3247
f 4111//4111 3758//3758 3942//3942
f 601//601 595//595 602//602
f 2186//2186 1997//1997 2059//2059
f 4261//4261 4265//4265 4258//4258
f 1653//1653 1630//1630 1620//1620
f 1380//1380 1385//1385 1428//1428
f 11//11 521//521 534//534
f 11//11 534//534 521//521
f 2232//2232 2316//2316 2208//2208
f 557//557 233//233 268//268
f 1545//1545 1468//1468 1370//1370
f 2956//2956 2809//2809 2746//2746
f 1387//1387 1329//1329 1349//1349
f 2658//2658 2159//2159 2663//2663
f 1403//1403 1485//1485 1450//1450
f 2005//2005 2086//2086 703//703
f 2252//2252 1986//1986 2203//2203
f 1812//1812 3247//3247 1336//1336
f 3078//3078 3495//3495 3560//3560
f 1663//1663 1474//1474 1439//1439
f 1663//1663 1439//1439 1474//1474
f 4234//4234 4267//4267 4261//4261
f 2774//2774 2703//2703 2215//2215
f 2423//2423 2540//2540 2213//2213
f 2338//2338 2299//2299 2322//2322
f 2922//2922 3168//3168 3651//3651
f 3469//3469 3406//3406 3473//3473
f 656//656 602//602 646//646
f 3536//3536 3480//3480 3552//3552
f 3144//3144 3352//3352 3259//3259
f 1327//1327 1361//1361 1295//1295
f 1327//1327 1295//1295 1361//1361
f 2997//2997 2967//2967 3007//3007
f 2535//2535 3486//3486 2094//2094
f 3279//3279 3318//3318 3197//3197
f 2531//2531 1889//1889 1903//1903
f 1714//1714 1787//1787 1743//1743
f 3150//3150 3057//3057 3012//3012
f 656//656 638//638 646//646
f 1405//1405 1397//1397 1435//1435
f 616//616 625//625 612//612
f 616//616 612//612 625//625
f 3614//3614 3609//3609 3612//3612
f 3614//3614 3612//3612 3609//3609
f 616//616 625//625 596//596
f 363//363 336//336 399//399
f 377//377 367//367 375//375
f 2348//2348 2394//2394 2521//2521
f 597//597 596//596 591//591
f 2829//2829 2684//2684 2645//2645
f 616//616 590//590 597//597
f 2674//2674 2243//2243 3401//3401
f 590//590 596//596 587//587
f 1885//1885 1861//1861 1893//1893
f 139//139 142//142 172//172
f 187//187 185//185 80//80
f 616//616 597//597 591//591
f 616//616 591//591 625//625
f 2457//2457 2240//2240 2422//2422
f 616//616 612//612 597//597
f 616//616 597//597 612//612
f 3945//3945 3871//3871 3892//3892
f 3945//3945 3892//3892 3871//3871
f 247//247 248//248 313//313
f 616//616 597//597 612//612
f 3018//3018 3262//3262 3075//3075
f 749//749 406//406 380//380
f 2529//2529 2539//2539 2384//2384
f 2252//2252 2297//2297 2339//2339
f 1663//1663 1726//1726 1738//1738
f 1663//1663 1738//1738 1726//1726
f 1687//1687 1726//1726 1663//1663
f 2193//2193 2153//2153 2627//2627
f 1663//1663 1439//1439 1564//1564
f 1161//1161 723//723 614//614
f 1554//1554 1502//1502 1557//1557
f 3233//3233 2859//2859 3185//3185
f 573//573 1750//1750 1417//1417
f 1312//1312 1293//1293 1294//1294
f 87//87 91//91 84//84
f 87//87 84//84 91//91
f 381//381 403//403 399//399
f 1294//1294 1293//1293 1270//1270
f 2313//2313 2394//2394 2417//2417
f 2523//2523 2417//2417 2394//2394
f 2523//2523 2577//2577 2629//2629
f 2577//2577 3029//3029 2629//2629
f 983//983 988//988 1041//1041
f 1930//1930 1805//1805 1814//1814
f 2466//2466 3029//3029 2577//2577
f 1543//1543 1595//1595 1499//1499
f 2466//2466 3167//3167 3029//3029
f 1300//1300 1295//1295 1306//1306
f 2696//2696 2683//2683 2993//2993
f 221//221 409//409 227//227
f 1591//1591 1534//1534 1530//1530
f 3433//3433 3500//3500 3383//3383
f 1303//1303 1280//1280 1282//1282
f 2188//2188 2201//2201 2235//2235
f 2188//2188 2235//2235 2201//2201
f 2303//2303 2374//2374 2434//2434
f 2455//2455 2854//2854 3047//3047
f 2447//2447 2455//2455 2502//2502
f 3101//3101 3037//3037 3050//3050
f 1703//1703 1771//1771 1604//1604
f 2991//2991 2908//2908 2950//2950
f 2572//2572 2502//2502 2447//2447
f 2295//2295 2369//2369 2447//2447
f 2252//2252 1703//1703 1771//1771
f 262//262 268//268 285//285
f 1385//1385 1528//1528 1459//1459
f 1529//1529 1528//1528 1385//1385
f 1738//1738 2338//2338 2313//2313
f 266//266 271//271 306//306
f 4273//4273 4270//4270 4293//4293
f 3469//3469 3506//3506 3406//3406
f 1559//1559 1405//1405 1450//1450
f 1703//1703 1528//1528 1529//1529
f 1703//1703 1529//1529 1528//1528
f 3632//3632 3619//3619 3567//3567
f 1744//1744 1684//1684 1611//1611
f 1828//1828 1844//1844 1784//1784
f 1252//1252 1134//1134 1388//1388
f 1744//1744 1611//1611 1459//1459
f 30//30 50//50 88//88
f 310//310 427//427 384//384
f 1703//1703 1667//1667 1684//1684
f 1482//1482 1749//1749 1562//1562
f 1896//1896 2174//2174 2004//2004
f 1618//1618 2214//2214 1840//1840
f 1617//1617 1769//1769 1576//1576
f 2249//2249 2481//2481 2591//2591
f 4199//4199 3966//3966 4140//4140
f 3073//3073 3328//3328 2905//2905
f 2249//2249 2591//2591 2905//2905
f 3627//3627 3061//3061 3137//3137
f 284//284 158//158 155//155
f 3472//3472 3494//3494 3479//3479
f 2249//2249 2905//2905 3328//3328
f 1380//1380 1370//1370 1468//1468
f 1576//1576 2249//2249 3328//3328
f 1769//1769 1883//1883 1576//1576
f 2697//2697 2684//2684 2835//2835
f 1952//1952 1822//1822 2039//2039
f 3607//3607 3597//3597 3602//3602
f 623//623 650//650 1348//1348
f 3343//3343 3433//3433 3071//3071
f 3433//3433 3229//3229 3071//3071
f 2181//2181 2204//2204 2177//2177
f 2881//2881 2581//2581 2840//2840
f 1491//1491 1313//1313 1459//1459
f 3563//3563 3427//3427 3180//3180
f 4265//4265 4261//4261 4262//4262
f 2629//2629 2798//2798 2709//2709
f 1576//1576 1405//1405 1474//1474
f 2750//2750 2782//2782 2710//2710
f 1576//1576 1474//1474 1617//1617
f 2249//2249 2299//2299 2481//2481
f 2753//2753 2618//2618 2614//2614
f 3376//3376 3360//3360 3177//3177
f 2881//2881 2753//2753 2854//2854
f 3548//3548 3562//3562 3533//3533
f 3548//3548 3533//3533 3562//3562
f 3597//3597 3574//3574 3572//3572
f 3235//3235 3092//3092 3145//3145
f 3144//3144 3140//3140 3073//3073
f 3144//3144 3073//3073 3140//3140
f 3632//3632 3614//3614 3620//3620
f 2308//2308 2286//2286 2255//2255
f 1380//1380 1428//1428 1476//1476
f 1491//1491 1476//1476 1604//1604
f 1380//1380 1312//1312 1318//1318
f 2193//2193 2153//2153 2078//2078
f 2153//2153 2078//2078 2066//2066
f 2193//2193 2209//2209 2198//2198
f 3266//3266 3209//3209 3287//3287
f 2679//2679 2718//2718 2172//2172
f 2106//2106 1982//1982 2110//2110
f 1808//1808 1604//1604 1846//1846
f 1703//1703 1604//1604 1675//1675
f 1306//1306 1361//1361 1401//1401
f 3500//3500 3412//3412 3548//3548
f 1691//1691 1683//1683 1697//1697
f 3500//3500 3548//3548 3464//3464
f 3500//3500 3464//3464 3548//3548
f 204//204 116//116 212//212
f 2678//2678 2666//2666 2701//2701
f 2946//2946 2995//2995 2944//2944
f 3259//3259 3144//3144 3017//3017
f 3526//3526 3529//3529 3611//3611
f 2803//2803 2799//2799 2742//2742
f 2406//2406 2360//2360 2371//2371
f 2406//2406 2371//2371 2360//2360
f 3018//3018 2785//2785 2638//2638
f 2629//2629 2641//2641 2594//2594
f 3259//3259 3017//3017 3406//3406
f 3563//3563 3620//3620 3591//3591
f 3611//3611 3614//3614 3617//3617
f 2572//2572 2753//2753 2908//2908
f 2458//2458 2382//2382 2366//2366
f 2663//2663 2522//2522 2719//2719
f 2572//2572 2614//2614 2678//2678
f 1465//1465 1428//1428 1345//1345
f 2676//2676 2889//2889 2879//2879
f 2868//2868 2605//2605 2950//2950
f 2868//2868 2950//2950 2605//2605
f 2369//2369 2623//2623 2503//2503
f 324//324 333//333 339//339
f 2572//2572 2623//2623 2614//2614
f 583//583 1149//1149 886//886
f 2170//2170 2203//2203 2098//2098
f 2170//2170 2098//2098 2203//2203
f 1634//1634 1572//1572 1561//1561
f 1634//1634 1561//1561 1572//1572
f 2203//2203 2050//2050 2098//2098
f 3484//3484 3479//3479 3525//3525
f 3484//3484 3525//3525 3479//3479
f 2170//2170 2098//2098 2143//2143
f 2238//2238 2273//2273 2093//2093
f 1825//1825 2050//2050 1986//1986
f 3238//3238 3204//3204 3246//3246
f 2882//2882 3231//3231 3195//3195
f 2686//2686 2717//2717 2621//2621
f 1403//1403 1439//1439 1533//1533
f 1926//1926 1996//1996 1484//1484
f 2417//2417 2688//2688 2313//2313
f 4027//4027 3579//3579 3435//3435
f 3853//3853 3832//3832 3804//3804
f 3853//3853 3804//3804 3832//3832
f 3017//3017 2926//2926 2681//2681
f 2854//2854 3007//3007 3091//3091
f 2629//2629 2681//2681 2627//2627
f 2629//2629 2627//2627 2583//2583
f 1930//1930 2209//2209 2078//2078
f 2629//2629 3029//3029 2681//2681
f 2681//2681 2765//2765 2763//2763
f 4243//4243 4212//4212 4258//4258
f 2750//2750 2763//2763 2765//2765
f 3144//3144 3029//3029 3017//3017
f 1458//1458 1471//1471 1378//1378
f 1458//1458 1378//1378 1471//1471
f 2627//2627 2681//2681 2688//2688
f 2245//2245 2733//2733 2490//2490
f 1712//1712 1754//1754 1742//1742
f 1708//1708 1727//1727 1759//1759
f 3469//3469 3536//3536 3506//3506
f 3469//3469 3506//3506 3536//3536
f 3007//3007 2967//2967 3013//3013
f 2678//2678 2748//2748 2729//2729
f 2455//2455 2659//2659 2430//2430
f 4169//4169 4210//4210 4235//4235
f 1744//1744 1459//1459 1528//1528
f 1896//1896 1959//1959 2174//2174
f 1771//1771 1959//1959 1896//1896
f 1614//1614 1628//1628 1644//1644
f 2828//2828 2803//2803 2831//2831
f 1744//1744 1771//1771 1896//1896
f 2112//2112 2117//2117 2130//2130
f 3354//3354 3287//3287 3240//3240
f 3528//3528 3443//3443 3405//3405
f 3524//3524 3555//3555 3487//3487
f 2840//2840 2430//2430 2659//2659
f 2936//2936 2985//2985 3001//3001
f 2936//2936 3001//3001 2985//2985
f 3047//3047 3071//3071 2902//2902
f 791//791 575//575 539//539
f 1294//1294 1297//1297 1330//1330
f 3611//3611 3538//3538 3567//3567
f 1744//1744 1782//1782 1807//1807
f 3047//3047 3343//3343 3071//3071
f 221//221 391//391 409//409
f 1687//1687 1683//1683 3328//3328
f 1687//1687 2472//2472 2368//2368
f 2523//2523 2629//2629 2594//2594
f 2704//2704 533//533 574//574
f 2466//2466 3328//3328 3167//3167
f 1576//1576 3328//3328 1683//1683
f 433//433 373//373 338//338
f 2623//2623 2678//2678 2666//2666
f 2623//2623 2666//2666 2678//2678
f 221//221 216//216 305//305
f 2193//2193 2688//2688 2159//2159
f 127//127 46//46 130//130
f 2688//2688 2663//2663 2159//2159
f 3674//3674 3490//3490 3600//3600
f 3487//3487 3532//3532 3555//3555
f 2765//2765 2798//2798 2750//2750
f 3259//3259 3348//3348 3017//3017
f 1612//1612 1625//1625 1666//1666
f 2908//2908 2911//2911 2997//2997
f 3363//3363 3209//3209 3373//3373
f 2972//2972 2992//2992 3009//3009
f 2972//2972 2925//2925 2931//2931
f 1403//1403 1407//1407 1485//1485
f 1318//1318 1345//1345 1309//1309
f 1295//1295 1349//1349 1306//1306
f 1719//1719 1846//1846 1476//1476
f 1719//1719 1476//1476 1846//1846
f 3857//3857 4095//4095 3910//3910
f 3//3 1//1 18//18
f 2868//2868 3098//3098 2991//2991
f 3722//3722 681//681 3720//3720
f 2143//2143 2056//2056 2098//2098
f 2164//2164 2143//2143 2390//2390
f 2682//2682 2660//2660 2390//2390
f 2753//2753 2729//2729 2911//2911
f 641//641 586//586 1353//1353
f 145//145 132//132 206//206
f 1405//1405 1327//1327 1340//1340
f 2908//2908 2967//2967 2986//2986
f 2608//2608 2579//2579 2515//2515
f 2222//2222 2256//2256 2208//2208
f 2369//2369 2390//2390 2143//2143
f 3206//3206 3147//3147 3030//3030
f 2399//2399 2526//2526 2497//2497
f 3410//3410 3431//3431 3442//3442
f 1321//1321 1393//1393 1400//1400
f 3602//3602 3597//3597 3562//3562
f 2520//2520 2701//2701 2682//2682
f 2440//2440 2520//2520 2369//2369
f 3430//3430 2970//2970 3094//3094
f 1244//1244 598//598 1069//1069
f 1224//1224 1169//1169 1151//1151
f 2369//2369 2143//2143 2190//2190
f 2166//2166 2658//2658 2175//2175
f 2688//2688 2691//2691 2658//2658
f 3286//3286 3382//3382 3384//3384
f 2106//2106 2110//2110 2168//2168
f 1293//1293 1294//1294 1295//1295
f 2611//2611 2619//2619 2699//2699
f 2555//2555 2424//2424 2490//2490
f 3173//3173 3264//3264 3183//3183
f 3572//3572 3536//3536 3548//3548
f 3464//3464 3497//3497 3548//3548
f 3185//3185 3054//3054 3145//3145
f 2997//2997 3000//3000 3172//3172
f 3101//3101 3038//3038 2889//2889
f 1225//1225 1271//1271 1288//1288
f 2029//2029 2760//2760 2513//2513
f 2997//2997 2967//2967 3000//3000
f 2723//2723 2218//2218 2185//2185
f 2908//2908 2911//2911 2797//2797
f 2729//2729 2748//2748 2797//2797
f 2975//2975 3011//3011 3030//3030
f 2729//2729 2797//2797 2911//2911
f 3261//3261 2902//2902 3098//3098
f 657//657 1454//1454 1943//1943
f 3429//3429 3420//3420 3393//3393
f 2678//2678 2682//2682 2701//2701
f 2633//2633 2135//2135 2190//2190
f 2633//2633 2190//2190 2135//2135
f 2004//2004 2192//2192 2135//2135
f 2581//2581 2618//2618 2633//2633
f 3128//3128 3072//3072 3177//3177
f 3387//3387 3313//3313 3263//3263
f 3387//3387 3263//3263 3313//3313
f 2618//2618 2729//2729 2701//2701
f 3013//3013 2967//2967 3057//3057
f 1578//1578 1690//1690 1534//1534
f 229//229 224//224 200//200
f 1290//1290 1335//1335 1329//1329
f 2924//2924 2797//2797 3057//3057
f 2729//2729 3057//3057 2797//2797
f 3363//3363 3354//3354 3240//3240
f 1545//1545 1818//1818 1710//1710
f 3150//3150 3013//3013 3057//3057
f 3401//3401 2353//2353 3070//3070
f 3229//3229 3374//3374 3387//3387
f 3428//3428 3542//3542 3327//3327
f 1337//1337 1435//1435 1474//1474
f 2502//2502 2485//2485 2498//2498
f 4285//4285 4286//4286 4295//4295
f 3572//3572 3584//3584 3525//3525
f 3572//3572 3525//3525 3584//3584
f 856//856 1512//1512 1517//1517
f 3327//3327 3426//3426 3351//3351
f 3//3 515//515 2//2
f 3073//3073 2973//2973 3018//3018
f 3018//3018 3019//3019 3140//3140
f 3140//3140 3019//3019 3327//3327
f 3433//3433 3318//3318 3220//3220
f 2915//2915 3009//3009 2973//2973
f 3073//3073 2915//2915 2973//2973
f 2591//2591 2681//2681 2709//2709
f 2591//2591 2709//2709 3073//3073
f 2782//2782 2915//2915 2710//2710
f 2153//2153 2140//2140 2078//2078
f 1876//1876 2042//2042 1820//1820
f 3073//3073 2709//2709 2915//2915
f 2591//2591 2481//2481 2583//2583
f 3480//3480 3552//3552 3485//3485
f 3480//3480 3485//3485 3552//3552
f 2205//2205 2140//2140 2481//2481
f 836//836 792//792 1223//1223
f 2074//2074 2140//2140 1817//1817
f 1330//1330 1300//1300 1340//1340
f 1617//1617 1820//1820 1817//1817
f 2827//2827 2530//2530 2789//2789
f 1847//1847 1817//1817 1820//1820
f 2835//2835 2867//2867 2927//2927
f 2249//2249 1883//1883 2198//2198
f 1847//1847 1876//1876 1817//1817
f 1518//1518 1502//1502 1608//1608
f 1942//1942 2074//2074 1817//1817
f 1942//1942 1817//1817 1876//1876
f 1559//1559 1524//1524 1405//1405
f 831//831 1119//1119 1209//1209
f 1340//1340 1329//1329 1394//1394
f 2687//2687 498//498 2501//2501
f 3360//3360 3427//3427 3386//3386
f 1337//1337 1340//1340 1394//1394
f 115//115 76//76 77//77
f 149//149 161//161 39//39
f 1485//1485 1559//1559 1450//1450
f 1335//1335 1370//1370 1448//1448
f 1335//1335 1329//1329 1370//1370
f 1290//1290 1370//1370 1329//1329
f 1300//1300 1329//1329 1340//1340
f 1611//1611 1545//1545 1370//1370
f 1321//1321 1400//1400 1363//1363
f 1325//1325 1324//1324 1373//1373
f 1325//1325 1373//1373 1324//1324
f 2098//2098 2063//2063 2135//2135
f 69//69 181//181 57//57
f 1684//1684 1807//1807 1806//1806
f 1865//1865 1870//1870 1818//1818
f 1918//1918 1870//1870 1865//1865
f 3424//3424 3425//3425 3518//3518
f 1684//1684 1545//1545 1611//1611
f 1684//1684 1806//1806 1545//1545
f 2004//2004 1962//1962 1918//1918
f 3464//3464 3497//3497 3429//3429
f 3134//3134 3126//3126 3178//3178
f 3500//3500 3533//3533 3464//3464
f 3464//3464 3446//3446 3412//3412
f 135//135 254//254 82//82
f 2629//2629 2688//2688 2681//2681
f 2618//2618 2666//2666 2614//2614
f 3469//3469 3506//3506 3406//3406
f 2777//2777 1603//1603 2668//2668
f 29//29 42//42 37//37
f 3301//3301 3288//3288 3193//3193
f 3174//3174 3172//3172 3377//3377
f 3174//3174 3047//3047 3091//3091
f 3174//3174 3091//3091 3047//3047
f 3174//3174 3091//3091 3220//3220
f 1528//1528 1664//1664 1572//1572
f 2753//2753 2659//2659 2614//2614
f 2854//2854 2659//2659 2895//2895
f 3445//3445 3474//3474 3511//3511
f 2572//2572 2614//2614 2659//2659
f 2481//2481 2521//2521 2591//2591
f 442//442 463//463 539//539
f 2396//2396 2342//2342 2316//2316
f 55//55 45//45 74//74
f 2285//2285 2481//2481 2348//2348
f 2481//2481 2594//2594 2521//2521
f 1687//1687 1663//1663 1697//1697
f 3040//3040 4015//4015 4153//4153
f 2594//2594 2638//2638 2521//2521
f 3173//3173 3018//3018 3140//3140
f 3018//3018 3183//3183 3020//3020
f 3140//3140 3183//3183 3264//3264
f 3073//3073 3183//3183 3140//3140
f 1583//1583 1619//1619 1585//1585
f 790//790 542//542 823//823
f 2402//2402 2370//2370 2419//2419
f 3073//3073 3020//3020 3183//3183
f 2059//2059 1790//1790 1877//1877
f 2059//2059 1877//1877 1790//1790
f 2174//2174 2339//2339 2840//2840
f 3298//3298 3211//3211 3277//3277
f 4145//4145 4142//4142 4218//4218
f 911//911 577//577 1140//1140
f 3584//3584 3530//3530 3603//3603
f 3584//3584 3603//3603 3530//3530
f 1219//1219 581//581 582//582
f 3181//3181 3214//3214 3199//3199
f 2021//2021 2071//2071 2051//2051
f 288//288 195//195 235//235
f 3584//3584 3542//3542 3530//3530
f 3433//3433 3487//3487 3374//3374
f 840//840 765//765 406//406
f 3433//3433 3253//3253 3229//3229
f 132//132 204//204 217//217
f 3071//3071 3150//3150 3253//3253
f 1708//1708 1765//1765 1746//1746
f 549//549 1971//1971 695//695
f 3611//3611 3538//3538 3573//3573
f 3057//3057 3008//3008 3012//3012
f 1139//1139 503//503 490//490
f 2881//2881 2618//2618 3008//3008
f 3118//3118 3120//3120 2571//2571
f 2455//2455 2430//2430 2377//2377
f 106//106 44//44 49//49
f 2295//2295 2447//2447 2377//2377
f 4287//4287 3608//3608 3864//3864
f 3352//3352 3173//3173 3328//3328
f 3383//3383 3343//3343 3220//3220
f 518//518 270//270 475//475
f 2523//2523 2394//2394 2494//2494
f 2466//2466 2472//2472 2394//2394
f 2466//2466 2394//2394 2472//2472
f 2369//2369 2203//2203 2311//2311
f 3144//3144 3173//3173 3352//3352
f 3533//3533 3532//3532 3519//3519
f 1751//1751 1945//1945 2070//2070
f 2447//2447 2502//2502 2377//2377
f 2447//2447 2369//2369 2440//2440
f 2523//2523 2521//2521 2417//2417
f 3144//3144 3029//3029 3073//3073
f 3144//3144 3073//3073 3029//3029
f 1788//1788 610//610 1417//1417
f 3174//3174 3229//3229 3150//3150
f 2658//2658 2166//2166 2159//2159
f 657//657 1357//1357 1454//1454
f 3475//3475 3472//3472 3532//3532
f 3475//3475 3532//3532 3472//3472
f 3626//3626 3640//3640 3553//3553
f 3128//3128 3135//3135 3176//3176
f 2763//2763 2710//2710 2709//2709
f 363//363 349//349 354//354
f 3433//3433 3487//3487 3446//3446
f 2437//2437 2400//2400 2415//2415
f 2623//2623 2633//2633 2520//2520
f 2452//2452 2655//2655 1750//1750
f 2572//2572 2520//2520 2581//2581
f 1380//1380 1370//1370 1312//1312
f 2572//2572 2503//2503 2520//2520
f 3259//3259 3264//3264 3144//3144
f 1663//1663 1683//1683 1697//1697
f 3073//3073 3029//3029 3144//3144
f 2952//2952 2901//2901 2936//2936
f 2952//2952 2936//2936 2901//2901
f 3259//3259 3048//3048 3264//3264
f 3000//3000 3150//3150 3057//3057
f 3229//3229 3000//3000 2997//2997
f 3229//3229 2997//2997 3172//3172
f 3473//3473 3536//3536 3525//3525
f 3469//3469 3352//3352 3448//3448
f 3469//3469 3448//3448 3352//3352
f 2449//2449 2611//2611 2444//2444
f 3143//3143 3521//3521 3589//3589
f 1140//1140 798//798 1091//1091
f 2899//2899 3087//3087 2894//2894
f 2959//2959 2939//2939 2985//2985
f 2380//2380 2424//2424 2555//2555
f 1883//1883 2067//2067 1879//1879
f 350//350 401//401 399//399
f 2572//2572 2581//2581 2447//2447
f 2572//2572 2447//2447 2581//2581
f 2508//2508 806//806 533//533
f 2259//2259 2117//2117 2260//2260
f 1354//1354 419//419 484//484
f 4123//4123 4191//4191 4162//4162
f 2377//2377 2361//2361 2254//2254
f 2881//2881 2616//2616 2570//2570
f 2881//2881 3071//3071 3012//3012
f 3071//3071 3253//3253 3165//3165
f 3491//3491 3461//3461 3551//3551
f 3433//3433 3524//3524 3487//3487
f 1890//1890 1932//1932 1844//1844
f 1821//1821 1885//1885 1755//1755
f 4239//4239 4210//4210 4186//4186
f 1400//1400 1441//1441 1363//1363
f 4199//4199 4140//4140 4224//4224
f 2997//2997 3172//3172 2986//2986
f 2997//2997 2986//2986 3172//3172
f 3597//3597 3603//3603 3555//3555
f 2618//2618 2851//2851 3008//3008
f 3374//3374 3487//3487 3446//3446
f 3374//3374 3446//3446 3487//3487
f 266//266 232//232 165//165
f 3426//3426 3264//3264 3351//3351
f 2817//2817 2795//2795 2803//2803
f 3401//3401 3462//3462 3499//3499
f 3173//3173 3183//3183 3018//3018
f 2591//2591 2638//2638 2594//2594
f 2591//2591 2594//2594 2638//2638
f 1198//1198 1264//1264 1232//1232
f 1534//1534 1552//1552 1412//1412
f 1534//1534 1412//1412 1552//1552
f 3144//3144 3173//3173 3029//3029
f 3144//3144 3029//3029 3173//3173
f 2839//2839 2812//2812 2803//2803
f 2839//2839 2803//2803 2812//2812
f 2570//2570 2509//2509 2377//2377
f 2881//2881 3012//3012 2814//2814
f 2551//2551 2606//2606 2636//2636
f 3235//3235 3232//3232 3255//3255
f 3433//3433 3374//3374 3253//3253
f 169//169 197//197 238//238
f 3426//3426 3530//3530 3542//3542
f 1581//1581 1900//1900 1895//1895
f 3150//3150 3012//3012 3253//3253
f 2249//2249 2285//2285 2348//2348
f 3174//3174 3091//3091 3150//3150
f 2193//2193 2140//2140 2205//2205
f 3542//3542 3525//3525 3530//3530
f 3542//3542 3530//3530 3426//3426
f 1962//1962 2063//2063 2098//2098
f 4153//4153 2856//2856 2833//2833
f 3174//3174 3071//3071 3205//3205
f 1196//1196 1119//1119 1120//1120
f 1196//1196 1120//1120 1119//1119
f 3562//3562 3533//3533 3446//3446
f 3562//3562 3597//3597 3533//3533
f 3562//3562 3572//3572 3597//3597
f 2112//2112 1998//1998 2196//2196
f 2618//2618 3008//3008 2797//2797
f 2618//2618 2797//2797 3008//3008
f 2881//2881 2797//2797 3008//3008
f 2881//2881 3008//3008 2797//2797
f 2591//2591 2521//2521 2638//2638
f 3498//3498 3514//3514 3457//3457
f 1821//1821 1861//1861 1885//1885
f 3562//3562 3597//3597 3524//3524
f 1254//1254 2762//2762 1202//1202
f 568//568 549//549 564//564
f 2581//2581 2570//2570 2377//2377
f 580//580 2028//2028 553//553
f 2881//2881 2570//2570 2618//2618
f 1900//1900 1907//1907 1982//1982
f 2481//2481 2299//2299 2348//2348
f 2905//2905 2638//2638 3018//3018
f 3073//3073 3140//3140 3173//3173
f 2881//2881 2797//2797 2618//2618
f 2881//2881 2618//2618 2581//2581
f 2440//2440 2301//2301 2190//2190
f 2947//2947 2778//2778 2548//2548
f 3229//3229 3387//3387 3158//3158
f 3412//3412 3387//3387 3429//3429
f 3464//3464 3412//3412 3429//3429
f 3464//3464 3429//3429 3497//3497
f 2967//2967 2924//2924 2951//2951
f 1491//1491 1520//1520 1386//1386
f 3394//3394 3330//3330 3342//3342
f 1536//1536 1437//1437 2491//2491
f 3572//3572 3525//3525 3536//3536
f 3409//3409 3428//3428 3327//3327
f 1400//1400 1384//1384 1363//1363
f 2750//2750 2915//2915 2782//2782
f 1345//1345 1390//1390 1428//1428
f 1596//1596 1746//1746 1850//1850
f 3646//3646 3576//3576 3203//3203
f 2175//2175 2691//2691 2481//2481
f 2572//2572 2447//2447 2369//2369
f 2688//2688 2710//2710 2691//2691
f 2691//2691 2710//2710 2481//2481
f 2591//2591 3073//3073 2638//2638
f 3264//3264 3327//3327 3351//3351
f 2298//2298 2275//2275 2269//2269
f 1406//1406 1423//1423 1582//1582
f 3584//3584 3525//3525 3542//3542
f 2881//2881 3008//3008 3057//3057
f 2560//2560 2525//2525 2712//2712
f 2313//2313 2299//2299 2338//2338
f 3383//3383 3433//3433 3343//3343
f 1400//1400 1441//1441 1415//1415
f 3640//3640 3910//3910 4102//4102
f 3562//3562 3487//3487 3602//3602
f 2825//2825 2025//2025 3161//3161
f 3461//3461 3549//3549 3514//3514
f 3461//3461 3514//3514 3549//3549
f 3412//3412 3387//3387 3374//3374
f 3500//3500 3602//3602 3487//3487
f 3464//3464 3429//3429 3446//3446
f 2627//2627 2710//2710 2688//2688
f 2629//2629 2583//2583 2627//2627
f 390//390 536//536 593//593
f 75//75 80//80 124//124
f 3029//3029 3018//3018 2973//2973
f 2774//2774 2224//2224 2786//2786
f 2629//2629 2627//2627 2688//2688
f 2618//2618 2701//2701 2666//2666
f 2997//2997 3000//3000 2967//2967
f 161//161 109//109 45//45
f 2249//2249 1832//1832 1817//1817
f 3017//3017 2973//2973 3009//3009
f 3497//3497 3393//3393 3494//3494
f 1445//1445 1471//1471 1374//1374
f 3017//3017 3009//3009 3019//3019
f 2203//2203 1986//1986 2050//2050
f 2681//2681 2710//2710 2709//2709
f 2681//2681 2709//2709 2710//2710
f 4187//4187 4155//4155 4202//4202
f 3533//3533 3497//3497 3464//3464
f 3463//3463 3484//3484 3542//3542
f 2688//2688 2658//2658 2663//2663
f 2907//2907 2750//2750 2798//2798
f 3572//3572 3519//3519 3593//3593
f 393//393 359//359 357//357
f 3017//3017 3348//3348 2992//2992
f 2678//2678 2390//2390 2660//2660
f 2369//2369 2164//2164 2390//2390
f 440//440 437//437 416//416
f 2907//2907 2925//2925 2750//2750
f 3646//3646 3331//3331 3910//3910
f 109//109 153//153 119//119
f 2931//2931 2925//2925 2907//2907
f 3409//3409 2992//2992 3348//3348
f 2227//2227 2270//2270 2240//2240
f 1511//1511 1537//1537 1495//1495
f 3548//3548 3536//3536 3574//3574
f 2908//2908 2986//2986 2911//2911
f 4169//4169 4134//4134 4137//4137
f 2338//2338 2359//2359 2494//2494
f 2305//2305 2291//2291 2380//2380
f 2455//2455 3047//3047 2659//2659
f 3047//3047 2902//2902 2659//2659
f 2466//2466 2472//2472 2450//2450
f 226//226 96//96 481//481
f 4229//4229 3892//3892 4287//4287
f 2533//2533 2536//2536 2465//2465
f 2572//2572 2581//2581 2502//2502
f 3144//3144 3173//3173 3167//3167
f 1460//1460 1856//1856 1129//1129
f 1721//1721 1708//1708 1659//1659
f 3046//3046 2602//2602 3338//3338
f 3167//3167 3173//3173 3144//3144
f 2572//2572 2581//2581 2623//2623
f 2623//2623 2520//2520 2503//2503
f 2481//2481 2417//2417 2583//2583
f 3547//3547 3468//3468 3511//3511
f 2854//2854 2895//2895 3047//3047
f 3321//3321 3200//3200 3266//3266
f 3433//3433 3383//3383 3377//3377
f 2558//2558 2492//2492 2512//2512
f 2558//2558 2512//2512 2492//2492
f 3433//3433 3377//3377 3500//3500
f 2342//2342 2463//2463 2661//2661
f 3174//3174 3377//3377 3383//3383
f 3174//3174 3383//3383 3377//3377
f 3568//3568 3548//3548 3574//3574
f 3568//3568 3574//3574 3548//3548
f 3259//3259 3352//3352 3406//3406
f 3259//3259 3406//3406 3144//3144
f 2926//2926 2798//2798 2765//2765
f 2972//2972 2907//2907 2926//2926
f 1851//1851 1932//1932 1828//1828
f 2972//2972 2931//2931 2907//2907
f 2972//2972 3017//3017 2992//2992
f 1885//1885 2121//2121 2060//2060
f 3473//3473 3463//3463 3409//3409
f 1637//1637 1641//1641 1768//1768
f 3548//3548 3574//3574 3536//3536
f 2369//2369 2390//2390 2678//2678
f 3500//3500 3377//3377 3446//3446
f 3406//3406 3394//3394 3409//3409
f 2298//2298 2269//2269 2201//2201
f 3473//3473 3406//3406 3506//3506
f 3174//3174 3205//3205 3166//3166
f 3546//3546 3543//3543 3513//3513
f 336//336 361//361 337//337
f 140//140 157//157 156//156
f 2452//2452 1750//1750 573//573
f 1190//1190 1237//1237 1251//1251
f 3358//3358 3072//3072 3176//3176
f 3363//3363 1630//1630 2399//2399
f 3019//3019 2973//2973 2915//2915
f 3174//3174 3150//3150 3229//3229
f 3007//3007 3000//3000 3057//3057
f 2164//2164 2482//2482 2390//2390
f 3377//3377 3412//3412 3374//3374
f 2689//2689 2470//2470 2661//2661
f 3412//3412 3446//3446 3387//3387
f 197//197 460//460 415//415
f 3473//3473 3409//3409 3394//3394
f 2854//2854 3007//3007 3047//3047
f 3473//3473 3394//3394 3525//3525
f 3463//3463 3525//3525 3536//3536
f 3616//3616 3346//3346 3187//3187
f 3073//3073 3048//3048 3017//3017
f 3832//3832 3834//3834 3825//3825
f 98//98 110//110 97//97
f 4244//4244 4253//4253 4263//4263
f 1617//1617 1559//1559 1828//1828
f 2881//2881 3008//3008 2895//2895
f 2881//2881 2895//2895 2753//2753
f 2791//2791 2809//2809 2823//2823
f 2791//2791 2823//2823 2809//2809
f 2955//2955 2937//2937 2840//2840
f 1335//1335 1318//1318 1312//1312
f 3377//3377 3487//3487 3500//3500
f 1326//1326 649//649 1334//1334
f 2462//2462 2430//2430 2287//2287
f 3602//3602 3500//3500 3524//3524
f 1247//1247 1207//1207 1204//1204
f 1593//1593 1648//1648 1527//1527
f 3476//3476 2983//2983 2922//2922
f 530//530 529//529 509//509
f 3259//3259 3406//3406 3264//3264
f 3506//3506 3426//3426 3406//3406
f 1437//1437 1488//1488 1418//1418
f 3018//3018 2798//2798 3029//3029
f 3029//3029 2841//2841 2798//2798
f 2572//2572 2440//2440 2614//2614
f 516//516 509//509 310//310
f 2854//2854 3008//3008 2881//2881
f 3174//3174 3150//3150 3091//3091
f 1671//1671 1681//1681 1792//1792
f 517//517 566//566 599//599
f 3597//3597 3548//3548 3574//3574
f 3212//3212 3160//3160 3613//3613
f 3500//3500 3548//3548 3533//3533
f 1991//1991 1999//1999 1797//1797
f 2629//2629 2765//2765 2193//2193
f 3259//3259 3426//3426 3406//3406
f 3259//3259 3406//3406 3426//3426
f 3249//3249 3244//3244 3185//3185
f 364//364 406//406 368//368
f 2629//2629 2583//2583 2641//2641
f 3469//3469 3426//3426 3506//3506
f 3500//3500 3533//3533 3524//3524
f 2440//2440 2369//2369 2361//2361
f 2440//2440 2361//2361 2369//2369
f 605//605 1139//1139 1322//1322
f 3500//3500 3487//3487 3377//3377
f 3047//3047 3071//3071 3008//3008
f 3047//3047 3008//3008 3071//3071
f 149//149 80//80 39//39
f 3568//3568 3593//3593 3574//3574
f 3568//3568 3574//3574 3593//3593
f 3029//3029 3018//3018 3073//3073
f 2062//2062 3365//3365 3089//3089
f 2552//2552 2778//2778 2743//2743
f 2523//2523 2594//2594 2583//2583
f 3031//3031 3055//3055 3021//3021
f 3031//3031 3021//3021 3055//3055
f 1547//1547 1596//1596 1672//1672
f 3536//3536 3506//3506 3530//3530
f 3028//3028 3443//3443 3407//3407
f 2841//2841 2709//2709 2798//2798
f 2249//2249 2198//2198 2209//2209
f 1534//1534 1552//1552 1679//1679
f 2313//2313 2249//2249 2209//2209
f 2313//2313 2209//2209 2249//2249
f 2692//2692 2848//2848 2173//2173
f 1335//1335 1370//1370 1312//1312
f 1335//1335 1312//1312 1370//1370
f 4283//4283 3464//3464 3884//3884
f 1744//1744 1718//1718 1771//1771
f 883//883 828//828 779//779
f 883//883 779//779 828//828
f 55//55 74//74 125//125
f 1604//1604 1491//1491 1385//1385
f 1604//1604 1385//1385 1491//1491
f 233//233 198//198 268//268
f 354//354 340//340 370//370
f 1295//1295 1294//1294 1329//1329
f 1340//1340 1300//1300 1306//1306
f 1677//1677 1663//1663 1697//1697
f 1771//1771 2004//2004 2050//2050
f 2171//2171 2141//2141 1860//1860
f 1703//1703 1604//1604 1684//1684
f 3358//3358 3376//3376 3177//3177
f 1297//1297 1381//1381 1327//1327
f 1726//1726 1758//1758 1769//1769
f 1504//1504 1400//1400 1578//1578
f 1769//1769 1758//1758 1814//1814
f 1298//1298 1327//1327 1337//1337
f 1769//1769 1814//1814 1832//1832
f 4//4 192//192 6//6
f 2645//2645 2885//2885 2829//2829
f 31//31 61//61 59//59
f 1890//1890 1805//1805 1820//1820
f 1439//1439 1330//1330 1381//1381
f 1825//1825 1771//1771 1703//1703
f 1316//1316 1363//1363 1358//1358
f 3461//3461 3457//3457 3557//3557
f 2198//2198 2209//2209 2285//2285
f 2203//2203 2050//2050 1986//1986
f 589//589 1195//1195 1220//1220
f 2386//2386 1691//1691 2079//2079
f 1533//1533 1809//1809 1512//1512
f 1403//1403 1407//1407 1533//1533
f 1403//1403 1533//1533 1407//1407
f 765//765 399//399 406//406
f 440//440 416//416 437//437
f 941//941 841//841 911//911
f 941//941 911//911 841//841
f 1380//1380 1345//1345 1318//1318
f 1406//1406 1395//1395 1349//1349
f 3131//3131 3113//3113 3129//3129
f 199//199 195//195 42//42
f 184//184 243//243 180//180
f 1428//1428 1448//1448 1468//1468
f 1428//1428 1468//1468 1448//1448
f 3871//3871 3963//3963 3917//3917
f 3910//3910 3739//3739 4105//4105
f 1846//1846 1918//1918 1921//1921
f 1846//1846 1921//1921 1918//1918
f 3043//3043 3395//3395 3454//3454
f 3043//3043 3454//3454 3395//3395
f 2056//2056 1921//1921 2098//2098
f 1267//1267 1285//1285 1268//1268
f 2489//2489 2726//2726 2667//2667
f 2581//2581 2618//2618 2573//2573
f 2581//2581 2573//2573 2618//2618
f 3599//3599 3642//3642 4130//4130
f 3297//3297 3328//3328 3288//3288
f 3790//3790 4119//4119 4084//4084
f 1823//1823 1834//1834 1905//1905
f 1572//1572 1520//1520 1635//1635
f 4240//4240 4230//4230 4195//4195
f 331//331 390//390 421//421
f 3348//3348 3006//3006 3411//3411
f 1312//1312 1313//1313 1290//1290
f 3348//3348 3411//3411 3006//3006
f 3270//3270 3287//3287 3240//3240
f 1403//1403 1450//1450 1394//1394
f 1403//1403 1394//1394 1450//1450
f 97//97 202//202 94//94
f 258//258 244//244 283//283
f 1318//1318 1319//1319 1329//1329
f 1518//1518 1432//1432 1554//1554
f 1340//1340 1329//1329 1319//1319
f 3//3 525//525 1//1
f 1335//1335 1380//1380 1318//1318
f 1380//1380 1448//1448 1428//1428
f 1380//1380 1428//1428 1448//1448
f 1545//1545 1719//1719 1476//1476
f 1545//1545 1710//1710 1719//1719
f 1918//1918 1962//1962 1921//1921
f 1506//1506 1464//1464 1269//1269
f 1387//1387 1390//1390 1448//1448
f 2098//2098 2135//2135 2190//2190
f 2098//2098 2190//2190 2135//2135
f 117//117 229//229 200//200
f 3066//3066 3104//3104 3159//3159
f 1337//1337 1403//1403 1405//1405
f 324//324 302//302 266//266
f 1805//1805 1847//1847 1820//1820
f 1103//1103 1123//1123 1121//1121
f 1533//1533 1407//1407 1512//1512
f 1533//1533 1512//1512 1407//1407
f 2153//2153 2209//2209 2140//2140
f 2203//2203 2098//2098 2135//2135
f 1726//1726 1814//1814 1758//1758
f 1726//1726 1758//1758 1814//1814
f 3601//3601 3565//3565 3543//3543
f 492//492 246//246 192//192
f 1297//1297 1302//1302 1381//1381
f 1294//1294 1302//1302 1297//1297
f 2135//2135 2063//2063 1962//1962
f 3568//3568 3536//3536 3506//3506
f 4274//4274 4243//4243 4258//4258
f 3910//3910 3756//3756 3697//3697
f 2363//2363 2663//2663 2159//2159
f 1387//1387 1448//1448 1413//1413
f 160//160 256//256 153//153
f 160//160 153//153 256//256
f 883//883 1403//1403 1533//1533
f 544//544 1364//1364 1970//1970
f 1943//1943 2530//2530 1541//1541
f 2249//2249 2348//2348 2238//2238
f 2249//2249 2238//2238 2348//2348
f 2249//2249 2238//2238 1832//1832
f 2249//2249 1832//1832 2238//2238
f 1462//1462 1784//1784 1608//1608
f 149//149 39//39 72//72
f 2208//2208 2256//2256 2325//2325
f 1337//1337 1327//1327 1397//1397
f 1617//1617 1337//1337 1524//1524
f 1684//1684 1675//1675 1703//1703
f 1476//1476 1468//1468 1545//1545
f 2623//2623 2369//2369 2902//2902
f 2048//2048 2136//2136 2248//2248
f 229//229 212//212 114//114
f 229//229 114//114 212//212
f 1290//1290 1329//1329 1300//1300
f 3426//3426 3509//3509 3525//3525
f 210//210 239//239 166//166
f 1335//1335 1370//1370 1329//1329
f 1290//1290 1327//1327 1295//1295
f 1290//1290 1386//1386 1346//1346
f 1491//1491 1370//1370 1386//1386
f 1221//1221 1342//1342 1464//1464
f 1611//1611 1744//1744 1807//1807
f 2174//2174 2192//2192 2004//2004
f 1318//1318 1309//1309 1319//1319
f 351//351 371//371 315//315
f 2004//2004 1807//1807 2192//2192
f 2192//2192 1939//1939 2244//2244
f 1353//1353 586//586 1383//1383
f 1738//1738 2313//2313 2209//2209
f 2004//2004 1939//1939 1807//1807
f 2766//2766 2876//2876 2837//2837
f 1576//1576 1683//1683 1693//1693
f 2050//2050 1986//1986 1939//1939
f 3945//3945 3604//3604 3871//3871
f 2174//2174 2254//2254 2192//2192
f 2317//2317 2396//2396 2316//2316
f 33//33 46//46 35//35
f 2338//2338 2368//2368 2394//2394
f 1687//1687 1697//1697 1683//1683
f 3261//3261 3576//3576 3539//3539
f 1684//1684 1664//1664 1528//1528
f 1529//1529 1459//1459 1528//1528
f 1684//1684 1528//1528 1459//1459
f 3179//3179 3276//3276 3630//3630
f 1529//1529 1684//1684 1459//1459
f 1804//1804 1612//1612 1761//1761
f 223//223 271//271 232//232
f 1459//1459 1313//1313 1386//1386
f 2581//2581 2573//2573 2616//2616
f 1663//1663 1683//1683 1697//1697
f 2430//2430 2339//2339 2377//2377
f 2447//2447 2377//2377 2339//2339
f 2048//2048 2176//2176 1775//1775
f 1490//1490 1483//1483 1479//1479
f 1229//1229 1279//1279 1287//1287
f 1806//1806 1741//1741 1718//1718
f 1726//1726 1668//1668 1697//1697
f 1726//1726 1697//1697 1668//1668
f 3606//3606 3628//3628 3632//3632
f 1611//1611 1491//1491 1604//1604
f 1611//1611 1604//1604 1491//1491
f 3505//3505 2793//2793 3281//3281
f 1703//1703 1718//1718 1611//1611
f 3818//3818 3804//3804 3769//3769
f 1771//1771 1718//1718 1782//1782
f 1771//1771 1986//1986 1807//1807
f 2050//2050 2063//2063 2244//2244
f 2050//2050 2244//2244 2063//2063
f 2098//2098 2135//2135 2050//2050
f 2944//2944 3481//3481 3041//3041
f 1241//1241 1254//1254 1202//1202
f 2986//2986 2911//2911 2991//2991
f 2170//2170 2311//2311 2301//2301
f 2311//2311 2254//2254 2301//2301
f 1545//1545 1621//1621 1628//1628
f 1805//1805 1677//1677 1820//1820
f 55//55 141//141 119//119
f 1930//1930 1942//1942 1847//1847
f 1818//1818 1806//1806 1675//1675
f 1387//1387 1520//1520 1395//1395
f 1403//1403 1330//1330 1394//1394
f 1403//1403 1394//1394 1330//1330
f 1766//1766 1891//1891 1690//1690
f 2305//2305 2031//2031 2189//2189
f 2299//2299 2338//2338 2322//2322
f 2354//2354 2439//2439 2326//2326
f 1687//1687 1738//1738 1716//1716
f 2414//2414 2439//2439 2354//2354
f 1781//1781 1791//1791 1967//1967
f 3148//3148 3293//3293 2716//2716
f 3375//3375 3307//3307 3376//3376
f 3488//3488 3661//3661 3486//3486
f 2004//2004 2254//2254 2244//2244
f 3592//3592 3186//3186 3430//3430
f 1611//1611 1807//1807 1718//1718
f 3343//3343 3433//3433 3408//3408
f 1611//1611 1491//1491 1386//1386
f 1769//1769 1832//1832 2249//2249
f 3119//3119 3308//3308 2848//2848
f 1769//1769 1697//1697 1668//1668
f 1769//1769 1668//1668 1697//1697
f 2203//2203 2135//2135 2192//2192
f 1803//1803 1799//1799 2052//2052
f 1684//1684 1611//1611 1718//1718
f 1684//1684 1718//1718 1611//1611
f 1684//1684 1782//1782 1807//1807
f 1616//1616 1569//1569 1693//1693
f 2907//2907 2968//2968 3485//3485
f 2564//2564 2636//2636 2479//2479
f 3013//3013 3087//3087 3014//3014
f 1290//1290 1346//1346 1335//1335
f 1325//1325 1382//1382 1363//1363
f 471//471 584//584 460//460
f 3804//3804 3837//3837 3769//3769
f 1271//1271 1264//1264 1304//1304
f 2004//2004 2244//2244 1939//1939
f 1236//1236 1225//1225 1281//1281
f 1439//1439 1663//1663 1533//1533
f 1512//1512 1809//1809 1451//1451
f 1807//1807 1782//1782 1718//1718
f 2670//2670 2792//2792 2613//2613
f 3006//3006 406//406 3411//3411
f 1684//1684 1718//1718 1782//1782
f 1385//1385 1380//1380 1312//1312
f 1385//1385 1312//1312 1380//1380
f 1405//1405 1397//1397 1327//1327
f 1335//1335 1346//1346 1386//1386
f 1405//1405 1524//1524 1397//1397
f 1617//1617 1668//1668 1524//1524
f 1769//1769 1817//1817 1617//1617
f 1769//1769 1617//1617 1817//1817
f 1340//1340 1300//1300 1337//1337
f 1684//1684 1807//1807 1806//1806
f 1684//1684 1806//1806 1807//1807
f 2405//2405 2464//2464 2529//2529
f 1943//1943 2411//2411 2656//2656
f 1769//1769 2249//2249 2198//2198
f 1405//1405 1337//1337 1617//1617
f 1313//1313 1386//1386 1335//1335
f 98//98 97//97 205//205
f 1335//1335 1386//1386 1290//1290
f 2944//2944 3041//3041 1923//1923
f 2515//2515 2637//2637 2579//2579
f 4284//4284 4262//4262 4256//4256
f 3237//3237 3241//3241 3169//3169
f 1996//1996 2187//2187 2022//2022
f 1684//1684 1744//1744 1611//1611
f 201//201 388//388 227//227
f 1769//1769 1817//1817 1883//1883
f 1219//1219 1342//1342 1221//1221
f 2440//2440 2190//2190 2633//2633
f 1945//1945 1900//1900 1982//1982
f 1846//1846 1870//1870 1918//1918
f 790//790 1318//1318 1319//1319
f 1394//1394 1329//1329 1340//1340
f 1403//1403 1394//1394 1340//1340
f 3355//3355 3631//3631 3192//3192
f 1960//1960 2033//2033 1958//1958
f 3202//3202 3142//3142 3055//3055
f 1930//1930 1942//1942 1932//1932
f 2074//2074 1942//1942 2067//2067
f 2078//2078 2074//2074 2067//2067
f 2078//2078 2140//2140 2074//2074
f 2078//2078 2074//2074 2140//2140
f 1420//1420 1502//1502 1477//1477
f 1290//1290 1329//1329 1300//1300
f 1270//1270 1290//1290 1297//1297
f 1302//1302 1298//1298 1337//1337
f 905//905 1392//1392 1410//1410
f 1381//1381 1337//1337 1474//1474
f 1380//1380 1468//1468 1428//1428
f 1825//1825 1865//1865 1846//1846
f 1825//1825 1846//1846 1865//1865
f 2193//2193 2209//2209 2153//2153
f 1823//1823 1834//1834 1905//1905
f 2203//2203 2192//2192 2190//2190
f 1808//1808 1818//1818 1806//1806
f 3212//3212 3633//3633 2158//2158
f 1846//1846 1865//1865 1818//1818
f 3047//3047 3007//3007 2854//2854
f 2193//2193 2205//2205 2198//2198
f 2193//2193 2198//2198 2205//2205
f 2198//2198 2140//2140 2209//2209
f 3365//3365 1555//1555 1446//1446
f 1241//1241 1174//1174 1279//1279
f 1380//1380 1448//1448 1370//1370
f 2116//2116 2522//2522 2363//2363
f 1337//1337 1394//1394 1403//1403
f 1403//1403 1450//1450 1405//1405
f 1604//1604 1476//1476 1719//1719
f 378//378 321//321 420//420
f 3140//3140 3262//3262 3139//3139
f 1319//1319 1331//1331 1403//1403
f 3365//3365 1446//1446 3243//3243
f 1476//1476 1428//1428 1468//1468
f 2851//2851 2962//2962 2654//2654
f 4247//4247 4241//4241 4221//4221
f 1895//1895 1892//1892 1789//1789
f 2252//2252 1959//1959 1703//1703
f 1771//1771 1667//1667 1959//1959
f 184//184 205//205 181//181
f 2251//2251 2155//2155 2304//2304
f 1439//1439 1474//1474 1564//1564
f 1297//1297 1298//1298 1302//1302
f 1302//1302 1337//1337 1381//1381
f 2409//2409 2399//2399 2421//2421
f 1293//1293 1290//1290 1270//1270
f 447//447 203//203 292//292
f 2631//2631 2996//2996 2061//2061
f 1687//1687 2368//2368 2338//2338
f 1646//1646 1728//1728 1753//1753
f 42//42 183//183 37//37
f 2624//2624 2390//2390 2482//2482
f 1825//1825 1703//1703 1806//1806
f 1464//1464 1310//1310 1269//1269
f 1890//1890 1942//1942 1930//1930
f 1769//1769 1758//1758 1805//1805
f 2203//2203 2254//2254 2311//2311
f 3205//3205 2902//2902 3261//3261
f 2209//2209 2313//2313 2285//2285
f 1815//1815 1506//1506 2128//2128
f 1825//1825 1918//1918 1921//1921
f 1900//1900 1907//1907 1854//1854
f 1703//1703 1529//1529 1604//1604
f 3168//3168 2337//2337 2966//2966
f 1439//1439 1381//1381 1302//1302
f 1294//1294 1330//1330 1318//1318
f 1439//1439 1403//1403 1330//1330
f 1439//1439 1330//1330 1403//1403
f 1726//1726 1814//1814 1677//1677
f 1726//1726 1677//1677 1814//1814
f 1890//1890 1805//1805 1814//1814
f 1719//1719 1846//1846 1816//1816
f 1533//1533 1677//1677 1805//1805
f 2702//2702 2651//2651 2611//2611
f 1403//1403 1331//1331 1330//1330
f 1380//1380 1318//1318 1309//1309
f 1330//1330 1331//1331 1309//1309
f 4173//4173 3945//3945 4114//4114
f 1846//1846 1604//1604 1719//1719
f 123//123 168//168 244//244
f 1825//1825 2056//2056 2050//2050
f 1403//1403 1439//1439 1405//1405
f 1403//1403 1405//1405 1439//1439
f 1439//1439 1381//1381 1405//1405
f 1381//1381 1474//1474 1405//1405
f 2066//2066 2078//2078 2140//2140
f 1890//1890 1876//1876 1942//1942
f 1890//1890 1942//1942 1876//1876
f 1890//1890 1847//1847 1942//1942
f 1825//1825 1865//1865 1918//1918
f 1396//1396 1516//1516 1620//1620
f 4095//4095 4134//4134 4186//4186
f 2854//2854 2895//2895 2753//2753
f 128//128 130//130 120//120
f 1703//1703 1675//1675 1806//1806
f 1825//1825 1806//1806 1818//1818
f 1769//1769 1805//1805 1820//1820
f 1769//1769 1820//1820 1758//1758
f 2171//2171 2696//2696 2148//2148
f 1568//1568 1484//1484 1937//1937
f 1529//1529 1385//1385 1604//1604
f 3544//3544 3427//3427 3511//3511
f 1294//1294 1297//1297 1306//1306
f 1814//1814 1966//1966 1964//1964
f 2295//2295 2203//2203 2311//2311
f 1512//1512 1451//1451 1842//1842
f 2004//2004 1986//1986 2050//2050
f 1825//1825 2050//2050 1986//1986
f 1771//1771 1825//1825 1986//1986
f 2452//2452 511//511 2411//2411
f 1385//1385 1370//1370 1380//1380
f 3053//3053 3049//3049 3010//3010
f 542//542 469//469 545//545
f 1726//1726 1677//1677 1697//1697
f 381//381 403//403 391//391
f 1814//1814 1879//1879 1966//1966
f 1293//1293 1318//1318 1335//1335
f 3018//3018 2638//2638 2635//2635
f 983//983 1041//1041 938//938
f 2369//2369 2295//2295 2361//2361
f 1385//1385 1312//1312 1370//1370
f 2004//2004 2050//2050 1939//1939
f 2078//2078 2114//2114 2140//2140
f 1744//1744 1825//1825 1782//1782
f 1684//1684 1604//1604 1675//1675
f 3832//3832 3769//3769 3834//3834
f 1611//1611 1718//1718 1675//1675
f 1611//1611 1675//1675 1718//1718
f 1726//1726 1769//1769 1832//1832
f 1293//1293 1329//1329 1318//1318
f 1297//1297 1327//1327 1340//1340
f 1506//1506 1269//1269 1308//1308
f 2198//2198 2209//2209 1966//1966
f 1970//1970 413//413 270//270
f 1720//1720 1761//1761 1766//1766
f 3036//3036 3006//3006 2948//2948
f 1781//1781 1816//1816 1863//1863
f 3563//3563 3624//3624 3614//3614
f 2362//2362 2400//2400 2415//2415
f 1736//1736 1689//1689 1424//1424
f 883//883 764//764 403//403
f 1649//1649 593//593 886//886
f 3614//3614 3591//3591 3629//3629
f 2674//2674 3401//3401 3070//3070
f 2164//2164 2482//2482 2111//2111
f 1825//1825 1846//1846 1808//1808
f 1863//1863 2111//2111 1967//1967
f 2146//2146 2161//2161 2309//2309
f 239//239 345//345 213//213
f 127//127 218//218 240//240
f 556//556 301//301 328//328
f 725//725 1469//1469 1341//1341
f 1926//1926 1855//1855 1917//1917
f 2062//2062 3089//3089 2522//2522
f 4264//4264 4268//4268 4252//4252
f 2663//2663 2363//2363 2522//2522
f 2948//2948 2522//2522 3089//3089
f 2062//2062 1842//1842 1555//1555
f 657//657 651//651 1315//1315
f 3604//3604 3492//3492 3566//3566
f 327//327 1250//1250 2592//2592
f 532//532 520//520 535//535
f 2062//2062 2116//2116 1842//1842
f 326//326 241//241 442//442
f 2674//2674 3070//3070 3062//3062
f 1896//1896 1939//1939 1807//1807
f 1621//1621 1582//1582 1402//1402
f 205//205 176//176 179//179
f 319//319 341//341 379//379
f 2106//2106 1977//1977 1982//1982
f 2347//2347 2712//2712 2733//2733
f 1846//1846 1781//1781 1921//1921
f 2909//2909 3068//3068 3072//3072
f 2405//2405 2282//2282 2289//2289
f 2911//2911 2868//2868 2991//2991
f 2986//2986 2991//2991 3331//3331
f 2317//2317 2316//2316 2247//2247
f 2317//2317 2247//2247 2316//2316
f 3286//3286 3289//3289 3265//3265
f 3286//3286 3265//3265 3289//3289
f 2655//2655 2554//2554 2379//2379
f 3356//3356 3564//3564 3483//3483
f 2116//2116 1446//1446 1950//1950
f 4261//4261 4265//4265 4248//4248
f 1465//1465 1781//1781 1428//1428
f 2616//2616 2573//2573 2761//2761
f 2056//2056 1921//1921 1967//1967
f 2624//2624 2482//2482 2731//2731
f 2660//2660 2624//2624 2731//2731
f 2911//2911 2759//2759 2868//2868
f 2660//2660 2868//2868 2759//2759
f 3336//3336 3508//3508 3331//3331
f 2558//2558 2492//2492 2645//2645
f 2558//2558 2645//2645 2492//2492
f 249//249 70//70 30//30
f 3467//3467 3534//3534 3418//3418
f 3453//3453 3508//3508 3574//3574
f 1532//1532 1483//1483 1425//1425
f 366//366 362//362 361//361
f 3006//3006 3411//3411 3485//3485
f 183//183 80//80 39//39
f 3480//3480 3485//3485 3411//3411
f 3863//3863 3957//3957 1923//1923
f 227//227 149//149 39//39
f 1821//1821 1790//1790 1885//1885
f 3006//3006 3485//3485 2968//2968
f 3320//3320 2882//2882 3194//3194
f 2663//2663 1446//1446 2116//2116
f 2907//2907 1446//1446 2663//2663
f 3365//3365 3243//3243 3485//3485
f 1451//1451 1809//1809 1446//1446
f 3862//3862 4109//4109 4061//4061
f 263//263 229//229 240//240
f 263//263 240//240 229//229
f 1926//1926 2006//2006 2145//2145
f 1809//1809 1931//1931 1446//1446
f 1684//1684 1718//1718 1806//1806
f 2907//2907 2719//2719 2948//2948
f 3348//3348 3368//3368 3411//3411
f 1723//1723 1676//1676 1755//1755
f 2605//2605 2759//2759 2950//2950
f 3473//3473 3480//3480 3463//3463
f 2450//2450 3301//3301 2020//2020
f 1737//1737 1606//1606 1686//1686
f 2911//2911 2950//2950 2759//2759
f 2587//2587 2519//2519 2751//2751
f 2056//2056 2111//2111 1921//1921
f 1921//1921 2111//2111 1863//1863
f 1846//1846 1921//1921 1816//1816
f 2954//2954 2645//2645 2801//2801
f 1719//1719 1816//1816 1517//1517
f 3881//3881 3590//3590 3625//3625
f 3784//3784 3832//3832 3804//3804
f 1719//1719 1517//1517 1428//1428
f 2290//2290 4151//4151 3571//3571
f 2667//2667 2489//2489 2196//2196
f 1967//1967 1791//1791 2144//2144
f 2964//2964 2901//2901 3001//3001
f 2964//2964 3001//3001 2901//2901
f 97//97 84//84 91//91
f 97//97 91//91 84//84
f 430//430 429//429 443//443
f 3140//3140 3139//3139 3262//3262
f 2111//2111 2144//2144 1791//1791
f 2589//2589 2824//2824 1577//1577
f 1801//1801 1746//1746 1727//1727
f 274//274 294//294 342//342
f 3365//3365 3485//3485 3480//3480
f 3528//3528 3538//3538 3566//3566
f 1407//1407 1331//1331 1309//1309
f 3010//3010 3062//3062 2822//2822
f 2601//2601 2622//2622 2505//2505
f 3595//3595 3526//3526 3450//3450
f 1448//1448 1429//1429 1433//1433
f 1448//1448 1433//1433 1429//1429
f 2209//2209 2277//2277 2417//2417
f 2950//2950 3336//3336 2868//2868
f 3189//3189 3626//3626 3553//3553
f 1863//1863 1967//1967 1791//1791
f 3422//3422 3252//3252 3312//3312
f 1465//1465 1345//1345 1517//1517
f 2624//2624 2482//2482 2390//2390
f 2164//2164 2390//2390 2482//2482
f 1512//1512 1407//1407 1451//1451
f 1512//1512 1451//1451 1407//1407
f 3200//3200 3321//3321 3266//3266
f 3127//3127 3245//3245 3274//3274
f 3336//3336 2986//2986 3331//3331
f 3850//3850 3688//3688 3660//3660
f 2950//2950 2986//2986 3336//3336
f 244//244 256//256 161//161
f 3562//3562 3555//3555 3487//3487
f 3368//3368 3365//3365 3480//3480
f 3368//3368 3480//3480 3365//3365
f 3261//3261 3539//3539 3268//3268
f 3006//3006 3089//3089 3368//3368
f 3089//3089 3365//3365 3368//3368
f 2360//2360 2065//2065 1827//1827
f 581//581 701//701 526//526
f 1390//1390 1345//1345 1428//1428
f 3416//3416 3326//3326 3362//3362
f 1691//1691 1697//1697 1584//1584
f 1869//1869 1850//1850 1746//1746
f 3645//3645 3635//3635 3831//3831
f 2762//2762 3837//3837 3916//3916
f 3128//3128 2883//2883 2909//2909
f 1827//1827 1644//1644 1800//1800
f 2948//2948 2719//2719 2522//2522
f 2143//2143 2164//2164 2390//2390
f 2143//2143 2390//2390 2164//2164
f 2164//2164 2111//2111 2056//2056
f 3275//3275 3046//3046 3338//3338
f 1572//1572 1664//1664 1634//1634
f 3453//3453 3574//3574 3512//3512
f 2907//2907 2663//2663 2719//2719
f 2663//2663 2116//2116 2159//2159
f 1900//1900 1854//1854 1869//1869
f 1451//1451 1555//1555 1842//1842
f 2660//2660 2759//2759 2605//2605
f 2730//2730 2670//2670 2746//2746
f 2116//2116 2363//2363 2159//2159
f 2605//2605 2731//2731 2482//2482
f 2082//2082 2852//2852 3040//3040
f 2605//2605 2950//2950 2731//2731
f 2950//2950 2868//2868 2731//2731
f 1885//1885 2087//2087 1873//1873
f 307//307 303//303 313//313
f 1921//1921 1863//1863 1816//1816
f 3818//3818 3837//3837 3804//3804
f 3462//3462 3266//3266 3321//3321
f 3407//3407 3443//3443 3502//3502
f 2417//2417 2277//2277 2394//2394
f 2168//2168 2730//2730 2220//2220
f 2209//2209 2417//2417 2394//2394
f 2188//2188 2154//2154 2030//2030
f 2246//2246 725//725 1109//1109
f 3390//3390 3361//3361 3299//3299
f 2720//2720 2802//2802 2815//2815
f 3352//3352 3259//3259 3469//3469
f 3144//3144 3259//3259 3352//3352
f 3352//3352 3406//3406 3259//3259
f 3602//3602 3500//3500 3548//3548
f 2405//2405 2674//2674 2529//2529
f 1867//1867 1919//1919 1862//1862
f 2019//2019 2045//2045 2015//2015
f 1478//1478 1605//1605 1493//1493
f 3602//3602 3548//3548 3500//3500
f 3568//3568 3536//3536 3574//3574
f 3568//3568 3574//3574 3536//3536
f 3274//3274 3245//3245 3258//3258
f 3274//3274 3258//3258 3245//3245
f 3383//3383 3377//3377 3500//3500
f 3068//3068 2961//2961 3002//3002
f 1970//1970 2589//2589 1577//1577
f 2854//2854 2614//2614 2753//2753
f 2347//2347 2393//2393 2344//2344
f 2854//2854 2753//2753 2614//2614
f 605//605 589//589 536//536
f 1770//1770 1808//1808 1825//1825
f 3047//3047 2895//2895 2854//2854
f 3047//3047 2854//2854 2895//2895
f 1548//1548 2251//2251 1557//1557
f 2572//2572 2614//2614 2753//2753
f 2530//2530 1418//1418 2534//2534
f 2614//2614 2369//2369 2503//2503
f 2447//2447 2311//2311 2203//2203
f 2447//2447 2503//2503 2311//2311
f 1726//1726 1663//1663 1677//1677
f 3226//3226 3215//3215 3300//3300
f 1758//1758 1814//1814 1677//1677
f 1439//1439 1533//1533 1663//1663
f 1439//1439 1663//1663 1533//1533
f 1900//1900 1854//1854 1730//1730
f 1900//1900 1730//1730 1854//1854
f 1726//1726 1677//1677 1533//1533
f 1726//1726 1533//1533 1663//1663
f 1771//1771 1986//1986 1825//1825
f 1297//1297 1381//1381 1302//1302
f 1439//1439 1297//1297 1330//1330
f 1302//1302 1330//1330 1297//1297
f 1294//1294 1330//1330 1297//1297
f 1294//1294 1293//1293 1297//1297
f 1293//1293 1294//1294 1297//1297
f 3881//3881 4131//4131 4110//4110
f 2882//2882 2832//2832 3231//3231
f 1294//1294 1318//1318 1293//1293
f 2174//2174 2151//2151 2002//2002
f 1293//1293 1318//1318 1380//1380
f 3873//3873 3860//3860 3755//3755
f 3873//3873 3755//3755 3860//3860
f 1312//1312 1318//1318 1294//1294
f 1950//1950 1931//1931 406//406
f 2592//2592 3324//3324 1857//1857
f 237//237 263//263 128//128
f 1703//1703 1771//1771 1604//1604
f 3206//3206 3080//3080 3176//3176
f 1825//1825 1986//1986 1771//1771
f 221//221 381//381 216//216
f 1626//1626 1568//1568 1556//1556
f 3611//3611 3621//3621 3594//3594
f 29//29 85//85 42//42
f 29//29 65//65 85//85
f 2639//2639 2767//2767 2597//2597
f 163//163 138//138 78//78
f 3079//3079 2838//2838 2821//2821
f 3180//3180 3177//3177 3128//3128
f 216//216 381//381 324//324
f 163//163 266//266 165//165
f 703//703 557//557 301//301
f 2026//2026 2266//2266 2033//2033
f 3097//3097 3569//3569 3504//3504
f 78//78 138//138 65//65
f 4197//4197 4204//4204 4191//4191
f 695//695 2508//2508 523//523
f 695//695 523//523 2508//2508
f 307//307 328//328 303//303
f 141//141 216//216 163//163
f 78//78 56//56 131//131
f 3611//3611 3632//3632 3619//3619
f 221//221 163//163 131//131
f 409//409 406//406 388//388
f 409//409 403//403 406//406
f 406//406 403//403 381//381
f 168//168 283//283 244//244
f 3631//3631 3455//3455 3657//3657
f 4094//4094 3676//3676 3855//3855
f 3188//3188 3080//3080 3079//3079
f 2483//2483 2433//2433 2471//2471
f 265//265 507//507 508//508
f 199//199 195//195 288//288
f 199//199 288//288 195//195
f 3593//3593 3482//3482 3507//3507
f 160//160 32//32 39//39
f 117//117 224//224 229//229
f 3250//3250 2969//2969 3169//3169
f 2001//2001 1790//1790 1527//1527
f 1962//1962 2017//2017 1887//1887
f 350//350 305//305 216//216
f 29//29 85//85 65//65
f 2838//2838 2794//2794 2839//2839
f 2191//2191 2178//2178 2045//2045
f 388//388 201//201 256//256
f 3079//3079 3088//3088 3090//3090
f 3944//3944 3922//3922 3921//3921
f 78//78 65//65 138//138
f 1534//1534 1588//1588 1471//1471
f 2667//2667 2467//2467 2196//2196
f 1398//1398 1362//1362 2076//2076
f 2380//2380 2424//2424 2625//2625
f 141//141 163//163 216//216
f 850//850 1119//1119 1120//1120
f 1478//1478 1493//1493 1511//1511
f 195//195 37//37 235//235
f 3209//3209 3200//3200 3067//3067
f 1403//1403 1407//1407 1431//1431
f 214//214 279//279 327//327
f 1578//1578 1736//1736 1291//1291
f 2146//2146 2274//2274 2161//2161
f 221//221 119//119 141//141
f 2039//2039 1822//1822 2197//2197
f 56//56 141//141 55//55
f 3264//3264 3448//3448 3426//3426
f 3367//3367 3283//3283 3252//3252
f 2687//2687 2501//2501 2640//2640
f 56//56 55//55 53//53
f 55//55 32//32 53//53
f 227//227 55//55 81//81
f 227//227 81//81 119//119
f 342//342 294//294 433//433
f 227//227 337//337 283//283
f 2219//2219 2438//2438 1585//1585
f 39//39 80//80 37//37
f 37//37 80//80 183//183
f 2591//2591 2594//2594 2521//2521
f 2531//2531 2865//2865 2747//2747
f 3888//3888 3922//3922 3957//3957
f 388//388 256//256 333//333
f 3022//3022 3232//3232 3021//3021
f 39//39 80//80 72//72
f 283//283 256//256 244//244
f 3280//3280 3278//3278 3380//3380
f 168//168 244//244 161//161
f 2725//2725 2779//2779 2796//2796
f 1354//1354 911//911 1415//1415
f 32//32 28//28 37//37
f 29//29 37//37 28//28
f 221//221 193//193 201//201
f 2596//2596 2524//2524 2404//2404
f 161//161 153//153 109//109
f 1139//1139 490//490 1113//1113
f 131//131 56//56 55//55
f 2724//2724 2275//2275 2298//2298
f 201//201 193//193 153//153
f 32//32 45//45 28//28
f 657//657 5//5 436//436
f 131//131 125//125 119//119
f 221//221 406//406 381//381
f 32//32 37//37 39//39
f 32//32 39//39 37//37
f 221//221 227//227 242//242
f 1379//1379 839//839 678//678
f 85//85 254//254 198//198
f 1916//1916 1960//1960 1958//1958
f 30//30 70//70 23//23
f 221//221 305//305 381//381
f 29//29 42//42 85//85
f 1485//1485 1450//1450 1431//1431
f 1614//1614 1508//1508 1563//1563
f 56//56 78//78 141//141
f 56//56 29//29 78//78
f 2080//2080 2101//2101 2480//2480
f 2835//2835 2923//2923 2920//2920
f 141//141 216//216 221//221
f 78//78 163//163 141//141
f 444//444 328//328 382//382
f 29//29 32//32 37//37
f 1382//1382 1332//1332 1338//1338
f 140//140 149//149 146//146
f 1244//1244 1638//1638 819//819
f 2168//2168 2312//2312 2308//2308
f 37//37 183//183 235//235
f 2045//2045 2105//2105 2169//2169
f 3570//3570 3648//3648 3521//3521
f 3570//3570 3521//3521 3648//3648
f 268//268 235//235 183//183
f 381//381 305//305 403//403
f 403//403 305//305 399//399
f 4249//4249 4259//4259 4232//4232
f 3250//3250 3251//3251 3237//3237
f 1529//1529 1528//1528 1684//1684
f 3363//3363 3373//3373 1613//1613
f 3640//3640 3739//3739 3646//3646
f 350//350 399//399 305//305
f 1142//1142 1194//1194 1163//1163
f 324//324 381//381 350//350
f 266//266 302//302 163//163
f 510//510 564//564 1419//1419
f 696//696 512//512 813//813
f 3627//3627 3560//3560 3061//3061
f 199//199 42//42 85//85
f 227//227 388//388 406//406
f 3587//3587 3489//3489 3442//3442
f 3357//3357 3306//3306 3244//3244
f 439//439 566//566 517//517
f 3127//3127 3295//3295 3507//3507
f 609//609 1200//1200 692//692
f 2697//2697 2835//2835 3072//3072
f 1397//1397 1435//1435 1311//1311
f 28//28 45//45 71//71
f 2174//2174 2287//2287 2151//2151
f 119//119 125//125 109//109
f 3167//3167 3297//3297 3352//3352
f 65//65 71//71 56//56
f 2040//2040 2036//2036 2053//2053
f 78//78 65//65 56//56
f 92//92 72//72 71//71
f 56//56 71//71 55//55
f 119//119 81//81 125//125
f 226//226 203//203 136//136
f 119//119 125//125 81//81
f 1325//1325 1339//1339 1328//1328
f 3609//3609 3566//3566 3604//3604
f 2414//2414 2428//2428 2420//2420
f 453//453 457//457 456//456
f 160//160 161//161 32//32
f 160//160 161//161 256//256
f 3164//3164 3379//3379 3156//3156
f 3606//3606 3608//3608 3538//3538
f 4129//4129 4091//4091 4063//4063
f 3626//3626 3802//3802 3490//3490
f 309//309 297//297 413//413
f 267//267 311//311 338//338
f 545//545 857//857 594//594
f 1770//1770 1685//1685 1375//1375
f 1501//1501 2983//2983 1812//1812
f 538//538 447//447 725//725
f 538//538 486//486 447//447
f 651//651 558//558 538//538
f 486//486 481//481 417//417
f 2826//2826 2791//2791 2820//2820
f 2826//2826 2820//2820 2791//2791
f 657//657 436//436 481//481
f 657//657 481//481 528//528
f 657//657 528//528 558//558
f 657//657 558//558 651//651
f 1794//1794 1764//1764 1757//1757
f 475//475 226//226 481//481
f 96//96 5//5 481//481
f 3230//3230 2836//2836 3199//3199
f 475//475 270//270 226//226
f 1372//1372 1315//1315 558//558
f 3234//3234 2962//2962 3074//3074
f 544//544 1315//1315 1364//1364
f 544//544 558//558 1315//1315
f 1970//1970 1364//1364 1583//1583
f 1488//1488 2219//2219 1585//1585
f 1488//1488 1372//1372 558//558
f 481//481 5//5 528//528
f 1488//1488 558//558 528//528
f 3933//3933 3868//3868 4110//4110
f 2297//2297 2502//2502 2659//2659
f 1488//1488 528//528 2219//2219
f 651//651 1341//1341 1315//1315
f 538//538 725//725 651//651
f 2677//2677 2670//2670 2746//2746
f 2677//2677 2746//2746 2670//2670
f 1454//1454 1567//1567 1943//1943
f 1585//1585 1957//1957 1943//1943
f 2473//2473 2379//2379 2554//2554
f 1943//1943 2343//2343 2341//2341
f 1943//1943 2341//2341 2411//2411
f 1957//1957 2476//2476 2340//2340
f 2237//2237 2464//2464 2282//2282
f 1970//1970 1585//1585 2332//2332
f 1970//1970 2432//2432 2589//2589
f 2219//2219 2590//2590 2584//2584
f 1236//1236 1194//1194 1225//1225
f 1236//1236 1225//1225 1194//1194
f 3161//3161 2900//2900 2825//2825
f 443//443 556//556 444//444
f 288//288 199//199 260//260
f 1970//1970 270//270 518//518
f 356//356 309//309 413//413
f 3531//3531 3477//3477 3451//3451
f 556//556 328//328 444//444
f 556//556 723//723 301//301
f 606//606 511//511 2411//2411
f 2005//2005 1038//1038 2025//2025
f 1828//1828 2049//2049 2042//2042
f 2900//2900 2005//2005 2025//2025
f 2900//2900 2025//2025 2825//2825
f 2824//2824 3143//3143 3589//3589
f 1976//1976 1892//1892 1948//1948
f 2500//2500 2588//2588 2527//2527
f 301//301 557//557 268//268
f 80//80 185//185 124//124
f 557//557 223//223 124//124
f 557//557 124//124 233//233
f 1112//1112 4047//4047 1831//1831
f 4047//4047 1112//1112 3649//3649
f 1245//1245 1379//1379 1275//1275
f 1976//1976 2160//2160 2213//2213
f 2210//2210 2181//2181 2113//2113
f 1196//1196 839//839 1379//1379
f 531//531 380//380 315//315
f 1405//1405 1337//1337 1397//1397
f 749//749 831//831 406//406
f 1766//1766 1761//1761 1720//1720
f 1643//1643 553//553 2028//2028
f 406//406 831//831 1202//1202
f 831//831 1209//1209 1202//1202
f 3589//3589 3671//3671 2900//2900
f 576//576 323//323 771//771
f 2700//2700 2720//2720 2802//2802
f 3257//3257 2887//2887 2971//2971
f 4137//4137 4134//4134 4102//4102
f 3203//3203 3268//3268 3098//3098
f 1992//1992 1991//1991 2057//2057
f 3203//3203 3261//3261 3268//3268
f 2933//2933 2736//2736 2897//2897
f 2933//2933 2897//2897 3098//3098
f 1685//1685 1949//1949 2055//2055
f 1384//1384 1338//1338 1393//1393
f 1999//1999 1797//1797 1833//1833
f 2320//2320 2055//2055 2068//2068
f 1770//1770 1949//1949 1685//1685
f 3563//3563 3511//3511 3591//3591
f 545//545 467//467 469//469
f 399//399 467//467 349//349
f 165//165 232//232 293//293
f 266//266 420//420 293//293
f 135//135 82//82 138//138
f 4072//4072 3929//3929 4120//4120
f 288//288 260//260 390//390
f 307//307 313//313 344//344
f 1327//1327 1295//1295 1306//1306
f 1327//1327 1306//1306 1295//1295
f 2405//2405 2529//2529 2549//2549
f 307//307 344//344 438//438
f 307//307 438//438 447//447
f 417//417 60//60 203//203
f 417//417 7//7 60//60
f 417//417 436//436 7//7
f 3009//3009 2980//2980 2941//2941
f 92//92 89//89 71//71
f 92//92 71//71 89//89
f 1943//1943 1780//1780 485//485
f 1943//1943 1909//1909 3//3
f 1943//1943 3//3 1909//1909
f 2142//2142 2162//2162 2138//2138
f 2142//2142 2138//2138 2162//2162
f 5//5 3//3 1943//1943
f 5//5 1943//1943 3//3
f 5//5 3//3 1909//1909
f 5//5 1909//1909 3//3
f 1772//1772 3//3 1909//1909
f 2219//2219 5//5 1943//1943
f 2094//2094 3486//3486 2762//2762
f 3486//3486 3834//3834 3750//3750
f 2865//2865 3281//3281 2747//2747
f 2762//2762 3486//3486 3750//3750
f 4194//4194 4192//4192 4182//4182
f 2762//2762 3750//3750 3837//3837
f 2762//2762 3916//3916 4088//4088
f 2762//2762 4088//4088 4142//4142
f 4124//4124 4047//4047 3671//3671
f 1598//1598 1860//1860 1519//1519
f 323//323 422//422 332//332
f 1405//1405 1337//1337 1397//1397
f 3557//3557 3547//3547 3629//3629
f 1774//1774 2080//2080 2318//2318
f 252//252 231//231 151//151
f 1774//1774 2318//2318 1649//1649
f 1109//1109 905//905 1410//1410
f 189//189 180//180 194//194
f 1707//1707 1410//1410 1392//1392
f 1818//1818 1735//1735 1843//1843
f 1818//1818 1843//1843 1735//1735
f 2106//2106 2168//2168 2212//2212
f 2117//2117 1994//1994 2107//2107
f 1774//1774 1649//1649 1449//1449
f 1649//1649 1731//1731 1276//1276
f 1731//1731 1422//1422 1276//1276
f 447//447 1109//1109 725//725
f 3224//3224 3177//3177 3376//3376
f 2191//2191 2169//2169 2178//2178
f 2191//2191 2178//2178 2169//2169
f 3403//3403 3444//3444 3402//3402
f 262//262 275//275 285//285
f 1410//1410 1747//1747 1109//1109
f 1707//1707 1747//1747 1410//1410
f 3639//3639 3661//3661 4145//4145
f 331//331 328//328 301//301
f 857//857 836//836 1155//1155
f 1955//1955 1968//1968 2035//2035
f 2676//2676 2646//2646 3093//3093
f 857//857 1155//1155 1249//1249
f 857//857 1249//1249 1066//1066
f 1249//1249 1228//1228 1066//1066
f 2686//2686 2222//2222 2261//2261
f 3199//3199 2836//2836 2575//2575
f 1904//1904 2496//2496 2156//2156
f 3255//3255 3185//3185 2859//2859
f 1588//1588 1686//1686 1549//1549
f 1708//1708 1864//1864 1759//1759
f 4228//4228 4253//4253 4219//4219
f 422//422 576//576 448//448
f 550//550 593//593 536//536
f 3287//3287 3209//3209 3240//3240
f 177//177 175//175 142//142
f 583//583 550//550 517//517
f 1775//1775 2176//2176 2039//2039
f 422//422 323//323 576//576
f 3066//3066 2954//2954 2801//2801
f 421//421 771//771 323//323
f 583//583 886//886 550//550
f 1528//1528 1561//1561 1572//1572
f 4188//4188 4186//4186 4210//4210
f 550//550 886//886 593//593
f 2687//2687 2640//2640 3078//3078
f 447//447 438//438 1109//1109
f 1450//1450 1431//1431 1421//1421
f 1109//1109 438//438 576//576
f 1109//1109 576//576 905//905
f 402//402 425//425 377//377
f 850//850 1202//1202 1209//1209
f 1392//1392 905//905 1422//1422
f 2208//2208 2138//2138 2256//2256
f 2208//2208 2256//2256 2138//2138
f 3180//3180 3427//3427 3125//3125
f 2233//2233 2258//2258 2383//2383
f 1480//1480 886//886 1149//1149
f 3461//3461 3549//3549 3376//3376
f 114//114 212//212 229//229
f 1480//1480 1449//1449 886//886
f 3679//3679 3623//3623 3631//3631
f 1449//1449 1649//1649 886//886
f 277//277 184//184 189//189
f 1276//1276 593//593 1649//1649
f 2285//2285 2258//2258 2273//2273
f 1422//1422 771//771 1276//1276
f 1422//1422 905//905 771//771
f 3210//3210 2862//2862 2886//2886
f 448//448 576//576 438//438
f 1949//1949 1701//1701 1936//1936
f 1721//1721 1709//1709 1630//1630
f 1721//1721 1630//1630 1709//1709
f 3244//3244 3225//3225 3237//3237
f 3244//3244 3237//3237 3225//3225
f 3418//3418 3384//3384 3421//3421
f 3062//3062 3283//3283 3152//3152
f 4167//4167 4084//4084 4152//4152
f 1483//1483 1436//1436 1531//1531
f 390//390 260//260 459//459
f 260//260 360//360 465//465
f 198//198 360//360 260//260
f 1874//1874 2243//2243 2282//2282
f 3043//3043 2974//2974 2993//2993
f 3043//3043 2993//2993 2974//2974
f 323//323 331//331 421//421
f 1892//1892 1895//1895 1948//1948
f 308//308 274//274 318//318
f 2478//2478 2385//2385 2428//2428
f 550//550 459//459 517//517
f 517//517 459//459 465//465
f 3610//3610 3657//3657 4032//4032
f 594//594 857//857 1066//1066
f 594//594 1066//1066 547//547
f 3129//3129 3335//3335 3323//3323
f 547//547 478//478 594//594
f 582//582 581//581 543//543
f 474//474 582//582 543//543
f 167//167 166//166 159//159
f 3302//3302 3290//3290 3333//3333
f 1290//1290 1317//1317 1295//1295
f 2815//2815 2818//2818 2806//2806
f 3433//3433 3487//3487 3555//3555
f 259//259 254//254 135//135
f 450//450 465//465 254//254
f 583//583 517//517 526//526
f 2866//2866 1813//1813 2687//2687
f 3526//3526 3567//3567 3528//3528
f 2450//2450 2366//2366 2368//2368
f 2450//2450 2368//2368 2366//2366
f 1177//1177 1149//1149 583//583
f 3598//3598 3478//3478 3580//3580
f 4248//4248 4262//4262 4261//4261
f 790//790 403//403 542//542
f 3086//3086 2828//2828 2839//2839
f 4199//4199 4146//4146 3966//3966
f 254//254 465//465 360//360
f 773//773 615//615 1308//1308
f 1226//1226 1222//1222 1184//1184
f 1287//1287 1277//1277 1272//1272
f 3837//3837 3825//3825 3769//3769
f 3837//3837 3769//3769 3825//3825
f 138//138 165//165 135//135
f 2857//2857 2745//2745 2904//2904
f 1434//1434 1436//1436 1483//1483
f 3551//3551 3457//3457 3514//3514
f 465//465 452//452 526//526
f 450//450 452//452 465//465
f 259//259 452//452 450//450
f 165//165 259//259 135//135
f 1932//1932 2097//2097 1844//1844
f 165//165 293//293 259//259
f 1883//1883 1876//1876 1820//1820
f 2656//2656 2582//2582 2827//2827
f 2204//2204 2053//2053 2169//2169
f 1976//1976 1923//1923 1892//1892
f 701//701 583//583 526//526
f 2008//2008 2069//2069 2035//2035
f 701//701 1177//1177 583//583
f 3071//3071 3343//3343 3234//3234
f 364//364 347//347 282//282
f 2450//2450 1691//1691 3183//3183
f 701//701 1269//1269 1177//1177
f 4034//4034 3648//3648 3560//3560
f 181//181 179//179 87//87
f 3059//3059 3669//3669 3635//3635
f 1604//1604 1719//1719 1517//1517
f 2592//2592 1857//1857 1371//1371
f 474//474 547//547 582//582
f 2674//2674 2529//2529 2539//2539
f 482//482 265//265 152//152
f 474//474 478//478 547//547
f 1219//1219 582//582 1066//1066
f 3144//3144 3297//3297 3328//3328
f 545//545 594//594 478//478
f 545//545 478//478 467//467
f 399//399 469//469 467//467
f 1431//1431 1421//1421 1432//1432
f 467//467 478//478 349//349
f 2059//2059 1877//1877 2009//2009
f 339//339 349//349 478//478
f 293//293 420//420 452//452
f 452//452 420//420 474//474
f 1782//1782 2151//2151 2132//2132
f 452//452 474//474 543//543
f 2591//2591 2521//2521 2594//2594
f 581//581 452//452 543//543
f 3040//3040 2852//2852 3665//3665
f 406//406 4275//4275 2884//2884
f 941//941 1358//1358 1441//1441
f 1219//1219 701//701 581//581
f 1400//1400 1457//1457 1443//1443
f 2345//2345 2282//2282 2464//2464
f 1221//1221 701//701 1219//1219
f 1992//1992 2119//2119 1893//1893
f 1221//1221 1269//1269 701//701
f 4075//4075 4116//4116 4034//4034
f 3464//3464 3874//3874 3884//3884
f 3570//3570 3521//3521 3364//3364
f 3570//3570 3364//3364 3521//3521
f 4063//4063 4090//4090 4129//4129
f 1916//1916 1858//1858 1829//1829
f 574//574 495//495 508//508
f 615//615 526//526 599//599
f 3505//3505 3758//3758 3470//3470
f 2339//2339 2442//2442 2352//2352
f 298//298 279//279 264//264
f 4093//4093 4148//4148 4090//4090
f 1831//1831 2535//2535 578//578
f 4129//4129 4148//4148 4194//4194
f 3569//3569 4093//4093 4090//4090
f 3569//3569 4090//4090 3615//3615
f 2136//2136 1952//1952 2039//2039
f 2656//2656 3//3 511//511
f 3615//3615 4090//4090 4063//4063
f 2124//2124 2177//2177 2064//2064
f 2124//2124 2064//2064 2177//2177
f 4034//4034 3627//3627 4091//4091
f 4075//4075 4139//4139 4116//4116
f 3447//3447 3381//3381 3131//3131
f 405//405 413//413 299//299
f 3128//3128 3159//3159 3104//3104
f 366//366 368//368 362//362
f 3135//3135 2644//2644 2977//2977
f 1962//1962 2073//2073 2017//2017
f 4063//4063 4091//4091 3627//3627
f 2982//2982 2661//2661 2960//2960
f 1352//1352 1358//1358 1354//1354
f 3539//3539 3208//3208 3553//3553
f 3614//3614 3578//3578 3624//3624
f 4082//4082 4075//4075 4091//4091
f 4091//4091 4139//4139 4075//4075
f 2700//2700 2690//2690 2667//2667
f 3551//3551 3564//3564 3594//3594
f 1355//1355 520//520 1437//1437
f 1664//1664 1678//1678 1698//1698
f 3652//3652 3527//3527 3706//3706
f 2181//2181 2053//2053 2036//2036
f 3652//3652 3706//3706 4093//4093
f 1828//1828 1839//1839 1819//1819
f 1686//1686 1871//1871 1543//1543
f 3652//3652 4093//4093 3569//3569
f 3491//3491 3498//3498 3461//3461
f 1177//1177 1815//1815 1475//1475
f 1549//1549 1686//1686 1543//1543
f 2448//2448 2533//2533 2465//2465
f 2677//2677 2564//2564 2609//2609
f 88//88 79//79 93//93
f 88//88 93//93 79//79
f 3599//3599 4130//4130 3650//3650
f 3180//3180 3128//3128 3068//3068
f 3180//3180 3068//3068 3128//3128
f 1612//1612 1625//1625 1650//1650
f 2513//2513 2374//2374 2644//2644
f 2513//2513 2644//2644 2374//2374
f 2124//2124 2177//2177 2181//2181
f 2124//2124 2181//2181 2177//2177
f 2473//2473 2484//2484 2379//2379
f 4034//4034 3560//3560 3627//3627
f 1444//1444 1527//1527 1490//1490
f 361//361 354//354 351//351
f 3094//3094 2735//2735 3504//3504
f 309//309 303//303 297//297
f 519//519 458//458 1188//1188
f 2418//2418 2388//2388 2351//2351
f 1512//1512 1407//1407 1517//1517
f 3430//3430 3094//3094 3504//3504
f 564//564 1368//1368 1419//1419
f 2584//2584 2675//2675 2656//2656
f 2656//2656 2675//2675 2827//2827
f 2675//2675 2855//2855 2827//2827
f 3035//3035 2827//2827 2855//2855
f 3162//3162 3201//3201 3200//3200
f 3162//3162 3200//3200 3201//3201
f 3163//3163 3353//3353 3035//3035
f 3163//3163 3495//3495 3353//3353
f 3640//3640 3646//3646 3910//3910
f 3614//3614 3514//3514 3594//3594
f 3570//3570 3353//3353 3495//3495
f 18//18 525//525 511//511
f 2569//2569 2849//2849 3061//3061
f 1400//1400 1445//1445 1458//1458
f 2671//2671 2807//2807 2819//2819
f 3566//3566 3492//3492 3502//3502
f 3061//3061 3560//3560 3163//3163
f 2307//2307 2065//2065 2077//2077
f 3137//3137 2849//2849 2970//2970
f 2476//2476 2246//2246 2849//2849
f 790//790 754//754 1314//1314
f 2591//2591 2521//2521 2474//2474
f 1543//1543 1618//1618 1692//1692
f 2246//2246 2476//2476 1469//1469
f 1663//1663 1697//1697 1474//1474
f 3567//3567 3528//3528 3454//3454
f 2246//2246 1469//1469 725//725
f 2106//2106 1976//1976 1977//1977
f 2817//2817 2794//2794 2795//2795
f 545//545 487//487 552//552
f 2246//2246 2970//2970 2849//2849
f 2970//2970 1747//1747 3094//3094
f 2049//2049 1803//1803 1794//1794
f 1806//1806 1628//1628 1644//1644
f 1806//1806 1644//1644 1628//1628
f 3094//3094 1747//1747 2735//2735
f 2019//2019 2015//2015 1990//1990
f 2019//2019 1990//1990 2015//2015
f 3097//3097 2735//2735 2727//2727
f 2340//2340 2432//2432 2332//2332
f 267//267 290//290 287//287
f 2725//2725 2753//2753 2731//2731
f 2004//2004 1939//1939 2151//2151
f 2004//2004 2151//2151 1939//1939
f 1556//1556 1467//1467 1481//1481
f 1303//1303 1279//1279 1275//1275
f 2449//2449 2381//2381 2550//2550
f 3097//3097 3504//3504 2735//2735
f 3627//3627 3137//3137 3430//3430
f 1975//1975 1994//1994 2096//2096
f 1975//1975 2096//2096 1994//1994
f 3569//3569 3097//3097 3545//3545
f 4244//4244 4207//4207 4205//4205
f 2264//2264 2294//2294 2306//2306
f 3320//3320 3195//3195 3231//3231
f 1490//1490 1599//1599 1414//1414
f 3652//3652 3545//3545 3195//3195
f 3195//3195 3545//3545 2845//2845
f 2976//2976 2901//2901 3001//3001
f 2845//2845 2882//2882 3195//3195
f 2845//2845 1649//1649 2318//2318
f 2727//2727 1649//1649 2845//2845
f 2751//2751 3115//3115 3415//3415
f 3097//3097 2727//2727 2845//2845
f 2947//2947 2932//2932 2939//2939
f 3533//3533 3487//3487 3577//3577
f 4233//4233 4250//4250 4227//4227
f 3592//3592 3615//3615 3504//3504
f 1987//1987 1546//1546 1657//1657
f 3010//3010 3043//3043 2995//2995
f 387//387 426//426 389//389
f 1347//1347 1501//1501 1812//1812
f 1731//1731 2727//2727 1707//1707
f 3611//3611 3538//3538 3621//3621
f 1707//1707 2735//2735 1747//1747
f 4260//4260 4207//4207 4228//4228
f 2164//2164 2390//2390 2624//2624
f 1109//1109 1747//1747 2970//2970
f 1708//1708 1746//1746 1850//1850
f 1109//1109 2970//2970 2246//2246
f 247//247 304//304 248//248
f 2770//2770 2816//2816 2768//2768
f 2770//2770 2768//2768 2816//2816
f 3463//3463 3411//3411 3409//3409
f 3463//3463 3409//3409 3411//3411
f 3061//3061 2849//2849 3137//3137
f 2721//2721 2694//2694 2730//2730
f 1116//1116 1126//1126 1138//1138
f 4267//4267 4280//4280 4290//4290
f 3634//3634 3527//3527 3210//3210
f 3228//3228 3240//3240 3209//3209
f 98//98 93//93 110//110
f 2223//2223 2354//2354 2385//2385
f 3433//3433 3408//3408 3318//3318
f 1384//1384 1400//1400 1363//1363
f 3490//3490 3268//3268 3626//3626
f 1586//1586 1535//1535 1826//1826
f 3268//3268 3576//3576 3626//3626
f 3626//3626 3576//3576 3640//3640
f 3600//3600 3189//3189 3136//3136
f 3125//3125 2954//2954 3386//3386
f 1900//1900 1532//1532 1895//1895
f 3640//3640 4102//4102 3802//3802
f 2517//2517 2801//2801 2773//2773
f 1216//1216 1733//1733 1767//1767
f 2059//2059 1877//1877 2121//2121
f 2072//2072 2130//2130 2801//2801
f 2055//2055 2048//2048 1565//1565
f 4102//4102 4134//4134 4138//4138
f 3363//3363 2399//2399 3228//3228
f 2480//2480 2862//2862 2080//2080
f 4284//4284 4256//4256 4247//4247
f 2862//2862 2480//2480 2886//2886
f 3210//3210 3231//3231 2862//2862
f 13//13 489//489 5//5
f 3098//3098 3208//3208 3261//3261
f 2775//2775 2761//2761 2585//2585
f 295//295 228//228 197//197
f 2615//2615 2637//2637 2579//2579
f 2515//2515 2608//2608 2637//2637
f 3307//3307 3177//3177 3358//3358
f 3706//3706 3527//3527 3634//3634
f 3706//3706 3634//3634 4085//4085
f 1891//1891 1867//1867 1690//1690
f 3706//3706 4085//4085 4093//4093
f 2690//2690 2229//2229 2720//2720
f 4093//4093 4085//4085 4136//4136
f 4093//4093 4136//4136 4148//4148
f 2886//2886 2480//2480 2857//2857
f 4153//4153 4166//4166 4190//4190
f 1490//1490 1661//1661 1599//1599
f 2101//2101 2857//2857 2480//2480
f 1382//1382 1458//1458 1378//1378
f 1382//1382 1378//1378 1458//1458
f 540//540 491//491 281//281
f 3896//3896 3639//3639 4145//4145
f 608//608 500//500 710//710
f 2725//2725 2796//2796 2661//2661
f 1125//1125 1184//1184 1222//1222
f 351//351 339//339 333//333
f 3128//3128 2909//2909 3068//3068
f 3128//3128 3068//3068 2909//2909
f 257//257 407//407 428//428
f 257//257 428//428 407//407
f 302//302 324//324 283//283
f 4224//4224 4251//4251 4275//4275
f 1480//1480 2101//2101 2080//2080
f 1723//1723 1980//1980 1821//1821
f 1480//1480 1475//1475 2101//2101
f 2492//2492 2229//2229 2373//2373
f 3221//3221 3068//3068 3079//3079
f 1545//1545 1508//1508 1614//1614
f 2857//2857 2128//2128 2745//2745
f 2280//2280 2240//2240 2283//2283
f 2904//2904 3210//3210 2857//2857
f 2344//2344 2434//2434 2291//2291
f 2433//2433 2457//2457 2515//2515
f 164//164 156//156 250//250
f 2449//2449 2550//2550 2761//2761
f 2726//2726 2667//2667 2241//2241
f 749//749 850//850 821//821
f 749//749 821//821 850//850
f 3531//3531 3451//3451 3585//3585
f 1522//1522 1730//1730 1655//1655
f 1775//1775 2039//2039 1464//1464
f 2745//2745 2914//2914 2904//2904
f 2826//2826 2777//2777 2791//2791
f 4118//4118 4108//4108 3802//3802
f 3385//3385 3338//3338 3334//3334
f 1926//1926 1622//1622 1646//1646
f 4108//4108 3634//3634 3802//3802
f 3600//3600 3802//3802 3634//3634
f 3600//3600 3490//3490 3802//3802
f 321//321 360//360 450//450
f 3461//3461 3557//3557 3468//3468
f 2259//2259 2393//2393 2305//2305
f 3600//3600 3210//3210 3490//3490
f 2360//2360 2361//2361 2244//2244
f 4192//4192 4204//4204 4211//4211
f 2128//2128 2039//2039 2745//2745
f 1506//1506 2039//2039 2128//2128
f 4146//4146 3168//3168 3672//3672
f 2519//2519 2599//2599 2375//2375
f 2669//2669 2819//2819 2853//2853
f 2001//2001 2499//2499 2137//2137
f 2059//2059 2121//2121 1877//1877
f 164//164 168//168 223//223
f 3450//3450 3373//3373 3449//3449
f 2886//2886 2857//2857 3210//3210
f 2178//2178 2054//2054 2045//2045
f 2943//2943 2898//2898 2773//2773
f 3461//3461 3376//3376 3468//3468
f 3429//3429 3333//3333 3393//3393
f 2070//2070 2100//2100 2106//2106
f 2070//2070 2106//2106 2100//2100
f 2101//2101 2128//2128 2857//2857
f 2101//2101 1815//1815 2128//2128
f 2195//2195 2182//2182 2112//2112
f 2704//2704 2355//2355 1099//1099
f 2073//2073 2098//2098 2170//2170
f 2745//2745 2736//2736 2914//2914
f 2745//2745 2176//2176 2736//2736
f 2407//2407 2521//2521 2600//2600
f 2320//2320 2048//2048 2055//2055
f 2136//2136 2039//2039 2197//2197
f 2656//2656 19//19 3//3
f 2168//2168 2125//2125 2110//2110
f 777//777 828//828 758//758
f 777//777 758//758 828//828
f 3398//3398 3604//3604 3863//3863
f 1553//1553 1588//1588 1445//1445
f 2838//2838 2834//2834 3026//3026
f 250//250 244//244 258//258
f 4236//4236 4200//4200 4219//4219
f 3268//3268 3539//3539 3576//3576
f 3150//3150 3165//3165 3253//3253
f 40//40 44//44 66//66
f 3413//3413 3396//3396 3390//3390
f 2914//2914 2933//2933 3268//3268
f 2736//2736 2933//2933 2914//2914
f 2320//2320 2736//2736 2176//2176
f 2320//2320 2176//2176 2048//2048
f 2048//2048 1775//1775 1565//1565
f 486//486 518//518 475//475
f 1782//1782 2002//2002 2151//2151
f 394//394 376//376 383//383
f 4138//4138 4118//4118 4102//4102
f 4102//4102 4118//4118 3802//3802
f 3482//3482 3410//3410 3442//3442
f 805//805 873//873 906//906
f 805//805 906//906 873//873
f 3012//3012 3165//3165 2937//2937
f 2718//2718 2197//2197 2172//2172
f 3028//3028 3481//3481 3443//3443
f 2083//2083 2085//2085 1764//1764
f 1718//1718 1741//1741 1806//1806
f 4266//4266 4293//4293 4271//4271
f 138//138 65//65 85//85
f 1581//1581 1895//1895 1532//1532
f 3320//3320 3231//3231 3527//3527
f 3627//3627 3430//3430 4063//4063
f 3652//3652 3569//3569 3545//3545
f 2023//2023 2040//2040 2053//2053
f 2511//2511 2441//2441 2457//2457
f 3320//3320 3527//3527 3652//3652
f 594//594 582//582 792//792
f 444//444 413//413 429//429
f 2015//2015 2169//2169 2216//2216
f 2832//2832 2862//2862 3231//3231
f 4083//4083 4096//4096 4143//4143
f 2769//2769 2945//2945 2929//2929
f 1528//1528 1664//1664 1678//1678
f 1528//1528 1678//1678 1664//1664
f 323//323 332//332 331//331
f 443//443 931//931 556//556
f 477//477 543//543 466//466
f 1177//1177 1506//1506 1815//1815
f 1177//1177 1269//1269 1506//1506
f 1506//1506 1269//1269 1464//1464
f 3538//3538 3619//3619 3596//3596
f 1221//1221 1464//1464 1269//1269
f 2049//2049 2042//2042 2083//2083
f 2878//2878 2951//2951 3230//3230
f 1342//1342 1228//1228 1565//1565
f 1685//1685 1565//1565 1228//1228
f 3461//3461 3344//3344 3468//3468
f 1685//1685 1228//1228 1249//1249
f 1685//1685 1249//1249 1375//1375
f 2305//2305 2291//2291 2133//2133
f 95//95 30//30 98//98
f 1831//1831 4047//4047 4088//4088
f 2181//2181 2169//2169 2191//2191
f 1675//1675 1611//1611 1741//1741
f 2689//2689 2553//2553 2552//2552
f 2689//2689 2552//2552 2553//2553
f 3501//3501 3659//3659 3436//3436
f 51//51 40//40 47//47
f 51//51 47//47 40//40
f 3061//3061 3163//3163 2855//2855
f 2675//2675 3061//3061 2855//2855
f 2569//2569 3061//3061 2675//2675
f 4186//4186 3857//3857 3411//3411
f 2569//2569 2675//2675 2584//2584
f 1653//1653 1711//1711 1620//1620
f 3353//3353 3521//3521 3364//3364
f 3353//3353 3364//3364 3521//3521
f 4144//4144 4104//4104 4115//4115
f 3520//3520 3578//3578 3549//3549
f 3520//3520 3549//3549 3578//3578
f 2371//2371 2430//2430 2462//2462
f 1522//1522 1659//1659 1655//1655
f 3143//3143 3353//3353 3521//3521
f 2018//2018 2040//2040 1990//1990
f 1598//1598 1566//1566 1590//1590
f 346//346 407//407 334//334
f 3035//3035 2827//2827 2789//2789
f 3035//3035 2789//2789 2827//2827
f 2590//2590 3143//3143 2824//2824
f 2656//2656 2827//2827 2789//2789
f 2656//2656 2789//2789 2530//2530
f 2219//2219 3143//3143 2590//2590
f 1943//1943 2530//2530 2656//2656
f 1943//1943 2656//2656 2530//2530
f 2883//2883 2923//2923 3068//3068
f 1943//1943 1541//1541 2530//2530
f 1943//1943 1780//1780 2656//2656
f 1943//1943 2656//2656 1780//1780
f 1943//1943 1909//1909 2530//2530
f 1943//1943 2530//2530 1909//1909
f 1708//1708 1759//1759 1659//1659
f 1943//1943 2530//2530 2582//2582
f 1943//1943 2582//2582 1909//1909
f 2656//2656 1909//1909 2582//2582
f 1943//1943 2656//2656 1909//1909
f 1943//1943 1909//1909 2656//2656
f 1828//1828 1819//1819 2049//2049
f 3188//3188 3356//3356 3491//3491
f 1454//1454 1772//1772 2656//2656
f 1454//1454 2656//2656 2789//2789
f 310//310 541//541 2538//2538
f 850//850 1119//1119 831//831
f 5//5 2789//2789 36//36
f 1943//1943 36//36 2789//2789
f 2374//2374 2059//2059 2186//2186
f 2219//2219 1943//1943 2789//2789
f 338//338 373//373 374//374
f 3960//3960 3648//3648 4034//4034
f 4256//4256 4221//4221 4247//4247
f 3031//3031 3055//3055 3142//3142
f 3137//3137 2687//2687 3078//3078
f 2674//2674 2670//2670 2606//2606
f 3053//3053 3608//3608 3405//3405
f 2265//2265 2210//2210 2288//2288
f 1682//1682 1936//1936 1701//1701
f 1788//1788 2501//2501 498//498
f 33//33 46//46 128//128
f 2248//2248 2136//2136 2722//2722
f 449//449 432//432 524//524
f 2693//2693 2212//2212 2694//2694
f 538//538 494//494 492//492
f 538//538 532//532 610//610
f 1417//1417 1750//1750 2379//2379
f 21//21 23//23 91//91
f 610//610 532//532 1417//1417
f 2675//2675 2554//2554 2655//2655
f 2484//2484 2640//2640 2501//2501
f 2484//2484 2554//2554 2640//2640
f 2484//2484 1788//1788 2379//2379
f 5//5 489//489 504//504
f 1418//1418 504//504 1355//1355
f 538//538 492//492 520//520
f 1488//1488 1536//1536 1418//1418
f 2343//2343 2397//2397 1418//1418
f 2726//2726 2489//2489 2667//2667
f 2343//2343 1536//1536 2491//2491
f 3205//3205 3007//3007 2908//2908
f 1355//1355 535//535 520//520
f 191//191 295//295 197//197
f 2491//2491 1437//1437 520//520
f 266//266 232//232 271//271
f 270//270 2491//2491 520//520
f 2044//2044 2139//2139 2154//2154
f 13//13 136//136 489//489
f 226//226 499//499 489//489
f 226//226 270//270 499//499
f 3029//3029 2926//2926 2972//2972
f 177//177 225//225 175//175
f 226//226 489//489 136//136
f 2491//2491 2534//2534 2473//2473
f 2555//2555 2625//2625 2620//2620
f 344//344 332//332 313//313
f 3//3 563//563 525//525
f 448//448 503//503 422//422
f 448//448 490//490 503//503
f 344//344 313//313 400//400
f 1572//1572 1520//1520 1455//1455
f 4188//4188 4283//4283 3884//3884
f 2954//2954 3588//3588 3386//3386
f 307//307 400//400 313//313
f 498//498 490//490 400//400
f 2014//2014 2138//2138 2071//2071
f 2883//2883 2684//2684 2620//2620
f 413//413 303//303 385//385
f 270//270 413//413 444//444
f 1161//1161 2559//2559 1733//1733
f 327//327 352//352 480//480
f 1161//1161 560//560 2559//2559
f 444//444 2559//2559 560//560
f 4169//4169 4221//4221 4138//4138
f 444//444 429//429 2559//2559
f 63//63 114//114 117//117
f 328//328 429//429 385//385
f 1874//1874 2289//2289 2255//2255
f 513//513 532//532 535//535
f 2419//2419 2370//2370 2402//2402
f 3027//3027 3225//3225 3232//3232
f 328//328 2559//2559 429//429
f 270//270 444//444 483//483
f 270//270 483//483 652//652
f 3323//3323 3375//3375 3376//3376
f 270//270 652//652 1426//1426
f 270//270 1426//1426 2491//2491
f 3012//3012 3074//3074 2937//2937
f 237//237 128//128 240//240
f 1326//1326 629//629 649//649
f 2674//2674 2613//2613 2685//2685
f 1733//1733 2559//2559 2544//2544
f 3575//3575 3529//3529 3493//3493
f 2491//2491 2917//2917 2534//2534
f 749//749 371//371 406//406
f 3019//3019 3258//3258 3245//3245
f 749//749 925//925 468//468
f 315//315 468//468 414//414
f 1323//1323 2082//2082 1411//1411
f 406//406 2884//2884 1202//1202
f 466//466 543//543 547//547
f 850//850 1120//1120 1208//1208
f 31//31 59//59 61//61
f 3358//3358 3176//3176 3307//3307
f 1245//1245 1835//1835 1208//1208
f 2931//2931 2973//2973 2782//2782
f 1245//1245 1282//1282 1835//1835
f 1254//1254 1202//1202 2884//2884
f 271//271 315//315 414//414
f 223//223 271//271 414//414
f 1923//1923 3957//3957 4282//4282
f 2076//2076 1362//1362 2206//2206
f 302//302 378//378 401//401
f 1398//1398 650//650 604//604
f 2700//2700 2829//2829 2645//2645
f 2333//2333 1651//1651 565//565
f 223//223 461//461 146//146
f 120//120 230//230 126//126
f 223//223 414//414 461//461
f 2474//2474 2770//2770 2888//2888
f 185//185 80//80 146//146
f 301//301 268//268 461//461
f 2559//2559 1336//1336 3247//3247
f 138//138 146//146 149//149
f 301//301 1336//1336 2559//2559
f 301//301 715//715 1336//1336
f 3611//3611 3621//3621 3619//3619
f 2076//2076 2206//2206 3004//3004
f 2206//2206 3242//3242 3004//3004
f 3672//3672 3004//3004 3242//3242
f 327//327 617//617 1122//1122
f 3672//3672 3242//3242 3966//3966
f 4146//4146 4178//4178 4168//4168
f 4199//4199 4178//4178 4146//4146
f 2547//2547 1418//1418 2397//2397
f 2544//2544 3247//3247 3637//3637
f 3247//3247 4130//4130 3637//3637
f 2386//2386 2394//2394 2348//2348
f 1275//1275 1835//1835 1282//1282
f 1275//1275 2884//2884 1835//1835
f 2884//2884 4275//4275 3305//3305
f 3305//3305 4275//4275 4132//4132
f 3401//3401 3363//3363 3228//3228
f 3837//3837 4275//4275 3769//3769
f 3837//3837 3769//3769 4275//4275
f 2906//2906 2940//2940 2425//2425
f 1757//1757 1777//1777 1762//1762
f 2093//2093 2273//2273 2258//2258
f 4218//4218 4132//4132 4275//4275
f 4218//4218 4275//4275 4251//4251
f 18//18 1//1 525//525
f 3//3 18//18 511//511
f 3205//3205 3383//3383 3220//3220
f 485//485 525//525 3//3
f 5//5 3//3 525//525
f 5//5 525//525 511//511
f 2//2 4//4 515//515
f 2043//2043 2066//2066 1950//1950
f 60//60 192//192 203//203
f 60//60 22//22 192//192
f 192//192 22//22 6//6
f 307//307 498//498 400//400
f 3009//3009 3245//3245 3050//3050
f 3465//3465 3581//3581 3559//3559
f 307//307 292//292 494//494
f 292//292 246//246 494//494
f 3339//3339 3235//3235 3303//3303
f 494//494 246//246 492//492
f 503//503 397//397 332//332
f 3445//3445 3427//3427 3474//3474
f 331//331 332//332 397//397
f 3113//3113 3323//3323 3117//3117
f 2452//2452 2411//2411 2656//2656
f 2947//2947 3235//3235 2778//2778
f 2455//2455 2377//2377 2485//2485
f 288//288 439//439 360//360
f 4197//4197 4215//4215 4234//4234
f 458//458 462//462 692//692
f 288//288 397//397 439//439
f 360//360 321//321 199//199
f 1382//1382 1363//1363 1441//1441
f 1890//1890 1876//1876 1932//1932
f 1251//1251 1190//1190 1268//1268
f 138//138 186//186 165//165
f 266//266 165//165 186//186
f 469//469 401//401 476//476
f 1178//1178 1223//1223 792//792
f 1375//1375 1178//1178 1722//1722
f 1375//1375 1223//1223 1178//1178
f 2866//2866 3456//3456 3083//3083
f 3128//3128 3135//3135 3068//3068
f 3128//3128 3068//3068 3135//3135
f 1280//1280 1275//1275 1222//1222
f 1949//1949 1936//1936 2068//2068
f 2068//2068 1936//1936 2248//2248
f 2068//2068 2248//2248 2272//2272
f 2248//2248 2722//2722 2502//2502
f 2933//2933 3098//3098 2897//2897
f 2933//2933 3208//3208 3098//3098
f 3640//3640 3539//3539 3553//3553
f 3301//3301 3288//3288 3300//3300
f 4095//4095 4105//4105 4134//4134
f 4134//4134 4179//4179 4186//4186
f 117//117 212//212 114//114
f 3188//3188 3080//3080 3002//3002
f 4210//4210 4179//4179 4217//4217
f 1657//1657 569//569 1987//1987
f 4217//4217 4235//4235 4210//4210
f 4246//4246 4210//4210 4235//4235
f 4256//4256 4272//4272 4246//4246
f 1679//1679 1676//1676 1790//1790
f 4275//4275 4280//4280 4257//4257
f 2438//2438 2656//2656 511//511
f 2411//2411 511//511 2656//2656
f 525//525 796//796 1088//1088
f 5//5 1418//1418 2530//2530
f 5//5 2530//2530 511//511
f 2656//2656 511//511 2530//2530
f 3593//3593 3587//3587 3622//3622
f 2656//2656 563//563 19//19
f 2438//2438 2656//2656 525//525
f 2438//2438 525//525 2656//2656
f 2656//2656 1088//1088 796//796
f 2438//2438 1088//1088 2656//2656
f 2438//2438 511//511 1088//1088
f 3205//3205 3343//3343 3383//3383
f 1365//1365 1412//1412 1332//1332
f 2217//2217 2265//2265 2288//2288
f 1241//1241 1263//1263 1261//1261
f 2373//2373 2305//2305 2271//2271
f 1951//1951 1935//1935 1914//1914
f 573//573 515//515 4//4
f 1788//1788 498//498 610//610
f 2048//2048 2248//2248 1936//1936
f 2448//2448 2533//2533 2465//2465
f 4187//4187 4171//4171 4131//4131
f 2677//2677 2609//2609 2694//2694
f 416//416 440//440 395//395
f 1464//1464 1682//1682 1310//1310
f 1565//1565 1310//1310 1682//1682
f 1565//1565 1359//1359 1310//1310
f 2097//2097 2091//2091 2102//2102
f 1219//1219 1310//1310 1359//1359
f 1219//1219 1359//1359 1228//1228
f 1875//1875 1844//1844 1886//1886
f 498//498 1113//1113 490//490
f 1843//1843 1888//1888 1735//1735
f 1028//1028 1274//1274 1286//1286
f 2192//2192 2244//2244 2307//2307
f 356//356 438//438 344//344
f 1417//1417 532//532 573//573
f 573//573 2//2 515//515
f 4123//4123 4128//4128 4191//4191
f 1410//1410 1824//1824 1322//1322
f 229//229 224//224 200//200
f 229//229 200//200 224//224
f 1410//1410 1322//1322 1139//1139
f 536//536 397//397 605//605
f 2409//2409 2479//2479 2399//2399
f 4153//4153 4167//4167 4166//4166
f 538//538 610//610 494//494
f 3383//3383 3220//3220 3205//3205
f 2803//2803 2799//2799 2647//2647
f 573//573 492//492 192//192
f 2923//2923 2644//2644 2834//2834
f 573//573 4//4 2//2
f 2949//2949 2802//2802 3114//3114
f 1177//1177 1475//1475 1308//1308
f 1177//1177 1308//1308 615//615
f 581//581 615//615 773//773
f 581//581 773//773 543//543
f 3885//3885 3929//3929 3831//3831
f 1308//1308 1902//1902 1878//1878
f 545//545 469//469 487//487
f 1506//1506 1308//1308 1878//1878
f 2972//2972 2931//2931 2968//2968
f 1269//1269 773//773 1308//1308
f 545//545 594//594 836//836
f 594//594 792//792 836//836
f 2924//2924 2796//2796 2837//2837
f 526//526 517//517 599//599
f 363//363 368//368 392//392
f 2471//2471 2515//2515 2433//2433
f 4192//4192 4118//4118 4138//4138
f 138//138 85//85 173//173
f 1522//1522 1655//1655 1659//1659
f 2935//2935 2862//2862 2496//2496
f 85//85 321//321 173//173
f 3318//3318 3442//3442 3165//3165
f 149//149 124//124 223//223
f 3631//3631 3285//3285 3455//3455
f 3551//3551 3564//3564 3498//3498
f 2457//2457 2441//2441 2511//2511
f 2457//2457 2511//2511 2441//2441
f 2266//2266 2334//2334 2391//2391
f 566//566 439//439 536//536
f 173//173 293//293 186//186
f 266//266 186//186 293//293
f 466//466 378//378 420//420
f 1571//1571 1495//1495 1537//1537
f 378//378 476//476 401//401
f 466//466 552//552 476//476
f 245//245 252//252 112//112
f 466//466 547//547 552//552
f 594//594 552//552 547//547
f 594//594 547//547 582//582
f 922//922 1178//1178 792//792
f 2826//2826 2791//2791 4281//4281
f 3631//3631 4032//4032 3657//3657
f 1382//1382 1456//1456 1458//1458
f 1382//1382 1458//1458 1456//1456
f 99//99 130//130 127//127
f 4265//4265 4267//4267 4290//4290
f 3446//3446 3318//3318 3253//3253
f 3046//3046 2456//2456 2602//2602
f 2623//2623 2660//2660 2678//2678
f 2623//2623 2678//2678 2660//2660
f 1883//1883 1820//1820 1817//1817
f 4139//4139 4159//4159 4128//4128
f 2542//2542 2322//2322 2281//2281
f 3696//3696 3676//3676 4075//4075
f 4094//4094 4075//4075 3676//3676
f 4128//4128 4075//4075 4094//4094
f 3447//3447 3424//3424 3440//3440
f 4139//4139 4128//4128 4094//4094
f 2190//2190 2135//2135 2192//2192
f 2190//2190 2192//2192 2135//2135
f 367//367 428//428 346//346
f 2791//2791 2746//2746 2809//2809
f 4234//4234 4248//4248 4223//4223
f 3688//3688 3545//3545 3660//3660
f 4197//4197 4234//4234 4223//4223
f 253//253 209//209 144//144
f 4082//4082 4090//4090 3850//3850
f 4112//4112 4090//4090 4082//4082
f 4162//4162 4136//4136 4112//4112
f 430//430 443//443 446//446
f 4117//4117 4149//4149 4115//4115
f 1795//1795 1654//1654 1862//1862
f 1836//1836 1322//1322 1824//1824
f 2352//2352 2371//2371 2442//2442
f 4112//4112 4136//4136 4093//4093
f 3149//3149 3495//3495 3078//3078
f 3583//3583 3308//3308 3119//3119
f 3456//3456 3078//3078 3560//3560
f 2640//2640 2554//2554 2675//2675
f 2640//2640 2675//2675 3078//3078
f 3078//3078 2675//2675 2655//2655
f 551//551 479//479 424//424
f 3149//3149 3078//3078 2655//2655
f 2285//2285 2258//2258 2233//2233
f 2866//2866 2687//2687 3137//3137
f 4248//4248 4241//4241 4262//4262
f 2460//2460 1837//1837 2541//2541
f 2866//2866 1824//1824 1813//1813
f 3528//3528 3538//3538 3566//3566
f 3528//3528 3566//3566 3538//3538
f 1836//1836 1422//1422 1322//1322
f 1276//1276 605//605 1322//1322
f 503//503 1139//1139 605//605
f 1410//1410 1113//1113 1813//1813
f 2229//2229 2184//2184 2182//2182
f 498//498 1813//1813 1113//1113
f 2687//2687 1813//1813 498//498
f 2285//2285 2418//2418 2407//2407
f 3551//3551 3461//3461 3491//3491
f 2466//2466 2450//2450 2487//2487
f 2517//2517 2513//2513 2713//2713
f 1969//1969 1398//1398 2966//2966
f 4125//4125 4109//4109 4181//4181
f 4240//4240 4245//4245 4230//4230
f 2535//2535 2094//2094 1379//1379
f 1836//1836 3083//3083 2754//2754
f 262//262 285//285 268//268
f 3638//3638 3527//3527 3773//3773
f 3773//3773 3527//3527 3688//3688
f 1880//1880 1852//1852 2088//2088
f 2700//2700 2492//2492 2558//2558
f 3660//3660 3545//3545 3569//3569
f 3873//3873 3755//3755 3874//3874
f 3873//3873 3874//3874 3755//3755
f 4264//4264 4252//4252 4263//4263
f 2083//2083 2180//2180 2152//2152
f 3401//3401 3449//3449 3321//3321
f 1301//1301 1267//1267 1283//1283
f 3186//3186 3504//3504 3085//3085
f 2607//2607 3186//3186 3085//3085
f 1491//1491 1520//1520 1459//1459
f 3313//3313 3238//3238 3246//3246
f 3085//3085 2319//2319 2607//2607
f 2517//2517 2410//2410 2536//2536
f 2481//2481 2521//2521 2407//2407
f 2319//2319 1904//1904 1845//1845
f 450//450 526//526 477//477
f 1802//1802 572//572 2708//2708
f 2496//2496 3085//3085 2882//2882
f 749//749 821//821 850//850
f 1904//1904 1902//1902 1475//1475
f 618//618 571//571 669//669
f 2413//2413 2163//2163 2913//2913
f 1867//1867 1891//1891 1914//1914
f 599//599 1177//1177 615//615
f 2815//2815 2835//2835 2821//2821
f 615//615 581//581 477//477
f 3162//3162 3096//3096 3248//3248
f 2138//2138 2091//2091 2071//2071
f 2138//2138 2071//2071 2091//2091
f 231//231 386//386 236//236
f 3615//3615 3569//3569 3504//3504
f 92//92 71//71 65//65
f 2319//2319 3085//3085 2496//2496
f 3125//3125 3413//3413 2981//2981
f 2319//2319 2496//2496 1904//1904
f 1904//1904 1475//1475 1480//1480
f 1220//1220 1480//1480 1475//1475
f 2543//2543 1838//1838 2988//2988
f 1220//1220 1475//1475 1177//1177
f 615//615 477//477 526//526
f 137//137 177//177 102//102
f 3945//3945 3969//3969 3963//3963
f 3945//3945 3963//3963 3969//3969
f 2492//2492 2373//2373 2558//2558
f 3069//3069 2935//2935 3320//3320
f 2866//2866 3083//3083 1824//1824
f 1824//1824 3083//3083 1836//1836
f 2263//2263 2278//2278 2235//2235
f 1195//1195 605//605 1276//1276
f 1195//1195 589//589 605//605
f 807//807 1069//1069 598//598
f 1578//1578 1573//1573 1867//1867
f 1453//1453 1920//1920 1563//1563
f 3784//3784 3870//3870 3899//3899
f 3784//3784 3899//3899 3870//3870
f 3773//3773 4090//4090 4093//4093
f 4295//4295 4283//4283 4272//4272
f 3773//3773 3688//3688 4090//4090
f 3850//3850 4090//4090 3688//3688
f 2243//2243 1801//1801 1773//1773
f 4265//4265 4284//4284 4248//4248
f 1358//1358 1436//1436 1522//1522
f 4265//4265 4290//4290 4284//4284
f 2883//2883 2760//2760 2732//2732
f 4284//4284 4272//4272 4256//4256
f 1348//1348 650//650 1969//1969
f 1882//1882 2321//2321 2150//2150
f 2553//2553 2516//2516 2548//2548
f 2454//2454 2984//2984 2761//2761
f 1891//1891 1893//1893 2072//2072
f 3339//3339 3420//3420 3290//3290
f 2429//2429 2515//2515 2471//2471
f 4182//4182 4192//4192 4136//4136
f 4158//4158 4208//4208 4221//4221
f 4223//4223 4211//4211 4204//4204
f 2676//2676 2771//2771 2611//2611
f 2676//2676 2611//2611 2771//2771
f 3146//3146 2981//2981 3292//3292
f 3662//3662 3696//3696 4082//4082
f 4123//4123 4082//4082 4075//4075
f 3040//3040 2833//2833 2082//2082
f 2679//2679 2156//2156 2788//2788
f 1548//1548 2321//2321 2251//2251
f 3563//3563 3547//3547 3511//3511
f 4217//4217 4141//4141 4221//4221
f 4256//4256 4246//4246 4235//4235
f 4221//4221 4235//4235 4217//4217
f 1852//1852 1792//1792 2089//2089
f 4217//4217 4179//4179 4141//4141
f 1617//1617 1739//1739 1632//1632
f 3445//3445 3491//3491 3544//3544
f 4141//4141 4179//4179 4134//4134
f 2191//2191 2216//2216 2288//2288
f 205//205 247//247 249//249
f 1943//1943 3//3 1780//1780
f 2220//2220 2141//2141 2171//2171
f 3773//3773 4093//4093 4085//4085
f 3213//3213 3320//3320 3527//3527
f 3167//3167 3301//3301 3193//3193
f 2164//2164 2624//2624 2660//2660
f 3213//3213 3069//3069 3320//3320
f 3037//3037 2945//2945 2816//2816
f 2679//2679 2788//2788 2886//2886
f 2733//2733 2712//2712 2490//2490
f 3049//3049 3395//3395 3405//3405
f 3069//3069 2886//2886 2788//2788
f 3241//3241 3237//3237 3251//3251
f 3773//3773 4046//4046 3638//3638
f 3773//3773 4085//4085 4046//4046
f 1679//1679 1706//1706 1723//1723
f 2721//2721 2777//2777 2723//2723
f 4046//4046 4085//4085 4136//4136
f 493//493 624//624 24//24
f 4046//4046 4136//4136 4108//4108
f 3433//3433 3318//3318 3446//3446
f 779//779 403//403 764//764
f 64//64 112//112 102//102
f 1721//1721 1801//1801 1787//1787
f 3654//3654 3638//3638 4046//4046
f 3654//3654 3634//3634 3638//3638
f 3213//3213 2880//2880 3069//3069
f 2679//2679 2886//2886 2880//2880
f 4118//4118 3674//3674 4046//4046
f 4046//4046 3674//3674 3654//3654
f 3674//3674 3600//3600 3654//3654
f 3335//3335 3338//3338 3385//3385
f 1511//1511 1580//1580 1537//1537
f 1925//1925 2236//2236 1888//1888
f 3136//3136 2718//2718 2857//2857
f 2718//2718 2880//2880 2857//2857
f 2538//2538 1694//1694 1210//1210
f 2639//2639 2597//2597 2779//2779
f 3600//3600 3490//3490 3189//3189
f 3136//3136 2904//2904 2718//2718
f 4216//4216 4230//4230 4245//4245
f 3582//3582 3676//3676 3696//3696
f 2679//2679 2880//2880 2718//2718
f 2880//2880 3136//3136 2857//2857
f 2864//2864 3125//3125 3272//3272
f 3213//3213 3638//3638 3136//3136
f 3638//3638 3600//3600 3136//3136
f 3246//3246 3284//3284 3339//3339
f 3654//3654 3600//3600 3634//3634
f 4046//4046 4108//4108 4118//4118
f 1382//1382 1443//1443 1369//1369
f 1382//1382 1369//1369 1443//1443
f 4136//4136 4118//4118 4108//4108
f 4158//4158 4118//4118 4136//4136
f 856//856 828//828 785//785
f 4158//4158 4136//4136 4192//4192
f 533//533 806//806 495//495
f 4158//4158 4192//4192 4208//4208
f 2035//2035 2013//2013 2044//2044
f 2722//2722 2933//2933 2897//2897
f 2722//2722 2897//2897 2772//2772
f 1682//1682 1952//1952 1936//1936
f 2136//2136 2758//2758 2722//2722
f 1736//1736 1424//1424 1278//1278
f 2325//2325 2256//2256 2316//2316
f 3208//3208 2933//2933 2758//2758
f 2949//2949 2667//2667 2506//2506
f 194//194 103//103 110//110
f 194//194 110//110 103//103
f 3208//3208 2758//2758 3189//3189
f 3189//3189 3553//3553 3208//3208
f 3626//3626 3739//3739 3640//3640
f 3080//3080 3188//3188 3002//3002
f 3674//3674 3739//3739 3626//3626
f 3617//3617 3619//3619 3629//3629
f 4141//4141 4105//4105 3674//3674
f 2339//2339 2371//2371 2485//2485
f 749//749 850//850 831//831
f 749//749 831//831 850//850
f 3144//3144 3328//3328 3167//3167
f 1682//1682 1822//1822 1952//1952
f 2136//2136 2197//2197 2758//2758
f 2718//2718 2758//2758 2197//2197
f 1591//1591 1578//1578 1457//1457
f 2758//2758 2718//2718 2904//2904
f 2758//2758 2904//2904 3189//3189
f 287//287 237//237 263//263
f 248//248 273//273 307//307
f 3401//3401 3462//3462 3321//3321
f 1534//1534 1679//1679 1530//1530
f 3189//3189 3490//3490 3626//3626
f 3674//3674 3626//3626 3490//3490
f 4136//4136 4192//4192 4148//4148
f 628//628 2643//2643 1837//1837
f 2610//2610 2612//2612 2585//2585
f 1326//1326 618//618 1205//1205
f 4158//4158 4141//4141 4118//4118
f 2814//2814 2851//2851 2616//2616
f 2814//2814 2616//2616 2851//2851
f 4221//4221 4141//4141 4158//4158
f 307//307 292//292 297//297
f 1874//1874 1801//1801 2289//2289
f 4247//4247 4221//4221 4208//4208
f 2575//2575 2251//2251 2321//2321
f 1219//1219 922//922 773//773
f 1219//1219 773//773 1310//1310
f 1269//1269 1310//1310 773//773
f 2172//2172 1878//1878 2156//2156
f 2172//2172 2156//2156 2679//2679
f 1437//1437 1357//1357 1355//1355
f 2721//2721 2728//2728 2777//2777
f 3013//3013 3063//3063 3012//3012
f 2862//2862 2788//2788 2496//2496
f 2935//2935 2496//2496 2882//2882
f 4215//4215 4178//4178 4257//4257
f 4224//4224 4275//4275 4257//4257
f 1545//1545 1628//1628 1614//1614
f 3053//3053 3010//3010 3049//3049
f 4215//4215 4257//4257 4234//4234
f 2674//2674 3067//3067 2613//2613
f 1995//1995 2072//2072 1992//1992
f 2262//2262 2421//2421 2289//2289
f 2262//2262 2289//2289 2421//2421
f 4267//4267 4234//4234 4257//4257
f 1358//1358 1436//1436 1531//1531
f 2695//2695 2653//2653 2714//2714
f 4247//4247 4248//4248 4284//4284
f 2690//2690 2720//2720 2492//2492
f 3212//3212 1651//1651 2333//2333
f 4168//4168 4178//4178 4130//4130
f 3544//3544 3563//3563 3620//3620
f 3538//3538 3529//3529 3621//3621
f 2906//2906 3138//3138 3044//3044
f 2237//2237 2282//2282 2345//2345
f 2001//2001 2137//2137 2512//2512
f 2071//2071 2051//2051 2091//2091
f 2071//2071 2091//2091 2051//2051
f 3650//3650 4130//4130 4116//4116
f 3650//3650 4116//4116 3648//3648
f 3855//3855 3648//3648 4116//4116
f 1283//1283 1267//1267 1301//1301
f 4139//4139 4094//4094 4159//4159
f 1990//1990 2015//2015 2018//2018
f 682//682 3722//3722 3706//3706
f 2763//2763 2641//2641 2638//2638
f 2763//2763 2638//2638 2641//2641
f 4197//4197 4189//4189 4159//4159
f 3475//3475 3489//3489 3472//3472
f 3475//3475 3472//3472 3489//3489
f 2966//2966 2076//2076 3004//3004
f 330//330 325//325 317//317
f 4191//4191 4189//4189 4197//4197
f 574//574 562//562 2426//2426
f 574//574 2426//2426 562//562
f 4128//4128 4189//4189 4191//4191
f 1995//1995 2031//2031 2121//2121
f 1576//1576 1697//1697 1683//1683
f 1616//1616 3301//3301 1569//1569
f 3650//3650 3570//3570 3648//3648
f 3650//3650 3648//3648 3570//3570
f 2903//2903 2913//2913 3187//3187
f 191//191 276//276 175//175
f 1859//1859 1845//1845 1449//1449
f 3053//3053 3049//3049 2946//2946
f 1859//1859 2607//2607 1845//1845
f 2754//2754 3083//3083 3186//3186
f 3662//3662 3430//3430 3456//3456
f 92//92 138//138 146//146
f 3696//3696 3662//3662 3560//3560
f 3696//3696 3560//3560 3495//3495
f 2846//2846 2917//2917 3364//3364
f 3149//3149 3051//3051 3364//3364
f 1706//1706 1877//1877 1790//1790
f 3149//3149 3364//3364 3570//3570
f 3650//3650 3582//3582 3570//3570
f 3599//3599 3570//3570 3364//3364
f 173//173 378//378 293//293
f 2175//2175 2102//2102 2149//2149
f 189//189 194//194 202//202
f 1559//1559 1626//1626 1556//1556
f 173//173 321//321 378//378
f 1951//1951 1973//1973 1736//1736
f 935//935 853//853 863//863
f 935//935 863//863 853//853
f 1226//1226 1196//1196 1184//1184
f 439//439 450//450 360//360
f 1195//1195 1449//1449 1220//1220
f 2179//2179 2106//2106 2237//2237
f 1195//1195 1859//1859 1449//1449
f 2688//2688 2663//2663 2719//2719
f 327//327 579//579 1250//1250
f 1836//1836 2754//2754 1859//1859
f 1314//1314 1223//1223 1722//1722
f 2366//2366 2382//2382 2359//2359
f 3456//3456 3560//3560 3662//3662
f 5//5 1772//1772 18//18
f 1799//1799 2012//2012 2052//2052
f 2699//2699 2769//2769 2612//2612
f 2846//2846 3051//3051 2827//2827
f 2846//2846 2827//2827 2656//2656
f 2846//2846 2656//2656 2530//2530
f 2846//2846 2530//2530 2534//2534
f 4197//4197 4159//4159 4178//4178
f 2947//2947 2859//2859 2932//2932
f 606//606 2219//2219 511//511
f 4267//4267 4257//4257 4280//4280
f 2100//2100 1977//1977 1976//1976
f 4165//4165 4178//4178 4159//4159
f 2988//2988 1857//1857 3324//3324
f 641//641 1734//1734 1323//1323
f 4165//4165 4159//4159 4178//4178
f 2547//2547 2534//2534 1418//1418
f 3190//3190 2764//2764 3280//3280
f 2219//2219 2656//2656 2411//2411
f 2219//2219 2411//2411 2656//2656
f 1298//1298 1311//1311 1337//1337
f 2656//2656 2827//2827 2655//2655
f 3855//3855 3676//3676 3650//3650
f 3149//3149 2827//2827 3051//3051
f 2018//2018 2040//2040 2023//2023
f 2134//2134 2139//2139 2044//2044
f 3731//3731 689//689 659//659
f 4159//4159 4116//4116 4178//4178
f 190//190 196//196 110//110
f 1188//1188 1197//1197 1938//1938
f 2376//2376 2655//2655 2452//2452
f 2376//2376 2452//2452 2655//2655
f 1695//1695 1702//1702 1706//1706
f 2376//2376 527//527 2452//2452
f 527//527 2//2 515//515
f 3//3 511//511 515//515
f 3551//3551 3612//3612 3544//3544
f 3551//3551 3498//3498 3564//3564
f 2376//2376 573//573 515//515
f 3149//3149 2655//2655 2827//2827
f 3650//3650 3676//3676 3582//3582
f 290//290 204//204 212//212
f 3321//3321 3266//3266 3200//3200
f 265//265 508//508 219//219
f 143//143 156//156 157//157
f 4224//4224 4257//4257 4199//4199
f 1494//1494 1544//1544 1436//1436
f 4223//4223 4208//4208 4211//4211
f 4192//4192 4211//4211 4208//4208
f 4123//4123 4162//4162 4129//4129
f 4123//4123 4129//4129 4082//4082
f 2289//2289 2255//2255 2286//2286
f 2289//2289 2286//2286 2255//2255
f 1821//1821 1893//1893 1766//1766
f 4082//4082 3850//3850 3662//3662
f 3193//3193 3319//3319 3300//3300
f 278//278 214//214 289//289
f 3850//3850 3592//3592 3662//3662
f 3850//3850 3660//3660 3592//3592
f 3194//3194 3569//3569 3545//3545
f 1631//1631 1607//1607 1927//1927
f 3320//3320 2935//2935 2882//2882
f 1533//1533 1512//1512 1805//1805
f 440//440 416//416 395//395
f 493//493 624//624 534//534
f 493//493 534//534 624//624
f 3069//3069 2862//2862 2935//2935
f 2946//2946 2944//2944 2820//2820
f 1878//1878 2172//2172 1822//1822
f 3566//3566 3608//3608 3609//3609
f 3207//3207 3138//3138 2786//2786
f 1565//1565 1701//1701 1359//1359
f 2004//2004 2192//2192 2244//2244
f 1228//1228 1359//1359 1178//1178
f 1228//1228 1178//1178 922//922
f 2558//2558 2373//2373 2492//2492
f 2949//2949 3060//3060 3042//3042
f 2072//2072 1893//1893 2119//2119
f 922//922 582//582 773//773
f 3514//3514 3549//3549 3594//3594
f 3514//3514 3594//3594 3549//3549
f 582//582 543//543 773//773
f 547//547 543//543 582//582
f 477//477 466//466 420//420
f 477//477 420//420 321//321
f 450//450 477//477 321//321
f 3357//3357 3260//3260 2783//2783
f 120//120 111//111 206//206
f 599//599 566//566 1220//1220
f 1220//1220 1449//1449 1480//1480
f 2951//2951 3081//3081 3230//3230
f 1845//1845 1480//1480 1449//1449
f 2319//2319 1845//1845 2607//2607
f 1483//1483 1532//1532 1581//1581
f 2607//2607 2754//2754 3186//3186
f 1516//1516 1540//1540 1613//1613
f 1516//1516 1613//1613 1540//1540
f 351//351 380//380 406//406
f 883//883 856//856 828//828
f 883//883 828//828 856//856
f 1955//1955 1956//1956 1521//1521
f 573//573 4//4 527//527
f 3524//3524 3587//3587 3555//3555
f 3205//3205 3756//3756 3007//3007
f 2972//2972 2926//2926 2931//2931
f 2926//2926 2907//2907 2931//2931
f 2892//2892 2907//2907 2926//2926
f 2972//2972 2968//2968 3006//3006
f 540//540 281//281 1987//1987
f 3406//3406 3006//3006 3348//3348
f 1861//1861 1676//1676 1588//1588
f 3406//3406 3411//3411 3409//3409
f 3463//3463 3480//3480 3411//3411
f 3463//3463 3411//3411 3480//3480
f 3463//3463 3480//3480 3536//3536
f 1574//1574 1853//1853 1954//1954
f 853//853 1434//1434 424//424
f 2018//2018 2015//2015 2040//2040
f 3568//3568 3552//3552 3574//3574
f 1690//1690 1891//1891 1766//1766
f 3464//3464 3512//3512 3453//3453
f 3464//3464 3548//3548 3512//3512
f 419//419 424//424 411//411
f 3377//3377 3464//3464 3331//3331
f 2986//2986 2997//2997 3172//3172
f 2986//2986 3172//3172 3331//3331
f 3584//3584 3593//3593 3603//3603
f 2997//2997 2986//2986 2950//2950
f 1069//1069 2027//2027 2034//2034
f 2991//2991 2731//2731 2753//2753
f 2991//2991 2753//2753 2908//2908
f 2112//2112 1998//1998 2221//2221
f 2170//2170 2369//2369 2390//2390
f 2369//2369 2660//2660 2390//2390
f 2623//2623 2660//2660 2369//2369
f 2153//2153 2159//2159 2627//2627
f 2765//2765 2719//2719 2798//2798
f 2892//2892 2798//2798 2787//2787
f 1590//1590 1868//1868 3107//3107
f 3280//3280 2764//2764 3107//3107
f 3356//3356 3483//3483 3564//3564
f 2892//2892 2926//2926 2798//2798
f 4206//4206 4198//4198 4231//4231
f 1890//1890 1931//1931 1930//1930
f 2043//2043 2062//2062 2066//2066
f 211//211 111//111 120//120
f 2073//2073 2170//2170 2164//2164
f 2170//2170 2390//2390 2164//2164
f 2073//2073 2056//2056 2050//2050
f 3595//3595 3606//3606 3611//3611
f 3053//3053 2946//2946 3010//3010
f 1934//1934 2050//2050 2056//2056
f 1825//1825 1921//1921 1846//1846
f 1934//1934 1921//1921 1825//1825
f 1385//1385 1517//1517 1428//1428
f 1171//1171 1214//1214 1213//1213
f 1330//1330 1309//1309 1331//1331
f 1330//1330 1319//1319 1309//1309
f 1403//1403 1330//1330 1331//1331
f 2690//2690 2560//2560 2697//2697
f 1403//1403 1431//1431 1407//1407
f 2245//2245 2305//2305 2347//2347
f 1805//1805 1512//1512 1809//1809
f 2591//2591 2583//2583 2481//2481
f 3756//3756 4188//4188 3884//3884
f 3205//3205 2908//2908 2902//2902
f 2753//2753 2902//2902 2908//2908
f 2297//2297 2902//2902 2170//2170
f 1934//1934 2170//2170 2050//2050
f 1545//1545 1452//1452 1468//1468
f 1934//1934 1667//1667 2170//2170
f 2297//2297 2170//2170 1667//1667
f 2165//2165 2095//2095 2242//2242
f 2165//2165 2242//2242 2095//2095
f 4122//4122 4106//4106 4087//4087
f 790//790 542//542 754//754
f 883//883 409//409 779//779
f 883//883 1805//1805 409//409
f 2066//2066 409//409 1966//1966
f 1382//1382 1445//1445 1443//1443
f 1382//1382 1443//1443 1445//1445
f 3321//3321 3266//3266 3152//3152
f 4276//4276 2798//2798 2926//2926
f 4276//4276 3870//3870 3899//3899
f 4276//4276 4283//4283 4295//4295
f 4276//4276 3899//3899 4283//4283
f 2193//2193 409//409 2066//2066
f 2193//2193 2765//2765 409//409
f 4276//4276 409//409 2765//2765
f 1890//1890 1930//1930 1814//1814
f 883//883 1330//1330 1403//1403
f 2087//2087 2089//2089 1849//1849
f 1314//1314 1825//1825 1385//1385
f 1808//1808 1604//1604 1825//1825
f 2170//2170 2098//2098 2050//2050
f 2170//2170 2902//2902 2369//2369
f 2614//2614 2623//2623 2902//2902
f 2678//2678 2902//2902 2753//2753
f 1556//1556 2003//2003 1467//1467
f 2997//2997 2991//2991 3007//3007
f 2997//2997 3007//3007 2991//2991
f 2997//2997 3007//3007 3172//3172
f 2908//2908 3007//3007 2997//2997
f 3377//3377 3007//3007 3756//3756
f 3377//3377 3412//3412 3464//3464
f 3377//3377 3464//3464 3412//3412
f 3568//3568 3574//3574 3464//3464
f 3574//3574 3548//3548 3464//3464
f 1789//1789 1892//1892 1603//1603
f 3568//3568 3464//3464 3536//3536
f 3461//3461 3376//3376 3375//3375
f 3461//3461 3375//3375 3376//3376
f 1271//1271 1285//1285 1288//1288
f 3473//3473 3463//3463 3870//3870
f 2067//2067 2042//2042 2093//2093
f 3464//3464 3463//3463 3536//3536
f 3029//3029 3017//3017 2926//2926
f 1148//1148 1138//1138 1164//1164
f 779//779 409//409 403//403
f 3464//3464 3777//3777 3874//3874
f 3377//3377 3756//3756 3777//3777
f 790//790 1319//1319 403//403
f 1314//1314 1667//1667 1934//1934
f 790//790 1314//1314 1385//1385
f 790//790 1385//1385 1380//1380
f 4276//4276 2926//2926 3017//3017
f 2518//2518 2512//2512 2871//2871
f 4276//4276 3017//3017 3870//3870
f 4280//4280 4275//4275 4286//4286
f 4290//4290 4295//4295 4284//4284
f 4295//4295 4272//4272 4284//4284
f 1489//1489 1519//1519 1499//1499
f 220//220 165//165 232//232
f 2509//2509 2402//2402 2598//2598
f 178//178 140//140 165//165
f 138//138 140//140 146//146
f 164//164 149//149 140//140
f 2851//2851 2654//2654 2937//2937
f 164//164 250//250 168//168
f 1617//1617 1668//1668 1832//1832
f 190//190 181//181 176//176
f 250//250 271//271 168//168
f 367//367 334//334 358//358
f 250//250 283//283 271//271
f 1560//1560 1427//1427 1732//1732
f 220//220 266//266 250//250
f 1296//1296 1304//1304 2628//2628
f 324//324 337//337 333//333
f 1821//1821 1755//1755 1861//1861
f 336//336 337//337 324//324
f 368//368 406//406 362//362
f 363//363 368//368 399//399
f 363//363 399//399 368//368
f 366//366 354//354 362//362
f 8//8 11//11 521//521
f 366//366 361//361 336//336
f 364//364 362//362 406//406
f 364//364 337//337 361//361
f 364//364 406//406 337//337
f 366//366 362//362 364//364
f 1655//1655 1708//1708 1730//1730
f 366//366 336//336 354//354
f 3//3 2//2 10//10
f 1123//1123 1193//1193 1138//1138
f 246//246 292//292 303//303
f 323//323 313//313 328//328
f 323//323 328//328 313//313
f 301//301 328//328 331//331
f 199//199 183//183 260//260
f 183//183 268//268 260//260
f 1495//1495 1493//1493 1580//1580
f 288//288 268//268 301//301
f 185//185 183//183 198//198
f 1504//1504 1526//1526 1763//1763
f 3142//3142 3145//3145 3092//3092
f 75//75 80//80 85//85
f 1491//1491 1406//1406 1551//1551
f 92//92 65//65 138//138
f 2339//2339 2377//2377 2455//2455
f 3544//3544 3557//3557 3612//3612
f 3544//3544 3612//3612 3557//3557
f 3164//3164 3520//3520 3425//3425
f 3614//3614 3547//3547 3591//3591
f 4210//4210 4186//4186 4179//4179
f 3204//3204 3202//3202 3254//3254
f 2297//2297 2659//2659 2902//2902
f 2515//2515 2328//2328 2358//2358
f 2297//2297 1667//1667 1959//1959
f 1722//1722 1959//1959 1667//1667
f 345//345 312//312 326//326
f 3524//3524 3487//3487 3587//3587
f 2019//2019 2232//2232 2217//2217
f 4188//4188 4210//4210 4246//4246
f 1431//1431 1432//1432 1421//1421
f 2170//2170 2164//2164 2203//2203
f 2170//2170 2203//2203 2164//2164
f 1945//1945 1948//1948 1900//1900
f 1722//1722 1223//1223 1375//1375
f 4274//4274 4275//4275 4243//4243
f 184//184 189//189 94//94
f 184//184 94//94 189//189
f 754//754 1223//1223 1314//1314
f 1314//1314 1722//1722 1667//1667
f 2245//2245 2393//2393 2259//2259
f 2297//2297 1959//1959 2081//2081
f 2502//2502 2772//2772 2659//2659
f 2772//2772 2902//2902 2659//2659
f 2817//2817 2795//2795 2738//2738
f 2817//2817 2738//2738 2795//2795
f 3205//3205 3261//3261 3539//3539
f 444//444 422//422 448//448
f 3482//3482 3389//3389 3416//3416
f 2097//2097 2051//2051 2091//2091
f 2853//2853 2507//2507 3265//3265
f 1951//1951 1961//1961 1973//1973
f 807//807 1250//1250 579//579
f 542//542 403//403 469//469
f 1944//1944 1983//1983 1985//1985
f 1722//1722 1949//1949 1959//1959
f 2081//2081 1959//1959 1949//1949
f 3756//3756 4095//4095 4188//4188
f 403//403 399//399 469//469
f 3321//3321 3209//3209 3266//3266
f 754//754 542//542 836//836
f 383//383 376//376 394//394
f 1554//1554 3239//3239 1872//1872
f 754//754 836//836 1223//1223
f 2081//2081 1949//1949 2068//2068
f 2297//2297 2272//2272 2502//2502
f 2902//2902 2897//2897 3098//3098
f 3539//3539 3697//3697 3756//3756
f 4188//4188 4095//4095 4186//4186
f 2//2 6//6 10//10
f 944//944 880//880 863//863
f 17//17 10//10 60//60
f 3945//3945 3963//3963 4114//4114
f 60//60 10//10 22//22
f 17//17 96//96 60//60
f 17//17 60//60 96//96
f 246//246 60//60 203//203
f 246//246 136//136 60//60
f 13//13 3//3 10//10
f 17//17 13//13 10//10
f 1642//1642 1625//1625 1688//1688
f 323//323 332//332 313//313
f 323//323 313//313 332//332
f 3028//3028 2989//2989 2944//2944
f 3447//3447 2695//2695 3381//3381
f 1579//1579 1978//1978 1912//1912
f 246//246 270//270 226//226
f 246//246 226//226 136//136
f 2568//2568 2716//2716 2704//2704
f 30//30 38//38 98//98
f 3544//3544 3612//3612 3551//3551
f 331//331 397//397 288//288
f 246//246 303//303 270//270
f 75//75 85//85 65//65
f 296//296 290//290 212//212
f 95//95 98//98 93//93
f 95//95 93//93 98//98
f 185//185 268//268 183//183
f 3175//3175 2965//2965 2621//2621
f 3070//3070 3209//3209 3067//3067
f 777//777 785//785 828//828
f 38//38 93//93 98//98
f 140//140 138//138 165//165
f 75//75 146//146 80//80
f 75//75 65//65 72//72
f 393//393 419//419 387//387
f 2069//2069 2044//2044 2035//2035
f 2069//2069 2035//2035 2044//2044
f 336//336 324//324 350//350
f 3520//3520 3458//3458 3578//3578
f 302//302 401//401 350//350
f 2611//2611 2600//2600 2771//2771
f 3342//3342 3233//3233 3277//3277
f 336//336 350//350 403//403
f 149//149 223//223 146//146
f 336//336 403//403 399//399
f 333//333 337//337 315//315
f 351//351 315//315 337//337
f 283//283 315//315 271//271
f 3101//3101 2889//2889 3038//3038
f 3271//3271 2916//2916 3265//3265
f 2825//2825 2349//2349 1733//1733
f 351//351 337//337 409//409
f 1478//1478 1560//1560 1495//1495
f 351//351 406//406 371//371
f 3446//3446 3253//3253 3374//3374
f 1547//1547 1596//1596 1436//1436
f 4295//4295 4286//4286 4275//4275
f 4276//4276 4295//4295 4275//4275
f 409//409 4275//4275 406//406
f 4276//4276 4275//4275 409//409
f 409//409 337//337 406//406
f 351//351 409//409 406//406
f 398//398 409//409 406//406
f 4290//4290 4285//4285 4295//4295
f 4283//4283 4246//4246 4272//4272
f 2721//2721 2212//2212 2723//2723
f 1454//1454 2789//2789 5//5
f 1454//1454 5//5 18//18
f 485//485 3//3 1541//1541
f 485//485 1780//1780 3//3
f 4265//4265 4284//4284 4288//4288
f 3057//3057 2837//2837 2891//2891
f 1300//1300 1295//1295 1349//1349
f 4214//4214 4212//4212 4197//4197
f 4165//4165 4178//4178 4197//4197
f 2618//2618 2766//2766 2837//2837
f 1945//1945 1730//1730 1900//1900
f 4189//4189 4197//4197 4178//4178
f 842//842 577//577 911//911
f 4165//4165 4212//4212 4124//4124
f 2412//2412 2157//2157 2391//2391
f 3671//3671 3960//3960 4124//4124
f 262//262 189//189 194//194
f 1296//1296 1251//1251 1268//1268
f 4124//4124 3960//3960 4116//4116
f 4139//4139 4189//4189 4165//4165
f 2221//2221 1999//1999 2112//2112
f 4139//4139 4165//4165 4116//4116
f 3528//3528 3502//3502 3492//3492
f 3528//3528 3492//3492 3502//3502
f 40//40 66//66 107//107
f 4261//4261 4258//4258 4212//4212
f 4261//4261 4212//4212 4238//4238
f 1458//1458 1609//1609 1778//1778
f 4144//4144 4149//4149 4164//4164
f 3140//3140 3075//3075 3139//3139
f 3140//3140 3139//3139 3075//3075
f 2164//2164 1967//1967 2056//2056
f 1414//1414 1444//1444 1373//1373
f 1414//1414 1373//1373 1444//1444
f 4165//4165 4197//4197 4212//4212
f 4212//4212 4214//4214 4238//4238
f 1723//1723 1679//1679 1821//1821
f 2520//2520 2573//2573 2775//2775
f 1339//1339 1374//1374 1328//1328
f 2737//2737 2917//2917 1426//1426
f 4157//4157 4177//4177 4201//4201
f 4285//4285 4265//4265 4288//4288
f 3784//3784 3853//3853 3804//3804
f 4285//4285 4258//4258 4265//4265
f 3150//3150 3165//3165 3074//3074
f 464//464 554//554 629//629
f 2018//2018 2265//2265 2113//2113
f 446//446 443//443 413//413
f 4274//4274 4258//4258 4285//4285
f 4165//4165 4124//4124 4116//4116
f 4193//4193 2762//2762 4142//4142
f 4193//4193 4225//4225 2762//2762
f 4161//4161 4212//4212 4225//4225
f 4161//4161 4225//4225 4193//4193
f 4212//4212 4243//4243 4225//4225
f 1600//1600 3223//3223 1752//1752
f 4161//4161 4140//4140 4124//4124
f 1462//1462 1440//1440 1518//1518
f 4161//4161 4193//4193 4140//4140
f 3402//3402 3350//3350 3438//3438
f 2029//2029 2009//2009 2303//2303
f 345//345 166//166 236//236
f 2029//2029 2303//2303 2009//2009
f 3623//3623 3187//3187 3285//3285
f 4235//4235 4210//4210 4239//4239
f 4169//4169 4186//4186 4210//4210
f 2279//2279 2433//2433 2293//2293
f 2339//2339 2485//2485 2377//2377
f 4232//4232 4226//4226 4249//4249
f 4129//4129 4189//4189 4091//4091
f 189//189 94//94 202//202
f 835//835 944//944 1923//1923
f 4194//4194 4211//4211 4214//4214
f 2645//2645 2558//2558 2517//2517
f 2645//2645 2517//2517 2558//2558
f 3446//3446 3555//3555 3408//3408
f 1414//1414 1358//1358 1360//1360
f 1609//1609 1792//1792 1778//1778
f 4214//4214 4189//4189 4194//4194
f 1987//1987 2365//2365 1546//1546
f 840//840 787//787 866//866
f 840//840 866//866 787//787
f 4192//4192 4108//4108 4118//4118
f 2232//2232 2003//2003 1937//1937
f 1720//1720 1591//1591 1666//1666
f 1720//1720 1666//1666 1591//1591
f 1593//1593 1609//1609 1648//1648
f 1593//1593 1648//1648 1609//1609
f 2618//2618 2814//2814 2626//2626
f 3185//3185 2869//2869 3191//3191
f 4247//4247 4262//4262 4241//4241
f 2303//2303 1885//1885 2060//2060
f 4247//4247 4235//4235 4256//4256
f 4221//4221 4169//4169 4235//4235
f 3641//3641 3637//3637 3642//3642
f 4248//4248 4261//4261 4238//4238
f 2892//2892 2787//2787 406//406
f 4248//4248 4238//4238 4241//4241
f 1992//1992 2072//2072 2130//2130
f 68//68 72//72 80//80
f 1965//1965 2032//2032 2425//2425
f 2360//2360 2550//2550 2437//2437
f 4265//4265 4262//4262 4284//4284
f 4194//4194 4148//4148 4192//4192
f 4136//4136 4108//4108 4192//4192
f 1142//1142 1163//1163 1131//1131
f 1485//1485 1405//1405 1394//1394
f 1485//1485 1394//1394 1405//1405
f 217//217 120//120 111//111
f 1837//1837 2643//2643 2545//2545
f 4214//4214 4211//4211 4241//4241
f 2864//2864 3104//3104 2885//2885
f 4211//4211 4221//4221 4241//4241
f 2734//2734 2835//2835 2697//2697
f 1284//1284 1267//1267 1214//1214
f 1538//1538 1823//1823 1834//1834
f 1538//1538 1834//1834 1823//1823
f 4247//4247 4221//4221 4235//4235
f 916//916 783//783 873//873
f 1770//1770 2164//2164 1949//1949
f 609//609 464//464 629//629
f 1907//1907 1898//1898 1899//1899
f 1155//1155 836//836 1517//1517
f 4279//4279 3411//3411 406//406
f 4279//4279 406//406 4275//4275
f 4286//4286 4289//4289 4279//4279
f 4286//4286 4279//4279 4275//4275
f 1581//1581 1895//1895 1532//1532
f 3784//3784 3411//3411 406//406
f 2907//2907 406//406 3006//3006
f 575//575 1039//1039 660//660
f 2787//2787 2062//2062 406//406
f 134//134 139//139 107//107
f 777//777 406//406 785//785
f 856//856 406//406 1512//1512
f 1373//1373 1447//1447 1389//1389
f 856//856 785//785 406//406
f 570//570 399//399 765//765
f 840//840 1517//1517 866//866
f 345//345 137//137 166//166
f 866//866 836//836 823//823
f 2164//2164 2068//2068 1949//1949
f 2164//2164 2897//2897 2772//2772
f 2164//2164 2772//2772 2068//2068
f 3114//3114 2949//2949 3060//3060
f 2760//2760 2684//2684 2909//2909
f 2991//2991 2660//2660 2731//2731
f 2991//2991 3203//3203 2660//2660
f 2168//2168 2110//2110 1982//1982
f 2986//2986 3331//3331 3646//3646
f 2839//2839 2921//2921 3106//3106
f 3453//3453 3910//3910 3331//3331
f 1916//1916 1853//1853 1829//1829
f 3453//3453 3857//3857 3910//3910
f 3873//3873 3411//3411 3857//3857
f 3873//3873 3453//3453 3552//3552
f 4186//4186 3411//3411 4239//4239
f 1376//1376 1615//1615 1252//1252
f 2787//2787 2719//2719 2663//2663
f 2072//2072 2060//2060 1991//1991
f 3480//3480 3411//3411 3552//3552
f 3453//3453 3512//3512 3552//3552
f 1782//1782 2151//2151 1718//1718
f 1782//1782 1718//1718 2151//2151
f 2986//2986 2991//2991 2950//2950
f 2725//2725 2731//2731 2660//2660
f 2073//2073 2164//2164 2056//2056
f 1921//1921 1781//1781 1816//1816
f 3702//3702 4072//4072 4096//4096
f 1770//1770 1719//1719 1816//1816
f 1770//1770 1781//1781 1921//1921
f 2573//2573 2761//2761 2775//2775
f 1770//1770 1967//1967 2164//2164
f 1345//1345 1517//1517 1309//1309
f 1407//1407 1331//1331 1517//1517
f 1309//1309 1517//1517 1331//1331
f 1332//1332 1328//1328 1374//1374
f 247//247 30//30 91//91
f 2254//2254 2151//2151 2244//2244
f 2254//2254 2244//2244 2151//2151
f 2564//2564 2212//2212 2721//2721
f 1890//1890 1809//1809 1931//1931
f 3873//3873 3884//3884 3857//3857
f 3873//3873 3857//3857 3884//3884
f 1581//1581 1854//1854 1900//1900
f 3784//3784 3853//3853 3411//3411
f 3873//3873 3552//3552 3411//3411
f 1809//1809 406//406 1931//1931
f 4183//4183 4175//4175 4200//4200
f 1809//1809 1512//1512 406//406
f 1770//1770 1375//1375 1517//1517
f 1345//1345 1428//1428 1517//1517
f 840//840 406//406 1517//1517
f 758//758 1517//1517 406//406
f 4284//4284 4272//4272 4288//4288
f 4285//4285 4286//4286 4274//4274
f 138//138 149//149 165//165
f 164//164 223//223 157//157
f 2097//2097 2102//2102 1844//1844
f 164//164 165//165 149//149
f 271//271 315//315 306//306
f 351//351 349//349 339//339
f 44//44 64//64 67//67
f 354//354 349//349 351//351
f 366//366 364//364 368//368
f 1531//1531 1489//1489 1479//1479
f 1531//1531 1479//1479 1489//1489
f 364//364 351//351 406//406
f 2249//2249 2299//2299 2238//2238
f 364//364 361//361 351//351
f 270//270 292//292 203//203
f 328//328 313//313 303//303
f 260//260 268//268 198//198
f 185//185 198//198 233//233
f 2210//2210 2216//2216 2265//2265
f 2210//2210 2265//2265 2216//2216
f 75//75 146//146 89//89
f 3239//3239 3076//3076 1910//1910
f 3584//3584 3586//3586 3622//3622
f 2555//2555 2684//2684 2697//2697
f 4235//4235 4272//4272 4256//4256
f 4239//4239 4272//4272 4235//4235
f 2878//2878 2951//2951 2924//2924
f 4279//4279 4272//4272 4239//4239
f 3640//3640 3576//3576 3646//3646
f 3417//3417 3162//3162 3201//3201
f 545//545 836//836 857//857
f 570//570 545//545 469//469
f 3417//3417 3454//3454 3528//3528
f 3454//3454 3510//3510 3493//3493
f 570//570 836//836 545//545
f 3699//3699 3706//3706 3720//3720
f 3203//3203 3576//3576 3261//3261
f 3461//3461 3557//3557 3594//3594
f 944//944 863//863 880//880
f 3473//3473 3409//3409 3480//3480
f 1751//1751 1655//1655 1730//1730
f 17//17 60//60 13//13
f 60//60 136//136 203//203
f 17//17 13//13 96//96
f 2296//2296 2410//2410 2378//2378
f 2623//2623 2624//2624 2660//2660
f 3184//3184 3215//3215 3288//3288
f 226//226 270//270 203//203
f 328//328 303//303 309//309
f 307//307 297//297 303//303
f 2105//2105 2037//2037 2202//2202
f 292//292 270//270 297//297
f 1596//1596 1519//1519 1860//1860
f 568//568 1333//1333 488//488
f 178//178 232//232 165//165
f 4110//4110 4147//4147 4024//4024
f 266//266 293//293 232//232
f 75//75 124//124 149//149
f 3784//3784 3804//3804 3853//3853
f 324//324 339//339 306//306
f 75//75 149//149 146//146
f 2427//2427 1714//1714 1988//1988
f 2427//2427 1988//1988 1714//1714
f 4286//4286 4275//4275 4274//4274
f 4289//4289 4288//4288 4279//4279
f 3401//3401 3200//3200 3070//3070
f 3401//3401 3070//3070 3200//3200
f 4225//4225 4275//4275 2762//2762
f 531//531 315//315 271//271
f 557//557 578//578 531//531
f 4193//4193 4142//4142 4088//4088
f 1998//1998 1953//1953 2221//2221
f 249//249 247//247 91//91
f 3913//3913 3257//3257 2971//2971
f 2755//2755 2790//2790 3119//3119
f 2979//2979 2964//2964 3054//3054
f 2442//2442 2498//2498 2462//2462
f 2689//2689 2661//2661 2982//2982
f 1751//1751 1708//1708 1730//1730
f 2100//2100 2185//2185 2160//2160
f 1951//1951 1893//1893 2072//2072
f 2280//2280 2283//2283 2441//2441
f 2216//2216 2204//2204 2288//2288
f 1362//1362 3242//3242 2206//2206
f 4145//4145 4218//4218 4251//4251
f 1325//1325 1382//1382 1373//1373
f 468//468 1881//1881 603//603
f 196//196 110//110 194//194
f 196//196 194//194 110//110
f 4145//4145 4251//4251 4156//4156
f 1648//1648 1783//1783 1490//1490
f 2576//2576 1881//1881 2893//2893
f 3038//3038 3039//3039 3101//3101
f 2576//2576 603//603 1881//1881
f 2814//2814 2766//2766 2775//2775
f 1401//1401 1421//1421 1432//1432
f 272//272 213//213 355//355
f 2576//2576 3257//3257 2971//2971
f 1329//1329 1406//1406 1408//1408
f 1329//1329 1408//1408 1406//1406
f 603//603 1201//1201 470//470
f 1201//1201 604//604 470//470
f 575//575 660//660 463//463
f 2971//2971 1906//1906 2576//2576
f 196//196 262//262 190//190
f 3299//3299 2918//2918 2871//2871
f 3606//3606 3632//3632 3611//3611
f 2169//2169 2105//2105 2202//2202
f 3253//3253 3014//3014 3238//3238
f 2871//2871 3072//3072 2927//2927
f 2733//2733 2807//2807 2720//2720
f 2871//2871 2927//2927 3072//3072
f 3257//3257 3896//3896 3913//3913
f 3257//3257 2893//2893 3896//3896
f 603//603 2576//2576 1906//1906
f 2700//2700 2734//2734 2720//2720
f 3476//3476 2900//2900 3671//3671
f 2686//2686 2261//2261 2388//2388
f 2593//2593 2086//2086 2900//2900
f 2079//2079 1879//1879 2067//2067
f 1763//1763 1654//1654 1526//1526
f 790//790 765//765 823//823
f 790//790 823//823 765//765
f 3405//3405 3443//3443 3398//3398
f 419//419 424//424 479//479
f 3476//3476 2593//2593 2900//2900
f 3357//3357 3211//3211 3260//3260
f 3395//3395 3283//3283 3314//3314
f 3244//3244 3142//3142 3232//3232
f 326//326 355//355 213//213
f 1501//1501 1348//1348 2337//2337
f 327//327 2027//2027 1069//1069
f 2922//2922 2337//2337 3168//3168
f 1953//1953 1797//1797 1999//1999
f 1224//1224 1251//1251 1299//1299
f 1603//1603 1665//1665 1513//1513
f 3068//3068 2923//2923 2927//2927
f 3526//3526 3462//3462 3450//3450
f 68//68 80//80 123//123
f 1764//1764 1628//1628 1621//1621
f 1764//1764 1621//1621 1628//1628
f 196//196 190//190 205//205
f 4146//4146 4113//4113 3168//3168
f 2695//2695 2637//2637 2714//2714
f 2695//2695 2714//2714 2637//2637
f 3514//3514 3520//3520 3385//3385
f 1883//1883 2198//2198 2067//2067
f 3538//3538 3492//3492 3471//3471
f 2360//2360 2294//2294 2065//2065
f 2676//2676 2768//2768 2699//2699
f 2677//2677 2791//2791 2728//2728
f 2800//2800 2588//2588 2500//2500
f 1578//1578 1737//1737 1588//1588
f 43//43 172//172 175//175
f 2644//2644 2620//2620 2684//2684
f 2084//2084 2088//2088 1928//1928
f 4228//4228 4205//4205 4207//4207
f 2564//2564 2529//2529 2539//2539
f 1179//1179 1237//1237 1166//1166
f 4146//4146 4168//4168 4113//4113
f 1216//1216 1038//1038 723//723
f 1216//1216 2025//2025 1038//1038
f 1501//1501 2922//2922 2983//2983
f 3416//3416 3389//3389 3316//3316
f 3202//3202 3142//3142 3021//3021
f 3219//3219 3349//3349 3279//3279
f 483//483 497//497 652//652
f 1481//1481 1944//1944 1933//1933
f 2749//2749 2416//2416 3641//3641
f 2591//2591 2487//2487 2542//2542
f 2285//2285 2407//2407 2348//2348
f 2684//2684 2565//2565 2490//2490
f 2016//2016 2416//2416 2749//2749
f 3191//3191 3021//3021 3001//3001
f 2416//2416 1767//1767 2349//2349
f 3339//3339 3284//3284 3204//3204
f 614//614 497//497 560//560
f 3641//3641 2349//2349 3182//3182
f 2256//2256 2162//2162 2208//2208
f 2575//2575 2896//2896 2408//2408
f 4227//4227 4254//4254 4231//4231
f 3641//3641 3642//3642 2749//2749
f 1870//1870 1713//1713 1710//1710
f 513//513 535//535 528//528
f 3637//3637 3182//3182 2544//2544
f 3396//3396 3361//3361 3390//3390
f 2016//2016 2749//2749 2737//2737
f 1466//1466 652//652 497//497
f 972//972 1278//1278 1091//1091
f 2959//2959 2985//2985 3022//3022
f 2016//2016 1426//1426 1466//1466
f 497//497 444//444 560//560
f 2825//2825 1733//1733 2544//2544
f 1216//1216 1161//1161 1733//1733
f 1383//1383 586//586 1371//1371
f 1216//1216 723//723 1161//1161
f 2756//2756 2776//2776 2596//2596
f 2280//2280 2123//2123 2270//2270
f 1414//1414 1447//1447 1373//1373
f 1414//1414 1373//1373 1447//1447
f 3641//3641 3182//3182 3637//3637
f 2300//2300 1897//1897 2157//2157
f 2349//2349 2825//2825 3182//3182
f 1795//1795 1654//1654 1919//1919
f 1216//1216 1767//1767 614//614
f 497//497 483//483 444//444
f 483//483 652//652 556//556
f 2016//2016 2737//2737 1426//1426
f 2700//2700 2645//2645 2829//2829
f 2700//2700 2829//2829 2645//2645
f 2347//2347 2302//2302 2490//2490
f 568//568 569//569 1333//1333
f 3419//3419 3262//3262 3530//3530
f 2791//2791 2744//2744 2823//2823
f 2791//2791 2823//2823 2744//2744
f 2946//2946 2956//2956 2974//2974
f 2173//2173 1848//1848 2692//2692
f 3540//3540 3585//3585 3601//3601
f 3672//3672 3168//3168 2966//2966
f 1488//1488 1454//1454 1357//1357
f 1028//1028 613//613 1252//1252
f 3476//3476 3651//3651 3247//3247
f 3476//3476 3247//3247 2983//2983
f 2131//2131 2235//2235 2109//2109
f 1224//1224 1190//1190 1251//1251
f 148//148 112//112 134//134
f 148//148 134//134 112//112
f 623//623 1348//1348 1501//1501
f 623//623 715//715 461//461
f 1347//1347 1336//1336 715//715
f 4130//4130 3651//3651 4113//4113
f 118//118 166//166 115//115
f 1382//1382 1441//1441 1458//1458
f 623//623 1347//1347 715//715
f 1307//1307 1884//1884 1230//1230
f 3476//3476 2922//2922 3651//3651
f 1522//1522 1653//1653 1610//1610
f 3037//3037 3100//3100 2945//2945
f 3494//3494 3337//3337 3420//3420
f 2864//2864 2885//2885 2645//2645
f 3679//3679 4087//4087 3931//3931
f 101//101 105//105 115//115
f 1516//1516 1396//1396 1610//1610
f 3588//3588 3397//3397 3605//3605
f 1769//1769 1817//1817 1832//1832
f 1811//1811 1520//1520 1827//1827
f 1522//1522 1434//1434 1483//1483
f 925//925 1208//1208 1835//1835
f 2707//2707 3305//3305 3488//3488
f 2893//2893 1881//1881 3639//3639
f 2878//2878 2779//2779 2767//2767
f 3663//3663 3488//3488 3305//3305
f 3663//3663 3305//3305 4132//4132
f 181//181 205//205 179//179
f 2284//2284 2201//2201 2235//2235
f 2676//2676 2879//2879 2775//2775
f 1906//1906 2887//2887 1201//1201
f 1906//1906 2971//2971 2887//2887
f 1906//1906 1201//1201 603//603
f 2174//2174 2254//2254 2004//2004
f 2707//2707 3488//3488 3486//3486
f 1406//1406 1408//1408 1395//1395
f 1835//1835 2707//2707 925//925
f 1098//1098 1158//1158 1202//1202
f 1613//1613 1416//1416 1540//1540
f 1999//1999 2104//2104 2314//2314
f 1201//1201 1362//1362 604//604
f 2887//2887 1362//1362 1201//1201
f 3257//3257 3242//3242 2887//2887
f 3257//3257 3783//3783 3966//3966
f 4156//4156 4140//4140 3783//3783
f 4156//4156 4224//4224 4140//4140
f 4251//4251 4224//4224 4156//4156
f 3462//3462 3526//3526 3529//3529
f 3639//3639 1881//1881 2707//2707
f 1881//1881 925//925 2707//2707
f 3375//3375 3176//3176 3307//3307
f 3227//3227 3340//3340 3239//3239
f 468//468 925//925 1881//1881
f 1600//1600 1618//1618 1499//1499
f 1782//1782 2132//2132 1827//1827
f 3913//3913 4156//4156 3783//3783
f 1861//1861 1588//1588 1914//1914
f 2569//2569 2589//2589 2484//2484
f 1117//1117 1232//1232 1242//1242
f 2021//2021 2014//2014 1944//1944
f 2001//2001 1776//1776 1790//1790
f 2700//2700 2558//2558 2645//2645
f 2535//2535 1379//1379 678//678
f 2535//2535 678//678 578//578
f 2279//2279 2146//2146 2161//2161
f 294//294 211//211 218//218
f 1831//1831 4088//4088 2535//2535
f 2381//2381 2444//2444 2364//2364
f 1340//1340 1361//1361 1320//1320
f 4193//4193 4088//4088 4047//4047
f 279//279 327//327 460//460
f 3161//3161 2824//2824 3589//3589
f 1216//1216 723//723 931//931
f 3593//3593 3586//3586 3580//3580
f 1216//1216 931//931 1577//1577
f 1216//1216 1577//1577 2025//2025
f 3161//3161 2025//2025 1577//1577
f 3612//3612 3604//3604 3609//3609
f 2004//2004 1807//1807 1741//1741
f 2352//2352 2442//2442 2371//2371
f 1112//1112 2781//2781 3649//3649
f 2784//2784 2752//2752 2757//2757
f 1347//1347 703//703 2086//2086
f 2975//2975 3011//3011 2910//2910
f 3335//3335 3385//3385 3520//3520
f 2593//2593 1347//1347 2086//2086
f 3476//3476 3671//3671 3649//3649
f 296//296 224//224 229//229
f 1347//1347 1112//1112 703//703
f 2384//2384 2280//2280 2312//2312
f 2614//2614 2678//2678 2624//2624
f 3409//3409 3411//3411 3480//3480
f 2124//2124 2040//2040 2177//2177
f 3029//3029 3006//3006 3017//3017
f 223//223 208//208 157//157
f 3029//3029 2972//2972 3006//3006
f 2629//2629 2719//2719 2688//2688
f 2629//2629 2663//2663 2719//2719
f 2629//2629 2627//2627 2663//2663
f 4201//4201 4195//4195 4171//4171
f 1380//1380 1428//1428 1345//1345
f 1380//1380 1345//1345 1390//1390
f 1403//1403 1407//1407 1431//1431
f 1770//1770 1825//1825 1781//1781
f 513//513 492//492 532//532
f 1825//1825 1816//1816 1781//1781
f 1825//1825 1808//1808 1816//1816
f 3482//3482 3442//3442 3389//3389
f 1770//1770 1816//1816 1808//1808
f 455//455 1399//1399 607//607
f 1890//1890 1814//1814 1809//1809
f 2193//2193 2209//2209 2159//2159
f 1885//1885 1849//1849 1861//1861
f 3620//3620 3614//3614 3632//3632
f 2636//2636 3056//3056 3096//3096
f 2636//2636 3096//3096 3056//3056
f 2153//2153 2159//2159 2209//2209
f 3505//3505 3281//3281 3579//3579
f 3401//3401 3228//3228 3200//3200
f 2553//2553 2548//2548 2552//2552
f 2771//2771 3101//3101 2980//2980
f 3408//3408 3234//3234 3343//3343
f 250//250 156//156 143//143
f 1656//1656 1586//1586 1671//1671
f 140//140 143//143 157//157
f 1544//1544 1531//1531 1514//1514
f 2175//2175 2149//2149 2140//2140
f 1659//1659 1708//1708 1727//1727
f 2458//2458 2366//2366 2386//2386
f 3019//3019 3245//3245 3034//3034
f 220//220 250//250 143//143
f 2449//2449 2264//2264 2381//2381
f 1292//1292 1303//1303 1280//1280
f 178//178 143//143 140//140
f 2302//2302 2669//2669 1975//1975
f 2476//2476 2484//2484 2432//2432
f 386//386 231//231 345//345
f 2569//2569 2584//2584 2589//2589
f 2584//2584 2590//2590 2589//2589
f 440//440 457//457 416//416
f 780//780 873//873 783//783
f 2799//2799 2715//2715 2493//2493
f 2883//2883 2909//2909 2864//2864
f 3043//3043 3321//3321 3395//3395
f 2473//2473 2554//2554 2484//2484
f 3028//3028 2944//2944 3041//3041
f 486//486 475//475 481//481
f 97//97 90//90 91//91
f 1437//1437 1418//1418 1357//1357
f 3618//3618 2994//2994 3423//3423
f 777//777 758//758 856//856
f 777//777 856//856 758//758
f 513//513 528//528 504//504
f 1357//1357 1315//1315 1372//1372
f 1488//1488 1357//1357 1372//1372
f 2565//2565 2434//2434 2625//2625
f 2565//2565 2625//2625 2434//2434
f 1687//1687 1564//1564 1673//1673
f 2693//2693 2728//2728 2746//2746
f 1447//1447 1414//1414 1389//1389
f 1469//1469 1619//1619 1583//1583
f 2271//2271 2195//2195 2229//2229
f 1469//1469 1364//1364 1341//1341
f 1469//1469 1583//1583 1364//1364
f 2124//2124 2064//2064 2053//2053
f 1315//1315 1341//1341 1364//1364
f 2438//2438 2411//2411 2397//2397
f 2341//2341 2332//2332 2397//2397
f 2341//2341 2397//2397 2411//2411
f 3669//3669 4135//4135 3635//3635
f 2341//2341 2343//2343 2332//2332
f 2340//2340 2332//2332 2343//2343
f 2589//2589 2432//2432 2484//2484
f 2584//2584 2411//2411 2438//2438
f 2340//2340 2476//2476 2432//2432
f 430//430 382//382 422//422
f 443//443 444//444 438//438
f 3073//3073 3018//3018 2763//2763
f 410//410 385//385 429//429
f 2817//2817 2803//2803 2742//2742
f 410//410 448//448 422//422
f 528//528 535//535 504//504
f 1357//1357 1418//1418 1355//1355
f 2473//2473 2397//2397 2343//2343
f 1616//1616 1584//1584 1569//1569
f 513//513 499//499 520//520
f 2510//2510 1714//1714 2549//2549
f 2510//2510 2549//2549 1714//1714
f 444//444 448//448 438//438
f 356//356 413//413 438//438
f 430//430 422//422 444//444
f 2386//2386 2366//2366 2458//2458
f 430//430 444//444 382//382
f 2233//2233 2250//2250 2114//2114
f 382//382 309//309 344//344
f 554//554 649//649 629//629
f 190//190 262//262 196//196
f 164//164 208//208 165//165
f 178//178 165//165 208//208
f 178//178 208//208 223//223
f 3873//3873 3860//3860 3755//3755
f 2999//2999 3635//3635 3645//3645
f 3361//3361 3459//3459 3390//3390
f 2259//2259 2305//2305 2121//2121
f 2259//2259 2121//2121 2305//2305
f 2298//2298 2278//2278 2326//2326
f 3873//3873 3857//3857 3860//3860
f 1801//1801 1727//1727 1787//1787
f 3873//3873 3755//3755 3857//3857
f 850//850 761//761 839//839
f 3857//3857 3755//3755 3860//3860
f 95//95 91//91 98//98
f 840//840 787//787 765//765
f 1434//1434 1360//1360 1358//1358
f 749//749 839//839 761//761
f 749//749 821//821 831//831
f 2644//2644 2555//2555 2620//2620
f 710//710 500//500 584//584
f 856//856 758//758 761//761
f 777//777 761//761 758//758
f 856//856 821//821 828//828
f 3198//3198 3571//3571 4180//4180
f 1483//1483 1544//1544 1581//1581
f 3818//3818 3834//3834 3916//3916
f 2394//2394 2338//2338 2494//2494
f 3818//3818 3769//3769 3750//3750
f 2994//2994 2588//2588 2800//2800
f 3534//3534 3418//3418 3421//3421
f 2296//2296 2373//2373 2271//2271
f 3784//3784 3832//3832 3804//3804
f 3784//3784 3804//3804 3832//3832
f 3853//3853 3832//3832 3804//3804
f 501//501 502//502 480//480
f 3853//3853 3832//3832 3804//3804
f 3853//3853 3804//3804 3832//3832
f 3769//3769 3825//3825 3834//3834
f 3769//3769 3834//3834 3825//3825
f 3832//3832 3834//3834 3769//3769
f 3832//3832 3825//3825 3834//3834
f 3832//3832 3837//3837 3825//3825
f 749//749 850//850 925//925
f 3873//3873 3874//3874 3884//3884
f 3873//3873 3884//3884 3874//3874
f 3857//3857 3884//3884 3777//3777
f 3857//3857 3777//3777 3884//3884
f 764//764 777//777 856//856
f 764//764 856//856 777//777
f 779//779 828//828 777//777
f 779//779 777//777 828//828
f 1354//1354 944//944 863//863
f 790//790 866//866 840//840
f 790//790 840//840 866//866
f 3784//3784 3853//3853 3870//3870
f 3784//3784 3870//3870 3853//3853
f 2414//2414 2356//2356 2354//2354
f 3853//3853 3804//3804 3870//3870
f 3853//3853 3870//3870 3804//3804
f 3784//3784 3899//3899 3804//3804
f 3784//3784 3804//3804 3899//3899
f 92//92 89//89 71//71
f 25//25 16//16 152//152
f 2078//2078 2092//2092 2074//2074
f 2078//2078 2074//2074 2092//2092
f 1664//1664 1667//1667 1678//1678
f 3290//3290 3222//3222 3304//3304
f 115//115 166//166 159//159
f 856//856 758//758 828//828
f 856//856 828//828 758//758
f 608//608 1350//1350 2290//2290
f 2791//2791 2744//2744 2809//2809
f 2791//2791 2809//2809 2744//2744
f 1732//1732 1757//1757 1601//1601
f 777//777 821//821 828//828
f 777//777 828//828 821//821
f 3404//3404 3388//3388 3550//3550
f 1679//1679 1676//1676 1706//1706
f 765//765 787//787 823//823
f 765//765 823//823 787//787
f 2220//2220 2730//2730 2694//2694
f 1854//1854 1730//1730 1850//1850
f 3853//3853 3804//3804 3832//3832
f 3631//3631 4106//4106 4032//4032
f 405//405 430//430 446//446
f 3784//3784 3853//3853 3832//3832
f 1457//1457 1393//1393 1530//1530
f 1763//1763 1140//1140 1424//1424
f 3043//3043 3152//3152 3321//3321
f 1196//1196 1275//1275 1245//1245
f 840//840 787//787 765//765
f 3784//3784 3853//3853 3804//3804
f 3784//3784 3804//3804 3853//3853
f 3784//3784 3804//3804 3853//3853
f 3853//3853 3804//3804 3832//3832
f 3884//3884 3777//3777 3874//3874
f 3884//3884 3874//3874 3777//3777
f 2558//2558 2492//2492 2373//2373
f 3832//3832 3825//3825 3769//3769
f 1394//1394 1361//1361 1340//1340
f 1394//1394 1340//1340 1361//1361
f 410//410 400//400 422//422
f 3079//3079 3323//3323 3309//3309
f 575//575 463//463 496//496
f 3528//3528 3405//3405 3395//3395
f 1614//1614 1621//1621 1628//1628
f 1614//1614 1628//1628 1621//1621
f 405//405 277//277 430//430
f 273//273 309//309 307//307
f 3621//3621 3624//3624 3594//3594
f 247//247 313//313 304//304
f 405//405 446//446 413//413
f 382//382 320//320 385//385
f 382//382 385//385 320//320
f 430//430 320//320 385//385
f 2035//2035 2201//2201 1974//1974
f 320//320 307//307 309//309
f 2872//2872 3115//3115 2751//2751
f 304//304 277//277 273//273
f 273//273 277//277 269//269
f 299//299 269//269 277//277
f 2724//2724 2741//2741 2275//2275
f 1190//1190 1179//1179 1268//1268
f 262//262 320//320 277//277
f 611//611 530//530 620//620
f 3344//3344 3360//3360 3376//3376
f 248//248 304//304 273//273
f 1854//1854 1907//1907 1869//1869
f 313//313 248//248 307//307
f 313//313 307//307 304//304
f 278//278 234//234 319//319
f 385//385 443//443 429//429
f 184//184 180//180 189//189
f 3018//3018 3075//3075 3140//3140
f 299//299 413//413 309//309
f 3144//3144 3352//3352 3297//3297
f 387//387 375//375 419//419
f 1504//1504 1534//1534 1553//1553
f 1557//1557 2251//2251 2268//2268
f 3523//3523 3549//3549 3520//3520
f 3523//3523 3520//3520 3549//3549
f 41//41 54//54 120//120
f 248//248 273//273 243//243
f 248//248 176//176 179//179
f 2649//2649 2794//2794 2664//2664
f 1457//1457 1530//1530 1393//1393
f 3237//3237 3241//3241 3251//3251
f 2046//2046 2085//2085 2041//2041
f 2229//2229 2492//2492 2347//2347
f 273//273 181//181 243//243
f 277//277 243//243 184//184
f 248//248 179//179 273//273
f 189//189 202//202 249//249
f 3053//3053 3152//3152 3049//3049
f 180//180 205//205 194//194
f 2285//2285 2114//2114 2093//2093
f 2618//2618 2814//2814 2616//2616
f 3070//3070 3067//3067 3096//3096
f 3070//3070 3096//3096 3067//3067
f 277//277 249//249 243//243
f 248//248 243//243 249//249
f 248//248 249//249 247//247
f 1349//1349 1320//1320 1402//1402
f 2636//2636 3053//3053 3056//3056
f 3563//3563 3180//3180 3360//3360
f 247//247 205//205 190//190
f 2259//2259 2305//2305 2031//2031
f 2256//2256 2257//2257 2162//2162
f 1443//1443 1412//1412 1534//1534
f 249//249 202//202 205//205
f 196//196 189//189 262//262
f 2123//2123 2108//2108 2227//2227
f 180//180 243//243 181//181
f 97//97 202//202 91//91
f 2560//2560 2393//2393 2565//2565
f 91//91 202//202 205//205
f 97//97 205//205 202//202
f 97//97 194//194 202//202
f 3498//3498 3457//3457 3461//3461
f 3342//3342 3428//3428 3340//3340
f 184//184 90//90 181//181
f 184//184 181//181 90//90
f 95//95 93//93 88//88
f 95//95 88//88 93//93
f 97//97 94//94 90//90
f 95//95 88//88 87//87
f 95//95 87//87 88//88
f 1405//1405 1524//1524 1463//1463
f 184//184 202//202 205//205
f 190//190 182//182 205//205
f 205//205 182//182 176//176
f 184//184 189//189 202//202
f 88//88 182//182 176//176
f 88//88 176//176 182//182
f 90//90 181//181 87//87
f 184//184 90//90 94//94
f 346//346 367//367 428//428
f 190//190 88//88 93//93
f 190//190 93//93 88//88
f 87//87 179//179 88//88
f 97//97 202//202 205//205
f 3218//3218 3228//3228 2399//2399
f 196//196 103//103 110//110
f 1324//1324 1360//1360 1389//1389
f 3169//3169 2985//2985 3022//3022
f 189//189 94//94 194//194
f 189//189 84//84 94//94
f 1538//1538 1629//1629 1823//1823
f 1596//1596 1659//1659 1746//1746
f 2568//2568 2704//2704 2460//2460
f 184//184 84//84 189//189
f 184//184 84//84 90//90
f 184//184 90//90 84//84
f 1277//1277 1273//1273 1272//1272
f 184//184 180//180 90//90
f 90//90 180//180 69//69
f 181//181 69//69 180//180
f 2558//2558 2555//2555 2620//2620
f 181//181 87//87 69//69
f 87//87 179//179 176//176
f 176//176 182//182 79//79
f 88//88 79//79 182//182
f 210//210 167//167 158//158
f 196//196 194//194 103//103
f 181//181 69//69 179//179
f 87//87 179//179 69//69
f 179//179 79//79 176//176
f 88//88 176//176 79//79
f 190//190 93//93 205//205
f 48//48 100//100 179//179
f 3205//3205 3196//3196 3220//3220
f 98//98 205//205 93//93
f 2947//2947 2548//2548 2673//2673
f 194//194 103//103 94//94
f 189//189 194//194 94//94
f 184//184 94//94 84//84
f 98//98 103//103 93//93
f 98//98 97//97 103//103
f 1528//1528 1572//1572 1678//1678
f 1528//1528 1678//1678 1572//1572
f 88//88 93//93 98//98
f 506//506 1136//1136 1135//1135
f 95//95 88//88 97//97
f 91//91 84//84 94//94
f 91//91 94//94 84//84
f 97//97 91//91 94//94
f 97//97 94//94 91//91
f 1325//1325 1373//1373 1369//1369
f 1033//1033 846//846 505//505
f 3062//3062 3310//3310 3296//3296
f 8//8 1979//1979 11//11
f 95//95 97//97 30//30
f 27//27 61//61 58//58
f 98//98 93//93 97//97
f 98//98 97//97 93//93
f 2181//2181 2040//2040 2053//2053
f 247//247 249//249 30//30
f 2769//2769 2761//2761 2775//2775
f 2769//2769 2775//2775 2761//2761
f 1919//1919 1998//1998 1961//1961
f 352//352 433//433 338//338
f 70//70 91//91 30//30
f 249//249 205//205 247//247
f 249//249 247//247 205//205
f 205//205 247//247 249//249
f 205//205 249//249 247//247
f 2871//2871 2918//2918 2644//2644
f 262//262 275//275 249//249
f 262//262 285//285 275//275
f 2114//2114 2083//2083 2093//2093
f 2317//2317 2325//2325 2316//2316
f 3563//3563 3360//3360 3468//3468
f 181//181 179//179 275//275
f 179//179 249//249 275//275
f 269//269 181//181 275//275
f 269//269 275//275 179//179
f 269//269 179//179 181//181
f 861//861 1291//1291 551//551
f 2262//2262 2289//2289 2345//2345
f 258//258 283//283 244//244
f 2486//2486 2511//2511 2457//2457
f 187//187 80//80 183//183
f 3088//3088 3099//3099 3129//3129
f 185//185 183//183 80//80
f 187//187 268//268 185//185
f 567//567 592//592 555//555
f 1615//1615 1627//1627 1388//1388
f 187//187 285//285 268//268
f 187//187 183//183 268//268
f 3479//3479 3357//3357 3304//3304
f 68//68 80//80 187//187
f 68//68 187//187 80//80
f 156//156 168//168 123//123
f 250//250 156//156 123//123
f 156//156 244//244 168//168
f 383//383 377//377 394//394
f 3009//3009 2965//2965 3082//3082
f 1661//1661 1705//1705 1880//1880
f 1656//1656 1606//1606 1586//1586
f 1659//1659 1727//1727 1746//1746
f 1576//1576 1584//1584 1474//1474
f 2985//2985 3027//3027 3133//3133
f 1462//1462 1608//1608 1502//1502
f 1962//1962 1806//1806 1865//1865
f 2395//2395 2292//2292 2751//2751
f 364//364 347//347 396//396
f 916//916 1190//1190 1179//1179
f 3279//3279 3197//3197 3219//3219
f 366//366 347//347 364//364
f 1140//1140 1257//1257 1424//1424
f 574//574 495//495 2355//2355
f 842//842 911//911 892//892
f 2380//2380 2291//2291 2424//2424
f 366//366 364//364 347//347
f 1338//1338 1328//1328 1332//1332
f 2768//2768 2945//2945 2769//2769
f 529//529 548//548 541//541
f 2073//2073 2135//2135 2095//2095
f 1224//1224 1191//1191 1151//1151
f 1409//1409 1179//1179 1251//1251
f 3379//3379 3424//3424 3458//3458
f 1098//1098 1209//1209 1150//1150
f 2700//2700 2697//2697 2835//2835
f 2375//2375 2599//2599 2757//2757
f 1708//1708 1787//1787 1727//1727
f 3383//3383 3205//3205 3220//3220
f 2339//2339 2447//2447 2502//2502
f 3276//3276 2711//2711 3170//3170
f 3325//3325 3445//3445 3459//3459
f 352//352 384//384 437//437
f 2447//2447 2339//2339 2502//2502
f 1529//1529 1528//1528 1667//1667
f 1529//1529 1667//1667 1528//1528
f 1529//1529 1528//1528 1678//1678
f 1528//1528 1667//1667 1678//1678
f 3144//3144 3167//3167 3297//3297
f 3144//3144 3297//3297 3167//3167
f 3144//3144 3167//3167 3352//3352
f 2526//2526 2514//2514 2459//2459
f 3606//3606 3596//3596 3619//3619
f 2523//2523 2394//2394 2338//2338
f 2523//2523 2521//2521 2394//2394
f 2208//2208 2014//2014 2222//2222
f 2523//2523 2338//2338 2521//2521
f 3482//3482 3532//3532 3519//3519
f 3217//3217 3171//3171 3180//3180
f 2368//2368 2394//2394 2472//2472
f 2450//2450 2472//2472 2368//2368
f 2466//2466 2494//2494 2472//2472
f 1266//1266 1207//1207 1247//1247
f 2487//2487 2458//2458 2450//2450
f 2487//2487 2450//2450 2458//2458
f 3062//3062 2831//2831 3077//3077
f 3501//3501 2988//2988 3324//3324
f 2466//2466 2368//2368 2472//2472
f 2423//2423 2218//2218 2668//2668
f 1358//1358 1396//1396 1434//1434
f 2366//2366 2472//2472 2494//2494
f 2450//2450 2366//2366 2494//2494
f 2487//2487 2458//2458 2450//2450
f 2386//2386 2450//2450 2458//2458
f 2466//2466 2487//2487 2494//2494
f 3426//3426 3530//3530 3509//3509
f 2517//2517 2558//2558 2373//2373
f 2359//2359 2382//2382 2366//2366
f 3380//3380 3278//3278 3289//3289
f 2359//2359 2366//2366 2368//2368
f 2466//2466 2359//2359 2368//2368
f 2338//2338 2368//2368 2359//2359
f 2366//2366 2359//2359 2368//2368
f 3073//3073 2641//2641 3020//3020
f 2708//2708 521//521 624//624
f 2708//2708 624//624 521//521
f 2466//2466 2338//2338 2394//2394
f 2466//2466 2394//2394 2338//2338
f 1751//1751 2070//2070 2179//2179
f 2487//2487 2368//2368 2382//2382
f 2450//2450 2368//2368 2487//2487
f 1890//1890 1844//1844 1876//1876
f 1755//1755 1676//1676 1706//1706
f 2458//2458 2366//2366 2474//2474
f 3491//3491 3830//3830 3588//3588
f 2454//2454 2371//2371 2462//2462
f 2378//2378 2373//2373 2380//2380
f 1766//1766 2057//2057 1991//1991
f 2371//2371 2442//2442 2430//2430
f 345//345 236//236 322//322
f 2406//2406 2371//2371 2352//2352
f 2406//2406 2352//2352 2371//2371
f 2339//2339 2352//2352 2371//2371
f 2406//2406 2371//2371 2352//2352
f 2454//2454 2498//2498 2371//2371
f 2462//2462 2430//2430 2442//2442
f 2406//2406 2462//2462 2498//2498
f 2074//2074 2092//2092 2097//2097
f 2339//2339 2455//2455 2442//2442
f 2216//2216 2037//2037 2202//2202
f 2371//2371 2406//2406 2462//2462
f 2371//2371 2462//2462 2442//2442
f 2406//2406 2352//2352 2462//2462
f 3408//3408 3343//3343 3196//3196
f 334//334 295//295 312//312
f 451//451 427//427 437//437
f 3216//3216 3279//3279 3234//3234
f 3205//3205 3219//3219 3196//3196
f 3197//3197 3196//3196 3219//3219
f 3216//3216 3197//3197 3318//3318
f 1358//1358 1363//1363 1352//1352
f 3279//3279 3219//3219 3234//3234
f 3205//3205 3220//3220 3343//3343
f 3220//3220 3196//3196 3343//3343
f 3188//3188 3491//3491 3080//3080
f 3383//3383 3343//3343 3408//3408
f 1535//1535 1954//1954 1826//1826
f 3383//3383 3408//3408 3349//3349
f 1248//1248 1272//1272 1273//1273
f 3408//3408 3234//3234 3349//3349
f 3318//3318 3408//3408 3349//3349
f 2451//2451 2465//2465 2518//2518
f 2451//2451 2518//2518 2465//2465
f 3205//3205 3383//3383 3349//3349
f 99//99 147//147 130//130
f 3219//3219 3234//3234 3349//3349
f 3563//3563 3547//3547 3624//3624
f 3279//3279 3349//3349 3234//3234
f 2782//2782 2717//2717 2710//2710
f 1999//1999 2129//2129 2183//2183
f 1698//1698 1678//1678 1572//1572
f 1684//1684 1528//1528 1678//1678
f 1528//1528 1561//1561 1664//1664
f 2412//2412 2391//2391 2443//2443
f 1528//1528 1561//1561 1572//1572
f 1528//1528 1572//1572 1561//1561
f 1634//1634 1635//1635 1572//1572
f 1634//1634 1572//1572 1635//1635
f 1445//1445 1588//1588 1676//1676
f 1572//1572 1635//1635 1520//1520
f 1572//1572 1520//1520 1635//1635
f 1529//1529 1684//1684 1667//1667
f 1529//1529 1667//1667 1684//1684
f 3922//3922 3929//3929 3885//3885
f 3922//3922 3885//3885 3929//3929
f 1529//1529 1684//1684 1528//1528
f 1369//1369 1378//1378 1373//1373
f 3515//3515 3575//3575 3617//3617
f 1572//1572 1635//1635 1634//1634
f 1572//1572 1634//1634 1635//1635
f 1572//1572 1520//1520 1635//1635
f 1572//1572 1635//1635 1520//1520
f 1698//1698 1635//1635 1634//1634
f 1793//1793 1972//1972 1927//1927
f 1325//1325 1374//1374 1328//1328
f 1634//1634 1635//1635 1520//1520
f 1528//1528 1634//1634 1561//1561
f 1616//1616 1693//1693 1673//1673
f 1550//1550 1912//1912 2030//2030
f 1691//1691 1584//1584 1660//1660
f 2489//2489 2667//2667 2196//2196
f 3462//3462 3493//3493 3529//3529
f 3401//3401 3449//3449 3363//3363
f 1687//1687 1673//1673 1693//1693
f 1616//1616 1660//1660 1693//1693
f 1616//1616 1693//1693 1660//1660
f 1544//1544 1531//1531 1436//1436
f 1693//1693 1683//1683 1673//1673
f 1693//1693 1673//1673 1683//1683
f 1663//1663 1474//1474 1697//1697
f 1663//1663 1697//1697 1474//1474
f 1660//1660 1584//1584 1616//1616
f 1687//1687 1663//1663 1564//1564
f 1660//1660 1569//1569 1584//1584
f 1441//1441 1363//1363 1415//1415
f 1660//1660 1564//1564 1569//1569
f 1564//1564 1576//1576 1569//1569
f 1660//1660 1584//1584 1691//1691
f 3475//3475 3472//3472 3311//3311
f 1285//1285 1167//1167 1190//1190
f 3325//3325 3360//3360 3445//3445
f 1616//1616 1683//1683 1693//1693
f 1616//1616 1673//1673 1683//1683
f 2451//2451 2424//2424 2518//2518
f 1660//1660 1673//1673 1616//1616
f 1660//1660 1616//1616 1693//1693
f 3226//3226 3300//3300 3301//3301
f 4135//4135 3943//3943 3929//3929
f 3226//3226 3301//3301 3319//3319
f 3193//3193 3226//3226 3319//3319
f 3297//3297 3184//3184 3328//3328
f 3328//3328 3301//3301 3288//3288
f 3328//3328 3288//3288 3301//3301
f 2188//2188 2235//2235 2109//2109
f 4126//4126 3198//3198 4180//4180
f 3328//3328 3184//3184 3301//3301
f 3128//3128 2927//2927 2835//2835
f 3226//3226 3300//3300 3193//3193
f 3226//3226 3193//3193 3300//3300
f 3862//3862 4080//4080 4125//4125
f 3450//3450 3449//3449 3499//3499
f 3301//3301 3215//3215 3184//3184
f 3301//3301 3184//3184 3215//3215
f 2001//2001 1993//1993 1776//1776
f 2120//2120 2058//2058 2089//2089
f 3301//3301 3215//3215 3193//3193
f 3226//3226 3193//3193 3215//3215
f 1524//1524 1397//1397 1327//1327
f 1524//1524 1327//1327 1397//1397
f 3215//3215 3184//3184 3193//3193
f 1603//1603 3024//3024 3432//3432
f 3300//3300 3301//3301 3193//3193
f 3300//3300 3215//3215 3301//3301
f 2701//2701 2748//2748 2682//2682
f 8//8 11//11 493//493
f 2710//2710 2638//2638 2583//2583
f 2710//2710 2583//2583 2638//2638
f 3704//3704 659//659 689//689
f 280//280 348//348 318//318
f 2232//2232 2217//2217 2191//2191
f 2232//2232 2191//2191 2217//2217
f 3699//3699 648//648 3706//3706
f 2936//2936 3001//3001 2901//2901
f 2936//2936 2901//2901 3001//3001
f 3699//3699 647//647 648//648
f 648//648 682//682 3706//3706
f 3583//3583 3579//3579 3743//3743
f 334//334 228//228 295//295
f 682//682 681//681 3722//3722
f 1995//1995 1935//1935 1951//1951
f 1874//1874 2243//2243 2289//2289
f 327//327 471//471 460//460
f 648//648 647//647 682//682
f 363//363 354//354 392//392
f 2265//2265 2288//2288 2210//2210
f 2213//2213 2160//2160 2185//2185
f 2697//2697 3072//3072 2644//2644
f 3431//3431 3350//3350 3389//3389
f 1695//1695 1625//1625 1702//1702
f 3356//3356 3372//3372 3060//3060
f 1237//1237 1285//1285 1251//1251
f 368//368 363//363 392//392
f 1301//1301 1304//1304 1299//1299
f 2994//2994 3109//3109 3423//3423
f 368//368 362//362 392//392
f 368//368 362//362 340//340
f 368//368 340//340 362//362
f 363//363 340//340 362//362
f 363//363 362//362 340//340
f 363//363 362//362 392//392
f 363//363 392//392 362//362
f 2470//2470 2342//2342 2370//2370
f 363//363 370//370 392//392
f 3223//3223 3289//3289 2601//2601
f 3008//3008 3150//3150 3074//3074
f 2763//2763 2638//2638 2785//2785
f 280//280 308//308 318//318
f 2059//2059 2291//2291 2121//2121
f 368//368 340//340 362//362
f 2903//2903 2703//2703 2913//2913
f 3188//3188 3461//3461 3206//3206
f 2371//2371 2360//2360 2132//2132
f 3391//3391 3201//3201 3248//3248
f 3162//3162 3248//3248 3201//3201
f 2441//2441 2457//2457 2511//2511
f 3417//3417 3526//3526 3248//3248
f 3417//3417 3248//3248 3526//3526
f 3620//3620 3612//3612 3614//3614
f 3606//3606 3595//3595 3526//3526
f 3391//3391 3450//3450 3371//3371
f 2174//2174 2430//2430 2581//2581
f 3344//3344 3445//3445 3544//3544
f 3401//3401 3321//3321 3200//3200
f 252//252 225//225 177//177
f 3544//3544 3628//3628 3612//3612
f 3544//3544 3612//3612 3628//3628
f 1522//1522 1396//1396 1655//1655
f 3620//3620 3591//3591 3629//3629
f 1396//1396 1324//1324 1316//1316
f 3171//3171 3128//3128 3072//3072
f 1690//1690 1591//1591 1720//1720
f 1766//1766 1720//1720 1804//1804
f 2378//2378 2119//2119 2801//2801
f 1766//1766 1804//1804 1893//1893
f 2296//2296 1893//1893 1804//1804
f 3162//3162 3067//3067 3200//3200
f 3162//3162 3200//3200 3067//3067
f 3066//3066 3272//3272 3171//3171
f 3066//3066 2864//2864 3272//3272
f 3344//3344 3325//3325 3445//3445
f 1126//1126 1138//1138 1192//1192
f 1589//1589 1639//1639 1636//1636
f 1721//1721 1760//1760 1708//1708
f 3162//3162 3201//3201 2551//2551
f 2421//2421 2564//2564 2479//2479
f 3162//3162 2551//2551 2636//2636
f 1666//1666 1591//1591 1457//1457
f 286//286 253//253 279//279
f 3013//3013 2891//2891 2876//2876
f 3563//3563 3511//3511 3427//3427
f 1723//1723 1761//1761 1612//1612
f 2380//2380 2760//2760 2029//2029
f 2380//2380 2555//2555 2760//2760
f 2555//2555 2684//2684 2760//2760
f 2259//2259 2121//2121 2133//2133
f 3180//3180 2883//2883 3128//3128
f 3624//3624 3632//3632 3614//3614
f 3462//3462 3321//3321 3499//3499
f 2045//2045 2105//2105 2015//2015
f 3401//3401 3450//3450 3462//3462
f 3180//3180 3221//3221 3360//3360
f 1721//1721 1610//1610 1801//1801
f 1338//1338 1443//1443 1393//1393
f 1534//1534 1393//1393 1443//1443
f 1534//1534 1530//1530 1393//1393
f 2883//2883 2760//2760 2909//2909
f 1874//1874 1610//1610 2243//2243
f 1874//1874 1801//1801 1610//1610
f 2520//2520 2509//2509 2598//2598
f 1721//1721 1659//1659 1610//1610
f 1547//1547 1516//1516 1610//1610
f 2644//2644 2512//2512 2434//2434
f 1416//1416 1494//1494 1522//1522
f 1995//1995 1992//1992 1885//1885
f 1995//1995 1885//1885 1992//1992
f 1316//1316 1414//1414 1360//1360
f 126//126 237//237 230//230
f 3344//3344 3491//3491 3188//3188
f 2826//2826 2946//2946 2728//2728
f 3053//3053 2728//2728 2946//2946
f 2517//2517 2373//2373 2558//2558
f 2700//2700 2690//2690 2492//2492
f 2700//2700 2492//2492 2690//2690
f 2560//2560 2373//2373 2492//2492
f 2560//2560 2492//2492 2373//2373
f 3152//3152 3062//3062 3053//3053
f 3152//3152 3053//3053 3062//3062
f 1429//1429 1420//1420 1433//1433
f 3152//3152 3056//3056 3053//3053
f 3152//3152 3248//3248 3056//3056
f 101//101 159//159 86//86
f 3491//3491 3188//3188 3080//3080
f 945//945 861//861 941//941
f 1945//1945 1908//1908 1900//1900
f 2373//2373 2424//2424 2380//2380
f 1700//1700 1730//1730 1900//1900
f 1870//1870 1818//1818 1713//1713
f 1522//1522 1581//1581 1900//1900
f 1522//1522 1483//1483 1434//1434
f 1400//1400 1441//1441 1504//1504
f 1400//1400 1504//1504 1441//1441
f 2371//2371 2287//2287 2498//2498
f 2492//2492 2271//2271 2229//2229
f 2492//2492 2229//2229 2271//2271
f 2271//2271 2229//2229 2182//2182
f 2084//2084 1852//1852 2058//2058
f 2271//2271 2182//2182 2072//2072
f 2837//2837 2796//2796 2779//2779
f 2690//2690 2700//2700 2720//2720
f 2906//2906 2425//2425 2413//2413
f 1237//1237 1267//1267 1268//1268
f 2700//2700 2957//2957 2802//2802
f 402//402 367//367 377//377
f 3551//3551 3612//3612 3609//3609
f 1547//1547 1708//1708 1494//1494
f 1547//1547 1494//1494 1708//1708
f 3538//3538 3528//3528 3492//3492
f 2564//2564 2721//2721 2677//2677
f 3606//3606 3611//3611 3608//3608
f 2674//2674 2677//2677 2670//2670
f 2564//2564 2345//2345 2212//2212
f 2212//2212 2345//2345 2237//2237
f 1820//1820 1839//1839 1626//1626
f 3417//3417 3248//3248 3405//3405
f 3248//3248 3283//3283 3405//3405
f 1522//1522 1483//1483 1581//1581
f 2225//2225 1927//1927 1972//1972
f 2179//2179 2237//2237 2262//2262
f 2636//2636 2728//2728 3053//3053
f 2070//2070 2106//2106 2179//2179
f 2636//2636 2677//2677 2728//2728
f 2677//2677 2721//2721 2728//2728
f 2179//2179 2212//2212 2237//2237
f 2564//2564 2529//2529 2345//2345
f 3123//3123 2943//2943 2981//2981
f 1918//1918 1887//1887 1962//1962
f 3566//3566 3502//3502 3492//3492
f 3396//3396 3135//3135 3299//3299
f 1720//1720 1612//1612 1804//1804
f 2760//2760 2713//2713 2513//2513
f 3192//3192 3345//3345 2705//2705
f 2864//2864 2713//2713 2760//2760
f 3105//3105 3125//3125 2909//2909
f 2603//2603 2637//2637 2579//2579
f 3180//3180 3125//3125 3105//3105
f 2029//2029 2057//2057 1991//1991
f 1804//1804 1761//1761 1830//1830
f 3371//3371 3401//3401 3363//3363
f 3371//3371 3363//3363 3401//3401
f 2229//2229 2182//2182 2221//2221
f 2229//2229 2221//2221 2182//2182
f 1581//1581 1532//1532 1900//1900
f 1573//1573 1867//1867 1763//1763
f 4254//4254 4249//4249 4242//4242
f 1504//1504 1507//1507 1441//1441
f 1992//1992 1998//1998 2112//2112
f 2995//2995 3028//3028 2944//2944
f 3491//3491 3514//3514 3498//3498
f 1591//1591 1457//1457 1393//1393
f 2294//2294 2362//2362 2400//2400
f 2693//2693 2218//2218 2212//2212
f 1483//1483 1581//1581 1532//1532
f 1992//1992 2112//2112 2072//2072
f 1620//1620 1516//1516 1610//1610
f 1620//1620 1610//1610 1516//1516
f 1620//1620 1630//1630 1610//1610
f 2229//2229 2347//2347 2245//2245
f 2690//2690 2733//2733 2492//2492
f 2560//2560 2492//2492 2733//2733
f 4185//4185 4184//4184 4205//4205
f 1900//1900 1596//1596 1869//1869
f 1581//1581 1596//1596 1900//1900
f 1483//1483 1358//1358 1531//1531
f 1999//1999 1833//1833 2129//2129
f 3049//3049 3283//3283 3043//3043
f 1441//1441 1458//1458 1507//1507
f 1441//1441 1507//1507 1458//1458
f 3171//3171 3159//3159 3128//3128
f 1504//1504 1578//1578 1588//1588
f 1811//1811 1777//1777 1628//1628
f 1867//1867 1914//1914 1737//1737
f 1992//1992 2072//2072 2060//2060
f 1995//1995 1992//1992 2060//2060
f 2529//2529 2730//2730 2405//2405
f 2560//2560 2733//2733 2697//2697
f 2195//2195 2117//2117 2184//2184
f 2245//2245 2733//2733 2393//2393
f 1995//1995 2060//2060 1885//1885
f 2443//2443 2471//2471 2293//2293
f 1885//1885 2060//2060 2117//2117
f 1382//1382 1328//1328 1373//1373
f 1861//1861 1914//1914 1935//1935
f 1755//1755 1676//1676 1861//1861
f 3010//3010 2946//2946 2956//2956
f 1445//1445 1676//1676 1534//1534
f 1358//1358 1373//1373 1436//1436
f 1596//1596 1544//1544 1436//1436
f 3387//3387 3000//3000 3313//3313
f 1547//1547 1659//1659 1596//1596
f 1874//1874 1982//1982 1907//1907
f 1874//1874 2282//2282 1982//1982
f 1869//1869 1596//1596 1850//1850
f 2278//2278 2300//2300 2420//2420
f 2568//2568 2567//2567 2716//2716
f 2168//2168 2282//2282 2730//2730
f 2405//2405 2730//2730 2282//2282
f 3567//3567 3395//3395 3462//3462
f 2168//2168 1982//1982 2282//2282
f 2985//2985 2942//2942 2936//2936
f 2674//2674 2956//2956 2746//2746
f 2606//2606 2670//2670 2529//2529
f 2529//2529 2670//2670 2730//2730
f 222//222 279//279 214//214
f 3010//3010 3152//3152 3043//3043
f 3010//3010 2956//2956 3062//3062
f 2674//2674 3062//3062 2956//2956
f 3188//3188 3206//3206 3030//3030
f 3462//3462 3395//3395 3321//3321
f 3567//3567 3454//3454 3395//3395
f 2049//2049 2083//2083 1803//1803
f 3614//3614 3557//3557 3514//3514
f 3614//3614 3594//3594 3621//3621
f 3079//3079 3030//3030 3206//3206
f 2182//2182 2130//2130 2112//2112
f 3350//3350 3316//3316 3322//3322
f 1891//1891 1861//1861 1935//1935
f 2271//2271 2229//2229 2259//2259
f 2514//2514 2549//2549 2539//2539
f 1522//1522 1396//1396 1434//1434
f 1666//1666 1457//1457 1530//1530
f 2500//2500 1546//1546 2469//2469
f 1406//1406 1420//1420 1429//1429
f 1655//1655 1396//1396 1522//1522
f 3427//3427 3396//3396 3459//3459
f 3012//3012 2851//2851 3074//3074
f 3012//3012 3074//3074 2851//2851
f 2296//2296 1804//1804 2057//2057
f 2399//2399 2459//2459 2514//2514
f 1720//1720 1766//1766 1690//1690
f 1992//1992 1893//1893 2072//2072
f 1992//1992 2072//2072 1893//1893
f 3667//3667 3579//3579 3583//3583
f 1992//1992 1893//1893 1991//1991
f 2373//2373 2271//2271 2260//2260
f 2289//2289 2255//2255 2384//2384
f 2289//2289 1864//1864 2255//2255
f 1509//1509 1627//1627 1927//1927
f 4264//4264 4254//4254 4271//4271
f 1874//1874 1801//1801 1727//1727
f 1874//1874 1727//1727 1801//1801
f 2243//2243 1801//1801 2289//2289
f 2243//2243 2289//2289 1801//1801
f 2044//2044 2026//2026 2030//2030
f 1801//1801 1787//1787 1708//1708
f 1874//1874 1864//1864 1801//1801
f 171//171 166//166 210//210
f 1874//1874 1801//1801 1864//1864
f 1547//1547 1708//1708 1659//1659
f 1494//1494 1360//1360 1396//1396
f 1324//1324 1389//1389 1328//1328
f 1374//1374 1338//1338 1328//1328
f 1534//1534 1443//1443 1393//1393
f 1534//1534 1393//1393 1338//1338
f 1885//1885 1877//1877 1790//1790
f 1885//1885 1790//1790 1877//1877
f 1995//1995 1885//1885 2031//2031
f 1995//1995 2031//2031 1885//1885
f 2060//2060 2121//2121 2291//2291
f 1666//1666 1612//1612 1591//1591
f 2380//2380 2305//2305 2291//2291
f 3086//3086 3077//3077 2831//2831
f 2303//2303 2060//2060 2305//2305
f 3678//3678 3963//3963 3871//3871
f 2386//2386 2079//2079 2474//2474
f 3009//3009 3052//3052 3245//3245
f 2393//2393 2490//2490 2424//2424
f 1382//1382 1378//1378 1374//1374
f 1653//1653 1709//1709 1721//1721
f 14//14 9//9 8//8
f 2421//2421 2479//2479 2409//2409
f 2077//2077 2152//2152 2180//2180
f 1721//1721 1630//1630 1610//1610
f 1653//1653 1721//1721 1610//1610
f 1932//1932 1886//1886 2074//2074
f 1751//1751 1730//1730 1708//1708
f 1843//1843 1735//1735 1724//1724
f 1416//1416 1522//1522 1434//1434
f 1591//1591 1534//1534 1578//1578
f 3363//3363 3449//3449 3373//3373
f 1690//1690 1706//1706 1766//1766
f 1755//1755 1766//1766 1706//1706
f 1406//1406 1433//1433 1420//1420
f 1891//1891 1935//1935 1893//1893
f 1891//1891 1893//1893 1935//1935
f 1700//1700 1900//1900 1869//1869
f 1690//1690 1891//1891 1755//1755
f 1553//1553 1534//1534 1588//1588
f 1504//1504 1588//1588 1553//1553
f 1504//1504 1553//1553 1588//1588
f 2421//2421 2353//2353 2289//2289
f 2421//2421 2289//2289 2353//2353
f 3066//3066 3068//3068 2920//2920
f 3066//3066 2920//2920 3068//3068
f 1990//1990 2210//2210 2265//2265
f 1534//1534 1393//1393 1530//1530
f 255//255 174//174 209//209
f 1591//1591 1530//1530 1457//1457
f 1591//1591 1393//1393 1534//1534
f 1316//1316 1324//1324 1358//1358
f 1534//1534 1676//1676 1679//1679
f 1534//1534 1679//1679 1676//1676
f 2400//2400 2306//2306 2276//2276
f 1610//1610 2289//2289 2353//2353
f 1534//1534 1338//1338 1443//1443
f 1324//1324 1328//1328 1325//1325
f 2405//2405 2255//2255 2289//2289
f 2259//2259 2121//2121 2031//2031
f 2259//2259 2031//2031 2121//2121
f 1723//1723 1885//1885 1790//1790
f 1801//1801 1864//1864 2289//2289
f 2405//2405 2289//2289 2384//2384
f 1610//1610 1630//1630 1653//1653
f 1885//1885 1877//1877 2121//2121
f 33//33 120//120 35//35
f 1885//1885 1790//1790 1877//1877
f 1494//1494 1389//1389 1360//1360
f 1547//1547 1494//1494 1396//1396
f 1647//1647 1696//1696 1613//1613
f 1877//1877 2031//2031 2121//2121
f 1382//1382 1443//1443 1374//1374
f 1382//1382 1374//1374 1443//1443
f 1382//1382 1374//1374 1328//1328
f 1811//1811 1628//1628 1621//1621
f 2243//2243 2289//2289 2282//2282
f 1325//1325 1382//1382 1369//1369
f 1325//1325 1369//1369 1382//1382
f 1098//1098 1158//1158 1103//1103
f 1494//1494 1436//1436 1373//1373
f 1723//1723 1755//1755 1885//1885
f 2259//2259 2031//2031 2117//2117
f 2259//2259 2117//2117 2031//2031
f 1801//1801 1708//1708 1760//1760
f 2023//2023 2202//2202 2037//2037
f 1547//1547 1659//1659 1708//1708
f 3402//3402 3444//3444 3543//3543
f 2555//2555 2620//2620 2684//2684
f 433//433 418//418 373//373
f 2405//2405 2289//2289 2243//2243
f 1324//1324 1396//1396 1360//1360
f 3179//3179 2842//2842 3505//3505
f 2029//2029 1885//1885 2009//2009
f 2395//2395 2648//2648 2412//2412
f 2029//2029 1821//1821 1885//1885
f 2560//2560 2245//2245 2347//2347
f 2560//2560 2733//2733 2245//2245
f 2229//2229 2184//2184 2245//2245
f 2229//2229 2245//2245 2184//2184
f 2182//2182 2184//2184 2117//2117
f 2130//2130 2117//2117 2060//2060
f 3609//3609 3604//3604 3564//3564
f 1338//1338 1365//1365 1393//1393
f 1995//1995 1951//1951 1992//1992
f 1358//1358 1369//1369 1373//1373
f 4149//4149 4074//4074 4104//4104
f 2360//2360 2377//2377 2254//2254
f 1382//1382 1369//1369 1363//1363
f 1545//1545 1406//1406 1582//1582
f 791//791 1231//1231 759//759
f 1483//1483 1531//1531 1544//1544
f 1900//1900 1869//1869 1907//1907
f 2212//2212 2220//2220 2694//2694
f 1874//1874 1746//1746 1801//1801
f 1443//1443 1445//1445 1534//1534
f 1443//1443 1534//1534 1445//1445
f 2555//2555 2560//2560 2684//2684
f 2560//2560 2490//2490 2393//2393
f 2695//2695 2742//2742 2647//2647
f 2029//2029 2513//2513 2350//2350
f 1547//1547 1494//1494 1659//1659
f 2029//2029 2350//2350 2200//2200
f 2674//2674 2636//2636 2613//2613
f 4104//4104 3743//3743 4144//4144
f 3180//3180 3105//3105 2909//2909
f 3180//3180 2909//2909 2883//2883
f 2696//2696 3332//3332 3280//3280
f 1612//1612 1666//1666 1530//1530
f 2145//2145 2239//2239 2370//2370
f 3028//3028 2995//2995 3043//3043
f 1316//1316 1324//1324 1325//1325
f 1321//1321 1338//1338 1363//1363
f 1400//1400 1441//1441 1458//1458
f 1400//1400 1458//1458 1441//1441
f 1891//1891 1893//1893 1861//1861
f 2179//2179 2282//2282 2237//2237
f 3421//3421 3434//3434 3503//3503
f 2179//2179 2237//2237 2220//2220
f 2229//2229 2195//2195 2184//2184
f 1885//1885 1893//1893 1935//1935
f 1874//1874 1854//1854 1850//1850
f 1874//1874 1907//1907 1900//1900
f 2179//2179 2168//2168 2282//2282
f 1400//1400 1504//1504 1445//1445
f 1504//1504 1553//1553 1445//1445
f 1191//1191 1137//1137 1171//1171
f 3614//3614 3621//3621 3594//3594
f 2492//2492 2720//2720 2229//2229
f 2072//2072 1998//1998 1951//1951
f 2072//2072 2112//2112 1998//1998
f 2072//2072 1998//1998 2112//2112
f 3278//3278 3271//3271 3289//3289
f 2106//2106 2100//2100 1976//1976
f 1363//1363 1358//1358 1352//1352
f 3310//3310 3296//3296 3112//3112
f 1804//1804 1991//1991 2057//2057
f 2296//2296 2200//2200 2350//2350
f 2296//2296 2350//2350 2410//2410
f 1396//1396 1620//1620 1516//1516
f 2814//2814 2766//2766 2962//2962
f 1400//1400 1393//1393 1457//1457
f 1321//1321 1363//1363 1393//1393
f 2574//2574 2566//2566 2571//2571
f 1316//1316 1325//1325 1321//1321
f 1751//1751 1711//1711 1653//1653
f 2296//2296 2378//2378 2350//2350
f 1891//1891 1690//1690 1861//1861
f 1945//1945 1900//1900 1908//1908
f 2271//2271 2245//2245 2229//2229
f 2373//2373 2229//2229 2245//2245
f 2237//2237 2345//2345 2464//2464
f 1481//1481 1810//1810 1496//1496
f 2296//2296 2119//2119 1893//1893
f 1300//1300 1320//1320 1329//1329
f 1751//1751 1730//1730 1945//1945
f 2262//2262 2345//2345 2421//2421
f 3458//3458 3424//3424 3425//3425
f 3458//3458 3425//3425 3424//3424
f 2179//2179 2106//2106 2212//2212
f 3321//3321 3499//3499 3266//3266
f 1945//1945 1977//1977 2070//2070
f 1690//1690 1867//1867 1573//1573
f 2195//2195 2117//2117 2182//2182
f 1578//1578 1588//1588 1690//1690
f 1504//1504 1588//1588 1578//1578
f 1653//1653 1620//1620 1610//1610
f 2378//2378 2380//2380 2350//2350
f 1396//1396 1522//1522 1610//1610
f 3223//3223 3271//3271 3278//3278
f 2373//2373 2245//2245 2347//2347
f 1504//1504 1352//1352 1415//1415
f 3221//3221 3307//3307 3176//3176
f 2182//2182 2117//2117 2195//2195
f 1358//1358 1483//1483 1436//1436
f 1730//1730 1746//1746 1850//1850
f 2792//2792 2809//2809 2812//2812
f 2792//2792 2812//2812 2809//2809
f 1991//1991 2260//2260 2117//2117
f 1591//1591 1679//1679 1623//1623
f 1457//1457 1578//1578 1443//1443
f 1316//1316 1360//1360 1396//1396
f 1655//1655 1730//1730 1653//1653
f 2373//2373 2380//2380 2424//2424
f 2373//2373 2424//2424 2492//2492
f 63//63 46//46 147//147
f 342//342 338//338 330//330
f 1885//1885 1893//1893 1992//1992
f 1885//1885 1992//1992 1893//1893
f 1891//1891 1690//1690 1766//1766
f 3066//3066 2700//2700 2920//2920
f 1690//1690 1578//1578 1623//1623
f 1325//1325 1363//1363 1316//1316
f 1321//1321 1382//1382 1325//1325
f 2271//2271 2259//2259 2260//2260
f 1891//1891 1736//1736 1578//1578
f 1645//1645 1706//1706 1717//1717
f 1443//1443 1578//1578 1400//1400
f 2072//2072 2117//2117 2259//2259
f 1591//1591 1578//1578 1534//1534
f 1992//1992 1991//1991 2060//2060
f 2233//2233 2250//2250 2364//2364
f 3606//3606 3608//3608 3619//3619
f 3068//3068 2920//2920 2977//2977
f 3068//3068 2977//2977 2920//2920
f 2920//2920 2923//2923 2829//2829
f 3611//3611 3619//3619 3608//3608
f 2674//2674 2636//2636 3096//3096
f 2674//2674 3096//3096 2636//2636
f 2792//2792 2831//2831 2812//2812
f 2075//2075 1984//1984 2228//2228
f 3566//3566 3538//3538 3528//3528
f 3544//3544 3551//3551 3491//3491
f 2433//2433 2515//2515 2471//2471
f 3606//3606 3566//3566 3609//3609
f 210//210 166//166 167//167
f 3606//3606 3538//3538 3566//3566
f 3606//3606 3609//3609 3608//3608
f 1360//1360 1373//1373 1436//1436
f 2700//2700 2645//2645 2829//2829
f 2700//2700 2920//2920 2829//2829
f 2700//2700 2920//2920 3104//3104
f 2700//2700 3104//3104 2920//2920
f 3002//3002 2957//2957 2949//2949
f 3002//3002 2949//2949 2957//2957
f 3049//3049 3405//3405 3028//3028
f 3445//3445 3386//3386 3427//3427
f 3544//3544 3511//3511 3563//3563
f 3371//3371 3450//3450 3401//3401
f 2791//2791 2721//2721 2746//2746
f 2826//2826 2791//2791 2809//2809
f 3010//3010 2995//2995 2946//2946
f 3049//3049 3028//3028 3043//3043
f 3551//3551 3594//3594 3514//3514
f 2180//2180 2226//2226 2233//2233
f 3188//3188 3491//3491 3461//3461
f 3002//3002 2961//2961 2957//2957
f 2565//2565 2649//2649 2495//2495
f 2957//2957 2835//2835 2829//2829
f 2690//2690 2720//2720 2733//2733
f 1907//1907 1895//1895 1898//1898
f 2674//2674 2728//2728 2677//2677
f 2700//2700 2720//2720 2690//2690
f 2700//2700 2690//2690 2720//2720
f 3544//3544 3491//3491 3445//3445
f 1387//1387 1395//1395 1346//1346
f 2645//2645 3066//3066 2801//2801
f 3321//3321 3152//3152 3200//3200
f 3200//3200 3067//3067 3266//3266
f 3621//3621 3529//3529 3596//3596
f 3563//3563 3468//3468 3547//3547
f 2231//2231 2419//2419 2253//2253
f 3221//3221 3375//3375 3307//3307
f 3461//3461 3307//3307 3375//3375
f 3358//3358 3307//3307 3376//3376
f 3461//3461 3376//3376 3307//3307
f 2198//2198 1817//1817 2281//2281
f 3068//3068 3176//3176 3072//3072
f 3358//3358 3177//3177 3072//3072
f 2697//2697 2867//2867 2835//2835
f 2697//2697 2835//2835 2867//2867
f 2835//2835 3068//3068 3072//3072
f 2400//2400 2306//2306 2364//2364
f 2644//2644 3072//3072 2834//2834
f 2697//2697 2644//2644 2625//2625
f 2883//2883 2620//2620 2923//2923
f 2479//2479 2497//2497 2526//2526
f 3201//3201 3200//3200 3228//3228
f 3201//3201 3228//3228 3218//3218
f 3445//3445 3360//3360 3386//3386
f 3885//3885 3875//3875 3831//3831
f 3362//3362 3326//3326 3414//3414
f 3391//3391 3200//3200 3201//3201
f 2513//2513 2558//2558 2410//2410
f 3606//3606 3619//3619 3538//3538
f 3612//3612 3557//3557 3620//3620
f 3612//3612 3620//3620 3557//3557
f 3445//3445 3491//3491 3468//3468
f 3344//3344 3376//3376 3360//3360
f 2835//2835 2684//2684 2829//2829
f 1992//1992 2271//2271 2260//2260
f 2564//2564 2693//2693 2609//2609
f 2693//2693 2694//2694 2609//2609
f 2677//2677 2694//2694 2693//2693
f 2700//2700 2697//2697 2492//2492
f 2243//2243 2255//2255 2289//2289
f 3002//3002 2998//2998 3066//3066
f 2791//2791 2723//2723 2777//2777
f 3002//3002 2957//2957 2998//2998
f 3417//3417 3528//3528 3454//3454
f 3526//3526 3450//3450 3401//3401
f 3396//3396 3459//3459 3390//3390
f 3396//3396 3390//3390 3459//3459
f 3427//3427 3511//3511 3474//3474
f 2558//2558 2562//2562 2555//2555
f 3248//3248 3152//3152 3321//3321
f 2923//2923 2620//2620 2644//2644
f 710//710 584//584 1052//1052
f 2606//2606 2613//2613 2529//2529
f 2835//2835 3068//3068 2867//2867
f 2835//2835 2867//2867 3068//3068
f 3396//3396 3299//3299 3358//3358
f 2378//2378 2773//2773 2314//2314
f 3321//3321 3266//3266 3529//3529
f 3070//3070 3067//3067 3200//3200
f 2674//2674 2613//2613 3070//3070
f 759//759 600//600 561//561
f 2625//2625 2644//2644 2620//2620
f 3605//3605 3610//3610 3664//3664
f 2923//2923 2834//2834 3072//3072
f 3611//3611 3596//3596 3538//3538
f 2674//2674 3070//3070 3067//3067
f 130//130 224//224 117//117
f 2446//2446 2329//2329 2099//2099
f 3621//3621 3596//3596 3624//3624
f 3933//3933 4110//4110 4131//4131
f 3070//3070 3200//3200 3152//3152
f 3598//3598 3546//3546 3431//3431
f 3462//3462 3321//3321 3529//3529
f 3563//3563 3614//3614 3620//3620
f 3146//3146 3292//3292 3516//3516
f 3180//3180 3360//3360 3221//3221
f 206//206 237//237 217//217
f 2883//2883 3068//3068 2909//2909
f 2674//2674 2606//2606 2529//2529
f 2883//2883 2909//2909 2684//2684
f 2815//2815 2802//2802 2835//2835
f 2957//2957 2998//2998 2835//2835
f 2957//2957 2961//2961 2998//2998
f 1419//1419 1657//1657 1674//1674
f 3391//3391 3228//3228 3201//3201
f 3611//3611 3566//3566 3538//3538
f 3528//3528 3395//3395 3454//3454
f 3049//3049 3043//3043 3395//3395
f 2721//2721 2730//2730 2746//2746
f 3308//3308 3355//3355 2913//2913
f 3567//3567 3462//3462 3529//3529
f 3614//3614 3594//3594 3557//3557
f 3221//3221 3461//3461 3375//3375
f 3221//3221 3176//3176 3068//3068
f 367//367 372//372 375//375
f 3595//3595 3611//3611 3567//3567
f 3567//3567 3538//3538 3528//3528
f 1597//1597 1527//1527 1648//1648
f 3080//3080 3002//3002 3030//3030
f 3080//3080 3068//3068 3002//3002
f 2700//2700 2720//2720 2734//2734
f 2690//2690 2733//2733 2720//2720
f 1518//1518 3214//3214 1633//1633
f 3528//3528 3538//3538 3492//3492
f 2720//2720 2733//2733 2734//2734
f 2700//2700 2734//2734 2697//2697
f 3128//3128 3176//3176 3079//3079
f 559//559 553//553 617//617
f 3577//3577 3587//3587 3601//3601
f 3053//3053 3010//3010 3062//3062
f 2693//2693 2746//2746 2670//2670
f 3551//3551 3514//3514 3557//3557
f 3551//3551 3557//3557 3457//3457
f 200//200 130//130 128//128
f 568//568 521//521 549//549
f 2791//2791 2777//2777 2820//2820
f 2791//2791 2820//2820 2777//2777
f 1235//1235 1187//1187 1145//1145
f 1976//1976 1948//1948 2160//2160
f 3049//3049 2944//2944 3028//3028
f 255//255 379//379 272//272
f 2946//2946 2944//2944 3049//3049
f 1613//1613 1696//1696 1662//1662
f 3538//3538 3566//3566 3492//3492
f 3538//3538 3492//3492 3566//3566
f 2553//2553 2783//2783 2516//2516
f 2791//2791 2777//2777 2721//2721
f 3446//3446 3489//3489 3487//3487
f 3318//3318 3234//3234 3408//3408
f 334//334 415//415 358//358
f 3566//3566 3594//3594 3604//3604
f 3551//3551 3564//3564 3514//3514
f 3551//3551 3514//3514 3564//3564
f 2802//2802 2957//2957 2949//2949
f 2802//2802 2949//2949 2957//2957
f 2302//2302 2507//2507 2669//2669
f 175//175 191//191 47//47
f 2864//2864 2909//2909 3125//3125
f 3445//3445 3427//3427 3544//3544
f 4074//4074 3631//3631 3623//3623
f 3628//3628 3620//3620 3632//3632
f 3201//3201 3218//3218 2551//2551
f 2645//2645 2558//2558 2620//2620
f 2964//2964 3191//3191 3001//3001
f 2645//2645 2562//2562 2558//2558
f 2645//2645 2620//2620 2562//2562
f 2636//2636 2606//2606 2479//2479
f 2114//2114 2092//2092 2113//2113
f 3010//3010 2946//2946 3049//3049
f 3053//3053 3049//3049 3043//3043
f 3013//3013 3038//3038 3087//3087
f 3066//3066 2998//2998 2957//2957
f 2700//2700 2645//2645 2492//2492
f 2700//2700 2492//2492 2645//2645
f 2700//2700 2829//2829 2920//2920
f 3544//3544 3445//3445 3344//3344
f 3606//3606 3526//3526 3528//3528
f 3056//3056 3248//3248 3096//3096
f 3162//3162 2636//2636 3056//3056
f 2826//2826 2820//2820 2946//2946
f 1907//1907 1899//1899 1940//1940
f 3417//3417 3405//3405 3528//3528
f 3551//3551 3609//3609 3564//3564
f 1360//1360 1339//1339 1416//1416
f 3484//3484 3460//3460 3428//3428
f 1300//1300 1306//1306 1295//1295
f 3417//3417 3401//3401 3391//3391
f 2802//2802 2720//2720 2734//2734
f 3188//3188 3079//3079 3206//3206
f 3079//3079 3080//3080 3206//3206
f 62//62 126//126 33//33
f 2829//2829 2645//2645 2954//2954
f 2920//2920 2829//2829 2954//2954
f 3344//3344 3221//3221 3171//3171
f 2083//2083 2233//2233 2226//2226
f 3612//3612 3609//3609 3608//3608
f 3612//3612 3608//3608 3609//3609
f 2667//2667 2196//2196 2506//2506
f 2564//2564 2345//2345 2529//2529
f 2700//2700 2835//2835 2920//2920
f 1671//1671 1681//1681 1849//1849
f 2360//2360 2361//2361 2509//2509
f 3171//3171 3221//3221 3159//3159
f 3162//3162 3248//3248 3152//3152
f 3606//3606 3619//3619 3611//3611
f 4242//4242 4196//4196 4231//4231
f 130//130 127//127 224//224
f 2362//2362 2436//2436 2400//2400
f 3491//3491 3461//3461 3468//3468
f 3323//3323 3385//3385 3335//3335
f 3344//3344 3221//3221 3358//3358
f 3445//3445 3468//3468 3344//3344
f 3612//3612 3620//3620 3614//3614
f 577//577 555//555 592//592
f 1618//1618 2099//2099 2211//2211
f 3538//3538 3596//3596 3528//3528
f 3248//3248 3321//3321 3152//3152
f 2700//2700 2645//2645 2697//2697
f 3128//3128 3104//3104 3066//3066
f 3606//3606 3528//3528 3596//3596
f 1915//1915 1754//1754 1922//1922
f 1795//1795 1919//1919 1862//1862
f 2792//2792 2812//2812 2613//2613
f 3564//3564 3498//3498 3483//3483
f 48//48 179//179 79//79
f 2720//2720 2667//2667 2726//2726
f 2573//2573 2585//2585 2598//2598
f 3101//3101 3039//3039 3100//3100
f 1504//1504 1415//1415 1526//1526
f 1976//1976 2213//2213 1603//1603
f 3028//3028 2989//2989 3041//3041
f 1172//1172 1643//1643 1383//1383
f 3028//3028 3041//3041 2989//2989
f 2777//2777 3024//3024 1603//1603
f 2777//2777 2989//2989 3024//3024
f 2213//2213 2540//2540 1603//1603
f 3572//3572 3593//3593 3603//3603
f 2405//2405 2549//2549 2427//2427
f 255//255 286//286 234//234
f 3114//3114 3372//3372 3483//3483
f 1491//1491 1551//1551 1520//1520
f 916//916 906//906 780//780
f 916//916 780//780 906//906
f 2944//2944 2820//2820 2372//2372
f 3356//3356 3483//3483 3372//3372
f 3028//3028 3041//3041 3481//3481
f 3502//3502 3443//3443 3481//3481
f 3335//3335 3117//3117 3309//3309
f 1709//1709 1715//1715 1647//1647
f 2720//2720 2506//2506 2467//2467
f 2802//2802 2949//2949 2720//2720
f 2720//2720 2949//2949 2506//2506
f 1999//1999 2241//2241 2183//2183
f 2221//2221 2467//2467 2241//2241
f 2221//2221 2241//2241 2467//2467
f 1998//1998 1999//1999 1961//1961
f 2112//2112 1999//1999 1998//1998
f 1573//1573 1763//1763 1526//1526
f 1504//1504 1526//1526 1352//1352
f 1573//1573 1526//1526 1504//1504
f 1325//1325 1378//1378 1369//1369
f 1532//1532 1513//1513 1895//1895
f 1532//1532 1425//1425 1513//1513
f 1892//1892 1948//1948 1895//1895
f 2100//2100 1948//1948 2372//2372
f 2100//2100 2213//2213 2185//2185
f 2100//2100 2185//2185 2213//2213
f 1513//1513 1948//1948 1895//1895
f 1763//1763 1862//1862 1654//1654
f 2690//2690 2801//2801 2492//2492
f 3465//3465 3441//3441 3531//3531
f 1706//1706 1676//1676 1552//1552
f 2944//2944 2989//2989 2820//2820
f 1131//1131 1132//1132 1186//1186
f 1131//1131 1186//1186 1132//1132
f 2227//2227 2199//2199 2230//2230
f 2820//2820 2989//2989 2777//2777
f 780//780 783//783 404//404
f 2723//2723 2668//2668 2218//2218
f 2218//2218 2213//2213 2185//2185
f 1415//1415 1352//1352 1526//1526
f 1998//1998 1795//1795 1999//1999
f 2414//2414 2420//2420 2439//2439
f 1998//1998 1654//1654 1795//1795
f 2196//2196 2183//2183 2506//2506
f 2196//2196 1999//1999 2183//2183
f 1998//1998 1999//1999 2196//2196
f 3127//3127 3122//3122 3475//3475
f 3270//3270 3240//3240 3373//3373
f 2198//2198 2238//2238 2067//2067
f 3382//3382 3434//3434 3421//3421
f 2133//2133 1877//1877 2031//2031
f 1603//1603 1513//1513 1425//1425
f 325//325 329//329 352//352
f 188//188 298//298 222//222
f 3571//3571 4151//4151 4180//4180
f 1589//1589 1568//1568 1639//1639
f 3356//3356 3042//3042 3114//3114
f 2723//2723 2777//2777 2668//2668
f 2112//2112 2196//2196 2221//2221
f 1795//1795 1862//1862 1763//1763
f 1795//1795 1763//1763 1526//1526
f 1919//1919 1961//1961 1862//1862
f 1892//1892 1895//1895 1948//1948
f 1532//1532 1789//1789 1425//1425
f 1867//1867 1862//1862 1919//1919
f 2802//2802 2726//2726 3114//3114
f 2979//2979 3054//3054 3185//3185
f 1440//1440 1432//1432 1518//1518
f 1148//1148 1187//1187 1240//1240
f 3538//3538 3575//3575 3573//3573
f 3024//3024 3407//3407 3432//3432
f 519//519 1188//1188 1136//1136
f 600//600 537//537 1016//1016
f 2723//2723 2820//2820 2777//2777
f 1603//1603 3432//3432 2372//2372
f 3269//3269 3322//3322 3316//3316
f 2720//2720 2726//2726 2802//2802
f 3059//3059 2999//2999 1884//1884
f 50//50 88//88 93//93
f 3407//3407 3502//3502 3432//3432
f 2726//2726 2667//2667 3114//3114
f 2949//2949 3114//3114 2667//2667
f 1998//1998 1919//1919 1654//1654
f 2139//2139 2235//2235 2109//2109
f 2139//2139 2109//2109 2235//2235
f 3042//3042 3060//3060 3114//3114
f 1869//1869 1899//1899 1907//1907
f 3126//3126 3134//3134 3178//3178
f 3126//3126 3178//3178 3134//3134
f 2949//2949 3114//3114 3060//3060
f 3442//3442 3316//3316 3431//3431
f 3522//3522 4083//4083 3423//3423
f 2133//2133 2121//2121 1877//1877
f 1655//1655 1751//1751 1730//1730
f 1307//1307 2401//2401 3636//3636
f 3427//3427 3396//3396 3413//3413
f 916//916 906//906 805//805
f 1316//1316 1358//1358 1396//1396
f 21//21 30//30 23//23
f 1591//1591 1690//1690 1578//1578
f 1591//1591 1400//1400 1578//1578
f 1591//1591 1578//1578 1400//1400
f 2448//2448 2424//2424 2533//2533
f 1690//1690 1591//1591 1578//1578
f 3401//3401 3321//3321 3266//3266
f 2803//2803 2647//2647 2742//2742
f 1766//1766 1690//1690 1720//1720
f 1992//1992 2130//2130 2271//2271
f 2704//2704 2557//2557 1971//1971
f 1992//1992 2057//2057 1893//1893
f 2708//2708 521//521 1211//1211
f 2296//2296 2260//2260 2373//2373
f 2296//2296 2072//2072 2119//2119
f 3522//3522 3613//3613 4083//4083
f 2328//2328 2230//2230 2293//2293
f 1698//1698 1455//1455 1520//1520
f 3598//3598 3593//3593 3546//3546
f 3417//3417 3248//3248 3162//3162
f 3056//3056 3162//3162 3096//3096
f 3056//3056 3096//3096 3162//3162
f 3510//3510 3471//3471 3422//3422
f 3162//3162 3096//3096 3201//3201
f 3248//3248 3201//3201 3162//3162
f 3201//3201 3096//3096 3162//3162
f 3417//3417 3528//3528 3526//3526
f 3606//3606 3528//3528 3566//3566
f 916//916 873//873 906//906
f 3020//3020 3075//3075 2641//2641
f 3020//3020 2641//2641 3075//3075
f 2395//2395 2412//2412 2456//2456
f 3551//3551 3544//3544 3612//3612
f 3611//3611 3621//3621 3632//3632
f 3344//3344 3445//3445 3491//3491
f 2637//2637 2579//2579 2608//2608
f 3171//3171 3159//3159 3104//3104
f 3159//3159 2957//2957 3104//3104
f 3066//3066 2957//2957 3159//3159
f 2957//2957 2829//2829 3104//3104
f 3066//3066 3104//3104 2864//2864
f 3066//3066 2829//2829 2957//2957
f 245//245 257//257 225//225
f 345//345 231//231 137//137
f 77//77 121//121 67//67
f 3667//3667 3583//3583 3673//3673
f 252//252 386//386 314//314
f 252//252 177//177 231//231
f 137//137 231//231 177//177
f 137//137 102//102 121//121
f 1860//1860 1898//1898 2148//2148
f 3514//3514 3385//3385 3549//3549
f 255//255 234//234 174//174
f 2771//2771 2874//2874 3101//3101
f 386//386 424//424 419//419
f 428//428 411//411 424//424
f 137//137 236//236 166//166
f 2906//2906 2413//2413 2913//2913
f 345//345 322//322 236//236
f 231//231 236//236 151//151
f 137//137 151//151 236//236
f 3311//3311 3389//3389 3316//3316
f 121//121 77//77 67//67
f 44//44 67//67 77//77
f 1273//1273 1282//1282 1226//1226
f 106//106 174//174 49//49
f 234//234 49//49 174//174
f 3416//3416 3389//3389 3311//3311
f 2042//2042 2114//2114 2083//2083
f 3437//3437 3613//3613 3535//3535
f 231//231 314//314 386//386
f 3664//3664 3838//3838 3647//3647
f 137//137 166//166 121//121
f 3323//3323 3385//3385 3335//3335
f 3323//3323 3335//3335 3385//3385
f 51//51 40//40 49//49
f 51//51 49//49 40//40
f 3216//3216 3165//3165 3063//3063
f 278//278 289//289 214//214
f 278//278 214//214 188//188
f 102//102 112//112 151//151
f 252//252 151//151 112//112
f 148//148 245//245 112//112
f 148//148 112//112 245//245
f 64//64 43//43 112//112
f 1544//1544 1436//1436 1373//1373
f 1544//1544 1373//1373 1436//1436
f 245//245 112//112 43//43
f 3484//3484 3460//3460 3479//3479
f 257//257 228//228 334//334
f 2805//2805 1981//1981 3702//3702
f 938//938 988//988 936//936
f 86//86 51//51 222//222
f 257//257 86//86 159//159
f 257//257 159//159 228//228
f 3084//3084 3045//3045 2863//2863
f 222//222 298//298 170//170
f 424//424 314//314 412//412
f 252//252 257//257 412//412
f 346//346 295//295 276//276
f 346//346 276//276 407//407
f 257//257 407//407 225//225
f 51//51 191//191 105//105
f 51//51 170//170 264//264
f 191//191 225//225 276//276
f 407//407 276//276 225//225
f 442//442 312//312 326//326
f 44//44 40//40 49//49
f 49//49 51//51 214//214
f 3605//3605 3664//3664 3647//3647
f 172//172 142//142 175//175
f 102//102 107//107 66//66
f 67//67 102//102 66//66
f 1478//1478 1495//1495 1580//1580
f 40//40 107//107 172//172
f 139//139 172//172 107//107
f 245//245 252//252 411//411
f 252//252 419//419 411//411
f 2017//2017 2095//2095 2073//2073
f 264//264 327//327 279//279
f 3396//3396 3547//3547 3459//3459
f 2881//2881 2890//2890 2814//2814
f 51//51 264//264 279//279
f 1784//1784 2102//2102 3227//3227
f 40//40 43//43 47//47
f 40//40 47//47 43//43
f 51//51 47//47 191//191
f 3027//3027 3054//3054 3225//3225
f 43//43 40//40 172//172
f 245//245 428//428 257//257
f 2961//2961 3002//3002 3030//3030
f 2184//2184 2127//2127 2167//2167
f 245//245 411//411 428//428
f 386//386 419//419 314//314
f 2481//2481 2521//2521 2348//2348
f 252//252 314//314 419//419
f 106//106 49//49 278//278
f 252//252 314//314 231//231
f 278//278 49//49 234//234
f 67//67 102//102 137//137
f 1442//1442 1558//1558 1542//1542
f 1489//1489 1515//1515 1514//1514
f 102//102 151//151 137//137
f 67//67 64//64 102//102
f 245//245 257//257 252//252
f 257//257 43//43 47//47
f 51//51 188//188 222//222
f 319//319 278//278 289//289
f 319//319 289//289 278//278
f 188//188 327//327 298//298
f 86//86 170//170 105//105
f 159//159 197//197 228//228
f 428//428 424//424 412//412
f 257//257 428//428 412//412
f 386//386 314//314 424//424
f 416//416 453//453 427//427
f 255//255 174//174 106//106
f 346//346 334//334 295//295
f 346//346 295//295 334//334
f 3945//3945 3917//3917 3871//3871
f 159//159 86//86 105//105
f 298//298 327//327 264//264
f 134//134 107//107 102//102
f 3176//3176 3177//3177 3307//3307
f 139//139 148//148 142//142
f 1975//1975 1894//1894 1935//1935
f 1531//1531 1489//1489 1514//1514
f 44//44 76//76 83//83
f 44//44 83//83 66//66
f 2518//2518 2512//2512 2533//2533
f 2412//2412 2391//2391 2456//2456
f 44//44 83//83 76//76
f 57//57 184//184 84//84
f 142//142 148//148 134//134
f 2693//2693 2212//2212 2237//2237
f 3317//3317 3244//3244 3306//3306
f 44//44 67//67 83//83
f 67//67 66//66 83//83
f 2932//2932 3001//3001 2964//2964
f 148//148 139//139 134//134
f 64//64 76//76 83//83
f 191//191 175//175 225//225
f 191//191 175//175 276//276
f 524//524 454//454 554//554
f 2123//2123 2120//2120 2108//2108
f 4133//4133 4122//4122 4032//4032
f 3183//3183 3262//3262 3139//3139
f 3183//3183 3139//3139 3262//3262
f 510//510 1419//1419 1176//1176
f 2460//2460 1539//1539 1837//1837
f 564//564 695//695 1368//1368
f 564//564 549//549 695//695
f 2264//2264 2364//2364 2306//2306
f 1657//1657 1333//1333 569//569
f 540//540 1987//1987 569//569
f 14//14 154//154 11//11
f 14//14 11//11 154//154
f 488//488 154//154 281//281
f 488//488 281//281 491//491
f 2191//2191 2216//2216 2023//2023
f 1674//1674 1575//1575 1971//1971
f 2844//2844 3148//3148 2643//2643
f 2986//2986 2967//2967 2911//2911
f 2844//2844 2643//2643 1856//1856
f 3624//3624 3621//3621 3617//3617
f 1674//1674 1971//1971 2367//2367
f 2568//2568 2557//2557 2704//2704
f 1419//1419 1674//1674 2367//2367
f 1531//1531 1479//1479 1483//1483
f 1419//1419 2367//2367 2567//2567
f 204//204 116//116 108//108
f 1987//1987 2556//2556 2365//2365
f 2500//2500 2630//2630 2556//2556
f 1987//1987 2665//2665 2556//2556
f 33//33 117//117 126//126
f 2952//2952 2901//2901 2959//2959
f 327//327 1069//1069 807//807
f 327//327 807//807 598//598
f 327//327 598//598 501//501
f 352//352 456//456 433//433
f 1387//1387 1329//1329 1346//1346
f 1387//1387 1346//1346 1329//1329
f 327//327 501//501 352//352
f 281//281 329//329 374//374
f 281//281 427//427 1987//1987
f 1987//1987 427//427 453//453
f 4266//4266 4271//4271 4254//4254
f 1022//1022 453//453 501//501
f 1987//1987 453//453 1022//1022
f 3372//3372 3123//3123 3291//3291
f 1987//1987 1022//1022 2665//2665
f 3436//3436 2631//2631 2034//2034
f 2996//2996 2631//2631 3436//3436
f 416//416 395//395 440//440
f 4083//4083 2996//2996 3436//3436
f 1740//1740 2632//2632 2780//2780
f 2027//2027 3436//3436 2034//2034
f 3358//3358 3474//3474 3375//3375
f 2027//2027 2780//2780 3436//3436
f 783//783 906//906 1117//1117
f 780//780 1264//1264 906//906
f 783//783 1117//1117 846//846
f 1179//1179 846//846 1117//1117
f 3165//3165 3074//3074 2890//2890
f 1409//1409 846//846 1179//1179
f 1409//1409 1251//1251 1296//1296
f 2079//2079 2093//2093 2049//2049
f 1409//1409 1296//1296 1981//1981
f 1338//1338 1325//1325 1332//1332
f 2628//2628 1304//1304 1264//1264
f 2110//2110 1898//1898 2141//2141
f 780//780 428//428 1264//1264
f 295//295 404//404 553//553
f 783//783 553//553 404//404
f 553//553 1172//1172 617//617
f 2028//2028 979//979 1981//1981
f 295//295 553//553 559//559
f 295//295 559//559 171//171
f 3019//3019 2978//2978 2785//2785
f 559//559 144//144 171//171
f 559//559 253//253 144//144
f 279//279 559//559 327//327
f 327//327 1122//1122 2027//2027
f 2027//2027 1122//1122 1383//1383
f 2027//2027 1383//1383 1740//1740
f 3427//3427 3273//3273 3390//3390
f 2027//2027 1740//1740 2780//2780
f 3702//3702 1981//1981 4072//4072
f 1596//1596 1599//1599 1672//1672
f 4072//4072 4176//4176 4096//4096
f 4096//4096 4176//4176 4143//4143
f 1296//1296 2628//2628 1981//1981
f 2628//2628 4072//4072 1981//1981
f 2628//2628 3943//3943 3839//3839
f 2628//2628 3839//3839 3875//3875
f 2628//2628 3875//3875 4072//4072
f 2931//2931 2782//2782 2941//2941
f 1600//1600 3278//3278 3223//3223
f 1723//1723 1706//1706 1679//1679
f 4120//4120 3929//3929 3943//3943
f 2628//2628 4120//4120 3943//3943
f 488//488 1546//1546 11//11
f 11//11 1546//1546 2500//2500
f 11//11 2500//2500 572//572
f 8//8 11//11 572//572
f 1979//1979 1971//1971 9//9
f 1979//1979 9//9 11//11
f 1971//1971 1941//1941 12//12
f 2703//2703 2774//2774 3044//3044
f 1971//1971 12//12 9//9
f 482//482 9//9 549//549
f 1971//1971 9//9 2508//2508
f 482//482 510//510 265//265
f 482//482 15//15 9//9
f 1478//1478 1495//1495 1571//1571
f 510//510 330//330 317//317
f 455//455 369//369 330//330
f 1714//1714 2637//2637 2511//2511
f 3881//3881 3556//3556 3590//3590
f 372//372 312//312 442//442
f 3080//3080 3002//3002 3060//3060
f 3080//3080 3060//3060 3002//3002
f 372//372 473//473 375//375
f 3188//3188 3491//3491 3080//3080
f 419//419 375//375 473//473
f 555//555 479//479 567//567
f 2964//2964 3001//3001 3054//3054
f 1028//1028 1091//1091 798//798
f 1028//1028 798//798 613//613
f 415//415 553//553 608//608
f 613//613 798//798 592//592
f 618//618 554//554 571//571
f 2405//2405 2282//2282 2464//2464
f 1028//1028 1257//1257 1091//1091
f 1028//1028 1286//1286 1257//1257
f 3528//3528 3608//3608 3566//3566
f 1286//1286 1278//1278 1257//1257
f 1570//1570 1669//1669 1286//1286
f 2984//2984 2808//2808 2761//2761
f 2984//2984 2761//2761 2808//2808
f 1669//1669 1424//1424 1286//1286
f 1286//1286 1424//1424 1278//1278
f 1286//1286 1278//1278 1424//1424
f 1570//1570 1689//1689 1669//1669
f 2090//2090 2129//2129 1833//1833
f 2090//2090 2475//2475 2129//2129
f 2090//2090 2453//2453 2475//2475
f 2223//2223 2385//2385 2354//2354
f 2453//2453 2981//2981 2943//2943
f 2475//2475 2453//2453 2943//2943
f 3123//3123 2981//2981 3291//3291
f 3372//3372 3291//3291 3397//3397
f 3073//3073 3020//3020 3075//3075
f 418//418 348//348 395//395
f 418//418 353//353 348//348
f 418//418 512//512 353//353
f 2877//2877 1748//1748 1756//1756
f 1748//1748 1472//1472 1756//1756
f 1748//1748 1641//1641 1472//1472
f 510//510 1176//1176 330//330
f 2934//2934 1748//1748 2877//2877
f 330//330 1176//1176 455//455
f 1637//1637 1188//1188 1641//1641
f 3022//3022 2959//2959 3023//3023
f 1188//1188 813//813 1641//1641
f 1811//1811 1349//1349 1408//1408
f 696//696 813//813 1188//1188
f 3532//3532 3587//3587 3580//3580
f 3263//3263 3081//3081 3154//3154
f 2684//2684 2560//2560 2565//2565
f 1472//1472 813//813 1460//1460
f 1756//1756 1472//1472 1460//1460
f 1806//1806 1827//1827 1644//1644
f 1806//1806 1644//1644 1827//1827
f 3497//3497 3532//3532 3472//3472
f 3497//3497 3472//3472 3532//3532
f 2393//2393 2305//2305 2380//2380
f 455//455 1176//1176 1399//1399
f 455//455 607//607 457//457
f 3327//3327 3295//3295 3298//3298
f 418//418 457//457 607//607
f 696//696 522//522 341//341
f 1908//1908 2282//2282 1773//1773
f 379//379 341//341 522//522
f 286//286 319//319 379//379
f 255//255 272//272 174//174
f 1737//1737 1588//1588 1606//1606
f 454//454 539//539 463//463
f 1324//1324 1339//1339 1328//1328
f 524//524 539//539 454//454
f 524//524 554//554 618//618
f 272//272 449//449 432//432
f 166//166 150//150 77//77
f 1326//1326 791//791 618//618
f 3238//3238 3087//3087 3038//3038
f 1796//1796 1886//1886 1875//1875
f 524//524 618//618 791//791
f 524//524 791//791 539//539
f 2851//2851 2937//2937 3074//3074
f 432//432 449//449 454//454
f 2045//2045 2023//2023 2053//2053
f 1946//1946 1848//1848 1510//1510
f 3597//3597 3584//3584 3603//3603
f 1848//1848 1482//1482 1510//1510
f 1519//1519 1590//1590 1515//1515
f 449//449 522//522 571//571
f 379//379 522//522 449//449
f 3068//3068 3135//3135 3072//3072
f 272//272 379//379 449//449
f 312//312 241//241 326//326
f 115//115 174//174 272//272
f 3466//3466 3442//3442 3322//3322
f 241//241 115//115 272//272
f 567//567 473//473 442//442
f 3316//3316 3414//3414 3326//3326
f 3088//3088 3103//3103 3520//3520
f 372//372 442//442 473//473
f 2508//2508 533//533 574//574
f 4198//4198 4196//4196 4226//4226
f 1553//1553 1606//1606 1588//1588
f 4024//4024 4147//4147 4089//4089
f 4147//4147 4144//4144 4027//4027
f 4149//4149 4104//4104 4144//4144
f 2610//2610 2699//2699 2612//2612
f 1241//1241 1202//1202 1174//1174
f 4149//4149 4117//4117 4074//4074
f 3220//3220 3166//3166 3165//3165
f 3220//3220 3165//3165 3166//3166
f 493//493 521//521 624//624
f 3399//3399 3431//3431 3350//3350
f 3743//3743 3644//3644 3583//3583
f 4291//4291 4264//4264 4293//4293
f 3945//3945 4207//4207 3604//3604
f 2740//2740 2711//2711 3276//3276
f 2672//2672 2740//2740 3276//3276
f 4287//4287 3864//3864 3950//3950
f 3272//3272 3325//3325 3273//3273
f 2858//2858 1399//1399 2672//2672
f 2198//2198 1817//1817 1832//1832
f 2539//2539 2685//2685 2613//2613
f 1176//1176 2672//2672 1399//1399
f 1176//1176 1419//1419 2672//2672
f 2457//2457 2511//2511 2515//2515
f 1419//1419 2567//2567 2672//2672
f 2567//2567 2740//2740 2672//2672
f 2934//2934 1641//1641 1748//1748
f 1637//1637 1470//1470 1188//1188
f 1188//1188 1470//1470 1197//1197
f 696//696 1188//1188 1197//1197
f 696//696 669//669 571//571
f 1224//1224 1213//1213 1267//1267
f 2934//2934 3435//3435 2790//2790
f 1971//1971 2708//2708 2557//2557
f 2712//2712 2525//2525 2706//2706
f 2692//2692 2755//2755 3119//3119
f 4195//4195 4166//4166 4152//4152
f 1749//1749 1848//1848 2173//2173
f 4027//4027 3435//3435 3541//3541
f 2483//2483 2515//2515 2433//2433
f 265//265 330//330 317//317
f 3308//3308 2903//2903 2848//2848
f 2249//2249 1942//1942 2238//2238
f 1631//1631 2173//2173 2163//2163
f 1562//1562 1631//1631 1334//1334
f 1631//1631 1231//1231 1334//1334
f 791//791 1334//1334 1231//1231
f 2054//2054 2178//2178 2202//2202
f 3102//3102 3112//3112 3296//3296
f 442//442 241//241 463//463
f 463//463 241//241 454//454
f 3070//3070 3266//3266 3209//3209
f 1022//1022 501//501 598//598
f 2692//2692 1848//1848 1946//1946
f 3131//3131 3323//3323 3335//3335
f 2692//2692 1946//1946 2755//2755
f 2471//2471 2515//2515 2429//2429
f 3206//3206 3011//3011 3147//3147
f 1768//1768 2755//2755 1946//1946
f 1284//1284 1301//1301 1289//1289
f 3165//3165 3124//3124 2984//2984
f 1848//1848 1749//1749 1482//1482
f 3088//3088 3099//3099 2821//2821
f 1200//1200 1482//1482 1205//1205
f 1200//1200 1205//1205 1482//1482
f 1305//1305 1242//1242 1232//1232
f 1200//1200 1205//1205 669//669
f 554//554 449//449 571//571
f 1803//1803 2052//2052 2093//2093
f 3526//3526 3462//3462 3529//3529
f 1684//1684 1611//1611 1718//1718
f 2015//2015 1990//1990 2023//2023
f 393//393 387//387 428//428
f 1563//1563 1508//1508 1453//1453
f 2618//2618 2837//2837 3057//3057
f 539//539 575//575 442//442
f 319//319 278//278 286//286
f 353//353 512//512 341//341
f 3514//3514 3498//3498 3434//3434
f 813//813 512//512 607//607
f 3299//3299 2871//2871 2977//2977
f 1460//1460 607//607 1399//1399
f 1756//1756 1460//1460 1399//1399
f 1756//1756 1399//1399 2858//2858
f 2877//2877 1756//1756 2858//2858
f 217//217 204//204 290//290
f 2047//2047 1509//1509 1631//1631
f 1530//1530 1980//1980 1725//1725
f 3644//3644 4074//4074 3623//3623
f 3644//3644 3623//3623 3616//3616
f 2911//2911 2938//2938 2860//2860
f 3623//3623 3355//3355 3616//3616
f 1163//1163 1186//1186 1194//1194
f 4187//4187 4131//4131 4155//4155
f 1284//1284 1260//1260 1238//1238
f 2697//2697 2625//2625 2698//2698
f 2697//2697 2698//2698 2625//2625
f 1559//1559 1632//1632 1636//1636
f 1559//1559 1636//1636 1632//1632
f 4080//4080 3862//3862 3664//3664
f 3862//3862 3678//3678 3664//3664
f 3605//3605 3664//3664 3678//3678
f 4080//4080 3664//3664 3647//3647
f 2249//2249 2394//2394 2348//2348
f 3664//3664 3610//3610 3647//3647
f 3605//3605 3345//3345 3610//3610
f 3397//3397 3345//3345 3605//3605
f 4144//4144 3743//3743 4027//4027
f 1833//1833 1570//1570 1965//1965
f 3546//3546 3513//3513 3431//3431
f 3522//3522 3423//3423 2665//2665
f 3644//3644 3616//3616 3308//3308
f 2934//2934 3541//3541 3435//3435
f 3358//3358 3299//3299 3459//3459
f 3623//3623 3631//3631 3355//3355
f 4074//4074 4106//4106 3631//3631
f 1954//1954 1963//1963 1826//1826
f 1279//1279 1282//1282 1287//1287
f 1166//1166 1285//1285 1237//1237
f 345//345 322//322 334//334
f 4133//4133 4106//4106 4117//4117
f 2500//2500 2469//2469 2568//2568
f 3355//3355 2940//2940 2906//2906
f 3632//3632 3620//3620 3629//3629
f 2940//2940 3355//3355 3192//3192
f 3192//3192 3631//3631 3558//3558
f 1610//1610 1653//1653 1620//1620
f 3645//3645 4282//4282 2810//2810
f 4133//4133 4032//4032 4106//4106
f 2386//2386 3183//3183 1691//1691
f 3308//3308 2913//2913 2903//2903
f 2047//2047 1631//1631 2163//2163
f 2414//2414 2354//2354 2428//2428
f 1376//1376 1231//1231 1509//1509
f 1884//1884 2999//2999 2810//2810
f 1376//1376 759//759 1231//1231
f 575//575 759//759 561//561
f 791//791 759//759 575//575
f 386//386 424//424 365//365
f 1631//1631 1509//1509 1231//1231
f 2791//2791 431//431 4281//4281
f 2173//2173 2903//2903 2913//2913
f 2047//2047 2413//2413 2425//2425
f 2047//2047 2425//2425 2032//2032
f 2124//2124 2036//2036 2064//2064
f 2032//2032 1965//1965 1376//1376
f 941//941 551//551 424//424
f 1532//1532 1895//1895 1892//1892
f 935//935 863//863 853//853
f 935//935 853//853 863//863
f 11//11 521//521 2500//2500
f 3363//3363 3354//3354 3228//3228
f 2220//2220 2171//2171 2148//2148
f 3610//3610 3558//3558 3657//3657
f 3610//3610 4032//4032 3647//3647
f 11//11 493//493 24//24
f 2075//2075 2425//2425 2705//2705
f 2705//2705 2425//2425 2940//2940
f 3567//3567 3529//3529 3596//3596
f 3567//3567 3596//3596 3529//3529
f 3192//3192 2705//2705 2940//2940
f 3558//3558 3610//3610 3345//3345
f 3410//3410 3416//3416 3414//3414
f 4122//4122 4080//4080 3647//3647
f 2306//2306 2294//2294 2264//2264
f 4163//4163 4080//4080 4122//4122
f 1122//1122 617//617 1383//1383
f 4104//4104 4074//4074 3743//3743
f 4074//4074 3644//3644 3743//3743
f 3090//3090 3309//3309 3117//3117
f 4089//4089 4147//4147 4027//4027
f 2162//2162 2222//2222 2208//2208
f 3743//3743 3579//3579 4027//4027
f 3583//3583 3644//3644 3308//3308
f 2135//2135 2073//2073 2095//2095
f 3355//3355 2906//2906 2913//2913
f 2381//2381 2364//2364 2444//2444
f 1785//1785 1792//1792 1671//1671
f 1785//1785 1671//1671 1792//1792
f 2047//2047 2163//2163 2413//2413
f 2284//2284 2269//2269 2201//2201
f 2032//2032 1376//1376 1509//1509
f 1656//1656 1671//1671 1606//1606
f 561//561 600//600 613//613
f 1274//1274 1252//1252 1615//1615
f 1570//1570 1615//1615 1965//1965
f 1833//1833 1965//1965 2075//2075
f 1833//1833 2075//2075 2090//2090
f 2090//2090 2075//2075 2705//2705
f 2453//2453 2090//2090 2705//2705
f 916//916 472//472 1190//1190
f 2453//2453 2705//2705 2843//2843
f 2843//2843 2705//2705 3345//3345
f 3452//3452 3379//3379 3515//3515
f 2453//2453 2843//2843 2981//2981
f 1286//1286 1274//1274 1570//1570
f 3416//3416 3316//3316 3442//3442
f 1296//1296 1884//1884 1304//1304
f 1329//1329 1346//1346 1349//1349
f 419//419 473//473 479//479
f 759//759 613//613 600//600
f 759//759 1376//1376 613//613
f 2784//2784 2757//2757 2752//2752
f 1376//1376 1252//1252 613//613
f 1965//1965 1615//1615 1376//1376
f 2543//2543 2988//2988 3157//3157
f 1838//1838 1857//1857 2988//2988
f 4083//4083 3881//3881 3625//3625
f 3142//3142 3191//3191 3232//3232
f 4027//4027 3541//3541 3630//3630
f 3354//3354 3287//3287 3373//3373
f 3354//3354 3373//3373 3287//3287
f 4027//4027 3630//3630 4024//4024
f 4089//4089 4027//4027 4024//4024
f 3319//3319 3419//3419 3301//3301
f 2536//2536 2512//2512 2518//2518
f 2435//2435 2493//2493 2404//2404
f 4083//4083 4131//4131 3881//3881
f 3590//3590 3293//3293 3170//3170
f 3590//3590 3556//3556 3293//3293
f 3276//3276 3293//3293 3556//3556
f 4083//4083 3625//3625 3423//3423
f 3625//3625 3590//3590 3423//3423
f 3625//3625 3423//3423 3590//3590
f 1286//1286 985//985 1091//1091
f 3345//3345 3397//3397 2981//2981
f 3345//3345 2981//2981 2843//2843
f 1625//1625 1666//1666 1650//1650
f 3045//3045 3015//3015 2756//2756
f 567//567 442//442 561//561
f 2698//2698 2625//2625 2977//2977
f 442//442 575//575 561//561
f 2421//2421 2479//2479 2526//2526
f 1783//1783 1609//1609 1778//1778
f 1326//1326 1334//1334 791//791
f 1326//1326 1562//1562 1334//1334
f 2069//2069 2044//2044 2298//2298
f 2069//2069 2298//2298 2044//2044
f 2818//2818 2698//2698 2806//2806
f 3119//3119 2848//2848 2692//2692
f 3435//3435 3579//3579 3119//3119
f 2493//2493 2609//2609 2642//2642
f 3556//3556 4024//4024 3630//3630
f 2468//2468 2317//2317 2370//2370
f 2556//2556 3423//3423 2930//2930
f 2500//2500 2556//2556 2930//2930
f 2708//2708 2850//2850 2847//2847
f 2500//2500 2930//2930 572//572
f 572//572 2930//2930 2850//2850
f 2557//2557 2708//2708 2847//2847
f 2557//2557 2847//2847 2811//2811
f 2704//2704 2811//2811 2847//2847
f 2704//2704 2847//2847 2711//2711
f 1382//1382 1365//1365 1332//1332
f 2181//2181 2177//2177 2040//2040
f 2672//2672 3276//3276 2858//2858
f 2858//2858 3276//3276 3179//3179
f 2877//2877 2858//2858 3179//3179
f 2601//2601 3289//3289 2622//2622
f 3170//3170 2711//2711 2847//2847
f 2704//2704 2508//2508 2811//2811
f 2557//2557 2811//2811 2508//2508
f 1510//1510 1200//1200 1197//1197
f 1510//1510 1197//1197 1200//1200
f 1510//1510 1197//1197 1470//1470
f 1946//1946 1470//1470 1768//1768
f 1768//1768 1641//1641 2790//2790
f 2934//2934 2790//2790 1641//1641
f 1972//1972 1793//1793 1984//1984
f 2360//2360 2254//2254 2244//2244
f 3276//3276 3170//3170 3293//3293
f 3170//3170 2930//2930 3423//3423
f 1271//1271 1285//1285 1304//1304
f 1271//1271 1304//1304 1285//1285
f 2556//2556 2665//2665 3423//3423
f 2704//2704 1971//1971 2508//2508
f 2557//2557 1652//1652 1941//1941
f 3329//3329 3252//3252 3267//3267
f 1971//1971 2557//2557 1941//1941
f 1979//1979 2708//2708 1971//1971
f 1979//1979 1802//1802 2708//2708
f 8//8 2850//2850 572//572
f 8//8 572//572 2850//2850
f 128//128 120//120 126//126
f 4122//4122 4121//4121 4183//4183
f 4122//4122 4183//4183 4127//4127
f 441//441 496//496 408//408
f 2531//2531 2747//2747 1889//1889
f 2667//2667 2467//2467 2241//2241
f 4111//4111 3942//3942 4104//4104
f 574//574 508//508 530//530
f 1606//1606 1549//1549 1686//1686
f 1516//1516 1540//1540 1416//1416
f 620//620 530//530 628//628
f 2570//2570 2377//2377 2581//2581
f 628//628 529//529 507//507
f 2871//2871 2512//2512 2977//2977
f 508//508 507//507 529//529
f 2407//2407 2383//2383 2258//2258
f 2035//2035 2008//2008 2007//2007
f 2035//2035 2007//2007 2008//2008
f 1442//1442 1099//1099 1115//1115
f 1442//1442 1115//1115 1539//1539
f 1442//1442 1539//1539 1798//1798
f 3374//3374 3487//3487 3446//3446
f 2188//2188 2263//2263 2278//2278
f 1115//1115 1837//1837 1539//1539
f 2460//2460 1798//1798 1539//1539
f 2740//2740 2567//2567 2541//2541
f 2740//2740 2541//2541 2545//2545
f 2500//2500 2527//2527 2461//2461
f 2500//2500 2461//2461 1473//1473
f 11//11 1473//1473 516//516
f 548//548 1473//1473 1391//1391
f 516//516 1473//1473 548//548
f 154//154 516//516 310//310
f 11//11 516//516 154//154
f 548//548 1391//1391 541//541
f 1542//1542 1558//1558 2538//2538
f 2528//2528 1558//1558 2461//2461
f 2528//2528 2538//2538 1558//1558
f 434//434 514//514 325//325
f 2021//2021 2222//2222 2071//2071
f 2021//2021 2071//2071 2222//2222
f 434//434 325//325 395//395
f 1598//1598 1590//1590 1519//1519
f 1354//1354 863//863 1923//1923
f 457//457 440//440 519//519
f 348//348 335//335 395//395
f 2538//2538 1210//1210 480//480
f 2538//2538 3160//3160 2333//2333
f 2771//2771 2600//2600 2770//2770
f 453//453 2538//2538 480//480
f 453//453 427//427 2538//2538
f 310//310 509//509 541//541
f 1782//1782 1718//1718 1741//1741
f 352//352 310//310 384//384
f 453//453 480//480 437//437
f 327//327 480//480 502//502
f 327//327 502//502 579//579
f 2691//2691 2710//2710 2686//2686
f 2592//2592 1250//1250 1779//1779
f 1590//1590 1911//1911 1868//1868
f 3643//3643 3790//3790 4084//4084
f 3643//3643 4084//4084 3324//3324
f 3173//3173 3025//3025 2635//2635
f 327//327 2592//2592 1371//1371
f 327//327 1371//1371 586//586
f 2782//2782 2710//2710 2691//2691
f 3217//3217 3135//3135 3396//3396
f 279//279 460//460 209//209
f 159//159 105//105 209//209
f 415//415 460//460 500//500
f 584//584 500//500 460//460
f 710//710 1052//1052 1350//1350
f 159//159 209//209 460//460
f 159//159 460//460 197//197
f 295//295 197//197 415//415
f 916//916 404//404 415//415
f 11//11 521//521 493//493
f 404//404 358//358 415//415
f 805//805 906//906 428//428
f 1578//1578 1573//1573 1763//1763
f 428//428 1264//1264 1242//1242
f 1296//1296 1268//1268 1884//1884
f 1230//1230 1884//1884 1268//1268
f 3127//3127 3475//3475 3256//3256
f 1230//1230 1268//1268 1190//1190
f 1230//1230 1190//1190 472//472
f 428//428 906//906 1264//1264
f 3198//3198 4126//4126 3636//3636
f 916//916 1117//1117 906//906
f 805//805 428//428 404//404
f 916//916 805//805 404//404
f 2592//2592 2634//2634 3324//3324
f 4153//4153 4190//4190 2856//2856
f 3767//3767 721//721 770//770
f 1052//1052 1411//1411 1350//1350
f 1350//1350 1411//1411 2103//2103
f 2510//2510 2427//2427 3373//3373
f 2082//2082 2103//2103 1411//1411
f 2856//2856 2103//2103 2082//2082
f 1962//1962 2004//2004 1806//1806
f 2856//2856 2082//2082 2833//2833
f 4190//4190 4166//4166 4230//4230
f 4203//4203 4237//4237 4255//4255
f 280//280 200//200 224//224
f 4203//4203 4255//4255 3645//3645
f 4203//4203 3645//3645 4135//4135
f 4135//4135 3929//3929 3635//3635
f 3831//3831 3635//3635 3929//3929
f 1304//1304 1884//1884 1242//1242
f 2721//2721 2668//2668 2728//2728
f 2999//2999 3645//3645 2810//2810
f 2188//2188 2139//2139 2154//2154
f 2188//2188 2154//2154 2139//2139
f 2595//2595 2314//2314 2773//2773
f 3101//3101 3050//3050 3064//3064
f 2898//2898 2595//2595 2773//2773
f 2981//2981 2898//2898 2943//2943
f 1999//1999 2314//2314 1984//1984
f 2104//2104 2378//2378 2314//2314
f 1689//1689 1624//1624 1424//1424
f 1286//1286 1091//1091 1278//1278
f 1016//1016 537//537 985//985
f 537//537 588//588 985//985
f 1734//1734 641//641 1353//1353
f 479//479 537//537 441//441
f 419//419 479//479 441//441
f 345//345 408//408 322//322
f 210//210 238//238 197//197
f 345//345 441//441 408//408
f 1244//1244 1779//1779 1250//1250
f 166//166 213//213 150//150
f 106//106 150//150 174//174
f 353//353 341//341 462//462
f 341//341 445//445 462//462
f 519//519 335//335 458//458
f 353//353 462//462 458//458
f 2979//2979 3185//3185 2859//2859
f 265//265 317//317 507//507
f 15//15 16//16 25//25
f 9//9 16//16 15//15
f 9//9 15//15 16//16
f 12//12 215//215 495//495
f 12//12 15//15 215//215
f 15//15 219//219 215//215
f 15//15 25//25 219//219
f 152//152 219//219 25//25
f 12//12 495//495 9//9
f 12//12 9//9 495//495
f 12//12 574//574 562//562
f 12//12 562//562 9//9
f 9//9 562//562 574//574
f 12//12 9//9 574//574
f 12//12 574//574 533//533
f 2294//2294 2306//2306 2327//2327
f 12//12 533//533 9//9
f 1552//1552 1412//1412 1365//1365
f 1552//1552 1365//1365 1412//1412
f 12//12 495//495 523//523
f 12//12 523//523 495//495
f 12//12 523//523 9//9
f 9//9 523//523 521//521
f 11//11 9//9 521//521
f 8//8 534//534 11//11
f 11//11 534//534 493//493
f 8//8 534//534 521//521
f 8//8 521//521 534//534
f 4293//4293 4296//4296 4294//4294
f 8//8 521//521 20//20
f 4245//4245 4282//4282 4255//4255
f 2708//2708 534//534 521//521
f 2708//2708 521//521 534//534
f 2500//2500 2708//2708 624//624
f 2500//2500 624//624 2708//2708
f 2469//2469 2708//2708 1211//1211
f 2469//2469 521//521 2508//2508
f 2508//2508 521//521 523//523
f 2704//2704 2508//2508 533//533
f 432//432 355//355 463//463
f 1231//1231 1334//1334 660//660
f 2704//2704 574//574 2426//2426
f 2500//2500 521//521 2708//2708
f 2500//2500 2708//2708 521//521
f 11//11 2500//2500 1473//1473
f 534//534 521//521 1211//1211
f 534//534 1211//1211 521//521
f 2015//2015 2045//2045 2169//2169
f 495//495 806//806 523//523
f 695//695 495//495 523//523
f 695//695 523//523 495//495
f 2859//2859 2869//2869 2932//2932
f 521//521 24//24 624//624
f 11//11 20//20 521//521
f 2784//2784 2587//2587 2751//2751
f 574//574 530//530 611//611
f 3127//3127 3256//3256 3101//3101
f 574//574 611//611 1099//1099
f 2952//2952 2869//2869 2870//2870
f 574//574 1099//1099 495//495
f 574//574 2355//2355 2426//2426
f 1874//1874 2243//2243 2255//2255
f 1099//1099 1442//1442 1798//1798
f 2704//2704 1099//1099 1798//1798
f 2531//2531 1903//1903 2546//2546
f 2842//2842 2844//2844 1856//1856
f 2225//2225 2336//2336 2804//2804
f 2225//2225 1972//1972 2336//2336
f 1797//1797 1984//1984 1624//1624
f 620//620 628//628 1837//1837
f 1612//1612 1530//1530 1525//1525
f 620//620 1837//1837 1115//1115
f 611//611 620//620 1115//1115
f 611//611 1115//1115 1099//1099
f 3525//3525 3507//3507 3482//3482
f 434//434 506//506 514//514
f 514//514 506//506 1129//1129
f 514//514 1129//1129 2643//2643
f 2643//2643 1129//1129 1856//1856
f 1472//1472 1460//1460 1135//1135
f 1472//1472 1135//1135 1136//1136
f 519//519 1136//1136 506//506
f 457//457 519//519 506//506
f 1889//1889 1637//1637 1903//1903
f 110//110 190//190 196//196
f 522//522 609//609 692//692
f 522//522 692//692 462//462
f 1393//1393 1412//1412 1365//1365
f 1188//1188 692//692 1197//1197
f 2842//2842 1866//1866 1889//1889
f 2842//2842 1856//1856 1866//1866
f 1460//1460 1866//1866 1856//1856
f 1460//1460 1129//1129 1135//1135
f 4177//4177 4176//4176 4222//4222
f 506//506 1135//1135 1129//1129
f 265//265 219//219 152//152
f 219//219 508//508 215//215
f 495//495 215//215 508//508
f 495//495 1099//1099 2355//2355
f 2883//2883 3105//3105 2909//2909
f 3510//3510 3418//3418 3534//3534
f 3130//3130 3296//3296 3310//3310
f 1637//1637 1136//1136 1188//1188
f 1472//1472 1637//1637 1889//1889
f 3514//3514 3594//3594 3549//3549
f 128//128 240//240 120//120
f 1334//1334 649//649 660//660
f 1231//1231 1627//1627 1509//1509
f 1231//1231 1039//1039 1627//1627
f 1252//1252 1627//1627 1039//1039
f 1252//1252 1039//1039 1016//1016
f 1286//1286 1624//1624 1134//1134
f 1624//1624 1388//1388 1134//1134
f 1231//1231 660//660 1039//1039
f 985//985 1134//1134 1016//1016
f 432//432 463//463 524//524
f 2097//2097 2149//2149 2102//2102
f 463//463 408//408 496//496
f 272//272 355//355 150//150
f 326//326 408//408 355//355
f 312//312 322//322 408//408
f 345//345 326//326 213//213
f 272//272 150//150 213//213
f 463//463 355//355 408//408
f 432//432 150//150 355//355
f 329//329 330//330 265//265
f 2730//2730 2809//2809 2792//2792
f 441//441 537//537 496//496
f 1534//1534 1679//1679 1706//1706
f 419//419 441//441 365//365
f 4164//4164 4198//4198 4202//4202
f 2947//2947 2979//2979 3092//3092
f 2761//2761 2550//2550 2532//2532
f 1861//1861 1755//1755 2031//2031
f 4144//4144 4164//4164 4111//4111
f 4144//4144 4115//4115 4149//4149
f 4117//4117 4170//4170 4149//4149
f 2236//2236 2597//2597 2488//2488
f 1929//1929 2225//2225 2224//2224
f 2847//2847 2716//2716 2990//2990
f 2324//2324 2429//2429 2358//2358
f 2704//2704 2716//2716 2847//2847
f 2740//2740 2716//2716 2567//2567
f 2740//2740 3148//3148 2716//2716
f 2901//2901 2870//2870 2875//2875
f 3179//3179 3148//3148 2844//2844
f 1580//1580 1571//1571 1537//1537
f 2243//2243 1801//1801 2255//2255
f 3293//3293 3347//3347 2990//2990
f 3532//3532 3442//3442 3489//3489
f 1520//1520 1551//1551 1611//1611
f 2747//2747 3281//3281 2793//2793
f 3505//3505 2842//2842 2793//2793
f 1358//1358 1363//1363 1441//1441
f 575//575 496//496 600//600
f 554//554 524//524 649//649
f 2690//2690 2720//2720 2667//2667
f 393//393 387//387 419//419
f 1553//1553 1549//1549 1498//1498
f 4117//4117 4127//4127 4170//4170
f 1205//1205 609//609 629//629
f 1200//1200 609//609 1205//1205
f 2215//2215 2703//2703 1938//1938
f 2386//2386 2474//2474 3183//3183
f 2903//2903 3187//3187 3346//3346
f 3009//3009 2965//2965 2953//2953
f 4266//4266 4271//4271 4270//4270
f 3179//3179 2844//2844 2842//2842
f 2928//2928 2673//2673 2388//2388
f 4242//4242 4236//4236 4264//4264
f 4202//4202 4226//4226 4213//4213
f 2451//2451 2518//2518 2374//2374
f 4202//4202 4198//4198 4226//4226
f 1325//1325 1332//1332 1328//1328
f 4254//4254 4270//4270 4249//4249
f 4254//4254 4242//4242 4270//4270
f 4242//4242 4268//4268 4270//4270
f 4291//4291 4263//4263 4287//4287
f 2691//2691 2621//2621 2673//2673
f 4196//4196 4198//4198 4170//4170
f 284//284 312//312 239//239
f 3244//3244 3169//3169 2932//2932
f 4196//4196 4183//4183 4206//4206
f 3013//3013 2775//2775 3014//3014
f 4144//4144 4111//4111 4104//4104
f 4133//4133 4127//4127 4117//4117
f 4122//4122 4127//4127 4106//4106
f 4170//4170 4127//4127 4196//4196
f 2782//2782 2919//2919 2717//2717
f 3084//3084 3045//3045 3015//3015
f 3027//3027 3225//3225 3054//3054
f 4111//4111 4164//4164 4155//4155
f 1528//1528 1455//1455 1459//1459
f 1528//1528 1459//1459 1455//1455
f 4089//4089 4111//4111 4155//4155
f 4259//4259 4249//4249 4270//4270
f 2497//2497 2526//2526 2459//2459
f 4264//4264 4293//4293 4268//4268
f 4264//4264 4236//4236 4252//4252
f 4244//4244 4263//4263 4252//4252
f 3013//3013 3238//3238 3014//3014
f 3013//3013 3014//3014 3238//3238
f 274//274 280//280 218//218
f 4264//4264 4252//4252 4268//4268
f 3515//3515 3523//3523 3510//3510
f 4205//4205 4181//4181 4207//4207
f 4205//4205 4175//4175 4181//4181
f 4205//4205 4219//4219 4175//4175
f 756//756 3752//3752 705//705
f 4121//4121 4175//4175 4183//4183
f 4125//4125 4175//4175 4121//4121
f 3454//3454 3332//3332 3370//3370
f 4125//4125 4181//4181 4175//4175
f 2775//2775 2769//2769 2808//2808
f 4125//4125 4061//4061 4109//4109
f 4125//4125 4121//4121 4061//4061
f 1329//1329 1349//1349 1406//1406
f 1329//1329 1406//1406 1349//1349
f 3664//3664 4061//4061 3838//3838
f 3187//3187 3044//3044 3285//3285
f 2913//2913 2703//2703 3044//3044
f 2224//2224 2774//2774 2215//2215
f 2224//2224 2215//2215 1924//1924
f 1482//1482 1929//1929 1924//1924
f 2835//2835 2807//2807 2867//2867
f 2204//2204 2064//2064 2177//2177
f 1482//1482 1562//1562 1929//1929
f 1205//1205 1562//1562 1482//1482
f 1326//1326 1205//1205 629//629
f 1562//1562 1334//1334 1631//1631
f 1562//1562 1631//1631 1929//1929
f 1363//1363 1352//1352 1415//1415
f 3455//3455 3285//3285 3138//3138
f 3623//3623 3285//3285 3631//3631
f 2872//2872 2648//2648 2456//2456
f 1963//1963 2157//2157 1826//1826
f 3044//3044 3138//3138 3285//3285
f 2906//2906 3044//3044 2774//2774
f 1337//1337 1397//1397 1361//1361
f 2898//2898 2940//2940 2804//2804
f 1231//1231 1509//1509 1607//1607
f 1509//1509 1927//1927 1607//1607
f 2804//2804 2786//2786 2225//2225
f 2940//2940 2786//2786 2804//2804
f 2940//2940 3207//3207 2786//2786
f 3207//3207 3455//3455 3138//3138
f 1534//1534 1625//1625 1552//1552
f 1714//1714 2433//2433 2499//2499
f 3558//3558 3683//3683 3455//3455
f 3657//3657 3455//3455 3683//3683
f 1611//1611 1459//1459 1520//1520
f 3264//3264 3262//3262 3426//3426
f 2906//2906 2786//2786 3138//3138
f 2881//2881 2814//2814 2618//2618
f 2225//2225 1929//1929 1927//1927
f 2315//2315 2358//2358 2422//2422
f 1631//1631 1927//1927 1929//1929
f 2222//2222 2071//2071 2138//2138
f 1231//1231 1607//1607 1334//1334
f 4104//4104 3942//3942 4115//4115
f 4115//4115 3942//3942 3931//3931
f 4117//4117 4115//4115 3931//3931
f 2471//2471 2515//2515 2422//2422
f 4117//4117 3931//3931 4127//4127
f 1436//1436 1416//1416 1339//1339
f 2661//2661 2463//2463 2552//2552
f 4106//4106 4127//4127 3931//3931
f 4270//4270 4273//4273 4259//4259
f 4122//4122 4087//4087 3683//3683
f 4121//4121 3683//3683 3838//3838
f 1572//1572 1782//1782 1520//1520
f 3862//3862 3664//3664 3653//3653
f 2981//2981 3413//3413 3292//3292
f 1273//1273 1280//1280 1277//1277
f 1615//1615 1388//1388 1624//1624
f 1615//1615 1624//1624 1793//1793
f 2217//2217 2210//2210 2204//2204
f 2217//2217 2204//2204 2210//2210
f 1984//1984 1793//1793 1624//1624
f 1972//1972 1984//1984 2075//2075
f 2228//2228 2314//2314 2595//2595
f 3146//3146 2898//2898 2981//2981
f 1184//1184 1170//1170 1217//1217
f 3888//3888 3944//3944 3921//3921
f 1252//1252 1388//1388 1627//1627
f 1615//1615 1793//1793 1627//1627
f 1547//1547 1436//1436 1494//1494
f 3396//3396 3390//3390 3299//3299
f 2075//2075 2336//2336 1972//1972
f 3457//3457 3030//3030 3206//3206
f 2595//2595 2804//2804 2336//2336
f 170//170 209//209 105//105
f 170//170 105//105 209//209
f 3146//3146 3207//3207 2898//2898
f 4244//4244 4264//4264 4291//4291
f 3516//3516 3558//3558 3207//3207
f 2182//2182 2112//2112 2221//2221
f 3516//3516 3683//3683 3558//3558
f 2611//2611 2651//2651 2619//2619
f 2030//2030 2267//2267 2278//2278
f 3623//3623 3616//3616 3187//3187
f 4237//4237 4216//4216 4245//4245
f 2676//2676 3093//3093 3101//3101
f 2114//2114 2113//2113 2124//2124
f 1545//1545 1433//1433 1452//1452
f 575//575 1016//1016 1039//1039
f 575//575 600//600 1016//1016
f 1874//1874 1864//1864 2243//2243
f 4269//4269 4282//4282 4240//4240
f 4240//4240 4282//4282 4245//4245
f 3388//3388 3537//3537 3550//3550
f 1405//1405 1327//1327 1337//1337
f 1715//1715 1696//1696 1714//1714
f 2814//2814 2761//2761 2876//2876
f 4273//4273 4293//4293 4296//4296
f 3126//3126 3120//3120 3151//3151
f 4270//4270 4271//4271 4293//4293
f 335//335 352//352 353//353
f 2828//2828 2803//2803 2839//2839
f 4291//4291 4293//4293 4264//4264
f 4263//4263 4291//4291 4264//4264
f 2045//2045 2191//2191 2169//2169
f 367//367 358//358 428//428
f 1576//1576 3301//3301 3328//3328
f 4240//4240 4195//4195 4201//4201
f 4187//4187 4213//4213 4232//4232
f 4201//4201 4171//4171 4187//4187
f 4201//4201 4187//4187 4232//4232
f 4269//4269 4240//4240 4273//4273
f 4259//4259 4273//4273 4240//4240
f 4160//4160 4171//4171 4195//4195
f 4206//4206 4183//4183 4231//4231
f 4196//4196 4127//4127 4183//4183
f 4198//4198 4149//4149 4170//4170
f 2932//2932 2869//2869 2859//2859
f 1600//1600 1592//1592 2211//2211
f 4155//4155 4164//4164 4202//4202
f 1545//1545 1468//1468 1433//1433
f 8//8 20//20 11//11
f 4187//4187 4202//4202 4213//4213
f 3868//3868 4089//4089 4155//4155
f 2973//2973 2941//2941 2980//2980
f 3868//3868 3758//3758 4089//4089
f 4160//4160 4119//4119 4171//4171
f 4083//4083 4131//4131 4119//4119
f 4160//4160 4084//4084 4119//4119
f 4160//4160 4195//4195 4084//4084
f 4084//4084 4195//4195 4152//4152
f 3933//3933 4131//4131 4083//4083
f 3125//3125 2981//2981 2943//2943
f 3578//3578 3458//3458 3617//3617
f 2807//2807 2706//2706 2975//2975
f 3588//3588 3292//3292 3413//3413
f 3588//3588 3605//3605 3292//3292
f 3516//3516 3292//3292 3605//3605
f 2433//2433 2315//2315 2422//2422
f 3516//3516 3647//3647 3683//3683
f 1944//1944 2014//2014 2021//2021
f 3657//3657 3679//3679 3631//3631
f 3530//3530 3580//3580 3509//3509
f 3530//3530 3509//3509 3580//3580
f 3679//3679 3616//3616 3623//3623
f 1642//1642 1625//1625 1650//1650
f 2984//2984 2899//2899 2761//2761
f 3667//3667 3505//3505 3579//3579
f 383//383 402//402 428//428
f 383//383 428//428 402//402
f 2818//2818 2604//2604 2698//2698
f 3797//3797 4083//4083 4119//4119
f 3797//3797 3668//3668 4083//4083
f 3933//3933 4083//4083 3668//3668
f 1915//1915 2010//2010 1963//1963
f 3588//3588 3653//3653 3605//3605
f 3605//3605 3653//3653 3664//3664
f 4229//4229 4207//4207 4181//4181
f 200//200 224//224 130//130
f 3657//3657 3683//3683 4087//4087
f 3657//3657 4087//4087 3679//3679
f 3632//3632 3629//3629 3619//3619
f 3944//3944 3922//3922 3957//3957
f 3199//3199 3214//3214 3222//3222
f 3758//3758 3667//3667 3942//3942
f 2444//2444 2400//2400 2364//2364
f 1485//1485 1421//1421 1450//1450
f 2085//2085 2180//2180 2231//2231
f 4232//4232 4213//4213 4226//4226
f 2399//2399 2549//2549 2526//2526
f 4249//4249 4226//4226 4196//4196
f 4242//4242 4249//4249 4196//4196
f 4242//4242 4231//4231 4236//4236
f 2324//2324 2315//2315 2358//2358
f 4252//4252 4219//4219 4244//4244
f 3131//3131 3132//3132 3156//3156
f 3797//3797 3618//3618 3625//3625
f 1684//1684 1698//1698 1718//1718
f 3797//3797 4119//4119 3618//3618
f 3668//3668 3658//3658 3933//3933
f 3668//3668 3556//3556 3658//3658
f 3470//3470 3556//3556 3148//3148
f 3470//3470 3148//3148 3179//3179
f 3583//3583 3579//3579 3281//3281
f 1510//1510 1938//1938 1197//1197
f 1200//1200 1197//1197 692//692
f 2003//2003 2210//2210 2018//2018
f 1300//1300 1337//1337 1306//1306
f 3191//3191 3202//3202 3232//3232
f 3191//3191 3232//3232 3202//3202
f 3128//3128 3079//3079 2923//2923
f 3382//3382 3457//3457 3434//3434
f 464//464 445//445 286//286
f 1769//1769 1832//1832 1817//1817
f 1769//1769 1817//1817 1832//1832
f 464//464 286//286 234//234
f 2440//2440 2509//2509 2520//2520
f 2218//2218 2668//2668 2213//2213
f 3590//3590 3347//3347 3293//3293
f 3370//3370 3380//3380 3384//3384
f 3109//3109 3590//3590 3423//3423
f 3109//3109 3347//3347 3590//3590
f 3668//3668 3590//3590 3556//3556
f 3590//3590 3293//3293 3556//3556
f 3556//3556 3293//3293 3148//3148
f 2643//2643 3148//3148 2740//2740
f 628//628 507//507 2643//2643
f 1574//1574 1704//1704 1853//1853
f 507//507 514//514 2643//2643
f 507//507 325//325 514//514
f 3109//3109 2990//2990 3347//3347
f 853//853 1854//1854 1581//1581
f 211//211 206//206 111//111
f 2994//2994 2850//2850 3109//3109
f 3109//3109 2850//2850 2990//2990
f 2850//2850 2847//2847 2990//2990
f 169//169 238//238 295//295
f 2704//2704 2847//2847 2850//2850
f 2704//2704 2850//2850 2708//2708
f 2994//2994 2708//2708 2850//2850
f 2800//2800 2708//2708 2994//2994
f 2994//2994 3655//3655 3160//3160
f 3618//3618 3655//3655 2994//2994
f 2469//2469 2508//2508 2704//2704
f 2469//2469 2704//2704 2708//2708
f 2733//2733 2712//2712 2706//2706
f 2800//2800 521//521 2708//2708
f 2800//2800 2500//2500 521//521
f 3658//3658 3868//3868 3933//3933
f 2214//2214 2329//2329 2507//2507
f 3281//3281 3346//3346 3583//3583
f 2865//2865 2903//2903 3346//3346
f 2865//2865 2546//2546 2903//2903
f 972//972 1291//1291 1278//1278
f 1938//1938 1510//1510 1924//1924
f 2139//2139 2201//2201 2298//2298
f 1482//1482 1924//1924 1510//1510
f 464//464 449//449 524//524
f 464//464 234//234 449//449
f 234//234 432//432 449//449
f 234//234 174//174 432//432
f 3396//3396 3224//3224 3358//3358
f 174//174 150//150 432//432
f 4195//4195 4230//4230 4166//4166
f 1236//1236 1194//1194 1173//1173
f 2704//2704 1798//1798 2460//2460
f 2946//2946 2944//2944 2826//2826
f 2946//2946 2989//2989 2944//2944
f 2946//2946 3049//3049 2989//2989
f 3049//3049 3028//3028 2989//2989
f 3250//3250 3169//3169 2963//2963
f 3528//3528 3492//3492 3443//3443
f 3191//3191 3202//3202 3021//3021
f 3538//3538 3566//3566 3492//3492
f 1596//1596 1519//1519 1544//1544
f 3566//3566 3608//3608 3604//3604
f 2670//2670 2609//2609 2792//2792
f 3609//3609 3604//3604 3608//3608
f 3612//3612 3564//3564 3604//3604
f 3551//3551 3564//3564 3612//3612
f 3131//3131 3156//3156 3296//3296
f 3551//3551 3498//3498 3564//3564
f 3188//3188 3002//3002 3042//3042
f 1528//1528 1698//1698 1678//1678
f 3188//3188 3356//3356 3491//3491
f 3002//3002 2949//2949 3042//3042
f 2720//2720 2492//2492 2467//2467
f 2492//2492 2221//2221 2467//2467
f 2693//2693 2721//2721 2723//2723
f 2693//2693 2723//2723 2218//2218
f 2791//2791 2777//2777 2728//2728
f 1900//1900 1948//1948 1895//1895
f 2070//2070 1976//1976 1977//1977
f 3444//3444 3438//3438 3431//3431
f 2070//2070 2100//2100 1976//1976
f 2017//2017 1925//1925 2236//2236
f 2179//2179 2100//2100 2106//2106
f 2179//2179 2218//2218 2100//2100
f 2179//2179 2212//2212 2218//2218
f 1285//1285 1190//1190 1304//1304
f 2229//2229 2182//2182 2221//2221
f 1992//1992 1998//1998 2072//2072
f 1992//1992 1973//1973 1998//1998
f 1951//1951 1862//1862 1961//1961
f 1891//1891 1763//1763 1862//1862
f 1737//1737 1686//1686 1588//1588
f 62//62 117//117 63//63
f 1891//1891 1578//1578 1763//1763
f 1504//1504 1441//1441 1415//1415
f 1363//1363 1358//1358 1352//1352
f 1358//1358 1483//1483 1354//1354
f 3005//3005 3100//3100 3039//3039
f 4281//4281 4297//4297 3950//3950
f 4281//4281 3950//3950 3864//3864
f 3053//3053 4281//4281 3864//3864
f 2946//2946 2826//2826 4281//4281
f 1702//1702 1688//1688 1717//1717
f 2070//2070 431//431 2106//2106
f 2327//2327 2306//2306 2294//2294
f 941//941 861//861 551//551
f 945//945 1441//1441 1291//1291
f 1736//1736 2801//2801 2119//2119
f 2700//2700 2957//2957 2954//2954
f 3567//3567 3619//3619 3596//3596
f 3567//3567 3596//3596 3619//3619
f 4181//4181 3830//3830 3892//3892
f 4181//4181 3892//3892 4229//4229
f 2677//2677 2693//2693 2237//2237
f 2677//2677 431//431 2791//2791
f 2677//2677 2237//2237 431//431
f 3053//3053 3405//3405 3049//3049
f 2402//2402 2585//2585 2598//2598
f 2618//2618 2766//2766 3008//3008
f 2957//2957 3588//3588 2954//2954
f 3080//3080 2957//2957 3002//3002
f 2700//2700 2801//2801 2690//2690
f 2700//2700 2802//2802 2829//2829
f 2271//2271 2229//2229 2492//2492
f 2182//2182 2801//2801 2130//2130
f 2271//2271 2801//2801 2182//2182
f 1891//1891 1951//1951 1736//1736
f 1736//1736 1973//1973 2801//2801
f 1992//1992 2801//2801 1973//1973
f 3295//3295 3479//3479 3507//3507
f 1992//1992 2072//2072 2801//2801
f 1578//1578 1291//1291 1441//1441
f 1400//1400 1578//1578 1441//1441
f 2282//2282 2308//2308 2280//2280
f 1434//1434 1581//1581 1483//1483
f 3475//3475 3577//3577 3489//3489
f 1945//1945 1900//1900 1854//1854
f 2106//2106 431//431 2237//2237
f 3609//3609 3892//3892 3830//3830
f 3491//3491 3609//3609 3830//3830
f 3491//3491 3498//3498 3609//3609
f 3551//3551 3609//3609 3498//3498
f 1945//1945 431//431 1977//1977
f 1945//1945 1854//1854 431//431
f 853//853 431//431 1854//1854
f 941//941 424//424 1358//1358
f 1358//1358 424//424 1434//1434
f 853//853 424//424 431//431
f 2243//2243 2282//2282 2255//2255
f 169//169 167//167 159//159
f 2953//2953 2928//2928 2673//2673
f 207//207 169//169 197//197
f 171//171 197//197 169//169
f 207//207 197//197 228//228
f 207//207 228//228 284//284
f 2077//2077 2085//2085 2083//2083
f 2077//2077 2083//2083 2085//2085
f 284//284 300//300 322//322
f 300//300 334//334 322//322
f 345//345 334//334 346//346
f 345//345 346//346 334//334
f 383//383 428//428 387//387
f 393//393 428//428 419//419
f 393//393 419//419 428//428
f 365//365 387//387 419//419
f 2979//2979 3054//3054 3092//3092
f 365//365 346//346 377//377
f 3200//3200 3209//3209 3373//3373
f 383//383 387//387 377//377
f 365//365 377//377 387//387
f 14//14 154//154 152//152
f 2979//2979 2942//2942 2964//2964
f 352//352 341//341 353//353
f 1995//1995 2121//2121 1913//1913
f 308//308 327//327 341//341
f 319//319 341//341 327//327
f 319//319 327//327 341//341
f 319//319 327//327 298//298
f 319//319 298//298 278//278
f 286//286 278//278 298//298
f 286//286 298//298 264//264
f 234//234 286//286 264//264
f 234//234 264//264 222//222
f 1785//1785 1792//1792 1849//1849
f 174//174 209//209 170//170
f 174//174 170//170 209//209
f 234//234 209//209 174//174
f 106//106 174//174 170//170
f 106//106 170//170 174//174
f 115//115 77//77 76//76
f 1172//1172 1383//1383 617//617
f 118//118 76//76 86//86
f 77//77 106//106 105//105
f 115//115 166//166 77//77
f 118//118 159//159 166//166
f 118//118 86//86 159//159
f 1171//1171 1163//1163 1142//1142
f 3862//3862 4040//4040 4109//4109
f 2470//2470 2239//2239 2342//2342
f 1991//1991 2104//2104 1999//1999
f 1198//1198 1179//1179 1117//1117
f 1804//1804 1991//1991 1797//1797
f 1804//1804 1797//1797 1689//1689
f 1091//1091 985//985 588//588
f 3169//3169 2969//2969 2963//2963
f 3588//3588 3830//3830 3653//3653
f 1991//1991 1736//1736 2119//2119
f 1544//1544 1514//1514 1515//1515
f 1804//1804 1689//1689 1736//1736
f 775//775 1091//1091 588//588
f 775//775 588//588 592//592
f 775//775 592//592 551//551
f 3922//3922 3885//3885 3929//3929
f 3922//3922 3929//3929 3885//3885
f 972//972 1091//1091 775//775
f 972//972 775//775 551//551
f 2954//2954 2943//2943 2773//2773
f 3125//3125 2943//2943 2954//2954
f 1382//1382 1458//1458 1369//1369
f 551//551 588//588 479//479
f 2380//2380 2434//2434 2555//2555
f 2095//2095 2236//2236 2242//2242
f 4109//4109 4040//4040 3830//3830
f 3653//3653 3830//3830 3862//3862
f 2487//2487 2322//2322 2542//2542
f 1804//1804 1736//1736 1991//1991
f 3588//3588 3413//3413 3386//3386
f 3125//3125 3386//3386 3413//3413
f 2104//2104 2119//2119 2378//2378
f 2517//2517 2773//2773 2378//2378
f 2517//2517 2378//2378 2801//2801
f 1291//1291 1736//1736 1278//1278
f 972//972 551//551 1291//1291
f 14//14 16//16 9//9
f 14//14 152//152 16//16
f 8//8 24//24 11//11
f 8//8 11//11 14//14
f 8//8 14//14 11//11
f 325//325 348//348 395//395
f 325//325 335//335 348//348
f 2952//2952 3001//3001 2976//2976
f 2952//2952 2976//2976 3001//3001
f 265//265 154//154 281//281
f 265//265 281//281 154//154
f 281//281 154//154 310//310
f 329//329 281//281 310//310
f 329//329 265//265 281//281
f 308//308 341//341 352//352
f 222//222 209//209 170//170
f 222//222 170//170 209//209
f 222//222 279//279 209//209
f 298//298 327//327 279//279
f 308//308 352//352 327//327
f 166//166 239//239 213//213
f 239//239 312//312 345//345
f 77//77 105//105 76//76
f 86//86 76//76 105//105
f 101//101 86//86 105//105
f 2085//2085 2065//2065 2077//2077
f 2085//2085 2077//2077 2065//2065
f 101//101 105//105 159//159
f 365//365 419//419 386//386
f 386//386 419//419 424//424
f 345//345 365//365 441//441
f 171//171 159//159 197//197
f 419//419 365//365 424//424
f 300//300 228//228 295//295
f 431//431 424//424 419//419
f 346//346 334//334 367//367
f 3380//3380 3289//3289 3384//3384
f 300//300 295//295 334//334
f 1695//1695 1702//1702 1666//1666
f 431//431 428//428 346//346
f 431//431 346//346 428//428
f 4296//4296 4293//4293 4297//4297
f 4296//4296 4297//4297 4292//4292
f 948//948 807//807 598//598
f 4287//4287 4297//4297 4291//4291
f 1783//1783 1680//1680 1503//1503
f 2123//2123 2058//2058 2120//2120
f 4281//4281 4292//4292 4297//4297
f 4281//4281 4282//4282 4292//4292
f 1339//1339 1389//1389 1328//1328
f 4281//4281 2813//2813 4282//4282
f 2813//2813 2810//2810 4282//4282
f 3645//3645 4255//4255 4282//4282
f 4281//4281 431//431 2813//2813
f 2803//2803 2795//2795 2799//2799
f 4253//4253 4287//4287 4263//4263
f 533//533 9//9 574//574
f 1652//1652 574//574 9//9
f 8//8 1941//1941 1652//1652
f 8//8 1652//1652 9//9
f 8//8 12//12 1941//1941
f 4157//4157 4143//4143 4166//4166
f 3593//3593 3519//3519 3532//3532
f 4184//4184 4163//4163 4200//4200
f 4296//4296 4293//4293 4278//4278
f 1382//1382 1378//1378 1456//1456
f 1382//1382 1456//1456 1378//1378
f 4131//4131 4110//4110 4083//4083
f 4177//4177 4157//4157 4166//4166
f 4177//4177 4166//4166 4176//4176
f 4201//4201 4233//4233 4213//4213
f 4160//4160 4157//4157 4201//4201
f 4131//4131 4083//4083 4154//4154
f 2100//2100 1923//1923 1976//1976
f 4220//4220 4201//4201 4177//4177
f 1559//1559 1626//1626 1632//1632
f 1559//1559 1632//1632 1626//1626
f 1556//1556 1481//1481 1484//1484
f 4160//4160 4154//4154 4157//4157
f 4131//4131 4187//4187 4110//4110
f 2691//2691 2673//2673 2717//2717
f 4187//4187 4147//4147 4110//4110
f 1151//1151 1169//1169 1213//1213
f 4110//4110 4131//4131 4083//4083
f 4201//4201 4220//4220 4233//4233
f 1508//1508 1587//1587 1563//1563
f 4227//4227 4266//4266 4254//4254
f 4250//4250 4266//4266 4227//4227
f 3246//3246 3254//3254 2982//2982
f 1708//1708 1850//1850 1672//1672
f 4227//4227 4213//4213 4233//4233
f 4278//4278 4250//4250 4220//4220
f 4269//4269 4250//4250 4278//4278
f 3534//3534 3421//3421 3503//3503
f 1695//1695 1645//1645 1688//1688
f 1695//1695 1688//1688 1645//1645
f 4250//4250 4233//4233 4220//4220
f 4269//4269 4266//4266 4250//4250
f 1911//1911 1752//1752 3278//3278
f 4269//4269 4278//4278 4266//4266
f 4201//4201 4131//4131 4154//4154
f 2457//2457 2328//2328 2315//2315
f 4160//4160 4201//4201 4154//4154
f 4222//4222 4176//4176 4120//4120
f 4120//4120 4176//4176 4072//4072
f 4220//4220 4222//4222 4278//4278
f 4220//4220 4177//4177 4222//4222
f 4244//4244 4205//4205 4236//4236
f 4184//4184 4150//4150 4125//4125
f 4185//4185 4173//4173 4184//4184
f 4185//4185 4205//4205 4207//4207
f 4244//4244 4228//4228 4207//4207
f 240//240 128//128 263//263
f 4144//4144 4172//4172 4149//4149
f 4144//4144 4198//4198 4172//4172
f 2083//2083 2152//2152 2085//2085
f 3101//3101 3507//3507 3479//3479
f 4209//4209 4200//4200 4206//4206
f 3496//3496 3577//3577 3532//3532
f 4163//4163 4122//4122 4133//4133
f 2178//2178 2045//2045 2054//2054
f 4172//4172 4163//4163 4133//4133
f 4264//4264 4271//4271 4293//4293
f 1811//1811 1395//1395 1349//1349
f 4231//4231 4264//4264 4236//4236
f 3126//3126 2912//2912 3120//3120
f 2244//2244 2063//2063 2065//2065
f 3678//3678 3060//3060 3372//3372
f 4209//4209 4231//4231 4236//4236
f 4209//4209 4206//4206 4231//4231
f 4260//4260 4228//4228 4244//4244
f 1737//1737 1914//1914 1588//1588
f 3185//3185 3145//3145 3142//3142
f 2853//2853 2819//2819 2910//2910
f 4236//4236 4205//4205 4209//4209
f 4184//4184 4209//4209 4205//4205
f 4184//4184 4200//4200 4209//4209
f 1550//1550 1538//1538 1574//1574
f 4184//4184 4125//4125 4163//4163
f 416//416 440//440 395//395
f 4213//4213 4227//4227 4198//4198
f 4266//4266 4270//4270 4271//4271
f 4172//4172 4206//4206 4163//4163
f 4227//4227 4231//4231 4198//4198
f 4172//4172 4133//4133 4117//4117
f 2017//2017 1925//1925 1888//1888
f 4172//4172 4198//4198 4206//4206
f 3223//3223 3278//3278 1752//1752
f 1596//1596 1531//1531 1544//1544
f 1596//1596 1544//1544 1531//1531
f 4254//4254 4264//4264 4231//4231
f 3356//3356 3042//3042 3060//3060
f 3123//3123 3372//3372 2726//2726
f 4260//4260 3604//3604 4207//4207
f 4173//4173 4207//4207 3945//3945
f 2830//2830 2812//2812 2792//2792
f 1453//1453 1810//1810 1920//1920
f 3564//3564 3678//3678 3871//3871
f 3678//3678 4114//4114 3963//3963
f 2949//2949 2726//2726 3372//3372
f 641//641 559//559 586//586
f 1184//1184 1164//1164 1170//1170
f 2802//2802 2726//2726 2949//2949
f 3123//3123 2726//2726 2241//2241
f 3123//3123 2241//2241 2506//2506
f 2221//2221 2183//2183 2241//2241
f 2183//2183 2506//2506 2241//2241
f 1862//1862 1424//1424 1961//1961
f 1763//1763 1424//1424 1862//1862
f 1573//1573 1140//1140 1763//1763
f 3027//3027 3169//3169 3133//3133
f 1573//1573 1415//1415 1140//1140
f 1532//1532 1923//1923 944//944
f 4294//4294 4296//4296 4282//4282
f 4294//4294 3957//3957 3944//3944
f 1995//1995 2259//2259 1885//1885
f 4294//4294 4282//4282 3957//3957
f 4260//4260 3944//3944 3604//3604
f 4260//4260 4294//4294 3944//3944
f 1923//1923 2213//2213 2820//2820
f 2100//2100 2213//2213 1923//1923
f 2100//2100 2218//2218 2213//2213
f 1354//1354 1483//1483 1532//1532
f 1354//1354 1415//1415 1352//1352
f 1456//1456 1374//1374 1471//1471
f 1456//1456 1471//1471 1374//1374
f 3356//3356 3060//3060 3564//3564
f 3121//3121 3108//3108 2617//2617
f 3356//3356 3564//3564 3498//3498
f 3604//3604 3502//3502 3492//3492
f 3028//3028 3398//3398 3041//3041
f 3518//3518 3534//3534 3503//3503
f 3604//3604 3443//3443 3502//3502
f 3398//3398 3443//3443 3604//3604
f 2944//2944 2989//2989 3041//3041
f 2096//2096 2127//2127 2107//2107
f 835//835 1923//1923 863//863
f 3437//3437 2996//2996 3613//3613
f 1354//1354 1923//1923 428//428
f 1354//1354 428//428 435//435
f 1354//1354 435//435 419//419
f 3398//3398 3863//3863 1923//1923
f 2944//2944 1923//1923 2820//2820
f 3327//3327 3394//3394 3282//3282
f 3398//3398 1923//1923 3041//3041
f 3863//3863 3604//3604 3888//3888
f 2317//2317 2187//2187 2145//2145
f 3888//3888 3604//3604 3944//3944
f 3564//3564 3060//3060 3678//3678
f 4296//4296 4278//4278 4282//4282
f 171//171 159//159 166//166
f 210//210 197//197 171//171
f 210//210 239//239 238//238
f 210//210 166//166 239//239
f 238//238 312//312 295//295
f 345//345 372//372 346//346
f 345//345 334//334 312//312
f 2312//2312 2441//2441 2511//2511
f 540//540 568//568 564//564
f 383//383 393//393 428//428
f 383//383 394//394 393//393
f 377//377 375//375 389//389
f 377//377 389//389 387//387
f 393//393 394//394 387//387
f 8//8 9//9 14//14
f 317//317 281//281 265//265
f 329//329 317//317 330//330
f 352//352 329//329 330//330
f 352//352 330//330 348//348
f 352//352 348//348 353//353
f 352//352 353//353 341//341
f 286//286 279//279 327//327
f 255//255 253//253 286//286
f 1925//1925 1882//1882 2150//2150
f 101//101 115//115 129//129
f 3269//3269 3311//3311 3127//3127
f 101//101 129//129 159//159
f 115//115 159//159 129//129
f 21//21 27//27 34//34
f 3339//3339 3290//3290 3333//3333
f 4185//4185 4150//4150 4173//4173
f 3372//3372 3588//3588 3291//3291
f 3372//3372 3291//3291 3588//3588
f 1669//1669 1689//1689 1424//1424
f 1669//1669 1424//1424 1689//1689
f 1424//1424 1257//1257 1278//1278
f 484//484 479//479 555//555
f 1797//1797 1669//1669 1689//1689
f 3678//3678 3372//3372 3588//3588
f 1953//1953 1424//1424 1669//1669
f 1953//1953 1669//1669 1797//1797
f 1140//1140 577//577 798//798
f 3123//3123 2506//2506 2943//2943
f 3526//3526 3449//3449 3450//3450
f 3678//3678 3862//3862 4114//4114
f 4173//4173 4114//4114 4150//4150
f 4185//4185 4207//4207 4173//4173
f 1818//1818 1735//1735 1713//1713
f 1140//1140 1091//1091 1257//1257
f 2183//2183 2129//2129 2475//2475
f 4185//4185 4173//4173 4150//4150
f 484//484 419//419 479//479
f 14//14 9//9 16//16
f 8//8 9//9 12//12
f 27//27 84//84 97//97
f 369//369 348//348 330//330
f 265//265 154//154 152//152
f 255//255 286//286 379//379
f 317//317 329//329 281//281
f 352//352 338//338 329//329
f 166//166 115//115 241//241
f 166//166 241//241 239//239
f 3437//3437 3535//3535 2996//2996
f 3027//3027 3022//3022 3054//3054
f 238//238 239//239 312//312
f 171//171 144//144 105//105
f 171//171 105//105 101//101
f 345//345 312//312 372//372
f 3335//3335 3520//3520 3155//3155
f 428//428 404//404 346//346
f 4293//4293 4294//4294 4291//4291
f 4222//4222 4120//4120 4282//4282
f 1923//1923 4282//4282 428//428
f 2810//2810 4282//4282 428//428
f 4260//4260 4291//4291 4294//4294
f 1598//1598 1519//1519 1658//1658
f 2985//2985 2936//2936 2964//2964
f 2975//2975 2853//2853 3011//3011
f 2114//2114 2258//2258 2233//2233
f 2401//2401 1307//1307 1033//1033
f 4180//4180 4203//4203 4126//4126
f 2574//2574 2571//2571 2578//2578
f 145//145 211//211 54//54
f 1921//1921 1918//1918 1962//1962
f 3571//3571 1602//1602 2290//2290
f 918//918 983//983 938//938
f 415//415 505//505 472//472
f 3264//3264 3351//3351 3258//3258
f 2770//2770 2586//2586 2785//2785
f 3045//3045 3084//3084 3252//3252
f 2775//2775 2585//2585 2612//2612
f 2282//2282 2118//2118 2308//2308
f 2049//2049 2093//2093 2042//2042
f 1602//1602 3571//3571 3198//3198
f 4151//4151 4216//4216 4180//4180
f 780//780 880//880 873//873
f 1740//1740 1383//1383 2632//2632
f 2401//2401 1602//1602 3198//3198
f 505//505 608//608 1033//1033
f 1103//1103 1098//1098 1120//1120
f 2805//2805 2028//2028 1981//1981
f 3643//3643 3633//3633 3790//3790
f 2780//2780 3501//3501 3436//3436
f 1323//1323 1052//1052 641//641
f 2030//2030 2033//2033 2267//2267
f 3665//3665 3157//3157 3675//3675
f 3088//3088 3547//3547 3358//3358
f 287//287 237//237 230//230
f 1838//1838 2543//2543 1353//1353
f 1734//1734 2852//2852 2082//2082
f 3009//3009 3050//3050 2771//2771
f 1734//1734 1353//1353 2543//2543
f 3567//3567 3596//3596 3632//3632
f 3665//3665 2543//2543 3157//3157
f 3038//3038 2775//2775 2808//2808
f 3487//3487 3408//3408 3555//3555
f 3665//3665 2852//2852 2543//2543
f 2087//2087 1849//1849 2089//2089
f 1734//1734 2543//2543 2852//2852
f 471//471 559//559 641//641
f 2664//2664 2515//2515 2499//2499
f 565//565 502//502 501//501
f 565//565 858//858 502//502
f 502//502 858//858 598//598
f 3643//3643 2158//2158 3633//3633
f 30//30 23//23 21//21
f 2158//2158 948//948 858//858
f 1436//1436 1389//1389 1494//1494
f 565//565 1651//1651 858//858
f 2155//2155 2304//2304 2268//2268
f 3212//3212 3613//3613 3633//3633
f 3358//3358 3511//3511 3474//3474
f 3655//3655 3790//3790 3633//3633
f 1590//1590 1911//1911 1729//1729
f 858//858 1651//1651 2158//2158
f 1651//1651 3212//3212 2158//2158
f 3401//3401 3499//3499 3449//3449
f 858//858 948//948 598//598
f 2158//2158 1786//1786 948//948
f 2634//2634 1786//1786 2158//2158
f 2869//2869 2873//2873 2875//2875
f 2869//2869 2875//2875 2873//2873
f 807//807 579//579 598//598
f 3655//3655 3633//3633 3613//3613
f 318//318 348//348 296//296
f 1764//1764 2046//2046 1811//1811
f 3212//3212 2333//2333 3160//3160
f 3128//3128 3177//3177 3135//3135
f 3164//3164 3156//3156 3520//3520
f 207//207 197//197 300//300
f 3655//3655 3613//3613 3160//3160
f 948//948 1786//1786 1244//1244
f 4126//4126 4203//4203 4135//4135
f 948//948 1244//1244 807//807
f 2333//2333 565//565 1210//1210
f 114//114 212//212 116//116
f 565//565 501//501 480//480
f 2725//2725 2796//2796 2748//2748
f 2725//2725 2748//2748 2796//2796
f 1786//1786 1779//1779 1244//1244
f 59//59 26//26 52//52
f 1244//1244 1250//1250 807//807
f 502//502 598//598 579//579
f 565//565 480//480 1210//1210
f 2333//2333 1210//1210 1694//1694
f 2217//2217 1990//1990 2265//2265
f 2217//2217 2265//2265 1990//1990
f 641//641 1052//1052 584//584
f 1323//1323 1411//1411 1052//1052
f 3040//3040 4153//4153 2833//2833
f 3665//3665 4096//4096 4015//4015
f 4099//4099 4096//4096 3665//3665
f 1616//1616 3215//3215 3301//3301
f 1721//1721 1759//1759 1801//1801
f 4099//4099 3665//3665 4084//4084
f 3665//3665 3675//3675 4084//4084
f 3501//3501 3324//3324 3675//3675
f 3501//3501 3675//3675 3157//3157
f 1313//1313 1290//1290 1317//1317
f 3501//3501 3157//3157 2988//2988
f 1838//1838 1353//1353 1383//1383
f 471//471 586//586 559//559
f 4167//4167 4152//4152 4166//4166
f 4099//4099 4015//4015 4096//4096
f 4099//4099 4153//4153 4015//4015
f 2251//2251 1882//1882 2155//2155
f 4099//4099 4167//4167 4153//4153
f 2266//2266 2157//2157 1963//1963
f 1383//1383 1371//1371 1857//1857
f 1838//1838 1383//1383 1857//1857
f 1307//1307 846//846 1033//1033
f 3198//3198 3636//3636 2401//2401
f 3059//3059 3635//3635 2999//2999
f 3563//3563 3591//3591 3547//3547
f 4216//4216 4151//4151 4230//4230
f 1305//1305 1296//1296 1268//1268
f 1602//1602 608//608 2290//2290
f 608//608 553//553 580//580
f 472//472 505//505 846//846
f 1960//1960 1974//1974 2334//2334
f 415//415 500//500 580//580
f 500//500 1350//1350 580//580
f 608//608 580//580 1350//1350
f 2290//2290 1350//1350 2103//2103
f 2290//2290 2103//2103 4151//4151
f 4151//4151 2103//2103 4190//4190
f 1280//1280 1222//1222 1282//1282
f 2608//2608 2579//2579 2637//2637
f 2284//2284 2269//2269 2235//2235
f 1307//1307 3636//3636 3059//3059
f 608//608 1350//1350 500//500
f 4151//4151 4190//4190 4230//4230
f 1166//1166 1237//1237 1285//1285
f 1166//1166 1285//1285 1237//1237
f 2784//2784 3378//3378 2757//2757
f 4126//4126 3669//3669 3636//3636
f 3636//3636 3669//3669 3059//3059
f 1307//1307 3059//3059 1884//1884
f 1307//1307 1230//1230 846//846
f 472//472 846//846 1230//1230
f 2407//2407 2250//2250 2383//2383
f 2178//2178 2054//2054 2202//2202
f 117//117 114//114 116//116
f 945//945 861//861 911//911
f 945//945 911//911 861//861
f 1692//1692 1894//1894 1686//1686
f 979//979 553//553 622//622
f 2123//2123 2120//2120 2122//2122
f 3389//3389 3350//3350 3316//3316
f 1409//1409 979//979 622//622
f 1409//1409 1981//1981 979//979
f 3457//3457 3375//3375 3030//3030
f 3510//3510 3517//3517 3575//3575
f 3510//3510 3575//3575 3517//3517
f 2510//2510 2459//2459 2514//2514
f 1638//1638 1022//1022 819//819
f 2509//2509 2361//2361 2307//2307
f 2509//2509 2307//2307 2361//2361
f 1786//1786 2061//2061 1069//1069
f 1244//1244 1069//1069 2061//2061
f 1786//1786 2034//2034 2061//2061
f 2061//2061 2034//2034 2631//2631
f 819//819 1022//1022 598//598
f 3535//3535 3613//3613 3522//3522
f 3535//3535 3522//3522 2996//2996
f 1244//1244 819//819 598//598
f 1244//1244 2061//2061 1638//1638
f 2061//2061 2665//2665 1638//1638
f 2061//2061 2996//2996 2665//2665
f 3540//3540 3477//3477 3531//3531
f 3522//3522 2665//2665 2996//2996
f 2780//2780 2632//2632 3501//3501
f 2929//2929 2945//2945 2861//2861
f 2805//2805 1643//1643 2028//2028
f 2805//2805 3702//3702 3656//3656
f 3656//3656 3702//3702 4096//4096
f 3244//3244 3255//3255 3225//3225
f 3656//3656 4096//4096 3659//3659
f 2632//2632 1383//1383 1643//1643
f 2805//2805 2632//2632 1643//1643
f 2805//2805 3501//3501 2632//2632
f 2805//2805 3656//3656 3501//3501
f 3501//3501 3656//3656 3659//3659
f 2700//2700 2726//2726 2720//2720
f 2700//2700 2667//2667 2726//2726
f 3528//3528 3538//3538 3492//3492
f 2677//2677 2668//2668 2693//2693
f 2677//2677 2728//2728 2668//2668
f 2097//2097 2071//2071 2051//2051
f 1679//1679 1706//1706 1676//1676
f 2271//2271 2221//2221 2229//2229
f 2271//2271 2241//2241 2221//2221
f 2271//2271 2221//2221 2241//2241
f 2271//2271 2182//2182 2221//2221
f 1504//1504 1415//1415 1441//1441
f 2483//2483 2422//2422 2515//2515
f 1900//1900 1892//1892 1854//1854
f 1900//1900 1895//1895 1892//1892
f 2828//2828 2803//2803 2792//2792
f 2828//2828 2792//2792 2803//2803
f 1900//1900 1854//1854 1895//1895
f 2179//2179 2213//2213 2218//2218
f 2179//2179 2237//2237 2213//2213
f 2237//2237 2218//2218 2213//2213
f 2179//2179 2218//2218 2237//2237
f 3227//3227 3214//3214 2392//2392
f 169//169 155//155 162//162
f 158//158 162//162 155//155
f 169//169 162//162 167//167
f 118//118 115//115 83//83
f 83//83 77//77 76//76
f 3237//3237 2942//2942 2979//2979
f 167//167 162//162 158//158
f 369//369 374//374 373//373
f 210//210 158//158 284//284
f 1612//1612 1525//1525 1625//1625
f 2527//2527 2460//2460 2461//2461
f 1495//1495 1537//1537 1571//1571
f 3101//3101 3100//3100 3038//3038
f 1333//1333 1368//1368 1546//1546
f 3150//3150 3253//3253 3165//3165
f 529//529 530//530 548//548
f 1935//1935 1894//1894 1914//1914
f 491//491 510//510 482//482
f 540//540 564//564 510//510
f 1285//1285 1304//1304 1251//1251
f 482//482 549//549 521//521
f 482//482 521//521 488//488
f 540//540 569//569 568//568
f 568//568 488//488 521//521
f 2507//2507 3289//3289 3265//3265
f 1368//1368 1333//1333 1419//1419
f 1546//1546 1368//1368 1575//1575
f 1657//1657 1546//1546 1674//1674
f 1419//1419 1333//1333 1657//1657
f 2556//2556 2567//2567 2367//2367
f 2711//2711 2567//2567 2630//2630
f 1609//1609 1487//1487 1778//1778
f 2556//2556 2367//2367 2365//2365
f 2367//2367 2387//2387 2365//2365
f 3871//3871 3963//3963 3892//3892
f 3871//3871 3892//3892 3963//3963
f 2387//2387 2557//2557 2568//2568
f 1595//1595 1871//1871 1840//1840
f 2630//2630 2567//2567 2556//2556
f 2500//2500 2568//2568 2630//2630
f 2387//2387 2568//2568 2469//2469
f 2365//2365 2387//2387 2469//2469
f 3286//3286 3265//3265 3016//3016
f 3286//3286 3016//3016 3265//3265
f 374//374 369//369 427//427
f 455//455 427//427 369//369
f 3062//3062 2830//2830 2831//2831
f 1645//1645 1625//1625 1706//1706
f 3255//3255 3232//3232 3225//3225
f 3611//3611 3529//3529 3596//3596
f 433//433 456//456 457//457
f 373//373 418//418 395//395
f 2049//2049 1794//1794 2042//2042
f 416//416 457//457 434//434
f 416//416 434//434 395//395
f 530//530 509//509 516//516
f 529//529 541//541 509//509
f 3475//3475 3122//3122 3472//3472
f 2097//2097 2102//2102 2051//2051
f 1442//1442 1542//1542 1391//1391
f 1442//1442 1473//1473 1558//1558
f 1442//1442 1391//1391 1473//1473
f 2460//2460 2541//2541 2461//2461
f 2527//2527 2568//2568 2460//2460
f 2527//2527 2567//2567 2568//2568
f 2528//2528 2461//2461 2541//2541
f 2528//2528 2541//2541 2588//2588
f 2527//2527 2588//2588 2541//2541
f 416//416 437//437 384//384
f 416//416 384//384 437//437
f 416//416 453//453 437//437
f 516//516 548//548 530//530
f 369//369 373//373 395//395
f 2486//2486 2441//2441 2511//2511
f 453//453 456//456 501//501
f 1944//1944 1985//1985 2021//2021
f 1186//1186 1183//1183 1132//1132
f 1186//1186 1132//1132 1183//1183
f 3945//3945 3871//3871 3917//3917
f 3945//3945 3917//3917 3963//3963
f 1876//1876 1879//1879 2049//2049
f 916//916 880//880 906//906
f 780//780 906//906 880//880
f 916//916 906//906 783//783
f 1559//1559 1556//1556 1568//1568
f 916//916 873//873 880//880
f 3598//3598 3431//3431 3478//3478
f 835//835 863//863 880//880
f 3921//3921 3831//3831 3839//3839
f 3921//3921 3839//3839 3943//3943
f 3468//3468 3376//3376 3375//3375
f 3921//3921 3885//3885 3831//3831
f 3863//3863 3888//3888 3922//3922
f 3944//3944 3957//3957 3922//3922
f 3888//3888 3921//3921 3922//3922
f 1414//1414 1416//1416 1613//1613
f 3863//3863 3922//3922 3957//3957
f 2520//2520 2585//2585 2573//2573
f 1264//1264 1304//1304 1242//1242
f 1179//1179 1190//1190 1251//1251
f 383//383 377//377 394//394
f 383//383 394//394 377//377
f 3831//3831 3929//3929 3943//3943
f 3831//3831 3943//3943 3929//3929
f 3963//3963 3969//3969 3892//3892
f 3963//3963 3892//3892 3969//3969
f 3945//3945 3892//3892 3969//3969
f 3945//3945 3969//3969 3892//3892
f 945//945 911//911 941//941
f 945//945 941//941 911//911
f 3593//3593 3603//3603 3580//3580
f 3593//3593 3580//3580 3603//3603
f 941//941 911//911 841//841
f 941//941 841//841 911//911
f 941//941 911//911 861//861
f 941//941 861//861 911//911
f 3863//3863 3944//3944 3864//3864
f 3863//3863 3864//3864 3944//3944
f 3863//3863 3864//3864 3950//3950
f 3863//3863 3950//3950 3864//3864
f 3957//3957 3950//3950 3954//3954
f 3957//3957 3954//3954 3950//3950
f 3944//3944 3950//3950 3864//3864
f 3944//3944 3864//3864 3950//3950
f 2838//2838 3026//3026 2821//2821
f 3863//3863 3921//3921 3944//3944
f 2976//2976 2870//2870 2901//2901
f 3885//3885 3831//3831 3929//3929
f 3871//3871 3917//3917 3963//3963
f 3871//3871 3963//3963 3917//3917
f 3237//3237 3169//3169 3241//3241
f 3945//3945 3963//3963 3917//3917
f 3945//3945 3917//3917 3963//3963
f 842//842 911//911 892//892
f 842//842 892//892 911//911
f 1271//1271 1304//1304 1264//1264
f 3863//3863 3957//3957 3922//3922
f 2169//2169 2040//2040 2105//2105
f 3944//3944 3921//3921 3922//3922
f 1782//1782 1741//1741 1718//1718
f 835//835 880//880 944//944
f 944//944 880//880 863//863
f 835//835 863//863 880//880
f 2465//2465 2518//2518 2533//2533
f 3945//3945 3871//3871 3917//3917
f 3863//3863 3944//3944 3888//3888
f 3863//3863 3888//3888 3957//3957
f 3957//3957 3922//3922 3921//3921
f 3888//3888 3921//3921 3922//3922
f 3944//3944 3957//3957 3921//3921
f 1769//1769 1832//1832 1668//1668
f 1769//1769 1668//1668 1832//1832
f 267//267 338//338 451//451
f 2134//2134 2044//2044 2069//2069
f 311//311 330//330 338//338
f 3062//3062 3102//3102 3112//3112
f 311//311 290//290 330//330
f 1989//1989 1985//1985 2022//2022
f 296//296 342//342 348//348
f 294//294 287//287 267//267
f 294//294 267//267 287//287
f 423//423 433//433 294//294
f 342//342 433//433 437//437
f 342//342 437//437 384//384
f 416//416 427//427 384//384
f 294//294 267//267 423//423
f 3327//3327 3258//3258 3298//3298
f 294//294 291//291 423//423
f 290//290 318//318 296//296
f 1885//1885 1790//1790 2059//2059
f 325//325 296//296 348//348
f 325//325 330//330 290//290
f 427//427 453//453 437//437
f 416//416 437//437 453//453
f 294//294 423//423 291//291
f 2021//2021 2051//2051 2024//2024
f 2464//2464 2493//2493 2435//2435
f 274//274 318//318 287//287
f 274//274 280//280 318//318
f 274//274 287//287 294//294
f 280//280 296//296 348//348
f 2405//2405 2384//2384 2539//2539
f 294//294 211//211 267//267
f 267//267 206//206 217//217
f 296//296 200//200 280//280
f 2750//2750 2717//2717 2782//2782
f 287//287 224//224 211//211
f 287//287 240//240 224//224
f 229//229 224//224 240//240
f 229//229 240//240 224//224
f 230//230 237//237 206//206
f 212//212 237//237 240//240
f 211//211 224//224 240//240
f 212//212 217//217 237//237
f 212//212 240//240 229//229
f 211//211 230//230 206//206
f 211//211 206//206 230//230
f 1908//1908 2084//2084 1928//1928
f 211//211 274//274 206//206
f 274//274 218//218 206//206
f 204//204 217//217 212//212
f 128//128 126//126 117//117
f 128//128 117//117 126//126
f 211//211 206//206 218//218
f 296//296 263//263 290//290
f 274//274 296//296 280//280
f 274//274 294//294 218//218
f 287//287 290//290 263//263
f 267//267 217//217 290//290
f 274//274 218//218 224//224
f 1712//1712 1742//1742 1699//1699
f 287//287 263//263 237//237
f 296//296 229//229 263//263
f 290//290 217//217 204//204
f 3379//3379 3510//3510 3156//3156
f 1993//1993 2001//2001 2512//2512
f 296//296 212//212 229//229
f 3447//3447 3131//3131 3381//3381
f 294//294 274//274 211//211
f 280//280 224//224 218//218
f 217//217 111//111 230//230
f 267//267 211//211 206//206
f 263//263 240//240 237//237
f 237//237 126//126 128//128
f 230//230 237//237 126//126
f 120//120 240//240 230//230
f 128//128 126//126 240//240
f 204//204 114//114 212//212
f 204//204 212//212 114//114
f 120//120 230//230 206//206
f 120//120 206//206 230//230
f 211//211 113//113 206//206
f 211//211 218//218 113//113
f 127//127 218//218 224//224
f 120//120 126//126 111//111
f 128//128 127//127 130//130
f 128//128 120//120 127//127
f 120//120 113//113 127//127
f 126//126 108//108 111//111
f 126//126 114//114 116//116
f 126//126 116//116 114//114
f 126//126 116//116 108//108
f 126//126 108//108 116//116
f 211//211 240//240 218//218
f 1556//1556 1481//1481 1568//1568
f 218//218 240//240 224//224
f 237//237 212//212 240//240
f 229//229 240//240 212//212
f 229//229 224//224 240//240
f 204//204 212//212 237//237
f 130//130 229//229 117//117
f 130//130 117//117 229//229
f 204//204 116//116 114//114
f 204//204 114//114 116//116
f 127//127 113//113 218//218
f 120//120 206//206 113//113
f 130//130 127//127 218//218
f 130//130 218//218 127//127
f 1386//1386 1349//1349 1346//1346
f 130//130 218//218 224//224
f 130//130 224//224 218//218
f 2279//2279 2309//2309 2293//2293
f 117//117 229//229 114//114
f 117//117 114//114 229//229
f 217//217 111//111 204//204
f 217//217 204//204 111//111
f 217//217 206//206 111//111
f 206//206 113//113 111//111
f 211//211 120//120 240//240
f 120//120 127//127 240//240
f 128//128 126//126 114//114
f 120//120 111//111 108//108
f 120//120 130//130 113//113
f 128//128 114//114 130//130
f 111//111 73//73 108//108
f 111//111 113//113 73//73
f 108//108 73//73 111//111
f 128//128 116//116 126//126
f 126//126 116//116 111//111
f 1148//1148 1120//1120 1184//1184
f 1148//1148 1184//1184 1120//1120
f 3249//3249 3251//3251 3255//3255
f 130//130 117//117 127//127
f 73//73 113//113 111//111
f 126//126 120//120 128//128
f 237//237 240//240 263//263
f 274//274 291//291 318//318
f 280//280 318//318 291//291
f 274//274 280//280 291//291
f 290//290 204//204 291//291
f 2071//2071 2162//2162 2091//2091
f 3457//3457 3415//3415 3382//3382
f 3457//3457 3382//3382 3415//3415
f 1782//1782 1827//1827 1520//1520
f 2222//2222 2142//2142 2162//2162
f 207//207 104//104 197//197
f 207//207 197//197 104//104
f 207//207 300//300 197//197
f 2533//2533 2424//2424 2512//2512
f 3327//3327 3274//3274 3245//3245
f 2317//2317 2351//2351 2261//2261
f 2146//2146 2309//2309 2161//2161
f 2342//2342 2247//2247 2316//2316
f 261//261 343//343 316//316
f 402//402 316//316 343//343
f 383//383 402//402 343//343
f 2456//2456 2391//2391 2602//2602
f 383//383 261//261 316//316
f 2383//2383 2398//2398 2364//2364
f 2134//2134 2139//2139 2154//2154
f 2134//2134 2154//2154 2139//2139
f 2979//2979 3092//3092 2964//2964
f 2285//2285 2093//2093 2273//2273
f 383//383 394//394 376//376
f 377//377 376//376 394//394
f 2095//2095 2242//2242 2150//2150
f 3130//3130 3310//3310 3112//3112
f 383//383 376//376 377//377
f 2216//2216 2023//2023 2053//2053
f 3249//3249 3237//3237 2979//2979
f 2510//2510 2427//2427 2539//2539
f 2399//2399 2526//2526 2479//2479
f 2399//2399 2497//2497 2459//2459
f 2514//2514 2427//2427 2549//2549
f 2409//2409 2459//2459 2399//2399
f 2409//2409 2399//2399 2459//2459
f 2459//2459 2427//2427 2514//2514
f 2459//2459 2514//2514 2427//2427
f 2459//2459 2510//2510 2427//2427
f 50//50 95//95 79//79
f 2188//2188 2154//2154 2139//2139
f 2421//2421 2399//2399 2479//2479
f 3617//3617 3629//3629 3619//3619
f 3617//3617 3619//3619 3629//3629
f 2459//2459 2526//2526 2549//2549
f 2459//2459 2514//2514 2526//2526
f 2510//2510 2549//2549 2427//2427
f 1340//1340 1361//1361 1401//1401
f 1340//1340 1401//1401 1361//1361
f 2459//2459 2549//2549 2514//2514
f 1300//1300 1329//1329 1295//1295
f 2232//2232 2210//2210 2018//2018
f 2757//2757 3084//3084 2863//2863
f 2399//2399 2459//2459 2526//2526
f 2518//2518 2424//2424 2374//2374
f 2448//2448 2533//2533 2512//2512
f 2732//2732 3072//3072 2977//2977
f 2732//2732 2977//2977 3072//3072
f 2536//2536 2518//2518 2465//2465
f 1559//1559 1568//1568 1589//1589
f 2536//2536 2410//2410 2451//2451
f 2536//2536 2451//2451 2518//2518
f 2517//2517 2536//2536 2513//2513
f 2536//2536 2533//2533 2512//2512
f 1860//1860 2148//2148 2696//2696
f 2517//2517 2513//2513 2410//2410
f 2465//2465 2410//2410 2374//2374
f 1397//1397 1311//1311 1306//1306
f 3126//3126 3151//3151 3178//3178
f 2451//2451 2410//2410 2465//2465
f 2451//2451 2465//2465 2374//2374
f 2451//2451 2374//2374 2465//2465
f 2448//2448 2512//2512 2424//2424
f 2448//2448 2465//2465 2374//2374
f 2465//2465 2533//2533 2448//2448
f 2932//2932 2859//2859 2873//2873
f 1764//1764 1402//1402 1757//1757
f 2448//2448 2465//2465 2451//2451
f 2451//2451 2465//2465 2536//2536
f 2451//2451 2533//2533 2448//2448
f 1612//1612 1666//1666 1725//1725
f 2973//2973 2816//2816 2978//2978
f 1849//1849 1792//1792 1681//1681
f 1666//1666 1702//1702 1650//1650
f 1695//1695 1706//1706 1645//1645
f 1666//1666 1650//1650 1725//1725
f 2621//2621 2965//2965 2941//2941
f 1695//1695 1725//1725 1702//1702
f 3246//3246 2960//2960 3284//3284
f 1695//1695 1666//1666 1625//1625
f 1695//1695 1625//1625 1725//1725
f 1645//1645 1625//1625 1642//1642
f 1645//1645 1706//1706 1625//1625
f 2079//2079 2067//2067 2093//2093
f 1642//1642 1650//1650 1625//1625
f 3298//3298 3479//3479 3295//3295
f 3298//3298 3295//3295 3479//3479
f 1757//1757 1762//1762 1628//1628
f 1612//1612 1725//1725 1625//1625
f 1645//1645 1717//1717 1688//1688
f 2232//2232 2217//2217 2265//2265
f 2232//2232 2265//2265 2217//2217
f 1612//1612 1650//1650 1666//1666
f 1695//1695 1642//1642 1625//1625
f 1695//1695 1688//1688 1625//1625
f 1642//1642 1688//1688 1702//1702
f 3264//3264 3140//3140 3183//3183
f 1645//1645 1688//1688 1625//1625
f 2302//2302 2445//2445 2669//2669
f 1645//1645 1625//1625 1688//1688
f 1625//1625 1642//1642 1702//1702
f 3217//3217 3459//3459 3224//3224
f 3396//3396 3390//3390 3299//3299
f 3396//3396 3299//3299 3390//3390
f 3390//3390 3459//3459 3413//3413
f 3358//3358 3224//3224 3459//3459
f 3361//3361 3396//3396 3358//3358
f 3361//3361 3390//3390 3396//3396
f 3325//3325 3386//3386 3445//3445
f 3217//3217 3325//3325 3459//3459
f 3390//3390 3273//3273 3224//3224
f 3217//3217 3224//3224 3273//3273
f 3217//3217 3273//3273 3325//3325
f 3299//3299 3358//3358 3224//3224
f 3299//3299 3361//3361 3358//3358
f 3427//3427 3390//3390 3396//3396
f 3272//3272 3386//3386 3325//3325
f 3270//3270 3266//3266 3373//3373
f 3363//3363 3228//3228 3209//3209
f 3270//3270 3373//3373 3287//3287
f 2174//2174 2377//2377 2287//2287
f 3077//3077 3314//3314 3152//3152
f 3371//3371 3240//3240 3228//3228
f 3371//3371 3363//3363 3240//3240
f 3270//3270 3373//3373 3209//3209
f 3127//3127 3311//3311 3122//3122
f 3270//3270 3209//3209 3266//3266
f 3391//3391 3363//3363 3371//3371
f 3240//3240 3354//3354 3373//3373
f 3371//3371 3354//3354 3363//3363
f 3371//3371 3363//3363 3354//3354
f 2921//2921 3449//3449 3499//3499
f 3363//3363 3373//3373 3354//3354
f 3391//3391 3201//3201 3363//3363
f 3391//3391 3371//3371 3228//3228
f 3363//3363 3201//3201 3228//3228
f 3467//3467 3510//3510 3534//3534
f 1548//1548 1502//1502 1554//1554
f 3363//3363 3228//3228 3354//3354
f 2795//2795 2604//2604 2818//2818
f 2257//2257 2208//2208 2162//2162
f 3287//3287 3354//3354 3240//3240
f 1708//1708 1714//1714 1613//1613
f 1709//1709 1613//1613 1715//1715
f 1721//1721 1653//1653 1630//1630
f 1696//1696 1647//1647 1662//1662
f 1696//1696 1662//1662 1647//1647
f 1711//1711 1647//1647 1620//1620
f 1662//1662 1647//1647 1715//1715
f 1662//1662 1715//1715 1647//1647
f 3101//3101 3134//3134 3052//3052
f 3101//3101 3052//3052 3134//3134
f 1620//1620 1647//1647 1613//1613
f 1620//1620 1613//1613 1630//1630
f 3366//3366 3338//3338 2776//2776
f 1708//1708 1613//1613 1696//1696
f 2092//2092 1886//1886 2102//2102
f 1613//1613 1714//1714 1715//1715
f 1662//1662 1715//1715 1714//1714
f 1613//1613 1714//1714 1696//1696
f 1925//1925 2150//2150 2236//2236
f 1708//1708 1696//1696 1715//1715
f 3465//3465 3403//3403 3477//3477
f 1708//1708 1715//1715 1714//1714
f 1721//1721 1709//1709 1653//1653
f 1662//1662 1696//1696 1715//1715
f 1709//1709 1647//1647 1670//1670
f 1908//1908 1850//1850 2084//2084
f 1709//1709 1670//1670 1715//1715
f 1712//1712 1699//1699 1704//1704
f 1715//1715 1696//1696 1647//1647
f 1761//1761 1695//1695 1841//1841
f 2280//2280 2270//2270 2227//2227
f 3223//3223 2478//2478 2601//2601
f 1885//1885 1861//1861 1935//1935
f 1885//1885 1935//1935 1861//1861
f 64//64 83//83 76//76
f 64//64 76//76 83//83
f 2596//2596 2404//2404 2756//2756
f 1394//1394 1401//1401 1427//1427
f 3244//3244 3232//3232 3225//3225
f 3244//3244 3225//3225 3232//3232
f 425//425 402//402 377//377
f 3752//3752 3810//3810 705//705
f 3250//3250 2979//2979 2969//2969
f 3250//3250 2969//2969 2979//2979
f 756//756 3810//3810 3752//3752
f 3767//3767 770//770 3819//3819
f 376//376 357//357 389//389
f 2402//2402 2165//2165 2323//2323
f 2402//2402 2323//2323 2165//2165
f 393//393 357//357 376//376
f 1594//1594 1724//1724 1548//1548
f 393//393 376//376 387//387
f 389//389 357//357 387//387
f 389//389 357//357 387//387
f 387//387 389//389 426//426
f 393//393 387//387 357//357
f 393//393 357//357 387//387
f 2079//2079 1478//1478 1799//1799
f 2964//2964 3092//3092 3191//3191
f 1811//1811 1408//1408 1395//1395
f 393//393 357//357 359//359
f 393//393 387//387 357//357
f 1764//1764 1811//1811 1757//1757
f 2041//2041 1811//1811 2046//2046
f 1404//1404 1320//1320 1361//1361
f 3593//3593 3507//3507 3525//3525
f 3127//3127 3122//3122 3322//3322
f 3122//3122 3311//3311 3472//3472
f 1783//1783 1792//1792 1852//1852
f 3475//3475 3311//3311 3416//3416
f 2481//2481 2583//2583 2521//2521
f 2301//2301 2307//2307 2361//2361
f 2440//2440 2361//2361 2509//2509
f 2449//2449 2407//2407 2383//2383
f 2485//2485 2654//2654 2498//2498
f 3071//3071 3234//3234 3012//3012
f 3071//3071 3012//3012 2955//2955
f 2955//2955 3012//3012 2937//2937
f 2851//2851 3074//3074 2962//2962
f 2371//2371 2654//2654 2360//2360
f 2454//2454 2360//2360 2654//2654
f 2454//2454 2654//2654 2984//2984
f 3165//3165 2984//2984 2962//2962
f 2371//2371 2151//2151 2287//2287
f 2371//2371 2132//2132 2151//2151
f 2360//2360 1827//1827 2132//2132
f 1782//1782 1939//1939 2002//2002
f 1616//1616 1569//1569 2020//2020
f 1678//1678 1807//1807 1782//1782
f 1896//1896 2174//2174 2002//2002
f 3274//3274 3298//3298 3295//3295
f 3327//3327 3298//3298 3274//3274
f 2418//2418 2383//2383 2407//2407
f 2077//2077 2085//2085 2152//2152
f 1811//1811 1800//1800 1757//1757
f 2041//2041 1800//1800 1811//1811
f 2042//2042 1639//1639 1626//1626
f 2042//2042 1626//1626 1639//1639
f 1757//1757 1626//1626 1639//1639
f 1757//1757 1639//1639 1626//1626
f 1817//1817 1820//1820 1626//1626
f 2042//2042 1794//1794 1639//1639
f 1559//1559 1589//1589 1632//1632
f 1340//1340 1427//1427 1404//1404
f 1589//1589 1427//1427 1632//1632
f 1406//1406 1402//1402 1423//1423
f 1406//1406 1423//1423 1402//1402
f 2405//2405 2289//2289 2384//2384
f 2405//2405 2384//2384 2289//2289
f 1329//1329 1402//1402 1406//1406
f 1329//1329 1406//1406 1402//1402
f 1387//1387 1406//1406 1491//1491
f 2449//2449 2761//2761 2888//2888
f 1545//1545 1582//1582 1621//1621
f 1800//1800 1628//1628 1777//1777
f 2795//2795 2818//2818 2794//2794
f 2795//2795 2794//2794 2818//2818
f 2418//2418 2611//2611 2383//2383
f 2676//2676 2652//2652 2702//2702
f 2676//2676 2702//2702 2652//2652
f 3245//3245 3101//3101 3258//3258
f 3245//3245 3258//3258 3101//3101
f 2792//2792 2609//2609 2812//2812
f 3256//3256 3238//3238 3038//3038
f 3009//3009 3019//3019 3052//3052
f 3019//3019 2771//2771 2973//2973
f 3484//3484 3525//3525 3479//3479
f 3313//3313 3253//3253 3238//3238
f 1744//1744 1678//1678 1684//1684
f 1459//1459 1455//1455 1313//1313
f 3433//3433 3220//3220 3253//3253
f 3562//3562 3597//3597 3555//3555
f 2374//2374 2644//2644 2434//2434
f 3467//3467 3380//3380 3471//3471
f 3597//3597 3584//3584 3622//3622
f 3497//3497 3374//3374 3489//3489
f 2018//2018 2210//2210 2021//2021
f 1534//1534 1525//1525 1530//1530
f 1313//1313 1317//1317 1290//1290
f 2174//2174 2254//2254 2377//2377
f 1896//1896 1807//1807 2004//2004
f 1896//1896 2004//2004 2174//2174
f 1761//1761 1666//1666 1695//1695
f 2174//2174 2004//2004 2254//2254
f 2881//2881 2955//2955 2840//2840
f 2881//2881 3008//3008 2955//2955
f 2444//2444 2431//2431 2364//2364
f 3352//3352 3448//3448 3264//3264
f 1576//1576 2281//2281 1697//1697
f 2249//2249 2281//2281 2394//2394
f 3328//3328 3173//3173 2281//2281
f 1576//1576 3328//3328 2281//2281
f 2591//2591 3173//3173 2635//2635
f 2591//2591 2542//2542 2281//2281
f 2591//2591 2281//2281 3173//3173
f 1576//1576 1569//1569 3301//3301
f 2450//2450 3319//3319 3301//3301
f 2733//2733 2671//2671 2712//2712
f 2474//2474 2888//2888 3183//3183
f 3183//3183 2888//2888 3419//3419
f 2450//2450 1569//1569 1691//1691
f 2450//2450 2020//2020 1569//1569
f 3301//3301 3215//3215 2020//2020
f 2243//2243 2353//2353 2289//2289
f 2591//2591 2638//2638 2583//2583
f 1405//1405 1394//1394 1337//1337
f 1335//1335 1300//1300 1329//1329
f 1335//1335 1329//1329 1300//1300
f 1335//1335 1329//1329 1387//1387
f 2301//2301 2254//2254 2192//2192
f 1745//1745 2006//2006 1926//1926
f 3013//3013 3150//3150 3057//3057
f 3264//3264 3426//3426 3351//3351
f 2851//2851 2570//2570 2890//2890
f 2894//2894 3124//3124 2888//2888
f 79//79 176//176 182//182
f 3419//3419 2888//2888 3124//3124
f 3165//3165 3419//3419 3124//3124
f 1520//1520 1811//1811 1349//1349
f 1811//1811 1511//1511 1349//1349
f 1478//1478 1306//1306 1511//1511
f 1349//1349 1511//1511 1306//1306
f 2079//2079 1397//1397 1306//1306
f 1691//1691 1397//1397 2079//2079
f 2454//2454 2761//2761 2360//2360
f 2079//2079 1799//1799 1803//1803
f 2079//2079 1306//1306 1478//1478
f 1478//1478 1511//1511 1799//1799
f 2004//2004 2244//2244 2151//2151
f 1811//1811 1799//1799 1511//1511
f 3514//3514 3518//3518 3503//3503
f 1811//1811 1827//1827 2065//2065
f 2449//2449 2093//2093 2065//2065
f 2449//2449 2065//2065 2264//2264
f 2264//2264 2065//2065 2294//2294
f 3165//3165 3442//3442 3419//3419
f 3410//3410 3419//3419 3316//3316
f 3532//3532 3580//3580 3507//3507
f 1617//1617 1691//1691 1668//1668
f 3410//3410 3507//3507 3419//3419
f 2079//2079 2093//2093 2449//2449
f 2360//2360 2761//2761 2550//2550
f 2474//2474 2449//2449 2770//2770
f 1387//1387 1346//1346 1370//1370
f 2449//2449 2888//2888 2770//2770
f 3487//3487 3587//3587 3442//3442
f 2761//2761 2532//2532 2550//2550
f 2264//2264 2306//2306 2294//2294
f 2264//2264 2294//2294 2381//2381
f 2285//2285 2238//2238 2348//2348
f 2249//2249 2238//2238 2285//2285
f 2360//2360 2361//2361 2377//2377
f 2581//2581 2377//2377 2361//2361
f 2360//2360 2307//2307 2361//2361
f 2360//2360 2244//2244 2307//2307
f 2301//2301 2361//2361 2307//2307
f 2581//2581 2509//2509 2520//2520
f 2419//2419 2362//2362 2437//2437
f 3449//3449 3567//3567 3499//3499
f 1534//1534 1706//1706 1552//1552
f 2444//2444 2532//2532 2400//2400
f 2485//2485 2498//2498 2287//2287
f 1664//1664 1807//1807 1678//1678
f 2485//2485 2840//2840 2654//2654
f 2174//2174 2840//2840 2485//2485
f 1664//1664 1678//1678 1896//1896
f 1896//1896 1678//1678 1807//1807
f 2301//2301 2192//2192 2307//2307
f 1589//1589 1632//1632 1639//1639
f 1589//1589 1639//1639 1632//1632
f 2285//2285 2348//2348 2418//2418
f 2440//2440 2520//2520 2361//2361
f 2481//2481 2348//2348 2521//2521
f 2474//2474 2521//2521 2394//2394
f 2487//2487 2474//2474 2348//2348
f 2498//2498 2581//2581 2462//2462
f 2462//2462 2581//2581 2430//2430
f 2360//2360 2287//2287 2377//2377
f 2454//2454 2570//2570 2287//2287
f 2454//2454 2360//2360 2377//2377
f 2386//2386 2348//2348 2474//2474
f 3116//3116 3108//3108 3121//3121
f 2454//2454 2287//2287 2360//2360
f 2454//2454 2377//2377 2570//2570
f 2191//2191 2169//2169 2178//2178
f 2498//2498 2462//2462 2287//2287
f 2498//2498 2287//2287 2570//2570
f 3466//3466 3322//3322 3410//3410
f 3416//3416 3311//3311 3316//3316
f 2676//2676 2702//2702 2699//2699
f 2652//2652 2651//2651 2532//2532
f 2652//2652 2532//2532 2651//2651
f 1671//1671 1623//1623 1676//1676
f 2610//2610 2437//2437 2612//2612
f 2611//2611 2619//2619 2444//2444
f 3013//3013 3014//3014 3150//3150
f 3229//3229 3158//3158 3253//3253
f 3374//3374 3294//3294 3489//3489
f 3295//3295 3351//3351 3509//3509
f 3005//3005 2945//2945 3100//3100
f 2816//2816 2945//2945 2958//2958
f 2599//2599 2596//2596 2602//2602
f 3018//3018 3075//3075 3020//3020
f 3018//3018 3020//3020 3075//3075
f 2768//2768 2816//2816 2945//2945
f 2808//2808 3005//3005 3039//3039
f 1485//1485 1463//1463 1440//1440
f 2808//2808 2769//2769 3005//3005
f 3005//3005 2769//2769 2929//2929
f 2532//2532 2437//2437 2400//2400
f 2771//2771 2816//2816 2768//2768
f 2779//2779 2878//2878 2597//2597
f 2699//2699 2768//2768 2769//2769
f 2816//2816 3034//3034 3032//3032
f 3258//3258 3075//3075 3262//3262
f 2419//2419 2437//2437 2598//2598
f 2444//2444 2619//2619 2651//2651
f 2444//2444 2651//2651 2532//2532
f 2509//2509 2361//2361 2402//2402
f 2618//2618 2616//2616 2766//2766
f 3009//3009 2816//2816 3032//3032
f 3050//3050 3037//3037 2816//2816
f 2573//2573 2598//2598 2761//2761
f 3426//3426 3525//3525 3509//3509
f 3446//3446 3487//3487 3374//3374
f 3497//3497 3532//3532 3577//3577
f 2642//2642 2812//2812 2609//2609
f 3542//3542 3530//3530 3586//3586
f 3542//3542 3586//3586 3530//3530
f 3328//3328 3301//3301 3448//3448
f 3249//3249 3142//3142 3244//3244
f 3301//3301 3419//3419 3448//3448
f 3593//3593 3622//3622 3586//3586
f 3507//3507 3580//3580 3419//3419
f 3580//3580 3530//3530 3419//3419
f 3487//3487 3555//3555 3587//3587
f 3448//3448 3419//3419 3530//3530
f 3530//3530 3580//3580 3586//3586
f 3530//3530 3586//3586 3580//3580
f 2591//2591 2641//2641 2594//2594
f 2591//2591 2594//2594 2641//2641
f 2638//2638 3020//3020 2641//2641
f 3020//3020 2641//2641 2888//2888
f 3018//3018 2641//2641 3020//3020
f 3018//3018 3020//3020 2641//2641
f 3173//3173 3183//3183 3139//3139
f 3264//3264 3183//3183 3173//3173
f 3020//3020 3075//3075 3139//3139
f 3020//3020 3139//3139 3075//3075
f 3020//3020 2888//2888 3139//3139
f 3264//3264 3426//3426 3262//3262
f 3264//3264 3262//3262 3183//3183
f 3264//3264 3183//3183 3262//3262
f 3542//3542 3530//3530 3426//3426
f 3446//3446 3408//3408 3253//3253
f 2335//2335 2328//2328 2358//2358
f 3379//3379 3458//3458 3425//3425
f 3542//3542 3580//3580 3586//3586
f 3597//3597 3587//3587 3593//3593
f 3593//3593 3580//3580 3603//3603
f 3593//3593 3603//3603 3580//3580
f 3593//3593 3587//3587 3603//3603
f 3603//3603 3587//3587 3555//3555
f 2560//2560 2490//2490 2525//2525
f 3603//3603 3555//3555 3532//3532
f 3593//3593 3584//3584 3580//3580
f 3593//3593 3580//3580 3584//3584
f 3572//3572 3584//3584 3593//3593
f 3597//3597 3532//3532 3533//3533
f 2570//2570 2509//2509 2616//2616
f 2570//2570 2616//2616 2509//2509
f 3533//3533 3487//3487 3524//3524
f 1534//1534 1393//1393 1525//1525
f 3433//3433 3253//3253 3318//3318
f 3433//3433 3446//3446 3487//3487
f 1708//1708 1759//1759 1864//1864
f 3446//3446 3374//3374 3487//3487
f 1545//1545 1710//1710 1713//1713
f 3012//3012 3074//3074 3008//3008
f 3165//3165 2890//2890 2937//2937
f 3385//3385 3334//3334 3275//3275
f 3012//3012 3063//3063 3165//3165
f 3165//3165 3063//3063 3150//3150
f 3465//3465 3439//3439 3441//3441
f 3012//3012 3008//3008 2890//2890
f 2814//2814 2890//2890 2797//2797
f 2814//2814 2797//2797 2626//2626
f 2814//2814 2626//2626 2851//2851
f 2814//2814 2851//2851 2626//2626
f 3479//3479 3304//3304 3341//3341
f 2814//2814 2851//2851 2890//2890
f 2814//2814 2890//2890 2851//2851
f 2570//2570 2937//2937 2890//2890
f 2851//2851 2937//2937 2616//2616
f 2881//2881 3013//3013 3012//3012
f 2045//2045 2169//2169 2105//2105
f 2881//2881 3012//3012 2890//2890
f 2618//2618 2570//2570 2626//2626
f 2618//2618 2626//2626 2570//2570
f 2570//2570 2361//2361 2509//2509
f 2570//2570 2509//2509 2361//2361
f 2581//2581 2616//2616 2509//2509
f 2763//2763 2785//2785 2641//2641
f 3018//3018 3019//3019 2785//2785
f 3482//3482 3416//3416 3442//3442
f 2771//2771 2586//2586 2770//2770
f 1338//1338 1365//1365 1443//1443
f 1198//1198 1117//1117 1264//1264
f 3127//3127 3101//3101 3245//3245
f 2427//2427 2549//2549 2331//2331
f 1171//1171 1169//1169 1163//1163
f 3038//3038 2808//2808 3039//3039
f 3038//3038 3033//3033 2775//2775
f 2265//2265 2210//2210 2288//2288
f 3327//3327 3351//3351 3295//3295
f 3374//3374 3253//3253 3294//3294
f 3426//3426 3509//3509 3484//3484
f 3038//3038 3014//3014 3033//3033
f 2775//2775 2808//2808 3014//3014
f 3101//3101 3100//3100 3037//3037
f 2402//2402 2419//2419 2585//2585
f 2449//2449 2383//2383 2611//2611
f 2814//2814 2775//2775 2761//2761
f 2732//2732 2625//2625 2806//2806
f 2763//2763 2770//2770 2785//2785
f 2763//2763 2785//2785 2770//2770
f 2763//2763 2771//2771 2770//2770
f 2763//2763 2770//2770 2771//2771
f 2768//2768 2611//2611 2619//2619
f 2768//2768 2619//2619 2611//2611
f 3127//3127 3507//3507 3101//3101
f 1706//1706 1456//1456 1790//1790
f 3475//3475 3472//3472 3294//3294
f 3264//3264 3258//3258 3262//3262
f 3127//3127 3274//3274 3295//3295
f 3343//3343 3166//3166 3408//3408
f 3487//3487 3489//3489 3577//3577
f 3014//3014 3087//3087 3238//3238
f 3253//3253 3150//3150 3014//3014
f 3009//3009 3032//3032 3034//3034
f 2770//2770 2978//2978 2816//2816
f 2771//2771 2770//2770 2816//2816
f 2616//2616 2761//2761 2766//2766
f 1520//1520 1459//1459 1718//1718
f 2638//2638 2586//2586 2583//2583
f 2638//2638 2641//2641 2586//2586
f 2814//2814 2962//2962 2851//2851
f 2234//2234 2275//2275 2334//2334
f 2641//2641 2785//2785 2586//2586
f 2585//2585 2761//2761 2598//2598
f 2651//2651 2612//2612 2437//2437
f 3620//3620 3614//3614 3624//3624
f 3217//3217 3427//3427 3105//3105
f 2771//2771 2768//2768 2619//2619
f 3475//3475 3294//3294 3256//3256
f 3269//3269 3127//3127 3322//3322
f 3269//3269 3322//3322 3127//3127
f 3482//3482 3519//3519 3475//3475
f 3256//3256 3038//3038 3065//3065
f 3038//3038 3100//3100 3065//3065
f 2808//2808 3033//3033 3014//3014
f 3013//3013 2876//2876 2761//2761
f 2775//2775 2766//2766 2761//2761
f 2610//2610 2612//2612 2652//2652
f 2676//2676 2699//2699 2768//2768
f 3410//3410 3122//3122 3479//3479
f 3245//3245 3058//3058 3034//3034
f 3019//3019 3075//3075 3258//3258
f 3019//3019 2973//2973 2978//2978
f 2770//2770 2785//2785 2978//2978
f 2583//2583 2770//2770 2600//2600
f 2583//2583 2600//2600 2521//2521
f 2775//2775 3033//3033 2808//2808
f 3127//3127 3101//3101 3122//3122
f 3009//3009 2771//2771 2816//2816
f 2702//2702 2652//2652 2651//2651
f 2676//2676 2699//2699 2652//2652
f 2610//2610 2775//2775 2612//2612
f 2610//2610 2769//2769 2775//2775
f 2520//2520 2598//2598 2585//2585
f 2520//2520 2775//2775 2761//2761
f 3013//3013 2761//2761 2775//2775
f 3446//3446 3374//3374 3489//3489
f 3313//3313 3294//3294 3253//3253
f 3475//3475 3519//3519 3472//3472
f 3497//3497 3519//3519 3532//3532
f 1708//1708 1787//1787 1714//1714
f 3525//3525 3482//3482 3519//3519
f 3484//3484 3509//3509 3525//3525
f 3426//3426 3484//3484 3351//3351
f 3484//3484 3479//3479 3509//3509
f 3327//3327 3258//3258 3351//3351
f 3274//3274 3245//3245 3101//3101
f 3245//3245 3064//3064 3050//3050
f 3245//3245 3052//3052 3058//3058
f 3019//3019 3058//3058 3052//3052
f 3019//3019 3034//3034 3058//3058
f 3019//3019 2816//2816 2771//2771
f 3338//3338 3434//3434 3498//3498
f 2030//2030 1912//1912 2026//2026
f 2583//2583 2586//2586 2771//2771
f 2418//2418 2600//2600 2611//2611
f 3410//3410 3322//3322 3442//3442
f 2294//2294 2400//2400 2550//2550
f 3269//3269 3316//3316 3311//3311
f 3482//3482 3442//3442 3466//3466
f 3448//3448 3530//3530 3542//3542
f 3542//3542 3586//3586 3584//3584
f 2618//2618 2626//2626 2581//2581
f 2881//2881 2890//2890 3008//3008
f 2881//2881 2797//2797 2890//2890
f 3008//3008 3165//3165 3166//3166
f 3562//3562 3587//3587 3597//3597
f 3542//3542 3426//3426 3448//3448
f 3025//3025 3139//3139 3075//3075
f 3018//3018 3025//3025 3075//3075
f 3140//3140 3139//3139 3025//3025
f 3173//3173 3139//3139 3140//3140
f 3018//3018 2635//2635 3025//3025
f 2591//2591 2635//2635 2641//2641
f 2638//2638 2641//2641 2635//2635
f 3013//3013 3057//3057 2891//2891
f 3229//3229 3150//3150 3158//3158
f 3018//3018 2638//2638 3140//3140
f 3524//3524 3519//3519 3572//3572
f 2751//2751 2602//2602 2776//2776
f 2208//2208 2257//2257 2256//2256
f 3533//3533 3524//3524 3446//3446
f 3533//3533 3446//3446 3487//3487
f 3018//3018 3140//3140 3262//3262
f 3264//3264 3262//3262 3140//3140
f 2881//2881 2618//2618 3057//3057
f 2581//2581 2520//2520 2573//2573
f 3250//3250 3251//3251 3185//3185
f 3597//3597 3533//3533 3524//3524
f 3018//3018 3140//3140 2763//2763
f 3018//3018 2763//2763 2638//2638
f 3018//3018 2638//2638 2763//2763
f 2449//2449 2444//2444 2381//2381
f 2779//2779 2725//2725 2639//2639
f 2899//2899 2894//2894 2761//2761
f 2984//2984 3087//3087 2899//2899
f 3226//3226 3183//3183 3419//3419
f 3226//3226 3419//3419 3319//3319
f 3234//3234 3165//3165 2962//2962
f 1962//1962 2192//2192 2004//2004
f 3318//3318 3165//3165 3234//3234
f 3318//3318 3165//3165 3220//3220
f 3318//3318 3408//3408 3165//3165
f 1769//1769 2249//2249 1817//1817
f 3352//3352 3419//3419 3448//3448
f 3328//3328 3301//3301 3153//3153
f 3510//3510 3422//3422 3384//3384
f 3328//3328 3419//3419 3301//3301
f 3226//3226 3153//3153 3419//3419
f 3433//3433 3343//3343 3408//3408
f 3328//3328 3448//3448 3419//3419
f 1467//1467 2011//2011 1944//1944
f 3173//3173 3153//3153 3264//3264
f 3165//3165 3408//3408 3166//3166
f 3352//3352 3264//3264 3226//3226
f 3352//3352 3226//3226 3419//3419
f 3226//3226 3264//3264 3153//3153
f 3301//3301 3419//3419 3153//3153
f 1404//1404 1478//1478 1511//1511
f 2364//2364 2250//2250 2233//2233
f 1723//1723 1706//1706 1725//1725
f 1828//1828 1639//1639 1632//1632
f 1644//1644 1741//1741 1611//1611
f 1718//1718 1675//1675 1741//1741
f 1764//1764 1404//1404 1636//1636
f 1404//1404 1511//1511 1402//1402
f 1406//1406 1402//1402 1423//1423
f 2077//2077 2085//2085 2231//2231
f 2294//2294 2400//2400 2362//2362
f 2233//2233 2114//2114 2093//2093
f 1764//1764 1811//1811 1621//1621
f 2083//2083 2226//2226 2180//2180
f 2244//2244 2065//2065 2307//2307
f 2065//2065 2063//2063 1865//1865
f 2192//2192 2063//2063 2244//2244
f 1962//1962 1865//1865 2063//2063
f 1628//1628 1800//1800 1644//1644
f 2123//2123 2122//2122 2126//2126
f 1406//1406 1349//1349 1402//1402
f 1764//1764 1621//1621 1402//1402
f 1463//1463 1361//1361 1397//1397
f 1329//1329 1320//1320 1349//1349
f 2249//2249 2285//2285 2273//2273
f 2249//2249 2238//2238 2198//2198
f 2249//2249 2198//2198 2238//2238
f 1395//1395 1520//1520 1346//1346
f 1528//1528 1572//1572 1455//1455
f 1394//1394 1431//1431 1401//1401
f 3317//3317 2739//2739 2553//2553
f 2041//2041 2046//2046 1800//1800
f 1298//1298 1306//1306 1311//1311
f 1290//1290 1295//1295 1300//1300
f 1313//1313 1386//1386 1317//1317
f 1474//1474 1584//1584 1569//1569
f 1421//1421 1440//1440 1432//1432
f 1691//1691 1584//1584 1397//1397
f 2323//2323 2346//2346 2242//2242
f 1386//1386 1455//1455 1317//1317
f 1295//1295 1455//1455 1349//1349
f 1520//1520 1349//1349 1455//1455
f 2249//2249 2238//2238 2198//2198
f 2299//2299 2348//2348 2238//2238
f 1817//1817 2238//2238 1832//1832
f 1964//1964 1832//1832 2238//2238
f 1964//1964 2238//2238 1832//1832
f 2198//2198 1832//1832 2238//2238
f 3322//3322 3316//3316 3431//3431
f 1405//1405 1397//1397 1327//1327
f 1405//1405 1524//1524 1397//1397
f 1405//1405 1397//1397 1524//1524
f 1524//1524 1474//1474 1668//1668
f 2916//2916 3016//3016 3265//3265
f 2134//2134 2109//2109 2201//2201
f 1327//1327 1306//1306 1337//1337
f 1327//1327 1337//1337 1306//1306
f 2646//2646 2676//2676 2652//2652
f 1365//1365 1328//1328 1374//1374
f 1346//1346 1317//1317 1295//1295
f 1295//1295 1361//1361 1306//1306
f 1397//1397 1327//1327 1361//1361
f 1329//1329 1349//1349 1295//1295
f 1335//1335 1346//1346 1329//1329
f 2309//2309 2443//2443 2293//2293
f 2380//2380 2512//2512 2434//2434
f 1306//1306 1300//1300 1295//1295
f 2565//2565 2434//2434 2344//2344
f 1327//1327 1397//1397 1337//1337
f 1370//1370 1317//1317 1386//1386
f 1386//1386 1317//1317 1520//1520
f 1520//1520 1317//1317 1346//1346
f 1520//1520 1346//1346 1386//1386
f 1611//1611 1551//1551 1491//1491
f 1611//1611 1491//1491 1551//1551
f 1370//1370 1386//1386 1346//1346
f 1684//1684 1611//1611 1718//1718
f 1684//1684 1459//1459 1611//1611
f 1806//1806 1782//1782 1741//1741
f 1423//1423 1402//1402 1511//1511
f 2174//2174 2004//2004 2151//2151
f 2004//2004 1807//1807 1782//1782
f 1939//1939 1782//1782 2151//2151
f 1939//1939 2151//2151 1782//1782
f 2004//2004 1939//1939 1806//1806
f 1806//1806 1939//1939 1782//1782
f 2192//2192 2254//2254 2244//2244
f 1387//1387 1491//1491 1520//1520
f 2285//2285 2233//2233 2258//2258
f 2114//2114 2273//2273 2093//2093
f 2301//2301 2253//2253 2307//2307
f 1764//1764 1757//1757 1636//1636
f 63//63 46//46 117//117
f 1757//1757 1639//1639 1636//1636
f 1794//1794 1636//1636 1639//1639
f 2077//2077 2180//2180 2085//2085
f 1806//1806 1827//1827 2041//2041
f 1764//1764 1762//1762 1811//1811
f 1764//1764 1803//1803 1757//1757
f 1794//1794 1757//1757 1803//1803
f 1828//1828 1820//1820 1839//1839
f 1828//1828 1839//1839 1820//1820
f 1820//1820 2042//2042 2049//2049
f 2017//2017 2073//2073 2095//2095
f 2114//2114 2250//2250 2093//2093
f 2233//2233 2383//2383 2250//2250
f 3249//3249 3255//3255 3244//3244
f 2077//2077 2065//2065 2063//2063
f 1764//1764 1757//1757 1427//1427
f 1560//1560 1404//1404 1427//1427
f 1757//1757 1423//1423 1601//1601
f 1404//1404 1589//1589 1636//1636
f 1404//1404 1427//1427 1589//1589
f 1406//1406 1551//1551 1395//1395
f 1626//1626 1839//1839 1632//1632
f 1632//1632 1401//1401 1524//1524
f 1614//1614 1644//1644 1611//1611
f 1588//1588 1676//1676 1623//1623
f 2049//2049 1819//1819 1839//1839
f 2361//2361 2253//2253 2402//2402
f 2362//2362 2419//2419 2231//2231
f 2264//2264 2294//2294 2180//2180
f 2364//2364 2180//2180 2250//2250
f 2449//2449 2364//2364 2407//2407
f 2909//2909 2918//2918 2644//2644
f 2180//2180 2233//2233 2250//2250
f 1560//1560 1478//1478 1404//1404
f 1605//1605 1560//1560 1732//1732
f 1406//1406 1395//1395 1551//1551
f 1757//1757 1402//1402 1423//1423
f 1827//1827 1741//1741 1644//1644
f 2046//2046 1827//1827 1800//1800
f 2419//2419 2402//2402 2253//2253
f 1865//1865 2041//2041 2065//2065
f 2362//2362 2437//2437 2419//2419
f 2407//2407 2383//2383 2364//2364
f 2757//2757 3312//3312 3084//3084
f 2400//2400 2294//2294 2306//2306
f 1764//1764 1636//1636 1639//1639
f 1617//1617 1632//1632 1626//1626
f 1794//1794 1803//1803 1636//1636
f 1817//1817 1632//1632 1739//1739
f 122//122 184//184 180//180
f 1883//1883 1879//1879 1876//1876
f 2238//2238 2093//2093 2067//2067
f 1876//1876 2049//2049 2042//2042
f 2079//2079 2049//2049 1879//1879
f 2041//2041 1827//1827 2046//2046
f 2077//2077 2231//2231 2253//2253
f 2233//2233 2093//2093 2250//2250
f 3022//3022 3023//3023 3133//3133
f 3022//3022 3133//3133 3023//3023
f 1764//1764 1628//1628 1762//1762
f 1545//1545 1614//1614 1551//1551
f 1423//1423 1402//1402 1582//1582
f 1340//1340 1404//1404 1361//1361
f 1559//1559 1632//1632 1626//1626
f 1764//1764 1639//1639 1757//1757
f 1817//1817 1626//1626 1632//1632
f 2328//2328 2422//2422 2358//2358
f 1828//1828 2042//2042 1639//1639
f 2077//2077 2041//2041 2085//2085
f 3441//3441 3388//3388 3404//3404
f 2067//2067 2083//2083 2042//2042
f 2264//2264 2294//2294 2306//2306
f 2264//2264 2306//2306 2294//2294
f 1843//1843 1724//1724 1925//1925
f 1576//1576 1474//1474 1569//1569
f 1744//1744 1684//1684 1718//1718
f 1290//1290 1300//1300 1295//1295
f 1769//1769 1697//1697 1817//1817
f 1617//1617 1697//1697 1691//1691
f 1194//1194 1173//1173 1142//1142
f 1691//1691 1697//1697 1668//1668
f 2249//2249 2198//2198 2281//2281
f 1962//1962 2063//2063 2192//2192
f 1370//1370 1520//1520 1491//1491
f 1491//1491 1387//1387 1370//1370
f 1405//1405 1397//1397 1394//1394
f 3249//3249 2979//2979 3250//3250
f 1405//1405 1463//1463 1397//1397
f 1626//1626 1632//1632 1524//1524
f 1617//1617 1626//1626 1524//1524
f 3227//3227 3282//3282 3342//3342
f 3227//3227 3342//3342 3282//3282
f 2301//2301 2244//2244 2254//2254
f 1491//1491 1386//1386 1387//1387
f 1387//1387 1386//1386 1370//1370
f 1335//1335 1387//1387 1370//1370
f 3523//3523 3520//3520 3549//3549
f 3523//3523 3549//3549 3520//3520
f 1569//1569 1683//1683 1693//1693
f 1576//1576 1569//1569 1584//1584
f 1684//1684 1678//1678 1698//1698
f 1617//1617 1474//1474 1584//1584
f 1474//1474 1435//1435 1584//1584
f 1576//1576 1683//1683 1569//1569
f 1617//1617 1584//1584 1697//1697
f 1691//1691 1693//1693 1683//1683
f 2174//2174 2287//2287 2430//2430
f 2348//2348 2281//2281 2322//2322
f 1459//1459 1520//1520 1455//1455
f 1698//1698 1520//1520 1718//1718
f 1528//1528 1455//1455 1698//1698
f 1569//1569 1693//1693 1584//1584
f 1691//1691 1584//1584 1693//1693
f 1474//1474 1584//1584 1435//1435
f 1559//1559 1636//1636 1589//1589
f 1559//1559 1589//1589 1636//1636
f 1589//1589 1636//1636 1632//1632
f 1589//1589 1632//1632 1636//1636
f 1545//1545 1621//1621 1614//1614
f 1545//1545 1614//1614 1621//1621
f 3177//3177 3072//3072 3376//3376
f 3327//3327 3274//3274 3258//3258
f 3327//3327 3258//3258 3274//3274
f 2040//2040 2064//2064 2036//2036
f 3484//3484 3507//3507 3479//3479
f 3484//3484 3479//3479 3507//3507
f 3484//3484 3525//3525 3507//3507
f 3484//3484 3507//3507 3525//3525
f 1395//1395 1408//1408 1349//1349
f 1387//1387 1349//1349 1406//1406
f 1406//1406 1408//1408 1349//1349
f 1406//1406 1349//1349 1408//1408
f 1394//1394 1401//1401 1361//1361
f 1394//1394 1361//1361 1401//1401
f 1394//1394 1361//1361 1340//1340
f 1394//1394 1340//1340 1361//1361
f 2775//2775 2761//2761 2808//2808
f 2775//2775 2808//2808 2761//2761
f 2761//2761 2808//2808 2769//2769
f 2761//2761 2769//2769 2808//2808
f 2217//2217 2169//2169 2216//2216
f 2217//2217 2216//2216 2169//2169
f 2947//2947 3249//3249 3244//3244
f 2775//2775 2761//2761 2769//2769
f 2775//2775 2769//2769 2761//2761
f 2769//2769 2775//2775 2808//2808
f 2769//2769 2808//2808 2775//2775
f 2769//2769 2808//2808 2761//2761
f 2769//2769 2761//2761 2808//2808
f 2519//2519 2420//2420 2395//2395
f 2771//2771 2770//2770 2768//2768
f 2771//2771 2768//2768 2770//2770
f 2168//2168 2282//2282 2108//2108
f 3497//3497 3489//3489 3532//3532
f 3497//3497 3532//3532 3489//3489
f 3497//3497 3472//3472 3489//3489
f 3497//3497 3489//3489 3472//3472
f 1394//1394 1340//1340 1401//1401
f 1394//1394 1401//1401 1340//1340
f 2065//2065 2052//2052 2012//2012
f 2065//2065 2093//2093 2052//2052
f 3031//3031 3142//3142 3021//3021
f 1560//1560 1605//1605 1478//1478
f 1361//1361 1306//1306 1401//1401
f 3475//3475 3532//3532 3489//3489
f 3475//3475 3489//3489 3532//3532
f 3532//3532 3489//3489 3587//3587
f 1478//1478 1605//1605 1511//1511
f 3410//3410 3442//3442 3507//3507
f 3532//3532 3507//3507 3442//3442
f 1301//1301 1283//1283 1305//1305
f 1605//1605 1732//1732 1601//1601
f 3593//3593 3532//3532 3482//3482
f 2449//2449 2768//2768 2770//2770
f 2449//2449 2770//2770 2768//2768
f 2059//2059 2009//2009 2291//2291
f 1764//1764 2085//2085 2046//2046
f 2083//2083 1764//1764 1803//1803
f 1559//1559 1632//1632 1589//1589
f 3357//3357 3342//3342 3277//3277
f 1508//1508 1745//1745 1587//1587
f 2317//2317 2232//2232 2208//2208
f 2317//2317 2208//2208 2232//2232
f 2739//2739 2783//2783 2553//2553
f 1761//1761 1841//1841 1980//1980
f 3246//3246 3204//3204 3254//3254
f 2388//2388 2261//2261 2325//2325
f 1508//1508 1563//1563 1429//1429
f 1587//1587 1429//1429 1563//1563
f 3357//3357 3277//3277 3211//3211
f 2317//2317 2468//2468 2516//2516
f 1600//1600 2601//2601 2505//2505
f 2684//2684 2560//2560 2625//2625
f 2434//2434 2512//2512 2555//2555
f 2317//2317 2516//2516 2351//2351
f 2317//2317 2145//2145 2370//2370
f 2181//2181 2216//2216 2169//2169
f 2184//2184 2127//2127 2117//2117
f 2019//2019 2232//2232 2217//2217
f 2019//2019 2217//2217 2232//2232
f 1914//1914 1894//1894 1686//1686
f 1914//1914 1686//1686 1894//1894
f 2370//2370 2239//2239 2470//2470
f 1556//1556 1484//1484 1568//1568
f 2232//2232 2261//2261 2210//2210
f 3277//3277 2388//2388 3260//3260
f 3357//3357 2783//2783 3306//3306
f 2783//2783 3317//3317 3306//3306
f 2783//2783 2739//2739 3317//3317
f 2351//2351 2325//2325 2261//2261
f 2351//2351 2516//2516 2388//2388
f 1897//1897 1978//1978 1963//1963
f 2232//2232 1937//1937 2019//2019
f 3487//3487 3408//3408 3555//3555
f 2019//2019 1937//1937 1996//1996
f 1937//1937 1484//1484 1996//1996
f 1568//1568 1937//1937 2003//2003
f 1926//1926 1484//1484 1855//1855
f 3246//3246 3393//3393 3254//3254
f 1500//1500 1855//1855 1484//1484
f 1926//1926 1855//1855 1500//1500
f 1587//1587 1500//1500 1429//1429
f 1587//1587 1745//1745 1926//1926
f 3254//3254 3317//3317 2553//2553
f 2689//2689 2553//2553 2468//2468
f 2689//2689 2468//2468 2370//2370
f 1926//1926 2145//2145 2187//2187
f 1996//1996 1926//1926 2187//2187
f 1745//1745 1843//1843 2006//2006
f 3339//3339 3031//3031 2952//2952
f 2344//2344 2443//2443 2309//2309
f 3342//3342 3244//3244 3249//3249
f 3233//3233 2987//2987 2928//2928
f 2388//2388 2673//2673 2686//2686
f 1869//1869 1596//1596 1860//1860
f 2278//2278 2326//2326 2334//2334
f 2217//2217 2216//2216 2204//2204
f 1453//1453 1496//1496 1810//1810
f 3284//3284 2960//2960 2976//2976
f 3339//3339 3202//3202 3031//3031
f 3339//3339 3204//3204 3202//3202
f 3031//3031 3202//3202 3204//3204
f 2408//2408 2304//2304 2357//2357
f 2000//2000 1920//1920 1989//1989
f 3395//3395 2993//2993 3332//3332
f 2552//2552 2548//2548 2778//2778
f 2396//2396 2463//2463 2342//2342
f 2208//2208 2222//2222 2325//2325
f 1386//1386 1520//1520 1346//1346
f 2909//2909 3072//3072 2918//2918
f 2342//2342 2661//2661 2470//2470
f 2208//2208 2316//2316 2247//2247
f 1920//1920 2000//2000 1563//1563
f 3031//3031 3204//3204 2976//2976
f 2661//2661 2976//2976 2960//2960
f 2870//2870 2859//2859 2869//2869
f 2952//2952 2976//2976 2743//2743
f 3284//3284 2976//2976 3204//3204
f 2743//2743 2976//2976 2661//2661
f 2115//2115 2247//2247 2342//2342
f 2239//2239 2115//2115 2342//2342
f 1989//1989 2022//2022 2247//2247
f 2000//2000 1989//1989 2115//2115
f 1920//1920 1810//1810 1985//1985
f 3249//3249 3255//3255 3185//3185
f 2396//2396 2316//2316 2325//2325
f 1920//1920 1985//1985 1989//1989
f 2396//2396 2325//2325 2463//2463
f 1985//1985 1933//1933 2014//2014
f 3129//3129 3106//3106 2921//2921
f 1810//1810 1933//1933 1985//1985
f 3031//3031 2976//2976 2952//2952
f 2952//2952 2743//2743 2778//2778
f 2952//2952 2778//2778 3235//3235
f 1574//1574 1954//1954 1535//1535
f 2947//2947 2987//2987 3249//3249
f 2987//2987 2673//2673 2928//2928
f 2021//2021 2222//2222 2014//2014
f 1481//1481 1467//1467 1944//1944
f 2686//2686 2673//2673 2222//2222
f 2222//2222 2548//2548 2325//2325
f 2014//2014 1933//1933 1944//1944
f 2003//2003 2021//2021 2011//2011
f 2003//2003 2011//2011 2021//2021
f 1944//1944 2011//2011 2021//2021
f 1338//1338 1332//1332 1365//1365
f 3202//3202 2870//2870 3142//3142
f 3246//3246 2982//2982 2960//2960
f 1843//1843 2000//2000 2006//2006
f 1843//1843 1563//1563 2000//2000
f 1125//1125 1275//1275 1282//1282
f 1745//1745 1563//1563 1843//1843
f 1745//1745 1508//1508 1563//1563
f 2003//2003 2011//2011 1467//1467
f 3246//3246 3339//3339 3393//3393
f 2008//2008 2134//2134 2069//2069
f 1429//1429 1453//1453 1508//1508
f 2208//2208 2187//2187 2232//2232
f 2187//2187 2247//2247 2022//2022
f 1996//1996 2022//2022 1985//1985
f 1996//1996 1985//1985 2019//2019
f 2019//2019 1985//1985 2014//2014
f 2208//2208 2232//2232 2019//2019
f 2468//2468 2552//2552 2463//2463
f 2516//2516 2468//2468 2463//2463
f 2145//2145 2115//2115 2239//2239
f 2210//2210 2222//2222 2021//2021
f 1937//1937 1944//1944 1933//1933
f 1937//1937 1933//1933 1944//1944
f 2695//2695 2738//2738 2742//2742
f 2261//2261 2222//2222 2210//2210
f 2018//2018 2021//2021 2011//2011
f 2018//2018 2011//2011 2021//2021
f 2799//2799 2493//2493 2647//2647
f 2006//2006 2000//2000 2115//2115
f 2006//2006 2115//2115 2145//2145
f 1745//1745 1920//1920 1563//1563
f 1745//1745 1563//1563 1920//1920
f 2470//2470 2370//2370 2342//2342
f 3246//3246 3254//3254 3202//3202
f 3246//3246 3202//3202 3204//3204
f 2404//2404 2298//2298 2330//2330
f 3132//3132 3520//3520 3523//3523
f 1429//1429 1500//1500 1453//1453
f 1484//1484 1481//1481 1496//1496
f 1484//1484 1496//1496 1500//1500
f 1500//1500 1496//1496 1453//1453
f 3515//3515 3510//3510 3424//3424
f 3156//3156 3310//3310 3296//3296
f 1283//1283 1288//1288 1267//1267
f 2317//2317 2232//2232 2316//2316
f 3105//3105 2918//2918 3217//3217
f 2317//2317 2316//2316 2325//2325
f 2317//2317 2316//2316 2232//2232
f 3277//3277 3233//3233 2928//2928
f 3254//3254 3031//3031 2976//2976
f 2208//2208 2217//2217 2232//2232
f 2208//2208 2232//2232 2217//2217
f 3357//3357 3244//3244 3342//3342
f 1708//1708 1864//1864 1787//1787
f 3317//3317 3303//3303 3244//3244
f 3393//3393 3339//3339 3317//3317
f 3009//3009 2973//2973 2980//2980
f 2175//2175 2140//2140 2114//2114
f 1918//1918 1887//1887 1870//1870
f 2973//2973 2919//2919 2782//2782
f 1559//1559 1875//1875 1828//1828
f 1559//1559 1828//1828 1875//1875
f 2402//2402 2323//2323 2504//2504
f 2402//2402 2504//2504 2323//2323
f 3497//3497 3494//3494 3472//3472
f 1390//1390 1429//1429 1448//1448
f 1735//1735 1477//1477 1594//1594
f 3175//3175 1796//1796 1462//1462
f 1888//1888 1724//1724 1735//1735
f 1735//1735 1724//1724 1594//1594
f 2017//2017 2095//2095 2150//2150
f 2017//2017 2150//2150 1925//1925
f 2242//2242 2236//2236 2150//2150
f 1387//1387 1413//1413 1406//1406
f 1843//1843 1925//1925 1887//1887
f 2310//2310 3181//3181 2408//2408
f 3181//3181 2310//2310 2155//2155
f 3199//3199 2575//2575 2408//2408
f 3121//3121 3110//3110 3134//3134
f 3199//3199 2408//2408 3181//3181
f 2321//2321 1882//1882 2251//2251
f 2575//2575 1882//1882 2321//2321
f 1548//1548 1554//1554 3181//3181
f 1548//1548 3181//3181 2155//2155
f 2408//2408 2304//2304 2310//2310
f 2566//2566 2617//2617 3116//3116
f 2304//2304 2155//2155 2310//2310
f 1594//1594 1724//1724 1735//1735
f 1784//1784 3227//3227 1608//1608
f 2142//2142 3227//3227 2102//2102
f 2142//2142 2621//2621 3227//3227
f 1559//1559 1828//1828 1462//1462
f 1828//1828 1784//1784 1462//1462
f 1876//1876 1844//1844 1875//1875
f 2140//2140 2149//2149 2097//2097
f 2175//2175 2621//2621 2142//2142
f 2402//2402 2346//2346 2504//2504
f 2402//2402 2323//2323 2242//2242
f 2165//2165 2135//2135 2095//2095
f 2165//2165 2095//2095 2135//2135
f 2131//2131 2109//2109 2038//2038
f 2131//2131 2038//2038 2109//2109
f 1490//1490 1783//1783 1503//1503
f 1918//1918 1870//1870 1887//1887
f 1870//1870 1843//1843 1887//1887
f 1870//1870 1887//1887 1843//1843
f 3617//3617 3629//3629 3547//3547
f 1545//1545 1594//1594 1710//1710
f 1450//1450 1431//1431 1394//1394
f 1450//1450 1394//1394 1431//1431
f 1450//1450 1401//1401 1431//1431
f 1784//1784 1844//1844 2102//2102
f 3118//3118 2571//2571 2680//2680
f 2017//2017 2236//2236 2095//2095
f 3237//3237 2942//2942 3169//3169
f 1921//1921 1887//1887 1925//1925
f 1921//1921 2073//2073 1962//1962
f 1921//1921 1962//1962 1887//1887
f 1921//1921 1925//1925 2017//2017
f 3250//3250 3255//3255 3251//3251
f 1921//1921 2017//2017 2073//2073
f 1548//1548 1477//1477 1502//1502
f 1420//1420 1432//1432 1502//1502
f 1518//1518 1608//1608 2392//2392
f 3244//3244 2942//2942 3237//3237
f 1554//1554 1633//1633 3181//3181
f 1633//1633 3214//3214 3181//3181
f 1491//1491 1520//1520 1386//1386
f 1594//1594 1477//1477 1724//1724
f 3230//3230 3111//3111 2836//2836
f 3111//3111 2878//2878 2836//2836
f 2878//2878 2779//2779 2597//2597
f 1534//1534 1552//1552 1679//1679
f 2236//2236 2150//2150 2597//2597
f 2483//2483 2515//2515 2471//2471
f 2483//2483 2471//2471 2515//2515
f 3457//3457 3359//3359 3382//3382
f 2878//2878 2597//2597 2836//2836
f 2321//2321 2836//2836 2597//2597
f 2321//2321 2597//2597 2150//2150
f 1724//1724 1882//1882 1925//1925
f 1477//1477 1882//1882 1724//1724
f 1548//1548 1882//1882 1477//1477
f 1518//1518 1633//1633 1554//1554
f 1518//1518 1554//1554 1502//1502
f 2140//2140 2097//2097 2092//2092
f 1932//1932 2074//2074 2097//2097
f 1885//1885 2059//2059 2189//2189
f 1440//1440 1462//1462 1502//1502
f 1485//1485 1462//1462 1440//1440
f 1485//1485 1440//1440 1462//1462
f 1390//1390 1406//1406 1429//1429
f 1870//1870 1843//1843 1887//1887
f 3111//3111 2951//2951 2878//2878
f 3230//3230 3290//3290 3302//3302
f 3230//3230 3302//3302 3290//3290
f 3227//3227 2965//2965 3282//3282
f 3227//3227 2621//2621 2965//2965
f 2710//2710 2717//2717 2686//2686
f 2661//2661 2682//2682 2639//2639
f 2661//2661 2639//2639 2682//2682
f 2967//2967 2951//2951 3000//3000
f 2967//2967 3000//3000 2951//2951
f 3313//3313 3111//3111 3263//3263
f 3158//3158 3111//3111 3313//3313
f 3158//3158 3000//3000 2951//2951
f 3429//3429 3393//3393 3453//3453
f 3429//3429 3453//3453 3497//3497
f 3428//3428 3460//3460 3340//3340
f 3358//3358 3360//3360 3468//3468
f 2621//2621 2717//2717 2965//2965
f 2181//2181 2216//2216 2053//2053
f 2953//2953 2717//2717 2919//2919
f 2384//2384 2286//2286 2308//2308
f 3333//3333 3290//3290 3393//3393
f 3304//3304 3340//3340 3460//3460
f 3304//3304 3460//3460 3337//3337
f 3290//3290 3337//3337 3393//3393
f 2924//2924 2837//2837 2878//2878
f 2837//2837 2779//2779 2878//2878
f 3422//3422 3380//3380 3384//3384
f 3199//3199 3222//3222 3290//3290
f 3304//3304 3222//3222 3239//3239
f 3304//3304 3337//3337 3290//3290
f 3340//3340 3304//3304 3239//3239
f 3340//3340 3239//3239 3304//3304
f 3227//3227 3239//3239 3214//3214
f 2324//2324 2358//2358 2429//2429
f 2201//2201 2234//2234 1974//1974
f 2407//2407 2364//2364 2398//2398
f 2975//2975 2910//2910 2961//2961
f 3230//3230 3199//3199 3290//3290
f 2014//2014 2021//2021 2071//2071
f 2691//2691 2686//2686 2621//2621
f 2701//2701 2661//2661 2725//2725
f 2451//2451 2512//2512 2518//2518
f 3394//3394 3342//3342 3282//3282
f 3230//3230 3263//3263 3111//3111
f 2601//2601 2428//2428 2916//2916
f 3497//3497 3453//3453 3393//3393
f 2304//2304 2575//2575 2251//2251
f 2405//2405 2529//2529 2384//2384
f 2321//2321 2251//2251 2575//2575
f 2210//2210 2204//2204 2181//2181
f 3181//3181 2268//2268 2408//2408
f 2575//2575 2321//2321 2896//2896
f 2408//2408 2268//2268 2304//2304
f 2575//2575 2357//2357 2304//2304
f 3199//3199 2408//2408 2896//2896
f 3199//3199 3222//3222 2408//2408
f 2575//2575 2408//2408 2357//2357
f 1550//1550 1579//1579 1912//1912
f 1828//1828 1796//1796 1784//1784
f 1828//1828 1784//1784 1796//1796
f 1559//1559 1796//1796 1828//1828
f 1559//1559 1462//1462 1796//1796
f 1932//1932 1875//1875 1886//1886
f 2175//2175 2124//2124 2102//2102
f 2691//2691 2389//2389 2621//2621
f 2175//2175 2389//2389 2691//2691
f 2402//2402 2346//2346 2323//2323
f 2402//2402 2488//2488 2346//2346
f 2402//2402 2504//2504 2488//2488
f 2504//2504 2639//2639 2488//2488
f 2143//2143 2135//2135 2095//2095
f 1921//1921 1887//1887 1918//1918
f 1545//1545 1735//1735 1594//1594
f 1545//1545 1713//1713 1735//1735
f 1431//1431 1432//1432 1440//1440
f 1431//1431 1440//1440 1463//1463
f 2074//2074 1886//1886 2092//2092
f 2142//2142 1886//1886 1796//1796
f 1843//1843 1887//1887 2017//2017
f 1420//1420 1502//1502 1432//1432
f 1548//1548 1502//1502 1420//1420
f 1554//1554 1557//1557 2268//2268
f 3577//3577 3585//3585 3496//3496
f 3239//3239 1910//1910 1872//1872
f 1554//1554 2268//2268 3181//3181
f 3199//3199 2896//2896 3230//3230
f 2321//2321 2150//2150 2597//2597
f 2302//2302 1840//1840 2507//2507
f 2236//2236 2597//2597 2150//2150
f 2018//2018 2023//2023 1990//1990
f 2018//2018 1990//1990 2023//2023
f 1724//1724 1888//1888 2321//2321
f 2150//2150 1888//1888 2236//2236
f 2715//2715 2812//2812 2642//2642
f 1548//1548 1724//1724 2321//2321
f 1477//1477 1548//1548 1420//1420
f 1594//1594 1548//1548 1477//1477
f 2092//2092 2124//2124 2113//2113
f 2481//2481 2591//2591 2594//2594
f 2092//2092 2102//2102 2124//2124
f 2143//2143 2095//2095 2135//2135
f 1930//1930 1886//1886 1932//1932
f 1930//1930 1932//1932 1886//1886
f 1844//1844 1875//1875 1886//1886
f 1850//1850 1880//1880 1852//1852
f 1850//1850 1852//1852 1880//1880
f 3054//3054 3145//3145 3092//3092
f 1614//1614 1587//1587 1628//1628
f 1429//1429 1433//1433 1413//1413
f 3316//3316 3350//3350 3431//3431
f 1448//1448 1429//1429 1413//1413
f 1468//1468 1477//1477 1433//1433
f 1468//1468 1452//1452 1477//1477
f 1477//1477 1420//1420 1433//1433
f 2236//2236 2346//2346 2597//2597
f 2346//2346 2488//2488 2597//2597
f 2639//2639 2597//2597 2488//2488
f 2779//2779 2597//2597 2767//2767
f 2878//2878 2767//2767 2951//2951
f 3230//3230 3081//3081 3263//3263
f 3175//3175 3227//3227 3282//3282
f 3175//3175 3282//3282 2965//2965
f 3175//3175 2621//2621 2142//2142
f 2123//2123 2118//2118 2120//2120
f 2123//2123 2120//2120 2118//2118
f 3009//3009 3082//3082 3330//3330
f 3282//3282 3330//3330 3082//3082
f 2782//2782 2691//2691 2717//2717
f 2967//2967 2951//2951 2938//2938
f 3313//3313 3263//3263 3154//3154
f 3000//3000 3081//3081 2951//2951
f 3429//3429 3339//3339 3333//3333
f 2676//2676 2874//2874 2771//2771
f 3429//3429 3393//3393 3339//3339
f 3429//3429 3497//3497 3420//3420
f 3484//3484 3357//3357 3460//3460
f 2087//2087 2146//2146 2126//2126
f 2782//2782 2717//2717 2941//2941
f 2621//2621 2941//2941 2717//2717
f 3337//3337 3341//3341 3290//3290
f 3357//3357 3340//3340 3304//3304
f 3479//3479 3341//3341 3494//3494
f 3494//3494 3341//3341 3337//3337
f 3472//3472 3494//3494 3420//3420
f 3290//3290 3420//3420 3337//3337
f 2661//2661 2767//2767 2639//2639
f 2938//2938 2951//2951 2860//2860
f 2860//2860 2951//2951 2767//2767
f 2891//2891 2860//2860 2767//2767
f 2891//2891 2767//2767 2796//2796
f 2216//2216 2210//2210 2265//2265
f 2216//2216 2265//2265 2210//2210
f 3230//3230 3290//3290 3222//3222
f 3181//3181 3222//3222 3239//3239
f 3227//3227 3239//3239 3222//3222
f 3227//3227 3222//3222 3304//3304
f 3222//3222 3290//3290 3304//3304
f 3340//3340 3342//3342 3239//3239
f 3227//3227 3304//3304 3239//3239
f 3227//3227 3076//3076 3239//3239
f 3227//3227 1910//1910 3076//3076
f 2142//2142 2621//2621 2389//2389
f 2673//2673 2621//2621 2717//2717
f 2750//2750 2782//2782 2717//2717
f 2748//2748 2661//2661 2682//2682
f 3009//3009 2941//2941 2965//2965
f 3282//3282 3082//3082 2965//2965
f 2733//2733 2807//2807 2671//2671
f 3428//3428 3340//3340 3357//3357
f 3302//3302 3333//3333 3290//3290
f 2911//2911 2967//2967 2938//2938
f 2911//2911 2891//2891 2924//2924
f 3497//3497 3472//3472 3420//3420
f 3393//3393 3420//3420 3339//3339
f 2839//2839 2499//2499 2637//2637
f 2155//2155 2251//2251 2304//2304
f 2155//2155 2268//2268 2251//2251
f 2575//2575 2357//2357 2304//2304
f 2575//2575 2304//2304 2357//2357
f 2575//2575 2304//2304 2408//2408
f 1406//1406 1413//1413 1433//1433
f 1394//1394 1432//1432 1431//1431
f 1394//1394 1401//1401 1432//1432
f 1485//1485 1431//1431 1463//1463
f 1450//1450 1421//1421 1431//1431
f 1485//1485 1462//1462 1559//1559
f 1485//1485 1559//1559 1462//1462
f 1485//1485 1440//1440 1421//1421
f 1932//1932 1876//1876 1875//1875
f 2175//2175 2114//2114 2124//2124
f 3005//3005 2958//2958 2945//2945
f 2078//2078 2092//2092 2114//2114
f 3009//3009 3330//3330 3394//3394
f 3009//3009 2953//2953 2973//2973
f 3484//3484 3428//3428 3357//3357
f 3428//3428 3394//3394 3340//3340
f 3327//3327 3282//3282 3009//3009
f 1659//1659 1727//1727 1708//1708
f 2181//2181 2053//2053 2204//2204
f 3394//3394 3428//3428 3342//3342
f 3472//3472 3479//3479 3494//3494
f 3484//3484 3479//3479 3494//3494
f 3457//3457 3382//3382 3375//3375
f 3484//3484 3494//3494 3460//3460
f 3387//3387 3333//3333 3302//3302
f 3387//3387 3313//3313 3154//3154
f 2986//2986 2924//2924 2967//2967
f 3429//3429 3387//3387 3302//3302
f 1448//1448 1468//1468 1433//1433
f 1448//1448 1433//1433 1468//1468
f 1387//1387 1406//1406 1390//1390
f 2481//2481 2594//2594 2521//2521
f 3070//3070 2670//2670 3062//3062
f 2594//2594 2641//2641 2638//2638
f 2594//2594 3020//3020 2641//2641
f 2594//2594 2641//2641 3020//3020
f 1124//1124 1141//1141 1145//1145
f 3073//3073 2763//2763 2641//2641
f 3264//3264 3262//3262 3140//3140
f 2664//2664 2795//2795 2794//2794
f 3073//3073 3075//3075 3018//3018
f 3140//3140 3075//3075 3183//3183
f 3426//3426 3530//3530 3262//3262
f 2184//2184 2117//2117 2107//2107
f 3264//3264 3419//3419 3426//3426
f 3264//3264 3262//3262 3419//3419
f 3584//3584 3509//3509 3530//3530
f 3426//3426 3419//3419 3530//3530
f 3597//3597 3524//3524 3587//3587
f 3597//3597 3587//3587 3524//3524
f 3597//3597 3603//3603 3587//3587
f 3597//3597 3593//3593 3584//3584
f 3584//3584 3580//3580 3509//3509
f 1960//1960 1853//1853 1958//1958
f 3603//3603 3586//3586 3580//3580
f 3584//3584 3530//3530 3586//3586
f 3446//3446 3408//3408 3487//3487
f 3446//3446 3487//3487 3524//3524
f 3524//3524 3555//3555 3446//3446
f 3216//3216 3165//3165 3253//3253
f 3012//3012 2962//2962 3074//3074
f 3014//3014 3063//3063 3165//3165
f 3005//3005 2929//2929 2958//2958
f 3150//3150 3014//3014 3165//3165
f 3008//3008 3014//3014 3150//3150
f 3216//3216 3074//3074 3165//3165
f 3216//3216 3063//3063 3074//3074
f 3216//3216 3253//3253 3165//3165
f 79//79 179//179 176//176
f 2618//2618 3008//3008 2766//2766
f 2618//2618 2766//2766 2814//2814
f 2851//2851 2616//2616 2626//2626
f 2851//2851 2890//2890 2766//2766
f 3014//3014 2766//2766 2890//2890
f 3008//3008 2766//2766 3014//3014
f 3008//3008 2962//2962 2766//2766
f 2936//2936 2901//2901 2964//2964
f 3012//3012 2851//2851 2962//2962
f 2814//2814 2851//2851 3074//3074
f 2814//2814 3074//3074 2851//2851
f 2851//2851 3074//3074 3063//3063
f 2618//2618 2570//2570 2766//2766
f 2570//2570 2616//2616 2766//2766
f 2618//2618 2361//2361 2509//2509
f 2618//2618 2570//2570 2361//2361
f 3022//3022 3023//3023 3021//3021
f 2249//2249 2348//2348 2238//2238
f 2249//2249 2238//2238 2348//2348
f 2249//2249 2238//2238 1817//1817
f 1769//1769 1942//1942 2249//2249
f 1769//1769 1832//1832 1942//1942
f 1769//1769 1832//1832 1617//1617
f 1691//1691 1832//1832 1668//1668
f 1691//1691 1668//1668 1832//1832
f 1668//1668 1739//1739 1832//1832
f 1769//1769 1617//1617 1668//1668
f 1617//1617 1435//1435 1668//1668
f 1405//1405 1435//1435 1617//1617
f 1524//1524 1668//1668 1435//1435
f 1524//1524 1435//1435 1397//1397
f 1405//1405 1524//1524 1337//1337
f 1337//1337 1524//1524 1397//1397
f 1327//1327 1361//1361 1397//1397
f 1300//1300 1337//1337 1361//1361
f 1337//1337 1295//1295 1306//1306
f 1300//1300 1295//1295 1337//1337
f 1313//1313 1300//1300 1349//1349
f 1313//1313 1295//1295 1300//1300
f 2776//2776 2602//2602 2596//2596
f 1349//1349 1295//1295 1346//1346
f 1313//1313 1386//1386 1317//1317
f 1491//1491 1611//1611 1520//1520
f 1386//1386 1346//1346 1520//1520
f 1386//1386 1611//1611 1520//1520
f 1520//1520 1611//1611 1386//1386
f 2184//2184 2167//2167 2194//2194
f 1491//1491 1520//1520 1611//1611
f 1807//1807 1718//1718 1741//1741
f 3359//3359 3385//3385 3147//3147
f 1807//1807 1782//1782 1718//1718
f 1782//1782 1939//1939 1741//1741
f 2004//2004 1741//1741 1939//1939
f 2004//2004 1782//1782 1807//1807
f 1782//1782 2151//2151 1939//1939
f 2244//2244 1939//1939 2151//2151
f 3515//3515 3617//3617 3517//3517
f 2361//2361 2244//2244 2254//2254
f 2361//2361 2254//2254 2244//2244
f 3323//3323 3335//3335 3385//3385
f 1605//1605 1601//1601 1511//1511
f 1478//1478 1580//1580 1560//1560
f 2278//2278 2334//2334 2420//2420
f 1511//1511 1493//1493 1605//1605
f 1601//1601 1605//1605 1580//1580
f 1511//1511 1495//1495 1478//1478
f 1580//1580 1560//1560 1571//1571
f 1478//1478 1571//1571 1560//1560
f 3296//3296 3283//3283 3367//3367
f 1580//1580 1571//1571 1560//1560
f 1580//1580 1560//1560 1571//1571
f 1571//1571 1537//1537 1495//1495
f 1478//1478 1571//1571 1495//1495
f 1478//1478 1560//1560 1571//1571
f 1478//1478 1571//1571 1560//1560
f 1580//1580 1537//1537 1560//1560
f 3370//3370 3278//3278 3332//3332
f 1495//1495 1560//1560 1537//1537
f 3471//3471 3510//3510 3467//3467
f 2560//2560 2712//2712 2490//2490
f 2560//2560 2490//2490 2712//2712
f 3169//3169 3055//3055 3241//3241
f 3358//3358 3177//3177 3360//3360
f 2985//2985 2936//2936 3022//3022
f 2942//2942 2969//2969 2939//2939
f 3250//3250 3237//3237 3251//3251
f 3250//3250 3169//3169 3237//3237
f 3169//3169 3022//3022 3055//3055
f 3055//3055 3022//3022 3023//3023
f 3062//3062 3077//3077 3086//3086
f 3399//3399 3478//3478 3431//3431
f 2959//2959 2936//2936 3055//3055
f 3055//3055 3023//3023 2959//2959
f 3169//3169 2969//2969 2942//2942
f 2942//2942 2939//2939 2936//2936
f 3133//3133 3241//3241 3055//3055
f 3617//3617 3575//3575 3596//3596
f 3022//3022 2985//2985 3133//3133
f 3022//3022 3133//3133 2985//2985
f 2694//2694 2730//2730 2683//2683
f 3399//3399 3444//3444 3513//3513
f 2959//2959 3022//3022 3055//3055
f 2328//2328 2422//2422 2240//2240
f 3249//3249 3244//3244 3237//3237
f 3133//3133 3232//3232 3241//3241
f 3116//3116 3121//3121 3151//3151
f 3169//3169 3241//3241 3133//3133
f 3241//3241 3232//3232 3133//3133
f 1829//1829 1960//1960 1853//1853
f 1829//1829 1853//1853 1960//1960
f 3250//3250 3237//3237 3169//3169
f 2412//2412 2443//2443 2495//2495
f 3022//3022 3023//3023 3133//3133
f 3023//3023 3133//3133 3055//3055
f 3169//3169 3027//3027 2969//2969
f 3022//3022 2985//2985 3133//3133
f 3452//3452 3425//3425 3379//3379
f 2987//2987 2979//2979 3255//3255
f 3255//3255 2979//2979 3185//3185
f 2987//2987 2963//2963 2969//2969
f 3251//3251 3255//3255 3185//3185
f 1590//1590 3107//3107 3278//3278
f 2963//2963 3255//3255 3251//3251
f 2427//2427 2147//2147 3373//3373
f 2168//2168 2280//2280 2312//2312
f 3022//3022 3023//3023 3055//3055
f 3235//3235 3145//3145 3092//3092
f 2947//2947 3092//3092 2979//2979
f 2952//2952 3054//3054 3092//3092
f 2952//2952 3092//3092 3054//3054
f 3235//3235 3092//3092 3202//3202
f 3235//3235 3202//3202 3092//3092
f 2096//2096 2107//2107 1994//1994
f 3235//3235 3241//3241 3023//3023
f 3235//3235 3023//3023 3241//3241
f 2932//2932 2964//2964 3001//3001
f 3027//3027 3232//3232 3022//3022
f 3249//3249 3244//3244 3250//3250
f 3249//3249 3250//3250 3244//3244
f 2952//2952 2959//2959 2976//2976
f 2936//2936 2964//2964 2932//2932
f 2959//2959 2952//2952 2976//2976
f 2959//2959 2901//2901 2952//2952
f 3249//3249 3255//3255 3250//3250
f 3027//3027 3054//3054 2964//2964
f 3323//3323 3090//3090 3309//3309
f 2932//2932 2964//2964 2942//2942
f 3250//3250 2979//2979 3185//3185
f 3249//3249 2969//2969 2979//2979
f 2637//2637 2608//2608 2579//2579
f 3249//3249 3250//3250 2969//2969
f 3244//3244 2932//2932 2942//2942
f 3244//3244 3237//3237 2932//2932
f 3244//3244 2932//2932 3237//3237
f 3027//3027 2964//2964 2936//2936
f 3027//3027 2936//2936 2964//2964
f 2936//2936 2985//2985 2901//2901
f 3235//3235 3021//3021 3232//3232
f 3022//3022 3001//3001 3232//3232
f 3022//3022 3232//3232 3001//3001
f 3022//3022 3001//3001 3232//3232
f 3027//3027 2964//2964 3225//3225
f 2936//2936 3225//3225 2964//2964
f 3244//3244 3225//3225 2932//2932
f 2936//2936 2932//2932 3225//3225
f 2942//2942 2932//2932 3169//3169
f 3235//3235 3232//3232 3191//3191
f 3235//3235 3191//3191 3232//3232
f 3235//3235 3191//3191 3142//3142
f 3249//3249 3250//3250 3251//3251
f 3249//3249 3185//3185 3142//3142
f 3244//3244 3237//3237 3169//3169
f 3023//3023 3241//3241 3021//3021
f 3031//3031 3021//3021 3235//3235
f 3031//3031 3235//3235 3202//3202
f 3054//3054 3092//3092 3145//3145
f 2964//2964 2901//2901 3001//3001
f 3235//3235 3232//3232 3202//3202
f 3235//3235 3202//3202 3232//3232
f 1613//1613 1662//1662 1527//1527
f 3233//3233 3185//3185 2859//2859
f 3244//3244 3145//3145 3185//3185
f 3191//3191 3092//3092 3145//3145
f 2947//2947 2869//2869 2932//2932
f 2947//2947 2964//2964 2869//2869
f 2964//2964 2901//2901 2869//2869
f 3225//3225 3232//3232 3191//3191
f 54//54 206//206 73//73
f 3031//3031 2976//2976 3021//3021
f 2976//2976 3001//3001 3021//3021
f 2947//2947 2932//2932 2859//2859
f 2947//2947 2859//2859 2932//2932
f 3185//3185 3145//3145 3054//3054
f 3244//3244 3225//3225 3191//3191
f 3022//3022 3023//3023 3001//3001
f 3022//3022 3001//3001 3023//3023
f 3202//3202 3255//3255 3191//3191
f 3249//3249 3185//3185 3255//3255
f 2560//2560 2712//2712 2671//2671
f 3202//3202 2869//2869 2870//2870
f 3255//3255 3185//3185 3191//3191
f 2979//2979 2869//2869 3185//3185
f 2947//2947 2869//2869 2979//2979
f 2939//2939 2932//2932 2873//2873
f 2939//2939 2873//2873 2859//2859
f 3520//3520 3549//3549 3578//3578
f 3520//3520 3578//3578 3549//3549
f 2947//2947 2939//2939 2859//2859
f 2400//2400 2276//2276 2306//2306
f 1898//1898 1895//1895 1948//1948
f 1679//1679 1552//1552 1676//1676
f 2901//2901 2875//2875 2869//2869
f 2869//2869 2875//2875 2873//2873
f 2901//2901 2875//2875 2870//2870
f 3255//3255 2859//2859 3185//3185
f 3235//3235 3255//3255 3202//3202
f 3031//3031 2870//2870 2976//2976
f 3031//3031 3021//3021 3142//3142
f 2944//2944 2974//2974 2956//2956
f 3249//3249 3185//3185 3244//3244
f 3249//3249 3244//3244 3185//3185
f 2964//2964 3092//3092 3054//3054
f 2964//2964 3054//3054 3092//3092
f 3244//3244 3225//3225 3237//3237
f 2985//2985 3001//3001 2976//2976
f 2985//2985 2976//2976 3001//3001
f 2958//2958 2929//2929 2861//2861
f 3128//3128 3068//3068 3072//3072
f 1519//1519 1515//1515 1499//1499
f 3088//3088 3520//3520 3578//3578
f 3005//3005 2929//2929 2958//2958
f 3005//3005 2958//2958 2929//2929
f 3005//3005 2945//2945 2929//2929
f 2232//2232 2191//2191 2217//2217
f 2210//2210 2113//2113 2265//2265
f 3130//3130 3112//3112 3102//3102
f 3359//3359 3375//3375 3382//3382
f 2018//2018 2113//2113 2040//2040
f 2003//2003 2113//2113 2210//2210
f 2168//2168 2148//2148 2125//2125
f 1990//1990 2040//2040 2023//2023
f 2210//2210 2265//2265 2204//2204
f 2216//2216 2204//2204 2265//2265
f 2217//2217 2204//2204 2191//2191
f 2045//2045 2040//2040 2015//2015
f 2019//2019 2015//2015 1990//1990
f 2019//2019 1990//1990 2015//2015
f 2015//2015 2023//2023 2018//2018
f 2003//2003 2018//2018 2040//2040
f 2019//2019 2217//2217 2232//2232
f 2019//2019 2018//2018 1990//1990
f 2019//2019 1990//1990 2018//2018
f 2019//2019 1990//1990 2217//2217
f 2019//2019 2217//2217 1990//1990
f 1990//1990 2018//2018 2210//2210
f 2181//2181 2204//2204 2210//2210
f 3358//3358 3468//3468 3307//3307
f 2023//2023 2216//2216 2265//2265
f 1990//1990 2023//2023 2265//2265
f 2191//2191 2023//2023 2045//2045
f 2217//2217 2191//2191 2045//2045
f 2023//2023 2040//2040 2045//2045
f 2191//2191 2204//2204 2216//2216
f 2019//2019 2015//2015 2018//2018
f 2019//2019 2018//2018 2015//2015
f 2015//2015 2023//2023 2216//2216
f 2045//2045 2015//2015 2216//2216
f 2191//2191 2288//2288 2169//2169
f 2191//2191 2045//2045 2216//2216
f 1995//1995 1877//1877 2060//2060
f 2181//2181 2204//2204 2216//2216
f 2288//2288 2204//2204 2169//2169
f 2169//2169 2053//2053 2040//2040
f 2023//2023 2105//2105 2040//2040
f 2015//2015 2105//2105 2023//2023
f 1995//1995 2060//2060 2259//2259
f 2181//2181 2191//2191 2204//2204
f 2191//2191 2169//2169 2204//2204
f 2045//2045 2040//2040 2105//2105
f 2045//2045 2053//2053 2040//2040
f 2124//2124 2181//2181 2036//2036
f 2015//2015 2054//2054 2045//2045
f 2045//2045 2054//2054 2015//2015
f 2045//2045 2015//2015 2023//2023
f 2023//2023 2040//2040 2053//2053
f 2181//2181 2177//2177 2204//2204
f 2216//2216 2204//2204 2202//2202
f 2204//2204 2040//2040 2064//2064
f 2124//2124 2053//2053 2040//2040
f 2015//2015 2169//2169 2054//2054
f 2015//2015 2054//2054 2169//2169
f 2178//2178 2054//2054 2169//2169
f 2178//2178 2169//2169 2054//2054
f 2181//2181 2177//2177 2204//2204
f 2023//2023 2216//2216 2202//2202
f 2177//2177 2064//2064 2204//2204
f 2040//2040 2204//2204 2064//2064
f 2023//2023 2037//2037 2105//2105
f 2191//2191 2045//2045 2178//2178
f 2204//2204 2177//2177 2169//2169
f 2181//2181 2169//2169 2177//2177
f 2169//2169 2202//2202 2204//2204
f 1436//1436 1339//1339 1373//1373
f 2177//2177 2064//2064 2202//2202
f 1801//1801 1864//1864 1759//1759
f 1801//1801 1759//1759 1864//1864
f 2177//2177 2202//2202 2064//2064
f 2064//2064 2202//2202 2054//2054
f 2124//2124 2177//2177 2181//2181
f 1628//1628 1587//1587 1582//1582
f 2064//2064 2054//2054 2202//2202
f 2045//2045 2040//2040 2169//2169
f 1123//1123 1138//1138 1121//1121
f 2045//2045 2204//2204 2040//2040
f 2045//2045 2169//2169 2204//2204
f 2018//2018 2023//2023 2040//2040
f 2018//2018 2040//2040 2023//2023
f 2019//2019 2015//2015 1990//1990
f 2019//2019 1990//1990 2015//2015
f 2216//2216 2288//2288 2202//2202
f 2216//2216 2202//2202 2288//2288
f 2210//2210 2204//2204 2216//2216
f 2288//2288 2210//2210 2216//2216
f 1901//1901 1728//1728 1622//1622
f 1855//1855 1646//1646 1753//1753
f 1855//1855 1753//1753 1917//1917
f 2961//2961 2867//2867 2807//2807
f 1926//1926 1901//1901 1622//1622
f 1926//1926 1646//1646 1855//1855
f 52//52 103//103 196//196
f 1753//1753 1901//1901 1917//1917
f 1646//1646 1622//1622 1728//1728
f 1753//1753 1728//1728 1901//1901
f 1926//1926 1917//1917 1901//1901
f 2437//2437 2436//2436 2403//2403
f 2437//2437 2400//2400 2436//2436
f 2437//2437 2403//2403 2362//2362
f 2362//2362 2400//2400 2437//2437
f 2362//2362 2415//2415 2437//2437
f 2362//2362 2437//2437 2415//2415
f 2362//2362 2436//2436 2437//2437
f 2305//2305 2133//2133 2031//2031
f 2325//2325 2256//2256 2222//2222
f 2222//2222 2256//2256 2138//2138
f 2208//2208 2325//2325 2316//2316
f 1246//1246 1174//1174 1265//1265
f 2222//2222 2138//2138 2071//2071
f 2434//2434 2380//2380 2291//2291
f 2014//2014 2138//2138 2071//2071
f 2325//2325 2222//2222 2138//2138
f 2014//2014 2071//2071 2021//2021
f 1985//1985 2014//2014 1944//1944
f 2316//2316 2138//2138 2256//2256
f 2316//2316 2256//2256 2138//2138
f 2014//2014 2071//2071 2138//2138
f 2256//2256 2208//2208 2138//2138
f 2256//2256 2138//2138 2208//2208
f 2021//2021 1983//1983 1944//1944
f 2014//2014 2021//2021 1985//1985
f 1259//1259 1196//1196 1245//1245
f 2131//2131 2038//2038 2154//2154
f 2014//2014 1983//1983 2021//2021
f 2014//2014 1985//1985 1983//1983
f 2222//2222 2162//2162 2256//2256
f 2222//2222 2256//2256 2162//2162
f 2222//2222 2256//2256 2162//2162
f 2051//2051 2091//2091 2024//2024
f 2051//2051 2024//2024 2091//2091
f 2071//2071 2091//2091 2051//2051
f 2014//2014 2024//2024 2091//2091
f 2014//2014 2021//2021 2024//2024
f 3478//3478 3507//3507 3466//3466
f 2091//2091 2208//2208 2162//2162
f 2091//2091 2162//2162 2208//2208
f 2256//2256 2208//2208 2162//2162
f 2256//2256 2162//2162 2208//2208
f 3088//3088 2817//2817 2838//2838
f 2138//2138 2162//2162 2071//2071
f 3575//3575 3617//3617 3573//3573
f 2138//2138 2091//2091 2208//2208
f 2097//2097 2071//2071 2091//2091
f 2097//2097 2091//2091 2071//2071
f 1538//1538 1956//1956 1823//1823
f 2097//2097 2051//2051 2071//2071
f 2102//2102 2091//2091 2051//2051
f 2515//2515 2637//2637 2499//2499
f 2071//2071 2091//2091 2051//2051
f 2071//2071 2051//2051 2091//2091
f 2097//2097 2051//2051 2071//2071
f 2142//2142 2051//2051 2097//2097
f 2138//2138 2162//2162 2071//2071
f 2142//2142 2097//2097 2162//2162
f 2142//2142 2091//2091 2051//2051
f 2142//2142 2051//2051 2071//2071
f 2142//2142 2071//2071 2051//2051
f 2142//2142 2138//2138 2162//2162
f 2142//2142 2162//2162 2138//2138
f 2256//2256 2162//2162 2138//2138
f 2222//2222 2162//2162 2256//2256
f 1614//1614 1628//1628 1582//1582
f 1545//1545 1582//1582 1508//1508
f 1587//1587 1563//1563 1508//1508
f 3204//3204 3254//3254 3246//3246
f 41//41 126//126 33//33
f 3256//3256 3204//3204 3238//3238
f 3256//3256 3238//3238 3294//3294
f 3313//3313 3254//3254 3294//3294
f 3313//3313 3246//3246 3254//3254
f 3256//3256 3294//3294 3254//3254
f 1708//1708 1714//1714 1613//1613
f 3327//3327 3298//3298 3277//3277
f 3327//3327 3277//3277 3211//3211
f 3245//3245 3258//3258 3211//3211
f 3298//3298 3245//3245 3211//3211
f 2418//2418 2351//2351 2388//2388
f 2418//2418 2351//2351 2383//2383
f 2418//2418 2383//2383 2351//2351
f 2794//2794 2649//2649 2604//2604
f 1559//1559 1639//1639 1626//1626
f 1559//1559 1589//1589 1639//1639
f 1963//1963 1958//1958 2266//2266
f 3101//3101 3052//3052 2980//2980
f 3101//3101 2980//2980 3052//3052
f 2676//2676 2775//2775 2889//2889
f 3101//3101 2879//2879 2889//2889
f 3101//3101 2874//2874 2879//2879
f 3101//3101 3134//3134 3038//3038
f 2676//2676 2771//2771 2980//2980
f 3101//3101 2775//2775 2879//2879
f 3101//3101 2889//2889 2775//2775
f 2676//2676 2874//2874 2879//2879
f 3101//3101 2874//2874 2980//2980
f 2676//2676 2980//2980 2874//2874
f 3101//3101 2879//2879 2874//2874
f 2396//2396 2357//2357 2316//2316
f 3088//3088 2838//2838 3090//3090
f 1246//1246 1265//1265 1275//1275
f 2304//2304 2357//2357 2396//2396
f 2357//2357 2304//2304 2316//2316
f 1989//1989 1985//1985 2014//2014
f 1989//1989 2014//2014 1985//1985
f 2325//2325 2222//2222 2256//2256
f 2264//2264 2306//2306 2276//2276
f 2407//2407 2444//2444 2364//2364
f 2407//2407 2431//2431 2444//2444
f 2381//2381 2431//2431 2364//2364
f 2381//2381 2444//2444 2431//2431
f 1988//1988 1864//1864 2255//2255
f 1988//1988 2255//2255 1864//1864
f 2444//2444 2364//2364 2398//2398
f 2407//2407 2398//2398 2383//2383
f 2444//2444 2398//2398 2364//2364
f 2550//2550 2561//2561 2532//2532
f 2550//2550 2532//2532 2561//2561
f 2362//2362 2437//2437 2400//2400
f 2603//2603 2579//2579 2637//2637
f 2437//2437 2415//2415 2400//2400
f 2437//2437 2415//2415 2400//2400
f 1478//1478 1493//1493 1511//1511
f 1478//1478 1511//1511 1493//1493
f 1478//1478 1560//1560 1493//1493
f 1605//1605 1493//1493 1511//1511
f 1478//1478 1493//1493 1560//1560
f 1478//1478 1560//1560 1493//1493
f 3362//3362 3236//3236 3369//3369
f 3362//3362 3369//3369 3178//3178
f 3369//3369 3236//3236 3178//3178
f 3326//3326 3369//3369 3362//3362
f 3326//3326 3414//3414 3369//3369
f 3414//3414 3326//3326 3416//3416
f 3362//3362 3369//3369 3414//3414
f 3151//3151 3178//3178 3236//3236
f 3178//3178 3236//3236 3362//3362
f 2263//2263 2298//2298 2330//2330
f 2515//2515 2422//2422 2328//2328
f 2680//2680 3116//3116 3118//3118
f 2676//2676 3101//3101 2650//2650
f 3120//3120 2580//2580 2571//2571
f 3126//3126 2646//2646 2912//2912
f 2650//2650 3110//3110 2662//2662
f 2662//2662 3121//3121 2574//2574
f 3116//3116 2617//2617 3108//3108
f 3101//3101 3093//3093 3095//3095
f 2646//2646 2563//2563 2580//2580
f 2652//2652 2563//2563 2646//2646
f 2652//2652 2650//2650 2563//2563
f 2563//2563 2650//2650 2578//2578
f 2578//2578 2662//2662 2574//2574
f 2680//2680 2571//2571 2566//2566
f 2650//2650 2662//2662 2578//2578
f 2652//2652 2646//2646 2650//2650
f 2652//2652 2650//2650 2646//2646
f 3118//3118 3116//3116 3151//3151
f 3118//3118 3151//3151 3116//3116
f 3118//3118 3116//3116 3151//3151
f 3121//3121 3134//3134 3178//3178
f 3121//3121 3178//3178 3151//3151
f 3178//3178 3236//3236 3151//3151
f 2646//2646 2580//2580 2912//2912
f 2566//2566 2574//2574 2617//2617
f 2580//2580 3120//3120 2912//2912
f 2676//2676 2650//2650 2702//2702
f 3101//3101 3134//3134 3110//3110
f 3101//3101 3095//3095 3134//3134
f 2646//2646 3095//3095 3093//3093
f 3126//3126 3095//3095 2646//2646
f 2555//2555 2644//2644 2620//2620
f 2571//2571 2563//2563 2578//2578
f 3410//3410 3414//3414 3316//3316
f 3442//3442 3350//3350 3316//3316
f 3442//3442 3431//3431 3350//3350
f 3410//3410 3316//3316 3431//3431
f 3442//3442 3431//3431 3316//3316
f 3416//3416 3326//3326 3362//3362
f 3416//3416 3362//3362 3414//3414
f 3416//3416 3316//3316 3326//3326
f 3442//3442 3431//3431 3389//3389
f 3088//3088 2838//2838 3099//3099
f 3099//3099 3132//3132 3129//3129
f 2817//2817 2803//2803 2821//2821
f 3099//3099 2838//2838 2821//2821
f 2821//2821 2803//2803 2799//2799
f 1414//1414 1373//1373 1378//1378
f 2670//2670 2537//2537 2609//2609
f 2670//2670 2609//2609 2537//2537
f 2186//2186 2350//2350 2189//2189
f 2186//2186 2189//2189 1997//1997
f 57//57 84//84 91//91
f 1695//1695 1997//1997 1841//1841
f 2513//2513 2350//2350 2374//2374
f 2451//2451 2186//2186 2512//2512
f 3299//3299 2977//2977 3358//3358
f 1695//1695 1625//1625 1790//1790
f 1695//1695 1790//1790 1625//1625
f 1695//1695 1790//1790 1997//1997
f 2186//2186 2059//2059 2350//2350
f 2374//2374 2350//2350 2059//2059
f 2186//2186 1993//1993 2512//2512
f 2186//2186 2059//2059 1993//1993
f 2059//2059 1790//1790 1993//1993
f 113//113 54//54 211//211
f 3135//3135 3217//3217 2918//2918
f 3299//3299 3135//3135 2918//2918
f 2282//2282 2384//2384 2464//2464
f 2427//2427 1662//1662 2147//2147
f 2760//2760 2562//2562 2644//2644
f 2760//2760 2644//2644 2732//2732
f 2883//2883 2732//2732 2918//2918
f 1444//1444 1490//1490 1447//1447
f 2828//2828 2792//2792 2799//2799
f 2384//2384 2312//2312 2493//2493
f 2384//2384 2435//2435 2312//2312
f 2493//2493 2715//2715 2609//2609
f 2799//2799 2792//2792 2715//2715
f 2821//2821 2799//2799 2795//2795
f 3010//3010 2830//2830 3062//3062
f 3099//3099 3323//3323 3113//3113
f 3099//3099 3113//3113 3132//3132
f 3131//3131 3132//3132 3113//3113
f 3086//3086 3296//3296 3102//3102
f 3086//3086 3102//3102 3296//3296
f 3086//3086 3131//3131 3102//3102
f 3086//3086 3102//3102 2830//2830
f 3086//3086 2830//2830 2828//2828
f 3062//3062 3086//3086 3102//3102
f 2499//2499 2122//2122 2137//2137
f 2499//2499 2137//2137 2122//2122
f 3296//3296 3367//3367 3310//3310
f 3573//3573 3510//3510 3367//3367
f 3573//3573 3367//3367 3510//3510
f 3575//3575 3510//3510 3573//3573
f 3573//3573 3510//3510 3523//3523
f 3514//3514 3594//3594 3523//3523
f 3514//3514 3523//3523 3594//3594
f 2560//2560 2795//2795 2604//2604
f 2168//2168 2108//2108 2280//2280
f 3131//3131 3335//3335 3155//3155
f 2168//2168 2280//2280 2435//2435
f 2280//2280 2227//2227 2240//2240
f 2084//2084 2087//2087 2126//2126
f 2084//2084 2126//2126 2108//2108
f 2123//2123 2126//2126 2087//2087
f 1596//1596 1447//1447 1490//1490
f 1373//1373 1444//1444 1447//1447
f 1373//1373 1447//1447 1444//1444
f 1458//1458 1456//1456 1369//1369
f 1534//1534 1552//1552 1588//1588
f 1458//1458 1588//1588 1471//1471
f 1458//1458 1471//1471 1588//1588
f 1458//1458 1778//1778 1487//1487
f 2087//2087 2137//2137 2146//2146
f 3323//3323 3307//3307 3375//3375
f 3217//3217 3105//3105 3427//3427
f 3217//3217 3180//3180 3128//3128
f 3217//3217 3128//3128 3105//3105
f 3180//3180 3325//3325 3360//3360
f 3325//3325 3474//3474 3360//3360
f 3526//3526 3450//3450 3462//3462
f 3526//3526 3462//3462 3567//3567
f 1138//1138 1193//1193 1192//1192
f 1338//1338 1393//1393 1382//1382
f 59//59 103//103 70//70
f 2883//2883 2513//2513 2350//2350
f 2303//2303 2350//2350 2513//2513
f 3128//3128 2909//2909 3105//3105
f 2883//2883 2909//2909 2684//2684
f 2303//2303 2380//2380 2350//2350
f 2303//2303 2350//2350 2380//2380
f 2029//2029 2350//2350 2303//2303
f 2029//2029 1980//1980 2350//2350
f 2428//2428 2446//2446 2916//2916
f 3438//3438 3350//3350 3431//3431
f 1547//1547 1659//1659 1516//1516
f 2674//2674 2353//2353 2606//2606
f 1516//1516 2289//2289 1610//1610
f 1874//1874 2289//2289 1516//1516
f 3538//3538 3529//3529 3575//3575
f 2510//2510 3270//3270 2921//2921
f 2510//2510 2921//2921 1714//1714
f 1613//1613 1662//1662 1540//1540
f 1613//1613 1540//1540 1662//1662
f 1613//1613 3373//3373 2147//2147
f 2674//2674 2609//2609 2670//2670
f 2674//2674 2670//2670 3070//3070
f 3321//3321 3152//3152 3283//3283
f 3462//3462 3321//3321 3283//3283
f 3611//3611 3573//3573 3621//3621
f 1861//1861 1849//1849 1873//1873
f 3221//3221 3176//3176 3375//3375
f 3177//3177 2977//2977 3072//3072
f 3177//3177 3072//3072 2977//2977
f 3221//3221 3375//3375 3176//3176
f 2393//2393 2031//2031 2305//2305
f 1850//1850 1773//1773 1727//1727
f 1547//1547 1544//1544 1596//1596
f 1850//1850 1727//1727 1672//1672
f 1714//1714 2511//2511 2457//2457
f 3088//3088 3358//3358 2977//2977
f 3088//3088 3578//3578 3547//3547
f 2921//2921 3617//3617 3458//3458
f 2921//2921 3596//3596 3517//3517
f 2921//2921 3517//3517 3617//3617
f 1414//1414 1613//1613 1527//1527
f 1339//1339 1527//1527 1374//1374
f 1456//1456 1365//1365 1374//1374
f 1706//1706 1552//1552 1456//1456
f 2839//2839 2512//2512 2137//2137
f 3088//3088 2977//2977 2838//2838
f 2838//2838 2977//2977 2818//2818
f 1714//1714 2839//2839 2637//2637
f 3129//3129 3458//3458 3520//3520
f 3129//3129 3520//3520 3103//3103
f 2839//2839 2794//2794 2818//2818
f 2839//2839 2137//2137 2499//2499
f 2427//2427 2120//2120 1714//1714
f 2427//2427 1714//1714 2120//2120
f 2300//2300 2412//2412 2292//2292
f 1456//1456 1374//1374 1527//1527
f 1456//1456 1527//1527 1790//1790
f 1714//1714 2457//2457 2315//2315
f 1714//1714 2499//2499 2001//2001
f 1714//1714 2315//2315 2433//2433
f 1648//1648 1527//1527 1790//1790
f 1662//1662 2001//2001 1527//1527
f 2515//2515 2511//2511 2637//2637
f 1662//1662 1714//1714 2001//2001
f 2529//2529 2405//2405 2539//2539
f 2529//2529 2609//2609 2539//2539
f 2303//2303 2434//2434 2291//2291
f 2303//2303 2380//2380 2434//2434
f 2303//2303 2434//2434 2380//2380
f 2434//2434 2512//2512 2555//2555
f 2393//2393 2380//2380 2434//2434
f 2433//2433 2499//2499 2471//2471
f 2433//2433 2471//2471 2499//2499
f 1761//1761 1612//1612 1666//1666
f 1841//1841 1997//1997 1980//1980
f 3217//3217 3396//3396 3427//3427
f 1761//1761 1980//1980 1612//1612
f 1997//1997 2189//2189 1980//1980
f 2189//2189 2350//2350 1980//1980
f 2883//2883 2350//2350 2760//2760
f 2405//2405 2353//2353 2384//2384
f 1229//1229 1150//1150 1103//1103
f 2393//2393 2490//2490 2434//2434
f 2347//2347 2291//2291 2393//2393
f 2464//2464 2537//2537 2609//2609
f 2560//2560 2565//2565 2625//2625
f 2393//2393 2434//2434 2565//2565
f 2443//2443 2499//2499 2471//2471
f 2515//2515 2579//2579 2422//2422
f 2405//2405 2427//2427 2353//2353
f 2427//2427 2331//2331 2353//2353
f 1783//1783 1648//1648 1609//1609
f 1705//1705 1852//1852 1880//1880
f 1681//1681 1676//1676 1706//1706
f 3457//3457 3206//3206 3385//3385
f 1681//1681 1706//1706 1873//1873
f 1680//1680 1599//1599 1503//1503
f 1009//1009 1041//1041 988//988
f 2120//2120 2089//2089 2122//2122
f 1444//1444 1609//1609 1527//1527
f 2058//2058 1852//1852 2089//2089
f 2328//2328 2293//2293 2358//2358
f 2515//2515 2358//2358 2293//2293
f 2279//2279 2230//2230 2274//2274
f 2120//2120 2122//2122 2207//2207
f 2344//2344 2137//2137 2133//2133
f 1849//1849 1681//1681 1873//1873
f 2133//2133 2137//2137 1913//1913
f 1553//1553 1505//1505 1498//1498
f 2240//2240 2441//2441 2283//2283
f 2457//2457 2441//2441 2240//2240
f 2344//2344 2434//2434 2443//2443
f 2084//2084 2108//2108 2088//2088
f 1995//1995 1913//1913 1861//1861
f 2259//2259 2133//2133 2117//2117
f 2117//2117 2133//2133 2121//2121
f 2117//2117 2121//2121 2031//2031
f 1671//1671 1849//1849 1681//1681
f 1783//1783 1852//1852 1680//1680
f 2344//2344 2309//2309 2161//2161
f 1494//1494 1389//1389 1414//1414
f 1596//1596 1544//1544 1494//1494
f 1507//1507 1640//1640 1458//1458
f 1393//1393 1365//1365 1412//1412
f 1324//1324 1360//1360 1339//1339
f 1610//1610 1613//1613 1540//1540
f 2007//2007 2035//2035 2008//2008
f 1339//1339 1360//1360 1416//1416
f 1365//1365 1332//1332 1328//1328
f 1525//1525 1393//1393 1412//1412
f 1552//1552 1525//1525 1412//1412
f 1625//1625 1525//1525 1552//1552
f 1706//1706 1625//1625 1552//1552
f 2243//2243 2255//2255 2286//2286
f 2405//2405 2308//2308 2282//2282
f 2282//2282 2308//2308 2255//2255
f 2243//2243 1864//1864 2255//2255
f 1864//1864 1787//1787 2255//2255
f 1864//1864 2255//2255 1787//1787
f 2286//2286 1864//1864 2255//2255
f 2286//2286 2255//2255 1864//1864
f 1743//1743 1787//1787 1864//1864
f 1801//1801 1743//1743 1864//1864
f 1801//1801 1759//1759 1773//1773
f 1773//1773 1759//1759 1727//1727
f 1659//1659 1708//1708 1547//1547
f 1547//1547 1416//1416 1494//1494
f 1547//1547 1494//1494 1416//1416
f 1829//1829 1958//1958 1954//1954
f 1325//1325 1338//1338 1332//1332
f 1365//1365 1374//1374 1332//1332
f 1365//1365 1332//1332 1374//1374
f 1414//1414 1416//1416 1339//1339
f 1378//1378 1328//1328 1332//1332
f 1378//1378 1332//1332 1374//1374
f 1416//1416 1414//1414 1389//1389
f 1416//1416 1389//1389 1494//1494
f 1414//1414 1339//1339 1389//1389
f 1494//1494 1360//1360 1436//1436
f 1360//1360 1389//1389 1373//1373
f 1325//1325 1328//1328 1378//1378
f 1382//1382 1369//1369 1378//1378
f 1332//1332 1412//1412 1374//1374
f 1593//1593 1648//1648 1527//1527
f 3164//3164 3510//3510 3517//3517
f 1534//1534 1412//1412 1552//1552
f 1443//1443 1374//1374 1412//1412
f 1588//1588 1552//1552 1676//1676
f 1761//1761 1790//1790 1706//1706
f 1755//1755 1706//1706 1790//1790
f 1790//1790 1706//1706 1676//1676
f 2303//2303 2291//2291 2009//2009
f 1995//1995 1885//1885 1877//1877
f 2259//2259 2060//2060 1877//1877
f 2305//2305 2121//2121 2291//2291
f 1908//1908 2110//2110 2282//2282
f 1908//1908 1928//1928 2110//2110
f 2560//2560 2671//2671 2445//2445
f 1708//1708 1672//1672 1765//1765
f 2280//2280 2308//2308 2312//2312
f 1661//1661 1680//1680 1852//1852
f 1447//1447 1494//1494 1414//1414
f 2227//2227 2240//2240 2120//2120
f 2108//2108 2120//2120 2207//2207
f 2122//2122 2199//2199 2207//2207
f 2199//2199 2126//2126 2230//2230
f 1885//1885 1913//1913 2087//2087
f 2087//2087 2089//2089 1873//1873
f 1785//1785 1849//1849 1792//1792
f 2123//2123 2120//2120 2270//2270
f 1458//1458 1471//1471 1623//1623
f 1861//1861 1873//1873 1671//1671
f 1850//1850 1661//1661 1880//1880
f 1609//1609 1456//1456 1487//1487
f 3296//3296 3267//3267 3283//3283
f 1414//1414 1378//1378 1444//1444
f 1369//1369 1456//1456 1378//1378
f 1494//1494 1436//1436 1389//1389
f 1672//1672 1661//1661 1765//1765
f 1661//1661 1599//1599 1680//1680
f 1445//1445 1534//1534 1471//1471
f 1382//1382 1374//1374 1471//1471
f 1458//1458 1640//1640 1609//1609
f 2133//2133 1913//1913 2121//2121
f 2087//2087 1913//1913 2137//2137
f 1783//1783 1778//1778 1792//1792
f 2126//2126 2122//2122 2089//2089
f 2088//2088 2118//2118 1928//1928
f 2108//2108 2118//2118 2088//2088
f 2344//2344 2121//2121 2291//2291
f 2495//2495 2443//2443 2434//2434
f 2315//2315 2328//2328 2358//2358
f 2315//2315 2358//2358 2328//2328
f 2433//2433 2515//2515 2293//2293
f 2227//2227 2230//2230 2328//2328
f 1671//1671 1873//1873 1681//1681
f 1273//1273 1226//1226 1222//1222
f 1444//1444 1456//1456 1609//1609
f 1849//1849 1873//1873 2089//2089
f 1885//1885 1873//1873 1849//1849
f 1885//1885 1861//1861 1913//1913
f 2126//2126 2161//2161 2230//2230
f 2279//2279 2161//2161 2309//2309
f 2279//2279 2293//2293 2471//2471
f 2227//2227 2328//2328 2240//2240
f 1596//1596 1414//1414 1599//1599
f 41//41 126//126 108//108
f 1661//1661 1503//1503 1599//1599
f 1661//1661 1672//1672 1599//1599
f 1783//1783 1778//1778 1852//1852
f 2108//2108 2308//2308 2118//2118
f 2384//2384 2312//2312 2435//2435
f 1382//1382 1369//1369 1374//1374
f 1783//1783 1778//1778 1680//1680
f 1783//1783 1680//1680 1778//1778
f 1490//1490 1778//1778 1783//1783
f 1490//1490 1783//1783 1778//1778
f 2084//2084 2088//2088 1852//1852
f 2108//2108 2126//2126 2120//2120
f 2433//2433 2279//2279 2471//2471
f 2279//2279 2293//2293 2230//2230
f 2123//2123 2227//2227 2120//2120
f 2279//2279 2274//2274 2146//2146
f 2495//2495 2434//2434 2490//2490
f 2347//2347 2344//2344 2146//2146
f 1676//1676 1681//1681 1671//1671
f 1382//1382 1471//1471 1458//1458
f 1588//1588 1623//1623 1471//1471
f 1507//1507 1623//1623 1671//1671
f 1414//1414 1373//1373 1444//1444
f 1596//1596 1490//1490 1414//1414
f 1661//1661 1852//1852 1705//1705
f 1850//1850 2088//2088 2084//2084
f 2108//2108 2207//2207 2199//2199
f 2282//2282 2308//2308 2108//2108
f 2282//2282 2280//2280 2384//2384
f 1324//1324 1328//1328 1325//1325
f 1516//1516 1416//1416 1396//1396
f 3462//3462 3499//3499 3321//3321
f 1360//1360 1396//1396 1416//1416
f 1338//1338 1325//1325 1328//1328
f 2029//2029 2009//2009 1877//1877
f 1821//1821 1790//1790 1761//1761
f 1550//1550 1574//1574 1579//1579
f 1723//1723 1761//1761 1706//1706
f 1821//1821 1877//1877 1790//1790
f 1534//1534 1412//1412 1393//1393
f 1393//1393 1365//1365 1382//1382
f 1659//1659 1547//1547 1708//1708
f 1305//1305 1268//1268 1264//1264
f 1874//1874 1721//1721 1801//1801
f 1659//1659 1714//1714 1743//1743
f 1659//1659 1743//1743 1801//1801
f 2384//2384 2353//2353 2286//2286
f 2393//2393 2121//2121 2031//2031
f 2393//2393 2291//2291 2121//2121
f 1755//1755 1706//1706 1676//1676
f 1861//1861 1873//1873 1755//1755
f 1325//1325 1369//1369 1373//1373
f 3462//3462 3454//3454 3493//3493
f 1445//1445 1374//1374 1369//1369
f 1382//1382 1445//1445 1369//1369
f 1746//1746 1765//1765 1850//1850
f 1885//1885 2259//2259 2031//2031
f 1325//1325 1373//1373 1389//1389
f 1547//1547 1672//1672 1659//1659
f 2457//2457 2422//2422 2328//2328
f 1993//1993 1790//1790 1776//1776
f 1695//1695 1706//1706 1790//1790
f 1695//1695 1625//1625 1706//1706
f 1706//1706 1552//1552 1625//1625
f 1721//1721 1610//1610 1613//1613
f 1530//1530 1725//1725 1625//1625
f 1723//1723 1725//1725 1980//1980
f 1534//1534 1530//1530 1625//1625
f 1516//1516 1708//1708 1613//1613
f 1516//1516 1613//1613 1610//1610
f 1874//1874 1516//1516 1721//1721
f 2289//2289 2331//2331 2353//2353
f 2289//2289 2353//2353 2331//2331
f 3425//3425 3424//3424 3379//3379
f 3090//3090 3307//3307 3309//3309
f 3079//3079 3176//3176 3090//3090
f 3164//3164 3517//3517 3310//3310
f 3335//3335 3376//3376 3549//3549
f 3310//3310 3517//3517 3400//3400
f 2637//2637 2608//2608 2664//2664
f 2637//2637 2664//2664 2714//2714
f 2608//2608 2515//2515 2664//2664
f 2312//2312 2511//2511 2642//2642
f 2738//2738 2714//2714 2664//2664
f 1151//1151 1131//1131 1117//1117
f 2443//2443 2657//2657 2499//2499
f 2815//2815 2867//2867 2835//2835
f 2697//2697 2815//2815 2698//2698
f 3079//3079 2927//2927 2923//2923
f 2927//2927 2867//2867 2923//2923
f 2664//2664 2657//2657 2649//2649
f 3099//3099 3117//3117 3323//3323
f 3617//3617 3549//3549 3594//3594
f 3462//3462 3400//3400 3395//3395
f 3462//3462 3395//3395 3400//3400
f 3575//3575 3493//3493 3510//3510
f 3358//3358 3376//3376 3468//3468
f 1190//1190 1251//1251 1299//1299
f 3578//3578 3594//3594 3549//3549
f 3578//3578 3549//3549 3594//3594
f 3526//3526 3567//3567 3449//3449
f 2669//2669 2671//2671 2819//2819
f 3401//3401 3450//3450 3449//3449
f 3547//3547 3629//3629 3591//3591
f 3591//3591 3511//3511 3547//3547
f 3578//3578 3617//3617 3547//3547
f 3459//3459 3547//3547 3511//3511
f 3396//3396 3358//3358 3547//3547
f 2674//2674 2606//2606 2685//2685
f 2529//2529 2539//2539 2613//2613
f 2606//2606 2613//2613 2685//2685
f 2539//2539 2613//2613 2685//2685
f 2613//2613 2609//2609 2685//2685
f 2674//2674 2685//2685 2609//2609
f 3070//3070 2685//2685 3067//3067
f 2674//2674 3067//3067 2685//2685
f 2674//2674 3070//3070 3067//3067
f 3200//3200 3209//3209 3321//3321
f 2622//2622 3289//3289 2507//2507
f 3070//3070 3067//3067 3200//3200
f 3209//3209 3067//3067 3266//3266
f 3079//3079 2834//2834 2927//2927
f 3070//3070 3266//3266 3067//3067
f 3567//3567 3499//3499 3529//3529
f 3209//3209 3200//3200 3266//3266
f 3567//3567 3529//3529 3499//3499
f 1123//1123 1127//1127 1128//1128
f 1123//1123 1128//1128 1127//1127
f 3462//3462 3529//3529 3499//3499
f 3614//3614 3629//3629 3624//3624
f 3614//3614 3624//3624 3629//3629
f 3611//3611 3619//3619 3617//3617
f 3611//3611 3617//3617 3619//3619
f 3629//3629 3591//3591 3624//3624
f 3617//3617 3629//3629 3624//3624
f 3617//3617 3624//3624 3629//3629
f 3617//3617 3619//3619 3596//3596
f 3617//3617 3596//3596 3619//3619
f 3538//3538 3596//3596 3529//3529
f 3591//3591 3468//3468 3547//3547
f 3547//3547 3591//3591 3629//3629
f 3591//3591 3547//3547 3468//3468
f 3461//3461 3468//3468 3547//3547
f 3307//3307 3468//3468 3376//3376
f 3224//3224 3177//3177 3358//3358
f 3224//3224 3135//3135 3177//3177
f 2445//2445 2671//2671 2669//2669
f 3224//3224 3072//3072 3135//3135
f 3224//3224 3358//3358 3177//3177
f 3135//3135 3177//3177 3176//3176
f 2730//2730 2744//2744 2724//2724
f 3128//3128 3072//3072 3135//3135
f 3135//3135 3072//3072 2871//2871
f 3135//3135 2871//2871 3072//3072
f 2918//2918 3072//3072 2644//2644
f 2871//2871 2644//2644 3072//3072
f 2871//2871 2977//2977 2625//2625
f 2871//2871 3072//3072 2977//2977
f 2871//2871 2977//2977 3072//3072
f 2871//2871 2698//2698 2977//2977
f 2871//2871 2927//2927 2834//2834
f 2835//2835 2698//2698 2834//2834
f 2871//2871 2834//2834 2698//2698
f 2795//2795 2794//2794 2649//2649
f 2697//2697 2698//2698 2835//2835
f 2697//2697 2835//2835 2698//2698
f 3068//3068 2927//2927 3072//3072
f 2555//2555 2644//2644 2625//2625
f 2871//2871 2625//2625 2644//2644
f 3010//3010 2822//2822 3003//3003
f 3062//3062 2670//2670 2822//2822
f 3152//3152 3314//3314 3283//3283
f 3062//3062 3077//3077 3152//3152
f 3130//3130 3131//3131 3296//3296
f 3323//3323 3309//3309 3307//3307
f 3395//3395 3400//3400 3510//3510
f 3079//3079 3090//3090 2838//2838
f 3129//3129 3113//3113 3117//3117
f 2312//2312 2642//2642 2493//2493
f 2835//2835 2834//2834 2821//2821
f 2565//2565 2495//2495 2490//2490
f 3164//3164 3156//3156 3510//3510
f 3379//3379 3424//3424 3510//3510
f 3079//3079 3309//3309 3090//3090
f 3079//3079 3090//3090 3323//3323
f 50//50 133//133 52//52
f 3310//3310 3400//3400 3367//3367
f 3461//3461 3468//3468 3549//3549
f 3323//3323 3376//3376 3335//3335
f 3129//3129 3117//3117 3335//3335
f 3090//3090 3176//3176 3307//3307
f 2817//2817 2742//2742 2738//2738
f 2803//2803 2742//2742 2799//2799
f 2443//2443 2495//2495 2657//2657
f 2457//2457 2579//2579 2653//2653
f 2537//2537 2493//2493 2642//2642
f 2647//2647 2457//2457 2653//2653
f 3335//3335 3549//3549 3385//3385
f 3515//3515 3520//3520 3523//3523
f 2815//2815 2806//2806 2698//2698
f 2817//2817 2664//2664 2794//2794
f 2664//2664 2499//2499 2657//2657
f 3510//3510 3400//3400 3517//3517
f 2812//2812 2822//2822 2809//2809
f 2647//2647 2642//2642 2511//2511
f 2795//2795 2649//2649 2794//2794
f 2795//2795 2664//2664 2794//2794
f 3132//3132 3155//3155 3520//3520
f 3164//3164 3310//3310 3156//3156
f 3086//3086 2831//2831 2830//2830
f 2792//2792 2812//2812 2715//2715
f 2695//2695 2714//2714 2738//2738
f 2495//2495 2649//2649 2657//2657
f 2560//2560 2604//2604 2649//2649
f 2795//2795 2794//2794 2604//2604
f 2821//2821 2795//2795 2818//2818
f 2821//2821 2818//2818 2795//2795
f 3079//3079 3117//3117 3099//3099
f 3079//3079 3099//3099 3088//3088
f 3131//3131 3129//3129 3323//3323
f 3594//3594 3549//3549 3523//3523
f 1915//1915 1742//1742 1754//1754
f 3454//3454 3395//3395 3510//3510
f 3296//3296 3367//3367 3400//3400
f 3130//3130 3102//3102 3131//3131
f 3395//3395 3314//3314 3296//3296
f 1600//1600 2505//2505 2214//2214
f 3130//3130 3132//3132 3131//3131
f 2828//2828 2799//2799 2803//2803
f 2493//2493 2642//2642 2647//2647
f 2670//2670 2792//2792 2822//2822
f 2792//2792 2809//2809 2822//2822
f 2670//2670 2809//2809 2792//2792
f 3425//3425 3520//3520 3515//3515
f 3563//3563 3591//3591 3620//3620
f 3180//3180 3360//3360 3177//3177
f 3511//3511 3468//3468 3360//3360
f 3632//3632 3621//3621 3614//3614
f 3624//3624 3614//3614 3621//3621
f 3611//3611 3617//3617 3621//3621
f 3401//3401 3499//3499 3462//3462
f 3401//3401 3266//3266 3499//3499
f 2674//2674 3070//3070 2353//2353
f 3221//3221 3375//3375 3307//3307
f 3557//3557 3594//3594 3578//3578
f 3614//3614 3617//3617 3594//3594
f 3462//3462 3283//3283 3395//3395
f 3461//3461 3547//3547 3557//3557
f 3614//3614 3624//3624 3617//3617
f 3614//3614 3617//3617 3624//3624
f 3611//3611 3619//3619 3538//3538
f 2515//2515 2579//2579 2608//2608
f 3270//3270 3373//3373 3449//3449
f 3217//3217 3299//3299 3325//3325
f 3325//3325 3299//3299 3358//3358
f 3217//3217 3427//3427 3224//3224
f 3427//3427 3468//3468 3459//3459
f 3401//3401 3373//3373 3450//3450
f 3209//3209 3266//3266 3449//3449
f 3325//3325 3358//3358 3474//3474
f 3217//3217 3325//3325 3180//3180
f 3427//3427 3511//3511 3468//3468
f 3450//3450 3499//3499 3462//3462
f 3427//3427 3459//3459 3224//3224
f 1592//1592 1618//1618 2211//2211
f 3578//3578 3594//3594 3549//3549
f 3578//3578 3549//3549 3594//3594
f 3514//3514 3523//3523 3549//3549
f 3514//3514 3549//3549 3523//3523
f 3523//3523 3549//3549 3594//3594
f 3515//3515 3575//3575 3517//3517
f 3515//3515 3517//3517 3575//3575
f 3575//3575 3515//3515 3510//3510
f 3575//3575 3510//3510 3515//3515
f 2839//2839 2803//2803 2831//2831
f 2839//2839 2831//2831 2803//2803
f 2803//2803 2812//2812 2831//2831
f 2838//2838 2818//2818 2821//2821
f 2838//2838 2821//2821 2818//2818
f 2838//2838 2821//2821 2794//2794
f 2838//2838 2794//2794 2821//2821
f 2108//2108 2120//2120 2118//2118
f 2108//2108 2118//2118 2120//2120
f 2123//2123 2108//2108 2118//2118
f 2123//2123 2118//2118 2108//2108
f 1378//1378 1374//1374 1456//1456
f 1378//1378 1456//1456 1374//1374
f 3088//3088 2838//2838 2839//2839
f 2853//2853 2706//2706 2669//2669
f 3515//3515 3458//3458 3425//3425
f 3515//3515 3424//3424 3458//3458
f 3520//3520 3458//3458 3424//3424
f 3520//3520 3424//3424 3425//3425
f 1648//1648 1527//1527 1609//1609
f 1444//1444 1378//1378 1456//1456
f 3088//3088 3129//3129 3130//3130
f 3088//3088 3130//3130 2817//2817
f 3086//3086 2839//2839 3130//3130
f 3130//3130 3129//3129 3132//3132
f 3514//3514 3549//3549 3523//3523
f 2828//2828 2831//2831 2792//2792
f 2838//2838 2818//2818 2794//2794
f 2278//2278 2420//2420 2326//2326
f 2732//2732 2806//2806 2977//2977
f 2724//2724 2404//2404 2330//2330
f 2724//2724 2298//2298 2404//2404
f 3252//3252 3084//3084 3312//3312
f 2784//2784 2757//2757 2599//2599
f 2326//2326 2420//2420 2519//2519
f 2519//2519 2375//2375 2326//2326
f 2278//2278 2300//2300 2266//2266
f 2278//2278 2266//2266 2300//2300
f 2326//2326 2267//2267 2278//2278
f 2326//2326 2278//2278 2267//2267
f 2375//2375 2298//2298 2326//2326
f 2395//2395 2420//2420 2300//2300
f 2872//2872 2292//2292 2648//2648
f 2724//2724 2757//2757 2741//2741
f 3422//3422 3312//3312 3378//3378
f 2757//2757 3378//3378 3312//3312
f 2724//2724 2330//2330 2757//2757
f 2375//2375 2330//2330 2298//2298
f 1955//1955 1521//1521 1968//1968
f 1521//1521 1550//1550 1968//1968
f 2375//2375 2757//2757 2330//2330
f 1158//1158 1174//1174 1246//1246
f 2599//2599 2596//2596 2757//2757
f 2599//2599 2757//2757 2596//2596
f 2278//2278 2035//2035 1968//1968
f 2030//2030 2278//2278 1968//1968
f 2030//2030 1968//1968 1550//1550
f 2784//2784 2599//2599 2587//2587
f 3334//3334 3415//3415 3115//3115
f 1897//1897 1978//1978 1505//1505
f 2026//2026 2300//2300 2278//2278
f 1505//1505 1586//1586 1897//1897
f 2872//2872 2751//2751 2292//2292
f 2300//2300 2026//2026 1978//1978
f 2300//2300 2292//2292 2395//2395
f 3422//3422 3267//3267 3329//3329
f 2757//2757 2756//2756 2741//2741
f 1574//1574 1538//1538 1829//1829
f 1574//1574 1829//1829 1704//1704
f 2756//2756 2404//2404 2275//2275
f 2266//2266 2391//2391 2157//2157
f 1911//1911 3107//3107 1868//1868
f 2751//2751 2776//2776 2602//2602
f 3338//3338 2602//2602 2776//2776
f 1958//1958 2033//2033 2266//2266
f 1829//1829 1853//1853 1704//1704
f 2334//2334 2404//2404 2524//2524
f 1829//1829 1960//1960 1958//1958
f 1538//1538 1960//1960 1829//1829
f 2756//2756 3366//3366 2776//2776
f 1823//1823 1974//1974 1960//1960
f 3045//3045 2756//2756 3015//3015
f 3045//3045 3267//3267 2756//2756
f 3045//3045 2756//2756 2974//2974
f 2267//2267 1960//1960 2334//2334
f 2267//2267 2033//2033 1960//1960
f 2756//2756 2275//2275 2741//2741
f 2275//2275 2404//2404 2334//2334
f 1823//1823 1956//1956 1974//1974
f 2744//2744 2683//2683 2993//2993
f 2872//2872 3046//3046 2975//2975
f 2292//2292 2412//2412 2648//2648
f 1550//1550 1521//1521 1538//1538
f 1521//1521 1956//1956 1538//1538
f 1098//1098 1097//1097 1158//1158
f 3415//3415 3334//3334 3338//3338
f 3329//3329 3252//3252 3422//3422
f 1505//1505 1535//1535 1586//1586
f 2026//2026 2278//2278 2266//2266
f 2030//2030 2026//2026 2033//2033
f 2519//2519 2587//2587 2524//2524
f 2587//2587 2602//2602 2524//2524
f 2599//2599 2524//2524 2596//2596
f 2519//2519 2524//2524 2599//2599
f 2599//2599 2602//2602 2587//2587
f 1978//1978 1958//1958 1963//1963
f 2375//2375 2334//2334 2404//2404
f 2375//2375 2404//2404 2334//2334
f 2395//2395 2420//2420 2391//2391
f 2395//2395 2391//2391 2420//2420
f 1968//1968 1974//1974 1960//1960
f 1968//1968 1960//1960 1974//1974
f 1955//1955 2035//2035 1974//1974
f 1897//1897 1826//1826 2157//2157
f 2608//2608 2615//2615 2637//2637
f 1912//1912 1704//1704 1853//1853
f 1447//1447 1479//1479 1489//1489
f 3334//3334 3275//3275 3338//3338
f 3418//3418 3421//3421 3384//3384
f 1947//1947 1754//1754 1712//1712
f 1579//1579 1574//1574 1535//1535
f 3422//3422 3312//3312 3267//3267
f 3422//3422 3366//3366 3312//3312
f 2757//2757 2863//2863 2756//2756
f 2863//2863 2974//2974 2756//2756
f 2278//2278 2266//2266 2334//2334
f 1248//1248 1262//1262 1239//1239
f 2278//2278 2420//2420 2334//2334
f 1226//1226 1193//1193 1184//1184
f 2872//2872 2975//2975 3046//3046
f 3045//3045 3084//3084 3015//3015
f 3415//3415 3338//3338 3366//3366
f 3422//3422 3378//3378 3366//3366
f 3379//3379 3425//3425 3515//3515
f 3415//3415 3366//3366 3378//3378
f 1531//1531 1490//1490 1447//1447
f 2060//2060 1994//1994 2117//2117
f 1447//1447 1489//1489 1479//1479
f 1458//1458 1498//1498 1486//1486
f 1486//1486 1543//1543 1498//1498
f 1486//1486 1498//1498 1543//1543
f 1692//1692 1549//1549 1543//1543
f 1871//1871 1894//1894 1692//1692
f 2167//2167 1975//1975 2302//2302
f 1975//1975 1894//1894 1871//1871
f 2428//2428 2211//2211 2446//2446
f 2223//2223 2211//2211 2385//2385
f 1547//1547 1659//1659 1708//1708
f 2099//2099 2329//2329 2211//2211
f 2601//2601 2916//2916 3271//3271
f 2428//2428 2385//2385 2211//2211
f 1489//1489 1499//1499 1515//1515
f 1598//1598 1519//1519 1566//1566
f 2615//2615 2608//2608 2637//2637
f 1598//1598 3190//3190 2683//2683
f 1498//1498 1549//1549 1543//1543
f 1894//1894 1871//1871 1686//1686
f 1975//1975 1871//1871 1894//1894
f 2096//2096 2302//2302 1975//1975
f 1899//1899 1948//1948 1940//1940
f 1907//1907 1899//1899 1860//1860
f 2168//2168 2110//2110 2141//2141
f 2245//2245 2445//2445 2096//2096
f 2560//2560 2445//2445 2490//2490
f 2184//2184 2096//2096 2127//2127
f 2110//2110 1982//1982 1898//1898
f 1860//1860 2141//2141 1898//1898
f 2096//2096 1994//1994 2127//2127
f 1975//1975 1935//1935 1994//1994
f 1592//1592 1595//1595 1618//1618
f 1600//1600 1515//1515 1499//1499
f 1486//1486 1543//1543 1499//1499
f 1600//1600 1752//1752 1911//1911
f 1598//1598 1729//1729 3190//3190
f 3190//3190 1729//1729 2764//2764
f 1911//1911 2764//2764 1729//1729
f 1911//1911 3107//3107 2764//2764
f 1543//1543 1871//1871 1595//1595
f 2853//2853 3016//3016 2916//2916
f 2507//2507 2853//2853 2916//2916
f 2916//2916 2099//2099 2507//2507
f 2507//2507 2669//2669 2853//2853
f 1975//1975 2669//2669 2507//2507
f 2099//2099 1975//1975 2507//2507
f 1975//1975 2099//2099 1840//1840
f 1618//1618 1595//1595 2099//2099
f 1600//1600 1590//1590 1515//1515
f 1600//1600 1515//1515 1590//1590
f 1519//1519 1515//1515 1566//1566
f 2060//2060 2117//2117 2127//2127
f 1982//1982 1940//1940 1948//1948
f 1982//1982 1948//1948 1940//1940
f 1982//1982 1948//1948 1898//1898
f 1899//1899 1898//1898 1948//1948
f 1869//1869 1860//1860 1899//1899
f 1907//1907 1860//1860 1898//1898
f 1907//1907 1898//1898 1860//1860
f 1544//1544 1515//1515 1519//1519
f 1447//1447 1479//1479 1531//1531
f 1507//1507 1498//1498 1458//1458
f 2853//2853 3011//3011 3016//3016
f 2853//2853 3016//3016 3011//3011
f 3147//3147 3286//3286 3016//3016
f 3359//3359 3382//3382 3286//3286
f 3359//3359 3286//3286 3382//3382
f 3280//3280 3380//3380 3370//3370
f 3190//3190 3280//3280 3332//3332
f 2683//2683 3190//3190 2993//2993
f 3454//3454 3370//3370 3380//3380
f 3454//3454 3380//3380 3370//3370
f 3043//3043 2993//2993 3395//3395
f 2730//2730 2683//2683 2744//2744
f 3359//3359 3147//3147 3375//3375
f 3206//3206 3375//3375 3147//3147
f 3030//3030 3147//3147 3011//3011
f 2956//2956 2823//2823 2744//2744
f 2956//2956 2744//2744 2993//2993
f 3510//3510 3384//3384 3418//3418
f 2835//2835 2819//2819 2807//2807
f 2835//2835 2867//2867 2819//2819
f 2910//2910 2819//2819 2867//2867
f 3286//3286 3384//3384 3289//3289
f 2044//2044 2038//2038 2035//2035
f 2044//2044 2035//2035 2038//2038
f 3265//3265 3289//3289 3271//3271
f 3278//3278 3280//3280 3107//3107
f 2733//2733 2720//2720 2807//2807
f 3280//3280 3370//3370 3332//3332
f 3147//3147 3016//3016 3011//3011
f 3147//3147 3359//3359 3286//3286
f 3338//3338 3503//3503 3434//3434
f 2975//2975 3030//3030 3011//3011
f 2446//2446 2211//2211 2214//2214
f 2211//2211 2329//2329 2214//2214
f 3403//3403 3388//3388 3392//3392
f 3403//3403 3392//3392 3388//3388
f 2446//2446 2214//2214 2329//2329
f 2428//2428 2446//2446 2622//2622
f 2428//2428 2622//2622 2446//2446
f 2601//2601 2428//2428 2622//2622
f 2223//2223 2385//2385 2478//2478
f 2601//2601 2622//2622 2428//2428
f 2505//2505 2354//2354 2214//2214
f 2622//2622 2507//2507 2329//2329
f 2428//2428 2354//2354 2385//2385
f 1840//1840 2214//2214 2507//2507
f 2428//2428 2446//2446 2354//2354
f 1869//1869 1519//1519 1596//1596
f 1869//1869 1860//1860 1519//1519
f 2168//2168 2220//2220 2148//2148
f 2347//2347 2167//2167 2302//2302
f 2245//2245 2167//2167 2347//2347
f 1951//1951 1914//1914 1894//1894
f 1507//1507 1505//1505 1553//1553
f 2148//2148 1898//1898 2125//2125
f 1898//1898 1948//1948 2125//2125
f 2110//2110 2125//2125 1948//1948
f 1951//1951 1994//1994 1935//1935
f 2167//2167 2127//2127 2096//2096
f 1543//1543 1486//1486 1499//1499
f 1590//1590 1658//1658 1911//1911
f 1598//1598 1658//1658 1590//1590
f 1699//1699 1954//1954 1704//1704
f 2696//2696 3280//3280 3107//3107
f 2696//2696 1911//1911 1658//1658
f 1600//1600 1590//1590 3278//3278
f 1871//1871 1692//1692 1840//1840
f 2853//2853 3265//3265 3016//3016
f 1515//1515 1486//1486 1499//1499
f 1618//1618 1840//1840 1692//1692
f 1600//1600 1590//1590 1868//1868
f 1600//1600 1868//1868 1590//1590
f 1940//1940 1948//1948 1895//1895
f 1544//1544 1519//1519 1489//1489
f 1543//1543 1549//1549 1498//1498
f 1458//1458 1505//1505 1507//1507
f 2525//2525 2302//2302 2669//2669
f 2853//2853 2975//2975 2706//2706
f 3011//3011 3016//3016 3147//3147
f 3359//3359 3147//3147 3286//3286
f 3280//3280 3332//3332 3278//3278
f 2696//2696 2993//2993 3332//3332
f 2171//2171 2683//2683 2696//2696
f 3370//3370 3332//3332 3454//3454
f 3043//3043 3395//3395 3332//3332
f 2730//2730 2724//2724 2683//2683
f 2792//2792 2809//2809 2744//2744
f 2961//2961 2975//2975 3002//3002
f 3206//3206 3147//3147 3385//3385
f 3457//3457 3385//3385 3359//3359
f 2974//2974 2744//2744 2823//2823
f 2946//2946 2974//2974 2823//2823
f 2946//2946 2823//2823 2956//2956
f 2974//2974 2993//2993 2683//2683
f 2974//2974 2683//2683 2744//2744
f 3523//3523 3421//3421 3518//3518
f 3518//3518 3421//3421 3418//3418
f 3518//3518 3418//3418 3534//3534
f 3467//3467 3384//3384 3380//3380
f 3523//3523 3415//3415 3421//3421
f 3289//3289 3223//3223 3278//3278
f 3382//3382 3286//3286 3289//3289
f 1124//1124 1145//1145 1120//1120
f 3384//3384 3289//3289 3278//3278
f 3289//3289 3384//3384 3382//3382
f 3370//3370 3384//3384 3278//3278
f 3280//3280 3278//3278 3107//3107
f 3415//3415 3434//3434 3421//3421
f 3415//3415 3523//3523 3514//3514
f 2385//2385 2354//2354 2505//2505
f 2385//2385 2505//2505 2622//2622
f 2354//2354 2622//2622 2329//2329
f 2354//2354 2329//2329 2214//2214
f 2622//2622 2446//2446 2428//2428
f 2354//2354 2446//2446 2622//2622
f 2385//2385 2622//2622 2428//2428
f 1531//1531 1483//1483 1490//1490
f 1907//1907 1940//1940 1895//1895
f 1596//1596 1544//1544 1519//1519
f 2730//2730 2792//2792 2744//2744
f 2168//2168 2141//2141 2220//2220
f 2220//2220 2683//2683 2730//2730
f 2730//2730 2744//2744 2809//2809
f 3471//3471 3380//3380 3454//3454
f 3471//3471 3454//3454 3380//3380
f 3454//3454 3332//3332 3395//3395
f 3454//3454 3395//3395 3332//3332
f 3514//3514 3523//3523 3518//3518
f 3415//3415 3514//3514 3434//3434
f 3457//3457 3382//3382 3434//3434
f 3457//3457 3382//3382 3434//3434
f 3457//3457 3434//3434 3382//3382
f 3030//3030 3002//3002 2975//2975
f 3206//3206 3030//3030 3375//3375
f 2961//2961 3030//3030 2975//2975
f 2347//2347 2490//2490 2712//2712
f 2245//2245 2347//2347 2733//2733
f 2245//2245 2184//2184 2194//2194
f 2245//2245 2490//2490 2347//2347
f 1737//1737 1549//1549 1606//1606
f 1553//1553 1588//1588 1549//1549
f 2529//2529 2613//2613 2539//2539
f 1988//1988 2286//2286 2255//2255
f 1988//1988 2255//2255 2286//2286
f 2289//2289 2384//2384 2286//2286
f 1801//1801 1864//1864 2255//2255
f 1721//1721 1659//1659 1759//1759
f 1874//1874 1864//1864 1787//1787
f 1708//1708 1743//1743 1864//1864
f 1721//1721 1787//1787 1743//1743
f 1708//1708 1659//1659 1494//1494
f 1708//1708 1659//1659 1743//1743
f 1547//1547 1708//1708 1494//1494
f 1547//1547 1416//1416 1436//1436
f 1443//1443 1365//1365 1412//1412
f 1552//1552 1412//1412 1374//1374
f 1552//1552 1374//1374 1338//1338
f 1552//1552 1338//1338 1443//1443
f 1365//1365 1374//1374 1412//1412
f 1338//1338 1332//1332 1365//1365
f 1365//1365 1332//1332 1374//1374
f 1325//1325 1328//1328 1332//1332
f 1325//1325 1328//1328 1373//1373
f 1373//1373 1328//1328 1389//1389
f 1339//1339 1416//1416 1389//1389
f 1534//1534 1552//1552 1443//1443
f 1534//1534 1443//1443 1412//1412
f 3547//3547 3624//3624 3591//3591
f 1679//1679 1706//1706 1755//1755
f 1679//1679 1755//1755 1706//1706
f 1885//1885 1877//1877 1755//1755
f 2059//2059 1790//1790 1877//1877
f 1755//1755 1877//1877 1706//1706
f 1885//1885 1755//1755 1790//1790
f 1259//1259 1275//1275 1265//1265
f 1885//1885 2189//2189 2031//2031
f 2059//2059 2291//2291 2189//2189
f 2434//2434 2424//2424 2291//2291
f 2305//2305 2189//2189 2291//2291
f 2380//2380 2644//2644 2555//2555
f 2434//2434 2625//2625 2424//2424
f 2380//2380 2565//2565 2305//2305
f 2305//2305 2565//2565 2344//2344
f 2674//2674 2539//2539 2613//2613
f 2674//2674 2613//2613 2529//2529
f 2674//2674 2685//2685 2613//2613
f 3070//3070 3067//3067 2685//2685
f 2674//2674 3070//3070 2685//2685
f 3070//3070 3266//3266 3321//3321
f 3209//3209 3266//3266 3067//3067
f 3321//3321 3266//3266 3499//3499
f 3526//3526 3499//3499 3462//3462
f 3462//3462 3499//3499 3529//3529
f 3526//3526 3567//3567 3499//3499
f 3611//3611 3619//3619 3596//3596
f 3221//3221 3176//3176 3375//3375
f 3611//3611 3596//3596 3621//3621
f 3621//3621 3596//3596 3617//3617
f 3614//3614 3629//3629 3621//3621
f 48//48 179//179 87//87
f 3614//3614 3624//3624 3547//3547
f 3547//3547 3474//3474 3591//3591
f 3547//3547 3591//3591 3468//3468
f 3358//3358 3468//3468 3474//3474
f 3221//3221 3224//3224 3376//3376
f 3468//3468 3375//3375 3474//3474
f 3221//3221 3376//3376 3358//3358
f 3221//3221 3375//3375 3376//3376
f 3221//3221 3358//3358 3375//3375
f 3128//3128 3221//3221 3176//3176
f 3221//3221 3135//3135 3224//3224
f 3221//3221 3376//3376 3072//3072
f 3221//3221 3072//3072 3176//3176
f 3135//3135 2977//2977 3177//3177
f 3128//3128 3072//3072 2927//2927
f 3135//3135 3068//3068 2883//2883
f 2835//2835 2927//2927 2871//2871
f 3128//3128 2835//2835 2697//2697
f 3128//3128 2697//2697 3068//3068
f 3135//3135 2883//2883 2644//2644
f 2871//2871 2806//2806 2698//2698
f 2555//2555 2625//2625 2565//2565
f 2698//2698 2806//2806 2625//2625
f 2555//2555 2697//2697 2625//2625
f 2732//2732 2644//2644 2625//2625
f 2354//2354 2326//2326 2420//2420
f 2420//2420 2428//2428 2354//2354
f 1671//1671 1586//1586 1606//1606
f 1629//1629 1661//1661 1672//1672
f 3267//3267 3252//3252 3283//3283
f 3367//3367 3252//3252 3329//3329
f 3367//3367 3329//3329 3267//3267
f 3323//3323 3275//3275 3335//3335
f 3323//3323 3385//3385 3275//3275
f 3335//3335 3275//3275 3334//3334
f 3335//3335 3334//3334 3338//3338
f 2414//2414 2428//2428 2356//2356
f 2354//2354 2356//2356 2414//2414
f 2414//2414 2356//2356 2428//2428
f 2464//2464 2435//2435 2404//2404
f 2464//2464 2404//2404 2493//2493
f 2495//2495 2456//2456 2412//2412
f 2443//2443 2391//2391 2495//2495
f 2495//2495 2391//2391 2456//2456
f 2412//2412 2456//2456 2391//2391
f 1597//1597 1648//1648 1609//1609
f 1597//1597 1609//1609 1527//1527
f 1597//1597 1609//1609 1648//1648
f 1597//1597 1648//1648 1527//1527
f 1597//1597 1527//1527 1609//1609
f 2035//2035 2269//2269 2008//2008
f 2269//2269 2035//2035 2008//2008
f 2615//2615 2579//2579 2637//2637
f 2615//2615 2637//2637 2579//2579
f 2471//2471 2499//2499 2515//2515
f 2471//2471 2433//2433 2515//2515
f 2483//2483 2471//2471 2422//2422
f 2471//2471 2515//2515 2433//2433
f 2471//2471 2433//2433 2515//2515
f 3379//3379 3425//3425 3424//3424
f 3447//3447 3458//3458 3440//3440
f 3447//3447 3425//3425 3458//3458
f 3447//3447 3440//3440 3458//3458
f 3440//3440 3424//3424 3425//3425
f 3447//3447 3440//3440 3425//3425
f 3440//3440 3425//3425 3424//3424
f 3440//3440 3458//3458 3425//3425
f 3440//3440 3424//3424 3458//3458
f 3424//3424 3518//3518 3425//3425
f 3577//3577 3601//3601 3585//3585
f 2335//2335 2315//2315 2328//2328
f 2335//2335 2358//2358 2315//2315
f 2486//2486 2457//2457 2441//2441
f 2603//2603 2608//2608 2579//2579
f 2603//2603 2579//2579 2608//2608
f 2603//2603 2608//2608 2637//2637
f 2324//2324 2358//2358 2315//2315
f 1597//1597 1609//1609 1527//1527
f 1597//1597 1527//1527 1648//1648
f 1597//1597 1648//1648 1609//1609
f 1593//1593 1609//1609 1648//1648
f 1593//1593 1527//1527 1609//1609
f 1648//1648 1527//1527 1609//1609
f 1593//1593 1609//1609 1527//1527
f 1593//1593 1527//1527 1648//1648
f 1593//1593 1527//1527 1648//1648
f 1947//1947 1712//1712 1704//1704
f 1947//1947 1704//1704 1954//1954
f 1742//1742 1963//1963 1699//1699
f 1858//1858 1853//1853 1829//1829
f 1915//1915 1922//1922 1947//1947
f 1915//1915 1947//1947 2010//2010
f 1956//1956 1974//1974 1905//1905
f 1916//1916 1823//1823 1905//1905
f 1916//1916 1829//1829 1823//1823
f 1916//1916 1958//1958 1858//1858
f 1905//1905 1974//1974 1960//1960
f 1916//1916 1905//1905 1960//1960
f 1823//1823 1974//1974 1834//1834
f 1823//1823 1829//1829 1974//1974
f 1834//1834 1974//1974 1956//1956
f 1823//1823 1905//1905 1834//1834
f 1829//1829 1853//1853 1960//1960
f 1829//1829 1960//1960 1974//1974
f 1905//1905 1834//1834 1956//1956
f 1858//1858 1958//1958 1853//1853
f 1829//1829 1853//1853 1916//1916
f 2188//2188 2044//2044 2154//2154
f 2008//2008 2035//2035 2298//2298
f 2263//2263 2278//2278 2326//2326
f 2188//2188 2278//2278 2263//2263
f 2188//2188 2263//2263 2278//2278
f 2188//2188 2154//2154 2278//2278
f 2134//2134 2044//2044 2154//2154
f 2044//2044 2030//2030 2154//2154
f 2007//2007 2044//2044 2035//2035
f 2188//2188 2278//2278 2263//2263
f 3496//3496 3475//3475 3489//3489
f 2007//2007 2030//2030 2044//2044
f 1150//1150 1157//1157 1128//1128
f 2044//2044 2298//2298 2035//2035
f 3598//3598 3507//3507 3478//3478
f 2134//2134 2298//2298 2044//2044
f 2134//2134 2298//2298 2139//2139
f 2134//2134 2139//2139 2298//2298
f 2263//2263 2298//2298 2201//2201
f 2263//2263 2201//2201 2298//2298
f 2188//2188 2139//2139 2201//2201
f 2188//2188 2201//2201 2139//2139
f 2188//2188 2298//2298 2201//2201
f 2188//2188 2263//2263 2298//2298
f 2263//2263 2330//2330 2298//2298
f 2263//2263 2326//2326 2330//2330
f 2263//2263 2326//2326 2278//2278
f 2008//2008 2263//2263 2188//2188
f 2044//2044 2139//2139 2154//2154
f 2007//2007 2035//2035 2030//2030
f 2044//2044 2030//2030 2035//2035
f 2188//2188 2030//2030 2044//2044
f 2263//2263 2330//2330 2326//2326
f 2008//2008 2188//2188 2134//2134
f 2069//2069 2044//2044 2035//2035
f 2188//2188 2139//2139 2134//2134
f 2188//2188 2278//2278 2154//2154
f 2263//2263 2326//2326 2278//2278
f 2263//2263 2278//2278 2326//2326
f 2263//2263 2326//2326 2278//2278
f 2330//2330 2263//2263 2269//2269
f 2284//2284 2269//2269 2263//2263
f 2284//2284 2263//2263 2235//2235
f 2284//2284 2235//2235 2326//2326
f 2330//2330 2284//2284 2263//2263
f 2263//2263 2284//2284 2326//2326
f 2007//2007 2044//2044 2030//2030
f 2035//2035 2044//2044 2007//2007
f 2013//2013 2030//2030 2044//2044
f 2035//2035 2007//2007 2013//2013
f 2188//2188 2139//2139 2235//2235
f 2188//2188 2235//2235 2263//2263
f 2131//2131 2154//2154 2235//2235
f 2263//2263 2235//2235 2154//2154
f 2188//2188 2154//2154 2139//2139
f 2188//2188 2263//2263 2154//2154
f 2131//2131 2139//2139 2109//2109
f 2131//2131 2109//2109 2139//2139
f 2044//2044 2038//2038 2109//2109
f 2044//2044 2154//2154 2038//2038
f 2044//2044 2139//2139 2109//2109
f 2044//2044 2109//2109 2139//2139
f 2269//2269 2235//2235 2263//2263
f 2269//2269 2263//2263 2188//2188
f 2269//2269 2188//2188 2201//2201
f 2188//2188 2263//2263 2235//2235
f 2188//2188 2235//2235 2201//2201
f 2188//2188 2109//2109 2139//2139
f 2109//2109 2235//2235 2201//2201
f 2134//2134 2201//2201 2139//2139
f 2134//2134 2109//2109 2235//2235
f 2134//2134 2235//2235 2109//2109
f 2044//2044 2139//2139 2109//2109
f 2044//2044 2109//2109 2139//2139
f 2134//2134 2109//2109 2069//2069
f 2134//2134 2069//2069 2109//2109
f 2134//2134 2069//2069 2109//2109
f 2069//2069 2044//2044 2109//2109
f 2069//2069 2109//2109 2044//2044
f 2013//2013 2035//2035 2038//2038
f 2013//2013 2038//2038 2035//2035
f 3381//3381 2695//2695 2742//2742
f 3381//3381 2742//2742 2695//2695
f 3381//3381 3131//3131 3156//3156
f 3381//3381 3156//3156 3131//3131
f 3447//3447 3621//3621 3381//3381
f 3447//3447 3381//3381 3621//3621
f 3447//3447 2477//2477 3621//3621
f 3447//3447 3621//3621 2477//2477
f 3447//3447 2695//2695 2477//2477
f 3447//3447 2477//2477 2695//2695
f 3447//3447 3381//3381 2695//2695
f 2429//2429 2422//2422 2477//2477
f 1229//1229 1246//1246 1279//1279
f 1303//1303 1287//1287 1279//1279
f 1226//1226 1292//1292 1280//1280
f 1226//1226 1280//1280 1222//1222
f 1148//1148 1184//1184 1125//1125
f 1120//1120 1098//1098 1103//1103
f 1098//1098 1158//1158 1103//1103
f 1254//1254 1245//1245 1275//1275
f 1098//1098 1120//1120 1119//1119
f 1098//1098 1119//1119 1209//1209
f 1279//1279 1275//1275 1282//1282
f 1209//1209 1275//1275 1279//1279
f 1196//1196 1282//1282 1275//1275
f 1209//1209 1202//1202 1275//1275
f 1273//1273 1287//1287 1282//1282
f 1148//1148 1226//1226 1184//1184
f 1229//1229 1150//1150 1209//1209
f 1229//1229 1158//1158 1150//1150
f 1098//1098 1150//1150 1158//1158
f 1273//1273 1277//1277 1287//1287
f 1229//1229 1246//1246 1158//1158
f 1103//1103 1158//1158 1098//1098
f 1148//1148 1125//1125 1222//1222
f 1273//1273 1222//1222 1280//1280
f 1184//1184 1120//1120 1123//1123
f 1120//1120 1103//1103 1123//1123
f 1148//1148 1184//1184 1123//1123
f 1273//1273 1184//1184 1226//1226
f 1229//1229 1287//1287 1247//1247
f 1273//1273 1240//1240 1277//1277
f 1273//1273 1226//1226 1240//1240
f 1148//1148 1123//1123 1103//1103
f 1148//1148 1103//1103 1123//1123
f 1103//1103 1150//1150 1123//1123
f 1273//1273 1287//1287 1292//1292
f 1229//1229 1103//1103 1158//1158
f 1273//1273 1292//1292 1184//1184
f 1226//1226 1184//1184 1292//1292
f 1229//1229 1103//1103 1150//1150
f 1229//1229 1150//1150 1103//1103
f 1120//1120 1125//1125 1148//1148
f 1303//1303 1277//1277 1280//1280
f 1303//1303 1279//1279 1229//1229
f 1229//1229 1279//1279 1246//1246
f 1184//1184 1196//1196 1120//1120
f 1098//1098 1103//1103 1120//1120
f 1209//1209 1279//1279 1287//1287
f 1226//1226 1282//1282 1196//1196
f 1148//1148 1240//1240 1226//1226
f 1229//1229 1247//1247 1227//1227
f 1247//1247 1277//1277 1227//1227
f 1277//1277 1240//1240 1263//1263
f 1148//1148 1127//1127 1187//1187
f 1148//1148 1123//1123 1127//1127
f 1150//1150 1128//1128 1123//1123
f 1150//1150 1227//1227 1157//1157
f 1273//1273 1247//1247 1287//1287
f 1254//1254 1275//1275 1202//1202
f 1277//1277 1263//1263 1227//1227
f 1124//1124 1120//1120 1127//1127
f 1235//1235 1261//1261 1263//1263
f 1241//1241 1182//1182 1227//1227
f 1124//1124 1157//1157 1182//1182
f 1124//1124 1119//1119 1128//1128
f 1124//1124 1128//1128 1119//1119
f 1145//1145 1187//1187 1120//1120
f 1235//1235 1263//1263 1240//1240
f 1127//1127 1120//1120 1187//1187
f 1124//1124 1127//1127 1128//1128
f 1157//1157 1119//1119 1128//1128
f 1182//1182 1157//1157 1227//1227
f 1235//1235 1145//1145 1141//1141
f 1292//1292 1287//1287 1303//1303
f 1229//1229 1158//1158 1246//1246
f 1124//1124 1174//1174 1141//1141
f 1141//1141 1119//1119 1196//1196
f 1261//1261 1235//1235 1141//1141
f 1241//1241 1174//1174 1182//1182
f 1174//1174 1119//1119 1141//1141
f 1261//1261 1259//1259 1241//1241
f 1141//1141 1196//1196 1259//1259
f 1259//1259 1245//1245 1254//1254
f 1174//1174 1202//1202 1119//1119
f 1124//1124 1182//1182 1174//1174
f 1148//1148 1222//1222 1226//1226
f 1125//1125 1141//1141 1259//1259
f 1246//1246 1275//1275 1279//1279
f 1209//1209 1279//1279 1246//1246
f 1209//1209 1246//1246 1279//1279
f 1125//1125 1282//1282 1222//1222
f 1303//1303 1282//1282 1275//1275
f 1303//1303 1246//1246 1279//1279
f 1303//1303 1275//1275 1246//1246
f 1158//1158 1246//1246 1209//1209
f 1158//1158 1209//1209 1246//1246
f 1158//1158 1097//1097 1174//1174
f 1222//1222 1275//1275 1259//1259
f 1125//1125 1259//1259 1141//1141
f 1303//1303 1275//1275 1280//1280
f 1125//1125 1222//1222 1259//1259
f 1158//1158 1246//1246 1202//1202
f 1241//1241 1265//1265 1174//1174
f 1241//1241 1259//1259 1265//1265
f 1125//1125 1279//1279 1275//1275
f 1125//1125 1259//1259 1279//1279
f 1246//1246 1279//1279 1174//1174
f 1246//1246 1174//1174 1202//1202
f 1098//1098 1202//1202 1097//1097
f 1241//1241 1279//1279 1259//1259
f 1174//1174 1097//1097 1202//1202
f 1225//1225 1236//1236 1283//1283
f 1283//1283 1236//1236 1281//1281
f 1281//1281 1305//1305 1283//1283
f 1281//1281 1301//1301 1305//1305
f 1281//1281 1289//1289 1301//1301
f 1284//1284 1238//1238 1267//1267
f 1238//1238 1224//1224 1267//1267
f 1238//1238 1191//1191 1224//1224
f 1151//1151 1171//1171 1169//1169
f 1171//1171 1131//1131 1169//1169
f 1163//1163 1194//1194 1186//1186
f 1225//1225 1194//1194 1186//1186
f 1225//1225 1186//1186 1194//1194
f 1142//1142 1131//1131 1171//1171
f 1137//1137 1191//1191 1238//1238
f 1305//1305 1264//1264 1296//1296
f 1116//1116 1121//1121 1152//1152
f 1144//1144 1164//1164 1138//1138
f 1138//1138 1126//1126 1144//1144
f 1204//1204 1207//1207 1181//1181
f 1247//1247 1287//1287 1266//1266
f 1287//1287 1272//1272 1266//1266
f 1273//1273 1240//1240 1248//1248
f 1226//1226 1248//1248 1240//1240
f 1148//1148 1164//1164 1184//1184
f 1103//1103 1116//1116 1123//1123
f 1123//1123 1116//1116 1138//1138
f 1103//1103 1121//1121 1116//1116
f 1150//1150 1181//1181 1152//1152
f 1150//1150 1204//1204 1181//1181
f 1224//1224 1151//1151 1213//1213
f 1163//1163 1131//1131 1169//1169
f 1163//1163 1169//1169 1131//1131
f 1148//1148 1193//1193 1123//1123
f 1148//1148 1184//1184 1193//1193
f 1226//1226 1240//1240 1193//1193
f 1273//1273 1277//1277 1258//1258
f 1287//1287 1258//1258 1277//1277
f 1247//1247 1258//1258 1287//1287
f 1171//1171 1213//1213 1169//1169
f 1267//1267 1213//1213 1214//1214
f 1267//1267 1284//1284 1283//1283
f 1283//1283 1284//1284 1281//1281
f 1225//1225 1283//1283 1281//1281
f 1194//1194 1142//1142 1163//1163
f 1121//1121 1138//1138 1152//1152
f 1266//1266 1262//1262 1247//1247
f 1266//1266 1247//1247 1204//1204
f 1266//1266 1204//1204 1207//1207
f 1152//1152 1207//1207 1204//1204
f 23//23 98//98 52//52
f 1266//1266 1207//1207 1262//1262
f 1150//1150 1152//1152 1204//1204
f 1240//1240 1248//1248 1193//1193
f 1193//1193 1248//1248 1192//1192
f 1240//1240 1258//1258 1262//1262
f 1240//1240 1262//1262 1248//1248
f 1247//1247 1262//1262 1258//1258
f 1198//1198 1271//1271 1167//1167
f 1301//1301 1299//1299 1304//1304
f 1305//1305 1264//1264 1242//1242
f 1264//1264 1117//1117 1242//1242
f 1151//1151 1117//1117 1190//1190
f 1224//1224 1151//1151 1190//1190
f 1301//1301 1251//1251 1296//1296
f 1131//1131 1117//1117 1151//1151
f 1301//1301 1296//1296 1305//1305
f 1224//1224 1299//1299 1251//1251
f 1301//1301 1305//1305 1304//1304
f 1117//1117 1131//1131 1151//1151
f 1283//1283 1305//1305 1186//1186
f 1163//1163 1186//1186 1131//1131
f 1225//1225 1283//1283 1186//1186
f 1163//1163 1183//1183 1186//1186
f 1131//1131 1186//1186 1232//1232
f 1151//1151 1169//1169 1131//1131
f 1267//1267 1189//1189 1224//1224
f 1225//1225 1186//1186 1183//1183
f 1237//1237 1268//1268 1285//1285
f 1179//1179 1189//1189 1237//1237
f 1267//1267 1288//1288 1285//1285
f 1288//1288 1283//1283 1225//1225
f 1163//1163 1189//1189 1179//1179
f 1301//1301 1304//1304 1305//1305
f 1301//1301 1224//1224 1299//1299
f 1224//1224 1251//1251 1190//1190
f 1224//1224 1190//1190 1251//1251
f 1166//1166 1237//1237 1179//1179
f 1198//1198 1264//1264 1271//1271
f 1237//1237 1285//1285 1304//1304
f 1167//1167 1183//1183 1179//1179
f 1190//1190 1117//1117 1179//1179
f 1264//1264 1304//1304 1268//1268
f 1264//1264 1268//1268 1304//1304
f 1237//1237 1304//1304 1268//1268
f 1183//1183 1167//1167 1225//1225
f 1167//1167 1166//1166 1179//1179
f 1237//1237 1268//1268 1179//1179
f 1167//1167 1179//1179 1166//1166
f 1131//1131 1232//1232 1117//1117
f 1117//1117 1167//1167 1166//1166
f 1198//1198 1271//1271 1264//1264
f 1117//1117 1151//1151 1190//1190
f 1117//1117 1190//1190 1151//1151
f 1296//1296 1251//1251 1304//1304
f 1299//1299 1251//1251 1296//1296
f 1305//1305 1232//1232 1264//1264
f 1296//1296 1264//1264 1268//1268
f 1299//1299 1296//1296 1268//1268
f 1190//1190 1299//1299 1268//1268
f 1117//1117 1166//1166 1190//1190
f 1190//1190 1166//1166 1237//1237
f 1232//1232 1271//1271 1198//1198
f 1305//1305 1304//1304 1232//1232
f 1232//1232 1304//1304 1271//1271
f 1166//1166 1167//1167 1285//1285
f 1304//1304 1190//1190 1268//1268
f 1163//1163 1189//1189 1132//1132
f 1123//1123 1101//1101 1127//1127
f 1127//1127 1101//1101 1128//1128
f 1157//1157 1101//1101 1128//1128
f 1157//1157 1128//1128 1101//1101
f 1128//1128 1101//1101 1121//1121
f 1103//1103 1123//1123 1121//1121
f 1103//1103 1121//1121 1101//1101
f 108//108 73//73 41//41
f 113//113 35//35 54//54
f 62//62 41//41 108//108
f 62//62 108//108 41//41
f 62//62 63//63 114//114
f 127//127 35//35 113//113
f 46//46 35//35 127//127
f 46//46 63//63 33//33
f 46//46 33//33 35//35
f 41//41 73//73 54//54
f 54//54 73//73 145//145
f 127//127 211//211 218//218
f 145//145 206//206 211//211
f 132//132 217//217 206//206
f 147//147 200//200 212//212
f 211//211 127//127 218//218
f 200//200 229//229 212//212
f 211//211 113//113 127//127
f 62//62 114//114 126//126
f 54//54 73//73 120//120
f 41//41 62//62 33//33
f 62//62 108//108 204//204
f 46//46 33//33 126//126
f 63//63 117//117 46//46
f 117//117 200//200 46//46
f 108//108 41//41 73//73
f 46//46 126//126 128//128
f 114//114 117//117 62//62
f 113//113 206//206 54//54
f 127//127 113//113 35//35
f 73//73 35//35 120//120
f 54//54 111//111 120//120
f 113//113 54//54 120//120
f 113//113 120//120 35//35
f 41//41 35//35 73//73
f 35//35 120//120 54//54
f 41//41 120//120 35//35
f 62//62 63//63 114//114
f 33//33 63//63 117//117
f 46//46 128//128 130//130
f 33//33 128//128 46//46
f 200//200 128//128 46//46
f 108//108 126//126 41//41
f 41//41 33//33 126//126
f 41//41 33//33 35//35
f 33//33 35//35 120//120
f 114//114 229//229 117//117
f 62//62 204//204 114//114
f 217//217 73//73 206//206
f 54//54 120//120 111//111
f 46//46 128//128 117//117
f 62//62 126//126 114//114
f 114//114 212//212 204//204
f 114//114 204//204 212//212
f 204//204 73//73 217//217
f 145//145 73//73 132//132
f 108//108 132//132 73//73
f 147//147 224//224 200//200
f 46//46 127//127 130//130
f 127//127 113//113 211//211
f 147//147 212//212 63//63
f 114//114 63//63 212//212
f 108//108 204//204 132//132
f 62//62 204//204 108//108
f 99//99 127//127 147//147
f 46//46 130//130 147//147
f 147//147 127//127 224//224
f 21//21 34//34 30//30
f 34//34 48//48 50//50
f 27//27 58//58 84//84
f 27//27 84//84 57//57
f 50//50 52//52 26//26
f 34//34 50//50 30//30
f 48//48 79//79 50//50
f 21//21 23//23 26//26
f 27//27 31//31 61//61
f 122//122 84//84 184//184
f 84//84 189//189 184//184
f 133//133 182//182 190//190
f 190//190 52//52 196//196
f 58//58 189//189 94//94
f 58//58 97//97 94//94
f 95//95 69//69 91//91
f 95//95 87//87 69//69
f 30//30 48//48 23//23
f 50//50 79//79 48//48
f 30//30 23//23 38//38
f 23//23 52//52 38//38
f 50//50 93//93 38//38
f 50//50 38//38 93//93
f 50//50 93//93 182//182
f 31//31 58//58 61//61
f 61//61 58//58 189//189
f 31//31 97//97 58//58
f 58//58 94//94 84//84
f 69//69 57//57 21//21
f 21//21 91//91 27//27
f 27//27 97//97 31//31
f 50//50 48//48 30//30
f 52//52 93//93 38//38
f 50//50 26//26 88//88
f 23//23 95//95 26//26
f 30//30 95//95 23//23
f 21//21 59//59 70//70
f 23//23 70//70 98//98
f 23//23 48//48 95//95
f 21//21 31//31 59//59
f 98//98 70//70 103//103
f 21//21 70//70 30//30
f 50//50 182//182 88//88
f 84//84 184//184 58//58
f 58//58 184//184 189//189
f 57//57 181//181 180//180
f 48//48 79//79 176//176
f 58//58 94//94 189//189
f 61//61 196//196 103//103
f 31//31 91//91 97//97
f 57//57 91//91 21//21
f 52//52 98//98 103//103
f 23//23 95//95 91//91
f 21//21 31//31 97//97
f 27//27 91//91 84//84
f 26//26 95//95 88//88
f 30//30 88//88 95//95
f 21//21 26//26 31//31
f 57//57 180//180 184//184
f 61//61 194//194 196//196
f 48//48 34//34 100//100
f 57//57 100//100 34//34
f 57//57 122//122 100//100
f 84//84 122//122 57//57
f 59//59 52//52 110//110
f 133//133 110//110 52//52
f 50//50 182//182 133//133
f 50//50 79//79 182//182
f 59//59 103//103 194//194
f 59//59 194//194 61//61
f 61//61 189//189 58//58
f 100//100 181//181 179//179
f 122//122 180//180 181//181
f 122//122 181//181 100//100
f 59//59 110//110 103//103
f 133//133 190//190 110//110
f 3496//3496 3532//3532 3475//3475
f 3475//3475 3532//3532 3577//3577
f 3593//3593 3603//3603 3587//3587
f 3540//3540 3601//3601 3598//3598
f 3315//3315 3477//3477 3403//3403
f 3439//3439 3404//3404 3441//3441
f 3546//3546 3444//3444 3543//3543
f 3546//3546 3513//3513 3444//3444
f 3402//3402 3543//3543 3444//3444
f 3403//3403 3451//3451 3315//3315
f 3598//3598 3580//3580 3593//3593
f 3546//3546 3601//3601 3543//3543
f 3465//3465 3477//3477 3439//3439
f 3598//3598 3601//3601 3603//3603
f 3598//3598 3603//3603 3580//3580
f 3601//3601 3587//3587 3603//3603
f 3585//3585 3438//3438 3496//3496
f 3496//3496 3475//3475 3532//3532
f 3543//3543 3565//3565 3438//3438
f 3402//3402 3543//3543 3438//3438
f 3402//3402 3585//3585 3451//3451
f 3402//3402 3438//3438 3585//3585
f 3315//3315 3451//3451 3477//3477
f 3540//3540 3531//3531 3585//3585
f 3577//3577 3496//3496 3601//3601
f 3402//3402 3531//3531 3543//3543
f 3496//3496 3489//3489 3577//3577
f 3496//3496 3532//3532 3475//3475
f 3465//3465 3531//3531 3451//3451
f 3402//3402 3451//3451 3531//3531
f 3478//3478 3509//3509 3507//3507
f 3478//3478 3507//3507 3509//3509
f 3513//3513 3478//3478 3399//3399
f 3513//3513 3598//3598 3478//3478
f 3540//3540 3598//3598 3513//3513
f 3540//3540 3513//3513 3439//3439
f 3444//3444 3399//3399 3431//3431
f 3478//3478 3509//3509 3580//3580
f 3478//3478 3507//3507 3509//3509
f 3478//3478 3466//3466 3507//3507
f 3598//3598 3580//3580 3509//3509
f 3598//3598 3509//3509 3507//3507
f 3441//3441 3439//3439 3513//3513
f 3416//3416 3442//3442 3389//3389
f 3316//3316 3350//3350 3431//3431
f 3438//3438 3389//3389 3442//3442
f 3389//3389 3350//3350 3316//3316
f 3438//3438 3350//3350 3389//3389
f 3438//3438 3442//3442 3431//3431
f 3444//3444 3402//3402 3438//3438
f 3444//3444 3431//3431 3399//3399
f 3399//3399 3350//3350 3444//3444
f 3402//3402 3444//3444 3350//3350
f 3438//3438 3431//3431 3442//3442
f 3438//3438 3442//3442 3416//3416
f 3438//3438 3416//3416 3311//3311
f 3438//3438 3311//3311 3350//3350
f 3311//3311 3316//3316 3350//3350
f 3431//3431 3350//3350 3322//3322
f 3444//3444 3451//3451 3402//3402
f 3403//3403 3388//3388 3444//3444
f 3441//3441 3444//3444 3388//3388
f 3403//3403 3402//3402 3451//3451
f 3465//3465 3444//3444 3441//3441
f 3465//3465 3451//3451 3444//3444
f 3465//3465 3441//3441 3581//3581
f 3441//3441 3561//3561 3581//3581
f 3465//3465 3388//3388 3444//3444
f 3465//3465 3444//3444 3388//3388
f 3441//3441 3404//3404 3561//3561
f 3404//3404 3550//3550 3561//3561
f 3554//3554 3537//3537 3392//3392
f 3403//3403 3554//3554 3392//3392
f 3451//3451 3559//3559 3554//3554
f 3465//3465 3559//3559 3451//3451
f 983//983 936//936 939//939
f 918//918 938//938 936//936
f 988//988 992//992 936//936
f 983//983 992//992 988//988
f 997//997 918//918 938//938
f 997//997 938//938 1041//1041
f 918//918 992//992 983//983
f 1009//1009 918//918 997//997
f 918//918 988//988 938//938
f 1009//1009 997//997 1041//1041
g BlueBoat_Frame
usemtl BlueBoat_Frame
f 3970//3970 4001//4001 3940//3940
f 3746//3746 3735//3735 3744//3744
f 3717//3717 3724//3724 3798//3798
f 3717//3717 3798//3798 3724//3724
f 3987//3987 4000//4000 3995//3995
f 734//734 897//897 826//826
f 3956//3956 3977//3977 4004//4004
f 3741//3741 3771//3771 3766//3766
f 1001//1001 924//924 896//896
f 1238//1238 1234//1234 1118//1118
f 3977//3977 3978//3978 3973//3973
f 3970//3970 3938//3938 3923//3923
f 3934//3934 3829//3829 3847//3847
f 3937//3937 3901//3901 3805//3805
f 3867//3867 3845//3845 3816//3816
f 3907//3907 3919//3919 3861//3861
f 3741//3741 3794//3794 3815//3815
f 3741//3741 3815//3815 3794//3794
f 3798//3798 3867//3867 3879//3879
f 956//956 1001//1001 998//998
f 4020//4020 4000//4000 4009//4009
f 4022//4022 3923//3923 3799//3799
f 825//825 799//799 781//781
f 742//742 719//719 685//685
f 3741//3741 3859//3859 3721//3721
f 3798//3798 3781//3781 3775//3775
f 3811//3811 3891//3891 3920//3920
f 3973//3973 3980//3980 3976//3976
f 3798//3798 3762//3762 3760//3760
f 3997//3997 3995//3995 4000//4000
f 734//734 895//895 904//904
f 956//956 986//986 978//978
f 4009//4009 4000//4000 3987//3987
f 3724//3724 3845//3845 3906//3906
f 3987//3987 3984//3984 4002//4002
f 3798//3798 3760//3760 3761//3761
f 1024//1024 1030//1030 999//999
f 3735//3735 3740//3740 3738//3738
f 3997//3997 4002//4002 3994//3994
f 3811//3811 3920//3920 3901//3901
f 3842//3842 3919//3919 3741//3741
f 3798//3798 3816//3816 3845//3845
f 3977//3977 3975//3975 3980//3980
f 3970//3970 3946//3946 3847//3847
f 3987//3987 4002//4002 3984//3984
f 4000//4000 3973//3973 4009//4009
f 3977//3977 3973//3973 3988//3988
f 4009//4009 4006//4006 4020//4020
f 3724//3724 3809//3809 3886//3886
f 3807//3807 3741//3741 3730//3730
f 3923//3923 3847//3847 3937//3937
f 3717//3717 3866//3866 3798//3798
f 956//956 933//933 978//978
f 3997//3997 3987//3987 3995//3995
f 3741//3741 3746//3746 3735//3735
f 3956//3956 3988//3988 3996//3996
f 3987//3987 3989//3989 4002//4002
f 3987//3987 4002//4002 3989//3989
f 3997//3997 3994//3994 3987//3987
f 3859//3859 3829//3829 3934//3934
f 3994//3994 4002//4002 3987//3987
f 3948//3948 3903//3903 3841//3841
f 720//720 795//795 968//968
f 3890//3890 3824//3824 3923//3923
f 3717//3717 3867//3867 3886//3886
f 3741//3741 3847//3847 3771//3771
f 4020//4020 4002//4002 3997//3997
f 3807//3807 3730//3730 3740//3740
f 930//930 801//801 718//718
f 3956//3956 3978//3978 3996//3996
f 3859//3859 3772//3772 3782//3782
f 4022//4022 3814//3814 3925//3925
f 3775//3775 3765//3765 3766//3766
f 3956//3956 3996//3996 3978//3978
f 3798//3798 3746//3746 3735//3735
f 3977//3977 4019//4019 4025//4025
f 3956//3956 3996//3996 3980//3980
f 3976//3976 3980//3980 3973//3973
f 3824//3824 3861//3861 3803//3803
f 1044//1044 1075//1075 1006//1006
f 3811//3811 3766//3766 3762//3762
f 3970//3970 3939//3939 3815//3815
f 4020//4020 3997//3997 4000//4000
f 3821//3821 3923//3923 3927//3927
f 3987//3987 4002//4002 4001//4001
f 3987//3987 4001//4001 3988//3988
f 3970//3970 3996//3996 3988//3988
f 3970//3970 3980//3980 3996//3996
f 3937//3937 3829//3829 3901//3901
f 3970//3970 3791//3791 3923//3923
f 3939//3939 3961//3961 3835//3835
f 3970//3970 3793//3793 3907//3907
f 3805//3805 3765//3765 3775//3775
f 3717//3717 3762//3762 3766//3766
f 3923//3923 3811//3811 3920//3920
f 3923//3923 3920//3920 3811//3811
f 3724//3724 3948//3948 3841//3841
f 3923//3923 3815//3815 3847//3847
f 3740//3740 3730//3730 3727//3727
f 3835//3835 3859//3859 3946//3946
f 3867//3867 3900//3900 3879//3879
f 4022//4022 3934//3934 3829//3829
f 4022//4022 3859//3859 3934//3934
f 3937//3937 3847//3847 3901//3901
f 3798//3798 3761//3761 3746//3746
f 4022//4022 3937//3937 3901//3901
f 734//734 815//815 848//848
f 981//981 909//909 996//996
f 767//767 881//881 838//838
f 3977//3977 4000//4000 4009//4009
f 4022//4022 3829//3829 3937//3937
f 4022//4022 3901//3901 3920//3920
f 3811//3811 3901//3901 3891//3891
f 3741//3741 3744//3744 3746//3746
f 4022//4022 3920//3920 3891//3891
f 3741//3741 3775//3775 3781//3781
f 3859//3859 3936//3936 3847//3847
f 4022//4022 3938//3938 3891//3891
f 4022//4022 3891//3891 3938//3938
f 4022//4022 3908//3908 3923//3923
f 4022//4022 3891//3891 3908//3908
f 3908//3908 3799//3799 3923//3923
f 3970//3970 3923//3923 3891//3891
f 930//930 852//852 801//801
f 3908//3908 3891//3891 3799//3799
f 3824//3824 3927//3927 3799//3799
f 3741//3741 3829//3829 3765//3765
f 3970//3970 3907//3907 3923//3923
f 3829//3829 3775//3775 3765//3765
f 4022//4022 3927//3927 3824//3824
f 789//789 968//968 854//854
f 3821//3821 3927//3927 3799//3799
f 736//736 672//672 728//728
f 4022//4022 3799//3799 3927//3927
f 974//974 872//872 847//847
f 4022//4022 3890//3890 3941//3941
f 4022//4022 3941//3941 3824//3824
f 4022//4022 3824//3824 3890//3890
f 3724//3724 3903//3903 3949//3949
f 3925//3925 3814//3814 3824//3824
f 4022//4022 3824//3824 3814//3814
f 4022//4022 3925//3925 3824//3824
f 3842//3842 3861//3861 3919//3919
f 3842//3842 3803//3803 3861//3861
f 4022//4022 4001//4001 4002//4002
f 3824//3824 3803//3803 3907//3907
f 4022//4022 3824//3824 3907//3907
f 3807//3807 3861//3861 3883//3883
f 3798//3798 3906//3906 3867//3867
f 3798//3798 3867//3867 3906//3906
f 3977//3977 3971//3971 3976//3976
f 3883//3883 3861//3861 3907//3907
f 3807//3807 3883//3883 3907//3907
f 3824//3824 3741//3741 3735//3735
f 3907//3907 3883//3883 3940//3940
f 3907//3907 3861//3861 3883//3883
f 3977//3977 3973//3973 3994//3994
f 3859//3859 3781//3781 3772//3772
f 3803//3803 3738//3738 3741//3741
f 3741//3741 3829//3829 3859//3859
f 3741//3741 3901//3901 3829//3829
f 3741//3741 3891//3891 3901//3901
f 3798//3798 3866//3866 3867//3867
f 3799//3799 3891//3891 3741//3741
f 1206//1206 1153//1153 1180//1180
f 3824//3824 3799//3799 3741//3741
f 904//904 895//895 870//870
f 930//930 814//814 854//854
f 3798//3798 3879//3879 3817//3817
f 3824//3824 3741//3741 3861//3861
f 3741//3741 3835//3835 3776//3776
f 1104//1104 1165//1165 1207//1207
f 1104//1104 1207//1207 1165//1165
f 3741//3741 3794//3794 3789//3789
f 1175//1175 1168//1168 1114//1114
f 4004//4004 4020//4020 4006//4006
f 3741//3741 3789//3789 3843//3843
f 3977//3977 3997//3997 3973//3973
f 827//827 884//884 818//818
f 3741//3741 3843//3843 3778//3778
f 3741//3741 3778//3778 3843//3843
f 3807//3807 3907//3907 3793//3793
f 3741//3741 3778//3778 3785//3785
f 3741//3741 3785//3785 3778//3778
f 3923//3923 3803//3803 3741//3741
f 3798//3798 3740//3740 3727//3727
f 3741//3741 3785//3785 3835//3835
f 3776//3776 3781//3781 3782//3782
f 3776//3776 3782//3782 3781//3781
f 3741//3741 3776//3776 3782//3782
f 3741//3741 3782//3782 3776//3776
f 3970//3970 3936//3936 3946//3946
f 3824//3824 3746//3746 3744//3744
f 3741//3741 3782//3782 3772//3772
f 3741//3741 3772//3772 3781//3781
f 3741//3741 3781//3781 3776//3776
f 3741//3741 3775//3775 3829//3829
f 3741//3741 3829//3829 3775//3775
f 3898//3898 3823//3823 3900//3900
f 3741//3741 3776//3776 3775//3775
f 3798//3798 3846//3846 3926//3926
f 3776//3776 3765//3765 3775//3775
f 981//981 968//968 909//909
f 3970//3970 3923//3923 3814//3814
f 3970//3970 3814//3814 3923//3923
f 3771//3771 3765//3765 3766//3766
f 3741//3741 3765//3765 3805//3805
f 3717//3717 3766//3766 3765//3765
f 955//955 885//885 932//932
f 3906//3906 3845//3845 3898//3898
f 3859//3859 3946//3946 3936//3936
f 3724//3724 3949//3949 3911//3911
f 3741//3741 3805//3805 3771//3771
f 3741//3741 3771//3771 3805//3805
f 3717//3717 3795//3795 3798//3798
f 3741//3741 3811//3811 3762//3762
f 3741//3741 3762//3762 3811//3811
f 3741//3741 3766//3766 3811//3811
f 734//734 904//904 870//870
f 3741//3741 3760//3760 3762//3762
f 675//675 741//741 745//745
f 3741//3741 3762//3762 3760//3760
f 3741//3741 3760//3760 3762//3762
f 734//734 848//848 904//904
f 3760//3760 3762//3762 3747//3747
f 3741//3741 3762//3762 3760//3760
f 720//720 741//741 774//774
f 3741//3741 3735//3735 3730//3730
f 3970//3970 3962//3962 4022//4022
f 3741//3741 3791//3791 3747//3747
f 3741//3741 3747//3747 3791//3791
f 675//675 714//714 722//722
f 3741//3741 3760//3760 3791//3791
f 3741//3741 3791//3791 3760//3760
f 3798//3798 3735//3735 3738//3738
f 3970//3970 3937//3937 3847//3847
f 3821//3821 3761//3761 3741//3741
f 3717//3717 3765//3765 3776//3776
f 3821//3821 3741//3741 3747//3747
f 675//675 685//685 740//740
f 1024//1024 1004//1004 1030//1030
f 1110//1110 1159//1159 1162//1162
f 1110//1110 1162//1162 1159//1159
f 731//731 739//739 747//747
f 3747//3747 3746//3746 3761//3761
f 3970//3970 3935//3935 3843//3843
f 3799//3799 3741//3741 3761//3761
f 3799//3799 3761//3761 3741//3741
f 3799//3799 3746//3746 3741//3741
f 3799//3799 3741//3741 3746//3746
f 3926//3926 3905//3905 3904//3904
f 3977//3977 3973//3973 3989//3989
f 3977//3977 3989//3989 3973//3973
f 3741//3741 3746//3746 3744//3744
f 3735//3735 3746//3746 3744//3744
f 3803//3803 3740//3740 3741//3741
f 3803//3803 3741//3741 3740//3740
f 3741//3741 3740//3740 3735//3735
f 3803//3803 3741//3741 3735//3735
f 3803//3803 3735//3735 3738//3738
f 956//956 767//767 838//838
f 3735//3735 3725//3725 3730//3730
f 736//736 729//729 724//724
f 3725//3725 3727//3727 3793//3793
f 3724//3724 3852//3852 3909//3909
f 956//956 940//940 885//885
f 3977//3977 3984//3984 3973//3973
f 3717//3717 3778//3778 3795//3795
f 956//956 926//926 891//891
f 3717//3717 3785//3785 3778//3778
f 3977//3977 3973//3973 3995//3995
f 3977//3977 3995//3995 3973//3973
f 3717//3717 3776//3776 3785//3785
f 3977//3977 4006//4006 4019//4019
f 3717//3717 3747//3747 3762//3762
f 3717//3717 3746//3746 3747//3747
f 3717//3717 3735//3735 3746//3746
f 3956//3956 4013//4013 4004//4004
f 3717//3717 3725//3725 3735//3735
f 637//637 633//633 719//719
f 3956//3956 3987//3987 3988//3988
f 3956//3956 3856//3856 4013//4013
f 3977//3977 3990//3990 3976//3976
f 3956//3956 3990//3990 3977//3977
f 3977//3977 3979//3979 3976//3976
f 3977//3977 3976//3976 3979//3979
f 3977//3977 3980//3980 3973//3973
f 3977//3977 3976//3976 3971//3971
f 3970//3970 3815//3815 3935//3935
f 3973//3973 3980//3980 3975//3975
f 909//909 851//851 799//799
f 3977//3977 3976//3976 3973//3973
f 3970//3970 3941//3941 3890//3890
f 3977//3977 3973//3973 3975//3975
f 736//736 719//719 685//685
f 3977//3977 3980//3980 3973//3973
f 3977//3977 3973//3973 3980//3980
f 1199//1199 1243//1243 1185//1185
f 3977//3977 3973//3973 3978//3978
f 929//929 989//989 976//976
f 968//968 851//851 772//772
f 3977//3977 3988//3988 3973//3973
f 3977//3977 3973//3973 3988//3988
f 3907//3907 3940//3940 4001//4001
f 3977//3977 3988//3988 3973//3973
f 3977//3977 3973//3973 3984//3984
f 3859//3859 3847//3847 3946//3946
f 3869//3869 3898//3898 3823//3823
f 3869//3869 3823//3823 3898//3898
f 3970//3970 3821//3821 3927//3927
f 3997//3997 3994//3994 3973//3973
f 3724//3724 3833//3833 3949//3949
f 3724//3724 3949//3949 3833//3833
f 3977//3977 3994//3994 3997//3997
f 3977//3977 3973//3973 4000//4000
f 3798//3798 3775//3775 3766//3766
f 3977//3977 4009//4009 3973//3973
f 3977//3977 3973//3973 4006//4006
f 3977//3977 4006//4006 3973//3973
f 4019//4019 4006//4006 3973//3973
f 3977//3977 3973//3973 4006//4006
f 3741//3741 3721//3721 3815//3815
f 3741//3741 3738//3738 3735//3735
f 3977//3977 4019//4019 4006//4006
f 3977//3977 4006//4006 4019//4019
f 720//720 718//718 741//741
f 4022//4022 3907//3907 4001//4001
f 3977//3977 4023//4023 4004//4004
f 3977//3977 4025//4025 4023//4023
f 4022//4022 4019//4019 3973//3973
f 3970//3970 4022//4022 3973//3973
f 3798//3798 3766//3766 3762//3762
f 909//909 923//923 946//946
f 3724//3724 3898//3898 3845//3845
f 3798//3798 3900//3900 3141//3141
f 3798//3798 3141//3141 3900//3900
f 3725//3725 3727//3727 3737//3737
f 3798//3798 3724//3724 3723//3723
f 3798//3798 3723//3723 3724//3724
f 3807//3807 3740//3740 3741//3741
f 3814//3814 3741//3741 3735//3735
f 3814//3814 3735//3735 3741//3741
f 3824//3824 3735//3735 3746//3746
f 3824//3824 3744//3744 3741//3741
f 3760//3760 3747//3747 3761//3761
f 3741//3741 3761//3761 3747//3747
f 731//731 712//712 717//717
f 3741//3741 3762//3762 3766//3766
f 3741//3741 3766//3766 3847//3847
f 3771//3771 3766//3766 3765//3765
f 3741//3741 3805//3805 3775//3775
f 3741//3741 3859//3859 3782//3782
f 767//767 816//816 826//826
f 3798//3798 3926//3926 3827//3827
f 3741//3741 3781//3781 3859//3859
f 3741//3741 3788//3788 3785//3785
f 3741//3741 3776//3776 3788//3788
f 3741//3741 3843//3843 3794//3794
f 3724//3724 3900//3900 3820//3820
f 3923//3923 3907//3907 3803//3803
f 970//970 943//943 940//940
f 970//970 940//940 943//943
f 3798//3798 3738//3738 3740//3740
f 3798//3798 3727//3727 3725//3725
f 3798//3798 3725//3725 3726//3726
f 3741//3741 3798//3798 3726//3726
f 3741//3741 3717//3717 3798//3798
f 4004//4004 4006//4006 4009//4009
f 4004//4004 4009//4009 3987//3987
f 3956//3956 4004//4004 3987//3987
f 3970//3970 4022//4022 4001//4001
f 3970//3970 4001//4001 4022//4022
f 3970//3970 3988//3988 4001//4001
f 4022//4022 4002//4002 4020//4020
f 3815//3815 3721//3721 3859//3859
f 3970//3970 3843//3843 3955//3955
f 3970//3970 3829//3829 3934//3934
f 3970//3970 3955//3955 3962//3962
f 968//968 786//786 804//804
f 3842//3842 3741//3741 3803//3803
f 956//956 953//953 946//946
f 3883//3883 3861//3861 3812//3812
f 3807//3807 3741//3741 3861//3861
f 731//731 747//747 750//750
f 3970//3970 3890//3890 3923//3923
f 3970//3970 3907//3907 3861//3861
f 3798//3798 3822//3822 3900//3900
f 3798//3798 3900//3900 3822//3822
f 3970//3970 3919//3919 3907//3907
f 3970//3970 3814//3814 3925//3925
f 3970//3970 3925//3925 3814//3814
f 3970//3970 3923//3923 3824//3824
f 3970//3970 3824//3824 3941//3941
f 3970//3970 3923//3923 3821//3821
f 3970//3970 3927//3927 3923//3923
f 3970//3970 3923//3923 3908//3908
f 3970//3970 3908//3908 3791//3791
f 3901//3901 3847//3847 3805//3805
f 3923//3923 3938//3938 3891//3891
f 3970//3970 3891//3891 3938//3938
f 3970//3970 3923//3923 3920//3920
f 3970//3970 3920//3920 3923//3923
f 734//734 847//847 896//896
f 3970//3970 3923//3923 3937//3937
f 3937//3937 3805//3805 3847//3847
f 3970//3970 3847//3847 3829//3829
f 3970//3970 3934//3934 3847//3847
f 3970//3970 3847//3847 3936//3936
f 1180//1180 1130//1130 1253//1253
f 3815//3815 3835//3835 3847//3847
f 3835//3835 3961//3961 3847//3847
f 3970//3970 3847//3847 3961//3961
f 3970//3970 3961//3961 3939//3939
f 744//744 702//702 733//733
f 3923//3923 3741//3741 3815//3815
f 4013//4013 3904//3904 3846//3846
f 3724//3724 4013//4013 3856//3856
f 956//956 891//891 927//927
f 930//930 818//818 884//884
f 3867//3867 3866//3866 3886//3886
f 3717//3717 3886//3886 3866//3866
f 3798//3798 3808//3808 3906//3906
f 3798//3798 3906//3906 3808//3808
f 3798//3798 3845//3845 3867//3867
f 3798//3798 3867//3867 3816//3816
f 3798//3798 3898//3898 3900//3900
f 3879//3879 3900//3900 3898//3898
f 3879//3879 3898//3898 3869//3869
f 3798//3798 3869//3869 3898//3898
f 3879//3879 3869//3869 3817//3817
f 3798//3798 3817//3817 3869//3869
f 3798//3798 3900//3900 3820//3820
f 3798//3798 3820//3820 3900//3900
f 3822//3822 3904//3904 3900//3900
f 3822//3822 3900//3900 3904//3904
f 3798//3798 3926//3926 3900//3900
f 3798//3798 3900//3900 3926//3926
f 3798//3798 3827//3827 3905//3905
f 909//909 953//953 960//960
f 3798//3798 3905//3905 3846//3846
f 868//868 908//908 974//974
f 3926//3926 3846//3846 3905//3905
f 3926//3926 3905//3905 3827//3827
f 837//837 921//921 847//847
f 974//974 913//913 822//822
f 3798//3798 3865//3865 3724//3724
f 815//815 897//897 816//816
f 3918//3918 3948//3948 3841//3841
f 3724//3724 3905//3905 3827//3827
f 4004//4004 3798//3798 3900//3900
f 4004//4004 3900//3900 3867//3867
f 3956//3956 4004//4004 3867//3867
f 3724//3724 3909//3909 3948//3948
f 3724//3724 3808//3808 3906//3906
f 3724//3724 3906//3906 3808//3808
f 3724//3724 3865//3865 3952//3952
f 1154//1154 1168//1168 1175//1175
f 734//734 767//767 752//752
f 3724//3724 3952//3952 3852//3852
f 959//959 1013//1013 908//908
f 3949//3949 3903//3903 3948//3948
f 3846//3846 3904//3904 3905//3905
f 3724//3724 3841//3841 3903//3903
f 1032//1032 1044//1044 1006//1006
f 3724//3724 3911//3911 3846//3846
f 3846//3846 3911//3911 3949//3949
f 3724//3724 3827//3827 3926//3926
f 3724//3724 3846//3846 3905//3905
f 3724//3724 3926//3926 3904//3904
f 3724//3724 3898//3898 3879//3879
f 1023//1023 1063//1063 1029//1029
f 3724//3724 3904//3904 3900//3900
f 989//989 1030//1030 987//987
f 3724//3724 3820//3820 3930//3930
f 3724//3724 3930//3930 3900//3900
f 909//909 978//978 986//986
f 3724//3724 3823//3823 3898//3898
f 869//869 968//968 795//795
f 3724//3724 3900//3900 3823//3823
f 3724//3724 3879//3879 3898//3898
f 3724//3724 3886//3886 3906//3906
f 3906//3906 3886//3886 3809//3809
f 3724//3724 3906//3906 3809//3809
f 3867//3867 3836//3836 3893//3893
f 3724//3724 3893//3893 3836//3836
f 4013//4013 3900//3900 3904//3904
f 4013//4013 3898//3898 3900//3900
f 4013//4013 3906//3906 3898//3898
f 3724//3724 3906//3906 4013//4013
f 3835//3835 3788//3788 3776//3776
f 3847//3847 3766//3766 3771//3771
f 3793//3793 3737//3737 3727//3727
f 3886//3886 3866//3866 3809//3809
f 3886//3886 3809//3809 3866//3866
f 3900//3900 3930//3930 3820//3820
f 3949//3949 3918//3918 3833//3833
f 956//956 974//974 767//767
f 3926//3926 3827//3827 3905//3905
f 3799//3799 3927//3927 3821//3821
f 3908//3908 3923//3923 3791//3791
f 913//913 896//896 881//881
f 3821//3821 3747//3747 3761//3761
f 3725//3725 3737//3737 3727//3727
f 859//859 801//801 809//809
f 797//797 731//731 741//741
f 904//904 897//897 826//826
f 736//736 724//724 709//709
f 968//968 786//786 851//851
f 675//675 685//685 729//729
f 789//789 854//854 814//814
f 872//872 879//879 847//847
f 736//736 750//750 747//747
f 1138//1138 1100//1100 1105//1105
f 847//847 933//933 871//871
f 675//675 719//719 730//730
f 949//949 1030//1030 969//969
f 633//633 672//672 685//685
f 956//956 928//928 926//926
f 909//909 851//851 865//865
f 1156//1156 1130//1130 1107//1107
f 826//826 838//838 881//881
f 734//734 896//896 822//822
f 1111//1111 1137//1137 1075//1075
f 718//718 852//852 827//827
f 1006//1006 1075//1075 1044//1044
f 924//924 817//817 904//904
f 810//810 876//876 834//834
f 810//810 834//834 876//876
f 956//956 838//838 881//881
f 767//767 826//826 881//881
f 930//930 876//876 834//834
f 930//930 834//834 876//876
f 702//702 684//684 731//731
f 1029//1029 1032//1032 1086//1086
f 1029//1029 1086//1086 1032//1032
f 909//909 804//804 851//851
f 702//702 731//731 797//797
f 978//978 966//966 993//993
f 904//904 817//817 767//767
f 702//702 752//752 766//766
f 815//815 826//826 897//897
f 734//734 847//847 879//879
f 869//869 795//795 720//720
f 675//675 709//709 724//724
f 767//767 837//837 847//847
f 718//718 814//814 860//860
f 734//734 881//881 838//838
f 718//718 745//745 741//741
f 718//718 834//834 830//830
f 904//904 767//767 868//868
f 914//914 921//921 837//837
f 1014//1014 1004//1004 1024//1024
f 734//734 879//879 847//847
f 1143//1143 1170//1170 1095//1095
f 909//909 885//885 940//940
f 702//702 797//797 734//734
f 909//909 968//968 929//929
f 930//930 968//968 877//877
f 731//731 750//750 748//748
f 718//718 781//781 851//851
f 718//718 851//851 814//814
f 949//949 1030//1030 957//957
f 859//859 809//809 801//801
f 720//720 814//814 968//968
f 956//956 881//881 974//974
f 702//702 685//685 709//709
f 675//675 685//685 719//719
f 744//744 748//748 702//702
f 740//740 685//685 719//719
f 708//708 717//717 706//706
f 876//876 818//818 882//882
f 1001//1001 896//896 921//921
f 736//736 685//685 672//672
f 818//818 882//882 834//834
f 718//718 830//830 877//877
f 684//684 712//712 731//731
f 720//720 876//876 968//968
f 734//734 838//838 826//826
f 1154//1154 1133//1133 1159//1159
f 904//904 848//848 897//897
f 913//913 960//960 1024//1024
f 913//913 1024//1024 960//960
f 956//956 943//943 940//940
f 904//904 940//940 971//971
f 1130//1130 1086//1086 1063//1063
f 708//708 741//741 736//736
f 909//909 855//855 968//968
f 734//734 921//921 847//847
f 734//734 816//816 897//897
f 702//702 748//748 747//747
f 914//914 832//832 837//837
f 968//968 876//876 902//902
f 968//968 902//902 876//876
f 804//804 786//786 851//851
f 909//909 795//795 851//851
f 734//734 870//870 808//808
f 930//930 809//809 801//801
f 772//772 786//786 865//865
f 675//675 740//740 739//739
f 930//930 827//827 852//852
f 923//923 976//976 946//946
f 730//730 742//742 685//685
f 923//923 767//767 808//808
f 923//923 815//815 767//767
f 882//882 818//818 876//876
f 914//914 837//837 913//913
f 734//734 826//826 815//815
f 923//923 943//943 942//942
f 789//789 860//860 814//814
f 736//736 730//730 719//719
f 956//956 946//946 923//923
f 736//736 728//728 729//729
f 774//774 741//741 675//675
f 797//797 915//915 847//847
f 1024//1024 999//999 1030//1030
f 968//968 876//876 852//852
f 1032//1032 991//991 1006//1006
f 1032//1032 1006//1006 991//991
f 989//989 1030//1030 976//976
f 708//708 675//675 741//741
f 734//734 826//826 816//816
f 774//774 675//675 718//718
f 702//702 797//797 766//766
f 702//702 766//766 797//797
f 956//956 924//924 1001//1001
f 930//930 854//854 909//909
f 741//741 731//731 743//743
f 930//930 909//909 968//968
f 714//714 709//709 722//722
f 675//675 722//722 709//709
f 675//675 724//724 709//709
f 675//675 709//709 724//724
f 724//724 709//709 685//685
f 734//734 904//904 817//817
f 729//729 724//724 685//685
f 675//675 724//724 729//729
f 675//675 729//729 685//685
f 675//675 729//729 685//685
f 731//731 740//740 739//739
f 675//675 672//672 685//685
f 675//675 685//685 672//672
f 731//731 719//719 685//685
f 731//731 685//685 719//719
f 675//675 730//730 685//685
f 750//750 747//747 748//748
f 740//740 685//685 739//739
f 675//675 739//739 747//747
f 702//702 709//709 714//714
f 702//702 739//739 685//685
f 923//923 897//897 848//848
f 930//930 852//852 902//902
f 930//930 902//902 852//852
f 702//702 747//747 739//739
f 895//895 923//923 808//808
f 817//817 923//923 895//895
f 742//742 740//740 719//719
f 817//817 895//895 767//767
f 895//895 808//808 767//767
f 815//815 816//816 767//767
f 826//826 974//974 881//881
f 826//826 816//816 974//974
f 956//956 881//881 838//838
f 956//956 838//838 881//881
f 914//914 913//913 974//974
f 767//767 974//974 822//822
f 837//837 822//822 913//913
f 767//767 822//822 837//837
f 957//957 885//885 940//940
f 957//957 940//940 885//885
f 896//896 847//847 921//921
f 872//872 933//933 847//847
f 904//904 868//868 974//974
f 904//904 974//974 817//817
f 817//817 974//974 923//923
f 923//923 974//974 897//897
f 914//914 974//974 921//921
f 974//974 847//847 921//921
f 974//974 933//933 872//872
f 974//974 919//919 933//933
f 1001//1001 919//919 974//974
f 924//924 826//826 881//881
f 959//959 957//957 1030//1030
f 949//949 970//970 971//971
f 949//949 971//971 1030//1030
f 971//971 970//970 1030//1030
f 949//949 1030//1030 970//970
f 949//949 969//969 1030//1030
f 949//949 976//976 1030//1030
f 987//987 1030//1030 989//989
f 989//989 1024//1024 1030//1030
f 1024//1024 993//993 1030//1030
f 1024//1024 1030//1030 993//993
f 1024//1024 1000//1000 1030//1030
f 1024//1024 1030//1030 1000//1000
f 929//929 976//976 949//949
f 929//929 1014//1014 989//989
f 989//989 1014//1014 1024//1024
f 930//930 884//884 827//827
f 744//744 743//743 736//736
f 736//736 743//743 748//748
f 736//736 748//748 750//750
f 736//736 747//747 739//739
f 736//736 739//739 740//740
f 736//736 740//740 742//742
f 736//736 742//742 730//730
f 909//909 986//986 996//996
f 672//672 728//728 685//685
f 672//672 685//685 728//728
f 736//736 709//709 722//722
f 736//736 722//722 714//714
f 708//708 736//736 717//717
f 736//736 714//714 717//717
f 956//956 960//960 913//913
f 956//956 913//913 960//960
f 712//712 706//706 717//717
f 731//731 717//717 714//714
f 731//731 714//714 722//722
f 731//731 722//722 724//724
f 731//731 724//724 729//729
f 731//731 729//729 728//728
f 731//731 685//685 728//728
f 731//731 728//728 685//685
f 731//731 685//685 740//740
f 731//731 748//748 743//743
f 956//956 998//998 986//986
f 956//956 986//986 934//934
f 956//956 934//934 986//986
f 956//956 1004//1004 933//933
f 933//933 1004//1004 978//978
f 956//956 978//978 1004//1004
f 956//956 978//978 1000//1000
f 956//956 1000//1000 978//978
f 959//959 1030//1030 1013//1013
f 956//956 921//921 966//966
f 921//921 978//978 993//993
f 956//956 978//978 921//921
f 956//956 967//967 966//966
f 896//896 832//832 914//914
f 956//956 966//966 967//967
f 956//956 966//966 960//960
f 781//781 786//786 855//855
f 1092//1092 1032//1032 1086//1086
f 956//956 960//960 953//953
f 956//956 923//923 942//942
f 956//956 942//942 943//943
f 956//956 904//904 940//940
f 956//956 940//940 904//904
f 1105//1105 1165//1165 1152//1152
f 956//956 885//885 955//955
f 956//956 955//955 932//932
f 956//956 932//932 926//926
f 956//956 926//926 928//928
f 956//956 927//927 924//924
f 909//909 940//940 943//943
f 909//909 943//943 923//923
f 909//909 946//946 953//953
f 909//909 960//960 966//966
f 909//909 966//966 978//978
f 897//897 816//816 826//826
f 675//675 747//747 741//741
f 734//734 868//868 767//767
f 702//702 766//766 733//733
f 797//797 847//847 734//734
f 1001//1001 879//879 915//915
f 734//734 847//847 879//879
f 1001//1001 734//734 879//879
f 1001//1001 921//921 734//734
f 734//734 832//832 896//896
f 837//837 896//896 914//914
f 734//734 896//896 837//837
f 734//734 837//837 832//832
f 822//822 896//896 913//913
f 734//734 822//822 881//881
f 822//822 913//913 881//881
f 734//734 808//808 895//895
f 854//854 814//814 851//851
f 789//789 814//814 720//720
f 924//924 904//904 826//826
f 924//924 881//881 896//896
f 930//930 877//877 874//874
f 930//930 874//874 830//830
f 930//930 830//830 834//834
f 930//930 882//882 818//818
f 930//930 834//834 882//882
f 930//930 801//801 809//809
f 930//930 860//860 814//814
f 930//930 718//718 860//860
f 878//878 854//854 968//968
f 909//909 854//854 795//795
f 854//854 851//851 795//795
f 772//772 865//865 851//851
f 909//909 865//865 804//804
f 772//772 851//851 786//786
f 781//781 799//799 851//851
f 909//909 799//799 885//885
f 909//909 885//885 781//781
f 718//718 801//801 852//852
f 718//718 827//827 818//818
f 718//718 818//818 834//834
f 774//774 718//718 877//877
f 968//968 855//855 786//786
f 802//802 786//786 781//781
f 825//825 781//781 786//786
f 825//825 786//786 968//968
f 885//885 786//786 781//781
f 825//825 968//968 885//885
f 968//968 786//786 885//885
f 720//720 772//772 786//786
f 968//968 865//865 786//786
f 968//968 804//804 865//865
f 720//720 968//968 772//772
f 869//869 720//720 968//968
f 878//878 968//968 814//814
f 789//789 968//968 860//860
f 789//789 814//814 968//968
f 968//968 814//814 860//860
f 789//789 968//968 859//859
f 789//789 859//859 801//801
f 859//859 809//809 968//968
f 809//809 859//859 968//968
f 859//859 789//789 801//801
f 859//859 968//968 789//789
f 968//968 852//852 876//876
f 802//802 718//718 786//786
f 720//720 786//786 718//718
f 789//789 720//720 968//968
f 720//720 774//774 876//876
f 968//968 1014//1014 929//929
f 921//921 993//993 966//966
f 923//923 946//946 976//976
f 904//904 971//971 940//940
f 722//722 709//709 724//724
f 878//878 814//814 854//854
f 802//802 781//781 855//855
f 825//825 885//885 799//799
f 1001//1001 974//974 1013//1013
f 923//923 848//848 815//815
f 895//895 808//808 870//870
f 872//872 915//915 879//879
f 847//847 915//915 872//872
f 897//897 974//974 816//816
f 908//908 1013//1013 974//974
f 675//675 745//745 718//718
f 702//702 734//734 752//752
f 1154//1154 1078//1078 1102//1102
f 1154//1154 1159//1159 1114//1114
f 1185//1185 1143//1143 1147//1147
f 1266//1266 1272//1272 1243//1243
f 1234//1234 1214//1214 1153//1153
f 633//633 655//655 672//672
f 1118//1118 1137//1137 1238//1238
f 1154//1154 1153//1153 1078//1078
f 1067//1067 1063//1063 1023//1023
f 1185//1185 1162//1162 1233//1233
f 1143//1143 1199//1199 1170//1170
f 1032//1032 1094//1094 1044//1044
f 1116//1116 1152//1152 1105//1105
f 1255//1255 1215//1215 1260//1260
f 626//626 672//672 633//633
f 1160//1160 1104//1104 1110//1110
f 1160//1160 1110//1110 1104//1104
f 1160//1160 1243//1243 1212//1212
f 1218//1218 1239//1239 1199//1199
f 1253//1253 1203//1203 1156//1156
f 1111//1111 1044//1044 1075//1075
f 1165//1165 1105//1105 1181//1181
f 1094//1094 1111//1111 1173//1173
f 1185//1185 1162//1162 1147//1147
f 1185//1185 1147//1147 1162//1162
f 1185//1185 1218//1218 1143//1143
f 1165//1165 1207//1207 1212//1212
f 1160//1160 1162//1162 1110//1110
f 1159//1159 1110//1110 1114//1114
f 1212//1212 1262//1262 1207//1207
f 849//849 816//816 826//826
f 1266//1266 1243//1243 1233//1233
f 1111//1111 1171//1171 1142//1142
f 1090//1090 1020//1020 1074//1074
f 1023//1023 1067//1067 1035//1035
f 1067//1067 1165//1165 1104//1104
f 1063//1063 1086//1086 1029//1029
f 1075//1075 1044//1044 1111//1111
f 1095//1095 1118//1118 1153//1153
f 1107//1107 1180//1180 1168//1168
f 1090//1090 1035//1035 1020//1020
f 1114//1114 1107//1107 1168//1168
f 1100//1100 1035//1035 1090//1090
f 1159//1159 1147//1147 1133//1133
f 1234//1234 1153//1153 1206//1206
f 637//637 719//719 636//636
f 1095//1095 1147//1147 1143//1143
f 1008//1008 1006//1006 991//991
f 1008//1008 991//991 1006//1006
f 731//731 826//826 728//728
f 1160//1160 1162//1162 1185//1185
f 1154//1154 1159//1159 1175//1175
f 1154//1154 1175//1175 1159//1159
f 633//633 637//637 685//685
f 1114//1114 1107//1107 1083//1083
f 1236//1236 1203//1203 1173//1173
f 1114//1114 1086//1086 1107//1107
f 1130//1130 1063//1063 1107//1107
f 1111//1111 1094//1094 1044//1044
f 1050//1050 1071//1071 1093//1093
f 1086//1086 1032//1032 1094//1094
f 1144//1144 1074//1074 1170//1170
f 1094//1094 1092//1092 1203//1203
f 1110//1110 1083//1083 1114//1114
f 1067//1067 1023//1023 1035//1035
f 1008//1008 991//991 1020//1020
f 1008//1008 1020//1020 991//991
f 1071//1071 1020//1020 1008//1008
f 1281//1281 1284//1284 1253//1253
f 1266//1266 1233//1233 1207//1207
f 1199//1199 1096//1096 1108//1108
f 1199//1199 1239//1239 1243//1243
f 1090//1090 1126//1126 1100//1100
f 655//655 633//633 685//685
f 693//693 626//626 636//636
f 672//672 685//685 719//719
f 1050//1050 1137//1137 1118//1118
f 1255//1255 1253//1253 1180//1180
f 1253//1253 1156//1156 1180//1180
f 1234//1234 1260//1260 1215//1215
f 1137//1137 1111//1111 1171//1171
f 1238//1238 1260//1260 1234//1234
f 1260//1260 1289//1289 1255//1255
f 1253//1253 1255//1255 1289//1289
f 1281//1281 1253//1253 1289//1289
f 1281//1281 1203//1203 1253//1253
f 1281//1281 1236//1236 1203//1203
f 1142//1142 1171//1171 1111//1111
f 1284//1284 1289//1289 1260//1260
f 1203//1203 1236//1236 1173//1173
f 1094//1094 1173//1173 1203//1203
f 1094//1094 1203//1203 1173//1173
f 1094//1094 1173//1173 1111//1111
f 1094//1094 1111//1111 1044//1044
f 1111//1111 1173//1173 1142//1142
f 1160//1160 1212//1212 1162//1162
f 1165//1165 1160//1160 1104//1104
f 1156//1156 1203//1203 1130//1130
f 1203//1203 1092//1092 1130//1130
f 1100//1100 1067//1067 1105//1105
f 1100//1100 1105//1105 1067//1067
f 1100//1100 1035//1035 1067//1067
f 1100//1100 1067//1067 1035//1035
f 1090//1090 1074//1074 1144//1144
f 1075//1075 1137//1137 1050//1050
f 1234//1234 1153//1153 1118//1118
f 1215//1215 1153//1153 1234//1234
f 1067//1067 1104//1104 1063//1063
f 1147//1147 1162//1162 1159//1159
f 1147//1147 1159//1159 1162//1162
f 1104//1104 1083//1083 1110//1110
f 1104//1104 1110//1110 1083//1083
f 1104//1104 1083//1083 1063//1063
f 1023//1023 1020//1020 1035//1035
f 1074//1074 1071//1071 1095//1095
f 1023//1023 1020//1020 991//991
f 1023//1023 991//991 1020//1020
f 1071//1071 1074//1074 1020//1020
f 1159//1159 1175//1175 1110//1110
f 1110//1110 1175//1175 1114//1114
f 1110//1110 1114//1114 1106//1106
f 1023//1023 1029//1029 991//991
f 1095//1095 1133//1133 1147//1147
f 1110//1110 1106//1106 1114//1114
f 1110//1110 1114//1114 1083//1083
f 1111//1111 1075//1075 1214//1214
f 1032//1032 1029//1029 991//991
f 1032//1032 991//991 1029//1029
f 1008//1008 1050//1050 1071//1071
f 1071//1071 1050//1050 1095//1095
f 1133//1133 1154//1154 1159//1159
f 1114//1114 1168//1168 1156//1156
f 1106//1106 1114//1114 1156//1156
f 1106//1106 1156//1156 1107//1107
f 1106//1106 1107//1107 1114//1114
f 1083//1083 1107//1107 1063//1063
f 1095//1095 1153//1153 1133//1133
f 1133//1133 1153//1153 1154//1154
f 1180//1180 1156//1156 1168//1168
f 1008//1008 1006//1006 1078//1078
f 1050//1050 1008//1008 1078//1078
f 1095//1095 1050//1050 1118//1118
f 1154//1154 1168//1168 1153//1153
f 1154//1154 1153//1153 1168//1168
f 1092//1092 1094//1094 1032//1032
f 1078//1078 1075//1075 1006//1006
f 1078//1078 1006//1006 1075//1075
f 1078//1078 1075//1075 1050//1050
f 1206//1206 1180//1180 1168//1168
f 1255//1255 1180//1180 1206//1206
f 1092//1092 1086//1086 1130//1130
f 1215//1215 1168//1168 1153//1153
f 1206//1206 1168//1168 1215//1215
f 1255//1255 1206//1206 1215//1215
f 1074//1074 1095//1095 1170//1170
f 1218//1218 1199//1199 1143//1143
f 1185//1185 1233//1233 1218//1218
f 1032//1032 1044//1044 1094//1094
f 1233//1233 1162//1162 1212//1212
f 1165//1165 1212//1212 1160//1160
f 1067//1067 1105//1105 1165//1165
f 1144//1144 1170//1170 1164//1164
f 1152//1152 1181//1181 1105//1105
f 1126//1126 1116//1116 1105//1105
f 1272//1272 1239//1239 1243//1243
f 1126//1126 1105//1105 1100//1100
f 1170//1170 1239//1239 1217//1217
f 1212//1212 1207//1207 1233//1233
f 1090//1090 1144//1144 1126//1126
f 1199//1199 1239//1239 1170//1170
f 1218//1218 1243//1243 1239//1239
f 1218//1218 1233//1233 1243//1243
f 1165//1165 1181//1181 1207//1207
f 1130//1130 1203//1203 1253//1253
f 1284//1284 1214//1214 1260//1260
f 1234//1234 1260//1260 1214//1214
f 1234//1234 1206//1206 1260//1260
f 1253//1253 1260//1260 1206//1206
f 1111//1111 1142//1142 1173//1173
f 1111//1111 1214//1214 1171//1171
f 1260//1260 1253//1253 1284//1284
f 1281//1281 1253//1253 1203//1203
f 1236//1236 1281//1281 1203//1203
f 1143//1143 1199//1199 1185//1185
f 1143//1143 1096//1096 1199//1199
f 1153//1153 1214//1214 1078//1078
f 1090//1090 1035//1035 1100//1100
f 1067//1067 1165//1165 1105//1105
f 1203//1203 1130//1130 1094//1094
f 1160//1160 1165//1165 1104//1104
f 1253//1253 1206//1206 1180//1180
f 1035//1035 1090//1090 1020//1020
f 1090//1090 1108//1108 1020//1020
f 1020//1020 1108//1108 1096//1096
f 1160//1160 1110//1110 1162//1162
f 1104//1104 1067//1067 1083//1083
f 1104//1104 1165//1165 1067//1067
f 1023//1023 1035//1035 1020//1020
f 1096//1096 1143//1143 1102//1102
f 1143//1143 1147//1147 1102//1102
f 1185//1185 1147//1147 1143//1143
f 1023//1023 1083//1083 1067//1067
f 1023//1023 991//991 1083//1083
f 1083//1083 991//991 1029//1029
f 1020//1020 1096//1096 1008//1008
f 1008//1008 1096//1096 1078//1078
f 1102//1102 1078//1078 1096//1096
f 1147//1147 1159//1159 1102//1102
f 1083//1083 1086//1086 1114//1114
f 1159//1159 1154//1154 1102//1102
f 1106//1106 1114//1114 1107//1107
f 1029//1029 1086//1086 1083//1083
f 1154//1154 1114//1114 1168//1168
f 1008//1008 1078//1078 1006//1006
f 1130//1130 1180//1180 1107//1107
f 1130//1130 1107//1107 1086//1086
f 1032//1032 1006//1006 1044//1044
f 1153//1153 1168//1168 1180//1180
f 1130//1130 1086//1086 1094//1094
f 1078//1078 1214//1214 1075//1075
f 1160//1160 1212//1212 1165//1165
f 1160//1160 1185//1185 1243//1243
f 1248//1248 1199//1199 1192//1192
f 1239//1239 1199//1199 1248//1248
f 1138//1138 1192//1192 1100//1100
f 1243//1243 1239//1239 1262//1262
f 1138//1138 1105//1105 1152//1152
f 1090//1090 1100//1100 1192//1192
f 1090//1090 1192//1192 1108//1108
f 1108//1108 1192//1192 1199//1199
f 1212//1212 1243//1243 1262//1262
f 1165//1165 1207//1207 1152//1152
f 1212//1212 1207//1207 1165//1165
f 849//849 826//826 731//731
f 1133//1133 1093//1093 1154//1154
f 1050//1050 1093//1093 952//952
f 849//849 728//728 816//816
f 655//655 685//685 672//672
f 849//849 731//731 728//728
f 1154//1154 1175//1175 1159//1159
f 1071//1071 952//952 1093//1093
f 626//626 693//693 636//636
f 1050//1050 952//952 1071//1071
f 1133//1133 1154//1154 1093//1093
f 826//826 816//816 728//728
f 633//633 672//672 685//685
f 633//633 685//685 672//672
f 636//636 685//685 637//637
f 633//633 672//672 719//719
f 633//633 672//672 626//626
f 636//636 719//719 685//685
g BlueBoat_Antenna
usemtl BlueBoat_Antenna
f 1351//1351 1430//1430 1461//1461
f 1356//1356 1438//1438 1497//1497
f 3561//3561 3550//3550 3537//3537
f 1351//1351 1367//1367 1492//1492
f 1430//1430 1497//1497 1438//1438
f 1351//1351 1356//1356 1344//1344
f 1377//1377 1438//1438 1356//1356
f 1344//1344 939//939 936//936
f 1351//1351 1377//1377 1356//1356
f 1356//1356 1497//1497 1366//1366
f 1461//1461 1343//1343 251//251
f 1351//1351 1344//1344 1343//1343
f 1461//1461 1492//1492 1497//1497
f 3581//3581 3554//3554 3559//3559
f 3581//3581 3537//3537 3554//3554
f 3581//3581 3561//3561 3537//3537
f 585//585 1343//1343 1461//1461
f 1351//1351 1146//1146 1377//1377
f 1351//1351 1343//1343 1146//1146
f 1377//1377 1146//1146 1430//1430
f 1430//1430 1146//1146 1461//1461
f 585//585 1461//1461 1146//1146
f 585//585 1146//1146 1343//1343
f 1351//1351 1256//1256 1343//1343
f 1461//1461 251//251 1256//1256
f 1351//1351 1461//1461 1256//1256
f 1343//1343 1256//1256 251//251
f 1430//1430 1492//1492 1461//1461
f 1430//1430 1461//1461 1497//1497
f 1351//1351 1492//1492 1430//1430
f 1377//1377 1430//1430 1438//1438
f 1492//1492 1367//1367 1497//1497
f 1366//1366 1497//1497 1367//1367
f 1356//1356 1366//1366 1344//1344
f 1351//1351 1343//1343 1367//1367
f 1343//1343 936//936 992//992
f 1343//1343 992//992 1367//1367
f 983//983 1367//1367 992//992
f 1366//1366 1367//1367 983//983
f 1366//1366 983//983 939//939
f 1344//1344 1366//1366 939//939
f 1343//1343 1344//1344 936//936
