# Blue Robotics BlueBoat - Hulls
o Hulls
v -0.58491 0.27550 -0.11939
v -0.57726 0.28562 -0.11890
v -0.57607 0.27928 -0.11874
v -0.57379 0.28646 -0.11927
v -0.57369 0.27973 -0.11900
v -0.57159 0.28759 -0.10744
v -0.57094 0.28358 -0.10776
v -0.57040 -0.29940 -0.10767
v -0.56956 -0.30564 -0.10735
v -0.56859 0.28620 -0.09259
v -0.56705 -0.29949 -0.10781
v -0.56687 -0.30568 -0.10882
v -0.56660 0.27851 -0.09445
v -0.56072 -0.29728 -0.07921
v -0.56056 -0.30642 -0.09187
v -0.56004 -0.30562 -0.07868
v -0.55849 0.28109 -0.08962
v -0.55790 0.27781 -0.12169
v -0.54990 0.27473 -0.12082
v -0.53633 -0.29552 -0.11021
v -0.52345 0.28353 -0.02473
v -0.52332 0.28889 -0.09563
v -0.52321 0.28843 -0.02500
v -0.52136 -0.29679 -0.11420
v -0.52071 -0.30821 -0.08294
v -0.51965 0.29298 -0.01782
v -0.51750 0.27313 -0.02566
v -0.51668 0.31085 0.05534
v -0.51658 0.31407 0.04883
v -0.51639 0.29232 -0.02555
v -0.51632 0.27923 -0.01602
v -0.51610 0.28320 0.05625
v -0.51556 -0.30477 -0.01343
v -0.51453 0.28286 -0.04187
v -0.51416 -0.29473 -0.00882
v -0.51409 0.28104 -0.12317
v -0.51313 0.28148 0.04389
v -0.51210 0.29967 -0.01839
v -0.51173 0.28045 0.05560
v -0.51035 -0.29890 0.06269
v -0.50999 -0.30468 -0.02541
v -0.50966 0.31501 0.04195
v -0.50926 -0.29550 0.06820
v -0.50849 -0.32608 0.06825
v -0.50800 0.29345 0.07485
v -0.50649 -0.30649 -0.00191
v -0.50643 -0.29401 0.06665
v -0.50624 0.29250 -0.04294
v -0.50577 -0.32723 0.05653
v -0.50567 0.30384 -0.02964
v -0.50543 -0.29525 0.05779
v -0.50531 0.29451 -0.01007
v -0.50410 0.31282 0.07885
v -0.50362 -0.28536 -0.01582
v -0.50360 0.30727 0.08996
v -0.50253 0.32165 0.08983
v -0.50248 0.27107 -0.03819
v -0.50171 0.26865 -0.01997
v -0.50090 0.28317 -0.00741
v -0.50062 0.28698 -0.09459
v -0.49964 0.27415 -0.01085
v -0.49950 -0.31950 -0.02273
v -0.49881 -0.31935 -0.00738
v -0.49798 -0.32239 0.09468
v -0.49671 0.32419 0.06869
v -0.49589 -0.31131 0.10102
v -0.49517 -0.33587 0.10077
v -0.49515 0.29022 0.06292
v -0.49460 0.28196 -0.04362
v -0.49418 0.28541 -0.02352
v -0.49376 0.30994 0.08032
v -0.49131 0.28355 0.06783
v -0.49046 -0.28700 -0.02862
v -0.48970 0.30453 0.12376
v -0.48936 0.28262 0.06372
v -0.48922 -0.32215 0.08075
v -0.48866 -0.33734 0.07975
v -0.48787 0.33586 0.12327
v -0.48750 0.30087 -0.03894
v -0.48709 0.28275 0.05609
v -0.48686 0.31188 0.13671
v -0.48649 0.32480 0.06396
v -0.48633 -0.32073 0.09493
v -0.48593 0.26929 -0.03130
v -0.48588 0.32477 0.05473
v -0.48577 -0.29359 0.07729
v -0.48570 0.29019 -0.04394
v -0.48520 0.30090 -0.03177
v -0.48483 0.31274 0.07676
v -0.48434 0.27352 -0.03833
v -0.48427 0.28219 -0.03017
v -0.48390 0.30984 0.08443
v -0.48376 0.30114 -0.02137
v -0.48329 0.27241 -0.01883
v -0.48320 0.29050 -0.03026
v -0.48258 0.28097 -0.09432
v -0.48256 0.28195 -0.02214
v -0.48253 0.29104 -0.02218
v -0.48251 -0.28831 0.04283
v -0.48246 0.28324 -0.04815
v -0.48238 -0.29514 0.07760
v -0.48217 -0.34142 0.13851
v -0.48198 0.28357 -0.01054
v -0.48180 -0.29796 0.09918
v -0.48029 -0.29393 0.06820
v -0.48017 -0.33712 0.06717
v -0.47996 -0.30675 0.14291
v -0.47985 -0.30455 -0.03361
v -0.47966 0.29766 0.14916
v -0.47925 0.29188 -0.01131
v -0.47906 -0.28992 -0.02629
v -0.47881 -0.32354 0.15157
v -0.47864 -0.28560 -0.00902
v -0.47857 -0.31874 -0.01881
v -0.47851 -0.33793 0.08858
v -0.47851 -0.31355 -0.02749
v -0.47823 -0.31729 -0.00889
v -0.47805 -0.31575 0.09788
v -0.47799 0.31838 0.15098
v -0.47769 -0.29448 -0.01612
v -0.47761 -0.34649 0.11520
v -0.47745 0.27210 -0.04282
v -0.47717 0.29021 0.11281
v -0.47684 0.28343 0.09179
v -0.47659 0.31205 0.13973
v -0.47634 -0.30523 -0.01949
v -0.47632 -0.29466 0.00016
v -0.47621 -0.30317 -0.01157
v -0.47568 -0.32347 0.09078
v -0.47567 -0.30435 0.00028
v -0.47486 0.34009 0.16205
v -0.47450 -0.29475 -0.03589
v -0.47349 0.30416 -0.01860
v -0.47325 -0.33078 0.14866
v -0.47283 0.33466 0.08564
v -0.47221 0.27933 -0.09433
v -0.47151 -0.35014 0.16199
v -0.47119 0.34347 0.11805
v -0.47103 -0.31367 0.15515
v -0.47085 0.31871 0.12743
v -0.47082 0.34591 0.17970
v -0.47045 -0.32791 0.16789
v -0.47030 0.32271 0.15434
v -0.46992 -0.29442 0.10263
v -0.46980 -0.28291 -0.02557
v -0.46973 0.28308 0.11752
v -0.46966 -0.31696 0.00201
v -0.46829 -0.32389 0.15937
v -0.46825 0.28303 0.12554
v -0.46787 -0.34710 0.08292
v -0.46642 -0.35296 0.18336
v -0.46636 -0.30501 -0.08420
v -0.46588 0.31133 0.18626
v -0.46561 -0.29564 -0.08408
v -0.46551 -0.31493 0.16995
v -0.46523 0.29646 0.15002
v -0.46517 0.31205 0.14209
v -0.46441 -0.33786 0.15963
v -0.46403 -0.29282 0.13015
v -0.46308 0.28723 0.18788
v -0.46271 0.28792 0.18595
v -0.46131 -0.32450 0.15178
v -0.46126 0.35065 0.16282
v -0.46101 0.29371 0.13562
v -0.46099 0.34779 0.13423
v -0.46068 -0.35359 0.13781
v -0.46010 -0.33115 0.14230
v -0.45993 0.28416 0.14257
v -0.45956 -0.30835 0.14416
v -0.45936 -0.29392 0.06274
v -0.45934 -0.29369 0.13796
v -0.45921 -0.29761 0.19767
v -0.45881 0.34707 0.09741
v -0.45860 -0.34192 0.06398
v -0.45854 -0.29637 0.19935
v -0.45837 0.30048 -0.04219
v -0.45834 -0.35030 0.19952
v -0.45802 0.32390 0.13841
v -0.45796 0.29196 -0.04684
v -0.45779 0.27247 -0.04326
v -0.45779 0.28171 -0.04771
v -0.45761 0.30404 -0.03420
v -0.45745 0.28160 0.04266
v -0.45711 0.26952 -0.03379
v -0.45692 0.28288 0.05088
v -0.45615 0.35121 0.12066
v -0.45596 0.29160 0.04536
v -0.45566 -0.29588 0.04543
v -0.45521 0.27158 -0.02169
v -0.45513 0.30260 -0.02123
v -0.45479 -0.29219 0.19817
v -0.45475 0.28883 -0.11452
v -0.45453 0.31144 0.21611
v -0.45446 0.28150 -0.01433
v -0.45433 0.32236 0.03316
v -0.45432 0.29069 -0.01369
v -0.45411 -0.29304 0.14741
v -0.45360 0.32936 0.04905
v -0.45319 0.32936 0.04266
v -0.45277 -0.31148 -0.00203
v -0.45227 0.28682 0.21653
v -0.45197 0.28343 -0.02550
v -0.45190 0.28862 -0.09005
v -0.45114 -0.31152 -0.03423
v -0.45099 0.28924 -0.02971
v -0.45081 -0.28482 -0.02351
v -0.45035 -0.30185 0.15676
v -0.45031 0.31237 0.13307
v -0.45019 -0.29445 0.06220
v -0.44995 -0.33341 0.15182
v -0.44979 -0.28556 -0.01237
v -0.44973 -0.31963 -0.02094
v -0.44967 -0.36003 0.12844
v -0.44934 -0.29832 0.04647
v -0.44913 -0.30746 -0.11624
v -0.44898 0.35456 0.20407
v -0.44895 -0.29373 -0.03567
v -0.44872 -0.29455 -0.00305
v -0.44820 -0.30759 -0.09923
v -0.44812 0.32858 0.14933
v -0.44800 0.34920 0.23242
v -0.44798 -0.29358 0.05069
v -0.44789 0.28338 0.14553
v -0.44759 -0.30554 -0.00200
v -0.44757 -0.29208 0.22795
v -0.44752 0.27800 -0.08670
v -0.44748 0.28762 0.23324
v -0.44738 -0.29140 0.15596
v -0.44728 -0.31605 -0.01166
v -0.44724 -0.29578 -0.02271
v -0.44713 -0.35653 0.22673
v -0.44677 0.35316 0.14822
v -0.44643 0.28286 0.04669
v -0.44604 -0.34316 0.05783
v -0.44604 0.28562 0.03224
v -0.44603 -0.36217 0.18414
v -0.44578 -0.30493 -0.02245
v -0.44560 -0.31743 0.15351
v -0.44552 -0.35795 0.15743
v -0.44516 -0.30041 -0.01462
v -0.44317 -0.35671 0.11935
v -0.44290 0.29250 0.23485
v -0.44265 0.27182 -0.04463
v -0.44263 0.28744 0.15615
v -0.44224 -0.29488 0.24387
v -0.44212 0.29193 -0.07906
v -0.44177 0.29903 -0.03428
v -0.44135 0.30000 -0.04431
v -0.44123 0.28409 -0.03143
v -0.44107 0.29883 0.15630
v -0.44033 -0.35413 0.24642
v -0.44020 -0.29492 0.05812
v -0.43977 0.34093 0.06835
v -0.43972 -0.34174 0.05909
v -0.43956 0.28521 0.18609
v -0.43954 -0.29077 0.24452
v -0.43944 0.29421 0.18103
v -0.43848 0.34736 0.08203
v -0.43819 0.32615 0.03798
v -0.43810 -0.31176 0.22732
v -0.43779 0.28667 -0.01422
v -0.43738 -0.30501 -0.02338
v -0.43732 -0.29805 0.05270
v -0.43626 -0.30690 -0.07142
v -0.43614 0.35809 0.15572
v -0.43555 -0.28446 -0.02838
v -0.43552 0.28306 0.03740
v -0.43488 0.28045 -0.04876
v -0.43456 0.27895 -0.07782
v -0.43455 0.28516 0.15669
v -0.43448 -0.35451 0.08904
v -0.43429 0.28960 -0.05315
v -0.43400 -0.29234 -0.00501
v -0.43328 0.28715 -0.03544
v -0.43259 -0.29166 0.19814
v -0.43247 0.26924 -0.02855
v -0.43225 -0.33737 0.04375
v -0.43193 -0.29301 0.05023
v -0.43181 -0.30384 -0.00351
v -0.43129 -0.29684 -0.06937
v -0.43096 0.30601 0.21775
v -0.43071 0.28638 0.16570
v -0.43056 -0.32192 0.17062
v -0.43032 0.28926 0.02750
v -0.43028 -0.34082 0.05020
v -0.43012 -0.29027 -0.02038
v -0.43011 0.32502 0.02801
v -0.43004 -0.31209 0.03894
v -0.42992 -0.31139 -0.03893
v -0.42984 -0.29923 -0.02849
v -0.42969 0.29101 -0.06852
v -0.42892 0.35928 0.12822
v -0.42817 -0.28551 -0.01214
v -0.42814 -0.29198 0.16770
v -0.42796 -0.31869 -0.00865
v -0.42749 0.28088 -0.06679
v -0.42744 -0.29300 0.04280
v -0.42717 0.27121 -0.04673
v -0.42710 -0.29661 0.17455
v -0.42671 0.28200 0.02780
v -0.42638 0.36402 0.16880
v -0.42562 0.28000 -0.05845
v -0.42530 0.29631 -0.01741
v -0.42522 0.36310 0.23007
v -0.42508 0.36080 0.16426
v -0.42486 0.29248 -0.05721
v -0.42383 -0.30074 0.03395
v -0.42336 0.27934 -0.05084
v -0.42313 -0.29315 -0.06511
v -0.42291 -0.29347 -0.03779
v -0.42289 -0.36724 0.17279
v -0.42283 0.29768 -0.03925
v -0.42237 -0.36186 0.24898
v -0.42224 0.28402 0.16870
v -0.42182 -0.30464 0.22671
v -0.42174 -0.30767 -0.05681
v -0.42167 -0.30429 -0.00426
v -0.42163 -0.33690 0.03995
v -0.42154 0.27945 -0.01701
v -0.42151 0.35636 0.08335
v -0.42095 -0.36926 0.17980
v -0.42076 0.30642 -0.00722
v -0.42055 0.36278 0.17526
v -0.42022 -0.31170 -0.04119
v -0.41979 -0.36840 0.14148
v -0.41932 -0.29394 0.03855
v -0.41924 0.28169 0.00475
v -0.41910 -0.29675 -0.04562
v -0.41899 -0.30702 -0.04677
v -0.41875 0.31377 0.00702
v -0.41864 0.30964 -0.00793
v -0.41857 0.28641 0.17922
v -0.41815 -0.29202 0.17925
v -0.41690 -0.32080 -0.00245
v -0.41669 0.36507 0.18673
v -0.41641 0.28517 0.18601
v -0.41636 -0.29336 -0.03840
v -0.41625 0.36350 0.17297
v -0.41611 0.34011 0.20582
v -0.41602 -0.33035 0.02853
v -0.41529 -0.29392 -0.00361
v -0.41514 -0.31846 0.21663
v -0.41424 0.29852 -0.03252
v -0.41353 -0.37154 0.18604
v -0.41308 -0.29301 0.18865
v -0.41306 0.30394 0.20180
v -0.41289 -0.31480 -0.00438
v -0.41288 0.36518 0.18548
v -0.41262 0.36920 0.19430
v -0.41258 0.28571 0.18518
v -0.41221 -0.29493 0.01818
v -0.41195 -0.32487 0.01561
v -0.41155 0.33985 0.19831
v -0.41150 -0.36919 0.10817
v -0.40955 0.28143 -0.04902
v -0.40939 -0.34925 0.21601
v -0.40845 -0.28807 0.18764
v -0.40823 -0.34792 0.22945
v -0.40813 0.34594 0.05361
v -0.40812 0.30810 0.20120
v -0.40758 0.33750 0.20648
v -0.40747 0.35039 0.20712
v -0.40699 0.30436 0.21595
v -0.40697 -0.37430 0.20452
v -0.40679 0.31589 0.20743
v -0.40677 -0.29092 0.19521
v -0.40677 0.33929 0.21550
v -0.40673 -0.30776 -0.03670
v -0.40640 0.33068 0.20346
v -0.40597 0.28228 0.19723
v -0.40584 -0.37102 0.18838
v -0.40577 -0.29601 -0.01707
v -0.40495 -0.29637 -0.03590
v -0.40471 -0.37101 0.19968
v -0.40462 -0.32541 0.21772
v -0.40324 -0.30970 0.21248
v -0.40321 0.37172 0.14052
v -0.40285 -0.34802 0.05788
v -0.40180 0.28654 0.20770
v -0.40156 0.36980 0.23096
v -0.40149 0.28186 -0.01927
v -0.40117 -0.31430 0.22827
v -0.40111 -0.29221 -0.02946
v -0.40077 0.27860 -0.03751
v -0.40060 -0.37296 0.23659
v -0.40053 -0.34669 0.22004
v -0.40033 0.28571 0.23063
v -0.40030 -0.34054 0.21361
v -0.39985 0.32873 0.02918
v -0.39956 0.36662 0.23324
v -0.39947 0.34138 0.20023
v -0.39941 -0.34303 0.22875
v -0.39933 -0.31573 0.22004
v -0.39929 -0.31441 -0.02186
v -0.39894 0.30677 0.20415
v -0.39779 0.32277 0.01243
v -0.39778 0.32854 0.23397
v -0.39750 0.36991 0.22995
v -0.39729 0.30070 -0.04205
v -0.39661 0.37495 0.19966
v -0.39644 -0.30518 0.22289
v -0.39633 0.36941 0.23393
v -0.39535 -0.28946 0.21948
v -0.39516 0.27154 -0.03807
v -0.39454 0.28763 0.23169
v -0.39428 -0.28992 0.23959
v -0.39411 -0.37935 0.14840
v -0.39411 0.28673 0.23514
v -0.39349 0.29427 -0.03680
v -0.39251 -0.29498 0.24382
v -0.39196 -0.29401 0.24612
v -0.39103 0.27893 -0.05220
v -0.39089 0.28156 0.14963
v -0.39077 -0.28851 0.15544
v -0.39049 -0.30315 -0.02701
v -0.39044 0.28556 -0.11972
v -0.38931 -0.31750 -0.00508
v -0.38924 -0.37242 0.24464
v -0.38910 0.37238 0.12173
v -0.38908 0.31748 0.00894
v -0.38906 0.30358 -0.02076
v -0.38901 -0.28428 -0.02836
v -0.38870 -0.37257 0.24825
v -0.38868 -0.31439 0.21266
v -0.38851 -0.34831 0.21652
v -0.38846 -0.29368 -0.04004
v -0.38838 -0.29073 0.24290
v -0.38808 0.28101 -0.03123
v -0.38800 0.27700 -0.02037
v -0.38794 -0.29037 0.24627
v -0.38754 -0.36811 0.08629
v -0.38746 -0.29656 -0.00715
v -0.38652 -0.31322 -0.03470
v -0.38645 -0.31665 0.24407
v -0.38621 0.28503 -0.13486
v -0.38558 -0.29439 -0.01704
v -0.38415 0.29283 -0.05496
v -0.38392 0.34304 0.03735
v -0.38350 -0.31310 -0.01978
v -0.38310 -0.38154 0.21733
v -0.38278 -0.37814 0.14075
v -0.38155 0.28032 -0.04164
v -0.38076 0.28082 -0.03091
v -0.38074 -0.34579 0.04074
v -0.37956 0.27321 -0.03472
v -0.37862 0.28952 -0.07741
v -0.37840 0.30067 -0.03343
v -0.37787 -0.35981 0.06814
v -0.37652 0.36388 0.07116
v -0.37638 -0.28624 -0.03991
v -0.37542 0.36889 0.09584
v -0.37479 -0.29403 -0.03013
v -0.37475 -0.37262 0.09939
v -0.37467 -0.30876 -0.03822
v -0.37431 -0.29562 -0.01501
v -0.37235 -0.31447 -0.02111
v -0.37208 -0.32468 0.00018
v -0.37111 0.34253 0.04073
v -0.36969 -0.28994 0.06849
v -0.36931 0.27980 0.04951
v -0.36807 -0.33258 0.01590
v -0.36776 -0.37982 0.10521
v -0.36670 -0.35760 0.05346
v -0.36524 0.35713 0.05979
v -0.36515 0.38319 0.13789
v -0.36480 0.38108 0.20718
v -0.36339 0.28157 0.14957
v -0.35997 0.38375 0.22587
v -0.35835 0.27832 0.14266
v -0.35649 -0.28922 0.06266
v -0.35554 -0.28775 0.16215
v -0.35552 -0.38551 0.21657
v -0.35430 0.38167 0.12960
v -0.35353 0.28053 -0.10998
v -0.35336 0.38882 0.18421
v -0.35241 0.38378 0.11051
v -0.35233 0.38522 0.18845
v -0.35181 -0.38769 0.24078
v -0.35074 -0.29188 -0.03742
v -0.34956 0.28309 -0.13033
v -0.34925 -0.30237 -0.10830
v -0.34871 0.27780 -0.04629
v -0.34849 -0.38478 0.24161
v -0.34732 0.28203 -0.14332
v -0.34724 0.28784 -0.10181
v -0.34644 0.39095 0.22342
v -0.34480 -0.29728 -0.11567
v -0.34473 0.27680 -0.11886
v -0.34435 0.30245 -0.04193
v -0.34414 -0.29691 -0.09561
v -0.34354 0.29070 -0.11272
v -0.34314 -0.29671 -0.13374
v -0.34292 0.29337 -0.08839
v -0.34286 -0.30520 -0.13049
v -0.34170 -0.39365 0.14215
v -0.34111 0.27474 -0.04249
v -0.34056 0.29733 -0.06416
v -0.34033 0.27707 -0.10745
v -0.34002 -0.28817 0.14325
v -0.33950 -0.29219 -0.03209
v -0.33920 -0.29083 -0.02478
v -0.33844 0.30985 -0.02336
v -0.33800 0.27860 -0.13125
v -0.33713 -0.28473 0.15489
v -0.33659 -0.31516 -0.03181
v -0.33619 -0.30837 -0.07665
v -0.33617 -0.30661 -0.10665
v -0.33567 -0.29286 -0.09946
v -0.33555 -0.30366 -0.08245
v -0.33498 0.28188 -0.14656
v -0.33497 -0.32452 0.00509
v -0.33481 0.28405 -0.12046
v -0.33432 -0.31128 -0.05241
v -0.33282 0.28761 -0.14543
v -0.33219 -0.29311 -0.11553
v -0.33181 0.35729 0.04449
v -0.33094 0.28314 -0.09661
v -0.33051 -0.32071 -0.01507
v -0.32978 0.28009 -0.10881
v -0.32943 -0.29649 -0.13298
v -0.32786 -0.34586 0.03408
v -0.32785 -0.30185 -0.13585
v -0.32783 -0.38249 0.08572
v -0.32781 0.27853 -0.14624
v -0.32675 0.38038 0.08325
v -0.32664 0.28774 -0.14636
v -0.32654 0.28207 -0.13573
v -0.32554 -0.30173 -0.09966
v -0.32468 -0.30387 -0.10902
v -0.32288 0.28607 0.13842
v -0.32287 0.29063 -0.11876
v -0.32184 -0.30361 -0.13404
v -0.32181 -0.29639 -0.13528
v -0.32142 0.27700 -0.12201
v -0.32113 0.33425 0.01507
v -0.32112 -0.40012 0.19946
v -0.32087 0.28966 -0.10455
v -0.31970 -0.38968 0.11021
v -0.31897 -0.29761 -0.08573
v -0.31896 -0.29262 -0.09633
v -0.31883 0.39767 0.22625
v -0.31837 0.39192 0.11597
v -0.31833 0.28141 -0.10307
v -0.31827 0.39733 0.21904
v -0.31805 -0.30685 -0.09663
v -0.31754 0.39449 0.14338
v -0.31742 -0.29546 -0.11040
v -0.31738 -0.30189 -0.12677
v -0.31736 0.33999 0.02500
v -0.31711 -0.39682 0.24150
v -0.31622 0.39973 0.18032
v -0.31503 -0.28969 0.14857
v -0.31498 -0.37384 0.06710
v -0.31453 -0.39644 0.23716
v -0.31356 0.28015 -0.04859
v -0.31295 0.28440 0.04675
v -0.31280 0.28326 -0.12564
v -0.31248 -0.29065 0.05786
v -0.31166 0.27886 -0.03292
v -0.31118 -0.39693 0.14911
v -0.31026 -0.30549 -0.13449
v -0.31006 0.27726 -0.14617
v -0.30856 -0.30286 -0.09365
v -0.30817 -0.28962 -0.03890
v -0.30715 0.35236 0.02957
v -0.30706 -0.39949 0.20108
v -0.30558 -0.29681 -0.11426
v -0.30478 -0.29648 -0.09760
v -0.30312 0.39851 0.22082
v -0.30211 -0.36216 0.05049
v -0.30134 -0.29720 -0.13295
v -0.30129 0.28965 -0.14506
v -0.29957 -0.30478 -0.13461
v -0.29951 -0.39951 0.12672
v -0.29891 0.30385 -0.03274
v -0.29820 -0.39946 0.23680
v -0.29623 0.28637 0.13826
v -0.29597 -0.29092 -0.02307
v -0.29317 -0.28849 0.14302
v -0.29096 0.39459 0.10034
v -0.29014 0.40081 0.13339
v -0.28848 0.37234 0.05384
v -0.28753 -0.28912 0.06551
v -0.28619 -0.28837 0.04708
v -0.28422 0.18041 0.21515
v -0.28384 -0.40911 0.23384
v -0.28270 0.34171 0.01492
v -0.28266 0.20576 0.22723
v -0.28265 0.24264 0.21642
v -0.28222 -0.40721 0.23403
v -0.28216 0.32745 0.00473
v -0.28175 0.40680 0.17706
v -0.28070 -0.19121 0.22980
v -0.27961 0.22278 0.21374
v -0.27825 0.23574 0.22281
v -0.27747 -0.29118 -0.03082
v -0.27673 0.38391 0.05950
v -0.27645 -0.40752 0.15068
v -0.27515 -0.23415 0.21871
v -0.27381 -0.23862 0.22868
v -0.27277 0.27711 0.13386
v -0.27270 0.28236 0.12295
v -0.27226 0.32451 -0.00658
v -0.27217 0.28441 -0.15391
v -0.27215 -0.31354 -0.02848
v -0.27192 -0.28419 0.14154
v -0.27098 -0.35255 0.02859
v -0.26896 0.29408 -0.09577
v -0.26789 -0.30579 -0.13469
v -0.26788 0.23439 0.20620
v -0.26770 -0.40851 0.16128
v -0.26702 0.27865 -0.04140
v -0.26689 0.39743 0.08302
v -0.26670 0.23534 0.22497
v -0.26649 -0.29332 0.05015
v -0.26558 -0.38118 0.06666
v -0.26545 0.26345 0.21530
v -0.26522 -0.30605 -0.10885
v -0.26505 0.28334 0.18328
v -0.26504 -0.29125 0.14787
v -0.26471 0.27638 0.04023
v -0.26417 -0.29524 -0.14122
v -0.26387 0.24326 0.20932
v -0.26308 0.26069 0.17742
v -0.26295 -0.30770 -0.08415
v -0.26266 -0.36988 0.04429
v -0.26260 0.37802 0.22446
v -0.26250 0.34271 0.22544
v -0.26222 0.39747 0.23402
v -0.26144 0.32128 0.23426
v -0.26135 0.27898 0.22721
v -0.26081 -0.23639 0.21969
v -0.26076 0.26361 0.23571
v -0.26073 0.22692 0.19712
v -0.26069 -0.28437 0.05328
v -0.26060 -0.28641 0.18742
v -0.26060 0.26576 0.19208
v -0.26034 0.30077 0.22459
v -0.26030 0.22545 0.23655
v -0.26011 -0.23342 0.23252
v -0.25966 0.37717 0.05457
v -0.25964 0.37517 0.05461
v -0.25935 -0.38871 0.06729
v -0.25930 0.28089 0.05105
v -0.25916 0.28744 -0.12071
v -0.25914 0.27859 -0.05979
v -0.25912 -0.27043 0.20264
v -0.25912 0.28240 0.17280
v -0.25908 -0.24412 0.23086
v -0.25881 0.28620 -0.14784
v -0.25871 0.40409 0.23331
v -0.25865 0.28630 0.05634
v -0.25849 -0.40647 0.10391
v -0.25825 -0.26223 0.22398
v -0.25822 0.40159 0.22562
v -0.25806 0.25478 0.22531
v -0.25756 -0.26255 0.18827
v -0.25729 0.24297 0.19723
v -0.25688 0.27737 0.21072
v -0.25666 0.28439 0.21936
v -0.25621 0.37545 0.23286
v -0.25587 -0.34957 0.03028
v -0.25567 0.32571 0.22471
v -0.25561 -0.28462 0.23633
v -0.25540 -0.22609 0.20783
v -0.25521 -0.22550 0.24520
v -0.25503 0.26664 0.20394
v -0.25483 0.22581 0.23458
v -0.25467 -0.26442 0.24776
v -0.25463 0.28678 0.13520
v -0.25457 0.30051 0.23291
v -0.25455 -0.29506 0.24599
v -0.25452 0.37821 0.10510
v -0.25450 0.37621 0.10514
v -0.25447 0.35275 0.22435
v -0.25433 0.25870 0.21300
v -0.25413 0.27780 0.23148
v -0.25374 -0.28237 0.18622
v -0.25370 0.23642 0.21932
v -0.25350 0.28712 0.10688
v -0.25342 -0.39587 0.24678
v -0.25341 0.32520 0.23520
v -0.25328 -0.33838 0.00962
v -0.25317 -0.27624 0.22281
v -0.25305 -0.30160 -0.13884
v -0.25295 -0.33496 0.01189
v -0.25292 -0.24912 0.20283
v -0.25287 0.16680 0.21563
v -0.25284 0.25858 0.23198
v -0.25261 0.21186 0.21707
v -0.25257 0.39925 0.09106
v -0.25256 0.26675 0.22439
v -0.25234 0.28483 0.03646
v -0.25226 0.37696 0.22735
v -0.25216 -0.29355 0.06766
v -0.25212 0.18734 0.21524
v -0.25208 -0.34203 0.23915
v -0.25194 0.19294 0.20739
v -0.25183 -0.28735 0.13080
v -0.25183 0.28897 0.22997
v -0.25182 0.19040 0.21656
v -0.25177 -0.25209 0.23439
v -0.25165 0.14476 0.21879
v -0.25165 0.28040 0.02891
v -0.25140 -0.22911 0.24560
v -0.25140 0.16119 0.21703
v -0.25135 0.26396 0.20381
v -0.25115 -0.38353 0.06942
v -0.25084 0.28077 -0.04426
v -0.25062 0.29084 -0.09141
v -0.25058 -0.30710 0.23793
v -0.25053 -0.35996 0.24668
v -0.24956 -0.32845 0.24646
v -0.24935 -0.27553 0.23489
v -0.24930 0.26414 0.22491
v -0.24929 0.32950 0.22079
v -0.24926 -0.04685 0.21207
v -0.24910 -0.37614 0.23878
v -0.24907 -0.25782 0.24207
v -0.24902 -0.26817 0.21382
v -0.24877 -0.24096 0.22652
v -0.24861 -0.26435 0.22434
v -0.24844 -0.40127 0.23963
v -0.24844 -0.13821 0.22338
v -0.24831 -0.23496 0.22413
v -0.24823 0.28717 0.19228
v -0.24778 -0.18245 0.22337
v -0.24770 0.32518 0.23275
v -0.24754 -0.25702 0.23742
v -0.24737 -0.40418 0.24877
v -0.24725 0.41523 0.21861
v -0.24719 0.40845 0.23077
v -0.24701 -0.29273 0.11819
v -0.24694 0.40477 0.22005
v -0.24693 0.30742 0.21162
v -0.24691 -0.40979 0.13047
v -0.24689 -0.27909 0.24621
v -0.24685 0.30577 0.18828
v -0.24685 0.35142 0.22029
v -0.24681 0.37224 0.23154
v -0.24672 0.30702 0.22148
v -0.24668 0.39645 0.21349
v -0.24653 -0.26705 0.23585
v -0.24651 -0.22522 0.23732
v -0.24619 0.35168 0.23208
v -0.24606 -0.37215 0.24877
v -0.24601 -0.38271 0.11995
v -0.24589 0.31523 -0.01818
v -0.24560 0.40950 0.10381
v -0.24544 -0.26572 0.21433
v -0.24532 -0.41350 0.23532
v -0.24527 -0.28592 0.18561
v -0.24520 0.29899 0.21347
v -0.24516 0.27847 0.22874
v -0.24495 0.29981 0.22143
v -0.24485 -0.28805 0.20957
v -0.24481 0.15615 0.20496
v -0.24475 0.39425 0.23018
v -0.24462 -0.29087 0.19296
v -0.24453 0.30960 0.23219
v -0.24437 0.29246 0.21703
v -0.24389 0.39974 0.19911
v -0.24377 0.23854 0.22684
v -0.24333 0.39764 0.21920
v -0.24325 -0.39901 0.09014
v -0.24316 0.41968 0.18422
v -0.24315 0.29042 0.23429
v -0.24311 0.22413 0.23237
v -0.24289 0.28031 -0.15590
v -0.24285 -0.26531 0.23540
v -0.24269 -0.41510 0.23030
v -0.24266 -0.40861 0.24722
v -0.24244 0.16957 0.20327
v -0.24224 -0.28703 0.24184
v -0.24210 -0.28690 0.20269
v -0.24206 -0.30274 -0.14385
v -0.24197 -0.29040 -0.03152
v -0.24190 0.19177 0.20438
v -0.24185 0.20049 0.22621
v -0.24173 -0.32195 -0.01072
v -0.24158 0.09175 0.22879
v -0.24146 -0.29473 -0.04404
v -0.24133 0.23677 0.20244
v -0.24102 0.29740 0.19333
v -0.24062 0.40532 0.21812
v -0.24055 -0.32862 0.24671
v -0.24034 0.30265 0.20769
v -0.24010 -0.31576 0.23675
v -0.24007 -0.21369 0.21178
v -0.23997 0.28607 0.19737
v -0.23979 -0.22759 0.24232
v -0.23963 -0.29859 0.22650
v -0.23939 0.41885 0.21314
v -0.23918 0.28789 0.18367
v -0.23918 0.39611 0.21119
v -0.23909 -0.38022 0.23508
v -0.23903 -0.39718 0.22443
v -0.23898 -0.27865 0.23192
v -0.23897 -0.35007 0.23542
v -0.23894 -0.37872 0.24696
v -0.23891 -0.28718 0.14846
v -0.23886 -0.13717 0.23327
v -0.23850 0.28701 0.19037
v -0.23797 -0.29913 0.23285
v -0.23781 0.15988 0.20345
v -0.23774 0.30897 0.21395
v -0.23768 0.41698 0.19236
v -0.23751 -0.28441 -0.04036
v -0.23729 -0.40306 0.23476
v -0.23720 -0.29743 0.24503
v -0.23718 -0.30709 0.22513
v -0.23718 0.30674 0.22313
v -0.23707 0.40312 0.21126
v -0.23693 -0.28103 0.19678
v -0.23661 0.16219 0.22653
v -0.23640 -0.20743 0.23436
v -0.23633 -0.30291 0.19947
v -0.23626 -0.24573 0.21180
v -0.23619 -0.23709 0.23629
v -0.23613 -0.19120 0.21003
v -0.23608 -0.24187 0.21275
v -0.23599 -0.30383 0.21075
v -0.23574 -0.15102 0.20976
v -0.23564 0.30150 0.22019
v -0.23550 -0.11754 0.20885
v -0.23541 0.13969 0.20498
v -0.23538 0.35153 0.02151
v -0.23529 0.39275 0.22898
v -0.23499 0.22494 0.23223
v -0.23493 0.35182 0.23093
v -0.23493 0.40576 0.22989
v -0.23478 0.23484 0.22454
v -0.23473 -0.40100 0.21606
v -0.23465 0.33760 0.21922
v -0.23464 0.26061 0.23101
v -0.23415 0.37626 0.22008
v -0.23406 0.28711 0.23150
v -0.23405 0.28538 0.21809
v -0.23398 -0.28564 0.18432
v -0.23390 -0.25912 0.24036
v -0.23360 0.30533 -0.03774
v -0.23358 -0.28871 0.20745
v -0.23332 0.37681 0.23022
v -0.23316 0.26225 0.22516
v -0.23310 0.26518 0.20211
v -0.23290 0.29947 0.23189
v -0.23284 -0.40541 0.22858
v -0.23274 0.24247 0.22958
v -0.23253 -0.16657 0.23194
v -0.23240 -0.28843 0.20084
v -0.23237 0.35350 0.21940
v -0.23197 0.32632 0.23227
v -0.23172 -0.24252 0.23616
v -0.23172 0.28018 0.17027
v -0.23153 0.41750 0.13003
v -0.23131 0.26566 0.22269
v -0.23127 0.28296 0.14116
v -0.23089 0.23478 0.21065
v -0.23079 0.27405 0.21395
v -0.23048 0.26637 0.20115
v -0.23034 0.28329 -0.05747
v -0.23024 0.18638 0.21216
v -0.23020 -0.18782 0.23211
v -0.23005 -0.21130 0.23176
v -0.22975 -0.30688 0.23298
v -0.22968 0.32834 0.23743
v -0.22962 -0.28705 0.23474
v -0.22957 0.32339 0.26292
v -0.22954 0.32564 0.23747
v -0.22916 -0.39729 0.23377
v -0.22903 -0.30056 0.22501
v -0.22891 -0.40497 0.23434
v -0.22842 0.21207 0.21310
v -0.22836 -0.28771 -0.03555
v -0.22835 0.25771 0.21007
v -0.22827 -0.31132 0.24326
v -0.22803 -0.29695 0.23806
v -0.22779 0.18720 0.21665
v -0.22774 0.16821 0.22080
v -0.22770 0.13349 0.21343
v -0.22767 -0.35089 0.23548
v -0.22760 0.26800 0.22208
v -0.22749 -0.37568 0.23524
v -0.22737 0.27771 0.20962
v -0.22733 0.25570 0.17588
v -0.22713 0.40242 0.22119
v -0.22706 0.26613 0.21283
v -0.22694 -0.26428 0.21137
v -0.22673 -0.41293 0.23596
v -0.22668 0.33378 0.22316
v -0.22644 0.29861 0.21975
v -0.22640 0.26661 0.18411
v -0.22628 -0.29100 0.13694
v -0.22624 0.23172 0.19112
v -0.22618 -0.26486 0.22171
v -0.22613 0.24647 0.22350
v -0.22612 0.32459 0.23717
v -0.22611 0.37685 0.22914
v -0.22593 -0.42324 0.19679
v -0.22593 -0.21188 0.21896
v -0.22587 0.33223 0.25748
v -0.22585 -0.37505 0.24541
v -0.22578 0.32916 0.23702
v -0.22558 -0.28140 0.18187
v -0.22528 0.29715 0.23072
v -0.22527 -0.25922 0.22233
v -0.22524 0.32178 0.23102
v -0.22509 -0.24182 0.22445
v -0.22488 -0.26601 0.23301
v -0.22487 0.27796 0.23143
v -0.22482 0.22509 0.21966
v -0.22479 -0.18496 0.21305
v -0.22468 0.40679 0.22931
v -0.22459 -0.40772 0.24565
v -0.22443 0.33131 0.23234
v -0.22440 -0.32679 0.24455
v -0.22420 0.25069 0.20046
v -0.22419 0.28393 0.17234
v -0.22402 -0.19891 0.23369
v -0.22401 -0.26737 0.21160
v -0.22389 0.25861 0.23022
v -0.22382 -0.42065 0.14358
v -0.22354 0.37415 0.22166
v -0.22295 -0.32681 0.23433
v -0.22291 -0.26100 0.19709
v -0.22289 0.22696 0.23120
v -0.22286 -0.29457 -0.04669
v -0.22264 -0.38377 0.24482
v -0.22256 0.27965 0.19067
v -0.22254 -0.23570 0.22564
v -0.22249 -0.41992 0.20118
v -0.22185 -0.26713 0.23295
v -0.22154 -0.26991 0.22526
v -0.22121 -0.28143 0.14252
v -0.22089 -0.22889 0.24025
v -0.22028 0.34548 0.21934
v -0.22013 0.25177 0.21835
v -0.22003 0.28355 -0.04975
v -0.22000 -0.41872 0.12358
v -0.21964 -0.27886 0.24310
v -0.21963 0.32269 0.26179
v -0.21954 -0.25597 0.23846
v -0.21950 0.31013 0.22097
v -0.21932 -0.32086 0.24426
v -0.21928 0.36043 0.22719
v -0.21928 0.39533 0.22757
v -0.21911 0.26159 0.21806
v -0.21906 0.28437 0.21996
v -0.21891 0.32969 0.22840
v -0.21838 -0.28787 0.05903
v -0.21827 -0.28584 0.18269
v -0.21818 -0.35079 0.24372
v -0.21806 -0.24673 0.18917
v -0.21802 0.25726 0.23045
v -0.21795 -0.37910 0.23594
v -0.21781 -0.30152 0.23285
v -0.21778 -0.27545 0.19330
v -0.21769 0.23210 0.21826
v -0.21760 0.22555 0.23172
v -0.21741 -0.37752 0.24653
v -0.21703 -0.40673 0.23428
v -0.21688 -0.28667 0.24224
v -0.21672 0.42003 0.16249
v -0.21617 -0.28438 0.22963
v -0.21600 -0.29431 -0.03782
v -0.21592 -0.36076 0.23230
v -0.21504 -0.26855 0.21993
v -0.21487 -0.24909 0.22233
v -0.21452 -0.40248 0.24628
v -0.21394 -0.22600 0.24181
v -0.21312 -0.22673 0.22546
v -0.21301 -0.27857 0.23106
v -0.21252 -0.35974 0.24107
v -0.21228 -0.25696 0.24034
v -0.21211 -0.34252 0.23429
v -0.21188 -0.29425 0.24088
v -0.21150 -0.32728 0.24157
v -0.21110 0.28118 -0.15947
v -0.21047 -0.39517 0.24586
v -0.20906 -0.42492 0.22939
v -0.20722 0.30076 0.18394
v -0.20679 0.28632 0.18752
v -0.20665 -0.30529 -0.14257
v -0.20555 0.26470 0.18233
v -0.20462 0.27754 0.18727
v -0.20210 0.29750 -0.06517
v -0.20179 0.28550 0.03973
v -0.20177 0.30143 -0.06564
v -0.20119 -0.30547 -0.11538
v -0.20117 0.21572 0.18463
v -0.20012 -0.28728 0.19811
v -0.19963 0.28780 0.18633
v -0.19950 0.28445 0.17346
v -0.19934 0.26987 0.18691
v -0.19920 -0.29257 0.04243
v -0.19873 0.27639 0.17667
v -0.19864 0.31250 0.18457
v -0.19858 0.28750 0.16414
v -0.19842 0.20055 0.17786
v -0.19814 0.25712 0.17798
v -0.19811 0.25604 0.18787
v -0.19802 -0.31233 -0.05387
v -0.19778 -0.27538 0.19857
v -0.19758 -0.26022 0.19981
v -0.19694 -0.42874 0.18821
v -0.19686 -0.31604 -0.04047
v -0.19656 -0.32103 -0.02736
v -0.19656 -0.14688 0.17689
v -0.19640 0.20123 0.17516
v -0.19636 0.30888 -0.04465
v -0.19619 -0.42362 0.22692
v -0.19614 0.29889 0.16761
v -0.19599 -0.18765 0.19619
v -0.19549 0.17018 0.17008
v -0.19542 0.31172 0.17248
v -0.19522 0.27852 0.16598
v -0.19516 0.37748 0.03615
v -0.19499 0.27776 0.19604
v -0.19477 -0.28208 0.18027
v -0.19474 0.20077 0.19495
v -0.19440 0.42732 0.20910
v -0.19417 0.25734 0.19513
v -0.19380 0.28687 0.20682
v -0.19371 0.27994 -0.04418
v -0.19317 -0.25919 0.19695
v -0.19312 0.20800 0.16996
v -0.19278 -0.29945 0.18265
v -0.19259 -0.29817 0.19612
v -0.19227 -0.27647 0.18633
v -0.19224 0.12985 0.16990
v -0.19217 -0.21608 0.18495
v -0.19156 -0.29232 0.05064
v -0.19139 -0.17287 0.20492
v -0.19132 0.30028 0.19946
v -0.19075 -0.30571 -0.06848
v -0.19075 0.39896 0.05913
v -0.19062 0.43143 0.18512
v -0.19057 -0.28804 0.18506
v -0.18920 0.17608 0.20242
v -0.18909 0.31575 0.19595
v -0.18900 -0.29609 0.20530
v -0.18818 0.27792 0.16300
v -0.18787 -0.27537 0.20744
v -0.18777 0.26183 0.17067
v -0.18734 -0.33322 -0.00263
v -0.18730 -0.25415 0.18259
v -0.18710 -0.28678 0.17580
v -0.18706 -0.21669 0.17760
v -0.18694 0.20345 0.17113
v -0.18693 0.27720 0.16978
v -0.18670 -0.21936 0.20709
v -0.18638 0.34163 -0.00074
v -0.18634 0.28591 0.16647
v -0.18625 -0.34182 0.00840
v -0.18618 -0.29613 0.21294
v -0.18477 -0.35449 0.02125
v -0.18454 0.28060 0.11759
v -0.18447 0.28792 0.19870
v -0.18352 0.24296 0.19911
v -0.18344 -0.37888 0.04149
v -0.18295 0.16654 0.19991
v -0.18268 0.28366 0.13971
v -0.18262 0.28486 0.20367
v -0.18207 -0.28994 -0.05914
v -0.18162 -0.29779 -0.15111
v -0.18063 -0.27666 0.18057
v -0.18061 -0.18370 0.17775
v -0.17977 0.28182 -0.05061
v -0.17968 0.19763 0.16825
v -0.17934 0.42439 0.12537
v -0.17923 0.38246 0.03112
v -0.17905 0.41884 0.10652
v -0.17841 0.28750 0.15806
v -0.17807 0.43439 0.20853
v -0.17782 -0.27704 0.17367
v -0.17754 -0.29920 0.20868
v -0.17747 0.27896 0.16438
v -0.17707 0.26381 0.19669
v -0.17681 0.43037 0.16598
v -0.17675 0.28007 0.20557
v -0.17640 -0.28612 0.14966
v -0.17607 -0.41839 0.10189
v -0.17606 -0.28179 0.21703
v -0.17564 0.31306 0.17242
v -0.17552 -0.20907 0.20869
v -0.17533 -0.29698 0.17962
v -0.17511 -0.21364 0.17534
v -0.17508 0.15767 0.17576
v -0.17501 0.27518 0.17242
v -0.17474 0.30014 0.19342
v -0.17463 -0.28477 0.21819
v -0.17425 -0.29038 -0.03891
v -0.17373 0.28759 0.17115
v -0.17341 0.28870 0.20274
v -0.17340 0.27749 0.19496
v -0.17308 0.22517 0.17260
v -0.17255 0.43074 0.18679
v -0.17239 -0.28963 -0.03289
v -0.17176 -0.28651 0.17310
v -0.17175 -0.42724 0.14077
v -0.17166 0.28752 0.19276
v -0.17069 -0.42958 0.22306
v -0.17065 0.27767 0.18433
v -0.17043 0.29719 0.16898
v -0.17017 -0.16488 0.18262
v -0.17006 0.30586 0.18136
v -0.17004 0.19897 0.18666
v -0.16998 0.25364 0.18110
v -0.16950 -0.28732 0.20739
v -0.16948 0.30028 0.20108
v -0.16918 0.20570 0.19408
v -0.16876 -0.27606 0.18314
v -0.16862 -0.28603 0.18144
v -0.16839 0.41690 0.08671
v -0.16803 0.35886 0.21192
v -0.16730 -0.29637 0.20942
v -0.16720 0.19406 0.17942
v -0.16699 0.27790 0.17180
v -0.16697 -0.42896 0.17429
v -0.16687 0.28773 0.18134
v -0.16673 0.32502 -0.01832
v -0.16645 0.27857 0.18262
v -0.16606 -0.43302 0.22628
v -0.16604 0.28861 0.19403
v -0.16593 0.28730 0.16575
v -0.16579 -0.20507 0.20168
v -0.16568 0.28569 0.17325
v -0.16547 -0.27497 0.20407
v -0.16547 -0.20231 0.18504
v -0.16530 -0.29713 0.18577
v -0.16523 -0.43270 0.20379
v -0.16479 0.27883 0.19252
v -0.16446 -0.28588 0.19952
v -0.16296 -0.18993 0.19103
v -0.16230 0.37789 0.22459
v -0.16191 -0.42954 0.22758
v -0.16185 0.28006 0.17071
v -0.16185 0.38565 0.21108
v -0.16156 0.37386 0.21294
v -0.16092 0.37185 0.23343
v -0.16083 -0.28694 0.18581
v -0.16066 0.34419 0.21300
v -0.16046 0.34451 0.22476
v -0.16045 -0.28483 0.17445
v -0.15978 0.36083 0.22493
v -0.15970 -0.27920 0.18483
v -0.15970 0.33348 0.21159
v -0.15883 0.28663 0.18309
v -0.15848 -0.28782 0.19532
v -0.15813 -0.28193 0.20460
v -0.15805 0.34826 0.23424
v -0.15789 -0.28421 0.14257
v -0.15745 0.41247 0.06560
v -0.15733 0.36110 0.20483
v -0.15712 0.42842 0.11054
v -0.15643 0.33030 0.23504
v -0.15624 0.40034 0.21153
v -0.15561 0.40311 0.22290
v -0.15543 0.43300 0.20910
v -0.15529 0.28572 -0.13947
v -0.15511 -0.34958 0.22751
v -0.15488 0.40239 0.23160
v -0.15481 0.38466 0.21027
v -0.15408 0.35243 0.20974
v -0.15407 0.37023 0.23182
v -0.15405 -0.38193 0.22752
v -0.15350 0.31385 -0.04071
v -0.15306 -0.28534 0.04979
v -0.15278 -0.34260 0.23866
v -0.15273 -0.36643 0.23873
v -0.15238 -0.39680 0.05578
v -0.15181 0.33136 0.23167
v -0.15169 -0.36721 0.24658
v -0.15159 0.38455 0.22343
v -0.15139 0.33548 0.21108
v -0.15129 0.33590 0.20205
v -0.15119 -0.38336 0.24656
v -0.15116 -0.29539 -0.13075
v -0.15081 -0.40821 0.06929
v -0.15055 0.39786 0.22290
v -0.15013 0.28158 0.01422
v -0.15011 0.32133 0.22523
v -0.15010 -0.38990 0.23963
v -0.15004 -0.33652 0.24774
v -0.14913 0.34095 0.22398
v -0.14884 0.28902 -0.12747
v -0.14868 0.43028 0.13447
v -0.14811 0.40044 0.20175
v -0.14786 0.40019 0.23114
v -0.14753 0.28317 0.02043
v -0.14726 0.27435 0.02974
v -0.14707 0.38675 0.23244
v -0.14653 -0.28614 0.11967
v -0.14633 -0.38909 0.21930
v -0.14631 -0.28229 0.03816
v -0.14605 -0.33970 0.21790
v -0.14603 0.27866 -0.13793
v -0.14549 0.28447 -0.15166
v -0.14538 -0.33856 0.22513
v -0.14537 0.43793 0.16250
v -0.14527 -0.32587 0.23898
v -0.14509 0.34133 0.23340
v -0.14497 0.28314 0.10762
v -0.14488 -0.38969 0.22585
v -0.14483 0.28301 -0.12070
v -0.14476 -0.40004 0.24764
v -0.14435 -0.30056 -0.14250
v -0.14389 -0.38331 0.23829
v -0.14381 0.40905 0.22185
v -0.14375 -0.28827 0.02534
v -0.14373 0.28229 -0.15786
v -0.14356 -0.34162 0.23795
v -0.14347 -0.39086 0.24806
v -0.14320 0.43714 0.20263
v -0.14317 -0.42654 0.12101
v -0.14283 -0.37865 0.24780
v -0.14251 0.28784 0.12583
v -0.14214 0.40106 0.20886
v -0.14176 0.30642 0.21204
v -0.14144 -0.39263 0.23858
v -0.14135 -0.28849 0.03244
v -0.14094 -0.40205 0.24073
v -0.14021 0.41999 0.20896
v -0.14017 0.41745 0.22554
v -0.14002 0.39540 0.22179
v -0.13978 -0.43386 0.13740
v -0.13963 -0.32882 0.24498
v -0.13949 0.39690 0.19979
v -0.13946 -0.29108 -0.12061
v -0.13930 0.30902 -0.04320
v -0.13905 -0.41432 0.23628
v -0.13898 0.33473 0.22279
v -0.13883 0.39352 0.23245
v -0.13879 -0.30960 0.22942
v -0.13845 0.31483 0.23184
v -0.13813 0.28193 0.04219
v -0.13812 -0.30817 -0.05809
v -0.13811 -0.40863 0.22693
v -0.13809 0.34408 0.23162
v -0.13783 0.38757 0.23182
v -0.13780 0.32765 0.21079
v -0.13779 0.34356 0.23259
v -0.13762 0.31319 0.22233
v -0.13751 0.38730 0.22304
v -0.13719 0.32170 0.20310
v -0.13699 0.38653 0.23298
v -0.13694 -0.29004 0.13706
v -0.13633 0.30479 -0.05769
v -0.13591 -0.28759 0.05612
v -0.13557 -0.41214 0.24654
v -0.13549 0.39263 0.19190
v -0.13545 -0.34199 0.24673
v -0.13516 -0.40166 0.21801
v -0.13476 -0.31004 0.24503
v -0.13474 0.29232 -0.13712
v -0.13463 0.27855 -0.14980
v -0.13461 -0.30168 -0.10552
v -0.13435 0.38399 0.12657
v -0.13430 0.33154 0.15434
v -0.13416 0.31811 -0.03212
v -0.13415 0.38400 0.22146
v -0.13411 -0.43646 0.21979
v -0.13393 -0.30928 0.21436
v -0.13385 0.27964 -0.07532
v -0.13376 0.34369 0.22232
v -0.13362 0.40292 0.20391
v -0.13351 0.39527 0.16733
v -0.13340 0.33079 0.20313
v -0.13337 0.33918 0.12933
v -0.13336 0.40314 0.13943
v -0.13335 -0.31712 0.22389
v -0.13305 0.30319 0.23019
v -0.13297 -0.32007 0.23492
v -0.13295 0.28355 -0.13105
v -0.13267 0.30682 0.21108
v -0.13242 0.32177 0.14300
v -0.13233 -0.39593 0.22430
v -0.13230 -0.30277 -0.12901
v -0.13228 -0.41240 0.23869
v -0.13210 -0.35080 0.24430
v -0.13206 -0.40490 0.23554
v -0.13126 0.29956 0.20461
v -0.13103 -0.33633 0.23692
v -0.13063 0.39721 0.21957
v -0.13060 0.34875 0.00021
v -0.13048 0.33281 0.22128
v -0.13024 0.30958 0.20053
v -0.13010 0.40625 0.13989
v -0.13007 0.38981 0.16066
v -0.13002 0.28528 -0.16156
v -0.12982 0.42974 0.23195
v -0.12960 -0.37939 0.24581
v -0.12947 -0.42450 0.22474
v -0.12936 -0.39099 0.23748
v -0.12936 0.42842 0.21837
v -0.12901 -0.31413 -0.04571
v -0.12885 0.32010 0.14185
v -0.12884 0.32134 0.23387
v -0.12879 0.42558 0.08798
v -0.12879 0.42789 0.19843
v -0.12860 0.27230 -0.06302
v -0.12852 0.32067 0.16209
v -0.12847 0.40591 0.21963
v -0.12846 0.29013 -0.11778
v -0.12836 -0.34224 0.00472
v -0.12835 -0.39140 0.24780
v -0.12797 -0.31950 -0.03221
v -0.12767 -0.29130 -0.13884
v -0.12760 0.30079 0.22035
v -0.12746 0.39889 0.04058
v -0.12737 0.41083 0.20480
v -0.12728 0.40190 0.11853
v -0.12714 0.35730 0.23049
v -0.12712 -0.33341 0.17956
v -0.12699 0.37889 0.02051
v -0.12683 0.34908 0.16118
v -0.12630 -0.37966 0.03239
v -0.12630 -0.32789 0.21895
v -0.12630 0.35406 0.16604
v -0.12617 0.32242 0.22073
v -0.12616 -0.38864 0.14763
v -0.12610 -0.38269 0.23654
v -0.12610 0.28243 -0.15540
v -0.12591 -0.32858 0.15756
v -0.12590 -0.33925 0.23573
v -0.12589 0.41796 0.21914
v -0.12578 0.36640 0.21971
v -0.12561 -0.31377 0.24293
v -0.12556 0.36577 0.25619
v -0.12550 0.37209 0.16056
v -0.12537 -0.40077 0.15787
v -0.12537 -0.34488 0.13731
v -0.12509 0.38513 0.16522
v -0.12496 0.27934 0.01936
v -0.12460 0.32445 0.11844
v -0.12451 -0.33964 0.24553
v -0.12448 -0.40249 0.21785
v -0.12380 -0.39372 0.17600
v -0.12335 0.41838 0.06993
v -0.12334 -0.39268 0.23550
v -0.12316 0.40449 0.16286
v -0.12300 -0.42506 0.09772
v -0.12299 -0.35423 0.01279
v -0.12297 0.37341 0.22987
v -0.12257 0.31517 0.20359
v -0.12245 -0.29708 0.21598
v -0.12231 -0.32221 0.19122
v -0.12201 -0.32778 0.13759
v -0.12183 -0.29613 0.23288
v -0.12173 0.41396 0.20147
v -0.12171 0.32334 0.12134
v -0.12159 -0.32153 0.15460
v -0.12150 0.42518 0.22928
v -0.12147 -0.32116 0.17447
v -0.12144 -0.30631 0.22249
v -0.12130 0.31769 0.20801
v -0.12129 0.31157 0.22788
v -0.12121 -0.43043 0.24707
v -0.12116 -0.42429 0.21465
v -0.12114 -0.35785 0.24627
v -0.12111 0.43818 0.21206
v -0.12109 0.42922 0.20766
v -0.12104 -0.43132 0.23498
v -0.12100 -0.32885 0.23427
v -0.12099 -0.31556 0.21670
v -0.12088 0.31292 0.20949
v -0.12080 -0.41999 0.23688
v -0.12076 -0.38910 0.18078
v -0.12063 0.27899 -0.13517
v -0.12021 0.37424 0.25438
v -0.12019 -0.32258 0.17943
v -0.12018 -0.30485 -0.11984
v -0.12013 -0.29450 0.24359
v -0.12011 0.28705 -0.16413
v -0.12006 -0.29078 -0.11653
v -0.11989 -0.40589 0.13853
v -0.11988 -0.31866 0.23347
v -0.11953 0.40833 0.21933
v -0.11951 -0.29632 -0.14606
v -0.11950 -0.30745 0.23487
v -0.11941 0.39800 0.11524
v -0.11921 -0.40801 0.15972
v -0.11907 -0.35297 0.17482
v -0.11906 0.40679 0.22877
v -0.11904 -0.42001 0.24545
v -0.11895 -0.40150 0.23556
v -0.11891 0.32819 0.11673
v -0.11867 0.30033 0.20025
v -0.11837 0.32419 0.16635
v -0.11828 0.35169 0.11652
v -0.11801 -0.29112 -0.13516
v -0.11796 0.32202 0.22096
v -0.11796 0.35645 0.22960
v -0.11758 0.44591 0.22688
v -0.11750 -0.40213 0.05369
v -0.11714 0.40394 0.15917
v -0.11699 0.28893 0.21212
v -0.11699 0.43952 0.15819
v -0.11696 -0.32256 0.13891
v -0.11694 0.28786 -0.15125
v -0.11688 0.33142 0.16458
v -0.11650 0.29263 0.23113
v -0.11606 -0.43724 0.17995
v -0.11601 0.36193 0.26291
v -0.11594 0.43891 0.22958
v -0.11587 -0.41164 0.21850
v -0.11567 -0.36177 0.17968
v -0.11566 -0.30033 -0.14529
v -0.11566 0.29304 0.21992
v -0.11528 0.28431 -0.07093
v -0.11525 -0.41301 0.22366
v -0.11499 -0.37337 0.17491
v -0.11478 0.36760 0.23684
v -0.11461 -0.31504 0.22100
v -0.11433 0.39863 0.21917
v -0.11431 0.28315 -0.13108
v -0.11413 0.29806 0.23137
v -0.11400 0.28535 -0.14291
v -0.11391 -0.40403 0.17932
v -0.11390 0.39751 0.16407
v -0.11337 -0.41075 0.23495
v -0.11335 0.33170 0.22069
v -0.11334 -0.32553 0.13336
v -0.11302 -0.42524 0.22441
v -0.11302 -0.36290 0.12942
v -0.11294 -0.36360 0.23227
v -0.11287 0.40915 0.13032
v -0.11286 -0.40191 0.13086
v -0.11280 -0.31679 0.23328
v -0.11251 -0.36209 0.25302
v -0.11208 -0.32324 0.13629
v -0.11195 -0.32687 0.24462
v -0.11150 -0.33049 0.12970
v -0.11118 0.37393 0.22852
v -0.11109 -0.27952 0.12602
v -0.11105 -0.29889 0.21243
v -0.11090 0.41781 0.20603
v -0.11084 0.36380 0.22903
v -0.11060 -0.40434 0.23537
v -0.11055 -0.42419 0.08422
v -0.11019 0.32121 0.12328
v -0.11009 -0.37420 0.24395
v -0.11008 -0.29370 0.23024
v -0.10989 0.41867 0.22000
v -0.10987 -0.43511 0.23351
v -0.10979 -0.29463 0.24305
v -0.10972 0.40547 0.21855
v -0.10964 -0.43571 0.13478
v -0.10905 0.29072 0.23118
v -0.10882 0.31088 0.22083
v -0.10880 -0.39896 0.13030
v -0.10875 0.28903 -0.13550
v -0.10867 -0.28661 0.22466
v -0.10836 0.39962 0.22672
v -0.10832 0.40063 0.16355
v -0.10807 -0.40620 0.24498
v -0.10803 -0.44296 0.18678
v -0.10798 -0.43486 0.24641
v -0.10797 0.32412 0.22009
v -0.10793 -0.43347 0.10984
v -0.10779 0.40047 0.21856
v -0.10768 -0.32765 0.17821
v -0.10766 -0.29043 0.23077
v -0.10761 -0.41221 0.06529
v -0.10756 0.32411 0.22899
v -0.10726 0.32540 0.11590
v -0.10723 0.44480 0.23435
v -0.10713 0.43036 0.23539
v -0.10703 0.33166 0.22923
v -0.10693 -0.33406 -0.01139
v -0.10671 -0.29354 -0.05988
v -0.10635 0.33173 0.21989
v -0.10605 -0.39501 0.24483
v -0.10604 -0.32472 -0.02081
v -0.10603 -0.44144 0.24444
v -0.10595 -0.29151 0.04299
v -0.10542 0.40458 0.22814
v -0.10532 -0.42838 0.25514
v -0.10498 0.37206 0.16377
v -0.10492 -0.28398 0.24371
v -0.10477 -0.35850 0.24280
v -0.10431 0.33656 -0.01185
v -0.10422 -0.44167 0.22698
v -0.10407 -0.28183 -0.05660
v -0.10386 -0.29996 -0.15433
v -0.10364 -0.29555 0.22220
v -0.10359 -0.42813 0.21648
v -0.10348 -0.30840 0.22071
v -0.10344 -0.39406 0.20944
v -0.10310 -0.29469 -0.12231
v -0.10294 -0.32420 0.13611
v -0.10288 -0.30828 0.23302
v -0.10261 0.29716 0.23984
v -0.10256 -0.32724 0.23150
v -0.10232 -0.29459 0.24454
v -0.10200 0.29968 0.20901
v -0.10163 0.44293 0.21229
v -0.10160 -0.29436 0.21463
v -0.10151 -0.43673 0.22516
v -0.10141 0.43781 0.20510
v -0.10128 0.30720 0.22670
v -0.10120 -0.43929 0.21634
v -0.10108 -0.28305 0.22843
v -0.10098 -0.39994 0.23460
v -0.10097 -0.31766 0.23218
v -0.10082 0.28289 0.21838
v -0.10073 -0.30080 -0.11985
v -0.10025 0.42109 0.21540
v -0.09950 -0.41552 0.23935
v -0.09942 0.31221 0.20546
v -0.09892 0.43849 0.21413
v -0.09851 -0.42121 0.23491
v -0.09849 -0.32869 0.24110
v -0.09825 -0.40009 0.24305
v -0.09813 0.43933 0.11824
v -0.09812 0.29125 0.21726
v -0.09798 0.42943 0.21512
v -0.09764 0.44230 0.17111
v -0.09758 -0.41086 0.15141
v -0.09733 0.29084 0.20873
v -0.09712 -0.43555 0.25359
v -0.09697 -0.44256 0.21584
v -0.09628 -0.41891 0.22198
v -0.09628 0.30103 0.23042
v -0.09624 -0.40748 0.13470
v -0.09610 0.29195 0.22962
v -0.09586 -0.28963 -0.07163
v -0.09561 -0.43560 0.24435
v -0.09547 -0.29513 0.25234
v -0.09528 0.30236 0.21818
v -0.09525 0.43824 0.22422
v -0.09471 -0.40098 0.17843
v -0.09452 -0.31297 0.21831
v -0.09408 0.44664 0.17495
v -0.09337 -0.44744 0.24664
v -0.09325 0.42974 0.20400
v -0.09272 -0.36927 0.17777
v -0.09234 -0.32481 0.24196
v -0.09219 -0.42207 0.24329
v -0.09204 0.31363 -0.04071
v -0.09172 -0.30513 0.24049
v -0.09165 -0.28858 0.22707
v -0.09161 0.41525 0.21575
v -0.09136 -0.28783 0.22094
v -0.09126 -0.37236 0.18760
v -0.09126 0.41311 0.21647
v -0.09096 -0.29745 0.24248
v -0.09063 -0.28631 0.24127
v -0.08986 0.29474 0.21585
v -0.08926 -0.42984 0.25975
v -0.08907 0.43014 0.22230
v -0.08885 0.41700 0.19841
v -0.08852 -0.43419 0.22254
v -0.08845 -0.29749 0.22878
v -0.08827 0.44889 0.19907
v -0.08816 -0.42698 0.23418
v -0.08723 0.40676 0.11376
v -0.08678 -0.43632 0.24185
v -0.08637 0.30091 0.20652
v -0.08627 -0.30427 0.23259
v -0.08475 0.40345 0.17961
v -0.08446 -0.32326 0.13148
v -0.08446 -0.30291 0.21790
v -0.08393 0.32743 -0.02353
v -0.08315 0.36553 0.22451
v -0.08303 0.28083 -0.05581
v -0.08297 -0.28110 0.03656
v -0.08283 0.41231 0.13336
v -0.08280 -0.44185 0.21920
v -0.08222 -0.41179 0.23222
v -0.08191 0.29406 0.20449
v -0.08151 0.30939 0.22478
v -0.08123 -0.29150 0.02897
v -0.08071 0.42915 0.22297
v -0.08042 -0.40169 0.19521
v -0.08032 -0.29705 0.23779
v -0.08017 0.43891 0.21405
v -0.07995 0.40896 0.15998
v -0.07913 -0.30451 0.22867
v -0.07908 0.30377 -0.06245
v -0.07891 -0.31809 -0.03512
v -0.07889 -0.38387 0.03054
v -0.07866 0.29178 -0.16798
v -0.07852 -0.29684 0.21753
v -0.07842 -0.32786 0.12591
v -0.07819 0.37495 0.17954
v -0.07817 -0.37277 0.19471
v -0.07813 -0.42570 0.23146
v -0.07786 -0.31195 -0.04947
v -0.07784 0.36560 0.21622
v -0.07772 0.30345 0.21140
v -0.07764 -0.30258 0.23670
v -0.07734 -0.29669 0.23331
v -0.07731 -0.43621 0.23100
v -0.07709 0.37081 0.21600
v -0.07688 -0.41630 0.21449
v -0.07674 0.36626 0.22570
v -0.07645 -0.31002 0.24065
v -0.07558 -0.43262 0.21956
v -0.07522 0.27694 -0.06226
v -0.07449 -0.33429 -0.01056
v -0.07299 0.30013 0.21767
v -0.07267 0.44568 0.19639
v -0.07255 0.43826 0.20251
v -0.07243 0.28341 -0.16962
v -0.07231 -0.30162 0.22788
v -0.07231 0.35261 -0.00238
v -0.07200 0.43827 0.11632
v -0.07148 -0.32209 0.24210
v -0.07084 0.40207 0.21472
v -0.07001 -0.36290 0.23049
v -0.06989 -0.28866 -0.04247
v -0.06989 0.28693 -0.17003
v -0.06942 0.42835 0.19436
v -0.06941 0.43842 0.22244
v -0.06938 -0.35942 0.23959
v -0.06938 0.31996 0.13624
v -0.06909 -0.36643 0.23044
v -0.06895 -0.28792 -0.04911
v -0.06881 -0.29594 0.23531
v -0.06878 0.29588 -0.11646
v -0.06875 -0.30205 0.20572
v -0.06871 -0.43249 0.23993
v -0.06817 0.43402 0.19458
v -0.06816 -0.36623 0.24034
v -0.06779 -0.44045 0.11792
v -0.06767 0.32900 0.21594
v -0.06761 -0.43289 0.20968
v -0.06733 0.32078 0.13573
v -0.06723 -0.44444 0.21269
v -0.06720 -0.30395 -0.15515
v -0.06690 0.36789 0.22749
v -0.06681 0.40379 0.22388
v -0.06639 -0.29688 0.22988
v -0.06615 -0.29536 -0.15775
v -0.06602 0.33032 0.22636
v -0.06584 -0.44315 0.21678
v -0.06577 0.31248 0.20319
v -0.06577 0.43134 0.21223
v -0.06566 0.43810 0.21491
v -0.06562 0.42176 0.20135
v -0.06546 0.31215 0.19561
v -0.06540 0.37044 0.15446
v -0.06538 0.40136 0.22536
v -0.06517 0.28187 0.00843
v -0.06507 0.30281 -0.07925
v -0.06505 0.29977 0.20373
v -0.06444 0.42005 0.05810
v -0.06444 0.42174 0.19242
v -0.06433 0.30231 0.21625
v -0.06422 0.41976 0.21195
v -0.06417 0.32668 0.22564
v -0.06409 0.31088 0.21393
v -0.06398 -0.43389 0.23129
v -0.06398 0.43619 0.08251
v -0.06363 -0.33031 0.17381
v -0.06344 0.30776 -0.06505
v -0.06317 0.43016 0.20103
v -0.06302 -0.41235 0.17525
v -0.06298 0.43078 0.22411
v -0.06297 0.32216 0.21527
v -0.06269 -0.35064 0.17419
v -0.06262 -0.44072 0.22969
v -0.06249 0.28838 0.10687
v -0.06230 0.30020 0.22326
v -0.06213 -0.44367 0.18412
v -0.06211 -0.32125 0.17347
v -0.06198 0.28480 0.12869
v -0.06196 0.31724 -0.04607
v -0.06168 -0.30582 -0.10484
v -0.06164 -0.28584 0.02229
v -0.06128 0.30863 0.22566
v -0.06118 -0.40664 0.12636
v -0.06106 -0.44052 0.22993
v -0.06052 0.30398 0.19186
v -0.06038 0.41745 0.15475
v -0.06004 0.31774 0.15164
v -0.06001 0.35458 -0.00752
v -0.05992 0.42049 0.19600
v -0.05932 0.30470 0.20486
v -0.05922 -0.35751 0.01044
v -0.05910 -0.39968 0.24002
v -0.05894 -0.30399 0.22683
v -0.05894 0.31824 0.20168
v -0.05869 -0.32549 0.23851
v -0.05862 -0.37204 0.17411
v -0.05856 -0.30706 0.21667
v -0.05831 0.37341 0.15870
v -0.05819 -0.31123 -0.06727
v -0.05812 -0.28751 0.01551
v -0.05810 -0.36773 0.18652
v -0.05810 0.33449 -0.02488
v -0.05802 -0.31951 0.15069
v -0.05792 -0.42356 0.22799
v -0.05763 -0.42407 0.20937
v -0.05760 0.43316 0.18662
v -0.05745 -0.29642 0.23505
v -0.05736 0.43155 0.22205
v -0.05671 -0.31546 -0.05317
v -0.05659 -0.41676 0.21518
v -0.05647 -0.32479 0.12838
v -0.05644 -0.31469 0.22658
v -0.05635 0.41935 0.21209
v -0.05575 -0.41152 0.12985
v -0.05570 0.32649 0.11230
v -0.05548 -0.42583 0.24030
v -0.05548 -0.29620 0.22764
v -0.05506 0.31922 0.21468
v -0.05505 0.31127 0.21351
v -0.05504 -0.43332 0.23751
v -0.05467 0.42262 0.05109
v -0.05462 0.30380 0.22431
v -0.05457 -0.30505 0.23771
v -0.05456 0.28133 0.11900
v -0.05449 0.40563 0.10742
v -0.05434 0.30261 0.21450
v -0.05415 -0.28498 0.13870
v -0.05404 -0.43315 0.23080
v -0.05386 0.31668 0.16470
v -0.05344 0.42172 0.16881
v -0.05311 0.41149 0.11267
v -0.05294 -0.32412 -0.03407
v -0.05272 0.31087 0.20192
v -0.05268 -0.42420 0.21706
v -0.05239 -0.30505 0.20802
v -0.05215 -0.43424 0.21769
v -0.05206 -0.41561 0.15600
v -0.05204 -0.31414 0.20916
v -0.05186 0.44590 0.21024
v -0.05171 -0.41300 0.16922
v -0.05164 -0.31719 0.16416
v -0.05128 -0.31558 0.18496
v -0.05115 -0.31336 0.21330
v -0.05100 0.40463 0.16044
v -0.05085 0.40583 0.02807
v -0.05039 -0.34017 -0.01158
v -0.05017 0.38279 0.00759
v -0.04990 -0.32941 0.18573
v -0.04968 0.27772 0.10790
v -0.04920 -0.31484 0.22663
v -0.04855 -0.30454 0.22441
v -0.04852 0.28526 -0.17256
v -0.04837 0.32487 0.11346
v -0.04824 -0.32444 0.12672
v -0.04822 -0.36944 0.16817
v -0.04814 -0.42782 0.23959
v -0.04808 -0.41507 0.22903
v -0.04791 -0.40386 0.19206
v -0.04762 -0.35174 0.18465
v -0.04713 0.38721 0.16447
v -0.04679 0.43070 0.21022
v -0.04628 -0.43070 0.20602
v -0.04621 0.39788 0.15207
v -0.04584 0.43088 0.19352
v -0.04554 -0.37628 0.19151
v -0.04524 -0.28959 0.20880
v -0.04520 -0.38797 0.02392
v -0.04519 0.41422 0.11395
v -0.04492 0.39439 0.15745
v -0.04482 -0.43289 0.08244
v -0.04453 -0.30345 0.23655
v -0.04439 -0.41551 0.05122
v -0.04417 0.30519 0.19981
v -0.04411 0.30541 0.19600
v -0.04409 0.31119 0.21344
v -0.04364 0.35229 0.15287
v -0.04190 0.43477 0.19752
v -0.04181 -0.42566 0.22569
v -0.04167 0.45228 0.16908
v -0.04146 0.33916 0.15770
v -0.04115 -0.35859 0.00398
v -0.04098 0.44033 0.21776
v -0.04072 -0.30925 0.22389
v -0.04036 -0.29862 -0.16108
v -0.04032 0.30463 0.21199
v -0.04030 0.28697 -0.17214
v -0.04013 0.33444 0.15168
v -0.03984 -0.30353 0.21170
v -0.03948 -0.34526 -0.00236
v -0.03947 -0.37771 0.18323
v -0.03907 -0.30443 0.20570
v -0.03907 0.45032 0.19176
v -0.03893 0.30437 0.19588
v -0.03858 -0.42592 0.21511
v -0.03821 0.44416 0.10461
v -0.03811 -0.44379 0.21126
v -0.03801 -0.38127 0.17251
v -0.03782 -0.32057 0.16597
v -0.03771 -0.32081 0.17120
v -0.03700 0.28957 -0.14414
v -0.03692 -0.37193 0.17189
v -0.03659 0.44856 0.19671
v -0.03658 -0.34929 0.17127
v -0.03655 -0.43082 0.21019
v -0.03653 0.43217 0.20999
v -0.03647 -0.40164 0.17177
v -0.03577 0.30059 0.22181
v -0.03567 -0.43984 0.11823
v -0.03550 0.30086 0.20273
v -0.03505 0.43925 0.18913
v -0.03460 -0.33968 0.16620
v -0.03456 0.28046 0.02659
v -0.03444 0.28430 -0.11756
v -0.03329 -0.29897 -0.16043
v -0.03272 -0.44292 0.11176
v -0.03269 -0.43140 0.21447
v -0.03266 -0.32566 0.17047
v -0.03220 -0.41338 0.12643
v -0.03200 -0.30195 0.20517
v -0.03193 -0.30266 0.21081
v -0.03166 -0.38282 0.16665
v -0.03155 -0.29631 -0.16211
v -0.03124 -0.44281 0.22662
v -0.03046 -0.28908 0.12599
v -0.03014 -0.30371 0.22425
v -0.02954 0.33568 0.13137
v -0.02924 -0.45077 0.18648
v -0.02922 0.36481 0.14767
v -0.02889 0.44067 0.19662
v -0.02797 -0.29355 -0.10628
v -0.02787 -0.29762 0.23337
v -0.02717 0.37162 0.15057
v -0.02707 0.34649 0.15822
v -0.02690 -0.44400 0.21422
v -0.02681 -0.43491 0.21581
v -0.02676 -0.42632 0.23984
v -0.02667 -0.42727 0.22680
v -0.02614 -0.43310 0.22784
v -0.02608 0.36944 0.15559
v -0.02603 -0.44239 0.23773
v -0.02600 -0.43333 0.20626
v -0.02548 -0.44306 0.20906
v -0.02509 0.41710 0.14942
v -0.02494 -0.31986 0.23752
v -0.02494 0.44725 0.22012
v -0.02480 0.32396 0.15708
v -0.02415 0.44107 0.20999
v -0.02384 0.28645 -0.01365
v -0.02359 0.41723 0.15393
v -0.02265 -0.32867 0.16050
v -0.02149 -0.32096 0.16084
v -0.02129 -0.44025 0.22859
v -0.02129 -0.39258 0.17479
v -0.02123 0.32384 0.14941
v -0.02052 0.40100 0.22198
v -0.02024 -0.33982 0.14827
v -0.01994 0.36154 0.14674
v -0.01984 0.35229 0.16455
v -0.01961 0.27606 -0.07858
v -0.01958 0.41865 0.13154
v -0.01950 0.33210 0.15756
v -0.01947 0.36035 0.15574
v -0.01942 0.29550 0.22240
v -0.01872 0.32940 0.14488
v -0.01851 0.37738 0.14957
v -0.01832 0.34286 0.16495
v -0.01829 0.34887 0.13492
v -0.01750 0.28545 -0.06857
v -0.01738 -0.37173 0.16179
v -0.01737 -0.29140 -0.00238
v -0.01699 -0.29072 0.03447
v -0.01668 -0.44196 0.22512
v -0.01619 -0.36071 0.16150
v -0.01483 -0.43343 0.22687
v -0.01463 -0.43521 0.09199
v -0.01436 -0.36002 0.16939
v -0.01429 -0.29249 -0.05702
v -0.01413 -0.32667 0.15996
v -0.01342 0.32600 0.17774
v -0.01327 0.34275 0.17838
v -0.01044 -0.34983 0.14903
v -0.01024 0.43948 0.08338
v -0.01016 0.33360 0.16493
v -0.00991 0.40720 0.20846
v -0.00964 0.32512 0.21010
v -0.00961 0.30464 0.19290
v -0.00926 -0.34072 0.15783
v -0.00918 0.35878 0.16365
v -0.00894 0.40591 0.21787
v -0.00886 -0.42551 0.06800
v -0.00857 0.45066 0.14871
v -0.00784 0.32492 0.21957
v -0.00771 0.43974 0.19613
v -0.00753 0.33655 0.13729
v -0.00727 0.33169 0.22206
v -0.00694 0.32606 0.16386
v -0.00654 0.35693 0.18065
v -0.00645 0.45042 0.16960
v -0.00573 0.43632 0.18995
v -0.00491 -0.44207 0.21253
v -0.00461 -0.32378 0.23313
v -0.00414 -0.44078 0.23404
v -0.00398 -0.43418 0.22584
v -0.00397 -0.29235 -0.05810
v -0.00391 0.30519 0.19001
v -0.00387 0.43676 0.21578
v -0.00340 0.33205 0.18121
v -0.00320 0.40809 0.21847
v -0.00312 0.30584 0.19668
v -0.00269 0.30673 0.20929
v -0.00262 0.45218 0.18807
v -0.00252 -0.32770 0.15638
v -0.00244 -0.30169 0.20871
v -0.00210 0.34167 0.14268
v -0.00209 -0.43487 0.21178
v -0.00208 0.42961 0.18627
v -0.00203 0.30935 0.20904
v -0.00198 -0.44453 0.12412
v -0.00198 0.28358 0.03168
v -0.00193 0.40737 0.20941
v -0.00167 0.30811 0.19526
v -0.00162 0.30444 0.22104
v -0.00152 0.38995 0.01039
v -0.00149 0.45335 0.19147
v -0.00144 -0.28519 0.03837
v -0.00141 0.33089 0.21843
v -0.00135 -0.31950 0.22268
v -0.00117 0.40067 0.21624
v -0.00115 0.28721 0.00854
v -0.00071 -0.40193 0.22426
v -0.00052 -0.31834 0.23224
v -0.00048 -0.40081 0.23419
v -0.00046 -0.44661 0.16450
v -0.00010 0.34627 0.13330
v 0.00048 0.31626 0.16412
v 0.00063 0.32480 0.21941
v 0.00067 0.28918 0.11210
v 0.00117 0.42201 0.14167
v 0.00123 -0.41930 0.15324
v 0.00131 0.32347 0.14444
v 0.00194 0.43425 0.19613
v 0.00219 -0.40863 0.11847
v 0.00249 -0.30212 0.20420
v 0.00255 0.41822 0.03937
v 0.00293 0.32210 0.13440
v 0.00323 -0.28477 0.10294
v 0.00409 -0.45176 0.20747
v 0.00415 0.33944 0.16305
v 0.00438 -0.30311 0.20757
v 0.00459 -0.42760 0.22114
v 0.00463 -0.31702 0.22253
v 0.00465 -0.33507 0.14548
v 0.00468 -0.30385 0.22834
v 0.00469 0.43897 0.18274
v 0.00470 -0.43207 0.20632
v 0.00500 0.32294 0.15676
v 0.00529 0.32371 0.20859
v 0.00564 0.40601 0.14653
v 0.00568 0.30569 0.18718
v 0.00599 -0.43190 0.22303
v 0.00621 -0.30986 0.23099
v 0.00626 -0.44425 0.21036
v 0.00659 -0.32648 0.23235
v 0.00684 -0.43619 0.23154
v 0.00705 -0.39514 0.23457
v 0.00705 -0.32649 0.22338
v 0.00710 0.32539 0.17515
v 0.00737 -0.31588 0.16561
v 0.00738 -0.39512 0.22328
v 0.00756 -0.42447 0.18498
v 0.00773 0.43188 0.06189
v 0.00788 -0.44780 0.20498
v 0.00793 -0.43275 0.21210
v 0.00815 -0.35219 0.14595
v 0.00831 0.44392 0.21804
v 0.00835 -0.43237 0.23289
v 0.00849 -0.32856 0.15547
v 0.00868 0.42633 0.20478
v 0.00874 0.44924 0.11273
v 0.00913 -0.40521 0.23251
v 0.00997 0.34471 0.14161
v 0.00998 -0.33990 0.15594
v 0.01006 0.31511 0.20710
v 0.01008 -0.31623 0.15653
v 0.01010 0.32378 0.13188
v 0.01021 0.42499 0.19061
v 0.01024 0.44599 0.18688
v 0.01029 0.40563 0.15109
v 0.01084 -0.40091 0.22367
v 0.01093 -0.29052 0.23157
v 0.01096 -0.31889 0.14825
v 0.01096 0.31913 0.20055
v 0.01100 0.41470 0.10427
v 0.01106 0.44607 0.21389
v 0.01110 0.36904 0.21627
v 0.01139 0.31307 0.19587
v 0.01150 -0.35411 0.15593
v 0.01179 0.36475 0.10243
v 0.01183 0.40511 0.01633
v 0.01219 -0.40739 0.16797
v 0.01243 -0.28088 -0.06340
v 0.01265 0.31447 0.18923
v 0.01307 -0.30397 0.19783
v 0.01382 -0.40091 0.23270
v 0.01393 0.33514 0.13642
v 0.01403 -0.41008 0.04161
v 0.01462 0.43036 0.18639
v 0.01470 0.42263 0.20556
v 0.01480 0.31894 0.19414
v 0.01501 -0.41753 0.14255
v 0.01501 -0.31450 0.22043
v 0.01501 0.35387 0.16107
v 0.01510 0.42948 0.19245
v 0.01515 -0.31895 0.14123
v 0.01566 0.42855 0.04571
v 0.01573 -0.38912 0.02186
v 0.01597 0.44912 0.20360
v 0.01606 0.32034 0.20707
v 0.01635 0.44531 0.11005
v 0.01656 0.33194 0.17849
v 0.01740 0.35794 0.17625
v 0.01748 -0.30574 0.20793
v 0.01771 0.36649 0.21623
v 0.01783 0.32614 0.16222
v 0.01817 -0.42319 0.20808
v 0.01823 -0.44347 0.20502
v 0.01834 -0.42093 0.22227
v 0.01870 -0.31200 0.20275
v 0.01878 -0.44139 0.23411
v 0.01900 0.37851 0.15060
v 0.01905 -0.33977 0.15451
v 0.01914 -0.44228 0.22404
v 0.01917 0.42989 0.20300
v 0.01942 0.36202 0.16040
v 0.01960 0.44048 0.20500
v 0.01968 0.31260 0.19506
v 0.01981 -0.41772 0.19053
v 0.02043 -0.43005 0.21365
v 0.02044 -0.43467 0.20028
v 0.02045 0.44088 0.07103
v 0.02056 0.30265 0.20718
v 0.02079 -0.36479 0.22111
v 0.02090 -0.44570 0.21481
v 0.02102 -0.32723 0.15486
v 0.02112 0.34424 0.17718
v 0.02119 0.44096 0.19272
v 0.02125 0.33231 0.16139
v 0.02131 0.31249 0.20349
v 0.02138 0.28492 0.08695
v 0.02163 -0.36188 0.23094
v 0.02173 0.36123 0.14256
v 0.02176 0.30066 0.19563
v 0.02188 0.33086 0.15349
v 0.02206 -0.36935 0.11563
v 0.02209 -0.31361 0.20576
v 0.02233 -0.30551 0.19921
v 0.02243 -0.37194 0.11718
v 0.02245 -0.39101 0.01750
v 0.02256 0.34399 0.16053
v 0.02261 0.35797 0.15311
v 0.02269 -0.31317 0.20093
v 0.02269 0.28513 -0.17903
v 0.02276 -0.31527 0.21885
v 0.02305 -0.42386 0.20230
v 0.02316 0.32752 0.14304
v 0.02329 -0.35163 0.11554
v 0.02351 -0.41314 0.03805
v 0.02363 -0.43318 0.06803
v 0.02448 0.33777 0.21639
v 0.02457 -0.35910 0.22070
v 0.02471 -0.44981 0.14295
v 0.02471 -0.42303 0.21014
v 0.02483 -0.36566 0.23089
v 0.02518 0.39771 0.21537
v 0.02531 0.36362 0.15046
v 0.02542 0.33343 0.20764
v 0.02548 -0.32666 0.16467
v 0.02552 -0.33957 0.14611
v 0.02577 0.41724 0.10624
v 0.02599 -0.30617 0.20644
v 0.02604 0.30149 0.21482
v 0.02616 0.41990 0.14484
v 0.02638 -0.35817 0.23029
v 0.02654 -0.42985 0.20439
v 0.02656 0.42031 0.12275
v 0.02677 -0.29609 0.21981
v 0.02694 0.44163 0.21153
v 0.02744 -0.42085 0.22008
v 0.02745 0.29662 -0.10192
v 0.02752 0.37687 0.14492
v 0.02770 0.45583 0.16584
v 0.02773 0.30232 0.20704
v 0.02773 0.33367 0.21576
v 0.02806 0.39494 0.10055
v 0.02842 0.44701 0.19011
v 0.02845 0.41114 0.21258
v 0.02847 0.44273 0.20447
v 0.02862 -0.29586 0.22607
v 0.02907 0.33695 0.14146
v 0.02947 0.34909 0.13044
v 0.02987 0.32719 0.21590
v 0.02990 -0.43489 0.22151
v 0.03021 -0.44104 0.21062
v 0.03023 0.32274 0.15077
v 0.03047 -0.29593 0.20586
v 0.03077 -0.34181 0.15409
v 0.03083 0.36512 0.21527
v 0.03085 0.34641 0.15230
v 0.03099 -0.37344 0.16500
v 0.03106 -0.35930 0.16474
v 0.03154 0.34674 0.10164
v 0.03185 -0.32336 0.15641
v 0.03198 -0.33261 0.22948
v 0.03230 -0.43521 0.20903
v 0.03254 0.45682 0.18408
v 0.03279 0.31225 0.21608
v 0.03287 -0.39110 0.23056
v 0.03368 -0.31994 0.16369
v 0.03370 0.36447 0.20593
v 0.03387 0.30446 0.18875
v 0.03388 -0.36488 0.15710
v 0.03392 -0.39279 0.21992
v 0.03440 -0.32781 0.21954
v 0.03440 0.29682 0.20468
v 0.03477 -0.30441 0.21683
v 0.03486 -0.33343 0.22920
v 0.03510 -0.32762 0.14572
v 0.03512 0.31140 0.20441
v 0.03513 -0.29527 0.22671
v 0.03521 0.44883 0.21043
v 0.03532 0.34472 0.15757
v 0.03533 -0.29493 0.21940
v 0.03535 -0.28202 0.10540
v 0.03610 -0.43986 0.22819
v 0.03615 -0.41771 0.16043
v 0.03619 -0.39147 0.23026
v 0.03624 0.37525 0.21692
v 0.03670 0.44224 0.19132
v 0.03716 -0.44275 0.20703
v 0.03793 0.45243 0.18823
v 0.03805 -0.32022 0.15443
v 0.03819 0.30063 0.20065
v 0.03826 -0.41018 0.15997
v 0.03840 0.42992 0.20188
v 0.03875 -0.41666 0.12229
v 0.03908 -0.44113 0.22079
v 0.03916 0.36855 0.09979
v 0.03932 -0.43491 0.22173
v 0.03933 0.35765 0.22227
v 0.03937 0.43185 0.21193
v 0.03977 -0.30447 0.22717
v 0.03988 -0.40409 0.22805
v 0.04020 0.33791 0.09938
v 0.04024 0.43098 0.19055
v 0.04049 -0.32705 0.22758
v 0.04051 0.30928 0.19461
v 0.04096 -0.45282 0.18153
v 0.04148 -0.36925 0.22941
v 0.04152 0.36552 0.14193
v 0.04181 0.37085 0.14863
v 0.04214 0.35428 -0.01537
v 0.04238 0.35629 -0.01888
v 0.04288 0.45161 0.15247
v 0.04308 0.41076 0.09894
v 0.04327 0.29692 0.21157
v 0.04327 0.42375 0.20261
v 0.04331 -0.36503 0.22083
v 0.04358 0.33258 0.14245
v 0.04391 -0.36041 0.15586
v 0.04430 0.37662 0.23751
v 0.04432 -0.35891 0.22889
v 0.04434 -0.40711 0.11558
v 0.04438 -0.32864 0.15467
v 0.04504 -0.29169 0.22467
v 0.04520 0.28448 -0.15404
v 0.04525 -0.28744 -0.08132
v 0.04527 -0.36847 0.16346
v 0.04566 -0.36100 0.23723
v 0.04572 -0.44411 0.09622
v 0.04575 0.27633 0.01161
v 0.04601 0.29510 0.19178
v 0.04611 0.45036 0.19062
v 0.04671 0.29063 -0.14904
v 0.04678 0.28943 -0.16750
v 0.04679 0.40638 0.14227
v 0.04763 0.28490 -0.15684
v 0.04769 -0.42471 0.22913
v 0.04817 -0.30596 0.20483
v 0.04835 0.42075 0.12183
v 0.04850 -0.42256 0.21889
v 0.04861 0.31086 0.20915
v 0.04864 0.27928 -0.07336
v 0.04867 -0.44538 0.21849
v 0.04886 0.33266 0.14882
v 0.04906 0.46001 0.21050
v 0.04911 -0.29450 0.21485
v 0.04937 -0.36342 0.11494
v 0.04959 -0.30270 -0.16975
v 0.04981 -0.37589 0.10871
v 0.05009 0.36861 0.09767
v 0.05041 -0.36752 0.22857
v 0.05045 0.28298 0.19898
v 0.05088 0.44067 0.21181
v 0.05111 0.43124 0.20711
v 0.05118 0.38798 0.21197
v 0.05126 0.30389 0.18144
v 0.05153 0.34643 0.21308
v 0.05162 -0.29348 -0.14855
v 0.05168 0.29422 0.22052
v 0.05176 -0.29911 -0.14244
v 0.05179 0.29242 0.20138
v 0.05191 0.43036 0.18906
v 0.05210 0.41203 0.14669
v 0.05210 0.45186 0.21140
v 0.05242 -0.29294 0.19893
v 0.05258 -0.42805 0.20654
v 0.05272 -0.44437 0.22932
v 0.05276 -0.33581 0.15718
v 0.05279 0.29239 -0.18339
v 0.05321 0.43834 0.20055
v 0.05329 -0.45224 0.20348
v 0.05347 0.29413 -0.15697
v 0.05348 -0.43142 0.21989
v 0.05358 0.35458 0.21548
v 0.05366 0.28427 0.21564
v 0.05393 0.33215 0.20348
v 0.05404 -0.30867 0.22696
v 0.05408 -0.34558 0.11306
v 0.05426 0.30239 0.21542
v 0.05437 -0.29776 -0.15752
v 0.05439 0.32581 0.14820
v 0.05448 0.32190 0.12371
v 0.05448 0.42734 0.18345
v 0.05453 -0.40005 0.16324
v 0.05515 0.32416 0.10253
v 0.05563 -0.42465 0.21831
v 0.05587 0.30171 0.19439
v 0.05590 -0.41249 0.15831
v 0.05606 0.37404 0.14200
v 0.05607 0.28281 -0.17077
v 0.05612 0.35267 0.20304
v 0.05630 -0.28648 0.21368
v 0.05632 0.37515 0.21006
v 0.05636 -0.27731 0.11534
v 0.05650 0.42010 0.20855
v 0.05651 0.39436 0.23470
v 0.05663 -0.32602 0.16141
v 0.05678 -0.30530 0.21725
v 0.05705 0.44521 0.22143
v 0.05708 0.32823 0.21160
v 0.05709 0.35725 0.09847
v 0.05715 -0.28435 0.20581
v 0.05723 -0.44428 0.21304
v 0.05734 0.28768 -0.18548
v 0.05760 -0.41301 0.16311
v 0.05761 -0.41890 0.04805
v 0.05793 -0.36126 0.10757
v 0.05795 0.38661 0.20268
v 0.05810 0.27459 -0.08002
v 0.05873 0.31369 0.19241
v 0.05885 0.32441 0.20290
v 0.05888 0.41257 0.20927
v 0.05900 -0.37022 0.15672
v 0.05904 -0.29444 0.20401
v 0.05908 -0.36469 0.22496
v 0.05944 -0.30101 0.19303
v 0.05948 -0.43107 0.22633
v 0.05955 -0.43596 0.08024
v 0.05964 -0.30210 -0.17205
v 0.05971 -0.29468 0.22735
v 0.05974 -0.37134 0.11231
v 0.05985 -0.36012 0.21642
v 0.06021 0.45094 0.19713
v 0.06025 0.34394 0.22141
v 0.06032 0.28500 -0.13619
v 0.06041 -0.37991 0.22726
v 0.06045 -0.42883 0.22690
v 0.06071 -0.32453 0.21632
v 0.06084 0.38504 0.22407
v 0.06089 0.39042 0.21282
v 0.06099 0.28343 -0.18321
v 0.06125 -0.36066 0.15660
v 0.06143 0.42979 0.19959
v 0.06147 -0.33916 0.22444
v 0.06189 0.46038 0.19394
v 0.06212 -0.40720 0.22618
v 0.06217 0.34607 0.21104
v 0.06222 -0.41964 0.14043
v 0.06245 -0.39347 0.11260
v 0.06247 0.43984 0.18846
v 0.06252 -0.43928 0.23945
v 0.06256 0.33752 0.21337
v 0.06271 0.29379 0.21242
v 0.06273 -0.44475 0.22950
v 0.06274 0.29132 -0.18578
v 0.06283 -0.44806 0.16256
v 0.06290 0.44108 0.21188
v 0.06309 0.45003 0.18862
v 0.06311 -0.40793 0.16251
v 0.06313 -0.34865 0.22878
v 0.06313 0.30064 0.22304
v 0.06321 -0.28059 0.22531
v 0.06327 -0.30310 -0.14316
v 0.06347 -0.29288 -0.14884
v 0.06362 0.45626 0.21062
v 0.06365 0.36446 0.14178
v 0.06379 -0.31595 0.21439
v 0.06388 -0.45561 0.23033
v 0.06401 0.29237 0.19354
v 0.06408 -0.42321 0.19988
v 0.06412 0.39603 0.14581
v 0.06427 -0.29472 -0.17123
v 0.06437 0.42042 0.14316
v 0.06440 -0.38352 0.22503
v 0.06476 0.29376 0.20117
v 0.06500 0.28559 -0.15597
v 0.06506 0.30229 0.21437
v 0.06513 -0.44867 0.19937
v 0.06542 0.29267 -0.13273
v 0.06554 -0.36038 0.21586
v 0.06583 -0.33503 0.11046
v 0.06588 -0.29449 0.20737
v 0.06613 0.40914 0.01947
v 0.06614 0.31490 0.20236
v 0.06667 0.43834 0.18016
v 0.06685 -0.38028 0.23495
v 0.06737 0.29401 -0.14253
v 0.06750 0.45117 0.19747
v 0.06757 -0.34033 0.23405
v 0.06788 0.28827 0.21130
v 0.06811 0.42078 0.11968
v 0.06812 -0.43572 0.19585
v 0.06830 -0.42090 0.21781
v 0.06836 0.28125 -0.12794
v 0.06855 -0.42360 0.20431
v 0.06861 -0.32517 0.21536
v 0.06885 0.29253 0.19228
v 0.06896 -0.40747 0.22553
v 0.06916 0.37914 -0.00898
v 0.06918 -0.28391 0.20504
v 0.06933 0.45190 0.20891
v 0.06941 -0.38837 0.22707
v 0.06951 -0.29226 -0.17277
v 0.06952 0.29716 -0.13057
v 0.06953 0.45734 0.18465
v 0.06956 0.43151 0.18746
v 0.06958 0.42390 0.19997
v 0.06993 -0.33822 0.11237
v 0.06996 -0.44296 0.19953
v 0.07016 -0.41159 0.11314
v 0.07018 -0.29875 -0.17477
v 0.07030 0.43267 0.20730
v 0.07058 -0.29413 0.22697
v 0.07071 -0.33641 0.22568
v 0.07079 -0.43375 0.22818
v 0.07081 -0.44354 0.21516
v 0.07114 -0.29306 0.23349
v 0.07126 -0.37853 0.22606
v 0.07162 0.34901 0.14600
v 0.07173 -0.44349 0.20563
v 0.07187 -0.44307 0.22894
v 0.07187 -0.36094 0.15559
v 0.07187 0.43058 0.19782
v 0.07194 0.30884 0.20808
v 0.07200 0.30475 0.17655
v 0.07249 0.30287 0.18991
v 0.07254 -0.36343 0.16063
v 0.07318 -0.41832 0.14081
v 0.07327 -0.28545 0.21035
v 0.07349 -0.29298 -0.15218
v 0.07357 -0.28899 -0.13577
v 0.07367 -0.30528 0.21389
v 0.07392 0.28582 -0.18373
v 0.07394 -0.33703 -0.02793
v 0.07394 0.36707 0.21025
v 0.07401 -0.43950 0.23885
v 0.07429 0.28090 -0.14921
v 0.07454 0.28987 0.10473
v 0.07464 -0.44909 0.21861
v 0.07466 -0.31426 0.22731
v 0.07473 -0.28860 -0.11683
v 0.07486 -0.30603 0.22295
v 0.07499 -0.30014 0.18874
v 0.07500 -0.29922 -0.13860
v 0.07515 0.29649 0.19987
v 0.07563 -0.27842 0.01630
v 0.07572 0.28246 -0.06954
v 0.07625 -0.30457 -0.11882
v 0.07663 -0.35377 -0.01157
v 0.07664 0.28066 -0.16310
v 0.07683 0.33104 0.14102
v 0.07694 -0.29344 0.22360
v 0.07732 0.38439 0.21218
v 0.07746 -0.28858 0.20031
v 0.07752 0.39563 0.13941
v 0.07775 0.39620 0.14434
v 0.07782 0.29436 -0.15858
v 0.07824 -0.43127 0.21949
v 0.07829 -0.29278 -0.12610
v 0.07852 -0.29779 -0.17152
v 0.07866 -0.43163 0.20484
v 0.07895 0.28340 -0.02404
v 0.07934 -0.42302 0.21498
v 0.07986 0.36790 0.21854
v 0.07991 -0.44452 0.21340
v 0.07996 0.36886 0.19870
v 0.08006 -0.30415 0.20140
v 0.08009 -0.42396 0.22386
v 0.08034 0.36165 0.15017
v 0.08092 -0.29980 -0.12659
v 0.08095 -0.30032 -0.16094
v 0.08100 0.29169 -0.14500
v 0.08145 0.44297 0.20492
v 0.08160 0.38720 0.16617
v 0.08176 0.44239 0.18642
v 0.08188 0.43195 0.20728
v 0.08199 0.34535 0.16617
v 0.08247 0.38982 0.09457
v 0.08258 0.27778 0.09798
v 0.08259 0.29557 0.18773
v 0.08268 0.35599 0.17760
v 0.08283 -0.35761 0.22397
v 0.08285 0.38704 0.17871
v 0.08285 0.44441 0.19691
v 0.08306 0.28693 -0.18613
v 0.08322 0.30945 0.19826
v 0.08340 0.28825 -0.17422
v 0.08341 0.41088 0.19889
v 0.08354 0.31147 0.21092
v 0.08369 -0.39326 0.15510
v 0.08402 -0.28911 -0.14804
v 0.08412 0.28506 -0.14695
v 0.08414 0.28466 -0.16737
v 0.08414 0.30291 0.20079
v 0.08496 -0.28646 -0.01286
v 0.08497 0.28799 -0.00031
v 0.08565 0.30265 0.20838
v 0.08570 -0.45025 0.14096
v 0.08638 -0.34160 0.15878
v 0.08649 0.41636 0.09825
v 0.08652 0.40790 0.20833
v 0.08660 -0.34074 0.15371
v 0.08662 0.32748 0.20921
v 0.08813 -0.35708 0.10936
v 0.08829 -0.38980 0.15952
v 0.08831 -0.36053 0.23260
v 0.08839 -0.42363 0.22479
v 0.08860 0.43957 0.17239
v 0.08863 -0.29438 0.21235
v 0.08879 0.33799 -0.03829
v 0.08909 -0.36492 0.22458
v 0.08911 -0.30688 0.21213
v 0.08944 0.39838 0.19827
v 0.08970 0.33436 0.19992
v 0.08979 0.39737 0.20844
v 0.08991 -0.29705 0.22218
v 0.08994 0.44130 0.18476
v 0.09042 -0.35847 0.21402
v 0.09097 0.44190 0.20546
v 0.09121 0.34913 0.15763
v 0.09132 0.44225 0.19835
v 0.09138 0.33614 0.20962
v 0.09154 -0.43967 0.21617
v 0.09168 0.32160 0.11914
v 0.09170 -0.38169 0.11047
v 0.09170 0.43035 0.18527
v 0.09175 0.43209 0.17760
v 0.09213 -0.43472 0.22290
v 0.09229 0.44726 0.20428
v 0.09246 0.31304 0.18720
v 0.09247 -0.28637 0.19271
v 0.09255 0.30154 0.18828
v 0.09260 -0.29309 -0.15208
v 0.09275 -0.29146 -0.06845
v 0.09281 -0.28992 0.01078
v 0.09281 0.42950 0.19516
v 0.09282 -0.28729 -0.06051
v 0.09287 0.29729 0.19872
v 0.09296 -0.29533 0.20029
v 0.09304 -0.35816 0.22334
v 0.09308 0.30286 0.20110
v 0.09343 0.42058 0.11892
v 0.09372 0.29623 -0.14204
v 0.09388 0.30178 0.20726
v 0.09437 -0.32466 0.22271
v 0.09488 -0.30733 -0.09652
v 0.09498 -0.44098 0.22297
v 0.09504 -0.43994 0.20362
v 0.09506 0.37624 0.19022
v 0.09510 -0.33146 0.21508
v 0.09533 -0.41688 0.15954
v 0.09542 -0.40409 0.22198
v 0.09568 0.35776 0.19058
v 0.09598 0.36694 0.20852
v 0.09643 0.36875 0.19685
v 0.09646 -0.33246 0.22321
v 0.09661 0.44991 0.20819
v 0.09662 0.29255 -0.18706
v 0.09682 0.28520 -0.18812
v 0.09685 -0.39785 0.22454
v 0.09698 0.31924 0.18170
v 0.09699 0.44980 0.18396
v 0.09748 0.42958 0.17821
v 0.09807 0.41866 0.13471
v 0.09812 0.34592 0.17865
v 0.09818 0.31482 0.17894
v 0.09822 -0.39104 0.22332
v 0.09823 -0.29164 -0.08076
v 0.09824 0.43827 0.18911
v 0.09868 -0.43258 0.19510
v 0.09908 -0.30554 0.19124
v 0.09910 -0.41473 0.11401
v 0.09929 -0.30308 0.21048
v 0.09930 -0.41823 0.13272
v 0.09934 -0.30245 -0.10190
v 0.09946 0.32378 0.13759
v 0.10005 -0.29533 0.21261
v 0.10022 0.29226 -0.15806
v 0.10027 0.36820 0.19596
v 0.10054 -0.30464 0.19930
v 0.10055 0.42999 0.18332
v 0.10066 0.42202 0.02513
v 0.10076 0.38061 0.15217
v 0.10080 0.30652 0.18795
v 0.10082 0.42357 0.18232
v 0.10089 -0.31853 0.13235
v 0.10090 -0.43992 0.21337
v 0.10101 -0.29463 0.21887
v 0.10105 0.32334 0.14233
v 0.10118 0.30125 -0.10990
v 0.10124 0.31545 0.18570
v 0.10124 0.41862 0.14156
v 0.10127 -0.42415 0.20266
v 0.10139 0.32145 0.19838
v 0.10163 -0.35042 -0.01152
v 0.10182 -0.31188 0.19974
v 0.10196 -0.31341 0.20964
v 0.10213 -0.36095 0.21206
v 0.10228 -0.32231 0.11520
v 0.10234 -0.43482 0.21478
v 0.10244 -0.43451 0.22261
v 0.10245 0.36726 0.20782
v 0.10256 -0.43279 0.20104
v 0.10263 0.42863 0.19524
v 0.10299 0.35837 0.19675
v 0.10302 -0.39147 0.00972
v 0.10312 -0.30018 -0.17596
v 0.10326 -0.44259 0.10943
v 0.10355 -0.41677 0.13419
v 0.10369 0.28574 0.10853
v 0.10374 -0.29298 -0.17719
v 0.10409 0.30493 0.19773
v 0.10428 0.31608 0.19675
v 0.10491 -0.29882 -0.14157
v 0.10532 -0.41728 0.21366
v 0.10568 -0.44545 0.20076
v 0.10578 -0.36336 0.22262
v 0.10597 -0.32127 0.21169
v 0.10605 -0.30267 -0.14537
v 0.10635 0.31681 0.15310
v 0.10663 0.44145 0.06005
v 0.10707 0.30701 0.17774
v 0.10723 -0.42230 0.19435
v 0.10765 -0.31249 0.19779
v 0.10784 0.45415 0.13339
v 0.10791 -0.31162 0.19230
v 0.10811 -0.31797 0.14920
v 0.10830 0.43132 0.17131
v 0.10836 -0.43282 0.19177
v 0.10866 0.33049 -0.04247
v 0.10880 -0.30488 0.19844
v 0.10929 0.43749 0.19166
v 0.10958 -0.31411 0.21059
v 0.10958 0.43987 0.17650
v 0.10996 -0.44199 0.22325
v 0.10999 -0.41926 0.21252
v 0.11006 -0.43186 0.21068
v 0.11027 0.31574 -0.06140
v 0.11047 0.45005 0.13370
v 0.11075 0.28094 -0.09806
v 0.11090 -0.36207 0.22045
v 0.11100 0.37840 0.14140
v 0.11110 -0.30315 -0.12136
v 0.11147 -0.31888 0.15576
v 0.11151 -0.35718 0.22146
v 0.11159 0.39209 0.13611
v 0.11163 -0.31401 0.15814
v 0.11170 0.44006 0.06924
v 0.11172 -0.30747 0.20835
v 0.11205 -0.33002 -0.03994
v 0.11206 0.43138 0.19481
v 0.11217 0.27566 -0.08996
v 0.11261 0.30898 0.18243
v 0.11276 -0.39024 0.15218
v 0.11301 -0.35944 0.15141
v 0.11326 0.43954 0.18240
v 0.11360 0.31947 -0.06322
v 0.11364 -0.33366 -0.02916
v 0.11375 -0.32286 0.15561
v 0.11383 -0.32460 0.15061
v 0.11389 0.44769 0.08660
v 0.11392 0.43842 0.17661
v 0.11418 -0.44423 0.21194
v 0.11455 0.40967 0.20638
v 0.11479 0.29244 0.17961
v 0.11506 0.30602 0.19698
v 0.11512 -0.32259 0.10933
v 0.11558 0.30738 0.18413
v 0.11565 0.44082 0.20076
v 0.11570 0.41953 0.11878
v 0.11590 0.33260 0.20701
v 0.11590 0.40179 0.20575
v 0.11609 0.32310 0.20838
v 0.11615 0.32545 0.19812
v 0.11638 0.45311 0.17618
v 0.11671 -0.45132 0.19671
v 0.11699 -0.41395 0.02958
v 0.11732 0.40827 0.19602
v 0.11735 -0.35845 0.15597
v 0.11771 -0.30162 0.18911
v 0.11793 0.35594 0.13610
v 0.11808 0.41770 0.10453
v 0.11826 -0.28968 0.00834
v 0.11826 0.28849 0.00879
v 0.11828 0.31149 0.19722
v 0.11830 0.36293 0.14098
v 0.11854 -0.37451 0.15116
v 0.11870 0.30842 0.20724
v 0.11894 -0.43033 0.05378
v 0.11909 0.30604 0.17978
v 0.11938 0.40387 0.00320
v 0.11942 0.28614 -0.18818
v 0.11983 -0.32407 -0.04234
v 0.12005 -0.30376 0.19640
v 0.12057 -0.31578 0.21099
v 0.12084 -0.31999 -0.05705
v 0.12095 -0.39972 0.22079
v 0.12124 -0.40189 0.21233
v 0.12140 0.43403 0.19447
v 0.12140 0.44151 0.19504
v 0.12150 0.30368 0.18553
v 0.12167 -0.32591 0.21016
v 0.12190 -0.28923 -0.17578
v 0.12192 -0.44503 0.19912
v 0.12242 -0.43153 0.19401
v 0.12243 -0.32534 0.21993
v 0.12272 -0.44021 0.07771
v 0.12296 -0.28945 0.02018
v 0.12316 -0.43273 0.22131
v 0.12317 -0.42596 0.20198
v 0.12332 0.40718 0.20625
v 0.12349 -0.30395 0.20913
v 0.12363 -0.28510 0.19087
v 0.12368 -0.29771 -0.17699
v 0.12395 -0.31582 0.22059
v 0.12395 -0.28459 0.19407
v 0.12397 0.44261 0.20153
v 0.12437 -0.42945 0.21142
v 0.12453 0.32618 0.20616
v 0.12499 -0.39342 0.22087
v 0.12549 -0.40651 0.22203
v 0.12624 -0.42037 0.15477
v 0.12659 -0.30033 0.19156
v 0.12674 -0.39893 0.21320
v 0.12700 -0.30162 0.21892
v 0.12749 -0.30419 0.20912
v 0.12797 0.28655 -0.09539
v 0.12834 0.28422 -0.08135
v 0.12842 -0.30077 0.19540
v 0.12888 0.28585 -0.19143
v 0.13007 -0.32403 0.21049
v 0.13048 -0.43445 0.19889
v 0.13075 -0.31875 0.20983
v 0.13094 -0.31987 0.21858
v 0.13101 0.37832 -0.01112
v 0.13122 -0.28511 0.02983
v 0.13156 -0.43327 0.21924
v 0.13157 -0.43319 0.21178
v 0.13196 0.41172 0.08823
v 0.13217 0.43554 0.19282
v 0.13227 -0.40041 0.22215
v 0.13232 -0.32367 0.22088
v 0.13282 0.44936 0.19150
v 0.13304 0.30158 0.19989
v 0.13350 -0.31388 -0.07204
v 0.13384 -0.44481 0.14219
v 0.13392 -0.30948 -0.08652
v 0.13429 0.34917 -0.02778
v 0.13458 0.28080 -0.18929
v 0.13486 -0.29928 -0.17843
v 0.13499 -0.35651 -0.00989
v 0.13514 0.29610 -0.11851
v 0.13528 -0.29297 -0.18030
v 0.13554 0.44391 0.20159
v 0.13605 -0.27837 0.01456
v 0.13666 -0.41241 0.11207
v 0.13740 0.44141 0.17891
v 0.13847 0.29113 -0.16038
v 0.14007 -0.28391 0.08628
v 0.14017 0.42879 0.03933
v 0.14021 -0.30554 -0.08632
v 0.14051 0.34026 0.12866
v 0.14071 0.41866 0.11871
v 0.14145 0.38627 0.19873
v 0.14196 0.39199 -0.00460
v 0.14235 -0.31908 0.14761
v 0.14246 -0.44068 0.19662
v 0.14255 -0.34830 -0.02199
v 0.14279 0.30512 -0.09825
v 0.14334 -0.43063 0.21156
v 0.14357 0.43977 0.17087
v 0.14359 0.36298 0.12792
v 0.14371 0.39015 0.12853
v 0.14386 -0.43494 0.21918
v 0.14397 -0.41305 0.14936
v 0.14412 0.35568 0.11699
v 0.14420 0.35476 0.19290
v 0.14421 0.38120 0.11718
v 0.14432 0.43495 0.20209
v 0.14435 -0.30975 -0.07237
v 0.14448 0.41470 0.09282
v 0.14472 0.37827 0.19252
v 0.14511 0.42565 0.02844
v 0.14524 0.44236 0.19174
v 0.14527 0.36749 -0.02033
v 0.14542 -0.44063 0.21071
v 0.14574 0.28804 0.17543
v 0.14632 -0.43640 0.19317
v 0.14704 0.41369 0.01682
v 0.14734 0.28369 0.08259
v 0.14744 0.30478 0.20573
v 0.14760 0.40340 0.19158
v 0.14824 0.44154 0.19897
v 0.14913 0.43374 0.19117
v 0.14956 0.30611 0.17667
v 0.15008 0.27958 0.09421
v 0.15012 0.32618 0.20616
v 0.15049 0.44352 0.18059
v 0.15132 0.40610 0.08797
v 0.15164 0.45108 0.17243
v 0.15183 -0.44598 0.12339
v 0.15210 0.40997 0.20443
v 0.15231 0.28855 -0.00716
v 0.15232 0.37499 0.12535
v 0.15238 0.45025 0.17675
v 0.15242 -0.37146 -0.00419
v 0.15262 0.43935 0.06577
v 0.15274 0.29806 0.19260
v 0.15291 -0.41780 0.03800
v 0.15297 0.30638 0.17624
v 0.15301 0.43425 0.17784
v 0.15355 -0.43946 0.20794
v 0.15389 -0.41684 0.14384
v 0.15392 0.43359 0.17263
v 0.15428 0.38448 0.17784
v 0.15508 -0.39408 0.01147
v 0.15511 0.44347 0.09909
v 0.15518 0.30808 0.19133
v 0.15544 -0.40670 0.10280
v 0.15547 0.28261 -0.10824
v 0.15588 -0.43919 0.21854
v 0.15596 0.31011 0.19353
v 0.15602 -0.43502 0.19936
v 0.15607 -0.29831 0.21866
v 0.15607 0.28041 -0.00767
v 0.15621 -0.43234 0.20912
v 0.15623 0.43246 0.18967
v 0.15670 0.31045 0.18179
v 0.15673 0.30691 0.17995
v 0.15689 -0.43086 0.21624
v 0.15689 0.32614 0.13294
v 0.15715 0.37712 0.19904
v 0.15830 -0.29369 -0.17936
v 0.15888 0.31042 0.17566
v 0.15913 0.35528 0.12334
v 0.15924 0.44988 0.13730
v 0.15974 -0.31612 -0.05891
v 0.15976 0.38140 -0.01600
v 0.15988 0.36529 0.11698
v 0.16001 0.44403 0.19918
v 0.16004 0.41758 0.12683
v 0.16010 0.34576 0.11128
v 0.16120 -0.43567 0.07571
v 0.16129 0.32047 0.13428
v 0.16136 0.35514 0.11579
v 0.16150 -0.44518 0.18957
v 0.16151 -0.30136 0.18737
v 0.16158 0.35249 0.20194
v 0.16273 -0.30181 0.19204
v 0.16299 0.34566 0.12779
v 0.16309 0.30645 0.16892
v 0.16352 -0.42995 0.18974
v 0.16360 0.43550 0.16620
v 0.16370 0.41688 0.11178
v 0.16382 0.38761 0.12523
v 0.16398 0.32295 0.12753
v 0.16406 -0.44257 0.19466
v 0.16428 0.44760 0.18815
v 0.16447 -0.30391 0.20483
v 0.16457 -0.42887 0.19436
v 0.16507 0.35867 0.19775
v 0.16543 0.38781 0.11160
v 0.16550 0.41491 0.13066
v 0.16565 -0.42420 0.20723
v 0.16593 0.44274 0.19831
v 0.16595 0.33847 0.11153
v 0.16611 0.36649 0.12418
v 0.16640 0.32159 0.11360
v 0.16677 0.28406 0.00900
v 0.16682 0.42326 0.18855
v 0.16690 0.31497 0.17473
v 0.16714 0.34687 0.11367
v 0.16715 0.30125 -0.10006
v 0.16716 0.27960 0.08587
v 0.16734 0.31465 0.17832
v 0.16777 0.31543 0.19003
v 0.16851 -0.31568 0.14824
v 0.16854 -0.41480 0.14395
v 0.16873 0.39729 0.12701
v 0.16882 -0.43257 0.21718
v 0.16910 0.30955 0.20226
v 0.16934 0.34337 0.12498
v 0.16948 0.32512 0.19020
v 0.16962 -0.44492 0.16018
v 0.16963 0.41530 0.13471
v 0.16964 0.28405 -0.01522
v 0.16993 0.43664 0.20207
v 0.17012 0.37251 0.11067
v 0.17039 0.42233 0.17119
v 0.17043 0.33740 0.12921
v 0.17044 -0.28376 -0.00157
v 0.17052 -0.30093 0.18184
v 0.17113 -0.29961 -0.18115
v 0.17174 0.43269 0.17143
v 0.17176 0.31985 0.17424
v 0.17197 -0.31735 0.12627
v 0.17225 -0.28875 -0.18036
v 0.17260 -0.31074 0.18847
v 0.17315 -0.29074 -0.07736
v 0.17328 0.42344 0.17690
v 0.17331 -0.42618 0.20332
v 0.17416 -0.28293 0.11671
v 0.17428 0.42064 0.18848
v 0.17451 0.37624 0.12226
v 0.17508 -0.42011 0.19830
v 0.17538 -0.30164 0.21305
v 0.17546 0.28520 0.01316
v 0.17556 0.38125 0.19888
v 0.17580 0.31483 0.17224
v 0.17587 0.43058 0.17711
v 0.17665 0.44021 0.18904
v 0.17688 0.32370 0.19088
v 0.17695 -0.30485 0.20244
v 0.17747 -0.41176 0.12479
v 0.17750 0.44126 0.19592
v 0.17759 0.43283 0.18821
v 0.17802 0.43303 0.19745
v 0.17813 -0.33326 0.14927
v 0.17825 -0.40901 0.10638
v 0.17838 0.31479 0.17844
v 0.17870 0.30336 0.19216
v 0.17906 0.30939 0.19054
v 0.17907 0.30239 0.19894
v 0.17942 0.38686 0.12256
v 0.17972 0.37520 0.11310
v 0.17985 0.38800 0.11399
v 0.18007 -0.29817 0.17801
v 0.18013 0.29813 0.18983
v 0.18046 -0.42502 0.21628
v 0.18046 0.36635 0.11264
v 0.18057 -0.31062 0.18462
v 0.18074 0.30243 0.17931
v 0.18099 -0.41270 0.20563
v 0.18117 0.39740 0.12409
v 0.18142 0.32895 0.20061
v 0.18153 0.40718 0.19872
v 0.18158 0.31179 0.20086
v 0.18162 0.29013 -0.18969
v 0.18167 0.30919 0.16530
v 0.18221 0.33198 0.20032
v 0.18224 0.40490 0.18738
v 0.18226 0.40418 0.19897
v 0.18228 -0.28305 0.01774
v 0.18229 -0.30593 0.18458
v 0.18242 -0.41836 0.18542
v 0.18257 -0.31361 0.20277
v 0.18271 -0.40433 0.01723
v 0.18274 -0.32580 0.14869
v 0.18326 -0.40764 0.15031
v 0.18331 0.44097 0.17566
v 0.18343 0.31720 0.18607
v 0.18356 -0.31113 0.19082
v 0.18363 0.33137 0.19025
v 0.18365 0.28591 -0.19505
v 0.18366 0.32927 0.18965
v 0.18375 -0.30466 0.19115
v 0.18393 0.36929 0.12271
v 0.18427 0.39409 0.11040
v 0.18434 -0.29496 0.19005
v 0.18439 0.43535 0.18703
v 0.18460 0.32910 0.20028
v 0.18475 -0.28254 0.11233
v 0.18513 -0.42072 0.18700
v 0.18513 0.29333 -0.14152
v 0.18528 -0.30225 0.20139
v 0.18529 0.43587 0.19501
v 0.18532 0.33214 0.20015
v 0.18569 0.40385 0.19863
v 0.18571 -0.43169 0.19454
v 0.18598 -0.29363 0.21095
v 0.18618 -0.43127 0.20671
v 0.18622 0.40233 -0.00139
v 0.18630 -0.29412 0.20375
v 0.18650 0.44266 0.18630
v 0.18659 -0.43169 0.21271
v 0.18662 0.30339 0.19118
v 0.18662 0.44079 0.19638
v 0.18688 0.30336 0.19800
v 0.18698 0.32726 0.08903
v 0.18719 -0.30137 0.21304
v 0.18719 0.29677 -0.15185
v 0.18749 -0.42354 0.20431
v 0.18760 -0.42317 0.19368
v 0.18768 0.41383 0.10937
v 0.18774 0.32313 0.11006
v 0.18776 0.30980 -0.08971
v 0.18782 -0.32203 0.14341
v 0.18791 0.34271 -0.04234
v 0.18807 -0.32247 0.21260
v 0.18848 0.40838 0.19928
v 0.18849 -0.39603 0.21612
v 0.18854 0.30564 0.16640
v 0.18871 -0.42411 0.21538
v 0.18891 0.43578 0.17533
v 0.18896 0.36709 0.12495
v 0.18901 0.37486 0.18149
v 0.18929 0.30617 -0.08742
v 0.18952 0.37993 0.18658
v 0.18978 -0.29449 0.19168
v 0.18980 0.33463 -0.04438
v 0.19026 0.44952 0.16832
v 0.19052 -0.39804 0.20473
v 0.19053 0.36932 0.19885
v 0.19064 0.36778 0.18792
v 0.19068 -0.32248 0.20317
v 0.19071 -0.39146 0.21706
v 0.19117 -0.43220 0.19135
v 0.19138 -0.43872 0.20373
v 0.19145 -0.35995 0.21613
v 0.19149 -0.32263 0.10257
v 0.19153 0.34954 0.14808
v 0.19168 -0.29306 -0.18465
v 0.19190 0.34770 0.17130
v 0.19218 0.41470 0.10674
v 0.19227 -0.32272 0.21297
v 0.19264 -0.39672 0.20441
v 0.19327 -0.43023 0.18351
v 0.19334 -0.40671 0.14483
v 0.19336 0.35968 0.14187
v 0.19398 -0.39748 0.21434
v 0.19424 0.38444 0.14673
v 0.19440 -0.33763 -0.02942
v 0.19443 0.38963 0.16006
v 0.19468 0.34717 0.15457
v 0.19471 0.36884 0.18858
v 0.19475 -0.44049 0.18758
v 0.19479 0.32768 0.20194
v 0.19563 -0.44357 0.18871
v 0.19575 0.38016 0.17530
v 0.19635 0.36797 0.19731
v 0.19681 -0.43158 0.20550
v 0.19711 -0.36686 0.21379
v 0.19720 -0.35817 0.21238
v 0.19752 -0.35903 0.20292
v 0.19788 -0.36098 0.20297
v 0.19807 0.37905 0.10542
v 0.19832 0.36157 0.18651
v 0.19848 -0.43252 0.21265
v 0.19932 0.43242 0.04274
v 0.19937 0.29995 -0.11600
v 0.19947 -0.42184 0.04126
v 0.19951 0.30474 0.19732
v 0.19952 0.30557 0.19013
v 0.20091 0.59637 0.14468
v 0.20121 0.39344 0.11931
v 0.20136 0.28443 -0.18899
v 0.20141 0.30610 0.17696
v 0.20164 0.36415 0.12308
v 0.20200 -0.43943 0.10348
v 0.20209 -0.40903 0.12396
v 0.20238 -0.30475 -0.11484
v 0.20342 0.29420 -0.19312
v 0.20390 0.43115 0.18639
v 0.20406 0.37100 0.15654
v 0.20416 -0.30008 0.19932
v 0.20424 0.29853 0.19632
v 0.20431 0.41583 0.18637
v 0.20437 -0.36310 0.21257
v 0.20438 -0.35871 0.20211
v 0.20475 -0.27917 0.00129
v 0.20492 0.42021 0.18536
v 0.20536 -0.42411 0.19063
v 0.20566 -0.28649 -0.09675
v 0.20572 0.28748 -0.09297
v 0.20602 -0.29456 0.18908
v 0.20628 0.29231 -0.15398
v 0.20650 -0.35864 0.21127
v 0.20708 0.43426 0.19395
v 0.20715 0.43924 0.18367
v 0.20722 0.29553 0.17524
v 0.20742 0.27760 -0.00543
v 0.20749 0.35751 0.10610
v 0.20763 -0.29693 -0.17889
v 0.20793 -0.43104 0.19219
v 0.20807 0.42010 0.17237
v 0.20824 0.30387 0.18678
v 0.20844 0.43017 0.17342
v 0.20875 0.32568 0.09067
v 0.20896 -0.42350 0.20459
v 0.20934 -0.42798 0.21138
v 0.20943 0.37019 0.16649
v 0.20954 -0.30798 -0.08473
v 0.20958 -0.43280 0.20249
v 0.21077 0.33232 0.08280
v 0.21101 0.28299 -0.08933
v 0.21119 0.30344 0.19655
v 0.21123 0.28739 0.18155
v 0.21127 0.34289 0.12124
v 0.21139 0.32116 -0.06902
v 0.21164 -0.38314 -0.00297
v 0.21170 -0.41234 0.18928
v 0.21170 0.43995 0.07268
v 0.21219 -0.32000 0.10252
v 0.21237 0.37492 0.12091
v 0.21310 -0.42777 0.06682
v 0.21319 0.29568 0.20634
v 0.21339 0.35079 -0.03706
v 0.21400 0.36497 -0.02317
v 0.21403 0.44300 0.18128
v 0.21409 0.43627 0.20055
v 0.21415 -0.27513 0.09733
v 0.21420 0.40143 0.08071
v 0.21456 -0.29439 0.19952
v 0.21466 -0.29255 0.18727
v 0.21485 0.39582 0.12068
v 0.21492 0.44395 0.16650
v 0.21507 0.40220 0.12521
v 0.21561 0.44179 0.17307
v 0.21567 -0.41007 0.20078
v 0.21615 -0.43377 0.07306
v 0.21635 0.44730 0.13607
v 0.21661 -0.29264 0.20883
v 0.21704 0.41438 0.01893
v 0.21730 0.33109 0.13143
v 0.21735 -0.28072 -0.08995
v 0.21768 0.41180 0.00965
v 0.21776 0.32809 0.08324
v 0.21797 0.29442 0.19662
v 0.21804 0.42944 0.19579
v 0.21810 -0.43335 0.20226
v 0.21810 -0.28710 0.18621
v 0.21810 0.45164 0.19085
v 0.21827 0.43268 0.17858
v 0.21828 -0.42136 0.20219
v 0.21832 0.36162 0.08207
v 0.21852 -0.32858 0.09558
v 0.21862 -0.43057 0.21151
v 0.21865 0.36529 0.11335
v 0.21869 0.30489 0.19857
v 0.21880 0.32566 0.08833
v 0.21882 -0.28258 0.19522
v 0.21882 0.42146 0.18402
v 0.21889 0.40710 0.08465
v 0.21892 0.38716 -0.00934
v 0.21913 0.37634 0.11412
v 0.21926 0.32565 0.12707
v 0.21933 0.44133 0.19570
v 0.21984 0.38876 0.11906
v 0.21991 0.36802 0.15064
v 0.21992 0.35501 0.11152
v 0.21994 0.40755 0.19418
v 0.22012 0.33009 0.08616
v 0.22017 -0.28218 0.21258
v 0.22021 0.38909 0.10628
v 0.22022 0.28647 0.06959
v 0.22035 0.29901 0.16962
v 0.22038 0.35690 0.11874
v 0.22042 0.33330 0.18653
v 0.22057 0.40766 0.12983
v 0.22091 0.28498 -0.02436
v 0.22111 -0.30481 0.18786
v 0.22119 0.34486 0.12096
v 0.22119 0.34576 0.10858
v 0.22132 0.33906 0.10691
v 0.22145 -0.31885 0.14093
v 0.22169 0.42275 0.19050
v 0.22174 0.40094 0.12964
v 0.22196 0.33951 0.11987
v 0.22241 0.40183 0.19362
v 0.22250 0.28276 0.07848
v 0.22256 0.32735 0.19185
v 0.22261 0.31490 0.17547
v 0.22263 0.34330 0.13077
v 0.22264 0.44564 0.16794
v 0.22288 0.31594 0.19446
v 0.22288 0.40988 0.10123
v 0.22295 0.31446 0.18690
v 0.22329 -0.39886 0.09728
v 0.22337 -0.30239 0.20622
v 0.22348 -0.32615 0.14452
v 0.22366 0.44143 0.12872
v 0.22374 0.36916 0.19384
v 0.22376 -0.29343 0.21095
v 0.22419 -0.37561 0.09503
v 0.22421 -0.43309 0.18876
v 0.22437 -0.44603 0.19887
v 0.22444 0.33629 0.19398
v 0.22479 -0.39898 0.14603
v 0.22481 -0.29840 -0.12678
v 0.22488 0.32600 0.13091
v 0.22491 -0.32507 0.09608
v 0.22510 0.43805 0.20425
v 0.22538 -0.32085 0.10151
v 0.22579 -0.33663 -0.03661
v 0.22617 0.32283 0.10569
v 0.22632 -0.31300 0.19627
v 0.22721 0.40968 0.12391
v 0.22763 -0.40524 0.01957
v 0.22784 -0.40194 0.10196
v 0.22793 -0.29399 0.22006
v 0.22803 0.28611 0.19814
v 0.22809 -0.36718 0.09623
v 0.22822 0.39119 0.08952
v 0.22823 -0.43680 0.18257
v 0.22831 -0.44013 0.14288
v 0.22842 -0.30067 -0.15270
v 0.22846 0.40278 0.19254
v 0.22847 0.33378 0.19572
v 0.22851 -0.32417 0.19928
v 0.22860 0.29473 0.17705
v 0.22877 0.33400 0.18571
v 0.22881 -0.42916 0.21219
v 0.22906 0.30121 0.20498
v 0.22920 0.29567 0.19635
v 0.22930 0.40751 0.10362
v 0.22932 0.37659 0.12359
v 0.22942 0.34508 0.09143
v 0.22950 0.28749 0.09904
v 0.22962 0.35622 0.12979
v 0.22964 -0.41251 0.20865
v 0.22967 -0.35847 -0.01371
v 0.22988 -0.39810 0.21064
v 0.22990 -0.32385 0.20751
v 0.22991 0.37792 0.19471
v 0.22995 -0.33655 0.13904
v 0.22998 0.40981 0.18394
v 0.23005 -0.31402 0.20884
v 0.23010 0.38070 0.26016
v 0.23016 0.36858 0.19647
v 0.23025 0.38575 0.12913
v 0.23031 0.43044 0.19432
v 0.23038 0.30315 0.19854
v 0.23057 0.37491 -0.02253
v 0.23061 -0.30497 0.19897
v 0.23065 0.35948 0.19355
v 0.23068 -0.39819 0.20079
v 0.23072 -0.28484 -0.01318
v 0.23083 -0.42767 0.19483
v 0.23092 0.36894 0.18366
v 0.23105 0.32467 0.18512
v 0.23107 0.29596 0.18418
v 0.23129 -0.32587 0.14432
v 0.23133 0.32364 0.15630
v 0.23150 0.41412 0.16542
v 0.23166 -0.31746 0.11840
v 0.23167 0.40170 0.10616
v 0.23177 -0.40072 0.14183
v 0.23186 -0.39304 0.20901
v 0.23187 0.43109 0.16155
v 0.23199 0.36603 0.09817
v 0.23202 -0.39287 0.14503
v 0.23218 0.39832 0.12132
v 0.23223 0.33328 0.10028
v 0.23224 0.35947 0.10320
v 0.23249 0.32559 0.12248
v 0.23260 0.44050 0.18097
v 0.23271 -0.41498 0.18863
v 0.23274 -0.43195 0.10330
v 0.23312 -0.36596 -0.01392
v 0.23318 -0.30126 -0.17522
v 0.23326 0.31878 0.16773
v 0.23328 0.44813 0.18603
v 0.23347 0.36720 0.21495
v 0.23382 0.31882 0.19051
v 0.23388 0.30408 0.17302
v 0.23399 0.29008 -0.18650
v 0.23402 -0.28002 0.20744
v 0.23413 -0.40195 0.02098
v 0.23423 -0.41104 0.18229
v 0.23447 0.33901 0.12834
v 0.23474 -0.41880 0.20957
v 0.23481 -0.40437 0.12073
v 0.23499 -0.41829 0.20032
v 0.23505 -0.42465 0.22084
v 0.23517 0.37145 0.15662
v 0.23528 -0.28596 0.19462
v 0.23537 0.28515 -0.18856
v 0.23593 0.30371 0.16451
v 0.23623 -0.36131 0.14394
v 0.23628 -0.32486 0.19848
v 0.23642 0.31417 0.16299
v 0.23651 0.35916 0.15609
v 0.23656 -0.31998 0.11290
v 0.23659 -0.28425 0.18708
v 0.23670 -0.43284 0.18257
v 0.23680 -0.29043 0.20846
v 0.23685 0.41925 0.18608
v 0.23687 -0.40898 0.20093
v 0.23689 -0.41179 0.20807
v 0.23708 0.42131 0.17112
v 0.23711 -0.38489 0.13931
v 0.23713 -0.34931 0.20912
v 0.23716 -0.32317 0.10636
v 0.23720 -0.35922 0.19816
v 0.23721 -0.40130 0.10905
v 0.23738 0.43571 0.17026
v 0.23741 -0.34787 0.10300
v 0.23775 -0.39745 0.19885
v 0.23785 -0.43203 0.18850
v 0.23785 0.41264 0.18221
v 0.23797 0.36821 0.24872
v 0.23803 0.37827 0.20125
v 0.23818 -0.43968 0.21443
v 0.23833 -0.29449 0.18473
v 0.23835 0.37272 0.25230
v 0.23859 0.39650 0.12643
v 0.23933 0.32545 0.18413
v 0.23945 -0.31264 0.19742
v 0.23949 -0.43164 0.21108
v 0.23975 -0.43370 0.14159
v 0.23975 -0.31108 0.18025
v 0.23975 0.35944 0.22876
v 0.24002 -0.31420 0.20793
v 0.24002 -0.29122 0.19497
v 0.24012 0.37790 0.22760
v 0.24018 0.37572 0.25096
v 0.24038 0.36381 0.25157
v 0.24047 -0.31155 0.18420
v 0.24049 0.31540 0.17184
v 0.24058 -0.29881 0.17353
v 0.24071 0.43540 0.19041
v 0.24072 0.32431 0.17135
v 0.24089 0.35864 0.19401
v 0.24090 0.32301 0.16677
v 0.24094 0.41248 0.16877
v 0.24143 -0.43939 0.18946
v 0.24151 0.36333 0.18199
v 0.24160 -0.39063 0.13599
v 0.24197 0.37873 0.19179
v 0.24214 -0.30316 0.18469
v 0.24228 -0.35385 0.12188
v 0.24228 0.30502 0.19458
v 0.24233 0.39426 0.14578
v 0.24252 -0.38163 0.12259
v 0.24291 -0.32647 0.13921
v 0.24300 -0.29006 -0.17567
v 0.24305 -0.35405 0.20659
v 0.24308 -0.36404 0.20772
v 0.24334 0.31454 0.18784
v 0.24355 -0.43165 0.19837
v 0.24356 0.33409 0.18313
v 0.24361 0.40097 0.18252
v 0.24368 0.30539 -0.09742
v 0.24402 0.36209 0.21028
v 0.24408 -0.29547 0.17695
v 0.24411 0.43064 0.18093
v 0.24414 -0.39277 0.13648
v 0.24427 -0.32172 -0.05235
v 0.24440 -0.28850 -0.00407
v 0.24459 -0.29021 -0.08635
v 0.24460 0.37820 0.21343
v 0.24499 0.36102 0.25752
v 0.24514 -0.36422 0.19156
v 0.24524 0.36337 0.25086
v 0.24562 0.36900 0.19526
v 0.24584 -0.31323 0.17913
v 0.24636 0.36932 0.23187
v 0.24652 -0.42443 0.18801
v 0.24657 0.42169 0.18573
v 0.24674 -0.35828 0.19753
v 0.24702 0.30476 0.18313
v 0.24707 -0.29226 0.20631
v 0.24714 -0.29021 0.19319
v 0.24714 0.37737 0.25054
v 0.24718 -0.35586 0.21805
v 0.24779 0.40291 0.16455
v 0.24783 -0.31596 0.19613
v 0.24791 -0.42327 0.05170
v 0.24804 0.30365 -0.11503
v 0.24836 -0.40039 0.19854
v 0.24837 -0.35658 0.20870
v 0.24879 -0.42938 0.20876
v 0.24884 0.34096 0.16293
v 0.24915 -0.41110 0.19848
v 0.24915 -0.30444 0.19678
v 0.24917 0.33549 0.17049
v 0.24926 0.40220 0.16919
v 0.24939 0.36914 0.24941
v 0.24959 0.35695 0.19263
v 0.24977 -0.33300 0.15757
v 0.24992 -0.41676 0.20605
v 0.25030 0.30859 0.17114
v 0.25045 -0.30877 -0.09083
v 0.25049 -0.32548 0.19660
v 0.25052 0.38987 0.18300
v 0.25080 0.32607 0.17241
v 0.25081 -0.41917 0.19927
v 0.25097 0.38936 0.19360
v 0.25116 0.28665 -0.02023
v 0.25126 0.37934 0.26010
v 0.25135 0.35403 0.20339
v 0.25137 0.34800 0.18384
v 0.25157 0.32911 0.16167
v 0.25168 -0.29674 0.17874
v 0.25176 0.36999 0.19108
v 0.25185 -0.41968 0.17681
v 0.25190 0.33914 0.18307
v 0.25208 0.30536 0.16633
v 0.25235 0.28932 0.08867
v 0.25245 0.42055 0.18924
v 0.25268 0.28744 0.09396
v 0.25284 0.39705 0.19307
v 0.25288 0.43015 0.06101
v 0.25319 -0.40977 0.18458
v 0.25338 -0.32320 0.17803
v 0.25468 -0.31743 0.20711
v 0.25475 0.36476 0.18265
v 0.25486 0.29480 -0.15790
v 0.25502 0.38662 0.19821
v 0.25521 0.39641 0.18234
v 0.25536 -0.39310 0.18043
v 0.25547 -0.30370 0.20389
v 0.25595 0.41925 0.16894
v 0.25706 -0.28475 -0.00809
v 0.25726 -0.31061 0.17557
v 0.25745 -0.38299 0.17611
v 0.25756 0.31811 -0.07171
v 0.25802 -0.31991 -0.06372
v 0.25808 0.31619 0.16959
v 0.25823 0.34555 0.19326
v 0.25836 0.42753 0.16320
v 0.25854 0.33754 0.19367
v 0.25867 -0.33489 0.19718
v 0.25868 -0.41968 0.20429
v 0.25869 0.40551 0.15861
v 0.25890 0.35980 0.23985
v 0.25912 -0.38935 0.19514
v 0.25951 -0.35269 0.20655
v 0.25957 -0.43238 0.10438
v 0.25963 -0.33360 0.20554
v 0.25985 -0.36826 0.19667
v 0.25997 0.38343 0.18101
v 0.25998 -0.37823 0.20869
v 0.26000 0.28864 -0.18214
v 0.26059 -0.29009 -0.09428
v 0.26061 -0.37848 0.19819
v 0.26069 0.41180 0.18136
v 0.26077 0.33690 0.18238
v 0.26082 -0.30254 0.19196
v 0.26093 0.39189 -0.00692
v 0.26104 -0.31389 0.18313
v 0.26147 -0.31153 0.19989
v 0.26151 0.32119 0.19107
v 0.26163 0.38006 0.24821
v 0.26165 0.38952 0.19129
v 0.26171 0.40234 0.17930
v 0.26204 -0.35184 0.19639
v 0.26231 -0.28997 -0.08878
v 0.26241 0.33987 0.16743
v 0.26246 0.37313 0.48829
v 0.26309 -0.32459 0.18919
v 0.26313 0.44135 0.16471
v 0.26364 0.35939 0.25191
v 0.26385 -0.30854 -0.07898
v 0.26399 0.32398 0.18270
v 0.26417 0.37707 0.23095
v 0.26424 -0.41369 0.18574
v 0.26424 0.35194 -0.03587
v 0.26445 0.36223 0.23091
v 0.26452 -0.40779 0.20578
v 0.26454 0.39188 0.16746
v 0.26470 -0.38410 0.20659
v 0.26474 0.36960 0.48487
v 0.26511 -0.39474 0.18437
v 0.26521 0.34512 0.16220
v 0.26529 0.43944 0.12209
v 0.26540 0.37996 0.48442
v 0.26554 0.41274 0.18770
v 0.26703 -0.30005 -0.12859
v 0.26736 -0.39832 0.19666
v 0.26739 -0.42475 0.07596
v 0.26807 0.38054 0.48234
v 0.26826 0.29777 -0.13524
v 0.26847 0.36855 0.47965
v 0.26898 0.40039 0.18056
v 0.26907 -0.40965 0.19692
v 0.26911 -0.39070 0.17650
v 0.26925 0.37768 0.21084
v 0.26929 -0.33182 0.17553
v 0.26947 -0.31134 0.19573
v 0.26992 0.34945 0.16923
v 0.26993 0.33620 -0.05021
v 0.27008 0.28758 -0.18290
v 0.27041 -0.27570 0.08738
v 0.27055 0.37073 0.18038
v 0.27073 -0.34254 0.19482
v 0.27075 0.37319 0.16501
v 0.27081 -0.33904 0.20435
v 0.27085 0.43750 0.15626
v 0.27091 0.39003 0.19563
v 0.27119 -0.38736 0.20769
v 0.27164 -0.33052 -0.04359
v 0.27164 0.34785 0.19077
v 0.27185 0.37263 0.47612
v 0.27199 0.29436 -0.18141
v 0.27205 -0.34780 -0.02528
v 0.27218 0.34877 0.18149
v 0.27247 0.38266 0.20944
v 0.27261 0.33641 0.18931
v 0.27266 0.39135 0.18925
v 0.27270 -0.43106 0.18211
v 0.27277 0.28795 -0.10680
v 0.27281 -0.29756 -0.17259
v 0.27289 -0.40544 0.20445
v 0.27311 0.31616 -0.08222
v 0.27324 0.36934 0.18899
v 0.27328 -0.38230 0.19619
v 0.27332 -0.31494 0.18208
v 0.27354 -0.32364 0.20266
v 0.27365 0.38364 0.18069
v 0.27391 0.35470 0.20266
v 0.27395 0.28256 -0.17928
v 0.27434 0.42141 0.03953
v 0.27495 0.38006 0.20021
v 0.27588 0.39153 0.16652
v 0.27626 0.36404 0.18821
v 0.27685 -0.35846 0.17461
v 0.27690 -0.42998 0.13947
v 0.27777 -0.33326 0.18230
v 0.27803 0.34702 0.17420
v 0.27831 -0.34671 0.18334
v 0.27835 -0.35742 0.18223
v 0.27852 -0.42346 0.08914
v 0.27912 -0.33643 0.19522
v 0.27915 -0.38557 0.18392
v 0.27955 -0.28670 -0.09505
v 0.27962 -0.37620 0.19531
v 0.27965 0.31609 -0.07552
v 0.27975 -0.37514 -0.00473
v 0.28092 -0.35660 0.20347
v 0.28098 -0.28728 -0.16726
v 0.28133 -0.33542 0.20279
v 0.28145 -0.38844 0.19008
v 0.28151 -0.35723 0.19609
v 0.28161 0.36606 0.18439
v 0.28183 -0.39659 0.01773
v 0.28280 -0.37576 0.20182
v 0.28298 -0.29050 -0.16999
v 0.28390 0.42935 0.08125
v 0.28599 0.30100 -0.11304
v 0.28734 -0.35912 0.18020
v 0.28796 -0.36753 0.20433
v 0.28799 -0.30303 -0.10056
v 0.28959 -0.40727 0.03686
v 0.28973 -0.35259 0.19272
v 0.29185 -0.28067 -0.09488
v 0.29187 0.40839 0.02002
v 0.29210 -0.28186 0.10390
v 0.29296 -0.27977 0.09654
v 0.29361 0.28437 -0.09729
v 0.29507 0.39977 0.00216
v 0.29743 0.28498 0.08266
v 0.29759 0.43171 0.12181
v 0.29902 0.27998 -0.10583
v 0.29948 0.28400 -0.11592
v 0.29981 -0.28542 -0.08559
v 0.30100 -0.36409 -0.01054
v 0.30233 -0.28043 0.17124
v 0.30321 0.43320 0.15841
v 0.30407 -0.42103 0.09257
v 0.30528 0.28967 -0.17164
v 0.30583 0.29017 -0.01234
v 0.30726 0.28793 -0.17494
v 0.30786 0.28545 -0.02644
v 0.30921 0.35920 -0.02857
v 0.31025 -0.42718 0.17604
v 0.31071 0.41163 0.02579
v 0.31239 -0.28567 -0.10301
v 0.31245 -0.28772 -0.00103
v 0.31536 -0.41083 0.04981
v 0.31580 -0.30313 -0.12232
v 0.31724 -0.28782 -0.01001
v 0.32015 0.33303 -0.05674
v 0.32147 0.28746 0.08397
v 0.32147 0.31039 -0.09869
v 0.32172 0.28808 0.08627
v 0.32197 -0.42140 0.13231
v 0.32204 -0.27711 -0.00554
v 0.32288 0.23828 0.15604
v 0.32586 -0.33398 -0.04052
v 0.32802 -0.29937 -0.16104
v 0.32810 -0.28140 0.09738
v 0.32824 0.28891 0.11544
v 0.32854 0.29022 -0.02284
v 0.32903 0.28651 -0.00843
v 0.32928 -0.36193 -0.01476
v 0.32931 0.41992 0.05570
v 0.32973 -0.28245 -0.01582
v 0.33007 0.29619 -0.16772
v 0.33033 0.26537 0.11743
v 0.33113 -0.41903 0.17335
v 0.33191 -0.38993 0.01434
v 0.33292 0.25876 0.14783
v 0.33317 0.28667 0.15363
v 0.33354 0.38065 0.16421
v 0.33374 -0.41328 0.06499
v 0.33375 0.33310 0.16360
v 0.33381 -0.23174 0.15872
v 0.33423 -0.28095 0.12638
v 0.33463 0.40969 0.16357
v 0.33472 0.34693 -0.04199
v 0.33473 0.23897 0.16121
v 0.33485 0.29413 0.17476
v 0.33486 0.40196 0.17199
v 0.33516 0.23195 0.17577
v 0.33521 0.28510 0.11439
v 0.33616 0.26683 0.15604
v 0.33666 0.33306 0.17448
v 0.33705 0.30256 -0.12742
v 0.33706 0.42912 0.15380
v 0.33717 0.38129 0.17254
v 0.33722 0.38266 -0.00626
v 0.33743 -0.25428 0.12828
v 0.33764 0.26218 0.17295
v 0.33783 -0.28746 -0.00416
v 0.33817 0.30522 0.17245
v 0.33824 0.29157 -0.00449
v 0.33894 0.24104 0.14905
v 0.33936 0.37704 -0.00973
v 0.33940 -0.23798 0.17510
v 0.33959 -0.24403 0.15667
v 0.33960 -0.22017 0.18406
v 0.33987 -0.27678 0.16559
v 0.34051 -0.23607 0.18741
v 0.34065 -0.22226 0.16989
v 0.34072 -0.28270 0.17719
v 0.34115 -0.25800 0.16499
v 0.34120 0.33295 0.16401
v 0.34166 0.28467 0.17056
v 0.34176 0.27116 0.14336
v 0.34199 -0.22404 0.18307
v 0.34214 -0.29277 0.18584
v 0.34236 0.38370 0.04426
v 0.34238 0.26439 0.16643
v 0.34238 0.38170 0.04430
v 0.34270 0.26675 0.14137
v 0.34280 0.18973 0.15261
v 0.34291 0.21863 0.15211
v 0.34297 0.16800 0.15240
v 0.34331 -0.25603 0.18289
v 0.34333 -0.37401 0.17720
v 0.34338 0.14426 0.15469
v 0.34338 0.29284 0.04604
v 0.34342 -0.34254 0.18061
v 0.34344 -0.31734 0.18019
v 0.34345 -0.38724 0.18667
v 0.34352 0.38265 0.16322
v 0.34360 0.20154 0.15894
v 0.34365 0.42608 0.12386
v 0.34381 0.27199 0.16408
v 0.34382 -0.39781 0.18855
v 0.34393 -0.33682 -0.03028
v 0.34404 0.35942 0.17240
v 0.34454 -0.22325 0.17965
v 0.34463 0.35245 0.15982
v 0.34466 0.29155 0.12142
v 0.34468 -0.39331 0.17565
v 0.34473 -0.28828 0.00683
v 0.34473 -0.23114 0.16155
v 0.34496 -0.32561 0.18744
v 0.34500 0.40642 0.14494
v 0.34500 0.42284 0.15798
v 0.34502 0.37976 0.17212
v 0.34507 -0.31230 -0.08033
v 0.34522 -0.34804 0.18637
v 0.34552 0.28299 0.15333
v 0.34557 -0.36838 0.18607
v 0.34574 -0.37826 0.00859
v 0.34578 -0.37509 0.18839
v 0.34580 0.29364 0.13130
v 0.34582 -0.27659 0.12525
v 0.34636 0.37342 -0.01899
v 0.34641 0.32450 0.17302
v 0.34676 -0.17904 0.16117
v 0.34681 0.40815 0.15848
v 0.34682 -0.22819 0.16067
v 0.34684 0.24018 0.16332
v 0.34684 0.40654 0.17023
v 0.34687 -0.15419 0.16122
v 0.34712 0.28644 0.06237
v 0.34712 0.30594 0.15570
v 0.34724 -0.20800 0.16221
v 0.34737 0.29383 0.17297
v 0.34743 0.23494 0.17235
v 0.34750 -0.18505 0.16171
v 0.34783 -0.25358 0.16134
v 0.34789 -0.28512 -0.09580
v 0.34814 -0.27495 0.18426
v 0.34815 0.16653 0.16303
v 0.34831 -0.25883 0.16375
v 0.34834 -0.27030 0.15379
v 0.34840 0.30814 0.16119
v 0.34844 -0.28665 -0.15040
v 0.34856 -0.26096 0.15364
v 0.34883 -0.28082 0.12489
v 0.34889 0.21994 0.14370
v 0.34889 0.41278 0.06505
v 0.34904 0.30957 0.14197
v 0.34933 0.24649 0.16483
v 0.34950 0.14199 0.16494
v 0.34987 -0.28702 0.05735
v 0.34996 0.21352 0.16465
v 0.35032 -0.29900 0.18051
v 0.35040 -0.26125 0.17487
v 0.35081 0.31187 0.12730
v 0.35087 -0.37699 0.05911
v 0.35143 0.28653 0.12336
v 0.35147 -0.32339 0.17694
v 0.35185 -0.31388 0.18691
v 0.35191 -0.41017 0.17467
v 0.35192 -0.28200 0.14172
v 0.35199 0.30668 0.13423
v 0.35208 -0.15819 0.15018
v 0.35219 0.29295 0.12242
v 0.35221 -0.18158 0.17152
v 0.35223 0.14663 0.14310
v 0.35230 0.29283 0.13649
v 0.35247 -0.41270 0.09008
v 0.35249 -0.28433 0.14815
v 0.35274 -0.32429 0.18580
v 0.35279 -0.18144 0.15086
v 0.35288 -0.23581 0.17338
v 0.35291 -0.37158 0.18029
v 0.35329 -0.11002 0.14856
v 0.35335 -0.36802 0.18676
v 0.35357 -0.34718 0.17377
v 0.35358 0.32635 -0.06485
v 0.35366 -0.27277 0.18091
v 0.35376 -0.20931 0.15006
v 0.35385 0.31492 0.15258
v 0.35391 -0.30173 0.17543
v 0.35396 0.28679 -0.16002
v 0.35398 0.25555 0.14110
v 0.35410 0.41138 0.15187
v 0.35412 0.39851 0.16832
v 0.35413 -0.15588 0.17225
v 0.35417 0.40344 0.13925
v 0.35421 0.14071 0.16729
v 0.35422 -0.41500 0.16962
v 0.35423 -0.29542 0.16628
v 0.35434 -0.30035 0.17239
v 0.35447 -0.20610 0.15097
v 0.35467 0.16547 0.14366
v 0.35468 -0.30332 -0.11590
v 0.35475 0.31293 0.15995
v 0.35477 -0.39735 0.16798
v 0.35480 -0.22020 0.18126
v 0.35480 0.40026 0.15311
v 0.35480 0.40144 0.15798
v 0.35481 -0.28457 0.13445
v 0.35487 0.35707 0.15901
v 0.35488 0.28168 0.16642
v 0.35505 -0.34626 0.18563
v 0.35531 0.21566 0.14285
v 0.35544 -0.29486 -0.14719
v 0.35560 0.35637 0.17094
v 0.35571 0.16863 0.16612
v 0.35577 0.41084 0.15821
v 0.35579 -0.29929 0.13993
v 0.35596 -0.40301 0.18404
v 0.35617 -0.30246 0.16399
v 0.35650 -0.28180 0.17887
v 0.35674 -0.39217 0.17441
v 0.35686 0.14265 0.14389
v 0.35687 0.29391 0.17253
v 0.35690 0.31563 0.17088
v 0.35693 0.28189 0.07156
v 0.35716 -0.29207 0.18471
v 0.35727 0.30507 0.16007
v 0.35746 -0.03598 0.14736
v 0.35758 0.29089 0.15983
v 0.35827 -0.20701 0.15064
v 0.35832 0.42093 0.15219
v 0.35837 -0.13292 0.14910
v 0.35845 0.26595 0.17112
v 0.35860 0.28371 0.06613
v 0.35894 0.38050 0.16016
v 0.35896 -0.28016 0.13422
v 0.35897 0.29354 0.12979
v 0.35920 -0.39401 0.15446
v 0.35933 -0.16111 0.15051
v 0.35962 0.12061 0.16661
v 0.35978 -0.30254 0.15278
v 0.35978 -0.29442 0.15348
v 0.35983 0.23006 0.17203
v 0.36000 -0.37156 0.17425
v 0.36002 -0.28395 0.14091
v 0.36035 -0.38116 0.00918
v 0.36038 -0.25282 0.18053
v 0.36085 -0.29824 -0.14783
v 0.36093 -0.20662 0.17349
v 0.36112 -0.18440 0.17334
v 0.36115 0.25026 0.16502
v 0.36139 -0.33765 -0.03317
v 0.36142 -0.28198 0.14815
v 0.36143 -0.30297 0.16504
v 0.36148 -0.38899 0.16675
v 0.36163 -0.16091 0.17262
v 0.36166 0.38152 0.17214
v 0.36170 -0.18519 0.14954
v 0.36184 -0.15715 0.14883
v 0.36194 -0.29188 0.17223
v 0.36201 0.28440 0.11205
v 0.36204 -0.22995 0.15091
v 0.36212 0.33467 0.17182
v 0.36292 -0.30444 0.18133
v 0.36310 -0.23490 0.17481
v 0.36318 0.27117 0.14079
v 0.36324 -0.29263 0.16544
v 0.36363 0.41392 0.16769
v 0.36370 -0.34587 0.17239
v 0.36372 0.28808 -0.15245
v 0.36381 -0.25747 0.17316
v 0.36390 -0.39930 0.16560
v 0.36409 0.30547 0.17025
v 0.36417 -0.38753 0.18483
v 0.36427 0.28816 0.05670
v 0.36437 -0.32988 0.18441
v 0.36456 0.33435 0.16113
v 0.36459 -0.39070 0.17325
v 0.36494 0.27130 0.16232
v 0.36506 0.20916 0.15164
v 0.36508 0.25425 0.11968
v 0.36514 0.18924 0.15412
v 0.36530 -0.21965 0.18033
v 0.36569 0.19410 0.15335
v 0.36635 0.24278 0.15277
v 0.36643 0.16546 0.15339
v 0.36643 0.27082 0.12309
v 0.36674 0.27102 0.15077
v 0.36682 0.29306 0.15798
v 0.36700 0.25492 0.16513
v 0.36708 0.28415 0.16330
v 0.36767 0.26328 0.15034
v 0.36771 -0.27626 0.12101
v 0.36773 0.38157 0.15923
v 0.36786 0.25242 0.14359
v 0.36856 0.22989 0.14451
v 0.36859 0.37922 0.16859
v 0.36923 -0.32074 0.18536
v 0.36925 -0.26080 0.15110
v 0.36928 -0.30681 0.17175
v 0.36934 0.31932 0.15953
v 0.36948 0.29302 0.17018
v 0.36975 0.33333 0.17055
v 0.36977 0.23231 0.16722
v 0.36996 0.28666 0.12776
v 0.37000 -0.37897 0.15191
v 0.37054 0.28931 0.11110
v 0.37061 -0.28170 -0.00473
v 0.37076 -0.27099 0.17068
v 0.37077 0.26038 0.16820
v 0.37083 0.25931 0.11270
v 0.37085 -0.22918 0.16175
v 0.37118 -0.11789 0.16793
v 0.37146 -0.24952 0.13712
v 0.37148 -0.25934 0.17319
v 0.37168 -0.25356 0.16186
v 0.37231 -0.29962 -0.10980
v 0.37231 -0.23628 0.16022
v 0.37258 0.26179 0.12506
v 0.37270 -0.31283 -0.06481
v 0.37302 -0.37376 0.17488
v 0.37309 0.35057 0.16025
v 0.37313 0.28933 0.14840
v 0.37315 -0.27947 0.16906
v 0.37317 -0.39561 0.05329
v 0.37323 -0.26005 0.15997
v 0.37333 0.29318 -0.14702
v 0.37382 0.40951 0.15590
v 0.37385 -0.32711 0.17262
v 0.37398 -0.22500 0.13899
v 0.37410 -0.39998 0.18205
v 0.37419 -0.24214 0.17668
v 0.37434 -0.40565 0.17316
v 0.37461 -0.21983 0.16099
v 0.37471 -0.29057 0.18169
v 0.37517 -0.27276 0.17829
v 0.37517 0.40360 0.16915
v 0.37527 0.26825 0.14848
v 0.37545 0.39273 0.01400
v 0.37551 0.29241 0.06260
v 0.37564 0.36822 0.16721
v 0.37570 -0.37052 0.18347
v 0.37584 0.23723 0.14044
v 0.37608 0.32829 0.16720
v 0.37609 -0.35668 0.17386
v 0.37611 0.27882 0.15942
v 0.37621 -0.32284 0.18279
v 0.37656 0.29904 0.16882
v 0.37691 0.26957 0.17073
v 0.37695 -0.28061 0.13030
v 0.37696 0.23134 0.17012
v 0.37724 -0.24506 0.12746
v 0.37759 -0.22805 0.15518
v 0.37777 -0.41028 0.13046
v 0.37840 0.24509 0.15281
v 0.37937 0.31452 -0.07791
v 0.37980 -0.24233 0.14839
v 0.38101 -0.27877 0.16405
v 0.38172 -0.25631 0.15691
v 0.38186 -0.38022 0.17675
v 0.38198 -0.27120 0.17164
v 0.38225 -0.22000 0.18140
v 0.38231 -0.30546 0.17179
v 0.38257 -0.25172 0.17950
v 0.38268 -0.28534 0.07875
v 0.38308 -0.28392 0.18119
v 0.38312 -0.36267 -0.00053
v 0.38318 0.29974 -0.12382
v 0.38341 -0.32230 0.18111
v 0.38344 -0.31764 0.18185
v 0.38366 -0.23206 0.16445
v 0.38389 -0.39564 0.18612
v 0.38395 -0.40233 0.10610
v 0.38453 -0.35313 0.18169
v 0.38496 0.30858 -0.09648
v 0.38536 -0.28899 -0.13717
v 0.38631 -0.28223 -0.02161
v 0.38927 0.37586 -0.00138
v 0.39015 0.23473 0.14600
v 0.39069 -0.39157 0.04206
v 0.39140 0.29274 0.07035
v 0.39150 -0.30670 -0.08527
v 0.39273 0.32816 -0.05351
v 0.39287 0.30955 -0.08762
v 0.39331 0.24370 0.15084
v 0.39418 0.35931 -0.02010
v 0.39430 0.29691 -0.14139
v 0.39430 0.41332 0.14824
v 0.39504 -0.28536 -0.01247
v 0.39558 -0.23456 0.15957
v 0.39587 0.21346 0.15884
v 0.39632 -0.27927 -0.01343
v 0.39708 -0.22165 0.15202
v 0.39856 0.19365 0.14457
v 0.39960 0.40706 0.10810
v 0.40058 -0.20807 0.16604
v 0.40165 -0.34252 -0.01972
v 0.40257 0.41059 0.11170
v 0.40272 -0.38112 0.03253
v 0.40445 -0.18575 0.15849
v 0.40548 0.38537 0.01989
v 0.40880 -0.40374 0.16463
v 0.40963 -0.29753 -0.11336
v 0.40971 -0.31811 -0.05783
v 0.41342 0.33713 -0.04320
v 0.41377 0.28335 -0.02750
v 0.41570 -0.39686 0.16427
v 0.41587 -0.35719 -0.00388
v 0.41619 0.29010 -0.12963
v 0.41646 -0.36483 0.01051
v 0.41684 0.39236 0.04313
v 0.41994 -0.28679 -0.12082
v 0.42071 -0.28334 0.15925
v 0.42438 -0.39161 0.07420
v 0.42673 -0.38224 0.05091
v 0.42743 0.30916 -0.08954
v 0.42894 0.28976 -0.10339
v 0.42930 -0.39351 0.12554
v 0.42947 -0.28137 0.08392
v 0.43299 -0.37279 0.02689
v 0.43327 0.30305 -0.10505
v 0.43431 0.32617 -0.04760
v 0.43555 0.28707 -0.04020
v 0.43573 -0.29487 -0.11314
v 0.43599 0.28933 0.07506
v 0.43660 -0.36792 0.02689
v 0.43677 0.39982 0.11052
v 0.43806 -0.28057 0.08668
v 0.43821 0.36794 0.00319
v 0.43876 0.39891 0.13777
v 0.43881 0.38760 0.05824
v 0.43893 0.29586 -0.11159
v 0.43897 0.29067 0.05531
v 0.43913 0.39440 0.07134
v 0.43926 0.29011 0.06928
v 0.44079 -0.28704 -0.04176
v 0.44256 -0.31862 -0.03929
v 0.44275 0.28636 0.06554
v 0.44387 0.28749 -0.02354
v 0.44600 -0.30050 -0.07841
v 0.44644 0.35288 -0.00750
v 0.44675 -0.33829 -0.01078
v 0.44856 -0.38722 0.15863
v 0.44900 -0.27898 0.06539
v 0.45039 -0.28261 -0.02558
v 0.45180 -0.28226 -0.00798
v 0.45230 -0.28814 -0.09730
v 0.45323 -0.30457 -0.07664
v 0.45377 0.28633 0.05603
v 0.45596 -0.28719 -0.08317
v 0.45610 0.38362 0.04708
v 0.45631 0.29689 -0.11007
v 0.45662 -0.28577 -0.09473
v 0.45780 0.29112 -0.05108
v 0.45939 0.33028 -0.03698
v 0.46149 -0.37318 0.06378
v 0.46240 -0.31259 -0.05038
v 0.46287 0.29241 -0.09884
v 0.46323 -0.28408 -0.02912
v 0.46395 -0.28055 -0.02230
v 0.46795 0.28770 -0.03052
v 0.46948 0.38532 0.09910
v 0.46954 -0.34057 -0.00252
v 0.47068 -0.28645 -0.09324
v 0.47113 -0.34744 0.01591
v 0.47390 -0.37826 0.15680
v 0.47443 0.59890 0.11784
v 0.47619 -0.37763 0.09473
v 0.47702 -0.28450 0.06754
v 0.47919 -0.28652 -0.04160
v 0.48002 0.28941 -0.08841
v 0.48007 0.38932 0.12590
v 0.48078 -0.27582 0.06882
v 0.48111 -0.38154 0.16053
v 0.48123 0.35326 0.00452
v 0.48260 -0.36549 0.05069
v 0.48280 -0.37388 0.12451
v 0.48303 -0.37593 0.15565
v 0.48384 0.38766 0.14094
v 0.48501 -0.29391 -0.07945
v 0.48537 0.38654 0.14479
v 0.48776 0.30358 -0.06752
v 0.48839 -0.28057 0.05712
v 0.49329 0.31646 -0.04672
v 0.49683 0.35682 0.02778
v 0.49704 0.29363 0.05552
v 0.49782 0.34256 0.00450
v 0.50059 -0.28286 -0.06703
v 0.50471 -0.34433 0.02535
v 0.50635 0.29717 -0.07226
v 0.50876 -0.31566 -0.01606
v 0.50958 0.28955 0.04416
v 0.51027 -0.35789 0.07461
v 0.51086 -0.28758 -0.05858
v 0.51182 -0.30287 -0.04016
v 0.51229 -0.27948 0.07360
v 0.51424 0.34633 0.01671
v 0.51496 -0.36431 0.12271
v 0.51569 -0.34366 0.04258
v 0.51979 -0.36415 0.15185
v 0.52169 0.35826 0.04806
v 0.52391 -0.35275 0.08450
v 0.52605 0.37252 0.13500
v 0.52664 0.34681 0.03518
v 0.52728 0.29234 -0.02824
v 0.52760 -0.29430 -0.04076
v 0.52780 0.30534 -0.03399
v 0.52809 0.28784 -0.04948
v 0.52872 -0.27699 0.06332
v 0.52934 0.36933 0.10083
v 0.53050 0.29002 0.05904
v 0.53131 -0.35797 0.10114
v 0.53499 -0.28539 -0.01161
v 0.53527 0.36028 0.07896
v 0.53585 -0.28228 0.14752
v 0.53768 0.34489 0.03425
v 0.53784 0.28977 0.04272
v 0.53815 0.29565 0.13535
v 0.53851 -0.30559 -0.01628
v 0.54058 -0.30098 -0.01459
v 0.54158 -0.35677 0.14918
v 0.54234 -0.35472 0.15436
v 0.54295 -0.27997 0.05619
v 0.54319 -0.33436 0.05245
v 0.54385 -0.29129 -0.03273
v 0.54438 -0.29271 -0.00835
v 0.54700 0.29943 -0.03692
v 0.55076 0.35865 0.11051
v 0.55276 -0.33777 0.06819
v 0.55295 -0.27967 0.06651
v 0.55346 0.30710 -0.00761
v 0.55823 0.35780 0.13403
v 0.55861 -0.28125 -0.01840
v 0.56004 0.32649 0.03206
v 0.56289 -0.32810 0.05433
v 0.56416 0.29420 0.04816
v 0.56760 -0.34187 0.12088
v 0.57082 -0.27957 0.06129
v 0.57142 0.35716 0.13361
v 0.57188 0.34391 0.07750
v 0.57199 0.31938 0.02374
v 0.57548 -0.29833 0.00846
v 0.57625 -0.28441 0.02754
v 0.57684 0.29020 0.04480
v 0.57734 -0.33416 0.09106
v 0.57787 -0.34312 0.14600
v 0.57929 -0.31105 0.04666
v 0.58099 -0.27787 0.14284
v 0.58247 0.34620 0.10878
v 0.58356 0.29191 0.00952
v 0.58451 0.29388 0.03223
v 0.58523 -0.28931 0.01093
v 0.58604 -0.33408 0.14487
v 0.58658 0.30730 0.02813
v 0.58753 0.32039 0.05301
v 0.58794 -0.33647 0.12250
v 0.58984 -0.32602 0.09492
v 0.60048 0.30849 0.04716
v 0.60352 -0.29386 0.05310
v 0.60404 0.30114 0.03681
v 0.60519 -0.31556 0.08339
v 0.60691 -0.28200 0.05339
v 0.60955 -0.29395 0.04877
v 0.61196 -0.30358 0.07524
v 0.61942 0.33298 0.12494
v 0.62437 -0.28224 0.06669
v 0.62664 0.29596 0.09221
v 0.62837 0.29546 0.12725
v 0.62850 0.29610 0.13115
v 0.62938 0.29212 0.08037
v 0.62994 -0.28217 0.09633
v 0.63000 0.32114 0.12749
v 0.63227 0.29366 0.08208
v 0.63445 -0.28086 0.14250
v 0.63559 -0.28089 0.13833
v 0.63653 0.32287 0.13081
v 0.63675 0.32213 0.11111
v 0.63676 0.29743 0.09881
v 0.63737 0.29680 0.12713
v 0.64005 -0.31204 0.14351
v 0.64060 0.30871 0.10572
v 0.64224 0.30662 0.12612
v 0.64419 0.30862 0.10034
v 0.64423 -0.30860 0.13599
v 0.64543 -0.27891 0.13506
v 0.64634 -0.29771 0.11160
v 0.64687 -0.29711 0.13854
v 0.64730 0.30877 0.12865
v 0.64930 -0.28507 0.12255
v 0.65107 -0.29174 0.14184
vn 0.11647 -0.27761 0.95361
vn 0.62306 -0.40983 0.66621
vn 0.57057 -0.78987 0.22484
vn 0.11423 -0.92533 0.36155
vn -0.04423 0.99625 -0.07434
vn 0.20450 -0.97859 -0.02313
vn -0.25892 0.96589 -0.00357
vn 0.53254 0.74523 -0.40129
vn 0.09311 -0.99295 0.07335
vn 0.58629 -0.41879 -0.69346
vn -0.04713 0.48726 -0.87198
vn 0.13999 0.73894 0.65907
vn 0.05219 0.96764 -0.24686
vn -0.05969 0.01520 -0.99810
vn 0.08928 0.99457 0.05350
vn 0.11731 0.94727 0.29817
vn 0.07677 0.11993 -0.98981
vn 0.10659 -0.32153 0.94088
vn -0.10132 0.28967 -0.95175
vn -0.04676 -0.27696 -0.95974
vn 0.50993 0.76176 0.39961
vn -0.00531 -0.95698 -0.29010
vn -0.52338 -0.70425 -0.47969
vn 0.03256 -0.97981 0.19726
vn -0.01036 0.96113 -0.27590
vn 0.93892 -0.22774 -0.25798
vn 0.58144 0.80203 -0.13665
vn -0.69529 0.65371 0.29872
vn 0.90977 -0.40804 0.07629
vn 0.06913 0.86676 -0.49390
vn 0.40834 -0.60803 -0.68085
vn 0.89454 0.44699 -0.00122
vn 0.52741 0.43254 0.73126
vn 0.69248 -0.02637 0.72096
vn -0.22828 0.96653 -0.11708
vn 0.09333 -0.48093 0.87178
vn -0.33524 0.79486 0.50577
vn -0.37833 0.86319 -0.33431
vn 0.24756 -0.96643 0.06881
vn -0.97304 -0.03778 0.22753
vn 0.41053 -0.75466 -0.51181
vn 0.00430 -0.22878 -0.97347
vn 0.97518 -0.11359 -0.19004
vn 0.04827 -0.47486 0.87874
vn -0.93750 0.11179 0.32953
vn 0.33143 -0.66531 -0.66897
vn -0.67092 0.68619 0.28110
vn -0.34349 -0.91726 -0.20163
vn 0.54250 0.81899 0.18697
vn 0.47539 -0.85901 0.19003
vn 0.05752 0.99816 0.01936
vn -0.05288 -0.98851 -0.14157
vn 0.95030 0.02573 -0.31028
vn 0.21514 -0.96752 0.13276
vn 0.74043 0.11945 -0.66144
vn 0.56281 -0.09239 -0.82141
vn -0.11892 0.11671 0.98602
vn -0.03289 0.36552 -0.93022
vn 0.00778 0.45998 -0.88789
vn -0.15530 0.04651 -0.98677
vn 0.47025 0.17083 0.86584
vn 0.07430 -0.98712 0.14168
vn 0.27475 0.95541 -0.10816
vn 0.93933 0.04809 -0.33964
vn 0.90638 -0.26672 0.32762
vn -0.96428 -0.15583 0.21422
vn 0.17111 0.86059 -0.47970
vn 0.99168 0.08140 0.09969
vn -0.65252 0.64529 -0.39726
vn -0.11917 0.98492 0.12543
vn -0.66143 0.37071 -0.65199
vn 0.96990 0.10210 -0.22108
vn 0.24927 0.75240 -0.60972
vn -0.88977 0.22465 0.39728
vn 0.09324 0.66458 0.74138
vn 0.96599 -0.24332 0.08752
vn 0.71729 0.69470 0.05367
vn 0.41405 -0.90878 0.05188
vn -0.11313 -0.71955 0.68516
vn -0.54501 0.73817 0.39758
vn 0.90445 -0.24843 -0.34677
vn -0.84072 0.53643 -0.07364
vn 0.30256 -0.06142 -0.95115
vn -0.25010 0.95764 0.14274
vn 0.68917 -0.31648 0.65184
vn 0.29241 -0.95403 -0.06580
vn 0.22327 -0.48786 0.84389
vn 0.28310 -0.92160 0.26551
vn -0.96069 0.03690 0.27517
vn 0.79928 0.56631 0.20111
vn -0.20901 0.93555 0.28471
vn 0.75783 0.01729 -0.65222
vn 0.41460 0.72594 0.54875
vn 0.29789 0.35537 -0.88599
vn -0.89787 0.10748 0.42694
vn 0.03484 -0.94997 -0.31038
vn 0.81023 0.40409 -0.42454
vn 0.17863 0.95212 0.24810
vn 0.97696 0.21213 0.02362
vn 0.09910 0.15475 0.98297
vn -0.92979 -0.34002 0.14096
vn -0.78070 -0.18581 0.59664
vn -0.89180 0.03437 -0.45113
vn 0.00000 0.00000 0.00000
vn 0.41675 0.81834 0.39577
vn -0.84315 -0.51684 -0.14821
vn -0.88555 -0.08820 0.45609
vn 0.27669 0.00273 0.96095
vn -0.95459 0.03457 0.29590
vn 0.13489 -0.18814 -0.97284
vn 0.95692 0.03588 0.28811
vn 0.93854 0.02309 -0.34439
vn 0.05213 -0.96037 -0.27380
vn -0.71704 0.53146 0.45100
vn -0.71089 -0.62615 -0.32025
vn 0.96389 0.24399 0.10673
vn 0.98511 -0.16619 -0.04404
vn 0.85508 -0.11141 -0.50638
vn 0.34529 -0.04429 -0.93745
vn 0.05262 0.17623 0.98294
vn -0.70312 -0.70425 0.09829
vn 0.03117 0.77525 0.63088
vn -0.19137 0.79315 0.57818
vn 0.04849 -0.99881 -0.00526
vn -0.95475 0.23407 0.18346
vn 0.68440 -0.66274 0.30393
vn 0.73593 0.18180 -0.65219
vn 0.77005 -0.63244 0.08396
vn -0.93041 0.05828 0.36186
vn -0.13152 -0.73200 -0.66848
vn -0.93841 0.22883 0.25889
vn 0.06882 -0.34092 0.93757
vn -0.04298 -0.85897 -0.51021
vn -0.90987 0.07709 0.40767
vn -0.26228 0.93038 -0.25611
vn 0.04374 0.93905 -0.34100
vn -0.31722 0.79156 0.52230
vn 0.84022 -0.46338 -0.28160
vn -0.94985 -0.17233 0.26093
vn 0.95304 -0.03751 -0.30051
vn 0.87575 -0.39866 -0.27226
vn -0.98895 -0.00705 0.14811
vn 0.78176 -0.41850 -0.46229
vn 0.23325 0.96980 -0.07127
vn -0.01372 -0.93967 0.34180
vn 0.13617 0.99052 -0.01812
vn -0.11180 0.49160 -0.86361
vn -0.99856 0.03868 0.03726
vn -0.72799 -0.58356 0.35984
vn 0.35311 0.91924 0.17409
vn 0.80359 0.54950 -0.22870
vn -0.02389 -0.23201 -0.97242
vn -0.96033 -0.05748 0.27289
vn 0.89183 0.40377 0.20397
vn 0.84115 -0.35462 -0.40831
vn 0.79256 0.29267 -0.53497
vn 0.94202 0.30643 0.13672
vn 0.59548 0.79611 -0.10772
vn 0.33885 -0.93072 -0.13766
vn -0.65194 -0.75824 0.00659
vn -0.58702 -0.80143 0.11456
vn 0.97636 -0.05342 0.20944
vn -0.62290 0.72850 0.28512
vn 0.16486 0.86633 0.47148
vn 0.55437 -0.07437 -0.82894
vn 0.87045 0.40991 -0.27255
vn 0.97117 0.20429 -0.12287
vn 0.33533 0.92410 -0.18326
vn 0.95770 -0.25856 -0.12629
vn -0.33903 0.26689 -0.90212
vn 0.24780 0.96480 -0.08804
vn -0.93064 -0.09806 0.35255
vn 0.38293 -0.91622 0.11791
vn 0.17380 0.97618 -0.12985
vn -0.87499 0.35263 0.33172
vn 0.10426 -0.78725 0.60776
vn -0.93948 -0.07673 0.33390
vn -0.33541 -0.89497 -0.29415
vn 0.00783 -0.61271 0.79027
vn 0.64686 0.54974 0.52854
vn 0.30414 0.39452 0.86710
vn -0.37717 -0.91034 0.17038
vn 0.85368 0.28755 0.43421
vn -0.47148 0.85591 0.21242
vn -0.04400 0.31142 -0.94925
vn 0.37497 -0.92652 0.03100
vn 0.00291 -0.99212 0.12524
vn 0.11951 -0.43854 0.89073
vn -0.01108 0.71563 -0.69839
vn -0.34209 -0.58255 -0.73730
vn -0.15370 0.98759 0.03221
vn 0.05259 -0.99861 0.00349
vn -0.91828 -0.03378 0.39449
vn 0.30191 0.41801 -0.85681
vn -0.76160 -0.48877 0.42553
vn -0.55585 0.04373 -0.83013
vn 0.88281 -0.46073 -0.09151
vn -0.09540 0.65746 -0.74742
vn 0.62963 -0.23281 0.74119
vn -0.15100 0.82760 -0.54062
vn -0.72870 -0.61346 0.30440
vn -0.86060 0.30306 -0.40929
vn -0.33563 -0.06990 0.93940
vn -0.03658 0.75996 0.64893
vn -0.95475 -0.01224 0.29714
vn 0.09915 -0.95032 0.29506
vn 0.59450 -0.47863 -0.64613
vn -0.98533 0.06347 -0.15841
vn 0.42045 -0.84027 -0.34229
vn -0.59013 0.65082 0.47768
vn -0.53650 -0.82030 -0.19819
vn 0.09186 0.99574 0.00854
vn 0.35929 0.93211 0.04559
vn -0.24085 0.78611 -0.56924
vn 0.01004 0.99320 0.11595
vn 0.60158 -0.79508 -0.07715
vn 0.04900 -0.63914 0.76753
vn -0.81031 -0.17000 -0.56080
vn 0.00621 0.99946 -0.03226
vn 0.56430 -0.29083 -0.77265
vn -0.72017 -0.63375 -0.28235
vn 0.27891 -0.90850 0.31118
vn -0.52997 0.53018 0.66184
vn -0.45977 0.15506 -0.87440
vn -0.70948 0.66323 0.23824
vn 0.08182 0.94853 -0.30595
vn 0.52160 0.85319 -0.00202
vn 0.26240 -0.88321 -0.38871
vn -0.18405 -0.33913 -0.92256
vn -0.57666 0.80254 -0.15293
vn -0.53049 0.84768 0.00520
vn -0.67550 0.43745 0.59358
vn -0.27273 -0.84611 -0.45794
vn 0.24997 0.81454 0.52349
vn -0.41941 0.73350 0.53486
vn 0.35497 0.93470 -0.01806
vn -0.31685 0.41157 -0.85453
vn -0.57557 0.03386 0.81705
vn 0.15144 -0.93953 -0.30718
vn -0.47864 0.70881 0.51816
vn -0.31720 -0.93538 -0.15634
vn -0.08352 -0.09558 0.99191
vn -0.58268 0.61482 0.53148
vn -0.63378 -0.76963 0.07743
vn 0.60395 -0.00841 0.79698
vn 0.49278 -0.65192 -0.57634
vn -0.57225 -0.79437 -0.20374
vn -0.46616 -0.73531 0.49195
vn -0.70938 -0.21291 -0.67190
vn 0.43613 0.01917 -0.89968
vn 0.46561 0.08127 -0.88125
vn -0.43528 0.71991 -0.54061
vn -0.28403 0.90195 -0.32529
vn -0.38265 -0.44432 -0.81004
vn -0.04026 -0.99662 -0.07155
vn 0.08832 -0.96632 -0.24169
vn 0.00000 0.00000 0.00000
vn -0.32469 0.91446 -0.24153
vn -0.24288 0.89557 -0.37278
vn 0.46522 0.40627 -0.78646
vn 0.12284 0.22616 -0.96631
vn -0.43173 -0.88240 -0.18704
vn 0.38451 -0.00629 0.92310
vn 0.53211 0.79915 -0.27969
vn 0.65027 -0.71147 -0.26638
vn -0.00218 -0.86373 0.50394
vn -0.34118 0.93672 0.07845
vn 0.49252 0.35199 0.79594
vn -0.46641 0.88275 0.05674
vn -0.29490 0.76251 0.57585
vn -0.22002 -0.90121 -0.37337
vn 0.63229 0.12713 0.76423
vn 0.71003 -0.70302 0.04029
vn 0.10051 0.17728 -0.97901
vn 0.00314 0.99983 -0.01823
vn 0.40373 0.87372 -0.27130
vn 0.36354 -0.60707 0.70661
vn -0.47195 0.67231 0.57032
vn 0.12254 0.58466 -0.80197
vn -0.00083 0.99419 -0.10767
vn 0.00000 0.00000 0.00000
vn 0.65705 0.55211 -0.51328
vn 0.52669 0.10096 -0.84404
vn 0.29409 0.00000 0.95578
vn -0.47423 0.79723 -0.37353
vn 0.04649 0.96714 -0.24997
vn 0.58642 -0.16860 0.79227
vn -0.44721 0.00000 -0.89443
vn -0.01241 0.36164 0.93224
vn 0.07778 0.55106 -0.83083
vn -0.63997 -0.72670 0.24968
vn -0.29994 0.90119 -0.31287
vn 0.12814 -0.89881 -0.41920
vn -0.67812 0.30042 0.67075
vn -0.21765 0.70151 -0.67860
vn -0.62424 -0.72841 0.28238
vn 0.37940 -0.87983 0.28627
vn 0.18245 0.77448 0.60571
vn 0.60497 -0.30007 -0.73754
vn -0.24963 -0.96190 0.11146
vn 0.45189 -0.89042 -0.05437
vn 0.12401 0.67812 -0.72441
vn 0.11892 0.39930 -0.90908
vn 0.34149 -0.91029 -0.23399
vn -0.65916 0.63368 0.40493
vn -0.61486 -0.25707 0.74556
vn 0.99222 0.06559 -0.10583
vn 0.03722 -0.78818 0.61432
vn 0.25256 -0.95549 -0.15246
vn 0.77780 -0.10697 0.61934
vn -0.42696 -0.86105 0.27623
vn -0.48136 -0.87609 0.02775
vn 0.30871 0.62632 -0.71584
vn -0.22354 0.97190 0.07375
vn 0.14219 -0.98144 -0.12868
vn -0.68823 0.20463 0.69604
vn 0.74104 0.50488 0.44267
vn 0.15497 0.61329 0.77451
vn -0.64383 -0.28999 -0.70809
vn 0.27779 -0.91824 0.28226
vn 0.75140 0.40542 -0.52062
vn 0.29496 0.93895 -0.17712
vn 0.02816 0.99724 0.06869
vn 0.15642 0.95833 0.23904
vn -0.59211 0.44798 -0.66987
vn -0.07156 -0.99329 0.09090
vn 0.38875 -0.89361 -0.22435
vn 0.73886 0.55477 -0.38252
vn -0.23027 -0.90734 0.35172
vn 0.87336 0.27884 -0.39937
vn 0.40933 -0.71795 0.56302
vn 0.18214 -0.54074 0.82124
vn 0.12636 -0.97832 -0.16408
vn 0.42564 0.82612 0.36925
vn 0.94562 0.00962 -0.32514
vn 0.72093 0.64581 -0.25139
vn -0.21967 0.66655 0.71236
vn -0.47750 0.80527 0.35147
vn 0.96239 -0.11332 -0.24692
vn 0.20260 -0.64048 -0.74077
vn -0.57020 0.39455 -0.72056
vn -0.09465 0.26305 0.96013
vn 0.59532 -0.76380 -0.24940
vn 0.73018 0.68298 -0.01934
vn 0.92320 -0.38102 0.05038
vn 0.20531 -0.97689 -0.05940
vn -0.86794 -0.48905 0.08666
vn -0.83146 0.53079 0.16412
vn 0.55768 -0.81718 -0.14567
vn -0.91094 0.27837 0.30445
vn 0.80067 -0.11296 -0.58835
vn 0.31137 0.13553 -0.94057
vn -0.30946 0.05928 0.94906
vn 0.31901 0.94069 0.11551
vn 0.17191 -0.51271 0.84118
vn 0.40280 0.83950 0.36467
vn 0.40069 -0.90353 -0.15192
vn 0.00000 0.00000 0.00000
vn 0.24823 -0.83257 0.49518
vn -0.96025 -0.19950 0.19525
vn 0.41022 -0.77646 -0.47837
vn 0.55589 -0.83124 0.00589
vn 0.03150 -0.98789 -0.15190
vn 0.78531 0.54013 -0.30258
vn 0.88293 0.24592 -0.39996
vn -0.39453 -0.91505 0.08380
vn -0.93138 -0.13532 0.33796
vn 0.55825 -0.75001 0.35473
vn 0.34140 0.92613 0.16037
vn 0.55066 0.77742 -0.30396
vn -0.53486 -0.79483 0.28663
vn 0.89425 0.12201 -0.43061
vn 0.42144 0.89335 0.15597
vn -0.91732 -0.34036 0.20661
vn -0.94393 0.00091 0.33014
vn -0.90852 -0.32361 0.26433
vn 0.34647 -0.93536 0.07116
vn -0.14283 -0.88819 -0.43671
vn -0.15714 -0.98074 0.11598
vn -0.38061 0.92048 0.08858
vn 0.52773 -0.49272 -0.69190
vn -0.45373 0.27364 -0.84808
vn -0.73643 -0.04734 -0.67486
vn 0.13144 -0.96880 -0.21010
vn -0.29619 0.48080 0.82529
vn -0.89656 0.38560 -0.21795
vn -0.67304 -0.26147 0.69184
vn -0.91850 0.05700 0.39128
vn -0.13339 0.81627 -0.56206
vn 0.22851 -0.21687 -0.94908
vn 0.28620 -0.43706 0.85269
vn -0.97625 0.19030 -0.10357
vn -0.99186 0.03463 0.12255
vn 0.79786 0.60216 -0.02861
vn 0.20531 -0.97689 -0.05940
vn 0.16063 -0.85184 0.49857
vn 0.99330 0.03666 -0.10960
vn 0.68239 -0.24751 0.68781
vn 0.08191 -0.98944 -0.11958
vn 0.32810 -0.94316 -0.05295
vn -0.84024 -0.28077 0.46386
vn 0.27043 -0.35033 -0.89674
vn -0.64723 -0.10553 0.75495
vn -0.10770 0.99032 0.08756
vn 0.23280 0.04116 0.97165
vn -0.45676 0.88219 0.11449
vn 0.33578 0.94041 0.05365
vn -0.04859 0.62938 -0.77558
vn 0.10036 -0.97839 -0.18080
vn -0.18919 0.06881 0.97953
vn -0.12214 -0.19179 -0.97381
vn -0.32558 -0.10370 0.93981
vn 0.06142 0.99765 0.03022
vn 0.05783 -0.99785 0.03095
vn -0.14093 0.89452 0.42424
vn 0.00084 0.99503 -0.09958
vn 0.04791 -0.78211 -0.62130
vn 0.22208 0.09274 0.97061
vn -0.25994 0.96560 0.00614
vn -0.08554 0.85757 -0.50721
vn -0.21180 -0.90637 -0.36556
vn -0.32767 -0.91174 -0.24773
vn -0.04708 0.56231 -0.82558
vn -1.00000 0.00000 0.00000
vn 0.00000 0.00000 0.00000
vn -0.23897 0.09756 0.96611
vn 0.43987 -0.65889 0.61022
vn -0.19414 0.36820 -0.90925
vn -0.49275 0.05572 -0.86838
vn 0.18123 -0.42943 -0.88473
vn 0.25022 0.85073 0.46221
vn -0.41663 -0.06007 -0.90709
vn -0.04735 0.99817 0.03774
vn -0.01525 0.02746 0.99951
vn -0.01604 0.98337 -0.18090
vn -0.52460 -0.84551 -0.09951
vn -0.39317 0.88584 0.24638
vn 0.17662 -0.81549 0.55117
vn -0.16922 0.84908 0.50042
vn 0.30830 0.94841 -0.07398
vn -0.25976 -0.96400 -0.05684
vn -0.52820 -0.84910 0.00519
vn -0.82148 0.19640 -0.53534
vn 0.14275 0.82918 0.54045
vn -0.70330 0.69141 0.16528
vn -0.01803 0.99197 -0.12521
vn -0.35529 -0.87005 -0.34173
vn -0.10447 -0.78010 -0.61687
vn 0.35454 -0.79950 0.48487
vn -0.36289 -0.65212 0.66562
vn -0.21902 0.94509 -0.24255
vn -0.88529 0.33458 0.32299
vn -0.20309 -0.88030 -0.42875
vn -0.28550 -0.94457 0.16211
vn -0.53276 0.77581 -0.33807
vn -0.63800 0.67255 -0.37501
vn 0.07534 0.91180 0.40366
vn -0.17416 0.80223 -0.57105
vn 0.03423 -0.99938 0.00768
vn 0.02305 0.99973 -0.00210
vn 0.11538 0.87809 0.46438
vn 0.23001 0.97115 0.06289
vn 0.16774 0.82399 0.54121
vn -0.14845 0.86343 -0.48214
vn 0.26603 -0.95869 0.10072
vn -0.32540 0.94538 -0.01922
vn -0.01950 0.95374 -0.30001
vn 0.36923 -0.92914 -0.01919
vn 0.07672 0.96104 0.26555
vn 0.03095 -0.99766 0.06094
vn 0.01786 -0.98733 -0.15767
vn -0.30426 -0.95255 0.00866
vn -0.27488 0.95508 -0.11075
vn 0.35091 -0.91495 -0.19929
vn 0.32034 -0.94730 -0.00010
vn 0.25031 -0.94651 0.20363
vn -0.30389 0.95226 -0.02909
vn 0.37868 0.89156 0.24843
vn 0.07399 -0.97999 0.18481
vn 0.39376 -0.83450 0.38544
vn 0.52228 -0.85091 0.05635
vn 0.08989 0.97555 0.20054
vn 0.02735 -0.20879 0.97758
vn -0.11774 -0.19546 -0.97362
vn 0.35243 0.70245 -0.61835
vn 0.25785 -0.90675 -0.33364
vn 0.29332 0.95358 0.06821
vn -0.16589 0.98608 0.01151
vn 0.05416 -0.97050 0.23495
vn 0.82632 0.33997 -0.44902
vn -0.21949 -0.97014 0.10318
vn 0.05546 0.78874 0.61222
vn 0.01838 -0.99292 0.11733
vn 0.02885 0.87915 0.47568
vn 0.23900 0.96673 0.09112
vn 0.05242 0.99852 0.01480
vn 0.03794 -0.97824 0.20400
vn -0.23494 0.96851 -0.08240
vn 0.00390 -0.99920 -0.03977
vn -0.14814 0.92357 -0.35365
vn 0.00856 -0.99871 -0.05013
vn 0.09780 -0.89106 0.44321
vn -0.17344 0.97927 -0.10465
vn 0.01424 -0.97376 -0.22713
vn 0.03663 0.97147 0.23432
vn -0.03918 0.99059 0.13116
vn -0.12990 0.99065 -0.04157
vn -0.38920 -0.89052 0.23557
vn 0.12618 -0.93471 -0.33226
vn 0.10021 0.06060 0.99312
vn -0.05363 -0.90405 -0.42404
vn -0.42054 0.85252 -0.31042
vn 0.01251 0.98745 0.15745
vn 0.08878 0.51557 0.85224
vn -0.07243 -0.98180 -0.17559
vn 0.07740 -0.61812 -0.78226
vn -0.00627 -0.84734 -0.53102
vn 0.07016 0.93548 0.34636
vn 0.02582 0.99357 0.11028
vn 0.14186 -0.25545 0.95636
vn -0.54675 -0.55566 0.62634
vn 0.10747 -0.24918 0.96248
vn 0.22459 0.85261 0.47183
vn 0.08701 0.52309 0.84782
vn -0.18512 0.92801 -0.32330
vn 0.10423 -0.22528 0.96870
vn 0.13702 -0.97627 0.16772
vn 0.54021 0.76380 0.35326
vn -0.06924 0.96663 -0.24666
vn 0.01132 -0.99993 0.00248
vn 0.35469 -0.89006 -0.28633
vn 0.06452 0.65192 0.75553
vn -0.04068 -0.88800 -0.45805
vn 0.53717 0.79361 -0.28573
vn 0.17697 -0.71037 0.68122
vn 0.25345 0.96734 0.00240
vn -0.53116 -0.56606 -0.63043
vn -0.19978 -0.93313 -0.29893
vn -0.24783 0.82462 -0.50851
vn 0.10931 -0.96463 0.23988
vn 0.19636 -0.82888 -0.52383
vn 0.17380 -0.98031 0.09371
vn -0.27609 -0.93969 -0.20188
vn -0.40719 0.89999 0.15560
vn 0.40533 0.80420 -0.43471
vn -0.82792 -0.19517 0.52579
vn 0.36661 -0.92264 -0.11974
vn -0.51811 -0.41963 0.74530
vn -0.10379 0.76801 -0.63197
vn 0.03015 0.42524 -0.90458
vn 0.23464 -0.97147 0.03450
vn 0.02120 0.99277 0.11814
vn -0.26633 -0.74083 -0.61664
vn -0.15615 -0.75690 0.63461
vn -0.01639 -0.97994 -0.19864
vn 0.01550 -0.99936 0.03227
vn -0.79911 0.49510 -0.34103
vn 0.01210 0.99637 0.08431
vn -0.01297 0.95284 -0.30319
vn -0.25355 -0.96677 -0.03278
vn 0.00467 -0.99989 0.01431
vn 0.04667 0.86206 0.50466
vn -0.38038 -0.88212 -0.27781
vn 0.07365 -0.95752 0.27882
vn 0.16301 -0.73669 0.65629
vn -0.26600 -0.96391 -0.01072
vn -0.72255 0.66386 0.19290
vn -0.02673 0.99964 0.00255
vn 0.00484 0.32658 0.94516
vn -0.11373 -0.76747 -0.63091
vn -0.02108 0.99119 -0.13072
vn 0.03418 -0.96575 0.25722
vn 0.00251 0.94148 0.33707
vn 0.26334 0.96428 0.02872
vn -0.04742 0.93594 -0.34896
vn 0.06520 -0.15534 0.98571
vn 0.01105 -0.99984 0.01429
vn 0.00785 -0.99994 0.00804
vn 0.14485 -0.76825 0.62354
vn -0.19036 0.92717 -0.32268
vn 0.86754 0.12194 -0.48219
vn -0.16535 0.78591 -0.59582
vn 0.00720 -0.99104 -0.13340
vn 0.03936 -0.98486 0.16883
vn 0.00000 -0.44721 -0.89443
vn 0.16939 0.82105 -0.54515
vn 0.13200 -0.69327 0.70848
vn 0.56451 0.23040 -0.79262
vn 0.61806 -0.69937 -0.35899
vn -0.27560 -0.93410 -0.22696
vn -0.10207 0.75348 -0.64950
vn 0.29901 -0.95311 -0.04664
vn 0.00000 0.00000 1.00000
vn 0.39900 0.62267 0.67311
vn 0.62251 -0.50841 -0.59498
vn -0.01017 -0.51322 -0.85820
vn 0.20383 -0.83161 0.51661
vn 0.22724 0.95625 0.18426
vn 0.00000 0.37139 -0.92848
vn 0.95033 0.06899 -0.30351
vn -0.00204 0.99745 -0.07138
vn 0.04246 0.96249 0.26799
vn 0.08814 -0.81653 0.57054
vn -0.03694 -0.86057 -0.50798
vn -0.03190 -0.94391 -0.32866
vn 0.10241 -0.80535 0.58389
vn 0.11669 0.70229 0.70226
vn 0.03760 -0.99201 0.12040
vn 0.01702 0.99772 0.06526
vn 0.73813 -0.65242 -0.17177
vn -0.21945 -0.97415 -0.05364
vn -0.06954 0.81802 -0.57097
vn 0.22053 -0.90667 0.35960
vn 0.76370 -0.45645 -0.45652
vn -0.00847 0.98247 -0.18625
vn -0.14317 -0.79822 -0.58510
vn 0.76015 -0.47257 -0.44593
vn 0.01206 0.99902 0.04250
vn 0.99398 -0.10948 -0.00399
vn -0.03801 0.98954 -0.13918
vn 0.04413 0.96265 0.26714
vn 0.03192 -0.87892 0.47589
vn 0.92849 0.22439 0.29591
vn 0.83885 0.03614 0.54317
vn 0.04029 0.99917 -0.00600
vn 0.13889 0.75986 0.63508
vn 0.41536 -0.07022 0.90694
vn 0.82001 0.10257 0.56309
vn 0.96271 -0.05571 -0.26475
vn 0.83771 0.20103 -0.50777
vn 0.90673 0.22726 0.35524
vn 0.96280 0.24505 0.11384
vn 0.93804 0.05489 0.34215
vn -0.15598 0.80941 0.56615
vn 0.03931 -0.99912 -0.01441
vn 0.80731 0.36255 0.46562
vn 0.82570 -0.35541 0.43806
vn 0.98353 -0.16155 0.08110
vn 0.79523 0.29823 -0.52789
vn 0.78845 -0.18543 -0.58648
vn 0.70439 -0.65355 0.27696
vn 0.54641 0.24590 0.80061
vn 0.17081 0.82267 0.54225
vn -0.02224 0.95914 -0.28205
vn -0.02611 0.98886 -0.14655
vn 0.03621 0.94570 0.32303
vn 0.99829 0.01369 0.05686
vn -0.67888 0.69724 0.23018
vn 0.87476 0.36427 -0.31955
vn 0.00616 0.99713 0.07547
vn 0.03102 -0.43694 -0.89895
vn 0.01200 -0.99964 0.02382
vn 0.19191 0.93100 0.31049
vn 0.84862 0.11205 -0.51700
vn 0.40457 0.04132 0.91357
vn 0.95964 -0.17437 -0.22066
vn 0.17783 -0.02156 0.98383
vn -0.95534 -0.13580 0.26247
vn 0.65324 0.34600 -0.67346
vn 0.04835 -0.92454 0.37801
vn -0.90466 -0.10780 -0.41228
vn -0.12161 -0.72739 -0.67537
vn -0.08030 0.22292 0.97152
vn 0.78845 0.55869 -0.25730
vn 0.00298 -0.89146 0.45308
vn 0.45365 -0.67509 -0.58177
vn 0.99493 -0.04762 -0.08858
vn -0.90067 0.03057 -0.43342
vn 0.89919 -0.12347 0.41977
vn 0.02408 -0.99965 0.01051
vn -0.22978 -0.07291 0.97051
vn -0.05890 -0.21058 0.97580
vn 0.32808 -0.42118 -0.84556
vn 0.61661 0.65908 -0.43058
vn -0.38050 -0.15910 0.91099
vn -0.89383 -0.41312 -0.17437
vn -0.42685 0.61807 0.66015
vn -0.42311 -0.57581 0.69959
vn 0.97982 0.18535 -0.07480
vn -0.01127 0.99965 -0.02390
vn 0.81254 0.31500 0.49046
vn 0.27517 0.20997 -0.93819
vn 0.07314 0.80102 0.59415
vn 0.87283 -0.22741 -0.43180
vn -0.00186 -0.99657 -0.08277
vn -0.08620 -0.80436 -0.58786
vn -0.91704 -0.18085 0.35544
vn 0.98802 0.11504 0.10284
vn -0.73886 -0.02228 0.67349
vn -0.99931 -0.03655 0.00657
vn -0.19791 0.91613 -0.34862
vn 0.97345 -0.06399 -0.21977
vn 0.00051 -0.99884 -0.04814
vn -0.39578 0.14945 0.90610
vn 0.01200 -0.99964 0.02382
vn -0.99275 0.01191 0.11964
vn 0.55820 0.01904 0.82949
vn -0.99975 -0.00822 0.02061
vn 0.03203 -0.98595 0.16392
vn 0.46196 -0.38228 0.80029
vn 0.85964 0.15695 -0.48620
vn 0.92602 0.13535 -0.35236
vn 0.85380 -0.06817 -0.51612
vn 0.00816 0.98898 0.14782
vn 0.19410 0.17159 -0.96586
vn 0.94852 0.02277 -0.31590
vn 0.09005 -0.02770 -0.99555
vn 0.01200 -0.99964 0.02382
vn 0.08443 -0.91484 0.39490
vn -0.01810 0.99203 -0.12473
vn 0.25969 -0.19820 0.94513
vn 0.89882 0.16903 0.40442
vn -0.47542 -0.02852 -0.87930
vn 0.95841 0.16973 -0.22942
vn 0.06737 -0.54739 -0.83416
vn -0.99765 0.05878 0.03527
vn -0.99924 -0.00076 0.03900
vn 0.84028 -0.12247 0.52813
vn -0.68230 -0.37924 0.62501
vn 0.93509 0.16009 -0.31620
vn -0.97881 -0.16999 0.11418
vn 0.65998 -0.33780 0.67106
vn 0.32599 0.33848 0.88270
vn 0.96633 0.01461 -0.25691
vn -0.32980 0.69046 0.64381
vn 0.74280 0.55636 -0.37245
vn 0.98914 0.00202 -0.14693
vn -0.73457 0.26307 0.62546
vn -0.84324 0.09179 -0.52965
vn 0.29505 0.60908 -0.73618
vn 0.22647 -0.93546 -0.27136
vn 0.06659 0.56688 -0.82111
vn -0.01127 0.99965 -0.02390
vn 0.25880 0.05156 0.96455
vn 0.35203 -0.06760 0.93355
vn -0.18350 -0.97177 -0.14831
vn -0.80675 -0.45154 0.38114
vn 0.24798 -0.82894 0.50136
vn 0.65031 -0.10018 0.75303
vn 0.76573 0.13190 0.62949
vn 0.31913 -0.94561 -0.06302
vn 0.16052 0.07121 0.98446
vn 0.26084 0.17261 -0.94982
vn -0.92055 -0.36123 -0.14866
vn -0.14452 -0.33999 0.92926
vn -0.82425 -0.48402 -0.29382
vn -0.01127 0.99965 -0.02390
vn -0.08343 0.84722 -0.52465
vn 0.21726 -0.94882 0.22922
vn 0.19802 0.08197 0.97676
vn 0.24160 0.65463 -0.71630
vn -0.38153 0.47432 0.79338
vn 0.59243 0.48167 0.64577
vn -0.02689 0.79254 0.60922
vn 0.61654 0.53384 0.57870
vn 0.28255 0.91507 -0.28777
vn 0.74003 -0.21086 -0.63867
vn -0.43457 -0.18179 -0.88210
vn 0.03540 0.99360 0.10730
vn 0.64390 -0.32256 -0.69379
vn -0.31217 0.83994 0.44390
vn 0.06885 0.68326 0.72692
vn 0.43279 0.05567 0.89978
vn -0.05593 -0.18691 -0.98078
vn -0.18480 -0.90045 -0.39376
vn 0.26493 -0.96401 0.02217
vn -0.35538 -0.33452 -0.87281
vn -0.50566 0.09885 0.85705
vn -0.16089 -0.16459 -0.97315
vn -0.46147 0.28342 -0.84067
vn -0.13061 -0.75564 0.64183
vn 0.02710 0.58139 -0.81318
vn 0.23683 0.01839 0.97138
vn 0.27998 0.52212 0.80561
vn -0.09506 0.95411 0.28397
vn 0.03050 0.88414 0.46623
vn 0.08546 -0.90789 -0.41042
vn -0.14213 0.02659 -0.98949
vn 0.98566 0.09674 -0.13829
vn -0.05795 -0.89026 -0.45176
vn 0.12029 0.02768 0.99235
vn -0.00719 0.99555 -0.09400
vn 0.08388 0.00212 0.99647
vn -0.83325 -0.11534 -0.54073
vn 0.23757 0.10435 0.96575
vn -0.04549 -0.04955 -0.99774
vn -0.66033 0.68508 0.30762
vn 0.03500 -0.08601 0.99568
vn -0.82721 -0.09813 0.55326
vn -0.14427 -0.96534 -0.21752
vn -0.48043 -0.39329 -0.78391
vn 0.74992 -0.65701 -0.07722
vn 0.26811 -0.58740 0.76360
vn -0.04292 -0.99253 0.11419
vn -0.08534 0.28091 0.95593
vn 0.15310 -0.26150 0.95298
vn 0.07455 0.23590 0.96891
vn -0.06934 -0.96722 0.24430
vn 0.30461 0.03953 0.95166
vn 0.70100 0.00947 -0.71309
vn -0.12490 0.15186 -0.98048
vn -0.24844 -0.00832 -0.96861
vn -0.55558 0.82665 -0.08931
vn -0.33753 -0.00181 -0.94131
vn -0.01162 0.01324 0.99984
vn -0.78788 0.01691 0.61560
vn -0.22094 0.97358 -0.05767
vn 0.00668 -0.96108 -0.27619
vn 0.99105 0.00988 0.13313
vn -0.26857 0.13812 -0.95331
vn 0.16215 0.82953 -0.53440
vn -0.45725 -0.30639 0.83490
vn 0.07202 0.06878 0.99503
vn 0.27563 -0.39302 0.87725
vn 0.98095 -0.00717 -0.19414
vn -0.00725 -0.03963 -0.99919
vn 0.12326 0.84974 0.51258
vn -0.10235 0.00553 0.99473
vn 0.00000 0.00000 0.00000
vn 0.15609 0.03162 0.98724
vn -0.91104 -0.09409 -0.40143
vn -0.71129 0.70271 0.01639
vn -0.12403 -0.00775 0.99225
vn -0.13135 -0.10415 -0.98585
vn 0.00000 0.00000 0.00000
vn 0.88567 -0.02695 -0.46353
vn -0.14717 0.65443 -0.74166
vn -0.45318 -0.16273 0.87644
vn 0.40354 0.26999 0.87422
vn 0.43166 0.09581 0.89693
vn 0.24937 0.33831 -0.90739
vn 0.42399 0.00901 0.90562
vn 0.70436 -0.70436 -0.08805
vn -0.55314 0.27650 0.78586
vn 0.37916 0.18023 -0.90761
vn 0.29349 -0.11114 0.94948
vn 0.57186 -0.44595 0.68855
vn 0.13483 -0.80418 0.57889
vn 0.22313 0.91492 0.33636
vn 0.19148 -0.09399 0.97699
vn -0.06250 0.90223 -0.42670
vn -0.31787 -0.79700 -0.51357
vn 0.38088 -0.02933 -0.92416
vn 0.01145 -0.27994 -0.95995
vn 0.90022 -0.23879 0.36413
vn 0.15857 -0.36494 -0.91743
vn 0.07169 0.24934 0.96576
vn 0.55070 0.03417 0.83400
vn 0.13250 0.02083 0.99096
vn -0.28459 -0.89358 0.34716
vn 0.42776 0.00144 0.90389
vn 0.25507 -0.41182 0.87484
vn -0.04461 -0.00230 -0.99900
vn 0.81628 0.22361 0.53262
vn 0.19937 -0.97018 0.13788
vn 0.56071 -0.76439 0.31831
vn -0.02266 0.98242 -0.18533
vn 0.99844 -0.00160 -0.05582
vn 0.81880 -0.51688 -0.24978
vn -0.75829 -0.51333 0.40185
vn -0.01019 -0.96420 -0.26497
vn 0.93663 -0.01065 -0.35015
vn -0.90530 -0.30853 -0.29197
vn 0.02102 0.00253 0.99978
vn 0.55235 0.04995 0.83211
vn -0.48803 0.74875 0.44855
vn -0.18135 0.60996 0.77141
vn -0.73092 0.67904 -0.06826
vn 0.09368 0.02081 0.99538
vn -0.38194 0.30011 -0.87410
vn -0.32467 -0.11298 0.93906
vn -0.53389 -0.05811 -0.84356
vn 0.00000 0.00000 0.00000
vn -0.04090 -0.74046 -0.67085
vn 0.82936 -0.01215 0.55859
vn -0.46896 -0.50291 -0.72606
vn -0.04563 -0.01822 0.99879
vn 0.00000 0.00000 0.00000
vn 0.00000 0.00000 0.00000
vn -0.99786 -0.00342 0.06536
vn -0.58183 -0.06354 0.81083
vn -0.79665 -0.50288 -0.33535
vn -0.32809 0.02794 0.94423
vn -0.76071 -0.64906 -0.00618
vn -0.44159 0.45088 0.77569
vn -0.28261 0.07978 0.95591
vn -0.86790 -0.31804 0.38157
vn 0.55580 0.51424 0.65317
vn -0.28300 0.87673 -0.38891
vn 0.60017 0.16242 0.78321
vn 0.56076 0.08725 0.82337
vn -0.06577 0.91847 0.38999
vn 0.02103 0.99314 0.11500
vn -0.69163 0.34295 0.63563
vn 0.88888 0.26028 -0.37703
vn 0.90490 0.16734 0.39134
vn 0.79163 -0.53073 0.30272
vn -0.92586 -0.33583 0.17321
vn 0.20015 0.97972 -0.00938
vn 0.99206 0.00476 -0.12565
vn 0.97439 -0.02460 -0.22350
vn 0.34833 0.35364 -0.86811
vn 0.58302 0.80844 -0.08071
vn 0.83283 -0.42021 0.36030
vn 0.57430 -0.43762 0.69185
vn 0.95249 0.27406 -0.13285
vn -0.29920 0.94638 0.12187
vn 0.99655 -0.00049 -0.08304
vn 0.72245 0.69142 0.00051
vn 0.54190 0.33991 0.76864
vn 0.35437 0.93376 0.05024
vn -0.99485 -0.01116 0.10071
vn -0.78157 -0.57507 -0.24175
vn -0.70946 -0.58878 -0.38730
vn -0.44054 -0.15134 -0.88488
vn 0.48466 0.19305 0.85313
vn -0.24138 0.46148 0.85368
vn -0.46495 -0.79496 0.38968
vn -0.01718 0.01030 -0.99980
vn -0.68229 0.56477 0.46423
vn -0.63228 -0.30232 -0.71331
vn 0.20629 0.97426 0.09093
vn -0.60484 -0.08072 0.79224
vn 0.31683 -0.16653 0.93375
vn 0.79731 -0.54981 -0.24903
vn -0.63761 0.37596 0.67240
vn -0.00588 0.98544 -0.16993
vn -0.52004 0.39583 0.75689
vn -0.75267 -0.61983 -0.22203
vn -0.45056 -0.88410 0.12393
vn -0.21007 -0.97706 -0.03500
vn -0.39580 0.35437 0.84721
vn 0.90640 0.34219 -0.24769
vn -0.00460 -0.95014 -0.31180
vn 0.79960 -0.50946 0.31795
vn -0.33140 0.13414 0.93390
vn -0.97358 -0.21952 0.06293
vn 0.12493 -0.62582 0.76990
vn 0.17697 0.96563 0.19037
vn 0.59863 -0.32175 0.73357
vn -0.98981 -0.02008 -0.14094
vn 0.79591 -0.02764 0.60479
vn -0.46089 -0.23366 0.85615
vn -0.15622 0.21838 -0.96328
vn -0.75302 -0.24840 0.60931
vn -0.99415 -0.09965 -0.04169
vn -0.85331 0.01117 -0.52129
vn -0.70765 -0.07136 0.70295
vn -0.80929 0.47824 0.34107
vn -0.00231 -0.98344 -0.18122
vn -0.67644 0.28775 0.67796
vn 0.45384 0.10167 0.88526
vn -0.83190 -0.38841 0.39633
vn -0.45300 0.09039 0.88692
vn -0.10794 0.15137 0.98257
vn -0.32901 -0.07498 0.94135
vn -0.99513 -0.07678 -0.06182
vn -0.99239 0.06210 0.10634
vn -0.43961 0.85447 -0.27680
vn -0.62659 0.15523 -0.76373
vn -0.79085 0.50165 0.35058
vn 0.16168 0.82021 0.54874
vn -0.21916 0.97296 -0.07291
vn -0.64813 0.70064 0.29837
vn 0.12943 0.79886 0.58742
vn -0.21214 0.15151 0.96542
vn -0.94889 -0.25263 0.18919
vn -0.98073 0.07197 0.18163
vn 0.03087 0.45132 -0.89183
vn -0.46739 -0.38950 -0.79362
vn 0.23783 -0.80238 0.54738
vn -0.77719 -0.02672 0.62870
vn -0.42675 0.40084 0.81069
vn -0.93603 -0.01065 0.35176
vn -0.53561 -0.06501 0.84196
vn -0.99178 0.04520 0.11968
vn -0.97613 -0.21599 0.02260
vn 0.10450 -0.26276 0.95919
vn -0.99352 0.09382 -0.06422
vn 0.17798 0.95914 -0.21995
vn 0.37551 -0.85391 0.36031
vn 0.91745 -0.39190 -0.06862
vn -0.02674 0.99038 -0.13576
vn 0.96435 0.24926 -0.08886
vn 0.84988 0.14783 -0.50582
vn -0.03880 0.95581 -0.29141
vn 0.01402 -0.99573 0.09121
vn 0.02916 -0.96600 0.25690
vn -0.00884 0.99782 0.06533
vn 0.99987 -0.00783 -0.01433
vn 0.79820 0.56133 -0.21859
vn 0.33077 -0.94177 -0.06052
vn 0.14321 0.98520 0.09422
vn -0.54534 -0.17527 -0.81968
vn -0.10263 0.83553 -0.53977
vn 0.84723 -0.40667 0.34179
vn -0.91675 0.10331 0.38588
vn 0.52976 0.73052 0.43093
vn 0.80894 -0.09136 0.58075
vn 0.07537 0.59835 0.79768
vn 0.26120 0.44124 -0.85854
vn 0.00868 0.97842 0.20645
vn 0.92059 -0.20231 -0.33403
vn 0.03123 0.00000 -0.99951
vn 0.17166 0.98440 0.03857
vn 0.01014 0.94636 0.32295
vn 0.03027 0.91326 0.40624
vn 0.54066 0.08203 0.83723
vn 0.88219 -0.09223 0.46177
vn 0.04691 -0.90781 0.41675
vn 0.08738 -0.02933 0.99574
vn 0.61274 -0.11945 0.78121
vn -0.33223 -0.07900 -0.93988
vn 0.84286 -0.06272 0.53447
vn -0.19162 -0.30665 -0.93233
vn 0.72070 -0.22122 0.65701
vn -0.17619 0.70417 -0.68782
vn 0.62496 -0.12139 -0.77116
vn 0.85442 0.08551 0.51250
vn 0.00003 -0.06923 0.99760
vn -0.11111 0.84986 0.51517
vn -0.74175 0.10705 0.66208
vn 0.51571 0.30706 -0.79985
vn 0.00111 0.98218 0.18793
vn -0.90629 -0.13269 -0.40129
vn 0.73676 0.01950 0.67588
vn 0.44410 0.80225 0.39897
vn -0.19426 -0.34779 -0.91723
vn 0.94664 -0.28951 0.14164
vn 0.36435 0.03338 0.93066
vn 0.93546 -0.03349 -0.35184
vn -0.00718 0.99675 0.08029
vn -0.60000 0.00000 -0.80000
vn 0.61933 -0.41099 -0.66896
vn -0.00666 -0.99022 -0.13934
vn -0.20378 0.86941 -0.45011
vn 0.17915 -0.98231 0.05456
vn -0.58282 0.80182 -0.13192
vn 0.20604 -0.02317 -0.97827
vn -0.15528 -0.24831 0.95615
vn -0.84945 -0.15767 0.50356
vn 0.25190 -0.04364 0.96677
vn -0.08764 -0.95581 -0.28062
vn -0.23656 0.19808 -0.95121
vn -0.02455 0.99079 0.13313
vn -0.17084 -0.66944 -0.72295
vn 0.42245 -0.76753 0.48211
vn 0.50717 0.00850 0.86181
vn -0.13196 -0.01820 -0.99109
vn -0.11074 -0.64322 -0.75763
vn 0.24209 0.06052 0.96836
vn 0.09482 -0.68141 0.72573
vn -0.01481 -0.32209 0.94659
vn -0.14267 -0.56853 -0.81019
vn 0.82747 0.24706 -0.50425
vn -0.07513 0.75847 0.64736
vn 0.04994 0.87929 0.47366
vn -0.71750 0.61702 -0.32323
vn -0.55264 -0.06282 0.83105
vn -0.04220 0.65759 0.75219
vn -0.20254 -0.37978 -0.90263
vn -0.04088 0.99599 -0.07963
vn 0.08903 -0.68762 -0.72059
vn 0.02834 -0.98600 0.16435
vn 0.03782 0.86719 0.49655
vn -0.29412 0.55890 -0.77532
vn 0.06379 -0.01901 -0.99778
vn -0.04424 0.68363 -0.72849
vn -0.43738 0.05467 0.89762
vn -0.08113 0.85058 -0.51955
vn 0.13108 -0.70472 0.69728
vn -0.18068 0.95596 -0.23131
vn -0.63604 -0.25568 0.72806
vn 0.16418 -0.96071 -0.22381
vn -0.05087 -0.09667 0.99402
vn 0.17408 -0.28292 0.94322
vn -0.55830 0.04418 0.82846
vn -0.66113 0.61821 -0.42512
vn -0.16599 0.93336 0.31825
vn 0.08718 0.08943 -0.99217
vn 0.01292 -0.99695 -0.07696
vn -0.17136 -0.22771 0.95853
vn 0.19450 -0.35596 -0.91403
vn 0.71192 0.09817 -0.69537
vn -0.35757 -0.03534 -0.93322
vn -0.37054 0.81601 0.44365
vn -0.39522 -0.00280 0.91858
vn -0.28214 0.05322 0.95790
vn 0.61824 0.72717 0.29833
vn 0.07770 -0.97487 -0.20879
vn 0.06226 -0.84449 -0.53194
vn -0.01756 -0.96182 -0.27311
vn -0.35150 0.86692 0.35340
vn -0.50496 0.71203 -0.48788
vn -0.15410 0.13250 -0.97913
vn -0.51265 0.08523 0.85436
vn -0.19805 0.97973 -0.02995
vn 0.01285 -0.99928 0.03571
vn -0.35170 0.69532 0.62677
vn -0.70724 0.61806 -0.34323
vn -0.92840 0.02593 -0.37068
vn -0.19245 -0.77134 0.60663
vn 0.58993 -0.80739 0.01038
vn -0.72002 -0.41512 0.55609
vn -0.68547 -0.03896 0.72705
vn 0.28255 0.00727 0.95923
vn 0.99511 -0.04080 -0.08991
vn 0.99271 0.11378 -0.03980
vn 0.87636 -0.01175 0.48151
vn -0.61910 -0.70007 -0.35582
vn 0.96589 -0.17368 -0.19206
vn 0.80993 0.11769 -0.57459
vn 0.30796 -0.71540 -0.62718
vn -0.95618 -0.27304 0.10572
vn 0.97469 0.18686 0.12270
vn -0.33547 0.69988 -0.63058
vn -0.92814 0.04400 0.36961
vn -0.51891 0.27317 0.81001
vn -0.16496 -0.98396 -0.06784
vn -0.79043 -0.60123 -0.11722
vn 0.05293 -0.71813 0.69389
vn -0.80042 -0.58974 -0.10740
vn -0.02934 0.83214 -0.55380
vn -0.62807 -0.68569 -0.36790
vn -0.18093 -0.51732 0.83645
vn -0.90398 -0.22472 -0.36375
vn -0.52194 0.80100 0.29321
vn 0.90855 -0.06721 -0.41234
vn -0.01678 -0.07419 0.99710
vn 0.40172 0.88004 -0.25329
vn -0.49780 -0.74960 -0.43623
vn -0.85331 0.30139 -0.42548
vn 0.93750 0.16481 0.30647
vn -0.99176 -0.04463 0.12007
vn 0.51568 -0.16156 -0.84141
vn -0.07495 0.08177 -0.99383
vn -0.59591 0.71135 0.37266
vn 0.02595 0.17866 0.98357
vn -0.60692 -0.41313 0.67895
vn 0.87206 -0.12744 -0.47252
vn -0.56290 0.81587 0.13229
vn -0.66242 -0.05694 -0.74697
vn 0.99104 0.02978 -0.13021
vn -0.01111 -0.98782 0.15519
vn 0.89592 0.05902 0.44027
vn -0.85668 -0.16024 0.49033
vn 0.80799 0.36771 0.46037
vn -0.98443 0.16259 -0.06684
vn -0.97479 0.15599 0.15951
vn -0.78940 0.00661 -0.61385
vn 0.13115 0.04649 -0.99027
vn -0.02434 -0.89740 -0.44055
vn 0.16728 -0.87307 0.45800
vn -0.72689 -0.26487 -0.63362
vn 0.17354 -0.96342 0.20423
vn 0.67902 0.35055 -0.64502
vn 0.88884 -0.45806 0.01206
vn 0.87361 -0.48663 -0.00116
vn -0.06443 -0.20652 -0.97632
vn 0.81365 -0.49518 -0.30458
vn 0.83535 -0.18474 0.51775
vn 0.82701 -0.30555 -0.47190
vn -0.74930 0.47983 0.45641
vn -0.93782 -0.21967 -0.26879
vn -0.52665 0.02769 0.84963
vn 0.58759 -0.06125 0.80684
vn 0.05282 -0.88530 0.46201
vn -0.02107 -0.92673 -0.37514
vn 0.91266 -0.23071 -0.33738
vn 0.96138 0.06887 0.26646
vn -0.29932 -0.79907 -0.52143
vn -0.44635 -0.60923 -0.65545
vn 0.43197 0.15456 -0.88854
vn -0.60473 0.61186 -0.50983
vn 0.89734 0.06607 0.43637
vn -0.85850 -0.44206 -0.25992
vn 0.94253 -0.12415 0.31019
vn 0.22635 0.97397 -0.01254
vn 0.11080 0.85635 0.50437
vn -0.57980 0.67223 -0.46037
vn -0.00924 0.99976 -0.01969
vn 0.74842 0.59637 0.29019
vn 0.93037 0.27895 0.23791
vn 0.72993 -0.25071 -0.63588
vn -0.37764 -0.75719 0.53296
vn 0.37521 0.76554 -0.52265
vn -0.16457 0.97065 -0.17536
vn -0.55678 0.78898 0.25980
vn 0.35454 -0.57016 -0.74109
vn 0.03888 0.96035 0.27606
vn -0.00882 0.99416 -0.10752
vn -0.32981 0.54647 -0.76980
vn 0.03963 -0.97299 0.22744
vn -0.95185 -0.28106 0.12243
vn 0.06523 -0.89609 0.43906
vn -0.12482 0.14625 0.98134
vn -0.24383 0.95696 -0.15740
vn 0.08233 0.92869 0.36161
vn -0.86822 0.45121 -0.20641
vn 0.18178 -0.97032 0.15952
vn 0.90944 -0.41424 -0.03631
vn -0.56643 -0.39459 0.72350
vn 0.00938 0.98614 0.16565
vn -0.23659 -0.30941 0.92103
vn 0.29817 -0.78207 -0.54723
vn 0.40405 0.29067 -0.86733
vn 0.20484 -0.93317 0.29536
vn -0.48637 -0.27650 0.82885
vn -0.62296 0.38324 -0.68194
vn 0.01347 -0.99866 0.04993
vn 0.19357 -0.87582 0.44212
vn -0.81828 0.23879 0.52287
vn -0.03141 0.00867 -0.99947
vn 0.06974 0.19020 0.97926
vn -0.15524 -0.96222 -0.22370
vn 0.41502 0.10545 0.90368
vn 0.01143 -0.99992 -0.00579
vn -0.15261 0.59996 0.78534
vn 0.11628 0.49779 0.85947
vn -0.51838 -0.44252 0.73175
vn 0.03053 -0.93489 0.35361
vn -0.00715 -0.06368 0.99794
vn 0.30867 -0.04315 -0.95019
vn 0.52858 -0.82840 0.18535
vn 0.05985 -0.31215 0.94815
vn 0.14835 0.97816 0.14558
vn -0.36849 0.09801 -0.92445
vn 0.85105 -0.52072 0.06749
vn -0.23492 -0.96443 0.12117
vn -0.06140 0.88437 -0.46274
vn 0.68011 0.72793 0.08693
vn -0.90015 -0.16894 0.40148
vn -0.05287 -0.99196 0.11500
vn 0.74926 -0.58997 0.30091
vn -0.14354 -0.04574 -0.98859
vn -0.02381 0.98661 -0.16137
vn -0.01661 -0.96129 -0.27504
vn 0.07781 0.14590 0.98623
vn -0.00598 0.23021 0.97312
vn 0.02525 0.49063 0.87100
vn -0.71843 -0.61491 0.32518
vn 0.06735 -0.48964 0.86932
vn -0.24742 -0.96237 0.11237
vn 0.49196 0.28749 0.82178
vn -0.39719 -0.91646 0.04841
vn -0.66770 0.10407 -0.73712
vn -0.05066 0.97772 -0.20373
vn 0.09390 0.88290 -0.46007
vn 0.00132 -0.99388 -0.11046
vn 0.71637 0.64638 -0.26268
vn -0.09105 0.99561 0.02154
vn 0.00624 -0.34101 -0.94004
vn -0.29240 -0.26638 0.91845
vn 0.56195 -0.26749 -0.78273
vn 0.01696 -0.99701 0.07544
vn -0.04409 0.97629 -0.21192
vn 0.02848 -0.97404 -0.22457
vn 0.52048 -0.29547 -0.80112
vn 0.95824 0.28548 -0.01661
vn -0.07187 0.73304 -0.67638
vn 0.35420 0.77587 0.52208
vn 0.17379 0.39508 0.90206
vn 0.32112 -0.01958 0.94684
vn 0.01992 0.96545 0.25982
vn 0.24419 -0.16799 0.95507
vn -0.54966 0.76393 -0.33807
vn 0.89750 0.04026 -0.43916
vn -0.84179 -0.48369 0.23966
vn -0.65094 -0.75878 0.02275
vn 0.98858 -0.10458 0.10853
vn 0.34558 -0.54288 -0.76541
vn 0.42035 0.78079 -0.46225
vn -0.45358 0.79891 0.39499
vn -0.02707 0.98475 -0.17188
vn 0.34076 0.75472 0.56061
vn 0.35084 -0.92468 -0.14791
vn -0.25313 -0.93230 -0.25833
vn -0.02359 0.99816 -0.05592
vn 0.65148 0.45004 0.61077
vn 0.16329 0.10624 0.98084
vn -0.35022 -0.92884 -0.12084
vn 0.01711 0.43019 -0.90258
vn 0.70517 -0.30806 0.63862
vn -0.95051 -0.05192 -0.30634
vn 0.08360 -0.84533 0.52766
vn 0.16458 -0.85218 0.49669
vn 0.33182 0.11904 0.93580
vn 0.25107 -0.95397 0.16401
vn 0.61945 0.03346 0.78432
vn -0.02714 0.44075 0.89722
vn 0.15439 -0.43744 -0.88589
vn 0.07239 -0.78786 -0.61159
vn 0.37475 0.11298 0.92021
vn 0.01823 0.08890 0.99587
vn -0.05471 -0.92177 -0.38386
vn 0.04100 0.99549 -0.08551
vn 0.14775 0.98650 -0.07066
vn 0.29095 -0.54998 0.78286
vn 0.10925 0.29436 0.94943
vn 0.68329 -0.41221 -0.60266
vn -0.00502 0.99998 0.00372
vn 0.28175 0.92650 0.24942
vn -0.43845 0.86378 -0.24829
vn -0.11777 0.84771 -0.51723
vn -0.05486 -0.75279 -0.65597
vn -0.04406 0.28406 0.95779
vn 0.24663 -0.46363 0.85101
vn -0.07581 -0.98520 -0.15373
vn 0.74297 0.66932 0.00307
vn 0.18372 -0.55431 0.81178
vn 0.18105 -0.08972 0.97937
vn 0.37295 -0.47553 0.79673
vn 0.61829 0.77993 0.09708
vn 0.57417 0.81830 -0.02671
vn -0.12072 0.69639 -0.70744
vn 0.71333 0.04070 0.69965
vn 0.06287 -0.60435 -0.79424
vn -0.64548 0.64734 0.40534
vn 0.45585 -0.00329 -0.89005
vn 0.01903 -0.69263 0.72104
vn -0.83766 -0.53996 0.08232
vn 0.47360 -0.60159 0.64327
vn -0.56267 0.05673 0.82473
vn -0.64682 -0.71364 -0.26895
vn -0.21713 0.40806 0.88676
vn -0.18008 -0.55382 0.81293
vn 0.20952 -0.13427 0.96854
vn -0.01055 0.99824 0.05839
vn 0.86407 -0.23374 -0.44581
vn 0.91042 0.04390 0.41135
vn 0.08616 0.99611 0.01826
vn -0.18066 0.61360 0.76867
vn 0.39105 0.16269 -0.90588
vn 0.06798 0.80217 0.59321
vn 0.61350 0.52605 0.58897
vn -0.53961 0.24033 0.80688
vn -0.38666 -0.91191 0.13752
vn -0.61516 -0.46949 0.63337
vn -0.12237 0.75307 -0.64646
vn -0.17379 -0.62249 0.76309
vn 0.85554 -0.34637 0.38480
vn -0.01254 -0.94093 -0.33836
vn 0.10225 -0.49339 -0.86378
vn 0.80303 -0.56297 0.19549
vn 0.13773 -0.22625 0.96428
vn 0.07748 -0.39258 -0.91645
vn 0.73842 -0.67393 0.02342
vn 0.65484 -0.70367 0.27573
vn 0.20156 -0.67119 0.71335
vn -0.01379 0.38335 0.92350
vn -0.75226 -0.62082 -0.22065
vn -0.44315 0.85493 -0.26966
vn -0.00856 -0.79792 -0.60270
vn 0.44618 -0.70513 0.55111
vn 0.30240 -0.17695 0.93661
vn -0.07136 -0.98865 0.13218
vn 0.09606 -0.87834 0.46829
vn 0.57120 0.70025 -0.42823
vn 0.50017 0.73914 0.45111
vn 0.09414 0.06166 -0.99365
vn 0.73271 -0.67973 0.03337
vn -0.32767 -0.51153 0.79433
vn 0.99557 -0.08351 -0.04318
vn -0.08936 0.56851 -0.81781
vn -0.01875 0.25437 0.96693
vn 0.17184 0.34896 0.92125
vn 0.06719 -0.14279 0.98747
vn 0.52407 -0.03974 -0.85075
vn 0.21144 0.94150 -0.26242
vn 0.17120 -0.96646 -0.19142
vn 0.27807 -0.16504 -0.94628
vn 0.01258 0.99476 0.10145
vn 0.29485 -0.89901 -0.32380
vn -0.08660 0.59618 -0.79817
vn 0.11862 -0.97266 0.19963
vn 0.26711 0.95644 -0.11780
vn -0.62068 0.77506 -0.11850
vn 0.04418 0.68342 -0.72868
vn -0.18535 0.82189 0.53865
vn 0.10328 -0.54027 0.83513
vn -0.22457 0.38667 -0.89446
vn 0.30251 -0.95100 -0.06388
vn 0.73542 0.11319 0.66809
vn 0.13874 -0.50669 0.85089
vn -0.61422 0.32492 -0.71914
vn -0.44050 -0.24497 -0.86368
vn -0.42672 -0.80453 -0.41309
vn 0.13144 0.51661 0.84607
vn 0.13970 0.43283 -0.89058
vn -0.15052 -0.01964 -0.98841
vn 0.17318 -0.98414 -0.03856
vn 0.16876 -0.55664 -0.81343
vn 0.27433 -0.23225 0.93317
vn 0.60776 -0.75420 0.24864
vn 0.32229 0.79278 0.51733
vn 0.08292 -0.65294 0.75285
vn 0.67358 0.67491 0.30130
vn -0.09935 0.99394 0.04715
vn 0.32788 -0.85565 0.40045
vn -0.32450 0.89281 0.31239
vn -0.18868 -0.39427 -0.89941
vn 0.49028 -0.51954 -0.69979
vn -0.17214 -0.98437 -0.03715
vn -0.42505 0.59764 -0.67982
vn 0.71384 -0.43050 -0.55235
vn -0.37891 -0.62384 0.68356
vn 0.59184 0.02129 -0.80577
vn -0.22162 -0.86061 0.45850
vn 0.14620 0.42725 -0.89223
vn 0.00875 -0.99979 -0.01843
vn -0.31721 -0.82834 -0.46177
vn 0.71028 -0.07398 0.70002
vn -0.86650 0.01633 -0.49890
vn -0.34564 0.91674 -0.20031
vn -0.05757 0.99740 0.04330
vn -0.71235 -0.20644 -0.67078
vn -0.23829 0.87067 0.43029
vn -0.89395 -0.44683 0.03455
vn 0.14033 0.97295 -0.18349
vn -0.29470 0.40072 -0.86751
vn 0.08200 0.66259 -0.74448
vn 0.13108 -0.97355 -0.18714
vn -0.12282 0.98832 -0.09022
vn 0.01489 -0.21071 0.97744
vn 0.28535 0.01258 0.95834
vn -0.23570 0.94281 -0.23570
vn 0.28888 -0.85363 -0.43344
vn 0.29919 0.34548 0.88945
vn -0.26915 0.92345 -0.27350
vn -0.17759 -0.09357 -0.97965
vn -0.01442 -0.98427 0.17610
vn 0.37010 0.30849 0.87628
vn 0.15289 -0.33858 0.92843
vn 0.03577 0.50196 0.86415
vn 0.04585 -0.95392 0.29653
vn 0.12337 -0.39066 0.91223
vn -0.34377 0.56490 0.75014
vn -0.19417 0.09000 0.97683
vn -0.00714 -0.85126 -0.52470
vn 0.14537 0.91185 0.38393
vn 0.02084 0.97080 0.23896
vn 0.03732 -0.07954 0.99613
vn 0.57498 -0.68820 -0.44247
vn 0.01840 0.98837 -0.15092
vn 0.52014 0.77708 -0.35440
vn 0.86382 0.15828 -0.47828
vn -0.65448 -0.74624 0.12156
vn -0.18589 -0.94844 -0.25672
vn 0.78061 -0.62501 0.00286
vn -0.80428 -0.35481 -0.47670
vn -0.52915 -0.61319 -0.58651
vn -0.34601 0.89096 -0.29405
vn 0.86504 -0.38177 0.32550
vn -0.09458 0.63301 0.76834
vn 0.43101 -0.62625 0.64965
vn 0.23247 0.39497 0.88879
vn 0.12468 0.99214 0.01050
vn -0.83733 -0.45120 0.30869
vn -0.82418 0.37368 0.42553
vn 0.14838 0.95534 0.25557
vn -0.50898 0.45552 0.73037
vn 0.00000 1.00000 0.00000
vn 0.31433 -0.08019 -0.94592
vn -0.05363 -0.81298 -0.57981
vn 0.26796 0.60097 0.75302
vn 0.11677 0.51140 0.85137
vn -0.28027 -0.73971 -0.61179
vn -0.55599 0.82741 -0.07916
vn -0.24272 -0.77999 0.57681
vn 0.13109 0.79690 0.58971
vn -0.01911 0.98893 -0.14715
vn -0.08026 -0.89507 -0.43865
vn -0.04928 -0.63600 0.77012
vn -0.04045 -0.82944 -0.55714
vn 0.57488 0.55881 -0.59770
vn -0.00148 0.99836 0.05722
vn -0.44186 -0.13871 0.88630
vn 0.80330 -0.41196 -0.43011
vn 0.71446 0.69099 0.10992
vn 0.12606 -0.94583 -0.29920
vn -0.03744 0.08765 0.99545
vn -0.09420 0.66416 -0.74163
vn -0.05539 0.87917 0.47327
vn 0.04968 -0.93581 0.34900
vn -0.10234 0.11893 -0.98761
vn 0.17372 -0.05118 0.98346
vn -0.04225 0.48850 -0.87154
vn 0.14275 -0.32610 0.93449
vn 0.20959 -0.97303 -0.09640
vn -0.56549 0.75846 -0.32397
vn 0.01466 0.96232 -0.27152
vn -0.46308 0.87538 0.13882
vn 0.34272 0.48715 -0.80326
vn -0.11815 0.65718 0.74441
vn -0.16121 0.13135 -0.97814
vn -0.17375 -0.10278 0.97941
vn -0.29015 -0.89567 0.33702
vn 0.02967 -0.89517 -0.44473
vn 0.32502 0.86292 0.38694
vn -0.14769 -0.50064 -0.85296
vn 0.42288 0.78516 -0.45243
vn -0.13353 -0.83059 0.54064
vn 0.13471 0.96173 -0.23860
vn -0.58505 -0.09296 0.80565
vn 0.08976 0.04152 0.99510
vn -0.21909 0.96926 -0.11200
vn -0.40427 -0.91461 0.00707
vn -0.38746 0.39981 0.83068
vn -0.87139 -0.47625 -0.11778
vn -0.10135 0.32481 0.94033
vn -0.57697 -0.46021 0.67477
vn 0.18445 0.55630 -0.81025
vn 0.13731 0.50466 0.85233
vn -0.31098 0.29761 0.90262
vn 0.15186 -0.97353 0.17079
vn -0.14933 -0.98200 0.11562
vn -0.15049 0.82970 0.53755
vn -0.12966 0.99076 -0.03983
vn -0.10113 0.98702 0.12476
vn -0.02690 0.53590 0.84385
vn 0.38621 0.27594 -0.88017
vn -0.06946 0.99572 -0.06099
vn 0.42445 0.37622 0.82359
vn 0.18939 0.33869 -0.92164
vn -0.14675 -0.88792 -0.43596
vn -0.25380 -0.95539 0.15105
vn 0.01518 -0.99801 0.06117
vn 0.47472 0.69202 -0.54383
vn 0.03227 0.51216 -0.85829
vn 0.59234 0.02089 0.80542
vn -0.02417 0.87696 0.47996
vn 0.66161 0.28014 0.69555
vn -0.74366 -0.66488 0.07005
vn 0.12849 -0.98822 0.08308
vn -0.04731 0.97793 0.20351
vn 0.21137 0.42421 0.88055
vn 0.34102 -0.93661 -0.08046
vn -0.22154 -0.05578 0.97356
vn -0.35446 -0.85100 0.38750
vn -0.05463 0.85183 -0.52096
vn 0.25555 -0.91267 0.31894
vn -0.66618 -0.62859 -0.40135
vn -0.05522 -0.31276 -0.94822
vn -0.09907 -0.63546 0.76575
vn 0.59793 -0.58023 -0.55300
vn -0.22877 0.83462 -0.50108
vn 0.46178 0.10661 -0.88056
vn -0.52376 0.83347 -0.17610
vn 0.37202 0.13780 0.91794
vn -0.21869 0.11259 -0.96928
vn 0.08214 -0.06019 0.99480
vn -0.07130 0.95284 0.29497
vn 0.26070 0.28545 0.92226
vn 0.71647 -0.69683 -0.03314
vn 0.07488 -0.93040 -0.35881
vn -0.19459 -0.40325 -0.89416
vn -0.04828 -0.99697 -0.06103
vn -0.14740 -0.81554 0.55961
vn 0.26989 0.38292 0.88348
vn -0.26798 0.77544 0.57173
vn 0.23328 -0.34047 -0.91086
vn 0.08007 -0.77664 0.62483
vn 0.01645 0.75440 0.65620
vn -0.06343 0.77260 -0.63172
vn 0.38042 -0.20974 0.90072
vn -0.03128 0.96728 -0.25177
vn -0.00945 -0.96848 -0.24889
vn -0.22868 0.97295 -0.03278
vn -0.05568 0.37268 -0.92629
vn -0.16486 -0.88493 -0.43556
vn 0.35614 -0.09797 0.92928
vn 0.08397 -0.71226 0.69687
vn -0.01997 0.52264 -0.85232
vn -0.14986 0.75305 0.64067
vn 0.36984 0.61126 -0.69970
vn 0.03519 -0.00175 -0.99938
vn -0.05163 -0.77194 -0.63360
vn -0.00651 -0.50465 -0.86330
vn -0.33424 0.86057 -0.38431
vn -0.03918 0.90542 -0.42271
vn -0.01999 -0.90841 -0.41760
vn -0.08167 -0.66723 -0.74036
vn 0.03001 -0.97627 0.21446
vn 0.12711 -0.23825 0.96285
vn 0.10890 -0.55641 0.82374
vn -0.24084 0.37332 -0.89590
vn 0.02708 -0.61138 -0.79088
vn -0.26838 -0.96123 0.06332
vn -0.00822 -0.93246 -0.36119
vn -0.32218 0.47514 0.81881
vn -0.24106 -0.94172 0.23463
vn 0.26299 -0.22332 0.93860
vn -0.00607 -0.85720 -0.51494
vn -0.11710 0.44201 -0.88933
vn 0.61623 -0.56462 0.54905
vn -0.08917 -0.92053 0.38036
vn -0.03908 0.01341 0.99915
vn 0.10229 0.16684 0.98066
vn 0.11556 0.25891 0.95896
vn -0.06005 0.81823 -0.57175
vn -0.03966 -0.78391 -0.61960
vn 0.77341 0.62901 0.07858
vn -0.02484 0.19411 0.98067
vn 0.38881 -0.42472 0.81758
vn -0.01170 -0.97823 -0.20719
vn 0.27910 -0.32425 0.90386
vn -0.09303 0.56534 -0.81960
vn -0.11664 0.97878 -0.16846
vn -0.00325 -0.01760 -0.99984
vn -0.05096 0.04969 0.99746
vn -0.45203 -0.14466 0.88020
vn 0.01020 -0.99986 -0.01333
vn 0.06075 -0.85492 0.51519
vn 0.52936 0.04458 -0.84723
vn 0.11743 -0.76126 -0.63773
vn -0.13307 -0.24207 0.96109
vn 0.04389 0.99857 0.03045
vn 0.00000 0.00000 0.00000
vn -0.01485 -0.94332 -0.33155
vn -0.00952 -0.92280 0.38516
vn 0.01881 -0.99123 0.13081
vn 0.01848 -0.02862 0.99942
vn 0.08020 0.43259 -0.89802
vn -0.02928 -0.67860 -0.73392
vn -0.17233 0.15407 0.97291
vn 0.12166 0.97902 0.16348
vn -0.30591 -0.94269 -0.13329
vn 0.18968 0.08622 0.97805
vn -0.08988 -0.99594 0.00532
vn 0.07071 0.92879 0.36379
vn 0.01127 0.99496 0.09965
vn -0.06648 -0.02525 -0.99747
vn -0.22276 -0.43182 0.87402
vn -0.09264 0.99261 -0.07841
vn -0.10107 0.40618 -0.90819
vn 0.48231 -0.66168 0.57407
vn 0.14172 0.96077 0.23840
vn -0.32021 -0.80067 -0.50634
vn -0.51468 0.73219 0.44610
vn 0.13042 -0.84821 -0.51335
vn -0.77512 0.39766 -0.49098
vn -0.31097 -0.49177 0.81330
vn 0.13147 0.03542 0.99069
vn -0.04142 0.75444 -0.65506
vn 0.03253 0.96215 0.27056
vn 0.03882 -0.96825 0.24696
vn -0.22620 -0.27921 0.93321
vn -0.12972 0.84565 -0.51773
vn 0.11850 0.42621 0.89683
vn 0.23068 -0.89299 0.38646
vn 0.40305 -0.91096 0.08775
vn -0.68486 0.59525 0.42030
vn -0.41035 0.26116 0.87373
vn 0.01650 0.24922 -0.96831
vn 0.11737 -0.94786 0.29630
vn 0.36065 0.00496 -0.93269
vn 0.05829 -0.91507 0.39906
vn 0.25057 0.60568 -0.75523
vn -0.06990 0.42639 -0.90183
vn 0.08415 0.68366 -0.72493
vn -0.33112 0.93143 -0.15101
vn 0.27682 -0.06128 -0.95896
vn 0.05534 0.86981 -0.49028
vn 0.01128 -0.99974 0.01963
vn -0.12209 0.98580 -0.11533
vn -0.07811 -0.99671 -0.02156
vn 0.54993 -0.68309 0.48059
vn -0.00730 0.99784 -0.06523
vn 0.07431 -0.85185 0.51849
vn -0.01629 0.99871 0.04811
vn 0.07397 -0.85884 0.50687
vn -0.33848 -0.81523 0.46992
vn -0.11049 -0.23516 -0.96566
vn 0.16111 0.93287 0.32219
vn 0.00188 -0.20863 0.97799
vn 0.22901 -0.95958 -0.16356
vn 0.23521 0.97161 0.02555
vn 0.12134 -0.57765 0.80722
vn -0.56395 0.35388 -0.74614
vn -0.39929 -0.44047 0.80409
vn -0.07949 -0.59812 -0.79746
vn -0.12994 -0.04098 0.99067
vn 0.00770 0.98946 0.14459
vn -0.32957 -0.86115 0.38706
vn 0.05690 0.01669 0.99824
vn 0.61204 0.74054 -0.27750
vn -0.25893 0.16232 -0.95216
vn -0.52709 0.83699 -0.14706
vn 0.01892 0.97314 0.22943
vn 0.02788 -0.99020 0.13683
vn 0.38088 0.39751 -0.83481
vn 0.09454 -0.71923 0.68831
vn -0.13093 -0.98970 0.05795
vn -0.17896 -0.04709 -0.98273
vn -0.17582 -0.89903 0.40104
vn 0.14617 -0.03008 0.98880
vn -0.06541 0.97601 -0.20769
vn 0.06862 0.99743 0.02051
vn 0.03965 0.93771 0.34514
vn -0.22511 -0.66757 0.70970
vn -0.05565 -0.74844 -0.66086
vn 0.73718 0.29628 0.60728
vn -0.22874 0.78395 -0.57714
vn 0.10409 0.91299 0.39448
vn -0.06415 -0.66963 -0.73992
vn 0.11402 -0.76337 0.63582
vn -0.04806 -0.22293 -0.97365
vn 0.01904 -0.84073 -0.54112
vn 0.26127 0.95350 0.15024
vn -0.31719 -0.89343 -0.31808
vn 0.13938 -0.86537 0.48135
vn -0.58943 -0.08921 0.80288
vn -0.11295 0.73919 0.66396
vn -0.05411 0.86405 -0.50049
vn 0.12420 -0.33275 0.93480
vn -0.80712 0.32675 0.49173
vn 0.00843 -0.99740 -0.07156
vn -0.27104 0.61334 -0.74185
vn -0.26044 -0.94257 -0.20912
vn 0.90911 0.09229 -0.40621
vn -0.16282 0.87701 -0.45204
vn 0.05561 0.86977 0.49032
vn -0.41031 0.66788 0.62095
vn -0.62326 -0.73376 0.27046
vn 0.22451 -0.07492 0.97159
vn -0.19682 -0.67833 0.70790
vn -0.00258 -0.98143 -0.19180
vn -0.60280 0.75071 0.27030
vn 0.24096 -0.96557 -0.09806
vn 0.02107 0.89007 0.45534
vn -0.39953 -0.86573 0.30147
vn 0.65487 -0.75570 -0.00785
vn -0.01520 0.99970 0.01924
vn -0.53050 -0.70542 -0.47006
vn 0.14995 -0.73396 0.66243
vn 0.07355 0.73678 0.67212
vn 0.13429 -0.58737 0.79810
vn -0.16079 -0.29550 -0.94171
vn 0.04109 0.89797 0.43814
vn -0.26805 0.61011 -0.74559
vn 0.05698 0.65025 0.75758
vn -0.10490 0.10721 -0.98869
vn -0.06152 -0.72598 -0.68496
vn 0.10919 -0.56138 0.82032
vn 0.15167 0.08215 0.98501
vn -0.08688 -0.26835 0.95940
vn -0.67998 -0.51744 -0.51950
vn -0.43870 0.40581 -0.80178
vn -0.07608 -0.02502 -0.99679
vn -0.80073 0.19763 -0.56549
vn -0.53313 0.70554 -0.46688
vn -0.17342 -0.57734 0.79787
vn 0.04484 -0.04272 0.99808
vn -0.17876 0.96587 0.18744
vn -0.49145 -0.46607 -0.73570
vn 0.12524 0.02386 0.99184
vn 0.12074 0.63035 0.76687
vn 0.15677 -0.89117 0.42572
vn -0.42483 -0.04902 -0.90395
vn 0.12358 0.91944 0.37331
vn -0.15375 -0.18334 0.97095
vn 0.13152 0.78871 0.60054
vn -0.44587 -0.89305 -0.06043
vn -0.33783 -0.89789 0.28224
vn -0.97741 0.13463 -0.16295
vn 0.16725 0.06824 0.98355
vn -0.24199 0.94868 -0.20358
vn 0.06665 -0.76013 -0.64635
vn 0.07190 -0.99671 0.03736
vn -0.08833 -0.01949 -0.99590
vn 0.09471 0.64205 0.76079
vn 0.07036 0.13193 -0.98876
vn 0.67702 0.53367 0.50679
vn -0.00915 0.99900 0.04367
vn -0.70310 -0.63259 -0.32478
vn -0.02330 0.99085 -0.13298
vn 0.40036 0.21128 0.89167
vn -0.65987 0.72553 -0.19538
vn -0.07253 -0.68208 -0.72767
vn -0.43696 -0.87859 -0.19271
vn -0.32878 0.89868 -0.29033
vn 0.08209 -0.90381 0.41999
vn -0.04829 -0.96974 0.23932
vn -0.39344 -0.91540 -0.08510
vn 0.07770 -0.97951 0.18583
vn 0.10560 -0.45499 0.88421
vn -0.53821 -0.26560 -0.79987
vn -0.23194 -0.84481 0.48218
vn -0.27969 -0.80708 -0.51999
vn -0.02647 0.97105 -0.23742
vn -0.28042 0.18348 -0.94218
vn 0.05745 -0.96601 -0.25205
vn -0.44856 -0.01136 -0.89368
vn -0.24707 -0.75814 0.60348
vn 0.08300 0.99318 -0.08184
vn 0.09291 0.64392 -0.75943
vn 0.07600 -0.96422 0.25398
vn -0.09578 -0.97645 -0.19330
vn -0.28702 -0.46954 -0.83495
vn -0.19950 -0.07331 -0.97715
vn 0.14116 -0.00061 0.98999
vn -0.05436 0.87040 -0.48934
vn 0.01486 -0.99989 0.00187
vn -0.01296 -0.97597 -0.21754
vn 0.06425 0.97909 0.19301
vn -0.53087 -0.77809 -0.33579
vn -0.46452 -0.80107 -0.37750
vn 0.15445 0.59616 0.78787
vn 0.02491 0.60428 0.79638
vn -0.09108 0.60876 -0.78811
vn 0.14251 0.10275 0.98445
vn -0.09919 -0.20487 -0.97375
vn 0.06665 0.57523 0.81527
vn -0.01056 0.99955 -0.02801
vn -0.56062 0.80392 -0.19852
vn 0.12732 0.06190 0.98993
vn 0.04704 0.99845 -0.02973
vn -0.09638 -0.34681 0.93297
vn 0.10642 -0.39498 0.91250
vn -0.00954 0.99939 -0.03355
vn 0.00000 0.00000 0.00000
vn 0.11485 -0.11555 0.98664
vn -0.28072 0.16109 0.94618
vn -0.03177 0.93030 0.36542
vn -0.30185 -0.93447 -0.18883
vn -0.06322 0.11865 -0.99092
vn 0.02189 -0.53675 -0.84346
vn -0.43953 -0.41600 -0.79609
vn -0.54227 0.21391 -0.81252
vn -0.04402 0.67164 -0.73956
vn -0.14438 -0.93747 0.31670
vn 0.03476 0.67611 -0.73598
vn 0.02575 -0.46406 0.88543
vn -0.21393 -0.31550 -0.92450
vn 0.10844 -0.89376 -0.43523
vn -0.01473 0.65582 -0.75478
vn -0.08072 -0.98181 0.17186
vn 0.01204 -0.99969 0.02168
vn -0.19616 -0.79909 -0.56830
vn 0.79735 -0.39548 0.45587
vn -0.02926 0.68489 -0.72806
vn -0.04577 -0.98685 -0.15505
vn -0.80358 -0.16595 0.57160
vn -0.12979 0.81412 0.56600
vn -0.11013 -0.10261 -0.98861
vn -0.02274 -0.22520 0.97405
vn -0.11747 -0.80260 0.58484
vn 0.21536 -0.03814 -0.97579
vn 0.01688 0.96645 0.25631
vn -0.25286 0.96672 -0.03901
vn -0.17668 -0.42043 -0.88996
vn -0.14272 -0.91061 -0.38784
vn -0.07023 -0.53179 -0.84396
vn 0.09463 0.91613 0.38955
vn -0.28120 0.95421 0.10206
vn -0.32031 0.75829 -0.56780
vn 0.59710 -0.10564 0.79518
vn 0.00595 -0.99998 0.00021
vn -0.08224 -0.15639 0.98427
vn -0.02164 0.99638 -0.08215
vn -0.02542 0.99754 -0.06529
vn -0.00689 0.97205 -0.23469
vn -0.25045 0.84355 0.47508
vn 0.02570 -0.96761 0.25113
vn -0.08949 -0.95489 -0.28317
vn -0.55209 0.20175 -0.80901
vn 0.08145 0.53722 0.83950
vn -0.21963 -0.67217 0.70707
vn 0.52826 0.81651 -0.23292
vn 0.02281 0.99326 -0.11366
vn 0.73994 0.67136 -0.04207
vn -0.10793 0.89761 -0.42738
vn 0.21277 -0.74921 -0.62723
vn 0.26820 0.43940 0.85732
vn 0.45721 0.51221 0.72704
vn 0.09373 -0.92411 0.37045
vn -0.09763 -0.29503 -0.95049
vn 0.02075 -0.91219 -0.40924
vn 0.35989 0.42512 0.83052
vn -0.08693 -0.88107 -0.46493
vn -0.05407 0.99837 0.01825
vn 0.17417 0.06708 0.98243
vn 0.12739 0.58814 0.79866
vn 0.49335 0.76484 0.41427
vn -0.15717 0.04551 -0.98652
vn 0.27797 0.46289 -0.84170
vn -0.12797 -0.99178 0.00000
vn -0.06879 0.99603 -0.05654
vn 0.40140 0.90585 -0.13533
vn 0.00365 0.92869 -0.37085
vn 0.24112 0.65986 0.71165
vn -0.04672 0.14761 -0.98794
vn 0.17491 0.96823 0.17874
vn 0.04379 0.90214 0.42921
vn 0.33499 0.25376 0.90741
vn 0.07891 0.85198 0.51759
vn -0.42581 -0.86827 -0.25455
vn -0.10948 -0.64495 -0.75634
vn 0.26180 -0.75370 0.60282
vn 0.18671 -0.81404 0.54998
vn 0.18111 -0.64026 0.74650
vn -0.01513 -0.33950 -0.94048
vn -0.19246 -0.88312 -0.42785
vn -0.18286 0.36578 -0.91256
vn 0.37111 -0.31194 0.87463
vn 0.65701 0.75042 0.07216
vn 0.60152 -0.51345 0.61200
vn -0.04544 -0.96708 -0.25038
vn -0.01859 0.99620 -0.08511
vn 0.20082 -0.09036 0.97545
vn 0.60904 -0.48172 0.63009
vn 0.05440 -0.33340 -0.94121
vn -0.10504 0.58989 -0.80063
vn 0.03596 -0.94272 -0.33165
vn -0.01602 -0.96896 -0.24668
vn 0.14142 -0.22987 0.96289
vn 0.34713 -0.18673 0.91904
vn 0.17789 0.36887 0.91230
vn -0.09254 0.61168 -0.78568
vn 0.45091 0.15771 0.87853
vn 0.50558 -0.42180 0.75264
vn 0.29965 -0.33782 0.89224
vn -0.02887 -0.99847 -0.04707
vn -0.24882 -0.69135 0.67832
vn 0.68121 -0.73207 0.00573
vn 0.21176 0.94292 -0.25704
vn -0.00749 -0.98708 -0.16007
vn -0.22496 -0.21248 -0.95092
vn -0.60717 0.79159 0.06870
vn -0.02538 0.94413 -0.32861
vn 0.08115 0.94726 0.31002
vn 0.11054 0.30215 0.94683
vn 0.36320 0.92185 0.13521
vn -0.10266 0.79176 -0.60215
vn -0.07450 0.97772 -0.19625
vn 0.02849 -0.98156 0.18901
vn 0.10467 0.93787 -0.33081
vn -0.22170 0.78416 -0.57961
vn 0.22117 0.78350 0.58070
vn 0.05177 -0.86733 -0.49503
vn 0.28456 -0.45472 0.84395
vn 0.30790 -0.25004 0.91797
vn 0.24365 0.81902 0.51946
vn 0.08753 0.30319 0.94890
vn 0.35751 -0.93326 0.03482
vn 0.15351 -0.40319 -0.90215
vn 0.79552 -0.59864 -0.09371
vn 0.05077 -0.55555 0.82993
vn 0.04519 0.68405 0.72803
vn 0.15587 -0.73833 -0.65618
vn 0.34731 0.14844 0.92593
vn -0.05000 0.00571 -0.99873
vn -0.39688 0.22440 0.89002
vn 0.31519 -0.50568 -0.80308
vn 0.80378 -0.34865 0.48206
vn 0.28475 0.90768 -0.30826
vn -0.06900 -0.20768 -0.97576
vn 0.23307 0.95651 -0.17539
vn -0.28173 -0.41119 0.86692
vn -0.73174 0.22256 0.64423
vn -0.08530 0.89302 -0.44187
vn -0.00166 -0.85332 0.52138
vn 0.32482 -0.85273 -0.40908
vn -0.18577 0.75408 0.62996
vn -0.03940 -0.43941 -0.89742
vn 0.12911 -0.98093 0.14529
vn 0.00767 -0.48129 -0.87653
vn -0.26079 0.90824 -0.32725
vn 0.06690 -0.98415 0.16424
vn 0.16548 0.65626 0.73617
vn -0.09337 -0.14805 -0.98456
vn -0.09517 -0.05194 -0.99410
vn -0.38539 0.48816 -0.78306
vn -0.16806 -0.97842 0.12023
vn -0.95215 0.00815 -0.30553
vn 0.47296 0.87714 0.08330
vn -0.18448 -0.34241 -0.92126
vn -0.05266 -0.37704 -0.92470
vn -0.34358 -0.45370 0.82226
vn -0.04060 -0.83197 -0.55333
vn 0.06729 0.98812 -0.13816
vn -0.38135 0.90694 0.17898
vn -0.08423 0.99612 -0.02536
vn 0.08123 -0.94554 -0.31520
vn 0.31582 0.18348 0.93091
vn -0.67927 -0.06235 -0.73124
vn -0.20120 0.74776 -0.63275
vn 0.07430 0.04006 0.99643
vn 0.10015 -0.70836 0.69871
vn -0.07930 0.47858 -0.87445
vn -0.02905 -0.92929 -0.36822
vn 0.42498 -0.27651 0.86193
vn 0.20343 0.48668 0.84956
vn -0.36439 -0.04786 0.93001
vn -0.22617 0.75792 -0.61189
vn -0.08916 -0.75485 -0.64981
vn 0.21686 0.05096 0.97487
vn 0.00000 0.00000 0.00000
vn 0.44908 -0.85640 0.25478
vn 0.04352 -0.99578 -0.08083
vn 0.04883 0.77036 0.63573
vn -0.28615 0.39279 -0.87398
vn -0.01012 -0.99973 0.02093
vn -0.11202 -0.98735 0.11219
vn 0.08807 -0.86271 0.49797
vn -0.09587 -0.59874 -0.79518
vn 0.00376 -0.99151 -0.12998
vn -0.44127 -0.66773 -0.59951
vn -0.04009 0.98670 -0.15753
vn -0.60886 0.00011 -0.79328
vn -0.87917 0.47640 0.01040
vn -0.32328 0.14337 0.93538
vn -0.06255 0.02656 0.99769
vn -0.07988 0.78584 0.61325
vn 0.18080 -0.93761 0.29700
vn 0.03390 -0.02238 0.99917
vn -0.17713 -0.84159 -0.51024
vn 0.18065 0.84461 -0.50398
vn -0.02824 0.50560 -0.86231
vn 0.22980 0.42979 -0.87319
vn 0.19696 0.26445 -0.94407
vn 0.00480 0.97429 0.22523
vn 0.46740 0.40847 -0.78402
vn -0.50808 -0.34842 -0.78769
vn 0.28292 0.95130 -0.12242
vn 0.17946 0.96220 0.20485
vn -0.00159 -0.99916 -0.04085
vn -0.76440 -0.09678 -0.63743
vn 0.11894 -0.01654 0.99276
vn 0.07353 -0.96292 0.25957
vn -0.09810 -0.44549 0.88990
vn 0.59856 0.21518 0.77164
vn 0.04815 0.98613 0.15883
vn 0.31412 -0.84354 0.43563
vn -0.61692 0.78695 -0.01116
vn 0.14533 0.50682 0.84971
vn -0.85274 -0.08693 -0.51505
vn 0.07192 0.96283 -0.26036
vn -0.00855 0.99994 0.00644
vn 0.93751 0.10707 0.33108
vn 0.24502 -0.41582 0.87582
vn -0.04840 -0.92193 0.38433
vn -0.18477 0.98057 0.06588
vn 0.04655 0.02179 0.99868
vn 0.34203 0.54431 0.76599
vn 0.19412 0.52390 0.82936
vn -0.17312 0.00082 -0.98490
vn 0.08709 0.62574 0.77516
vn -0.00991 0.25043 0.96808
vn -0.10396 -0.99455 0.00819
vn 0.29665 0.71889 0.62865
vn -0.07800 -0.77425 -0.62805
vn 0.09684 0.89322 -0.43907
vn 0.13714 -0.72426 0.67575
vn 0.08554 0.39972 0.91264
vn 0.08372 0.05504 0.99497
vn 0.08014 0.76296 0.64145
vn 0.06432 0.90550 0.41945
vn 0.64256 -0.29547 0.70697
vn -0.77828 -0.37844 0.50106
vn 0.04682 0.99255 0.11249
vn -0.21600 -0.96687 0.13606
vn -0.44151 0.37690 0.81426
vn 0.06723 0.20936 0.97553
vn 0.24536 -0.25185 -0.93615
vn 0.05703 -0.05355 0.99694
vn -0.09671 -0.47131 -0.87665
vn 0.12064 0.08717 0.98886
vn -0.01939 -0.99791 -0.06165
vn 0.58740 -0.65998 -0.46839
vn -0.07459 -0.78638 0.61322
vn 0.30297 -0.92324 -0.23631
vn -0.38533 -0.13007 0.91357
vn -0.31848 -0.62682 0.71110
vn -0.95281 0.03611 -0.30142
vn -0.57182 0.81699 -0.07444
vn -0.49347 0.09005 0.86509
vn -0.96660 -0.02418 0.25513
vn -0.02604 0.98327 -0.18027
vn 0.22841 0.12896 0.96499
vn 0.05477 -0.99676 0.05892
vn 0.23161 -0.91251 -0.33717
vn -0.12841 -0.81441 0.56591
vn -0.99465 -0.05100 0.08986
vn 0.12110 -0.05452 0.99114
vn -0.08749 0.26512 0.96024
vn -0.40698 0.29677 0.86389
vn -0.86048 0.31122 0.40338
vn -0.18240 0.44673 0.87588
vn -0.49339 0.02804 0.86936
vn 0.13708 0.53073 0.83638
vn 0.42926 -0.08631 -0.89905
vn 0.23881 -0.93159 -0.27406
vn -0.08288 0.41228 -0.90728
vn 0.10000 -0.07585 0.99209
vn -0.01291 0.15965 -0.98709
vn -0.66977 -0.36565 0.64631
vn -0.87679 -0.23256 -0.42090
vn 0.05228 -0.23499 -0.97059
vn 0.35090 0.75101 -0.55934
vn -0.10725 -0.02494 -0.99392
vn 0.24248 -0.89028 -0.38549
vn 0.77457 0.44168 0.45273
vn -0.07521 -0.93179 0.35513
vn 0.05593 -0.96924 -0.23966
vn 0.60497 -0.50175 0.61827
vn 0.70976 -0.57037 0.41342
vn 0.02671 -0.60325 -0.79711
vn 0.00000 0.00000 1.00000
vn 0.07197 0.10183 0.99219
vn 0.41709 0.04696 0.90765
vn -0.18170 -0.08199 0.97993
vn -0.12410 0.28696 0.94987
vn -0.02394 -0.19635 0.98024
vn 0.01532 0.99328 0.11470
vn -0.22789 0.54655 0.80582
vn 0.24427 -0.74717 0.61812
vn 0.67725 0.13486 0.72328
vn 0.06237 0.72905 0.68162
vn -0.03039 -0.67081 0.74101
vn -0.93034 -0.36449 -0.04012
vn 0.11192 0.86888 0.48221
vn 0.06335 -0.84521 0.53067
vn 0.28623 0.94219 -0.17422
vn 0.13510 0.93748 -0.32074
vn -0.26398 -0.16653 0.95004
vn -0.59143 0.80276 -0.07605
vn 0.04108 0.23685 0.97068
vn -0.30862 0.85669 0.41333
vn -0.11844 -0.48191 -0.86818
vn 0.22767 -0.40068 0.88748
vn -0.14332 -0.97453 -0.17251
vn 0.15380 0.42473 0.89216
vn -0.28692 -0.08747 0.95395
vn -0.02330 -0.89245 -0.45055
vn -0.10234 -0.99371 0.04551
vn 0.18085 -0.74478 -0.64233
vn 0.25028 -0.77629 0.57857
vn -0.12058 -0.10708 0.98691
vn 0.32557 -0.26369 0.90801
vn 0.12288 -0.68153 0.72140
vn -0.09152 0.09746 0.99102
vn 0.08135 -0.02347 0.99641
vn 0.28084 -0.68661 0.67059
vn -0.14360 -0.11028 0.98347
vn 0.20863 0.26259 0.94208
vn 0.04286 0.99880 0.02380
vn 0.17669 0.63163 -0.75487
vn 0.06686 0.22735 0.97152
vn -0.09898 -0.02147 -0.99486
vn -0.09844 0.52628 -0.84459
vn 0.09292 -0.54671 0.83215
vn -0.01731 0.99700 -0.07546
vn -0.09996 0.30963 -0.94559
vn -0.43163 -0.67178 0.60200
vn -0.05555 0.99733 0.04749
vn 0.00000 0.00000 0.00000
vn 0.05098 0.12737 0.99054
vn -0.00088 -0.13665 0.99062
vn -0.88582 0.13841 -0.44291
vn 0.01162 0.03796 0.99921
vn -0.43165 -0.27531 -0.85900
vn -0.27359 -0.22977 0.93400
vn -0.06938 0.97040 0.23132
vn 0.28037 -0.95662 -0.07916
vn 0.04373 -0.93983 0.33883
vn -0.06516 -0.10322 -0.99252
vn -0.09015 -0.13284 -0.98703
vn 0.03636 0.98087 0.19125
vn -0.01629 0.99681 -0.07815
vn 0.30757 0.20538 0.92910
vn 0.23747 -0.86054 0.45065
vn 0.67866 0.49986 -0.53811
vn 0.34064 0.91723 0.20653
vn 0.10265 -0.05709 0.99308
vn 0.02869 0.99904 -0.03322
vn 0.16266 -0.72657 0.66756
vn 0.16531 0.16071 0.97306
vn 0.45793 0.85226 -0.25291
vn 0.56245 -0.43129 0.70544
vn -0.04744 -0.21753 0.97490
vn -0.09123 0.63193 -0.76964
vn -0.04176 0.81470 0.57837
vn -0.02846 0.39142 -0.91977
vn 0.66096 -0.63085 -0.40640
vn 0.09048 0.71643 0.69176
vn 0.48469 0.01725 -0.87452
vn 0.00385 0.94043 0.33996
vn 0.00000 0.00000 0.00000
vn -0.29220 0.24555 -0.92430
vn -0.48824 0.42005 0.76497
vn 0.09018 0.39093 -0.91599
vn 0.03279 -0.08491 -0.99585
vn 0.27709 0.14463 0.94990
vn 0.43089 0.16209 0.88773
vn 0.10771 -0.71053 0.69538
vn 0.40877 -0.12358 0.90423
vn 0.71467 0.69915 -0.02081
vn 0.68729 -0.71081 -0.14959
vn 0.40679 -0.86052 -0.30665
vn 0.17227 0.93452 -0.31146
vn 0.10680 0.58364 0.80496
vn -0.07440 -0.18257 -0.98037
vn 0.40078 -0.00924 -0.91613
vn -0.07897 -0.48378 -0.87162
vn 0.21771 0.49878 0.83894
vn 0.29441 0.82126 0.48872
vn 0.14807 0.17426 0.97350
vn 0.04401 -0.92740 0.37147
vn 0.16164 -0.88620 0.43419
vn 0.21792 0.78550 -0.57923
vn -0.09413 -0.99514 -0.02879
vn -0.19743 0.84921 0.48977
vn 0.07064 -0.08420 -0.99394
vn 0.19397 0.85542 -0.48023
vn 0.77627 -0.17993 0.60418
vn 0.34164 0.38967 0.85524
vn 0.01619 0.15535 0.98773
vn 0.15708 0.77508 -0.61202
vn 0.59976 -0.76651 0.22968
vn 0.01082 0.14550 -0.98930
vn -0.04516 -0.96799 -0.24690
vn 0.06157 0.81034 0.58272
vn -0.05886 -0.25780 -0.96440
vn 0.04748 0.84351 0.53501
vn -0.20506 -0.71258 -0.67095
vn 0.20285 -0.00616 0.97919
vn -0.15825 0.17419 0.97191
vn 0.01805 -0.23888 0.97088
vn 0.42576 0.90289 -0.05932
vn -0.92877 -0.22492 0.29460
vn 0.41452 -0.57347 -0.70662
vn 0.19072 0.18220 0.96459
vn -0.02702 -0.92535 -0.37815
vn 0.03620 -0.04697 0.99824
vn -0.14575 -0.88822 -0.43569
vn -0.17429 -0.10473 -0.97911
vn -0.26016 -0.96494 0.03478
vn 0.06360 0.24853 -0.96653
vn 0.01123 -0.26801 0.96335
vn -0.12085 -0.13141 -0.98393
vn 0.01877 -0.80926 0.58714
vn -0.14468 0.91759 0.37026
vn 0.19606 0.65018 0.73404
vn -0.06447 0.76469 -0.64117
vn -0.05887 -0.82233 -0.56596
vn -0.79253 -0.32153 0.51818
vn 0.05429 -0.39752 0.91599
vn -0.03085 0.97154 -0.23487
vn -0.09990 -0.06066 0.99315
vn 0.11984 0.43564 0.89211
vn 0.13347 0.28805 0.94827
vn -0.11236 0.45226 0.88478
vn -0.02815 0.02541 0.99928
vn 0.59970 0.80014 -0.01124
vn 0.04968 0.74507 0.66514
vn -0.07028 -0.14036 -0.98760
vn -0.04004 -0.94105 -0.33589
vn 0.04677 0.73720 0.67405
vn -0.24488 -0.96482 0.09570
vn 0.05170 0.36228 0.93063
vn 0.40825 0.81650 -0.40825
vn 0.69815 0.29434 -0.65265
vn -0.16769 -0.02253 -0.98558
vn 0.07278 0.20886 -0.97523
vn 0.00962 -0.12635 -0.99194
vn -0.47561 0.27213 0.83650
vn 0.60115 0.32485 -0.73013
vn -0.34370 0.72157 -0.60101
vn -0.49982 -0.09425 0.86099
vn -0.11637 -0.88045 0.45963
vn -0.33800 -0.84386 -0.41673
vn -0.15326 0.85673 0.49246
vn 0.12763 -0.03417 0.99123
vn -0.36669 -0.86276 0.34810
vn 0.18141 0.01193 0.98334
vn -0.06419 -0.10549 0.99235
vn 0.02481 0.99661 0.07850
vn 0.16803 0.12000 0.97845
vn -0.11522 0.04353 0.99239
vn 0.32721 0.22363 -0.91811
vn 0.33626 -0.39855 -0.85328
vn -0.31006 -0.95067 -0.00915
vn -0.70646 0.46625 -0.53247
vn 0.08128 -0.24401 0.96636
vn 0.01040 -0.99865 -0.05092
vn 0.16589 -0.44334 -0.88087
vn -0.21678 -0.08612 0.97241
vn -0.47286 0.33152 -0.81639
vn -0.09425 0.79231 0.60279
vn -0.72121 -0.11707 -0.68276
vn -0.07602 -0.90074 -0.42765
vn -0.48265 0.79778 -0.36139
vn -0.32193 -0.92821 0.18650
vn 0.65945 -0.05812 -0.74950
vn -0.50577 -0.06118 0.86050
vn 0.11179 -0.04400 0.99276
vn 0.47573 0.84739 -0.23581
vn 0.09220 0.94467 -0.31479
vn 0.05222 -0.82148 0.56784
vn -0.32193 0.20878 -0.92346
vn 0.17798 0.55404 0.81324
vn 0.05590 -0.99824 0.02005
vn -0.09014 0.13281 0.98703
vn 0.00796 0.26955 -0.96295
vn 0.28027 0.95646 -0.08140
vn -0.09902 0.66666 -0.73876
vn 0.06532 -0.76647 0.63895
vn -0.04970 0.97897 -0.19786
vn 0.00000 0.00000 0.00000
vn 0.10625 0.02687 0.99398
vn -0.07695 -0.41896 0.90474
vn -0.07830 0.74841 -0.65860
vn -0.34085 -0.19562 -0.91954
vn 0.20466 -0.67403 0.70978
vn -0.77407 -0.34033 -0.53384
vn -0.34324 -0.90978 -0.23342
vn -0.69572 -0.34410 0.63054
vn 0.26262 -0.45130 -0.85285
vn -0.35584 -0.18151 0.91675
vn -0.82081 -0.08493 0.56486
vn -0.03901 -0.62422 0.78027
vn -0.08018 -0.95580 -0.28289
vn 0.03827 0.99922 -0.01017
vn -0.06917 -0.97944 0.18951
vn 0.01349 0.38302 0.92364
vn -0.63507 -0.54275 0.54964
vn -0.10330 -0.24265 0.96460
vn 0.07422 -0.54592 0.83455
vn 0.15412 -0.78933 0.59431
vn -0.45787 -0.71531 0.52790
vn -0.01440 -0.17461 0.98453
vn -0.09022 -0.98568 0.14243
vn 0.03874 -0.98090 0.19061
vn -0.26368 -0.91052 -0.31847
vn -0.76965 0.11882 -0.62732
vn -0.03244 -0.99918 -0.02430
vn -0.18502 -0.03883 -0.98197
vn 0.07559 0.06324 0.99513
vn -0.09830 0.20235 -0.97437
vn 0.07212 0.33335 0.94004
vn 0.40406 0.91155 -0.07621
vn 0.41052 -0.81934 -0.40019
vn -0.20988 -0.23579 0.94887
vn 0.06778 0.12990 -0.98921
vn 0.04547 0.93150 -0.36089
vn 0.34419 -0.00752 -0.93887
vn -0.28438 0.48984 0.82412
vn -0.34681 -0.13962 -0.92749
vn 0.22781 -0.09426 0.96913
vn 0.89615 0.38995 -0.21177
vn -0.32328 0.07084 0.94365
vn -0.23287 0.83377 0.50059
vn 0.27194 -0.29208 0.91692
vn 0.09076 -0.34292 0.93497
vn -0.09562 -0.29446 0.95087
vn -0.77190 0.07704 -0.63106
vn 0.01251 -0.99775 -0.06588
vn -0.66981 0.21029 0.71214
vn -0.07098 -0.70293 -0.70771
vn 0.02015 -0.90014 0.43513
vn 0.08687 -0.98899 0.11977
vn 0.04770 0.95249 0.30083
vn 0.06047 0.75389 0.65421
vn 0.02014 -0.04802 0.99864
vn -0.31344 -0.76969 -0.55617
vn 0.18015 0.98006 0.08382
vn -0.01135 -0.98026 -0.19739
vn -0.59836 -0.41310 0.68652
vn -0.32170 0.21293 0.92259
vn 0.02043 -0.99752 0.06731
vn -0.25781 0.73385 0.62849
vn -0.03416 0.98679 0.15836
vn -0.30572 0.60730 0.73330
vn 0.13925 -0.92364 -0.35707
vn 0.03806 -0.95783 0.28482
vn -0.00387 0.99937 0.03521
vn -0.00720 0.98020 0.19787
vn 0.06617 0.62682 0.77635
vn 0.78510 -0.16086 -0.59811
vn 0.17871 -0.11046 0.97768
vn -0.11664 0.10909 0.98717
vn -0.06892 -0.10751 -0.99181
vn 0.20956 0.34274 0.91576
vn 0.34021 0.75579 0.55950
vn 0.13403 0.12451 -0.98312
vn 0.08558 -0.99434 -0.06289
vn -0.24215 -0.11022 0.96396
vn 0.01077 0.85331 -0.52130
vn -0.11687 -0.91532 -0.38539
vn 0.18001 0.42033 0.88934
vn -0.00492 0.98535 -0.17047
vn 0.31384 0.92912 -0.19555
vn 0.00000 0.00000 0.00000
vn -0.53812 -0.41645 -0.73280
vn 0.60577 -0.08174 -0.79143
vn 0.01443 -0.27186 0.96223
vn 0.22721 -0.22045 0.94857
vn 0.50230 0.15208 0.85122
vn -0.19083 -0.82808 -0.52713
vn -0.76921 0.41493 0.48595
vn -0.26135 0.88712 -0.38042
vn 0.27085 0.66871 0.69244
vn 0.76452 -0.59546 0.24685
vn -0.24939 0.94584 0.20785
vn -0.40774 0.33376 0.84991
vn 0.65203 0.75531 0.06606
vn 0.06528 0.99303 0.09814
vn -0.04560 0.95946 -0.27813
vn 0.37096 -0.03721 0.92790
vn 0.76641 0.51684 -0.38145
vn 0.08067 -0.31445 0.94584
vn 0.21226 -0.87719 -0.43068
vn 0.39491 0.64973 0.64954
vn -0.04196 0.88907 -0.45584
vn -0.12660 0.02080 0.99174
vn -0.49924 0.86297 0.07770
vn -0.18007 -0.42799 0.88566
vn -0.65300 -0.01751 0.75715
vn -0.44717 -0.50130 0.74077
vn 0.24349 -0.96895 0.04290
vn -0.59268 -0.66820 -0.44971
vn -0.40629 -0.89309 0.19317
vn 0.36026 -0.43629 -0.82454
vn 0.01344 -0.99956 0.02649
vn -0.10042 0.41508 -0.90423
vn -0.64628 -0.27010 0.71370
vn -0.01639 0.99530 0.09545
vn -0.06231 0.12626 -0.99004
vn 0.06183 0.99808 -0.00462
vn 0.52799 0.03196 0.84865
vn 0.13875 0.29188 0.94634
vn 0.19439 0.54014 0.81882
vn 0.02301 -0.07740 0.99673
vn 0.10126 -0.08180 -0.99149
vn 0.00000 0.00000 0.00000
vn -0.21234 -0.28293 0.93534
vn 0.12562 0.25301 0.95927
vn 0.16276 0.97527 -0.14952
vn 0.07283 -0.69977 0.71065
vn 0.08494 0.05966 0.99460
vn 0.27818 -0.20728 0.93790
vn -0.33400 0.47448 0.81444
vn 0.00881 -0.16508 0.98624
vn 0.13525 0.39934 0.90677
vn -0.05931 0.16487 0.98453
vn -0.48439 0.79207 -0.37146
vn -0.05097 -0.99758 0.04727
vn 0.01778 0.87166 -0.48979
vn 0.11262 0.75143 0.65013
vn -0.25800 0.92644 0.27412
vn -0.11314 -0.61840 0.77768
vn 0.91682 0.32316 0.23452
vn 0.07450 0.87972 -0.46963
vn -0.10367 -0.02856 -0.99420
vn -0.17492 -0.87810 0.44535
vn 0.01461 0.93326 -0.35891
vn 0.16340 0.02179 -0.98632
vn -0.48182 -0.04023 -0.87535
vn -0.55239 0.79745 -0.24279
vn -0.02587 0.99182 -0.12503
vn 0.18622 -0.78124 0.59581
vn -0.73730 -0.63478 0.23118
vn 0.02243 0.95602 0.29243
vn -0.09659 0.49260 -0.86488
vn -0.27062 -0.83092 -0.48614
vn -0.01092 -0.97944 -0.20143
vn 0.37681 -0.91701 0.13080
vn 0.17309 -0.29644 0.93924
vn 0.11438 -0.47288 0.87367
vn -0.03115 -0.66190 -0.74894
vn 0.99928 0.03559 0.01341
vn 0.02514 -0.98485 0.17155
vn 0.33943 -0.22847 0.91246
vn 0.42478 -0.20767 0.88116
vn 0.00236 0.98843 0.15169
vn 0.09316 0.99456 0.04668
vn -0.02341 -0.29330 0.95573
vn -0.09005 -0.63564 -0.76672
vn 0.13347 0.56095 0.81702
vn -0.08851 0.32728 -0.94077
vn 0.31523 -0.18826 0.93015
vn 0.07481 0.69347 -0.71660
vn 0.63676 0.04277 0.76987
vn 0.59903 -0.22437 -0.76865
vn 0.50532 0.37563 0.77688
vn -0.09440 -0.74544 -0.65985
vn 0.03500 -0.87913 0.47530
vn 0.05028 0.85425 0.51742
vn 0.34989 -0.16740 0.92171
vn -0.25717 -0.84212 0.47402
vn 0.06593 -0.88021 0.46998
vn -0.03170 0.57467 0.81777
vn 0.45429 -0.08477 0.88681
vn 0.18189 0.88368 -0.43131
vn -0.40517 -0.69492 0.59408
vn 0.25393 -0.01826 0.96705
vn -0.01233 0.99983 -0.01338
vn 0.72921 0.66916 -0.14311
vn -0.17962 0.04218 0.98283
vn 0.04102 0.01284 0.99908
vn 0.02173 0.84747 0.53039
vn -0.93690 -0.33511 -0.09958
vn 0.06993 0.99529 0.06717
vn -0.01247 -0.99458 -0.10327
vn -0.25292 -0.15572 0.95487
vn -0.04015 -0.23375 -0.97147
vn -0.12490 0.96694 -0.22231
vn -0.52553 -0.67209 -0.52165
vn -0.55108 0.63637 -0.53977
vn -0.93918 0.33071 0.09261
vn 0.03711 -0.79756 0.60210
vn 0.15857 -0.46860 0.86906
vn 0.10451 -0.80709 0.58110
vn -0.29067 0.95682 0.00393
vn -0.34694 0.91078 0.22387
vn -0.22328 -0.82827 0.51392
vn 0.73621 -0.29702 0.60808
vn 0.55445 0.80853 -0.19715
vn 0.01984 -0.98294 0.18287
vn -0.83030 0.28301 0.48011
vn -0.10049 -0.51552 -0.85096
vn -0.43062 0.57009 0.69969
vn -0.40685 -0.78084 -0.47409
vn -0.06831 -0.63009 -0.77351
vn -0.37097 0.32693 -0.86919
vn 0.18194 0.96698 0.17846
vn 0.22943 0.65078 0.72377
vn -0.04223 0.96315 -0.26564
vn -0.54507 -0.76849 0.33514
vn -0.02318 -0.68945 0.72397
vn -0.78627 -0.18872 0.58836
vn 0.02785 -0.03432 0.99902
vn 0.61828 -0.09261 -0.78048
vn -0.32565 0.70227 0.63306
vn 0.04569 0.57084 0.81979
vn -0.00324 0.17035 0.98538
vn 0.03764 -0.99301 -0.11187
vn -0.08874 -0.99349 -0.07139
vn -0.04826 0.94155 -0.33340
vn 0.02690 -0.96183 0.27231
vn 0.01274 -0.86329 -0.50455
vn 0.17842 0.94681 -0.26779
vn -0.10717 -0.99405 0.01943
vn -0.11231 0.10392 0.98822
vn 0.02294 0.95588 0.29285
vn 0.38786 0.34061 0.85647
vn 0.12360 -0.73807 0.66331
vn 0.03113 0.99801 0.05487
vn -0.11796 0.99040 0.07205
vn -0.02606 -0.93789 0.34595
vn -0.08903 -0.90560 0.41467
vn 0.37185 -0.63349 0.67855
vn -0.30982 0.84080 0.44392
vn -0.03923 -0.99722 0.06333
vn 0.11682 0.81532 0.56711
vn -0.65634 -0.29144 0.69590
vn 0.20571 -0.86854 0.45091
vn 0.21760 -0.50134 0.83744
vn -0.06917 0.73922 -0.66990
vn 0.65463 0.57303 -0.49305
vn -0.41058 0.80988 -0.41895
vn -0.13582 0.53958 -0.83091
vn -0.13555 -0.77996 -0.61098
vn -0.06021 0.59959 -0.79804
vn -0.13274 -0.84780 -0.51344
vn 0.53010 -0.49497 -0.68847
vn -0.05615 0.83883 -0.54150
vn 0.01065 0.99347 -0.11363
vn 0.02911 0.91653 0.39892
vn -0.17147 0.18227 0.96818
vn -0.10000 -0.02123 -0.99476
vn -0.50995 -0.02626 0.85980
vn -0.61395 -0.75185 -0.24038
vn -0.38223 -0.06468 0.92180
vn 0.14797 0.00434 0.98898
vn -0.77612 -0.47993 0.40903
vn -0.01589 0.96806 -0.25020
vn -0.60797 0.61117 -0.50680
vn 0.04463 0.79568 0.60408
vn -0.74639 0.65324 0.12723
vn 0.01923 0.94090 0.33813
vn 0.69496 -0.26170 0.66973
vn 0.10653 -0.03934 0.99353
vn 0.00000 0.00000 0.00000
vn -0.47881 -0.33147 0.81294
vn 0.05995 -0.82184 0.56655
vn -0.05473 -0.74683 -0.66276
vn -0.18121 -0.42934 -0.88478
vn -0.08177 -0.14640 0.98584
vn -0.02614 -0.98262 0.18376
vn 0.05647 0.73757 0.67290
vn -0.11342 0.81777 -0.56426
vn 0.06455 -0.77625 -0.62711
vn 0.02340 -0.99859 0.04770
vn 0.81422 -0.32045 0.48410
vn 0.08756 -0.34668 0.93389
vn -0.04450 0.75745 -0.65137
vn 0.27581 0.94028 0.19950
vn 0.00267 0.99081 -0.13522
vn -0.01617 -0.26398 0.96439
vn -0.04066 0.32673 0.94424
vn 0.05220 0.41800 0.90695
vn -0.85225 0.41771 0.31495
vn -0.14994 -0.96226 0.22710
vn -0.10671 0.89593 -0.43119
vn 0.02872 0.76546 0.64284
vn -0.01933 0.20824 0.97789
vn -0.10098 -0.02007 -0.99469
vn -0.22423 0.76394 0.60508
vn 0.14257 0.02596 0.98944
vn 0.02324 -0.97145 0.23612
vn -0.09352 -0.16669 -0.98156
vn 0.02256 -0.98946 0.14305
vn -0.09728 -0.97978 -0.17485
vn -0.11834 -0.10973 -0.98689
vn 0.10043 0.02365 0.99466
vn 0.14328 -0.40895 0.90124
vn -0.00331 0.88168 0.47184
vn 0.21864 -0.31485 0.92361
vn 0.04086 -0.66388 0.74673
vn 0.01728 -0.95696 -0.28969
vn -0.04279 -0.82080 -0.56961
vn -0.26239 0.90826 0.32591
vn -0.26976 -0.78735 0.55436
vn 0.03193 0.87817 0.47728
vn 0.50369 -0.45202 0.73619
vn 0.88832 -0.14654 0.43522
vn 0.55122 0.23764 -0.79980
vn 0.02518 0.91728 -0.39746
vn 0.02733 -0.99078 0.13273
vn -0.06606 0.40102 0.91368
vn 0.05344 -0.94933 0.30971
vn -0.11156 0.16143 -0.98056
vn -0.14105 -0.95879 0.24662
vn -0.16210 0.79272 0.58764
vn -0.02867 0.96336 0.26669
vn -0.00973 0.99939 0.03365
vn 0.50265 -0.49592 0.70811
vn 0.37827 -0.71785 -0.58446
vn -0.11371 0.54911 0.82798
vn -0.11710 0.99274 -0.02740
vn -0.00843 -0.98273 -0.18483
vn -0.01820 0.69299 -0.72072
vn 0.21596 -0.69810 0.68265
vn -0.01125 -0.98013 -0.19806
vn -0.16127 -0.87739 0.45186
vn 0.14811 -0.98780 -0.04819
vn -0.01389 0.07224 0.99729
vn 0.03740 -0.14428 0.98883
vn 0.91888 0.33626 -0.20638
vn 0.01485 0.98424 0.17619
vn -0.24061 0.32053 0.91617
vn -0.74757 0.16708 0.64283
vn 0.02205 0.44289 0.89631
vn -0.09463 0.99171 -0.08695
vn 0.00996 -0.99969 0.02276
vn -0.08945 -0.24889 -0.96439
vn -0.09143 0.98574 0.14126
vn 0.04973 0.71748 0.69480
vn -0.04275 0.83593 0.54717
vn 0.05986 -0.95979 0.27428
vn -0.39160 -0.49632 0.77480
vn -0.99091 0.08328 0.10561
vn -0.07540 0.52331 -0.84880
vn -0.00563 -0.99381 -0.11094
vn -0.29364 0.59316 0.74962
vn -0.06496 -0.92905 -0.36420
vn 0.00536 -0.52753 0.84952
vn 0.50776 -0.16725 0.84511
vn -0.50846 -0.79872 -0.32175
vn -0.11376 0.28312 -0.95231
vn -0.04478 -0.99888 -0.01525
vn -0.02415 -0.18336 -0.98275
vn 0.01550 0.93140 0.36366
vn 0.04857 -0.99296 -0.10803
vn -0.00232 0.97748 0.21103
vn -0.06721 0.56028 -0.82557
vn 0.03242 0.84687 0.53081
vn 0.03232 -0.22391 -0.97407
vn -0.06672 -0.53923 -0.83951
vn -0.01982 0.98587 -0.16631
vn 0.10266 0.20466 0.97343
vn 0.00395 0.93766 -0.34753
vn -0.02849 -0.93448 -0.35488
vn -0.15232 0.80050 -0.57966
vn -0.09004 -0.79279 -0.60281
vn -0.01159 0.99197 -0.12597
vn 0.00963 -0.99949 0.03052
vn -0.09250 0.81365 -0.57395
vn -0.01809 -0.97069 -0.23965
vn 0.56591 0.33377 -0.75389
vn -0.03137 0.98542 -0.16721
vn 0.32151 0.11380 0.94004
vn -0.00069 0.71856 -0.69546
vn 0.09727 -0.83921 0.53504
vn 0.00945 0.70920 0.70494
vn 0.05280 0.67574 0.73525
vn 0.03541 -0.94642 0.32100
vn -0.09873 -0.65427 -0.74979
vn 0.01025 -0.99665 -0.08111
vn -0.58401 -0.12059 -0.80274
vn 0.10512 -0.49481 -0.86262
vn 0.05930 -0.80267 -0.59347
vn -0.08225 0.96863 0.23449
vn -0.37766 -0.80722 0.45363
vn -0.04298 -0.99842 0.03613
vn -0.99867 0.00374 -0.05135
vn 0.25270 0.95264 0.16915
vn -0.03167 -0.93678 -0.34847
vn -0.38166 -0.57528 -0.72346
vn 0.01743 -0.99984 -0.00320
vn -0.00882 -0.85494 0.51865
vn -0.06685 -0.99050 -0.12013
vn -0.51156 -0.49079 -0.70529
vn -0.05490 0.98585 0.15839
vn -0.02151 0.98448 -0.17419
vn 0.13529 -0.08652 0.98702
vn 0.25143 0.66170 0.70635
vn 0.04328 0.85556 0.51590
vn -0.08806 0.28430 -0.95468
vn -0.07601 0.04809 -0.99595
vn -0.03098 0.67491 -0.73725
vn 0.02917 0.93147 0.36264
vn 0.05190 -0.99786 -0.03974
vn -0.04616 0.94748 -0.31648
vn -0.06973 -0.00566 -0.99755
vn 0.06313 0.99004 0.12587
vn -0.08070 0.25533 -0.96348
vn 0.04798 -0.45025 0.89161
vn -0.07254 0.99268 0.09657
vn -0.09604 -0.02126 -0.99515
vn 0.00244 -0.99134 -0.13128
vn 0.37803 -0.13141 0.91642
vn -0.12130 -0.86982 -0.47822
vn 0.04408 0.67211 0.73913
vn 0.01994 0.90036 -0.43469
vn -0.09025 0.39645 -0.91361
vn -0.05110 -0.92595 -0.37417
vn 0.11720 -0.91237 -0.39222
vn 0.24726 0.41391 -0.87609
vn 0.20986 0.93994 -0.26921
vn -0.11697 0.98106 0.15442
vn 0.11326 0.92534 -0.36183
vn -0.07702 -0.78463 -0.61517
vn -0.02542 -0.79449 -0.60675
vn 0.05406 0.98781 -0.14598
vn -0.31416 -0.56384 -0.76380
vn 0.06924 0.35717 0.93147
vn -0.01015 0.99872 0.04947
vn -0.13860 0.66719 -0.73188
vn -0.17344 0.96653 -0.18906
vn 0.06408 0.28510 0.95635
vn -0.18570 0.02734 -0.98223
vn 0.04363 0.83392 0.55016
vn -0.18190 0.93278 -0.31119
vn 0.54948 0.51797 -0.65557
vn 0.36475 -0.91814 0.15484
vn -0.01316 -0.53884 -0.84231
vn 0.33904 -0.85950 0.38251
vn 0.02483 0.91999 0.39116
vn 0.06345 -0.10686 0.99225
vn -0.00173 0.52370 -0.85190
vn 0.41708 -0.88398 0.21123
vn -0.99232 0.11654 0.04155
vn -0.09104 -0.11699 -0.98895
vn -0.02787 -0.90331 -0.42809
vn 0.06622 -0.53303 0.84350
vn 0.82625 0.50988 -0.23944
vn -0.19141 -0.54777 -0.81444
vn 0.22445 0.96327 -0.14742
vn 0.29261 0.34295 0.89261
vn 0.04256 -0.89084 -0.45233
vn 0.21681 -0.97060 -0.10453
vn 0.02000 -0.02885 -0.99938
vn -0.03404 0.77587 0.62997
vn -0.20651 0.80170 -0.56092
vn 0.03241 0.16201 0.98626
vn 0.16068 0.87013 -0.46589
vn -0.01177 0.07270 0.99728
vn 0.19490 -0.63598 0.74669
vn 0.17006 -0.34385 0.92350
vn 0.28806 0.17499 0.94149
vn -0.22958 0.96889 -0.09242
vn 0.14836 -0.11356 0.98239
vn -0.21430 0.97507 0.05759
vn -0.15889 0.48276 -0.86122
vn -0.13370 -0.97924 0.15238
vn 0.36607 0.67031 -0.64551
vn -0.00344 -0.65151 -0.75864
vn -0.18877 0.20952 0.95941
vn 0.70324 -0.57285 0.42105
vn -0.04149 -0.86358 0.50251
vn 0.66190 -0.33887 -0.66862
vn -0.02400 -0.92343 0.38302
vn 0.37795 0.48736 0.78717
vn 0.17031 0.58270 0.79464
vn 0.24411 0.88438 0.39785
vn -0.05086 0.91733 -0.39487
vn -0.06062 0.98256 -0.17578
vn 0.24965 -0.95755 0.14413
vn 0.51604 0.79060 0.32961
vn -0.03962 0.96829 -0.24667
vn -0.00660 0.97499 0.22214
vn 0.74857 -0.37628 -0.54594
vn -0.17658 0.75286 -0.63405
vn -0.40153 0.86674 -0.29585
vn 0.17468 -0.96745 -0.18310
vn 0.14114 -0.17686 0.97406
vn -0.11490 0.05098 -0.99207
vn 0.35357 0.28209 0.89186
vn 0.57414 0.39708 -0.71602
vn 0.58414 -0.59845 0.54831
vn 0.22734 -0.96791 -0.10710
vn -0.12842 -0.74586 -0.65361
vn 0.00713 0.96355 0.26742
vn -0.13082 -0.22431 -0.96570
vn -0.38096 0.24769 0.89080
vn 0.32519 0.86127 0.39046
vn 0.49083 0.35435 0.79594
vn 0.04088 -0.90666 0.41988
vn 0.26508 0.91214 0.31264
vn 0.02440 0.82301 0.56750
vn -0.25484 0.12848 -0.95841
vn 0.29757 -0.58538 0.75417
vn -0.11829 -0.99264 -0.02593
vn 0.01863 -0.90523 0.42451
vn 0.55792 0.82972 -0.01694
vn -0.00255 0.99996 -0.00822
vn 0.18502 0.32934 -0.92590
vn 0.44804 0.34907 0.82305
vn 0.00836 -0.99917 -0.03996
vn -0.22784 0.94901 -0.21789
vn 0.17178 0.03019 0.98467
vn 0.49876 -0.86347 0.07520
vn 0.34835 0.13217 0.92800
vn -0.01948 0.99572 -0.09036
vn -0.10043 0.00756 0.99492
vn 0.08970 -0.99589 0.01221
vn -0.51877 0.47554 -0.71045
vn 0.23903 0.83163 0.50125
vn 0.71822 -0.31730 -0.61927
vn 0.47365 0.80654 -0.35377
vn -0.59682 -0.13937 0.79018
vn -0.07822 -0.78978 -0.60838
vn 0.42747 -0.37871 0.82089
vn 0.20322 0.92739 0.31408
vn -0.70711 0.70711 0.00000
vn -0.09700 0.96546 0.24181
vn -0.00609 0.93008 -0.36730
vn -0.05053 -0.95793 0.28253
vn 0.59802 -0.32443 0.73288
vn -0.11423 0.84856 -0.51662
vn 0.34689 -0.46116 0.81670
vn 0.25819 0.18151 -0.94889
vn 0.01051 -0.32681 -0.94503
vn 0.12569 0.16604 0.97807
vn 0.04310 -0.87226 0.48714
vn 0.62081 0.38597 0.68236
vn 0.25792 0.10372 0.96058
vn 0.18211 0.89091 0.41606
vn 0.15116 -0.34999 0.92447
vn 0.91818 0.27435 -0.28578
vn 0.08587 -0.22904 0.96962
vn 0.70543 0.70174 0.09962
vn 0.45793 -0.75154 0.47486
vn 0.57823 -0.52339 0.62586
vn -0.00967 0.79181 -0.61069
vn -0.06411 -0.47381 0.87829
vn 0.65081 -0.38944 0.65175
vn 0.07049 0.34282 0.93675
vn 0.65094 0.43030 0.62539
vn -0.03644 -0.91987 -0.39053
vn -0.16522 -0.31988 -0.93294
vn 0.50238 -0.52805 0.68467
vn -0.33115 0.81166 -0.48120
vn 0.01060 0.72090 0.69296
vn -0.08003 -0.89509 -0.43864
vn -0.15507 0.57258 -0.80505
vn 0.25733 0.11301 0.95969
vn -0.28635 0.84500 0.45164
vn -0.32827 -0.65429 -0.68128
vn 0.12259 -0.77069 0.62531
vn -0.01943 0.50075 0.86537
vn -0.66228 0.74545 0.07540
vn -0.50050 0.59031 -0.63327
vn 0.28019 -0.28134 -0.91779
vn -0.38348 -0.52800 -0.75773
vn -0.06407 -0.15825 0.98532
vn 0.07697 0.81618 0.57265
vn -0.67324 0.54702 0.49750
vn -0.01247 -0.97900 -0.20350
vn 0.41258 0.81523 0.40641
vn -0.01945 0.98998 -0.13986
vn -0.15933 0.96885 0.18960
vn -0.10297 -0.92882 -0.35594
vn -0.30105 -0.66880 0.67976
vn -0.42200 0.50040 0.75598
vn 0.61061 0.26463 0.74641
vn 0.01453 -0.99676 -0.07911
vn 0.25155 -0.38512 -0.88792
vn 0.04035 -0.67603 0.73577
vn -0.19664 0.31200 0.92951
vn -0.28595 -0.88290 -0.37244
vn 0.29819 -0.95444 -0.01086
vn -0.63303 0.18151 -0.75255
vn -0.15169 -0.98642 0.06297
vn -0.28684 0.10111 0.95263
vn -0.07396 -0.37954 -0.92221
vn 0.15469 0.51394 0.84376
vn 0.01269 -0.99310 0.11661
vn 0.57305 -0.80978 -0.12600
vn 0.41409 0.21055 -0.88555
vn 0.11118 0.98917 -0.09583
vn 0.06567 -0.94006 0.33462
vn 0.02277 -0.92834 0.37103
vn 0.08310 -0.67063 0.73712
vn 0.03570 -0.67033 0.74120
vn 0.76733 0.17274 0.61754
vn -0.78407 -0.61361 -0.09338
vn 0.46421 0.28968 -0.83702
vn -0.01684 0.21784 0.97584
vn -0.04079 -0.46441 0.88468
vn 0.18535 0.92350 0.33583
vn 0.99005 -0.13942 0.01884
vn 0.30338 -0.19942 -0.93177
vn -0.04842 0.91737 -0.39507
vn -0.04961 -0.30614 -0.95069
vn -0.01817 -0.30192 0.95316
vn -0.05877 0.72207 -0.68932
vn 0.00757 -0.94259 -0.33387
vn 0.66684 -0.10447 0.73784
vn 0.22411 -0.19719 0.95441
vn 0.82432 0.37151 -0.42718
vn -0.60568 -0.63320 0.48187
vn -0.05766 0.03074 -0.99786
vn -0.01593 0.57808 0.81583
vn -0.11508 0.99289 0.03056
vn -0.18346 -0.09817 -0.97811
vn -0.02473 0.99898 -0.03777
vn -0.23699 0.72345 0.64843
vn -0.04652 -0.04296 0.99799
vn -0.14974 0.81720 -0.55657
vn -0.16468 -0.94731 0.27475
vn -0.56168 0.39704 0.72586
vn -0.81300 -0.30879 0.49364
vn 0.43229 0.45061 0.78107
vn -0.02541 0.70964 0.70410
vn -0.36136 0.23496 0.90234
vn -0.59857 0.16081 0.78477
vn -0.36510 -0.64536 0.67099
vn -0.04734 -0.71459 -0.69794
vn -0.36825 -0.92406 -0.10254
vn -0.53861 0.80897 0.23552
vn -0.03670 -0.97907 0.20019
vn 0.17065 -0.33077 0.92815
vn -0.11929 0.00442 -0.99285
vn -0.14490 0.95199 -0.26967
vn -0.51803 -0.75460 -0.40278
vn -0.35501 -0.41934 0.83554
vn 0.03097 0.69990 0.71357
vn 0.24420 0.28782 -0.92603
vn 0.38731 -0.18703 0.90278
vn 0.69700 -0.22404 0.68117
vn 0.86816 0.40646 0.28477
vn 0.18054 -0.10440 0.97801
vn -0.69568 0.18328 -0.69458
vn -0.22010 0.92866 -0.29856
vn -0.04771 -0.92373 0.38007
vn -0.02119 0.97923 -0.20166
vn -0.02470 0.85381 0.51999
vn 0.02317 -0.99770 -0.06372
vn -0.23015 0.41016 -0.88250
vn 0.00000 0.00000 0.00000
vn -0.11219 -0.24837 -0.96215
vn 0.04123 -0.89965 -0.43466
vn 0.05756 -0.93618 0.34678
vn -0.00365 -0.18751 0.98226
vn -0.09921 0.99069 0.09328
vn 0.31508 0.94690 0.06405
vn -0.00667 0.99271 0.12038
vn -0.05266 -0.61238 0.78880
vn 0.01488 0.35203 0.93587
vn -0.93502 -0.05524 0.35027
vn 0.30771 0.93793 -0.15999
vn -0.54494 -0.26399 0.79583
vn 0.06610 0.75102 -0.65696
vn 0.48567 0.38892 0.78285
vn -0.50100 0.06379 0.86309
vn 0.06057 -0.78623 0.61496
vn 0.00114 0.33649 -0.94169
vn 0.32061 -0.17883 0.93018
vn 0.01319 -0.98281 0.18413
vn 0.00547 -0.99617 -0.08723
vn 0.13539 -0.07938 0.98761
vn -0.02939 0.99490 -0.09650
vn -0.15760 -0.38204 0.91061
vn -0.31005 -0.36967 -0.87591
vn 0.23097 0.49140 0.83975
vn 0.11856 -0.18812 0.97496
vn -0.03251 0.99165 -0.12476
vn 0.03730 0.81702 -0.57540
vn -0.01459 -0.78620 -0.61780
vn 0.07901 -0.56093 0.82409
vn 0.22252 0.90324 -0.36693
vn -0.29456 -0.73392 -0.61204
vn 0.67365 -0.58137 0.45630
vn -0.02059 -0.97694 -0.21251
vn 0.17029 -0.80785 0.56425
vn -0.38254 0.23249 -0.89421
vn -0.94639 0.19686 -0.25612
vn 0.01509 -0.96506 -0.26159
vn -0.04371 0.66272 -0.74759
vn 0.29011 -0.74524 -0.60037
vn -0.05497 0.87935 -0.47299
vn 0.14389 0.62394 -0.76811
vn -0.07103 0.99263 0.09820
vn -0.40045 0.07162 -0.91352
vn 0.01740 -0.86403 0.50315
vn 0.00362 0.62755 0.77857
vn 0.16387 -0.92388 0.34583
vn -0.10705 -0.97049 0.21607
vn 0.02851 -0.93086 0.36425
vn 0.55993 0.28600 0.77761
vn 0.09086 -0.96131 -0.26006
vn 0.46717 0.34325 -0.81482
vn 0.02488 -0.59585 0.80271
vn -0.07668 0.49197 -0.86723
vn 0.75141 0.65077 0.10896
vn 0.62287 0.51946 -0.58497
vn -0.01935 -0.97614 -0.21630
vn -0.12759 0.02627 0.99148
vn -0.52602 0.56106 -0.63915
vn -0.26254 0.33554 0.90470
vn 0.17783 -0.10354 -0.97860
vn 0.11027 0.48492 0.86758
vn 0.11915 -0.26818 0.95597
vn -0.18386 -0.69010 -0.69997
vn 0.49570 -0.79304 -0.35408
vn -0.08695 0.96668 0.24077
vn -0.09269 -0.99454 0.04803
vn 0.43102 0.51009 0.74433
vn 0.03172 0.83345 -0.55168
vn 0.79140 0.13522 -0.59616
vn 0.03405 -0.84385 0.53549
vn -0.03606 -0.75968 0.64929
vn -0.21283 0.47260 0.85519
vn 0.42687 0.90431 0.00104
vn -0.36526 -0.45563 0.81178
vn 0.19753 0.95636 0.21532
vn -0.26031 -0.71712 0.64651
vn 0.49538 -0.86302 -0.09896
vn 0.38569 0.06283 0.92049
vn 0.31534 -0.82318 0.47216
vn 0.35179 0.02190 -0.93582
vn 0.10613 -0.01176 0.99428
vn 0.60980 -0.26681 0.74630
vn 0.18599 0.27977 0.94188
vn 0.62485 -0.02453 0.78036
vn -0.24515 0.96917 0.02476
vn -0.01316 -0.22541 0.97417
vn 0.24808 -0.22506 -0.94223
vn 0.24132 0.63441 -0.73437
vn -0.06763 0.62142 -0.78056
vn -0.20116 -0.01208 0.97948
vn 0.12986 0.71068 0.69142
vn -0.47117 -0.87595 -0.10350
vn -0.12351 -0.24139 0.96254
vn 0.24333 0.52378 0.81636
vn -0.77323 0.07228 0.62999
vn 0.59372 -0.50801 0.62404
vn -0.48797 -0.61901 -0.61540
vn -0.01169 -0.84592 -0.53318
vn -0.01249 -0.93661 0.35016
vn 0.00738 0.98581 0.16772
vn -0.15208 0.87175 -0.46575
vn -0.25292 0.12185 0.95978
vn 0.26080 -0.74428 0.61484
vn -0.37908 -0.80874 -0.44971
vn -0.01004 0.99984 -0.01487
vn 0.23406 0.28255 0.93026
vn -0.10548 0.57899 0.80848
vn 0.05350 0.93385 0.35364
vn -0.97687 -0.09769 0.19021
vn -0.18347 -0.98298 0.00937
vn 0.11081 0.52534 0.84364
vn -0.72238 0.29431 -0.62575
vn -0.00585 0.17817 -0.98398
vn 0.28699 0.64427 0.70891
vn 0.00463 0.96614 0.25798
vn 0.46504 0.63103 0.62091
vn 0.03956 0.99319 -0.10962
vn -0.19233 -0.24069 -0.95135
vn -0.17491 -0.95037 -0.25729
vn 0.69914 -0.64734 0.30357
vn 0.12452 0.99128 -0.04313
vn 0.95222 0.20018 0.23067
vn -0.95713 -0.24599 -0.15292
vn -0.17188 -0.74991 0.63883
vn 0.18959 0.72575 -0.66132
vn 0.09843 0.98784 -0.12032
vn -0.21543 -0.11474 0.96975
vn -0.63508 -0.33531 -0.69587
vn -0.09086 0.02983 0.99542
vn 0.21405 -0.31856 0.92342
vn 0.48960 0.87188 0.01066
vn -0.11333 -0.69021 0.71468
vn 0.05739 0.60461 -0.79445
vn -0.02805 -0.99598 -0.08510
vn -0.46940 0.79071 -0.39299
vn 0.82697 0.56084 -0.03981
vn -0.66182 -0.15860 -0.73269
vn -0.03025 -0.69226 0.72101
vn 0.00716 0.75703 0.65334
vn -0.08509 0.91803 0.38728
vn 0.50309 0.08912 0.85963
vn -0.21375 -0.55074 0.80685
vn -0.07601 0.79012 0.60822
vn -0.73103 0.07437 0.67828
vn 0.01909 0.02173 -0.99958
vn -0.01043 0.95105 -0.30886
vn -0.30217 -0.08513 -0.94945
vn -0.70443 -0.04510 0.70834
vn 0.24646 -0.92832 0.27836
vn -0.15332 0.98724 0.04302
vn -0.19863 0.97729 0.07390
vn -0.67222 0.47531 0.56763
vn -0.56668 -0.54689 0.61627
vn 0.52457 -0.37632 0.76368
vn -0.36691 0.71787 0.59164
vn -0.57225 -0.79911 -0.18428
vn -0.66814 0.61627 -0.41689
vn -0.98069 -0.19059 0.04375
vn -0.73237 0.66645 0.13954
vn -0.89195 -0.42806 0.14560
vn -0.86616 0.25369 0.43060
vn 0.04918 0.12415 0.99104
vn -0.01948 0.99609 -0.08621
vn -0.91350 -0.10420 -0.39328
vn 0.47716 -0.45133 0.75407
vn -0.02472 -0.58857 -0.80807
vn 0.66623 -0.25519 0.70073
vn -0.21729 0.13238 0.96709
vn -0.31988 0.55583 0.76729
vn -0.23445 -0.09953 0.96702
vn -0.63424 -0.77019 -0.06740
vn 0.50256 0.57234 0.64796
vn 0.22185 -0.85871 0.46196
vn 0.77516 0.10847 0.62238
vn -0.61986 0.17164 -0.76571
vn 0.16937 -0.04445 -0.98455
vn -0.27304 -0.45496 -0.84762
vn -0.06131 -0.58431 0.80921
vn 0.19799 -0.71805 -0.66724
vn -0.45329 -0.88278 0.12336
vn 0.50705 0.54117 0.67085
vn 0.01671 -0.99720 0.07296
vn -0.01815 -0.04754 0.99870
vn 0.96866 0.21059 -0.13173
vn -0.18736 -0.19530 -0.96268
vn -0.19439 0.31148 -0.93016
vn -0.74054 0.34084 -0.57916
vn 0.17659 -0.98428 0.00065
vn 0.45130 0.84079 0.29899
vn 0.37614 0.85040 -0.36789
vn 0.70613 -0.70610 0.05294
vn -0.43063 0.82038 -0.37621
vn 0.15562 -0.51460 0.84319
vn 0.07924 -0.28037 0.95662
vn -0.98426 -0.09650 0.14809
vn -0.53964 0.01504 -0.84176
vn 0.07994 -0.22110 0.97197
vn 0.30053 0.87658 0.37589
vn 0.90349 -0.18235 -0.38789
vn -0.38480 0.35822 0.85065
vn 0.59258 -0.80466 -0.03714
vn -0.13199 0.42312 0.89641
vn 0.10616 -0.98802 -0.11199
vn 0.00635 0.58751 0.80919
vn -0.06424 0.88626 0.45870
vn 0.20236 -0.37183 0.90597
vn 0.00713 -0.71951 0.69445
vn 0.62750 -0.76796 -0.12837
vn 0.16182 -0.78607 0.59659
vn 0.27449 0.36350 0.89024
vn 0.05172 0.62548 -0.77853
vn -0.58487 -0.75975 -0.28408
vn 0.03188 -0.79119 -0.61074
vn 0.10075 -0.99059 0.09264
vn 0.53109 -0.46552 -0.70798
vn -0.04251 0.24538 -0.96849
vn -0.26526 -0.93957 0.21642
vn 0.24825 -0.96124 0.11994
vn 0.71307 0.30678 -0.63041
vn -0.30448 -0.80284 0.51258
vn -0.69586 -0.55765 -0.45256
vn -0.07505 0.75297 0.65376
vn -0.00550 0.52086 0.85362
vn -0.39566 -0.10063 -0.91287
vn -0.92142 -0.32066 -0.21944
vn 0.22167 -0.34134 0.91343
vn 0.09090 0.97983 0.17794
vn -0.66660 -0.63587 -0.38898
vn -0.28861 -0.95056 0.11464
vn 0.15253 -0.31520 0.93669
vn -0.75105 0.17228 -0.63737
vn -0.50708 0.76851 0.39021
vn -0.58543 0.75755 0.28878
vn -0.36200 -0.81076 -0.46004
vn -0.75296 0.29543 -0.58802
vn 0.00574 -0.08342 0.99650
vn 0.33908 0.29527 0.89322
vn -0.69072 -0.38243 0.61372
vn -0.35112 0.93633 0.00000
vn 0.08238 0.70547 -0.70394
vn -0.41206 -0.72578 0.55086
vn -0.98382 0.06213 0.16805
vn -0.56081 -0.78216 -0.27151
vn 0.71480 -0.69802 -0.04274
vn 0.46246 0.25055 -0.85051
vn 0.79135 0.52295 0.31669
vn -0.05542 -0.88558 -0.46117
vn -0.04405 0.74481 -0.66582
vn -0.24467 -0.36486 0.89834
vn 0.86646 -0.49184 -0.08563
vn -0.93790 -0.34308 0.05133
vn -0.43111 0.43334 -0.79143
vn 0.21188 0.96884 0.12826
vn 0.44720 0.44837 -0.77394
vn 0.16072 -0.98684 -0.01796
vn 0.18294 -0.50723 0.84217
vn 0.77128 0.55504 -0.31153
vn 0.08283 0.83644 0.54176
vn -0.54807 -0.83367 -0.06791
vn 0.71709 -0.61143 -0.33457
vn 0.90171 -0.38504 0.19663
vn 0.40722 0.89551 0.17952
vn 0.20182 0.79305 0.57476
vn 0.49453 -0.80347 0.33149
vn -0.00191 0.02835 0.99960
vn -0.59516 0.49512 -0.63297
vn 0.47164 -0.68801 0.55154
vn -0.43656 0.32801 -0.83775
vn 0.62286 -0.36598 0.69145
vn 0.09381 0.61723 0.78117
vn -0.16755 0.98567 -0.01962
vn -0.43278 0.90145 0.00953
vn 0.67506 0.42440 0.60347
vn 0.07605 -0.51520 0.85369
vn -0.28232 -0.43296 0.85606
vn 0.94435 -0.24404 -0.22054
vn -0.20625 0.42031 -0.88363
vn 0.95547 0.12508 -0.26728
vn 0.49445 0.54862 0.67419
vn -0.98016 -0.15180 -0.12743
vn -0.10542 0.97099 0.21462
vn 0.13232 -0.05708 0.98956
vn 0.20834 0.44077 0.87311
vn -0.36984 -0.32073 0.87198
vn -0.56572 0.74517 0.35312
vn -0.49948 -0.83661 -0.22494
vn 0.81236 0.20539 -0.54578
vn -0.02966 0.94490 -0.32601
vn -0.45555 -0.78390 0.42186
vn -0.10815 -0.76481 0.63511
vn -0.56120 -0.82701 0.03311
vn 0.54173 0.83822 0.06256
vn -0.02026 -0.83208 -0.55428
vn -0.04153 0.94782 -0.31609
vn -0.08844 -0.68191 -0.72607
vn 0.07601 0.45589 0.88678
vn 0.84106 0.46582 -0.27502
vn 0.98387 -0.15356 0.09176
vn -0.02672 0.83016 0.55689
vn -0.52917 -0.27594 -0.80239
vn 0.09974 0.80926 -0.57893
vn -0.73335 -0.46983 -0.49138
vn -0.12383 0.15552 0.98004
vn 0.16465 0.56073 0.81146
vn -0.89255 -0.30288 0.33408
vn -0.65637 0.74566 -0.11475
vn -0.37321 -0.91501 -0.15318
vn 0.19042 0.49630 -0.84701
vn -0.15590 -0.90863 0.38740
vn 0.00819 0.15868 -0.98730
vn 0.09200 0.12929 0.98733
vn -0.46041 0.37491 0.80465
vn -0.12896 0.91251 0.38820
vn 0.02200 -0.97372 0.22668
vn 0.21139 -0.71121 -0.67044
vn -0.27599 -0.23292 -0.93251
vn -0.83269 -0.53072 -0.15799
vn -0.86128 0.47909 0.16933
vn 0.61223 -0.78213 0.11596
vn 0.24847 -0.70004 0.66948
vn 0.88687 -0.38409 0.25677
vn 0.61539 0.75196 -0.23635
vn -0.65874 0.02429 0.75198
vn 0.62017 -0.07581 0.78079
vn 0.94242 0.26557 -0.20328
vn -0.02083 -0.57588 0.81727
vn -0.40807 0.89728 0.16842
vn 0.01963 0.96776 0.25112
vn 0.26625 0.87923 -0.39505
vn 0.94490 0.21974 0.24263
vn 0.12463 -0.45448 -0.88200
vn -0.39880 0.60717 0.68724
vn 0.52313 0.05121 0.85071
vn 0.00411 0.99700 0.07733
vn 0.20027 -0.29870 -0.93310
vn 0.28647 0.80756 0.51554
vn 0.92085 -0.16055 0.35533
vn 0.59681 -0.70380 0.38533
vn -0.21946 -0.19367 -0.95620
vn -0.33446 0.05486 0.94081
vn -0.12504 0.03548 0.99152
vn 0.80079 -0.48748 -0.34799
vn -0.32373 -0.00845 -0.94611
vn 0.01117 -0.67797 -0.73501
vn -0.25087 0.31277 -0.91610
vn -0.00205 0.99914 0.04148
vn 0.00595 -0.54443 0.83879
vn 0.05370 0.96875 -0.24215
vn 0.88589 -0.40331 -0.22922
vn 0.83664 0.53083 -0.13511
vn -0.41931 0.03151 0.90730
vn -0.34946 0.01713 -0.93679
vn 0.26880 -0.14108 -0.95281
vn 0.80203 0.52357 -0.28745
vn -0.16594 -0.90408 -0.39384
vn 0.43597 -0.68050 0.58894
vn -0.19186 -0.51260 -0.83692
vn -0.81421 -0.51147 0.27471
vn 0.00609 -0.97387 -0.22701
vn -0.19062 -0.04724 0.98053
vn -0.93100 0.31438 0.18548
vn -0.26918 0.51253 -0.81538
vn 0.01563 0.89369 0.44842
vn -0.51267 0.24492 0.82291
vn -0.00937 0.23643 -0.97160
vn -0.51903 -0.36800 -0.77148
vn 0.10399 0.70292 0.70363
vn 0.00495 -0.13433 0.99092
vn -0.64136 0.50000 0.58194
vn 0.35334 0.56660 0.74439
vn 0.76866 0.61707 0.16848
vn 0.43593 -0.11727 0.89231
vn 0.37957 0.16829 0.90973
vn -0.17761 0.97822 0.10745
vn 0.93051 -0.35732 -0.08053
vn 0.12594 0.39476 -0.91011
vn 0.62721 0.38044 0.67961
vn 0.80318 -0.58480 0.11361
vn 0.05526 -0.96013 -0.27403
vn -0.06601 0.99443 -0.08216
vn 0.67750 0.01520 0.73537
vn -0.32583 -0.16907 0.93019
vn 0.84602 -0.45193 0.28286
vn -0.39565 -0.73925 0.54496
vn 0.11132 0.91869 -0.37898
vn 0.54609 0.68067 0.48834
vn 0.79142 0.54466 0.27749
vn -0.72737 0.38060 0.57104
vn -0.03334 -0.29062 0.95626
vn -0.67474 0.05600 -0.73593
vn 0.18109 -0.29875 -0.93699
vn -0.99420 0.06239 0.08757
vn -0.09887 0.99316 -0.06205
vn 0.49485 -0.55166 0.67141
vn 0.98936 0.09754 -0.10792
vn 0.72446 -0.66817 -0.16943
vn -0.16243 -0.96010 -0.22767
vn -0.77041 0.38818 -0.50575
vn 0.00499 -0.94394 -0.33007
vn -0.28909 0.20348 -0.93543
vn 0.52641 0.82894 0.18906
vn -0.52959 0.56158 0.63573
vn -0.31838 0.80512 0.50041
vn 0.84308 -0.44853 0.29672
vn -0.20162 -0.07908 -0.97627
vn 0.45426 0.17890 0.87272
vn -0.27790 0.09890 0.95551
vn 0.68541 0.72282 -0.08796
vn 0.24833 -0.59904 0.76124
vn 0.78003 -0.27209 -0.56349
vn -0.17955 -0.97880 0.09859
vn 0.59345 -0.80330 -0.05024
vn -0.81504 -0.49456 0.30185
vn 0.10808 -0.09708 0.98939
vn 0.74238 -0.37201 0.55721
vn 0.01908 -0.97235 -0.23273
vn -0.67933 -0.73000 0.07486
vn 0.01514 0.98571 0.16775
vn -0.16716 0.98591 -0.00638
vn 0.61669 0.32210 -0.71829
vn -0.75607 0.51764 -0.40051
vn 0.50910 -0.74407 0.43264
vn -0.17177 0.98348 0.05714
vn 0.90688 0.37058 -0.20058
vn -0.45953 -0.05549 -0.88643
vn 0.14544 0.00230 0.98936
vn 0.13980 0.75718 -0.63807
vn -0.18333 0.32813 0.92667
vn 0.04574 -0.90260 0.42805
vn 0.78978 0.25331 0.55864
vn 0.33571 0.35477 0.87260
vn 0.85871 0.13995 0.49298
vn 0.12755 0.72698 -0.67471
vn 0.20084 0.96151 0.18750
vn 0.20021 -0.82205 0.53306
vn -0.47223 0.20051 -0.85837
vn -0.02089 -0.51917 -0.85442
vn -0.10652 -0.09787 -0.98948
vn -0.94861 0.30394 0.08812
vn -0.11056 -0.74408 0.65887
vn -0.22061 -0.75524 0.61721
vn -0.76152 0.59010 0.26809
vn -0.36191 -0.89330 -0.26654
vn -0.92873 0.29438 -0.22541
vn -0.64604 -0.18951 -0.73941
vn -0.20186 0.10338 -0.97394
vn 0.01830 -0.99977 0.01153
vn -0.13049 0.14471 0.98083
vn -0.58009 0.44866 -0.67985
vn 0.07807 -0.96283 0.25857
vn 0.96423 0.14319 -0.22308
vn 0.85563 -0.43394 0.28213
vn -0.83744 -0.49167 0.23865
vn -0.31606 -0.15676 -0.93570
vn -0.91675 -0.28294 -0.28199
vn -0.55052 0.74030 -0.38587
vn -0.10895 0.90167 0.41848
vn -0.12543 -0.92718 0.35301
vn -0.83551 0.50891 0.20721
vn -0.59939 -0.40824 0.68853
vn -0.98978 0.11033 0.09039
vn 0.61247 0.04791 0.78904
vn -0.97107 -0.12391 -0.20414
vn -0.69260 -0.56859 0.44387
vn -0.96512 0.26137 -0.01500
vn 0.81615 0.33697 -0.46942
vn -0.68183 0.15704 -0.71446
vn 0.17300 -0.97696 -0.12498
vn -0.54977 -0.76387 0.33802
vn 0.30931 -0.03523 0.95031
vn -0.04462 -0.95398 0.29654
vn -0.31129 0.46080 0.83112
vn 0.24434 0.47033 -0.84799
vn -0.08316 0.81390 0.57502
vn 0.47768 0.03270 -0.87792
vn -0.05306 -0.93819 0.34202
vn -0.80761 -0.52227 -0.27387
vn -0.87599 0.47883 0.05806
vn 0.96861 0.15113 0.19736
vn -0.99991 -0.00103 -0.01361
vn 0.98750 0.15741 0.00856
vn 0.38181 0.14324 -0.91308
vn -0.06950 -0.53865 0.83966
vn -0.21062 -0.95382 0.21416
vn -0.00437 0.96604 -0.25837
vn -0.56889 0.09002 0.81747
vn -0.88051 0.07465 -0.46812
vn 0.00328 -0.98027 -0.19762
vn 0.16513 -0.88924 -0.42659
vn -0.94070 -0.09212 0.32650
vn 0.02060 -0.95173 0.30624
vn 0.19047 0.81585 -0.54600
vn -0.02847 -0.99955 0.00941
vn -0.04498 -0.88526 -0.46292
vn -0.20905 0.95029 -0.23075
vn -0.10028 -0.82754 0.55238
vn -0.07974 0.70639 -0.70332
vn 0.19561 0.96343 -0.18313
vn -0.24380 0.89725 -0.36810
vn -0.11387 0.98636 0.11889
vn -0.02323 -0.97691 -0.21237
vn 0.06713 -0.64851 -0.75824
vn -0.01425 -0.95943 -0.28157
vn 0.10737 -0.04900 0.99301
vn -0.03516 0.17298 -0.98430
vn 0.16455 0.80397 -0.57145
vn 0.03098 -0.99350 0.10956
vn -0.24565 0.44909 0.85905
vn 0.03147 0.92801 0.37123
vn 0.03985 0.59104 -0.80566
vn -0.23041 0.91159 -0.34047
vn -0.09503 -0.89042 0.44511
vn 0.02625 -0.98072 0.19367
vn 0.04597 0.94051 0.33664
vn -0.00890 0.67477 0.73798
vn -0.00451 0.98540 0.17020
vn 0.00619 0.76520 -0.64376
vn 0.11687 -0.83781 0.53330
vn -0.04465 0.92135 -0.38617
vn 0.01964 -0.94362 0.33045
vn -0.02632 0.99265 -0.11814
vn -0.26835 0.16877 0.94842
vn -0.02412 -0.99870 -0.04491
vn 1.00000 0.00000 0.00000
vn -0.00051 0.79811 0.60251
vn -0.24668 0.48052 0.84158
vn -0.00847 -0.99236 -0.12312
vn 0.65122 -0.52855 0.54457
vn 0.00929 -0.99763 -0.06817
vn -0.03786 0.97244 -0.23007
vn -0.05002 0.67108 0.73970
vn -0.18488 -0.95295 0.24020
vn 0.05548 -0.89842 0.43562
vn -0.21054 -0.70317 0.67913
vn 0.77381 0.27875 0.56879
vn 0.18787 -0.31893 0.92897
vn -0.10885 0.81477 0.56947
vn 0.93382 0.11458 0.33889
vn 0.95849 -0.25769 -0.12205
vn 0.71756 -0.06209 0.69372
vn -0.20347 0.95553 0.21347
vn 0.86081 0.50459 0.06622
vn -0.97014 -0.24254 0.00000
vn 0.55471 0.79499 0.24555
vn 0.71101 -0.70308 0.01232
vn -0.02680 -0.67005 0.74183
vn 0.95106 0.25852 -0.16927
vn 0.91491 -0.04241 0.40141
vn 0.72225 0.62485 -0.29651
vn 0.40307 0.86131 -0.30933
vn -0.54670 0.41559 0.72691
vn 0.98149 0.01393 -0.19098
vn 0.52750 0.67351 0.51781
vn -0.00510 -0.98170 0.19037
vn -0.24388 -0.96917 -0.03508
vn 0.57730 -0.25027 0.77723
vn -0.24851 -0.66797 0.70147
vn -0.50097 -0.57286 0.64873
vn 0.73188 -0.03857 0.68034
vn 0.01048 0.97129 0.23767
vn 0.51056 -0.20047 0.83614
vn -0.01112 0.99982 -0.01512
vn -0.77930 0.24959 0.57480
vn -0.23709 0.86003 -0.45182
vn 0.99402 0.04026 -0.10151
vn -0.04928 -0.15642 0.98646
vn 0.79089 -0.33581 0.51159
vn 0.98944 -0.08542 -0.11709
vn -0.39562 -0.13733 -0.90809
vn 0.38836 -0.75596 0.52697
vn 0.94797 0.28808 0.13552
vn 0.12007 -0.87766 0.46400
vn -0.22178 0.59153 0.77518
vn -0.60431 0.67064 0.43018
vn 0.59109 -0.48057 0.64782
vn -0.06992 -0.09793 -0.99273
vn 0.73869 0.03013 0.67337
vn -0.61185 -0.75172 -0.24610
vn 0.54752 -0.05837 0.83476
vn -0.47985 0.37215 -0.79451
vn -0.15074 -0.41470 0.89739
vn 0.99811 0.05560 0.02606
vn -0.87748 -0.03830 0.47808
vn -0.98559 0.02674 -0.16702
vn 0.49031 0.04019 0.87062
vn -0.13206 -0.58521 0.80005
vn -0.12750 0.07313 -0.98914
vn 0.01038 -0.99983 0.01520
vn -0.66664 0.02626 0.74492
vn 0.75235 0.17908 0.63395
vn 0.71384 0.01680 0.70010
vn -0.06624 -0.22799 0.97141
vn -0.93194 -0.02362 0.36185
vn -0.19272 -0.97899 0.06665
vn 0.45168 0.04667 -0.89096
vn 0.85866 0.31150 -0.40702
vn 0.06714 -0.73915 -0.67019
vn -0.38524 0.69421 0.60800
vn -0.05472 -0.18142 0.98188
vn -0.63784 0.11344 0.76177
vn 0.36215 -0.54560 0.75576
vn 0.65230 0.27890 0.70478
vn -0.01112 0.99982 -0.01512
vn -0.92229 -0.25611 0.28948
vn -0.08960 0.65879 0.74697
vn 0.99828 0.00106 -0.05862
vn -0.19134 -0.53645 -0.82196
vn -0.16920 -0.05411 -0.98410
vn -0.03448 0.92921 0.36793
vn -0.30225 -0.04196 0.95230
vn 0.09219 0.99329 0.06979
vn -0.68768 -0.31203 0.65554
vn -0.01112 0.99982 -0.01512
vn -0.32180 0.03559 -0.94614
vn 0.73860 0.55660 -0.38035
vn -0.18120 -0.46918 0.86431
vn -0.13017 -0.71429 0.68764
vn -0.10136 -0.07829 0.99176
vn -0.98665 -0.00676 -0.16273
vn -0.08053 0.97304 -0.21610
vn -0.92180 0.07052 -0.38120
vn 0.23884 0.85779 0.45513
vn 0.11113 -0.13976 -0.98393
vn -0.95977 0.00468 -0.28073
vn 0.02417 0.84649 0.53186
vn 0.70905 0.16802 0.68485
vn -0.71886 0.01237 -0.69504
vn 0.04574 -0.72576 0.68643
vn -0.30308 0.41585 0.85744
vn 0.90387 -0.01966 -0.42736
vn -0.85717 -0.05242 -0.51236
vn -0.02886 -0.99915 0.02931
vn -0.53678 -0.57382 0.61854
vn 0.39410 -0.21583 0.89337
vn -0.84165 -0.10910 0.52889
vn 0.03202 -0.95596 0.29173
vn 0.45921 -0.04609 0.88713
vn -0.23287 -0.65864 0.71552
vn -0.99915 0.02656 -0.03156
vn 0.00783 0.70628 0.70789
vn -0.11163 -0.01219 -0.99368
vn 0.20351 0.94862 -0.24231
vn 0.89253 -0.44434 -0.07720
vn -0.56043 -0.02705 -0.82776
vn 0.98721 0.04216 -0.15376
vn 0.01038 -0.99983 0.01520
vn 0.21868 0.10342 -0.97030
vn -0.17759 -0.20705 0.96208
vn 0.14238 0.26505 0.95366
vn -0.26589 -0.84314 0.46735
vn 0.01038 -0.99983 0.01520
vn 0.37979 0.74200 0.55245
vn -0.10853 0.61070 0.78439
vn -0.61461 -0.02607 -0.78840
vn -0.15677 0.21852 -0.96316
vn 0.54203 -0.83305 0.11057
vn 0.15063 0.77840 0.60942
vn 0.99809 -0.03583 -0.05035
vn -0.14148 -0.93640 0.32116
vn 0.12330 -0.01113 -0.99231
vn -0.20568 -0.00220 0.97862
vn -0.22637 0.70333 -0.67386
vn -0.20531 0.97334 0.10221
vn 0.00181 0.52152 -0.85324
vn -0.63618 0.15699 -0.75540
vn -0.99750 0.05461 0.04492
vn 0.15025 0.02219 -0.98840
vn -0.43056 -0.09411 0.89764
vn -0.05669 -0.01595 -0.99826
vn -0.73779 -0.66488 0.11661
vn 0.17408 -0.69631 0.69631
vn -0.03972 -0.84805 0.52842
vn 0.48705 -0.70367 0.51733
vn 0.00000 0.00000 0.00000
vn 0.04650 -0.71516 -0.69741
vn -0.91278 0.38459 0.13758
vn -0.29831 0.63515 0.71246
vn -0.16326 -0.26513 0.95029
vn 0.03732 -0.26687 0.96301
vn 0.75415 0.26092 -0.60265
vn -0.47265 0.02444 0.88091
vn -0.58118 -0.01098 0.81370
vn -0.29258 -0.04655 -0.95511
vn -0.10232 0.36287 -0.92621
vn 0.06838 -0.15432 0.98565
vn -0.34182 -0.17684 -0.92298
vn 0.03530 -0.01480 -0.99927
vn 0.00916 0.00327 -0.99995
vn -0.07205 0.97568 0.20703
vn 0.42960 -0.29436 -0.85369
vn 0.34767 0.10302 0.93194
vn -0.43414 -0.46674 -0.77050
vn 0.07213 0.60834 0.79039
vn 0.87334 -0.12368 0.47115
vn -0.25026 0.93875 0.23688
vn 0.51702 0.46821 0.71657
vn 0.20441 0.30940 0.92870
vn 0.17752 -0.04298 0.98318
vn -0.12531 -0.00886 -0.99208
vn 0.21105 -0.77518 -0.59545
vn 0.30192 0.08633 0.94942
vn 0.77336 -0.01061 -0.63388
vn 0.28016 -0.65325 -0.70340
vn 0.14508 0.61689 0.77356
vn 0.02823 0.99960 0.00094
vn 0.82788 0.14606 0.54155
vn 0.26665 0.70660 0.65545
vn -0.60417 -0.11884 -0.78794
vn 0.48055 0.03700 -0.87619
vn -0.92266 -0.13055 -0.36283
vn 0.99670 -0.06722 -0.04547
vn -0.03123 0.99631 -0.07991
vn 0.99928 0.03268 0.01916
vn -0.32773 0.03661 0.94406
vn 0.00000 0.00000 0.00000
vn 0.66611 0.45506 0.59095
vn 0.12062 0.03137 0.99220
vn -0.09825 -0.52228 0.84710
vn 0.00000 0.00000 0.00000
vn 0.16665 0.22280 -0.96052
vn 0.02574 0.90712 0.42009
vn 0.92798 0.05047 0.36920
vn -0.24175 0.79974 0.54953
vn -0.95090 0.29134 0.10445
vn 0.18398 0.06484 0.98079
vn 0.08274 -0.02537 -0.99625
vn 0.08376 0.02542 0.99616
vn -0.79817 0.60098 0.04188
vn 0.89018 -0.24752 0.38250
vn 0.50136 0.61071 0.61292
vn 0.98424 0.04755 0.17032
vn -0.82948 0.35286 0.43295
vn -0.19035 0.79958 0.56959
vn 0.34214 -0.23356 0.91016
vn -0.23146 0.83878 0.49282
vn -0.00250 -0.03417 -0.99941
vn -0.99712 -0.00065 -0.07580
vn 0.09622 0.02048 -0.99515
vn -0.09862 0.76456 0.63697
vn -0.15989 0.87813 -0.45092
vn -0.34205 0.32654 0.88112
vn 0.04444 -0.11974 0.99181
vn 0.99204 0.09977 0.07687
vn 0.62377 -0.06038 -0.77927
vn 0.69960 0.01191 0.71444
vn -0.03262 0.01098 0.99941
vn 0.84533 0.09464 0.52580
vn 0.84636 0.35029 0.40120
vn 0.39469 -0.00238 -0.91881
vn 0.56314 0.01942 -0.82613
vn 0.39707 0.74720 -0.53294
vn -0.09629 -0.07160 -0.99277
vn -0.93093 0.10524 -0.34970
vn -0.10519 -0.15677 0.98202
vn -0.10292 -0.57735 -0.80999
vn 0.57949 -0.04578 0.81369
vn 0.17949 -0.87126 -0.45683
vn 0.10142 0.08852 0.99090
vn -0.10204 0.24389 0.96442
vn 0.85424 0.51571 -0.06570
vn 0.55120 -0.28029 -0.78588
vn -0.00947 0.99694 0.07756
vn 0.37718 -0.05666 0.92441
vn 0.48441 -0.06432 0.87247
vn 0.20904 0.10251 0.97252
vn 0.16120 0.36597 0.91656
vn -0.97733 -0.00634 0.21162
vn 0.94091 0.29188 -0.17176
vn 0.91108 -0.03879 0.41040
vn 0.78287 -0.48878 -0.38497
vn -0.81471 -0.03761 0.57865
vn -0.43185 -0.14724 0.88985
vn -0.99577 -0.02538 0.08833
vn 0.67327 0.54210 -0.50282
vn 0.82826 0.50519 0.24243
vn -0.37346 0.13459 0.91783
vn 0.50051 0.11271 0.85836
vn 0.46351 0.74899 0.47347
vn 0.96969 0.14035 0.20002
vn 0.85673 -0.15129 0.49308
vn -0.45927 -0.04931 0.88692
vn 0.80925 0.58696 -0.02441
vn 0.10592 0.96214 0.25112
vn -0.98002 -0.18386 0.07585
vn 0.87726 -0.06752 -0.47525
vn -0.72812 -0.02311 -0.68506
vn 0.08988 -0.19409 0.97686
vn -0.48252 0.07595 0.87258
vn -0.24675 0.47137 0.84672
vn -0.32613 0.03549 -0.94466
vn 0.56284 0.66748 0.48752
vn -0.97674 0.11536 -0.18075
vn 0.99001 0.05502 -0.12982
vn -0.69128 -0.36116 0.62585
vn 0.03249 -0.99946 0.00421
vn 0.65356 -0.26958 0.70724
vn -0.25903 0.23253 0.93746
vn -0.63475 0.16351 0.75522
vn -0.80351 -0.19423 0.56271
vn -0.99380 -0.00317 0.11114
vn 0.95610 -0.29094 -0.03518
vn 0.95019 0.30879 0.04224
vn 0.95547 0.23752 0.17509
vn 0.04393 -0.97604 -0.21313
vn -0.19994 -0.52113 0.82973
vn -0.86967 0.43125 0.24020
vn 0.04113 -0.91407 -0.40348
vn 0.46255 -0.03446 0.88592
vn -0.67584 0.04009 0.73596
vn -0.94780 -0.21390 0.23648
vn 0.24953 0.46848 0.84750
vn 0.23039 -0.91526 -0.33048
vn 0.52429 0.84368 -0.11545
vn 0.13491 0.86812 -0.47768
vn -0.53153 -0.64938 0.54386
vn -0.38620 0.00007 0.92241
vn 0.85340 -0.40791 0.32452
vn -0.38055 0.76154 0.52463
vn -0.13652 0.00367 0.99063
vn -0.19318 0.60361 -0.77352
vn 0.63722 -0.57375 0.51455
vn -0.50543 0.18402 0.84302
vn 0.85233 0.09406 0.51448
vn -0.91745 -0.07206 -0.39127
vn -0.96542 -0.17311 0.19495
vn -0.21725 -0.84518 0.48833
vn 0.01030 -0.99625 0.08594
vn -0.78091 -0.15578 0.60490
vn 0.39225 -0.04257 -0.91887
vn -0.10073 -0.07524 0.99206
vn -0.86615 0.16848 0.47052
vn -0.36011 0.09040 0.92852
vn -0.96381 -0.13615 0.22920
vn -0.09481 0.03427 -0.99491
vn -0.72176 -0.04375 0.69076
vn -0.90269 0.16021 0.39935
vn -0.77164 0.60534 0.19526
vn -0.43066 0.62248 -0.65349
vn -0.86695 -0.22868 0.44283
vn -0.90941 0.15736 -0.38498
vn -0.24265 0.96865 0.05329
vn -0.86685 0.16295 0.47120
vn 0.02803 0.89841 -0.43826
vn -0.39258 -0.68340 0.61551
vn -0.62807 0.70437 0.33075
vn -0.98084 0.15360 0.11986
vn -0.51304 0.16267 0.84281
vn -0.99337 0.11480 0.00624
vn -0.90928 -0.30019 -0.28826
vn -0.92439 -0.00629 0.38141
vn -0.84781 -0.10589 0.51962
vn -0.01954 0.99963 -0.01917
vn 0.16567 0.04978 0.98492
vn 0.13758 -0.76058 -0.63450
vn 0.06216 -0.99762 0.02982
vn -0.96331 0.11547 0.24230
vn -0.94265 -0.29830 -0.14979
vn -0.98076 -0.12840 -0.14704
vn -0.72424 0.12479 -0.67817
vn 0.25712 -0.95881 -0.12072
vn -0.83160 -0.07005 0.55094
vn -0.05183 -0.91956 0.38951
vn -0.15860 0.95471 0.25175
vn 0.01604 -0.98140 0.19132
vn -0.00359 0.92788 -0.37286
vn -0.04908 0.02745 0.99842
vn -0.24611 0.87809 0.41035
vn -0.01044 -0.98738 -0.15805
vn -0.01800 0.90834 0.41785
vn 0.96286 0.23126 -0.13934
vn 0.05661 0.93367 -0.35364
vn -0.76526 -0.56257 0.31287
vn 0.10398 0.56038 -0.82169
vn -0.30343 -0.70630 0.63959
vn -0.21580 -0.94626 0.24089
vn 0.03557 0.96949 0.24253
vn -0.76610 0.41607 -0.48987
vn -0.74238 0.66870 0.04137
vn 0.04560 -0.99836 0.03453
vn -0.45347 -0.80410 0.38443
vn 0.00000 0.00000 0.00000
vn 0.23048 0.96580 -0.11879
vn -0.74499 -0.15099 -0.64976
vn -0.43810 0.33811 -0.83292
vn -0.25613 -0.96432 0.06697
vn 0.07310 -0.88996 -0.45014
vn 0.00000 0.93633 0.35112
vn 0.15722 0.88877 -0.43055
vn -0.28290 0.93833 -0.19875
vn 0.01694 -0.99986 0.00031
vn -0.12464 0.89606 0.42607
vn -0.11342 -0.78623 0.60743
vn -0.03999 0.99814 0.04611
vn 0.23255 -0.53596 0.81159
vn -0.23047 0.75251 0.61694
vn -0.00253 0.99993 -0.01160
vn -0.83968 -0.50164 0.20809
vn -0.14486 -0.71871 0.68005
vn -0.17026 -0.91252 0.37192
vn -0.00795 0.98709 -0.15997
vn -0.27906 0.94267 0.18301
vn -0.25905 0.76080 0.59504
vn -0.08107 -0.92528 0.37052
vn 0.03479 -0.99930 -0.01345
vn 0.29631 -0.95502 0.01202
vn -0.02042 -0.97022 -0.24135
vn -0.25179 0.86055 0.44277
vn -0.16699 -0.88540 0.43381
vn 0.17637 0.83595 -0.51970
vn -0.03427 0.99624 0.07951
vn -0.14732 0.93115 0.33354
vn -0.00701 0.99992 0.01065
vn 0.30731 -0.86562 -0.39530
vn -0.21200 -0.96248 -0.16938
vn 0.07176 -0.99010 0.12063
vn -0.22609 -0.87061 0.43694
vn 0.27755 0.95623 -0.09265
vn 0.30320 0.92929 -0.21091
vn 0.44089 0.68421 -0.58093
vn 0.09390 -0.03131 0.99509
vn -0.28734 -0.93904 0.18877
vn -0.07295 0.71275 -0.69761
vn -0.05306 0.99833 -0.02302
vn 0.21980 -0.80513 -0.55087
vn -0.07353 0.89498 -0.44000
vn -0.06115 0.96291 -0.26279
vn 0.16627 -0.92570 -0.33975
vn 0.26598 0.73994 -0.61786
vn -0.10508 0.88423 0.45508
vn 0.32889 -0.93730 0.11533
vn 0.04139 -0.89059 0.45292
vn -0.03234 -0.98130 0.18977
vn -0.10343 -0.97724 -0.18520
vn 0.17484 0.85706 -0.48465
vn -0.16231 0.92774 0.33609
vn 0.01560 0.90556 0.42393
vn -0.11132 0.99378 0.00264
vn -0.30868 -0.89305 0.32740
vn -0.39055 -0.53093 0.75205
vn -0.05591 -0.99511 -0.08140
vn 0.02520 -0.99959 0.01335
vn -0.18087 -0.81003 0.55781
vn 0.32955 -0.90905 -0.25499
vn -0.16930 0.89853 0.40494
vn 0.56573 -0.50955 -0.64831
vn -0.98050 -0.15324 -0.12301
vn -0.15936 -0.95772 0.23955
vn -0.09679 0.99312 -0.06597
vn 0.32416 0.93561 -0.13983
vn -0.24211 0.76235 0.60017
vn -0.53623 -0.35080 0.76773
vn 0.31550 -0.81461 -0.48670
vn 0.27691 -0.62051 0.73368
vn 0.00000 0.00000 0.00000
vn -0.33891 0.93156 0.13169
vn -0.00446 0.99993 -0.01132
vn 0.04001 0.99864 -0.03351
vn -0.18029 0.96073 0.21095
vn -0.29946 -0.95287 0.04866
vn -0.01279 -0.99899 -0.04316
vn -0.35118 0.85014 -0.39234
vn -0.30388 -0.85407 0.42215
vn -0.37357 0.87508 0.30771
vn 0.31618 -0.94418 -0.09247
vn 0.29638 -0.92995 0.21759
vn -0.01022 -0.37528 0.92685
vn -0.56901 0.42081 0.70650
vn -0.29283 -0.72495 -0.62346
vn 0.28901 0.78100 -0.55363
vn 0.00758 -0.98970 0.14297
vn -0.23781 -0.83623 0.49412
vn 0.31922 0.92031 -0.22611
vn 0.03728 -0.99378 0.10491
vn 0.32185 0.76869 -0.55274
vn -0.22753 -0.93973 0.25523
vn -0.36687 0.85022 0.37754
vn -0.44258 -0.50876 0.73844
vn 0.47664 -0.85785 -0.19209
vn -0.02374 0.99618 -0.08398
vn 0.32227 0.14056 0.93615
vn 0.05862 0.99797 0.02502
vn -0.28532 0.88443 0.36929
vn -0.01236 -0.99171 -0.12792
vn -0.27039 -0.90452 0.32974
vn 0.22961 -0.85123 -0.47190
vn 0.34503 -0.84323 -0.41221
vn 0.03773 0.11445 0.99271
vn -0.33422 -0.84964 0.40794
vn 0.36917 -0.89977 -0.23265
vn -0.32679 -0.93127 0.16109
vn 0.78276 0.49273 -0.38014
vn 0.39971 -0.86128 -0.31372
vn 0.84296 0.06654 -0.53384
vn 0.57514 0.59911 -0.55703
vn -0.51027 0.66206 0.54890
vn -0.03015 -0.99785 0.05826
vn -0.39729 -0.90609 0.14546
vn -0.03284 0.98247 -0.18349
vn -0.38543 0.90788 0.16490
vn 0.23199 0.94937 -0.21185
vn -0.33368 -0.19471 -0.92236
vn -0.01924 0.99567 -0.09095
vn -0.34459 -0.84182 0.41544
vn 0.00683 0.97000 0.24300
vn -0.00161 -0.99701 -0.07722
vn -0.37602 0.79017 0.48398
vn 0.67823 -0.45244 -0.57905
vn -0.27730 0.95703 0.08485
vn -0.34205 0.69312 -0.63450
vn 0.01179 -0.98721 0.15896
vn 0.52393 -0.63610 -0.56646
vn -0.60555 0.43149 0.66868
vn 0.74250 0.40709 -0.53195
vn -0.67731 -0.39437 0.62106
vn 0.27536 0.96108 -0.02230
vn -0.46136 0.75599 0.46436
vn -0.03100 -0.98992 -0.13820
vn 0.63498 0.37542 -0.67517
vn 0.34258 0.63900 0.68871
vn -0.41629 -0.80497 0.42276
vn 0.39288 0.82804 -0.39998
vn -0.44208 0.82944 0.34146
vn 0.01175 -0.99983 0.01449
vn 0.42175 -0.90294 -0.08259
vn -0.03411 -0.99912 0.02444
vn -0.38946 -0.91912 -0.05950
vn -0.29554 -0.92842 0.22517
vn -0.67838 -0.57102 0.46231
vn -0.53767 0.72365 0.43271
vn 0.55390 0.58567 -0.59176
vn -0.03979 0.99902 -0.01936
vn -0.46218 0.84599 0.26587
vn -0.40259 0.91271 -0.06990
vn 0.52544 -0.72957 -0.43777
vn -0.02893 -0.97961 -0.19883
vn -0.13928 -0.98568 0.09505
vn -0.33677 0.91197 0.23431
vn 0.50511 -0.77497 -0.37985
vn -0.76142 0.21522 0.61149
vn 0.28269 -0.39018 0.87627
vn 0.60228 -0.61383 -0.51037
vn 0.51368 0.77795 -0.36185
vn -0.42182 0.88910 0.17766
vn -0.52507 -0.05829 -0.84906
vn 0.52884 -0.78182 -0.33027
vn 0.74342 -0.27784 -0.60838
vn -0.73196 -0.41523 0.54020
vn -0.55822 0.76766 0.31480
vn 0.42540 -0.82749 -0.36646
vn -0.64365 0.61500 0.45551
vn 0.36449 -0.72119 -0.58909
vn 0.14103 -0.10622 0.98429
vn -0.64223 -0.66149 0.38726
vn 0.11545 -0.99283 -0.03105
vn -0.12873 0.98144 -0.14213
vn -0.21555 0.43205 -0.87571
vn 0.00000 0.00000 -1.00000
vn 0.41150 0.87056 -0.26981
vn 0.35212 0.27851 0.89356
vn -0.67539 0.70183 0.22646
vn -0.09707 -0.58959 -0.80185
vn 0.34283 -0.91761 0.20116
vn -0.28148 -0.27257 -0.92004
vn -0.46074 -0.82873 0.31768
vn 0.47601 -0.28851 -0.83077
vn -0.30524 0.08327 0.94863
vn -0.38645 0.41808 -0.82211
vn 0.95587 0.28333 -0.07770
vn 0.95475 -0.01202 0.29717
vn -0.91774 -0.18740 0.35019
vn -0.57161 0.17451 0.80176
vn -0.35921 -0.92414 -0.13012
vn -0.31884 0.94685 0.04252
vn 0.59103 -0.02882 0.80614
vn -0.94911 0.08310 -0.30379
vn -0.72640 0.34045 0.59702
vn -0.83191 -0.03956 -0.55349
s 1
f 884//884 845//845 860//860
f 3761//3761 3780//3780 3774//3774
f 1856//1856 1938//1938 1873//1873
f 921//921 937//937 954//954
f 3703//3703 3715//3715 3707//3707
f 2003//2003 2023//2023 1931//1931
f 1523//1523 1599//1599 1588//1588
f 1621//1621 1255//1255 2212//2212
f 3741//3741 3658//3658 3570//3570
f 4000//4000 4010//4010 3992//3992
f 3741//3741 3785//3785 3750//3750
f 3624//3624 3635//3635 3711//3711
f 2057//2057 1757//1757 1762//1762
f 65//65 28//28 71//71
f 3747//3747 3742//3742 3746//3746
f 173//173 258//258 320//320
f 3689//3689 3665//3665 3612//3612
f 221//221 201//201 227//227
f 2136//2136 2213//2213 1862//1862
f 3333//3333 3245//3245 3279//3279
f 3306//3306 3239//3239 3242//3242
f 1175//1175 1185//1185 1172//1172
f 2003//2003 2036//2036 2735//2735
f 2003//2003 2735//2735 2036//2036
f 3764//3764 3808//3808 3810//3810
f 3472//3472 2540//2540 3319//3319
f 3580//3580 3564//3564 3585//3585
f 550//550 590//590 586//586
f 2184//2184 2221//2221 2158//2158
f 2462//2462 2674//2674 2862//2862
f 2003//2003 1976//1976 1997//1997
f 95//95 205//205 91//91
f 3685//3685 3686//3686 3765//3765
f 1235//1235 1417//1417 1272//1272
f 261//261 303//303 319//319
f 3728//3728 3750//3750 3785//3785
f 1075//1075 1046//1046 1029//1029
f 3324//3324 3189//3189 3021//3021
f 1135//1135 1145//1145 1174//1174
f 362//362 398//398 348//348
f 3832//3832 3828//3828 3809//3809
f 4002//4002 3978//3978 4003//4003
f 3643//3643 3589//3589 3645//3645
f 1803//1803 2165//2165 2265//2265
f 1436//1436 2373//2373 2501//2501
f 2242//2242 2232//2232 2292//2292
f 2242//2242 2292//2292 2232//2232
f 1151//1151 1182//1182 1145//1145
f 3039//3039 2863//2863 2844//2844
f 3007//3007 3053//3053 3038//3038
f 3567//3567 3573//3573 3575//3575
f 1371//1371 1656//1656 1462//1462
f 705//705 702//702 649//649
f 2904//2904 2998//2998 2845//2845
f 3795//3795 3680//3680 3793//3793
f 3655//3655 3595//3595 3669//3669
f 3242//3242 3296//3296 3261//3261
f 974//974 971//971 935//935
f 1252//1252 1280//1280 1212//1212
f 3547//3547 3560//3560 3541//3541
f 3761//3761 3788//3788 3780//3780
f 2181//2181 2240//2240 2091//2091
f 2782//2782 3205//3205 2893//2893
f 3730//3730 3756//3756 3799//3799
f 1277//1277 1340//1340 1386//1386
f 3777//3777 3788//3788 3771//3771
f 3735//3735 3691//3691 3612//3612
f 1724//1724 1784//1784 1768//1768
f 943//943 948//948 954//954
f 217//217 204//204 237//237
f 3999//3999 4046//4046 4015//4015
f 1976//1976 1997//1997 1944//1944
f 1976//1976 1944//1944 1997//1997
f 895//895 906//906 933//933
f 3685//3685 3765//3765 3695//3695
f 2805//2805 2748//2748 2806//2806
f 2604//2604 2452//2452 2444//2444
f 845//845 707//707 783//783
f 324//324 347//347 341//341
f 1431//1431 1423//1423 1562//1562
f 915//915 936//936 890//890
f 3399//3399 3371//3371 3441//3441
f 2537//2537 561//561 2259//2259
f 2537//2537 2259//2259 561//561
f 3783//3783 3736//3736 3740//3740
f 804//804 1414//1414 1271//1271
f 3550//3550 3929//3929 3674//3674
f 3550//3550 3674//3674 3929//3929
f 3689//3689 3763//3763 3665//3665
f 3832//3832 3825//3825 3831//3831
f 1150//1150 1083//1083 1043//1043
f 3534//3534 3549//3549 3538//3538
f 2213//2213 2388//2388 2398//2398
f 3105//3105 3106//3106 3246//3246
f 3777//3777 3774//3774 3788//3788
f 1848//1848 1856//1856 1823//1823
f 2194//2194 2077//2077 2087//2087
f 2864//2864 3035//3035 2888//2888
f 2840//2840 2890//2890 2924//2924
f 3623//3623 3726//3726 3651//3651
f 3845//3845 3867//3867 3848//3848
f 848//848 896//896 921//921
f 2931//2931 2730//2730 3036//3036
f 2498//2498 927//927 1471//1471
f 2862//2862 2806//2806 2850//2850
f 3750//3750 3800//3800 3808//3808
f 1433//1433 1332//1332 1348//1348
f 2921//2921 2939//2939 2936//2936
f 809//809 751//751 889//889
f 3788//3788 3774//3774 3780//3780
f 654//654 636//636 684//684
f 1431//1431 2004//2004 1693//1693
f 3695//3695 3772//3772 3752//3752
f 439//439 334//334 518//518
f 1611//1611 1618//1618 1625//1625
f 1611//1611 1625//1625 1618//1618
f 3810//3810 3808//3808 3811//3811
f 2213//2213 2388//2388 2345//2345
f 640//640 666//666 721//721
f 773//773 783//783 707//707
f 3613//3613 3458//3458 3501//3501
f 2672//2672 2664//2664 2645//2645
f 2672//2672 2645//2645 2664//2664
f 2977//2977 3000//3000 3006//3006
f 3728//3728 3747//3747 3750//3750
f 364//364 344//344 345//345
f 3640//3640 3645//3645 3551//3551
f 947//947 882//882 948//948
f 947//947 948//948 882//882
f 2528//2528 2480//2480 2486//2486
f 1564//1564 1482//1482 2560//2560
f 3548//3548 3593//3593 3575//3575
f 3548//3548 3575//3575 3593//3593
f 1158//1158 1209//1209 1224//1224
f 3741//3741 3750//3750 3747//3747
f 2507//2507 2446//2446 2469//2469
f 4002//4002 4011//4011 4017//4017
f 2827//2827 2993//2993 2421//2421
f 979//979 973//973 960//960
f 1328//1328 1271//1271 1355//1355
f 2688//2688 2996//2996 2868//2868
f 3761//3761 3774//3774 3775//3775
f 3304//3304 3213//3213 3255//3255
f 3654//3654 3581//3581 3657//3657
f 3654//3654 3657//3657 3581//3581
f 3547//3547 3540//3540 3546//3546
f 3795//3795 3822//3822 3793//3793
f 3517//3517 3523//3523 3527//3527
f 343//343 312//312 331//331
f 1696//1696 1624//1624 1300//1300
f 1232//1232 1185//1185 1182//1182
f 3570//3570 3550//3550 3586//3586
f 3570//3570 3586//3586 3550//3550
f 3783//3783 3807//3807 3804//3804
f 3783//3783 3804//3804 3807//3807
f 2514//2514 2596//2596 2542//2542
f 3038//3038 3176//3176 3067//3067
f 3614//3614 3701//3701 3641//3641
f 3747//3747 3772//3772 3766//3766
f 2764//2764 2740//2740 2839//2839
f 556//556 270//270 223//223
f 3688//3688 3809//3809 3726//3726
f 1991//1991 3476//3476 2467//2467
f 565//565 535//535 587//587
f 639//639 634//634 610//610
f 2961//2961 2901//2901 2756//2756
f 1702//1702 1429//1429 1740//1740
f 1702//1702 1740//1740 1429//1429
f 2961//2961 2756//2756 2901//2901
f 3515//3515 3523//3523 3528//3528
f 2731//2731 2637//2637 2428//2428
f 178//178 165//165 220//220
f 1308//1308 2294//2294 1391//1391
f 1507//1507 1379//1379 1408//1408
f 3739//3739 3784//3784 3756//3756
f 1577//1577 1497//1497 1604//1604
f 109//109 125//125 74//74
f 1799//1799 1764//1764 1783//1783
f 1568//1568 1427//1427 1312//1312
f 1602//1602 2031//2031 1650//1650
f 3671//3671 3575//3575 3573//3573
f 1232//1232 1202//1202 1357//1357
f 128//128 117//117 116//116
f 3401//3401 3381//3381 3369//3369
f 752//752 756//756 775//775
f 930//930 968//968 971//971
f 752//752 775//775 756//756
f 180//180 181//181 205//205
f 3092//3092 3006//3006 3097//3097
f 3092//3092 3097//3097 3006//3006
f 2659//2659 2642//2642 2779//2779
f 2799//2799 1236//1236 1909//1909
f 947//947 892//892 917//917
f 434//434 427//427 418//418
f 3520//3520 3595//3595 3582//3582
f 3728//3728 3742//3742 3747//3747
f 404//404 298//298 276//276
f 576//576 590//590 771//771
f 277//277 49//49 214//214
f 3013//3013 2961//2961 3193//3193
f 940//940 932//932 840//840
f 737//737 840//840 719//719
f 1798//1798 2258//2258 1908//1908
f 3567//3567 3515//3515 3531//3531
f 3567//3567 3531//3531 3515//3515
f 3711//3711 3635//3635 3712//3712
f 2714//2714 2647//2647 2586//2586
f 2714//2714 2586//2586 2647//2647
f 3799//3799 3803//3803 3806//3806
f 1191//1191 1802//1802 2170//2170
f 2405//2405 2288//2288 2335//2335
f 422//422 450//450 436//436
f 3567//3567 3524//3524 3520//3520
f 2995//2995 2900//2900 2929//2929
f 2995//2995 2929//2929 2900//2900
f 3440//3440 3363//3363 3339//3339
f 2841//2841 2907//2907 2998//2998
f 3796//3796 3833//3833 3824//3824
f 3796//3796 3824//3824 3833//3833
f 1510//1510 1591//1591 1653//1653
f 3728//3728 3746//3746 3742//3742
f 351//351 328//328 309//309
f 772//772 751//751 809//809
f 1914//1914 1901//1901 2105//2105
f 2062//2062 2054//2054 2325//2325
f 3215//3215 3217//3217 3254//3254
f 3428//3428 3283//3283 3359//3359
f 3141//3141 3449//3449 3188//3188
f 448//448 553//553 453//453
f 2095//2095 1544//1544 1584//1584
f 3463//3463 3374//3374 3012//3012
f 1163//1163 1174//1174 1139//1139
f 2567//2567 2648//2648 2668//2668
f 3593//3593 3528//3528 3536//3536
f 3561//3561 3577//3577 3566//3566
f 545//545 529//529 528//528
f 1480//1480 1446//1446 1495//1495
f 1480//1480 1495//1495 1446//1446
f 2962//2962 2754//2754 3291//3291
f 2977//2977 3185//3185 3092//3092
f 2869//2869 2922//2922 2839//2839
f 824//824 741//741 806//806
f 824//824 806//806 741//741
f 1294//1294 1322//1322 1292//1292
f 3201//3201 3313//3313 3244//3244
f 2846//2846 2890//2890 2896//2896
f 3735//3735 3612//3612 3603//3603
f 3004//3004 2899//2899 2992//2992
f 3508//3508 3157//3157 3839//3839
f 3551//3551 3545//3545 3574//3574
f 2339//2339 2308//2308 2776//2776
f 2416//2416 2604//2604 2603//2603
f 95//95 98//98 205//205
f 95//95 205//205 98//98
f 408//408 390//390 402//402
f 3766//3766 3817//3817 3813//3813
f 2195//2195 2270//2270 2269//2269
f 3611//3611 3606//3606 3596//3596
f 3176//3176 2904//2904 2788//2788
f 924//924 944//944 916//916
f 924//924 916//916 944//944
f 2833//2833 2987//2987 2914//2914
f 760//760 700//700 682//682
f 2679//2679 2976//2976 2884//2884
f 3780//3780 3833//3833 3821//3821
f 770//770 909//909 849//849
f 3146//3146 3127//3127 3071//3071
f 3454//3454 3462//3462 3450//3450
f 2517//2517 2530//2530 2437//2437
f 405//405 4030//4030 2595//2595
f 405//405 2595//2595 4030//4030
f 2180//2180 1979//1979 1970//1970
f 786//786 799//799 788//788
f 3678//3678 3756//3756 3790//3790
f 2884//2884 2976//2976 3197//3197
f 3680//3680 3589//3589 3736//3736
f 1790//1790 2176//2176 1776//1776
f 600//600 599//599 632//632
f 3001//3001 3868//3868 3484//3484
f 3736//3736 3673//3673 3645//3645
f 2352//2352 2228//2228 2584//2584
f 376//376 386//386 393//393
f 1836//1836 1873//1873 1946//1946
f 3547//3547 3533//3533 3608//3608
f 3430//3430 3426//3426 3417//3417
f 3083//3083 3018//3018 2812//2812
f 381//381 343//343 421//421
f 3305//3305 3322//3322 3127//3127
f 956//956 976//976 972//972
f 3614//3614 3724//3724 3662//3662
f 831//831 898//898 843//843
f 700//700 755//755 671//671
f 3935//3935 3971//3971 3958//3958
f 3531//3531 3575//3575 3573//3573
f 221//221 131//131 193//193
f 715//715 781//781 856//856
f 3586//3586 3634//3634 3627//3627
f 3762//3762 3797//3797 3786//3786
f 3762//3762 3786//3786 3797//3797
f 758//758 831//831 734//734
f 1577//1577 1604//1604 1658//1658
f 472//472 566//566 478//478
f 190//190 182//182 88//88
f 190//190 88//88 182//182
f 3777//3777 3775//3775 3774//3774
f 1782//1782 1555//1555 1534//1534
f 3693//3693 3530//3530 3569//3569
f 1243//1243 1309//1309 1357//1357
f 318//318 285//285 444//444
f 3776//3776 3792//3792 3815//3815
f 3728//3728 3748//3748 3746//3746
f 2268//2268 2145//2145 2113//2113
f 1536//1536 1551//1551 1604//1604
f 1536//1536 1604//1604 1551//1551
f 2842//2842 3115//3115 2798//2798
f 3741//3741 3597//3597 3622//3622
f 3688//3688 3709//3709 3809//3809
f 1190//1190 1645//1645 1181//1181
f 715//715 779//779 763//763
f 715//715 763//763 779//779
f 628//628 663//663 638//638
f 3169//3169 3345//3345 3341//3341
f 3229//3229 3132//3132 3194//3194
f 2050//2050 2098//2098 2049//2049
f 2494//2494 2629//2629 2600//2600
f 940//940 904//904 933//933
f 295//295 279//279 341//341
f 3739//3739 3763//3763 3765//3765
f 2280//2280 2036//2036 2202//2202
f 1676//1676 1850//1850 1721//1721
f 2439//2439 2186//2186 2164//2164
f 4039//4039 4011//4011 4027//4027
f 3869//3869 3659//3659 3880//3880
f 3791//3791 3831//3831 3825//3825
f 756//756 403//403 427//427
f 3788//3788 3820//3820 3786//3786
f 956//956 964//964 972//972
f 2202//2202 2511//2511 2456//2456
f 1778//1778 1773//1773 1741//1741
f 1778//1778 1741//1741 1773//1773
f 3408//3408 3356//3356 3382//3382
f 1637//1637 1663//1663 1824//1824
f 3461//3461 3445//3445 3453//3453
f 1517//1517 1511//1511 1500//1500
f 1517//1517 1500//1500 1511//1511
f 3741//3741 3772//3772 3808//3808
f 3741//3741 3808//3808 3772//3772
f 3077//3077 3136//3136 3068//3068
f 2895//2895 2945//2945 3143//3143
f 5//5 1776//1776 1374//1374
f 3427//3427 3457//3457 3380//3380
f 1362//1362 1511//1511 1500//1500
f 2242//2242 1542//1542 1544//1544
f 1900//1900 1926//1926 1916//1916
f 915//915 852//852 907//907
f 915//915 907//907 852//852
f 1658//1658 1639//1639 1640//1640
f 1744//1744 3111//3111 2940//2940
f 316//316 324//324 506//506
f 2129//2129 2104//2104 1905//1905
f 1698//1698 1639//1639 1874//1874
f 803//803 794//794 992//992
f 1524//1524 1402//1402 1417//1417
f 3685//3685 3603//3603 3735//3735
f 3791//3791 3762//3762 3731//3731
f 3266//3266 3388//3388 3241//3241
f 895//895 932//932 909//909
f 3645//3645 3643//3643 3646//3646
f 3741//3741 3746//3746 3748//3748
f 3395//3395 3417//3417 3405//3405
f 2948//2948 2705//2705 2879//2879
f 3741//3741 3747//3747 3746//3746
f 1459//1459 1472//1472 1465//1465
f 1459//1459 1465//1465 1472//1472
f 1664//1664 556//556 693//693
f 159//159 191//191 197//197
f 294//294 171//171 197//197
f 221//221 227//227 119//119
f 715//715 815//815 779//779
f 715//715 779//779 815//815
f 566//566 560//560 611//611
f 632//632 687//687 649//649
f 3090//3090 3737//3737 3075//3075
f 882//882 875//875 873//873
f 882//882 873//873 875//875
f 2842//2842 2867//2867 2852//2852
f 3403//3403 3328//3328 3481//3481
f 1723//1723 1765//1765 1684//1684
f 3711//3711 3727//3727 3642//3642
f 2405//2405 2687//2687 2447//2447
f 3774//3774 3815//3815 3796//3796
f 2167//2167 2357//2357 2224//2224
f 3732//3732 3789//3789 3871//3871
f 3624//3624 3711//3711 3642//3642
f 3198//3198 3313//3313 3201//3201
f 3160//3160 2852//2852 2842//2842
f 3210//3210 3164//3164 3245//3245
f 3624//3624 3642//3642 3727//3727
f 3624//3624 3727//3727 3642//3642
f 468//468 475//475 486//486
f 1931//1931 1883//1883 1889//1889
f 3000//3000 3017//3017 3130//3130
f 3366//3366 3365//3365 3320//3320
f 2053//2053 2004//2004 2516//2516
f 2053//2053 2516//2516 2004//2004
f 3777//3777 3727//3727 3711//3711
f 98//98 110//110 196//196
f 883//883 881//881 799//799
f 3777//3777 3624//3624 3727//3727
f 353//353 369//369 367//367
f 3777//3777 3712//3712 3635//3635
f 397//397 405//405 402//402
f 3777//3777 3711//3711 3712//3712
f 2393//2393 2180//2180 2325//2325
f 3777//3777 3718//3718 3656//3656
f 2369//2369 2351//2351 2207//2207
f 3085//3085 3162//3162 3100//3100
f 3309//3309 3482//3482 2614//2614
f 3741//3741 3622//3622 3677//3677
f 3777//3777 3635//3635 3718//3718
f 2501//2501 2373//2373 2256//2256
f 3124//3124 2814//2814 3230//3230
f 3243//3243 3155//3155 2955//2955
f 870//870 796//796 809//809
f 2961//2961 2968//2968 3054//3054
f 3306//3306 3358//3358 3239//3239
f 2507//2507 2439//2439 2446//2446
f 2507//2507 2446//2446 2439//2439
f 894//894 958//958 885//885
f 3943//3943 4001//4001 4038//4038
f 259//259 300//300 267//267
f 487//487 11//11 154//154
f 1378//1378 1447//1447 1415//1415
f 3556//3556 3636//3636 3663//3663
f 2393//2393 2325//2325 2530//2530
f 170//170 297//297 263//263
f 654//654 906//906 895//895
f 3143//3143 3350//3350 3200//3200
f 3726//3726 3722//3722 3651//3651
f 2082//2082 2314//2314 2118//2118
f 3726//3726 3688//3688 3722//3722
f 3780//3780 3833//3833 3796//3796
f 812//812 852//852 834//834
f 1171//1171 1060//1060 1317//1317
f 1166//1166 1170//1170 1161//1161
f 2405//2405 2202//2202 2447//2447
f 1225//1225 1209//1209 1303//1303
f 1225//1225 1303//1303 1209//1209
f 2846//2846 2847//2847 2871//2871
f 95//95 88//88 79//79
f 483//483 554//554 576//576
f 3610//3610 3596//3596 3579//3579
f 3054//3054 2912//2912 3294//3294
f 3750//3750 3800//3800 3785//3785
f 1452//1452 2309//2309 1790//1790
f 3771//3771 3828//3828 3823//3823
f 3771//3771 3823//3823 3828//3828
f 2446//2446 2372//2372 2442//2442
f 98//98 97//97 88//88
f 3780//3780 3815//3815 3794//3794
f 2513//2513 2399//2399 2949//2949
f 3493//3493 3402//3402 3448//3448
f 3776//3776 3814//3814 3819//3819
f 3160//3160 3375//3375 3259//3259
f 2947//2947 2893//2893 2875//2875
f 3588//3588 3626//3626 708//708
f 892//892 929//929 917//917
f 742//742 762//762 785//785
f 389//389 458//458 535//535
f 3277//3277 3264//3264 3346//3346
f 705//705 649//649 666//666
f 2405//2405 2728//2728 2687//2687
f 2961//2961 3010//3010 3193//3193
f 1837//1837 1640//1640 1819//1819
f 682//682 728//728 663//663
f 682//682 663//663 728//728
f 476//476 580//580 542//542
f 914//914 772//772 809//809
f 2113//2113 2274//2274 2145//2145
f 540//540 1229//1229 1375//1375
f 2346//2346 2453//2453 2477//2477
f 786//786 788//788 697//697
f 3769//3769 3785//3785 3751//3751
f 3610//3610 3821//3821 3606//3606
f 2405//2405 2741//2741 2830//2830
f 1232//1232 1235//1235 1202//1202
f 1096//1096 1088//1088 1117//1117
f 3513//3513 3499//3499 3522//3522
f 1544//1544 1542//1542 1548//1548
f 637//637 617//617 623//623
f 2973//2973 2471//2471 2596//2596
f 2919//2919 2663//2663 2935//2935
f 3057//3057 3010//3010 2905//2905
f 1520//1520 1549//1549 1559//1559
f 614//614 595//595 589//589
f 3325//3325 3335//3335 3276//3276
f 128//128 127//127 117//117
f 3792//3792 3815//3815 3796//3796
f 3763//3763 3735//3735 3765//3765
f 2684//2684 2723//2723 2907//2907
f 3294//3294 3301//3301 3209//3209
f 964//964 850//850 775//775
f 2903//2903 2985//2985 3099//3099
f 2102//2102 2067//2067 2034//2034
f 2102//2102 2034//2034 2067//2067
f 2992//2992 3039//3039 3009//3009
f 3444//3444 3465//3465 3457//3457
f 363//363 346//346 395//395
f 363//363 395//395 346//346
f 3580//3580 3565//3565 3564//3564
f 1607//1607 1285//1285 1315//1315
f 2128//2128 2036//2036 2087//2087
f 2128//2128 2087//2087 2036//2036
f 892//892 917//917 929//929
f 1986//1986 1992//1992 1911//1911
f 942//942 979//979 969//969
f 256//256 47//47 51//51
f 1452//1452 1790//1790 1418//1418
f 2620//2620 1992//1992 1895//1895
f 755//755 753//753 741//741
f 755//755 741//741 753//753
f 2780//2780 2812//2812 2797//2797
f 1608//1608 1299//1299 1187//1187
f 3707//3707 3615//3615 3715//3715
f 3741//3741 3753//3753 3672//3672
f 1260//1260 1121//1121 1167//1167
f 572//572 192//192 4//4
f 1644//1644 1898//1898 1845//1845
f 2177//2177 1994//1994 1979//1979
f 3688//3688 3722//3722 3682//3682
f 3924//3924 3893//3893 3889//3889
f 3278//3278 3344//3344 3260//3260
f 2292//2292 2260//2260 2347//2347
f 3726//3726 3809//3809 3760//3760
f 1641//1641 1679//1679 1651//1651
f 3551//3551 3540//3540 3545//3545
f 2356//2356 2416//2416 2354//2354
f 2405//2405 2335//2335 2414//2414
f 3680//3680 3571//3571 3630//3630
f 764//764 785//785 541//541
f 2895//2895 2876//2876 3116//3116
f 12//12 9//9 15//15
f 1176//1176 1245//1245 1154//1154
f 3324//3324 3421//3421 2913//2913
f 3224//3224 3234//3234 3283//3283
f 3330//3330 3305//3305 3352//3352
f 3713//3713 3677//3677 3622//3622
f 1729//1729 1835//1835 1772//1772
f 3606//3606 3579//3579 3596//3596
f 1170//1170 1212//1212 1184//1184
f 3763//3763 3784//3784 3806//3806
f 3685//3685 3735//3735 3603//3603
f 2903//2903 2929//2929 2889//2889
f 2111//2111 2167//2167 2099//2099
f 877//877 867//867 804//804
f 3727//3727 3794//3794 3642//3642
f 3727//3727 3642//3642 3794//3794
f 3713//3713 3597//3597 3622//3622
f 3747//3747 3758//3758 3805//3805
f 4048//4048 4026//4026 4023//4023
f 2001//2001 2053//2053 2115//2115
f 2178//2178 2122//2122 2095//2095
f 2492//2492 2735//2735 2673//2673
f 1640//1640 1772//1772 1615//1615
f 3547//3547 3541//3541 3533//3533
f 3968//3968 3902//3902 3942//3942
f 3033//3033 3099//3099 2900//2900
f 3713//3713 3622//3622 3597//3597
f 3614//3614 3633//3633 3701//3701
f 2906//2906 3097//3097 2881//2881
f 3624//3624 3656//3656 3635//3635
f 3317//3317 3358//3358 3375//3375
f 3697//3697 3719//3719 3676//3676
f 2766//2766 2931//2931 3101//3101
f 813//813 762//762 785//785
f 813//813 785//785 762//762
f 2741//2741 2757//2757 2800//2800
f 1661//1661 1708//1708 1677//1677
f 3090//3090 2409//2409 2726//2726
f 287//287 359//359 199//199
f 1950//1950 1970//1970 1966//1966
f 1950//1950 1966//1966 1970//1970
f 3741//3741 3746//3746 3750//3750
f 1326//1326 1444//1444 1224//1224
f 664//664 672//672 714//714
f 3082//3082 3083//3083 3018//3018
f 3570//3570 3557//3557 3568//3568
f 51//51 105//105 170//170
f 3573//3573 3517//3517 3528//3528
f 3883//3883 3914//3914 3944//3944
f 56//56 28//28 29//29
f 1446//1446 1495//1495 1547//1547
f 251//251 411//411 313//313
f 3541//3541 3579//3579 3547//3547
f 3003//3003 3256//3256 3423//3423
f 3527//3527 3514//3514 3536//3536
f 3920//3920 3944//3944 3933//3933
f 1724//1724 1726//1726 1599//1599
f 1724//1724 1599//1599 1726//1726
f 3570//3570 3622//3622 3658//3658
f 1080//1080 1063//1063 1132//1132
f 3924//3924 3892//3892 3941//3941
f 3260//3260 3246//3246 3106//3106
f 138//138 165//165 78//78
f 3359//3359 3428//3428 3400//3400
f 3570//3570 3713//3713 3622//3622
f 3548//3548 3612//3612 3593//3593
f 2052//2052 2622//2622 2976//2976
f 3642//3642 3606//3606 3579//3579
f 1832//1832 1817//1817 1630//1630
f 3097//3097 3281//3281 3161//3161
f 975//975 966//966 973//973
f 3582//3582 3678//3678 3595//3595
f 427//427 1091//1091 2643//2643
f 3791//3791 3786//3786 3809//3809
f 3610//3610 3611//3611 3596//3596
f 3820//3820 3715//3715 3519//3519
f 2317//2317 2334//2334 1621//1621
f 2314//2314 2460//2460 2250//2250
f 2439//2439 2382//2382 2362//2362
f 3250//3250 3034//3034 3081//3081
f 3610//3610 3624//3624 3611//3611
f 2744//2744 2693//2693 2724//2724
f 106//106 77//77 67//67
f 2026//2026 1911//1911 2042//2042
f 3586//3586 3526//3526 3549//3549
f 4035//4035 4041//4041 4040//4040
f 2242//2242 2330//2330 2232//2232
f 1943//1943 1761//1761 1951//1951
f 836//836 923//923 886//886
f 3648//3648 3608//3608 3591//3591
f 1135//1135 1145//1145 1143//1143
f 1169//1169 1184//1184 1201//1201
f 3602//3602 3594//3594 3605//3605
f 3602//3602 3605//3605 3594//3594
f 1131//1131 1005//1005 899//899
f 2991//2991 2784//2784 2944//2944
f 3610//3610 3579//3579 3606//3606
f 2202//2202 2515//2515 2223//2223
f 1323//1323 1418//1418 1400//1400
f 3768//3768 3721//3721 3720//3720
f 341//341 383//383 337//337
f 1170//1170 1227//1227 1184//1184
f 1949//1949 1783//1783 1675//1675
f 409//409 421//421 399//399
f 1497//1497 1729//1729 1640//1640
f 1143//1143 1182//1182 1145//1145
f 3635//3635 3602//3602 3605//3605
f 1328//1328 1212//1212 1227//1227
f 1376//1376 1332//1332 1451//1451
f 1803//1803 861//861 442//442
f 687//687 636//636 657//657
f 3944//3944 3894//3894 3846//3846
f 772//772 730//730 723//723
f 113//113 211//211 206//206
f 746//746 796//796 800//800
f 3425//3425 3263//3263 3495//3495
f 272//272 179//179 181//181
f 3407//3407 3385//3385 3345//3345
f 3855//3855 3852//3852 3858//3858
f 1642//1642 1245//1245 1345//1345
f 1385//1385 1250//1250 1206//1206
f 882//882 860//860 887//887
f 942//942 969//969 970//970
f 1317//1317 1056//1056 1343//1343
f 1317//1317 1343//1343 1056//1056
f 1166//1166 1204//1204 1220//1220
f 1361//1361 1500//1500 1497//1497
f 2716//2716 2453//2453 2346//2346
f 1450//1450 1665//1665 1572//1572
f 303//303 261//261 276//276
f 2526//2526 2527//2527 2554//2554
f 1218//1218 1154//1154 1188//1188
f 1556//1556 1445//1445 1512//1512
f 3638//3638 3816//3816 3876//3876
f 1218//1218 1228//1228 1266//1266
f 1218//1218 1266//1266 1228//1228
f 1381//1381 1988//1988 1715//1715
f 2436//2436 2470//2470 2441//2441
f 1131//1131 1262//1262 1457//1457
f 345//345 403//403 294//294
f 2461//2461 4037//4037 3875//3875
f 287//287 284//284 235//235
f 915//915 949//949 936//936
f 3614//3614 3611//3611 3596//3596
f 3814//3814 3776//3776 3815//3815
f 1517//1517 1639//1639 1551//1551
f 3771//3771 3648//3648 3611//3611
f 2714//2714 2841//2841 2904//2904
f 3007//3007 3062//3062 3005//3005
f 177//177 134//134 102//102
f 2026//2026 1899//1899 2042//2042
f 1245//1245 1684//1684 1356//1356
f 2797//2797 2834//2834 2734//2734
f 2671//2671 2654//2654 2667//2667
f 292//292 451//451 258//258
f 656//656 617//617 623//623
f 964//964 951//951 839//839
f 2709//2709 2724//2724 2670//2670
f 2118//2118 2106//2106 1947//1947
f 1877//1877 1863//1863 1859//1859
f 3853//3853 3856//3856 3841//3841
f 512//512 488//488 498//498
f 3765//3765 3763//3763 3810//3810
f 3182//3182 3067//3067 3176//3176
f 1474//1474 780//780 1307//1307
f 1075//1075 1019//1019 991//991
f 1075//1075 991//991 1019//1019
f 1651//1651 1543//1543 1427//1427
f 3250//3250 3154//3154 3081//3081
f 3250//3250 3081//3081 3154//3154
f 3614//3614 3720//3720 3724//3724
f 1378//1378 1288//1288 1427//1427
f 1378//1378 1427//1427 1288//1288
f 3761//3761 3768//3768 3662//3662
f 3754//3754 3757//3757 3749//3749
f 3671//3671 3756//3756 3697//3697
f 2031//2031 2038//2038 2314//2314
f 13//13 60//60 7//7
f 2734//2734 2703//2703 2708//2708
f 2734//2734 2708//2708 2703//2703
f 3571//3571 3551//3551 3589//3589
f 3515//3515 3531//3531 3567//3567
f 3515//3515 3567//3567 3531//3531
f 2862//2862 2850//2850 2852//2852
f 745//745 716//716 728//728
f 3823//3823 3820//3820 3825//3825
f 1916//1916 2282//2282 1926//1926
f 1916//1916 1926//1926 2282//2282
f 3101//3101 3323//3323 2747//2747
f 2314//2314 2240//2240 2251//2251
f 3598//3598 3567//3567 3595//3595
f 1512//1512 1523//1523 1539//1539
f 1512//1512 1539//1539 1523//1523
f 3624//3624 3712//3712 3635//3635
f 3945//3945 1936//1936 2689//2689
f 3496//3496 3897//3897 3494//3494
f 3813//3813 3817//3817 3758//3758
f 141//141 163//163 221//221
f 1986//1986 1895//1895 1992//1992
f 3769//3769 3751//3751 3764//3764
f 3053//3053 2998//2998 3086//3086
f 280//280 373//373 426//426
f 2439//2439 2164//2164 2382//2382
f 591//591 1121//1121 748//748
f 2002//2002 1873//1873 2037//2037
f 3795//3795 3630//3630 3680//3680
f 1577//1577 1729//1729 1837//1837
f 2337//2337 2321//2321 2472//2472
f 1446//1446 1980//1980 1495//1495
f 3677//3677 3570//3570 3609//3609
f 2232//2232 2312//2312 2359//2359
f 788//788 804//804 711//711
f 1745//1745 1686//1686 1537//1537
f 2339//2339 2074//2074 2300//2300
f 3112//3112 3182//3182 3241//3241
f 726//726 803//803 784//784
f 3768//3768 3720//3720 3662//3662
f 2397//2397 2510//2510 2526//2526
f 2050//2050 2098//2098 2043//2043
f 2050//2050 2043//2043 2098//2098
f 612//612 1301//1301 496//496
f 2036//2036 1883//1883 2077//2077
f 907//907 852//852 834//834
f 907//907 834//834 852//852
f 1312//1312 1288//1288 1270//1270
f 3783//3783 3793//3793 3822//3822
f 2855//2855 2854//2854 2834//2834
f 3077//3077 3024//3024 2978//2978
f 2343//2343 3206//3206 3103//3103
f 895//895 933//933 920//920
f 2534//2534 2630//2630 2581//2581
f 2904//2904 2673//2673 2788//2788
f 3035//3035 3024//3024 2702//2702
f 2202//2202 2336//2336 2144//2144
f 227//227 282//282 168//168
f 3054//3054 3140//3140 3009//3009
f 720//720 727//727 724//724
f 2864//2864 2975//2975 2703//2703
f 4022//4022 4020//4020 4016//4016
f 1722//1722 2580//2580 2626//2626
f 3228//3228 3129//3129 3233//3233
f 2393//2393 2226//2226 2566//2566
f 3833//3833 3852//3852 3815//3815
f 3723//3723 3749//3749 3743//3743
f 3309//3309 2614//2614 2426//2426
f 3517//3517 3536//3536 3523//3523
f 824//824 838//838 837//837
f 824//824 837//837 838//838
f 1638//1638 1510//1510 1647//1647
f 1895//1895 1388//1388 3198//3198
f 3108//3108 3167//3167 2879//2879
f 702//702 729//729 687//687
f 740//740 661//661 651//651
f 3185//3185 3161//3161 3130//3130
f 384//384 412//412 442//442
f 828//828 831//831 843//843
f 3236//3236 3284//3284 3387//3387
f 3741//3741 3677//3677 3609//3609
f 2830//2830 2833//2833 2840//2840
f 1611//1611 1513//1513 1494//1494
f 1611//1611 1494//1494 1513//1513
f 3570//3570 3568//3568 3609//3609
f 3855//3855 3833//3833 3852//3852
f 3855//3855 3852//3852 3833//3833
f 1893//1893 1960//1960 1827//1827
f 1241//1241 1268//1268 1245//1245
f 1669//1669 1692//1692 1121//1121
f 888//888 820//820 818//818
f 1275//1275 1219//1219 1309//1309
f 1378//1378 1384//1384 1244//1244
f 3914//3914 3849//3849 3871//3871
f 3570//3570 3562//3562 3557//3557
f 2232//2232 2359//2359 2292//2292
f 68//68 123//123 72//72
f 1366//1366 1510//1510 1496//1496
f 2320//2320 2215//2215 2291//2291
f 2290//2290 2255//2255 2412//2412
f 977//977 975//975 952//952
f 977//977 952//952 975//975
f 3724//3724 3720//3720 3701//3701
f 1315//1315 1017//1017 1310//1310
f 1536//1536 1792//1792 1500//1500
f 1986//1986 1899//1899 1973//1973
f 1337//1337 1411//1411 1367//1367
f 2584//2584 3248//3248 3211//3211
f 3730//3730 3595//3595 3655//3655
f 1847//1847 1924//1924 1971//1971
f 2818//2818 2834//2834 2734//2734
f 3622//3622 3558//3558 3557//3557
f 3196//3196 1446//1446 1463//1463
f 3570//3570 3559//3559 3568//3568
f 509//509 316//316 264//264
f 2089//2089 1995//1995 1971//1971
f 2089//2089 1971//1971 1995//1995
f 3570//3570 3557//3557 3609//3609
f 1639//1639 1574//1574 1660//1660
f 924//924 916//916 881//881
f 924//924 881//881 916//916
f 3528//3528 3523//3523 3536//3536
f 1837//1837 1984//1984 1615//1615
f 3728//3728 3663//3663 3674//3674
f 3570//3570 3609//3609 3559//3559
f 1604//1604 1640//1640 1837//1837
f 3304//3304 3287//3287 3371//3371
f 1582//1582 2006//2006 1464//1464
f 2095//2095 2254//2254 2242//2242
f 3570//3570 3568//3568 3557//3557
f 3730//3730 3669//3669 3678//3678
f 3153//3153 3485//3485 3028//3028
f 740//740 745//745 739//739
f 3954//3954 4012//4012 3933//3933
f 630//630 629//629 671//671
f 713//713 786//786 788//788
f 713//713 788//788 786//786
f 69//69 100//100 181//181
f 3454//3454 3450//3450 3452//3452
f 838//838 891//891 905//905
f 1389//1389 1401//1401 1836//1836
f 3883//3883 3878//3878 3830//3830
f 3832//3832 3762//3762 3825//3825
f 3680//3680 3643//3643 3566//3566
f 915//915 936//936 949//949
f 1139//1139 1145//1145 1175//1175
f 815//815 779//779 844//844
f 3686//3686 3676//3676 3593//3593
f 3347//3347 3336//3336 3331//3331
f 3548//3548 3573//3573 3575//3575
f 1406//1406 1337//1337 1253//1253
f 3623//3623 3629//3629 3738//3738
f 3306//3306 3375//3375 3261//3261
f 883//883 881//881 902//902
f 2380//2380 2230//2230 2306//2306
f 3417//3417 3375//3375 3358//3358
f 2424//2424 2416//2416 2514//2514
f 2506//2506 2381//2381 2055//2055
f 1187//1187 1070//1070 963//963
f 1723//1723 1642//1642 1638//1638
f 2462//2462 2631//2631 2674//2674
f 2462//2462 2674//2674 2631//2631
f 3570//3570 3557//3557 3550//3550
f 647//647 687//687 632//632
f 1000//1000 1001//1001 984//984
f 1000//1000 984//984 1001//1001
f 4034//4034 3994//3994 3244//3244
f 3779//3779 3675//3675 3865//3865
f 3299//3299 3243//3243 3312//3312
f 1726//1726 1952//1952 1824//1824
f 3739//3739 3765//3765 3763//3763
f 3739//3739 3763//3763 3765//3765
f 3522//3522 3538//3538 3513//3513
f 1444//1444 1508//1508 1437//1437
f 3297//3297 3665//3665 3296//3296
f 3749//3749 3781//3781 3773//3773
f 188//188 214//214 326//326
f 898//898 836//836 886//886
f 1286//1286 1259//1259 1239//1239
f 2903//2903 3154//3154 3099//3099
f 1584//1584 2012//2012 2095//2095
f 2007//2007 2210//2210 2087//2087
f 2761//2761 2786//2786 2506//2506
f 3687//3687 3911//3911 3696//3696
f 2158//2158 2149//2149 2089//2089
f 3741//3741 3750//3750 3728//3728
f 1604//1604 1658//1658 1536//1536
f 3750//3750 3746//3746 3754//3754
f 1223//1223 1157//1157 1224//1224
f 1223//1223 1224//1224 1157//1157
f 720//720 727//727 725//725
f 3728//3728 3750//3750 3754//3754
f 1408//1408 1207//1207 1804//1804
f 2862//2862 2631//2631 2851//2851
f 3575//3575 3573//3573 3593//3593
f 3686//3686 3665//3665 3676//3676
f 3686//3686 3676//3676 3665//3665
f 305//305 314//314 323//323
f 3164//3164 3286//3286 3345//3345
f 1554//1554 1541//1541 1492//1492
f 3519//3519 3591//3591 3533//3533
f 1818//1818 1777//1777 1854//1854
f 1658//1658 1604//1604 1536//1536
f 3046//3046 3360//3360 3471//3471
f 3645//3645 3646//3646 3643//3643
f 2777//2777 2205//2205 3314//3314
f 3570//3570 3538//3538 3597//3597
f 3570//3570 3597//3597 3538//3538
f 2383//2383 2233//2233 2270//2270
f 1735//1735 1989//1989 1711//1711
f 1393//1393 1313//1313 1327//1327
f 526//526 4//4 2//2
f 810//810 804//804 774//774
f 810//810 774//774 804//804
f 394//394 334//334 439//439
f 62//62 41//41 33//33
f 651//651 655//655 731//731
f 3435//3435 3357//3357 3366//3366
f 2899//2899 2478//2478 2662//2662
f 2530//2530 2478//2478 2517//2517
f 631//631 700//700 638//638
f 2341//2341 9//9 532//532
f 1146//1146 1075//1075 1099//1099
f 298//298 308//308 268//268
f 3611//3611 3624//3624 3648//3648
f 809//809 800//800 723//723
f 783//783 845//845 707//707
f 2912//2912 2859//2859 2667//2667
f 882//882 887//887 896//896
f 579//579 893//893 1861//1861
f 1433//1433 2056//2056 2311//2311
f 3780//3780 3774//3774 3778//3778
f 3809//3809 3760//3760 3824//3824
f 3809//3809 3824//3824 3760//3760
f 3266//3266 3279//3279 3320//3320
f 3266//3266 3320//3320 3279//3279
f 2788//2788 2841//2841 2999//2999
f 2583//2583 2543//2543 2596//2596
f 2584//2584 3211//3211 2617//2617
f 1377//1377 1324//1324 1364//1364
f 2238//2238 2076//2076 2507//2507
f 907//907 949//949 890//890
f 2150//2150 2184//2184 2158//2158
f 2150//2150 2158//2158 2184//2184
f 2838//2838 2762//2762 2778//2778
f 120//120 230//230 111//111
f 2314//2314 2251//2251 2181//2181
f 3299//3299 3312//3312 3352//3352
f 702//702 719//719 649//649
f 702//702 649//649 719//719
f 1460//1460 1626//1626 1760//1760
f 694//694 627//627 661//661
f 3813//3813 3811//3811 3772//3772
f 1349//1349 1492//1492 1541//1541
f 265//265 305//305 419//419
f 1182//1182 1235//1235 1357//1357
f 1517//1517 1551//1551 1295//1295
f 33//33 126//126 62//62
f 3440//3440 3375//3375 3417//3417
f 1326//1326 1224//1224 1353//1353
f 3735//3735 3763//3763 3751//3751
f 3735//3735 3751//3751 3763//3763
f 3324//3324 3331//3331 3189//3189
f 3324//3324 3189//3189 3331//3331
f 3458//3458 3423//3423 3501//3501
f 1275//1275 1397//1397 1219//1219
f 2025//2025 2194//2194 2087//2087
f 2469//2469 2397//2397 2510//2510
f 2675//2675 1722//1722 2626//2626
f 3917//3917 3937//3937 3891//3891
f 1944//1944 2315//2315 1977//1977
f 760//760 812//812 755//755
f 3567//3567 3575//3575 3671//3671
f 463//463 523//523 553//553
f 2489//2489 1605//1605 1742//1742
f 2620//2620 2496//2496 1992//1992
f 1786//1786 1794//1794 1262//1262
f 3793//3793 3680//3680 3736//3736
f 1931//1931 1889//1889 1976//1976
f 3052//3052 3112//3112 3067//3067
f 2003//2003 2087//2087 2036//2036
f 871//871 822//822 811//811
f 1959//1959 1955//1955 1953//1953
f 319//319 303//303 306//306
f 3333//3333 3279//3279 3366//3366
f 800//800 746//746 786//786
f 2150//2150 2094//2094 2065//2065
f 3832//3832 3834//3834 3824//3824
f 2973//2973 3160//3160 3097//3097
f 851//851 830//830 890//890
f 3224//3224 3204//3204 3234//3234
f 350//350 332//332 314//314
f 199//199 85//85 198//198
f 3902//3902 3953//3953 3899//3899
f 4011//4011 3990//3990 3976//3976
f 1090//1090 1078//1078 1108//1108
f 3169//3169 2824//2824 2931//2931
f 2797//2797 2887//2887 2834//2834
f 2405//2405 2586//2586 2728//2728
f 3788//3788 3812//3812 3820//3820
f 2193//2193 2342//2342 2194//2194
f 2812//2812 2692//2692 3018//3018
f 1641//1641 1639//1639 1658//1658
f 1554//1554 1576//1576 1492//1492
f 5//5 503//503 1256//1256
f 2967//2967 2928//2928 2959//2959
f 3762//3762 3809//3809 3828//3828
f 1409//1409 1716//1716 2082//2082
f 3741//3741 3713//3713 3597//3597
f 2388//2388 2477//2477 2530//2530
f 619//619 624//624 648//648
f 2171//2171 2227//2227 2201//2201
f 2968//2968 2905//2905 3010//3010
f 598//598 495//495 536//536
f 3579//3579 3541//3541 3642//3642
f 1172//1172 1182//1182 1202//1202
f 3741//3741 3752//3752 3772//3772
f 3838//3838 3446//3446 2829//2829
f 3229//3229 3132//3132 3057//3057
f 2523//2523 2530//2530 2566//2566
f 3007//3007 3005//3005 2924//2924
f 3593//3593 3665//3665 3689//3689
f 3396//3396 3193//3193 3307//3307
f 3396//3396 3307//3307 3193//3193
f 3741//3741 3570//3570 3702//3702
f 2273//2273 2023//2023 2194//2194
f 2882//2882 2861//2861 3231//3231
f 3448//3448 3337//3337 3402//3402
f 3097//3097 2973//2973 3095//3095
f 8//8 9//9 11//11
f 8//8 11//11 9//9
f 3359//3359 3444//3444 3429//3429
f 971//971 930//930 953//953
f 460//460 644//644 621//621
f 117//117 229//229 212//212
f 829//829 959//959 926//926
f 2570//2570 3475//3475 2750//2750
f 900//900 908//908 906//906
f 3021//3021 2875//2875 3189//3189
f 523//523 462//462 653//653
f 95//95 91//91 205//205
f 3506//3506 3416//3416 3179//3179
f 1600//1600 1566//1566 2182//2182
f 2620//2620 2631//2631 2552//2552
f 3688//3688 3629//3629 3709//3709
f 2668//2668 2760//2760 2756//2756
f 427//427 4037//4037 2461//2461
f 106//106 49//49 77//77
f 3771//3771 3788//3788 3778//3778
f 3496//3496 3494//3494 3321//3321
f 286//286 230//230 240//240
f 250//250 257//257 244//244
f 3771//3771 3778//3778 3774//3774
f 734//734 651//651 655//655
f 3761//3761 3778//3778 3788//3788
f 3589//3589 3566//3566 3561//3561
f 3691//3691 3769//3769 3764//3764
f 3768//3768 3644//3644 3721//3721
f 3570//3570 3586//3586 3527//3527
f 3570//3570 3527//3527 3586//3586
f 1718//1718 1950//1950 1864//1864
f 2239//2239 2287//2287 2295//2295
f 3062//3062 2833//2833 2846//2846
f 2913//2913 2835//2835 2899//2899
f 3417//3417 3419//3419 3436//3436
f 3777//3777 3771//3771 3774//3774
f 3415//3415 3529//3529 3328//3328
f 3946//3946 3937//3937 3917//3917
f 3783//3783 3822//3822 3807//3807
f 1056//1056 662//662 1054//1054
f 587//587 1071//1071 565//565
f 949//949 936//936 890//890
f 1146//1146 1112//1112 1075//1075
f 3741//3741 3744//3744 3746//3746
f 2851//2851 2853//2853 2471//2471
f 2299//2299 2227//2227 2327//2327
f 2299//2299 2327//2327 2227//2227
f 2624//2624 2554//2554 2556//2556
f 3741//3741 3728//3728 3785//3785
f 2311//2311 2261//2261 2434//2434
f 3384//3384 3347//3347 3390//3390
f 1876//1876 405//405 1895//1895
f 3145//3145 3199//3199 3100//3100
f 2653//2653 2501//2501 2610//2610
f 3345//3345 3169//3169 3164//3164
f 484//484 3//3 510//510
f 2206//2206 2180//2180 2138//2138
f 3570//3570 3558//3558 3538//3538
f 3570//3570 3538//3538 3558//3558
f 644//644 460//460 602//602
f 3570//3570 3558//3558 3622//3622
f 3741//3741 3695//3695 3752//3752
f 309//309 2371//2371 426//426
f 237//237 128//128 240//240
f 273//273 307//307 279//279
f 870//870 883//883 796//796
f 2417//2417 2489//2489 2244//2244
f 3570//3570 3622//3622 3557//3557
f 3391//3391 3288//3288 3040//3040
f 196//196 205//205 202//202
f 856//856 832//832 815//815
f 3624//3624 3642//3642 3711//3711
f 3087//3087 2809//2809 2864//2864
f 2065//2065 1851//1851 1836//1836
f 902//902 870//870 883//883
f 2687//2687 2830//2830 2840//2840
f 2780//2780 2692//2692 2812//2812
f 2780//2780 2812//2812 2692//2692
f 196//196 261//261 194//194
f 3570//3570 3559//3559 3562//3562
f 3937//3937 3959//3959 3949//3949
f 3552//3552 3585//3585 3565//3565
f 1135//1135 1140//1140 1162//1162
f 3210//3210 3207//3207 3279//3279
f 1524//1524 1493//1493 1526//1526
f 1808//1808 1673//1673 2135//2135
f 1661//1661 1629//1629 1708//1708
f 2206//2206 2243//2243 2391//2391
f 649//649 640//640 632//632
f 430//430 427//427 2643//2643
f 3660//3660 3704//3704 3703//3703
f 3479//3479 3569//3569 3530//3530
f 456//456 505//505 433//433
f 138//138 89//89 146//146
f 3821//3821 3833//3833 3819//3819
f 2016//2016 2308//2308 2339//2339
f 3008//3008 1975//1975 1629//1629
f 2661//2661 2625//2625 2645//2645
f 3995//3995 3987//3987 4014//4014
f 2777//2777 2789//2789 2826//2826
f 277//277 188//188 49//49
f 1780//1780 1755//1755 1587//1587
f 3062//3062 3086//3086 3207//3207
f 1837//1837 2025//2025 2087//2087
f 3243//3243 3149//3149 3155//3155
f 2111//2111 2034//2034 1868//1868
f 521//521 461//461 444//444
f 1486//1486 1443//1443 1463//1463
f 3395//3395 3279//3279 3320//3320
f 227//227 387//387 336//336
f 1570//1570 1439//1439 1382//1382
f 3552//3552 3565//3565 3623//3623
f 3841//3841 3853//3853 3847//3847
f 732//732 734//734 731//731
f 3640//3640 3809//3809 3804//3804
f 3571//3571 3577//3577 3630//3630
f 2605//2605 2569//2569 2153//2153
f 3941//3941 3850//3850 3654//3654
f 1724//1724 1768//1768 1784//1784
f 3629//3629 3667//3667 3709//3709
f 2817//2817 2957//2957 2920//2920
f 2918//2918 3337//3337 3402//3402
f 2158//2158 1971//1971 2149//2149
f 2031//2031 1912//1912 2042//2042
f 3788//3788 3755//3755 3776//3776
f 2605//2605 2730//2730 2569//2569
f 282//282 332//332 314//314
f 2053//2053 2527//2527 2516//2516
f 1326//1326 1295//1295 1444//1444
f 1724//1724 1694//1694 1588//1588
f 1920//1920 1959//1959 1922//1922
f 3624//3624 3610//3610 3648//3648
f 3610//3610 3611//3611 3648//3648
f 3623//3623 3738//3738 3726//3726
f 3678//3678 3669//3669 3756//3756
f 3610//3610 3606//3606 3611//3611
f 1723//1723 1647//1647 1680//1680
f 1862//1862 1663//1663 1594//1594
f 2493//2493 2564//2564 2701//2701
f 713//713 697//697 712//712
f 3610//3610 3642//3642 3579//3579
f 1651//1651 1427//1427 1568//1568
f 1409//1409 1309//1309 1530//1530
f 1872//1872 2009//2009 2578//2578
f 925//925 933//933 904//904
f 2285//2285 526//526 514//514
f 3614//3614 3596//3596 3602//3602
f 3614//3614 3602//3602 3594//3594
f 2740//2740 3076//3076 1282//1282
f 1986//1986 2042//2042 1899//1899
f 1757//1757 2048//2048 1771//1771
f 3614//3614 3594//3594 3599//3599
f 1444//1444 1209//1209 1326//1326
f 1264//1264 2750//2750 2324//2324
f 3579//3579 3545//3545 3518//3518
f 1212//1212 1173//1173 1227//1227
f 199//199 320//320 85//85
f 732//732 655//655 651//651
f 3754//3754 3800//3800 3757//3757
f 604//604 2244//2244 2052//2052
f 430//430 2643//2643 2646//2646
f 1754//1754 1614//1614 1800//1800
f 3250//3250 3359//3359 3234//3234
f 1187//1187 1398//1398 1608//1608
f 872//872 914//914 961//961
f 764//764 831//831 828//828
f 417//417 605//605 511//511
f 3266//3266 3279//3279 3320//3320
f 3771//3771 3611//3611 3798//3798
f 1450//1450 1357//1357 1501//1501
f 1450//1450 1501//1501 1357//1357
f 3604//3604 3522//3522 3525//3525
f 3698//3698 3707//3707 3715//3715
f 1641//1641 1658//1658 1536//1536
f 1641//1641 1536//1536 1658//1658
f 3359//3359 3371//3371 3361//3361
f 2447//2447 2456//2456 2499//2499
f 2447//2447 2499//2499 2456//2456
f 1275//1275 1366//1366 1357//1357
f 1275//1275 1357//1357 1366//1366
f 3344//3344 3193//3193 3307//3307
f 3333//3333 3210//3210 3216//3216
f 199//199 42//42 195//195
f 902//902 883//883 870//870
f 2015//2015 1950//1950 1945//1945
f 2854//2854 2975//2975 2887//2887
f 2193//2193 2077//2077 2194//2194
f 3603//3603 3612//3612 3536//3536
f 3624//3624 3733//3733 3727//3727
f 2570//2570 2582//2582 3475//3475
f 859//859 882//882 856//856
f 3703//3703 3707//3707 3679//3679
f 3315//3315 3299//3299 3352//3352
f 3239//3239 3181//3181 3244//3244
f 3713//3713 3672//3672 3597//3597
f 3294//3294 3380//3380 3301//3301
f 1310//1310 1735//1735 1153//1153
f 719//719 840//840 705//705
f 2668//2668 2831//2831 2901//2901
f 1902//1902 1877//1877 1942//1942
f 3741//3741 3672//3672 3713//3713
f 3525//3525 3725//3725 3593//3593
f 1614//1614 1350//1350 1649//1649
f 3823//3823 3820//3820 3786//3786
f 1597//1597 1265//1265 1242//1242
f 887//887 875//875 896//896
f 1450//1450 1572//1572 1501//1501
f 2735//2735 2788//2788 2673//2673
f 322//322 327//327 330//330
f 322//322 330//330 327//327
f 337//337 383//383 426//426
f 3598//3598 3595//3595 3520//3520
f 3620//3620 3609//3609 3570//3570
f 947//947 929//929 892//892
f 227//227 408//408 387//387
f 481//481 152//152 15//15
f 1999//1999 2008//2008 1973//1973
f 1051//1051 1013//1013 1033//1033
f 2619//2619 2057//2057 2058//2058
f 3832//3832 3831//3831 3834//3834
f 1414//1414 1377//1377 1429//1429
f 1824//1824 1952//1952 2093//2093
f 3265//3265 3335//3335 3240//3240
f 3265//3265 3240//3240 3335//3335
f 2624//2624 2561//2561 2554//2554
f 3689//3689 3735//3735 3691//3691
f 92//92 146//146 72//72
f 3513//3513 3549//3549 3526//3526
f 733//733 695//695 3621//3621
f 3766//3766 3813//3813 3758//3758
f 4035//4035 4032//4032 4030//4030
f 4024//4024 4028//4028 4037//4037
f 511//511 686//686 340//340
f 118//118 83//83 76//76
f 1467//1467 1353//1353 1405//1405
f 3598//3598 3567//3567 3676//3676
f 3250//3250 3359//3359 3361//3361
f 3250//3250 3361//3361 3359//3359
f 1733//1733 1563//1563 1687//1687
f 478//478 586//586 536//536
f 3176//3176 3029//3029 3053//3053
f 276//276 189//189 249//249
f 667//667 679//679 701//701
f 1862//1862 1710//1710 1654//1654
f 803//803 405//405 1058//1058
f 692//692 703//703 706//706
f 259//259 464//464 458//458
f 287//287 300//300 259//259
f 2176//2176 1256//1256 1369//1369
f 2593//2593 2183//2183 2395//2395
f 1841//1841 2131//2131 2096//2096
f 3516//3516 3480//3480 3638//3638
f 952//952 881//881 966//966
f 952//952 966//966 881//881
f 2777//2777 2826//2826 2807//2807
f 1641//1641 1552//1552 1437//1437
f 1675//1675 1783//1783 1764//1764
f 3747//3747 3805//3805 3817//3817
f 2318//2318 2204//2204 2331//2331
f 888//888 789//789 820//820
f 888//888 820//820 789//789
f 2213//2213 2458//2458 2477//2477
f 3132//3132 3057//3057 3292//3292
f 180//180 179//179 181//181
f 180//180 181//181 179//179
f 3312//3312 3293//3293 3190//3190
f 1917//1917 1956//1956 1920//1920
f 4033//4033 4048//4048 4021//4021
f 3728//3728 3674//3674 3616//3616
f 2489//2489 769//769 510//510
f 2549//2549 3126//3126 2823//2823
f 1509//1509 1539//1539 1623//1623
f 2304//2304 2348//2348 2332//2332
f 2558//2558 2581//2581 2534//2534
f 3245//3245 2991//2991 3220//3220
f 3444//3444 3457//3457 3429//3429
f 2912//2912 3039//3039 3294//3294
f 90//90 69//69 181//181
f 190//190 196//196 205//205
f 190//190 205//205 196//196
f 3092//3092 3242//3242 3181//3181
f 3750//3750 3749//3749 3723//3723
f 3060//3060 3008//3008 1743//1743
f 1837//1837 1772//1772 1819//1819
f 3405//3405 3417//3417 3436//3436
f 1171//1171 1179//1179 1395//1395
f 2818//2818 2797//2797 2834//2834
f 3677//3677 3622//3622 3570//3570
f 8//8 492//492 533//533
f 3570//3570 3622//3622 3597//3597
f 3262//3262 3220//3220 3279//3279
f 3570//3570 3597//3597 3672//3672
f 2583//2583 2758//2758 2748//2748
f 3688//3688 3682//3682 3552//3552
f 196//196 110//110 190//190
f 3587//3587 3561//3561 3645//3645
f 3333//3333 3297//3297 3245//3245
f 1599//1599 1824//1824 1726//1726
f 2159//2159 2167//2167 2111//2111
f 2159//2159 2111//2111 2167//2167
f 961//961 889//889 751//751
f 3769//3769 3627//3627 3723//3723
f 2523//2523 2325//2325 2393//2393
f 2405//2405 2336//2336 2280//2280
f 3902//3902 3957//3957 3953//3953
f 3614//3614 3692//3692 3724//3724
f 3614//3614 3724//3724 3692//3692
f 3377//3377 3424//3424 3324//3324
f 3377//3377 3324//3324 3424//3424
f 1927//1927 1120//1120 1217//1217
f 3587//3587 3589//3589 3645//3645
f 3587//3587 3645//3645 3589//3589
f 420//420 389//389 591//591
f 944//944 840//840 970//970
f 2337//2337 2179//2179 2321//2321
f 902//902 881//881 883//883
f 3728//3728 3550//3550 3653//3653
f 420//420 591//591 748//748
f 3728//3728 3616//3616 3550//3550
f 3349//3349 3438//3438 3480//3480
f 3691//3691 3764//3764 3751//3751
f 3493//3493 3448//3448 3425//3425
f 306//306 493//493 497//497
f 1143//1143 1145//1145 1151//1151
f 1948//1948 1822//1822 2080//2080
f 306//306 312//312 327//327
f 3550//3550 3616//3616 3674//3674
f 2180//2180 2177//2177 2142//2142
f 2180//2180 2142//2142 2177//2177
f 1274//1274 1369//1369 1323//1323
f 2740//2740 3318//3318 3076//3076
f 2698//2698 3179//3179 3114//3114
f 3550//3550 3674//3674 3663//3663
f 3550//3550 3684//3684 3663//3663
f 2548//2548 2475//2475 2442//2442
f 760//760 728//728 716//716
f 115//115 77//77 83//83
f 1876//1876 1783//1783 405//405
f 3726//3726 3762//3762 3722//3722
f 1175//1175 1172//1172 1219//1219
f 2739//2739 2607//2607 2619//2619
f 3550//3550 3663//3663 3684//3684
f 764//764 1218//1218 1163//1163
f 1911//1911 1973//1973 1925//1925
f 3571//3571 3544//3544 3551//3551
f 3060//3060 2225//2225 1441//1441
f 1158//1158 1291//1291 1224//1224
f 3550//3550 3513//3513 3527//3527
f 2045//2045 2001//2001 2053//2053
f 3844//3844 3584//3584 3866//3866
f 3669//3669 3697//3697 3756//3756
f 204//204 111//111 108//108
f 204//204 108//108 111//111
f 64//64 83//83 76//76
f 2521//2521 2543//2543 2514//2514
f 2521//2521 2514//2514 2543//2543
f 3688//3688 3726//3726 3809//3809
f 3688//3688 3809//3809 3726//3726
f 1433//1433 2047//2047 1451//1451
f 3774//3774 3796//3796 3815//3815
f 1294//1294 1292//1292 1306//1306
f 1294//1294 1306//1306 1292//1292
f 1843//1843 1787//1787 1532//1532
f 3507//3507 3873//3873 3896//3896
f 3296//3296 3317//3317 3261//3261
f 3296//3296 3261//3261 3317//3317
f 1809//1809 1436//1436 1725//1725
f 3586//3586 3753//3753 3723//3723
f 3339//3339 3375//3375 3440//3440
f 883//883 952//952 881//881
f 931//931 1100//1100 1119//1119
f 3625//3625 3576//3576 3634//3634
f 3306//3306 3665//3665 3239//3239
f 663//663 728//728 716//716
f 3513//3513 3526//3526 3510//3510
f 625//625 529//529 545//545
f 3978//3978 4002//4002 3963//3963
f 3707//3707 3591//3591 3615//3615
f 2414//2414 2353//2353 2451//2451
f 3461//3461 3441//3441 3445//3445
f 427//427 2461//2461 1109//1109
f 2812//2812 3018//3018 2887//2887
f 913//913 886//886 946//946
f 1450//1450 1530//1530 1602//1602
f 2127//2127 2195//2195 2013//2013
f 3833//3833 3794//3794 3826//3826
f 689//689 659//659 617//617
f 3783//3783 3793//3793 3804//3804
f 1524//1524 1526//1526 1493//1493
f 1599//1599 1726//1726 1890//1890
f 1279//1279 1183//1183 1213//1213
f 3598//3598 3595//3595 3524//3524
f 2031//2031 2118//2118 2038//2038
f 824//824 700//700 838//838
f 2786//2786 2798//2798 2550//2550
f 3289//3289 2970//2970 2911//2911
f 2583//2583 2543//2543 2521//2521
f 2583//2583 2521//2521 2543//2543
f 3761//3761 3614//3614 3694//3694
f 3761//3761 3694//3694 3614//3614
f 241//241 431//431 453//453
f 1418//1418 2271//2271 2165//2165
f 3949//3949 3944//3944 3884//3884
f 3821//3821 3812//3812 3820//3820
f 2755//2755 1334//1334 2170//2170
f 3761//3761 3701//3701 3721//3721
f 3952//3952 3978//3978 3959//3959
f 3761//3761 3721//3721 3614//3614
f 2280//2280 2335//2335 2288//2288
f 1741//1741 1606//1606 1683//1683
f 4042//4042 3722//3722 4052//4052
f 3614//3614 3721//3721 3633//3633
f 1388//1388 1764//1764 1282//1282
f 1388//1388 1282//1282 1764//1764
f 3614//3614 3641//3641 3720//3720
f 3598//3598 3595//3595 3567//3567
f 250//250 244//244 156//156
f 953//953 930//930 971//971
f 3761//3761 3662//3662 3724//3724
f 3728//3728 3800//3800 3767//3767
f 3728//3728 3767//3767 3800//3800
f 1242//1242 1240//1240 1165//1165
f 3761//3761 3724//3724 3701//3701
f 351//351 326//326 278//278
f 351//351 278//278 326//326
f 1196//1196 576//576 797//797
f 957//957 951//951 964//964
f 3430//3430 3405//3405 3330//3330
f 2199//2199 2201//2201 2305//2305
f 2979//2979 3349//3349 3040//3040
f 2036//2036 1819//1819 1883//1883
f 3063//3063 3135//3135 3096//3096
f 3063//3063 3096//3096 3135//3135
f 3193//3193 3158//3158 3260//3260
f 1409//1409 1309//1309 1243//1243
f 3286//3286 3245//3245 3297//3297
f 3286//3286 3297//3297 3245//3245
f 1831//1831 1806//1806 1794//1794
f 49//49 40//40 43//43
f 3662//3662 3720//3720 3724//3724
f 2961//2961 2899//2899 2905//2905
f 726//726 530//530 577//577
f 3430//3430 3357//3357 3405//3405
f 824//824 1366//1366 1638//1638
f 366//366 345//345 371//371
f 2319//2319 2344//2344 2290//2290
f 2319//2319 2290//2290 2344//2344
f 3651//3651 3661//3661 3628//3628
f 1737//1737 1989//1989 1735//1735
f 1320//1320 1356//1356 1392//1392
f 3401//3401 3369//3369 3339//3339
f 3401//3401 3339//3339 3369//3369
f 1724//1724 1905//1905 1726//1726
f 3692//3692 3724//3724 3720//3720
f 3645//3645 3646//3646 3673//3673
f 3645//3645 3673//3673 3646//3646
f 1662//1662 1787//1787 1686//1686
f 3249//3249 3195//3195 3247//3247
f 2882//2882 3231//3231 3238//3238
f 2736//2736 2379//2379 2536//2536
f 3836//3836 3831//3831 3809//3809
f 3692//3692 3724//3724 3649//3649
f 3692//3692 3649//3649 3724//3724
f 3611//3611 3648//3648 3591//3591
f 2493//2493 3036//3036 2730//2730
f 1554//1554 1634//1634 1593//1593
f 338//338 419//419 305//305
f 2955//2955 3305//3305 2934//2934
f 2955//2955 2934//2934 3305//3305
f 1723//1723 1709//1709 1680//1680
f 1803//1803 442//442 412//412
f 2199//2199 2215//2215 2201//2201
f 1338//1338 1811//1811 1412//1412
f 2078//2078 2180//2180 2278//2278
f 3273//3273 3351//3351 3258//3258
f 3273//3273 3258//3258 3351//3351
f 2777//2777 2653//2653 2659//2659
f 97//97 91//91 205//205
f 405//405 1058//1058 2595//2595
f 2830//2830 2800//2800 2757//2757
f 2405//2405 2830//2830 2687//2687
f 1597//1597 1590//1590 1461//1461
f 3603//3603 3593//3593 3735//3735
f 3522//3522 3534//3534 3538//3538
f 2684//2684 2449//2449 2841//2841
f 130//130 114//114 117//117
f 3788//3788 3819//3819 3778//3778
f 3678//3678 3790//3790 3730//3730
f 386//386 375//375 388//388
f 692//692 706//706 688//688
f 2934//2934 2943//2943 2483//2483
f 3333//3333 3279//3279 3245//3245
f 3207//3207 3220//3220 3279//3279
f 415//415 433//433 439//439
f 3556//3556 3690//3690 2974//2974
f 3556//3556 2974//2974 3690//3690
f 2601//2601 2649//2649 2604//2604
f 2601//2601 2604//2604 2649//2649
f 1930//1930 1904//1904 1995//1995
f 1523//1523 1421//1421 1367//1367
f 722//722 717//717 720//720
f 1161//1161 1234//1234 1199//1199
f 2271//2271 2230//2230 2165//2165
f 3292//3292 3301//3301 3344//3344
f 3238//3238 3231//3231 2861//2861
f 3598//3598 3520//3520 3595//3595
f 300//300 2392//2392 327//327
f 925//925 920//920 968//968
f 778//778 845//845 773//773
f 3695//3695 3813//3813 3705//3705
f 2008//2008 2314//2314 1973//1973
f 2060//2060 1941//1941 2032//2032
f 2036//2036 2077//2077 1883//1883
f 951//951 814//814 839//839
f 1658//1658 1754//1754 1889//1889
f 56//56 53//53 28//28
f 51//51 278//278 222//222
f 850//850 839//839 814//814
f 3451//3451 3256//3256 3458//3458
f 2314//2314 2354//2354 2181//2181
f 2680//2680 2763//2763 3003//3003
f 3556//3556 3663//3663 3684//3684
f 1238//1238 1337//1337 1411//1411
f 3146//3146 3071//3071 3089//3089
f 1776//1776 484//484 1374//1374
f 1180//1180 1224//1224 1209//1209
f 3813//3813 3817//3817 3766//3766
f 3160//3160 3078//3078 3091//3091
f 2886//2886 2876//2876 2895//2895
f 2369//2369 2207//2207 2243//2243
f 2820//2820 3088//3088 2796//2796
f 484//484 510//510 769//769
f 2129//2129 2183//2183 2213//2213
f 2085//2085 1604//1604 1819//1819
f 813//813 1350//1350 793//793
f 3689//3689 3612//3612 3691//3691
f 3984//3984 4008//4008 3983//3983
f 3623//3623 3565//3565 3629//3629
f 932//932 933//933 906//906
f 3783//3783 3807//3807 3731//3731
f 3680//3680 3630//3630 3571//3571
f 870//870 809//809 772//772
f 1784//1784 1768//1768 1726//1726
f 3347//3347 3356//3356 3353//3353
f 3735//3735 3751//3751 3764//3764
f 3735//3735 3764//3764 3751//3751
f 1307//1307 1722//1722 1296//1296
f 3087//3087 2386//2386 2815//2815
f 3731//3731 3646//3646 3643//3643
f 3741//3741 3713//3713 3672//3672
f 3570//3570 3672//3672 3713//3713
f 3550//3550 3556//3556 3653//3653
f 3777//3777 3733//3733 3624//3624
f 1933//1933 1993//1993 1781//1781
f 639//639 651//651 768//768
f 3664//3664 3910//3910 3865//3865
f 3479//3479 3036//3036 2824//2824
f 3528//3528 3593//3593 3548//3548
f 3258//3258 3212//3212 2997//2997
f 3258//3258 2997//2997 3212//3212
f 3177//3177 3004//3004 2992//2992
f 3177//3177 2992//2992 3004//3004
f 3059//3059 3152//3152 3016//3016
f 3598//3598 3524//3524 3567//3567
f 654//654 721//721 649//649
f 985//985 984//984 996//996
f 3737//3737 3600//3600 3895//3895
f 1216//1216 1306//1306 1213//1213
f 1216//1216 1213//1213 1306//1306
f 918//918 648//648 803//803
f 249//249 274//274 261//261
f 2424//2424 2471//2471 2738//2738
f 543//543 1803//1803 517//517
f 2135//2135 2358//2358 2323//2323
f 3554//3554 3672//3672 3534//3534
f 3747//3747 3758//3758 3766//3766
f 3747//3747 3766//3766 3758//3758
f 3514//3514 3503//3503 3603//3603
f 8//8 571//571 1635//1635
f 1151//1151 1202//1202 1182//1182
f 3671//3671 3573//3573 3676//3676
f 872//872 889//889 914//914
f 338//338 477//477 419//419
f 1874//1874 1910//1910 1898//1898
f 3756//3756 3759//3759 3803//3803
f 3756//3756 3803//3803 3759//3759
f 2023//2023 2087//2087 2194//2194
f 3416//3416 2952//2952 3412//3412
f 2819//2819 2744//2744 2757//2757
f 2012//2012 2053//2053 2001//2001
f 183//183 39//39 37//37
f 3952//3952 3944//3944 3969//3969
f 3792//3792 3814//3814 3815//3815
f 3762//3762 3760//3760 3731//3731
f 52//52 190//190 93//93
f 3415//3415 2982//2982 3403//3403
f 3807//3807 3791//3791 3836//3836
f 1037//1037 1534//1534 1555//1555
f 163//163 216//216 323//323
f 1917//1917 1891//1891 1956//1956
f 2921//2921 2672//2672 2939//2939
f 1831//1831 1794//1794 1786//1786
f 718//718 800//800 746//746
f 3094//3094 3041//3041 3372//3372
f 1851//1851 1823//1823 2098//2098
f 207//207 155//155 169//169
f 1409//1409 1526//1526 1402//1402
f 944//944 977//977 979//979
f 944//944 916//916 786//786
f 752//752 775//775 814//814
f 2503//2503 2446//2446 2642//2642
f 1269//1269 1276//1276 1335//1335
f 2051//2051 2556//2556 2501//2501
f 3709//3709 3574//3574 3560//3560
f 2209//2209 514//514 572//572
f 1630//1630 1403//1403 1666//1666
f 810//810 840//840 944//944
f 3598//3598 3655//3655 3595//3595
f 760//760 638//638 755//755
f 3685//3685 3735//3735 3686//3686
f 3788//3788 3820//3820 3821//3821
f 3054//3054 3177//3177 2992//2992
f 3655//3655 3719//3719 3697//3697
f 3685//3685 3593//3593 3603//3603
f 896//896 875//875 887//887
f 896//896 887//887 875//875
f 1698//1698 1651//1651 1639//1639
f 1698//1698 1639//1639 1651//1651
f 397//397 402//402 408//408
f 106//106 115//115 105//105
f 3397//3397 3666//3666 3437//3437
f 1862//1862 2033//2033 1890//1890
f 3730//3730 3655//3655 3669//3669
f 3521//3521 3153//3153 3378//3378
f 3586//3586 3627//3627 3634//3634
f 3686//3686 3735//3735 3689//3689
f 1423//1423 1399//1399 1348//1348
f 3401//3401 3407//3407 3381//3381
f 3730//3730 3799//3799 3759//3759
f 1415//1415 1420//1420 1341//1341
f 1130//1130 1116//1116 1149//1149
f 3736//3736 3680//3680 3740//3740
f 3686//3686 3665//3665 3593//3593
f 3593//3593 3689//3689 3735//3735
f 3726//3726 3760//3760 3762//3762
f 2537//2537 2259//2259 2188//2188
f 806//806 1350//1350 735//735
f 872//872 870//870 1277//1277
f 2855//2855 2834//2834 2887//2887
f 2855//2855 2887//2887 2834//2834
f 2605//2605 2153//2153 1901//1901
f 1997//1997 2493//2493 2730//2730
f 3725//3725 3739//3739 3763//3763
f 3725//3725 3763//3763 3739//3739
f 1696//1696 1300//1300 1614//1614
f 2851//2851 2471//2471 2474//2474
f 2851//2851 2474//2474 2471//2471
f 556//556 530//530 270//270
f 2672//2672 2651//2651 2345//2345
f 715//715 815//815 779//779
f 3750//3750 3772//3772 3754//3754
f 2530//2530 2458//2458 2388//2388
f 3517//3517 3528//3528 3536//3536
f 3047//3047 3072//3072 3055//3055
f 3805//3805 3773//3773 3743//3743
f 3548//3548 3517//3517 3528//3528
f 3548//3548 3528//3528 3517//3517
f 352//352 457//457 334//334
f 1775//1775 1665//1665 2071//2071
f 2876//2876 3165//3165 2826//2826
f 3297//3297 3286//3286 3164//3164
f 3725//3725 3799//3799 3765//3765
f 876//876 810//810 788//788
f 2660//2660 2415//2415 2363//2363
f 2983//2983 3053//3053 2924//2924
f 464//464 525//525 516//516
f 3731//3731 3673//3673 3646//3646
f 3731//3731 3646//3646 3673//3673
f 2026//2026 1986//1986 1973//1973
f 414//414 579//579 552//552
f 3525//3525 3522//3522 3534//3534
f 2517//2517 2458//2458 2530//2530
f 2509//2509 2443//2443 2608//2608
f 2509//2509 2608//2608 2443//2443
f 2360//2360 2374//2374 2400//2400
f 1438//1438 1313//1313 1393//1393
f 394//394 433//433 439//439
f 2474//2474 2972//2972 2721//2721
f 3422//3422 3732//3732 3504//3504
f 3515//3515 3520//3520 3524//3524
f 682//682 628//628 638//638
f 3513//3513 3527//3527 3514//3514
f 3513//3513 3514//3514 3527//3527
f 3523//3523 3531//3531 3524//3524
f 217//217 230//230 120//120
f 1784//1784 1727//1727 1808//1808
f 3736//3736 3645//3645 3683//3683
f 3520//3520 3582//3582 3730//3730
f 44//44 49//49 43//43
f 647//647 632//632 654//654
f 3740//3740 3683//3683 3680//3680
f 3598//3598 3525//3525 3524//3524
f 3598//3598 3524//3524 3520//3520
f 2297//2297 2326//2326 2370//2370
f 3730//3730 3678//3678 3595//3595
f 510//510 524//524 978//978
f 3525//3525 3523//3523 3524//3524
f 2534//2534 2515//2515 2494//2494
f 3525//3525 3534//3534 3523//3523
f 3769//3769 3723//3723 3773//3773
f 3515//3515 3531//3531 3523//3523
f 21//21 97//97 91//91
f 2451//2451 2630//2630 2447//2447
f 2351//2351 2477//2477 2207//2207
f 3611//3611 3755//3755 3798//3798
f 3567//3567 3671//3671 3676//3676
f 3807//3807 3791//3791 3731//3731
f 3576//3576 3526//3526 3627//3627
f 2963//2963 2672//2672 2636//2636
f 3598//3598 3595//3595 3678//3678
f 3598//3598 3678//3678 3595//3595
f 3587//3587 3645//3645 3673//3673
f 3823//3823 3794//3794 3833//3833
f 3671//3671 3697//3697 3655//3655
f 3671//3671 3655//3655 3697//3697
f 3763//3763 3810//3810 3806//3806
f 2918//2918 3402//3402 3027//3027
f 3817//3817 3853//3853 3841//3841
f 333//333 294//294 414//414
f 2446//2446 2645//2645 2642//2642
f 3515//3515 3548//3548 3575//3575
f 800//800 809//809 796//796
f 3000//3000 2977//2977 2862//2862
f 1024//1024 612//612 559//559
f 2226//2226 2267//2267 2177//2177
f 1830//1830 1623//1623 1892//1892
f 3515//3515 3567//3567 3520//3520
f 913//913 731//731 886//886
f 664//664 684//684 714//714
f 3150//3150 3172//3172 3136//3136
f 3548//3548 3593//3593 3573//3573
f 3781//3781 3785//3785 3769//3769
f 2862//2862 2977//2977 2850//2850
f 3357//3357 3320//3320 3279//3279
f 2127//2127 2270//2270 2195//2195
f 3307//3307 3301//3301 3424//3424
f 92//92 71//71 89//89
f 3593//3593 3573//3573 3575//3575
f 427//427 357//357 403//403
f 2517//2517 2437//2437 2393//2393
f 2485//2485 2445//2445 2484//2484
f 96//96 136//136 60//60
f 96//96 60//60 136//136
f 3598//3598 3531//3531 3525//3525
f 3593//3593 3536//3536 3612//3612
f 2648//2648 2756//2756 2700//2700
f 3019//3019 2916//2916 3263//3263
f 3686//3686 3593//3593 3612//3612
f 3673//3673 3646//3646 3651//3651
f 3673//3673 3651//3651 3646//3646
f 163//163 165//165 138//138
f 327//327 384//384 302//302
f 3295//3295 3362//3362 3099//3099
f 343//343 421//421 331//331
f 343//343 331//331 421//421
f 3598//3598 3676//3676 3655//3655
f 3567//3567 3531//3531 3573//3573
f 1329//1329 1413//1413 1327//1327
f 763//763 779//779 832//832
f 273//273 224//224 295//295
f 3730//3730 3790//3790 3799//3799
f 3685//3685 3691//3691 3735//3735
f 3143//3143 3200//3200 3129//3129
f 3143//3143 3129//3129 3200//3200
f 3522//3522 3604//3604 3534//3534
f 2447//2447 2687//2687 2586//2586
f 2764//2764 2774//2774 2806//2806
f 3586//3586 3549//3549 3672//3672
f 617//617 619//619 659//659
f 3998//3998 4030//4030 3980//3980
f 3528//3528 3517//3517 3573//3573
f 2640//2640 2566//2566 2539//2539
f 3783//3783 3731//3731 3804//3804
f 859//859 832//832 858//858
f 1956//1956 2113//2113 1941//1941
f 178//178 223//223 232//232
f 3750//3750 3767//3767 3800//3800
f 2556//2556 2018//2018 2653//2653
f 2880//2880 3029//3029 3176//3176
f 3393//3393 3481//3481 3328//3328
f 3689//3689 3612//3612 3665//3665
f 3689//3689 3665//3665 3612//3612
f 3807//3807 3791//3791 3809//3809
f 2843//2843 2836//2836 2645//2645
f 3769//3769 3603//3603 3503//3503
f 163//163 78//78 131//131
f 3678//3678 3730//3730 3595//3595
f 1588//1588 1539//1539 1623//1623
f 3685//3685 3603//3603 3769//3769
f 1906//1906 1883//1883 1931//1931
f 770//770 853//853 909//909
f 2228//2228 2289//2289 2481//2481
f 3685//3685 3769//3769 3691//3691
f 3946//3946 3959//3959 3937//3937
f 3534//3534 3672//3672 3549//3549
f 752//752 636//636 775//775
f 1837//1837 2087//2087 1984//1984
f 3722//3722 3786//3786 3682//3682
f 3527//3527 3534//3534 3522//3522
f 2594//2594 2727//2727 2721//2721
f 2314//2314 2416//2416 2460//2460
f 3800//3800 3817//3817 3808//3808
f 2704//2704 2810//2810 2639//2639
f 3593//3593 3676//3676 3573//3573
f 3671//3671 3655//3655 3676//3676
f 3671//3671 3676//3676 3655//3655
f 3524//3524 3595//3595 3520//3520
f 5//5 510//510 3//3
f 382//382 315//315 401//401
f 955//955 960//960 973//973
f 773//773 707//707 778//778
f 2555//2555 2591//2591 2766//2766
f 780//780 605//605 1296//1296
f 1997//1997 1977//1977 2315//2315
f 3505//3505 3737//3737 3901//3901
f 2299//2299 2305//2305 3161//3161
f 3741//3741 3723//3723 3753//3753
f 631//631 619//619 660//660
f 650//650 1160//1160 1198//1198
f 968//968 930//930 953//953
f 2146//2146 2181//2181 2250//2250
f 2146//2146 2250//2250 2181//2181
f 2145//2145 2268//2268 2113//2113
f 4042//4042 3683//3683 3441//3441
f 3372//3372 3479//3479 3530//3530
f 3604//3604 3695//3695 3672//3672
f 3587//3587 3643//3643 3589//3589
f 3513//3513 3538//3538 3549//3549
f 3776//3776 3755//3755 3792//3792
f 1986//1986 1899//1899 1895//1895
f 1290//1290 18//18 1605//1605
f 3807//3807 3809//3809 3831//3831
f 2785//2785 2703//2703 2702//2702
f 3532//3532 3553//3553 641//641
f 773//773 757//757 707//707
f 3869//3869 3880//3880 3905//3905
f 3325//3325 3276//3276 3335//3335
f 3210//3210 3005//3005 2840//2840
f 3325//3325 3335//3335 3276//3276
f 3593//3593 3528//3528 3548//3548
f 3593//3593 3548//3548 3528//3528
f 3547//3547 3541//3541 3533//3533
f 774//774 669//669 672//672
f 3408//3408 3406//3406 3356//3356
f 860//860 875//875 887//887
f 3435//3435 3401//3401 3440//3440
f 2425//2425 1612//1612 2467//2467
f 2710//2710 3012//3012 2767//2767
f 2026//2026 2146//2146 2521//2521
f 2377//2377 3015//3015 2658//2658
f 3513//3513 3514//3514 3527//3527
f 2111//2111 2100//2100 2099//2099
f 1523//1523 1512//1512 1424//1424
f 3522//3522 3513//3513 3527//3527
f 2052//2052 2417//2417 2271//2271
f 3961//3961 3986//3986 3951//3951
f 3795//3795 3793//3793 3680//3680
f 1018//1018 994//994 1020//1020
f 3669//3669 3595//3595 3655//3655
f 3598//3598 3730//3730 3655//3655
f 310//310 286//286 317//317
f 1600//1600 1301//1301 612//612
f 2240//2240 2197//2197 2264//2264
f 3161//3161 2986//2986 3006//3006
f 1488//1488 1563//1563 1541//1541
f 783//783 773//773 845//845
f 3586//3586 3627//3627 3526//3526
f 1349//1349 1443//1443 1554//1554
f 3808//3808 3817//3817 3772//3772
f 3586//3586 3672//3672 3753//3753
f 3909//3909 3898//3898 3912//3912
f 3695//3695 3765//3765 3813//3813
f 2424//2424 2427//2427 2314//2314
f 2424//2424 2314//2314 2427//2427
f 3185//3185 3302//3302 3239//3239
f 2392//2392 3080//3080 2377//2377
f 1641//1641 1651//1651 1508//1508
f 3799//3799 3813//3813 3765//3765
f 3686//3686 3725//3725 3765//3765
f 918//918 803//803 854//854
f 3754//3754 3757//3757 3817//3817
f 3725//3725 3739//3739 3765//3765
f 3730//3730 3719//3719 3655//3655
f 350//350 314//314 379//379
f 3730//3730 3759//3759 3719//3719
f 3655//3655 3719//3719 3725//3725
f 3725//3725 3719//3719 3799//3799
f 623//623 676//676 679//679
f 2758//2758 2842//2842 2748//2748
f 2565//2565 2810//2810 2477//2477
f 2924//2924 2890//2890 2983//2983
f 3719//3719 3759//3759 3799//3799
f 1309//1309 1272//1272 1417//1417
f 2384//2384 2330//2330 2312//2312
f 3119//3119 2980//2980 2849//2849
f 3598//3598 3583//3583 3531//3531
f 1220//1220 1294//1294 1281//1281
f 3525//3525 3583//3583 3531//3531
f 3525//3525 3531//3531 3583//3583
f 2780//2780 3077//3077 3068//3068
f 3525//3525 3583//3583 3725//3725
f 1145//1145 1189//1189 1140//1140
f 349//349 398//398 402//402
f 3546//3546 3552//3552 3682//3682
f 2254//2254 2178//2178 2397//2397
f 3771//3771 3798//3798 3709//3709
f 1463//1463 1446//1446 1542//1542
f 3655//3655 3725//3725 3583//3583
f 2085//2085 2128//2128 2130//2130
f 3598//3598 3655//3655 3583//3583
f 2902//2902 2621//2621 2695//2695
f 3686//3686 3593//3593 3725//3725
f 3604//3604 3525//3525 3695//3695
f 3316//3316 3331//3331 3397//3397
f 3823//3823 3786//3786 3820//3820
f 2714//2714 2890//2890 2562//2562
f 2028//2028 2092//2092 1950//1950
f 2851//2851 2908//2908 2852//2852
f 3685//3685 3695//3695 3593//3593
f 3747//3747 3817//3817 3757//3757
f 3525//3525 3528//3528 3695//3695
f 719//719 744//744 721//721
f 3525//3525 3593//3593 3528//3528
f 1675//1675 1764//1764 1642//1642
f 3749//3749 3773//3773 3781//3781
f 595//595 588//588 594//594
f 3294//3294 3427//3427 3380//3380
f 3791//3791 3809//3809 3762//3762
f 2351//2351 2704//2704 2477//2477
f 3769//3769 3576//3576 3627//3627
f 3891//3891 3840//3840 3848//3848
f 3580//3580 3585//3585 3673//3673
f 2540//2540 1668//1668 3138//3138
f 3769//3769 3503//3503 3576//3576
f 2779//2779 2642//2642 2789//2789
f 3669//3669 3655//3655 3697//3697
f 3306//3306 3261//3261 3296//3296
f 67//67 121//121 102//102
f 3779//3779 3389//3389 3675//3675
f 1176//1176 1245//1245 1268//1268
f 204//204 108//108 73//73
f 3741//3741 3672//3672 3695//3695
f 2307//2307 3016//3016 3059//3059
f 2307//2307 3059//3059 3016//3016
f 3004//3004 3105//3105 3158//3158
f 3478//3478 3631//3631 3715//3715
f 774//774 775//775 664//664
f 1245//1245 1287//1287 1268//1268
f 742//742 785//785 793//793
f 2533//2533 2787//2787 2634//2634
f 3695//3695 3705//3705 3752//3752
f 3097//3097 3006//3006 2973//2973
f 1405//1405 1615//1615 1835//1835
f 2737//2737 3323//3323 3043//3043
f 1669//1669 1121//1121 1260//1260
f 3548//3548 3593//3593 3612//3612
f 3358//3358 3352//3352 3312//3312
f 836//836 830//830 828//828
f 3517//3517 3536//3536 3528//3528
f 3421//3421 3438//3438 3511//3511
f 3551//3551 3574//3574 3542//3542
f 2129//2129 2093//2093 2206//2206
f 2129//2129 2206//2206 2093//2093
f 3548//3548 3517//3517 3528//3528
f 326//326 584//584 470//470
f 2273//2273 2466//2466 2534//2534
f 454//454 452//452 426//426
f 3854//3854 3839//3839 3922//3922
f 3517//3517 3527//3527 3536//3536
f 3056//3056 2434//2434 3104//3104
f 2369//2369 2366//2366 2284//2284
f 1380//1380 1234//1234 1349//1349
f 1380//1380 1349//1349 1234//1234
f 3814//3814 3792//3792 3755//3755
f 3540//3540 3541//3541 3579//3579
f 2220//2220 1804//1804 2390//2390
f 3395//3395 3388//3388 3436//3436
f 351//351 340//340 326//326
f 3430//3430 3436//3436 3365//3365
f 3430//3430 3405//3405 3407//3407
f 3491//3491 3303//3303 3584//3584
f 3587//3587 3643//3643 3645//3645
f 3587//3587 3645//3645 3643//3643
f 3788//3788 3821//3821 3778//3778
f 3788//3788 3778//3778 3821//3821
f 758//758 764//764 828//828
f 1280//1280 1283//1283 1252//1252
f 1280//1280 1252//1252 1283//1283
f 3565//3565 3585//3585 3564//3564
f 3128//3128 3342//3342 3312//3312
f 890//890 834//834 852//852
f 946//946 945//945 943//943
f 3105//3105 2958//2958 3158//3158
f 3783//3783 3804//3804 3807//3807
f 3783//3783 3807//3807 3804//3804
f 360//360 361//361 353//353
f 3357//3357 3333//3333 3320//3320
f 3432//3432 3483//3483 3403//3403
f 760//760 843//843 915//915
f 803//803 1062//1062 857//857
f 3004//3004 2905//2905 2899//2899
f 1496//1496 1559//1559 1530//1530
f 3390//3390 3411//3411 3301//3301
f 2262//2262 2310//2310 2255//2255
f 3171//3171 3331//3331 3336//3336
f 3956//3956 3968//3968 3942//3942
f 3534//3534 3527//3527 3523//3523
f 1862//1862 1824//1824 1663//1663
f 2558//2558 2511//2511 2586//2586
f 2288//2288 2210//2210 2335//2335
f 614//614 679//679 623//623
f 3515//3515 3528//3528 3517//3517
f 1436//1436 2205//2205 1498//1498
f 3564//3564 3585//3585 3646//3646
f 3564//3564 3646//3646 3585//3585
f 3515//3515 3524//3524 3531//3531
f 759//759 620//620 552//552
f 2280//2280 2130//2130 2128//2128
f 3103//3103 3282//3282 2754//2754
f 1553//1553 1424//1424 1445//1445
f 3765//3765 3810//3810 3806//3806
f 3536//3536 3514//3514 3603//3603
f 1450//1450 1665//1665 1501//1501
f 3513//3513 3510//3510 3514//3514
f 3510//3510 3503//3503 3514//3514
f 3510//3510 3526//3526 3503//3503
f 957//957 967//967 933//933
f 3503//3503 3526//3526 3576//3576
f 1243//1243 1450//1450 1357//1357
f 3089//3089 2933//2933 2934//2934
f 754//754 768//768 767//767
f 1405//1405 1511//1511 1615//1615
f 3181//3181 2839//2839 3201//3201
f 1161//1161 1199//1199 1252//1252
f 2280//2280 2172//2172 2130//2130
f 3551//3551 3560//3560 3574//3574
f 3686//3686 3612//3612 3665//3665
f 2362//2362 2297//2297 2442//2442
f 3815//3815 3792//3792 3796//3796
f 2134//2134 2140//2140 2077//2077
f 3531//3531 3583//3583 3567//3567
f 3531//3531 3567//3567 3583//3583
f 3833//3833 3794//3794 3821//3821
f 3623//3623 3565//3565 3628//3628
f 3377//3377 3453//3453 3445//3445
f 2347//2347 2372//2372 2260//2260
f 3567//3567 3583//3583 3531//3531
f 3567//3567 3531//3531 3583//3583
f 877//877 956//956 962//962
f 737//737 798//798 840//840
f 737//737 840//840 798//798
f 3361//3361 3325//3325 3287//3287
f 791//791 744//744 840//840
f 3548//3548 3528//3528 3593//3593
f 3548//3548 3593//3593 3528//3528
f 740//740 734//734 694//694
f 3767//3767 3785//3785 3781//3781
f 3062//3062 3053//3053 2983//2983
f 2402//2402 2317//2317 2682//2682
f 190//190 182//182 93//93
f 1905//1905 2092//2092 2104//2104
f 2180//2180 1970//1970 2177//2177
f 2346//2346 2243//2243 2183//2183
f 3821//3821 3819//3819 3814//3814
f 2702//2702 2708//2708 2734//2734
f 1254//1254 1328//1328 1227//1227
f 962//962 956//956 964//964
f 2025//2025 2077//2077 2194//2194
f 3832//3832 3809//3809 3762//3762
f 3593//3593 3695//3695 3528//3528
f 3593//3593 3528//3528 3695//3695
f 3447//3447 3390//3390 3411//3411
f 3197//3197 2750//2750 3475//3475
f 915//915 890//890 834//834
f 692//692 676//676 667//667
f 692//692 667//667 676//676
f 48//48 176//176 179//179
f 251//251 231//231 385//385
f 3274//3274 3346//3346 3364//3364
f 2856//2856 2854//2854 2834//2834
f 2856//2856 2834//2834 2854//2854
f 1438//1438 1344//1344 1327//1327
f 3683//3683 3645//3645 3643//3643
f 3411//3411 3382//3382 3301//3301
f 2965//2965 3356//3356 2989//2989
f 3554//3554 3604//3604 3672//3672
f 3130//3130 3161//3161 3281//3281
f 3554//3554 3534//3534 3604//3604
f 764//764 785//785 831//831
f 3515//3515 3517//3517 3548//3548
f 3068//3068 2975//2975 3035//3035
f 2906//2906 2851//2851 2471//2471
f 3560//3560 3546//3546 3543//3543
f 2714//2714 2673//2673 2414//2414
f 846//846 824//824 760//760
f 3400//3400 3362//3362 3371//3371
f 3582//3582 3595//3595 3730//3730
f 1271//1271 1318//1318 1273//1273
f 3515//3515 3575//3575 3531//3531
f 3686//3686 3689//3689 3665//3665
f 3686//3686 3665//3665 3689//3689
f 3778//3778 3819//3819 3788//3788
f 3788//3788 3776//3776 3778//3778
f 3884//3884 3845//3845 3903//3903
f 3750//3750 3754//3754 3800//3800
f 3750//3750 3800//3800 3754//3754
f 1803//1803 1410//1410 861//861
f 3750//3750 3808//3808 3800//3800
f 3234//3234 1443//1443 3196//3196
f 3234//3234 3196//3196 1443//1443
f 2534//2534 2562//2562 2630//2630
f 217//217 289//289 290//290
f 846//846 915//915 835//835
f 3560//3560 3579//3579 3541//3541
f 1053//1053 992//992 794//794
f 2727//2727 2920//2920 2957//2957
f 3//3 19//19 562//562
f 3773//3773 3749//3749 3769//3769
f 245//245 43//43 256//256
f 722//722 714//714 684//684
f 3781//3781 3767//3767 3749//3749
f 3781//3781 3769//3769 3767//3767
f 3169//3169 3164//3164 2824//2824
f 2535//2535 2444//2444 2532//2532
f 1411//1411 1523//1523 1406//1406
f 2795//2795 2817//2817 2487//2487
f 2219//2219 2291//2291 2283//2283
f 1602//1602 1450//1450 1665//1665
f 3632//3632 3590//3590 3637//3637
f 1943//1943 1781//1781 1815//1815
f 1493//1493 1526//1526 1506//1506
f 1493//1493 1506//1506 1526//1526
f 602//602 413//413 469//469
f 1603//1603 1754//1754 1800//1800
f 2869//2869 2781//2781 2922//2922
f 2390//2390 2341//2341 1485//1485
f 3884//3884 3917//3917 3867//3867
f 3764//3764 3811//3811 3808//3808
f 3764//3764 3808//3808 3811//3811
f 2134//2134 2140//2140 1910//1910
f 760//760 755//755 741//741
f 217//217 108//108 204//204
f 3156//3156 3168//3168 3142//3142
f 1893//1893 2124//2124 2138//2138
f 234//234 222//222 209//209
f 3547//3547 3541//3541 3540//3540
f 2879//2879 3167//3167 2948//2948
f 3038//3038 3182//3182 3176//3176
f 2903//2903 2895//2895 2985//2985
f 1312//1312 1270//1270 1258//1258
f 331//331 421//421 502//502
f 921//921 882//882 937//937
f 2862//2862 2852//2852 2851//2851
f 3764//3764 3763//3763 3808//3808
f 3239//3239 3665//3665 2850//2850
f 592//592 544//544 551//551
f 646//646 482//482 555//555
f 3763//3763 3806//3806 3810//3810
f 3725//3725 3765//3765 3739//3739
f 3784//3784 3759//3759 3803//3803
f 943//943 954//954 959//959
f 3759//3759 3784//3784 3806//3806
f 3759//3759 3806//3806 3803//3803
f 803//803 1063//1063 992//992
f 2963//2963 2636//2636 2650//2650
f 3794//3794 3823//3823 3826//3826
f 1340//1340 1294//1294 1456//1456
f 32//32 28//28 53//53
f 3756//3756 3784//3784 3803//3803
f 1754//1754 1795//1795 1720//1720
f 1896//1896 1898//1898 1910//1910
f 2678//2678 2151//2151 2715//2715
f 2847//2847 2723//2723 2896//2896
f 3759//3759 3756//3756 3803//3803
f 2899//2899 2790//2790 2533//2533
f 3800//3800 3749//3749 3781//3781
f 3749//3749 3767//3767 3781//3781
f 828//828 836//836 785//785
f 3800//3800 3767//3767 3749//3749
f 2129//2129 1890//1890 2033//2033
f 3800//3800 3817//3817 3757//3757
f 3450//3450 3462//3462 3457//3457
f 966//966 979//979 973//973
f 1539//1539 1588//1588 1706//1706
f 254//254 277//277 285//285
f 493//493 608//608 497//497
f 3817//3817 3757//3757 3800//3800
f 3817//3817 3800//3800 3757//3757
f 2720//2720 3075//3075 1203//1203
f 1450//1450 1650//1650 1665//1665
f 3743//3743 3805//3805 3758//3758
f 2726//2726 3472//3472 3687//3687
f 3743//3743 3781//3781 3805//3805
f 3623//3623 3651//3651 3640//3640
f 3026//3026 3121//3121 3048//3048
f 2194//2194 2140//2140 2086//2086
f 3730//3730 3790//3790 3756//3756
f 1337//1337 1277//1277 1386//1386
f 2430//2430 2711//2711 2154//2154
f 3836//3836 3822//3822 3834//3834
f 3741//3741 3808//3808 3785//3785
f 566//566 611//611 590//590
f 2368//2368 3843//3843 3319//3319
f 2716//2716 2530//2530 2477//2477
f 3260//3260 3292//3292 3344//3344
f 3750//3750 3785//3785 3767//3767
f 1225//1225 1174//1174 1244//1244
f 1225//1225 1244//1244 1174//1174
f 3726//3726 3722//3722 3688//3688
f 2624//2624 2561//2561 2579//2579
f 2624//2624 2579//2579 2561//2561
f 3263//3263 2970//2970 2803//2803
f 3153//3153 3027//3027 3378//3378
f 740//740 739//739 836//836
f 1622//1622 1436//1436 1263//1263
f 3820//3820 3698//3698 3715//3715
f 3995//3995 3956//3956 3987//3987
f 120//120 111//111 113//113
f 120//120 113//113 111//111
f 3068//3068 2854//2854 3074//3074
f 2557//2557 2577//2577 2516//2516
f 1654//1654 1828//1828 1718//1718
f 1654//1654 1718//1718 1828//1828
f 2679//2679 3197//3197 2976//2976
f 650//650 1776//1776 5//5
f 3688//3688 3623//3623 3661//3661
f 3799//3799 3806//3806 3810//3810
f 953//953 925//925 930//930
f 3799//3799 3810//3810 3811//3811
f 269//269 302//302 412//412
f 3799//3799 3811//3811 3813//3813
f 2772//2772 2792//2792 2769//2769
f 1424//1424 1456//1456 1411//1411
f 918//918 854//854 885//885
f 3129//3129 3200//3200 3100//3100
f 1803//1803 1416//1416 1418//1418
f 1808//1808 1704//1704 1673//1673
f 2100//2100 2167//2167 2099//2099
f 2510//2510 2526//2526 2503//2503
f 1470//1470 1045//1045 1771//1771
f 614//614 610//610 623//623
f 2393//2393 2482//2482 2398//2398
f 3278//3278 3344//3344 3377//3377
f 2567//2567 2530//2530 2566//2566
f 2567//2567 2566//2566 2530//2530
f 3665//3665 3763//3763 3739//3739
f 3739//3739 3763//3763 3784//3784
f 1145//1145 1202//1202 1140//1140
f 3750//3750 3723//3723 3772//3772
f 3671//3671 3739//3739 3756//3756
f 3042//3042 3282//3282 3206//3206
f 3210//3210 3164//3164 3005//3005
f 3678//3678 3730//3730 3790//3790
f 3678//3678 3790//3790 3730//3730
f 1784//1784 1808//1808 1827//1827
f 2544//2544 2401//2401 2537//2537
f 4046//4046 4052//4052 4048//4048
f 760//760 741//741 812//812
f 760//760 812//812 741//741
f 798//798 904//904 940//940
f 624//624 634//634 658//658
f 217//217 111//111 108//108
f 3739//3739 3765//3765 3759//3759
f 3739//3739 3759//3759 3765//3765
f 3686//3686 3725//3725 3676//3676
f 4038//4038 3689//3689 3665//3665
f 3046//3046 2969//2969 2713//2713
f 1597//1597 1469//1469 1636//1636
f 3671//3671 3676//3676 3725//3725
f 430//430 418//418 427//427
f 2414//2414 2451//2451 2449//2449
f 2414//2414 2449//2449 2451//2451
f 3330//3330 3322//3322 3305//3305
f 3791//3791 3825//3825 3786//3786
f 2008//2008 1975//1975 1935//1935
f 2008//2008 1935//1935 1975//1975
f 722//722 720//720 725//725
f 3685//3685 3735//3735 3689//3689
f 953//953 930//930 925//925
f 3685//3685 3689//3689 3691//3691
f 3735//3735 3739//3739 3765//3765
f 2023//2023 2025//2025 2087//2087
f 1523//1523 1588//1588 1539//1539
f 3686//3686 3665//3665 3725//3725
f 614//614 589//589 595//595
f 1234//1234 1201//1201 1254//1254
f 1418//1418 1776//1776 1400//1400
f 3853//3853 3841//3841 3856//3856
f 3695//3695 3752//3752 3772//3772
f 1223//1223 1224//1224 1158//1158
f 58//58 189//189 84//84
f 3586//3586 3723//3723 3627//3627
f 3302//3302 3306//3306 3369//3369
f 3705//3705 3813//3813 3766//3766
f 1802//1802 644//644 1236//1236
f 529//529 507//507 528//528
f 3751//3751 3808//3808 3763//3763
f 997//997 992//992 1022//1022
f 1161//1161 1199//1199 1169//1169
f 3295//3295 3099//3099 3154//3154
f 799//799 746//746 800//800
f 3315//3315 3249//3249 3243//3243
f 3741//3741 3695//3695 3753//3753
f 3741//3741 3753//3753 3695//3695
f 2890//2890 2983//2983 2896//2896
f 2976//2976 2622//2622 2868//2868
f 2913//2913 2863//2863 2912//2912
f 324//324 329//329 328//328
f 3936//3936 3864//3864 3630//3630
f 3763//3763 3806//3806 3784//3784
f 2447//2447 2457//2457 2456//2456
f 3764//3764 3810//3810 3763//3763
f 3765//3765 3806//3806 3763//3763
f 3879//3879 3895//3895 3802//3802
f 2961//2961 3009//3009 2905//2905
f 2683//2683 2763//2763 2680//2680
f 2522//2522 2815//2815 2386//2386
f 2834//2834 2854//2854 2887//2887
f 3730//3730 3799//3799 3790//3790
f 1275//1275 1147//1147 1219//1219
f 3784//3784 3763//3763 3806//3806
f 3754//3754 3817//3817 3800//3800
f 2052//2052 2244//2244 510//510
f 2219//2219 2307//2307 2227//2227
f 2115//2115 1943//1943 1951//1951
f 1138//1138 1180//1180 1157//1157
f 3918//3918 3961//3961 3955//3955
f 1413//1413 1438//1438 1393//1393
f 250//250 123//123 244//244
f 3655//3655 3676//3676 3719//3719
f 2102//2102 2108//2108 2067//2067
f 2102//2102 2067//2067 2108//2108
f 3846//3846 3830//3830 3837//3837
f 3669//3669 3697//3697 3655//3655
f 1852//1852 2050//2050 1878//1878
f 3216//3216 3038//3038 3053//3053
f 3655//3655 3697//3697 3669//3669
f 1296//1296 1722//1722 1699//1699
f 2309//2309 1452//1452 1304//1304
f 1380//1380 1328//1328 1492//1492
f 1380//1380 1492//1492 1328//1328
f 3671//3671 3697//3697 3676//3676
f 2671//2671 2650//2650 2654//2654
f 3739//3739 3759//3759 3756//3756
f 3739//3739 3756//3756 3759//3759
f 3671//3671 3725//3725 3739//3739
f 2906//2906 2851//2851 2862//2862
f 1248//1248 1646//1646 1657//1657
f 3665//3665 3739//3739 3725//3725
f 3749//3749 3767//3767 3769//3769
f 1577//1577 1640//1640 1511//1511
f 755//755 812//812 741//741
f 3807//3807 3804//3804 3791//3791
f 3807//3807 3791//3791 3804//3804
f 98//98 97//97 202//202
f 98//98 202//202 97//97
f 3747//3747 3757//3757 3772//3772
f 2055//2055 1995//1995 1975//1975
f 2397//2397 2469//2469 2372//2372
f 2397//2397 2372//2372 2469//2469
f 942//942 933//933 925//925
f 3007//3007 3216//3216 3053//3053
f 3215//3215 3254//3254 3267//3267
f 2439//2439 2362//2362 2446//2446
f 1828//1828 1893//1893 1905//1905
f 2195//2195 2248//2248 2270//2270
f 120//120 230//230 240//240
f 120//120 240//240 230//230
f 3754//3754 3772//3772 3757//3757
f 2861//2861 3240//3240 2857//2857
f 3747//3747 3766//3766 3758//3758
f 1520//1520 2171//2171 1571//1571
f 3750//3750 3754//3754 3749//3749
f 2092//2092 1710//1710 1954//1954
f 3749//3749 3781//3781 3743//3743
f 105//105 144//144 209//209
f 2282//2282 2214//2214 2197//2197
f 797//797 833//833 847//847
f 715//715 844//844 763//763
f 718//718 712//712 800//800
f 1944//1944 1624//1624 1800//1800
f 269//269 519//519 498//498
f 3129//3129 3147//3147 2910//2910
f 3781//3781 3749//3749 3757//3757
f 3781//3781 3757//3757 3817//3817
f 3274//3274 3237//3237 3272//3272
f 447//447 399//399 489//489
f 872//872 809//809 889//889
f 3668//3668 3654//3654 3286//3286
f 2341//2341 522//522 776//776
f 3375//3375 3281//3281 3259//3259
f 3430//3430 3420//3420 3388//3388
f 384//384 428//428 412//412
f 3589//3589 3561//3561 3564//3564
f 2134//2134 1910//1910 2086//2086
f 3547//3547 3608//3608 3560//3560
f 3773//3773 3781//3781 3749//3749
f 732//732 651//651 913//913
f 1497//1497 1531//1531 1467//1467
f 942//942 932//932 940//940
f 1326//1326 1218//1218 1311//1311
f 465//465 475//475 377//377
f 3587//3587 3589//3589 3551//3551
f 2051//2051 2256//2256 2046//2046
f 3596//3596 3579//3579 3541//3541
f 3741//3741 3785//3785 3808//3808
f 824//824 1164//1164 1175//1175
f 287//287 235//235 195//195
f 3809//3809 3824//3824 3834//3834
f 1822//1822 1847//1847 1818//1818
f 2117//2117 2068//2068 2102//2102
f 5//5 1374//1374 3//3
f 138//138 173//173 186//186
f 2122//2122 2119//2119 2217//2217
f 3735//3735 3763//3763 3739//3739
f 3689//3689 3691//3691 3751//3751
f 1016//1016 996//996 1009//1009
f 3611//3611 3698//3698 3755//3755
f 1849//1849 1301//1301 1600//1600
f 772//772 723//723 751//751
f 1357//1357 1202//1202 1298//1298
f 632//632 599//599 600//600
f 1556//1556 1623//1623 1509//1509
f 3506//3506 3708//3708 3714//3714
f 3794//3794 3745//3745 3709//3709
f 1386//1386 1382//1382 1439//1439
f 3506//3506 3179//3179 3449//3449
f 3107//3107 2897//2897 3078//3078
f 555//555 861//861 709//709
f 2748//2748 2542//2542 2543//2543
f 1983//1983 2154//2154 1721//1721
f 2333//2333 533//533 622//622
f 2333//2333 622//622 533//533
f 2104//2104 2325//2325 2634//2634
f 1723//1723 1638//1638 1680//1680
f 1723//1723 1680//1680 1638//1638
f 98//98 94//94 97//97
f 1351//1351 1743//1743 3008//3008
f 3781//3781 3817//3817 3800//3800
f 222//222 263//263 278//278
f 628//628 627//627 629//629
f 1287//1287 1282//1282 1388//1388
f 2673//2673 2414//2414 2273//2273
f 2404//2404 2413//2413 2396//2396
f 758//758 740//740 764//764
f 2779//2779 2653//2653 2610//2610
f 1683//1683 1598//1598 1494//1494
f 1326//1326 1437//1437 1223//1223
f 571//571 2683//2683 2541//2541
f 2906//2906 2851//2851 2973//2973
f 2906//2906 2973//2973 2851//2851
f 1912//1912 1799//1799 2042//2042
f 2521//2521 2552//2552 2598//2598
f 2741//2741 2830//2830 2783//2783
f 726//726 467//467 314//314
f 3736//3736 3740//3740 3680//3680
f 3808//3808 3785//3785 3800//3800
f 2901//2901 2831//2831 2794//2794
f 3817//3817 3805//3805 3758//3758
f 855//855 766//766 581//581
f 1664//1664 577//577 556//556
f 910//910 854//854 754//754
f 1837//1837 2077//2077 2087//2087
f 1093//1093 1120//1120 1127//1127
f 3560//3560 3547//3547 3546//3546
f 3278//3278 3105//3105 3246//3246
f 190//190 110//110 93//93
f 2273//2273 2414//2414 2210//2210
f 3813//3813 3772//3772 3817//3817
f 3480//3480 3787//3787 3877//3877
f 977//977 975//975 979//979
f 788//788 711//711 697//697
f 1180//1180 1163//1163 1174//1174
f 3772//3772 3811//3811 3808//3808
f 3546//3546 3552//3552 3565//3565
f 1654//1654 1512//1512 1623//1623
f 3799//3799 3759//3759 3803//3803
f 3546//3546 3682//3682 3519//3519
f 1570//1570 1747//1747 1519//1519
f 2006//2006 2746//2746 1996//1996
f 3799//3799 3756//3756 3759//3759
f 2977//2977 3239//3239 2850//2850
f 2511//2511 2562//2562 2586//2586
f 1378//1378 1639//1639 1651//1651
f 163//163 323//323 265//265
f 1781//1781 1498//1498 2205//2205
f 3805//3805 3781//3781 3773//3773
f 3689//3689 3751//3751 3763//3763
f 3780//3780 3833//3833 3819//3819
f 3780//3780 3819//3819 3833//3833
f 3751//3751 3785//3785 3808//3808
f 5//5 3//3 7//7
f 1169//1169 1173//1173 1184//1184
f 3683//3683 3643//3643 3577//3577
f 171//171 169//169 159//159
f 2432//2432 2429//2429 2589//2589
f 2432//2432 2589//2589 2429//2429
f 2647//2647 2845//2845 2449//2449
f 1520//1520 3161//3161 2305//2305
f 11//11 24//24 520//520
f 1730//1730 1787//1787 1811//1811
f 1889//1889 1800//1800 1977//1977
f 3697//3697 3759//3759 3756//3756
f 3697//3697 3756//3756 3759//3759
f 3629//3629 3580//3580 3551//3551
f 217//217 290//290 204//204
f 3317//3317 3342//3342 3184//3184
f 3697//3697 3756//3756 3759//3759
f 3697//3697 3759//3759 3756//3756
f 3551//3551 3579//3579 3560//3560
f 3640//3640 3651//3651 3628//3628
f 816//816 864//864 863//863
f 2647//2647 2709//2709 2599//2599
f 3725//3725 3763//3763 3765//3765
f 3725//3725 3765//3765 3763//3763
f 3062//3062 2983//2983 2833//2833
f 3840//3840 3467//3467 3863//3863
f 3741//3741 3772//3772 3723//3723
f 3927//3927 3872//3872 3904//3904
f 345//345 401//401 376//376
f 3805//3805 3743//3743 3758//3758
f 3643//3643 3561//3561 3566//3566
f 1654//1654 1864//1864 1588//1588
f 895//895 909//909 933//933
f 2405//2405 2511//2511 2586//2586
f 2299//2299 2327//2327 2192//2192
f 3561//3561 3566//3566 3577//3577
f 3623//3623 3688//3688 3726//3726
f 3823//3823 3833//3833 3820//3820
f 65//65 29//29 28//28
f 3723//3723 3743//3743 3773//3773
f 803//803 790//790 784//784
f 3705//3705 3766//3766 3752//3752
f 3227//3227 3175//3175 3173//3173
f 3068//3068 3035//3035 3024//3024
f 2104//2104 2138//2138 2078//2078
f 2983//2983 3086//3086 2998//2998
f 3752//3752 3766//3766 3772//3772
f 2384//2384 2312//2312 2439//2439
f 2443//2443 2485//2485 2532//2532
f 2451//2451 2403//2403 2449//2449
f 2198//2198 2302//2302 1379//1379
f 2903//2903 3033//3033 2900//2900
f 3730//3730 3598//3598 3520//3520
f 3731//3731 3706//3706 3740//3740
f 437//437 412//412 442//442
f 1536//1536 1517//1517 1362//1362
f 3401//3401 3440//3440 3369//3369
f 3401//3401 3369//3369 3440//3440
f 3593//3593 3695//3695 3528//3528
f 3777//3777 3794//3794 3709//3709
f 3956//3956 3942//3942 3886//3886
f 3177//3177 3021//3021 2992//2992
f 3629//3629 3726//3726 3640//3640
f 2535//2535 2483//2483 2485//2485
f 3709//3709 3667//3667 3574//3574
f 569//569 742//742 793//793
f 3623//3623 3726//3726 3629//3629
f 3623//3623 3629//3629 3688//3688
f 1145//1145 1185//1185 1165//1165
f 2899//2899 2937//2937 2753//2753
f 2899//2899 2753//2753 2937//2937
f 2343//2343 2372//2372 2382//2382
f 2341//2341 573//573 1485//1485
f 760//760 824//824 812//812
f 3832//3832 3823//3823 3828//3828
f 301//301 282//282 265//265
f 3762//3762 3823//3823 3825//3825
f 3762//3762 3797//3797 3823//3823
f 3823//3823 3797//3797 3828//3828
f 3762//3762 3825//3825 3828//3828
f 3762//3762 3828//3828 3825//3825
f 2349//2349 2296//2296 2381//2381
f 3807//3807 3831//3831 3791//3791
f 3791//3791 3825//3825 3807//3807
f 3791//3791 3807//3807 3825//3825
f 3836//3836 3809//3809 3791//3791
f 3807//3807 3836//3836 3791//3791
f 1405//1405 1468//1468 1531//1531
f 3807//3807 3822//3822 3836//3836
f 127//127 130//130 218//218
f 2082//2082 2031//2031 2314//2314
f 850//850 1038//1038 991//991
f 3865//3865 3910//3910 3886//3886
f 2447//2447 2499//2499 2511//2511
f 2746//2746 2877//2877 3020//3020
f 800//800 960//960 902//902
f 2158//2158 2089//2089 2055//2055
f 3807//3807 3836//3836 3791//3791
f 1824//1824 1952//1952 1937//1937
f 3761//3761 3819//3819 3821//3821
f 3761//3761 3821//3821 3819//3819
f 3324//3324 3177//3177 3294//3294
f 1711//1711 1299//1299 1339//1339
f 2431//2431 2270//2270 2443//2443
f 3796//3796 3833//3833 3815//3815
f 3796//3796 3815//3815 3833//3833
f 1406//1406 1337//1337 1596//1596
f 914//914 969//969 928//928
f 792//792 871//871 811//811
f 2469//2469 2889//2889 2929//2929
f 3780//3780 3819//3819 3833//3833
f 3833//3833 3815//3815 3796//3796
f 3266//3266 3333//3333 3320//3320
f 2489//2489 510//510 524//524
f 3794//3794 3833//3833 3826//3826
f 3788//3788 3786//3786 3820//3820
f 3062//3062 2983//2983 3086//3086
f 3062//3062 3086//3086 2983//2983
f 2284//2284 2207//2207 2019//2019
f 3788//3788 3821//3821 3812//3812
f 760//760 671//671 638//638
f 4028//4028 4047//4047 4037//4037
f 1946//1946 2014//2014 2043//2043
f 2365//2365 2484//2484 2270//2270
f 3038//3038 2904//2904 2999//2999
f 2361//2361 2421//2421 2371//2371
f 3780//3780 3821//3821 3794//3794
f 713//713 712//712 697//697
f 621//621 1334//1334 1190//1190
f 2118//2118 2181//2181 2091//2091
f 3796//3796 3824//3824 3745//3745
f 3478//3478 3715//3715 3890//3890
f 1443//1443 1463//1463 1446//1446
f 876//876 786//786 810//810
f 1654//1654 1718//1718 1893//1893
f 1654//1654 1893//1893 1718//1718
f 1619//1619 965//965 1867//1867
f 2320//2320 2181//2181 2155//2155
f 654//654 649//649 702//702
f 661//661 740//740 843//843
f 3783//3783 3740//3740 3793//3793
f 770//770 720//720 684//684
f 3680//3680 3793//3793 3740//3740
f 2994//2994 3422//3422 2733//2733
f 843//843 898//898 836//836
f 843//843 836//836 898//898
f 3464//3464 3490//3490 3391//3391
f 3133//3133 3121//3121 3134//3134
f 196//196 194//194 189//189
f 2451//2451 2447//2447 2466//2466
f 872//872 955//955 870//870
f 795//795 742//742 762//762
f 3809//3809 3786//3786 3762//3762
f 2816//2816 3080//3080 1645//1645
f 438//438 516//516 449//449
f 654//654 684//684 647//647
f 2211//2211 2243//2243 2206//2206
f 3038//3038 3029//3029 2880//2880
f 128//128 130//130 117//117
f 601//601 469//469 467//467
f 2281//2281 2207//2207 2257//2257
f 2819//2819 3479//3479 2824//2824
f 2806//2806 2604//2604 2649//2649
f 3698//3698 3591//3591 3707//3707
f 196//196 194//194 205//205
f 3688//3688 3661//3661 3651//3651
f 2405//2405 2447//2447 2336//2336
f 3900//3900 3494//3494 3897//3897
f 720//720 724//724 727//727
f 3546//3546 3519//3519 3543//3543
f 3640//3640 3804//3804 3736//3736
f 2565//2565 2477//2477 2751//2751
f 1243//1243 1309//1309 1182//1182
f 1243//1243 1182//1182 1309//1309
f 3736//3736 3731//3731 3738//3738
f 3736//3736 3738//3738 3731//3731
f 1828//1828 1694//1694 1864//1864
f 3736//3736 3804//3804 3731//3731
f 2260//2260 1547//1547 1495//1495
f 1248//1248 1010//1010 988//988
f 1707//1707 1620//1620 1634//1634
f 3164//3164 3341//3341 3286//3286
f 3783//3783 3804//3804 3793//3793
f 876//876 810//810 944//944
f 540//540 1375//1375 2371//2371
f 3947//3947 3966//3966 3949//3949
f 1679//1679 1751//1751 1698//1698
f 2273//2273 2342//2342 2403//2403
f 2082//2082 2106//2106 2071//2071
f 2509//2509 2712//2712 2707//2707
f 1997//1997 1889//1889 1977//1977
f 3611//3611 3591//3591 3698//3698
f 320//320 258//258 173//173
f 3796//3796 3745//3745 3794//3794
f 221//221 242//242 405//405
f 3991//3991 3974//3974 4007//4007
f 3338//3338 3500//3500 3584//3584
f 666//666 665//665 744//744
f 2149//2149 1971//1971 2041//2041
f 681//681 723//723 718//718
f 3968//3968 3957//3957 3902//3902
f 3820//3820 3519//3519 3786//3786
f 3296//3296 3369//3369 3317//3317
f 3786//3786 3519//3519 3682//3682
f 2955//2955 2934//2934 3312//3312
f 2405//2405 2280//2280 2202//2202
f 2405//2405 2202//2202 2280//2280
f 2921//2921 2654//2654 2671//2671
f 2714//2714 2562//2562 2630//2630
f 3777//3777 3796//3796 3794//3794
f 852//852 866//866 903//903
f 1540//1540 1230//1230 1260//1260
f 1450//1450 1357//1357 1501//1501
f 1687//1687 1683//1683 1702//1702
f 1687//1687 1702//1702 1683//1683
f 3134//3134 3017//3017 3121//3121
f 1091//1091 1717//1717 2643//2643
f 3762//3762 3828//3828 3797//3797
f 3833//3833 3794//3794 3824//3824
f 2686//2686 2502//2502 2340//2340
f 893//893 579//579 552//552
f 3546//3546 3560//3560 3552//3552
f 1614//1614 1300//1300 1350//1350
f 2792//2792 2888//2888 2769//2769
f 1577//1577 1837//1837 1640//1640
f 416//416 480//480 435//435
f 2686//2686 2743//2743 2844//2844
f 75//75 89//89 82//82
f 3050//3050 3013//3013 3004//3004
f 3736//3736 3731//3731 3740//3740
f 2605//2605 2335//2335 2555//2555
f 3783//3783 3804//3804 3736//3736
f 195//195 183//183 42//42
f 3016//3016 2908//2908 2972//2972
f 124//124 185//185 233//233
f 2202//2202 2353//2353 2515//2515
f 3726//3726 3738//3738 3760//3760
f 2509//2509 2532//2532 2602//2602
f 2509//2509 2602//2602 2532//2532
f 3325//3325 3287//3287 3304//3304
f 3715//3715 3615//3615 3519//3519
f 3977//3977 4037//4037 4033//4033
f 3731//3731 3760//3760 3738//3738
f 3560//3560 3546//3546 3540//3540
f 3007//3007 3053//3053 3062//3062
f 3618//3618 3689//3689 3665//3665
f 3618//3618 3665//3665 3689//3689
f 3726//3726 3731//3731 3738//3738
f 2794//2794 2743//2743 2700//2700
f 3788//3788 3798//3798 3755//3755
f 2226//2226 2257//2257 2138//2138
f 1282//1282 1764//1764 1783//1783
f 3777//3777 3778//3778 3776//3776
f 3777//3777 3776//3776 3780//3780
f 3788//3788 3778//3778 3798//3798
f 760//760 907//907 812//812
f 541//541 544//544 793//793
f 3777//3777 3798//3798 3778//3778
f 365//365 395//395 363//363
f 365//365 363//363 395//395
f 1433//1433 2044//2044 2056//2056
f 2282//2282 2277//2277 2197//2197
f 2282//2282 2197//2197 2277//2277
f 3777//3777 3780//3780 3796//3796
f 1992//1992 1999//1999 1973//1973
f 2862//2862 2850//2850 2514//2514
f 3777//3777 3709//3709 3798//3798
f 850//850 414//414 471//471
f 2104//2104 1963//1963 1905//1905
f 2335//2335 2275//2275 2318//2318
f 3780//3780 3776//3776 3819//3819
f 179//179 274//274 249//249
f 87//87 88//88 79//79
f 87//87 79//79 88//88
f 1654//1654 1623//1623 1718//1718
f 3826//3826 3824//3824 3794//3794
f 203//203 192//192 246//246
f 3780//3780 3794//3794 3833//3833
f 2146//2146 2171//2171 2132//2132
f 2673//2673 2172//2172 2263//2263
f 3320//3320 3388//3388 3420//3420
f 3278//3278 3219//3219 3105//3105
f 3278//3278 3105//3105 3219//3219
f 1139//1139 1151//1151 1145//1145
f 1778//1778 1809//1809 1781//1781
f 3822//3822 3793//3793 3834//3834
f 3822//3822 3795//3795 3793//3793
f 98//98 196//196 205//205
f 745//745 675//675 739//739
f 2283//2283 3016//3016 3152//3152
f 3652//3652 3871//3871 3849//3849
f 283//283 321//321 311//311
f 786//786 730//730 713//713
f 1540//1540 2560//2560 2568//2568
f 3440//3440 3369//3369 3363//3363
f 2273//2273 2406//2406 2353//2353
f 2273//2273 2353//2353 2406//2406
f 2388//2388 2323//2323 2393//2393
f 3755//3755 3698//3698 3812//3812
f 3814//3814 3755//3755 3812//3812
f 3629//3629 3551//3551 3667//3667
f 165//165 265//265 163//163
f 911//911 848//848 926//926
f 911//911 926//926 848//848
f 1601//1601 2623//2623 2588//2588
f 2799//2799 2837//2837 3505//3505
f 3640//3640 3551//3551 3580//3580
f 3587//3587 3551//3551 3645//3645
f 3833//3833 3796//3796 3815//3815
f 3390//3390 3462//3462 3411//3411
f 797//797 833//833 847//847
f 797//797 847//847 833//833
f 3736//3736 3643//3643 3645//3645
f 306//306 302//302 291//291
f 3640//3640 3736//3736 3645//3645
f 3736//3736 3589//3589 3643//3643
f 3809//3809 3834//3834 3804//3804
f 971//971 930//930 970//970
f 537//537 517//517 485//485
f 3793//3793 3736//3736 3834//3834
f 2254//2254 2359//2359 2330//2330
f 3736//3736 3804//3804 3834//3834
f 3709//3709 3745//3745 3809//3809
f 3809//3809 3745//3745 3824//3824
f 974//974 970//970 971//971
f 3726//3726 3760//3760 3640//3640
f 1927//1927 2595//2595 1120//1120
f 3640//3640 3760//3760 3809//3809
f 3013//3013 3054//3054 2961//2961
f 3013//3013 2961//2961 3054//3054
f 3820//3820 3812//3812 3698//3698
f 3005//3005 3245//3245 3164//3164
f 2757//2757 2724//2724 2629//2629
f 287//287 235//235 284//284
f 103//103 94//94 98//98
f 870//870 955//955 883//883
f 3722//3722 3762//3762 3786//3786
f 1723//1723 1684//1684 1642//1642
f 3547//3547 3533//3533 3541//3541
f 3812//3812 3821//3821 3814//3814
f 3824//3824 3796//3796 3833//3833
f 3939//3939 3928//3928 3905//3905
f 1157//1157 1139//1139 1138//1138
f 2393//2393 2437//2437 2628//2628
f 2462//2462 2416//2416 2250//2250
f 2462//2462 2250//2250 2416//2416
f 3833//3833 3794//3794 3826//3826
f 3833//3833 3826//3826 3794//3794
f 3393//3393 3328//3328 2996//2996
f 3832//3832 3824//3824 3826//3826
f 3832//3832 3826//3826 3823//3823
f 2273//2273 2403//2403 2451//2451
f 3821//3821 3820//3820 3833//3833
f 3836//3836 3834//3834 3831//3831
f 1361//1361 1405//1405 1467//1467
f 2605//2605 2730//2730 2735//2735
f 1577//1577 1615//1615 1551//1551
f 1450//1450 1501//1501 1530//1530
f 1325//1325 1314//1314 1283//1283
f 484//484 769//769 524//524
f 3821//3821 3820//3820 3812//3812
f 3850//3850 3582//3582 3693//3693
f 3223//3223 3057//3057 3194//3194
f 3825//3825 3820//3820 3786//3786
f 1892//1892 1954//1954 1710//1710
f 1892//1892 1710//1710 1954//1954
f 351//351 436//436 479//479
f 2780//2780 2765//2765 2702//2702
f 1292//1292 1385//1385 1206//1206
f 1763//1763 408//408 1638//1638
f 824//824 755//755 741//741
f 2136//2136 2346//2346 2207//2207
f 1232//1232 1265//1265 1185//1185
f 1547//1547 2754//2754 2672//2672
f 1518//1518 1888//1888 1398//1398
f 606//606 699//699 1193//1193
f 3791//3791 3809//3809 3762//3762
f 3791//3791 3762//3762 3809//3809
f 62//62 114//114 204//204
f 3791//3791 3762//3762 3809//3809
f 3791//3791 3809//3809 3762//3762
f 917//917 860//860 882//882
f 3771//3771 3709//3709 3648//3648
f 3571//3571 3577//3577 3566//3566
f 3302//3302 3239//3239 3259//3259
f 632//632 600//600 599//599
f 838//838 918//918 948//948
f 828//828 830//830 843//843
f 3888//3888 3872//3872 3882//3882
f 3968//3968 3953//3953 3957//3957
f 915//915 901//901 852//852
f 287//287 259//259 267//267
f 2135//2135 1929//1929 2278//2278
f 2714//2714 2673//2673 2904//2904
f 4040//4040 4044//4044 4041//4041
f 2309//2309 2682//2682 2317//2317
f 1135//1135 1140//1140 1189//1189
f 159//159 105//105 191//191
f 2558//2558 2493//2493 2511//2511
f 692//692 701//701 679//679
f 3574//3574 3540//3540 3542//3542
f 72//72 65//65 71//71
f 2781//2781 2839//2839 2801//2801
f 971//971 968//968 930//930
f 2478//2478 2350//2350 2697//2697
f 2408//2408 2137//2137 2084//2084
f 2995//2995 2929//2929 2889//2889
f 2995//2995 2889//2889 2929//2929
f 3522//3522 3513//3513 3619//3619
f 3430//3430 3417//3417 3405//3405
f 3430//3430 3405//3405 3417//3417
f 3400//3400 3295//3295 3332//3332
f 1544//1544 1548//1548 1480//1480
f 3366//3366 3352//3352 3357//3357
f 1241//1241 1219//1219 1275//1275
f 3279//3279 3086//3086 3241//3241
f 1707//1707 2088//2088 1697//1697
f 2424//2424 2314//2314 2354//2354
f 3551//3551 3560//3560 3540//3540
f 3850//3850 3941//3941 3892//3892
f 362//362 391//391 369//369
f 3089//3089 3087//3087 3037//3037
f 3547//3547 3540//3540 3579//3579
f 3547//3547 3579//3579 3540//3540
f 882//882 896//896 875//875
f 3680//3680 3571//3571 3589//3589
f 3384//3384 3390//3390 3347//3347
f 3571//3571 3566//3566 3552//3552
f 3571//3571 3552//3552 3542//3542
f 2095//2095 2242//2242 1544//1544
f 3571//3571 3542//3542 3544//3544
f 2845//2845 2770//2770 2684//2684
f 3083//3083 2802//2802 2812//2812
f 3551//3551 3544//3544 3542//3542
f 3278//3278 3177//3177 3324//3324
f 1365//1365 1263//1263 1318//1318
f 3062//3062 2846//2846 2983//2983
f 3574//3574 3542//3542 3545//3545
f 1512//1512 1523//1523 1456//1456
f 2510//2510 2561//2561 2526//2526
f 953//953 904//904 951//951
f 1786//1786 1832//1832 2016//2016
f 3897//3897 3887//3887 3973//3973
f 1118//1118 1103//1103 1089//1089
f 3731//3731 3643//3643 3646//3646
f 1748//1748 1796//1796 1575//1575
f 3608//3608 3709//3709 3560//3560
f 1778//1778 1815//1815 1810//1810
f 3645//3645 3561//3561 3643//3643
f 1428//1428 1673//1673 1932//1932
f 1101//1101 2717//2717 1120//1120
f 3642//3642 3579//3579 3596//3596
f 3642//3642 3596//3596 3579//3579
f 3680//3680 3577//3577 3643//3643
f 3680//3680 3683//3683 3577//3577
f 93//93 103//103 98//98
f 3640//3640 3673//3673 3651//3651
f 3640//3640 3651//3651 3673//3673
f 726//726 738//738 784//784
f 3571//3571 3680//3680 3577//3577
f 3640//3640 3628//3628 3580//3580
f 3688//3688 3552//3552 3623//3623
f 10//10 6//6 22//22
f 3629//3629 3640//3640 3673//3673
f 834//834 852//852 830//830
f 3408//3408 3382//3382 3450//3450
f 179//179 176//176 88//88
f 1207//1207 685//685 1804//1804
f 3731//3731 3738//3738 3673//3673
f 2460//2460 1992//1992 2496//2496
f 3300//3300 3251//3251 3217//3217
f 3081//3081 2985//2985 3116//3116
f 3540//3540 3545//3545 3542//3542
f 2478//2478 2899//2899 2697//2697
f 2478//2478 2697//2697 2899//2899
f 2350//2350 2391//2391 2346//2346
f 256//256 333//333 406//406
f 2653//2653 2046//2046 2501//2501
f 1515//1515 1299//1299 1655//1655
f 3736//3736 3706//3706 3731//3731
f 3736//3736 3731//3731 3673//3673
f 3992//3992 3958//3958 3971//3971
f 3551//3551 3574//3574 3545//3545
f 2146//2146 2171//2171 2227//2227
f 955//955 902//902 960//960
f 955//955 960//960 902//902
f 682//682 843//843 728//728
f 3795//3795 3680//3680 3630//3630
f 3667//3667 3551//3551 3542//3542
f 1831//1831 1628//1628 1752//1752
f 1831//1831 1752//1752 1628//1628
f 3667//3667 3542//3542 3574//3574
f 3688//3688 3682//3682 3661//3661
f 2533//2533 2635//2635 2567//2567
f 286//286 262//262 229//229
f 286//286 229//229 262//262
f 1528//1528 1521//1521 1535//1535
f 1528//1528 1535//1535 1521//1521
f 1143//1143 1185//1185 1151//1151
f 3668//3668 3654//3654 3657//3657
f 3668//3668 3657//3657 3654//3654
f 3648//3648 3608//3608 3709//3709
f 3648//3648 3709//3709 3608//3608
f 1183//1183 1222//1222 1279//1279
f 2007//2007 1984//1984 2087//2087
f 1053//1053 1062//1062 993//993
f 770//770 802//802 816//816
f 1795//1795 1931//1931 1754//1754
f 3574//3574 3545//3545 3540//3540
f 1517//1517 1500//1500 1361//1361
f 3629//3629 3673//3673 3738//3738
f 3083//3083 2796//2796 3084//3084
f 3736//3736 3740//3740 3706//3706
f 3680//3680 3566//3566 3577//3577
f 1080//1080 1132//1132 1122//1122
f 1355//1355 1488//1488 1486//1486
f 3585//3585 3673//3673 3646//3646
f 3585//3585 3646//3646 3673//3673
f 1785//1785 1881//1881 1769//1769
f 3688//3688 3661//3661 3682//3682
f 3623//3623 3640//3640 3629//3629
f 1238//1238 1253//1253 1337//1337
f 3696//3696 2804//2804 3090//3090
f 3726//3726 3738//3738 3731//3731
f 3097//3097 3259//3259 3281//3281
f 2507//2507 2518//2518 2903//2903
f 106//106 121//121 77//77
f 106//106 77//77 121//121
f 282//282 323//323 332//332
f 637//637 659//659 677//677
f 2523//2523 2325//2325 2062//2062
f 964//964 839//839 850//850
f 974//974 930//930 968//968
f 160//160 201//201 153//153
f 3177//3177 3004//3004 3158//3158
f 2899//2899 2753//2753 2787//2787
f 2687//2687 2924//2924 2841//2841
f 3948//3948 3802//3802 3895//3895
f 3395//3395 3388//3388 3420//3420
f 3551//3551 3545//3545 3579//3579
f 3540//3540 3579//3579 3545//3545
f 469//469 413//413 467//467
f 653//653 643//643 523//523
f 2176//2176 2324//2324 2306//2306
f 3861//3861 3708//3708 3842//3842
f 3107//3107 2934//2934 2897//2897
f 884//884 860//860 875//875
f 3587//3587 3673//3673 3585//3585
f 3546//3546 3623//3623 3552//3552
f 3007//3007 3038//3038 2880//2880
f 446//446 416//416 203//203
f 943//943 945//945 936//936
f 848//848 926//926 896//896
f 3580//3580 3585//3585 3564//3564
f 3395//3395 3436//3436 3417//3417
f 3589//3589 3564//3564 3566//3566
f 914//914 961//961 889//889
f 3640//3640 3580//3580 3673//3673
f 3736//3736 3683//3683 3740//3740
f 3395//3395 3357//3357 3320//3320
f 3519//3519 3615//3615 3591//3591
f 3623//3623 3628//3628 3661//3661
f 3584//3584 3664//3664 3491//3491
f 3348//3348 3350//3350 3343//3343
f 3348//3348 3343//3343 3350//3350
f 3561//3561 3585//3585 3564//3564
f 98//98 93//93 88//88
f 3587//3587 3585//3585 3561//3561
f 3417//3417 3358//3358 3342//3342
f 1077//1077 1069//1069 1096//1096
f 3547//3547 3579//3579 3541//3541
f 637//637 648//648 624//624
f 5//5 36//36 1776//1776
f 5//5 1776//1776 36//36
f 2054//2054 2074//2074 1832//1832
f 1318//1318 1364//1364 1273//1273
f 1533//1533 1702//1702 1579//1579
f 2451//2451 2534//2534 2466//2466
f 2451//2451 2466//2466 2534//2534
f 2007//2007 2414//2414 2673//2673
f 3090//3090 3696//3696 3600//3600
f 3473//3473 3617//3617 3459//3459
f 3546//3546 3565//3565 3623//3623
f 3153//3153 3521//3521 3360//3360
f 915//915 834//834 852//852
f 289//289 310//310 317//317
f 285//285 326//326 318//318
f 3440//3440 3339//3339 3369//3369
f 1641//1641 1679//1679 1552//1552
f 3953//3953 3919//3919 3904//3904
f 2291//2291 2307//2307 2283//2283
f 2193//2193 2270//2270 2127//2127
f 1252//1252 1360//1360 1184//1184
f 2273//2273 2534//2534 2353//2353
f 3220//3220 2987//2987 2833//2833
f 3519//3519 3533//3533 3547//3547
f 3302//3302 3130//3130 3281//3281
f 164//164 157//157 208//208
f 3518//3518 3545//3545 3579//3579
f 98//98 202//202 205//205
f 98//98 205//205 202//202
f 2353//2353 2466//2466 2023//2023
f 475//475 551//551 486//486
f 2962//2962 2936//2936 2939//2939
f 3547//3547 3533//3533 3541//3541
f 1380//1380 1234//1234 1254//1254
f 656//656 633//633 639//639
f 3560//3560 3543//3543 3547//3547
f 2385//2385 2576//2576 2494//2494
f 2989//2989 3356//3356 3353//3353
f 226//226 136//136 96//96
f 3519//3519 3543//3543 3547//3547
f 3519//3519 3547//3547 3543//3543
f 3115//3115 3175//3175 3163//3163
f 1837//1837 1615//1615 1772//1772
f 3560//3560 3542//3542 3552//3552
f 3239//3239 2850//2850 2839//2839
f 29//29 37//37 42//42
f 2780//2780 2506//2506 2820//2820
f 3551//3551 3542//3542 3560//3560
f 896//896 882//882 887//887
f 247//247 190//190 176//176
f 3552//3552 3623//3623 3565//3565
f 2003//2003 2036//2036 2023//2023
f 169//169 294//294 197//197
f 3552//3552 3564//3564 3585//3585
f 3552//3552 3566//3566 3564//3564
f 3492//3492 3851//3851 3269//3269
f 3623//3623 3629//3629 3565//3565
f 1361//1361 1295//1295 1511//1511
f 1361//1361 1511//1511 1295//1295
f 3580//3580 3628//3628 3565//3565
f 1523//1523 1599//1599 1553//1553
f 1397//1397 1409//1409 1516//1516
f 2//2 4//4 6//6
f 3688//3688 3651//3651 3722//3722
f 872//872 1136//1136 809//809
f 3587//3587 3561//3561 3643//3643
f 3587//3587 3643//3643 3561//3561
f 432//432 456//456 417//417
f 2076//2076 1606//1606 2115//2115
f 3353//3353 3258//3258 3291//3291
f 164//164 140//140 156//156
f 760//760 739//739 745//745
f 415//415 383//383 426//426
f 884//884 859//859 845//845
f 2935//2935 3129//3129 3143//3143
f 3587//3587 3643//3643 3561//3561
f 3587//3587 3561//3561 3643//3643
f 2903//2903 2446//2446 2900//2900
f 3640//3640 3565//3565 3580//3580
f 3640//3640 3580//3580 3565//3565
f 3629//3629 3565//3565 3640//3640
f 3629//3629 3640//3640 3565//3565
f 3265//3265 3314//3314 2205//2205
f 3629//3629 3580//3580 3565//3565
f 3629//3629 3565//3565 3580//3580
f 95//95 87//87 91//91
f 95//95 91//91 87//87
f 537//537 543//543 517//517
f 2185//2185 2275//2275 2295//2295
f 944//944 876//876 924//924
f 3640//3640 3628//3628 3565//3565
f 3640//3640 3565//3565 3628//3628
f 1788//1788 1807//1807 1789//1789
f 1496//1496 1397//1397 1516//1516
f 29//29 28//28 32//32
f 3640//3640 3565//3565 3628//3628
f 3640//3640 3628//3628 3565//3565
f 283//283 228//228 299//299
f 678//678 657//657 636//636
f 3591//3591 3608//3608 3533//3533
f 3648//3648 3709//3709 3608//3608
f 2451//2451 2630//2630 2562//2562
f 3571//3571 3630//3630 3577//3577
f 1520//1520 1526//1526 1516//1516
f 1658//1658 1437//1437 1223//1223
f 1135//1135 1189//1189 1145//1145
f 1838//1838 693//693 300//300
f 1905//1905 1945//1945 1963//1963
f 207//207 283//283 155//155
f 2697//2697 2593//2593 2716//2716
f 687//687 657//657 647//647
f 2714//2714 2414//2414 2630//2630
f 3587//3587 3589//3589 3643//3643
f 924//924 916//916 952//952
f 3629//3629 3640//3640 3580//3580
f 2635//2635 2790//2790 2662//2662
f 3377//3377 3177//3177 3461//3461
f 3377//3377 3461//3461 3177//3177
f 3417//3417 3342//3342 3413//3413
f 1849//1849 1600//1600 2249//2249
f 1106//1106 1012//1012 1104//1104
f 3610//3610 3606//3606 3821//3821
f 1619//1619 2467//2467 1612//1612
f 250//250 265//265 282//282
f 3060//3060 3175//3175 3173//3173
f 2714//2714 2904//2904 2841//2841
f 2414//2414 2194//2194 2403//2403
f 3780//3780 3774//3774 3815//3815
f 3780//3780 3815//3815 3774//3774
f 3451//3451 3874//3874 3488//3488
f 1326//1326 1295//1295 1224//1224
f 3780//3780 3794//3794 3815//3815
f 1536//1536 1437//1437 1604//1604
f 2239//2239 2287//2287 2193//2193
f 2239//2239 2193//2193 2287//2287
f 3411//3411 3462//3462 3457//3457
f 3448//3448 3263//3263 3337//3337
f 3007//3007 2924//2924 3005//3005
f 3761//3761 3788//3788 3819//3819
f 3761//3761 3819//3819 3788//3788
f 2424//2424 2307//2307 2320//2320
f 3471//3471 3467//3467 3433//3433
f 3405//3405 3381//3381 3330//3330
f 3868//3868 3923//3923 3885//3885
f 1603//1603 1350//1350 1552//1552
f 2526//2526 2501//2501 2554//2554
f 2649//2649 2791//2791 2778//2778
f 3624//3624 3648//3648 3547//3547
f 3624//3624 3547//3547 3648//3648
f 2757//2757 2890//2890 2800//2800
f 3898//3898 3931//3931 3921//3921
f 3610//3610 3547//3547 3648//3648
f 3610//3610 3648//3648 3547//3547
f 1775//1775 1911//1911 1900//1900
f 1678//1678 1737//1737 1315//1315
f 3624//3624 3547//3547 3606//3606
f 3624//3624 3606//3606 3547//3547
f 3379//3379 3277//3277 3346//3346
f 1599//1599 1726//1726 1654//1654
f 415//415 394//394 433//433
f 3610//3610 3606//3606 3547//3547
f 3610//3610 3547//3547 3606//3606
f 798//798 940//940 840//840
f 2232//2232 2347//2347 2382//2382
f 3984//3984 3983//3983 3962//3962
f 2007//2007 2673//2673 2273//2273
f 3579//3579 3596//3596 3541//3541
f 2405//2405 2687//2687 2447//2447
f 2076//2076 2119//2119 2186//2186
f 3541//3541 3579//3579 3642//3642
f 1139//1139 1115//1115 1147//1147
f 2302//2302 1065//1065 520//520
f 580//580 525//525 451//451
f 2364//2364 2379//2379 2698//2698
f 799//799 697//697 718//718
f 2117//2117 2163//2163 2102//2102
f 121//121 67//67 137//137
f 3713//3713 3597//3597 3619//3619
f 3597//3597 3713//3713 3619//3619
f 1905//1905 1824//1824 1950//1950
f 3537//3537 680//680 3563//3563
f 962//962 979//979 972//972
f 3597//3597 3619//3619 3713//3713
f 3750//3750 3752//3752 3754//3754
f 2082//2082 1650//1650 2031//2031
f 2082//2082 2031//2031 1650//1650
f 1158//1158 1162//1162 1209//1209
f 3754//3754 3752//3752 3757//3757
f 8//8 11//11 24//24
f 3750//3750 3754//3754 3757//3757
f 3369//3369 3358//3358 3317//3317
f 1380//1380 1273//1273 1328//1328
f 1683//1683 1713//1713 1921//1921
f 1380//1380 1328//1328 1273//1273
f 693//693 987//987 1664//1664
f 3429//3429 3362//3362 3359//3359
f 3741//3741 3757//3757 3752//3752
f 185//185 146//146 267//267
f 1052//1052 1121//1121 1692//1692
f 909//909 906//906 908//908
f 3741//3741 3752//3752 3750//3750
f 3728//3728 3750//3750 3757//3757
f 1129//1129 1112//1112 1146//1146
f 3741//3741 3728//3728 3754//3754
f 1224//1224 1189//1189 1162//1162
f 3728//3728 3757//3757 3754//3754
f 3741//3741 3754//3754 3757//3757
f 2041//2041 1852//1852 1847//1847
f 2511//2511 2534//2534 2581//2581
f 2284//2284 2281//2281 2257//2257
f 2069//2069 2075//2075 2179//2179
f 457//457 683//683 1045//1045
f 2418//2418 2252//2252 2431//2431
f 3747//3747 3757//3757 3758//3758
f 3747//3747 3758//3758 3757//3757
f 3597//3597 3522//3522 3538//3538
f 3597//3597 3538//3538 3522//3522
f 1702//1702 1740//1740 1693//1693
f 3210//3210 3595//3595 3297//3297
f 2343//2343 1547//1547 2260//2260
f 3597//3597 3619//3619 3538//3538
f 2830//2830 2744//2744 2819//2819
f 2509//2509 2444//2444 2443//2443
f 2509//2509 2443//2443 2444//2444
f 3513//3513 3538//3538 3619//3619
f 3597//3597 3522//3522 3619//3619
f 2447//2447 2735//2735 2511//2511
f 2329//2329 2621//2621 1989//1989
f 3522//3522 3538//3538 3513//3513
f 1180//1180 1209//1209 1189//1189
f 3555//3555 3553//3553 3539//3539
f 1138//1138 1218//1218 1157//1157
f 1070//1070 1079//1079 855//855
f 3356//3356 3367//3367 3351//3351
f 3356//3356 3351//3351 3367//3367
f 3410//3410 3426//3426 3420//3420
f 894//894 958//958 896//896
f 698//698 701//701 690//690
f 3161//3161 3130//3130 3121//3121
f 2526//2526 2554//2554 2051//2051
f 3444//3444 3427//3427 3399//3399
f 1837//1837 1772//1772 2077//2077
f 2759//2759 2740//2740 2631//2631
f 3301//3301 3307//3307 3380//3380
f 1450//1450 1501//1501 1309//1309
f 2529//2529 2940//2940 1744//1744
f 1775//1775 1709//1709 1765//1765
f 3476//3476 3157//3157 2467//2467
f 1444//1444 1384//1384 1447//1447
f 770//770 744//744 802//802
f 3550//3550 3527//3527 3513//3513
f 806//806 738//738 784//784
f 1135//1135 1174//1174 1209//1209
f 1433//1433 1332//1332 1425//1425
f 1183//1183 1213//1213 1170//1170
f 549//549 535//535 458//458
f 625//625 545//545 528//528
f 2299//2299 2410//2410 2327//2327
f 2733//2733 1919//1919 1838//1838
f 1265//1265 1239//1239 1465//1465
f 17//17 96//96 136//136
f 3082//3082 2820//2820 3066//3066
f 2835//2835 3021//3021 2863//2863
f 1158//1158 1162//1162 1140//1140
f 1139//1139 1151//1151 1145//1145
f 1139//1139 1145//1145 1151//1151
f 3872//3872 3861//3861 3829//3829
f 1506//1506 1526//1526 1516//1516
f 1811//1811 1787//1787 1791//1791
f 2346//2346 2395//2395 2183//2183
f 77//77 49//49 44//44
f 3993//3993 3969//3969 3996//3996
f 722//722 743//743 720//720
f 344//344 236//236 385//385
f 1261//1261 1344//1344 1434//1434
f 1163//1163 1175//1175 1154//1154
f 3401//3401 3339//3339 3440//3440
f 932//932 930//930 933//933
f 3246//3246 3229//3229 3223//3223
f 3246//3246 3223//3223 3229//3229
f 3626//3626 747//747 708//708
f 3817//3817 3841//3841 3847//3847
f 3817//3817 3847//3847 3841//3841
f 418//418 478//478 374//374
f 418//418 374//374 478//478
f 2416//2416 2427//2427 2474//2474
f 914//914 961//961 969//969
f 3817//3817 3847//3847 3853//3853
f 3843//3843 3699//3699 3634//3634
f 3817//3817 3841//3841 3847//3847
f 2180//2180 2323//2323 2278//2278
f 2517//2517 2323//2323 2393//2393
f 2277//2277 2197//2197 2264//2264
f 1409//1409 1496//1496 1309//1309
f 1647//1647 1797//1797 1712//1712
f 2530//2530 2531//2531 2437//2437
f 2840//2840 2824//2824 2819//2819
f 2840//2840 2819//2819 2824//2824
f 3926//3926 3874//3874 3886//3886
f 2679//2679 2367//2367 2750//2750
f 1318//1318 1414//1414 1365//1365
f 3265//3265 3335//3335 3314//3314
f 3110//3110 3093//3093 3044//3044
f 2003//2003 2134//2134 2087//2087
f 8//8 1635//1635 1812//1812
f 2830//2830 2840//2840 2846//2846
f 3295//3295 3332//3332 3099//3099
f 850//850 842//842 817//817
f 1380//1380 1443//1443 1492//1492
f 976//976 944//944 979//979
f 3089//3089 2898//2898 2933//2933
f 13//13 5//5 96//96
f 1786//1786 2016//2016 2054//2054
f 1916//1916 1947//1947 2066//2066
f 770//770 819//819 853//853
f 770//770 853//853 819//819
f 1299//1299 1872//1872 1339//1339
f 726//726 379//379 530//530
f 1182//1182 1156//1156 1272//1272
f 95//95 98//98 88//88
f 3440//3440 3417//3417 3430//3430
f 3112//3112 3151//3151 3182//3182
f 3306//3306 3339//3339 3369//3369
f 271//271 431//431 241//241
f 1687//1687 1725//1725 1728//1728
f 1523//1523 1588//1588 1694//1694
f 2408//2408 2154//2154 1715//1715
f 897//897 903//903 866//866
f 3522//3522 3499//3499 3513//3513
f 1405//1405 1835//1835 1615//1615
f 2443//2443 2445//2445 2602//2602
f 786//786 799//799 788//788
f 2061//2061 2428//2428 2169//2169
f 184//184 181//181 180//180
f 3339//3339 3281//3281 3375//3375
f 890//890 852//852 834//834
f 3817//3817 3805//3805 3841//3841
f 480//480 527//527 503//503
f 480//480 503//503 527//527
f 3817//3817 3841//3841 3805//3805
f 1011//1011 1253//1253 847//847
f 59//59 61//61 103//103
f 3185//3185 3130//3130 3302//3302
f 800//800 796//796 723//723
f 2133//2133 1811//1811 1730//1730
f 3540//3540 3518//3518 3545//3545
f 1630//1630 1457//1457 1522//1522
f 2586//2586 2728//2728 2492//2492
f 3540//3540 3545//3545 3518//3518
f 1252//1252 1184//1184 1254//1254
f 1628//1628 1359//1359 1487//1487
f 2129//2129 2213//2213 2206//2206
f 2031//2031 1650//1650 1973//1973
f 3652//3652 3483//3483 3481//3481
f 3833//3833 3815//3815 3852//3852
f 1143//1143 1140//1140 1172//1172
f 1380//1380 1273//1273 1377//1377
f 909//909 932//932 906//906
f 3161//3161 3006//3006 3000//3000
f 1614//1614 1300//1300 1624//1624
f 2380//2380 2306//2306 2367//2367
f 2252//2252 2270//2270 2195//2195
f 1931//1931 2023//2023 1976//1976
f 937//937 947//947 887//887
f 2495//2495 2943//2943 2954//2954
f 2919//2919 2963//2963 2964//2964
f 328//328 337//337 373//373
f 2895//2895 3129//3129 2910//2910
f 3833//3833 3858//3858 3852//3852
f 2661//2661 2663//2663 2625//2625
f 2661//2661 2625//2625 2663//2663
f 1825//1825 2093//2093 1890//1890
f 2001//2001 2141//2141 2115//2115
f 3819//3819 3852//3852 3855//3855
f 3087//3087 3226//3226 3150//3150
f 1019//1019 1144//1144 1047//1047
f 1019//1019 1047//1047 1144//1144
f 999//999 1049//1049 1009//1009
f 2331//2331 2403//2403 2414//2414
f 1838//1838 300//300 938//938
f 938//938 300//300 709//709
f 3858//3858 3862//3862 3855//3855
f 2451//2451 2342//2342 2403//2403
f 3855//3855 3862//3862 3858//3858
f 2356//2356 2327//2327 2375//2375
f 668//668 768//768 651//651
f 572//572 531//531 491//491
f 1433//1433 2311//2311 3056//3056
f 2220//2220 2200//2200 1804//1804
f 63//63 117//117 114//114
f 957//957 925//925 904//904
f 324//324 341//341 329//329
f 3855//3855 3858//3858 3833//3833
f 632//632 599//599 600//600
f 2533//2533 2662//2662 2790//2790
f 1550//1550 1539//1539 1535//1535
f 2991//2991 3146//3146 2833//2833
f 3038//3038 3067//3067 3052//3052
f 1325//1325 1336//1336 1494//1494
f 401//401 427//427 366//366
f 786//786 672//672 711//711
f 273//273 341//341 279//279
f 543//543 537//537 557//557
f 2903//2903 2900//2900 3099//3099
f 686//686 570//570 521//521
f 1724//1724 1695//1695 1784//1784
f 1164//1164 1241//1241 1185//1185
f 3833//3833 3819//3819 3855//3855
f 1571//1571 2042//2042 1647//1647
f 3289//3289 3263//3263 2916//2916
f 865//865 799//799 881//881
f 2078//2078 2027//2027 2000//2000
f 3005//3005 2819//2819 3164//3164
f 3005//3005 3164//3164 2819//2819
f 3833//3833 3852//3852 3819//3819
f 902//902 914//914 872//872
f 1703//1703 1543//1543 1651//1651
f 2977//2977 2973//2973 3006//3006
f 2977//2977 3006//3006 2973//2973
f 3250//3250 3359//3359 3332//3332
f 3250//3250 3332//3332 3359//3359
f 1644//1644 1595//1595 1610//1610
f 1604//1604 1511//1511 1500//1500
f 2131//2131 2034//2034 2111//2111
f 1862//1862 1594//1594 1654//1654
f 1828//1828 1718//1718 1768//1768
f 2630//2630 2414//2414 2459//2459
f 3833//3833 3855//3855 3852//3852
f 1387//1387 1269//1269 1335//1335
f 1577//1577 1551//1551 1615//1615
f 1933//1933 2205//2205 2018//2018
f 955//955 979//979 966//966
f 3220//3220 3096//3096 3135//3135
f 3220//3220 3135//3135 3096//3096
f 3506//3506 3449//3449 3512//3512
f 631//631 700//700 656//656
f 2616//2616 3093//3093 2349//2349
f 3092//3092 2977//2977 3006//3006
f 1344//1344 1438//1438 1434//1434
f 2001//2001 2268//2268 2113//2113
f 3221//3221 3370//3370 3225//3225
f 3221//3221 3225//3225 3370//3370
f 1790//1790 2173//2173 2176//2176
f 3442//3442 3441//3441 3452//3452
f 3442//3442 3452//3452 3441//3441
f 16//16 15//15 152//152
f 2069//2069 2179//2179 2075//2075
f 698//698 676//676 667//667
f 3099//3099 3120//3120 3206//3206
f 2028//2028 1905//1905 2015//2015
f 2202//2202 2003//2003 1997//1997
f 2852//2852 2867//2867 2649//2649
f 2070//2070 2178//2178 2095//2095
f 812//812 824//824 905//905
f 884//884 882//882 859//859
f 692//692 679//679 676//676
f 3374//3374 2767//2767 3012//3012
f 1028//1028 1116//1116 1076//1076
f 659//659 692//692 676//676
f 1100//1100 922//922 1005//1005
f 659//659 667//667 676//676
f 659//659 676//676 667//667
f 667//667 676//676 679//679
f 722//722 684//684 720//720
f 667//667 690//690 701//701
f 667//667 701//701 690//690
f 2202//2202 2023//2023 2134//2134
f 692//692 696//696 701//701
f 667//667 701//701 696//696
f 692//692 667//667 696//696
f 3637//3637 3576//3576 3590//3590
f 971//971 930//930 935//935
f 722//722 725//725 721//721
f 722//722 721//721 725//725
f 692//692 688//688 667//667
f 667//667 706//706 703//703
f 3395//3395 3320//3320 3388//3388
f 667//667 688//688 706//706
f 1899//1899 1799//1799 1783//1783
f 258//258 449//449 253//253
f 3023//3023 3165//3165 2826//2826
f 882//882 875//875 879//879
f 882//882 879//879 875//875
f 2460//2460 2521//2521 2496//2496
f 2460//2460 2496//2496 2521//2521
f 850//850 817//817 775//775
f 850//850 775//775 817//817
f 1036//1036 1310//1310 1017//1017
f 2000//2000 1929//1929 1808//1808
f 414//414 606//606 504//504
f 3151//3151 3241//3241 3320//3320
f 1837//1837 1819//1819 1883//1883
f 323//323 314//314 332//332
f 1994//1994 2107//2107 2063//2063
f 2054//2054 2029//2029 2300//2300
f 473//473 419//419 477//477
f 774//774 672//672 664//664
f 120//120 111//111 113//113
f 2769//2769 3058//3058 2797//2797
f 2769//2769 2797//2797 3058//3058
f 942//942 940//940 933//933
f 2906//2906 2471//2471 2853//2853
f 210//210 283//283 239//239
f 2356//2356 2375//2375 2410//2410
f 3439//3439 3371//3371 3359//3359
f 786//786 746//746 730//730
f 3371//3371 3429//3429 3359//3359
f 2240//2240 2197//2197 2083//2083
f 719//719 729//729 840//840
f 719//719 840//840 729//729
f 1779//1779 1343//1343 1305//1305
f 1765//1765 1709//1709 1653//1653
f 2272//2272 2253//2253 2159//2159
f 720//720 724//724 727//727
f 2266//2266 2255//2255 2290//2290
f 3879//3879 3967//3967 3916//3916
f 1406//1406 1596//1596 1700//1700
f 2852//2852 2748//2748 2759//2759
f 778//778 707//707 845//845
f 191//191 275//275 294//294
f 1450//1450 1357//1357 1392//1392
f 1763//1763 1911//1911 1775//1775
f 1447//1447 1396//1396 1420//1420
f 3177//3177 3191//3191 3054//3054
f 763//763 844//844 779//779
f 3426//3426 3413//3413 3420//3420
f 2805//2805 2842//2842 2758//2758
f 2069//2069 2321//2321 2179//2179
f 1763//1763 1680//1680 2042//2042
f 1785//1785 1969//1969 1881//1881
f 131//131 153//153 193//193
f 2014//2014 2037//2037 2002//2002
f 2414//2414 2466//2466 2456//2456
f 3011//3011 2984//2984 3069//3069
f 3250//3250 3224//3224 3081//3081
f 2904//2904 2788//2788 2735//2735
f 607//607 521//521 463//463
f 3262//3262 3135//3135 3166//3166
f 108//108 111//111 116//116
f 1627//1627 1636//1636 1597//1597
f 3447//3447 3427//3427 3390//3390
f 1825//1825 1784//1784 1831//1831
f 2008//2008 2524//2524 2454//2454
f 1647//1647 1799//1799 2042//2042
f 1647//1647 2042//2042 1799//1799
f 386//386 388//388 374//374
f 1658//1658 1640//1640 1698//1698
f 3156//3156 3142//3142 2950//2950
f 3156//3156 2950//2950 3142//3142
f 1247//1247 620//620 801//801
f 3952//3952 3933//3933 3970//3970
f 649//649 721//721 725//725
f 641//641 673//673 674//674
f 1668//1668 2717//2717 3138//3138
f 694//694 655//655 627//627
f 1975//1975 1971//1971 1924//1924
f 952//952 916//916 881//881
f 306//306 446//446 291//291
f 2880//2880 2728//2728 2841//2841
f 502//502 603//603 396//396
f 120//120 108//108 126//126
f 663//663 638//638 671//671
f 2906//2906 2738//2738 2851//2851
f 853//853 816//816 863//863
f 864//864 816//816 863//863
f 1071//1071 1036//1036 597//597
f 770//770 816//816 853//853
f 967//967 957//957 933//933
f 1025//1025 1004//1004 1046//1046
f 958//958 911//911 959//959
f 2873//2873 3498//3498 3770//3770
f 884//884 875//875 887//887
f 2414//2414 2466//2466 2353//2353
f 2414//2414 2353//2353 2466//2466
f 884//884 887//887 882//882
f 409//409 399//399 447//447
f 2462//2462 2862//2862 2631//2631
f 1355//1355 1271//1271 1199//1199
f 920//920 933//933 930//930
f 882//882 875//875 878//878
f 882//882 878//878 875//875
f 1644//1644 1845//1845 1632//1632
f 2285//2285 2489//2489 2488//2488
f 2410//2410 2375//2375 2327//2327
f 882//882 875//875 880//880
f 2673//2673 2770//2770 2487//2487
f 195//195 235//235 183//183
f 1189//1189 1140//1140 1162//1162
f 3043//3043 3433//3433 3467//3467
f 786//786 697//697 788//788
f 786//786 788//788 697//697
f 3215//3215 3254//3254 3217//3217
f 2325//2325 2257//2257 2206//2206
f 16//16 154//154 14//14
f 2097//2097 2013//2013 2197//2197
f 1147//1147 1219//1219 1175//1175
f 2041//2041 2158//2158 2149//2149
f 1559//1559 1665//1665 1647//1647
f 106//106 174//174 115//115
f 97//97 91//91 30//30
f 2195//2195 2064//2064 2013//2013
f 3007//3007 2999//2999 2904//2904
f 1115//1115 1142//1142 1147//1147
f 2421//2421 2993//2993 2371//2371
f 3112//3112 3241//3241 3151//3151
f 50//50 30//30 95//95
f 2073//2073 2103//2103 1953//1953
f 2488//2488 2212//2212 1583//1583
f 1767//1767 1889//1889 1800//1800
f 131//131 55//55 125//125
f 920//920 932//932 912//912
f 1559//1559 1571//1571 1647//1647
f 272//272 268//268 308//308
f 920//920 930//930 932//932
f 2992//2992 3009//3009 2913//2913
f 2221//2221 2349//2349 3093//3093
f 1397//1397 1309//1309 1219//1219
f 1349//1349 1443//1443 1373//1373
f 687//687 647//647 636//636
f 160//160 39//39 161//161
f 2845//2845 2841//2841 2449//2449
f 405//405 398//398 402//402
f 1763//1763 1799//1799 408//408
f 1204//1204 1208//1208 1199//1199
f 282//282 336//336 332//332
f 1069//1069 1088//1088 1096//1096
f 2451//2451 2449//2449 2684//2684
f 1084//1084 1089//1089 1044//1044
f 1851//1851 1856//1856 1848//1848
f 3482//3482 3504//3504 3802//3802
f 3021//3021 3039//3039 2992//2992
f 1366//1366 1638//1638 1642//1642
f 924//924 956//956 944//944
f 3143//3143 3200//3200 3350//3350
f 2931//2931 2701//2701 3169//3169
f 85//85 82//82 253//253
f 2356//2356 2424//2424 2375//2375
f 2356//2356 2375//2375 2424//2424
f 427//427 4037//4037 2643//2643
f 1837//1837 1751//1751 1640//1640
f 1411//1411 1337//1337 1406//1406
f 2604//2604 2649//2649 2603//2603
f 2604//2604 2603//2603 2649//2649
f 937//937 887//887 875//875
f 3909//3909 3838//3838 3898//3898
f 178//178 220//220 143//143
f 636//636 647//647 684//684
f 2068//2068 2111//2111 2159//2159
f 2553//2553 2648//2648 2566//2566
f 890//890 852//852 834//834
f 2127//2127 2383//2383 2214//2214
f 2273//2273 2194//2194 2342//2342
f 3687//3687 3900//3900 3911//3911
f 617//617 656//656 623//623
f 770//770 909//909 864//864
f 661//661 740//740 694//694
f 661//661 694//694 740//740
f 318//318 444//444 340//340
f 698//698 696//696 701//701
f 2818//2818 2772//2772 2802//2802
f 710//710 1186//1186 645//645
f 698//698 690//690 676//676
f 676//676 690//690 701//701
f 3506//3506 3512//3512 3708//3708
f 698//698 676//676 679//679
f 698//698 679//679 676//676
f 3278//3278 3377//3377 3344//3344
f 656//656 692//692 676//676
f 656//656 676//676 692//692
f 1520//1520 1516//1516 1496//1496
f 955//955 883//883 902//902
f 955//955 902//902 883//883
f 1275//1275 1219//1219 1142//1142
f 2636//2636 2326//2326 2632//2632
f 2636//2636 2632//2632 2326//2326
f 1245//1245 1356//1356 1320//1320
f 1419//1419 1659//1659 1730//1730
f 726//726 670//670 794//794
f 187//187 267//267 284//284
f 3407//3407 3341//3341 3345//3345
f 3454//3454 3406//3406 3450//3450
f 2350//2350 2546//2546 2697//2697
f 409//409 421//421 343//343
f 3938//3938 3955//3955 3991//3991
f 722//722 720//720 721//721
f 902//902 870//870 772//772
f 95//95 30//30 91//91
f 1862//1862 1654//1654 1813//1813
f 991//991 1047//1047 1028//1028
f 705//705 719//719 702//702
f 2947//2947 2893//2893 3205//3205
f 1068//1068 612//612 709//709
f 726//726 405//405 803//803
f 1654//1654 1718//1718 1864//1864
f 2714//2714 2647//2647 2449//2449
f 367//367 391//391 353//353
f 3465//3465 3429//3429 3452//3452
f 686//686 1054//1054 662//662
f 97//97 110//110 194//194
f 85//85 185//185 80//80
f 2749//2749 2279//2279 1932//1932
f 3400//3400 3371//3371 3359//3359
f 3239//3239 3358//3358 3227//3227
f 3375//3375 3417//3417 3413//3413
f 1325//1325 1360//1360 1481//1481
f 948//948 884//884 882//882
f 85//85 80//80 185//185
f 2370//2370 2475//2475 2442//2442
f 138//138 82//82 89//89
f 654//654 702//702 722//722
f 398//398 400//400 468//468
f 2805//2805 2850//2850 2839//2839
f 2805//2805 2839//2839 2850//2850
f 1975//1975 1995//1995 1971//1971
f 1975//1975 1971//1971 1995//1995
f 452//452 454//454 456//456
f 996//996 1001//1001 994//994
f 2204//2204 2331//2331 2487//2487
f 2195//2195 2236//2236 2269//2269
f 1682//1682 1922//1922 1625//1625
f 2242//2242 2232//2232 1542//1542
f 106//106 77//77 150//150
f 86//86 222//222 170//170
f 722//722 684//684 743//743
f 1172//1172 1235//1235 1202//1202
f 3581//3581 3595//3595 3669//3669
f 3581//3581 3669//3669 3595//3595
f 3366//3366 3410//3410 3365//3365
f 2388//2388 2345//2345 2477//2477
f 848//848 921//921 835//835
f 848//848 835//835 921//921
f 585//585 594//594 588//588
f 2443//2443 2418//2418 2431//2431
f 1171//1171 1317//1317 1395//1395
f 2346//2346 2369//2369 2243//2243
f 2636//2636 2645//2645 2625//2625
f 2636//2636 2625//2625 2645//2645
f 2031//2031 1799//1799 1912//1912
f 2806//2806 2786//2786 2752//2752
f 3434//3434 3329//3329 3271//3271
f 885//885 958//958 894//894
f 719//719 669//669 702//702
f 2668//2668 2635//2635 2662//2662
f 267//267 146//146 460//460
f 1782//1782 1901//1901 1888//1888
f 845//845 859//859 858//858
f 845//845 858//858 862//862
f 1340//1340 1386//1386 1331//1331
f 845//845 862//862 826//826
f 1492//1492 1541//1541 1547//1547
f 3268//3268 2952//2952 2623//2623
f 3333//3333 3357//3357 3320//3320
f 1707//1707 2095//2095 1584//1584
f 1707//1707 1584//1584 2095//2095
f 1086//1086 1046//1046 1112//1112
f 2684//2684 2599//2599 2449//2449
f 1140//1140 1162//1162 1291//1291
f 1199//1199 1271//1271 1318//1318
f 715//715 763//763 856//856
f 856//856 763//763 832//832
f 2388//2388 2395//2395 2453//2453
f 957//957 920//920 925//925
f 1778//1778 1810//1810 1809//1809
f 1778//1778 1809//1809 1810//1810
f 786//786 713//713 697//697
f 786//786 697//697 713//713
f 815//815 832//832 779//779
f 2830//2830 2846//2846 2833//2833
f 770//770 816//816 864//864
f 770//770 864//864 816//816
f 909//909 863//863 864//864
f 2522//2522 2203//2203 2303//2303
f 786//786 697//697 799//799
f 1128//1128 1146//1146 1150//1150
f 2170//2170 1802//1802 2799//2799
f 770//770 864//864 863//863
f 640//640 721//721 649//649
f 770//770 863//863 909//909
f 44//44 43//43 64//64
f 2017//2017 1940//1940 1960//1960
f 1148//1148 1080//1080 1122//1122
f 1975//1975 1935//1935 1719//1719
f 1724//1724 1768//1768 1747//1747
f 3205//3205 3230//3230 3421//3421
f 2460//2460 2416//2416 2543//2543
f 3170//3170 3293//3293 3327//3327
f 1138//1138 1140//1140 1174//1174
f 2426//2426 2614//2614 1190//1190
f 2818//2818 2802//2802 2860//2860
f 2026//2026 1992//1992 1986//1986
f 1751//1751 1698//1698 1640//1640
f 3302//3302 3281//3281 3339//3339
f 836//836 843//843 830//830
f 3137//3137 3123//3123 3174//3174
f 2489//2489 524//524 562//562
f 2405//2405 2492//2492 2687//2687
f 1639//1639 1660//1660 1633//1633
f 1639//1639 1633//1633 1660//1660
f 1450//1450 1661//1661 1653//1653
f 2852//2852 2759//2759 2850//2850
f 1847//1847 1818//1818 1854//1854
f 809//809 723//723 730//730
f 75//75 82//82 80//80
f 865//865 877//877 810//810
f 715//715 856//856 815//815
f 3660//3660 3722//3722 3729//3729
f 3660//3660 3729//3729 3722//3722
f 2121//2121 2049//2049 2098//2098
f 199//199 198//198 183//183
f 935//935 942//942 930//930
f 831//831 913//913 886//886
f 1080//1080 1078//1078 1018//1018
f 355//355 343//343 308//308
f 217//217 230//230 206//206
f 715//715 779//779 815//815
f 1355//1355 1733//1733 1563//1563
f 1998//1998 2156//2156 2075//2075
f 1138//1138 1157//1157 1139//1139
f 1723//1723 1638//1638 1642//1642
f 1433//1433 1744//1744 1423//1423
f 750//750 821//821 888//888
f 937//937 875//875 917//917
f 3242//3242 3160//3160 2825//2825
f 2026//2026 2038//2038 2118//2118
f 1381//1381 1390//1390 1335//1335
f 3005//3005 2833//2833 2991//2991
f 2886//2886 3661//3661 3441//3441
f 3405//3405 3426//3426 3358//3358
f 823//823 820//820 888//888
f 351//351 500//500 455//455
f 654//654 720//720 684//684
f 2935//2935 3143//3143 2945//2945
f 845//845 783//783 707//707
f 1723//1723 1763//1763 1765//1765
f 1271//1271 1234//1234 1201//1201
f 818//818 821//821 789//789
f 204//204 108//108 116//116
f 2130//2130 1914//1914 2105//2105
f 892//892 887//887 875//875
f 726//726 577//577 670//670
f 330//330 300//300 287//287
f 330//330 287//287 300//300
f 130//130 127//127 113//113
f 1905//1905 1963//1963 1893//1893
f 1218//1218 1228//1228 1188//1188
f 976//976 956//956 944//944
f 953//953 925//925 904//904
f 2346//2346 2477//2477 2395//2395
f 955//955 960//960 902//902
f 955//955 902//902 960//960
f 1425//1425 1332//1332 1428//1428
f 2731//2731 3040//3040 2773//2773
f 4040//4040 4043//4043 4044//4044
f 2882//2882 3238//3238 3116//3116
f 2371//2371 2166//2166 1527//1527
f 1711//1711 1655//1655 1299//1299
f 2654//2654 2628//2628 2627//2627
f 2654//2654 2627//2627 2628//2628
f 3131//3131 3091//3091 3078//3078
f 2097//2097 2109//2109 2139//2139
f 2026//2026 2031//2031 2042//2042
f 3359//3359 3429//3429 3400//3400
f 1254//1254 1271//1271 1328//1328
f 1661//1661 1465//1465 1672//1672
f 845//845 805//805 757//757
f 845//845 757//757 805//805
f 600//600 593//593 599//599
f 656//656 623//623 617//617
f 463//463 521//521 444//444
f 3716//3716 3726//3726 3722//3722
f 3716//3716 3722//3722 3726//3726
f 1658//1658 1819//1819 1883//1883
f 845//845 757//757 773//773
f 678//678 636//636 752//752
f 2238//2238 2217//2217 2362//2362
f 2238//2238 2362//2362 2217//2217
f 3984//3984 4042//4042 4008//4008
f 164//164 149//149 223//223
f 164//164 223//223 149//149
f 324//324 351//351 334//334
f 2805//2805 2759//2759 2748//2748
f 1964//1964 1987//1987 1972//1972
f 1964//1964 1972//1972 1987//1987
f 183//183 235//235 267//267
f 2005//2005 2030//2030 1655//1655
f 3030//3030 3067//3067 3029//3029
f 623//623 589//589 594//594
f 1570//1570 1747//1747 1421//1421
f 3110//3110 2761//2761 2221//2221
f 1570//1570 1421//1421 1747//1747
f 2347//2347 2260//2260 2343//2343
f 2435//2435 2224//2224 2357//2357
f 1351//1351 1387//1387 1705//1705
f 773//773 805//805 845//845
f 2138//2138 2124//2124 1954//1954
f 1214//1214 1097//1097 1021//1021
f 311//311 407//407 325//325
f 2267//2267 2388//2388 2458//2458
f 753//753 784//784 787//787
f 753//753 787//787 784//784
f 512//512 503//503 488//488
f 1398//1398 1515//1515 1534//1534
f 1548//1548 1503//1503 1480//1480
f 2181//2181 2227//2227 2114//2114
f 3358//3358 3312//3312 3340//3340
f 3358//3358 3340//3340 3312//3312
f 3359//3359 3361//3361 3400//3400
f 3408//3408 3350//3350 3429//3429
f 2026//2026 1992//1992 1986//1986
f 1101//1101 1120//1120 2595//2595
f 1693//1693 2529//2529 1352//1352
f 3004//3004 2937//2937 2899//2899
f 1634//1634 1620//1620 1697//1697
f 1634//1634 1697//1697 1620//1620
f 3333//3333 3210//3210 3279//3279
f 3333//3333 3279//3279 3210//3210
f 3607//3607 3488//3488 3874//3874
f 1959//1959 2032//2032 1955//1955
f 2994//2994 1410//1410 2657//2657
f 1346//1346 1498//1498 1781//1781
f 2353//2353 2594//2594 2406//2406
f 2651//2651 2810//2810 2345//2345
f 1368//1368 1338//1338 1412//1412
f 2350//2350 2243//2243 2346//2346
f 2350//2350 2346//2346 2243//2243
f 812//812 834//834 824//824
f 1243//1243 1450//1450 1309//1309
f 888//888 820//820 825//825
f 888//888 825//825 820//820
f 3008//3008 1297//1297 1351//1351
f 1150//1150 1141//1141 1149//1149
f 967//967 968//968 920//920
f 750//750 818//818 820//820
f 2403//2403 2449//2449 2770//2770
f 888//888 820//820 823//823
f 750//750 888//888 818//818
f 3625//3625 3699//3699 3637//3637
f 1481//1481 1623//1623 1360//1360
f 3453//3453 3457//3457 3424//3424
f 3005//3005 2991//2991 3245//3245
f 1941//1941 1951//1951 1943//1943
f 1941//1941 1943//1943 1951//1951
f 2553//2553 2300//2300 2500//2500
f 2740//2740 2781//2781 2801//2801
f 2912//2912 2654//2654 2859//2859
f 3430//3430 3330//3330 3366//3366
f 895//895 920//920 888//888
f 2779//2779 2653//2653 2777//2777
f 1642//1642 1647//1647 1638//1638
f 715//715 856//856 844//844
f 3289//3289 2699//2699 2970//2970
f 2903//2903 2985//2985 2895//2895
f 2961//2961 2756//2756 2905//2905
f 1176//1176 1268//1268 1245//1245
f 154//154 16//16 152//152
f 824//824 755//755 700//700
f 654//654 684//684 722//722
f 3473//3473 3479//3479 3372//3372
f 896//896 832//832 858//858
f 896//896 858//858 832//832
f 864//864 900//900 930//930
f 864//864 930//930 900//900
f 1218//1218 1188//1188 1163//1163
f 664//664 654//654 684//684
f 2493//2493 2438//2438 2457//2457
f 1552//1552 1266//1266 1614//1614
f 3160//3160 2842//2842 3227//3227
f 2285//2285 514//514 510//510
f 264//264 152//152 154//154
f 2769//2769 2792//2792 2855//2855
f 1492//1492 1505//1505 1560//1560
f 3092//3092 3239//3239 3302//3302
f 1886//1886 1897//1897 1873//1873
f 3097//3097 3161//3161 3006//3006
f 1348//1348 1332//1332 1321//1321
f 726//726 314//314 370//370
f 2843//2843 2645//2645 2663//2663
f 3472//3472 3319//3319 3494//3494
f 895//895 933//933 932//932
f 3252//3252 3275//3275 3149//3149
f 1565//1565 1265//1265 1590//1590
f 3049//3049 3067//3067 3030//3030
f 2320//2320 2283//2283 2327//2327
f 692//692 659//659 676//676
f 656//656 659//659 692//692
f 624//624 610//610 634//634
f 1903//1903 1810//1810 1933//1933
f 1223//1223 1158//1158 1157//1157
f 362//362 361//361 339//339
f 1703//1703 1651//1651 1676//1676
f 1703//1703 1676//1676 1651//1651
f 2414//2414 2562//2562 2451//2451
f 2414//2414 2451//2451 2562//2562
f 1183//1183 1231//1231 1204//1204
f 190//190 205//205 181//181
f 2653//2653 2018//2018 2205//2205
f 2124//2124 1954//1954 1966//1966
f 2736//2736 2006//2006 2681//2681
f 2180//2180 2177//2177 2124//2124
f 3997//3997 4019//4019 4023//4023
f 3306//3306 3296//3296 3375//3375
f 2703//2703 2702//2702 2734//2734
f 3050//3050 3057//3057 3132//3132
f 3038//3038 3053//3053 3029//3029
f 367//367 369//369 339//339
f 4023//4023 4026//4026 4025//4025
f 1765//1765 1653//1653 1661//1661
f 2567//2567 2566//2566 2648//2648
f 1763//1763 1895//1895 1911//1911
f 924//924 952//952 966//966
f 909//909 932//932 933//933
f 909//909 919//919 932//932
f 51//51 222//222 214//214
f 882//882 844//844 856//856
f 887//887 875//875 859//859
f 887//887 859//859 875//875
f 770//770 684//684 714//714
f 770//770 714//714 743//743
f 1892//1892 1954//1954 2124//2124
f 770//770 743//743 729//729
f 409//409 428//428 384//384
f 1158//1158 1180//1180 1135//1135
f 770//770 729//729 744//744
f 1019//1019 1048//1048 1031//1031
f 1559//1559 1549//1549 1571//1571
f 659//659 656//656 692//692
f 876//876 810//810 877//877
f 876//876 877//877 810//810
f 924//924 975//975 956//956
f 1707//1707 1683//1683 1579//1579
f 732//732 651//651 734//734
f 1971//1971 1904//1904 1924//1924
f 902//902 772//772 914//914
f 902//902 914//914 772//772
f 876//876 865//865 810//810
f 967//967 972//972 933//933
f 967//967 933//933 972//972
f 1187//1187 963//963 1079//1079
f 1316//1316 1389//1389 1401//1401
f 1832//1832 1695//1695 1794//1794
f 2061//2061 2169//2169 1908//1908
f 975//975 973//973 979//979
f 2845//2845 2723//2723 2684//2684
f 2845//2845 2684//2684 2723//2723
f 930//930 971//971 970//970
f 3659//3659 3630//3630 3795//3795
f 702//702 687//687 722//722
f 1730//1730 1796//1796 1787//1787
f 942//942 968//968 972//972
f 942//942 974//974 968//968
f 1371//1371 1656//1656 1793//1793
f 1552//1552 1614//1614 1679//1679
f 1494//1494 1462//1462 1505//1505
f 3189//3189 2893//2893 2875//2875
f 956//956 972//972 964//964
f 1680//1680 1647//1647 2042//2042
f 956//956 964//964 976//976
f 2903//2903 2929//2929 2889//2889
f 2903//2903 2889//2889 2929//2929
f 1173//1173 1213//1213 1177//1177
f 310//310 266//266 286//286
f 1856//1856 1870//1870 2049//2049
f 2586//2586 2744//2744 2741//2741
f 2007//2007 1792//1792 2172//2172
f 3260//3260 3158//3158 2958//2958
f 2462//2462 2514//2514 2416//2416
f 1591//1591 1510//1510 1638//1638
f 2878//2878 3085//3085 3100//3100
f 800//800 796//796 799//799
f 87//87 176//176 79//79
f 967//967 920//920 925//925
f 1355//1355 1273//1273 1318//1318
f 2379//2379 1771//1771 2536//2536
f 1604//1604 1497//1497 1511//1511
f 2136//2136 1842//1842 1718//1718
f 1528//1528 1458//1458 1475//1475
f 3403//3403 3354//3354 3186//3186
f 256//256 51//51 86//86
f 974//974 935//935 930//930
f 967//967 964//964 932//932
f 972//972 967//967 932//932
f 846//846 837//837 905//905
f 972//972 932//932 964//964
f 914//914 889//889 772//772
f 3983//3983 3974//3974 3960//3960
f 1847//1847 1904//1904 1854//1854
f 2716//2716 2901//2901 2530//2530
f 974//974 979//979 970//970
f 974//974 972//972 979//979
f 2480//2480 2344//2344 2290//2290
f 942//942 970//970 979//979
f 2530//2530 2668//2668 2756//2756
f 976//976 964//964 956//956
f 382//382 342//342 260//260
f 3430//3430 3388//3388 3357//3357
f 957//957 953//953 951//951
f 1604//1604 1615//1615 1658//1658
f 924//924 966//966 975//975
f 2725//2725 405//405 2740//2740
f 872//872 961//961 914//914
f 772//772 809//809 730//730
f 1271//1271 1234//1234 1199//1199
f 2494//2494 2472//2472 2558//2558
f 956//956 865//865 944//944
f 2650//2650 2571//2571 2497//2497
f 916//916 876//876 881//881
f 3435//3435 3366//3366 3381//3381
f 1837//1837 1968//1968 1795//1795
f 2288//2288 2318//2318 2275//2275
f 838//838 905//905 837//837
f 955//955 928//928 969//969
f 1504//1504 1625//1625 1473//1473
f 2249//2249 2182//2182 3474//3474
f 2414//2414 2451//2451 2403//2403
f 2414//2414 2403//2403 2451//2451
f 1912//1912 1636//1636 1926//1926
f 955//955 969//969 961//961
f 1570//1570 1519//1519 1747//1747
f 43//43 175//175 47//47
f 2820//2820 2692//2692 2812//2812
f 2820//2820 2812//2812 2692//2692
f 883//883 902//902 952//952
f 3670//3670 3707//3707 3827//3827
f 3463//3463 3109//3109 3389//3389
f 955//955 952//952 902//902
f 2078//2078 1929//1929 2017//2017
f 955//955 973//973 979//979
f 850//850 756//756 775//775
f 850//850 775//775 756//756
f 3401//3401 3369//3369 3385//3385
f 1905//1905 2028//2028 1945//1945
f 962//962 964//964 775//775
f 962//962 775//775 867//867
f 961//961 969//969 979//979
f 867//867 775//775 774//774
f 2085//2085 2036//2036 2128//2128
f 126//126 230//230 120//120
f 1361//1361 1497//1497 1394//1394
f 2242//2242 2254//2254 2330//2330
f 1209//1209 1189//1189 1353//1353
f 914//914 969//969 961//961
f 575//575 748//748 841//841
f 1694//1694 1504//1504 1514//1514
f 977//977 924//924 975//975
f 106//106 277//277 254//254
f 1426//1426 1481//1481 1442//1442
f 3266//3266 3216//3216 3333//3333
f 924//924 977//977 956//956
f 961//961 979//979 955//955
f 2659//2659 2561//2561 2624//2624
f 942//942 972//972 974//974
f 227//227 168//168 149//149
f 1640//1640 1615//1615 1772//1772
f 1640//1640 1772//1772 1615//1615
f 1016//1016 998//998 993//993
f 963//963 581//581 546//546
f 872//872 928//928 955//955
f 872//872 914//914 928//928
f 3306//3306 3358//3358 3296//3296
f 3397//3397 3437//3437 3427//3427
f 1707//1707 1733//1733 1687//1687
f 865//865 916//916 924//924
f 876//876 916//916 865//865
f 2238//2238 2217//2217 2141//2141
f 865//865 881//881 876//876
f 914//914 889//889 961//961
f 2144//2144 2194//2194 2128//2128
f 975//975 924//924 956//956
f 1294//1294 1321//1321 1338//1338
f 942//942 925//925 930//930
f 971//971 935//935 930//930
f 957//957 904//904 925//925
f 957//957 925//925 953//953
f 3881//3881 3890//3890 3502//3502
f 75//75 72//72 146//146
f 925//925 953//953 930//930
f 772//772 751//751 723//723
f 2648//2648 2654//2654 2651//2651
f 3447//3447 3454//3454 3450//3450
f 1556//1556 1654//1654 1594//1594
f 2554//2554 2556//2556 2051//2051
f 1196//1196 483//483 576//576
f 1554//1554 1492//1492 1634//1634
f 2931//2931 3036//3036 3094//3094
f 2931//2931 3094//3094 3036//3036
f 971//971 970//970 935//935
f 944//944 865//865 876//876
f 3400//3400 3429//3429 3332//3332
f 17//17 136//136 13//13
f 3297//3297 3381//3381 3245//3245
f 1443//1443 1453//1453 1463//1463
f 2742//2742 2477//2477 2517//2517
f 877//877 962//962 867//867
f 1218//1218 1163//1163 1157//1157
f 2403//2403 2459//2459 2449//2449
f 957//957 925//925 920//920
f 641//641 3553//3553 673//673
f 3430//3430 3455//3455 3420//3420
f 2716//2716 2751//2751 2938//2938
f 3444//3444 3454//3454 3447//3447
f 1846//1846 1840//1840 1863//1863
f 979//979 960//960 955//955
f 1536//1536 1508//1508 1551//1551
f 227//227 32//32 55//55
f 311//311 239//239 241//241
f 902//902 772//772 800//800
f 2899//2899 2992//2992 2913//2913
f 678//678 798//798 737//737
f 131//131 119//119 153//153
f 130//130 224//224 229//229
f 130//130 229//229 224//224
f 828//828 843//843 836//836
f 678//678 814//814 798//798
f 78//78 165//165 163//163
f 2234//2234 934//934 1435//1435
f 327//327 308//308 381//381
f 810//810 791//791 840//840
f 1817//1817 2147//2147 2061//2061
f 814//814 904//904 798//798
f 1351//1351 1705//1705 1743//1743
f 951//951 904//904 814//814
f 702//702 722//722 743//743
f 702//702 743//743 722//722
f 363//363 281//281 346//346
f 867//867 774//774 804//804
f 800//800 796//796 809//809
f 3234//3234 1443//1443 2186//2186
f 1301//1301 1264//1264 646//646
f 786//786 713//713 705//705
f 1449//1449 1506//1506 1397//1397
f 3432//3432 3197//3197 3475//3475
f 810//810 786//786 791//791
f 21//21 91//91 31//31
f 786//786 705//705 791//791
f 705//705 713//713 730//730
f 772//772 746//746 800//800
f 2589//2589 3100//3100 3199//3199
f 772//772 730//730 746//746
f 2273//2273 2451//2451 2353//2353
f 970//970 969//969 960//960
f 106//106 170//170 105//105
f 106//106 105//105 170//170
f 2070//2070 2115//2115 2053//2053
f 1171//1171 1395//1395 1060//1060
f 1903//1903 1810//1810 430//430
f 800//800 786//786 960//960
f 177//177 142//142 134//134
f 1340//1340 1504//1504 1473//1473
f 48//48 87//87 95//95
f 962//962 972//972 976//976
f 368//368 394//394 347//347
f 902//902 969//969 914//914
f 1931//1931 1883//1883 1968//1968
f 956//956 972//972 964//964
f 2321//2321 2430//2430 2472//2472
f 876//876 944//944 786//786
f 902//902 960//960 969//969
f 970//970 840//840 935//935
f 2715//2715 2151//2151 2665//2665
f 944//944 970//970 916//916
f 2082//2082 2181//2181 2132//2132
f 1478//1478 1475//1475 1458//1458
f 2003//2003 2036//2036 2144//2144
f 2003//2003 2144//2144 2036//2036
f 49//49 188//188 51//51
f 970//970 960//960 786//786
f 3092//3092 2850//2850 2881//2881
f 970//970 786//786 916//916
f 2913//2913 2912//2912 2901//2901
f 3043//3043 3360//3360 3064//3064
f 446//446 485//485 416//416
f 2462//2462 2542//2542 2674//2674
f 2491//2491 2524//2524 2008//2008
f 3154//3154 3282//3282 3099//3099
f 87//87 79//79 179//179
f 876//876 865//865 924//924
f 955//955 966//966 952//952
f 925//925 968//968 953//953
f 100//100 69//69 181//181
f 1142//1142 1185//1185 1143//1143
f 663//663 671//671 728//728
f 3285//3285 3348//3348 3258//3258
f 785//785 886//886 913//913
f 1464//1464 1179//1179 1440//1440
f 1338//1338 1321//1321 1331//1331
f 249//249 91//91 70//70
f 3062//3062 2991//2991 2833//2833
f 2713//2713 2719//2719 2902//2902
f 1694//1694 1514//1514 1706//1706
f 967//967 925//925 957//957
f 926//926 959//959 954//954
f 1577//1577 1361//1361 1497//1497
f 668//668 679//679 614//614
f 3422//3422 3354//3354 3732//3732
f 962//962 976//976 979//979
f 3025//3025 3391//3391 3178//3178
f 1025//1025 1029//1029 1046//1046
f 1190//1190 2614//2614 987//987
f 944//944 956//956 977//977
f 422//422 436//436 432//432
f 3601//3601 405//405 3650//3650
f 282//282 332//332 255//255
f 957//957 964//964 967//967
f 1661//1661 1356//1356 1684//1684
f 967//967 972//972 968//968
f 3867//3867 3837//3837 3884//3884
f 2975//2975 2925//2925 2887//2887
f 2150//2150 2080//2080 2041//2041
f 2150//2150 2041//2041 2080//2080
f 851//851 936//936 923//923
f 865//865 956//956 877//877
f 2533//2533 2523//2523 2530//2530
f 2533//2533 2530//2530 2523//2523
f 788//788 799//799 786//786
f 1170//1170 1184//1184 1173//1173
f 814//814 775//775 850//850
f 2665//2665 2151//2151 1913//1913
f 269//269 412//412 296//296
f 2886//2886 2779//2779 4036//4036
f 955//955 902//902 883//883
f 955//955 883//883 902//902
f 301//301 349//349 216//216
f 3092//3092 3097//3097 3239//3239
f 2238//2238 2372//2372 2362//2362
f 2238//2238 2362//2362 2372//2372
f 3496//3496 3887//3887 3897//3897
f 942//942 935//935 840//840
f 943//943 890//890 936//936
f 942//942 840//840 932//932
f 3529//3529 3830//3830 3837//3837
f 889//889 961//961 751//751
f 293//293 286//286 211//211
f 902//902 872//872 870//870
f 872//872 914//914 809//809
f 1967//1967 1942//1942 1972//1972
f 1967//1967 1972//1972 1942//1942
f 876//876 788//788 865//865
f 788//788 810//810 804//804
f 3189//3189 2947//2947 3316//3316
f 2386//2386 2385//2385 2301//2301
f 810//810 877//877 804//804
f 330//330 287//287 389//389
f 3401//3401 3426//3426 3417//3417
f 3401//3401 3417//3417 3426//3426
f 1037//1037 1200//1200 1534//1534
f 1085//1085 1033//1033 1051//1051
f 702//702 654//654 722//722
f 2133//2133 1990//1990 2245//2245
f 2982//2982 3415//3415 3328//3328
f 2447//2447 2456//2456 2466//2466
f 830//830 852//852 890//890
f 2830//2830 2819//2819 2800//2800
f 1641//1641 1703//1703 1679//1679
f 1351//1351 2225//2225 3047//3047
f 163//163 301//301 216//216
f 319//319 308//308 384//384
f 3732//3732 3354//3354 3481//3481
f 409//409 343//343 399//399
f 388//388 386//386 356//356
f 1554//1554 1547//1547 1541//1541
f 774//774 664//664 669//669
f 1947//1947 1926//1926 2091//2091
f 664//664 714//714 711//711
f 2405//2405 2687//2687 2288//2288
f 786//786 711//711 672//672
f 788//788 697//697 713//713
f 788//788 713//713 697//697
f 1445//1445 1813//1813 1363//1363
f 3343//3343 3350//3350 3200//3200
f 3343//3343 3200//3200 3350//3350
f 4032//4032 4035//4035 4030//4030
f 2880//2880 2841//2841 2924//2924
f 800//800 712//712 681//681
f 2912//2912 2923//2923 2950//2950
f 2273//2273 2353//2353 2023//2023
f 800//800 681//681 718//718
f 2661//2661 2645//2645 2636//2636
f 220//220 232//232 265//265
f 647//647 720//720 654//654
f 237//237 240//240 126//126
f 3330//3330 3410//3410 3322//3322
f 654//654 649//649 721//721
f 1856//1856 1848//1848 2049//2049
f 3955//3955 3930//3930 3974//3974
f 654//654 647//647 720//720
f 5//5 3//3 1605//1605
f 1763//1763 1764//1764 1799//1799
f 1326//1326 1224//1224 1158//1158
f 168//168 161//161 149//149
f 687//687 647//647 657//657
f 2250//2250 2354//2354 2416//2416
f 632//632 687//687 657//657
f 632//632 649//649 725//725
f 1599//1599 1726//1726 1724//1724
f 632//632 640//640 649//649
f 2530//2530 2756//2756 2648//2648
f 41//41 35//35 33//33
f 654//654 722//722 684//684
f 3315//3315 3308//3308 3249//3249
f 2470//2470 2486//2486 2412//2412
f 1241//1241 1176//1176 1245//1245
f 889//889 751//751 772//772
f 730//730 681//681 666//666
f 1273//1273 1212//1212 1227//1227
f 666//666 681//681 669//669
f 705//705 730//730 666//666
f 640//640 665//665 666//666
f 1459//1459 1472//1472 1401//1401
f 3207//3207 3330//3330 3322//3322
f 2511//2511 2493//2493 2457//2457
f 630//630 638//638 628//628
f 3060//3060 3072//3072 3175//3175
f 2684//2684 2459//2459 2403//2403
f 1707//1707 1634//1634 1584//1584
f 1707//1707 1584//1584 1634//1634
f 2138//2138 2257//2257 2124//2124
f 883//883 799//799 796//796
f 3659//3659 3816//3816 3497//3497
f 3880//3880 3835//3835 3918//3918
f 799//799 718//718 746//746
f 3070//3070 2775//2775 2765//2765
f 3070//3070 2765//2765 2775//2775
f 97//97 94//94 103//103
f 718//718 796//796 746//746
f 1567//1567 1915//1915 1168//1168
f 1329//1329 1370//1370 1413//1413
f 809//809 796//796 800//800
f 654//654 895//895 906//906
f 639//639 629//629 651//651
f 2729//2729 2154//2154 2711//2711
f 227//227 39//39 32//32
f 1539//1539 1458//1458 1558//1558
f 1386//1386 1331//1331 1382//1382
f 3850//3850 3693//3693 3860//3860
f 2969//2969 3022//3022 2737//2737
f 705//705 666//666 791//791
f 774//774 664//664 711//711
f 719//719 705//705 744//744
f 772//772 723//723 681//681
f 1170//1170 1173//1173 1183//1183
f 1236//1236 602//602 1203//1203
f 2964//2964 2988//2988 2965//2965
f 55//55 119//119 81//81
f 3234//3234 2076//2076 1443//1443
f 666//666 649//649 721//721
f 3877//3877 3516//3516 3876//3876
f 758//758 828//828 843//843
f 3840//3840 3863//3863 3891//3891
f 1140//1140 1192//1192 1189//1189
f 1337//1337 1386//1386 1340//1340
f 3032//3032 3063//3063 3055//3055
f 799//799 796//796 800//800
f 799//799 800//800 796//796
f 810//810 711//711 804//804
f 3062//3062 2983//2983 2904//2904
f 3376//3376 3364//3364 3346//3346
f 3838//3838 3269//3269 3851//3851
f 1825//1825 1890//1890 1952//1952
f 248//248 247//247 176//176
f 687//687 729//729 721//721
f 1142//1142 1135//1135 1143//1143
f 353//353 362//362 339//339
f 3435//3435 3381//3381 3401//3401
f 678//678 687//687 657//657
f 678//678 729//729 722//722
f 211//211 240//240 230//230
f 211//211 230//230 240//240
f 665//665 657//657 687//687
f 1420//1420 1759//1759 1333//1333
f 665//665 687//687 725//725
f 3310//3310 3373//3373 3272//3272
f 678//678 722//722 687//687
f 759//759 801//801 620//620
f 702//702 722//722 729//729
f 665//665 725//725 744//744
f 4038//4038 3665//3665 3297//3297
f 1135//1135 1145//1145 1172//1172
f 2251//2251 2240//2240 2433//2433
f 725//725 721//721 744//744
f 3818//3818 3263//3263 3448//3448
f 719//719 721//721 729//729
f 199//199 85//85 42//42
f 702//702 714//714 684//684
f 632//632 725//725 687//687
f 323//323 301//301 349//349
f 323//323 349//349 301//301
f 3892//3892 3857//3857 3850//3850
f 1641//1641 1508//1508 1437//1437
f 649//649 687//687 721//721
f 2906//2906 2973//2973 2908//2908
f 2906//2906 2908//2908 2973//2973
f 3507//3507 3860//3860 3569//3569
f 1602//1602 1650//1650 1572//1572
f 1493//1493 1526//1526 1506//1506
f 810//810 774//774 711//711
f 160//160 255//255 201//201
f 3295//3295 3228//3228 3287//3287
f 2861//2861 2857//2857 2822//2822
f 1642//1642 1684//1684 1245//1245
f 711//711 714//714 672//672
f 718//718 697//697 712//712
f 3361//3361 3287//3287 3325//3325
f 654//654 702//702 684//684
f 772//772 681//681 730//730
f 13//13 7//7 3//3
f 1582//1582 1464//1464 1395//1395
f 1704//1704 1808//1808 1673//1673
f 678//678 752//752 814//814
f 1707//1707 1634//1634 2076//2076
f 1411//1411 1700//1700 1570//1570
f 3014//3014 2241//2241 3055//3055
f 2202//2202 2456//2456 2447//2447
f 2202//2202 2447//2447 2456//2456
f 1180//1180 1284//1284 1218//1218
f 796//796 718//718 723//723
f 3262//3262 3166//3166 3220//3220
f 179//179 176//176 181//181
f 185//185 80//80 183//183
f 185//185 183//183 80//80
f 846//846 760//760 700//700
f 846//846 700//700 760//760
f 1486//1486 1544//1544 1542//1542
f 1486//1486 1542//1542 1544//1544
f 665//665 632//632 657//657
f 654//654 649//649 632//632
f 654//654 632//632 649//649
f 712//712 669//669 681//681
f 654//654 632//632 649//649
f 2007//2007 2318//2318 2120//2120
f 647//647 654//654 720//720
f 664//664 636//636 654//654
f 109//109 74//74 45//45
f 654//654 720//720 647//647
f 12//12 494//494 573//573
f 632//632 665//665 640//640
f 2991//2991 2983//2983 3086//3086
f 2042//2042 2227//2227 2110//2110
f 829//829 926//926 911//911
f 829//829 911//911 926//926
f 1142//1142 1143//1143 1151//1151
f 380//380 398//398 349//349
f 666//666 669//669 719//719
f 3194//3194 3191//3191 3292//3292
f 2977//2977 3092//3092 3006//3006
f 705//705 666//666 719//719
f 664//664 702//702 669//669
f 2493//2493 2457//2457 2223//2223
f 2493//2493 2223//2223 2457//2457
f 1413//1413 1370//1370 1404//1404
f 1413//1413 1404//1404 1370//1370
f 664//664 714//714 702//702
f 711//711 672//672 669//669
f 2223//2223 2493//2493 2457//2457
f 697//697 711//711 669//669
f 697//697 669//669 712//712
f 149//149 72//72 80//80
f 788//788 774//774 804//804
f 788//788 804//804 774//774
f 1584//1584 1486//1486 1563//1563
f 865//865 788//788 799//799
f 836//836 830//830 923//923
f 3146//3146 3089//3089 3127//3127
f 3146//3146 3127//3127 3089//3089
f 2235//2235 2075//2075 2179//2179
f 2280//2280 2128//2128 2210//2210
f 775//775 636//636 664//664
f 2209//2209 572//572 526//526
f 90//90 87//87 91//91
f 3896//3896 3889//3889 3860//3860
f 718//718 746//746 800//800
f 2947//2947 2875//2875 2893//2893
f 2820//2820 2802//2802 2812//2812
f 2250//2250 2460//2460 2521//2521
f 1723//1723 1653//1653 1709//1709
f 788//788 697//697 713//713
f 788//788 713//713 697//697
f 791//791 666//666 744//744
f 1895//1895 1992//1992 1949//1949
f 1895//1895 1949//1949 1992//1992
f 753//753 735//735 405//405
f 324//324 289//289 295//295
f 678//678 737//737 729//729
f 160//160 153//153 161//161
f 2951//2951 2984//2984 2953//2953
f 2668//2668 2704//2704 2531//2531
f 1243//1243 1185//1185 1182//1182
f 705//705 840//840 744//744
f 3338//3338 3303//3303 3012//3012
f 2532//2532 2452//2452 2601//2601
f 2586//2586 2447//2447 2687//2687
f 3439//3439 3441//3441 3461//3461
f 737//737 719//719 729//729
f 2474//2474 2908//2908 2972//2972
f 1275//1275 1243//1243 1309//1309
f 2514//2514 2759//2759 2598//2598
f 2883//2883 2649//2649 2604//2604
f 1745//1745 1811//1811 1859//1859
f 682//682 700//700 767//767
f 2586//2586 2447//2447 2630//2630
f 758//758 732//732 831//831
f 846//846 760//760 755//755
f 758//758 651//651 732//732
f 758//758 740//740 651//651
f 2544//2544 2463//2463 2401//2401
f 1836//1836 1851//1851 1844//1844
f 689//689 617//617 676//676
f 5//5 36//36 3//3
f 5//5 3//3 36//36
f 2976//2976 2868//2868 3186//3186
f 624//624 619//619 637//637
f 1493//1493 1449//1449 1397//1397
f 194//194 94//94 103//103
f 2273//2273 2202//2202 2447//2447
f 668//668 610//610 614//614
f 85//85 198//198 185//185
f 85//85 185//185 198//198
f 2741//2741 2630//2630 2757//2757
f 2082//2082 2042//2042 2031//2031
f 668//668 614//614 679//679
f 2913//2913 3421//3421 2790//2790
f 668//668 639//639 610//610
f 326//326 558//558 615//615
f 700//700 631//631 633//633
f 700//700 633//633 656//656
f 3430//3430 3405//3405 3436//3436
f 2668//2668 2667//2667 2760//2760
f 2668//2668 2760//2760 2667//2667
f 3361//3361 3238//3238 3441//3441
f 1245//1245 1268//1268 1287//1287
f 1157//1157 1135//1135 1138//1138
f 2665//2665 1913//1913 2695//2695
f 638//638 700//700 631//631
f 2692//2692 2703//2703 2702//2702
f 1718//1718 1864//1864 1710//1710
f 682//682 638//638 630//630
f 1326//1326 1223//1223 1218//1218
f 2336//2336 2447//2447 2202//2202
f 3590//3590 4030//4030 3887//3887
f 3590//3590 3887//3887 4030//4030
f 2026//2026 2118//2118 2146//2146
f 694//694 661//661 627//627
f 1554//1554 1446//1446 1547//1547
f 617//617 667//667 619//619
f 3379//3379 3426//3426 3434//3434
f 1607//1607 1315//1315 1913//1913
f 1512//1512 1445//1445 1363//1363
f 1188//1188 1266//1266 1350//1350
f 2805//2805 2806//2806 2852//2852
f 651//651 629//629 655//655
f 651//651 655//655 629//629
f 623//623 679//679 676//676
f 21//21 91//91 69//69
f 624//624 658//658 610//610
f 3425//3425 3337//3337 3019//3019
f 658//658 679//679 610//610
f 614//614 610//610 679//679
f 1807//1807 2067//2067 2167//2167
f 2462//2462 2026//2026 2460//2460
f 3639//3639 3631//3631 3670//3670
f 1041//1041 1025//1025 1038//1038
f 614//614 656//656 639//639
f 1055//1055 1028//1028 1038//1038
f 3537//3537 3563//3563 652//652
f 2534//2534 2466//2466 2581//2581
f 2534//2534 2581//2581 2466//2466
f 1616//1616 1685//1685 1611//1611
f 694//694 627//627 655//655
f 694//694 655//655 627//627
f 675//675 728//728 739//739
f 3193//3193 3209//3209 3301//3301
f 829//829 926//926 921//921
f 195//195 42//42 37//37
f 3378//3378 2930//2930 2678//2678
f 627//627 655//655 629//629
f 3207//3207 3279//3279 3220//3220
f 617//617 692//692 656//656
f 617//617 659//659 692//692
f 631//631 692//692 659//659
f 490//490 539//539 509//509
f 3176//3176 2788//2788 2999//2999
f 656//656 617//617 676//676
f 656//656 676//676 617//617
f 915//915 913//913 926//926
f 2314//2314 2354//2354 2427//2427
f 668//668 651//651 661//661
f 639//639 633//633 629//629
f 2273//2273 2202//2202 2134//2134
f 1185//1185 1182//1182 1145//1145
f 1185//1185 1145//1145 1182//1182
f 639//639 768//768 634//634
f 1654//1654 1588//1588 1623//1623
f 1392//1392 1356//1356 1661//1661
f 3410//3410 3434//3434 3426//3426
f 1911//1911 1992//1992 1973//1973
f 3175//3175 3082//3082 3066//3066
f 740//740 758//758 764//764
f 734//734 655//655 694//694
f 1433//1433 3056//3056 2434//2434
f 689//689 692//692 676//676
f 689//689 676//676 692//692
f 221//221 216//216 141//141
f 3434//3434 3271//3271 3398//3398
f 740//740 764//764 734//734
f 834//834 739//739 812//812
f 764//764 740//740 836//836
f 3999//3999 3974//3974 4008//4008
f 1197//1197 503//503 534//534
f 1170//1170 1173//1173 1169//1169
f 1159//1159 1767//1767 1658//1658
f 2543//2543 2416//2416 2314//2314
f 663//663 716//716 728//728
f 760//760 741//741 812//812
f 1437//1437 1350//1350 1223//1223
f 32//32 161//161 45//45
f 760//760 812//812 739//739
f 663//663 728//728 675//675
f 671//671 660//660 700//700
f 668//668 843//843 682//682
f 732//732 731//731 655//655
f 917//917 887//887 875//875
f 760//760 745//745 728//728
f 2021//2021 1972//1972 1987//1987
f 2021//2021 1987//1987 1972//1972
f 2558//2558 2494//2494 2581//2581
f 661//661 675//675 745//745
f 1536//1536 1444//1444 1437//1437
f 3068//3068 2854//2854 2856//2856
f 3068//3068 2856//2856 2854//2854
f 2544//2544 2573//2573 2400//2400
f 682//682 671//671 638//638
f 2845//2845 2998//2998 3086//3086
f 602//602 460//460 413//413
f 767//767 838//838 700//700
f 2150//2150 2149//2149 2229//2229
f 700//700 660//660 918//918
f 2335//2335 2331//2331 2275//2275
f 767//767 700//700 918//918
f 1344//1344 1434//1434 1413//1413
f 1843//1843 1780//1780 1787//1787
f 308//308 412//412 384//384
f 137//137 121//121 166//166
f 838//838 837//837 918//918
f 838//838 918//918 837//837
f 767//767 918//918 838//838
f 2283//2283 2307//2307 2199//2199
f 1895//1895 2355//2355 1949//1949
f 846//846 907//907 915//915
f 846//846 915//915 907//907
f 754//754 677//677 689//689
f 2081//2081 2335//2335 2105//2105
f 694//694 661//661 740//740
f 694//694 740//740 661//661
f 2405//2405 2280//2280 2273//2273
f 682//682 663//663 628//628
f 3417//3417 3375//3375 3306//3306
f 3417//3417 3306//3306 3375//3375
f 682//682 638//638 663//663
f 631//631 656//656 692//692
f 668//668 614//614 639//639
f 2051//2051 2556//2556 2045//2045
f 792//792 822//822 871//871
f 637//637 667//667 617//617
f 3059//3059 3026//3026 3048//3048
f 3059//3059 3048//3048 3026//3026
f 531//531 537//537 519//519
f 740//740 739//739 745//745
f 740//740 745//745 739//739
f 3417//3417 3436//3436 3413//3413
f 836//836 739//739 851//851
f 739//739 728//728 716//716
f 755//755 638//638 671//671
f 1185//1185 1172//1172 1145//1145
f 2424//2424 2474//2474 2471//2471
f 2424//2424 2471//2471 2474//2474
f 1077//1077 1042//1042 1069//1069
f 760//760 716//716 741//741
f 760//760 741//741 716//716
f 429//429 384//384 428//428
f 745//745 739//739 716//716
f 2478//2478 2391//2391 2350//2350
f 90//90 84//84 87//87
f 90//90 87//87 84//84
f 637//637 676//676 659//659
f 278//278 252//252 558//558
f 1584//1584 1554//1554 1486//1486
f 1584//1584 1486//1486 1554//1554
f 689//689 658//658 679//679
f 689//689 676//676 658//658
f 658//658 634//634 679//679
f 658//658 679//679 634//634
f 2529//2529 1491//1491 1352//1352
f 668//668 679//679 634//634
f 3266//3266 3320//3320 3357//3357
f 3152//3152 3134//3134 3133//3133
f 689//689 677//677 659//659
f 2523//2523 2325//2325 2553//2553
f 2356//2356 2250//2250 2146//2146
f 2356//2356 2146//2146 2250//2250
f 668//668 689//689 679//679
f 795//795 813//813 762//762
f 637//637 658//658 676//676
f 2805//2805 2852//2852 2850//2850
f 623//623 679//679 658//658
f 2031//2031 2071//2071 1650//1650
f 3947//3947 3893//3893 3976//3976
f 1063//1063 992//992 1058//1058
f 3470//3470 3885//3885 3475//3475
f 617//617 659//659 676//676
f 367//367 405//405 398//398
f 367//367 398//398 405//405
f 668//668 634//634 768//768
f 2862//2862 2674//2674 2851//2851
f 2862//2862 2851//2851 2674//2674
f 3361//3361 3238//3238 3231//3231
f 3361//3361 3231//3231 3238//3238
f 3002//3002 2775//2775 2818//2818
f 661//661 745//745 740//740
f 2934//2934 2871//2871 2967//2967
f 760//760 728//728 671//671
f 3450//3450 3429//3429 3452//3452
f 1512//1512 1385//1385 1539//1539
f 1602//1602 1572//1572 1450//1450
f 1232//1232 1357//1357 1239//1239
f 671//671 638//638 660//660
f 1196//1196 797//797 847//847
f 1641//1641 1552//1552 1543//1543
f 637//637 619//619 667//667
f 1602//1602 1501//1501 1665//1665
f 1628//1628 1695//1695 1832//1832
f 682//682 630//630 671//671
f 803//803 784//784 738//738
f 2606//2606 2634//2634 2787//2787
f 846//846 767//767 700//700
f 846//846 760//760 812//812
f 677//677 754//754 648//648
f 123//123 80//80 72//72
f 387//387 332//332 336//336
f 3160//3160 3044//3044 3091//3091
f 2065//2065 2041//2041 2149//2149
f 1517//1517 1511//1511 1497//1497
f 648//648 726//726 803//803
f 915//915 843//843 913//913
f 829//829 835//835 926//926
f 915//915 926//926 835//835
f 846//846 812//812 907//907
f 1604//1604 1883//1883 1819//1819
f 846//846 835//835 767//767
f 760//760 915//915 907//907
f 1843//1843 1532//1532 1796//1796
f 2841//2841 2907//2907 2795//2795
f 3224//3224 3234//3234 3033//3033
f 1367//1367 1509//1509 1385//1385
f 831//831 913//913 898//898
f 843//843 898//898 913//913
f 668//668 661//661 843//843
f 3000//3000 3161//3161 3134//3134
f 758//758 843//843 740//740
f 3325//3325 3371//3371 3287//3287
f 2906//2906 2850//2850 2862//2862
f 2882//2882 2985//2985 2843//2843
f 668//668 682//682 767//767
f 668//668 767//767 768//768
f 760//760 682//682 728//728
f 760//760 728//728 843//843
f 660//660 619//619 648//648
f 2880//2880 2924//2924 2904//2904
f 2880//2880 2904//2904 2924//2924
f 660//660 648//648 918//918
f 217//217 237//237 230//230
f 831//831 785//785 734//734
f 2511//2511 2534//2534 2466//2466
f 2954//2954 2450//2450 2407//2407
f 2297//2297 2217//2217 2326//2326
f 754//754 689//689 768//768
f 668//668 768//768 689//689
f 754//754 854//854 726//726
f 637//637 677//677 648//648
f 754//754 726//726 648//648
f 2129//2129 1952//1952 1890//1890
f 760//760 716//716 728//728
f 2201//2201 2305//2305 2227//2227
f 2470//2470 2547//2547 2486//2486
f 4034//4034 4043//4043 4027//4027
f 2714//2714 2890//2890 2846//2846
f 694//694 675//675 661//661
f 651//651 731//731 913//913
f 1313//1313 1329//1329 1404//1404
f 1397//1397 1309//1309 1409//1409
f 834//834 851//851 739//739
f 1316//1316 1766//1766 1643//1643
f 1483//1483 1535//1535 1558//1558
f 734//734 785//785 731//731
f 785//785 886//886 731//731
f 2659//2659 2779//2779 2610//2610
f 694//694 627//627 675//675
f 1397//1397 1496//1496 1409//1409
f 689//689 623//623 617//617
f 689//689 617//617 623//623
f 1053//1053 1093//1093 1062//1062
f 2886//2886 2895//2895 2985//2985
f 3999//3999 3991//3991 4019//4019
f 614//614 634//634 610//610
f 614//614 610//610 634//634
f 637//637 623//623 658//658
f 1767//1767 1800//1800 1754//1754
f 1118//1118 1122//1122 1095//1095
f 1222//1222 1231//1231 1279//1279
f 1166//1166 1170//1170 1183//1183
f 1075//1075 1047//1047 1019//1019
f 1075//1075 1019//1019 1047//1047
f 3843//3843 3634//3634 3319//3319
f 1223//1223 1224//1224 1295//1295
f 671//671 629//629 631//631
f 3210//3210 3005//3005 3164//3164
f 3442//3442 3441//3441 3683//3683
f 429//429 276//276 319//319
f 671//671 631//631 638//638
f 633//633 631//631 629//629
f 95//95 98//98 205//205
f 2144//2144 2202//2202 2194//2194
f 630//630 628//628 629//629
f 2462//2462 2521//2521 2598//2598
f 128//128 120//120 240//240
f 128//128 240//240 120//120
f 2397//2397 2372//2372 2362//2362
f 2062//2062 2078//2078 2092//2092
f 2062//2062 2092//2092 2078//2078
f 2696//2696 2878//2878 2807//2807
f 1323//1323 1400//1400 1290//1290
f 631//631 659//659 619//619
f 301//301 265//265 377//377
f 2378//2378 2476//2476 2573//2573
f 631//631 660//660 638//638
f 1365//1365 1725//1725 1756//1756
f 656//656 614//614 623//623
f 3051//3051 2232//2232 2330//2330
f 63//63 62//62 114//114
f 2052//2052 527//527 5//5
f 3278//3278 3246//3246 3292//3292
f 450//450 337//337 426//426
f 3850//3850 3857//3857 3693//3693
f 854//854 803//803 726//726
f 1312//1312 1427//1427 1288//1288
f 1312//1312 1288//1288 1427//1427
f 1443//1443 1463//1463 3196//3196
f 2012//2012 2070//2070 2045//2045
f 1443//1443 3196//3196 1463//1463
f 740//740 694//694 661//661
f 740//740 661//661 694//694
f 1590//1590 1633//1633 1610//1610
f 285//285 277//277 318//318
f 694//694 661//661 740//740
f 694//694 740//740 661//661
f 1564//1564 1540//1540 1260//1260
f 2314//2314 2181//2181 2354//2354
f 753//753 784//784 738//738
f 362//362 353//353 335//335
f 1177//1177 1213//1213 1173//1173
f 663//663 728//728 682//682
f 663//663 682//682 728//728
f 3278//3278 3377//3377 3324//3324
f 754//754 767//767 835//835
f 1060//1060 616//616 662//662
f 2586//2586 2630//2630 2451//2451
f 663//663 628//628 638//638
f 628//628 663//663 675//675
f 3241//3241 3029//3029 3067//3067
f 627//627 628//628 675//675
f 2517//2517 2393//2393 2530//2530
f 3298//3298 3284//3284 3236//3236
f 758//758 734//734 764//764
f 910//910 754//754 835//835
f 846//846 755//755 824//824
f 127//127 35//35 46//46
f 196//196 202//202 194//194
f 732//732 913//913 831//831
f 2521//2521 2552//2552 2496//2496
f 937//937 947//947 917//917
f 3038//3038 3372//3372 3582//3582
f 3172//3172 2785//2785 3068//3068
f 2662//2662 2718//2718 2937//2937
f 525//525 449//449 516//516
f 918//918 885//885 892//892
f 1670//1670 2378//2378 2374//2374
f 409//409 399//399 421//421
f 409//409 421//421 399//399
f 2456//2456 2511//2511 2466//2466
f 911//911 959//959 958//958
f 911//911 958//958 959//959
f 2307//2307 1912//1912 2282//2282
f 1366//1366 1496//1496 1510//1510
f 954//954 948//948 882//882
f 937//937 882//882 947//947
f 3234//3234 3033//3033 3206//3206
f 2150//2150 2065//2065 2020//2020
f 377//377 265//265 292//292
f 3417//3417 3363//3363 3358//3358
f 470//470 635//635 583//583
f 907//907 890//890 943//943
f 3986//3986 3938//3938 3991//3991
f 936//936 945//945 923//923
f 1771//1771 2379//2379 1736//1736
f 2684//2684 2896//2896 2723//2723
f 923//923 936//936 851//851
f 55//55 71//71 45//45
f 898//898 945//945 946//946
f 923//923 945//945 898//898
f 2808//2808 2794//2794 2640//2640
f 923//923 898//898 946//946
f 3679//3679 3707//3707 3670//3670
f 3400//3400 3452//3452 3429//3429
f 300//300 460//460 704//704
f 532//532 494//494 9//9
f 614//614 594//594 588//588
f 1223//1223 1295//1295 1224//1224
f 2438//2438 2315//2315 2457//2457
f 926//926 937//937 958//958
f 958//958 937//937 954//954
f 926//926 954//954 937//937
f 2422//2422 2423//2423 2657//2657
f 2041//2041 2080//2080 2020//2020
f 911//911 958//958 894//894
f 1650//1650 1530//1530 2114//2114
f 1143//1143 1145//1145 1140//1140
f 947//947 884//884 948//948
f 947//947 882//882 884//884
f 5//5 1742//1742 1776//1776
f 5//5 1776//1776 1742//1742
f 947//947 887//887 929//929
f 2144//2144 2336//2336 2202//2202
f 3049//3049 3151//3151 3112//3112
f 943//943 949//949 946//946
f 921//921 946//946 949//949
f 1716//1716 1650//1650 2031//2031
f 913//913 946//946 921//921
f 2353//2353 2342//2342 2194//2194
f 1865//1865 1342//1342 1880//1880
f 3092//3092 3239//3239 3242//3242
f 913//913 921//921 926//926
f 943//943 959//959 949//949
f 2238//2238 2217//2217 2088//2088
f 512//512 519//519 491//491
f 921//921 949//949 959//959
f 829//829 921//921 959//959
f 926//926 959//959 911//911
f 2104//2104 2092//2092 2028//2028
f 1365//1365 1728//1728 1622//1622
f 433//433 394//394 439//439
f 1911//1911 1895//1895 1763//1763
f 295//295 229//229 200//200
f 828//828 785//785 836//836
f 831//831 886//886 785//785
f 1476//1476 1032//1032 552//552
f 824//824 891//891 905//905
f 890//890 891//891 943//943
f 225//225 251//251 245//245
f 3949//3949 3959//3959 3947//3947
f 31//31 26//26 59//59
f 831//831 785//785 913//913
f 2177//2177 1966//1966 1954//1954
f 2819//2819 2783//2783 2744//2744
f 846//846 838//838 837//837
f 846//846 837//837 838//838
f 846//846 837//837 824//824
f 846//846 824//824 837//837
f 266//266 450//450 422//422
f 812//812 905//905 852//852
f 812//812 834//834 830//830
f 3324//3324 3384//3384 3347//3347
f 1158//1158 1192//1192 1224//1224
f 851//851 923//923 830//830
f 1533//1533 1579//1579 1563//1563
f 898//898 828//828 836//836
f 1463//1463 1542//1542 2232//2232
f 2645//2645 2836//2836 2655//2655
f 764//764 828//828 785//785
f 1154//1154 1176//1176 1164//1164
f 2764//2764 2839//2839 2801//2801
f 836//836 851//851 830//830
f 836//836 830//830 851//851
f 828//828 886//886 785//785
f 2209//2209 2285//2285 572//572
f 890//890 852//852 905//905
f 829//829 926//926 848//848
f 907//907 943//943 949//949
f 2408//2408 2669//2669 2154//2154
f 838//838 948//948 891//891
f 1361//1361 1295//1295 1223//1223
f 1361//1361 1223//1223 1295//1295
f 415//415 426//426 452//452
f 911//911 896//896 926//926
f 2008//2008 1975//1975 2222//2222
f 915//915 890//890 936//936
f 2287//2287 2331//2331 2193//2193
f 2287//2287 2193//2193 2331//2331
f 923//923 946//946 886//886
f 1196//1196 1365//1365 871//871
f 921//921 954//954 882//882
f 2298//2298 2351//2351 2369//2369
f 2298//2298 2369//2369 2351//2351
f 937//937 917//917 875//875
f 1653//1653 1882//1882 1672//1672
f 2136//2136 2138//2138 2213//2213
f 764//764 836//836 828//828
f 834//834 830//830 851//851
f 834//834 851//851 830//830
f 846//846 905//905 891//891
f 2906//2906 2977//2977 3097//3097
f 898//898 886//886 828//828
f 846//846 891//891 824//824
f 3491//3491 3389//3389 3303//3303
f 846//846 824//824 838//838
f 221//221 380//380 390//390
f 97//97 84//84 94//94
f 812//812 830//830 834//834
f 254//254 209//209 252//252
f 829//829 848//848 835//835
f 106//106 67//67 44//44
f 854//854 892//892 885//885
f 2830//2830 2757//2757 2800//2800
f 854//854 896//896 887//887
f 2668//2668 2662//2662 2756//2756
f 3014//3014 3072//3072 1387//1387
f 1018//1018 1020//1020 994//994
f 911//911 894//894 896//896
f 854//854 887//887 892//892
f 896//896 917//917 875//875
f 3007//3007 3210//3210 3207//3207
f 3007//3007 3207//3207 3210//3210
f 78//78 29//29 65//65
f 917//917 892//892 875//875
f 3381//3381 3430//3430 3407//3407
f 3500//3500 3506//3506 3714//3714
f 3716//3716 3729//3729 3726//3726
f 3716//3716 3726//3726 3729//3729
f 1307//1307 1007//1007 1470//1470
f 1559//1559 1591//1591 1510//1510
f 2754//2754 3332//3332 3429//3429
f 958//958 917//917 896//896
f 227//227 405//405 242//242
f 1090//1090 1104//1104 1101//1101
f 1641//1641 1658//1658 1651//1651
f 947//947 875//875 887//887
f 824//824 402//402 1164//1164
f 4031//4031 2598//2598 2631//2631
f 3006//3006 2973//2973 2858//2858
f 3226//3226 3170//3170 3327//3327
f 937//937 875//875 947//947
f 1875//1875 1916//1916 1947//1947
f 1449//1449 1853//1853 3048//3048
f 923//923 886//886 836//836
f 548//548 9//9 1804//1804
f 886//886 923//923 836//836
f 890//890 905//905 891//891
f 2016//2016 2074//2074 2339//2339
f 1712//1712 1797//1797 1799//1799
f 1934//1934 1310//1310 1648//1648
f 824//824 834//834 812//812
f 98//98 91//91 97//97
f 2138//2138 2177//2177 2124//2124
f 1053//1053 1217//1217 1093//1093
f 923//923 851//851 936//936
f 3395//3395 3320//3320 3388//3388
f 3280//3280 3291//3291 3257//3257
f 851//851 890//890 936//936
f 1470//1470 1771//1771 1736//1736
f 764//764 795//795 742//742
f 764//764 742//742 795//795
f 947//947 918//918 929//929
f 947//947 929//929 918//918
f 918//918 892//892 929//929
f 2085//2085 2172//2172 1792//1792
f 937//937 917//917 958//958
f 947//947 948//948 918//918
f 918//918 929//929 887//887
f 947//947 918//918 887//887
f 198//198 253//253 359//359
f 3989//3989 4016//4016 4003//4003
f 3302//3302 3281//3281 3259//3259
f 3302//3302 3259//3259 3281//3281
f 3650//3650 405//405 3244//3244
f 5//5 7//7 435//435
f 2384//2384 3051//3051 2330//2330
f 2502//2502 2539//2539 2358//2358
f 926//926 958//958 959//959
f 958//958 954//954 937//937
f 3191//3191 3292//3292 3344//3344
f 168//168 270//270 223//223
f 171//171 101//101 159//159
f 1021//1021 1350//1350 1214//1214
f 2238//2238 2217//2217 2372//2372
f 2238//2238 2372//2372 2217//2217
f 1828//1828 1864//1864 2092//2092
f 1828//1828 2092//2092 1864//1864
f 943//943 936//936 949//949
f 1641//1641 1679//1679 1552//1552
f 2171//2171 2227//2227 2354//2354
f 4028//4028 4051//4051 4047//4047
f 1178//1178 1379//1379 487//487
f 3789//3789 3846//3846 3830//3830
f 2007//2007 2273//2273 2210//2210
f 891//891 948//948 943//943
f 4035//4035 4040//4040 4045//4045
f 923//923 836//836 898//898
f 923//923 898//898 836//836
f 2025//2025 1640//1640 1772//1772
f 345//345 427//427 401//401
f 3654//3654 3595//3595 3581//3581
f 3654//3654 3581//3581 3595//3595
f 836//836 898//898 843//843
f 836//836 843//843 898//898
f 836//836 923//923 898//898
f 836//836 898//898 923//923
f 2194//2194 2210//2210 2342//2342
f 409//409 421//421 399//399
f 409//409 399//399 421//421
f 915//915 907//907 890//890
f 915//915 890//890 907//907
f 2369//2369 2298//2298 2366//2366
f 2104//2104 2206//2206 2093//2093
f 117//117 126//126 114//114
f 117//117 114//114 126//126
f 3067//3067 2907//2907 2845//2845
f 890//890 907//907 834//834
f 890//890 834//834 907//907
f 481//481 487//487 490//490
f 2778//2778 2791//2791 2694//2694
f 1536//1536 1437//1437 1604//1604
f 854//854 910//910 896//896
f 2129//2129 1890//1890 2093//2093
f 13//13 3//3 5//5
f 13//13 5//5 3//3
f 1431//1431 2516//2516 2004//2004
f 835//835 921//921 896//896
f 606//606 1435//1435 934//934
f 1146//1146 1144//1144 1075//1075
f 2729//2729 2711//2711 3063//3063
f 3966//3966 3947//3947 3976//3976
f 85//85 80//80 82//82
f 910//910 835//835 896//896
f 2954//2954 2949//2949 2984//2984
f 2954//2954 2984//2984 2949//2949
f 1442//1442 1473//1473 1625//1625
f 890//890 943//943 936//936
f 1641//1641 1543//1543 1703//1703
f 2405//2405 2447//2447 2336//2336
f 2995//2995 2985//2985 3081//3081
f 2440//2440 1692//1692 2587//2587
f 915//915 852//852 890//890
f 2050//2050 2121//2121 2098//2098
f 2050//2050 2098//2098 2121//2121
f 1403//1403 1119//1119 1448//1448
f 1241//1241 1175//1175 1219//1219
f 3000//3000 3026//3026 3017//3017
f 682//682 663//663 728//728
f 682//682 728//728 663//663
f 2112//2112 2032//2032 2063//2063
f 2112//2112 2063//2063 2032//2032
f 2284//2284 2298//2298 2281//2281
f 2287//2287 2239//2239 2331//2331
f 882//882 875//875 887//887
f 917//917 882//882 887//887
f 2880//2880 2840//2840 2924//2924
f 2880//2880 2924//2924 2840//2840
f 1642//1642 1345//1345 1675//1675
f 917//917 875//875 860//860
f 896//896 875//875 882//882
f 2906//2906 3006//3006 3161//3161
f 3151//3151 3320//3320 3275//3275
f 3381//3381 3407//3407 3345//3345
f 2918//2918 3027//3027 2715//2715
f 3323//3323 2737//2737 2747//2747
f 702//702 654//654 722//722
f 654//654 684//684 722//722
f 702//702 743//743 729//729
f 702//702 729//729 743//743
f 720//720 743//743 684//684
f 2129//2129 2093//2093 1952//1952
f 702//702 722//722 720//720
f 702//702 720//720 654//654
f 3302//3302 3239//3239 3185//3185
f 3379//3379 3376//3376 3277//3277
f 1470//1470 1601//1601 1305//1305
f 764//764 785//785 813//813
f 764//764 813//813 785//785
f 285//285 318//318 234//234
f 569//569 468//468 398//398
f 1630//1630 1522//1522 1403//1403
f 2705//2705 2289//2289 2879//2879
f 968//968 920//920 933//933
f 968//968 933//933 920//920
f 968//968 932//932 933//933
f 968//968 933//933 932//932
f 2825//2825 3160//3160 2842//2842
f 640//640 600//600 632//632
f 27//27 57//57 34//34
f 649//649 632//632 600//600
f 2507//2507 2579//2579 2561//2561
f 2149//2149 2137//2137 2229//2229
f 1959//1959 1979//1979 1994//1994
f 3057//3057 3191//3191 3194//3194
f 535//535 438//438 396//396
f 2511//2511 2493//2493 2515//2515
f 1429//1429 1328//1328 1283//1283
f 1998//1998 2075//2075 2156//2156
f 2296//2296 2158//2158 2381//2381
f 1525//1525 1519//1519 1382//1382
f 2202//2202 2144//2144 2003//2003
f 3871//3871 3885//3885 3933//3933
f 3484//3484 3885//3885 3080//3080
f 3866//3866 3584//3584 3714//3714
f 599//599 593//593 600//600
f 2019//2019 1830//1830 1892//1892
f 4016//4016 4020//4020 4013//4013
f 1486//1486 1463//1463 1453//1453
f 1218//1218 1223//1223 1266//1266
f 11//11 520//520 533//533
f 11//11 533//533 520//520
f 2065//2065 2149//2149 2041//2041
f 556//556 233//233 267//267
f 1378//1378 1303//1303 1209//1209
f 2789//2789 2642//2642 2579//2579
f 1225//1225 1174//1174 1192//1192
f 2491//2491 1992//1992 2496//2496
f 1241//1241 1320//1320 1286//1286
f 1838//1838 1919//1919 693//693
f 2085//2085 1819//1819 2036//2036
f 1645//1645 3080//3080 1181//1181
f 2911//2911 3328//3328 3393//3393
f 1496//1496 1309//1309 1275//1275
f 1496//1496 1275//1275 1309//1309
f 3989//3989 4022//4022 4016//4016
f 2607//2607 2536//2536 2048//2048
f 2256//2256 2373//2373 2046//2046
f 2171//2171 2132//2132 2155//2155
f 2755//2755 3001//3001 3484//3484
f 3302//3302 3239//3239 3306//3306
f 649//649 600//600 640//640
f 3369//3369 3313//3313 3385//3385
f 2977//2977 3185//3185 3092//3092
f 1172//1172 1202//1202 1140//1140
f 1172//1172 1140//1140 1202//1202
f 2830//2830 2800//2800 2840//2840
f 2368//2368 3319//3319 1927//1927
f 3112//3112 3151//3151 3030//3030
f 2364//2364 1722//1722 1736//1736
f 1547//1547 1620//1620 1576//1576
f 2983//2983 2890//2890 2845//2845
f 649//649 632//632 640//640
f 1243//1243 1235//1235 1272//1272
f 614//614 623//623 610//610
f 614//614 610//610 623//623
f 3447//3447 3442//3442 3445//3445
f 3447//3447 3445//3445 3442//3442
f 614//614 623//623 594//594
f 362//362 335//335 398//398
f 376//376 366//366 374//374
f 2181//2181 2227//2227 2354//2354
f 595//595 594//594 589//589
f 2662//2662 2517//2517 2478//2478
f 614//614 588//588 595//595
f 2507//2507 2076//2076 3234//3234
f 588//588 594//594 585//585
f 1718//1718 1694//1694 1726//1726
f 139//139 142//142 172//172
f 187//187 185//185 80//80
f 614//614 595//595 589//589
f 614//614 589//589 623//623
f 2290//2290 2073//2073 2255//2255
f 614//614 610//610 595//595
f 614//614 595//595 610//610
f 3717//3717 3666//3666 3683//3683
f 3717//3717 3683//3683 3666//3666
f 247//247 248//248 312//312
f 614//614 595//595 610//610
f 2851//2851 3095//3095 2908//2908
f 726//726 405//405 379//379
f 2362//2362 2372//2372 2217//2217
f 2085//2085 2130//2130 2172//2172
f 1496//1496 1559//1559 1571//1571
f 1496//1496 1571//1571 1559//1559
f 1520//1520 1559//1559 1496//1496
f 2026//2026 1986//1986 2460//2460
f 1496//1496 1275//1275 1397//1397
f 1024//1024 709//709 612//612
f 1387//1387 1335//1335 1390//1390
f 3066//3066 2692//2692 3018//3018
f 572//572 1583//1583 1255//1255
f 1157//1157 1138//1138 1139//1139
f 87//87 91//91 84//84
f 87//87 84//84 91//91
f 380//380 402//402 398//398
f 1139//1139 1138//1138 1115//1115
f 2146//2146 2227//2227 2250//2250
f 2356//2356 2250//2250 2227//2227
f 2356//2356 2410//2410 2462//2462
f 2410//2410 2862//2862 2462//2462
f 897//897 901//901 941//941
f 1763//1763 1638//1638 1647//1647
f 2299//2299 2862//2862 2410//2410
f 1376//1376 1428//1428 1332//1332
f 2299//2299 3000//3000 2862//2862
f 1145//1145 1140//1140 1151//1151
f 2529//2529 2516//2516 2826//2826
f 221//221 408//408 227//227
f 1424//1424 1367//1367 1363//1363
f 3266//3266 3333//3333 3216//3216
f 1148//1148 1125//1125 1127//1127
f 2021//2021 2034//2034 2068//2068
f 2021//2021 2068//2068 2034//2034
f 2136//2136 2207//2207 2267//2267
f 2288//2288 2687//2687 2880//2880
f 2280//2280 2288//2288 2335//2335
f 2934//2934 2870//2870 2883//2883
f 1536//1536 1604//1604 1437//1437
f 2824//2824 2741//2741 2783//2783
f 2405//2405 2335//2335 2280//2280
f 2128//2128 2202//2202 2280//2280
f 2085//2085 1536//1536 1604//1604
f 261//261 267//267 284//284
f 1223//1223 1361//1361 1295//1295
f 1362//1362 1361//1361 1223//1223
f 1571//1571 2171//2171 2146//2146
f 265//265 270//270 305//305
f 4028//4028 4025//4025 4048//4048
f 3302//3302 3339//3339 3239//3239
f 1392//1392 1243//1243 1286//1286
f 1536//1536 1361//1361 1362//1362
f 1536//1536 1362//1362 1361//1361
f 3465//3465 3452//3452 3400//3400
f 1577//1577 1517//1517 1444//1444
f 1661//1661 1677//1677 1617//1617
f 1100//1100 1005//1005 1226//1226
f 1577//1577 1444//1444 1295//1295
f 30//30 50//50 88//88
f 309//309 426//426 383//383
f 1536//1536 1500//1500 1517//1517
f 1317//1317 1582//1582 1395//1395
f 1729//1729 2007//2007 1837//1837
f 1451//1451 2047//2047 1673//1673
f 1450//1450 1602//1602 1409//1409
f 2082//2082 2314//2314 2424//2424
f 3954//3954 3737//3737 3895//3895
f 2906//2906 3161//3161 2738//2738
f 2082//2082 2424//2424 2738//2738
f 3460//3460 2894//2894 2970//2970
f 283//283 158//158 155//155
f 3305//3305 3327//3327 3312//3312
f 2082//2082 2738//2738 3161//3161
f 1218//1218 1209//1209 1303//1303
f 1409//1409 2082//2082 3161//3161
f 1602//1602 1716//1716 1409//1409
f 2530//2530 2517//2517 2668//2668
f 1785//1785 1655//1655 1872//1872
f 3440//3440 3430//3430 3435//3435
f 621//621 644//644 1191//1191
f 3176//3176 3266//3266 2904//2904
f 3266//3266 3062//3062 2904//2904
f 2014//2014 2037//2037 2010//2010
f 2714//2714 2414//2414 2673//2673
f 1326//1326 1158//1158 1295//1295
f 3396//3396 3260//3260 3013//3013
f 4020//4020 4016//4016 4017//4017
f 2462//2462 2631//2631 2542//2542
f 1409//1409 1243//1243 1309//1309
f 2583//2583 2615//2615 2543//2543
f 1409//1409 1309//1309 1450//1450
f 2082//2082 2132//2132 2314//2314
f 2586//2586 2451//2451 2447//2447
f 3209//3209 3193//3193 3010//3010
f 2714//2714 2586//2586 2687//2687
f 3381//3381 3395//3395 3366//3366
f 3381//3381 3366//3366 3395//3395
f 3430//3430 3407//3407 3405//3405
f 3068//3068 2925//2925 2978//2978
f 2977//2977 2973//2973 2906//2906
f 2977//2977 2906//2906 2973//2973
f 3465//3465 3447//3447 3453//3453
f 2141//2141 2119//2119 2088//2088
f 1218//1218 1266//1266 1311//1311
f 1326//1326 1311//1311 1437//1437
f 1218//1218 1157//1157 1163//1163
f 2026//2026 1986//1986 1911//1911
f 1986//1986 1911//1911 1899//1899
f 2026//2026 2042//2042 2031//2031
f 3099//3099 3042//3042 3120//3120
f 2512//2512 2551//2551 2005//2005
f 1939//1939 1815//1815 1943//1943
f 1641//1641 1437//1437 1679//1679
f 1536//1536 1437//1437 1508//1508
f 1151//1151 1202//1202 1239//1239
f 3333//3333 3245//3245 3381//3381
f 1524//1524 1516//1516 1530//1530
f 3333//3333 3381//3381 3297//3297
f 3333//3333 3297//3297 3381//3381
f 204//204 116//116 212//212
f 2511//2511 2499//2499 2534//2534
f 2779//2779 2828//2828 2777//2777
f 3092//3092 2977//2977 2850//2850
f 3359//3359 3362//3362 3444//3444
f 2636//2636 2632//2632 2575//2575
f 2239//2239 2193//2193 2204//2204
f 2239//2239 2204//2204 2193//2193
f 2851//2851 2618//2618 2471//2471
f 2462//2462 2474//2474 2427//2427
f 3092//3092 2850//2850 3239//3239
f 3396//3396 3453//3453 3424//3424
f 3444//3444 3447//3447 3450//3450
f 2405//2405 2586//2586 2741//2741
f 2291//2291 2215//2215 2199//2199
f 2496//2496 2355//2355 2552//2552
f 2405//2405 2447//2447 2511//2511
f 1300//1300 1266//1266 1188//1188
f 2509//2509 2722//2722 2712//2712
f 2701//2701 2438//2438 2783//2783
f 2701//2701 2783//2783 2438//2438
f 2202//2202 2456//2456 2336//2336
f 323//323 332//332 338//338
f 2405//2405 2456//2456 2447//2447
f 582//582 1017//1017 827//827
f 2003//2003 2036//2036 1931//1931
f 2003//2003 1931//1931 2036//2036
f 1467//1467 1405//1405 1394//1394
f 1467//1467 1394//1394 1405//1405
f 2036//2036 1883//1883 1931//1931
f 3317//3317 3312//3312 3358//3358
f 3317//3317 3358//3358 3312//3312
f 2003//2003 1931//1931 1976//1976
f 2071//2071 2106//2106 1926//1926
f 1658//1658 1883//1883 1819//1819
f 3071//3071 3037//3037 3079//3079
f 2715//2715 3064//3064 3028//3028
f 2519//2519 2550//2550 2454//2454
f 1241//1241 1275//1275 1366//1366
f 1759//1759 1829//1829 1319//1319
f 2250//2250 2521//2521 2146//2146
f 3782//3782 3412//3412 3268//3268
f 3650//3650 3632//3632 3618//3618
f 3650//3650 3618//3618 3632//3632
f 2850//2850 2759//2759 2514//2514
f 2687//2687 2840//2840 2924//2924
f 2462//2462 2514//2514 2460//2460
f 2462//2462 2460//2460 2416//2416
f 1763//1763 2042//2042 1911//1911
f 2462//2462 2862//2862 2514//2514
f 2514//2514 2598//2598 2596//2596
f 3998//3998 3967//3967 4013//4013
f 2583//2583 2596//2596 2598//2598
f 2977//2977 2862//2862 2850//2850
f 1294//1294 1306//1306 1216//1216
f 1294//1294 1216//1216 1306//1306
f 2460//2460 2514//2514 2521//2521
f 2078//2078 2566//2566 2323//2323
f 1545//1545 1587//1587 1575//1575
f 1541//1541 1560//1560 1592//1592
f 3302//3302 3369//3369 3339//3339
f 3302//3302 3339//3339 3369//3369
f 2840//2840 2800//2800 2846//2846
f 2511//2511 2581//2581 2562//2562
f 2288//2288 2492//2492 2263//2263
f 3924//3924 3965//3965 3990//3990
f 1577//1577 1295//1295 1361//1361
f 1729//1729 1792//1792 2007//2007
f 1604//1604 1792//1792 1729//1729
f 1447//1447 1461//1461 1477//1477
f 2661//2661 2636//2636 2664//2664
f 1577//1577 1604//1604 1729//1729
f 1945//1945 1950//1950 1963//1963
f 3187//3187 3120//3120 3073//3073
f 3361//3361 3276//3276 3238//3238
f 3357//3357 3388//3388 3320//3320
f 2673//2673 2263//2263 2492//2492
f 2769//2769 2818//2818 2834//2834
f 2769//2769 2834//2834 2818//2818
f 2880//2880 2904//2904 2735//2735
f 765//765 574//574 538//538
f 1139//1139 1142//1142 1175//1175
f 3444//3444 3371//3371 3400//3400
f 1577//1577 1615//1615 1640//1640
f 2880//2880 3176//3176 2904//2904
f 221//221 390//390 408//408
f 1520//1520 1516//1516 3161//3161
f 1520//1520 2305//2305 2201//2201
f 2356//2356 2462//2462 2427//2427
f 2537//2537 532//532 573//573
f 2299//2299 3161//3161 3000//3000
f 1409//1409 3161//3161 1516//1516
f 432//432 372//372 337//337
f 2456//2456 2511//2511 2499//2499
f 2456//2456 2499//2499 2511//2511
f 221//221 216//216 304//304
f 2026//2026 2521//2521 1992//1992
f 127//127 46//46 130//130
f 2521//2521 2496//2496 1992//1992
f 3507//3507 3323//3323 3433//3433
f 3320//3320 3365//3365 3388//3388
f 2598//2598 2631//2631 2583//2583
f 3092//3092 3181//3181 2850//2850
f 1445//1445 1458//1458 1499//1499
f 2741//2741 2744//2744 2830//2830
f 3196//3196 3042//3042 3206//3206
f 2805//2805 2825//2825 2842//2842
f 2805//2805 2758//2758 2764//2764
f 1241//1241 1245//1245 1320//1320
f 1163//1163 1188//1188 1154//1154
f 1140//1140 1192//1192 1151//1151
f 1552//1552 1679//1679 1311//1311
f 1552//1552 1311//1311 1679//1679
f 3654//3654 3850//3850 3693//3693
f 3//3 1//1 18//18
f 2701//2701 2931//2931 2824//2824
f 3555//3555 673//673 3553//3553
f 1976//1976 1889//1889 1931//1931
f 1997//1997 1976//1976 2223//2223
f 2515//2515 2493//2493 2223//2223
f 2586//2586 2562//2562 2744//2744
f 635//635 584//584 1195//1195
f 145//145 132//132 206//206
f 1243//1243 1172//1172 1185//1185
f 2741//2741 2800//2800 2819//2819
f 2441//2441 2412//2412 2348//2348
f 2055//2055 2089//2089 2041//2041
f 2202//2202 2223//2223 1976//1976
f 3039//3039 2980//2980 2863//2863
f 2232//2232 2359//2359 2330//2330
f 3243//3243 3264//3264 3275//3275
f 1166//1166 1231//1231 1238//1238
f 3435//3435 3430//3430 3395//3395
f 2353//2353 2534//2534 2515//2515
f 2273//2273 2353//2353 2202//2202
f 3263//3263 2803//2803 2927//2927
f 1092//1092 596//596 965//965
f 1075//1075 1029//1029 1019//1019
f 2202//2202 1976//1976 2023//2023
f 1999//1999 2491//2491 2008//2008
f 2521//2521 2524//2524 2491//2491
f 3119//3119 3215//3215 3217//3217
f 1939//1939 1943//1943 2001//2001
f 1138//1138 1139//1139 1140//1140
f 2444//2444 2452//2452 2532//2532
f 2388//2388 2257//2257 2323//2323
f 3006//3006 3097//3097 3016//3016
f 3405//3405 3369//3369 3381//3381
f 3297//3297 3330//3330 3381//3381
f 3018//3018 2887//2887 2978//2978
f 2830//2830 2833//2833 3005//3005
f 2934//2934 2871//2871 2722//2722
f 1076//1076 1116//1116 1133//1133
f 1862//1862 2593//2593 2346//2346
f 2830//2830 2800//2800 2833//2833
f 2556//2556 2051//2051 2018//2018
f 2741//2741 2744//2744 2630//2630
f 2562//2562 2581//2581 2630//2630
f 2808//2808 2844//2844 2863//2863
f 2562//2562 2630//2630 2744//2744
f 3094//3094 2735//2735 2931//2931
f 650//650 1290//1290 1776//1776
f 3262//3262 3253//3253 3226//3226
f 2511//2511 2515//2515 2534//2534
f 2466//2466 1968//1968 2023//2023
f 2466//2466 2023//2023 1968//1968
f 1837//1837 2025//2025 1968//1968
f 2414//2414 2451//2451 2466//2466
f 2961//2961 2905//2905 3010//3010
f 3220//3220 3146//3146 3096//3096
f 3220//3220 3096//3096 3146//3146
f 2451//2451 2562//2562 2534//2534
f 2846//2846 2800//2800 2890//2890
f 1411//1411 1523//1523 1367//1367
f 229//229 224//224 200//200
f 1135//1135 1180//1180 1174//1174
f 2757//2757 2630//2630 2890//2890
f 2562//2562 2890//2890 2630//2630
f 3196//3196 3187//3187 3073//3073
f 1378//1378 1651//1651 1543//1543
f 2983//2983 2846//2846 2890//2890
f 3234//3234 2186//2186 2903//2903
f 3062//3062 3207//3207 3220//3220
f 3261//3261 3375//3375 3160//3160
f 1182//1182 1272//1272 1309//1309
f 2335//2335 2318//2318 2331//2331
f 4040//4040 4041//4041 4050//4050
f 3405//3405 3417//3417 3358//3358
f 3405//3405 3358//3358 3417//3417
f 806//806 1345//1345 1350//1350
f 3160//3160 3259//3259 3184//3184
f 3//3 514//514 2//2
f 2906//2906 2806//2806 2851//2851
f 2851//2851 2852//2852 2973//2973
f 2973//2973 2852//2852 3160//3160
f 3266//3266 3151//3151 3053//3053
f 2748//2748 2842//2842 2806//2806
f 2906//2906 2748//2748 2806//2806
f 2424//2424 2514//2514 2542//2542
f 2424//2424 2542//2542 2906//2906
f 2615//2615 2748//2748 2543//2543
f 1986//1986 1973//1973 1911//1911
f 1709//1709 1875//1875 1653//1653
f 2906//2906 2542//2542 2748//2748
f 2424//2424 2314//2314 2416//2416
f 3313//3313 3385//3385 3318//3318
f 3313//3313 3318//3318 3385//3385
f 2038//2038 1973//1973 2314//2314
f 793//793 766//766 1074//1074
f 1907//1907 1973//1973 1650//1650
f 1175//1175 1145//1145 1185//1185
f 1450//1450 1653//1653 1650//1650
f 2660//2660 2363//2363 2622//2622
f 1680//1680 1650//1650 1653//1653
f 2668//2668 2700//2700 2760//2760
f 2082//2082 1716//1716 2031//2031
f 1680//1680 1709//1709 1650//1650
f 1351//1351 1335//1335 1441//1441
f 1775//1775 1907//1907 1650//1650
f 1775//1775 1650//1650 1709//1709
f 1392//1392 1357//1357 1243//1243
f 790//790 992//992 1063//1063
f 1185//1185 1174//1174 1232//1232
f 2520//2520 497//497 2334//2334
f 3193//3193 3260//3260 3219//3219
f 1182//1182 1185//1185 1232//1232
f 115//115 76//76 77//77
f 149//149 161//161 39//39
f 1320//1320 1392//1392 1286//1286
f 1180//1180 1209//1209 1284//1284
f 1180//1180 1174//1174 1209//1209
f 1135//1135 1209//1209 1174//1174
f 1145//1145 1174//1174 1185//1185
f 1444//1444 1378//1378 1209//1209
f 1166//1166 1238//1238 1204//1204
f 1170//1170 1169//1169 1212//1212
f 1170//1170 1212//1212 1169//1169
f 1931//1931 1896//1896 1968//1968
f 69//69 181//181 57//57
f 1517//1517 1640//1640 1639//1639
f 1698//1698 1703//1703 1651//1651
f 1751//1751 1703//1703 1698//1698
f 3257//3257 3258//3258 3351//3351
f 1517//1517 1378//1378 1444//1444
f 1517//1517 1639//1639 1378//1378
f 1837//1837 1795//1795 1751//1751
f 3297//3297 3330//3330 3262//3262
f 2967//2967 2959//2959 3011//3011
f 3333//3333 3366//3366 3297//3297
f 3297//3297 3279//3279 3245//3245
f 135//135 253//253 82//82
f 2462//2462 2521//2521 2514//2514
f 2451//2451 2499//2499 2447//2447
f 3302//3302 3339//3339 3239//3239
f 2610//2610 1436//1436 2501//2501
f 29//29 42//42 37//37
f 3134//3134 3121//3121 3026//3026
f 3007//3007 3005//3005 3210//3210
f 3007//3007 2880//2880 2924//2924
f 3007//3007 2924//2924 2880//2880
f 3007//3007 2924//2924 3053//3053
f 1361//1361 1497//1497 1405//1405
f 2586//2586 2492//2492 2447//2447
f 2687//2687 2492//2492 2728//2728
f 3278//3278 3307//3307 3344//3344
f 2405//2405 2447//2447 2492//2492
f 2314//2314 2354//2354 2424//2424
f 441//441 462//462 538//538
f 2229//2229 2175//2175 2149//2149
f 55//55 45//45 74//74
f 2118//2118 2314//2314 2181//2181
f 2314//2314 2427//2427 2354//2354
f 1520//1520 1496//1496 1530//1530
f 2873//2873 3770//3770 3908//3908
f 2427//2427 2471//2471 2354//2354
f 3006//3006 2851//2851 2973//2973
f 2851//2851 3016//3016 2853//2853
f 2973//2973 3016//3016 3097//3097
f 2906//2906 3016//3016 2973//2973
f 1416//1416 1452//1452 1418//1418
f 764//764 541//541 785//785
f 2235//2235 2203//2203 2252//2252
f 2906//2906 2853//2853 3016//3016
f 1892//1892 1623//1623 1710//1710
f 1892//1892 1710//1710 1623//1623
f 2007//2007 2172//2172 2673//2673
f 3131//3131 3044//3044 3110//3110
f 3900//3900 3897//3897 3973//3973
f 847//847 576//576 1011//1011
f 3417//3417 3363//3363 3436//3436
f 3417//3417 3436//3436 3363//3363
f 1070//1070 580//580 581//581
f 3014//3014 3047//3047 3032//3032
f 1854//1854 1904//1904 1884//1884
f 287//287 195//195 235//235
f 3417//3417 3375//3375 3363//3363
f 3266//3266 3320//3320 3207//3207
f 795//795 742//742 405//405
f 3266//3266 3086//3086 3062//3062
f 132//132 204//204 217//217
f 2904//2904 2983//2983 3086//3086
f 1541//1541 1598//1598 1579//1579
f 548//548 1804//1804 685//685
f 3444//3444 3371//3371 3406//3406
f 2890//2890 2841//2841 2845//2845
f 1010//1010 502//502 489//489
f 2714//2714 2451//2451 2841//2841
f 2951//2951 2953//2953 2404//2404
f 2288//2288 2263//2263 2210//2210
f 106//106 44//44 49//49
f 2128//2128 2280//2280 2210//2210
f 4042//4042 3441//3441 3661//3661
f 3185//3185 3006//3006 3161//3161
f 3216//3216 3176//3176 3053//3053
f 517//517 269//269 474//474
f 2356//2356 2227//2227 2327//2327
f 2299//2299 2305//2305 2227//2227
f 2299//2299 2227//2227 2305//2305
f 2202//2202 2036//2036 2144//2144
f 2977//2977 3006//3006 3185//3185
f 3366//3366 3365//3365 3352//3352
f 1584//1584 1778//1778 1903//1903
f 2280//2280 2335//2335 2210//2210
f 2280//2280 2202//2202 2273//2273
f 2356//2356 2354//2354 2250//2250
f 2977//2977 2862//2862 2906//2906
f 2977//2977 2906//2906 2862//2862
f 1621//1621 608//608 1255//1255
f 3007//3007 3062//3062 2983//2983
f 2491//2491 1999//1999 1992//1992
f 650//650 1198//1198 1290//1290
f 3308//3308 3305//3305 3365//3365
f 3308//3308 3365//3365 3305//3305
f 3459//3459 3473//3473 3386//3386
f 2961//2961 2968//2968 3009//3009
f 2596//2596 2543//2543 2542//2542
f 362//362 348//348 353//353
f 3266//3266 3320//3320 3279//3279
f 2270//2270 2233//2233 2248//2248
f 2456//2456 2466//2466 2353//2353
f 2285//2285 2488//2488 1583//1583
f 2405//2405 2353//2353 2414//2414
f 1218//1218 1209//1209 1157//1157
f 2405//2405 2336//2336 2353//2353
f 3092//3092 3097//3097 2977//2977
f 1496//1496 1516//1516 1530//1530
f 2906//2906 2862//2862 2977//2977
f 2785//2785 2734//2734 2769//2769
f 2785//2785 2769//2769 2734//2734
f 3092//3092 2881//2881 3097//3097
f 2833//2833 2983//2983 2890//2890
f 3062//3062 2833//2833 2830//2830
f 3062//3062 2830//2830 3005//3005
f 3306//3306 3369//3369 3358//3358
f 3302//3302 3185//3185 3281//3281
f 3302//3302 3281//3281 3185//3185
f 2282//2282 2444//2444 2277//2277
f 2976//2976 3354//3354 3422//3422
f 1011//1011 771//771 980//980
f 2732//2732 2920//2920 2727//2727
f 2792//2792 2772//2772 2818//2818
f 2213//2213 2257//2257 2388//2388
f 1716//1716 1900//1900 1712//1712
f 349//349 400//400 398//398
f 2405//2405 2414//2414 2280//2280
f 2405//2405 2280//2280 2414//2414
f 2341//2341 776//776 532//532
f 2092//2092 1950//1950 2093//2093
f 1196//1196 418//418 483//483
f 3878//3878 3946//3946 3917//3917
f 2210//2210 2194//2194 2087//2087
f 2714//2714 2449//2449 2403//2403
f 2714//2714 2904//2904 2845//2845
f 2904//2904 3086//3086 2998//2998
f 3324//3324 3294//3294 3384//3384
f 3266//3266 3357//3357 3320//3320
f 1723//1723 1765//1765 1677//1677
f 1654//1654 1718//1718 1588//1588
f 3994//3994 3965//3965 3941//3941
f 1238//1238 1277//1277 1204//1204
f 3954//3954 3895//3895 3979//3979
f 2830//2830 3005//3005 2819//2819
f 2830//2830 2819//2819 3005//3005
f 3430//3430 3436//3436 3388//3388
f 2451//2451 2684//2684 2841//2841
f 3207//3207 3320//3320 3279//3279
f 3207//3207 3279//3279 3320//3320
f 265//265 232//232 165//165
f 3259//3259 3097//3097 3184//3184
f 2650//2650 2628//2628 2636//2636
f 3234//3234 3295//3295 3332//3332
f 3006//3006 3016//3016 2851//2851
f 2424//2424 2471//2471 2427//2427
f 2424//2424 2427//2427 2471//2471
f 1055//1055 1109//1109 1083//1083
f 1367//1367 1385//1385 1250//1250
f 1367//1367 1250//1250 1385//1385
f 2977//2977 3006//3006 2862//2862
f 2977//2977 2862//2862 3006//3006
f 2672//2672 2645//2645 2636//2636
f 2672//2672 2636//2636 2645//2645
f 2403//2403 2342//2342 2210//2210
f 2714//2714 2845//2845 2647//2647
f 2384//2384 2439//2439 2469//2469
f 3068//3068 3065//3065 3088//3088
f 3266//3266 3207//3207 3086//3086
f 169//169 197//197 238//238
f 3259//3259 3363//3363 3375//3375
f 1414//1414 1733//1733 1728//1728
f 2983//2983 2845//2845 3086//3086
f 2082//2082 2118//2118 2181//2181
f 3007//3007 2924//2924 2983//2983
f 2026//2026 1973//1973 2038//2038
f 3375//3375 3358//3358 3363//3363
f 3375//3375 3363//3363 3259//3259
f 1795//1795 1896//1896 1931//1931
f 3908//3908 2689//2689 2666//2666
f 3007//3007 2904//2904 3038//3038
f 1053//1053 992//992 993//993
f 1053//1053 993//993 992//992
f 3395//3395 3366//3366 3279//3279
f 3395//3395 3430//3430 3366//3366
f 3395//3395 3405//3405 3430//3430
f 1945//1945 1831//1831 2029//2029
f 2451//2451 2841//2841 2630//2630
f 2451//2451 2630//2630 2841//2841
f 2714//2714 2630//2630 2841//2841
f 2714//2714 2841//2841 2630//2630
f 2424//2424 2354//2354 2471//2471
f 3331//3331 3347//3347 3290//3290
f 1654//1654 1694//1694 1718//1718
f 3395//3395 3430//3430 3357//3357
f 1101//1101 2595//2595 1058//1058
f 567//567 548//548 563//563
f 2414//2414 2403//2403 2210//2210
f 579//579 1861//1861 552//552
f 2714//2714 2403//2403 2451//2451
f 1733//1733 1740//1740 1815//1815
f 2314//2314 2132//2132 2181//2181
f 2738//2738 2471//2471 2851//2851
f 2906//2906 2973//2973 3006//3006
f 2714//2714 2630//2630 2451//2451
f 2714//2714 2451//2451 2414//2414
f 2273//2273 2134//2134 2023//2023
f 2780//2780 2611//2611 2381//2381
f 3062//3062 3220//3220 2991//2991
f 3245//3245 3220//3220 3262//3262
f 3297//3297 3245//3245 3262//3262
f 3297//3297 3262//3262 3330//3330
f 2800//2800 2757//2757 2784//2784
f 1326//1326 1353//1353 1224//1224
f 3227//3227 3163//3163 3175//3175
f 1369//1369 1274//1274 2324//2324
f 3405//3405 3358//3358 3369//3369
f 3242//3242 3261//3261 3160//3160
f 1238//1238 1222//1222 1204//1204
f 2583//2583 2748//2748 2615//2615
f 1188//1188 1228//1228 1266//1266
f 1429//1429 1579//1579 1683//1683
f 3479//3479 3409//3409 3036//3036
f 2008//2008 2524//2524 2314//2314
f 2405//2405 2280//2280 2202//2202
f 2521//2521 2543//2543 2524//2524
f 2524//2524 2543//2543 2314//2314
f 2424//2424 2906//2906 2471//2471
f 3097//3097 3160//3160 3184//3184
f 2131//2131 2108//2108 2102//2102
f 1244//1244 1261//1261 1415//1415
f 3417//3417 3358//3358 3375//3375
f 2714//2714 2841//2841 2890//2890
f 2393//2393 2358//2358 2545//2545
f 2146//2146 2132//2132 2171//2171
f 3216//3216 3266//3266 3176//3176
f 1238//1238 1277//1277 1253//1253
f 3473//3473 3693//3693 3857//3857
f 3395//3395 3320//3320 3435//3435
f 2658//2658 1858//1858 2994//2994
f 3294//3294 3382//3382 3347//3347
f 3294//3294 3347//3347 3382//3382
f 3245//3245 3220//3220 3207//3207
f 3333//3333 3435//3435 3320//3320
f 3297//3297 3262//3262 3279//3279
f 2460//2460 2543//2543 2521//2521
f 2462//2462 2416//2416 2460//2460
f 389//389 535//535 591//591
f 75//75 80//80 124//124
f 2862//2862 2851//2851 2806//2806
f 2607//2607 2057//2057 2619//2619
f 2462//2462 2460//2460 2521//2521
f 2451//2451 2534//2534 2499//2499
f 2830//2830 2833//2833 2800//2800
f 161//161 109//109 45//45
f 2082//2082 1665//1665 1650//1650
f 2850//2850 2806//2806 2842//2842
f 3330//3330 3226//3226 3327//3327
f 1281//1281 1306//1306 1213//1213
f 2850//2850 2842//2842 2852//2852
f 2036//2036 1819//1819 1883//1883
f 2514//2514 2543//2543 2542//2542
f 2514//2514 2542//2542 2543//2543
f 3942//3942 3910//3910 3957//3957
f 3366//3366 3330//3330 3297//3297
f 3296//3296 3317//3317 3375//3375
f 2521//2521 2491//2491 2496//2496
f 2740//2740 2583//2583 2631//2631
f 3405//3405 3352//3352 3426//3426
f 392//392 358//358 356//356
f 2850//2850 3181//3181 2825//2825
f 2511//2511 2223//2223 2493//2493
f 2202//2202 1997//1997 2223//2223
f 439//439 436//436 415//415
f 2740//2740 2758//2758 2583//2583
f 3479//3479 3164//3164 3693//3693
f 109//109 153//153 119//119
f 2764//2764 2758//2758 2740//2740
f 3242//3242 2825//2825 3181//3181
f 2060//2060 2103//2103 2073//2073
f 1344//1344 1370//1370 1329//1329
f 3381//3381 3369//3369 3407//3407
f 2741//2741 2819//2819 2744//2744
f 3924//3924 3889//3889 3892//3892
f 2171//2171 2192//2192 2327//2327
f 2138//2138 2124//2124 2213//2213
f 2288//2288 2880//2880 2492//2492
f 2880//2880 2735//2735 2492//2492
f 2299//2299 2305//2305 2283//2283
f 226//226 96//96 480//480
f 3984//3984 3683//3683 4042//4042
f 2366//2366 2369//2369 2298//2298
f 2405//2405 2414//2414 2335//2335
f 2977//2977 3006//3006 3000//3000
f 1296//1296 1689//1689 1002//1002
f 1554//1554 1541//1541 1492//1492
f 2879//2879 2435//2435 3171//3171
f 3000//3000 3006//3006 2977//2977
f 2405//2405 2414//2414 2456//2456
f 2456//2456 2353//2353 2336//2336
f 2314//2314 2250//2250 2416//2416
f 3380//3380 3301//3301 3344//3344
f 2687//2687 2728//2728 2880//2880
f 3154//3154 3033//3033 3099//3099
f 3266//3266 3216//3216 3210//3210
f 2391//2391 2325//2325 2345//2345
f 2391//2391 2345//2345 2325//2325
f 3266//3266 3210//3210 3333//3333
f 2175//2175 2296//2296 2494//2494
f 3007//3007 3210//3210 3216//3216
f 3007//3007 3216//3216 3210//3210
f 3401//3401 3381//3381 3407//3407
f 3401//3401 3407//3407 3381//3381
f 3092//3092 3185//3185 3239//3239
f 3092//3092 3239//3239 2977//2977
f 2759//2759 2631//2631 2598//2598
f 2805//2805 2740//2740 2759//2759
f 1684//1684 1765//1765 1661//1661
f 2805//2805 2764//2764 2740//2740
f 2805//2805 2850//2850 2825//2825
f 1718//1718 1954//1954 1893//1893
f 3306//3306 3296//3296 3242//3242
f 1470//1470 1474//1474 1601//1601
f 3381//3381 3407//3407 3369//3369
f 2202//2202 2223//2223 2511//2511
f 3333//3333 3210//3210 3279//3279
f 3239//3239 3227//3227 3242//3242
f 2131//2131 2102//2102 2034//2034
f 3306//3306 3239//3239 3339//3339
f 3007//3007 3038//3038 2999//2999
f 3379//3379 3376//3376 3346//3346
f 335//335 360//360 336//336
f 140//140 157//157 156//156
f 2285//2285 1583//1583 572//572
f 1047//1047 1086//1086 1099//1099
f 3191//3191 2905//2905 3009//3009
f 3196//3196 1463//1463 2232//2232
f 2852//2852 2806//2806 2748//2748
f 3007//3007 2983//2983 3062//3062
f 2840//2840 2833//2833 2890//2890
f 1997//1997 2315//2315 2223//2223
f 3210//3210 3245//3245 3207//3207
f 2522//2522 2303//2303 2494//2494
f 3245//3245 3279//3279 3220//3220
f 197//197 459//459 414//414
f 3306//3306 3242//3242 3227//3227
f 2687//2687 2840//2840 2880//2880
f 3306//3306 3227//3227 3358//3358
f 3296//3296 3358//3358 3369//3369
f 3449//3449 3179//3179 3020//3020
f 2906//2906 2881//2881 2850//2850
f 3632//3632 3634//3634 3627//3627
f 98//98 110//110 97//97
f 3999//3999 4008//4008 4018//4018
f 1450//1450 1392//1392 1661//1661
f 2714//2714 2841//2841 2728//2728
f 2714//2714 2728//2728 2586//2586
f 2624//2624 2642//2642 2656//2656
f 2624//2624 2656//2656 2642//2642
f 2788//2788 2770//2770 2673//2673
f 1180//1180 1163//1163 1157//1157
f 3210//3210 3320//3320 3333//3333
f 1171//1171 643//643 1179//1179
f 2295//2295 2263//2263 2120//2120
f 3435//3435 3333//3333 3357//3357
f 1095//1095 1061//1061 1059//1059
f 1426//1426 1481//1481 1360//1360
f 3309//3309 2816//2816 2755//2755
f 529//529 528//528 508//508
f 3092//3092 3239//3239 3097//3097
f 3339//3339 3259//3259 3239//3239
f 1274//1274 1323//1323 1256//1256
f 2851//2851 2631//2631 2862//2862
f 2862//2862 2674//2674 2631//2631
f 2405//2405 2273//2273 2447//2447
f 515//515 508//508 309//309
f 2687//2687 2841//2841 2714//2714
f 3007//3007 2983//2983 2924//2924
f 1504//1504 1514//1514 1625//1625
f 516//516 565//565 597//597
f 3430//3430 3381//3381 3407//3407
f 3045//3045 2993//2993 3446//3446
f 3333//3333 3381//3381 3366//3366
f 1824//1824 1832//1832 1630//1630
f 2462//2462 2598//2598 2026//2026
f 3092//3092 3259//3259 3239//3239
f 3092//3092 3239//3239 3259//3259
f 3082//3082 3077//3077 3018//3018
f 363//363 405//405 367//367
f 2462//2462 2416//2416 2474//2474
f 3302//3302 3259//3259 3339//3339
f 3333//3333 3366//3366 3357//3357
f 2273//2273 2202//2202 2194//2194
f 2273//2273 2194//2194 2202//2202
f 603//603 1010//1010 1167//1167
f 3333//3333 3320//3320 3210//3210
f 2880//2880 2904//2904 2841//2841
f 2880//2880 2841//2841 2904//2904
f 149//149 80//80 39//39
f 3401//3401 3426//3426 3407//3407
f 3401//3401 3407//3407 3426//3426
f 2862//2862 2851//2851 2906//2906
f 1895//1895 3198//3198 2922//2922
f 2385//2385 2611//2611 2576//2576
f 2356//2356 2427//2427 2416//2416
f 2864//2864 2888//2888 2854//2854
f 2864//2864 2854//2854 2888//2888
f 1380//1380 1429//1429 1505//1505
f 3369//3369 3339//3339 3363//3363
f 2861//2861 3276//3276 3240//3240
f 2674//2674 2542//2542 2631//2631
f 2082//2082 2031//2031 2042//2042
f 1367//1367 1385//1385 1512//1512
f 2146//2146 2082//2082 2042//2042
f 2146//2146 2042//2042 2082//2082
f 2525//2525 2681//2681 2006//2006
f 1180//1180 1209//1209 1157//1157
f 1180//1180 1157//1157 1209//1209
f 4038//4038 3297//3297 3678//3678
f 1577//1577 1551//1551 1604//1604
f 824//824 787//787 755//755
f 824//824 755//755 787//787
f 55//55 74//74 125//125
f 1437//1437 1326//1326 1223//1223
f 1437//1437 1223//1223 1326//1326
f 233//233 198//198 267//267
f 353//353 339//339 369//369
f 1140//1140 1139//1139 1174//1174
f 1185//1185 1145//1145 1151//1151
f 1510//1510 1496//1496 1530//1530
f 1604//1604 1837//1837 1883//1883
f 2004//2004 1974//1974 1693//1693
f 1536//1536 1437//1437 1517//1517
f 3191//3191 3209//3209 3010//3010
f 1142//1142 1219//1219 1172//1172
f 1559//1559 1591//1591 1602//1602
f 1337//1337 1238//1238 1411//1411
f 1602//1602 1591//1591 1647//1647
f 1143//1143 1172//1172 1182//1182
f 1602//1602 1647//1647 1665//1665
f 4//4 192//192 6//6
f 2478//2478 2718//2718 2662//2662
f 31//31 61//61 59//59
f 1723//1723 1638//1638 1653//1653
f 1275//1275 1175//1175 1219//1219
f 1658//1658 1604//1604 1536//1536
f 1161//1161 1204//1204 1199//1199
f 3294//3294 3290//3290 3390//3390
f 2031//2031 2042//2042 2118//2118
f 2036//2036 1883//1883 1819//1819
f 587//587 1052//1052 1071//1071
f 2219//2219 1524//1524 1912//1912
f 1366//1366 1642//1642 1345//1345
f 1241//1241 1245//1245 1366//1366
f 1241//1241 1366//1366 1245//1245
f 742//742 398//398 405//405
f 439//439 415//415 436//436
f 870//870 796//796 847//847
f 870//870 847//847 796//796
f 1218//1218 1188//1188 1163//1163
f 1244//1244 1233//1233 1192//1192
f 2964//2964 2946//2946 2962//2962
f 199//199 195//195 42//42
f 184//184 243//243 180//180
f 1266//1266 1284//1284 1303//1303
f 1266//1266 1303//1303 1284//1284
f 3666//3666 3734//3734 3700//3700
f 3693//3693 3569//3569 3860//3860
f 1679//1679 1751//1751 1754//1754
f 1679//1679 1754//1754 1751//1751
f 2876//2876 3228//3228 3287//3287
f 2876//2876 3287//3287 3228//3228
f 1889//1889 1754//1754 1931//1931
f 1112//1112 1130//1130 1113//1113
f 2322//2322 2559//2559 2500//2500
f 2414//2414 2451//2451 2406//2406
f 2414//2414 2406//2406 2451//2451
f 3432//3432 3475//3475 3885//3885
f 3130//3130 3161//3161 3121//3121
f 3607//3607 3874//3874 3839//3839
f 1656//1656 1667//1667 1738//1738
f 1405//1405 1353//1353 1468//1468
f 3995//3995 3985//3985 3950//3950
f 330//330 389//389 420//420
f 3181//3181 2839//2839 3244//3244
f 1157//1157 1158//1158 1135//1135
f 3181//3181 3244//3244 2839//2839
f 3103//3103 3120//3120 3073//3073
f 1241//1241 1286//1286 1232//1232
f 1241//1241 1232//1232 1286//1286
f 97//97 202//202 94//94
f 257//257 244//244 282//282
f 1163//1163 1164//1164 1174//1174
f 1351//1351 1269//1269 1387//1387
f 1185//1185 1174//1174 1164//1164
f 3//3 524//524 1//1
f 1180//1180 1218//1218 1163//1163
f 1218//1218 1284//1284 1266//1266
f 1218//1218 1266//1266 1284//1284
f 1378//1378 1552//1552 1311//1311
f 1378//1378 1543//1543 1552//1552
f 1751//1751 1795//1795 1754//1754
f 1339//1339 1299//1299 1114//1114
f 1225//1225 1228//1228 1284//1284
f 1931//1931 1968//1968 2023//2023
f 1931//1931 2023//2023 1968//1968
f 117//117 229//229 200//200
f 2899//2899 2937//2937 2992//2992
f 1182//1182 1241//1241 1243//1243
f 323//323 301//301 265//265
f 1638//1638 1680//1680 1653//1653
f 985//985 996//996 994//994
f 1366//1366 1245//1245 1345//1345
f 1366//1366 1345//1345 1245//1245
f 1986//1986 2042//2042 1973//1973
f 2036//2036 1931//1931 1968//1968
f 1559//1559 1647//1647 1591//1591
f 1559//1559 1591//1591 1647//1647
f 3434//3434 3398//3398 3376//3376
f 491//491 246//246 192//192
f 1142//1142 1147//1147 1219//1219
f 1139//1139 1147//1147 1142//1142
f 1968//1968 1896//1896 1795//1795
f 3401//3401 3369//3369 3339//3339
f 4029//4029 3998//3998 4013//4013
f 3693//3693 3582//3582 3530//3530
f 2196//2196 2496//2496 1992//1992
f 1225//1225 1284//1284 1251//1251
f 160//160 255//255 153//153
f 160//160 153//153 255//255
f 824//824 1241//1241 1366//1366
f 543//543 1205//1205 1803//1803
f 1776//1776 2363//2363 1374//1374
f 2082//2082 2181//2181 2071//2071
f 2082//2082 2071//2071 2181//2181
f 2082//2082 2071//2071 1665//1665
f 2082//2082 1665//1665 2071//2071
f 1297//1297 1617//1617 1441//1441
f 149//149 39//39 72//72
f 2041//2041 2089//2089 2158//2158
f 1182//1182 1172//1172 1235//1235
f 1450//1450 1182//1182 1357//1357
f 1517//1517 1508//1508 1536//1536
f 1311//1311 1303//1303 1378//1378
f 2456//2456 2202//2202 2735//2735
f 1881//1881 1969//1969 2081//2081
f 229//229 212//212 114//114
f 229//229 114//114 212//212
f 1135//1135 1174//1174 1145//1145
f 3259//3259 3342//3342 3358//3358
f 210//210 239//239 166//166
f 1180//1180 1209//1209 1174//1174
f 1135//1135 1172//1172 1140//1140
f 1135//1135 1224//1224 1189//1189
f 1326//1326 1209//1209 1224//1224
f 1072//1072 1187//1187 1299//1299
f 1444//1444 1577//1577 1640//1640
f 2007//2007 2025//2025 1837//1837
f 1163//1163 1154//1154 1164//1164
f 350//350 370//370 314//314
f 1837//1837 1640//1640 2025//2025
f 2025//2025 1772//1772 2077//2077
f 1195//1195 584//584 1221//1221
f 1571//1571 2146//2146 2042//2042
f 1837//1837 1772//1772 1640//1640
f 2599//2599 2709//2709 2670//2670
f 1409//1409 1516//1516 1526//1526
f 1883//1883 1819//1819 1772//1772
f 3717//3717 3437//3437 3666//3666
f 2007//2007 2087//2087 2025//2025
f 2150//2150 2229//2229 2149//2149
f 33//33 46//46 35//35
f 2171//2171 2201//2201 2227//2227
f 1520//1520 1530//1530 1516//1516
f 3094//3094 3409//3409 3372//3372
f 1517//1517 1497//1497 1361//1361
f 1362//1362 1295//1295 1361//1361
f 1517//1517 1361//1361 1295//1295
f 3012//3012 3109//3109 3463//3463
f 1362//1362 1517//1517 1295//1295
f 1637//1637 1445//1445 1594//1594
f 223//223 270//270 232//232
f 1295//1295 1158//1158 1224//1224
f 2414//2414 2406//2406 2449//2449
f 1496//1496 1516//1516 1530//1530
f 2263//2263 2172//2172 2210//2210
f 2280//2280 2210//2210 2172//2172
f 1881//1881 2009//2009 1608//1608
f 1325//1325 1318//1318 1314//1314
f 1080//1080 1124//1124 1132//1132
f 1639//1639 1574//1574 1551//1551
f 1559//1559 1501//1501 1530//1530
f 1559//1559 1530//1530 1501//1501
f 3439//3439 3461//3461 3465//3465
f 1444//1444 1326//1326 1437//1437
f 1444//1444 1437//1437 1326//1326
f 3338//3338 2626//2626 3114//3114
f 1536//1536 1551//1551 1444//1444
f 3625//3625 3618//3618 3590//3590
f 1604//1604 1551//1551 1615//1615
f 1604//1604 1819//1819 1640//1640
f 1883//1883 1896//1896 2077//2077
f 1883//1883 2077//2077 1896//1896
f 1931//1931 1968//1968 1883//1883
f 2777//2777 3314//3314 2874//2874
f 1090//1090 1101//1101 1058//1058
f 2819//2819 2744//2744 2824//2824
f 2003//2003 2144//2144 2134//2134
f 2144//2144 2087//2087 2134//2134
f 1378//1378 1454//1454 1461//1461
f 1638//1638 1510//1510 1653//1653
f 55//55 141//141 119//119
f 1763//1763 1775//1775 1680//1680
f 1651//1651 1639//1639 1508//1508
f 1225//1225 1353//1353 1233//1233
f 1241//1241 1175//1175 1232//1232
f 1241//1241 1232//1232 1175//1175
f 1599//1599 1724//1724 1523//1523
f 2138//2138 1864//1864 2022//2022
f 2132//2132 2171//2171 2155//2155
f 2187//2187 2272//2272 2159//2159
f 1520//1520 1571//1571 1549//1549
f 2247//2247 2272//2272 2187//2187
f 1614//1614 1624//1624 1800//1800
f 2981//2981 3126//3126 2549//2549
f 3208//3208 3140//3140 3209//3209
f 3321//3321 3494//3494 3319//3319
f 1837//1837 2087//2087 2077//2077
f 3425//3425 3019//3019 3263//3263
f 1444//1444 1640//1640 1551//1551
f 3176//3176 3266//3266 3241//3241
f 1444//1444 1326//1326 1224//1224
f 1602//1602 1665//1665 2082//2082
f 2952//2952 3141//3141 2681//2681
f 1602//1602 1530//1530 1501//1501
f 1602//1602 1501//1501 1530//1530
f 2036//2036 1968//1968 2025//2025
f 1636//1636 1632//1632 1885//1885
f 1517//1517 1444//1444 1551//1551
f 1517//1517 1551//1551 1444//1444
f 1517//1517 1615//1615 1640//1640
f 1449//1449 1402//1402 1526//1526
f 2740//2740 2801//2801 3318//3318
f 2397//2397 2469//2469 2312//2312
f 2846//2846 2920//2920 2847//2847
f 1135//1135 1189//1189 1180//1180
f 1170//1170 1220//1220 1204//1204
f 470//470 583//583 459//459
f 3618//3618 3637//3637 3590//3590
f 1116//1116 1109//1109 1149//1149
f 1837//1837 2077//2077 1772//1772
f 1085//1085 1076//1076 1126//1126
f 1275//1275 1496//1496 1366//1366
f 1345//1345 1642//1642 1287//1287
f 1640//1640 1615//1615 1551//1551
f 2503//2503 2625//2625 2446//2446
f 2839//2839 405//405 3244//3244
f 1517//1517 1551//1551 1615//1615
f 1223//1223 1218//1218 1157//1157
f 1223//1223 1157//1157 1218//1218
f 1243//1243 1235//1235 1172//1172
f 1180//1180 1189//1189 1224//1224
f 1243//1243 1357//1357 1235//1235
f 1450//1450 1501//1501 1357//1357
f 1602//1602 1650//1650 1450//1450
f 1602//1602 1450//1450 1650//1650
f 1185//1185 1145//1145 1182//1182
f 1517//1517 1640//1640 1639//1639
f 1517//1517 1639//1639 1640//1640
f 2238//2238 2297//2297 2362//2362
f 1776//1776 2244//2244 2489//2489
f 1602//1602 2082//2082 2031//2031
f 1243//1243 1182//1182 1450//1450
f 1158//1158 1224//1224 1180//1180
f 98//98 97//97 205//205
f 1180//1180 1224//1224 1135//1135
f 2777//2777 2874//2874 1756//1756
f 2348//2348 2470//2470 2412//2412
f 4039//4039 4017//4017 4011//4011
f 3070//3070 3074//3074 3002//3002
f 1829//1829 2020//2020 1855//1855
f 1517//1517 1577//1577 1444//1444
f 201//201 387//387 227//227
f 1602//1602 1650//1650 1716//1716
f 1070//1070 1187//1187 1072//1072
f 2273//2273 2023//2023 2466//2466
f 1778//1778 1733//1733 1815//1815
f 1679//1679 1703//1703 1751//1751
f 764//764 1163//1163 1164//1164
f 1232//1232 1174//1174 1185//1185
f 1241//1241 1232//1232 1185//1185
f 3188//3188 3464//3464 3025//3025
f 1793//1793 1866//1866 1791//1791
f 3035//3035 2975//2975 2888//2888
f 1763//1763 1775//1775 1765//1765
f 1907//1907 1775//1775 1900//1900
f 1911//1911 1907//1907 1900//1900
f 1911//1911 1973//1973 1907//1907
f 1911//1911 1907//1907 1973//1973
f 1258//1258 1335//1335 1312//1312
f 1135//1135 1174//1174 1145//1145
f 1115//1115 1135//1135 1142//1142
f 1147//1147 1143//1143 1182//1182
f 841//841 1230//1230 1248//1248
f 1219//1219 1182//1182 1309//1309
f 1218//1218 1303//1303 1266//1266
f 1658//1658 1698//1698 1679//1679
f 1658//1658 1679//1679 1698//1698
f 2026//2026 2042//2042 1986//1986
f 1656//1656 1667//1667 1738//1738
f 2036//2036 2025//2025 2023//2023
f 1641//1641 1651//1651 1639//1639
f 3045//3045 3466//3466 1991//1991
f 1679//1679 1698//1698 1651//1651
f 2880//2880 2840//2840 2687//2687
f 2026//2026 2038//2038 2031//2031
f 2026//2026 2031//2031 2038//2038
f 2031//2031 1973//1973 2042//2042
f 3198//3198 1388//1388 1282//1282
f 1090//1090 1034//1034 1124//1124
f 1218//1218 1284//1284 1209//1209
f 1949//1949 2355//2355 2196//2196
f 1182//1182 1232//1232 1241//1241
f 1241//1241 1286//1286 1243//1243
f 1437//1437 1311//1311 1552//1552
f 377//377 320//320 419//419
f 2973//2973 3095//3095 2972//2972
f 1164//1164 1176//1176 1241//1241
f 3198//3198 1282//1282 3076//3076
f 1311//1311 1266//1266 1303//1303
f 2684//2684 2795//2795 2487//2487
f 4002//4002 3996//3996 3976//3976
f 1728//1728 1725//1725 1622//1622
f 2085//2085 1792//1792 1536//1536
f 1604//1604 1500//1500 1792//1792
f 184//184 205//205 181//181
f 2084//2084 1988//1988 2137//2137
f 1275//1275 1309//1309 1397//1397
f 1142//1142 1143//1143 1147//1147
f 1147//1147 1182//1182 1219//1219
f 2242//2242 2232//2232 2254//2254
f 1138//1138 1135//1135 1115//1115
f 446//446 203//203 291//291
f 2464//2464 2829//2829 1894//1894
f 1520//1520 2201//2201 2171//2171
f 1479//1479 1561//1561 1586//1586
f 42//42 183//183 37//37
f 2457//2457 2223//2223 2315//2315
f 1658//1658 1536//1536 1639//1639
f 1299//1299 1155//1155 1114//1114
f 1723//1723 1775//1775 1763//1763
f 1602//1602 1591//1591 1638//1638
f 2036//2036 2087//2087 2144//2144
f 3038//3038 2735//2735 3094//3094
f 2042//2042 2146//2146 2118//2118
f 1648//1648 1339//1339 1961//1961
f 1658//1658 1751//1751 1754//1754
f 1733//1733 1740//1740 1687//1687
f 1536//1536 1362//1362 1437//1437
f 3001//3001 2170//2170 2799//2799
f 1275//1275 1219//1219 1147//1147
f 1139//1139 1175//1175 1163//1163
f 1275//1275 1241//1241 1175//1175
f 1275//1275 1175//1175 1241//1241
f 1559//1559 1647//1647 1510//1510
f 1559//1559 1510//1510 1647//1647
f 1723//1723 1638//1638 1647//1647
f 1552//1552 1679//1679 1649//1649
f 1366//1366 1510//1510 1638//1638
f 2535//2535 2484//2484 2444//2444
f 1241//1241 1176//1176 1175//1175
f 1218//1218 1163//1163 1154//1154
f 1175//1175 1176//1176 1154//1154
f 3928//3928 3717//3717 3869//3869
f 1679//1679 1437//1437 1552//1552
f 123//123 168//168 244//244
f 1658//1658 1889//1889 1883//1883
f 1241//1241 1275//1275 1243//1243
f 1241//1241 1243//1243 1275//1275
f 1275//1275 1219//1219 1243//1243
f 1219//1219 1309//1309 1243//1243
f 1899//1899 1911//1911 1973//1973
f 1723//1723 1709//1709 1775//1775
f 1723//1723 1775//1775 1709//1709
f 1723//1723 1680//1680 1775//1775
f 1658//1658 1698//1698 1751//1751
f 1234//1234 1349//1349 1453//1453
f 3850//3850 3889//3889 3941//3941
f 2687//2687 2728//2728 2586//2586
f 128//128 130//130 120//120
f 1536//1536 1508//1508 1639//1639
f 1658//1658 1639//1639 1651//1651
f 1602//1602 1638//1638 1653//1653
f 1602//1602 1653//1653 1591//1591
f 2004//2004 2529//2529 1981//1981
f 1401//1401 1319//1319 1770//1770
f 1362//1362 1223//1223 1437//1437
f 3377//3377 3260//3260 3344//3344
f 1139//1139 1142//1142 1151//1151
f 1647//1647 1799//1799 1797//1797
f 2128//2128 2036//2036 2144//2144
f 1345//1345 1287//1287 1675//1675
f 1837//1837 1819//1819 1883//1883
f 1658//1658 1883//1883 1819//1819
f 1604//1604 1658//1658 1819//1819
f 2285//2285 510//510 2244//2244
f 1223//1223 1209//1209 1218//1218
f 2886//2886 2882//2882 2843//2843
f 541//541 468//468 544//544
f 1559//1559 1510//1510 1530//1530
f 380//380 402//402 390//390
f 1647//1647 1712//1712 1799//1799
f 1138//1138 1163//1163 1180//1180
f 2851//2851 2471//2471 2468//2468
f 897//897 941//941 868//868
f 2202//2202 2128//2128 2194//2194
f 1223//1223 1157//1157 1209//1209
f 1837//1837 1883//1883 1772//1772
f 1911//1911 1947//1947 1973//1973
f 1577//1577 1658//1658 1615//1615
f 1517//1517 1437//1437 1508//1508
f 3632//3632 3590//3590 3634//3634
f 1444//1444 1551//1551 1508//1508
f 1444//1444 1508//1508 1551//1551
f 1559//1559 1602//1602 1665//1665
f 1138//1138 1174//1174 1163//1163
f 1142//1142 1172//1172 1185//1185
f 1339//1339 1114//1114 1153//1153
f 2031//2031 2042//2042 1799//1799
f 1803//1803 412//412 269//269
f 1553//1553 1594//1594 1599//1599
f 2869//2869 2839//2839 2781//2781
f 1614//1614 1649//1649 1696//1696
f 3396//3396 3457//3457 3447//3447
f 2195//2195 2233//2233 2248//2248
f 1569//1569 1522//1522 1262//1262
f 824//824 741//741 402//402
f 1482//1482 591//591 827//827
f 3447//3447 3424//3424 3462//3462
f 2507//2507 3234//3234 2903//2903
f 1997//1997 2315//2315 1944//1944
f 1658//1658 1679//1679 1641//1641
f 1696//1696 1944//1944 1800//1800
f 1979//1979 1994//1994 2142//2142
f 239//239 344//344 213//213
f 127//127 218//218 240//240
f 555//555 300//300 327//327
f 710//710 1304//1304 1186//1186
f 1759//1759 1688//1688 1750//1750
f 1895//1895 2922//2922 2355//2355
f 4019//4019 4023//4023 4007//4007
f 2496//2496 2196//2196 2355//2355
f 2781//2781 2355//2355 2922//2922
f 1895//1895 1675//1675 1388//1388
f 650//650 645//645 1160//1160
f 3437//3437 3325//3325 3399//3399
f 326//326 1098//1098 2425//2425
f 531//531 519//519 534//534
f 1895//1895 1949//1949 1675//1675
f 325//325 241//241 441//441
f 2507//2507 2903//2903 2895//2895
f 1729//1729 1772//1772 1640//1640
f 1454//1454 1415//1415 1240//1240
f 205//205 176//176 179//179
f 318//318 340//340 378//378
f 1939//1939 1810//1810 1815//1815
f 2180//2180 2545//2545 2566//2566
f 1679//1679 1614//1614 1754//1754
f 2742//2742 2901//2901 2905//2905
f 2238//2238 2115//2115 2122//2122
f 2744//2744 2701//2701 2824//2824
f 2819//2819 2824//2824 3164//3164
f 2150//2150 2149//2149 2080//2080
f 2150//2150 2080//2080 2149//2149
f 3119//3119 3122//3122 3098//3098
f 3119//3119 3098//3098 3122//3122
f 2488//2488 2387//2387 2212//2212
f 3189//3189 3397//3397 3316//3316
f 1949//1949 1282//1282 1783//1783
f 4016//4016 4020//4020 4003//4003
f 1300//1300 1614//1614 1266//1266
f 2449//2449 2406//2406 2594//2594
f 1889//1889 1754//1754 1800//1800
f 2457//2457 2315//2315 2564//2564
f 2493//2493 2457//2457 2564//2564
f 2744//2744 2592//2592 2701//2701
f 2493//2493 2701//2701 2592//2592
f 3169//3169 3341//3341 3164//3164
f 2391//2391 2325//2325 2478//2478
f 2391//2391 2478//2478 2325//2325
f 249//249 70//70 30//30
f 3300//3300 3367//3367 3251//3251
f 3286//3286 3341//3341 3407//3407
f 1365//1365 1318//1318 1263//1263
f 365//365 361//361 360//360
f 2839//2839 3244//3244 3318//3318
f 183//183 80//80 39//39
f 3313//3313 3318//3318 3244//3244
f 3660//3660 3729//3729 1756//1756
f 227//227 149//149 39//39
f 1654//1654 1623//1623 1718//1718
f 2839//2839 3318//3318 2801//2801
f 3153//3153 2715//2715 3027//3027
f 2496//2496 1282//1282 1949//1949
f 2740//2740 1282//1282 2496//2496
f 3198//3198 3076//3076 3318//3318
f 1287//1287 1642//1642 1282//1282
f 3659//3659 3864//3864 3816//3816
f 262//262 229//229 240//240
f 262//262 240//240 229//229
f 1759//1759 1839//1839 1978//1978
f 1642//1642 1764//1764 1282//1282
f 1517//1517 1551//1551 1639//1639
f 2740//2740 2552//2552 2781//2781
f 3181//3181 3201//3201 3244//3244
f 1556//1556 1509//1509 1588//1588
f 2438//2438 2592//2592 2783//2783
f 3306//3306 3313//3313 3296//3296
f 2283//2283 3134//3134 1853//1853
f 1570//1570 1439//1439 1519//1519
f 2744//2744 2783//2783 2592//2592
f 2420//2420 2352//2352 2584//2584
f 1889//1889 1944//1944 1754//1754
f 1754//1754 1944//1944 1696//1696
f 1679//1679 1754//1754 1649//1649
f 2787//2787 2478//2478 2634//2634
f 1552//1552 1649//1649 1350//1350
f 3675//3675 3423//3423 3458//3458
f 3601//3601 3632//3632 3618//3618
f 1552//1552 1350//1350 1266//1266
f 2123//2123 3906//3906 3404//3404
f 2500//2500 2322//2322 2029//2029
f 1800//1800 1624//1624 1977//1977
f 2797//2797 2734//2734 2834//2834
f 2797//2797 2834//2834 2734//2734
f 97//97 84//84 91//91
f 97//97 91//91 84//84
f 429//429 428//428 442//442
f 2973//2973 2972//2972 3095//3095
f 1944//1944 1977//1977 1624//1624
f 2422//2422 2657//2657 1410//1410
f 1634//1634 1579//1579 1560//1560
f 273//273 293//293 341//341
f 3198//3198 3318//3318 3313//3313
f 3361//3361 3371//3371 3399//3399
f 1245//1245 1176//1176 1154//1154
f 2843//2843 2895//2895 2655//2655
f 2434//2434 2455//2455 2338//2338
f 3428//3428 3359//3359 3283//3283
f 1284//1284 1267//1267 1270//1270
f 1284//1284 1270//1270 1267//1267
f 2042//2042 2110//2110 2250//2250
f 2783//2783 3169//3169 2701//2701
f 3022//3022 3459//3459 3386//3386
f 1696//1696 1800//1800 1624//1624
f 3255//3255 3085//3085 3145//3145
f 1300//1300 1188//1188 1350//1350
f 2457//2457 2315//2315 2223//2223
f 1997//1997 2223//2223 2315//2315
f 1345//1345 1245//1245 1287//1287
f 1345//1345 1287//1287 1245//1245
f 3033//3033 3154//3154 3099//3099
f 2960//2960 3078//3078 3107//3107
f 3169//3169 2819//2819 3164//3164
f 3647//3647 3521//3521 3493//3493
f 2783//2783 2819//2819 3169//3169
f 244//244 255//255 161//161
f 3395//3395 3388//3388 3320//3320
f 3201//3201 3198//3198 3313//3313
f 3201//3201 3313//3313 3198//3198
f 3094//3094 3372//3372 3101//3101
f 2839//2839 2922//2922 3201//3201
f 2922//2922 3198//3198 3201//3201
f 2193//2193 1898//1898 1660//1660
f 580//580 691//691 525//525
f 1228//1228 1188//1188 1266//1266
f 3249//3249 3159//3159 3195//3195
f 1524//1524 1530//1530 1417//1417
f 1702//1702 1683//1683 1579//1579
f 3478//3478 3468//3468 3631//3631
f 2595//2595 3637//3637 3699//3699
f 2961//2961 2716//2716 2742//2742
f 1660//1660 1477//1477 1633//1633
f 2781//2781 2552//2552 2355//2355
f 1976//1976 1997//1997 2223//2223
f 1976//1976 2223//2223 1997//1997
f 1997//1997 1944//1944 1889//1889
f 3108//3108 2879//2879 3171//3171
f 1405//1405 1497//1497 1467//1467
f 3286//3286 3407//3407 3345//3345
f 2740//2740 2496//2496 2552//2552
f 2496//2496 1949//1949 1992//1992
f 1733//1733 1687//1687 1702//1702
f 1287//1287 1388//1388 1675//1675
f 2493//2493 2592//2592 2438//2438
f 2563//2563 2503//2503 2579//2579
f 1949//1949 2196//2196 1992//1992
f 2438//2438 2564//2564 2315//2315
f 1915//1915 2685//2685 2873//2873
f 2438//2438 2783//2783 2564//2564
f 2783//2783 2701//2701 2564//2564
f 1718//1718 1920//1920 1706//1706
f 306//306 302//302 312//312
f 1754//1754 1696//1696 1649//1649
f 3625//3625 3637//3637 3618//3618
f 3295//3295 3099//3099 3154//3154
f 3240//3240 3276//3276 3335//3335
f 2250//2250 2110//2110 2227//2227
f 2001//2001 2563//2563 2053//2053
f 2042//2042 2250//2250 2227//2227
f 2021//2021 1987//1987 1863//1863
f 2079//2079 710//710 986//986
f 3223//3223 3194//3194 3132//3132
f 2553//2553 2635//2635 2648//2648
f 3185//3185 3092//3092 3302//3302
f 2977//2977 3092//3092 3185//3185
f 3185//3185 3239//3239 3092//3092
f 3435//3435 3333//3333 3381//3381
f 2238//2238 2507//2507 2362//2362
f 1700//1700 1752//1752 1695//1695
f 1852//1852 1878//1878 1848//1848
f 1313//1313 1438//1438 1327//1327
f 3435//3435 3381//3381 3333//3333
f 3401//3401 3369//3369 3407//3407
f 3401//3401 3407//3407 3369//3369
f 3107//3107 3078//3078 3091//3091
f 3107//3107 3091//3091 3078//3078
f 3216//3216 3210//3210 3333//3333
f 2901//2901 2794//2794 2835//2835
f 1803//1803 2422//2422 1410//1410
f 2687//2687 2447//2447 2586//2586
f 2180//2180 2226//2226 2177//2177
f 2687//2687 2586//2586 2447//2447
f 603//603 587//587 535//535
f 1603//1603 1641//1641 1658//1658
f 2880//2880 2728//2728 2687//2687
f 2880//2880 2687//2687 2728//2728
f 1381//1381 2084//2084 1390//1390
f 2405//2405 2447//2447 2586//2586
f 2363//2363 1256//1256 2367//2367
f 2447//2447 2202//2202 2336//2336
f 2280//2280 2144//2144 2036//2036
f 2280//2280 2336//2336 2144//2144
f 1559//1559 1496//1496 1510//1510
f 3059//3059 3048//3048 3133//3133
f 1591//1591 1647//1647 1510//1510
f 1275//1275 1366//1366 1496//1496
f 1275//1275 1496//1496 1366//1366
f 1733//1733 1687//1687 1563//1563
f 1733//1733 1563//1563 1687//1687
f 1559//1559 1510//1510 1366//1366
f 1559//1559 1366//1366 1496//1496
f 1604//1604 1819//1819 1658//1658
f 1142//1142 1219//1219 1147//1147
f 1275//1275 1142//1142 1175//1175
f 1147//1147 1175//1175 1142//1142
f 1139//1139 1175//1175 1142//1142
f 1139//1139 1138//1138 1142//1142
f 1138//1138 1139//1139 1142//1142
f 3675//3675 3886//3886 3865//3865
f 2715//2715 2665//2665 3064//3064
f 1139//1139 1163//1163 1138//1138
f 2007//2007 1984//1984 1835//1835
f 1138//1138 1163//1163 1218//1218
f 3668//3668 3657//3657 3581//3581
f 3668//3668 3581//3581 3657//3657
f 1157//1157 1163//1163 1139//1139
f 1783//1783 1764//1764 405//405
f 2425//2425 3157//3157 1690//1690
f 237//237 262//262 128//128
f 1536//1536 1604//1604 1437//1437
f 3039//3039 2913//2913 3009//3009
f 1658//1658 1819//1819 1604//1604
f 221//221 380//380 216//216
f 1459//1459 1401//1401 1389//1389
f 3444//3444 3454//3454 3427//3427
f 29//29 85//85 42//42
f 29//29 65//65 85//85
f 2472//2472 2600//2600 2430//2430
f 163//163 138//138 78//78
f 2912//2912 2671//2671 2654//2654
f 3013//3013 3010//3010 2961//2961
f 216//216 380//380 323//323
f 163//163 265//265 165//165
f 693//693 556//556 300//300
f 1859//1859 2099//2099 1866//1866
f 2930//2930 3402//3402 3337//3337
f 78//78 138//138 65//65
f 3952//3952 3959//3959 3946//3946
f 685//685 2341//2341 522//522
f 685//685 522//522 2341//2341
f 306//306 327//327 302//302
f 141//141 216//216 163//163
f 78//78 56//56 131//131
f 3444//3444 3465//3465 3452//3452
f 221//221 163//163 131//131
f 408//408 405//405 387//387
f 408//408 402//402 405//405
f 405//405 402//402 380//380
f 168//168 282//282 244//244
f 3464//3464 3288//3288 3490//3490
f 3849//3849 3509//3509 3652//3652
f 3021//3021 2913//2913 2912//2912
f 2316//2316 2266//2266 2304//2304
f 264//264 506//506 507//507
f 199//199 195//195 287//287
f 199//199 287//287 195//195
f 3426//3426 3315//3315 3340//3340
f 160//160 32//32 39//39
f 117//117 224//224 229//229
f 3083//3083 2802//2802 3002//3002
f 1834//1834 1623//1623 1360//1360
f 1795//1795 1850//1850 1720//1720
f 349//349 304//304 216//216
f 29//29 85//85 65//65
f 2671//2671 2627//2627 2672//2672
f 2024//2024 2011//2011 1878//1878
f 387//387 201//201 255//255
f 2912//2912 2921//2921 2923//2923
f 3716//3716 3704//3704 3703//3703
f 78//78 65//65 138//138
f 1367//1367 1421//1421 1306//1306
f 2500//2500 2300//2300 2029//2029
f 1236//1236 1203//1203 1909//1909
f 2213//2213 2257//2257 2458//2458
f 141//141 163//163 216//216
f 803//803 992//992 993//993
f 1313//1313 1327//1327 1344//1344
f 195//195 37//37 235//235
f 3042//3042 3033//3033 2900//2900
f 1241//1241 1245//1245 1268//1268
f 214//214 278//278 326//326
f 1411//1411 1569//1569 1136//1136
f 1979//1979 2107//2107 1994//1994
f 221//221 119//119 141//141
f 1872//1872 1655//1655 2030//2030
f 56//56 141//141 55//55
f 3097//3097 3281//3281 3259//3259
f 3200//3200 3116//3116 3085//3085
f 2520//2520 2334//2334 2473//2473
f 56//56 55//55 53//53
f 55//55 32//32 53//53
f 227//227 55//55 81//81
f 227//227 81//81 119//119
f 341//341 293//293 432//432
f 227//227 336//336 282//282
f 2052//2052 2271//2271 1418//1418
f 39//39 80//80 37//37
f 37//37 80//80 183//183
f 2424//2424 2427//2427 2354//2354
f 2364//2364 2698//2698 2580//2580
f 3681//3681 3704//3704 3729//3729
f 387//387 255//255 332//332
f 2855//2855 3065//3065 2854//2854
f 39//39 80//80 72//72
f 282//282 255//255 244//244
f 3113//3113 3111//3111 3213//3213
f 168//168 244//244 161//161
f 2558//2558 2612//2612 2629//2629
f 1196//1196 847//847 1253//1253
f 32//32 28//28 37//37
f 29//29 37//37 28//28
f 221//221 193//193 201//201
f 2429//2429 2357//2357 2237//2237
f 161//161 153//153 109//109
f 1010//1010 489//489 988//988
f 131//131 56//56 55//55
f 2557//2557 2108//2108 2131//2131
f 201//201 193//193 153//153
f 32//32 45//45 28//28
f 650//650 5//5 435//435
f 131//131 125//125 119//119
f 221//221 405//405 380//380
f 32//32 37//37 39//39
f 32//32 39//39 37//37
f 221//221 227//227 242//242
f 1217//1217 794//794 670//670
f 85//85 253//253 198//198
f 1749//1749 1793//1793 1791//1791
f 30//30 70//70 23//23
f 221//221 304//304 380//380
f 29//29 42//42 85//85
f 1320//1320 1286//1286 1268//1268
f 1447//1447 1341//1341 1396//1396
f 56//56 78//78 141//141
f 56//56 29//29 78//78
f 1913//1913 1934//1934 2313//2313
f 2668//2668 2756//2756 2753//2753
f 141//141 216//216 221//221
f 78//78 163//163 141//141
f 443//443 327//327 381//381
f 29//29 32//32 37//37
f 1220//1220 1177//1177 1183//1183
f 140//140 149//149 146//146
f 1092//1092 1471//1471 782//782
f 2001//2001 2145//2145 2141//2141
f 37//37 183//183 235//235
f 1878//1878 1938//1938 2002//2002
f 3403//3403 3481//3481 3354//3354
f 3403//3403 3354//3354 3481//3481
f 267//267 235//235 183//183
f 380//380 304//304 402//402
f 402//402 304//304 398//398
f 4004//4004 4014//4014 3987//3987
f 3083//3083 3084//3084 3070//3070
f 1362//1362 1361//1361 1517//1517
f 3196//3196 3206//3206 1446//1446
f 3473//3473 3569//3569 3479//3479
f 349//349 398//398 304//304
f 1013//1013 1051//1051 1025//1025
f 323//323 380//380 349//349
f 265//265 301//301 163//163
f 509//509 563//563 1257//1257
f 686//686 511//511 780//780
f 3460//3460 3393//3393 2894//2894
f 199//199 42//42 85//85
f 227//227 387//387 405//405
f 3420//3420 3322//3322 3275//3275
f 3190//3190 3139//3139 3077//3077
f 438//438 565//565 516//516
f 2960//2960 3128//3128 3340//3340
f 607//607 1056//1056 683//683
f 2530//2530 2668//2668 2905//2905
f 1235//1235 1272//1272 1156//1156
f 28//28 45//45 71//71
f 2007//2007 2120//2120 1984//1984
f 119//119 125//125 109//109
f 3000//3000 3130//3130 3185//3185
f 65//65 71//71 56//56
f 1873//1873 1869//1869 1886//1886
f 78//78 65//65 56//56
f 92//92 72//72 71//71
f 56//56 71//71 55//55
f 119//119 81//81 125//125
f 226//226 203//203 136//136
f 119//119 125//125 81//81
f 1170//1170 1184//1184 1173//1173
f 3442//3442 3399//3399 3437//3437
f 2247//2247 2261//2261 2253//2253
f 452//452 456//456 455//455
f 160//160 161//161 32//32
f 160//160 161//161 255//255
f 2997//2997 3212//3212 2989//2989
f 3439//3439 3441//3441 3371//3371
f 3884//3884 3846//3846 3818//3818
f 3459//3459 3617//3617 3323//3323
f 308//308 296//296 412//412
f 266//266 310//310 337//337
f 544//544 807//807 592//592
f 1603//1603 1518//1518 1214//1214
f 1334//1334 2816//2816 1645//1645
f 537//537 446//446 710//710
f 537//537 485//485 446//446
f 645//645 557//557 537//537
f 485//485 480//480 416//416
f 2659//2659 2624//2624 2653//2653
f 2659//2659 2653//2653 2624//2624
f 650//650 435//435 480//480
f 650//650 480//480 527//527
f 650//650 527//527 557//557
f 650//650 557//557 645//645
f 1627//1627 1597//1597 1590//1590
f 474//474 226//226 480//480
f 96//96 5//5 480//480
f 3063//3063 2669//2669 3032//3032
f 474//474 269//269 226//226
f 1211//1211 1160//1160 557//557
f 3067//3067 2795//2795 2907//2907
f 543//543 1160//1160 1205//1205
f 543//543 557//557 1160//1160
f 1803//1803 1205//1205 1416//1416
f 1323//1323 2052//2052 1418//1418
f 1323//1323 1211//1211 557//557
f 480//480 5//5 527//527
f 1323//1323 557//557 527//527
f 3710//3710 3664//3664 3865//3865
f 2130//2130 2335//2335 2492//2492
f 1323//1323 527//527 2052//2052
f 645//645 1186//1186 1160//1160
f 537//537 710//710 645//645
f 2510//2510 2503//2503 2579//2579
f 2510//2510 2579//2579 2503//2503
f 1290//1290 1400//1400 1776//1776
f 1418//1418 1790//1790 1776//1776
f 2306//2306 2212//2212 2387//2387
f 1776//1776 2176//2176 2174//2174
f 1776//1776 2174//2174 2244//2244
f 1790//1790 2309//2309 2173//2173
f 2070//2070 2297//2297 2115//2115
f 1803//1803 1418//1418 2165//2165
f 1803//1803 2265//2265 2422//2422
f 2052//2052 2423//2423 2417//2417
f 1085//1085 1051//1051 1076//1076
f 1085//1085 1076//1076 1051//1051
f 2994//2994 2733//2733 2658//2658
f 442//442 555//555 443//443
f 287//287 199//199 259//259
f 1803//1803 269//269 517//517
f 355//355 308//308 412//412
f 3364//3364 3310//3310 3284//3284
f 555//555 327//327 443//443
f 555//555 709//709 300//300
f 604//604 510//510 2244//2244
f 1838//1838 938//938 1858//1858
f 1661//1661 1882//1882 1875//1875
f 2733//2733 1838//1838 1858//1858
f 2733//2733 1858//1858 2658//2658
f 2657//2657 2976//2976 3422//3422
f 1809//1809 1725//1725 1781//1781
f 2333//2333 2421//2421 2360//2360
f 300//300 556//556 267//267
f 80//80 185//185 124//124
f 556//556 223//223 124//124
f 556//556 124//124 233//233
f 987//987 3802//3802 1664//1664
f 3802//3802 987//987 3482//3482
f 1093//1093 1217//1217 1120//1120
f 1809//1809 1993//1993 2046//2046
f 2043//2043 2014//2014 1946//1946
f 1053//1053 794//794 1217//1217
f 530//530 379//379 314//314
f 1243//1243 1182//1182 1235//1235
f 726//726 790//790 405//405
f 1599//1599 1594//1594 1553//1553
f 1476//1476 552//552 1861//1861
f 405//405 790//790 1058//1058
f 790//790 1063//1063 1058//1058
f 3422//3422 3504//3504 2733//2733
f 575//575 322//322 748//748
f 2533//2533 2553//2553 2635//2635
f 3090//3090 2720//2720 2804//2804
f 3892//3892 3889//3889 3857//3857
f 3036//3036 3101//3101 2931//2931
f 1825//1825 1824//1824 1890//1890
f 3036//3036 3094//3094 3101//3101
f 2766//2766 2569//2569 2730//2730
f 2766//2766 2730//2730 2931//2931
f 1518//1518 1782//1782 1888//1888
f 1222//1222 1183//1183 1231//1231
f 1832//1832 1630//1630 1666//1666
f 2153//2153 1888//1888 1901//1901
f 1603//1603 1782//1782 1518//1518
f 3396//3396 3344//3344 3424//3424
f 544//544 466//466 468//468
f 398//398 466//466 348//348
f 165//165 232//232 292//292
f 265//265 419//419 292//292
f 135//135 82//82 138//138
f 3827//3827 3707//3707 3875//3875
f 287//287 259//259 389//389
f 306//306 312//312 343//343
f 1172//1172 1140//1140 1151//1151
f 1172//1172 1151//1151 1140//1140
f 2238//2238 2362//2362 2382//2382
f 306//306 343//343 437//437
f 306//306 437//437 446//446
f 416//416 60//60 203//203
f 416//416 7//7 60//60
f 416//416 435//435 7//7
f 2842//2842 2813//2813 2774//2774
f 92//92 89//89 71//71
f 92//92 71//71 89//89
f 1776//1776 1613//1613 484//484
f 1776//1776 1742//1742 3//3
f 1776//1776 3//3 1742//1742
f 1975//1975 1995//1995 1971//1971
f 1975//1975 1971//1971 1995//1995
f 5//5 3//3 1776//1776
f 5//5 1776//1776 3//3
f 5//5 3//3 1742//1742
f 5//5 1742//1742 3//3
f 1605//1605 3//3 1742//1742
f 2052//2052 5//5 1776//1776
f 1927//1927 3319//3319 2595//2595
f 3319//3319 3634//3634 3576//3576
f 2698//2698 3114//3114 2580//2580
f 2595//2595 3319//3319 3576//3576
f 3949//3949 3947//3947 3937//3937
f 2595//2595 3576//3576 3637//3637
f 2595//2595 3699//3699 3843//3843
f 2595//2595 3843//3843 3897//3897
f 3879//3879 3802//3802 3504//3504
f 1431//1431 1693//1693 1352//1352
f 322//322 421//421 331//331
f 1243//1243 1182//1182 1235//1235
f 3390//3390 3380//3380 3462//3462
f 1607//1607 1913//1913 2151//2151
f 251//251 231//231 151//151
f 1607//1607 2151//2151 1482//1482
f 986//986 841//841 1248//1248
f 189//189 180//180 194//194
f 1540//1540 1248//1248 1230//1230
f 1651//1651 1568//1568 1676//1676
f 1651//1651 1676//1676 1568//1568
f 1939//1939 2001//2001 2045//2045
f 1950//1950 1827//1827 1940//1940
f 1607//1607 1482//1482 1285//1285
f 1482//1482 1564//1564 1121//1121
f 1564//1564 1260//1260 1121//1121
f 446//446 986//986 710//710
f 3057//3057 3010//3010 3209//3209
f 2024//2024 2002//2002 2011//2011
f 2024//2024 2011//2011 2002//2002
f 3236//3236 3277//3277 3235//3235
f 261//261 274//274 284//284
f 1248//1248 1580//1580 986//986
f 1540//1540 1580//1580 1248//1248
f 3472//3472 3494//3494 3900//3900
f 330//330 327//327 300//300
f 807//807 793//793 1021//1021
f 1788//1788 1801//1801 1868//1868
f 2509//2509 2479//2479 2926//2926
f 807//807 1021//1021 1097//1097
f 807//807 1097//1097 963//963
f 1097//1097 1079//1079 963//963
f 2519//2519 2055//2055 2094//2094
f 3032//3032 2669//2669 2408//2408
f 1737//1737 2329//2329 1989//1989
f 3088//3088 3018//3018 2692//2692
f 1421//1421 1519//1519 1382//1382
f 1541//1541 1697//1697 1592//1592
f 3983//3983 4008//4008 3974//3974
f 421//421 575//575 447//447
f 549//549 591//591 535//535
f 3120//3120 3042//3042 3073//3073
f 177//177 175//175 142//142
f 582//582 549//549 516//516
f 1608//1608 2009//2009 1872//1872
f 421//421 322//322 575//575
f 2899//2899 2787//2787 2634//2634
f 420//420 748//748 322//322
f 582//582 827//827 549//549
f 1361//1361 1394//1394 1405//1405
f 3943//3943 3941//3941 3965//3965
f 549//549 827//827 591//591
f 2520//2520 2473//2473 2911//2911
f 446//446 437//437 986//986
f 1286//1286 1268//1268 1259//1259
f 986//986 437//437 575//575
f 986//986 575//575 841//841
f 401//401 424//424 376//376
f 803//803 1058//1058 1063//1063
f 1230//1230 841//841 1260//1260
f 2041//2041 1971//1971 2089//2089
f 2041//2041 2089//2089 1971//1971
f 3013//3013 3260//3260 2958//2958
f 2066//2066 2091//2091 2216//2216
f 1315//1315 827//827 1017//1017
f 3294//3294 3382//3382 3209//3209
f 114//114 212//212 229//229
f 1315//1315 1285//1285 827//827
f 3512//3512 3456//3456 3464//3464
f 1285//1285 1482//1482 827//827
f 276//276 184//184 189//189
f 1121//1121 591//591 1482//1482
f 2118//2118 2091//2091 2106//2106
f 1260//1260 748//748 1121//1121
f 1260//1260 841//841 748//748
f 3043//3043 2695//2695 2719//2719
f 447//447 575//575 437//437
f 1782//1782 1534//1534 1769//1769
f 1554//1554 1542//1542 1463//1463
f 1554//1554 1463//1463 1542//1542
f 3077//3077 3058//3058 3070//3070
f 3077//3077 3070//3070 3058//3058
f 3251//3251 3217//3217 3254//3254
f 2895//2895 3116//3116 2985//2985
f 3922//3922 3839//3839 3907//3907
f 1318//1318 1273//1273 1364//1364
f 389//389 259//259 458//458
f 259//259 359//359 464//464
f 198//198 359//359 259//259
f 1707//1707 2076//2076 2115//2115
f 2876//2876 2807//2807 2826//2826
f 2876//2876 2826//2826 2807//2807
f 322//322 330//330 420//420
f 1725//1725 1728//1728 1781//1781
f 307//307 273//273 317//317
f 2311//2311 2218//2218 2261//2261
f 549//549 458//458 516//516
f 516//516 458//458 464//464
f 3443//3443 3490//3490 3787//3787
f 592//592 807//807 963//963
f 592//592 963//963 546//546
f 2962//2962 3168//3168 3156//3156
f 546//546 477//477 592//592
f 581//581 580//580 542//542
f 473//473 581//581 542//542
f 167//167 166//166 159//159
f 3135//3135 3123//3123 3166//3166
f 1135//1135 1162//1162 1140//1140
f 2648//2648 2651//2651 2639//2639
f 3266//3266 3320//3320 3388//3388
f 258//258 253//253 135//135
f 449//449 464//464 253//253
f 582//582 516//516 525//525
f 2699//2699 1646//1646 2520//2520
f 3359//3359 3400//3400 3361//3361
f 2283//2283 2199//2199 2201//2201
f 2283//2283 2201//2201 2199//2199
f 1036//1036 1017//1017 582//582
f 3431//3431 3311//3311 3413//3413
f 4003//4003 4017//4017 4016//4016
f 764//764 402//402 541//541
f 2919//2919 2661//2661 2672//2672
f 3954//3954 3901//3901 3737//3737
f 253//253 464//464 359//359
f 749//749 613//613 1153//1153
f 1077//1077 1073//1073 1042//1042
f 1132//1132 1122//1122 1117//1117
f 3637//3637 3627//3627 3590//3590
f 3637//3637 3590//3590 3627//3627
f 138//138 165//165 135//135
f 2690//2690 2578//2578 2737//2737
f 1271//1271 1273//1273 1318//1318
f 3384//3384 3290//3290 3347//3347
f 464//464 451//451 525//525
f 449//449 451//451 464//464
f 258//258 451//451 449//449
f 165//165 258//258 135//135
f 1765//1765 1930//1930 1677//1677
f 165//165 292//292 258//258
f 1716//1716 1709//1709 1653//1653
f 2489//2489 2415//2415 2660//2660
f 2037//2037 1886//1886 2002//2002
f 1809//1809 1756//1756 1725//1725
f 691//691 582//582 525//525
f 1841//1841 1902//1902 1868//1868
f 691//691 1036//1036 582//582
f 2904//2904 3176//3176 3067//3067
f 363//363 346//346 281//281
f 2283//2283 1524//1524 3016//3016
f 691//691 1114//1114 1036//1036
f 3789//3789 3481//3481 3393//3393
f 181//181 179//179 87//87
f 2892//2892 3502//3502 3468//3468
f 1437//1437 1552//1552 1350//1350
f 2425//2425 1690//1690 1210//1210
f 473//473 546//546 581//581
f 2507//2507 2362//2362 2372//2372
f 481//481 264//264 152//152
f 473//473 477//477 546//546
f 1070//1070 581//581 963//963
f 2977//2977 3130//3130 3161//3161
f 544//544 592//592 477//477
f 544//544 477//477 466//466
f 398//398 468//468 466//466
f 1268//1268 1259//1259 1269//1269
f 466//466 477//477 348//348
f 1892//1892 1710//1710 1842//1842
f 338//338 348//348 477//477
f 292//292 419//419 451//451
f 451//451 419//419 473//473
f 1615//1615 1984//1984 1965//1965
f 451//451 473//473 542//542
f 2424//2424 2354//2354 2427//2427
f 580//580 451//451 542//542
f 2873//2873 2685//2685 3498//3498
f 405//405 4030//4030 2717//2717
f 870//870 1199//1199 1277//1277
f 1070//1070 691//691 580//580
f 1238//1238 1293//1293 1279//1279
f 2178//2178 2115//2115 2297//2297
f 1072//1072 691//691 1070//1070
f 1825//1825 1952//1952 1726//1726
f 1072//1072 1114//1114 691//691
f 3830//3830 3871//3871 3789//3789
f 3297//3297 3669//3669 3678//3678
f 3403//3403 3354//3354 3197//3197
f 3403//3403 3197//3197 3354//3354
f 3818//3818 3845//3845 3884//3884
f 1749//1749 1691//1691 1662//1662
f 573//573 494//494 507//507
f 613//613 525//525 597//597
f 3338//3338 3584//3584 3303//3303
f 2172//2172 2275//2275 2185//2185
f 297//297 278//278 263//263
f 3848//3848 3903//3903 3845//3845
f 1664//1664 2368//2368 577//577
f 3884//3884 3903//3903 3949//3949
f 3402//3402 3848//3848 3845//3845
f 3402//3402 3845//3845 3448//3448
f 1969//1969 1785//1785 1872//1872
f 2489//2489 3//3 510//510
f 3448//3448 3845//3845 3818//3818
f 1957//1957 2010//2010 1897//1897
f 1957//1957 1897//1897 2010//2010
f 3789//3789 3460//3460 3846//3846
f 3830//3830 3894//3894 3871//3871
f 3280//3280 3214//3214 2964//2964
f 404//404 412//412 298//298
f 2961//2961 2992//2992 2937//2937
f 365//365 367//367 361//361
f 2968//2968 2477//2477 2810//2810
f 1795//1795 1906//1906 1850//1850
f 3818//3818 3846//3846 3460//3460
f 2815//2815 2494//2494 2793//2793
f 1194//1194 1199//1199 1196//1196
f 3372//3372 3041//3041 3386//3386
f 3447//3447 3411//3411 3457//3457
f 3837//3837 3830//3830 3846//3846
f 3846//3846 3894//3894 3830//3830
f 2533//2533 2523//2523 2500//2500
f 3384//3384 3397//3397 3427//3427
f 1197//1197 519//519 1274//1274
f 1497//1497 1511//1511 1531//1531
f 3485//3485 3360//3360 3539//3539
f 2014//2014 1886//1886 1869//1869
f 3485//3485 3539//3539 3848//3848
f 1661//1661 1672//1672 1652//1652
f 1519//1519 1704//1704 1376//1376
f 3485//3485 3848//3848 3402//3402
f 3324//3324 3331//3331 3294//3294
f 1036//1036 1648//1648 1310//1310
f 1382//1382 1519//1519 1376//1376
f 2281//2281 2366//2366 2298//2298
f 2510//2510 2397//2397 2442//2442
f 88//88 79//79 93//93
f 88//88 93//93 79//79
f 3432//3432 3885//3885 3483//3483
f 3013//3013 2961//2961 2901//2901
f 3013//3013 2901//2901 2961//2961
f 1445//1445 1458//1458 1483//1483
f 2346//2346 2207//2207 2477//2477
f 2346//2346 2477//2477 2207//2207
f 1957//1957 2010//2010 2014//2014
f 1957//1957 2014//2014 2010//2010
f 2306//2306 2317//2317 2212//2212
f 3789//3789 3393//3393 3460//3460
f 1280//1280 1360//1360 1325//1325
f 360//360 353//353 350//350
f 2927//2927 2568//2568 3337//3337
f 308//308 302//302 296//296
f 518//518 457//457 1045//1045
f 2251//2251 2221//2221 2184//2184
f 1345//1345 1245//1245 1350//1350
f 3263//3263 2927//2927 3337//3337
f 563//563 1207//1207 1257//1257
f 2417//2417 2508//2508 2489//2489
f 2489//2489 2508//2508 2660//2660
f 2508//2508 2688//2688 2660//2660
f 2868//2868 2660//2660 2688//2688
f 2995//2995 3034//3034 3033//3033
f 2995//2995 3033//3033 3034//3034
f 2996//2996 3186//3186 2868//2868
f 2996//2996 3328//3328 3186//3186
f 3473//3473 3479//3479 3693//3693
f 3447//3447 3347//3347 3427//3427
f 3403//3403 3186//3186 3328//3328
f 18//18 524//524 510//510
f 2402//2402 2682//2682 2894//2894
f 1238//1238 1281//1281 1294//1294
f 2504//2504 2640//2640 2652//2652
f 3399//3399 3325//3325 3335//3335
f 2894//2894 3393//3393 2996//2996
f 2140//2140 1898//1898 1910//1910
f 2970//2970 2682//2682 2803//2803
f 2309//2309 2079//2079 2682//2682
f 764//764 731//731 1159//1159
f 2424//2424 2354//2354 2307//2307
f 1376//1376 1451//1451 1525//1525
f 2079//2079 2309//2309 1304//1304
f 1496//1496 1530//1530 1309//1309
f 3400//3400 3361//3361 3287//3287
f 2079//2079 1304//1304 710//710
f 1939//1939 1809//1809 1810//1810
f 2650//2650 2627//2627 2628//2628
f 544//544 486//486 551//551
f 2079//2079 2803//2803 2682//2682
f 2803//2803 1580//1580 2927//2927
f 1882//1882 1636//1636 1627//1627
f 1639//1639 1461//1461 1477//1477
f 1639//1639 1477//1477 1461//1461
f 2927//2927 1580//1580 2568//2568
f 1852//1852 1848//1848 1823//1823
f 1852//1852 1823//1823 1848//1848
f 2930//2930 2568//2568 2560//2560
f 2173//2173 2265//2265 2165//2165
f 266//266 289//289 286//286
f 2558//2558 2586//2586 2564//2564
f 1837//1837 1772//1772 1984//1984
f 1837//1837 1984//1984 1772//1772
f 1389//1389 1302//1302 1316//1316
f 1148//1148 1124//1124 1120//1120
f 2282//2282 2214//2214 2383//2383
f 2930//2930 3337//3337 2568//2568
f 3460//3460 2970//2970 3263//3263
f 1808//1808 1827//1827 1929//1929
f 1808//1808 1929//1929 1827//1827
f 3402//3402 2930//2930 3378//3378
f 3999//3999 3962//3962 3960//3960
f 2097//2097 2127//2127 2139//2139
f 3153//3153 3028//3028 3064//3064
f 1325//1325 1432//1432 1252//1252
f 3485//3485 3378//3378 3028//3028
f 3028//3028 3378//3378 2678//2678
f 2809//2809 2734//2734 2834//2834
f 2678//2678 2715//2715 3028//3028
f 2678//2678 1482//1482 2151//2151
f 2560//2560 1482//1482 2678//2678
f 2584//2584 2948//2948 3248//3248
f 2930//2930 2560//2560 2678//2678
f 2780//2780 2765//2765 2772//2772
f 3366//3366 3320//3320 3410//3410
f 3988//3988 4005//4005 3982//3982
f 3425//3425 3448//3448 3337//3337
f 1820//1820 1379//1379 1490//1490
f 2843//2843 2876//2876 2828//2828
f 386//386 425//425 388//388
f 1190//1190 1334//1334 1645//1645
f 1564//1564 2560//2560 1540//1540
f 3444//3444 3371//3371 3454//3454
f 1540//1540 2568//2568 1580//1580
f 4015//4015 3962//3962 3983//3983
f 1997//1997 2223//2223 2457//2457
f 986//986 1580//1580 2803//2803
f 1541//1541 1579//1579 1683//1683
f 986//986 2803//2803 2079//2079
f 247//247 303//303 248//248
f 2603//2603 2649//2649 2601//2601
f 2603//2603 2601//2601 2649//2649
f 3296//3296 3244//3244 3242//3242
f 3296//3296 3242//3242 3244//3244
f 2894//2894 2682//2682 2970//2970
f 2554//2554 2527//2527 2563//2563
f 990//990 999//999 1009//1009
f 4022//4022 4035//4035 4045//4045
f 3467//3467 3360//3360 3043//3043
f 3061//3061 3073//3073 3042//3042
f 98//98 93//93 110//110
f 2056//2056 2187//2187 2218//2218
f 3266//3266 3241//3241 3151//3151
f 1222//1222 1238//1238 1204//1204
f 3323//3323 3101//3101 3459//3459
f 1419//1419 1368//1368 1659//1659
f 3101//3101 3409//3409 3459//3459
f 3459//3459 3409//3409 3473//3473
f 3433//3433 3022//3022 2969//2969
f 2958//2958 2787//2787 3219//3219
f 1733//1733 1365//1365 1728//1728
f 3473//3473 3857//3857 3617//3617
f 2350//2350 2634//2634 2606//2606
f 1068//1068 1566//1566 1600//1600
f 1892//1892 1710//1710 1954//1954
f 1905//1905 1963//1963 2634//2634
f 1888//1888 1881//1881 1398//1398
f 3857//3857 3889//3889 3893//3893
f 3196//3196 2232//2232 3061//3061
f 2313//2313 2695//2695 1913//1913
f 4039//4039 4011//4011 4002//4002
f 2695//2695 2313//2313 2719//2719
f 3043//3043 3064//3064 2695//2695
f 13//13 488//488 5//5
f 2931//2931 3041//3041 3094//3094
f 2608//2608 2594//2594 2418//2418
f 294//294 228//228 197//197
f 2448//2448 2470//2470 2412//2412
f 2348//2348 2441//2441 2470//2470
f 3140//3140 3010//3010 3191//3191
f 3539//3539 3360//3360 3467//3467
f 3539//3539 3467//3467 3840//3840
f 1724//1724 1700//1700 1523//1523
f 3539//3539 3840//3840 3848//3848
f 2523//2523 2062//2062 2553//2553
f 3848//3848 3840//3840 3891//3891
f 3848//3848 3891//3891 3903//3903
f 2719//2719 2313//2313 2690//2690
f 3908//3908 3921//3921 3945//3945
f 1325//1325 1494//1494 1432//1432
f 1934//1934 2690//2690 2313//2313
f 1220//1220 1294//1294 1216//1216
f 1220//1220 1216//1216 1294//1294
f 539//539 490//490 280//280
f 3687//3687 3472//3472 3900//3900
f 606//606 499//499 699//699
f 2558//2558 2629//2629 2494//2494
f 998//998 1042//1042 1073//1073
f 350//350 338//338 332//332
f 2961//2961 2742//2742 2901//2901
f 2961//2961 2901//2901 2742//2742
f 256//256 406//406 427//427
f 256//256 427//427 406//406
f 301//301 323//323 282//282
f 3979//3979 4006//4006 4030//4030
f 1315//1315 1934//1934 1913//1913
f 1556//1556 1813//1813 1654//1654
f 1315//1315 1310//1310 1934//1934
f 2325//2325 2062//2062 2206//2206
f 3054//3054 2901//2901 2912//2912
f 1378//1378 1341//1341 1447//1447
f 2690//2690 1961//1961 2578//2578
f 2113//2113 2073//2073 2116//2116
f 2737//2737 3043//3043 2690//2690
f 2177//2177 2267//2267 2124//2124
f 2266//2266 2290//2290 2348//2348
f 164//164 156//156 250//250
f 2282//2282 2383//2383 2594//2594
f 2559//2559 2500//2500 2074//2074
f 726//726 803//803 784//784
f 726//726 784//784 803//803
f 3364//3364 3284//3284 3418//3418
f 1355//1355 1563//1563 1488//1488
f 1608//1608 1872//1872 1299//1299
f 2578//2578 2747//2747 2737//2737
f 2659//2659 2610//2610 2624//2624
f 3873//3873 3863//3863 3617//3617
f 3218//3218 3171//3171 3167//3167
f 1759//1759 1455//1455 1479//1479
f 3863//3863 3467//3467 3617//3617
f 3433//3433 3617//3617 3467//3467
f 3433//3433 3323//3323 3617//3617
f 320//320 359//359 449//449
f 3294//3294 3390//3390 3301//3301
f 2092//2092 2226//2226 2138//2138
f 3433//3433 3043//3043 3323//3323
f 2193//2193 2194//2194 2077//2077
f 3947//3947 3959//3959 3966//3966
f 1961//1961 1872//1872 2578//2578
f 1339//1339 1872//1872 1961//1961
f 3901//3901 3001//3001 3505//3505
f 2352//2352 2432//2432 2208//2208
f 2502//2502 2652//2652 2686//2686
f 1834//1834 2332//2332 1970//1970
f 1892//1892 1954//1954 1710//1710
f 164//164 168//168 223//223
f 3283//3283 3206//3206 3282//3282
f 2719//2719 2690//2690 3043//3043
f 2011//2011 1887//1887 1878//1878
f 2776//2776 2731//2731 2606//2606
f 3294//3294 3209//3209 3301//3301
f 3262//3262 3166//3166 3226//3226
f 1903//1903 1933//1933 1939//1939
f 1903//1903 1939//1939 1933//1933
f 1934//1934 1961//1961 2690//2690
f 1934//1934 1648//1648 1961//1961
f 2028//2028 2015//2015 1945//1945
f 2537//2537 2188//2188 983//983
f 1906//1906 1931//1931 2003//2003
f 2578//2578 2569//2569 2747//2747
f 2578//2578 2009//2009 2569//2569
f 2240//2240 2354//2354 2433//2433
f 2153//2153 1881//1881 1888//1888
f 1969//1969 1872//1872 2030//2030
f 2489//2489 19//19 3//3
f 2001//2001 1958//1958 1943//1943
f 753//753 787//787 735//735
f 753//753 735//735 787//787
f 3231//3231 3437//3437 3660//3660
f 1386//1386 1421//1421 1281//1281
f 2671//2671 2667//2667 2859//2859
f 250//250 244//244 257//257
f 3991//3991 3955//3955 3974//3974
f 3101//3101 3372//3372 3409//3409
f 2983//2983 2998//2998 3086//3086
f 40//40 44//44 66//66
f 3246//3246 3229//3229 3223//3223
f 2747//2747 2766//2766 3101//3101
f 2569//2569 2766//2766 2747//2747
f 2153//2153 2569//2569 2009//2009
f 2153//2153 2009//2009 1881//1881
f 1881//1881 1608//1608 1398//1398
f 485//485 517//517 474//474
f 1615//1615 1835//1835 1984//1984
f 393//393 375//375 382//382
f 3893//3893 3873//3873 3857//3857
f 3857//3857 3873//3873 3617//3617
f 3315//3315 3243//3243 3275//3275
f 775//775 817//817 842//842
f 775//775 842//842 817//817
f 2845//2845 2998//2998 2770//2770
f 2551//2551 2030//2030 2005//2005
f 2861//2861 3314//3314 3276//3276
f 1916//1916 1918//1918 1597//1597
f 1551//1551 1574//1574 1639//1639
f 4021//4021 4048//4048 4026//4026
f 138//138 65//65 85//85
f 1414//1414 1728//1728 1365//1365
f 3153//3153 3064//3064 3360//3360
f 3460//3460 3263//3263 3818//3818
f 3485//3485 3402//3402 3378//3378
f 1856//1856 1873//1873 1886//1886
f 2344//2344 2274//2274 2290//2290
f 3153//3153 3360//3360 3485//3485
f 592//592 581//581 766//766
f 443//443 412//412 428//428
f 1848//1848 2002//2002 2049//2049
f 2665//2665 2695//2695 3064//3064
f 3838//3838 3851//3851 3898//3898
f 2602//2602 2778//2778 2762//2762
f 1361//1361 1497//1497 1511//1511
f 1361//1361 1511//1511 1497//1497
f 322//322 331//331 330//330
f 442//442 861//861 555//555
f 476//476 542//542 465//465
f 1036//1036 1339//1339 1648//1648
f 1036//1036 1114//1114 1339//1339
f 1339//1339 1114//1114 1299//1299
f 3371//3371 3452//3452 3429//3429
f 1072//1072 1299//1299 1114//1114
f 1882//1882 1875//1875 1916//1916
f 2711//2711 2784//2784 3063//3063
f 1187//1187 1079//1079 1398//1398
f 1518//1518 1398//1398 1079//1079
f 3294//3294 3177//3177 3301//3301
f 1518//1518 1079//1079 1097//1097
f 1518//1518 1097//1097 1214//1214
f 2138//2138 2124//2124 1966//1966
f 95//95 30//30 98//98
f 1664//1664 3802//3802 3843//3843
f 2014//2014 2002//2002 2024//2024
f 1508//1508 1444//1444 1574//1574
f 2522//2522 2386//2386 2385//2385
f 2522//2522 2385//2385 2386//2386
f 3334//3334 3492//3492 3269//3269
f 51//51 40//40 47//47
f 51//51 47//47 40//40
f 2894//2894 2996//2996 2688//2688
f 2508//2508 2894//2894 2688//2688
f 2402//2402 2894//2894 2508//2508
f 3941//3941 3654//3654 3244//3244
f 2402//2402 2508//2508 2417//2417
f 1486//1486 1544//1544 1453//1453
f 3186//3186 3354//3354 3197//3197
f 3186//3186 3197//3197 3354//3354
f 3899//3899 3859//3859 3870//3870
f 3353//3353 3411//3411 3382//3382
f 3353//3353 3382//3382 3411//3411
f 2204//2204 2263//2263 2295//2295
f 1355//1355 1492//1492 1488//1488
f 2976//2976 3186//3186 3354//3354
f 1851//1851 1873//1873 1823//1823
f 1431//1431 1399//1399 1423//1423
f 345//345 406//406 333//333
f 2868//2868 2660//2660 2622//2622
f 2868//2868 2622//2622 2660//2660
f 2423//2423 2976//2976 2657//2657
f 2489//2489 2660//2660 2622//2622
f 2489//2489 2622//2622 2363//2363
f 2052//2052 2976//2976 2423//2423
f 1776//1776 2363//2363 2489//2489
f 1776//1776 2489//2489 2363//2363
f 2716//2716 2756//2756 2901//2901
f 1776//1776 1374//1374 2363//2363
f 1776//1776 1613//1613 2489//2489
f 1776//1776 2489//2489 1613//1613
f 1776//1776 1742//1742 2363//2363
f 1776//1776 2363//2363 1742//1742
f 1541//1541 1592//1592 1492//1492
f 1776//1776 2363//2363 2415//2415
f 1776//1776 2415//2415 1742//1742
f 2489//2489 1742//1742 2415//2415
f 1776//1776 2489//2489 1742//1742
f 1776//1776 1742//1742 2489//2489
f 1661//1661 1652//1652 1882//1882
f 3021//3021 3189//3189 3324//3324
f 1290//1290 1605//1605 2489//2489
f 1290//1290 2489//2489 2622//2622
f 309//309 540//540 2371//2371
f 803//803 992//992 790//790
f 5//5 2622//2622 36//36
f 1776//1776 36//36 2622//2622
f 2207//2207 1892//1892 2019//2019
f 2052//2052 1776//1776 2622//2622
f 337//337 372//372 373//373
f 3732//3732 3481//3481 3789//3789
f 4011//4011 3976//3976 4002//4002
f 2864//2864 2888//2888 2975//2975
f 2970//2970 2520//2520 2911//2911
f 2507//2507 2503//2503 2439//2439
f 2886//2886 3441//3441 3238//3238
f 2098//2098 2043//2043 2121//2121
f 1515//1515 1769//1769 1534//1534
f 1621//1621 2334//2334 497//497
f 33//33 46//46 128//128
f 2081//2081 1969//1969 2555//2555
f 448//448 431//431 523//523
f 2526//2526 2045//2045 2527//2527
f 537//537 493//493 491//491
f 537//537 531//531 608//608
f 1255//1255 1583//1583 2212//2212
f 21//21 23//23 91//91
f 608//608 531//531 1255//1255
f 2508//2508 2387//2387 2488//2488
f 2317//2317 2473//2473 2334//2334
f 2317//2317 2387//2387 2473//2473
f 2317//2317 1621//1621 2212//2212
f 5//5 488//488 503//503
f 1256//1256 503//503 1197//1197
f 537//537 491//491 519//519
f 1323//1323 1369//1369 1256//1256
f 2176//2176 2230//2230 1256//1256
f 2559//2559 2322//2322 2500//2500
f 2176//2176 1369//1369 2324//2324
f 3038//3038 2840//2840 2741//2741
f 1197//1197 534//534 519//519
f 191//191 294//294 197//197
f 2324//2324 1274//1274 519//519
f 265//265 232//232 270//270
f 269//269 2324//2324 519//519
f 1877//1877 1972//1972 1987//1987
f 13//13 136//136 488//488
f 226//226 498//498 488//488
f 226//226 269//269 498//498
f 2862//2862 2759//2759 2805//2805
f 177//177 225//225 175//175
f 226//226 488//488 136//136
f 2324//2324 2367//2367 2306//2306
f 2388//2388 2458//2458 2453//2453
f 343//343 331//331 312//312
f 3//3 562//562 524//524
f 447//447 502//502 421//421
f 447//447 489//489 502//502
f 343//343 312//312 399//399
f 1405//1405 1353//1353 1291//1291
f 3943//3943 4038//4038 3678//3678
f 2787//2787 3421//3421 3219//3219
f 306//306 399//399 312//312
f 497//497 489//489 399//399
f 1847//1847 1971//1971 1904//1904
f 2716//2716 2517//2517 2453//2453
f 412//412 302//302 384//384
f 269//269 412//412 443//443
f 1024//1024 2392//2392 1566//1566
f 326//326 351//351 479//479
f 1024//1024 559//559 2392//2392
f 443//443 2392//2392 559//559
f 3924//3924 3976//3976 3893//3893
f 443//443 428//428 2392//2392
f 63//63 114//114 117//117
f 327//327 428//428 384//384
f 1707//1707 2122//2122 2088//2088
f 512//512 531//531 534//534
f 2252//2252 2203//2203 2235//2235
f 2860//2860 3058//3058 3065//3065
f 327//327 2392//2392 428//428
f 269//269 443//443 482//482
f 269//269 482//482 646//646
f 3156//3156 3208//3208 3209//3209
f 269//269 646//646 1264//1264
f 269//269 1264//1264 2324//2324
f 2845//2845 2907//2907 2770//2770
f 237//237 128//128 240//240
f 1171//1171 626//626 643//643
f 2507//2507 2446//2446 2518//2518
f 1566//1566 2392//2392 2377//2377
f 3408//3408 3362//3362 3326//3326
f 2324//2324 2750//2750 2367//2367
f 726//726 370//370 405//405
f 2852//2852 3091//3091 3078//3078
f 726//726 857//857 467//467
f 314//314 467//467 413//413
f 1168//1168 1915//1915 1249//1249
f 405//405 2717//2717 1058//1058
f 465//465 542//542 546//546
f 803//803 993//993 1062//1062
f 31//31 59//59 61//61
f 3191//3191 3009//3009 3140//3140
f 1093//1093 1668//1668 1062//1062
f 2764//2764 2806//2806 2615//2615
f 1093//1093 1127//1127 1668//1668
f 1101//1101 1058//1058 2717//2717
f 270//270 314//314 413//413
f 223//223 270//270 413//413
f 1756//1756 3729//3729 4037//4037
f 1909//1909 1203//1203 2039//2039
f 301//301 377//377 400//400
f 1236//1236 644//644 602//602
f 2533//2533 2662//2662 2478//2478
f 2166//2166 1484//1484 564//564
f 223//223 460//460 146//146
f 120//120 230//230 126//126
f 223//223 413//413 460//460
f 2307//2307 2603//2603 2721//2721
f 185//185 80//80 146//146
f 300//300 267//267 460//460
f 2392//2392 1181//1181 3080//3080
f 138//138 146//146 149//149
f 300//300 1181//1181 2392//2392
f 300//300 704//704 1181//1181
f 3444//3444 3454//3454 3452//3452
f 1909//1909 2039//2039 2837//2837
f 2039//2039 3075//3075 2837//2837
f 3505//3505 2837//2837 3075//3075
f 326//326 615//615 995//995
f 3505//3505 3075//3075 3737//3737
f 3901//3901 3933//3933 3923//3923
f 3954//3954 3933//3933 3901//3901
f 2380//2380 1256//1256 2230//2230
f 2377//2377 3080//3080 3470//3470
f 3080//3080 3885//3885 3470//3470
f 2219//2219 2227//2227 2181//2181
f 1120//1120 1668//1668 1127//1127
f 1120//1120 2717//2717 1668//1668
f 2717//2717 4030//4030 3138//3138
f 3138//3138 4030//4030 3887//3887
f 3234//3234 3196//3196 3061//3061
f 3637//3637 4030//4030 3590//3590
f 3637//3637 3590//3590 4030//4030
f 2739//2739 2773//2773 2258//2258
f 1590//1590 1610//1610 1595//1595
f 1926//1926 2106//2106 2091//2091
f 3973//3973 3887//3887 4030//4030
f 3973//3973 4030//4030 4006//4006
f 18//18 1//1 524//524
f 3//3 18//18 510//510
f 3038//3038 3216//3216 3053//3053
f 484//484 524//524 3//3
f 5//5 3//3 524//524
f 5//5 524//524 510//510
f 2//2 4//4 514//514
f 1876//1876 1899//1899 1783//1783
f 60//60 192//192 203//203
f 60//60 22//22 192//192
f 192//192 22//22 6//6
f 306//306 497//497 399//399
f 2842//2842 3078//3078 2883//2883
f 3298//3298 3414//3414 3392//3392
f 306//306 291//291 493//493
f 291//291 246//246 493//493
f 3172//3172 3068//3068 3136//3136
f 493//493 246//246 491//491
f 502//502 396//396 331//331
f 3278//3278 3260//3260 3307//3307
f 330//330 331//331 396//396
f 2946//2946 3156//3156 2950//2950
f 2285//2285 2244//2244 2489//2489
f 2780//2780 3068//3068 2611//2611
f 2288//2288 2210//2210 2318//2318
f 287//287 438//438 359//359
f 3952//3952 3970//3970 3989//3989
f 457//457 461//461 683//683
f 287//287 396//396 438//438
f 359//359 320//320 199//199
f 1220//1220 1204//1204 1277//1277
f 1723//1723 1709//1709 1765//1765
f 1099//1099 1047//1047 1113//1113
f 138//138 186//186 165//165
f 265//265 165//165 186//186
f 468//468 400//400 475//475
f 1037//1037 1074//1074 766//766
f 1214//1214 1037//1037 1555//1555
f 1214//1214 1074//1074 1037//1037
f 2699//2699 3289//3289 2916//2916
f 2961//2961 2968//2968 2901//2901
f 2961//2961 2901//2901 2968//2968
f 1125//1125 1120//1120 1073//1073
f 1782//1782 1769//1769 1901//1901
f 1901//1901 1769//1769 2081//2081
f 1901//1901 2081//2081 2105//2105
f 2081//2081 2555//2555 2335//2335
f 2766//2766 2931//2931 2730//2730
f 2766//2766 3041//3041 2931//2931
f 3473//3473 3372//3372 3386//3386
f 3134//3134 3121//3121 3133//3133
f 3850//3850 3860//3860 3889//3889
f 3889//3889 3934//3934 3941//3941
f 117//117 212//212 114//114
f 3021//3021 2913//2913 2835//2835
f 3965//3965 3934//3934 3972//3972
f 1490//1490 568//568 1820//1820
f 3972//3972 3990//3990 3965//3965
f 4001//4001 3965//3965 3990//3990
f 4011//4011 4027//4027 4001//4001
f 1512//1512 1509//1509 1623//1623
f 4030//4030 4035//4035 4012//4012
f 2271//2271 2489//2489 510//510
f 2244//2244 510//510 2489//2489
f 524//524 769//769 978//978
f 5//5 1256//1256 2363//2363
f 5//5 2363//2363 510//510
f 2489//2489 510//510 2363//2363
f 3426//3426 3420//3420 3455//3455
f 2489//2489 562//562 19//19
f 2271//2271 2489//2489 524//524
f 2271//2271 524//524 2489//2489
f 2489//2489 978//978 769//769
f 2271//2271 978//978 2489//2489
f 2271//2271 510//510 978//978
f 3038//3038 3176//3176 3216//3216
f 1206//1206 1250//1250 1177//1177
f 2050//2050 2098//2098 2121//2121
f 1090//1090 1108//1108 1106//1106
f 2206//2206 2138//2138 2104//2104
f 1784//1784 1768//1768 1747//1747
f 572//572 514//514 4//4
f 1621//1621 497//497 608//608
f 1881//1881 2081//2081 1769//1769
f 2281//2281 2366//2366 2298//2298
f 3942//3942 3926//3926 3886//3886
f 2510//2510 2442//2442 2527//2527
f 415//415 439//439 394//394
f 1299//1299 1515//1515 1155//1155
f 1398//1398 1155//1155 1515//1515
f 1398//1398 1200//1200 1155//1155
f 1930//1930 1924//1924 1935//1935
f 1070//1070 1155//1155 1200//1200
f 1070//1070 1200//1200 1079//1079
f 1708//1708 1677//1677 1719//1719
f 497//497 988//988 489//489
f 1676//1676 1721//1721 1568//1568
f 931//931 1119//1119 1131//1131
f 2025//2025 2077//2077 2140//2140
f 355//355 437//437 343//343
f 1255//1255 531//531 572//572
f 572//572 2//2 514//514
f 3878//3878 3883//3883 3946//3946
f 1248//1248 1657//1657 1167//1167
f 229//229 224//224 200//200
f 229//229 200//200 224//224
f 1248//1248 1167//1167 1010//1010
f 535//535 396//396 603//603
f 2242//2242 2312//2312 2232//2232
f 3908//3908 3922//3922 3921//3921
f 537//537 608//608 493//493
f 3216//3216 3053//3053 3038//3038
f 2636//2636 2632//2632 2480//2480
f 572//572 491//491 192//192
f 2756//2756 2477//2477 2667//2667
f 572//572 4//4 2//2
f 2782//2782 2635//2635 2947//2947
f 1036//1036 1310//1310 1153//1153
f 1036//1036 1153//1153 613//613
f 580//580 613//613 749//749
f 580//580 749//749 542//542
f 3679//3679 3707//3707 3631//3631
f 1153//1153 1735//1735 1711//1711
f 544//544 468//468 486//486
f 1339//1339 1153//1153 1711//1711
f 2805//2805 2764//2764 2801//2801
f 1114//1114 749//749 1153//1153
f 544//544 592//592 793//793
f 592//592 766//766 793//793
f 2757//2757 2629//2629 2670//2670
f 525//525 516//516 597//597
f 362//362 367//367 391//391
f 2304//2304 2348//2348 2266//2266
f 3947//3947 3873//3873 3893//3893
f 138//138 85//85 173//173
f 1355//1355 1488//1488 1492//1492
f 2768//2768 2695//2695 2329//2329
f 85//85 320//320 173//173
f 3151//3151 3275//3275 2998//2998
f 149//149 124//124 223//223
f 3464//3464 3118//3118 3288//3288
f 3384//3384 3397//3397 3331//3331
f 2290//2290 2274//2274 2344//2344
f 2290//2290 2344//2344 2274//2274
f 2099//2099 2167//2167 2224//2224
f 565//565 438//438 535//535
f 173//173 292//292 186//186
f 265//265 186//186 292//292
f 465//465 377//377 419//419
f 1404//1404 1329//1329 1370//1370
f 377//377 475//475 400//400
f 465//465 551//551 475//475
f 245//245 251//251 112//112
f 465//465 546//546 551//551
f 592//592 551//551 546//546
f 592//592 546//546 581//581
f 855//855 1037//1037 766//766
f 2659//2659 2624//2624 4036//4036
f 3464//3464 3787//3787 3490//3490
f 1220//1220 1292//1292 1294//1294
f 1220//1220 1294//1294 1292//1292
f 99//99 130//130 127//127
f 4020//4020 4022//4022 4045//4045
f 3279//3279 3151//3151 3086//3086
f 2879//2879 2289//2289 2435//2435
f 2456//2456 2493//2493 2511//2511
f 2456//2456 2511//2511 2493//2493
f 1716//1716 1653//1653 1650//1650
f 3894//3894 3914//3914 3883//3883
f 2375//2375 2155//2155 2114//2114
f 3529//3529 3509//3509 3830//3830
f 3849//3849 3830//3830 3509//3509
f 3883//3883 3830//3830 3849//3849
f 3280//3280 3257//3257 3273//3273
f 3894//3894 3883//3883 3849//3849
f 2023//2023 1968//1968 2025//2025
f 2023//2023 2025//2025 1968//1968
f 366//366 427//427 345//345
f 2624//2624 2579//2579 2642//2642
f 3989//3989 4003//4003 3978//3978
f 3521//3521 3378//3378 3493//3493
f 3952//3952 3989//3989 3978//3978
f 252//252 209//209 144//144
f 3837//3837 3845//3845 3647//3647
f 3867//3867 3845//3845 3837//3837
f 3917//3917 3891//3891 3867//3867
f 429//429 442//442 445//445
f 3872//3872 3904//3904 3870//3870
f 1628//1628 1487//1487 1695//1695
f 1669//1669 1167//1167 1657//1657
f 2185//2185 2204//2204 2275//2275
f 3867//3867 3891//3891 3848//3848
f 2982//2982 3328//3328 2911//2911
f 3416//3416 3141//3141 2952//2952
f 3289//3289 2911//2911 3393//3393
f 2473//2473 2387//2387 2508//2508
f 2473//2473 2508//2508 2911//2911
f 2911//2911 2508//2508 2488//2488
f 550//550 478//478 423//423
f 2982//2982 2911//2911 2488//2488
f 2118//2118 2091//2091 2066//2066
f 2699//2699 2520//2520 2970//2970
f 4003//4003 3996//3996 4017//4017
f 2293//2293 1670//1670 2374//2374
f 2699//2699 1657//1657 1646//1646
f 3361//3361 3371//3371 3399//3399
f 3361//3361 3399//3399 3371//3371
f 1669//1669 1260//1260 1167//1167
f 1121//1121 603//603 1167//1167
f 502//502 1010//1010 603//603
f 1248//1248 988//988 1646//1646
f 2062//2062 2017//2017 2015//2015
f 497//497 1646//1646 988//988
f 2520//2520 1646//1646 497//497
f 2118//2118 2251//2251 2240//2240
f 3384//3384 3294//3294 3324//3324
f 2299//2299 2283//2283 2320//2320
f 2350//2350 2346//2346 2546//2546
f 1802//1802 1236//1236 2799//2799
f 3880//3880 3864//3864 3936//3936
f 3995//3995 4000//4000 3985//3985
f 2368//2368 1927//1927 1217//1217
f 1669//1669 2916//2916 2587//2587
f 261//261 284//284 267//267
f 3471//3471 3360//3360 3592//3592
f 3592//3592 3360//3360 3521//3521
f 1713//1713 1685//1685 1921//1921
f 2533//2533 2325//2325 2391//2391
f 3493//3493 3378//3378 3402//3402
f 3668//3668 3581//3581 3669//3669
f 3668//3668 3669//3669 3581//3581
f 4019//4019 4007//4007 4018//4018
f 1916//1916 2013//2013 1985//1985
f 3234//3234 3282//3282 3154//3154
f 1146//1146 1112//1112 1128//1128
f 3019//3019 3337//3337 2918//2918
f 2440//2440 3019//3019 2918//2918
f 1326//1326 1353//1353 1295//1295
f 3146//3146 3071//3071 3079//3079
f 2918//2918 2152//2152 2440//2440
f 2350//2350 2243//2243 2369//2369
f 2314//2314 2354//2354 2240//2240
f 2152//2152 1737//1737 1678//1678
f 449//449 525//525 476//476
f 1635//1635 571//571 2541//2541
f 2329//2329 2918//2918 2715//2715
f 726//726 784//784 803//803
f 1737//1737 1735//1735 1310//1310
f 616//616 570//570 662//662
f 2246//2246 1996//1996 2746//2746
f 1700//1700 1724//1724 1747//1747
f 597//597 1036//1036 613//613
f 2648//2648 2668//2668 2654//2654
f 613//613 580//580 476//476
f 2995//2995 2929//2929 3081//3081
f 1971//1971 1924//1924 1904//1904
f 1971//1971 1904//1904 1924//1924
f 231//231 385//385 236//236
f 3448//3448 3402//3402 3337//3337
f 92//92 71//71 65//65
f 2152//2152 2918//2918 2329//2329
f 2958//2958 3246//3246 2814//2814
f 2152//2152 2329//2329 1737//1737
f 1737//1737 1310//1310 1315//1315
f 1071//1071 1315//1315 1310//1310
f 2376//2376 1671//1671 2821//2821
f 1071//1071 1310//1310 1036//1036
f 613//613 476//476 525//525
f 137//137 177//177 102//102
f 3717//3717 3740//3740 3734//3734
f 3717//3717 3734//3734 3740//3740
f 2325//2325 2206//2206 2391//2391
f 2902//2902 2768//2768 3153//3153
f 2699//2699 2916//2916 1657//1657
f 1657//1657 2916//2916 1669//1669
f 2096//2096 2111//2111 2068//2068
f 1052//1052 603//603 1121//1121
f 1052//1052 587//587 603//603
f 777//777 965//965 596//596
f 1411//1411 1406//1406 1700//1700
f 1289//1289 1753//1753 1396//1396
f 3601//3601 3665//3665 3689//3689
f 3601//3601 3689//3689 3665//3665
f 3592//3592 3845//3845 3848//3848
f 4050//4050 4038//4038 4027//4027
f 3592//3592 3521//3521 3845//3845
f 3647//3647 3845//3845 3521//3521
f 2076//2076 1634//1634 1606//1606
f 4020//4020 4039//4039 4003//4003
f 1199//1199 1273//1273 1355//1355
f 4020//4020 4045//4045 4039//4039
f 2716//2716 2593//2593 2565//2565
f 4039//4039 4027//4027 4011//4011
f 1191//1191 644//644 1802//1802
f 1715//1715 2154//2154 1983//1983
f 2386//2386 2349//2349 2381//2381
f 2287//2287 2817//2817 2594//2594
f 1724//1724 1726//1726 1905//1905
f 3172//3172 3253//3253 3123//3123
f 2262//2262 2348//2348 2304//2304
f 3937//3937 3947//3947 3891//3891
f 3913//3913 3963//3963 3976//3976
f 3978//3978 3966//3966 3959//3959
f 2509//2509 2604//2604 2444//2444
f 2509//2509 2444//2444 2604//2604
f 2979//2979 2814//2814 3125//3125
f 3495//3495 3529//3529 3837//3837
f 3878//3878 3837//3837 3830//3830
f 2873//2873 2666//2666 1915//1915
f 2512//2512 1989//1989 2621//2621
f 1381//1381 2154//2154 2084//2084
f 3396//3396 3380//3380 3344//3344
f 3972//3972 3896//3896 3976//3976
f 4011//4011 4001//4001 3990//3990
f 3976//3976 3990//3990 3972//3972
f 1685//1685 1625//1625 1922//1922
f 3972//3972 3934//3934 3896//3896
f 1450//1450 1572//1572 1465//1465
f 3278//3278 3324//3324 3377//3377
f 3896//3896 3934//3934 3889//3889
f 2024//2024 2049//2049 2121//2121
f 205//205 247//247 249//249
f 1776//1776 3//3 1613//1613
f 2053//2053 1974//1974 2004//2004
f 3592//3592 3848//3848 3840//3840
f 3046//3046 3153//3153 3360//3360
f 3000//3000 3134//3134 3026//3026
f 1997//1997 2457//2457 2493//2493
f 3046//3046 2902//2902 3153//3153
f 2870//2870 2778//2778 2649//2649
f 2512//2512 2621//2621 2719//2719
f 2566//2566 2545//2545 2323//2323
f 2882//2882 3228//3228 3238//3238
f 2902//2902 2719//2719 2621//2621
f 3074//3074 3070//3070 3084//3084
f 3592//3592 3801//3801 3471//3471
f 3592//3592 3840//3840 3801//3801
f 1512//1512 1539//1539 1556//1556
f 2554//2554 2610//2610 2556//2556
f 3801//3801 3840//3840 3891//3891
f 492//492 622//622 24//24
f 3801//3801 3891//3891 3863//3863
f 3266//3266 3151//3151 3279//3279
f 755//755 402//402 741//741
f 64//64 112//112 102//102
f 1554//1554 1634//1634 1620//1620
f 3487//3487 3471//3471 3801//3801
f 3487//3487 3467//3467 3471//3471
f 3046//3046 2713//2713 2902//2902
f 2512//2512 2719//2719 2713//2713
f 3873//3873 3507//3507 3801//3801
f 3801//3801 3507//3507 3487//3487
f 3507//3507 3433//3433 3487//3487
f 3168//3168 3171//3171 3218//3218
f 1344//1344 1413//1413 1370//1370
f 1758//1758 2069//2069 1721//1721
f 2969//2969 2551//2551 2690//2690
f 2551//2551 2713//2713 2690//2690
f 2371//2371 1527//1527 1064//1064
f 2472//2472 2430//2430 2612//2612
f 3433//3433 3323//3323 3022//3022
f 2969//2969 2737//2737 2551//2551
f 3971//3971 3985//3985 4000//4000
f 3415//3415 3509//3509 3529//3529
f 2512//2512 2713//2713 2551//2551
f 2713//2713 2969//2969 2690//2690
f 2697//2697 2958//2958 3105//3105
f 3046//3046 3471//3471 2969//2969
f 3471//3471 3433//3433 2969//2969
f 3079//3079 3117//3117 3172//3172
f 3487//3487 3433//3433 3467//3467
f 3801//3801 3863//3863 3873//3873
f 1220//1220 1279//1279 1208//1208
f 1220//1220 1208//1208 1279//1279
f 3891//3891 3873//3873 3863//3863
f 3913//3913 3873//3873 3891//3891
f 806//806 787//787 761//761
f 3913//3913 3891//3891 3947//3947
f 532//532 776//776 494//494
f 3913//3913 3947//3947 3963//3963
f 1868//1868 1846//1846 1877//1877
f 2555//2555 2766//2766 2730//2730
f 2555//2555 2730//2730 2605//2605
f 1515//1515 1785//1785 1769//1769
f 1969//1969 2591//2591 2555//2555
f 1569//1569 1262//1262 1123//1123
f 2158//2158 2089//2089 2149//2149
f 3041//3041 2766//2766 2591//2591
f 2782//2782 2500//2500 2339//2339
f 194//194 103//103 110//110
f 194//194 110//110 103//103
f 3041//3041 2591//2591 3022//3022
f 3022//3022 3386//3386 3041//3041
f 3459//3459 3569//3569 3473//3473
f 2913//2913 3021//3021 2835//2835
f 3507//3507 3569//3569 3459//3459
f 3450//3450 3452//3452 3462//3462
f 3896//3896 3860//3860 3507//3507
f 2172//2172 2204//2204 2318//2318
f 726//726 803//803 790//790
f 726//726 790//790 803//803
f 2977//2977 3161//3161 3000//3000
f 1515//1515 1655//1655 1785//1785
f 1969//1969 2030//2030 2591//2591
f 2551//2551 2591//2591 2030//2030
f 1424//1424 1411//1411 1293//1293
f 2591//2591 2551//2551 2737//2737
f 2591//2591 2737//2737 3022//3022
f 286//286 237//237 262//262
f 248//248 272//272 306//306
f 3234//3234 3295//3295 3154//3154
f 1367//1367 1512//1512 1363//1363
f 3022//3022 3323//3323 3459//3459
f 3507//3507 3459//3459 3323//3323
f 3891//3891 3947//3947 3903//3903
f 625//625 2476//2476 1670//1670
f 2443//2443 2445//2445 2418//2418
f 1171//1171 616//616 1060//1060
f 3913//3913 3896//3896 3873//3873
f 2647//2647 2684//2684 2449//2449
f 2647//2647 2449//2449 2684//2684
f 3976//3976 3896//3896 3913//3913
f 306//306 291//291 296//296
f 1707//1707 1634//1634 2122//2122
f 4002//4002 3976//3976 3963//3963
f 2408//2408 2084//2084 2154//2154
f 1070//1070 855//855 749//749
f 1070//1070 749//749 1155//1155
f 1114//1114 1155//1155 749//749
f 2005//2005 1711//1711 1989//1989
f 2005//2005 1989//1989 2512//2512
f 1274//1274 1198//1198 1197//1197
f 2554//2554 2561//2561 2610//2610
f 2846//2846 2896//2896 2845//2845
f 2695//2695 2621//2621 2329//2329
f 2768//2768 2329//2329 2715//2715
f 3970//3970 3933//3933 4012//4012
f 3979//3979 4030//4030 4012//4012
f 1378//1378 1461//1461 1447//1447
f 2886//2886 2843//2843 2882//2882
f 3970//3970 4012//4012 3989//3989
f 2507//2507 2900//2900 2446//2446
f 1828//1828 1905//1905 1825//1825
f 2095//2095 2254//2254 2122//2122
f 2095//2095 2122//2122 2254//2254
f 4022//4022 3989//3989 4012//4012
f 1199//1199 1273//1273 1364//1364
f 2528//2528 2486//2486 2547//2547
f 4002//4002 4003//4003 4039//4039
f 2523//2523 2553//2553 2325//2325
f 3045//3045 1484//1484 2166//2166
f 3923//3923 3933//3933 3885//3885
f 3377//3377 3396//3396 3453//3453
f 3371//3371 3362//3362 3454//3454
f 2739//2739 2971//2971 2877//2877
f 2070//2070 2115//2115 2178//2178
f 1834//1834 1970//1970 2345//2345
f 1904//1904 1884//1884 1924//1924
f 1904//1904 1924//1924 1884//1884
f 3483//3483 3885//3885 3871//3871
f 3483//3483 3871//3871 3481//3481
f 3652//3652 3481//3481 3871//3871
f 1128//1128 1112//1112 1146//1146
f 3894//3894 3849//3849 3914//3914
f 1823//1823 1848//1848 1851//1851
f 674//674 3555//3555 3539//3539
f 2596//2596 2474//2474 2471//2471
f 2596//2596 2471//2471 2474//2474
f 3952//3952 3944//3944 3914//3914
f 3308//3308 3322//3322 3305//3305
f 3308//3308 3305//3305 3322//3322
f 2799//2799 1909//1909 2837//2837
f 329//329 324//324 316//316
f 3946//3946 3944//3944 3952//3952
f 573//573 561//561 2259//2259
f 573//573 2259//2259 561//561
f 3883//3883 3944//3944 3946//3946
f 1828//1828 1864//1864 1954//1954
f 1409//1409 1530//1530 1516//1516
f 1449//1449 3134//3134 1402//1402
f 3483//3483 3403//3403 3481//3481
f 3483//3483 3481//3481 3403//3403
f 2736//2736 2746//2746 3020//3020
f 191//191 275//275 175//175
f 1692//1692 1678//1678 1285//1285
f 2886//2886 2882//2882 2779//2779
f 1692//1692 2440//2440 1678//1678
f 2587//2587 2916//2916 3019//3019
f 3495//3495 3263//3263 3289//3289
f 92//92 138//138 146//146
f 3529//3529 3495//3495 3393//3393
f 3529//3529 3393//3393 3328//3328
f 2679//2679 2750//2750 3197//3197
f 2982//2982 2884//2884 3197//3197
f 1539//1539 1710//1710 1623//1623
f 2982//2982 3197//3197 3403//3403
f 3483//3483 3415//3415 3403//3403
f 3432//3432 3403//3403 3197//3197
f 173//173 377//377 292//292
f 2008//2008 1935//1935 1982//1982
f 189//189 194//194 202//202
f 1392//1392 1459//1459 1389//1389
f 173//173 320//320 377//377
f 1784//1784 1806//1806 1569//1569
f 865//865 804//804 811//811
f 865//865 811//811 804//804
f 1077//1077 1053//1053 1042//1042
f 438//438 449//449 359//359
f 1052//1052 1285//1285 1071//1071
f 2012//2012 1939//1939 2070//2070
f 1052//1052 1692//1692 1285//1285
f 2521//2521 2496//2496 2552//2552
f 326//326 578//578 1098//1098
f 1669//1669 2587//2587 1692//1692
f 1159//1159 1074//1074 1555//1555
f 2199//2199 2215//2215 2192//2192
f 3289//3289 3393//3393 3495//3495
f 5//5 1605//1605 18//18
f 1632//1632 1845//1845 1885//1885
f 2532//2532 2602//2602 2445//2445
f 2679//2679 2884//2884 2660//2660
f 2679//2679 2660//2660 2489//2489
f 2679//2679 2489//2489 2363//2363
f 2679//2679 2363//2363 2367//2367
f 3952//3952 3914//3914 3933//3933
f 2780//2780 2692//2692 2765//2765
f 604//604 2052//2052 510//510
f 4022//4022 4012//4012 4035//4035
f 1933//1933 1810//1810 1809//1809
f 3920//3920 3933//3933 3914//3914
f 2821//2821 1690//1690 3157//3157
f 635//635 1567//1567 1168//1168
f 3920//3920 3914//3914 3933//3933
f 2380//2380 2367//2367 1256//1256
f 3023//3023 2597//2597 3113//3113
f 2052//2052 2489//2489 2244//2244
f 2052//2052 2244//2244 2489//2489
f 1143//1143 1156//1156 1182//1182
f 2489//2489 2660//2660 2488//2488
f 3652//3652 3509//3509 3483//3483
f 2982//2982 2660//2660 2884//2884
f 1851//1851 1873//1873 1856//1856
f 1967//1967 1972//1972 1877//1877
f 3563//3563 680//680 652//652
f 3914//3914 3871//3871 3933//3933
f 190//190 196//196 110//110
f 1045//1045 1054//1054 1771//1771
f 2209//2209 2488//2488 2285//2285
f 2209//2209 2285//2285 2488//2488
f 1528//1528 1535//1535 1539//1539
f 2209//2209 526//526 2285//2285
f 526//526 2//2 514//514
f 3//3 510//510 514//514
f 3384//3384 3445//3445 3377//3377
f 3384//3384 3331//3331 3397//3397
f 2209//2209 572//572 514//514
f 2982//2982 2488//2488 2660//2660
f 3483//3483 3509//3509 3415//3415
f 289//289 204//204 212//212
f 3154//3154 3099//3099 3033//3033
f 264//264 507//507 219//219
f 143//143 156//156 157//157
f 3979//3979 4012//4012 3954//3954
f 1328//1328 1377//1377 1273//1273
f 3978//3978 3963//3963 3966//3966
f 3947//3947 3966//3966 3963//3963
f 3878//3878 3917//3917 3884//3884
f 3878//3878 3884//3884 3837//3837
f 2122//2122 2088//2088 2119//2119
f 2122//2122 2119//2119 2088//2088
f 1654//1654 1726//1726 1599//1599
f 3837//3837 3647//3647 3495//3495
f 3026//3026 3152//3152 3133//3133
f 277//277 214//214 288//288
f 3647//3647 3425//3425 3495//3495
f 3647//3647 3493//3493 3425//3425
f 3027//3027 3402//3402 3378//3378
f 1464//1464 1440//1440 1760//1760
f 3153//3153 2768//2768 2715//2715
f 1366//1366 1345//1345 1638//1638
f 439//439 415//415 394//394
f 492//492 622//622 533//533
f 492//492 533//533 622//622
f 2902//2902 2695//2695 2768//2768
f 2779//2779 2777//2777 2653//2653
f 1711//1711 2005//2005 1655//1655
f 3399//3399 3441//3441 3442//3442
f 3040//3040 2971//2971 2619//2619
f 1398//1398 1534//1534 1200//1200
f 1837//1837 2025//2025 2077//2077
f 1079//1079 1200//1200 1037//1037
f 1079//1079 1037//1037 855//855
f 2391//2391 2206//2206 2325//2325
f 2782//2782 2893//2893 2875//2875
f 1905//1905 1726//1726 1952//1952
f 855//855 581//581 749//749
f 3347//3347 3382//3382 3427//3427
f 3347//3347 3427//3427 3382//3382
f 581//581 542//542 749//749
f 546//546 542//542 581//581
f 476//476 465//465 419//419
f 476//476 419//419 320//320
f 449//449 476//476 320//320
f 3190//3190 3093//3093 2616//2616
f 120//120 111//111 206//206
f 597//597 565//565 1071//1071
f 1071//1071 1285//1285 1315//1315
f 2784//2784 2914//2914 3063//3063
f 1678//1678 1315//1315 1285//1285
f 2152//2152 1678//1678 2440//2440
f 1318//1318 1365//1365 1414//1414
f 2440//2440 2587//2587 3019//3019
f 1349//1349 1373//1373 1446//1446
f 1349//1349 1446//1446 1373//1373
f 350//350 379//379 405//405
f 824//824 806//806 787//787
f 824//824 787//787 806//806
f 1788//1788 1789//1789 1354//1354
f 572//572 4//4 526//526
f 3357//3357 3420//3420 3388//3388
f 3038//3038 3582//3582 2840//2840
f 2805//2805 2759//2759 2764//2764
f 2759//2759 2740//2740 2764//2764
f 2725//2725 2740//2740 2759//2759
f 2805//2805 2801//2801 2839//2839
f 539//539 280//280 1820//1820
f 3239//3239 2839//2839 3181//3181
f 1694//1694 1509//1509 1421//1421
f 3239//3239 3244//3244 3242//3242
f 3296//3296 3313//3313 3244//3244
f 3296//3296 3244//3244 3313//3313
f 3296//3296 3313//3313 3369//3369
f 1407//1407 1686//1686 1787//1787
f 804//804 1271//1271 423//423
f 1851//1851 1848//1848 1873//1873
f 3401//3401 3385//3385 3407//3407
f 1523//1523 1724//1724 1599//1599
f 3297//3297 3345//3345 3286//3286
f 3297//3297 3381//3381 3345//3345
f 418//418 423//423 410//410
f 3210//3210 3297//3297 3164//3164
f 2819//2819 2830//2830 3005//3005
f 2819//2819 3005//3005 3164//3164
f 3417//3417 3426//3426 3436//3436
f 2830//2830 2819//2819 2783//2783
f 965//965 1860//1860 1867//1867
f 2824//2824 2564//2564 2586//2586
f 2824//2824 2586//2586 2741//2741
f 1945//1945 1831//1831 2054//2054
f 2003//2003 2202//2202 2223//2223
f 2202//2202 2493//2493 2223//2223
f 2456//2456 2493//2493 2202//2202
f 1986//1986 1992//1992 2460//2460
f 2598//2598 2552//2552 2631//2631
f 2725//2725 2631//2631 2620//2620
f 1423//1423 1701//1701 2940//2940
f 3113//3113 2597//2597 2940//2940
f 3189//3189 3316//3316 3397//3397
f 2725//2725 2759//2759 2631//2631
f 3961//3961 3953//3953 3986//3986
f 1723//1723 1764//1764 1763//1763
f 1876//1876 1895//1895 1899//1899
f 211//211 111//111 120//120
f 1906//1906 2003//2003 1997//1997
f 2003//2003 2223//2223 1997//1997
f 1906//1906 1889//1889 1883//1883
f 3428//3428 3439//3439 3444//3444
f 2886//2886 2779//2779 2843//2843
f 1767//1767 1883//1883 1889//1889
f 1658//1658 1754//1754 1679//1679
f 1767//1767 1754//1754 1658//1658
f 1223//1223 1350//1350 1266//1266
f 1031//1031 1067//1067 1066//1066
f 1175//1175 1154//1154 1176//1176
f 1175//1175 1164//1164 1154//1154
f 1241//1241 1175//1175 1176//1176
f 2523//2523 2393//2393 2530//2530
f 1241//1241 1268//1268 1245//1245
f 2078//2078 2138//2138 2180//2180
f 1638//1638 1345//1345 1642//1642
f 2424//2424 2416//2416 2314//2314
f 3582//3582 3943//3943 3678//3678
f 3038//3038 2741//2741 2735//2735
f 2586//2586 2735//2735 2741//2741
f 2130//2130 2735//2735 2003//2003
f 1767//1767 2003//2003 1883//1883
f 1378//1378 1288//1288 1303//1303
f 1767//1767 1500//1500 2003//2003
f 2130//2130 2003//2003 1500//1500
f 1998//1998 1928//1928 2075//2075
f 1998//1998 2075//2075 1928//1928
f 3877//3877 3861//3861 3842//3842
f 764//764 541//541 731//731
f 824//824 408//408 755//755
f 824//824 1638//1638 408//408
f 1899//1899 408//408 1799//1799
f 1220//1220 1281//1281 1279//1279
f 1220//1220 1279//1279 1281//1281
f 3154//3154 3099//3099 2985//2985
f 4031//4031 2631//2631 2759//2759
f 4031//4031 3665//3665 3689//3689
f 4031//4031 4038//4038 4050//4050
f 4031//4031 3689//3689 4038//4038
f 2026//2026 408//408 1899//1899
f 2026//2026 2598//2598 408//408
f 4031//4031 408//408 2598//2598
f 1723//1723 1763//1763 1647//1647
f 824//824 1175//1175 1241//1241
f 1920//1920 1922//1922 1682//1682
f 1159//1159 1658//1658 1223//1223
f 1641//1641 1437//1437 1658//1658
f 2003//2003 1931//1931 1883//1883
f 2003//2003 2735//2735 2202//2202
f 2447//2447 2456//2456 2735//2735
f 2511//2511 2735//2735 2586//2586
f 1389//1389 1836//1836 1302//1302
f 2830//2830 2824//2824 2840//2840
f 2830//2830 2840//2840 2824//2824
f 2830//2830 2840//2840 3005//3005
f 2741//2741 2840//2840 2830//2830
f 3210//3210 2840//2840 3582//3582
f 3210//3210 3245//3245 3297//3297
f 3210//3210 3297//3297 3245//3245
f 3401//3401 3407//3407 3297//3297
f 3407//3407 3381//3381 3297//3297
f 1622//1622 1725//1725 1436//1436
f 3401//3401 3297//3297 3369//3369
f 3294//3294 3209//3209 3208//3208
f 3294//3294 3208//3208 3209//3209
f 1116//1116 1130//1130 1133//1133
f 3306//3306 3296//3296 3665//3665
f 1900//1900 1875//1875 1926//1926
f 3297//3297 3296//3296 3369//3369
f 2862//2862 2850//2850 2759//2759
f 1016//1016 1009//1009 1026//1026
f 755//755 408//408 402//402
f 3297//3297 3595//3595 3669//3669
f 3210//3210 3582//3582 3595//3595
f 764//764 1164//1164 402//402
f 1159//1159 1500//1500 1767//1767
f 764//764 1159//1159 1223//1223
f 764//764 1223//1223 1218//1218
f 4031//4031 2759//2759 2850//2850
f 2351//2351 2345//2345 2704//2704
f 4031//4031 2850//2850 3665//3665
f 4035//4035 4030//4030 4041//4041
f 4045//4045 4050//4050 4039//4039
f 4050//4050 4027//4027 4039//4039
f 1324//1324 1352//1352 1332//1332
f 220//220 165//165 232//232
f 2342//2342 2235//2235 2431//2431
f 178//178 140//140 165//165
f 138//138 140//140 146//146
f 164//164 149//149 140//140
f 2684//2684 2487//2487 2770//2770
f 164//164 250//250 168//168
f 1450//1450 1501//1501 1665//1665
f 190//190 181//181 176//176
f 250//250 270//270 168//168
f 366//366 333//333 357//357
f 250//250 282//282 270//270
f 1393//1393 1265//1265 1565//1565
f 220//220 265//265 250//250
f 1141//1141 1149//1149 2461//2461
f 323//323 336//336 332//332
f 1654//1654 1588//1588 1694//1694
f 335//335 336//336 323//323
f 367//367 405//405 361//361
f 362//362 367//367 398//398
f 362//362 398//398 367//367
f 365//365 353//353 361//361
f 8//8 11//11 520//520
f 365//365 360//360 335//335
f 363//363 361//361 405//405
f 363//363 336//336 360//360
f 363//363 405//405 336//336
f 365//365 361//361 363//363
f 1488//1488 1541//1541 1563//1563
f 365//365 335//335 353//353
f 3//3 2//2 10//10
f 996//996 1050//1050 1009//1009
f 246//246 291//291 302//302
f 322//322 312//312 327//327
f 322//322 327//327 312//312
f 300//300 327//327 330//330
f 199//199 183//183 259//259
f 183//183 267//267 259//259
f 1329//1329 1327//1327 1413//1413
f 287//287 267//267 300//300
f 185//185 183//183 198//198
f 1337//1337 1359//1359 1596//1596
f 2975//2975 2978//2978 2925//2925
f 75//75 80//80 85//85
f 1326//1326 1244//1244 1384//1384
f 92//92 65//65 138//138
f 2172//2172 2210//2210 2288//2288
f 3377//3377 3390//3390 3445//3445
f 3377//3377 3445//3445 3390//3390
f 2997//2997 3353//3353 3258//3258
f 3447//3447 3380//3380 3424//3424
f 3965//3965 3941//3941 3934//3934
f 3037//3037 3035//3035 3087//3087
f 2130//2130 2492//2492 2735//2735
f 2348//2348 2161//2161 2191//2191
f 2130//2130 1500//1500 1792//1792
f 1555//1555 1792//1792 1500//1500
f 344//344 311//311 325//325
f 3357//3357 3320//3320 3420//3420
f 1852//1852 2065//2065 2050//2050
f 3943//3943 3965//3965 4001//4001
f 1268//1268 1269//1269 1259//1259
f 2003//2003 1997//1997 2036//2036
f 2003//2003 2036//2036 1997//1997
f 1778//1778 1781//1781 1733//1733
f 1555//1555 1074//1074 1214//1214
f 4029//4029 4030//4030 3998//3998
f 184//184 189//189 94//94
f 184//184 94//94 189//189
f 731//731 1074//1074 1159//1159
f 1159//1159 1555//1555 1500//1500
f 2078//2078 2226//2226 2092//2092
f 2130//2130 1792//1792 1914//1914
f 2335//2335 2605//2605 2492//2492
f 2605//2605 2735//2735 2492//2492
f 2650//2650 2628//2628 2571//2571
f 2650//2650 2571//2571 2628//2628
f 3038//3038 3094//3094 3372//3372
f 443//443 421//421 447//447
f 3315//3315 3222//3222 3249//3249
f 1930//1930 1884//1884 1924//1924
f 2686//2686 2340//2340 3098//3098
f 1784//1784 1794//1794 1806//1806
f 777//777 1098//1098 578//578
f 541//541 402//402 468//468
f 1777//1777 1816//1816 1818//1818
f 1555//1555 1782//1782 1792//1792
f 1914//1914 1792//1792 1782//1782
f 3582//3582 3850//3850 3943//3943
f 402//402 398//398 468//468
f 3154//3154 3042//3042 3099//3099
f 731//731 541//541 793//793
f 382//382 375//375 393//393
f 1387//1387 3072//3072 1705//1705
f 731//731 793//793 1074//1074
f 1914//1914 1782//1782 1901//1901
f 2130//2130 2105//2105 2335//2335
f 2735//2735 2730//2730 2931//2931
f 3372//3372 3530//3530 3582//3582
f 3943//3943 3850//3850 3941//3941
f 2//2 6//6 10//10
f 871//871 822//822 811//811
f 17//17 10//10 60//60
f 3717//3717 3734//3734 3869//3869
f 60//60 10//10 22//22
f 17//17 96//96 60//60
f 17//17 60//60 96//96
f 246//246 60//60 203//203
f 246//246 136//136 60//60
f 13//13 3//3 10//10
f 17//17 13//13 10//10
f 1475//1475 1458//1458 1521//1521
f 322//322 331//331 312//312
f 322//322 312//312 331//331
f 2861//2861 2822//2822 2777//2777
f 3280//3280 2528//2528 3214//3214
f 1412//1412 1811//1811 1745//1745
f 246//246 269//269 226//226
f 246//246 226//226 136//136
f 2401//2401 2549//2549 2537//2537
f 30//30 38//38 98//98
f 3377//3377 3445//3445 3384//3384
f 330//330 396//396 287//287
f 246//246 302//302 269//269
f 75//75 85//85 65//65
f 295//295 289//289 212//212
f 95//95 98//98 93//93
f 95//95 93//93 98//98
f 185//185 267//267 183//183
f 3008//3008 2798//2798 2454//2454
f 2903//2903 3042//3042 2900//2900
f 753//753 761//761 787//787
f 38//38 93//93 98//98
f 140//140 138//138 165//165
f 75//75 146//146 80//80
f 75//75 65//65 72//72
f 392//392 418//418 386//386
f 1902//1902 1877//1877 1868//1868
f 1902//1902 1868//1868 1877//1877
f 335//335 323//323 349//349
f 3353//3353 3291//3291 3411//3411
f 301//301 400//400 349//349
f 2444//2444 2433//2433 2604//2604
f 3175//3175 3066//3066 3110//3110
f 335//335 349//349 402//402
f 149//149 223//223 146//146
f 335//335 402//402 398//398
f 332//332 336//336 314//314
f 350//350 314//314 336//336
f 282//282 314//314 270//270
f 2934//2934 2722//2722 2871//2871
f 3104//3104 2749//2749 3098//3098
f 2658//2658 2182//2182 1566//1566
f 350//350 336//336 408//408
f 1313//1313 1393//1393 1329//1329
f 350//350 405//405 370//370
f 3279//3279 3086//3086 3207//3207
f 1380//1380 1429//1429 1273//1273
f 4050//4050 4041//4041 4030//4030
f 4031//4031 4050//4050 4030//4030
f 408//408 4030//4030 405//405
f 4031//4031 4030//4030 408//408
f 408//408 336//336 405//405
f 350//350 408//408 405//405
f 397//397 408//408 405//405
f 4045//4045 4040//4040 4050//4050
f 4038//4038 4001//4001 4027//4027
f 2554//2554 2045//2045 2556//2556
f 1290//1290 2622//2622 5//5
f 1290//1290 5//5 18//18
f 484//484 3//3 1374//1374
f 484//484 1613//1613 3//3
f 4020//4020 4039//4039 4043//4043
f 2890//2890 2670//2670 2724//2724
f 1145//1145 1140//1140 1192//1192
f 3969//3969 3967//3967 3952//3952
f 3920//3920 3933//3933 3952//3952
f 2451//2451 2599//2599 2670//2670
f 1778//1778 1563//1563 1733//1733
f 3944//3944 3952//3952 3933//3933
f 797//797 576//576 847//847
f 3920//3920 3967//3967 3879//3879
f 2245//2245 1990//1990 2224//2224
f 3504//3504 3732//3732 3879//3879
f 261//261 189//189 194//194
f 1141//1141 1099//1099 1113//1113
f 3879//3879 3732//3732 3871//3871
f 3894//3894 3944//3944 3920//3920
f 2054//2054 1832//1832 1945//1945
f 3894//3894 3920//3920 3871//3871
f 3361//3361 3335//3335 3325//3325
f 3361//3361 3325//3325 3335//3335
f 40//40 66//66 107//107
f 4016//4016 4013//4013 3967//3967
f 4016//4016 3967//3967 3993//3993
f 1294//1294 1442//1442 1611//1611
f 3899//3899 3904//3904 3919//3919
f 2973//2973 2908//2908 2972//2972
f 2973//2973 2972//2972 2908//2908
f 1997//1997 1800//1800 1889//1889
f 1252//1252 1280//1280 1212//1212
f 1252//1252 1212//1212 1280//1280
f 3920//3920 3952//3952 3967//3967
f 3967//3967 3969//3969 3993//3993
f 1556//1556 1512//1512 1654//1654
f 2353//2353 2406//2406 2608//2608
f 1184//1184 1213//1213 1173//1173
f 2570//2570 2750//2750 1264//1264
f 3912//3912 3932//3932 3956//3956
f 4040//4040 4020//4020 4043//4043
f 3601//3601 3650//3650 3618//3618
f 4040//4040 4013//4013 4020//4020
f 2983//2983 2998//2998 2907//2907
f 463//463 553//553 626//626
f 1851//1851 2098//2098 1946//1946
f 445//445 442//442 412//412
f 4029//4029 4013//4013 4040//4040
f 3920//3920 3879//3879 3871//3871
f 3948//3948 2595//2595 3897//3897
f 3948//3948 3980//3980 2595//2595
f 3916//3916 3967//3967 3980//3980
f 3916//3916 3980//3980 3948//3948
f 3967//3967 3998//3998 3980//3980
f 1433//1433 3056//3056 1585//1585
f 3916//3916 3895//3895 3879//3879
f 1297//1297 1276//1276 1351//1351
f 3916//3916 3948//3948 3895//3895
f 3235//3235 3183//3183 3271//3271
f 1862//1862 1842//1842 2136//2136
f 344//344 166//166 236//236
f 1862//1862 2136//2136 1842//1842
f 3456//3456 3020//3020 3118//3118
f 3990//3990 3965//3965 3994//3994
f 3924//3924 3941//3941 3965//3965
f 2112//2112 2266//2266 2126//2126
f 2172//2172 2318//2318 2210//2210
f 3987//3987 3981//3981 4004//4004
f 3884//3884 3944//3944 3846//3846
f 189//189 94//94 202//202
f 792//792 871//871 1756//1756
f 3949//3949 3966//3966 3969//3969
f 2478//2478 2391//2391 2350//2350
f 2478//2478 2350//2350 2391//2391
f 3279//3279 3388//3388 3241//3241
f 1252//1252 1199//1199 1201//1201
f 1442//1442 1625//1625 1611//1611
f 3969//3969 3944//3944 3949//3949
f 1820//1820 2198//2198 1379//1379
f 795//795 762//762 813//813
f 795//795 813//813 762//762
f 3947//3947 3863//3863 3873//3873
f 2065//2065 1836//1836 1770//1770
f 1553//1553 1424//1424 1499//1499
f 1553//1553 1499//1499 1424//1424
f 1426//1426 1442//1442 1481//1481
f 1426//1426 1481//1481 1442//1442
f 2451//2451 2647//2647 2459//2459
f 3018//3018 2702//2702 3024//3024
f 4002//4002 4017//4017 3996//3996
f 2136//2136 1718//1718 1893//1893
f 4002//4002 3990//3990 4011//4011
f 3976//3976 3924//3924 3990//3990
f 3474//3474 3470//3470 3475//3475
f 4003//4003 4016//4016 3993//3993
f 2725//2725 2620//2620 405//405
f 4003//4003 3993//3993 3996//3996
f 1825//1825 1905//1905 1963//1963
f 68//68 72//72 80//80
f 1798//1798 1865//1865 2258//2258
f 2193//2193 2383//2383 2270//2270
f 4020//4020 4017//4017 4039//4039
f 3949//3949 3903//3903 3947//3947
f 3891//3891 3863//3863 3947//3947
f 1013//1013 1025//1025 1003//1003
f 1320//1320 1243//1243 1232//1232
f 1320//1320 1232//1232 1243//1243
f 217//217 120//120 111//111
f 1670//1670 2476//2476 2378//2378
f 3969//3969 3966//3966 3996//3996
f 2697//2697 2937//2937 2718//2718
f 3966//3966 3976//3976 3996//3996
f 2567//2567 2668//2668 2530//2530
f 1129//1129 1112//1112 1067//1067
f 1371//1371 1656//1656 1667//1667
f 1371//1371 1667//1667 1656//1656
f 4002//4002 3976//3976 3990//3990
f 850//850 759//759 817//817
f 1603//1603 1997//1997 1782//1782
f 607//607 463//463 626//626
f 1740//1740 1731//1731 1732//1732
f 1021//1021 793//793 1350//1350
f 4034//4034 3244//3244 405//405
f 4034//4034 405//405 4030//4030
f 4041//4041 4044//4044 4034//4034
f 4041//4041 4034//4034 4030//4030
f 1414//1414 1728//1728 1365//1365
f 3601//3601 3244//3244 405//405
f 2740//2740 405//405 2839//2839
f 574//574 939//939 653//653
f 2620//2620 1895//1895 405//405
f 134//134 139//139 107//107
f 753//753 405//405 761//761
f 806//806 405//405 1345//1345
f 1212//1212 1283//1283 1227//1227
f 806//806 761//761 405//405
f 569//569 398//398 742//742
f 795//795 1350//1350 813//813
f 344//344 137//137 166//166
f 813//813 793//793 785//785
f 1997//1997 1901//1901 1782//1782
f 1997//1997 2730//2730 2605//2605
f 1997//1997 2605//2605 1901//1901
f 2947//2947 2782//2782 2893//2893
f 2593//2593 2517//2517 2742//2742
f 2824//2824 2493//2493 2564//2564
f 2824//2824 3036//3036 2493//2493
f 2001//2001 1943//1943 1815//1815
f 2819//2819 3164//3164 3479//3479
f 2672//2672 2754//2754 2939//2939
f 3286//3286 3693//3693 3164//3164
f 1749//1749 1686//1686 1662//1662
f 3286//3286 3654//3654 3693//3693
f 3668//3668 3244//3244 3654//3654
f 3668//3668 3286//3286 3385//3385
f 3941//3941 3244//3244 3994//3994
f 1215//1215 1448//1448 1100//1100
f 2620//2620 2552//2552 2496//2496
f 1905//1905 1893//1893 1824//1824
f 3313//3313 3244//3244 3385//3385
f 3286//3286 3345//3345 3385//3385
f 1615//1615 1984//1984 1551//1551
f 1615//1615 1551//1551 1984//1984
f 2819//2819 2824//2824 2783//2783
f 2558//2558 2564//2564 2493//2493
f 1906//1906 1997//1997 1889//1889
f 1754//1754 1614//1614 1649//1649
f 3535//3535 3827//3827 3851//3851
f 1603//1603 1552//1552 1649//1649
f 1603//1603 1614//1614 1754//1754
f 2406//2406 2594//2594 2608//2608
f 1603//1603 1800//1800 1997//1997
f 1188//1188 1350//1350 1154//1154
f 1245//1245 1176//1176 1350//1350
f 1154//1154 1350//1350 1176//1176
f 1177//1177 1173//1173 1213//1213
f 247//247 30//30 91//91
f 2087//2087 1984//1984 2077//2077
f 2087//2087 2077//2077 1984//1984
f 2397//2397 2045//2045 2554//2554
f 1723//1723 1642//1642 1764//1764
f 3668//3668 3678//3678 3654//3654
f 3668//3668 3654//3654 3678//3678
f 1414//1414 1687//1687 1733//1733
f 3601//3601 3650//3650 3244//3244
f 3668//3668 3385//3385 3244//3244
f 1642//1642 405//405 1764//1764
f 3938//3938 3930//3930 3955//3955
f 1642//1642 1345//1345 405//405
f 1603//1603 1214//1214 1350//1350
f 1188//1188 1266//1266 1350//1350
f 795//795 405//405 1350//1350
f 735//735 1350//1350 405//405
f 4039//4039 4027//4027 4043//4043
f 4040//4040 4041//4041 4029//4029
f 138//138 149//149 165//165
f 164//164 223//223 157//157
f 1930//1930 1935//1935 1677//1677
f 164//164 165//165 149//149
f 270//270 314//314 305//305
f 350//350 348//348 338//338
f 44//44 64//64 67//67
f 353//353 348//348 350//350
f 365//365 363//363 367//367
f 1364//1364 1324//1324 1314//1314
f 1364//1364 1314//1314 1324//1324
f 363//363 350//350 405//405
f 2082//2082 2132//2132 2071//2071
f 363//363 360//360 350//350
f 269//269 291//291 203//203
f 327//327 312//312 302//302
f 259//259 267//267 198//198
f 185//185 198//198 233//233
f 2043//2043 2049//2049 2098//2098
f 2043//2043 2098//2098 2049//2049
f 75//75 146//146 89//89
f 3072//3072 2909//2909 1743//1743
f 3417//3417 3419//3419 3455//3455
f 2388//2388 2517//2517 2530//2530
f 3990//3990 4027//4027 4011//4011
f 3994//3994 4027//4027 3990//3990
f 2711//2711 2784//2784 2757//2757
f 4034//4034 4027//4027 3994//3994
f 3473//3473 3409//3409 3479//3479
f 3250//3250 2995//2995 3034//3034
f 544//544 793//793 807//807
f 569//569 544//544 468//468
f 3250//3250 3287//3287 3361//3361
f 3287//3287 3343//3343 3326//3326
f 569//569 793//793 544//544
f 3532//3532 3539//3539 3553//3553
f 3036//3036 3409//3409 3094//3094
f 3294//3294 3390//3390 3427//3427
f 871//871 811//811 822//822
f 3306//3306 3242//3242 3313//3313
f 1584//1584 1488//1488 1563//1563
f 17//17 60//60 13//13
f 60//60 136//136 203//203
f 17//17 13//13 96//96
f 2129//2129 2243//2243 2211//2211
f 2456//2456 2457//2457 2493//2493
f 3017//3017 3048//3048 3121//3121
f 226//226 269//269 203//203
f 327//327 302//302 308//308
f 306//306 296//296 302//302
f 1938//1938 1870//1870 2035//2035
f 291//291 269//269 296//296
f 1429//1429 1352//1352 1693//1693
f 567//567 1178//1178 487//487
f 178//178 232//232 165//165
f 3865//3865 3902//3902 3779//3779
f 265//265 292//292 232//232
f 75//75 124//124 149//149
f 3601//3601 3618//3618 3650//3650
f 323//323 338//338 305//305
f 75//75 149//149 146//146
f 2260//2260 1547//1547 1821//1821
f 2260//2260 1821//1821 1547//1547
f 4041//4041 4030//4030 4029//4029
f 4044//4044 4043//4043 4034//4034
f 3234//3234 3033//3033 2903//2903
f 3234//3234 2903//2903 3033//3033
f 3980//3980 4030//4030 2595//2595
f 530//530 314//314 270//270
f 556//556 577//577 530//530
f 3948//3948 3897//3897 3843//3843
f 1831//1831 1786//1786 2054//2054
f 249//249 247//247 91//91
f 3696//3696 3090//3090 2804//2804
f 2588//2588 2623//2623 2952//2952
f 2812//2812 2797//2797 2887//2887
f 2275//2275 2331//2331 2295//2295
f 2522//2522 2494//2494 2815//2815
f 1584//1584 1541//1541 1563//1563
f 1933//1933 2018//2018 1993//1993
f 1784//1784 1726//1726 1905//1905
f 2113//2113 2116//2116 2274//2274
f 2049//2049 2037//2037 2121//2121
f 1203//1203 3075//3075 2039//2039
f 3900//3900 3973//3973 4006//4006
f 1170//1170 1220//1220 1212//1212
f 467//467 1714//1714 601//601
f 196//196 110//110 194//194
f 196//196 194//194 110//110
f 3900//3900 4006//4006 3911//3911
f 1481//1481 1616//1616 1325//1325
f 2409//2409 1714//1714 2726//2726
f 2871//2871 2872//2872 2934//2934
f 2409//2409 601//601 1714//1714
f 2647//2647 2599//2599 2608//2608
f 1239//1239 1259//1259 1269//1269
f 271//271 213//213 354//354
f 2409//2409 3090//3090 2804//2804
f 1174//1174 1244//1244 1246//1246
f 1174//1174 1246//1246 1244//1244
f 601//601 1057//1057 469//469
f 1057//1057 602//602 469//469
f 574//574 653//653 462//462
f 2804//2804 1739//1739 2409//2409
f 196//196 261//261 190//190
f 3132//3132 2751//2751 2704//2704
f 3439//3439 3465//3465 3444//3444
f 2002//2002 1938//1938 2035//2035
f 3086//3086 2847//2847 3071//3071
f 2704//2704 2905//2905 2760//2760
f 2566//2566 2640//2640 2553//2553
f 2704//2704 2760//2760 2905//2905
f 3090//3090 3687//3687 3696//3696
f 3090//3090 2726//2726 3687//3687
f 601//601 2409//2409 1739//1739
f 2533//2533 2567//2567 2553//2553
f 3309//3309 2733//2733 3504//3504
f 2519//2519 2094//2094 2221//2221
f 2426//2426 1919//1919 2733//2733
f 1912//1912 1712//1712 1900//1900
f 1596//1596 1487//1487 1359//1359
f 764//764 742//742 785//785
f 764//764 785//785 742//742
f 3238//3238 3276//3276 3231//3231
f 418//418 423//423 478//478
f 3309//3309 2426//2426 2733//2733
f 3190//3190 3044//3044 3093//3093
f 3228//3228 3116//3116 3147//3147
f 3077//3077 2975//2975 3065//3065
f 325//325 354//354 213//213
f 1334//1334 1191//1191 2170//2170
f 326//326 1860//1860 965//965
f 2755//2755 2170//2170 3001//3001
f 1786//1786 1630//1630 1832//1832
f 1075//1075 1099//1099 1144//1144
f 1436//1436 1498//1498 1346//1346
f 2901//2901 2756//2756 2760//2760
f 3359//3359 3295//3295 3283//3283
f 68//68 80//80 123//123
f 1597//1597 1461//1461 1454//1454
f 1597//1597 1454//1454 1461//1461
f 196//196 190//190 205//205
f 3901//3901 3868//3868 3001//3001
f 2528//2528 2470//2470 2547//2547
f 2528//2528 2547//2547 2470//2470
f 3347//3347 3353//3353 3218//3218
f 1716//1716 2031//2031 1900//1900
f 3371//3371 3325//3325 3304//3304
f 2193//2193 2127//2127 1898//1898
f 2509//2509 2601//2601 2532//2532
f 2510//2510 2624//2624 2561//2561
f 2633//2633 2421//2421 2333//2333
f 1411//1411 1570//1570 1421//1421
f 43//43 172//172 175//175
f 2477//2477 2453//2453 2517//2517
f 1917//1917 1921//1921 1761//1761
f 3983//3983 3960//3960 3962//3962
f 2397//2397 2362//2362 2372//2372
f 1038//1038 1086//1086 1027//1027
f 3901//3901 3923//3923 3868//3868
f 1068//1068 938//938 709//709
f 1068//1068 1858//1858 938//938
f 1334//1334 2755//2755 2816//2816
f 3249//3249 3222//3222 3149//3149
f 3035//3035 2975//2975 2854//2854
f 3052//3052 3182//3182 3112//3112
f 482//482 496//496 646//646
f 1316//1316 1777//1777 1766//1766
f 2582//2582 2249//2249 3474//3474
f 2424//2424 2320//2320 2375//2375
f 2118//2118 2240//2240 2181//2181
f 2517//2517 2398//2398 2323//2323
f 1849//1849 2249//2249 2582//2582
f 3024//3024 2854//2854 2834//2834
f 2249//2249 1600//1600 2182//2182
f 3172//3172 3117//3117 3037//3037
f 612//612 496//496 559//559
f 3474//3474 2182//2182 3015//3015
f 2089//2089 1995//1995 2041//2041
f 2408//2408 2729//2729 2241//2241
f 3982//3982 4009//4009 3986//3986
f 3474//3474 3475//3475 2582//2582
f 1703//1703 1546//1546 1543//1543
f 512//512 534//534 527//527
f 3470//3470 3015//3015 2377//2377
f 3229//3229 3194//3194 3223//3223
f 1849//1849 2582//2582 2570//2570
f 1301//1301 646//646 496//496
f 889//889 1123//1123 980//980
f 2792//2792 2818//2818 2855//2855
f 1849//1849 1264//1264 1301//1301
f 496//496 443//443 559//559
f 2658//2658 1566//1566 2377//2377
f 1068//1068 1024//1024 1566//1566
f 1221//1221 584//584 1210//1210
f 1068//1068 709//709 1024//1024
f 2589//2589 2609//2609 2429//2429
f 2113//2113 1956//1956 2103//2103
f 1252//1252 1283//1283 1212//1212
f 1252//1252 1212//1212 1283//1283
f 3474//3474 3015//3015 3470//3470
f 2133//2133 1730//1730 1990//1990
f 2182//2182 2658//2658 3015//3015
f 1628//1628 1487//1487 1752//1752
f 1068//1068 1600//1600 612//612
f 496//496 482//482 443//443
f 482//482 646//646 555//555
f 1849//1849 2570//2570 1264//1264
f 2533//2533 2478//2478 2662//2662
f 2533//2533 2662//2662 2478//2478
f 2180//2180 2135//2135 2323//2323
f 567//567 568//568 1178//1178
f 3252//3252 3095//3095 3363//3363
f 2624//2624 2577//2577 2656//2656
f 2624//2624 2656//2656 2577//2577
f 2779//2779 2789//2789 2807//2807
f 2006//2006 1681//1681 2525//2525
f 3373//3373 3418//3418 3434//3434
f 3505//3505 3001//3001 2799//2799
f 1323//1323 1290//1290 1198//1198
f 931//931 611//611 1100//1100
f 3309//3309 3484//3484 3080//3080
f 3309//3309 3080//3080 2816//2816
f 1964//1964 2068//2068 1942//1942
f 1075//1075 1047//1047 1099//1099
f 148//148 112//112 134//134
f 148//148 134//134 112//112
f 621//621 1191//1191 1334//1334
f 621//621 704//704 460//460
f 1190//1190 1181//1181 704//704
f 3885//3885 3484//3484 3868//3868
f 118//118 166//166 115//115
f 1220//1220 1277//1277 1294//1294
f 621//621 1190//1190 704//704
f 1152//1152 1717//1717 1081//1081
f 3309//3309 2755//2755 3484//3484
f 1355//1355 1486//1486 1443//1443
f 2870//2870 2933//2933 2778//2778
f 3327//3327 3170//3170 3253//3253
f 2697//2697 2718//2718 2478//2478
f 3512//3512 3842//3842 3708//3708
f 101//101 105//105 115//115
f 1349//1349 1234//1234 1443//1443
f 3421//3421 3230//3230 3438//3438
f 1602//1602 1650//1650 1665//1665
f 1644//1644 1353//1353 1660//1660
f 1355//1355 1271//1271 1318//1318
f 857//857 1062//1062 1668//1668
f 2540//2540 3138//3138 3321//3321
f 2726//2726 1714//1714 3472//3472
f 2711//2711 2612//2612 2600//2600
f 3496//3496 3321//3321 3138//3138
f 3496//3496 3138//3138 3887//3887
f 181//181 205//205 179//179
f 2117//2117 2034//2034 2068//2068
f 2509//2509 2712//2712 2608//2608
f 1739//1739 2720//2720 1057//1057
f 1739//1739 2804//2804 2720//2720
f 1739//1739 1057//1057 601//601
f 2007//2007 2087//2087 1837//1837
f 2540//2540 3321//3321 3319//3319
f 1244//1244 1246//1246 1233//1233
f 1668//1668 2540//2540 857//857
f 982//982 1023//1023 1058//1058
f 1446//1446 1254//1254 1373//1373
f 1832//1832 1937//1937 2147//2147
f 1057//1057 1203//1203 602//602
f 2720//2720 1203//1203 1057//1057
f 3090//3090 3075//3075 2720//2720
f 3090//3090 3600//3600 3737//3737
f 3911//3911 3895//3895 3600//3600
f 3911//3911 3979//3979 3895//3895
f 4006//4006 3979//3979 3911//3911
f 3295//3295 3359//3359 3362//3362
f 3472//3472 1714//1714 2540//2540
f 1714//1714 857//857 2540//2540
f 3208//3208 3009//3009 3140//3140
f 3060//3060 3173//3173 3072//3072
f 467//467 857//857 1714//1714
f 1433//1433 1451//1451 1332//1332
f 1615//1615 1965//1965 1660//1660
f 3696//3696 3911//3911 3600//3600
f 1694//1694 1421//1421 1747//1747
f 2402//2402 2422//2422 2317//2317
f 991//991 1083//1083 1091//1091
f 1854//1854 1847//1847 1777//1777
f 1834//1834 1609//1609 1623//1623
f 2533//2533 2391//2391 2478//2478
f 2368//2368 1217//1217 670//670
f 2368//2368 670//670 577//577
f 2112//2112 1979//1979 1994//1994
f 293//293 211//211 218//218
f 1664//1664 3843//3843 2368//2368
f 2214//2214 2277//2277 2197//2197
f 1185//1185 1202//1202 1165//1165
f 3948//3948 3843//3843 3802//3802
f 278//278 326//326 459//459
f 2994//2994 2657//2657 3422//3422
f 1068//1068 709//709 861//861
f 3426//3426 3419//3419 3413//3413
f 1068//1068 861//861 1410//1410
f 1068//1068 1410//1410 1858//1858
f 2994//2994 1858//1858 1410//1410
f 3445//3445 3437//3437 3442//3442
f 1837//1837 1640//1640 1574//1574
f 2185//2185 2275//2275 2204//2204
f 987//987 2614//2614 3482//3482
f 2617//2617 2585//2585 2590//2590
f 1190//1190 693//693 1919//1919
f 2808//2808 2844//2844 2743//2743
f 3168//3168 3218//3218 3353//3353
f 2426//2426 1190//1190 1919//1919
f 3309//3309 3504//3504 3482//3482
f 295//295 224//224 229//229
f 1190//1190 987//987 693//693
f 2217//2217 2113//2113 2145//2145
f 2447//2447 2511//2511 2457//2457
f 3242//3242 3244//3244 3313//3313
f 1957//1957 1873//1873 2010//2010
f 2862//2862 2839//2839 2850//2850
f 223//223 208//208 157//157
f 2862//2862 2805//2805 2839//2839
f 2462//2462 2552//2552 2521//2521
f 2462//2462 2496//2496 2552//2552
f 2462//2462 2460//2460 2496//2496
f 3956//3956 3950//3950 3926//3926
f 1218//1218 1266//1266 1188//1188
f 1218//1218 1188//1188 1228//1228
f 1241//1241 1245//1245 1268//1268
f 1603//1603 1658//1658 1614//1614
f 512//512 491//491 531//531
f 1658//1658 1649//1649 1614//1614
f 1658//1658 1641//1641 1649//1649
f 3315//3315 3275//3275 3222//3222
f 1603//1603 1649//1649 1641//1641
f 454//454 1237//1237 605//605
f 1723//1723 1647//1647 1642//1642
f 2026//2026 2042//2042 1992//1992
f 1718//1718 1682//1682 1694//1694
f 3453//3453 3447//3447 3465//3465
f 2469//2469 2889//2889 2929//2929
f 2469//2469 2929//2929 2889//2889
f 1986//1986 1992//1992 2042//2042
f 3338//3338 3114//3114 3412//3412
f 3234//3234 3061//3061 3033//3033
f 2386//2386 2381//2381 2385//2385
f 2604//2604 2934//2934 2813//2813
f 3241//3241 3067//3067 3176//3176
f 250//250 156//156 143//143
f 1489//1489 1419//1419 1504//1504
f 140//140 143//143 157//157
f 1377//1377 1364//1364 1347//1347
f 2008//2008 1982//1982 1973//1973
f 1492//1492 1541//1541 1560//1560
f 2291//2291 2199//2199 2219//2219
f 2852//2852 3078//3078 2867//2867
f 220//220 250//250 143//143
f 2282//2282 2097//2097 2214//2214
f 1137//1137 1148//1148 1125//1125
f 178//178 143//143 140//140
f 2135//2135 2502//2502 1808//1808
f 2309//2309 2317//2317 2265//2265
f 385//385 231//231 344//344
f 2402//2402 2417//2417 2422//2422
f 2417//2417 2423//2423 2422//2422
f 439//439 456//456 415//415
f 756//756 817//817 759//759
f 2632//2632 2548//2548 2326//2326
f 2716//2716 2742//2742 2697//2697
f 2876//2876 3154//3154 3228//3228
f 2306//2306 2387//2387 2317//2317
f 2861//2861 2777//2777 2874//2874
f 485//485 474//474 480//480
f 97//97 90//90 91//91
f 1274//1274 1256//1256 1198//1198
f 3451//3451 2827//2827 3256//3256
f 753//753 735//735 806//806
f 753//753 806//806 735//735
f 512//512 527//527 503//503
f 1198//1198 1160//1160 1211//1211
f 1323//1323 1198//1198 1211//1211
f 2398//2398 2267//2267 2458//2458
f 2398//2398 2458//2458 2267//2267
f 1520//1520 1397//1397 1506//1506
f 2526//2526 2561//2561 2579//2579
f 1283//1283 1252//1252 1227//1227
f 1304//1304 1452//1452 1416//1416
f 2104//2104 2028//2028 2062//2062
f 1304//1304 1205//1205 1186//1186
f 1304//1304 1416//1416 1205//1205
f 1957//1957 1897//1897 1886//1886
f 1160//1160 1186//1186 1205//1205
f 2271//2271 2244//2244 2230//2230
f 2174//2174 2165//2165 2230//2230
f 2174//2174 2230//2230 2244//2244
f 3502//3502 3890//3890 3468//3468
f 2174//2174 2176//2176 2165//2165
f 2173//2173 2165//2165 2176//2176
f 2422//2422 2265//2265 2317//2317
f 2417//2417 2244//2244 2271//2271
f 2173//2173 2309//2309 2265//2265
f 429//429 381//381 421//421
f 442//442 443//443 437//437
f 2906//2906 2851//2851 2596//2596
f 409//409 384//384 428//428
f 2650//2650 2636//2636 2575//2575
f 409//409 447//447 421//421
f 527//527 534//534 503//503
f 1198//1198 1256//1256 1197//1197
f 2306//2306 2230//2230 2176//2176
f 1449//1449 1417//1417 1402//1402
f 512//512 498//498 519//519
f 2343//2343 1547//1547 2382//2382
f 2343//2343 2382//2382 1547//1547
f 443//443 447//447 437//437
f 355//355 412//412 437//437
f 429//429 421//421 443//443
f 2219//2219 2199//2199 2291//2291
f 429//429 443//443 381//381
f 2066//2066 2083//2083 1947//1947
f 381//381 308//308 343//343
f 553//553 643//643 626//626
f 190//190 261//261 196//196
f 164//164 208//208 165//165
f 178//178 165//165 208//208
f 178//178 208//208 223//223
f 3668//3668 3657//3657 3581//3581
f 2832//2832 3468//3468 3478//3478
f 3194//3194 3292//3292 3223//3223
f 2092//2092 2138//2138 1954//1954
f 2092//2092 1954//1954 2138//2138
f 2131//2131 2111//2111 2159//2159
f 3668//3668 3654//3654 3657//3657
f 1634//1634 1560//1560 1620//1620
f 3668//3668 3581//3581 3654//3654
f 803//803 738//738 794//794
f 3654//3654 3581//3581 3657//3657
f 95//95 91//91 98//98
f 795//795 762//762 742//742
f 1271//1271 1201//1201 1199//1199
f 726//726 794//794 738//738
f 726//726 784//784 790//790
f 2477//2477 2388//2388 2453//2453
f 699//699 499//499 583//583
f 806//806 735//735 738//738
f 753//753 738//738 735//735
f 806//806 784//784 787//787
f 3031//3031 3404//3404 3935//3935
f 1318//1318 1377//1377 1414//1414
f 3625//3625 3634//3634 3699//3699
f 2227//2227 2171//2171 2327//2327
f 3625//3625 3590//3590 3576//3576
f 2827//2827 2421//2421 2633//2633
f 3367//3367 3251//3251 3254//3254
f 2129//2129 2206//2206 2104//2104
f 3601//3601 3632//3632 3618//3618
f 3601//3601 3618//3618 3632//3632
f 3650//3650 3632//3632 3618//3618
f 500//500 501//501 479//479
f 3650//3650 3632//3632 3618//3618
f 3650//3650 3618//3618 3632//3632
f 3590//3590 3627//3627 3634//3634
f 3590//3590 3634//3634 3627//3627
f 3632//3632 3634//3634 3590//3590
f 3632//3632 3627//3627 3634//3634
f 3632//3632 3637//3637 3627//3627
f 726//726 803//803 857//857
f 3668//3668 3669//3669 3678//3678
f 3668//3668 3678//3678 3669//3669
f 3654//3654 3678//3678 3595//3595
f 3654//3654 3595//3595 3678//3678
f 741//741 753//753 806//806
f 741//741 806//806 753//753
f 755//755 787//787 753//753
f 755//755 753//753 787//787
f 1196//1196 871//871 811//811
f 764//764 813//813 795//795
f 764//764 795//795 813//813
f 3601//3601 3650//3650 3665//3665
f 3601//3601 3665//3665 3650//3650
f 2247//2247 2189//2189 2187//2187
f 3650//3650 3618//3618 3665//3665
f 3650//3650 3665//3665 3618//3618
f 3601//3601 3689//3689 3618//3618
f 3601//3601 3618//3618 3689//3689
f 92//92 89//89 71//71
f 25//25 16//16 152//152
f 1911//1911 1925//1925 1907//1907
f 1911//1911 1907//1907 1925//1925
f 1497//1497 1500//1500 1511//1511
f 3123//3123 3055//3055 3137//3137
f 115//115 166//166 159//159
f 806//806 735//735 787//787
f 806//806 787//787 735//735
f 606//606 1193//1193 2123//2123
f 2624//2624 2577//2577 2642//2642
f 2624//2624 2642//2642 2577//2577
f 1565//1565 1590//1590 1434//1434
f 753//753 784//784 787//787
f 753//753 787//787 784//784
f 3237//3237 3221//3221 3383//3383
f 1512//1512 1509//1509 1539//1539
f 742//742 762//762 785//785
f 742//742 785//785 762//762
f 2053//2053 2563//2563 2527//2527
f 1687//1687 1563//1563 1683//1683
f 3650//3650 3618//3618 3632//3632
f 3464//3464 3861//3861 3787//3787
f 404//404 429//429 445//445
f 3601//3601 3650//3650 3632//3632
f 1293//1293 1231//1231 1363//1363
f 1596//1596 1011//1011 1262//1262
f 2876//2876 2985//2985 3154//3154
f 1053//1053 1120//1120 1093//1093
f 795//795 762//762 742//742
f 3601//3601 3650//3650 3618//3618
f 3601//3601 3618//3618 3650//3650
f 3601//3601 3618//3618 3650//3650
f 3650//3650 3618//3618 3632//3632
f 3678//3678 3595//3595 3669//3669
f 3678//3678 3669//3669 3595//3595
f 2391//2391 2325//2325 2206//2206
f 3632//3632 3627//3627 3590//3590
f 1232//1232 1202//1202 1185//1185
f 1232//1232 1185//1185 1202//1202
f 409//409 399//399 421//421
f 2912//2912 3156//3156 3142//3142
f 574//574 462//462 495//495
f 3361//3361 3238//3238 3228//3228
f 1447//1447 1454//1454 1461//1461
f 1447//1447 1461//1461 1454//1454
f 404//404 276//276 429//429
f 272//272 308//308 306//306
f 3454//3454 3457//3457 3427//3427
f 247//247 312//312 303//303
f 404//404 445//445 412//412
f 381//381 319//319 384//384
f 381//381 384//384 319//319
f 429//429 319//319 384//384
f 1868//1868 2034//2034 1807//1807
f 319//319 306//306 308//308
f 2705//2705 2948//2948 2584//2584
f 303//303 276//276 272//272
f 272//272 276//276 268//268
f 298//298 268//268 276//276
f 2557//2557 2574//2574 2108//2108
f 1047//1047 1038//1038 1113//1113
f 261//261 319//319 276//276
f 609//609 529//529 618//618
f 3177//3177 3193//3193 3209//3209
f 248//248 303//303 272//272
f 1687//1687 1740//1740 1702//1702
f 312//312 248//248 306//306
f 312//312 306//306 303//303
f 277//277 234//234 318//318
f 384//384 442//442 428//428
f 184//184 180//180 189//189
f 2851//2851 2908//2908 2973//2973
f 298//298 412//412 308//308
f 2977//2977 3185//3185 3130//3130
f 386//386 374//374 418//418
f 1337//1337 1367//1367 1386//1386
f 1390//1390 2084//2084 2101//2101
f 3356//3356 3382//3382 3353//3353
f 3356//3356 3353//3353 3382//3382
f 41//41 54//54 120//120
f 248//248 272//272 243//243
f 248//248 176//176 179//179
f 2482//2482 2627//2627 2497//2497
f 1293//1293 1363//1363 1231//1231
f 3070//3070 3074//3074 3084//3084
f 1879//1879 1918//1918 1874//1874
f 2062//2062 2325//2325 2180//2180
f 272//272 181//181 243//243
f 276//276 243//243 184//184
f 248//248 179//179 272//272
f 189//189 202//202 249//249
f 2886//2886 2985//2985 2882//2882
f 180//180 205//205 194//194
f 2118//2118 1947//1947 1926//1926
f 2451//2451 2647//2647 2449//2449
f 2903//2903 2900//2900 2929//2929
f 2903//2903 2929//2929 2900//2900
f 276//276 249//249 243//243
f 248//248 243//243 249//249
f 248//248 249//249 247//247
f 1192//1192 1165//1165 1240//1240
f 2469//2469 2886//2886 2889//2889
f 3396//3396 3013//3013 3193//3193
f 247//247 205//205 190//190
f 2092//2092 2138//2138 1864//1864
f 2089//2089 2090//2090 1995//1995
f 1279//1279 1250//1250 1367//1367
f 249//249 202//202 205//205
f 196//196 189//189 261//261
f 1956//1956 1941//1941 2060//2060
f 180//180 243//243 181//181
f 97//97 202//202 91//91
f 2393//2393 2226//2226 2398//2398
f 91//91 202//202 205//205
f 97//97 205//205 202//202
f 97//97 194//194 202//202
f 3331//3331 3290//3290 3294//3294
f 3175//3175 3261//3261 3173//3173
f 184//184 90//90 181//181
f 184//184 181//181 90//90
f 95//95 93//93 88//88
f 95//95 88//88 93//93
f 97//97 94//94 90//90
f 95//95 88//88 87//87
f 95//95 87//87 88//88
f 1243//1243 1357//1357 1298//1298
f 184//184 202//202 205//205
f 190//190 182//182 205//205
f 205//205 182//182 176//176
f 184//184 189//189 202//202
f 88//88 182//182 176//176
f 88//88 176//176 182//182
f 90//90 181//181 87//87
f 184//184 90//90 94//94
f 345//345 366//366 427//427
f 190//190 88//88 93//93
f 190//190 93//93 88//88
f 87//87 179//179 88//88
f 97//97 202//202 205//205
f 3051//3051 3061//3061 2232//2232
f 196//196 103//103 110//110
f 1169//1169 1201//1201 1227//1227
f 3002//3002 2818//2818 2855//2855
f 189//189 94//94 194//194
f 189//189 84//84 94//94
f 1371//1371 1462//1462 1656//1656
f 1429//1429 1492//1492 1579//1579
f 2401//2401 2537//2537 2293//2293
f 184//184 84//84 189//189
f 184//184 84//84 90//90
f 184//184 90//90 84//84
f 1122//1122 1118//1118 1117//1117
f 184//184 180//180 90//90
f 90//90 180//180 69//69
f 181//181 69//69 180//180
f 2391//2391 2388//2388 2453//2453
f 181//181 87//87 69//69
f 87//87 179//179 176//176
f 176//176 182//182 79//79
f 88//88 79//79 182//182
f 210//210 167//167 158//158
f 196//196 194//194 103//103
f 181//181 69//69 179//179
f 87//87 179//179 69//69
f 179//179 79//79 176//176
f 88//88 176//176 79//79
f 190//190 93//93 205//205
f 48//48 100//100 179//179
f 3038//3038 3029//3029 3053//3053
f 98//98 205//205 93//93
f 2780//2780 2381//2381 2506//2506
f 194//194 103//103 94//94
f 189//189 194//194 94//94
f 184//184 94//94 84//84
f 98//98 103//103 93//93
f 98//98 97//97 103//103
f 1361//1361 1405//1405 1511//1511
f 1361//1361 1511//1511 1405//1405
f 88//88 93//93 98//98
f 505//505 1007//1007 1006//1006
f 95//95 88//88 97//97
f 91//91 84//84 94//94
f 91//91 94//94 84//84
f 97//97 91//91 94//94
f 97//97 94//94 91//91
f 1170//1170 1212//1212 1208//1208
f 934//934 801//801 504//504
f 2895//2895 3143//3143 3129//3129
f 8//8 1812//1812 11//11
f 95//95 97//97 30//30
f 27//27 61//61 58//58
f 98//98 93//93 97//97
f 98//98 97//97 93//93
f 2014//2014 1873//1873 1886//1886
f 247//247 249//249 30//30
f 2602//2602 2594//2594 2608//2608
f 2602//2602 2608//2608 2594//2594
f 1752//1752 1831//1831 1794//1794
f 351//351 432//432 337//337
f 70//70 91//91 30//30
f 249//249 205//205 247//247
f 249//249 247//247 205//205
f 205//205 247//247 249//249
f 205//205 249//249 247//247
f 2704//2704 2751//2751 2477//2477
f 261//261 274//274 249//249
f 261//261 284//284 274//274
f 1947//1947 1916//1916 1926//1926
f 2150//2150 2158//2158 2149//2149
f 3396//3396 3193//3193 3301//3301
f 181//181 179//179 274//274
f 179//179 249//249 274//274
f 268//268 181//181 274//274
f 268//268 274//274 179//179
f 268//268 179//179 181//181
f 809//809 1136//1136 550//550
f 2095//2095 2122//2122 2178//2178
f 257//257 282//282 244//244
f 2319//2319 2344//2344 2290//2290
f 187//187 80//80 183//183
f 2921//2921 2932//2932 2962//2962
f 185//185 183//183 80//80
f 187//187 267//267 185//185
f 566//566 590//590 554//554
f 1448//1448 1460//1460 1226//1226
f 187//187 284//284 267//267
f 187//187 183//183 267//267
f 3312//3312 3190//3190 3137//3137
f 68//68 80//80 187//187
f 68//68 187//187 80//80
f 156//156 168//168 123//123
f 250//250 156//156 123//123
f 156//156 244//244 168//168
f 382//382 376//376 393//393
f 2842//2842 2798//2798 2915//2915
f 1494//1494 1538//1538 1713//1713
f 1489//1489 1439//1439 1419//1419
f 1492//1492 1560//1560 1579//1579
f 1409//1409 1417//1417 1309//1309
f 2818//2818 2860//2860 2966//2966
f 1297//1297 1441//1441 1335//1335
f 1795//1795 1639//1639 1698//1698
f 2228//2228 2125//2125 2584//2584
f 363//363 346//346 395//395
f 850//850 1047//1047 1038//1038
f 3112//3112 3030//3030 3052//3052
f 365//365 346//346 363//363
f 1011//1011 1102//1102 1262//1262
f 573//573 494//494 2188//2188
f 797//797 847//847 833//833
f 2213//2213 2124//2124 2257//2257
f 365//365 363//363 346//346
f 1183//1183 1173//1173 1177//1177
f 2601//2601 2778//2778 2602//2602
f 528//528 547//547 540//540
f 1906//1906 1968//1968 1928//1928
f 1075//1075 1048//1048 1019//1019
f 1247//1247 1038//1038 1099//1099
f 3212//3212 3257//3257 3291//3291
f 982//982 1063//1063 1018//1018
f 2533//2533 2530//2530 2668//2668
f 2208//2208 2432//2432 2590//2590
f 1541//1541 1620//1620 1560//1560
f 3216//3216 3038//3038 3053//3053
f 2172//2172 2280//2280 2335//2335
f 3109//3109 2544//2544 3003//3003
f 3158//3158 3278//3278 3292//3292
f 351//351 383//383 436//436
f 2280//2280 2172//2172 2335//2335
f 1362//1362 1361//1361 1500//1500
f 1362//1362 1500//1500 1361//1361
f 1362//1362 1361//1361 1511//1511
f 1361//1361 1500//1500 1511//1511
f 2977//2977 3000//3000 3130//3130
f 2977//2977 3130//3130 3000//3000
f 2977//2977 3000//3000 3185//3185
f 2359//2359 2347//2347 2292//2292
f 3439//3439 3429//3429 3452//3452
f 2356//2356 2227//2227 2171//2171
f 2356//2356 2354//2354 2227//2227
f 2041//2041 1847//1847 2055//2055
f 2356//2356 2171//2171 2354//2354
f 3315//3315 3365//3365 3352//3352
f 3050//3050 3004//3004 3013//3013
f 2201//2201 2227//2227 2305//2305
f 2283//2283 2305//2305 2201//2201
f 2299//2299 2327//2327 2305//2305
f 1111//1111 1061//1061 1095//1095
f 2320//2320 2291//2291 2283//2283
f 2320//2320 2283//2283 2291//2291
f 2895//2895 2664//2664 2910//2910
f 3334//3334 2821//2821 3157//3157
f 2299//2299 2201//2201 2305//2305
f 2256//2256 2051//2051 2501//2501
f 1199//1199 1234//1234 1271//1271
f 2199//2199 2305//2305 2327//2327
f 2283//2283 2199//2199 2327//2327
f 2320//2320 2291//2291 2283//2283
f 2219//2219 2283//2283 2291//2291
f 2299//2299 2320//2320 2327//2327
f 3259//3259 3363//3363 3342//3342
f 2350//2350 2391//2391 2206//2206
f 2192//2192 2215//2215 2199//2199
f 3213//3213 3111//3111 3122//3122
f 2192//2192 2199//2199 2201//2201
f 2299//2299 2192//2192 2201//2201
f 2171//2171 2201//2201 2192//2192
f 2199//2199 2192//2192 2201//2201
f 2906//2906 2474//2474 2853//2853
f 2541//2541 520//520 622//622
f 2541//2541 622//622 520//520
f 2299//2299 2171//2171 2227//2227
f 2299//2299 2227//2227 2171//2171
f 1584//1584 1903//1903 2012//2012
f 2320//2320 2201//2201 2215//2215
f 2283//2283 2201//2201 2320//2320
f 1723//1723 1677//1677 1709//1709
f 1588//1588 1509//1509 1539//1539
f 2291//2291 2199//2199 2307//2307
f 3324//3324 3630//3630 3421//3421
f 2287//2287 2204//2204 2295//2295
f 2211//2211 2206//2206 2213//2213
f 1599//1599 1890//1890 1824//1824
f 2204//2204 2275//2275 2263//2263
f 344//344 236//236 321//321
f 2239//2239 2204//2204 2185//2185
f 2239//2239 2185//2185 2204//2204
f 2172//2172 2185//2185 2204//2204
f 2239//2239 2204//2204 2185//2185
f 2287//2287 2331//2331 2204//2204
f 2295//2295 2263//2263 2275//2275
f 2239//2239 2295//2295 2331//2331
f 1907//1907 1925//1925 1930//1930
f 2172//2172 2288//2288 2275//2275
f 2049//2049 1870//1870 2035//2035
f 2204//2204 2239//2239 2295//2295
f 2204//2204 2295//2295 2275//2275
f 2239//2239 2185//2185 2295//2295
f 3241//3241 3176//3176 3029//3029
f 333//333 294//294 311//311
f 450//450 426//426 436//436
f 3049//3049 3112//3112 3067//3067
f 3038//3038 3052//3052 3029//3029
f 3030//3030 3029//3029 3052//3052
f 3049//3049 3030//3030 3151//3151
f 1199//1199 1204//1204 1194//1194
f 3112//3112 3052//3052 3067//3067
f 3038//3038 3053//3053 3176//3176
f 3053//3053 3029//3029 3176//3176
f 3021//3021 3324//3324 2913//2913
f 3216//3216 3176//3176 3241//3241
f 1368//1368 1787//1787 1659//1659
f 3216//3216 3241//3241 3182//3182
f 1096//1096 1117//1117 1118//1118
f 3241//3241 3067//3067 3182//3182
f 3151//3151 3241//3241 3182//3182
f 2284//2284 2298//2298 2351//2351
f 2284//2284 2351//2351 2298//2298
f 3038//3038 3216//3216 3182//3182
f 99//99 147//147 130//130
f 3052//3052 3067//3067 3182//3182
f 3396//3396 3380//3380 3457//3457
f 3112//3112 3182//3182 3067//3067
f 2615//2615 2550//2550 2543//2543
f 1832//1832 1962//1962 2016//2016
f 1531//1531 1511//1511 1405//1405
f 1517//1517 1361//1361 1511//1511
f 1361//1361 1394//1394 1497//1497
f 2245//2245 2224//2224 2276//2276
f 1361//1361 1394//1394 1405//1405
f 1361//1361 1405//1405 1394//1394
f 1467//1467 1468//1468 1405//1405
f 1467//1467 1405//1405 1468//1468
f 1281//1281 1421//1421 1509//1509
f 1405//1405 1468//1468 1353//1353
f 1405//1405 1353//1353 1468//1468
f 1362//1362 1517//1517 1500//1500
f 1362//1362 1500//1500 1517//1517
f 3704//3704 3707//3707 3679//3679
f 3704//3704 3679//3679 3707//3707
f 1362//1362 1517//1517 1361//1361
f 1208//1208 1216//1216 1212//1212
f 3348//3348 3408//3408 3450//3450
f 1405//1405 1468//1468 1467//1467
f 1405//1405 1467//1467 1468//1468
f 1405//1405 1353//1353 1468//1468
f 1405//1405 1468//1468 1353//1353
f 1531//1531 1468//1468 1467//1467
f 1626//1626 1805//1805 1760//1760
f 1170//1170 1213//1213 1173//1173
f 1467//1467 1468//1468 1353//1353
f 1361//1361 1467//1467 1394//1394
f 1449//1449 1526//1526 1506//1506
f 1383//1383 1745//1745 1863//1863
f 1524//1524 1417//1417 1493//1493
f 2322//2322 2500//2500 2029//2029
f 3295//3295 3326//3326 3362//3362
f 3234//3234 3282//3282 3196//3196
f 1520//1520 1506//1506 1526//1526
f 1449//1449 1493//1493 1526//1526
f 1449//1449 1526//1526 1493//1493
f 1377//1377 1364//1364 1273//1273
f 1526//1526 1516//1516 1506//1506
f 1526//1526 1506//1506 1516//1516
f 1496//1496 1309//1309 1530//1530
f 1496//1496 1530//1530 1309//1309
f 1493//1493 1417//1417 1449//1449
f 1520//1520 1496//1496 1397//1397
f 1493//1493 1402//1402 1417//1417
f 1277//1277 1204//1204 1253//1253
f 1493//1493 1397//1397 1402//1402
f 1397//1397 1409//1409 1402//1402
f 1493//1493 1417//1417 1524//1524
f 3308//3308 3305//3305 3144//3144
f 1130//1130 1028//1028 1047//1047
f 3158//3158 3193//3193 3278//3278
f 1449//1449 1516//1516 1526//1526
f 1449//1449 1506//1506 1516//1516
f 2284//2284 2257//2257 2351//2351
f 1493//1493 1506//1506 1449//1449
f 1493//1493 1449//1449 1526//1526
f 3059//3059 3133//3133 3134//3134
f 3890//3890 3715//3715 3707//3707
f 3059//3059 3134//3134 3152//3152
f 3026//3026 3059//3059 3152//3152
f 3130//3130 3017//3017 3161//3161
f 3161//3161 3134//3134 3121//3121
f 3161//3161 3121//3121 3134//3134
f 2021//2021 2068//2068 1942//1942
f 3881//3881 3031//3031 3935//3935
f 3161//3161 3017//3017 3134//3134
f 2961//2961 2760//2760 2668//2668
f 3059//3059 3133//3133 3026//3026
f 3059//3059 3026//3026 3133//3133
f 3659//3659 3835//3835 3880//3880
f 3283//3283 3282//3282 3332//3332
f 3134//3134 3048//3048 3017//3017
f 3134//3134 3017//3017 3048//3048
f 1834//1834 1826//1826 1609//1609
f 1953//1953 1891//1891 1922//1922
f 3134//3134 3048//3048 3026//3026
f 3059//3059 3026//3026 3048//3048
f 1357//1357 1235//1235 1172//1172
f 1357//1357 1172//1172 1235//1235
f 3048//3048 3017//3017 3026//3026
f 1436//1436 2857//2857 3265//3265
f 3133//3133 3134//3134 3026//3026
f 3133//3133 3048//3048 3134//3134
f 2534//2534 2581//2581 2515//2515
f 8//8 11//11 492//492
f 2543//2543 2471//2471 2416//2416
f 2543//2543 2416//2416 2471//2471
f 3537//3537 652//652 680//680
f 279//279 347//347 317//317
f 2065//2065 2050//2050 2024//2024
f 2065//2065 2024//2024 2050//2050
f 3532//3532 642//642 3539//3539
f 2769//2769 2834//2834 2734//2734
f 2769//2769 2734//2734 2834//2834
f 3532//3532 641//641 642//642
f 642//642 674//674 3539//3539
f 3416//3416 3412//3412 3572//3572
f 333//333 228//228 294//294
f 674//674 673//673 3555//3555
f 1828//1828 1768//1768 1784//1784
f 1707//1707 2076//2076 2122//2122
f 326//326 470//470 459//459
f 642//642 641//641 674//674
f 362//362 353//353 391//391
f 2098//2098 2121//2121 2043//2043
f 2046//2046 1993//1993 2018//2018
f 2530//2530 2905//2905 2477//2477
f 3264//3264 3183//3183 3222//3222
f 1528//1528 1458//1458 1535//1535
f 3189//3189 3205//3205 2893//2893
f 1086//1086 1130//1130 1099//1099
f 367//367 362//362 391//391
f 1146//1146 1149//1149 1144//1144
f 2827//2827 2942//2942 3256//3256
f 367//367 361//361 391//391
f 367//367 361//361 339//339
f 367//367 339//339 361//361
f 362//362 339//339 361//361
f 362//362 361//361 339//339
f 362//362 361//361 391//391
f 362//362 391//391 361//361
f 2303//2303 2175//2175 2203//2203
f 362//362 369//369 391//391
f 3056//3056 3122//3122 2434//2434
f 2841//2841 2983//2983 2907//2907
f 2596//2596 2471//2471 2618//2618
f 279//279 307//307 317//317
f 1892//1892 2124//2124 1954//1954
f 367//367 339//339 361//361
f 2736//2736 2536//2536 2746//2746
f 3021//3021 3294//3294 3039//3039
f 2204//2204 2193//2193 1965//1965
f 3224//3224 3034//3034 3081//3081
f 2995//2995 3081//3081 3034//3034
f 2274//2274 2290//2290 2344//2344
f 3250//3250 3359//3359 3081//3081
f 3250//3250 3081//3081 3359//3359
f 3453//3453 3445//3445 3447//3447
f 3439//3439 3428//3428 3359//3359
f 3224//3224 3283//3283 3204//3204
f 2007//2007 2263//2263 2414//2414
f 3177//3177 3278//3278 3377//3377
f 3234//3234 3154//3154 3033//3033
f 251//251 225//225 177//177
f 3377//3377 3461//3461 3445//3445
f 3377//3377 3445//3445 3461//3461
f 1355//1355 1234//1234 1488//1488
f 3453//3453 3424//3424 3462//3462
f 1234//1234 1169//1169 1161//1161
f 3004//3004 2961//2961 2905//2905
f 1523//1523 1424//1424 1553//1553
f 1599//1599 1553//1553 1637//1637
f 2211//2211 1952//1952 2634//2634
f 1599//1599 1637//1637 1726//1726
f 2129//2129 1726//1726 1637//1637
f 2995//2995 2900//2900 3033//3033
f 2995//2995 3033//3033 2900//2900
f 2899//2899 3105//3105 3004//3004
f 2899//2899 2697//2697 3105//3105
f 3177//3177 3158//3158 3278//3278
f 999//999 1009//1009 1049//1049
f 1422//1422 1472//1472 1469//1469
f 1554//1554 1593//1593 1541//1541
f 2995//2995 3034//3034 2384//2384
f 2254//2254 2397//2397 2312//2312
f 2995//2995 2384//2384 2469//2469
f 1499//1499 1424//1424 1293//1293
f 285//285 252//252 278//278
f 2846//2846 2724//2724 2709//2709
f 3396//3396 3344//3344 3260//3260
f 1556//1556 1594//1594 1445//1445
f 2213//2213 2593//2593 1862//1862
f 2213//2213 2388//2388 2593//2593
f 2388//2388 2517//2517 2593//2593
f 2092//2092 1954//1954 1966//1966
f 3013//3013 2716//2716 2961//2961
f 3457//3457 3465//3465 3447//3447
f 3295//3295 3154//3154 3332//3332
f 1878//1878 1938//1938 1848//1848
f 3234//3234 3283//3283 3295//3295
f 3013//3013 3054//3054 3193//3193
f 1554//1554 1443//1443 1634//1634
f 1183//1183 1279//1279 1231//1231
f 1367//1367 1231//1231 1279//1279
f 1367//1367 1363//1363 1231//1231
f 2716//2716 2593//2593 2742//2742
f 1707//1707 1443//1443 2076//2076
f 1707//1707 1634//1634 1443//1443
f 2353//2353 2342//2342 2431//2431
f 1554//1554 1492//1492 1443//1443
f 1380//1380 1349//1349 1443//1443
f 2477//2477 2345//2345 2267//2267
f 1254//1254 1328//1328 1355//1355
f 1828//1828 1825//1825 1718//1718
f 1828//1828 1718//1718 1825//1825
f 1161//1161 1252//1252 1201//1201
f 126//126 237//237 230//230
f 3177//3177 3324//3324 3021//3021
f 2659//2659 2779//2779 2561//2561
f 2886//2886 2561//2561 2779//2779
f 2350//2350 2206//2206 2391//2391
f 2533//2533 2523//2523 2325//2325
f 2533//2533 2325//2325 2523//2523
f 2393//2393 2206//2206 2325//2325
f 2393//2393 2325//2325 2206//2206
f 2985//2985 2895//2895 2886//2886
f 2985//2985 2886//2886 2895//2895
f 1267//1267 1258//1258 1270//1270
f 2985//2985 2889//2889 2886//2886
f 2985//2985 3081//3081 2889//2889
f 101//101 159//159 86//86
f 3324//3324 3021//3021 2913//2913
f 872//872 809//809 870//870
f 1778//1778 1741//1741 1733//1733
f 2206//2206 2257//2257 2213//2213
f 1533//1533 1563//1563 1733//1733
f 1703//1703 1651//1651 1546//1546
f 1355//1355 1414//1414 1733//1733
f 1355//1355 1318//1318 1271//1271
f 1238//1238 1277//1277 1337//1337
f 1238//1238 1337//1337 1277//1277
f 2204//2204 2120//2120 2331//2331
f 2325//2325 2104//2104 2062//2062
f 2325//2325 2062//2062 2104//2104
f 2104//2104 2062//2062 2015//2015
f 1917//1917 1685//1685 1891//1891
f 2104//2104 2015//2015 1905//1905
f 2670//2670 2629//2629 2612//2612
f 2523//2523 2533//2533 2553//2553
f 2739//2739 2258//2258 2246//2246
f 1086//1086 1112//1112 1113//1113
f 2533//2533 2790//2790 2635//2635
f 401//401 366//366 376//376
f 3384//3384 3445//3445 3442//3442
f 1380//1380 1541//1541 1328//1328
f 1380//1380 1328//1328 1541//1541
f 3371//3371 3361//3361 3325//3325
f 2397//2397 2554//2554 2510//2510
f 3439//3439 3444//3444 3441//3441
f 2507//2507 2510//2510 2503//2503
f 2397//2397 2178//2178 2045//2045
f 2045//2045 2178//2178 2070//2070
f 1653//1653 1672//1672 1459//1459
f 3250//3250 3081//3081 3238//3238
f 3081//3081 3116//3116 3238//3238
f 1355//1355 1318//1318 1414//1414
f 2058//2058 1760//1760 1805//1805
f 2012//2012 2070//2070 2095//2095
f 2469//2469 2561//2561 2886//2886
f 1903//1903 1939//1939 2012//2012
f 2469//2469 2510//2510 2561//2561
f 2510//2510 2554//2554 2561//2561
f 2012//2012 2045//2045 2070//2070
f 2397//2397 2362//2362 2178//2178
f 2956//2956 2776//2776 2814//2814
f 1751//1751 1720//1720 1795//1795
f 3399//3399 3335//3335 3325//3325
f 3229//3229 2968//2968 3132//3132
f 1553//1553 1445//1445 1637//1637
f 2593//2593 2546//2546 2346//2346
f 3025//3025 3178//3178 2538//2538
f 2697//2697 2546//2546 2593//2593
f 2938//2938 2958//2958 2742//2742
f 2436//2436 2470//2470 2412//2412
f 3013//3013 2958//2958 2938//2938
f 1862//1862 1890//1890 1824//1824
f 1637//1637 1594//1594 1663//1663
f 3204//3204 3234//3234 3196//3196
f 3204//3204 3196//3196 3234//3234
f 2062//2062 2015//2015 2054//2054
f 2062//2062 2054//2054 2015//2015
f 1414//1414 1365//1365 1733//1733
f 1406//1406 1700//1700 1596//1596
f 4009//4009 4004//4004 3997//3997
f 1337//1337 1340//1340 1277//1277
f 1825//1825 1831//1831 1945//1945
f 2828//2828 2861//2861 2777//2777
f 3324//3324 3347//3347 3331//3331
f 1424//1424 1293//1293 1231//1231
f 2127//2127 2195//2195 2233//2233
f 2526//2526 2051//2051 2045//2045
f 1318//1318 1414//1414 1365//1365
f 1825//1825 1945//1945 1905//1905
f 1453//1453 1349//1349 1443//1443
f 1453//1453 1443//1443 1349//1349
f 1453//1453 1463//1463 1443//1443
f 2062//2062 2180//2180 2078//2078
f 2523//2523 2566//2566 2325//2325
f 2393//2393 2325//2325 2566//2566
f 3940//3940 3939//3939 3960//3960
f 1733//1733 1429//1429 1702//1702
f 1414//1414 1429//1429 1733//1733
f 1318//1318 1199//1199 1364//1364
f 1832//1832 1666//1666 1962//1962
f 2882//2882 3116//3116 2876//2876
f 1277//1277 1294//1294 1340//1340
f 1277//1277 1340//1340 1294//1294
f 3004//3004 2992//2992 2961//2961
f 1337//1337 1411//1411 1421//1421
f 1644//1644 1610//1610 1461//1461
f 1700//1700 1747//1747 1570//1570
f 1825//1825 1905//1905 1893//1893
f 1828//1828 1825//1825 1893//1893
f 2362//2362 2563//2563 2238//2238
f 2393//2393 2566//2566 2530//2530
f 2028//2028 1950//1950 2017//2017
f 2078//2078 2566//2566 2226//2226
f 1828//1828 1893//1893 1718//1718
f 2276//2276 2304//2304 2126//2126
f 1718//1718 1893//1893 1950//1950
f 1220//1220 1173//1173 1212//1212
f 1694//1694 1747//1747 1768//1768
f 1588//1588 1509//1509 1694//1694
f 2843//2843 2779//2779 2789//2789
f 1281//1281 1509//1509 1367//1367
f 1199//1199 1212//1212 1273//1273
f 1429//1429 1377//1377 1273//1273
f 3220//3220 2833//2833 3146//3146
f 1380//1380 1492//1492 1429//1429
f 1707//1707 1815//1815 1740//1740
f 1707//1707 2115//2115 1815//1815
f 1702//1702 1429//1429 1683//1683
f 2111//2111 2133//2133 2253//2253
f 2401//2401 2400//2400 2549//2549
f 2001//2001 2115//2115 2563//2563
f 2238//2238 2563//2563 2115//2115
f 3400//3400 3228//3228 3295//3295
f 2001//2001 1815//1815 2115//2115
f 2818//2818 2775//2775 2769//2769
f 2507//2507 2789//2789 2579//2579
f 2439//2439 2503//2503 2362//2362
f 2362//2362 2503//2503 2563//2563
f 222//222 278//278 214//214
f 2843//2843 2985//2985 2876//2876
f 2843//2843 2789//2789 2895//2895
f 2507//2507 2895//2895 2789//2789
f 3021//3021 3039//3039 2863//2863
f 3295//3295 3228//3228 3154//3154
f 3400//3400 3287//3287 3228//3228
f 1882//1882 1916//1916 1636//1636
f 3447//3447 3390//3390 3347//3347
f 3447//3447 3427//3427 3454//3454
f 2912//2912 2863//2863 3039//3039
f 2015//2015 1963//1963 1945//1945
f 3183//3183 3149//3149 3155//3155
f 1724//1724 1694//1694 1768//1768
f 2104//2104 2062//2062 2092//2092
f 2347//2347 2382//2382 2372//2372
f 1355//1355 1234//1234 1271//1271
f 1499//1499 1293//1293 1363//1363
f 2333//2333 1379//1379 2302//2302
f 1244//1244 1258//1258 1267//1267
f 1488//1488 1234//1234 1355//1355
f 3260//3260 3229//3229 3292//3292
f 2845//2845 2684//2684 2907//2907
f 2845//2845 2907//2907 2684//2684
f 2129//2129 1637//1637 1890//1890
f 2232//2232 2292//2292 2347//2347
f 1553//1553 1599//1599 1523//1523
f 1825//1825 1726//1726 1905//1905
f 1825//1825 1905//1905 1726//1726
f 3500//3500 3412//3412 3416//3416
f 1825//1825 1726//1726 1824//1824
f 2206//2206 2104//2104 2093//2093
f 2122//2122 2088//2088 2217//2217
f 2122//2122 1697//1697 2088//2088
f 1342//1342 1460//1460 1760//1760
f 4019//4019 4009//4009 4026//4026
f 1707//1707 1634//1634 1560//1560
f 1707//1707 1560//1560 1634//1634
f 2076//2076 1634//1634 2122//2122
f 2076//2076 2122//2122 1634//1634
f 1877//1877 1859//1859 1863//1863
f 1634//1634 1620//1620 1541//1541
f 1707//1707 1697//1697 1634//1634
f 171//171 166//166 210//210
f 1707//1707 1634//1634 1697//1697
f 1380//1380 1541//1541 1492//1492
f 1328//1328 1201//1201 1234//1234
f 1169//1169 1227//1227 1173//1173
f 1213//1213 1183//1183 1173//1173
f 1367//1367 1279//1279 1231//1231
f 1367//1367 1231//1231 1183//1183
f 1718//1718 1710//1710 1623//1623
f 1718//1718 1623//1623 1710//1710
f 1828//1828 1718//1718 1864//1864
f 1828//1828 1864//1864 1718//1718
f 1893//1893 1954//1954 2124//2124
f 1499//1499 1445//1445 1424//1424
f 2213//2213 2138//2138 2124//2124
f 2919//2919 2910//2910 2664//2664
f 2136//2136 1893//1893 2138//2138
f 3511//3511 3734//3734 3666//3666
f 2219//2219 1912//1912 2307//2307
f 2842//2842 2885//2885 3078//3078
f 2226//2226 2323//2323 2257//2257
f 1220//1220 1216//1216 1213//1213
f 1486//1486 1542//1542 1554//1554
f 14//14 9//9 8//8
f 2254//2254 2312//2312 2242//2242
f 1910//1910 1985//1985 2013//2013
f 1554//1554 1463//1463 1443//1443
f 1486//1486 1554//1554 1443//1443
f 1765//1765 1719//1719 1907//1907
f 1584//1584 1563//1563 1541//1541
f 1676//1676 1568//1568 1557//1557
f 1254//1254 1355//1355 1271//1271
f 1424//1424 1367//1367 1411//1411
f 3196//3196 3282//3282 3206//3206
f 1523//1523 1539//1539 1599//1599
f 1588//1588 1599//1599 1539//1539
f 1244//1244 1270//1270 1258//1258
f 1724//1724 1768//1768 1726//1726
f 1724//1724 1726//1726 1768//1768
f 1533//1533 1733//1733 1702//1702
f 1523//1523 1724//1724 1588//1588
f 1386//1386 1367//1367 1421//1421
f 1337//1337 1421//1421 1386//1386
f 1337//1337 1386//1386 1421//1421
f 2254//2254 2186//2186 2122//2122
f 2254//2254 2122//2122 2186//2186
f 2899//2899 2901//2901 2753//2753
f 2899//2899 2753//2753 2901//2901
f 1823//1823 2043//2043 2098//2098
f 1367//1367 1231//1231 1363//1363
f 254//254 174//174 209//209
f 1424//1424 1363//1363 1293//1293
f 1424//1424 1231//1231 1367//1367
f 1161//1161 1169//1169 1199//1199
f 1367//1367 1509//1509 1512//1512
f 1367//1367 1512//1512 1509//1509
f 2233//2233 2139//2139 2109//2109
f 1443//1443 2122//2122 2186//2186
f 1367//1367 1183//1183 1279//1279
f 1169//1169 1173//1173 1170//1170
f 2238//2238 2088//2088 2122//2122
f 2092//2092 1954//1954 1864//1864
f 2092//2092 1864//1864 1954//1954
f 1556//1556 1718//1718 1623//1623
f 1634//1634 1697//1697 2122//2122
f 2238//2238 2122//2122 2217//2217
f 1443//1443 1463//1463 1486//1486
f 1718//1718 1710//1710 1954//1954
f 33//33 120//120 35//35
f 1718//1718 1623//1623 1710//1710
f 1328//1328 1227//1227 1201//1201
f 1380//1380 1328//1328 1234//1234
f 1480//1480 1529//1529 1446//1446
f 1710//1710 1864//1864 1954//1954
f 1220//1220 1279//1279 1213//1213
f 1220//1220 1213//1213 1279//1279
f 1220//1220 1213//1213 1173//1173
f 1644//1644 1461//1461 1454//1454
f 2076//2076 2122//2122 2115//2115
f 1170//1170 1220//1220 1208//1208
f 1170//1170 1208//1208 1220//1220
f 982//982 1023//1023 985//985
f 1328//1328 1273//1273 1212//1212
f 1556//1556 1588//1588 1718//1718
f 2092//2092 1864//1864 1950//1950
f 2092//2092 1950//1950 1864//1864
f 1634//1634 1541//1541 1593//1593
f 1856//1856 2035//2035 1870//1870
f 1380//1380 1492//1492 1541//1541
f 3235//3235 3277//3277 3376//3376
f 2388//2388 2453//2453 2517//2517
f 432//432 417//417 372//372
f 2238//2238 2122//2122 2076//2076
f 1169//1169 1234//1234 1201//1201
f 3012//3012 2675//2675 3338//3338
f 1862//1862 1718//1718 1842//1842
f 2228//2228 2481//2481 2245//2245
f 1862//1862 1654//1654 1718//1718
f 2393//2393 2078//2078 2180//2180
f 2393//2393 2566//2566 2078//2078
f 2062//2062 2017//2017 2078//2078
f 2062//2062 2078//2078 2017//2017
f 2015//2015 2017//2017 1950//1950
f 1963//1963 1950//1950 1893//1893
f 3442//3442 3437//3437 3397//3397
f 1183//1183 1206//1206 1231//1231
f 1828//1828 1784//1784 1825//1825
f 1199//1199 1208//1208 1212//1212
f 3904//3904 3829//3829 3859//3859
f 2193//2193 2210//2210 2087//2087
f 1220//1220 1208//1208 1204//1204
f 1378//1378 1244//1244 1415//1415
f 765//765 1082//1082 736//736
f 1318//1318 1364//1364 1377//1377
f 1733//1733 1702//1702 1740//1740
f 2045//2045 2053//2053 2527//2527
f 1707//1707 1579//1579 1634//1634
f 1279//1279 1281//1281 1367//1367
f 1279//1279 1367//1367 1281//1281
f 2388//2388 2393//2393 2517//2517
f 2393//2393 2323//2323 2226//2226
f 2528//2528 2575//2575 2480//2480
f 1862//1862 2346//2346 2183//2183
f 1380//1380 1328//1328 1492//1492
f 1862//1862 2183//2183 2033//2033
f 2507//2507 2469//2469 2446//2446
f 3859//3859 3572//3572 3899//3899
f 3013//3013 2938//2938 2742//2742
f 3013//3013 2742//2742 2716//2716
f 2529//2529 3165//3165 3113//3113
f 1445//1445 1499//1499 1363//1363
f 1978//1978 2072//2072 2203//2203
f 2861//2861 2828//2828 2876//2876
f 1161//1161 1169//1169 1170//1170
f 1166//1166 1183//1183 1204//1204
f 1238//1238 1277//1277 1294//1294
f 1238//1238 1294//1294 1277//1277
f 1724//1724 1726//1726 1694//1694
f 2012//2012 2115//2115 2070//2070
f 3254//3254 3267//3267 3336//3336
f 2012//2012 2070//2070 2053//2053
f 2062//2062 2028//2028 2017//2017
f 1718//1718 1726//1726 1768//1768
f 1707//1707 1687//1687 1683//1683
f 1707//1707 1740//1740 1733//1733
f 2012//2012 2001//2001 2115//2115
f 1238//1238 1337//1337 1281//1281
f 1337//1337 1386//1386 1281//1281
f 1048//1048 1008//1008 1031//1031
f 3447//3447 3454//3454 3427//3427
f 2325//2325 2553//2553 2062//2062
f 1905//1905 1831//1831 1784//1784
f 1905//1905 1945//1945 1831//1831
f 1905//1905 1831//1831 1945//1945
f 3111//3111 3104//3104 3122//3122
f 1939//1939 1933//1933 1809//1809
f 1204//1204 1199//1199 1194//1194
f 3143//3143 3129//3129 2945//2945
f 1637//1637 1824//1824 1890//1890
f 2129//2129 2033//2033 2183//2183
f 2129//2129 2183//2183 2243//2243
f 1234//1234 1453//1453 1349//1349
f 2647//2647 2599//2599 2795//2795
f 1238//1238 1231//1231 1293//1293
f 1166//1166 1204//1204 1231//1231
f 2407//2407 2399//2399 2404//2404
f 1161//1161 1170//1170 1166//1166
f 1584//1584 1544//1544 1486//1486
f 2129//2129 2211//2211 2183//2183
f 1724//1724 1523//1523 1694//1694
f 1778//1778 1733//1733 1741//1741
f 2104//2104 2078//2078 2062//2062
f 2206//2206 2062//2062 2078//2078
f 2070//2070 2178//2178 2297//2297
f 1316//1316 1643//1643 1330//1330
f 2129//2129 1952//1952 1726//1726
f 1145//1145 1165//1165 1174//1174
f 1584//1584 1563//1563 1778//1778
f 2095//2095 2178//2178 2254//2254
f 3291//3291 3257//3257 3258//3258
f 3291//3291 3258//3258 3257//3257
f 2012//2012 1939//1939 2045//2045
f 3154//3154 3332//3332 3099//3099
f 1778//1778 1810//1810 1903//1903
f 1523//1523 1700//1700 1406//1406
f 2028//2028 1950//1950 2015//2015
f 1411//1411 1421//1421 1523//1523
f 1337//1337 1421//1421 1411//1411
f 1486//1486 1453//1453 1443//1443
f 2211//2211 2213//2213 2183//2183
f 1234//1234 1355//1355 1443//1443
f 3056//3056 3104//3104 3111//3111
f 2206//2206 2078//2078 2180//2180
f 1337//1337 1194//1194 1253//1253
f 3054//3054 3140//3140 3009//3009
f 2015//2015 1950//1950 2028//2028
f 1199//1199 1318//1318 1273//1273
f 1563//1563 1579//1579 1683//1683
f 2625//2625 2642//2642 2645//2645
f 2625//2625 2645//2645 2642//2642
f 1824//1824 2093//2093 1950//1950
f 1424//1424 1512//1512 1456//1456
f 1293//1293 1411//1411 1279//1279
f 1161//1161 1201//1201 1234//1234
f 1488//1488 1563//1563 1486//1486
f 2206//2206 2213//2213 2257//2257
f 2206//2206 2257//2257 2325//2325
f 63//63 46//46 147//147
f 341//341 337//337 329//329
f 1718//1718 1726//1726 1825//1825
f 1718//1718 1825//1825 1726//1726
f 1724//1724 1523//1523 1599//1599
f 2899//2899 2533//2533 2753//2753
f 1523//1523 1411//1411 1456//1456
f 1170//1170 1204//1204 1161//1161
f 1166//1166 1220//1220 1170//1170
f 2104//2104 2092//2092 2093//2093
f 1724//1724 1569//1569 1411//1411
f 1478//1478 1539//1539 1550//1550
f 1279//1279 1411//1411 1238//1238
f 1905//1905 1950//1950 2092//2092
f 1424//1424 1411//1411 1367//1367
f 1825//1825 1824//1824 1893//1893
f 2066//2066 2083//2083 2197//2197
f 3439//3439 3441//3441 3452//3452
f 2901//2901 2753//2753 2810//2810
f 2901//2901 2810//2810 2753//2753
f 2753//2753 2756//2756 2662//2662
f 3444//3444 3452//3452 3441//3441
f 2507//2507 2469//2469 2929//2929
f 2507//2507 2929//2929 2469//2469
f 2625//2625 2664//2664 2645//2645
f 1908//1908 1817//1817 2061//2061
f 3399//3399 3371//3371 3361//3361
f 3377//3377 3384//3384 3324//3324
f 2266//2266 2348//2348 2304//2304
f 3439//3439 3399//3399 3442//3442
f 210//210 166//166 167//167
f 3439//3439 3371//3371 3399//3399
f 3439//3439 3442//3442 3441//3441
f 1201//1201 1212//1212 1273//1273
f 2533//2533 2478//2478 2662//2662
f 2533//2533 2753//2753 2662//2662
f 2533//2533 2753//2753 2937//2937
f 2533//2533 2937//2937 2753//2753
f 2835//2835 2790//2790 2782//2782
f 2835//2835 2782//2782 2790//2790
f 2882//2882 3238//3238 2861//2861
f 3278//3278 3219//3219 3260//3260
f 3377//3377 3344//3344 3396//3396
f 3204//3204 3283//3283 3234//3234
f 2624//2624 2554//2554 2579//2579
f 2659//2659 2624//2624 2642//2642
f 2843//2843 2828//2828 2779//2779
f 2882//2882 2861//2861 2876//2876
f 3384//3384 3427//3427 3347//3347
f 2013//2013 2059//2059 2066//2066
f 3021//3021 3324//3324 3294//3294
f 2835//2835 2794//2794 2790//2790
f 2398//2398 2482//2482 2328//2328
f 2790//2790 2668//2668 2662//2662
f 2523//2523 2553//2553 2566//2566
f 1740//1740 1728//1728 1731//1731
f 2507//2507 2561//2561 2510//2510
f 2533//2533 2553//2553 2523//2523
f 2533//2533 2523//2523 2553//2553
f 3377//3377 3324//3324 3278//3278
f 1225//1225 1233//1233 1189//1189
f 2478//2478 2899//2899 2634//2634
f 3154//3154 2985//2985 3033//3033
f 3033//3033 2900//2900 3099//3099
f 3454//3454 3362//3362 3429//3429
f 3396//3396 3301//3301 3380//3380
f 2064//2064 2252//2252 2086//2086
f 3054//3054 3208//3208 3140//3140
f 3294//3294 3140//3140 3208//3208
f 3191//3191 3140//3140 3209//3209
f 3294//3294 3209//3209 3140//3140
f 2031//2031 1650//1650 2114//2114
f 2901//2901 3009//3009 2905//2905
f 3191//3191 3010//3010 2905//2905
f 2530//2530 2700//2700 2668//2668
f 2530//2530 2668//2668 2700//2700
f 2668//2668 2901//2901 2905//2905
f 2233//2233 2139//2139 2197//2197
f 2477//2477 2905//2905 2667//2667
f 2530//2530 2477//2477 2458//2458
f 2716//2716 2453//2453 2756//2756
f 2312//2312 2330//2330 2359//2359
f 3034//3034 3033//3033 3061//3061
f 3034//3034 3061//3061 3051//3051
f 3278//3278 3193//3193 3219//3219
f 3679//3679 3670//3670 3631//3631
f 3195//3195 3159//3159 3247//3247
f 3224//3224 3033//3033 3034//3034
f 2346//2346 2391//2391 2243//2243
f 3439//3439 3452//3452 3371//3371
f 3445//3445 3390//3390 3453//3453
f 3445//3445 3453//3453 3390//3390
f 3278//3278 3324//3324 3301//3301
f 3177//3177 3209//3209 3193//3193
f 2668//2668 2517//2517 2662//2662
f 1825//1825 2104//2104 2093//2093
f 2397//2397 2526//2526 2442//2442
f 2526//2526 2527//2527 2442//2442
f 2510//2510 2527//2527 2526//2526
f 2533//2533 2530//2530 2325//2325
f 2076//2076 2088//2088 2122//2122
f 2835//2835 2831//2831 2899//2899
f 2624//2624 2556//2556 2610//2610
f 2835//2835 2790//2790 2831//2831
f 3250//3250 3361//3361 3287//3287
f 3359//3359 3283//3283 3234//3234
f 3229//3229 3292//3292 3223//3223
f 3229//3229 3223//3223 3292//3292
f 3260//3260 3344//3344 3307//3307
f 2391//2391 2395//2395 2388//2388
f 3081//3081 2985//2985 3154//3154
f 2756//2756 2453//2453 2477//2477
f 699//699 583//583 950//950
f 2439//2439 2446//2446 2362//2362
f 2668//2668 2901//2901 2700//2700
f 2668//2668 2700//2700 2901//2901
f 3229//3229 3132//3132 3191//3191
f 2211//2211 2606//2606 2147//2147
f 3154//3154 3099//3099 3362//3362
f 2903//2903 2900//2900 3033//3033
f 2507//2507 2446//2446 2903//2903
f 736//736 598//598 560//560
f 2458//2458 2477//2477 2453//2453
f 3438//3438 3443//3443 3497//3497
f 2756//2756 2667//2667 2905//2905
f 3444//3444 3429//3429 3371//3371
f 2507//2507 2903//2903 2900//2900
f 130//130 224//224 117//117
f 2279//2279 2162//2162 1932//1932
f 3454//3454 3429//3429 3457//3457
f 3710//3710 3865//3865 3886//3886
f 2903//2903 3033//3033 2985//2985
f 3431//3431 3379//3379 3264//3264
f 3295//3295 3154//3154 3362//3362
f 3396//3396 3447//3447 3453//3453
f 2979//2979 3125//3125 3349//3349
f 3013//3013 3193//3193 3054//3054
f 206//206 237//237 217//217
f 2716//2716 2901//2901 2742//2742
f 2507//2507 2439//2439 2362//2362
f 2716//2716 2742//2742 2517//2517
f 2648//2648 2635//2635 2668//2668
f 2790//2790 2831//2831 2668//2668
f 2790//2790 2794//2794 2831//2831
f 1257//1257 1490//1490 1507//1507
f 3224//3224 3061//3061 3034//3034
f 3444//3444 3399//3399 3371//3371
f 3361//3361 3228//3228 3287//3287
f 2882//2882 2876//2876 3228//3228
f 2554//2554 2563//2563 2579//2579
f 3141//3141 3188//3188 2746//2746
f 3400//3400 3295//3295 3362//3362
f 3447//3447 3427//3427 3390//3390
f 3054//3054 3294//3294 3208//3208
f 3054//3054 3009//3009 2901//2901
f 366//366 371//371 374//374
f 3428//3428 3444//3444 3400//3400
f 3400//3400 3371//3371 3361//3361
f 1430//1430 1360//1360 1481//1481
f 2913//2913 2835//2835 2863//2863
f 2913//2913 2901//2901 2835//2835
f 2533//2533 2553//2553 2567//2567
f 2523//2523 2566//2566 2553//2553
f 1351//1351 3047//3047 1466//1466
f 3361//3361 3371//3371 3325//3325
f 2553//2553 2566//2566 2567//2567
f 2533//2533 2567//2567 2530//2530
f 2961//2961 3009//3009 2912//2912
f 558//558 552//552 615//615
f 3410//3410 3420//3420 3434//3434
f 2886//2886 2843//2843 2895//2895
f 2526//2526 2579//2579 2503//2503
f 3384//3384 3347//3347 3390//3390
f 3384//3384 3390//3390 3290//3290
f 200//200 130//130 128//128
f 567//567 520//520 548//548
f 2624//2624 2610//2610 2653//2653
f 2624//2624 2653//2653 2610//2610
f 1084//1084 1044//1044 1015//1015
f 1809//1809 1781//1781 1993//1993
f 2882//2882 2777//2777 2861//2861
f 254//254 378//378 271//271
f 2779//2779 2777//2777 2882//2882
f 1446//1446 1529//1529 1495//1495
f 3371//3371 3399//3399 3325//3325
f 3371//3371 3325//3325 3399//3399
f 2386//2386 2616//2616 2349//2349
f 2624//2624 2610//2610 2554//2554
f 3279//3279 3322//3322 3320//3320
f 3151//3151 3067//3067 3241//3241
f 333//333 414//414 357//357
f 3399//3399 3427//3427 3437//3437
f 3384//3384 3397//3397 3347//3347
f 3384//3384 3347//3347 3397//3397
f 2635//2635 2790//2790 2782//2782
f 2635//2635 2782//2782 2790//2790
f 2135//2135 2340//2340 2502//2502
f 175//175 191//191 47//47
f 2697//2697 2742//2742 2958//2958
f 3278//3278 3260//3260 3377//3377
f 3829//3829 3464//3464 3456//3456
f 3461//3461 3453//3453 3465//3465
f 3034//3034 3051//3051 2384//2384
f 2478//2478 2391//2391 2453//2453
f 2797//2797 3024//3024 2834//2834
f 2478//2478 2395//2395 2391//2391
f 2478//2478 2453//2453 2395//2395
f 2469//2469 2439//2439 2312//2312
f 1947//1947 1925//1925 1946//1946
f 2843//2843 2779//2779 2882//2882
f 2886//2886 2882//2882 2876//2876
f 2846//2846 2871//2871 2920//2920
f 2899//2899 2831//2831 2790//2790
f 2533//2533 2478//2478 2325//2325
f 2533//2533 2325//2325 2478//2478
f 2533//2533 2662//2662 2753//2753
f 3377//3377 3278//3278 3177//3177
f 3439//3439 3359//3359 3361//3361
f 2889//2889 3081//3081 2929//2929
f 2995//2995 2469//2469 2889//2889
f 2659//2659 2653//2653 2779//2779
f 1740//1740 1732//1732 1773//1773
f 3250//3250 3238//3238 3361//3361
f 3384//3384 3442//3442 3397//3397
f 1201//1201 1184//1184 1254//1254
f 3317//3317 3293//3293 3261//3261
f 1145//1145 1151//1151 1140//1140
f 3250//3250 3234//3234 3224//3224
f 2635//2635 2553//2553 2567//2567
f 3021//3021 2912//2912 3039//3039
f 2912//2912 2913//2913 3039//3039
f 62//62 126//126 33//33
f 2662//2662 2478//2478 2787//2787
f 2753//2753 2662//2662 2787//2787
f 3177//3177 3054//3054 3004//3004
f 1916//1916 2066//2066 2059//2059
f 3445//3445 3442//3442 3441//3441
f 3445//3445 3441//3441 3442//3442
f 2500//2500 2029//2029 2339//2339
f 2397//2397 2178//2178 2362//2362
f 2533//2533 2668//2668 2753//2753
f 1504//1504 1514//1514 1682//1682
f 2193//2193 2194//2194 2342//2342
f 3004//3004 3054//3054 2992//2992
f 2995//2995 3081//3081 2985//2985
f 3439//3439 3452//3452 3444//3444
f 3997//3997 3951//3951 3986//3986
f 130//130 127//127 224//224
f 2195//2195 2269//2269 2233//2233
f 3324//3324 3294//3294 3301//3301
f 3156//3156 3218//3218 3168//3168
f 3177//3177 3054//3054 3191//3191
f 3278//3278 3301//3301 3177//3177
f 3445//3445 3453//3453 3447//3447
f 576//576 554//554 590//590
f 1451//1451 1932//1932 2044//2044
f 3371//3371 3429//3429 3361//3361
f 3081//3081 3154//3154 2985//2985
f 2533//2533 2478//2478 2530//2530
f 2961//2961 2937//2937 2899//2899
f 3439//3439 3361//3361 3429//3429
f 1748//1748 1587//1587 1755//1755
f 1628//1628 1752//1752 1695//1695
f 2625//2625 2645//2645 2446//2446
f 3397//3397 3331//3331 3316//3316
f 48//48 179//179 79//79
f 2553//2553 2500//2500 2559//2559
f 2406//2406 2418//2418 2431//2431
f 2934//2934 2872//2872 2933//2933
f 1337//1337 1253//1253 1359//1359
f 1809//1809 2046//2046 1436//1436
f 2861//2861 2822//2822 2874//2874
f 1032//1032 1476//1476 1221//1221
f 2861//2861 2874//2874 2822//2822
f 2610//2610 2857//2857 1436//1436
f 2610//2610 2822//2822 2857//2857
f 2046//2046 2373//2373 1436//1436
f 3405//3405 3426//3426 3436//3436
f 2238//2238 2382//2382 2260//2260
f 254//254 285//285 234//234
f 2947//2947 3205//3205 3316//3316
f 1326//1326 1384//1384 1353//1353
f 850//850 842//842 756//756
f 850//850 756//756 842//842
f 2777//2777 2653//2653 2205//2205
f 3189//3189 3316//3316 3205//3205
f 2861//2861 2874//2874 3314//3314
f 3335//3335 3276//3276 3314//3314
f 3168//3168 2950//2950 3142//3142
f 1542//1542 1548//1548 1480//1480
f 2553//2553 2339//2339 2300//2300
f 2635//2635 2782//2782 2553//2553
f 2553//2553 2782//2782 2339//2339
f 1832//1832 2074//2074 2016//2016
f 2054//2054 2300//2300 2074//2074
f 2054//2054 2074//2074 2300//2300
f 1831//1831 1832//1832 1794//1794
f 1945//1945 1832//1832 1831//1831
f 1406//1406 1596//1596 1359//1359
f 1337//1337 1359//1359 1194//1194
f 1406//1406 1359//1359 1337//1337
f 1170//1170 1216//1216 1208//1208
f 1365//1365 1346//1346 1728//1728
f 1365//1365 1263//1263 1346//1346
f 1725//1725 1781//1781 1728//1728
f 1933//1933 1781//1781 2205//2205
f 1933//1933 2046//2046 2018//2018
f 1933//1933 2018//2018 2046//2046
f 1346//1346 1781//1781 1728//1728
f 1596//1596 1695//1695 1487//1487
f 2523//2523 2634//2634 2325//2325
f 3298//3298 3274//3274 3364//3364
f 1539//1539 1509//1509 1385//1385
f 2777//2777 2822//2822 2653//2653
f 1003//1003 1004//1004 1043//1043
f 1003//1003 1043//1043 1004//1004
f 2060//2060 2032//2032 2063//2063
f 2653//2653 2822//2822 2610//2610
f 756//756 759//759 403//403
f 2556//2556 2501//2501 2051//2051
f 2051//2051 2046//2046 2018//2018
f 1253//1253 1194//1194 1359//1359
f 1831//1831 1628//1628 1832//1832
f 2247//2247 2253//2253 2272//2272
f 1831//1831 1487//1487 1628//1628
f 2029//2029 2016//2016 2339//2339
f 2029//2029 1832//1832 2016//2016
f 1831//1831 1832//1832 2029//2029
f 2960//2960 2955//2955 3308//3308
f 3103//3103 3073//3073 3206//3206
f 2031//2031 2071//2071 1900//1900
f 3215//3215 3267//3267 3254//3254
f 1966//1966 1710//1710 1864//1864
f 1436//1436 1346//1346 1263//1263
f 324//324 328//328 351//351
f 188//188 297//297 222//222
f 3404//3404 3906//3906 3935//3935
f 1422//1422 1401//1401 1472//1472
f 3189//3189 2875//2875 2947//2947
f 2556//2556 2610//2610 2501//2501
f 1945//1945 2029//2029 2054//2054
f 1628//1628 1695//1695 1596//1596
f 1628//1628 1596//1596 1359//1359
f 1752//1752 1794//1794 1695//1695
f 1725//1725 1728//1728 1781//1781
f 1365//1365 1622//1622 1263//1263
f 1700//1700 1695//1695 1752//1752
f 2635//2635 2559//2559 2947//2947
f 2812//2812 2887//2887 3018//3018
f 1276//1276 1269//1269 1351//1351
f 1016//1016 1044//1044 1089//1089
f 3371//3371 3408//3408 3406//3406
f 2857//2857 3240//3240 3265//3265
f 518//518 1045//1045 1007//1007
f 598//598 536//536 922//922
f 2556//2556 2653//2653 2610//2610
f 1436//1436 3265//3265 2205//2205
f 3102//3102 3155//3155 3149//3149
f 2553//2553 2559//2559 2635//2635
f 2892//2892 2832//2832 1717//1717
f 50//50 88//88 93//93
f 3240//3240 3335//3335 3265//3265
f 2559//2559 2500//2500 2947//2947
f 2782//2782 2947//2947 2500//2500
f 1831//1831 1752//1752 1487//1487
f 1972//1972 2068//2068 1942//1942
f 1972//1972 1942//1942 2068//2068
f 2875//2875 2893//2893 2947//2947
f 1702//1702 1732//1732 1740//1740
f 2959//2959 2967//2967 3011//3011
f 2959//2959 3011//3011 2967//2967
f 2782//2782 2947//2947 2893//2893
f 3275//3275 3149//3149 3264//3264
f 3355//3355 3838//3838 3256//3256
f 1966//1966 1954//1954 1710//1710
f 1488//1488 1584//1584 1563//1563
f 1152//1152 2234//2234 3469//3469
f 3260//3260 3229//3229 3246//3246
f 850//850 842//842 775//775
f 1161//1161 1199//1199 1234//1234
f 21//21 30//30 23//23
f 1424//1424 1523//1523 1411//1411
f 1424//1424 1238//1238 1411//1411
f 1424//1424 1411//1411 1238//1238
f 2281//2281 2257//2257 2366//2366
f 1523//1523 1424//1424 1411//1411
f 3234//3234 3154//3154 3099//3099
f 2636//2636 2480//2480 2575//2575
f 1599//1599 1523//1523 1553//1553
f 1825//1825 1963//1963 2104//2104
f 2537//2537 2390//2390 1804//1804
f 1825//1825 1890//1890 1726//1726
f 2541//2541 520//520 1065//1065
f 2129//2129 2093//2093 2206//2206
f 2129//2129 1905//1905 1952//1952
f 3355//3355 3446//3446 3838//3838
f 2161//2161 2063//2063 2126//2126
f 1531//1531 1291//1291 1353//1353
f 3431//3431 3426//3426 3379//3379
f 3250//3250 3081//3081 2995//2995
f 2889//2889 2995//2995 2929//2929
f 2889//2889 2929//2929 2995//2995
f 3343//3343 3304//3304 3255//3255
f 2995//2995 2929//2929 3034//3034
f 3081//3081 3034//3034 2995//2995
f 3034//3034 2929//2929 2995//2995
f 3250//3250 3361//3361 3359//3359
f 3439//3439 3361//3361 3399//3399
f 850//850 817//817 842//842
f 2853//2853 2908//2908 2474//2474
f 2853//2853 2474//2474 2908//2908
f 2228//2228 2245//2245 2289//2289
f 3384//3384 3377//3377 3445//3445
f 3444//3444 3454//3454 3465//3465
f 3177//3177 3278//3278 3324//3324
f 2470//2470 2412//2412 2441//2441
f 3004//3004 2992//2992 2937//2937
f 2992//2992 2790//2790 2937//2937
f 2899//2899 2790//2790 2992//2992
f 2790//2790 2662//2662 2937//2937
f 2899//2899 2937//2937 2697//2697
f 2899//2899 2662//2662 2790//2790
f 245//245 256//256 225//225
f 344//344 231//231 137//137
f 77//77 121//121 67//67
f 3500//3500 3416//3416 3506//3506
f 251//251 385//385 313//313
f 251//251 177//177 231//231
f 137//137 231//231 177//177
f 137//137 102//102 121//121
f 1693//1693 1731//1731 1981//1981
f 3347//3347 3218//3218 3382//3382
f 254//254 234//234 174//174
f 2604//2604 2707//2707 2934//2934
f 385//385 423//423 418//418
f 427//427 410//410 423//423
f 137//137 236//236 166//166
f 2739//2739 2246//2246 2746//2746
f 344//344 321//321 236//236
f 231//231 236//236 151//151
f 137//137 151//151 236//236
f 3144//3144 3222//3222 3149//3149
f 121//121 77//77 67//67
f 44//44 67//67 77//77
f 1118//1118 1127//1127 1077//1077
f 106//106 174//174 49//49
f 234//234 49//49 174//174
f 3249//3249 3222//3222 3144//3144
f 1875//1875 1947//1947 1916//1916
f 3270//3270 3446//3446 3368//3368
f 231//231 313//313 385//385
f 3497//3497 3638//3638 3480//3480
f 137//137 166//166 121//121
f 3156//3156 3218//3218 3168//3168
f 3156//3156 3168//3168 3218//3218
f 51//51 40//40 49//49
f 51//51 49//49 40//40
f 3049//3049 2998//2998 2896//2896
f 277//277 288//288 214//214
f 277//277 214//214 188//188
f 102//102 112//112 151//151
f 251//251 151//151 112//112
f 148//148 245//245 112//112
f 148//148 112//112 245//245
f 64//64 43//43 112//112
f 1377//1377 1273//1273 1212//1212
f 1377//1377 1212//1212 1273//1273
f 245//245 112//112 43//43
f 3317//3317 3293//3293 3312//3312
f 256//256 228//228 333//333
f 2638//2638 1814//1814 3535//3535
f 868//868 901//901 866//866
f 86//86 51//51 222//222
f 256//256 86//86 159//159
f 256//256 159//159 228//228
f 2917//2917 2878//2878 2696//2696
f 222//222 297//297 170//170
f 423//423 313//313 411//411
f 251//251 256//256 411//411
f 345//345 294//294 275//275
f 345//345 275//275 406//406
f 256//256 406//406 225//225
f 51//51 191//191 105//105
f 51//51 170//170 263//263
f 191//191 225//225 275//275
f 406//406 275//275 225//225
f 441//441 311//311 325//325
f 44//44 40//40 49//49
f 49//49 51//51 214//214
f 3438//3438 3497//3497 3480//3480
f 172//172 142//142 175//175
f 102//102 107//107 66//66
f 67//67 102//102 66//66
f 1313//1313 1329//1329 1413//1413
f 40//40 107//107 172//172
f 139//139 172//172 107//107
f 245//245 251//251 410//410
f 251//251 418//418 410//410
f 1850//1850 1928//1928 1906//1906
f 263//263 326//326 278//278
f 3229//3229 3380//3380 3292//3292
f 2714//2714 2723//2723 2647//2647
f 51//51 263//263 278//278
f 1617//1617 1935//1935 3060//3060
f 40//40 43//43 47//47
f 40//40 47//47 43//43
f 51//51 47//47 191//191
f 2860//2860 2887//2887 3058//3058
f 43//43 40//40 172//172
f 245//245 427//427 256//256
f 2794//2794 2835//2835 2863//2863
f 2017//2017 1960//1960 2000//2000
f 245//245 410//410 427//427
f 385//385 418//418 313//313
f 2314//2314 2354//2354 2181//2181
f 251//251 313//313 418//418
f 106//106 49//49 277//277
f 251//251 313//313 231//231
f 277//277 49//49 234//234
f 67//67 102//102 137//137
f 1278//1278 1391//1391 1375//1375
f 1324//1324 1348//1348 1347//1347
f 102//102 151//151 137//137
f 67//67 64//64 102//102
f 245//245 256//256 251//251
f 256//256 43//43 47//47
f 51//51 188//188 222//222
f 318//318 277//277 288//288
f 318//318 288//288 277//277
f 188//188 326//326 297//297
f 86//86 170//170 105//105
f 159//159 197//197 228//228
f 427//427 423//423 411//411
f 256//256 427//427 411//411
f 385//385 313//313 423//423
f 415//415 452//452 426//426
f 254//254 174//174 106//106
f 345//345 333//333 294//294
f 345//345 294//294 333//333
f 3717//3717 3700//3700 3666//3666
f 159//159 86//86 105//105
f 297//297 326//326 263//263
f 134//134 107//107 102//102
f 3009//3009 3010//3010 3140//3140
f 139//139 148//148 142//142
f 1808//1808 1727//1727 1768//1768
f 1364//1364 1324//1324 1347//1347
f 44//44 76//76 83//83
f 44//44 83//83 66//66
f 2351//2351 2345//2345 2366//2366
f 2245//2245 2224//2224 2289//2289
f 44//44 83//83 76//76
f 57//57 184//184 84//84
f 142//142 148//148 134//134
f 2526//2526 2045//2045 2070//2070
f 3150//3150 3077//3077 3139//3139
f 44//44 67//67 83//83
f 67//67 66//66 83//83
f 2765//2765 2834//2834 2797//2797
f 148//148 139//139 134//134
f 64//64 76//76 83//83
f 191//191 175//175 225//225
f 191//191 175//175 275//275
f 523//523 453//453 553//553
f 1956//1956 1953//1953 1941//1941
f 3888//3888 3877//3877 3787//3787
f 3016//3016 3095//3095 2972//2972
f 3016//3016 2972//2972 3095//3095
f 509//509 1257//1257 1035//1035
f 2293//2293 1372//1372 1670//1670
f 563//563 685//685 1207//1207
f 563//563 548//548 685//685
f 2097//2097 2197//2197 2139//2139
f 1490//1490 1178//1178 568//568
f 539//539 1820//1820 568//568
f 14//14 154//154 11//11
f 14//14 11//11 154//154
f 487//487 154//154 280//280
f 487//487 280//280 490//490
f 2024//2024 2049//2049 1856//1856
f 1507//1507 1408//1408 1804//1804
f 2677//2677 2981//2981 2476//2476
f 2819//2819 2800//2800 2744//2744
f 2677//2677 2476//2476 1689//1689
f 3457//3457 3454//3454 3450//3450
f 1507//1507 1804//1804 2200//2200
f 2401//2401 2390//2390 2537//2537
f 1257//1257 1507//1507 2200//2200
f 1364//1364 1314//1314 1318//1318
f 1257//1257 2200//2200 2400//2400
f 204//204 116//116 108//108
f 1820//1820 2389//2389 2198//2198
f 2333//2333 2463//2463 2389//2389
f 1820//1820 2498//2498 2389//2389
f 33//33 117//117 126//126
f 2785//2785 2734//2734 2792//2792
f 326//326 965//965 777//777
f 326//326 777//777 596//596
f 326//326 596//596 500//500
f 351//351 455//455 432//432
f 1225//1225 1174//1174 1189//1189
f 1225//1225 1189//1189 1174//1174
f 326//326 500//500 351//351
f 280//280 328//328 373//373
f 280//280 426//426 1820//1820
f 1820//1820 426//426 452//452
f 4021//4021 4026//4026 4009//4009
f 927//927 452//452 500//500
f 1820//1820 452//452 927//927
f 3205//3205 2956//2956 3124//3124
f 1820//1820 927//927 2498//2498
f 3269//3269 2464//2464 1867//1867
f 2829//2829 2464//2464 3269//3269
f 415//415 394//394 439//439
f 3838//3838 2829//2829 3269//3269
f 1573//1573 2465//2465 2613//2613
f 1860//1860 3269//3269 1867//1867
f 3191//3191 3307//3307 3208//3208
f 1860//1860 2613//2613 3269//3269
f 759//759 842//842 991//991
f 756//756 1109//1109 842//842
f 759//759 991//991 801//801
f 1038//1038 801//801 991//991
f 2998//2998 2907//2907 2723//2723
f 1247//1247 801//801 1038//1038
f 1247//1247 1099//1099 1141//1141
f 1912//1912 1926//1926 1882//1882
f 1247//1247 1141//1141 1814//1814
f 1183//1183 1170//1170 1177//1177
f 2461//2461 1149//1149 1109//1109
f 1943//1943 1731//1731 1974//1974
f 756//756 427//427 1109//1109
f 294//294 403//403 552//552
f 759//759 552//552 403//403
f 552//552 1032//1032 615//615
f 1861//1861 893//893 1814//1814
f 294//294 552//552 558//558
f 294//294 558//558 171//171
f 2852//2852 2811//2811 2618//2618
f 558//558 144//144 171//171
f 558//558 252//252 144//144
f 278//278 558//558 326//326
f 326//326 995//995 1860//1860
f 1860//1860 995//995 1221//1221
f 1860//1860 1221//1221 1573//1573
f 3260//3260 3106//3106 3223//3223
f 1860//1860 1573//1573 2613//2613
f 3535//3535 1814//1814 3827//3827
f 1429//1429 1432//1432 1505//1505
f 3827//3827 3931//3931 3851//3851
f 3851//3851 3931//3931 3898//3898
f 1141//1141 2461//2461 1814//1814
f 2461//2461 3827//3827 1814//1814
f 2461//2461 3715//3715 3639//3639
f 2461//2461 3639//3639 3670//3670
f 2461//2461 3670//3670 3827//3827
f 2764//2764 2615//2615 2774//2774
f 1433//1433 3111//3111 3056//3056
f 1556//1556 1539//1539 1512//1512
f 3875//3875 3707//3707 3715//3715
f 2461//2461 3875//3875 3715//3715
f 487//487 1379//1379 11//11
f 11//11 1379//1379 2333//2333
f 11//11 2333//2333 571//571
f 8//8 11//11 571//571
f 1812//1812 1804//1804 9//9
f 1812//1812 9//9 11//11
f 1804//1804 1774//1774 12//12
f 2536//2536 2607//2607 2877//2877
f 1804//1804 12//12 9//9
f 481//481 9//9 548//548
f 1804//1804 9//9 2341//2341
f 481//481 509//509 264//264
f 481//481 15//15 9//9
f 1313//1313 1329//1329 1404//1404
f 509//509 329//329 316//316
f 454//454 368//368 329//329
f 1547//1547 2470//2470 2344//2344
f 3675//3675 3389//3389 3423//3423
f 371//371 311//311 441//441
f 2913//2913 2835//2835 2893//2893
f 2913//2913 2893//2893 2835//2835
f 371//371 472//472 374//374
f 3021//3021 3324//3324 2913//2913
f 418//418 374//374 472//472
f 554//554 478//478 566//566
f 2797//2797 2834//2834 2887//2887
f 931//931 980//980 771//771
f 931//931 771//771 611//611
f 414//414 552//552 606//606
f 611//611 771//771 590//590
f 616//616 553//553 570//570
f 2238//2238 2115//2115 2297//2297
f 931//931 1102//1102 980//980
f 931//931 1131//1131 1102//1102
f 3361//3361 3441//3441 3399//3399
f 1131//1131 1123//1123 1102//1102
f 1403//1403 1502//1502 1131//1131
f 2817//2817 2641//2641 2594//2594
f 2817//2817 2594//2594 2641//2641
f 1502//1502 1262//1262 1131//1131
f 1131//1131 1262//1262 1123//1123
f 1131//1131 1123//1123 1262//1262
f 1403//1403 1522//1522 1502//1502
f 1923//1923 1962//1962 1666//1666
f 1923//1923 2308//2308 1962//1962
f 1923//1923 2286//2286 2308//2308
f 2056//2056 2218//2218 2187//2187
f 2286//2286 2814//2814 2776//2776
f 2308//2308 2286//2286 2776//2776
f 2956//2956 2814//2814 3124//3124
f 3205//3205 3124//3124 3230//3230
f 2906//2906 2853//2853 2908//2908
f 417//417 347//347 394//394
f 417//417 352//352 347//347
f 417//417 511//511 352//352
f 2710//2710 1581//1581 1589//1589
f 1581//1581 1307//1307 1589//1589
f 1581//1581 1474//1474 1307//1307
f 509//509 1035//1035 329//329
f 2767//2767 1581//1581 2710//2710
f 329//329 1035//1035 454//454
f 1470//1470 1045//1045 1474//1474
f 2855//2855 2792//2792 2856//2856
f 1045//1045 780//780 1474//1474
f 1644//1644 1192//1192 1246//1246
f 686//686 780//780 1045//1045
f 3365//3365 3420//3420 3413//3413
f 3096//3096 2914//2914 2987//2987
f 2517//2517 2393//2393 2398//2398
f 1307//1307 780//780 1296//1296
f 1589//1589 1307//1307 1296//1296
f 1639//1639 1660//1660 1477//1477
f 1639//1639 1477//1477 1660//1660
f 3330//3330 3365//3365 3305//3305
f 3330//3330 3305//3305 3365//3365
f 2226//2226 2138//2138 2213//2213
f 454//454 1035//1035 1237//1237
f 454//454 605//605 456//456
f 3160//3160 3128//3128 3131//3131
f 417//417 456//456 605//605
f 686//686 521//521 340//340
f 1741//1741 2115//2115 1606//1606
f 378//378 340//340 521//521
f 285//285 318//318 378//378
f 254//254 271//271 174//174
f 1570//1570 1421//1421 1439//1439
f 453//453 538//538 462//462
f 1169//1169 1184//1184 1173//1173
f 523//523 538//538 453//453
f 523//523 553//553 616//616
f 271//271 448//448 431//431
f 166//166 150//150 77//77
f 1171//1171 765//765 616//616
f 3071//3071 2920//2920 2871//2871
f 1629//1629 1719//1719 1708//1708
f 523//523 616//616 765//765
f 523//523 765//765 538//538
f 2684//2684 2770//2770 2907//2907
f 431//431 448//448 453//453
f 1878//1878 1856//1856 1886//1886
f 1779//1779 1681//1681 1343//1343
f 3430//3430 3417//3417 3436//3436
f 1681//1681 1317//1317 1343//1343
f 1352//1352 1423//1423 1348//1348
f 448//448 521//521 570//570
f 378//378 521//521 448//448
f 2901//2901 2968//2968 2905//2905
f 271//271 378//378 448//448
f 311//311 241//241 325//325
f 115//115 174//174 271//271
f 3299//3299 3275//3275 3155//3155
f 241//241 115//115 271//271
f 566//566 472//472 441//441
f 3149//3149 3247//3247 3159//3159
f 2921//2921 2936//2936 3353//3353
f 371//371 441//441 472//472
f 2341//2341 532//532 573//573
f 3953//3953 3951//3951 3981//3981
f 1386//1386 1439//1439 1421//1421
f 3779//3779 3902//3902 3844//3844
f 3902//3902 3899//3899 3782//3782
f 3904//3904 3859//3859 3899//3899
f 2443//2443 2532//2532 2445//2445
f 1090//1090 1058//1058 1034//1034
f 3904//3904 3872//3872 3829//3829
f 3053//3053 2999//2999 2998//2998
f 3053//3053 2998//2998 2999//2999
f 492//492 520//520 622//622
f 3232//3232 3264//3264 3183//3183
f 3572//3572 3477//3477 3416//3416
f 4046//4046 4019//4019 4048//4048
f 3717//3717 3962//3962 3437//3437
f 2573//2573 2544//2544 3109//3109
f 2505//2505 2573//2573 3109//3109
f 4042//4042 3661//3661 3722//3722
f 3105//3105 3158//3158 3106//3106
f 2691//2691 1237//1237 2505//2505
f 2031//2031 1650//1650 1665//1665
f 2372//2372 2518//2518 2446//2446
f 1035//1035 2505//2505 1237//1237
f 1035//1035 1257//1257 2505//2505
f 2290//2290 2344//2344 2348//2348
f 1257//1257 2400//2400 2505//2505
f 2400//2400 2573//2573 2505//2505
f 2767//2767 1474//1474 1581//1581
f 1470//1470 1305//1305 1045//1045
f 1045//1045 1305//1305 1054//1054
f 686//686 1045//1045 1054//1054
f 686//686 662//662 570//570
f 1075//1075 1066//1066 1112//1112
f 2767//2767 3268//3268 2623//2623
f 1804//1804 2541//2541 2390//2390
f 2545//2545 2358//2358 2539//2539
f 2525//2525 2588//2588 2952//2952
f 3950//3950 3921//3921 3907//3907
f 1582//1582 1681//1681 2006//2006
f 3782//3782 3268//3268 3374//3374
f 2316//2316 2348//2348 2266//2266
f 264//264 329//329 316//316
f 3141//3141 2736//2736 2681//2681
f 2082//2082 1775//1775 2071//2071
f 1464//1464 2006//2006 1996//1996
f 1395//1395 1464//1464 1179//1179
f 1464//1464 1082//1082 1179//1179
f 765//765 1179//1179 1082//1082
f 1887//1887 2011//2011 2035//2035
f 2935//2935 2945//2945 3129//3129
f 441//441 241//241 462//462
f 462//462 241//241 453//453
f 2903//2903 3099//3099 3042//3042
f 927//927 500//500 596//596
f 2525//2525 1681//1681 1779//1779
f 2964//2964 3156//3156 3168//3168
f 2525//2525 1779//1779 2588//2588
f 2304//2304 2348//2348 2262//2262
f 3039//3039 2844//2844 2980//2980
f 1601//1601 2588//2588 1779//1779
f 1129//1129 1146//1146 1134//1134
f 2998//2998 2957//2957 2817//2817
f 1681//1681 1582//1582 1317//1317
f 2921//2921 2932//2932 2654//2654
f 1056//1056 1317//1317 1060//1060
f 1056//1056 1060//1060 1317//1317
f 1150//1150 1091//1091 1083//1083
f 1056//1056 1060//1060 662//662
f 553//553 448//448 570//570
f 1636//1636 1885//1885 1926//1926
f 3359//3359 3295//3295 3362//3362
f 1517//1517 1444//1444 1551//1551
f 1848//1848 1823//1823 1856//1856
f 392//392 386//386 427//427
f 1396//1396 1341//1341 1289//1289
f 2451//2451 2670//2670 2890//2890
f 538//538 574//574 441//441
f 318//318 277//277 285//285
f 352//352 511//511 340//340
f 3347//3347 3331//3331 3267//3267
f 780//780 511//511 605//605
f 3132//3132 2704//2704 2810//2810
f 1296//1296 605//605 1237//1237
f 1589//1589 1296//1296 1237//1237
f 1589//1589 1237//1237 2691//2691
f 2710//2710 1589//1589 2691//2691
f 217//217 204//204 289//289
f 1880//1880 1342//1342 1464//1464
f 1363//1363 1813//1813 1558//1558
f 3477//3477 3829//3829 3456//3456
f 3477//3477 3456//3456 3449//3449
f 2744//2744 2771//2771 2693//2693
f 3456//3456 3188//3188 3449//3449
f 1025//1025 1043//1043 1051//1051
f 3942//3942 3886//3886 3910//3910
f 1129//1129 1105//1105 1087//1087
f 2530//2530 2458//2458 2531//2531
f 2530//2530 2531//2531 2458//2458
f 1392//1392 1465//1465 1469//1469
f 1392//1392 1469//1469 1465//1465
f 3835//3835 3659//3659 3497//3497
f 3659//3659 3511//3511 3497//3497
f 3438//3438 3497//3497 3511//3511
f 3835//3835 3497//3497 3480//3480
f 2082//2082 2227//2227 2181//2181
f 3497//3497 3443//3443 3480//3480
f 3438//3438 3178//3178 3443//3443
f 3230//3230 3178//3178 3438//3438
f 3899//3899 3572//3572 3782//3782
f 1666//1666 1403//1403 1798//1798
f 3379//3379 3346//3346 3264//3264
f 3355//3355 3256//3256 2498//2498
f 3477//3477 3449//3449 3141//3141
f 2767//2767 3374//3374 3268//3268
f 3191//3191 3132//3132 3292//3292
f 3456//3456 3464//3464 3188//3188
f 3829//3829 3861//3861 3464//3464
f 1787//1787 1796//1796 1659//1659
f 1124//1124 1127//1127 1132//1132
f 1027//1027 1130//1130 1086//1086
f 344//344 321//321 333//333
f 3888//3888 3861//3861 3872//3872
f 2333//2333 2302//2302 2401//2401
f 3188//3188 2773//2773 2739//2739
f 3465//3465 3453//3453 3462//3462
f 2773//2773 3188//3188 3025//3025
f 3025//3025 3464//3464 3391//3391
f 1443//1443 1486//1486 1453//1453
f 3478//3478 4037//4037 2643//2643
f 3888//3888 3787//3787 3861//3861
f 2219//2219 3016//3016 1524//1524
f 3141//3141 2746//2746 2736//2736
f 1880//1880 1464//1464 1996//1996
f 2247//2247 2187//2187 2261//2261
f 1215//1215 1082//1082 1342//1342
f 1717//1717 2832//2832 2643//2643
f 1215//1215 736//736 1082//1082
f 574//574 736//736 560//560
f 765//765 736//736 574//574
f 385//385 423//423 364//364
f 1464//1464 1342//1342 1082//1082
f 2624//2624 430//430 4036//4036
f 2006//2006 2736//2736 2746//2746
f 1880//1880 2246//2246 2258//2258
f 1880//1880 2258//2258 1865//1865
f 1957//1957 1869//1869 1897//1897
f 1865//1865 1798//1798 1215//1215
f 870//870 550//550 423//423
f 1365//1365 1728//1728 1725//1725
f 865//865 811//811 804//804
f 865//865 804//804 811//811
f 11//11 520//520 2333//2333
f 3196//3196 3187//3187 3061//3061
f 2053//2053 2004//2004 1981//1981
f 3443//3443 3391//3391 3490//3490
f 3443//3443 3787//3787 3480//3480
f 11//11 492//492 24//24
f 1908//1908 2258//2258 2538//2538
f 2538//2538 2258//2258 2773//2773
f 3400//3400 3362//3362 3429//3429
f 3400//3400 3429//3429 3362//3362
f 3025//3025 2538//2538 2773//2773
f 3391//3391 3443//3443 3178//3178
f 3243//3243 3249//3249 3247//3247
f 3877//3877 3835//3835 3480//3480
f 2139//2139 2127//2127 2097//2097
f 3918//3918 3835//3835 3877//3877
f 995//995 615//615 1221//1221
f 3859//3859 3829//3829 3572//3572
f 3829//3829 3477//3477 3572//3572
f 2923//2923 3142//3142 2950//2950
f 3844//3844 3902//3902 3782//3782
f 1995//1995 2055//2055 2041//2041
f 3572//3572 3412//3412 3782//3782
f 3416//3416 3477//3477 3141//3141
f 1968//1968 1906//1906 1928//1928
f 3188//3188 2739//2739 2746//2746
f 2214//2214 2197//2197 2277//2277
f 1618//1618 1625//1625 1504//1504
f 1618//1618 1504//1504 1625//1625
f 1880//1880 1996//1996 2246//2246
f 2117//2117 2102//2102 2034//2034
f 1865//1865 1215//1215 1342//1342
f 1489//1489 1504//1504 1439//1439
f 560//560 598//598 611//611
f 1119//1119 1100//1100 1448//1448
f 1403//1403 1448//1448 1798//1798
f 1666//1666 1798//1798 1908//1908
f 1666//1666 1908//1908 1923//1923
f 1923//1923 1908//1908 2538//2538
f 2286//2286 1923//1923 2538//2538
f 850//850 471//471 1047//1047
f 2286//2286 2538//2538 2676//2676
f 2676//2676 2538//2538 3178//3178
f 3285//3285 3212//3212 3348//3348
f 2286//2286 2676//2676 2814//2814
f 1131//1131 1119//1119 1403//1403
f 3249//3249 3149//3149 3275//3275
f 1141//1141 1717//1717 1149//1149
f 1174//1174 1189//1189 1192//1192
f 418//418 472//472 478//478
f 736//736 611//611 598//598
f 736//736 1215//1215 611//611
f 2617//2617 2590//2590 2585//2585
f 1215//1215 1100//1100 611//611
f 1798//1798 1448//1448 1215//1215
f 2376//2376 2821//2821 2990//2990
f 1671//1671 1690//1690 2821//2821
f 3838//3838 3675//3675 3458//3458
f 2975//2975 3024//3024 3065//3065
f 3782//3782 3374//3374 3463//3463
f 3187//3187 3120//3120 3206//3206
f 3187//3187 3206//3206 3120//3120
f 3782//3782 3463//3463 3779//3779
f 3844//3844 3782//3782 3779//3779
f 3152//3152 3252//3252 3134//3134
f 2369//2369 2345//2345 2351//2351
f 2268//2268 2326//2326 2237//2237
f 3838//3838 3886//3886 3675//3675
f 3423//3423 3126//3126 3003//3003
f 3423//3423 3389//3389 3126//3126
f 3109//3109 3126//3126 3389//3389
f 3838//3838 3458//3458 3256//3256
f 3458//3458 3423//3423 3256//3256
f 3458//3458 3256//3256 3423//3423
f 1131//1131 899//899 980//980
f 3178//3178 3230//3230 2814//2814
f 3178//3178 2814//2814 2676//2676
f 1458//1458 1499//1499 1483//1483
f 2878//2878 2848//2848 2589//2589
f 566//566 441//441 560//560
f 2531//2531 2458//2458 2810//2810
f 441//441 574//574 560//560
f 2254//2254 2312//2312 2359//2359
f 1616//1616 1442//1442 1611//1611
f 1171//1171 1179//1179 765//765
f 1171//1171 1395//1395 1179//1179
f 1902//1902 1877//1877 2131//2131
f 1902//1902 2131//2131 1877//1877
f 2651//2651 2531//2531 2639//2639
f 2952//2952 2681//2681 2525//2525
f 3268//3268 3412//3412 2952//2952
f 2326//2326 2442//2442 2475//2475
f 3389//3389 3779//3779 3463//3463
f 2301//2301 2150//2150 2203//2203
f 2389//2389 3256//3256 2763//2763
f 2333//2333 2389//2389 2763//2763
f 2541//2541 2683//2683 2680//2680
f 2333//2333 2763//2763 571//571
f 571//571 2763//2763 2683//2683
f 2390//2390 2541//2541 2680//2680
f 2390//2390 2680//2680 2644//2644
f 2537//2537 2644//2644 2680//2680
f 2537//2537 2680//2680 2544//2544
f 1220//1220 1206//1206 1177//1177
f 2014//2014 2010//2010 1873//1873
f 2505//2505 3109//3109 2691//2691
f 2691//2691 3109//3109 3012//3012
f 2710//2710 2691//2691 3012//3012
f 2434//2434 3122//3122 2455//2455
f 3003//3003 2544//2544 2680//2680
f 2537//2537 2341//2341 2644//2644
f 2390//2390 2644//2644 2341//2341
f 1343//1343 1056//1056 1054//1054
f 1343//1343 1054//1054 1056//1056
f 1343//1343 1054//1054 1305//1305
f 1779//1779 1305//1305 1601//1601
f 1601//1601 1474//1474 2623//2623
f 2767//2767 2623//2623 1474//1474
f 1805//1805 1626//1626 1817//1817
f 2193//2193 2087//2087 2077//2077
f 3109//3109 3003//3003 3126//3126
f 3003//3003 2763//2763 3256//3256
f 1116//1116 1130//1130 1149//1149
f 1116//1116 1149//1149 1130//1130
f 2389//2389 2498//2498 3256//3256
f 2537//2537 1804//1804 2341//2341
f 2390//2390 1485//1485 1774//1774
f 3162//3162 3085//3085 3100//3100
f 1804//1804 2390//2390 1774//1774
f 1812//1812 2541//2541 1804//1804
f 1812//1812 1635//1635 2541//2541
f 8//8 2683//2683 571//571
f 8//8 571//571 2683//2683
f 128//128 120//120 126//126
f 3877//3877 3876//3876 3938//3938
f 3877//3877 3938//3938 3882//3882
f 440//440 495//495 407//407
f 2364//2364 2580//2580 1722//1722
f 2500//2500 2300//2300 2074//2074
f 3866//3866 3714//3714 3859//3859
f 573//573 507//507 529//529
f 1439//1439 1382//1382 1519//1519
f 1349//1349 1373//1373 1254//1254
f 618//618 529//529 625//625
f 2403//2403 2210//2210 2414//2414
f 625//625 528//528 506//506
f 2704//2704 2345//2345 2810//2810
f 507//507 506//506 528//528
f 2240//2240 2216//2216 2091//2091
f 1868//1868 1841//1841 1840//1840
f 1868//1868 1840//1840 1841//1841
f 1278//1278 983//983 989//989
f 1278//1278 989//989 1372//1372
f 1278//1278 1372//1372 1631//1631
f 3207//3207 3320//3320 3279//3279
f 2021//2021 2096//2096 2111//2111
f 989//989 1670//1670 1372//1372
f 2293//2293 1631//1631 1372//1372
f 2573//2573 2400//2400 2374//2374
f 2573//2573 2374//2374 2378//2378
f 2333//2333 2360//2360 2294//2294
f 2333//2333 2294//2294 1308//1308
f 11//11 1308//1308 515//515
f 547//547 1308//1308 1229//1229
f 515//515 1308//1308 547//547
f 154//154 515//515 309//309
f 11//11 515//515 154//154
f 547//547 1229//1229 540//540
f 1375//1375 1391//1391 2371//2371
f 2361//2361 1391//1391 2294//2294
f 2361//2361 2371//2371 1391//1391
f 433//433 513//513 324//324
f 1854//1854 2055//2055 1904//1904
f 1854//1854 1904//1904 2055//2055
f 433//433 324//324 394//394
f 1431//1431 1423//1423 1352//1352
f 1196//1196 811//811 1756//1756
f 456//456 439//439 518//518
f 347//347 334//334 394//394
f 2371//2371 1064//1064 479//479
f 2371//2371 2993//2993 2166//2166
f 2604//2604 2433//2433 2603//2603
f 452//452 2371//2371 479//479
f 452//452 426//426 2371//2371
f 309//309 508//508 540//540
f 1615//1615 1551//1551 1574//1574
f 351//351 309//309 383//383
f 452//452 479//479 436//436
f 326//326 479//479 501//501
f 326//326 501//501 578//578
f 2524//2524 2543//2543 2519//2519
f 2425//2425 1098//1098 1612//1612
f 1423//1423 1744//1744 1701//1701
f 3476//3476 3607//3607 3839//3839
f 3476//3476 3839//3839 3157//3157
f 3006//3006 2858//2858 2468//2468
f 326//326 2425//2425 1210//1210
f 326//326 1210//1210 584//584
f 2615//2615 2543//2543 2524//2524
f 3050//3050 2968//2968 3229//3229
f 278//278 459//459 209//209
f 159//159 105//105 209//209
f 414//414 459//459 499//499
f 583//583 499//499 459//459
f 699//699 950//950 1193//1193
f 159//159 209//209 459//459
f 159//159 459//459 197//197
f 294//294 197//197 414//414
f 850//850 403//403 414//414
f 11//11 520//520 492//492
f 403//403 357//357 414//414
f 775//775 842//842 427//427
f 1411//1411 1406//1406 1596//1596
f 427//427 1109//1109 1091//1091
f 1141//1141 1113//1113 1717//1717
f 1081//1081 1717//1717 1113//1113
f 2960//2960 3308//3308 3089//3089
f 1081//1081 1113//1113 1047//1047
f 1081//1081 1047//1047 471//471
f 427//427 842//842 1109//1109
f 3031//3031 3881//3881 3469//3469
f 850//850 991//991 842//842
f 775//775 427//427 403//403
f 850//850 775//775 403//403
f 2425//2425 2467//2467 3157//3157
f 3908//3908 3945//3945 2689//2689
f 3588//3588 708//708 747//747
f 950//950 1249//1249 1193//1193
f 1193//1193 1249//1249 1936//1936
f 2343//2343 2260//2260 3206//3206
f 1915//1915 1936//1936 1249//1249
f 2689//2689 1936//1936 1915//1915
f 1795//1795 1837//1837 1639//1639
f 2689//2689 1915//1915 2666//2666
f 3945//3945 3921//3921 3985//3985
f 3958//3958 3992//3992 4010//4010
f 279//279 200//200 224//224
f 3958//3958 4010//4010 3478//3478
f 3958//3958 3478//3478 3890//3890
f 3890//3890 3707//3707 3468//3468
f 3631//3631 3468//3468 3707//3707
f 1149//1149 1717//1717 1091//1091
f 2554//2554 2501//2501 2561//2561
f 2832//2832 3478//3478 2643//2643
f 2021//2021 1972//1972 1987//1987
f 2021//2021 1987//1987 1972//1972
f 2428//2428 2147//2147 2606//2606
f 2934//2934 2883//2883 2897//2897
f 2731//2731 2428//2428 2606//2606
f 2814//2814 2731//2731 2776//2776
f 1832//1832 2147//2147 1817//1817
f 1937//1937 2211//2211 2147//2147
f 1522//1522 1457//1457 1262//1262
f 1131//1131 980//980 1123//1123
f 922//922 536//536 899//899
f 536//536 586//586 899//899
f 1567//1567 635//635 1195//1195
f 478//478 536//536 440//440
f 418//418 478//478 440//440
f 344//344 407//407 321//321
f 210//210 238//238 197//197
f 344//344 440//440 407//407
f 1092//1092 1612//1612 1098//1098
f 166//166 213//213 150//150
f 106//106 150//150 174//174
f 352//352 340//340 461//461
f 340//340 444//444 461//461
f 518//518 334//334 457//457
f 352//352 461//461 457//457
f 2812//2812 3018//3018 2692//2692
f 264//264 316//316 506//506
f 15//15 16//16 25//25
f 9//9 16//16 15//15
f 9//9 15//15 16//16
f 12//12 215//215 494//494
f 12//12 15//15 215//215
f 15//15 219//219 215//215
f 15//15 25//25 219//219
f 152//152 219//219 25//25
f 12//12 494//494 9//9
f 12//12 9//9 494//494
f 12//12 573//573 561//561
f 12//12 561//561 9//9
f 9//9 561//561 573//573
f 12//12 9//9 573//573
f 12//12 573//573 532//532
f 2127//2127 2139//2139 2160//2160
f 12//12 532//532 9//9
f 1385//1385 1250//1250 1206//1206
f 1385//1385 1206//1206 1250//1250
f 12//12 494//494 522//522
f 12//12 522//522 494//494
f 12//12 522//522 9//9
f 9//9 522//522 520//520
f 11//11 9//9 520//520
f 8//8 533//533 11//11
f 11//11 533//533 492//492
f 8//8 533//533 520//520
f 8//8 520//520 533//533
f 4048//4048 4051//4051 4049//4049
f 8//8 520//520 20//20
f 4000//4000 4037//4037 4010//4010
f 2541//2541 533//533 520//520
f 2541//2541 520//520 533//533
f 2333//2333 2541//2541 622//622
f 2333//2333 622//622 2541//2541
f 2302//2302 2541//2541 1065//1065
f 2302//2302 520//520 2341//2341
f 2341//2341 520//520 522//522
f 2537//2537 2341//2341 532//532
f 431//431 354//354 462//462
f 1082//1082 1179//1179 653//653
f 2537//2537 573//573 2259//2259
f 2333//2333 520//520 2541//2541
f 2333//2333 2541//2541 520//520
f 11//11 2333//2333 1308//1308
f 533//533 520//520 1065//1065
f 533//533 1065//1065 520//520
f 1848//1848 1878//1878 2002//2002
f 494//494 776//776 522//522
f 685//685 494//494 522//522
f 685//685 522//522 494//494
f 2692//2692 2702//2702 2765//2765
f 520//520 24//24 622//622
f 11//11 20//20 520//520
f 2617//2617 2420//2420 2584//2584
f 573//573 529//529 609//609
f 2960//2960 3089//3089 2934//2934
f 573//573 609//609 983//983
f 2785//2785 2702//2702 2703//2703
f 573//573 983//983 494//494
f 573//573 2188//2188 2259//2259
f 1707//1707 2076//2076 2088//2088
f 983//983 1278//1278 1631//1631
f 2537//2537 983//983 1631//1631
f 2364//2364 1736//1736 2379//2379
f 2675//2675 2677//2677 1689//1689
f 2058//2058 2169//2169 2637//2637
f 2058//2058 1805//1805 2169//2169
f 1630//1630 1817//1817 1457//1457
f 618//618 625//625 1670//1670
f 1445//1445 1363//1363 1358//1358
f 618//618 1670//1670 989//989
f 609//609 618//618 989//989
f 609//609 989//989 983//983
f 3358//3358 3340//3340 3315//3315
f 433//433 505//505 513//513
f 513//513 505//505 1002//1002
f 513//513 1002//1002 2476//2476
f 2476//2476 1002//1002 1689//1689
f 1307//1307 1296//1296 1006//1006
f 1307//1307 1006//1006 1007//1007
f 518//518 1007//1007 505//505
f 456//456 518//518 505//505
f 1722//1722 1470//1470 1736//1736
f 110//110 190//190 196//196
f 521//521 607//607 683//683
f 521//521 683//683 461//461
f 1231//1231 1250//1250 1206//1206
f 1045//1045 683//683 1054//1054
f 2675//2675 1699//1699 1722//1722
f 2675//2675 1689//1689 1699//1699
f 1296//1296 1699//1699 1689//1689
f 1296//1296 1002//1002 1006//1006
f 3932//3932 3931//3931 3977//3977
f 505//505 1006//1006 1002//1002
f 264//264 219//219 152//152
f 219//219 507//507 215//215
f 494//494 215//215 507//507
f 494//494 983//983 2188//2188
f 2716//2716 2938//2938 2742//2742
f 3343//3343 3251//3251 3367//3367
f 2963//2963 3129//3129 3143//3143
f 1470//1470 1007//1007 1045//1045
f 1307//1307 1470//1470 1722//1722
f 3347//3347 3427//3427 3382//3382
f 128//128 240//240 120//120
f 1179//1179 643//643 653//653
f 1082//1082 1460//1460 1342//1342
f 1082//1082 939//939 1460//1460
f 1100//1100 1460//1460 939//939
f 1100//1100 939//939 922//922
f 1131//1131 1457//1457 1005//1005
f 1457//1457 1226//1226 1005//1005
f 1082//1082 653//653 939//939
f 899//899 1005//1005 922//922
f 431//431 462//462 523//523
f 1930//1930 1982//1982 1935//1935
f 462//462 407//407 495//495
f 271//271 354//354 150//150
f 325//325 407//407 354//354
f 311//311 321//321 407//407
f 344//344 325//325 213//213
f 271//271 150//150 213//213
f 462//462 354//354 407//407
f 431//431 150//150 354//354
f 328//328 329//329 264//264
f 2563//2563 2642//2642 2625//2625
f 440//440 536//536 495//495
f 1367//1367 1512//1512 1539//1539
f 418//418 440//440 364//364
f 3919//3919 3953//3953 3957//3957
f 2780//2780 2812//2812 2925//2925
f 2594//2594 2383//2383 2365//2365
f 1694//1694 1588//1588 1864//1864
f 3899//3899 3919//3919 3866//3866
f 3899//3899 3870//3870 3904//3904
f 3872//3872 3925//3925 3904//3904
f 2069//2069 2430//2430 2321//2321
f 1762//1762 2058//2058 2057//2057
f 2680//2680 2549//2549 2823//2823
f 2157//2157 2262//2262 2191//2191
f 2537//2537 2549//2549 2680//2680
f 2573//2573 2549//2549 2400//2400
f 2573//2573 2981//2981 2549//2549
f 2734//2734 2703//2703 2708//2708
f 3012//3012 2981//2981 2677//2677
f 1413//1413 1404//1404 1370//1370
f 2076//2076 1634//1634 2088//2088
f 3126//3126 3180//3180 2823//2823
f 3365//3365 3275//3275 3322//3322
f 1353//1353 1384//1384 1444//1444
f 2580//2580 3114//3114 2626//2626
f 3338//3338 2675//2675 2626//2626
f 1199//1199 1204//1204 1277//1277
f 574//574 495//495 598//598
f 553//553 523//523 643//643
f 2523//2523 2553//2553 2500//2500
f 392//392 386//386 418//418
f 1386//1386 1382//1382 1331//1331
f 3872//3872 3882//3882 3925//3925
f 1060//1060 607//607 626//626
f 1056//1056 607//607 1060//1060
f 2048//2048 2536//2536 1771//1771
f 2219//2219 2307//2307 3016//3016
f 2736//2736 3020//3020 3179//3179
f 2842//2842 2798//2798 2786//2786
f 4021//4021 4026//4026 4025//4025
f 3012//3012 2677//2677 2675//2675
f 2761//2761 2506//2506 2221//2221
f 3997//3997 3991//3991 4019//4019
f 3957//3957 3981//3981 3968//3968
f 2284//2284 2351//2351 2207//2207
f 3957//3957 3953//3953 3981//3981
f 1170//1170 1177//1177 1173//1173
f 4009//4009 4025//4025 4004//4004
f 4009//4009 3997//3997 4025//4025
f 3997//3997 4023//4023 4025//4025
f 4046//4046 4018//4018 4042//4042
f 2524//2524 2454//2454 2506//2506
f 3951//3951 3953//3953 3925//3925
f 283//283 311//311 239//239
f 3077//3077 3002//3002 2765//2765
f 3951//3951 3938//3938 3961//3961
f 2846//2846 2608//2608 2847//2847
f 3899//3899 3866//3866 3859//3859
f 3888//3888 3882//3882 3872//3872
f 3877//3877 3882//3882 3861//3861
f 3925//3925 3882//3882 3951//3951
f 2615//2615 2752//2752 2550//2550
f 2917//2917 2878//2878 2848//2848
f 2860//2860 3058//3058 2887//2887
f 3866//3866 3919//3919 3910//3910
f 1361//1361 1291//1291 1295//1295
f 1361//1361 1295//1295 1291//1291
f 3844//3844 3866//3866 3910//3910
f 4014//4014 4004//4004 4025//4025
f 2330//2330 2359//2359 2292//2292
f 4019//4019 4048//4048 4023//4023
f 4019//4019 3991//3991 4007//4007
f 3999//3999 4018//4018 4007//4007
f 2846//2846 3071//3071 2847//2847
f 2846//2846 2847//2847 3071//3071
f 273//273 279//279 218//218
f 4019//4019 4007//4007 4023//4023
f 3348//3348 3356//3356 3343//3343
f 3960//3960 3936//3936 3962//3962
f 3960//3960 3930//3930 3936//3936
f 3960//3960 3974//3974 3930//3930
f 733//733 3578//3578 695//695
f 3876//3876 3930//3930 3938//3938
f 3880//3880 3930//3930 3876//3876
f 3287//3287 3165//3165 3203//3203
f 3880//3880 3936//3936 3930//3930
f 2608//2608 2602//2602 2641//2641
f 3880//3880 3816//3816 3864//3864
f 3880//3880 3876//3876 3816//3816
f 1174//1174 1192//1192 1244//1244
f 1174//1174 1244//1244 1192//1192
f 3497//3497 3816//3816 3638//3638
f 3020//3020 2877//2877 3118//3118
f 2746//2746 2536//2536 2877//2877
f 2057//2057 2607//2607 2048//2048
f 2057//2057 2048//2048 1757//1757
f 1317//1317 1762//1762 1757//1757
f 2668//2668 2640//2640 2700//2700
f 2037//2037 1897//1897 2010//2010
f 1317//1317 1395//1395 1762//1762
f 1060//1060 1395//1395 1317//1317
f 1171//1171 1060//1060 626//626
f 1395//1395 1179//1179 1464//1464
f 1395//1395 1464//1464 1762//1762
f 1204//1204 1194//1194 1253//1253
f 3288//3288 3118//3118 2971//2971
f 3456//3456 3118//3118 3464//3464
f 2705//2705 2481//2481 2289//2289
f 1796//1796 1990//1990 1659//1659
f 2877//2877 2971//2971 3118//3118
f 2739//2739 2877//2877 2607//2607
f 1182//1182 1235//1235 1202//1202
f 2731//2731 2773//2773 2637//2637
f 1082//1082 1342//1342 1440//1440
f 1342//1342 1760//1760 1440//1440
f 2637//2637 2619//2619 2058//2058
f 2773//2773 2619//2619 2637//2637
f 2773//2773 3040//3040 2619//2619
f 3040//3040 3288//3288 2971//2971
f 1367//1367 1458//1458 1385//1385
f 1547//1547 2266//2266 2332//2332
f 3391//3391 3516//3516 3288//3288
f 3490//3490 3288//3288 3516//3516
f 1444//1444 1295//1295 1353//1353
f 3097//3097 3095//3095 3259//3259
f 2739//2739 2619//2619 2971//2971
f 2714//2714 2647//2647 2451//2451
f 2058//2058 1762//1762 1760//1760
f 2148//2148 2191//2191 2255//2255
f 1464//1464 1760//1760 1762//1762
f 2055//2055 1904//1904 1971//1971
f 1082//1082 1440//1440 1179//1179
f 3859//3859 3714//3714 3870//3870
f 3870//3870 3714//3714 3708//3708
f 3872//3872 3870//3870 3708//3708
f 2304//2304 2348//2348 2255//2255
f 3872//3872 3708//3708 3882//3882
f 1273//1273 1254//1254 1184//1184
f 2494//2494 2296//2296 2385//2385
f 3861//3861 3882//3882 3708//3708
f 4025//4025 4028//4028 4014//4014
f 3877//3877 3842//3842 3516//3516
f 3876//3876 3516//3516 3638//3638
f 1405//1405 1615//1615 1353//1353
f 3659//3659 3497//3497 3486//3486
f 2814//2814 3246//3246 3125//3125
f 1118//1118 1125//1125 1122//1122
f 1448//1448 1226//1226 1457//1457
f 1448//1448 1457//1457 1626//1626
f 2050//2050 2043//2043 2037//2037
f 2050//2050 2037//2037 2043//2043
f 1817//1817 1626//1626 1457//1457
f 1805//1805 1817//1817 1908//1908
f 2061//2061 2147//2147 2428//2428
f 2979//2979 2731//2731 2814//2814
f 1042//1042 1030//1030 1069//1069
f 3681//3681 3716//3716 3703//3703
f 1100//1100 1226//1226 1460//1460
f 1448//1448 1626//1626 1460//1460
f 1380//1380 1273//1273 1328//1328
f 3229//3229 3223//3223 3132//3132
f 1908//1908 2169//2169 1805//1805
f 3290//3290 2863//2863 3039//3039
f 2428//2428 2637//2637 2169//2169
f 170//170 209//209 105//105
f 170//170 105//105 209//209
f 2979//2979 3040//3040 2731//2731
f 3999//3999 4019//4019 4046//4046
f 3349//3349 3391//3391 3040//3040
f 2015//2015 1945//1945 2054//2054
f 3349//3349 3516//3516 3391//3391
f 2444//2444 2484//2484 2452//2452
f 1863//1863 2100//2100 2111//2111
f 3456//3456 3449//3449 3020//3020
f 3992//3992 3971//3971 4000//4000
f 2509//2509 2926//2926 2934//2934
f 1947//1947 1946//1946 1957//1957
f 1378//1378 1270//1270 1288//1288
f 574//574 922//922 939//939
f 574//574 598//598 922//922
f 1707//1707 1697//1697 2076//2076
f 4024//4024 4037//4037 3995//3995
f 3995//3995 4037//4037 4000//4000
f 3221//3221 3370//3370 3383//3383
f 1243//1243 1172//1172 1182//1182
f 1548//1548 1529//1529 1547//1547
f 2647//2647 2594//2594 2709//2709
f 4028//4028 4048//4048 4051//4051
f 2959//2959 2953//2953 2984//2984
f 4025//4025 4026//4026 4048//4048
f 334//334 351//351 352//352
f 2661//2661 2636//2636 2672//2672
f 4046//4046 4048//4048 4019//4019
f 4018//4018 4046//4046 4019//4019
f 1878//1878 2024//2024 2002//2002
f 366//366 357//357 427//427
f 1409//1409 3134//3134 3161//3161
f 3995//3995 3950//3950 3956//3956
f 3942//3942 3968//3968 3987//3987
f 3956//3956 3926//3926 3942//3942
f 3956//3956 3942//3942 3987//3987
f 4024//4024 3995//3995 4028//4028
f 4014//4014 4028//4028 3995//3995
f 3915//3915 3926//3926 3950//3950
f 3961//3961 3938//3938 3986//3986
f 3951//3951 3882//3882 3938//3938
f 3953//3953 3904//3904 3925//3925
f 2765//2765 2702//2702 2692//2692
f 1433//1433 1425//1425 2044//2044
f 3910//3910 3919//3919 3957//3957
f 1378//1378 1303//1303 1270//1270
f 8//8 20//20 11//11
f 3942//3942 3957//3957 3968//3968
f 3664//3664 3844//3844 3910//3910
f 2806//2806 2774//2774 2813//2813
f 3664//3664 3584//3584 3844//3844
f 3915//3915 3874//3874 3926//3926
f 3838//3838 3886//3886 3874//3874
f 3915//3915 3839//3839 3874//3874
f 3915//3915 3950//3950 3839//3839
f 3839//3839 3950//3950 3907//3907
f 3710//3710 3886//3886 3838//3838
f 2958//2958 2814//2814 2776//2776
f 3411//3411 3291//3291 3450//3450
f 2640//2640 2539//2539 2808//2808
f 3421//3421 3125//3125 3246//3246
f 3421//3421 3438//3438 3125//3125
f 3349//3349 3125//3125 3438//3438
f 2266//2266 2148//2148 2255//2255
f 3349//3349 3480//3480 3516//3516
f 1777//1777 1847//1847 1854//1854
f 3490//3490 3512//3512 3464//3464
f 3363//3363 3413//3413 3342//3342
f 3363//3363 3342//3342 3413//3413
f 3512//3512 3449//3449 3456//3456
f 1475//1475 1458//1458 1483//1483
f 2817//2817 2732//2732 2594//2594
f 3500//3500 3338//3338 3412//3412
f 382//382 401//401 427//427
f 382//382 427//427 401//401
f 2651//2651 2437//2437 2531//2531
f 3613//3613 3838//3838 3874//3874
f 3613//3613 3501//3501 3838//3838
f 3710//3710 3838//3838 3501//3501
f 1748//1748 1843//1843 1796//1796
f 3421//3421 3486//3486 3438//3438
f 3438//3438 3486//3486 3497//3497
f 3984//3984 3962//3962 3936//3936
f 200//200 224//224 130//130
f 3490//3490 3516//3516 3842//3842
f 3490//3490 3842//3842 3512//3512
f 3465//3465 3462//3462 3452//3452
f 3716//3716 3704//3704 3729//3729
f 3032//3032 3047//3047 3055//3055
f 3584//3584 3500//3500 3714//3714
f 2277//2277 2233//2233 2197//2197
f 1320//1320 1259//1259 1286//1286
f 1918//1918 2013//2013 2064//2064
f 3987//3987 3968//3968 3981//3981
f 2232//2232 2382//2382 2359//2359
f 4004//4004 3981//3981 3951//3951
f 3997//3997 4004//4004 3951//3951
f 3997//3997 3986//3986 3991//3991
f 2157//2157 2148//2148 2191//2191
f 4007//4007 3974//3974 3999//3999
f 2964//2964 2965//2965 2989//2989
f 3613//3613 3451//3451 3458//3458
f 1517//1517 1531//1531 1551//1551
f 3613//3613 3874//3874 3451//3451
f 3501//3501 3491//3491 3710//3710
f 3501//3501 3389//3389 3491//3491
f 3303//3303 3389//3389 2981//2981
f 3303//3303 2981//2981 3012//3012
f 3416//3416 3412//3412 3114//3114
f 1343//1343 1771//1771 1054//1054
f 1056//1056 1054//1054 683//683
f 1836//1836 2043//2043 1851//1851
f 1145//1145 1182//1182 1151//1151
f 3024//3024 3035//3035 3065//3065
f 3024//3024 3065//3065 3035//3035
f 2961//2961 2912//2912 2756//2756
f 3215//3215 3290//3290 3267//3267
f 463//463 444//444 285//285
f 1602//1602 1665//1665 1650//1650
f 1602//1602 1650//1650 1665//1665
f 463//463 285//285 234//234
f 2273//2273 2342//2342 2353//2353
f 2051//2051 2501//2501 2046//2046
f 3423//3423 3180//3180 3126//3126
f 3203//3203 3213//3213 3217//3217
f 2942//2942 3423//3423 3256//3256
f 2942//2942 3180//3180 3423//3423
f 3501//3501 3423//3423 3389//3389
f 3423//3423 3126//3126 3389//3389
f 3389//3389 3126//3126 2981//2981
f 2476//2476 2981//2981 2573//2573
f 625//625 506//506 2476//2476
f 1407//1407 1537//1537 1686//1686
f 506//506 513//513 2476//2476
f 506//506 324//324 513//513
f 2942//2942 2823//2823 3180//3180
f 804//804 1687//1687 1414//1414
f 211//211 206//206 111//111
f 2827//2827 2683//2683 2942//2942
f 2942//2942 2683//2683 2823//2823
f 2683//2683 2680//2680 2823//2823
f 169//169 238//238 294//294
f 2537//2537 2680//2680 2683//2683
f 2537//2537 2683//2683 2541//2541
f 2827//2827 2541//2541 2683//2683
f 2633//2633 2541//2541 2827//2827
f 2827//2827 3488//3488 2993//2993
f 3451//3451 3488//3488 2827//2827
f 2302//2302 2341//2341 2537//2537
f 2302//2302 2537//2537 2541//2541
f 2566//2566 2545//2545 2539//2539
f 2633//2633 520//520 2541//2541
f 2633//2633 2333//2333 520//520
f 3491//3491 3664//3664 3710//3710
f 2047//2047 2162//2162 2340//2340
f 3114//3114 3179//3179 3416//3416
f 2698//2698 2736//2736 3179//3179
f 2698//2698 2379//2379 2736//2736
f 889//889 1136//1136 1123//1123
f 1771//1771 1343//1343 1757//1757
f 1972//1972 2034//2034 2131//2131
f 1317//1317 1757//1757 1343//1343
f 463//463 448//448 523//523
f 463//463 234//234 448//448
f 234//234 431//431 448//448
f 234//234 174//174 431//431
f 3229//3229 3057//3057 3191//3191
f 174//174 150//150 431//431
f 3950//3950 3985//3985 3921//3921
f 1085//1085 1051//1051 1033//1033
f 2537//2537 1631//1631 2293//2293
f 2779//2779 2777//2777 2659//2659
f 2779//2779 2822//2822 2777//2777
f 2779//2779 2882//2882 2822//2822
f 2882//2882 2861//2861 2822//2822
f 3083//3083 3002//3002 2796//2796
f 3361//3361 3325//3325 3276//3276
f 3024//3024 3035//3035 2854//2854
f 3371//3371 3399//3399 3325//3325
f 1429//1429 1352//1352 1377//1377
f 3399//3399 3441//3441 3437//3437
f 2503//2503 2442//2442 2625//2625
f 3442//3442 3437//3437 3441//3441
f 3445//3445 3397//3397 3437//3437
f 3384//3384 3397//3397 3445//3445
f 2964//2964 2989//2989 3129//3129
f 3384//3384 3331//3331 3397//3397
f 3021//3021 2835//2835 2875//2875
f 1361//1361 1531//1531 1511//1511
f 3021//3021 3189//3189 3324//3324
f 2835//2835 2782//2782 2875//2875
f 2553//2553 2325//2325 2300//2300
f 2325//2325 2054//2054 2300//2300
f 2526//2526 2554//2554 2556//2556
f 2526//2526 2556//2556 2051//2051
f 2624//2624 2610//2610 2561//2561
f 1733//1733 1781//1781 1728//1728
f 1903//1903 1809//1809 1810//1810
f 3277//3277 3271//3271 3264//3264
f 1903//1903 1933//1933 1809//1809
f 1850//1850 1758//1758 2069//2069
f 2012//2012 1933//1933 1939//1939
f 2012//2012 2051//2051 1933//1933
f 2012//2012 2045//2045 2051//2051
f 1130//1130 1047//1047 1149//1149
f 2062//2062 2015//2015 2054//2054
f 1825//1825 1831//1831 1905//1905
f 1825//1825 1806//1806 1831//1831
f 1784//1784 1695//1695 1794//1794
f 1724//1724 1596//1596 1695//1695
f 1570//1570 1519//1519 1421//1421
f 62//62 117//117 63//63
f 1724//1724 1411//1411 1596//1596
f 1337//1337 1277//1277 1253//1253
f 1204//1204 1199//1199 1194//1194
f 1199//1199 1318//1318 1196//1196
f 2838//2838 2933//2933 2872//2872
f 4036//4036 4052//4052 3722//3722
f 4036//4036 3722//3722 3661//3661
f 2886//2886 4036//4036 3661//3661
f 2779//2779 2659//2659 4036//4036
f 1535//1535 1521//1521 1550//1550
f 1903//1903 430//430 1939//1939
f 2160//2160 2139//2139 2127//2127
f 870//870 809//809 550//550
f 872//872 1277//1277 1136//1136
f 1569//1569 2634//2634 1952//1952
f 2533//2533 2790//2790 2787//2787
f 3400//3400 3452//3452 3429//3429
f 3400//3400 3429//3429 3452//3452
f 3936//3936 3630//3630 3683//3683
f 3936//3936 3683//3683 3984//3984
f 2510//2510 2526//2526 2070//2070
f 2510//2510 430//430 2624//2624
f 2510//2510 2070//2070 430//430
f 2886//2886 3238//3238 2882//2882
f 2235//2235 2418//2418 2431//2431
f 2451//2451 2599//2599 2841//2841
f 2790//2790 3421//3421 2787//2787
f 2913//2913 2790//2790 2835//2835
f 2533//2533 2634//2634 2523//2523
f 2533//2533 2635//2635 2662//2662
f 2104//2104 2062//2062 2325//2325
f 2015//2015 2634//2634 1963//1963
f 2104//2104 2634//2634 2015//2015
f 1724//1724 1784//1784 1569//1569
f 1569//1569 1806//1806 2634//2634
f 1825//1825 2634//2634 1806//1806
f 3128//3128 3312//3312 3340//3340
f 1825//1825 1905//1905 2634//2634
f 1411//1411 1136//1136 1277//1277
f 1238//1238 1411//1411 1277//1277
f 2115//2115 2141//2141 2113//2113
f 1271//1271 1414//1414 1318//1318
f 3308//3308 3410//3410 3322//3322
f 1778//1778 1733//1733 1687//1687
f 1939//1939 430//430 2070//2070
f 3442//3442 3683//3683 3630//3630
f 3324//3324 3442//3442 3630//3630
f 3324//3324 3331//3331 3442//3442
f 3384//3384 3442//3442 3331//3331
f 1778//1778 430//430 1810//1810
f 1778//1778 1687//1687 430//430
f 804//804 430//430 1687//1687
f 870//870 423//423 1199//1199
f 1199//1199 423//423 1271//1271
f 804//804 423//423 430//430
f 2076//2076 2115//2115 2088//2088
f 169//169 167//167 159//159
f 2786//2786 2761//2761 2506//2506
f 207//207 169//169 197//197
f 171//171 197//197 169//169
f 207//207 197//197 228//228
f 207//207 228//228 283//283
f 1910//1910 1918//1918 1916//1916
f 1910//1910 1916//1916 1918//1918
f 283//283 299//299 321//321
f 299//299 333//333 321//321
f 344//344 333//333 345//345
f 344//344 345//345 333//333
f 382//382 427//427 386//386
f 392//392 427//427 418//418
f 392//392 418//418 427//427
f 364//364 386//386 418//418
f 2812//2812 2887//2887 2925//2925
f 364//364 345//345 376//376
f 3033//3033 3042//3042 3206//3206
f 382//382 386//386 376//376
f 364//364 376//376 386//386
f 14//14 154//154 152//152
f 2812//2812 2775//2775 2797//2797
f 351//351 340//340 352//352
f 1828//1828 1954//1954 1746//1746
f 307//307 326//326 340//340
f 318//318 340//340 326//326
f 318//318 326//326 340//340
f 318//318 326//326 297//297
f 318//318 297//297 277//277
f 285//285 277//277 297//297
f 285//285 297//297 263//263
f 234//234 285//285 263//263
f 234//234 263//263 222//222
f 1618//1618 1625//1625 1682//1682
f 174//174 209//209 170//170
f 174//174 170//170 209//209
f 234//234 209//209 174//174
f 106//106 174//174 170//170
f 106//106 170//170 174//174
f 115//115 77//77 76//76
f 1032//1032 1221//1221 615//615
f 118//118 76//76 86//86
f 77//77 106//106 105//105
f 115//115 166//166 77//77
f 118//118 159//159 166//166
f 118//118 86//86 159//159
f 1031//1031 1025//1025 1013//1013
f 3659//3659 3795//3795 3864//3864
f 2303//2303 2072//2072 2175//2175
f 1824//1824 1937//1937 1832//1832
f 1055//1055 1038//1038 991//991
f 1637//1637 1824//1824 1630//1630
f 1637//1637 1630//1630 1522//1522
f 980//980 899//899 586//586
f 3002//3002 2802//2802 2796//2796
f 3421//3421 3630//3630 3486//3486
f 1824//1824 1569//1569 1952//1952
f 1377//1377 1347//1347 1348//1348
f 1637//1637 1522//1522 1569//1569
f 751//751 980//980 586//586
f 751//751 586//586 590//590
f 751//751 590//590 550//550
f 3704//3704 3679//3679 3707//3707
f 3704//3704 3707//3707 3679//3679
f 889//889 980//980 751//751
f 889//889 751//751 550//550
f 2787//2787 2776//2776 2606//2606
f 2958//2958 2776//2776 2787//2787
f 1220//1220 1294//1294 1208//1208
f 550//550 586//586 478//478
f 2213//2213 2267//2267 2388//2388
f 1928//1928 2069//2069 2075//2075
f 3864//3864 3795//3795 3630//3630
f 3486//3486 3630//3630 3659//3659
f 2320//2320 2155//2155 2375//2375
f 1637//1637 1569//1569 1824//1824
f 3421//3421 3246//3246 3219//3219
f 2958//2958 3219//3219 3246//3246
f 1937//1937 1952//1952 2211//2211
f 2350//2350 2606//2606 2211//2211
f 2350//2350 2211//2211 2634//2634
f 1136//1136 1569//1569 1123//1123
f 889//889 550//550 1136//1136
f 14//14 16//16 9//9
f 14//14 152//152 16//16
f 8//8 24//24 11//11
f 8//8 11//11 14//14
f 8//8 14//14 11//11
f 324//324 347//347 394//394
f 324//324 334//334 347//347
f 2785//2785 2834//2834 2809//2809
f 2785//2785 2809//2809 2834//2834
f 264//264 154//154 280//280
f 264//264 280//280 154//154
f 280//280 154//154 309//309
f 328//328 280//280 309//309
f 328//328 264//264 280//280
f 307//307 340//340 351//351
f 222//222 209//209 170//170
f 222//222 170//170 209//209
f 222//222 278//278 209//209
f 297//297 326//326 278//278
f 307//307 351//351 326//326
f 166//166 239//239 213//213
f 239//239 311//311 344//344
f 77//77 105//105 76//76
f 86//86 76//76 105//105
f 101//101 86//86 105//105
f 1918//1918 1898//1898 1910//1910
f 1918//1918 1910//1910 1898//1898
f 101//101 105//105 159//159
f 364//364 418//418 385//385
f 385//385 418//418 423//423
f 344//344 364//364 440//440
f 171//171 159//159 197//197
f 418//418 364//364 423//423
f 299//299 228//228 294//294
f 430//430 423//423 418//418
f 345//345 333//333 366//366
f 3213//3213 3122//3122 3217//3217
f 299//299 294//294 333//333
f 1528//1528 1535//1535 1499//1499
f 430//430 427//427 345//345
f 430//430 345//345 427//427
f 4051//4051 4048//4048 4052//4052
f 4051//4051 4052//4052 4047//4047
f 874//874 777//777 596//596
f 4042//4042 4052//4052 4046//4046
f 1616//1616 1513//1513 1336//1336
f 1956//1956 1891//1891 1953//1953
f 4036//4036 4047//4047 4052//4052
f 4036//4036 4037//4037 4047//4047
f 1184//1184 1227//1227 1173//1173
f 4036//4036 2646//2646 4037//4037
f 2646//2646 2643//2643 4037//4037
f 3478//3478 4010//4010 4037//4037
f 4036//4036 430//430 2646//2646
f 2636//2636 2628//2628 2632//2632
f 4008//4008 4042//4042 4018//4018
f 532//532 9//9 573//573
f 1485//1485 573//573 9//9
f 8//8 1774//1774 1485//1485
f 8//8 1485//1485 9//9
f 8//8 12//12 1774//1774
f 3912//3912 3898//3898 3921//3921
f 3426//3426 3352//3352 3365//3365
f 3939//3939 3918//3918 3955//3955
f 4051//4051 4048//4048 4033//4033
f 1220//1220 1216//1216 1292//1292
f 1220//1220 1292//1292 1216//1216
f 3886//3886 3865//3865 3838//3838
f 3932//3932 3912//3912 3921//3921
f 3932//3932 3921//3921 3931//3931
f 3956//3956 3988//3988 3968//3968
f 3915//3915 3912//3912 3956//3956
f 3886//3886 3838//3838 3909//3909
f 1933//1933 1756//1756 1809//1809
f 3975//3975 3956//3956 3932//3932
f 1392//1392 1459//1459 1465//1465
f 1392//1392 1465//1465 1459//1459
f 1389//1389 1316//1316 1319//1319
f 3915//3915 3909//3909 3912//3912
f 3886//3886 3942//3942 3865//3865
f 2524//2524 2506//2506 2550//2550
f 3942//3942 3902//3902 3865//3865
f 1019//1019 1029//1029 1066//1066
f 3865//3865 3886//3886 3838//3838
f 3956//3956 3975//3975 3988//3988
f 1341//1341 1420//1420 1396//1396
f 3982//3982 4021//4021 4009//4009
f 4005//4005 4021//4021 3982//3982
f 3079//3079 3087//3087 2815//2815
f 1541//1541 1683//1683 1505//1505
f 3982//3982 3968//3968 3988//3988
f 4033//4033 4005//4005 3975//3975
f 4024//4024 4005//4005 4033//4033
f 3367//3367 3254//3254 3336//3336
f 1528//1528 1478//1478 1521//1521
f 1528//1528 1521//1521 1478//1478
f 4005//4005 3988//3988 3975//3975
f 4024//4024 4021//4021 4005//4005
f 1744//1744 1585//1585 3111//3111
f 4024//4024 4033//4033 4021//4021
f 3956//3956 3886//3886 3909//3909
f 2290//2290 2161//2161 2148//2148
f 3915//3915 3956//3956 3909//3909
f 3977//3977 3931//3931 3875//3875
f 3875//3875 3931//3931 3827//3827
f 3975//3975 3977//3977 4033//4033
f 3975//3975 3932//3932 3977//3977
f 3999//3999 3960//3960 3991//3991
f 3939//3939 3905//3905 3880//3880
f 3940//3940 3928//3928 3939//3939
f 3940//3940 3960//3960 3962//3962
f 3999//3999 3983//3983 3962//3962
f 240//240 128//128 262//262
f 3899//3899 3927//3927 3904//3904
f 3899//3899 3953//3953 3927//3927
f 1916//1916 1985//1985 1918//1918
f 2934//2934 3340//3340 3312//3312
f 3964//3964 3955//3955 3961//3961
f 3329//3329 3410//3410 3365//3365
f 3918//3918 3877//3877 3888//3888
f 2011//2011 1878//1878 1887//1887
f 3927//3927 3918//3918 3888//3888
f 4019//4019 4026//4026 4048//4048
f 1644//1644 1233//1233 1192//1192
f 3986//3986 4019//4019 3991//3991
f 2959//2959 2745//2745 2953//2953
f 2077//2077 1896//1896 1898//1898
f 3511//3511 2893//2893 3205//3205
f 3964//3964 3986//3986 3991//3991
f 3964//3964 3961//3961 3986//3986
f 4015//4015 3983//3983 3999//3999
f 1570//1570 1747//1747 1421//1421
f 3018//3018 2978//2978 2975//2975
f 2686//2686 2652//2652 2743//2743
f 3991//3991 3960//3960 3964//3964
f 3939//3939 3964//3964 3960//3960
f 3939//3939 3955//3955 3964//3964
f 1383//1383 1371//1371 1407//1407
f 3939//3939 3880//3880 3918//3918
f 415//415 439//439 394//394
f 3968//3968 3982//3982 3953//3953
f 4021//4021 4025//4025 4026//4026
f 3927//3927 3961//3961 3918//3918
f 3982//3982 3986//3986 3953//3953
f 3927//3927 3888//3888 3872//3872
f 1850//1850 1758//1758 1721//1721
f 3927//3927 3953//3953 3961//3961
f 3056//3056 3111//3111 1585//1585
f 1429//1429 1364//1364 1377//1377
f 1429//1429 1377//1377 1364//1364
f 4009//4009 4019//4019 3986//3986
f 3189//3189 2875//2875 2893//2893
f 2956//2956 3205//3205 2559//2559
f 4015//4015 3437//3437 3962//3962
f 3928//3928 3962//3962 3717//3717
f 2663//2663 2645//2645 2625//2625
f 1289//1289 1643//1643 1753//1753
f 3397//3397 3511//3511 3666//3666
f 3511//3511 3869//3869 3734//3734
f 2782//2782 2559//2559 3205//3205
f 635//635 558//558 584//584
f 1042//1042 1026//1026 1030//1030
f 2635//2635 2559//2559 2782//2782
f 2956//2956 2559//2559 2074//2074
f 2956//2956 2074//2074 2339//2339
f 2054//2054 2016//2016 2074//2074
f 2016//2016 2339//2339 2074//2074
f 1695//1695 1262//1262 1794//1794
f 1596//1596 1262//1262 1695//1695
f 1406//1406 1011//1011 1596//1596
f 2860//2860 3002//3002 2966//2966
f 1406//1406 1253//1253 1011//1011
f 1365//1365 1756//1756 871//871
f 4049//4049 4051//4051 4037//4037
f 4049//4049 3729//3729 3716//3716
f 1828//1828 2092//2092 1718//1718
f 4049//4049 4037//4037 3729//3729
f 4015//4015 3716//3716 3437//3437
f 4015//4015 4049//4049 3716//3716
f 1756//1756 2046//2046 2653//2653
f 1933//1933 2046//2046 1756//1756
f 1933//1933 2051//2051 2046//2046
f 1196//1196 1318//1318 1365//1365
f 1196//1196 1253//1253 1194//1194
f 1292//1292 1213//1213 1306//1306
f 1292//1292 1306//1306 1213//1213
f 3189//3189 2893//2893 3397//3397
f 2954//2954 2941//2941 2450//2450
f 3189//3189 3397//3397 3331//3331
f 3437//3437 3335//3335 3325//3325
f 2861//2861 3231//3231 2874//2874
f 3351//3351 3367//3367 3336//3336
f 3437//3437 3276//3276 3335//3335
f 3231//3231 3276//3276 3437//3437
f 2777//2777 2822//2822 2874//2874
f 1929//1929 1960//1960 1940//1940
f 792//792 1756//1756 811//811
f 3270//3270 2829//2829 3446//3446
f 1196//1196 1756//1756 427//427
f 1196//1196 427//427 434//434
f 1196//1196 434//434 418//418
f 3231//3231 3660//3660 1756//1756
f 2777//2777 1756//1756 2653//2653
f 3160//3160 3227//3227 3115//3115
f 3231//3231 1756//1756 2874//2874
f 3660//3660 3437//3437 3681//3681
f 2150//2150 2020//2020 1978//1978
f 3681//3681 3437//3437 3716//3716
f 3397//3397 2893//2893 3511//3511
f 4051//4051 4033//4033 4037//4037
f 171//171 159//159 166//166
f 210//210 197//197 171//171
f 210//210 239//239 238//238
f 210//210 166//166 239//239
f 238//238 311//311 294//294
f 344//344 371//371 345//345
f 344//344 333//333 311//311
f 2145//2145 2274//2274 2344//2344
f 539//539 567//567 563//563
f 382//382 392//392 427//427
f 382//382 393//393 392//392
f 376//376 374//374 388//388
f 376//376 388//388 386//386
f 392//392 393//393 386//386
f 8//8 9//9 14//14
f 316//316 280//280 264//264
f 328//328 316//316 329//329
f 351//351 328//328 329//329
f 351//351 329//329 347//347
f 351//351 347//347 352//352
f 351//351 352//352 340//340
f 285//285 278//278 326//326
f 254//254 252//252 285//285
f 1758//1758 1715//1715 1983//1983
f 101//101 115//115 129//129
f 3102//3102 3144//3144 2960//2960
f 101//101 129//129 159//159
f 115//115 159//159 129//129
f 21//21 27//27 34//34
f 3172//3172 3123//3123 3166//3166
f 3940//3940 3905//3905 3928//3928
f 3205//3205 3421//3421 3124//3124
f 3205//3205 3124//3124 3421//3421
f 1502//1502 1522//1522 1262//1262
f 1502//1502 1262//1262 1522//1522
f 1262//1262 1102//1102 1123//1123
f 483//483 478//478 554//554
f 1630//1630 1502//1502 1522//1522
f 3511//3511 3205//3205 3421//3421
f 1786//1786 1262//1262 1502//1502
f 1786//1786 1502//1502 1630//1630
f 1011//1011 576//576 771//771
f 2956//2956 2339//2339 2776//2776
f 3359//3359 3282//3282 3283//3283
f 3511//3511 3659//3659 3869//3869
f 3928//3928 3869//3869 3905//3905
f 3940//3940 3962//3962 3928//3928
f 1651//1651 1568//1568 1546//1546
f 1011//1011 980//980 1102//1102
f 2016//2016 1962//1962 2308//2308
f 3940//3940 3928//3928 3905//3905
f 483//483 418//418 478//478
f 14//14 9//9 16//16
f 8//8 9//9 12//12
f 27//27 84//84 97//97
f 368//368 347//347 329//329
f 264//264 154//154 152//152
f 254//254 285//285 378//378
f 316//316 328//328 280//280
f 351//351 337//337 328//328
f 166//166 115//115 241//241
f 166//166 241//241 239//239
f 3270//3270 3368//3368 2829//2829
f 2860//2860 2855//2855 2887//2887
f 238//238 239//239 311//311
f 171//171 144//144 105//105
f 171//171 105//105 101//101
f 344//344 311//311 371//371
f 3168//3168 3353//3353 2988//2988
f 427//427 403//403 345//345
f 4048//4048 4049//4049 4046//4046
f 3977//3977 3875//3875 4037//4037
f 1756//1756 4037//4037 427//427
f 2643//2643 4037//4037 427//427
f 4015//4015 4046//4046 4049//4049
f 1431//1431 1352//1352 1491//1491
f 2818//2818 2769//2769 2797//2797
f 2808//2808 2686//2686 2844//2844
f 1947//1947 2091//2091 2066//2066
f 2234//2234 1152//1152 934//934
f 3935//3935 3958//3958 3881//3881
f 2407//2407 2404//2404 2411//2411
f 145//145 211//211 54//54
f 1754//1754 1751//1751 1795//1795
f 3404//3404 1435//1435 2123//2123
f 852//852 897//897 868//868
f 414//414 504//504 471//471
f 3097//3097 3184//3184 3091//3091
f 2603//2603 2419//2419 2618//2618
f 2878//2878 2917//2917 3085//3085
f 2608//2608 2418//2418 2445//2445
f 2115//2115 1951//1951 2141//2141
f 1882//1882 1926//1926 1875//1875
f 1435//1435 3404//3404 3031//3031
f 3906//3906 3971//3971 3935//3935
f 756//756 822//822 817//817
f 1573//1573 1221//1221 2465//2465
f 2234//2234 1435//1435 3031//3031
f 504//504 606//606 934//934
f 985//985 982//982 993//993
f 2638//2638 1861//1861 1814//1814
f 3476//3476 3466//3466 3607//3607
f 2613//2613 3334//3334 3269//3269
f 1168//1168 950//950 635//635
f 1863//1863 1866//1866 2100//2100
f 3498//3498 2990//2990 3508//3508
f 2921//2921 3380//3380 3191//3191
f 286//286 237//237 230//230
f 1671//1671 2376//2376 1195//1195
f 1567//1567 2685//2685 1915//1915
f 2842//2842 2883//2883 2604//2604
f 1567//1567 1195//1195 2376//2376
f 3400//3400 3429//3429 3465//3465
f 3498//3498 2376//2376 2990//2990
f 2871//2871 2608//2608 2641//2641
f 3320//3320 3241//3241 3388//3388
f 3498//3498 2685//2685 2376//2376
f 1920//1920 1682//1682 1922//1922
f 1567//1567 2376//2376 2685//2685
f 470//470 558//558 635//635
f 2497//2497 2348//2348 2332//2332
f 564//564 501//501 500//500
f 564//564 808//808 501//501
f 501//501 808//808 596//596
f 3476//3476 1991//1991 3466//3466
f 30//30 23//23 21//21
f 1991//1991 874//874 808//808
f 1273//1273 1227//1227 1328//1328
f 564//564 1484//1484 808//808
f 1988//1988 2137//2137 2101//2101
f 3045//3045 3446//3446 3466//3466
f 3191//3191 3344//3344 3307//3307
f 3488//3488 3607//3607 3466//3466
f 1423//1423 1744//1744 1562//1562
f 808//808 1484//1484 1991//1991
f 1484//1484 3045//3045 1991//1991
f 3234//3234 3332//3332 3282//3282
f 808//808 874//874 596//596
f 1991//1991 1619//1619 874//874
f 2467//2467 1619//1619 1991//1991
f 2702//2702 2706//2706 2708//2708
f 2702//2702 2708//2708 2706//2706
f 777//777 578//578 596//596
f 3488//3488 3466//3466 3446//3446
f 317//317 347//347 295//295
f 1597//1597 1879//1879 1644//1644
f 3045//3045 2166//2166 2993//2993
f 2961//2961 3010//3010 2968//2968
f 2997//2997 2989//2989 3353//3353
f 207//207 197//197 299//299
f 3488//3488 3446//3446 2993//2993
f 874//874 1619//1619 1092//1092
f 3881//3881 3958//3958 3890//3890
f 874//874 1092//1092 777//777
f 2166//2166 564//564 1064//1064
f 114//114 212//212 116//116
f 564//564 500//500 479//479
f 2558//2558 2629//2629 2581//2581
f 2558//2558 2581//2581 2629//2629
f 1619//1619 1612//1612 1092//1092
f 59//59 26//26 52//52
f 1092//1092 1098//1098 777//777
f 501//501 596//596 578//578
f 564//564 479//479 1064//1064
f 2166//2166 1064//1064 1527//1527
f 2050//2050 1823//1823 2098//2098
f 2050//2050 2098//2098 1823//1823
f 635//635 950//950 583//583
f 1168//1168 1249//1249 950//950
f 2873//2873 3908//3908 2666//2666
f 3498//3498 3851//3851 3770//3770
f 3854//3854 3851//3851 3498//3498
f 1449//1449 3048//3048 3134//3134
f 1554//1554 1592//1592 1634//1634
f 3854//3854 3498//3498 3839//3839
f 3498//3498 3508//3508 3839//3839
f 3334//3334 3157//3157 3508//3508
f 3334//3334 3508//3508 2990//2990
f 1158//1158 1135//1135 1162//1162
f 3334//3334 2990//2990 2821//2821
f 1671//1671 1195//1195 1221//1221
f 470//470 584//584 558//558
f 3922//3922 3907//3907 3921//3921
f 3854//3854 3770//3770 3851//3851
f 3854//3854 3908//3908 3770//3770
f 2084//2084 1715//1715 1988//1988
f 3854//3854 3922//3922 3908//3908
f 2099//2099 1990//1990 1796//1796
f 1221//1221 1210//1210 1690//1690
f 1671//1671 1221//1221 1690//1690
f 1152//1152 801//801 934//934
f 3031//3031 3469//3469 2234//2234
f 2892//2892 3468//3468 2832//2832
f 3396//3396 3424//3424 3380//3380
f 3971//3971 3906//3906 3985//3985
f 1150//1150 1141//1141 1113//1113
f 1435//1435 606//606 2123//2123
f 606//606 552//552 579//579
f 471//471 504//504 801//801
f 1793//1793 1807//1807 2167//2167
f 414//414 499//499 579//579
f 499//499 1193//1193 579//579
f 606//606 579//579 1193//1193
f 2123//2123 1193//1193 1936//1936
f 2123//2123 1936//1936 3906//3906
f 3906//3906 1936//1936 3945//3945
f 1125//1125 1073//1073 1127//1127
f 2441//2441 2412//2412 2470//2470
f 2117//2117 2102//2102 2068//2068
f 1152//1152 3469//3469 2892//2892
f 606//606 1193//1193 499//499
f 3906//3906 3945//3945 3985//3985
f 1027//1027 1086//1086 1130//1130
f 1027//1027 1130//1130 1086//1086
f 2617//2617 3211//3211 2590//2590
f 3881//3881 3502//3502 3469//3469
f 3469//3469 3502//3502 2892//2892
f 1152//1152 2892//2892 1717//1717
f 1152//1152 1081//1081 801//801
f 471//471 801//801 1081//1081
f 2240//2240 2083//2083 2216//2216
f 2011//2011 1887//1887 2035//2035
f 117//117 114//114 116//116
f 872//872 809//809 847//847
f 872//872 847//847 809//809
f 1525//1525 1727//1727 1519//1519
f 893//893 552//552 620//620
f 1956//1956 1953//1953 1955//1955
f 3222//3222 3183//3183 3149//3149
f 1247//1247 893//893 620//620
f 1247//1247 1814//1814 893//893
f 3290//3290 3208//3208 2863//2863
f 3343//3343 3350//3350 3408//3408
f 3343//3343 3408//3408 3350//3350
f 2343//2343 2292//2292 2347//2347
f 1471//1471 927//927 782//782
f 2342//2342 2194//2194 2140//2140
f 2342//2342 2140//2140 2194//2194
f 1619//1619 1894//1894 965//965
f 1092//1092 965//965 1894//1894
f 1619//1619 1867//1867 1894//1894
f 1894//1894 1867//1867 2464//2464
f 782//782 927//927 596//596
f 3368//3368 3446//3446 3355//3355
f 3368//3368 3355//3355 2829//2829
f 1092//1092 782//782 596//596
f 1092//1092 1894//1894 1471//1471
f 1894//1894 2498//2498 1471//1471
f 1894//1894 2829//2829 2498//2498
f 3373//3373 3310//3310 3364//3364
f 3355//3355 2498//2498 2829//2829
f 2613//2613 2465//2465 3334//3334
f 2762//2762 2778//2778 2694//2694
f 2638//2638 1476//1476 1861//1861
f 2638//2638 3535//3535 3489//3489
f 3489//3489 3535//3535 3851//3851
f 3077//3077 3088//3088 3058//3058
f 3489//3489 3851//3851 3492//3492
f 2465//2465 1221//1221 1476//1476
f 2638//2638 2465//2465 1476//1476
f 2638//2638 3334//3334 2465//2465
f 2638//2638 3489//3489 3334//3334
f 3334//3334 3489//3489 3492//3492
f 2533//2533 2559//2559 2553//2553
f 2533//2533 2500//2500 2559//2559
f 3361//3361 3371//3371 3325//3325
f 2510//2510 2501//2501 2526//2526
f 2510//2510 2561//2561 2501//2501
f 1930//1930 1904//1904 1884//1884
f 1512//1512 1539//1539 1509//1509
f 2104//2104 2054//2054 2062//2062
f 2104//2104 2074//2074 2054//2054
f 2104//2104 2054//2054 2074//2074
f 2104//2104 2015//2015 2054//2054
f 1337//1337 1253//1253 1277//1277
f 2316//2316 2255//2255 2348//2348
f 1733//1733 1725//1725 1687//1687
f 1733//1733 1728//1728 1725//1725
f 2661//2661 2636//2636 2625//2625
f 2661//2661 2625//2625 2636//2636
f 1733//1733 1687//1687 1728//1728
f 2012//2012 2046//2046 2051//2051
f 2012//2012 2070//2070 2046//2046
f 2070//2070 2051//2051 2046//2046
f 2012//2012 2051//2051 2070//2070
f 3060//3060 3047//3047 2225//2225
f 169//169 155//155 162//162
f 158//158 162//162 155//155
f 169//169 162//162 167//167
f 118//118 115//115 83//83
f 83//83 77//77 76//76
f 3070//3070 2775//2775 2812//2812
f 167//167 162//162 158//158
f 368//368 373//373 372//372
f 210//210 158//158 283//283
f 1445//1445 1358//1358 1458//1458
f 2360//2360 2293//2293 2294//2294
f 1329//1329 1370//1370 1404//1404
f 2934//2934 2933//2933 2871//2871
f 1178//1178 1207//1207 1379//1379
f 2983//2983 3086//3086 2998//2998
f 528//528 529//529 547//547
f 1768//1768 1727//1727 1747//1747
f 490//490 509//509 481//481
f 539//539 563//563 509//509
f 1130//1130 1149//1149 1099//1099
f 481//481 548//548 520//520
f 481//481 520//520 487//487
f 539//539 568//568 567//567
f 567//567 487//487 520//520
f 2340//2340 3122//3122 3098//3098
f 1207//1207 1178//1178 1257//1257
f 1379//1379 1207//1207 1408//1408
f 1490//1490 1379//1379 1507//1507
f 1257//1257 1178//1178 1490//1490
f 2389//2389 2400//2400 2200//2200
f 2544//2544 2400//2400 2463//2463
f 1442//1442 1322//1322 1611//1611
f 2389//2389 2200//2200 2198//2198
f 2200//2200 2220//2220 2198//2198
f 3666//3666 3734//3734 3683//3683
f 3666//3666 3683//3683 3734//3734
f 2220//2220 2390//2390 2401//2401
f 1428//1428 1704//1704 1673//1673
f 2463//2463 2400//2400 2389//2389
f 2333//2333 2401//2401 2463//2463
f 2220//2220 2401//2401 2302//2302
f 2198//2198 2220//2220 2302//2302
f 3119//3119 3098//3098 2849//2849
f 3119//3119 2849//2849 3098//3098
f 373//373 368//368 426//426
f 454//454 426//426 368//368
f 2895//2895 2663//2663 2664//2664
f 1478//1478 1458//1458 1539//1539
f 3088//3088 3065//3065 3058//3058
f 3444//3444 3362//3362 3429//3429
f 432//432 455//455 456//456
f 372//372 417//417 394//394
f 1882//1882 1627//1627 1875//1875
f 415//415 456//456 433//433
f 415//415 433//433 394//394
f 529//529 508//508 515//515
f 528//528 540//540 508//508
f 3308//3308 2955//2955 3305//3305
f 1930//1930 1935//1935 1884//1884
f 1278//1278 1375//1375 1229//1229
f 1278//1278 1308//1308 1391//1391
f 1278//1278 1229//1229 1308//1308
f 2293//2293 2374//2374 2294//2294
f 2360//2360 2401//2401 2293//2293
f 2360//2360 2400//2400 2401//2401
f 2361//2361 2294//2294 2374//2374
f 2361//2361 2374//2374 2421//2421
f 2360//2360 2421//2421 2374//2374
f 415//415 436//436 383//383
f 415//415 383//383 436//436
f 415//415 452//452 436//436
f 515//515 547//547 529//529
f 368//368 372//372 394//394
f 2319//2319 2274//2274 2344//2344
f 452//452 455//455 500//500
f 1777//1777 1818//1818 1854//1854
f 1043//1043 1041//1041 1004//1004
f 1043//1043 1004//1004 1041//1041
f 3717//3717 3666//3666 3700//3700
f 3717//3717 3700//3700 3734//3734
f 1709//1709 1712//1712 1882//1882
f 850//850 822//822 842//842
f 756//756 842//842 822//822
f 850//850 842//842 759//759
f 1392//1392 1389//1389 1401//1401
f 850//850 817//817 822//822
f 3431//3431 3264//3264 3311//3311
f 792//792 811//811 822//822
f 3703//3703 3631//3631 3639//3639
f 3703//3703 3639//3639 3715//3715
f 3301//3301 3209//3209 3208//3208
f 3703//3703 3679//3679 3631//3631
f 3660//3660 3681//3681 3704//3704
f 3716//3716 3729//3729 3704//3704
f 3681//3681 3703//3703 3704//3704
f 1252//1252 1254//1254 1446//1446
f 3660//3660 3704//3704 3729//3729
f 2353//2353 2418//2418 2406//2406
f 1109//1109 1149//1149 1091//1091
f 1038//1038 1047//1047 1099//1099
f 382//382 376//376 393//393
f 382//382 393//393 376//376
f 3631//3631 3707//3707 3715//3715
f 3631//3631 3715//3715 3707//3707
f 3734//3734 3740//3740 3683//3683
f 3734//3734 3683//3683 3740//3740
f 3717//3717 3683//3683 3740//3740
f 3717//3717 3740//3740 3683//3683
f 872//872 847//847 870//870
f 872//872 870//870 847//847
f 3426//3426 3436//3436 3413//3413
f 3426//3426 3413//3413 3436//3436
f 870//870 847//847 796//796
f 870//870 796//796 847//847
f 870//870 847//847 809//809
f 870//870 809//809 847//847
f 3660//3660 3716//3716 3661//3661
f 3660//3660 3661//3661 3716//3716
f 3660//3660 3661//3661 3722//3722
f 3660//3660 3722//3722 3661//3661
f 3729//3729 3722//3722 3726//3726
f 3729//3729 3726//3726 3722//3722
f 3716//3716 3722//3722 3661//3661
f 3716//3716 3661//3661 3722//3722
f 2671//2671 2859//2859 2654//2654
f 3660//3660 3703//3703 3716//3716
f 2809//2809 2703//2703 2734//2734
f 3679//3679 3631//3631 3707//3707
f 3666//3666 3700//3700 3734//3734
f 3666//3666 3734//3734 3700//3700
f 3070//3070 3002//3002 3074//3074
f 3717//3717 3734//3734 3700//3700
f 3717//3717 3700//3700 3734//3734
f 797//797 847//847 833//833
f 797//797 833//833 847//847
f 1116//1116 1149//1149 1109//1109
f 3660//3660 3729//3729 3704//3704
f 2002//2002 1873//1873 1938//1938
f 3716//3716 3703//3703 3704//3704
f 1615//1615 1574//1574 1551//1551
f 792//792 822//822 871//871
f 871//871 822//822 811//811
f 792//792 811//811 822//822
f 2298//2298 2351//2351 2366//2366
f 3717//3717 3666//3666 3700//3700
f 3660//3660 3716//3716 3681//3681
f 3660//3660 3681//3681 3729//3729
f 3729//3729 3704//3704 3703//3703
f 3681//3681 3703//3703 3704//3704
f 3716//3716 3729//3729 3703//3703
f 1602//1602 1665//1665 1501//1501
f 1602//1602 1501//1501 1665//1665
f 266//266 337//337 450//450
f 1967//1967 1877//1877 1902//1902
f 310//310 329//329 337//337
f 2895//2895 2935//2935 2945//2945
f 310//310 289//289 329//329
f 1822//1822 1818//1818 1855//1855
f 295//295 341//341 347//347
f 293//293 286//286 266//266
f 293//293 266//266 286//286
f 422//422 432//432 293//293
f 341//341 432//432 436//436
f 341//341 436//436 383//383
f 415//415 426//426 383//383
f 293//293 266//266 422//422
f 3160//3160 3091//3091 3131//3131
f 293//293 290//290 422//422
f 289//289 317//317 295//295
f 1718//1718 1623//1623 1892//1892
f 324//324 295//295 347//347
f 324//324 329//329 289//289
f 426//426 452//452 436//436
f 415//415 436//436 452//452
f 293//293 422//422 290//290
f 1854//1854 1884//1884 1857//1857
f 2297//2297 2326//2326 2268//2268
f 273//273 317//317 286//286
f 273//273 279//279 317//317
f 273//273 286//286 293//293
f 279//279 295//295 347//347
f 2238//2238 2217//2217 2372//2372
f 293//293 211//211 266//266
f 266//266 206//206 217//217
f 295//295 200//200 279//279
f 2583//2583 2550//2550 2615//2615
f 286//286 224//224 211//211
f 286//286 240//240 224//224
f 229//229 224//224 240//240
f 229//229 240//240 224//224
f 230//230 237//237 206//206
f 212//212 237//237 240//240
f 211//211 224//224 240//240
f 212//212 217//217 237//237
f 212//212 240//240 229//229
f 211//211 230//230 206//206
f 211//211 206//206 230//230
f 1741//1741 1917//1917 1761//1761
f 211//211 273//273 206//206
f 273//273 218//218 206//206
f 204//204 217//217 212//212
f 128//128 126//126 117//117
f 128//128 117//117 126//126
f 211//211 206//206 218//218
f 295//295 262//262 289//289
f 273//273 295//295 279//279
f 273//273 293//293 218//218
f 286//286 289//289 262//262
f 266//266 217//217 289//289
f 273//273 218//218 224//224
f 1545//1545 1575//1575 1532//1532
f 286//286 262//262 237//237
f 295//295 229//229 262//262
f 289//289 217//217 204//204
f 3212//3212 3343//3343 2989//2989
f 1826//1826 1834//1834 2345//2345
f 295//295 212//212 229//229
f 3280//3280 2964//2964 3214//3214
f 293//293 273//273 211//211
f 279//279 224//224 218//218
f 217//217 111//111 230//230
f 266//266 211//211 206//206
f 262//262 240//240 237//237
f 237//237 126//126 128//128
f 230//230 237//237 126//126
f 120//120 240//240 230//230
f 128//128 126//126 240//240
f 204//204 114//114 212//212
f 204//204 212//212 114//114
f 120//120 230//230 206//206
f 120//120 206//206 230//230
f 211//211 113//113 206//206
f 211//211 218//218 113//113
f 127//127 218//218 224//224
f 120//120 126//126 111//111
f 128//128 127//127 130//130
f 128//128 120//120 127//127
f 120//120 113//113 127//127
f 126//126 108//108 111//111
f 126//126 114//114 116//116
f 126//126 116//116 114//114
f 126//126 116//116 108//108
f 126//126 108//108 116//116
f 211//211 240//240 218//218
f 1389//1389 1316//1316 1401//1401
f 218//218 240//240 224//224
f 237//237 212//212 240//240
f 229//229 240//240 212//212
f 229//229 224//224 240//240
f 204//204 212//212 237//237
f 130//130 229//229 117//117
f 130//130 117//117 229//229
f 204//204 116//116 114//114
f 204//204 114//114 116//116
f 127//127 113//113 218//218
f 120//120 206//206 113//113
f 130//130 127//127 218//218
f 130//130 218//218 127//127
f 1224//1224 1192//1192 1189//1189
f 130//130 218//218 224//224
f 130//130 224//224 218//218
f 2112//2112 2142//2142 2126//2126
f 117//117 229//229 114//114
f 117//117 114//114 229//229
f 217//217 111//111 204//204
f 217//217 204//204 111//111
f 217//217 206//206 111//111
f 206//206 113//113 111//111
f 211//211 120//120 240//240
f 120//120 127//127 240//240
f 128//128 126//126 114//114
f 120//120 111//111 108//108
f 120//120 130//130 113//113
f 128//128 114//114 130//130
f 111//111 73//73 108//108
f 111//111 113//113 73//73
f 108//108 73//73 111//111
f 128//128 116//116 126//126
f 126//126 116//116 111//111
f 1016//1016 993//993 1042//1042
f 1016//1016 1042//1042 993//993
f 3082//3082 3084//3084 3088//3088
f 130//130 117//117 127//127
f 73//73 113//113 111//111
f 126//126 120//120 128//128
f 237//237 240//240 262//262
f 273//273 290//290 317//317
f 279//279 317//317 290//290
f 273//273 279//279 290//290
f 289//289 204//204 290//290
f 1904//1904 1995//1995 1924//1924
f 3290//3290 3248//3248 3215//3215
f 3290//3290 3215//3215 3248//3248
f 1615//1615 1660//1660 1353//1353
f 2055//2055 1975//1975 1995//1995
f 207//207 104//104 197//197
f 207//207 197//197 104//104
f 207//207 299//299 197//197
f 2366//2366 2257//2257 2345//2345
f 3160//3160 3107//3107 3078//3078
f 2150//2150 2184//2184 2094//2094
f 1979//1979 2142//2142 1994//1994
f 2175//2175 2080//2080 2149//2149
f 260//260 342//342 315//315
f 401//401 315//315 342//342
f 382//382 401//401 342//342
f 2289//2289 2224//2224 2435//2435
f 382//382 260//260 315//315
f 2216//2216 2231//2231 2197//2197
f 1967//1967 1972//1972 1987//1987
f 1967//1967 1987//1987 1972//1972
f 2812//2812 2925//2925 2797//2797
f 2118//2118 1926//1926 2106//2106
f 382//382 393//393 375//375
f 376//376 375//375 393//393
f 1928//1928 2075//2075 1983//1983
f 2963//2963 3143//3143 2945//2945
f 382//382 375//375 376//376
f 2049//2049 1856//1856 1886//1886
f 3082//3082 3070//3070 2812//2812
f 2343//2343 2260//2260 2372//2372
f 2232//2232 2359//2359 2312//2312
f 2232//2232 2330//2330 2292//2292
f 2347//2347 2260//2260 2382//2382
f 2242//2242 2292//2292 2232//2232
f 2242//2242 2232//2232 2292//2292
f 2292//2292 2260//2260 2347//2347
f 2292//2292 2347//2347 2260//2260
f 2292//2292 2343//2343 2260//2260
f 50//50 95//95 79//79
f 2021//2021 1987//1987 1972//1972
f 2254//2254 2232//2232 2312//2312
f 3450//3450 3462//3462 3452//3452
f 3450//3450 3452//3452 3462//3462
f 2292//2292 2359//2359 2382//2382
f 2292//2292 2347//2347 2359//2359
f 2343//2343 2382//2382 2260//2260
f 1185//1185 1202//1202 1239//1239
f 1185//1185 1239//1239 1202//1202
f 2292//2292 2382//2382 2347//2347
f 1145//1145 1174//1174 1140//1140
f 2065//2065 2043//2043 1851//1851
f 2590//2590 2917//2917 2696//2696
f 2232//2232 2292//2292 2359//2359
f 2351//2351 2257//2257 2207//2207
f 2281//2281 2366//2366 2345//2345
f 2565//2565 2905//2905 2810//2810
f 2565//2565 2810//2810 2905//2905
f 2369//2369 2351//2351 2298//2298
f 1392//1392 1401//1401 1422//1422
f 2369//2369 2243//2243 2284//2284
f 2369//2369 2284//2284 2351//2351
f 2350//2350 2369//2369 2346//2346
f 2369//2369 2366//2366 2345//2345
f 1693//1693 1981//1981 2529//2529
f 2350//2350 2346//2346 2243//2243
f 2298//2298 2243//2243 2207//2207
f 1235//1235 1156//1156 1151//1151
f 2959//2959 2984//2984 3011//3011
f 2284//2284 2243//2243 2298//2298
f 2284//2284 2298//2298 2207//2207
f 2284//2284 2207//2207 2298//2298
f 2281//2281 2345//2345 2257//2257
f 2281//2281 2298//2298 2207//2207
f 2298//2298 2366//2366 2281//2281
f 2765//2765 2692//2692 2706//2706
f 1597//1597 1240//1240 1590//1590
f 2281//2281 2298//2298 2284//2284
f 2284//2284 2298//2298 2369//2369
f 2284//2284 2366//2366 2281//2281
f 1445//1445 1499//1499 1558//1558
f 2806//2806 2649//2649 2811//2811
f 1682//1682 1625//1625 1514//1514
f 1499//1499 1535//1535 1483//1483
f 1528//1528 1539//1539 1478//1478
f 1499//1499 1483//1483 1558//1558
f 2454//2454 2798//2798 2774//2774
f 1528//1528 1558//1558 1535//1535
f 3079//3079 2793//2793 3117//3117
f 1528//1528 1499//1499 1458//1458
f 1528//1528 1458//1458 1558//1558
f 1478//1478 1458//1458 1475//1475
f 1478//1478 1539//1539 1458//1458
f 1912//1912 1900//1900 1926//1926
f 1475//1475 1483//1483 1458//1458
f 3131//3131 3312//3312 3128//3128
f 3131//3131 3128//3128 3312//3312
f 1590//1590 1595//1595 1461//1461
f 1445//1445 1558//1558 1458//1458
f 1478//1478 1550//1550 1521//1521
f 2065//2065 2050//2050 2098//2098
f 2065//2065 2098//2098 2050//2050
f 1445//1445 1483//1483 1499//1499
f 1528//1528 1475//1475 1458//1458
f 1528//1528 1521//1521 1458//1458
f 1475//1475 1521//1521 1535//1535
f 3097//3097 2973//2973 3016//3016
f 1478//1478 1521//1521 1458//1458
f 2135//2135 2278//2278 2502//2502
f 1478//1478 1458//1458 1521//1521
f 1458//1458 1475//1475 1535//1535
f 3050//3050 3292//3292 3057//3057
f 3229//3229 3223//3223 3132//3132
f 3229//3229 3132//3132 3223//3223
f 3223//3223 3292//3292 3246//3246
f 3191//3191 3057//3057 3292//3292
f 3194//3194 3229//3229 3191//3191
f 3194//3194 3223//3223 3229//3229
f 3158//3158 3219//3219 3278//3278
f 3050//3050 3158//3158 3292//3292
f 3223//3223 3106//3106 3057//3057
f 3050//3050 3057//3057 3106//3106
f 3050//3050 3106//3106 3158//3158
f 3132//3132 3191//3191 3057//3057
f 3132//3132 3194//3194 3191//3191
f 3260//3260 3223//3223 3229//3229
f 3105//3105 3219//3219 3158//3158
f 3103//3103 3099//3099 3206//3206
f 3196//3196 3061//3061 3042//3042
f 3103//3103 3206//3206 3120//3120
f 2007//2007 2210//2210 2120//2120
f 2910//2910 3147//3147 2985//2985
f 3204//3204 3073//3073 3061//3061
f 3204//3204 3196//3196 3073//3073
f 3103//3103 3206//3206 3042//3042
f 2960//2960 3144//3144 2955//2955
f 3103//3103 3042//3042 3099//3099
f 3224//3224 3196//3196 3204//3204
f 3073//3073 3187//3187 3206//3206
f 3204//3204 3187//3187 3196//3196
f 3204//3204 3196//3196 3187//3187
f 2754//2754 3282//3282 3332//3332
f 3196//3196 3206//3206 3187//3187
f 3224//3224 3034//3034 3196//3196
f 3224//3224 3204//3204 3061//3061
f 3196//3196 3034//3034 3061//3061
f 3300//3300 3343//3343 3367//3367
f 1381//1381 1335//1335 1387//1387
f 3196//3196 3061//3061 3187//3187
f 2628//2628 2437//2437 2651//2651
f 2090//2090 2041//2041 1995//1995
f 3120//3120 3187//3187 3073//3073
f 1541//1541 1547//1547 1446//1446
f 1542//1542 1446//1446 1548//1548
f 1554//1554 1486//1486 1463//1463
f 1529//1529 1480//1480 1495//1495
f 1529//1529 1495//1495 1480//1480
f 1544//1544 1480//1480 1453//1453
f 1495//1495 1480//1480 1548//1548
f 1495//1495 1548//1548 1480//1480
f 2934//2934 2967//2967 2885//2885
f 2934//2934 2885//2885 2967//2967
f 1453//1453 1480//1480 1446//1446
f 1453//1453 1446//1446 1463//1463
f 3199//3199 3171//3171 2609//2609
f 1541//1541 1446//1446 1529//1529
f 1925//1925 1719//1719 1935//1935
f 1446//1446 1547//1547 1548//1548
f 1495//1495 1548//1548 1547//1547
f 1446//1446 1547//1547 1529//1529
f 1758//1758 1983//1983 2069//2069
f 1541//1541 1529//1529 1548//1548
f 3298//3298 3236//3236 3310//3310
f 1541//1541 1548//1548 1547//1547
f 1554//1554 1542//1542 1486//1486
f 1495//1495 1529//1529 1548//1548
f 1542//1542 1480//1480 1503//1503
f 1741//1741 1683//1683 1917//1917
f 1542//1542 1503//1503 1548//1548
f 1545//1545 1532//1532 1537//1537
f 1548//1548 1529//1529 1480//1480
f 1594//1594 1528//1528 1674//1674
f 2113//2113 2103//2103 2060//2060
f 3056//3056 2311//2311 2434//2434
f 1718//1718 1694//1694 1768//1768
f 1718//1718 1768//1768 1694//1694
f 64//64 83//83 76//76
f 64//64 76//76 83//83
f 2429//2429 2237//2237 2589//2589
f 1232//1232 1239//1239 1265//1265
f 3077//3077 3065//3065 3058//3058
f 3077//3077 3058//3058 3065//3065
f 424//424 401//401 376//376
f 3578//3578 3621//3621 695//695
f 3083//3083 2812//2812 2802//2802
f 3083//3083 2802//2802 2812//2812
f 733//733 3621//3621 3578//3578
f 3588//3588 747//747 3626//3626
f 375//375 356//356 388//388
f 2235//2235 1998//1998 2156//2156
f 2235//2235 2156//2156 1998//1998
f 392//392 356//356 375//375
f 1427//1427 1557//1557 1381//1381
f 392//392 375//375 386//386
f 388//388 356//356 386//386
f 388//388 356//356 386//386
f 386//386 388//388 425//425
f 392//392 386//386 356//356
f 392//392 356//356 386//386
f 1912//1912 1313//1313 1632//1632
f 2797//2797 2925//2925 3024//3024
f 1644//1644 1246//1246 1233//1233
f 392//392 356//356 358//358
f 392//392 386//386 356//356
f 1597//1597 1644//1644 1590//1590
f 1874//1874 1644//1644 1879//1879
f 1242//1242 1165//1165 1202//1202
f 3426//3426 3340//3340 3358//3358
f 2960//2960 2955//2955 3155//3155
f 2955//2955 3144//3144 3305//3305
f 1616//1616 1625//1625 1685//1685
f 3308//3308 3144//3144 3249//3249
f 2314//2314 2416//2416 2354//2354
f 2134//2134 2140//2140 2194//2194
f 2273//2273 2194//2194 2342//2342
f 2282//2282 2240//2240 2216//2216
f 2318//2318 2487//2487 2331//2331
f 2904//2904 3067//3067 2845//2845
f 2904//2904 2845//2845 2788//2788
f 2788//2788 2845//2845 2770//2770
f 2684//2684 2907//2907 2795//2795
f 2204//2204 2487//2487 2193//2193
f 2287//2287 2193//2193 2487//2487
f 2287//2287 2487//2487 2817//2817
f 2998//2998 2817//2817 2795//2795
f 2204//2204 1984//1984 2120//2120
f 2204//2204 1965//1965 1984//1984
f 2193//2193 1660//1660 1965//1965
f 1615//1615 1772//1772 1835//1835
f 1449//1449 1402//1402 1853//1853
f 1511//1511 1640//1640 1615//1615
f 1729//1729 2007//2007 1835//1835
f 3107//3107 3131//3131 3128//3128
f 3160//3160 3131//3131 3107//3107
f 2251//2251 2216//2216 2240//2240
f 1910//1910 1918//1918 1985//1985
f 1644//1644 1633//1633 1590//1590
f 1874//1874 1633//1633 1644//1644
f 1875//1875 1472//1472 1459//1459
f 1875//1875 1459//1459 1472//1472
f 1590//1590 1459//1459 1472//1472
f 1590//1590 1472//1472 1459//1459
f 1650//1650 1653//1653 1459//1459
f 1875//1875 1627//1627 1472//1472
f 1392//1392 1422//1422 1465//1465
f 1185//1185 1265//1265 1242//1242
f 1422//1422 1265//1265 1465//1465
f 1244//1244 1240//1240 1261//1261
f 1244//1244 1261//1261 1240//1240
f 2238//2238 2122//2122 2217//2217
f 2238//2238 2217//2217 2122//2122
f 1174//1174 1240//1240 1244//1244
f 1174//1174 1244//1244 1240//1240
f 1225//1225 1244//1244 1326//1326
f 2282//2282 2594//2594 2721//2721
f 1378//1378 1415//1415 1454//1454
f 1633//1633 1461//1461 1610//1610
f 2628//2628 2651//2651 2627//2627
f 2628//2628 2627//2627 2651//2651
f 2251//2251 2444//2444 2216//2216
f 2509//2509 2485//2485 2535//2535
f 2509//2509 2535//2535 2485//2485
f 3078//3078 2934//2934 3091//3091
f 3078//3078 3091//3091 2934//2934
f 2625//2625 2442//2442 2645//2645
f 3089//3089 3071//3071 2871//2871
f 2842//2842 2852//2852 2885//2885
f 2852//2852 2604//2604 2806//2806
f 3317//3317 3358//3358 3312//3312
f 3146//3146 3086//3086 3071//3071
f 1577//1577 1511//1511 1517//1517
f 1295//1295 1291//1291 1158//1158
f 3266//3266 3053//3053 3086//3086
f 3395//3395 3430//3430 3388//3388
f 2207//2207 2477//2477 2267//2267
f 3300//3300 3213//3213 3304//3304
f 3430//3430 3417//3417 3455//3455
f 3330//3330 3207//3207 3322//3322
f 1851//1851 2043//2043 1854//1854
f 1367//1367 1358//1358 1363//1363
f 1158//1158 1162//1162 1135//1135
f 2007//2007 2087//2087 2210//2210
f 1729//1729 1640//1640 1837//1837
f 1729//1729 1837//1837 2007//2007
f 1594//1594 1499//1499 1528//1528
f 2007//2007 1837//1837 2087//2087
f 2714//2714 2788//2788 2673//2673
f 2714//2714 2841//2841 2788//2788
f 2277//2277 2264//2264 2197//2197
f 3185//3185 3281//3281 3097//3097
f 1409//1409 2114//2114 1530//1530
f 2082//2082 2114//2114 2227//2227
f 3161//3161 3006//3006 2114//2114
f 1409//1409 3161//3161 2114//2114
f 2424//2424 3006//3006 2468//2468
f 2424//2424 2375//2375 2114//2114
f 2424//2424 2114//2114 3006//3006
f 1409//1409 1402//1402 3134//3134
f 2283//2283 3152//3152 3134//3134
f 2566//2566 2504//2504 2545//2545
f 2307//2307 2721//2721 3016//3016
f 3016//3016 2721//2721 3252//3252
f 2283//2283 1402//1402 1524//1524
f 2283//2283 1853//1853 1402//1402
f 3134//3134 3048//3048 1853//1853
f 2076//2076 2186//2186 2122//2122
f 2424//2424 2471//2471 2416//2416
f 1243//1243 1232//1232 1182//1182
f 1180//1180 1145//1145 1174//1174
f 1180//1180 1174//1174 1145//1145
f 1180//1180 1174//1174 1225//1225
f 2134//2134 2087//2087 2025//2025
f 1578//1578 1839//1839 1759//1759
f 2846//2846 2983//2983 2890//2890
f 3097//3097 3259//3259 3184//3184
f 2684//2684 2403//2403 2723//2723
f 2727//2727 2957//2957 2721//2721
f 79//79 176//176 182//182
f 3252//3252 2721//2721 2957//2957
f 2998//2998 3252//3252 2957//2957
f 1353//1353 1644//1644 1192//1192
f 1644//1644 1344//1344 1192//1192
f 1313//1313 1151//1151 1344//1344
f 1192//1192 1344//1344 1151//1151
f 1912//1912 1235//1235 1151//1151
f 1524//1524 1235//1235 1912//1912
f 2287//2287 2594//2594 2193//2193
f 1912//1912 1632//1632 1636//1636
f 1912//1912 1151//1151 1313//1313
f 1313//1313 1344//1344 1632//1632
f 1837//1837 2077//2077 1984//1984
f 1644//1644 1632//1632 1344//1344
f 3347//3347 3351//3351 3336//3336
f 1644//1644 1660//1660 1898//1898
f 2282//2282 1926//1926 1898//1898
f 2282//2282 1898//1898 2097//2097
f 2097//2097 1898//1898 2127//2127
f 2998//2998 3275//3275 3252//3252
f 3243//3243 3252//3252 3149//3149
f 3365//3365 3413//3413 3340//3340
f 1450//1450 1524//1524 1501//1501
f 3243//3243 3340//3340 3252//3252
f 1912//1912 1926//1926 2282//2282
f 2193//2193 2594//2594 2383//2383
f 2307//2307 2282//2282 2603//2603
f 1225//1225 1189//1189 1209//1209
f 2282//2282 2721//2721 2603//2603
f 3320//3320 3420//3420 3275//3275
f 2594//2594 2365//2365 2383//2383
f 2097//2097 2139//2139 2127//2127
f 2097//2097 2127//2127 2214//2214
f 2118//2118 2071//2071 2181//2181
f 2082//2082 2071//2071 2118//2118
f 2193//2193 2194//2194 2210//2210
f 2414//2414 2210//2210 2194//2194
f 2193//2193 2140//2140 2194//2194
f 2193//2193 2077//2077 2140//2140
f 2134//2134 2194//2194 2140//2140
f 2414//2414 2342//2342 2353//2353
f 2252//2252 2195//2195 2270//2270
f 3282//3282 3400//3400 3332//3332
f 1367//1367 1539//1539 1385//1385
f 2277//2277 2365//2365 2233//2233
f 2318//2318 2331//2331 2120//2120
f 1497//1497 1640//1640 1511//1511
f 2318//2318 2673//2673 2487//2487
f 2007//2007 2673//2673 2318//2318
f 1497//1497 1511//1511 1729//1729
f 1729//1729 1511//1511 1640//1640
f 2134//2134 2025//2025 2140//2140
f 1422//1422 1465//1465 1472//1472
f 1422//1422 1472//1472 1465//1465
f 2118//2118 2181//2181 2251//2251
f 2273//2273 2353//2353 2194//2194
f 2314//2314 2181//2181 2354//2354
f 2307//2307 2354//2354 2227//2227
f 2320//2320 2307//2307 2181//2181
f 2331//2331 2414//2414 2295//2295
f 2295//2295 2414//2414 2263//2263
f 2193//2193 2120//2120 2210//2210
f 2287//2287 2403//2403 2120//2120
f 2287//2287 2193//2193 2210//2210
f 2219//2219 2181//2181 2307//2307
f 2949//2949 2941//2941 2954//2954
f 2287//2287 2120//2120 2193//2193
f 2287//2287 2210//2210 2403//2403
f 2024//2024 2002//2002 2011//2011
f 2331//2331 2295//2295 2120//2120
f 2331//2331 2120//2120 2403//2403
f 3299//3299 3155//3155 3243//3243
f 3249//3249 3144//3144 3149//3149
f 2509//2509 2535//2535 2532//2532
f 2485//2485 2484//2484 2365//2365
f 2485//2485 2365//2365 2484//2484
f 1504//1504 1456//1456 1509//1509
f 2443//2443 2270//2270 2445//2445
f 2444//2444 2452//2452 2277//2277
f 2846//2846 2847//2847 2983//2983
f 3062//3062 2991//2991 3086//3086
f 3207//3207 3127//3127 3322//3322
f 3128//3128 3184//3184 3342//3342
f 2838//2838 2778//2778 2933//2933
f 2649//2649 2778//2778 2791//2791
f 2432//2432 2429//2429 2435//2435
f 2851//2851 2908//2908 2853//2853
f 2851//2851 2853//2853 2908//2908
f 2601//2601 2649//2649 2778//2778
f 2641//2641 2838//2838 2872//2872
f 1320//1320 1298//1298 1276//1276
f 2641//2641 2602//2602 2838//2838
f 2838//2838 2602//2602 2762//2762
f 2365//2365 2270//2270 2233//2233
f 2604//2604 2649//2649 2601//2601
f 2612//2612 2711//2711 2430//2430
f 2532//2532 2601//2601 2602//2602
f 2649//2649 2867//2867 2865//2865
f 3091//3091 2908//2908 3095//3095
f 2252//2252 2270//2270 2431//2431
f 2277//2277 2452//2452 2484//2484
f 2277//2277 2484//2484 2365//2365
f 2342//2342 2194//2194 2235//2235
f 2451//2451 2449//2449 2599//2599
f 2842//2842 2649//2649 2865//2865
f 2883//2883 2870//2870 2649//2649
f 2406//2406 2431//2431 2594//2594
f 3259//3259 3358//3358 3342//3342
f 3279//3279 3320//3320 3207//3207
f 3330//3330 3365//3365 3410//3410
f 2475//2475 2645//2645 2442//2442
f 3375//3375 3363//3363 3419//3419
f 3375//3375 3419//3419 3363//3363
f 3161//3161 3134//3134 3281//3281
f 3082//3082 2975//2975 3077//3077
f 3134//3134 3252//3252 3281//3281
f 3426//3426 3455//3455 3419//3419
f 3340//3340 3413//3413 3252//3252
f 3413//3413 3363//3363 3252//3252
f 3320//3320 3388//3388 3420//3420
f 3281//3281 3252//3252 3363//3363
f 3363//3363 3413//3413 3419//3419
f 3363//3363 3419//3419 3413//3413
f 2424//2424 2474//2474 2427//2427
f 2424//2424 2427//2427 2474//2474
f 2471//2471 2853//2853 2474//2474
f 2853//2853 2474//2474 2721//2721
f 2851//2851 2474//2474 2853//2853
f 2851//2851 2853//2853 2474//2474
f 3006//3006 3016//3016 2972//2972
f 3097//3097 3016//3016 3006//3006
f 2853//2853 2908//2908 2972//2972
f 2853//2853 2972//2972 2908//2908
f 2853//2853 2721//2721 2972//2972
f 3097//3097 3259//3259 3095//3095
f 3097//3097 3095//3095 3016//3016
f 3097//3097 3016//3016 3095//3095
f 3375//3375 3363//3363 3259//3259
f 3279//3279 3241//3241 3086//3086
f 2168//2168 2161//2161 2191//2191
f 3212//3212 3291//3291 3258//3258
f 3375//3375 3413//3413 3419//3419
f 3430//3430 3420//3420 3426//3426
f 3426//3426 3413//3413 3436//3436
f 3426//3426 3436//3436 3413//3413
f 3426//3426 3420//3420 3436//3436
f 3436//3436 3420//3420 3388//3388
f 2393//2393 2323//2323 2358//2358
f 3436//3436 3388//3388 3365//3365
f 3426//3426 3417//3417 3413//3413
f 3426//3426 3413//3413 3417//3417
f 3405//3405 3417//3417 3426//3426
f 3430//3430 3365//3365 3366//3366
f 2403//2403 2342//2342 2449//2449
f 2403//2403 2449//2449 2342//2342
f 3366//3366 3320//3320 3357//3357
f 1367//1367 1231//1231 1358//1358
f 3266//3266 3086//3086 3151//3151
f 3266//3266 3279//3279 3320//3320
f 1541//1541 1592//1592 1697//1697
f 3279//3279 3207//3207 3320//3320
f 1378//1378 1543//1543 1546//1546
f 2845//2845 2907//2907 2841//2841
f 2998//2998 2723//2723 2770//2770
f 3218//3218 3167//3167 3108//3108
f 2845//2845 2896//2896 2998//2998
f 2998//2998 2896//2896 2983//2983
f 3298//3298 3272//3272 3274//3274
f 2845//2845 2841//2841 2723//2723
f 2647//2647 2723//2723 2630//2630
f 2647//2647 2630//2630 2459//2459
f 2647//2647 2459//2459 2684//2684
f 2647//2647 2684//2684 2459//2459
f 3312//3312 3137//3137 3174//3174
f 2647//2647 2684//2684 2723//2723
f 2647//2647 2723//2723 2684//2684
f 2403//2403 2770//2770 2723//2723
f 2684//2684 2770//2770 2449//2449
f 2714//2714 2846//2846 2845//2845
f 1878//1878 2002//2002 1938//1938
f 2714//2714 2845//2845 2723//2723
f 2451//2451 2403//2403 2459//2459
f 2451//2451 2459//2459 2403//2403
f 2403//2403 2194//2194 2342//2342
f 2403//2403 2342//2342 2194//2194
f 2414//2414 2449//2449 2342//2342
f 2596//2596 2618//2618 2474//2474
f 2851//2851 2852//2852 2618//2618
f 3315//3315 3249//3249 3275//3275
f 2604//2604 2419//2419 2603//2603
f 1183//1183 1206//1206 1279//1279
f 1055//1055 991//991 1109//1109
f 2960//2960 2934//2934 3078//3078
f 2260//2260 2382//2382 2164//2164
f 1031//1031 1029//1029 1025//1025
f 2871//2871 2641//2641 2872//2872
f 2871//2871 2866//2866 2608//2608
f 2098//2098 2043//2043 2121//2121
f 3160//3160 3184//3184 3128//3128
f 3207//3207 3086//3086 3127//3127
f 3259//3259 3342//3342 3317//3317
f 2871//2871 2847//2847 2866//2866
f 2608//2608 2641//2641 2847//2847
f 2934//2934 2933//2933 2870//2870
f 2235//2235 2252//2252 2418//2418
f 2282//2282 2216//2216 2444//2444
f 2647//2647 2608//2608 2594//2594
f 2565//2565 2458//2458 2639//2639
f 2596//2596 2603//2603 2618//2618
f 2596//2596 2618//2618 2603//2603
f 2596//2596 2604//2604 2603//2603
f 2596//2596 2603//2603 2604//2604
f 2601//2601 2444//2444 2452//2452
f 2601//2601 2452//2452 2444//2444
f 2960//2960 3340//3340 2934//2934
f 1539//1539 1292//1292 1623//1623
f 3308//3308 3305//3305 3127//3127
f 3097//3097 3091//3091 3095//3095
f 2960//2960 3107//3107 3128//3128
f 3176//3176 2999//2999 3241//3241
f 3320//3320 3322//3322 3410//3410
f 2847//2847 2920//2920 3071//3071
f 3086//3086 2983//2983 2847//2847
f 2842//2842 2865//2865 2867//2867
f 2603//2603 2811//2811 2649//2649
f 2604//2604 2603//2603 2649//2649
f 2449//2449 2594//2594 2599//2599
f 1353//1353 1295//1295 1551//1551
f 2471//2471 2419//2419 2416//2416
f 2471//2471 2474//2474 2419//2419
f 2647//2647 2795//2795 2684//2684
f 2067//2067 2108//2108 2167//2167
f 2474//2474 2618//2618 2419//2419
f 2418//2418 2594//2594 2431//2431
f 2484//2484 2445//2445 2270//2270
f 3453//3453 3447//3447 3457//3457
f 3050//3050 3260//3260 2938//2938
f 2604//2604 2601//2601 2452//2452
f 3308//3308 3127//3127 3089//3089
f 3102//3102 2960//2960 3155//3155
f 3102//3102 3155//3155 2960//2960
f 3315//3315 3352//3352 3308//3308
f 3089//3089 2871//2871 2898//2898
f 2871//2871 2933//2933 2898//2898
f 2641//2641 2866//2866 2847//2847
f 2846//2846 2709//2709 2594//2594
f 2608//2608 2599//2599 2594//2594
f 2443//2443 2445//2445 2485//2485
f 2509//2509 2532//2532 2601//2601
f 3243//3243 2955//2955 3312//3312
f 3078//3078 2891//2891 2867//2867
f 2852//2852 2908//2908 3091//3091
f 2852//2852 2806//2806 2811//2811
f 2603//2603 2618//2618 2811//2811
f 2416//2416 2603//2603 2433//2433
f 2416//2416 2433//2433 2354//2354
f 2608//2608 2866//2866 2641//2641
f 2960//2960 2934//2934 2955//2955
f 2842//2842 2604//2604 2649//2649
f 2535//2535 2485//2485 2484//2484
f 2509//2509 2532//2532 2485//2485
f 2443//2443 2608//2608 2445//2445
f 2443//2443 2602//2602 2608//2608
f 2353//2353 2431//2431 2418//2418
f 2353//2353 2608//2608 2594//2594
f 2846//2846 2594//2594 2608//2608
f 3279//3279 3207//3207 3322//3322
f 3146//3146 3127//3127 3086//3086
f 3308//3308 3352//3352 3305//3305
f 3330//3330 3352//3352 3365//3365
f 1541//1541 1620//1620 1547//1547
f 3358//3358 3315//3315 3352//3352
f 3317//3317 3342//3342 3358//3358
f 3259//3259 3317//3317 3184//3184
f 3317//3317 3312//3312 3342//3342
f 3160//3160 3091//3091 3184//3184
f 3107//3107 3078//3078 2934//2934
f 3078//3078 2897//2897 2883//2883
f 3078//3078 2885//2885 2891//2891
f 2852//2852 2891//2891 2885//2885
f 2852//2852 2867//2867 2891//2891
f 2852//2852 2649//2649 2604//2604
f 3171//3171 3267//3267 3331//3331
f 1863//1863 1745//1745 1859//1859
f 2416//2416 2419//2419 2604//2604
f 2251//2251 2433//2433 2444//2444
f 3243//3243 3155//3155 3275//3275
f 2127//2127 2233//2233 2383//2383
f 3102//3102 3149//3149 3144//3144
f 3315//3315 3275//3275 3299//3299
f 3281//3281 3363//3363 3375//3375
f 3375//3375 3419//3419 3417//3417
f 2451//2451 2459//2459 2414//2414
f 2714//2714 2723//2723 2841//2841
f 2714//2714 2630//2630 2723//2723
f 2841//2841 2998//2998 2999//2999
f 3395//3395 3420//3420 3430//3430
f 3375//3375 3259//3259 3281//3281
f 2858//2858 2972//2972 2908//2908
f 2851//2851 2858//2858 2908//2908
f 2973//2973 2972//2972 2858//2858
f 3006//3006 2972//2972 2973//2973
f 2851//2851 2468//2468 2858//2858
f 2424//2424 2468//2468 2474//2474
f 2471//2471 2474//2474 2468//2468
f 2846//2846 2890//2890 2724//2724
f 3062//3062 2983//2983 2991//2991
f 2851//2851 2471//2471 2973//2973
f 3357//3357 3352//3352 3405//3405
f 2584//2584 2435//2435 2609//2609
f 2041//2041 2090//2090 2089//2089
f 3366//3366 3357//3357 3279//3279
f 3366//3366 3279//3279 3320//3320
f 2851//2851 2973//2973 3095//3095
f 3097//3097 3095//3095 2973//2973
f 2714//2714 2451//2451 2890//2890
f 2414//2414 2353//2353 2406//2406
f 3083//3083 3084//3084 3018//3018
f 3430//3430 3366//3366 3357//3357
f 2851//2851 2973//2973 2596//2596
f 2851//2851 2596//2596 2471//2471
f 2851//2851 2471//2471 2596//2596
f 2282//2282 2277//2277 2214//2214
f 2612//2612 2558//2558 2472//2472
f 2732//2732 2727//2727 2594//2594
f 2817//2817 2920//2920 2732//2732
f 3059//3059 3016//3016 3252//3252
f 3059//3059 3252//3252 3152//3152
f 3067//3067 2998//2998 2795//2795
f 1795//1795 2025//2025 1837//1837
f 3151//3151 2998//2998 3067//3067
f 3151//3151 2998//2998 3053//3053
f 3151//3151 3241//3241 2998//2998
f 1602//1602 2082//2082 1650//1650
f 3185//3185 3252//3252 3281//3281
f 3161//3161 3134//3134 2986//2986
f 3343//3343 3255//3255 3217//3217
f 3161//3161 3252//3252 3134//3134
f 3059//3059 2986//2986 3252//3252
f 3266//3266 3176//3176 3241//3241
f 3161//3161 3281//3281 3252//3252
f 1302//1302 1844//1844 1777//1777
f 3006//3006 2986//2986 3097//3097
f 2998//2998 3241//3241 2999//2999
f 3185//3185 3097//3097 3059//3059
f 3185//3185 3059//3059 3252//3252
f 3059//3059 3097//3097 2986//2986
f 3134//3134 3252//3252 2986//2986
f 1242//1242 1313//1313 1344//1344
f 2197//2197 2083//2083 2066//2066
f 1556//1556 1539//1539 1558//1558
f 1661//1661 1472//1472 1465//1465
f 1477//1477 1574//1574 1444//1444
f 1551//1551 1508//1508 1574//1574
f 1597//1597 1242//1242 1469//1469
f 1242//1242 1344//1344 1240//1240
f 1244//1244 1240//1240 1261//1261
f 1910//1910 1918//1918 2064//2064
f 2127//2127 2233//2233 2195//2195
f 2066//2066 1947//1947 1926//1926
f 1597//1597 1644//1644 1454//1454
f 1916//1916 2059//2059 2013//2013
f 2077//2077 1898//1898 2140//2140
f 1898//1898 1896//1896 1698//1698
f 2025//2025 1896//1896 2077//2077
f 1795//1795 1698//1698 1896//1896
f 1461//1461 1633//1633 1477//1477
f 1956//1956 1955//1955 1959//1959
f 1244//1244 1192//1192 1240//1240
f 1597//1597 1454//1454 1240//1240
f 1298//1298 1202//1202 1235//1235
f 1174//1174 1165//1165 1192//1192
f 2082//2082 2118//2118 2106//2106
f 2082//2082 2071//2071 2031//2031
f 2082//2082 2031//2031 2071//2071
f 1233//1233 1353//1353 1189//1189
f 1361//1361 1405//1405 1291//1291
f 1232//1232 1268//1268 1239//1239
f 3150//3150 2572//2572 2386//2386
f 1874//1874 1879//1879 1633//1633
f 1143//1143 1151//1151 1156//1156
f 1135//1135 1140//1140 1145//1145
f 1158//1158 1224//1224 1162//1162
f 1309//1309 1417//1417 1402//1402
f 1259//1259 1276//1276 1269//1269
f 1524//1524 1417//1417 1235//1235
f 2156//2156 2179//2179 2075//2075
f 1224//1224 1291//1291 1162//1162
f 1140//1140 1291//1291 1192//1192
f 1353//1353 1192//1192 1291//1291
f 2082//2082 2071//2071 2031//2031
f 2132//2132 2181//2181 2071//2071
f 1650//1650 2071//2071 1665//1665
f 1797//1797 1665//1665 2071//2071
f 1797//1797 2071//2071 1665//1665
f 2031//2031 1665//1665 2071//2071
f 3155//3155 3149//3149 3264//3264
f 1243//1243 1235//1235 1172//1172
f 1243//1243 1357//1357 1235//1235
f 1243//1243 1235//1235 1357//1357
f 1357//1357 1309//1309 1501//1501
f 2749//2749 2849//2849 3098//3098
f 1967//1967 1942//1942 2034//2034
f 1172//1172 1151//1151 1182//1182
f 1172//1172 1182//1182 1151//1151
f 2479//2479 2509//2509 2485//2485
f 1206//1206 1173//1173 1213//1213
f 1189//1189 1162//1162 1140//1140
f 1140//1140 1202//1202 1151//1151
f 1235//1235 1172//1172 1202//1202
f 1174//1174 1192//1192 1140//1140
f 1180//1180 1189//1189 1174//1174
f 2142//2142 2276//2276 2126//2126
f 2213//2213 2345//2345 2267//2267
f 1151//1151 1145//1145 1140//1140
f 2398//2398 2267//2267 2177//2177
f 1172//1172 1235//1235 1182//1182
f 1209//1209 1162//1162 1224//1224
f 1224//1224 1162//1162 1353//1353
f 1353//1353 1162//1162 1189//1189
f 1353//1353 1189//1189 1224//1224
f 1444//1444 1384//1384 1326//1326
f 1444//1444 1326//1326 1384//1384
f 1209//1209 1224//1224 1189//1189
f 1517//1517 1444//1444 1551//1551
f 1517//1517 1295//1295 1444//1444
f 1639//1639 1615//1615 1574//1574
f 1261//1261 1240//1240 1344//1344
f 2007//2007 1837//1837 1984//1984
f 1837//1837 1640//1640 1615//1615
f 1772//1772 1615//1615 1984//1984
f 1772//1772 1984//1984 1615//1615
f 1837//1837 1772//1772 1639//1639
f 1639//1639 1772//1772 1615//1615
f 2025//2025 2087//2087 2077//2077
f 1225//1225 1326//1326 1353//1353
f 2118//2118 2066//2066 2091//2091
f 1947//1947 2106//2106 1926//1926
f 2134//2134 2086//2086 2140//2140
f 1597//1597 1590//1590 1469//1469
f 63//63 46//46 117//117
f 1590//1590 1472//1472 1469//1469
f 1627//1627 1469//1469 1472//1472
f 1910//1910 2013//2013 1918//1918
f 1639//1639 1660//1660 1874//1874
f 1597//1597 1595//1595 1644//1644
f 1597//1597 1636//1636 1590//1590
f 1627//1627 1590//1590 1636//1636
f 1661//1661 1653//1653 1672//1672
f 1661//1661 1672//1672 1653//1653
f 1653//1653 1875//1875 1882//1882
f 1850//1850 1906//1906 1928//1928
f 1947//1947 2083//2083 1926//1926
f 2066//2066 2216//2216 2083//2083
f 3082//3082 3088//3088 3077//3077
f 1910//1910 1898//1898 1896//1896
f 1597//1597 1590//1590 1265//1265
f 1393//1393 1242//1242 1265//1265
f 1590//1590 1261//1261 1434//1434
f 1242//1242 1422//1422 1469//1469
f 1242//1242 1265//1265 1422//1422
f 1244//1244 1384//1384 1233//1233
f 1459//1459 1672//1672 1465//1465
f 1465//1465 1239//1239 1357//1357
f 1447//1447 1477//1477 1444//1444
f 1421//1421 1509//1509 1456//1456
f 1882//1882 1652//1652 1672//1672
f 2194//2194 2086//2086 2235//2235
f 2195//2195 2252//2252 2064//2064
f 2097//2097 2127//2127 2013//2013
f 2197//2197 2013//2013 2083//2083
f 2282//2282 2197//2197 2240//2240
f 2742//2742 2751//2751 2477//2477
f 2013//2013 2066//2066 2083//2083
f 1393//1393 1313//1313 1242//1242
f 1438//1438 1393//1393 1565//1565
f 1244//1244 1233//1233 1384//1384
f 1590//1590 1240//1240 1261//1261
f 1660//1660 1574//1574 1477//1477
f 1879//1879 1660//1660 1633//1633
f 2252//2252 2235//2235 2086//2086
f 1698//1698 1874//1874 1898//1898
f 2195//2195 2270//2270 2252//2252
f 2240//2240 2216//2216 2197//2197
f 2590//2590 3145//3145 2917//2917
f 2233//2233 2127//2127 2139//2139
f 1597//1597 1469//1469 1472//1472
f 1450//1450 1465//1465 1459//1459
f 1627//1627 1636//1636 1469//1469
f 1650//1650 1465//1465 1572//1572
f 122//122 184//184 180//180
f 1716//1716 1712//1712 1709//1709
f 2071//2071 1926//1926 1900//1900
f 1709//1709 1882//1882 1875//1875
f 1912//1912 1882//1882 1712//1712
f 1874//1874 1660//1660 1879//1879
f 1910//1910 2064//2064 2086//2086
f 2066//2066 1926//1926 2083//2083
f 2855//2855 2856//2856 2966//2966
f 2855//2855 2966//2966 2856//2856
f 1597//1597 1461//1461 1595//1595
f 1378//1378 1447//1447 1384//1384
f 1261//1261 1240//1240 1415//1415
f 1185//1185 1242//1242 1202//1202
f 1392//1392 1465//1465 1459//1459
f 1597//1597 1472//1472 1590//1590
f 1650//1650 1459//1459 1465//1465
f 2161//2161 2255//2255 2191//2191
f 1661//1661 1875//1875 1472//1472
f 1910//1910 1874//1874 1918//1918
f 3274//3274 3221//3221 3237//3237
f 1900//1900 1916//1916 1875//1875
f 2097//2097 2127//2127 2139//2139
f 2097//2097 2139//2139 2127//2127
f 1676//1676 1557//1557 1758//1758
f 1409//1409 1309//1309 1402//1402
f 1577//1577 1517//1517 1551//1551
f 1135//1135 1145//1145 1140//1140
f 1602//1602 1530//1530 1650//1650
f 1450//1450 1530//1530 1524//1524
f 1051//1051 1033//1033 1013//1013
f 1524//1524 1530//1530 1501//1501
f 2082//2082 2031//2031 2114//2114
f 1795//1795 1896//1896 2025//2025
f 1209//1209 1353//1353 1326//1326
f 1326//1326 1225//1225 1209//1209
f 1243//1243 1235//1235 1232//1232
f 3082//3082 2812//2812 3083//3083
f 1243//1243 1298//1298 1235//1235
f 1459//1459 1465//1465 1357//1357
f 1450//1450 1459//1459 1357//1357
f 3060//3060 3115//3115 3175//3175
f 3060//3060 3175//3175 3115//3115
f 2134//2134 2077//2077 2087//2087
f 1326//1326 1224//1224 1225//1225
f 1225//1225 1224//1224 1209//1209
f 1180//1180 1225//1225 1209//1209
f 3356//3356 3353//3353 3382//3382
f 3356//3356 3382//3382 3353//3353
f 1402//1402 1516//1516 1526//1526
f 1409//1409 1402//1402 1417//1417
f 1517//1517 1511//1511 1531//1531
f 1450//1450 1309//1309 1417//1417
f 1309//1309 1272//1272 1417//1417
f 1409//1409 1516//1516 1402//1402
f 1450//1450 1417//1417 1530//1530
f 1524//1524 1526//1526 1516//1516
f 2007//2007 2120//2120 2263//2263
f 2181//2181 2114//2114 2155//2155
f 1295//1295 1353//1353 1291//1291
f 1531//1531 1353//1353 1551//1551
f 1361//1361 1291//1291 1531//1531
f 1402//1402 1526//1526 1417//1417
f 1524//1524 1417//1417 1526//1526
f 1309//1309 1417//1417 1272//1272
f 1392//1392 1469//1469 1422//1422
f 1392//1392 1422//1422 1469//1469
f 1422//1422 1469//1469 1465//1465
f 1422//1422 1465//1465 1469//1469
f 1378//1378 1454//1454 1447//1447
f 1378//1378 1447//1447 1454//1454
f 3010//3010 2905//2905 3209//3209
f 3160//3160 3107//3107 3091//3091
f 3160//3160 3091//3091 3107//3107
f 1873//1873 1897//1897 1869//1869
f 3317//3317 3340//3340 3312//3312
f 3317//3317 3312//3312 3340//3340
f 3317//3317 3358//3358 3340//3340
f 3317//3317 3340//3340 3358//3358
f 1233//1233 1246//1246 1192//1192
f 1225//1225 1192//1192 1244//1244
f 1244//1244 1246//1246 1192//1192
f 1244//1244 1192//1192 1246//1246
f 1232//1232 1239//1239 1202//1202
f 1232//1232 1202//1202 1239//1239
f 1232//1232 1202//1202 1185//1185
f 1232//1232 1185//1185 1202//1202
f 2608//2608 2594//2594 2641//2641
f 2608//2608 2641//2641 2594//2594
f 2594//2594 2641//2641 2602//2602
f 2594//2594 2602//2602 2641//2641
f 2050//2050 2002//2002 2049//2049
f 2050//2050 2049//2049 2002//2002
f 2780//2780 3082//3082 3077//3077
f 2608//2608 2594//2594 2602//2602
f 2608//2608 2602//2602 2594//2594
f 2602//2602 2608//2608 2641//2641
f 2602//2602 2641//2641 2608//2608
f 2602//2602 2641//2641 2594//2594
f 2602//2602 2594//2594 2641//2641
f 2352//2352 2253//2253 2228//2228
f 2604//2604 2603//2603 2601//2601
f 2604//2604 2601//2601 2603//2603
f 2001//2001 2115//2115 1941//1941
f 3330//3330 3322//3322 3365//3365
f 3330//3330 3365//3365 3322//3322
f 3330//3330 3305//3305 3322//3322
f 3330//3330 3322//3322 3305//3305
f 1232//1232 1185//1185 1239//1239
f 1232//1232 1239//1239 1185//1185
f 1898//1898 1885//1885 1845//1845
f 1898//1898 1926//1926 1885//1885
f 2864//2864 2975//2975 2854//2854
f 1393//1393 1438//1438 1313//1313
f 1202//1202 1151//1151 1239//1239
f 3308//3308 3365//3365 3322//3322
f 3308//3308 3322//3322 3365//3365
f 3365//3365 3322//3322 3420//3420
f 1313//1313 1438//1438 1344//1344
f 3243//3243 3275//3275 3340//3340
f 3365//3365 3340//3340 3275//3275
f 1146//1146 1128//1128 1150//1150
f 1438//1438 1565//1565 1434//1434
f 3426//3426 3365//3365 3315//3315
f 2282//2282 2601//2601 2603//2603
f 2282//2282 2603//2603 2601//2601
f 1892//1892 1842//1842 2124//2124
f 1597//1597 1918//1918 1879//1879
f 1916//1916 1597//1597 1636//1636
f 1392//1392 1465//1465 1422//1422
f 3190//3190 3175//3175 3110//3110
f 1341//1341 1578//1578 1420//1420
f 2150//2150 2065//2065 2041//2041
f 2150//2150 2041//2041 2065//2065
f 2572//2572 2616//2616 2386//2386
f 1594//1594 1674//1674 1813//1813
f 3079//3079 3037//3037 3087//3087
f 2221//2221 2094//2094 2158//2158
f 1341//1341 1396//1396 1267//1267
f 1420//1420 1267//1267 1396//1396
f 3190//3190 3110//3110 3044//3044
f 2150//2150 2301//2301 2349//2349
f 1433//1433 2434//2434 2338//2338
f 2517//2517 2393//2393 2458//2458
f 2267//2267 2345//2345 2388//2388
f 2150//2150 2349//2349 2184//2184
f 2150//2150 1978//1978 2203//2203
f 2014//2014 2049//2049 2002//2002
f 2017//2017 1960//1960 1950//1950
f 1852//1852 2065//2065 2050//2050
f 1852//1852 2050//2050 2065//2065
f 1747//1747 1727//1727 1519//1519
f 1747//1747 1519//1519 1727//1727
f 2203//2203 2072//2072 2303//2303
f 1389//1389 1319//1319 1401//1401
f 2065//2065 2094//2094 2043//2043
f 3110//3110 2221//2221 3093//3093
f 3190//3190 2616//2616 3139//3139
f 2616//2616 3150//3150 3139//3139
f 2616//2616 2572//2572 3150//3150
f 2184//2184 2158//2158 2094//2094
f 2184//2184 2349//2349 2221//2221
f 1730//1730 1811//1811 1796//1796
f 2065//2065 1770//1770 1852//1852
f 3320//3320 3241//3241 3388//3388
f 1852//1852 1770//1770 1829//1829
f 1770//1770 1319//1319 1829//1829
f 1401//1401 1770//1770 1836//1836
f 1759//1759 1319//1319 1688//1688
f 3079//3079 3226//3226 3087//3087
f 1333//1333 1688//1688 1319//1319
f 1759//1759 1688//1688 1333//1333
f 1420//1420 1333//1333 1267//1267
f 1420//1420 1578//1578 1759//1759
f 3087//3087 3150//3150 2386//2386
f 2522//2522 2386//2386 2301//2301
f 2522//2522 2301//2301 2203//2203
f 1759//1759 1978//1978 2020//2020
f 1829//1829 1759//1759 2020//2020
f 1578//1578 1676//1676 1839//1839
f 3172//3172 2864//2864 2785//2785
f 2177//2177 2276//2276 2142//2142
f 3175//3175 3077//3077 3082//3082
f 3066//3066 2820//2820 2761//2761
f 2221//2221 2506//2506 2519//2519
f 1702//1702 1429//1429 1693//1693
f 2111//2111 2159//2159 2167//2167
f 2050//2050 2049//2049 2037//2037
f 1289//1289 1330//1330 1643//1643
f 3117//3117 2793//2793 2809//2809
f 3172//3172 3035//3035 2864//2864
f 3172//3172 3037//3037 3035//3035
f 2864//2864 3035//3035 3037//3037
f 2241//2241 2137//2137 2190//2190
f 1833//1833 1753//1753 1822//1822
f 3228//3228 2826//2826 3165//3165
f 2385//2385 2381//2381 2611//2611
f 2229//2229 2296//2296 2175//2175
f 2041//2041 2055//2055 2158//2158
f 1224//1224 1353//1353 1189//1189
f 2742//2742 2905//2905 2751//2751
f 2175//2175 2494//2494 2303//2303
f 2041//2041 2149//2149 2080//2080
f 1753//1753 1833//1833 1396//1396
f 2864//2864 3037//3037 2809//2809
f 2494//2494 2809//2809 2793//2793
f 2703//2703 2692//2692 2702//2702
f 2785//2785 2809//2809 2576//2576
f 3117//3117 2809//2809 3037//3037
f 2576//2576 2809//2809 2494//2494
f 1948//1948 2080//2080 2175//2175
f 2072//2072 1948//1948 2175//2175
f 1822//1822 1855//1855 2080//2080
f 1833//1833 1822//1822 1948//1948
f 1753//1753 1643//1643 1818//1818
f 3082//3082 3088//3088 3018//3018
f 2229//2229 2149//2149 2158//2158
f 1753//1753 1818//1818 1822//1822
f 2229//2229 2158//2158 2296//2296
f 1818//1818 1766//1766 1847//1847
f 2962//2962 2939//2939 2754//2754
f 1643//1643 1766//1766 1818//1818
f 2864//2864 2809//2809 2785//2785
f 2785//2785 2576//2576 2611//2611
f 2785//2785 2611//2611 3068//3068
f 1407//1407 1787//1787 1368//1368
f 2780//2780 2820//2820 3082//3082
f 2820//2820 2506//2506 2761//2761
f 1854//1854 2055//2055 1847//1847
f 1316//1316 1302//1302 1777//1777
f 2519//2519 2506//2506 2055//2055
f 2055//2055 2381//2381 2158//2158
f 1847//1847 1766//1766 1777//1777
f 1836//1836 1854//1854 1844//1844
f 1836//1836 1844//1844 1854//1854
f 1777//1777 1844//1844 1854//1854
f 1183//1183 1177//1177 1206//1206
f 3035//3035 2703//2703 2975//2975
f 3079//3079 2815//2815 2793//2793
f 1676//1676 1833//1833 1839//1839
f 1676//1676 1396//1396 1833//1833
f 998//998 1120//1120 1127//1127
f 1578//1578 1396//1396 1676//1676
f 1578//1578 1341//1341 1396//1396
f 1836//1836 1844//1844 1302//1302
f 3079//3079 3172//3172 3226//3226
f 1841//1841 1967//1967 1902//1902
f 1267//1267 1289//1289 1341//1341
f 2041//2041 2020//2020 2065//2065
f 2020//2020 2080//2080 1855//1855
f 1829//1829 1855//1855 1818//1818
f 1829//1829 1818//1818 1852//1852
f 1852//1852 1818//1818 1847//1847
f 2041//2041 2065//2065 1852//1852
f 2301//2301 2385//2385 2296//2296
f 2349//2349 2301//2301 2296//2296
f 1978//1978 1948//1948 2072//2072
f 2043//2043 2055//2055 1854//1854
f 1770//1770 1777//1777 1766//1766
f 1770//1770 1766//1766 1777//1777
f 2528//2528 2571//2571 2575//2575
f 2094//2094 2055//2055 2043//2043
f 1851//1851 1854//1854 1844//1844
f 1851//1851 1844//1844 1854//1854
f 2632//2632 2326//2326 2480//2480
f 1839//1839 1833//1833 1948//1948
f 1839//1839 1948//1948 1978//1978
f 1578//1578 1753//1753 1396//1396
f 1578//1578 1396//1396 1753//1753
f 2303//2303 2203//2203 2175//2175
f 3079//3079 3087//3087 3035//3035
f 3079//3079 3035//3035 3037//3037
f 2237//2237 2131//2131 2163//2163
f 2965//2965 3353//3353 3356//3356
f 1267//1267 1333//1333 1289//1289
f 1319//1319 1316//1316 1330//1330
f 1319//1319 1330//1330 1333//1333
f 1333//1333 1330//1330 1289//1289
f 3348//3348 3343//3343 3257//3257
f 2989//2989 3143//3143 3129//3129
f 1128//1128 1133//1133 1112//1112
f 2150//2150 2065//2065 2149//2149
f 2938//2938 2751//2751 3050//3050
f 2150//2150 2149//2149 2158//2158
f 2150//2150 2149//2149 2065//2065
f 3110//3110 3066//3066 2761//2761
f 3087//3087 2864//2864 2809//2809
f 2041//2041 2050//2050 2065//2065
f 2041//2041 2065//2065 2050//2050
f 3190//3190 3077//3077 3175//3175
f 1541//1541 1697//1697 1620//1620
f 3150//3150 3136//3136 3077//3077
f 3226//3226 3172//3172 3150//3150
f 2842//2842 2806//2806 2813//2813
f 2008//2008 1973//1973 1947//1947
f 1751//1751 1720//1720 1703//1703
f 2806//2806 2752//2752 2615//2615
f 1392//1392 1708//1708 1661//1661
f 1392//1392 1661//1661 1708//1708
f 2235//2235 2156//2156 2337//2337
f 2235//2235 2337//2337 2156//2156
f 3330//3330 3327//3327 3305//3305
f 1228//1228 1267//1267 1284//1284
f 1568//1568 1312//1312 1427//1427
f 3008//3008 1629//1629 1297//1297
f 1721//1721 1557//1557 1568//1568
f 1568//1568 1557//1557 1427//1427
f 1850//1850 1928//1928 1983//1983
f 1850//1850 1983//1983 1758//1758
f 2075//2075 2069//2069 1983//1983
f 1225//1225 1251//1251 1244//1244
f 1676//1676 1758//1758 1720//1720
f 2143//2143 3014//3014 2241//2241
f 3014//3014 2143//2143 1988//1988
f 3032//3032 2408//2408 2241//2241
f 2954//2954 2943//2943 2967//2967
f 3032//3032 2241//2241 3014//3014
f 2154//2154 1715//1715 2084//2084
f 2408//2408 1715//1715 2154//2154
f 1381//1381 1387//1387 3014//3014
f 1381//1381 3014//3014 1988//1988
f 2241//2241 2137//2137 2143//2143
f 2399//2399 2450//2450 2949//2949
f 2137//2137 1988//1988 2143//2143
f 1427//1427 1557//1557 1568//1568
f 1617//1617 3060//3060 1441//1441
f 1975//1975 3060//3060 1935//1935
f 1975//1975 2454//2454 3060//3060
f 1392//1392 1661//1661 1297//1297
f 1661//1661 1617//1617 1297//1297
f 1709//1709 1677//1677 1708//1708
f 1973//1973 1982//1982 1930//1930
f 2008//2008 2454//2454 1975//1975
f 2235//2235 2179//2179 2337//2337
f 2235//2235 2156//2156 2075//2075
f 1998//1998 1968//1968 1928//1928
f 1998//1998 1928//1928 1968//1968
f 1964//1964 1942//1942 1871//1871
f 1964//1964 1871//1871 1942//1942
f 1325//1325 1616//1616 1336//1336
f 1751//1751 1703//1703 1720//1720
f 1703//1703 1676//1676 1720//1720
f 1703//1703 1720//1720 1676//1676
f 3450//3450 3462//3462 3380//3380
f 1378//1378 1427//1427 1543//1543
f 1286//1286 1268//1268 1232//1232
f 1286//1286 1232//1232 1268//1268
f 1286//1286 1239//1239 1268//1268
f 1617//1617 1677//1677 1935//1935
f 2951//2951 2404//2404 2513//2513
f 1850//1850 2069//2069 1928//1928
f 3070//3070 2775//2775 3002//3002
f 1754//1754 1720//1720 1758//1758
f 1754//1754 1906//1906 1795//1795
f 1754//1754 1795//1795 1720//1720
f 1754//1754 1758//1758 1850//1850
f 3083//3083 3088//3088 3084//3084
f 1754//1754 1850//1850 1906//1906
f 1381//1381 1312//1312 1335//1335
f 1258//1258 1269//1269 1335//1335
f 1351//1351 1441//1441 2225//2225
f 3077//3077 2775//2775 3070//3070
f 1387//1387 1466//1466 3014//3014
f 1466//1466 3047//3047 3014//3014
f 1326//1326 1353//1353 1224//1224
f 1427//1427 1312//1312 1557//1557
f 3063//3063 2944//2944 2669//2669
f 2944//2944 2711//2711 2669//2669
f 2711//2711 2612//2612 2430//2430
f 1367//1367 1385//1385 1512//1512
f 2069//2069 1983//1983 2430//2430
f 2316//2316 2348//2348 2304//2304
f 2316//2316 2304//2304 2348//2348
f 3290//3290 3192//3192 3215//3215
f 2711//2711 2430//2430 2669//2669
f 2154//2154 2669//2669 2430//2430
f 2154//2154 2430//2430 1983//1983
f 1557//1557 1715//1715 1758//1758
f 1312//1312 1715//1715 1557//1557
f 1381//1381 1715//1715 1312//1312
f 1351//1351 1466//1466 1387//1387
f 1351//1351 1387//1387 1335//1335
f 1973//1973 1930//1930 1925//1925
f 1765//1765 1907//1907 1930//1930
f 1718//1718 1892//1892 2022//2022
f 1276//1276 1297//1297 1335//1335
f 1320//1320 1297//1297 1276//1276
f 1320//1320 1276//1276 1297//1297
f 1228//1228 1244//1244 1267//1267
f 1703//1703 1676//1676 1720//1720
f 2944//2944 2784//2784 2711//2711
f 3063//3063 3123//3123 3135//3135
f 3063//3063 3135//3135 3123//3123
f 3060//3060 2798//2798 3115//3115
f 3060//3060 2454//2454 2798//2798
f 2543//2543 2550//2550 2519//2519
f 2494//2494 2515//2515 2472//2472
f 2494//2494 2472//2472 2515//2515
f 2800//2800 2784//2784 2833//2833
f 2800//2800 2833//2833 2784//2784
f 3146//3146 2944//2944 3096//3096
f 2991//2991 2944//2944 3146//3146
f 2991//2991 2833//2833 2784//2784
f 3262//3262 3226//3226 3286//3286
f 3262//3262 3286//3286 3330//3330
f 3261//3261 3293//3293 3173//3173
f 3191//3191 3193//3193 3301//3301
f 2454//2454 2550//2550 2798//2798
f 2014//2014 2049//2049 1886//1886
f 2786//2786 2550//2550 2752//2752
f 2217//2217 2119//2119 2141//2141
f 3166//3166 3123//3123 3226//3226
f 3137//3137 3173//3173 3293//3293
f 3137//3137 3293//3293 3170//3170
f 3123//3123 3170//3170 3226//3226
f 2757//2757 2670//2670 2711//2711
f 2670//2670 2612//2612 2711//2711
f 3255//3255 3213//3213 3217//3217
f 3032//3032 3055//3055 3123//3123
f 3137//3137 3055//3055 3072//3072
f 3137//3137 3170//3170 3123//3123
f 3173//3173 3137//3137 3072//3072
f 3173//3173 3072//3072 3137//3137
f 3060//3060 3072//3072 3047//3047
f 2157//2157 2191//2191 2262//2262
f 2034//2034 2067//2067 1807//1807
f 2240//2240 2197//2197 2231//2231
f 2808//2808 2743//2743 2794//2794
f 3063//3063 3032//3032 3123//3123
f 1847//1847 1854//1854 1904//1904
f 2524//2524 2519//2519 2454//2454
f 2534//2534 2494//2494 2558//2558
f 2284//2284 2345//2345 2351//2351
f 3227//3227 3175//3175 3115//3115
f 3063//3063 3096//3096 2944//2944
f 2434//2434 2261//2261 2749//2749
f 3330//3330 3286//3286 3226//3226
f 2137//2137 2408//2408 2084//2084
f 2238//2238 2362//2362 2217//2217
f 2154//2154 2084//2084 2408//2408
f 2043//2043 2037//2037 2014//2014
f 3014//3014 2101//2101 2241//2241
f 2408//2408 2154//2154 2729//2729
f 2241//2241 2101//2101 2137//2137
f 2408//2408 2190//2190 2137//2137
f 3032//3032 2241//2241 2729//2729
f 3032//3032 3055//3055 2241//2241
f 2408//2408 2241//2241 2190//2190
f 1383//1383 1412//1412 1745//1745
f 1661//1661 1629//1629 1617//1617
f 1661//1661 1617//1617 1629//1629
f 1392//1392 1629//1629 1661//1661
f 1392//1392 1297//1297 1629//1629
f 1765//1765 1708//1708 1719//1719
f 2008//2008 1957//1957 1935//1935
f 2524//2524 2222//2222 2454//2454
f 2008//2008 2222//2222 2524//2524
f 2235//2235 2179//2179 2156//2156
f 2235//2235 2321//2321 2179//2179
f 2235//2235 2337//2337 2321//2321
f 2337//2337 2472//2472 2321//2321
f 1976//1976 1968//1968 1928//1928
f 1754//1754 1720//1720 1751//1751
f 1378//1378 1568//1568 1427//1427
f 1378//1378 1546//1546 1568//1568
f 1268//1268 1269//1269 1276//1276
f 1268//1268 1276//1276 1298//1298
f 1907//1907 1719//1719 1925//1925
f 1975//1975 1719//1719 1629//1629
f 1676//1676 1720//1720 1850//1850
f 1258//1258 1335//1335 1269//1269
f 1381//1381 1335//1335 1258//1258
f 1387//1387 1390//1390 2101//2101
f 3410//3410 3418//3418 3329//3329
f 3072//3072 1743//1743 1705//1705
f 1387//1387 2101//2101 3014//3014
f 3032//3032 2729//2729 3063//3063
f 2154//2154 1983//1983 2430//2430
f 2135//2135 1673//1673 2340//2340
f 2069//2069 2430//2430 1983//1983
f 1851//1851 1856//1856 1823//1823
f 1851//1851 1823//1823 1856//1856
f 1557//1557 1721//1721 2154//2154
f 1983//1983 1721//1721 2069//2069
f 2548//2548 2645//2645 2475//2475
f 1381//1381 1557//1557 2154//2154
f 1312//1312 1381//1381 1258//1258
f 1427//1427 1381//1381 1312//1312
f 1925//1925 1957//1957 1946//1946
f 2314//2314 2424//2424 2427//2427
f 1925//1925 1935//1935 1957//1957
f 1976//1976 1928//1928 1968//1968
f 1763//1763 1719//1719 1765//1765
f 1763//1763 1765//1765 1719//1719
f 1677//1677 1708//1708 1719//1719
f 1683//1683 1713//1713 1685//1685
f 1683//1683 1685//1685 1713//1713
f 2887//2887 2978//2978 2925//2925
f 1447//1447 1420//1420 1461//1461
f 1267//1267 1270//1270 1251//1251
f 3149//3149 3183//3183 3264//3264
f 1284//1284 1267//1267 1251//1251
f 1303//1303 1312//1312 1270//1270
f 1303//1303 1288//1288 1312//1312
f 1312//1312 1258//1258 1270//1270
f 2069//2069 2179//2179 2430//2430
f 2179//2179 2321//2321 2430//2430
f 2472//2472 2430//2430 2321//2321
f 2612//2612 2430//2430 2600//2600
f 2711//2711 2600//2600 2784//2784
f 3063//3063 2914//2914 3096//3096
f 3008//3008 3060//3060 3115//3115
f 3008//3008 3115//3115 2798//2798
f 3008//3008 2454//2454 1975//1975
f 1956//1956 1951//1951 1953//1953
f 1956//1956 1953//1953 1951//1951
f 2842//2842 2915//2915 3163//3163
f 3115//3115 3163//3163 2915//2915
f 2615//2615 2524//2524 2550//2550
f 2800//2800 2784//2784 2771//2771
f 3146//3146 3096//3096 2987//2987
f 2833//2833 2914//2914 2784//2784
f 3262//3262 3172//3172 3166//3166
f 2509//2509 2707//2707 2604//2604
f 3262//3262 3226//3226 3172//3172
f 3262//3262 3330//3330 3253//3253
f 3317//3317 3190//3190 3293//3293
f 1920//1920 1979//1979 1959//1959
f 2615//2615 2550//2550 2774//2774
f 2454//2454 2774//2774 2550//2550
f 3170//3170 3174//3174 3123//3123
f 3190//3190 3173//3173 3137//3137
f 3312//3312 3174//3174 3327//3327
f 3327//3327 3174//3174 3170//3170
f 3305//3305 3327//3327 3253//3253
f 3123//3123 3253//3253 3170//3170
f 2494//2494 2600//2600 2472//2472
f 2771//2771 2784//2784 2693//2693
f 2693//2693 2784//2784 2600//2600
f 2724//2724 2693//2693 2600//2600
f 2724//2724 2600//2600 2629//2629
f 2049//2049 2043//2043 2098//2098
f 2049//2049 2098//2098 2043//2043
f 3063//3063 3123//3123 3055//3055
f 3014//3014 3055//3055 3072//3072
f 3060//3060 3072//3072 3055//3055
f 3060//3060 3055//3055 3137//3137
f 3055//3055 3123//3123 3137//3137
f 3173//3173 3175//3175 3072//3072
f 3060//3060 3137//3137 3072//3072
f 3060//3060 2909//2909 3072//3072
f 3060//3060 1743//1743 2909//2909
f 1975//1975 2454//2454 2222//2222
f 2506//2506 2454//2454 2550//2550
f 2583//2583 2615//2615 2550//2550
f 2581//2581 2494//2494 2515//2515
f 2842//2842 2774//2774 2798//2798
f 3115//3115 2915//2915 2798//2798
f 2566//2566 2640//2640 2504//2504
f 3261//3261 3173//3173 3190//3190
f 3135//3135 3166//3166 3123//3123
f 2744//2744 2800//2800 2771//2771
f 2744//2744 2724//2724 2757//2757
f 3330//3330 3305//3305 3253//3253
f 3226//3226 3253//3253 3172//3172
f 2672//2672 2332//2332 2470//2470
f 1988//1988 2084//2084 2137//2137
f 1988//1988 2101//2101 2084//2084
f 2408//2408 2190//2190 2137//2137
f 2408//2408 2137//2137 2190//2190
f 2408//2408 2137//2137 2241//2241
f 1244//1244 1251//1251 1270//1270
f 1232//1232 1269//1269 1268//1268
f 1232//1232 1239//1239 1269//1269
f 1320//1320 1268//1268 1298//1298
f 1286//1286 1259//1259 1268//1268
f 1320//1320 1297//1297 1392//1392
f 1320//1320 1392//1392 1297//1297
f 1320//1320 1276//1276 1259//1259
f 1765//1765 1709//1709 1708//1708
f 2008//2008 1947//1947 1957//1957
f 2838//2838 2791//2791 2778//2778
f 1911//1911 1925//1925 1947//1947
f 2842//2842 3163//3163 3227//3227
f 2842//2842 2786//2786 2806//2806
f 3317//3317 3261//3261 3190//3190
f 3261//3261 3227//3227 3173//3173
f 3160//3160 3115//3115 2842//2842
f 1492//1492 1560//1560 1541//1541
f 2014//2014 1886//1886 2037//2037
f 3227//3227 3261//3261 3175//3175
f 3305//3305 3312//3312 3327//3327
f 3317//3317 3312//3312 3327//3327
f 3290//3290 3215//3215 3208//3208
f 3317//3317 3327//3327 3293//3293
f 3220//3220 3166//3166 3135//3135
f 3220//3220 3146//3146 2987//2987
f 2819//2819 2757//2757 2800//2800
f 3262//3262 3220//3220 3135//3135
f 1284//1284 1303//1303 1270//1270
f 1284//1284 1270//1270 1303//1303
f 1225//1225 1244//1244 1228//1228
f 2314//2314 2427//2427 2354//2354
f 2903//2903 2503//2503 2895//2895
f 2427//2427 2474//2474 2471//2471
f 2427//2427 2853//2853 2474//2474
f 2427//2427 2474//2474 2853//2853
f 997//997 1012//1012 1015//1015
f 2906//2906 2596//2596 2474//2474
f 3097//3097 3095//3095 2973//2973
f 2497//2497 2628//2628 2627//2627
f 2906//2906 2908//2908 2851//2851
f 2973//2973 2908//2908 3016//3016
f 3259//3259 3363//3363 3095//3095
f 2017//2017 1950//1950 1940//1940
f 3097//3097 3252//3252 3259//3259
f 3097//3097 3095//3095 3252//3252
f 3417//3417 3342//3342 3363//3363
f 3259//3259 3252//3252 3363//3363
f 3430//3430 3357//3357 3420//3420
f 3430//3430 3420//3420 3357//3357
f 3430//3430 3436//3436 3420//3420
f 3430//3430 3426//3426 3417//3417
f 3417//3417 3413//3413 3342//3342
f 1793//1793 1686//1686 1791//1791
f 3436//3436 3419//3419 3413//3413
f 3417//3417 3363//3363 3419//3419
f 3279//3279 3241//3241 3320//3320
f 3279//3279 3320//3320 3357//3357
f 3357//3357 3388//3388 3279//3279
f 3049//3049 2998//2998 3086//3086
f 2845//2845 2795//2795 2907//2907
f 2847//2847 2896//2896 2998//2998
f 2838//2838 2762//2762 2791//2791
f 2983//2983 2847//2847 2998//2998
f 2841//2841 2847//2847 2983//2983
f 3049//3049 2907//2907 2998//2998
f 3049//3049 2896//2896 2907//2907
f 3049//3049 3086//3086 2998//2998
f 79//79 179//179 176//176
f 2451//2451 2841//2841 2599//2599
f 2451//2451 2599//2599 2647//2647
f 2684//2684 2449//2449 2459//2459
f 2684//2684 2723//2723 2599//2599
f 2847//2847 2599//2599 2723//2723
f 2841//2841 2599//2599 2847//2847
f 2841//2841 2795//2795 2599//2599
f 2769//2769 2734//2734 2797//2797
f 2845//2845 2684//2684 2795//2795
f 2647//2647 2684//2684 2907//2907
f 2647//2647 2907//2907 2684//2684
f 2684//2684 2907//2907 2896//2896
f 2451//2451 2403//2403 2599//2599
f 2403//2403 2449//2449 2599//2599
f 2451//2451 2194//2194 2342//2342
f 2451//2451 2403//2403 2194//2194
f 2855//2855 2856//2856 2854//2854
f 2082//2082 2181//2181 2071//2071
f 2082//2082 2071//2071 2181//2181
f 2082//2082 2071//2071 1650//1650
f 1602//1602 1775//1775 2082//2082
f 1602//1602 1665//1665 1775//1775
f 1602//1602 1665//1665 1450//1450
f 1524//1524 1665//1665 1501//1501
f 1524//1524 1501//1501 1665//1665
f 1501//1501 1572//1572 1665//1665
f 1602//1602 1450//1450 1501//1501
f 1450//1450 1272//1272 1501//1501
f 1243//1243 1272//1272 1450//1450
f 1357//1357 1501//1501 1272//1272
f 1357//1357 1272//1272 1235//1235
f 1243//1243 1357//1357 1182//1182
f 1182//1182 1357//1357 1235//1235
f 1172//1172 1202//1202 1235//1235
f 1145//1145 1182//1182 1202//1202
f 1182//1182 1140//1140 1151//1151
f 1145//1145 1140//1140 1182//1182
f 1158//1158 1145//1145 1192//1192
f 1158//1158 1140//1140 1145//1145
f 2609//2609 2435//2435 2429//2429
f 1192//1192 1140//1140 1189//1189
f 1158//1158 1224//1224 1162//1162
f 1326//1326 1444//1444 1353//1353
f 1224//1224 1189//1189 1353//1353
f 1224//1224 1444//1444 1353//1353
f 1353//1353 1444//1444 1224//1224
f 2017//2017 2000//2000 2027//2027
f 1326//1326 1353//1353 1444//1444
f 1640//1640 1551//1551 1574//1574
f 3192//3192 3218//3218 2980//2980
f 1640//1640 1615//1615 1551//1551
f 1615//1615 1772//1772 1574//1574
f 1837//1837 1574//1574 1772//1772
f 1837//1837 1615//1615 1640//1640
f 1615//1615 1984//1984 1772//1772
f 2077//2077 1772//1772 1984//1984
f 3348//3348 3450//3450 3350//3350
f 2194//2194 2077//2077 2087//2087
f 2194//2194 2087//2087 2077//2077
f 3156//3156 3168//3168 3218//3218
f 1438//1438 1434//1434 1344//1344
f 1313//1313 1413//1413 1393//1393
f 2111//2111 2167//2167 2253//2253
f 1344//1344 1327//1327 1438//1438
f 1434//1434 1438//1438 1413//1413
f 1344//1344 1329//1329 1313//1313
f 1413//1413 1393//1393 1404//1404
f 1313//1313 1404//1404 1393//1393
f 3129//3129 3116//3116 3200//3200
f 1413//1413 1404//1404 1393//1393
f 1413//1413 1393//1393 1404//1404
f 1404//1404 1370//1370 1329//1329
f 1313//1313 1404//1404 1329//1329
f 1313//1313 1393//1393 1404//1404
f 1313//1313 1404//1404 1393//1393
f 1413//1413 1370//1370 1393//1393
f 3203//3203 3111//3111 3165//3165
f 1329//1329 1393//1393 1370//1370
f 3304//3304 3343//3343 3300//3300
f 2393//2393 2545//2545 2323//2323
f 2393//2393 2323//2323 2545//2545
f 3002//3002 2888//2888 3074//3074
f 3191//3191 3010//3010 3193//3193
f 2818//2818 2769//2769 2855//2855
f 2775//2775 2802//2802 2772//2772
f 3083//3083 3070//3070 3084//3084
f 3083//3083 3002//3002 3070//3070
f 3002//3002 2855//2855 2888//2888
f 2888//2888 2855//2855 2856//2856
f 2895//2895 2910//2910 2919//2919
f 3232//3232 3311//3311 3264//3264
f 2792//2792 2769//2769 2888//2888
f 2888//2888 2856//2856 2792//2792
f 3002//3002 2802//2802 2775//2775
f 2775//2775 2772//2772 2769//2769
f 2966//2966 3074//3074 2888//2888
f 3450//3450 3408//3408 3429//3429
f 2855//2855 2818//2818 2966//2966
f 2855//2855 2966//2966 2818//2818
f 2527//2527 2563//2563 2516//2516
f 3232//3232 3277//3277 3346//3346
f 2792//2792 2855//2855 2888//2888
f 2161//2161 2255//2255 2073//2073
f 3082//3082 3077//3077 3070//3070
f 2966//2966 3065//3065 3074//3074
f 2949//2949 2954//2954 2984//2984
f 3002//3002 3074//3074 2966//2966
f 3074//3074 3065//3065 2966//2966
f 1662//1662 1793//1793 1686//1686
f 1662//1662 1686//1686 1793//1793
f 3083//3083 3070//3070 3002//3002
f 2245//2245 2276//2276 2328//2328
f 2855//2855 2856//2856 2966//2966
f 2856//2856 2966//2966 2888//2888
f 3002//3002 2860//2860 2802//2802
f 2855//2855 2818//2818 2966//2966
f 3285//3285 3258//3258 3212//3212
f 2820//2820 2812//2812 3088//3088
f 3088//3088 2812//2812 3018//3018
f 2820//2820 2796//2796 2802//2802
f 3084//3084 3088//3088 3018//3018
f 1423//1423 2940//2940 3111//3111
f 2796//2796 3088//3088 3084//3084
f 2260//2260 1980//1980 3206//3206
f 2001//2001 2113//2113 2145//2145
f 2855//2855 2856//2856 2888//2888
f 3068//3068 2978//2978 2925//2925
f 2780//2780 2925//2925 2812//2812
f 2785//2785 2887//2887 2925//2925
f 2785//2785 2925//2925 2887//2887
f 3068//3068 2925//2925 3035//3035
f 3068//3068 3035//3035 2925//2925
f 1929//1929 1940//1940 1827//1827
f 3068//3068 3074//3074 2856//2856
f 3068//3068 2856//2856 3074//3074
f 2765//2765 2797//2797 2834//2834
f 2860//2860 3065//3065 2855//2855
f 3082//3082 3077//3077 3083//3083
f 3082//3082 3083//3083 3077//3077
f 2785//2785 2792//2792 2809//2809
f 2769//2769 2797//2797 2765//2765
f 2792//2792 2785//2785 2809//2809
f 2792//2792 2734//2734 2785//2785
f 3082//3082 3088//3088 3083//3083
f 2860//2860 2887//2887 2797//2797
f 3156//3156 2923//2923 3142//3142
f 2765//2765 2797//2797 2775//2775
f 3083//3083 2812//2812 3018//3018
f 3082//3082 2802//2802 2812//2812
f 2470//2470 2441//2441 2412//2412
f 3082//3082 3083//3083 2802//2802
f 3077//3077 2765//2765 2775//2775
f 3077//3077 3070//3070 2765//2765
f 3077//3077 2765//2765 3070//3070
f 2860//2860 2797//2797 2769//2769
f 2860//2860 2769//2769 2797//2797
f 2769//2769 2818//2818 2734//2734
f 3068//3068 2854//2854 3065//3065
f 2855//2855 2834//2834 3065//3065
f 2855//2855 3065//3065 2834//2834
f 2855//2855 2834//2834 3065//3065
f 2860//2860 2797//2797 3058//3058
f 2769//2769 3058//3058 2797//2797
f 3077//3077 3058//3058 2765//2765
f 2769//2769 2765//2765 3058//3058
f 2775//2775 2765//2765 3002//3002
f 3068//3068 3065//3065 3024//3024
f 3068//3068 3024//3024 3065//3065
f 3068//3068 3024//3024 2975//2975
f 3082//3082 3083//3083 3084//3084
f 3082//3082 3018//3018 2975//2975
f 3077//3077 3070//3070 3002//3002
f 2856//2856 3074//3074 2854//2854
f 2864//2864 2854//2854 3068//3068
f 2864//2864 3068//3068 3035//3035
f 2887//2887 2925//2925 2978//2978
f 2797//2797 2734//2734 2834//2834
f 3068//3068 3065//3065 3035//3035
f 3068//3068 3035//3035 3065//3065
f 1446//1446 1495//1495 1360//1360
f 3066//3066 3018//3018 2692//2692
f 3077//3077 2978//2978 3018//3018
f 3024//3024 2925//2925 2978//2978
f 2780//2780 2702//2702 2765//2765
f 2780//2780 2797//2797 2702//2702
f 2797//2797 2734//2734 2702//2702
f 3058//3058 3065//3065 3024//3024
f 54//54 206//206 73//73
f 2864//2864 2809//2809 2854//2854
f 2809//2809 2834//2834 2854//2854
f 2780//2780 2765//2765 2692//2692
f 2780//2780 2692//2692 2765//2765
f 3018//3018 2978//2978 2887//2887
f 3077//3077 3058//3058 3024//3024
f 2855//2855 2856//2856 2834//2834
f 2855//2855 2834//2834 2856//2856
f 3035//3035 3088//3088 3024//3024
f 3082//3082 3018//3018 3088//3088
f 2393//2393 2545//2545 2504//2504
f 3035//3035 2702//2702 2703//2703
f 3088//3088 3018//3018 3024//3024
f 2812//2812 2702//2702 3018//3018
f 2780//2780 2702//2702 2812//2812
f 2772//2772 2765//2765 2706//2706
f 2772//2772 2706//2706 2692//2692
f 3353//3353 3382//3382 3411//3411
f 3353//3353 3411//3411 3382//3382
f 2780//2780 2772//2772 2692//2692
f 2233//2233 2109//2109 2139//2139
f 1731//1731 1728//1728 1781//1781
f 1512//1512 1385//1385 1509//1509
f 2734//2734 2708//2708 2702//2702
f 2702//2702 2708//2708 2706//2706
f 2734//2734 2708//2708 2703//2703
f 3088//3088 2692//2692 3018//3018
f 3068//3068 3088//3088 3035//3035
f 2864//2864 2703//2703 2809//2809
f 2864//2864 2854//2854 2975//2975
f 2777//2777 2807//2807 2789//2789
f 3082//3082 3018//3018 3077//3077
f 3082//3082 3077//3077 3018//3018
f 2797//2797 2925//2925 2887//2887
f 2797//2797 2887//2887 2925//2925
f 3077//3077 3058//3058 3070//3070
f 2818//2818 2834//2834 2809//2809
f 2818//2818 2809//2809 2834//2834
f 2791//2791 2762//2762 2694//2694
f 2961//2961 2901//2901 2905//2905
f 1352//1352 1348//1348 1332//1332
f 2921//2921 3353//3353 3411//3411
f 2838//2838 2762//2762 2791//2791
f 2838//2838 2791//2791 2762//2762
f 2838//2838 2778//2778 2762//2762
f 2065//2065 2024//2024 2050//2050
f 2043//2043 1946//1946 2098//2098
f 2963//2963 2945//2945 2935//2935
f 3192//3192 3208//3208 3215//3215
f 1851//1851 1946//1946 1873//1873
f 1836//1836 1946//1946 2043//2043
f 2001//2001 1981//1981 1958//1958
f 1823//1823 1873//1873 1856//1856
f 2043//2043 2098//2098 2037//2037
f 2049//2049 2037//2037 2098//2098
f 2050//2050 2037//2037 2024//2024
f 1878//1878 1873//1873 1848//1848
f 1852//1852 1848//1848 1823//1823
f 1852//1852 1823//1823 1848//1848
f 1848//1848 1856//1856 1851//1851
f 1836//1836 1851//1851 1873//1873
f 1852//1852 2050//2050 2065//2065
f 1852//1852 1851//1851 1823//1823
f 1852//1852 1823//1823 1851//1851
f 1852//1852 1823//1823 2050//2050
f 1852//1852 2050//2050 1823//1823
f 1823//1823 1851//1851 2043//2043
f 2014//2014 2037//2037 2043//2043
f 3191//3191 3301//3301 3140//3140
f 1856//1856 2049//2049 2098//2098
f 1823//1823 1856//1856 2098//2098
f 2024//2024 1856//1856 1878//1878
f 2050//2050 2024//2024 1878//1878
f 1856//1856 1873//1873 1878//1878
f 2024//2024 2037//2037 2049//2049
f 1852//1852 1848//1848 1851//1851
f 1852//1852 1851//1851 1848//1848
f 1848//1848 1856//1856 2049//2049
f 1878//1878 1848//1848 2049//2049
f 2024//2024 2121//2121 2002//2002
f 2024//2024 1878//1878 2049//2049
f 1828//1828 1710//1710 1893//1893
f 2014//2014 2037//2037 2049//2049
f 2121//2121 2037//2037 2002//2002
f 2002//2002 1886//1886 1873//1873
f 1856//1856 1938//1938 1873//1873
f 1848//1848 1938//1938 1856//1856
f 1828//1828 1893//1893 2092//2092
f 2014//2014 2024//2024 2037//2037
f 2024//2024 2002//2002 2037//2037
f 1878//1878 1873//1873 1938//1938
f 1878//1878 1886//1886 1873//1873
f 1957//1957 2014//2014 1869//1869
f 1848//1848 1887//1887 1878//1878
f 1878//1878 1887//1887 1848//1848
f 1878//1878 1848//1848 1856//1856
f 1856//1856 1873//1873 1886//1886
f 2014//2014 2010//2010 2037//2037
f 2049//2049 2037//2037 2035//2035
f 2037//2037 1873//1873 1897//1897
f 1957//1957 1886//1886 1873//1873
f 1848//1848 2002//2002 1887//1887
f 1848//1848 1887//1887 2002//2002
f 2011//2011 1887//1887 2002//2002
f 2011//2011 2002//2002 1887//1887
f 2014//2014 2010//2010 2037//2037
f 1856//1856 2049//2049 2035//2035
f 2010//2010 1897//1897 2037//2037
f 1873//1873 2037//2037 1897//1897
f 1856//1856 1870//1870 1938//1938
f 2024//2024 1878//1878 2011//2011
f 2037//2037 2010//2010 2002//2002
f 2014//2014 2002//2002 2010//2010
f 2002//2002 2035//2035 2037//2037
f 1273//1273 1184//1184 1212//1212
f 2010//2010 1897//1897 2035//2035
f 1634//1634 1697//1697 1592//1592
f 1634//1634 1592//1592 1697//1697
f 2010//2010 2035//2035 1897//1897
f 1897//1897 2035//2035 1887//1887
f 1957//1957 2010//2010 2014//2014
f 1461//1461 1420//1420 1415//1415
f 1897//1897 1887//1887 2035//2035
f 1878//1878 1873//1873 2002//2002
f 996//996 1009//1009 994//994
f 1878//1878 2037//2037 1873//1873
f 1878//1878 2002//2002 2037//2037
f 1851//1851 1856//1856 1873//1873
f 1851//1851 1873//1873 1856//1856
f 1852//1852 1848//1848 1823//1823
f 1852//1852 1823//1823 1848//1848
f 2049//2049 2121//2121 2035//2035
f 2049//2049 2035//2035 2121//2121
f 2043//2043 2037//2037 2049//2049
f 2121//2121 2043//2043 2049//2049
f 1734//1734 1561//1561 1455//1455
f 1688//1688 1479//1479 1586//1586
f 1688//1688 1586//1586 1750//1750
f 2794//2794 2700//2700 2640//2640
f 1759//1759 1734//1734 1455//1455
f 1759//1759 1479//1479 1688//1688
f 52//52 103//103 196//196
f 1586//1586 1734//1734 1750//1750
f 1479//1479 1455//1455 1561//1561
f 1586//1586 1561//1561 1734//1734
f 1759//1759 1750//1750 1734//1734
f 2270//2270 2269//2269 2236//2236
f 2270//2270 2233//2233 2269//2269
f 2270//2270 2236//2236 2195//2195
f 2195//2195 2233//2233 2270//2270
f 2195//2195 2248//2248 2270//2270
f 2195//2195 2270//2270 2248//2248
f 2195//2195 2269//2269 2270//2270
f 2138//2138 1966//1966 1864//1864
f 2158//2158 2089//2089 2055//2055
f 2055//2055 2089//2089 1971//1971
f 2041//2041 2158//2158 2149//2149
f 1094//1094 1034//1034 1110//1110
f 2055//2055 1971//1971 1904//1904
f 2267//2267 2213//2213 2124//2124
f 1847//1847 1971//1971 1904//1904
f 2158//2158 2055//2055 1971//1971
f 1847//1847 1904//1904 1854//1854
f 1818//1818 1847//1847 1777//1777
f 2149//2149 1971//1971 2089//2089
f 2149//2149 2089//2089 1971//1971
f 1847//1847 1904//1904 1971//1971
f 2089//2089 2041//2041 1971//1971
f 2089//2089 1971//1971 2041//2041
f 1854//1854 1816//1816 1777//1777
f 1847//1847 1854//1854 1818//1818
f 1104//1104 1053//1053 1093//1093
f 1964//1964 1871//1871 1987//1987
f 1847//1847 1816//1816 1854//1854
f 1847//1847 1818//1818 1816//1816
f 2055//2055 1995//1995 2089//2089
f 2055//2055 2089//2089 1995//1995
f 2055//2055 2089//2089 1995//1995
f 1884//1884 1924//1924 1857//1857
f 1884//1884 1857//1857 1924//1924
f 1904//1904 1924//1924 1884//1884
f 1847//1847 1857//1857 1924//1924
f 1847//1847 1854//1854 1857//1857
f 3311//3311 3340//3340 3299//3299
f 1924//1924 2041//2041 1995//1995
f 1924//1924 1995//1995 2041//2041
f 2089//2089 2041//2041 1995//1995
f 2089//2089 1995//1995 2041//2041
f 2921//2921 2650//2650 2671//2671
f 1971//1971 1995//1995 1904//1904
f 3408//3408 3450//3450 3406//3406
f 1971//1971 1924//1924 2041//2041
f 1930//1930 1904//1904 1924//1924
f 1930//1930 1924//1924 1904//1904
f 1371//1371 1789//1789 1656//1656
f 1930//1930 1884//1884 1904//1904
f 1935//1935 1924//1924 1884//1884
f 2348//2348 2470//2470 2332//2332
f 1904//1904 1924//1924 1884//1884
f 1904//1904 1884//1884 1924//1924
f 1930//1930 1884//1884 1904//1904
f 1975//1975 1884//1884 1930//1930
f 1971//1971 1995//1995 1904//1904
f 1975//1975 1930//1930 1995//1995
f 1975//1975 1924//1924 1884//1884
f 1975//1975 1884//1884 1904//1904
f 1975//1975 1904//1904 1884//1884
f 1975//1975 1971//1971 1995//1995
f 1975//1975 1995//1995 1971//1971
f 2089//2089 1995//1995 1971//1971
f 2055//2055 1995//1995 2089//2089
f 1447//1447 1461//1461 1415//1415
f 1378//1378 1415//1415 1341//1341
f 1420//1420 1396//1396 1341//1341
f 3037//3037 3087//3087 3079//3079
f 41//41 126//126 33//33
f 3089//3089 3037//3037 3071//3071
f 3089//3089 3071//3071 3127//3127
f 3146//3146 3087//3087 3127//3127
f 3146//3146 3079//3079 3087//3087
f 3089//3089 3127//3127 3087//3087
f 1541//1541 1547//1547 1446//1446
f 3160//3160 3131//3131 3110//3110
f 3160//3160 3110//3110 3044//3044
f 3078//3078 3091//3091 3044//3044
f 3131//3131 3078//3078 3044//3044
f 2251//2251 2184//2184 2221//2221
f 2251//2251 2184//2184 2216//2216
f 2251//2251 2216//2216 2184//2184
f 2627//2627 2482//2482 2437//2437
f 1392//1392 1472//1472 1459//1459
f 1392//1392 1422//1422 1472//1472
f 1796//1796 1791//1791 2099//2099
f 2934//2934 2885//2885 2813//2813
f 2934//2934 2813//2813 2885//2885
f 2509//2509 2608//2608 2722//2722
f 2934//2934 2712//2712 2722//2722
f 2934//2934 2707//2707 2712//2712
f 2934//2934 2967//2967 2871//2871
f 2509//2509 2604//2604 2813//2813
f 2934//2934 2608//2608 2712//2712
f 2934//2934 2722//2722 2608//2608
f 2509//2509 2707//2707 2712//2712
f 2934//2934 2707//2707 2813//2813
f 2509//2509 2813//2813 2707//2707
f 2934//2934 2712//2712 2707//2707
f 2229//2229 2190//2190 2149//2149
f 2921//2921 2671//2671 2923//2923
f 1094//1094 1110//1110 1120//1120
f 2137//2137 2190//2190 2229//2229
f 2190//2190 2137//2137 2149//2149
f 1822//1822 1818//1818 1847//1847
f 1822//1822 1847//1847 1818//1818
f 2158//2158 2055//2055 2089//2089
f 2097//2097 2139//2139 2109//2109
f 2240//2240 2277//2277 2197//2197
f 2240//2240 2264//2264 2277//2277
f 2214//2214 2264//2264 2197//2197
f 2214//2214 2277//2277 2264//2264
f 1821//1821 1697//1697 2088//2088
f 1821//1821 2088//2088 1697//1697
f 2277//2277 2197//2197 2231//2231
f 2240//2240 2231//2231 2216//2216
f 2277//2277 2231//2231 2197//2197
f 2383//2383 2394//2394 2365//2365
f 2383//2383 2365//2365 2394//2394
f 2195//2195 2270//2270 2233//2233
f 2436//2436 2412//2412 2470//2470
f 2270//2270 2248//2248 2233//2233
f 2270//2270 2248//2248 2233//2233
f 1313//1313 1327//1327 1344//1344
f 1313//1313 1344//1344 1327//1327
f 1313//1313 1393//1393 1327//1327
f 1438//1438 1327//1327 1344//1344
f 1313//1313 1327//1327 1393//1393
f 1313//1313 1393//1393 1327//1327
f 3195//3195 3069//3069 3202//3202
f 3195//3195 3202//3202 3011//3011
f 3202//3202 3069//3069 3011//3011
f 3159//3159 3202//3202 3195//3195
f 3159//3159 3247//3247 3202//3202
f 3247//3247 3159//3159 3249//3249
f 3195//3195 3202//3202 3247//3247
f 2984//2984 3011//3011 3069//3069
f 3011//3011 3069//3069 3195//3195
f 2096//2096 2131//2131 2163//2163
f 2348//2348 2255//2255 2161//2161
f 2513//2513 2949//2949 2951//2951
f 2509//2509 2934//2934 2483//2483
f 2953//2953 2413//2413 2404//2404
f 2959//2959 2479//2479 2745//2745
f 2483//2483 2943//2943 2495//2495
f 2495//2495 2954//2954 2407//2407
f 2949//2949 2450//2450 2941//2941
f 2934//2934 2926//2926 2928//2928
f 2479//2479 2396//2396 2413//2413
f 2485//2485 2396//2396 2479//2479
f 2485//2485 2483//2483 2396//2396
f 2396//2396 2483//2483 2411//2411
f 2411//2411 2495//2495 2407//2407
f 2513//2513 2404//2404 2399//2399
f 2483//2483 2495//2495 2411//2411
f 2485//2485 2479//2479 2483//2483
f 2485//2485 2483//2483 2479//2479
f 2951//2951 2949//2949 2984//2984
f 2951//2951 2984//2984 2949//2949
f 2951//2951 2949//2949 2984//2984
f 2954//2954 2967//2967 3011//3011
f 2954//2954 3011//3011 2984//2984
f 3011//3011 3069//3069 2984//2984
f 2479//2479 2413//2413 2745//2745
f 2399//2399 2407//2407 2450//2450
f 2413//2413 2953//2953 2745//2745
f 2509//2509 2483//2483 2535//2535
f 2934//2934 2967//2967 2943//2943
f 2934//2934 2928//2928 2967//2967
f 2479//2479 2928//2928 2926//2926
f 2959//2959 2928//2928 2479//2479
f 2388//2388 2477//2477 2453//2453
f 2404//2404 2396//2396 2411//2411
f 3243//3243 3247//3247 3149//3149
f 3275//3275 3183//3183 3149//3149
f 3275//3275 3264//3264 3183//3183
f 3243//3243 3149//3149 3264//3264
f 3275//3275 3264//3264 3149//3149
f 3249//3249 3159//3159 3195//3195
f 3249//3249 3195//3195 3247//3247
f 3249//3249 3149//3149 3159//3159
f 3275//3275 3264//3264 3222//3222
f 2921//2921 2671//2671 2932//2932
f 2932//2932 2965//2965 2962//2962
f 2650//2650 2636//2636 2654//2654
f 2932//2932 2671//2671 2654//2654
f 2654//2654 2636//2636 2632//2632
f 1252//1252 1212//1212 1216//1216
f 2503//2503 2370//2370 2442//2442
f 2503//2503 2442//2442 2370//2370
f 2019//2019 2183//2183 2022//2022
f 2019//2019 2022//2022 1830//1830
f 57//57 84//84 91//91
f 1528//1528 1830//1830 1674//1674
f 2346//2346 2183//2183 2207//2207
f 2284//2284 2019//2019 2345//2345
f 3132//3132 2810//2810 3191//3191
f 1528//1528 1458//1458 1623//1623
f 1528//1528 1623//1623 1458//1458
f 1528//1528 1623//1623 1830//1830
f 2019//2019 1892//1892 2183//2183
f 2207//2207 2183//2183 1892//1892
f 2019//2019 1826//1826 2345//2345
f 2019//2019 1892//1892 1826//1826
f 1892//1892 1623//1623 1826//1826
f 113//113 54//54 211//211
f 2968//2968 3050//3050 2751//2751
f 3132//3132 2968//2968 2751//2751
f 2115//2115 2217//2217 2297//2297
f 2260//2260 1495//1495 1980//1980
f 2593//2593 2395//2395 2477//2477
f 2593//2593 2477//2477 2565//2565
f 2716//2716 2565//2565 2751//2751
f 1280//1280 1325//1325 1283//1283
f 2661//2661 2625//2625 2632//2632
f 2217//2217 2145//2145 2326//2326
f 2217//2217 2268//2268 2145//2145
f 2326//2326 2548//2548 2442//2442
f 2632//2632 2625//2625 2548//2548
f 2654//2654 2632//2632 2628//2628
f 2843//2843 2663//2663 2895//2895
f 2932//2932 3156//3156 2946//2946
f 2932//2932 2946//2946 2965//2965
f 2964//2964 2965//2965 2946//2946
f 2919//2919 3129//3129 2935//2935
f 2919//2919 2935//2935 3129//3129
f 2919//2919 2964//2964 2935//2935
f 2919//2919 2935//2935 2663//2663
f 2919//2919 2663//2663 2661//2661
f 2895//2895 2919//2919 2935//2935
f 2332//2332 1955//1955 1970//1970
f 2332//2332 1970//1970 1955//1955
f 3129//3129 3200//3200 3143//3143
f 3406//3406 3343//3343 3200//3200
f 3406//3406 3200//3200 3343//3343
f 3408//3408 3343//3343 3406//3406
f 3406//3406 3343//3343 3356//3356
f 3347//3347 3427//3427 3356//3356
f 3347//3347 3356//3356 3427//3427
f 2393//2393 2628//2628 2437//2437
f 2001//2001 1941//1941 2113//2113
f 2964//2964 3168//3168 2988//2988
f 2001//2001 2113//2113 2268//2268
f 2113//2113 2060//2060 2073//2073
f 1917//1917 1920//1920 1959//1959
f 1917//1917 1959//1959 1941//1941
f 1956//1956 1959//1959 1920//1920
f 1429//1429 1283//1283 1325//1325
f 1212//1212 1280//1280 1283//1283
f 1212//1212 1283//1283 1280//1280
f 1294//1294 1292//1292 1208//1208
f 1367//1367 1385//1385 1421//1421
f 1294//1294 1421//1421 1306//1306
f 1294//1294 1306//1306 1421//1421
f 1294//1294 1611//1611 1322//1322
f 1920//1920 1970//1970 1979//1979
f 3156//3156 3140//3140 3208//3208
f 3050//3050 2938//2938 3260//3260
f 3050//3050 3013//3013 2961//2961
f 3050//3050 2961//2961 2938//2938
f 3013//3013 3158//3158 3193//3193
f 3158//3158 3307//3307 3193//3193
f 3359//3359 3283//3283 3295//3295
f 3359//3359 3295//3295 3400//3400
f 1009//1009 1050//1050 1049//1049
f 1183//1183 1231//1231 1220//1220
f 59//59 103//103 70//70
f 2716//2716 2346//2346 2183//2183
f 2136//2136 2183//2183 2346//2346
f 2961//2961 2742//2742 2938//2938
f 2716//2716 2742//2742 2517//2517
f 2136//2136 2213//2213 2183//2183
f 2136//2136 2183//2183 2213//2213
f 1862//1862 2183//2183 2136//2136
f 1862//1862 1813//1813 2183//2183
f 2261//2261 2279//2279 2749//2749
f 3271//3271 3183//3183 3264//3264
f 1380//1380 1492//1492 1349//1349
f 2507//2507 2186//2186 2439//2439
f 1349//1349 2122//2122 1443//1443
f 1707//1707 2122//2122 1349//1349
f 3371//3371 3362//3362 3408//3408
f 2343//2343 3103//3103 2754//2754
f 2343//2343 2754//2754 1547//1547
f 1446//1446 1495//1495 1373//1373
f 1446//1446 1373//1373 1495//1495
f 1446//1446 3206//3206 1980//1980
f 2507//2507 2442//2442 2503//2503
f 2507//2507 2503//2503 2903//2903
f 3154//3154 2985//2985 3116//3116
f 3295//3295 3154//3154 3116//3116
f 3444//3444 3406//3406 3454//3454
f 1694//1694 1682//1682 1706//1706
f 3054//3054 3009//3009 3208//3208
f 3010//3010 2810//2810 2905//2905
f 3010//3010 2905//2905 2810//2810
f 3054//3054 3208//3208 3009//3009
f 2226//2226 1864//1864 2138//2138
f 1683//1683 1606//1606 1560//1560
f 1380//1380 1377//1377 1429//1429
f 1683//1683 1560//1560 1505//1505
f 1547//1547 2344//2344 2290//2290
f 2921//2921 3191//3191 2810//2810
f 2921//2921 3411//3411 3380//3380
f 2754//2754 3450//3450 3291//3291
f 2754//2754 3429//3429 3350//3350
f 2754//2754 3350//3350 3450//3450
f 1252//1252 1446//1446 1360//1360
f 1184//1184 1360//1360 1213//1213
f 1292//1292 1206//1206 1213//1213
f 1539//1539 1385//1385 1292//1292
f 2672//2672 2345//2345 1970//1970
f 2921//2921 2810//2810 2671//2671
f 2671//2671 2810//2810 2651//2651
f 1547//1547 2672//2672 2470//2470
f 2962//2962 3291//3291 3353//3353
f 2962//2962 3353//3353 2936//2936
f 2672//2672 2627//2627 2651//2651
f 2672//2672 1970//1970 2332//2332
f 2260//2260 1953//1953 1547//1547
f 2260//2260 1547//1547 1953//1953
f 2133//2133 2245//2245 2125//2125
f 1292//1292 1213//1213 1360//1360
f 1292//1292 1360//1360 1623//1623
f 1547//1547 2290//2290 2148//2148
f 1547//1547 2332//2332 1834//1834
f 1547//1547 2148//2148 2266//2266
f 1481//1481 1360//1360 1623//1623
f 1495//1495 1834//1834 1360//1360
f 2348//2348 2344//2344 2470//2470
f 1495//1495 1547//1547 1834//1834
f 2362//2362 2238//2238 2372//2372
f 2362//2362 2442//2442 2372//2372
f 2136//2136 2267//2267 2124//2124
f 2136//2136 2213//2213 2267//2267
f 2136//2136 2267//2267 2213//2213
f 2267//2267 2345//2345 2388//2388
f 2226//2226 2213//2213 2267//2267
f 2266//2266 2332//2332 2304//2304
f 2266//2266 2304//2304 2332//2332
f 1594//1594 1445//1445 1499//1499
f 1674//1674 1830//1830 1813//1813
f 3050//3050 3229//3229 3260//3260
f 1594//1594 1813//1813 1445//1445
f 1830//1830 2022//2022 1813//1813
f 2022//2022 2183//2183 1813//1813
f 2716//2716 2183//2183 2593//2593
f 2238//2238 2186//2186 2217//2217
f 1080//1080 1018//1018 985//985
f 2226//2226 2323//2323 2267//2267
f 2180//2180 2124//2124 2226//2226
f 2297//2297 2370//2370 2442//2442
f 2393//2393 2398//2398 2458//2458
f 2226//2226 2267//2267 2398//2398
f 2276//2276 2332//2332 2304//2304
f 2348//2348 2412//2412 2255//2255
f 2238//2238 2260//2260 2186//2186
f 2260//2260 2164//2164 2186//2186
f 1616//1616 1481//1481 1442//1442
f 1538//1538 1685//1685 1713//1713
f 1514//1514 1509//1509 1539//1539
f 3290//3290 3039//3039 3218//3218
f 1514//1514 1539//1539 1706//1706
f 1513//1513 1432//1432 1336//1336
f 915//915 941//941 901//901
f 1953//1953 1922//1922 1955//1955
f 1280//1280 1442//1442 1360//1360
f 1891//1891 1685//1685 1922//1922
f 2161//2161 2126//2126 2191//2191
f 2348//2348 2191//2191 2126//2126
f 2112//2112 2063//2063 2107//2107
f 1953//1953 1955//1955 2040//2040
f 2177//2177 1970//1970 1966//1966
f 1682//1682 1514//1514 1706//1706
f 1966//1966 1970//1970 1746//1746
f 1386//1386 1338//1338 1331//1331
f 2073//2073 2274//2274 2116//2116
f 2290//2290 2274//2274 2073//2073
f 2177//2177 2267//2267 2276//2276
f 1917//1917 1941//1941 1921//1921
f 1828//1828 1746//1746 1694//1694
f 2092//2092 1966//1966 1950//1950
f 1950//1950 1966//1966 1954//1954
f 1950//1950 1954//1954 1864//1864
f 1504//1504 1682//1682 1514//1514
f 1616//1616 1685//1685 1513//1513
f 2177//2177 2142//2142 1994//1994
f 1328//1328 1227//1227 1252//1252
f 1429//1429 1377//1377 1328//1328
f 1340//1340 1473//1473 1294//1294
f 1231//1231 1206//1206 1250//1250
f 1169//1169 1201//1201 1184//1184
f 1443//1443 1446//1446 1373//1373
f 1840//1840 1868//1868 1841//1841
f 1184//1184 1201//1201 1254//1254
f 1206//1206 1177//1177 1173//1173
f 1358//1358 1231//1231 1250//1250
f 1385//1385 1358//1358 1250//1250
f 1458//1458 1358//1358 1385//1385
f 1539//1539 1458//1458 1385//1385
f 2076//2076 2088//2088 2119//2119
f 2238//2238 2141//2141 2115//2115
f 2115//2115 2141//2141 2088//2088
f 2076//2076 1697//1697 2088//2088
f 1697//1697 1620//1620 2088//2088
f 1697//1697 2088//2088 1620//1620
f 2119//2119 1697//1697 2088//2088
f 2119//2119 2088//2088 1697//1697
f 1576//1576 1620//1620 1697//1697
f 1634//1634 1576//1576 1697//1697
f 1634//1634 1592//1592 1606//1606
f 1606//1606 1592//1592 1560//1560
f 1492//1492 1541//1541 1380//1380
f 1380//1380 1254//1254 1328//1328
f 1380//1380 1328//1328 1254//1254
f 1662//1662 1791//1791 1787//1787
f 1170//1170 1183//1183 1177//1177
f 1206//1206 1213//1213 1177//1177
f 1206//1206 1177//1177 1213//1213
f 1252//1252 1254//1254 1184//1184
f 1216//1216 1173//1173 1177//1177
f 1216//1216 1177//1177 1213//1213
f 1254//1254 1252//1252 1227//1227
f 1254//1254 1227//1227 1328//1328
f 1252//1252 1184//1184 1227//1227
f 1328//1328 1201//1201 1273//1273
f 1201//1201 1227//1227 1212//1212
f 1170//1170 1173//1173 1216//1216
f 1220//1220 1208//1208 1216//1216
f 1177//1177 1250//1250 1213//1213
f 1426//1426 1481//1481 1360//1360
f 2997//2997 3343//3343 3350//3350
f 1367//1367 1250//1250 1385//1385
f 1279//1279 1213//1213 1250//1250
f 1421//1421 1385//1385 1509//1509
f 1594//1594 1623//1623 1539//1539
f 1588//1588 1539//1539 1623//1623
f 1623//1623 1539//1539 1509//1509
f 2136//2136 2124//2124 1842//1842
f 1828//1828 1718//1718 1710//1710
f 2092//2092 1893//1893 1710//1710
f 2138//2138 1954//1954 2124//2124
f 1741//1741 1943//1943 2115//2115
f 1741//1741 1761//1761 1943//1943
f 2393//2393 2504//2504 2278//2278
f 1541//1541 1505//1505 1598//1598
f 2113//2113 2141//2141 2145//2145
f 1494//1494 1513//1513 1685//1685
f 1283//1283 1328//1328 1252//1252
f 2060//2060 2073//2073 1953//1953
f 1941//1941 1953//1953 2040//2040
f 1955//1955 2032//2032 2040//2040
f 2032//2032 1959//1959 2063//2063
f 1718//1718 1746//1746 1920//1920
f 1920//1920 1922//1922 1706//1706
f 1618//1618 1682//1682 1625//1625
f 1956//1956 1953//1953 2103//2103
f 1294//1294 1306//1306 1456//1456
f 1694//1694 1706//1706 1504//1504
f 1683//1683 1494//1494 1713//1713
f 1442//1442 1292//1292 1322//1322
f 3129//3129 3100//3100 3116//3116
f 1252//1252 1216//1216 1280//1280
f 1208//1208 1292//1292 1216//1216
f 1328//1328 1273//1273 1227//1227
f 1505//1505 1494//1494 1598//1598
f 1494//1494 1432//1432 1513//1513
f 1281//1281 1367//1367 1306//1306
f 1220//1220 1213//1213 1306//1306
f 1294//1294 1473//1473 1442//1442
f 1966//1966 1746//1746 1954//1954
f 1920//1920 1746//1746 1970//1970
f 1616//1616 1611//1611 1625//1625
f 1959//1959 1955//1955 1922//1922
f 1921//1921 1951//1951 1761//1761
f 1941//1941 1951//1951 1921//1921
f 2177//2177 1954//1954 2124//2124
f 2328//2328 2276//2276 2267//2267
f 2148//2148 2161//2161 2191//2191
f 2148//2148 2191//2191 2161//2161
f 2266//2266 2348//2348 2126//2126
f 2060//2060 2063//2063 2161//2161
f 1504//1504 1706//1706 1514//1514
f 1118//1118 1077//1077 1073//1073
f 1280//1280 1292//1292 1442//1442
f 1682//1682 1706//1706 1922//1922
f 1718//1718 1706//1706 1682//1682
f 1718//1718 1694//1694 1746//1746
f 1959//1959 1994//1994 2063//2063
f 2112//2112 1994//1994 2142//2142
f 2112//2112 2126//2126 2304//2304
f 2060//2060 2161//2161 2073//2073
f 1429//1429 1252//1252 1432//1432
f 41//41 126//126 108//108
f 1494//1494 1336//1336 1432//1432
f 1494//1494 1505//1505 1432//1432
f 1616//1616 1611//1611 1685//1685
f 1941//1941 2141//2141 1951//1951
f 2217//2217 2145//2145 2268//2268
f 1220//1220 1208//1208 1213//1213
f 1616//1616 1611//1611 1513//1513
f 1616//1616 1513//1513 1611//1611
f 1325//1325 1611//1611 1616//1616
f 1325//1325 1616//1616 1611//1611
f 1917//1917 1921//1921 1685//1685
f 1941//1941 1959//1959 1953//1953
f 2266//2266 2112//2112 2304//2304
f 2112//2112 2126//2126 2063//2063
f 1956//1956 2060//2060 1953//1953
f 2112//2112 2107//2107 1979//1979
f 2328//2328 2267//2267 2323//2323
f 2180//2180 2177//2177 1979//1979
f 1509//1509 1514//1514 1504//1504
f 1220//1220 1306//1306 1294//1294
f 1421//1421 1456//1456 1306//1306
f 1340//1340 1456//1456 1504//1504
f 1252//1252 1212//1212 1280//1280
f 1429//1429 1325//1325 1252//1252
f 1494//1494 1685//1685 1538//1538
f 1683//1683 1921//1921 1917//1917
f 1941//1941 2040//2040 2032//2032
f 2115//2115 2141//2141 1941//1941
f 2115//2115 2113//2113 2217//2217
f 1169//1169 1173//1173 1170//1170
f 1349//1349 1254//1254 1234//1234
f 3295//3295 3332//3332 3154//3154
f 1201//1201 1234//1234 1254//1254
f 1183//1183 1170//1170 1173//1173
f 1862//1862 1842//1842 1710//1710
f 1654//1654 1623//1623 1594//1594
f 1383//1383 1407//1407 1412//1412
f 1556//1556 1594//1594 1539//1539
f 1654//1654 1710//1710 1623//1623
f 1367//1367 1250//1250 1231//1231
f 1231//1231 1206//1206 1220//1220
f 1492//1492 1380//1380 1541//1541
f 1150//1150 1113//1113 1109//1109
f 1707//1707 1554//1554 1634//1634
f 1492//1492 1547//1547 1576//1576
f 1492//1492 1576//1576 1634//1634
f 2217//2217 2186//2186 2119//2119
f 2226//2226 1954//1954 1864//1864
f 2226//2226 2124//2124 1954//1954
f 1588//1588 1539//1539 1509//1509
f 1694//1694 1706//1706 1588//1588
f 1170//1170 1208//1208 1212//1212
f 3295//3295 3287//3287 3326//3326
f 1281//1281 1213//1213 1208//1208
f 1220//1220 1281//1281 1208//1208
f 1579//1579 1598//1598 1683//1683
f 1718//1718 2092//2092 1864//1864
f 1170//1170 1212//1212 1227//1227
f 1380//1380 1505//1505 1492//1492
f 2290//2290 2255//2255 2161//2161
f 1826//1826 1623//1623 1609//1609
f 1528//1528 1539//1539 1623//1623
f 1528//1528 1458//1458 1539//1539
f 1539//1539 1385//1385 1458//1458
f 1554//1554 1443//1443 1446//1446
f 1363//1363 1558//1558 1458//1458
f 1556//1556 1558//1558 1813//1813
f 1367//1367 1363//1363 1458//1458
f 1349//1349 1541//1541 1446//1446
f 1349//1349 1446//1446 1443//1443
f 1707//1707 1349//1349 1554//1554
f 2122//2122 2164//2164 2186//2186
f 2122//2122 2186//2186 2164//2164
f 3258//3258 3257//3257 3212//3212
f 2923//2923 3140//3140 3142//3142
f 2912//2912 3009//3009 2923//2923
f 2997//2997 3350//3350 3143//3143
f 3168//3168 3209//3209 3382//3382
f 3143//3143 3350//3350 3233//3233
f 2470//2470 2441//2441 2497//2497
f 2470//2470 2497//2497 2547//2547
f 2441//2441 2348//2348 2497//2497
f 2145//2145 2344//2344 2475//2475
f 2571//2571 2547//2547 2497//2497
f 1019//1019 1003//1003 991//991
f 2276//2276 2490//2490 2332//2332
f 2648//2648 2700//2700 2668//2668
f 2530//2530 2648//2648 2531//2531
f 2912//2912 2760//2760 2756//2756
f 2760//2760 2700//2700 2756//2756
f 2497//2497 2490//2490 2482//2482
f 2932//2932 2950//2950 3156//3156
f 3450//3450 3382//3382 3427//3427
f 3295//3295 3233//3233 3228//3228
f 3295//3295 3228//3228 3233//3233
f 3408//3408 3326//3326 3343//3343
f 3191//3191 3209//3209 3301//3301
f 1047//1047 1099//1099 1144//1144
f 3411//3411 3427//3427 3382//3382
f 3411//3411 3382//3382 3427//3427
f 3359//3359 3400//3400 3282//3282
f 2502//2502 2504//2504 2652//2652
f 3234//3234 3283//3283 3282//3282
f 3380//3380 3462//3462 3424//3424
f 3424//3424 3344//3344 3380//3380
f 3411//3411 3450//3450 3380//3380
f 3292//3292 3380//3380 3344//3344
f 3229//3229 3191//3191 3380//3380
f 2507//2507 2439//2439 2518//2518
f 2362//2362 2372//2372 2446//2446
f 2439//2439 2446//2446 2518//2518
f 2372//2372 2446//2446 2518//2518
f 2446//2446 2442//2442 2518//2518
f 2507//2507 2518//2518 2442//2442
f 2903//2903 2518//2518 2900//2900
f 2507//2507 2900//2900 2518//2518
f 2507//2507 2903//2903 2900//2900
f 3033//3033 3042//3042 3154//3154
f 2455//2455 3122//3122 2340//2340
f 2903//2903 2900//2900 3033//3033
f 3042//3042 2900//2900 3099//3099
f 2912//2912 2667//2667 2760//2760
f 2903//2903 3099//3099 2900//2900
f 3400//3400 3332//3332 3362//3362
f 3042//3042 3033//3033 3099//3099
f 3400//3400 3362//3362 3332//3332
f 996//996 1000//1000 1001//1001
f 996//996 1001//1001 1000//1000
f 3295//3295 3362//3362 3332//3332
f 3447//3447 3462//3462 3457//3457
f 3447//3447 3457//3457 3462//3462
f 3444//3444 3452//3452 3450//3450
f 3444//3444 3450//3450 3452//3452
f 3462//3462 3424//3424 3457//3457
f 3450//3450 3462//3462 3457//3457
f 3450//3450 3457//3457 3462//3462
f 3450//3450 3452//3452 3429//3429
f 3450//3450 3429//3429 3452//3452
f 3371//3371 3429//3429 3362//3362
f 3424//3424 3301//3301 3380//3380
f 3380//3380 3424//3424 3462//3462
f 3424//3424 3380//3380 3301//3301
f 3294//3294 3301//3301 3380//3380
f 3140//3140 3301//3301 3209//3209
f 3057//3057 3010//3010 3191//3191
f 3057//3057 2968//2968 3010//3010
f 2278//2278 2504//2504 2502//2502
f 3057//3057 2905//2905 2968//2968
f 3057//3057 3191//3191 3010//3010
f 2968//2968 3010//3010 3009//3009
f 2563//2563 2577//2577 2557//2557
f 2961//2961 2905//2905 2968//2968
f 2968//2968 2905//2905 2704//2704
f 2968//2968 2704//2704 2905//2905
f 2751//2751 2905//2905 2477//2477
f 2704//2704 2477//2477 2905//2905
f 2704//2704 2810//2810 2458//2458
f 2704//2704 2905//2905 2810//2810
f 2704//2704 2810//2810 2905//2905
f 2704//2704 2531//2531 2810//2810
f 2704//2704 2760//2760 2667//2667
f 2668//2668 2531//2531 2667//2667
f 2704//2704 2667//2667 2531//2531
f 2628//2628 2627//2627 2482//2482
f 2530//2530 2531//2531 2668//2668
f 2530//2530 2668//2668 2531//2531
f 2901//2901 2760//2760 2905//2905
f 2388//2388 2477//2477 2458//2458
f 2704//2704 2458//2458 2477//2477
f 2843//2843 2655//2655 2836//2836
f 2895//2895 2503//2503 2655//2655
f 2985//2985 3147//3147 3116//3116
f 2895//2895 2910//2910 2985//2985
f 2963//2963 2964//2964 3129//3129
f 3156//3156 3142//3142 3140//3140
f 3228//3228 3233//3233 3343//3343
f 2912//2912 2923//2923 2671//2671
f 2962//2962 2946//2946 2950//2950
f 2145//2145 2475//2475 2326//2326
f 2668//2668 2667//2667 2654//2654
f 2398//2398 2328//2328 2323//2323
f 2997//2997 2989//2989 3343//3343
f 3212//3212 3257//3257 3343//3343
f 2912//2912 3142//3142 2923//2923
f 2912//2912 2923//2923 3156//3156
f 50//50 133//133 52//52
f 3143//3143 3233//3233 3200//3200
f 3294//3294 3301//3301 3382//3382
f 3156//3156 3209//3209 3168//3168
f 2962//2962 2950//2950 3168//3168
f 2923//2923 3009//3009 3140//3140
f 2650//2650 2575//2575 2571//2571
f 2636//2636 2575//2575 2632//2632
f 2276//2276 2328//2328 2490//2490
f 2290//2290 2412//2412 2486//2486
f 2370//2370 2326//2326 2475//2475
f 2480//2480 2290//2290 2486//2486
f 3168//3168 3382//3382 3218//3218
f 3348//3348 3353//3353 3356//3356
f 2648//2648 2639//2639 2531//2531
f 2650//2650 2497//2497 2627//2627
f 2497//2497 2332//2332 2490//2490
f 3343//3343 3233//3233 3350//3350
f 2645//2645 2655//2655 2642//2642
f 2480//2480 2475//2475 2344//2344
f 2628//2628 2482//2482 2627//2627
f 2628//2628 2497//2497 2627//2627
f 2965//2965 2988//2988 3353//3353
f 2997//2997 3143//3143 2989//2989
f 2919//2919 2664//2664 2663//2663
f 2625//2625 2645//2645 2548//2548
f 2528//2528 2547//2547 2571//2571
f 2328//2328 2482//2482 2490//2490
f 2393//2393 2437//2437 2482//2482
f 2628//2628 2627//2627 2437//2437
f 2654//2654 2628//2628 2651//2651
f 2654//2654 2651//2651 2628//2628
f 2912//2912 2950//2950 2932//2932
f 2912//2912 2932//2932 2921//2921
f 2964//2964 2962//2962 3156//3156
f 3427//3427 3382//3382 3356//3356
f 1748//1748 1575//1575 1587//1587
f 3287//3287 3228//3228 3343//3343
f 3129//3129 3200//3200 3233//3233
f 2963//2963 2935//2935 2964//2964
f 3228//3228 3147//3147 3129//3129
f 1433//1433 2338//2338 2047//2047
f 2963//2963 2965//2965 2964//2964
f 2661//2661 2632//2632 2636//2636
f 2326//2326 2475//2475 2480//2480
f 2503//2503 2625//2625 2655//2655
f 2625//2625 2642//2642 2655//2655
f 2503//2503 2642//2642 2625//2625
f 3258//3258 3353//3353 3348//3348
f 3396//3396 3424//3424 3453//3453
f 3013//3013 3193//3193 3010//3010
f 3344//3344 3301//3301 3193//3193
f 3465//3465 3454//3454 3447//3447
f 3457//3457 3447//3447 3454//3454
f 3444//3444 3450//3450 3454//3454
f 3234//3234 3332//3332 3295//3295
f 3234//3234 3099//3099 3332//3332
f 2507//2507 2903//2903 2186//2186
f 3054//3054 3208//3208 3140//3140
f 3390//3390 3427//3427 3411//3411
f 3447//3447 3450//3450 3427//3427
f 3295//3295 3116//3116 3228//3228
f 3294//3294 3380//3380 3390//3390
f 3447//3447 3457//3457 3450//3450
f 3447//3447 3450//3450 3457//3457
f 3444//3444 3452//3452 3371//3371
f 2348//2348 2412//2412 2441//2441
f 3103//3103 3206//3206 3282//3282
f 3050//3050 3132//3132 3158//3158
f 3158//3158 3132//3132 3191//3191
f 3050//3050 3260//3260 3057//3057
f 3260//3260 3301//3301 3292//3292
f 3234//3234 3206//3206 3283//3283
f 3042//3042 3099//3099 3282//3282
f 3158//3158 3191//3191 3307//3307
f 3050//3050 3158//3158 3013//3013
f 3260//3260 3344//3344 3301//3301
f 3283//3283 3332//3332 3295//3295
f 3260//3260 3292//3292 3057//3057
f 1425//1425 1451//1451 2044//2044
f 3411//3411 3427//3427 3382//3382
f 3411//3411 3382//3382 3427//3427
f 3347//3347 3356//3356 3382//3382
f 3347//3347 3382//3382 3356//3356
f 3356//3356 3382//3382 3427//3427
f 3348//3348 3408//3408 3350//3350
f 3348//3348 3350//3350 3408//3408
f 3408//3408 3348//3348 3343//3343
f 3408//3408 3343//3343 3348//3348
f 2672//2672 2636//2636 2664//2664
f 2672//2672 2664//2664 2636//2636
f 2636//2636 2645//2645 2664//2664
f 2671//2671 2651//2651 2654//2654
f 2671//2671 2654//2654 2651//2651
f 2671//2671 2654//2654 2627//2627
f 2671//2671 2627//2627 2654//2654
f 1941//1941 1953//1953 1951//1951
f 1941//1941 1951//1951 1953//1953
f 1956//1956 1941//1941 1951//1951
f 1956//1956 1951//1951 1941//1941
f 1216//1216 1213//1213 1292//1292
f 1216//1216 1292//1292 1213//1213
f 2921//2921 2671//2671 2672//2672
f 2686//2686 2539//2539 2502//2502
f 3348//3348 3291//3291 3258//3258
f 3348//3348 3257//3257 3291//3291
f 3353//3353 3291//3291 3257//3257
f 3353//3353 3257//3257 3258//3258
f 1481//1481 1360//1360 1442//1442
f 1280//1280 1216//1216 1292//1292
f 2921//2921 2962//2962 2963//2963
f 2921//2921 2963//2963 2650//2650
f 2919//2919 2672//2672 2963//2963
f 2963//2963 2962//2962 2965//2965
f 3347//3347 3382//3382 3356//3356
f 2661//2661 2664//2664 2625//2625
f 2671//2671 2651//2651 2627//2627
f 2111//2111 2253//2253 2159//2159
f 2565//2565 2639//2639 2810//2810
f 2557//2557 2237//2237 2163//2163
f 2557//2557 2131//2131 2237//2237
f 3085//3085 2917//2917 3145//3145
f 2617//2617 2590//2590 2432//2432
f 2159//2159 2253//2253 2352//2352
f 2352//2352 2208//2208 2159//2159
f 2111//2111 2133//2133 2099//2099
f 2111//2111 2099//2099 2133//2133
f 2159//2159 2100//2100 2111//2111
f 2159//2159 2111//2111 2100//2100
f 2208//2208 2131//2131 2159//2159
f 2228//2228 2253//2253 2133//2133
f 2705//2705 2125//2125 2481//2481
f 2557//2557 2590//2590 2574//2574
f 3255//3255 3145//3145 3211//3211
f 2590//2590 3211//3211 3145//3145
f 2557//2557 2163//2163 2590//2590
f 2208//2208 2163//2163 2131//2131
f 1788//1788 1354//1354 1801//1801
f 1354//1354 1383//1383 1801//1801
f 2208//2208 2590//2590 2163//2163
f 1023//1023 1034//1034 1094//1094
f 2432//2432 2429//2429 2590//2590
f 2432//2432 2590//2590 2429//2429
f 2111//2111 1868//1868 1801//1801
f 1863//1863 2111//2111 1801//1801
f 1863//1863 1801//1801 1383//1383
f 2617//2617 2432//2432 2420//2420
f 3167//3167 3248//3248 2948//2948
f 1730//1730 1811//1811 1338//1338
f 1859//1859 2133//2133 2111//2111
f 1338//1338 1419//1419 1730//1730
f 2705//2705 2584//2584 2125//2125
f 2133//2133 1859//1859 1811//1811
f 2133//2133 2125//2125 2228//2228
f 3255//3255 3100//3100 3162//3162
f 2590//2590 2589//2589 2574//2574
f 1407//1407 1371//1371 1662//1662
f 1407//1407 1662//1662 1537//1537
f 2589//2589 2237//2237 2108//2108
f 2099//2099 2224//2224 1990//1990
f 1744//1744 2940//2940 1701//1701
f 2584//2584 2609//2609 2435//2435
f 3171//3171 2435//2435 2609//2609
f 1791//1791 1866//1866 2099//2099
f 1662//1662 1686//1686 1537//1537
f 2167//2167 2237//2237 2357//2357
f 1662//1662 1793//1793 1791//1791
f 1371//1371 1793//1793 1662//1662
f 2589//2589 3199//3199 2609//2609
f 1656//1656 1807//1807 1793//1793
f 2878//2878 2589//2589 2848//2848
f 2878//2878 3100//3100 2589//2589
f 2878//2878 2589//2589 2807//2807
f 2100//2100 1793//1793 2167//2167
f 2100//2100 1866//1866 1793//1793
f 2589//2589 2108//2108 2574//2574
f 2108//2108 2237//2237 2167//2167
f 1656//1656 1789//1789 1807//1807
f 2577//2577 2516//2516 2826//2826
f 2705//2705 2879//2879 2808//2808
f 2125//2125 2245//2245 2481//2481
f 1383//1383 1354//1354 1371//1371
f 1354//1354 1789//1789 1371//1371
f 982//982 981//981 1023//1023
f 3248//3248 3167//3167 3171//3171
f 3162//3162 3085//3085 3255//3255
f 1338//1338 1368//1368 1419//1419
f 1859//1859 2111//2111 2099//2099
f 1863//1863 1859//1859 1866//1866
f 2352//2352 2420//2420 2357//2357
f 2420//2420 2435//2435 2357//2357
f 2432//2432 2357//2357 2429//2429
f 2352//2352 2357//2357 2432//2432
f 2432//2432 2435//2435 2420//2420
f 1811//1811 1791//1791 1796//1796
f 2208//2208 2167//2167 2237//2237
f 2208//2208 2237//2237 2167//2167
f 2228//2228 2253//2253 2224//2224
f 2228//2228 2224//2224 2253//2253
f 1801//1801 1807//1807 1793//1793
f 1801//1801 1793//1793 1807//1807
f 1788//1788 1868//1868 1807//1807
f 1730//1730 1659//1659 1990//1990
f 2441//2441 2448//2448 2470//2470
f 1745//1745 1537//1537 1686//1686
f 1283//1283 1314//1314 1324//1324
f 3167//3167 3108//3108 3171//3171
f 3251//3251 3254//3254 3217//3217
f 1780//1780 1587//1587 1545//1545
f 1412//1412 1407//1407 1368//1368
f 3255//3255 3145//3145 3100//3100
f 3255//3255 3199//3199 3145//3145
f 2590//2590 2696//2696 2589//2589
f 2696//2696 2807//2807 2589//2589
f 2111//2111 2099//2099 2167//2167
f 1096//1096 1107//1107 1088//1088
f 2111//2111 2253//2253 2167//2167
f 1077//1077 1050//1050 1042//1042
f 2705//2705 2808//2808 2879//2879
f 2878//2878 2917//2917 2848//2848
f 3248//3248 3171//3171 3199//3199
f 3255//3255 3211//3211 3199//3199
f 3212//3212 3258//3258 3348//3348
f 3248//3248 3199//3199 3211//3211
f 1364//1364 1325//1325 1283//1283
f 1893//1893 1827//1827 1950//1950
f 1283//1283 1324//1324 1314//1314
f 1294//1294 1331//1331 1321//1321
f 1321//1321 1376//1376 1331//1331
f 1321//1321 1331//1331 1376//1376
f 1525//1525 1382//1382 1376//1376
f 1704//1704 1727//1727 1525//1525
f 2000//2000 1808//1808 2135//2135
f 1808//1808 1727//1727 1704//1704
f 2261//2261 2044//2044 2279//2279
f 2056//2056 2044//2044 2218//2218
f 1380//1380 1492//1492 1541//1541
f 1932//1932 2162//2162 2044//2044
f 2434//2434 2749//2749 3104//3104
f 2261//2261 2218//2218 2044//2044
f 1324//1324 1332//1332 1348//1348
f 1431//1431 1352//1352 1399//1399
f 2448//2448 2441//2441 2470//2470
f 1431//1431 3023//3023 2516//2516
f 1331//1331 1382//1382 1376//1376
f 1727//1727 1704//1704 1519//1519
f 1808//1808 1704//1704 1727//1727
f 1929//1929 2135//2135 1808//1808
f 1732//1732 1781//1781 1773//1773
f 1740//1740 1732//1732 1693//1693
f 2001//2001 1943//1943 1974//1974
f 2078//2078 2278//2278 1929//1929
f 2393//2393 2278//2278 2323//2323
f 2017//2017 1929//1929 1960//1960
f 1943//1943 1815//1815 1731//1731
f 1693//1693 1974//1974 1731//1731
f 1929//1929 1827//1827 1960//1960
f 1808//1808 1768//1768 1827//1827
f 1425//1425 1428//1428 1451//1451
f 1433//1433 1348//1348 1332//1332
f 1321//1321 1376//1376 1332//1332
f 1433//1433 1585//1585 1744//1744
f 1431//1431 1562//1562 3023//3023
f 3023//3023 1562//1562 2597//2597
f 1744//1744 2597//2597 1562//1562
f 1744//1744 2940//2940 2597//2597
f 1376//1376 1704//1704 1428//1428
f 2686//2686 2849//2849 2749//2749
f 2340//2340 2686//2686 2749//2749
f 2749//2749 1932//1932 2340//2340
f 2340//2340 2502//2502 2686//2686
f 1808//1808 2502//2502 2340//2340
f 1932//1932 1808//1808 2340//2340
f 1808//1808 1932//1932 1673//1673
f 1451//1451 1428//1428 1932//1932
f 1433//1433 1423//1423 1348//1348
f 1433//1433 1348//1348 1423//1423
f 1352//1352 1348//1348 1399//1399
f 1893//1893 1950//1950 1960//1960
f 1815//1815 1773//1773 1781//1781
f 1815//1815 1781//1781 1773//1773
f 1815//1815 1781//1781 1731//1731
f 1732//1732 1731//1731 1781//1781
f 1702//1702 1693//1693 1732//1732
f 1740//1740 1693//1693 1731//1731
f 1740//1740 1731//1731 1693//1693
f 1377//1377 1348//1348 1352//1352
f 1283//1283 1314//1314 1364//1364
f 1340//1340 1331//1331 1294//1294
f 2686//2686 2844//2844 2849//2849
f 2686//2686 2849//2849 2844//2844
f 2980//2980 3119//3119 2849//2849
f 3192//3192 3215//3215 3119//3119
f 3192//3192 3119//3119 3215//3215
f 3113//3113 3213//3213 3203//3203
f 3023//3023 3113//3113 3165//3165
f 2516//2516 3023//3023 2826//2826
f 3287//3287 3203//3203 3213//3213
f 3287//3287 3213//3213 3203//3203
f 2876//2876 2826//2826 3228//3228
f 2563//2563 2516//2516 2577//2577
f 3192//3192 2980//2980 3208//3208
f 3039//3039 3208//3208 2980//2980
f 2863//2863 2980//2980 2844//2844
f 2789//2789 2656//2656 2577//2577
f 2789//2789 2577//2577 2826//2826
f 3343//3343 3217//3217 3251//3251
f 2668//2668 2652//2652 2640//2640
f 2668//2668 2700//2700 2652//2652
f 2743//2743 2652//2652 2700//2700
f 3119//3119 3217//3217 3122//3122
f 1877//1877 1871//1871 1868//1868
f 1877//1877 1868//1868 1871//1871
f 3098//3098 3122//3122 3104//3104
f 3111//3111 3113//3113 2940//2940
f 2566//2566 2553//2553 2640//2640
f 3113//3113 3203//3203 3165//3165
f 2980//2980 2849//2849 2844//2844
f 2980//2980 3192//3192 3119//3119
f 3171//3171 3336//3336 3267//3267
f 2808//2808 2863//2863 2844//2844
f 2279//2279 2044//2044 2047//2047
f 2044//2044 2162//2162 2047//2047
f 3236//3236 3221//3221 3225//3225
f 3236//3236 3225//3225 3221//3221
f 2279//2279 2047//2047 2162//2162
f 2261//2261 2279//2279 2455//2455
f 2261//2261 2455//2455 2279//2279
f 2434//2434 2261//2261 2455//2455
f 2056//2056 2218//2218 2311//2311
f 2434//2434 2455//2455 2261//2261
f 2338//2338 2187//2187 2047//2047
f 2455//2455 2340//2340 2162//2162
f 2261//2261 2187//2187 2218//2218
f 1673//1673 2047//2047 2340//2340
f 2261//2261 2279//2279 2187//2187
f 1702//1702 1352//1352 1429//1429
f 1702//1702 1693//1693 1352//1352
f 2001//2001 2053//2053 1981//1981
f 2180//2180 2000//2000 2135//2135
f 2078//2078 2000//2000 2180//2180
f 1784//1784 1747//1747 1727//1727
f 1340//1340 1338//1338 1386//1386
f 1981//1981 1731//1731 1958//1958
f 1731//1731 1781//1781 1958//1958
f 1943//1943 1958//1958 1781//1781
f 1784//1784 1827//1827 1768//1768
f 2000//2000 1960//1960 1929//1929
f 1376//1376 1321//1321 1332//1332
f 1423//1423 1491//1491 1744//1744
f 1431//1431 1491//1491 1423//1423
f 1532//1532 1787//1787 1537//1537
f 2529//2529 3113//3113 2940//2940
f 2529//2529 1744//1744 1491//1491
f 1433//1433 1423//1423 3111//3111
f 1704//1704 1525//1525 1673//1673
f 2686//2686 3098//3098 2849//2849
f 1348//1348 1321//1321 1332//1332
f 1451//1451 1673//1673 1525//1525
f 1433//1433 1423//1423 1701//1701
f 1433//1433 1701//1701 1423//1423
f 1773//1773 1781//1781 1728//1728
f 1377//1377 1352//1352 1324//1324
f 1376//1376 1382//1382 1331//1331
f 1294//1294 1338//1338 1340//1340
f 2358//2358 2135//2135 2502//2502
f 2686//2686 2808//2808 2539//2539
f 2844//2844 2849//2849 2980//2980
f 3192//3192 2980//2980 3119//3119
f 3113//3113 3165//3165 3111//3111
f 2529//2529 2826//2826 3165//3165
f 2004//2004 2516//2516 2529//2529
f 3203//3203 3165//3165 3287//3287
f 2876//2876 3228//3228 3165//3165
f 2563//2563 2557//2557 2516//2516
f 2625//2625 2642//2642 2577//2577
f 2794//2794 2808//2808 2835//2835
f 3039//3039 2980//2980 3218//3218
f 3290//3290 3218//3218 3192//3192
f 2807//2807 2577//2577 2656//2656
f 2779//2779 2807//2807 2656//2656
f 2779//2779 2656//2656 2789//2789
f 2807//2807 2826//2826 2516//2516
f 2807//2807 2516//2516 2577//2577
f 3356//3356 3254//3254 3351//3351
f 3351//3351 3254//3254 3251//3251
f 3351//3351 3251//3251 3367//3367
f 3300//3300 3217//3217 3213//3213
f 3356//3356 3248//3248 3254//3254
f 3122//3122 3056//3056 3111//3111
f 3215//3215 3119//3119 3122//3122
f 997//997 1015//1015 993//993
f 3217//3217 3122//3122 3111//3111
f 3122//3122 3217//3217 3215//3215
f 3203//3203 3217//3217 3111//3111
f 3113//3113 3111//3111 2940//2940
f 3248//3248 3267//3267 3254//3254
f 3248//3248 3356//3356 3347//3347
f 2218//2218 2187//2187 2338//2338
f 2218//2218 2338//2338 2455//2455
f 2187//2187 2455//2455 2162//2162
f 2187//2187 2162//2162 2047//2047
f 2455//2455 2279//2279 2261//2261
f 2187//2187 2279//2279 2455//2455
f 2218//2218 2455//2455 2261//2261
f 1364//1364 1318//1318 1325//1325
f 1740//1740 1773//1773 1728//1728
f 1429//1429 1377//1377 1352//1352
f 2563//2563 2625//2625 2577//2577
f 2001//2001 1974//1974 2053//2053
f 2053//2053 2516//2516 2563//2563
f 2563//2563 2577//2577 2642//2642
f 3304//3304 3213//3213 3287//3287
f 3304//3304 3287//3287 3213//3213
f 3287//3287 3165//3165 3228//3228
f 3287//3287 3228//3228 3165//3165
f 3347//3347 3356//3356 3351//3351
f 3248//3248 3347//3347 3267//3267
f 3290//3290 3215//3215 3267//3267
f 3290//3290 3215//3215 3267//3267
f 3290//3290 3267//3267 3215//3215
f 2863//2863 2835//2835 2808//2808
f 3039//3039 2863//2863 3208//3208
f 2794//2794 2863//2863 2808//2808
f 2180//2180 2323//2323 2545//2545
f 2078//2078 2180//2180 2566//2566
f 2078//2078 2017//2017 2027//2027
f 2078//2078 2323//2323 2180//2180
f 1570//1570 1382//1382 1439//1439
f 1386//1386 1421//1421 1382//1382
f 2362//2362 2446//2446 2372//2372
f 1821//1821 2119//2119 2088//2088
f 1821//1821 2088//2088 2119//2119
f 2122//2122 2217//2217 2119//2119
f 1634//1634 1697//1697 2088//2088
f 1554//1554 1492//1492 1592//1592
f 1707//1707 1697//1697 1620//1620
f 1541//1541 1576//1576 1697//1697
f 1554//1554 1620//1620 1576//1576
f 1541//1541 1492//1492 1328//1328
f 1541//1541 1492//1492 1576//1576
f 1380//1380 1541//1541 1328//1328
f 1380//1380 1254//1254 1273//1273
f 1279//1279 1206//1206 1250//1250
f 1385//1385 1250//1250 1213//1213
f 1385//1385 1213//1213 1183//1183
f 1385//1385 1183//1183 1279//1279
f 1206//1206 1213//1213 1250//1250
f 1183//1183 1177//1177 1206//1206
f 1206//1206 1177//1177 1213//1213
f 1170//1170 1173//1173 1177//1177
f 1170//1170 1173//1173 1212//1212
f 1212//1212 1173//1173 1227//1227
f 1184//1184 1254//1254 1227//1227
f 1367//1367 1385//1385 1279//1279
f 1367//1367 1279//1279 1250//1250
f 3380//3380 3457//3457 3424//3424
f 1512//1512 1539//1539 1588//1588
f 1512//1512 1588//1588 1539//1539
f 1718//1718 1710//1710 1588//1588
f 1892//1892 1623//1623 1710//1710
f 1588//1588 1710//1710 1539//1539
f 1718//1718 1588//1588 1623//1623
f 1104//1104 1120//1120 1110//1110
f 1718//1718 2022//2022 1864//1864
f 1892//1892 2124//2124 2022//2022
f 2267//2267 2257//2257 2124//2124
f 2138//2138 2022//2022 2124//2124
f 2213//2213 2477//2477 2388//2388
f 2267//2267 2458//2458 2257//2257
f 2213//2213 2398//2398 2138//2138
f 2138//2138 2398//2398 2177//2177
f 2507//2507 2372//2372 2446//2446
f 2507//2507 2446//2446 2362//2362
f 2507//2507 2518//2518 2446//2446
f 2903//2903 2900//2900 2518//2518
f 2507//2507 2903//2903 2518//2518
f 2903//2903 3099//3099 3154//3154
f 3042//3042 3099//3099 2900//2900
f 3154//3154 3099//3099 3332//3332
f 3359//3359 3332//3332 3295//3295
f 3295//3295 3332//3332 3362//3362
f 3359//3359 3400//3400 3332//3332
f 3444//3444 3452//3452 3429//3429
f 3054//3054 3009//3009 3208//3208
f 3444//3444 3429//3429 3454//3454
f 3454//3454 3429//3429 3450//3450
f 3447//3447 3462//3462 3454//3454
f 48//48 179//179 87//87
f 3447//3447 3457//3457 3380//3380
f 3380//3380 3307//3307 3424//3424
f 3380//3380 3424//3424 3301//3301
f 3191//3191 3301//3301 3307//3307
f 3054//3054 3057//3057 3209//3209
f 3301//3301 3208//3208 3307//3307
f 3054//3054 3209//3209 3191//3191
f 3054//3054 3208//3208 3209//3209
f 3054//3054 3191//3191 3208//3208
f 2961//2961 3054//3054 3009//3009
f 3054//3054 2968//2968 3057//3057
f 3054//3054 3209//3209 2905//2905
f 3054//3054 2905//2905 3009//3009
f 2968//2968 2810//2810 3010//3010
f 2961//2961 2905//2905 2760//2760
f 2968//2968 2901//2901 2716//2716
f 2668//2668 2760//2760 2704//2704
f 2961//2961 2668//2668 2530//2530
f 2961//2961 2530//2530 2901//2901
f 2968//2968 2716//2716 2477//2477
f 2704//2704 2639//2639 2531//2531
f 2388//2388 2458//2458 2398//2398
f 2531//2531 2639//2639 2458//2458
f 2388//2388 2530//2530 2458//2458
f 2565//2565 2477//2477 2458//2458
f 2187//2187 2159//2159 2253//2253
f 2253//2253 2261//2261 2187//2187
f 1504//1504 1419//1419 1439//1439
f 1462//1462 1494//1494 1505//1505
f 3100//3100 3085//3085 3116//3116
f 3200//3200 3085//3085 3162//3162
f 3200//3200 3162//3162 3100//3100
f 3156//3156 3108//3108 3168//3168
f 3156//3156 3218//3218 3108//3108
f 3168//3168 3108//3108 3167//3167
f 3168//3168 3167//3167 3171//3171
f 2247//2247 2261//2261 2189//2189
f 2187//2187 2189//2189 2247//2247
f 2247//2247 2189//2189 2261//2261
f 2297//2297 2268//2268 2237//2237
f 2297//2297 2237//2237 2326//2326
f 2328//2328 2289//2289 2245//2245
f 2276//2276 2224//2224 2328//2328
f 2328//2328 2224//2224 2289//2289
f 2245//2245 2289//2289 2224//2224
f 1430//1430 1481//1481 1442//1442
f 1430//1430 1442//1442 1360//1360
f 1430//1430 1442//1442 1481//1481
f 1430//1430 1481//1481 1360//1360
f 1430//1430 1360//1360 1442//1442
f 1868//1868 2102//2102 1841//1841
f 2102//2102 1868//1868 1841//1841
f 2448//2448 2412//2412 2470//2470
f 2448//2448 2470//2470 2412//2412
f 2304//2304 2332//2332 2348//2348
f 2304//2304 2266//2266 2348//2348
f 2316//2316 2304//2304 2255//2255
f 2304//2304 2348//2348 2266//2266
f 2304//2304 2266//2266 2348//2348
f 3212//3212 3258//3258 3257//3257
f 3280//3280 3291//3291 3273//3273
f 3280//3280 3258//3258 3291//3291
f 3280//3280 3273//3273 3291//3291
f 3273//3273 3257//3257 3258//3258
f 3280//3280 3273//3273 3258//3258
f 3273//3273 3258//3258 3257//3257
f 3273//3273 3291//3291 3258//3258
f 3273//3273 3257//3257 3291//3291
f 3257//3257 3351//3351 3258//3258
f 3410//3410 3434//3434 3418//3418
f 2168//2168 2148//2148 2161//2161
f 2168//2168 2191//2191 2148//2148
f 2319//2319 2290//2290 2274//2274
f 2436//2436 2441//2441 2412//2412
f 2436//2436 2412//2412 2441//2441
f 2436//2436 2441//2441 2470//2470
f 2157//2157 2191//2191 2148//2148
f 1430//1430 1442//1442 1360//1360
f 1430//1430 1360//1360 1481//1481
f 1430//1430 1481//1481 1442//1442
f 1426//1426 1442//1442 1481//1481
f 1426//1426 1360//1360 1442//1442
f 1481//1481 1360//1360 1442//1442
f 1426//1426 1442//1442 1360//1360
f 1426//1426 1360//1360 1481//1481
f 1426//1426 1360//1360 1481//1481
f 1780//1780 1545//1545 1537//1537
f 1780//1780 1537//1537 1787//1787
f 1575//1575 1796//1796 1532//1532
f 1691//1691 1686//1686 1662//1662
f 1748//1748 1755//1755 1780//1780
f 1748//1748 1780//1780 1843//1843
f 1789//1789 1807//1807 1738//1738
f 1749//1749 1656//1656 1738//1738
f 1749//1749 1662//1662 1656//1656
f 1749//1749 1791//1791 1691//1691
f 1738//1738 1807//1807 1793//1793
f 1749//1749 1738//1738 1793//1793
f 1656//1656 1807//1807 1667//1667
f 1656//1656 1662//1662 1807//1807
f 1667//1667 1807//1807 1789//1789
f 1656//1656 1738//1738 1667//1667
f 1662//1662 1686//1686 1793//1793
f 1662//1662 1793//1793 1807//1807
f 1738//1738 1667//1667 1789//1789
f 1691//1691 1791//1791 1686//1686
f 1662//1662 1686//1686 1749//1749
f 2021//2021 1877//1877 1987//1987
f 1841//1841 1868//1868 2131//2131
f 2096//2096 2111//2111 2159//2159
f 2021//2021 2111//2111 2096//2096
f 2021//2021 2096//2096 2111//2111
f 2021//2021 1987//1987 2111//2111
f 1967//1967 1877//1877 1987//1987
f 1877//1877 1863//1863 1987//1987
f 1840//1840 1877//1877 1868//1868
f 2021//2021 2111//2111 2096//2096
f 3329//3329 3308//3308 3322//3322
f 1840//1840 1863//1863 1877//1877
f 1018//1018 1022//1022 1001//1001
f 1877//1877 2131//2131 1868//1868
f 3431//3431 3340//3340 3311//3311
f 1967//1967 2131//2131 1877//1877
f 1967//1967 2131//2131 1972//1972
f 1967//1967 1972//1972 2131//2131
f 2096//2096 2131//2131 2034//2034
f 2096//2096 2034//2034 2131//2131
f 2021//2021 1972//1972 2034//2034
f 2021//2021 2034//2034 1972//1972
f 2021//2021 2131//2131 2034//2034
f 2021//2021 2096//2096 2131//2131
f 2096//2096 2163//2163 2131//2131
f 2096//2096 2159//2159 2163//2163
f 2096//2096 2159//2159 2111//2111
f 1841//1841 2096//2096 2021//2021
f 1877//1877 1972//1972 1987//1987
f 1840//1840 1868//1868 1863//1863
f 1877//1877 1863//1863 1868//1868
f 2021//2021 1863//1863 1877//1877
f 2096//2096 2163//2163 2159//2159
f 1841//1841 2021//2021 1967//1967
f 1902//1902 1877//1877 1868//1868
f 2021//2021 1972//1972 1967//1967
f 2021//2021 2111//2111 1987//1987
f 2096//2096 2159//2159 2111//2111
f 2096//2096 2111//2111 2159//2159
f 2096//2096 2159//2159 2111//2111
f 2163//2163 2096//2096 2102//2102
f 2117//2117 2102//2102 2096//2096
f 2117//2117 2096//2096 2068//2068
f 2117//2117 2068//2068 2159//2159
f 2163//2163 2117//2117 2096//2096
f 2096//2096 2117//2117 2159//2159
f 1840//1840 1877//1877 1863//1863
f 1868//1868 1877//1877 1840//1840
f 1846//1846 1863//1863 1877//1877
f 1868//1868 1840//1840 1846//1846
f 2021//2021 1972//1972 2068//2068
f 2021//2021 2068//2068 2096//2096
f 1964//1964 1987//1987 2068//2068
f 2096//2096 2068//2068 1987//1987
f 2021//2021 1987//1987 1972//1972
f 2021//2021 2096//2096 1987//1987
f 1964//1964 1972//1972 1942//1942
f 1964//1964 1942//1942 1972//1972
f 1877//1877 1871//1871 1942//1942
f 1877//1877 1987//1987 1871//1871
f 1877//1877 1972//1972 1942//1942
f 1877//1877 1942//1942 1972//1972
f 2102//2102 2068//2068 2096//2096
f 2102//2102 2096//2096 2021//2021
f 2102//2102 2021//2021 2034//2034
f 2021//2021 2096//2096 2068//2068
f 2021//2021 2068//2068 2034//2034
f 2021//2021 1942//1942 1972//1972
f 1942//1942 2068//2068 2034//2034
f 1967//1967 2034//2034 1972//1972
f 1967//1967 1942//1942 2068//2068
f 1967//1967 2068//2068 1942//1942
f 1877//1877 1972//1972 1942//1942
f 1877//1877 1942//1942 1972//1972
f 1967//1967 1942//1942 1902//1902
f 1967//1967 1902//1902 1942//1942
f 1967//1967 1902//1902 1942//1942
f 1902//1902 1877//1877 1942//1942
f 1902//1902 1942//1942 1877//1877
f 1846//1846 1868//1868 1871//1871
f 1846//1846 1871//1871 1868//1868
f 3214//3214 2528//2528 2575//2575
f 3214//3214 2575//2575 2528//2528
f 3214//3214 2964//2964 2989//2989
f 3214//3214 2989//2989 2964//2964
f 3280//3280 3454//3454 3214//3214
f 3280//3280 3214//3214 3454//3454
f 3280//3280 2310//2310 3454//3454
f 3280//3280 3454//3454 2310//2310
f 3280//3280 2528//2528 2310//2310
f 3280//3280 2310//2310 2528//2528
f 3280//3280 3214//3214 2528//2528
f 2262//2262 2255//2255 2310//2310
f 1080//1080 1094//1094 1124//1124
f 1148//1148 1132//1132 1124//1124
f 1077//1077 1137//1137 1125//1125
f 1077//1077 1125//1125 1073//1073
f 1016//1016 1042//1042 998//998
f 993//993 982//982 985//985
f 982//982 1023//1023 985//985
f 1101//1101 1093//1093 1120//1120
f 982//982 993//993 992//992
f 982//982 992//992 1063//1063
f 1124//1124 1120//1120 1127//1127
f 1063//1063 1120//1120 1124//1124
f 1053//1053 1127//1127 1120//1120
f 1063//1063 1058//1058 1120//1120
f 1118//1118 1132//1132 1127//1127
f 1016//1016 1077//1077 1042//1042
f 1080//1080 1018//1018 1063//1063
f 1080//1080 1023//1023 1018//1018
f 982//982 1018//1018 1023//1023
f 1118//1118 1122//1122 1132//1132
f 1080//1080 1094//1094 1023//1023
f 985//985 1023//1023 982//982
f 1016//1016 998//998 1073//1073
f 1118//1118 1073//1073 1125//1125
f 1042//1042 993//993 996//996
f 993//993 985//985 996//996
f 1016//1016 1042//1042 996//996
f 1118//1118 1042//1042 1077//1077
f 1080//1080 1132//1132 1095//1095
f 1118//1118 1089//1089 1122//1122
f 1118//1118 1077//1077 1089//1089
f 1016//1016 996//996 985//985
f 1016//1016 985//985 996//996
f 985//985 1018//1018 996//996
f 1118//1118 1132//1132 1137//1137
f 1080//1080 985//985 1023//1023
f 1118//1118 1137//1137 1042//1042
f 1077//1077 1042//1042 1137//1137
f 1080//1080 985//985 1018//1018
f 1080//1080 1018//1018 985//985
f 993//993 998//998 1016//1016
f 1148//1148 1122//1122 1125//1125
f 1148//1148 1124//1124 1080//1080
f 1080//1080 1124//1124 1094//1094
f 1042//1042 1053//1053 993//993
f 982//982 985//985 993//993
f 1063//1063 1124//1124 1132//1132
f 1077//1077 1127//1127 1053//1053
f 1016//1016 1089//1089 1077//1077
f 1080//1080 1095//1095 1078//1078
f 1095//1095 1122//1122 1078//1078
f 1122//1122 1089//1089 1108//1108
f 1016//1016 1000//1000 1044//1044
f 1016//1016 996//996 1000//1000
f 1018//1018 1001//1001 996//996
f 1018//1018 1078//1078 1022//1022
f 1118//1118 1095//1095 1132//1132
f 1101//1101 1120//1120 1058//1058
f 1122//1122 1108//1108 1078//1078
f 997//997 993//993 1000//1000
f 1084//1084 1106//1106 1108//1108
f 1090//1090 1040//1040 1078//1078
f 997//997 1022//1022 1040//1040
f 997//997 992//992 1001//1001
f 997//997 1001//1001 992//992
f 1015//1015 1044//1044 993//993
f 1084//1084 1108//1108 1089//1089
f 1000//1000 993//993 1044//1044
f 997//997 1000//1000 1001//1001
f 1022//1022 992//992 1001//1001
f 1040//1040 1022//1022 1078//1078
f 1084//1084 1015//1015 1012//1012
f 1137//1137 1132//1132 1148//1148
f 1080//1080 1023//1023 1094//1094
f 997//997 1034//1034 1012//1012
f 1012//1012 992//992 1053//1053
f 1106//1106 1084//1084 1012//1012
f 1090//1090 1034//1034 1040//1040
f 1034//1034 992//992 1012//1012
f 1106//1106 1104//1104 1090//1090
f 1012//1012 1053//1053 1104//1104
f 1104//1104 1093//1093 1101//1101
f 1034//1034 1058//1058 992//992
f 997//997 1040//1040 1034//1034
f 1016//1016 1073//1073 1077//1077
f 998//998 1012//1012 1104//1104
f 1094//1094 1120//1120 1124//1124
f 1063//1063 1124//1124 1094//1094
f 1063//1063 1094//1094 1124//1124
f 998//998 1127//1127 1073//1073
f 1148//1148 1127//1127 1120//1120
f 1148//1148 1094//1094 1124//1124
f 1148//1148 1120//1120 1094//1094
f 1023//1023 1094//1094 1063//1063
f 1023//1023 1063//1063 1094//1094
f 1023//1023 981//981 1034//1034
f 1073//1073 1120//1120 1104//1104
f 998//998 1104//1104 1012//1012
f 1148//1148 1120//1120 1125//1125
f 998//998 1073//1073 1104//1104
f 1023//1023 1094//1094 1058//1058
f 1090//1090 1110//1110 1034//1034
f 1090//1090 1104//1104 1110//1110
f 998//998 1124//1124 1120//1120
f 998//998 1104//1104 1124//1124
f 1094//1094 1124//1124 1034//1034
f 1094//1094 1034//1034 1058//1058
f 982//982 1058//1058 981//981
f 1090//1090 1124//1124 1104//1104
f 1034//1034 981//981 1058//1058
f 1076//1076 1085//1085 1128//1128
f 1128//1128 1085//1085 1126//1126
f 1126//1126 1150//1150 1128//1128
f 1126//1126 1146//1146 1150//1150
f 1126//1126 1134//1134 1146//1146
f 1129//1129 1087//1087 1112//1112
f 1087//1087 1075//1075 1112//1112
f 1087//1087 1048//1048 1075//1075
f 1019//1019 1031//1031 1029//1029
f 1031//1031 1003//1003 1029//1029
f 1025//1025 1051//1051 1043//1043
f 1076//1076 1051//1051 1043//1043
f 1076//1076 1043//1043 1051//1051
f 1013//1013 1003//1003 1031//1031
f 1008//1008 1048//1048 1087//1087
f 1150//1150 1109//1109 1141//1141
f 990//990 994//994 1020//1020
f 1014//1014 1026//1026 1009//1009
f 1009//1009 999//999 1014//1014
f 1059//1059 1061//1061 1039//1039
f 1095//1095 1132//1132 1111//1111
f 1132//1132 1117//1117 1111//1111
f 1118//1118 1089//1089 1096//1096
f 1077//1077 1096//1096 1089//1089
f 1016//1016 1026//1026 1042//1042
f 985//985 990//990 996//996
f 996//996 990//990 1009//1009
f 985//985 994//994 990//990
f 1018//1018 1039//1039 1020//1020
f 1018//1018 1059//1059 1039//1039
f 1075//1075 1019//1019 1066//1066
f 1025//1025 1003//1003 1029//1029
f 1025//1025 1029//1029 1003//1003
f 1016//1016 1050//1050 996//996
f 1016//1016 1042//1042 1050//1050
f 1077//1077 1089//1089 1050//1050
f 1118//1118 1122//1122 1103//1103
f 1132//1132 1103//1103 1122//1122
f 1095//1095 1103//1103 1132//1132
f 1031//1031 1066//1066 1029//1029
f 1112//1112 1066//1066 1067//1067
f 1112//1112 1129//1129 1128//1128
f 1128//1128 1129//1129 1126//1126
f 1076//1076 1128//1128 1126//1126
f 1051//1051 1013//1013 1025//1025
f 994//994 1009//1009 1020//1020
f 1111//1111 1107//1107 1095//1095
f 1111//1111 1095//1095 1059//1059
f 1111//1111 1059//1059 1061//1061
f 1020//1020 1061//1061 1059//1059
f 23//23 98//98 52//52
f 1111//1111 1061//1061 1107//1107
f 1018//1018 1020//1020 1059//1059
f 1089//1089 1096//1096 1050//1050
f 1050//1050 1096//1096 1049//1049
f 1089//1089 1103//1103 1107//1107
f 1089//1089 1107//1107 1096//1096
f 1095//1095 1107//1107 1103//1103
f 1055//1055 1116//1116 1028//1028
f 1146//1146 1144//1144 1149//1149
f 1150//1150 1109//1109 1091//1091
f 1109//1109 991//991 1091//1091
f 1019//1019 991//991 1047//1047
f 1075//1075 1019//1019 1047//1047
f 1146//1146 1099//1099 1141//1141
f 1003//1003 991//991 1019//1019
f 1146//1146 1141//1141 1150//1150
f 1075//1075 1144//1144 1099//1099
f 1146//1146 1150//1150 1149//1149
f 991//991 1003//1003 1019//1019
f 1128//1128 1150//1150 1043//1043
f 1025//1025 1043//1043 1003//1003
f 1076//1076 1128//1128 1043//1043
f 1025//1025 1041//1041 1043//1043
f 1003//1003 1043//1043 1083//1083
f 1019//1019 1029//1029 1003//1003
f 1112//1112 1046//1046 1075//1075
f 1076//1076 1043//1043 1041//1041
f 1086//1086 1113//1113 1130//1130
f 1038//1038 1046//1046 1086//1086
f 1112//1112 1133//1133 1130//1130
f 1133//1133 1128//1128 1076//1076
f 1025//1025 1046//1046 1038//1038
f 1146//1146 1149//1149 1150//1150
f 1146//1146 1075//1075 1144//1144
f 1075//1075 1099//1099 1047//1047
f 1075//1075 1047//1047 1099//1099
f 1027//1027 1086//1086 1038//1038
f 1055//1055 1109//1109 1116//1116
f 1086//1086 1130//1130 1149//1149
f 1028//1028 1041//1041 1038//1038
f 1047//1047 991//991 1038//1038
f 1109//1109 1149//1149 1113//1113
f 1109//1109 1113//1113 1149//1149
f 1086//1086 1149//1149 1113//1113
f 1041//1041 1028//1028 1076//1076
f 1028//1028 1027//1027 1038//1038
f 1086//1086 1113//1113 1038//1038
f 1028//1028 1038//1038 1027//1027
f 1003//1003 1083//1083 991//991
f 991//991 1028//1028 1027//1027
f 1055//1055 1116//1116 1109//1109
f 991//991 1019//1019 1047//1047
f 991//991 1047//1047 1019//1019
f 1141//1141 1099//1099 1149//1149
f 1144//1144 1099//1099 1141//1141
f 1150//1150 1083//1083 1109//1109
f 1141//1141 1109//1109 1113//1113
f 1144//1144 1141//1141 1113//1113
f 1047//1047 1144//1144 1113//1113
f 991//991 1027//1027 1047//1047
f 1047//1047 1027//1027 1086//1086
f 1083//1083 1116//1116 1055//1055
f 1150//1150 1149//1149 1083//1083
f 1083//1083 1149//1149 1116//1116
f 1027//1027 1028//1028 1130//1130
f 1149//1149 1047//1047 1113//1113
f 1025//1025 1046//1046 1004//1004
f 996//996 984//984 1000//1000
f 1000//1000 984//984 1001//1001
f 1022//1022 984//984 1001//1001
f 1022//1022 1001//1001 984//984
f 1001//1001 984//984 994//994
f 985//985 996//996 994//994
f 985//985 994//994 984//984
f 108//108 73//73 41//41
f 113//113 35//35 54//54
f 62//62 41//41 108//108
f 62//62 108//108 41//41
f 62//62 63//63 114//114
f 127//127 35//35 113//113
f 46//46 35//35 127//127
f 46//46 63//63 33//33
f 46//46 33//33 35//35
f 41//41 73//73 54//54
f 54//54 73//73 145//145
f 127//127 211//211 218//218
f 145//145 206//206 211//211
f 132//132 217//217 206//206
f 147//147 200//200 212//212
f 211//211 127//127 218//218
f 200//200 229//229 212//212
f 211//211 113//113 127//127
f 62//62 114//114 126//126
f 54//54 73//73 120//120
f 41//41 62//62 33//33
f 62//62 108//108 204//204
f 46//46 33//33 126//126
f 63//63 117//117 46//46
f 117//117 200//200 46//46
f 108//108 41//41 73//73
f 46//46 126//126 128//128
f 114//114 117//117 62//62
f 113//113 206//206 54//54
f 127//127 113//113 35//35
f 73//73 35//35 120//120
f 54//54 111//111 120//120
f 113//113 54//54 120//120
f 113//113 120//120 35//35
f 41//41 35//35 73//73
f 35//35 120//120 54//54
f 41//41 120//120 35//35
f 62//62 63//63 114//114
f 33//33 63//63 117//117
f 46//46 128//128 130//130
f 33//33 128//128 46//46
f 200//200 128//128 46//46
f 108//108 126//126 41//41
f 41//41 33//33 126//126
f 41//41 33//33 35//35
f 33//33 35//35 120//120
f 114//114 229//229 117//117
f 62//62 204//204 114//114
f 217//217 73//73 206//206
f 54//54 120//120 111//111
f 46//46 128//128 117//117
f 62//62 126//126 114//114
f 114//114 212//212 204//204
f 114//114 204//204 212//212
f 204//204 73//73 217//217
f 145//145 73//73 132//132
f 108//108 132//132 73//73
f 147//147 224//224 200//200
f 46//46 127//127 130//130
f 127//127 113//113 211//211
f 147//147 212//212 63//63
f 114//114 63//63 212//212
f 108//108 204//204 132//132
f 62//62 204//204 108//108
f 99//99 127//127 147//147
f 46//46 130//130 147//147
f 147//147 127//127 224//224
f 21//21 34//34 30//30
f 34//34 48//48 50//50
f 27//27 58//58 84//84
f 27//27 84//84 57//57
f 50//50 52//52 26//26
f 34//34 50//50 30//30
f 48//48 79//79 50//50
f 21//21 23//23 26//26
f 27//27 31//31 61//61
f 122//122 84//84 184//184
f 84//84 189//189 184//184
f 133//133 182//182 190//190
f 190//190 52//52 196//196
f 58//58 189//189 94//94
f 58//58 97//97 94//94
f 95//95 69//69 91//91
f 95//95 87//87 69//69
f 30//30 48//48 23//23
f 50//50 79//79 48//48
f 30//30 23//23 38//38
f 23//23 52//52 38//38
f 50//50 93//93 38//38
f 50//50 38//38 93//93
f 50//50 93//93 182//182
f 31//31 58//58 61//61
f 61//61 58//58 189//189
f 31//31 97//97 58//58
f 58//58 94//94 84//84
f 69//69 57//57 21//21
f 21//21 91//91 27//27
f 27//27 97//97 31//31
f 50//50 48//48 30//30
f 52//52 93//93 38//38
f 50//50 26//26 88//88
f 23//23 95//95 26//26
f 30//30 95//95 23//23
f 21//21 59//59 70//70
f 23//23 70//70 98//98
f 23//23 48//48 95//95
f 21//21 31//31 59//59
f 98//98 70//70 103//103
f 21//21 70//70 30//30
f 50//50 182//182 88//88
f 84//84 184//184 58//58
f 58//58 184//184 189//189
f 57//57 181//181 180//180
f 48//48 79//79 176//176
f 58//58 94//94 189//189
f 61//61 196//196 103//103
f 31//31 91//91 97//97
f 57//57 91//91 21//21
f 52//52 98//98 103//103
f 23//23 95//95 91//91
f 21//21 31//31 97//97
f 27//27 91//91 84//84
f 26//26 95//95 88//88
f 30//30 88//88 95//95
f 21//21 26//26 31//31
f 57//57 180//180 184//184
f 61//61 194//194 196//196
f 48//48 34//34 100//100
f 57//57 100//100 34//34
f 57//57 122//122 100//100
f 84//84 122//122 57//57
f 59//59 52//52 110//110
f 133//133 110//110 52//52
f 50//50 182//182 133//133
f 50//50 79//79 182//182
f 59//59 103//103 194//194
f 59//59 194//194 61//61
f 61//61 189//189 58//58
f 100//100 181//181 179//179
f 122//122 180//180 181//181
f 122//122 181//181 100//100
f 59//59 110//110 103//103
f 133//133 190//190 110//110
f 3329//3329 3365//3365 3308//3308
f 3308//3308 3365//3365 3410//3410
f 3426//3426 3436//3436 3420//3420
f 3373//3373 3434//3434 3431//3431
f 3148//3148 3310//3310 3236//3236
f 3272//3272 3237//3237 3274//3274
f 3379//3379 3277//3277 3376//3376
f 3379//3379 3346//3346 3277//3277
f 3235//3235 3376//3376 3277//3277
f 3236//3236 3284//3284 3148//3148
f 3431//3431 3413//3413 3426//3426
f 3379//3379 3434//3434 3376//3376
f 3298//3298 3310//3310 3272//3272
f 3431//3431 3434//3434 3436//3436
f 3431//3431 3436//3436 3413//3413
f 3434//3434 3420//3420 3436//3436
f 3418//3418 3271//3271 3329//3329
f 3329//3329 3308//3308 3365//3365
f 3376//3376 3398//3398 3271//3271
f 3235//3235 3376//3376 3271//3271
f 3235//3235 3418//3418 3284//3284
f 3235//3235 3271//3271 3418//3418
f 3148//3148 3284//3284 3310//3310
f 3373//3373 3364//3364 3418//3418
f 3410//3410 3329//3329 3434//3434
f 3235//3235 3364//3364 3376//3376
f 3329//3329 3322//3322 3410//3410
f 3329//3329 3365//3365 3308//3308
f 3298//3298 3364//3364 3284//3284
f 3235//3235 3284//3284 3364//3364
f 3311//3311 3342//3342 3340//3340
f 3311//3311 3340//3340 3342//3342
f 3346//3346 3311//3311 3232//3232
f 3346//3346 3431//3431 3311//3311
f 3373//3373 3431//3431 3346//3346
f 3373//3373 3346//3346 3272//3272
f 3277//3277 3232//3232 3264//3264
f 3311//3311 3342//3342 3413//3413
f 3311//3311 3340//3340 3342//3342
f 3311//3311 3299//3299 3340//3340
f 3431//3431 3413//3413 3342//3342
f 3431//3431 3342//3342 3340//3340
f 3274//3274 3272//3272 3346//3346
f 3249//3249 3275//3275 3222//3222
f 3149//3149 3183//3183 3264//3264
f 3271//3271 3222//3222 3275//3275
f 3222//3222 3183//3183 3149//3149
f 3271//3271 3183//3183 3222//3222
f 3271//3271 3275//3275 3264//3264
f 3277//3277 3235//3235 3271//3271
f 3277//3277 3264//3264 3232//3232
f 3232//3232 3183//3183 3277//3277
f 3235//3235 3277//3277 3183//3183
f 3271//3271 3264//3264 3275//3275
f 3271//3271 3275//3275 3249//3249
f 3271//3271 3249//3249 3144//3144
f 3271//3271 3144//3144 3183//3183
f 3144//3144 3149//3149 3183//3183
f 3264//3264 3183//3183 3155//3155
f 3277//3277 3284//3284 3235//3235
f 3236//3236 3221//3221 3277//3277
f 3274//3274 3277//3277 3221//3221
f 3236//3236 3235//3235 3284//3284
f 3298//3298 3277//3277 3274//3274
f 3298//3298 3284//3284 3277//3277
f 3298//3298 3274//3274 3414//3414
f 3274//3274 3394//3394 3414//3414
f 3298//3298 3221//3221 3277//3277
f 3298//3298 3277//3277 3221//3221
f 3274//3274 3237//3237 3394//3394
f 3237//3237 3383//3383 3394//3394
f 3387//3387 3370//3370 3225//3225
f 3236//3236 3387//3387 3225//3225
f 3284//3284 3392//3392 3387//3387
f 3298//3298 3392//3392 3284//3284
f 897//897 866//866 869//869
f 852//852 868//868 866//866
f 901//901 903//903 866//866
f 897//897 903//903 901//901
f 907//907 852//852 868//868
f 907//907 868//868 941//941
f 852//852 903//903 897//897
f 915//915 852//852 907//907
f 852//852 901//901 868//868
f 915//915 907//907 941//941
