# Wavefront OBJ Harbor Wall
mtllib inner_breakwater.mtl

v 0.0000 -0.3500 2.0000
v 75.5000 -0.3500 2.0000
v 75.5000 0.0000 2.0000
v 0.0000 0.0000 2.0000
v 75.5000 -0.3500 2.0000
v 75.8500 -0.3500 2.0000
v 75.8500 0.0000 2.0000
v 75.5000 0.0000 2.0000
v 75.5000 0.0000 2.0000
v 75.8500 0.0000 2.0000
v 75.8500 40.0000 2.0000
v 75.5000 40.0000 2.0000
v 75.8500 -0.3500 1.8000
v 75.8500 -0.3500 2.0000
v 0.0000 -0.3500 2.0000
v 0.0000 -0.3500 1.8000
v 75.8500 40.0000 1.8000
v 75.8500 40.0000 2.0000
v 75.8500 -0.3500 2.0000
v 75.8500 -0.3500 1.8000
v 0.0000 -4.5000 1.8000
v 75.8500 -4.5000 1.8000
v 75.8500 -0.3500 1.8000
v 0.0000 -0.3500 1.8000
v 75.8500 -0.3500 1.8000
v 80.0000 -0.3500 1.8000
v 80.0000 40.0000 1.8000
v 75.8500 40.0000 1.8000
v 75.8500 -4.5000 1.8000
v 80.0000 -4.5000 1.8000
v 80.0000 -0.3500 1.8000
v 75.8500 -0.3500 1.8000
v 0.0000 0.0000 0.6000
v 0.0000 0.0000 2.0000
v 75.5000 0.0000 2.0000
v 75.5000 0.0000 0.6000
v 0.0000 0.0000 -1.5000
v 0.0000 0.0000 0.6000
v 75.5000 0.0000 0.6000
v 75.5000 0.0000 -1.5000
v 0.0000 0.0000 -16.2000
v 0.0000 0.0000 -1.5000
v 75.5000 0.0000 -1.5000
v 75.5000 0.0000 -16.2000
v 75.5000 40.0000 0.6000
v 75.5000 0.0000 0.6000
v 75.5000 0.0000 2.0000
v 75.5000 40.0000 2.0000
v 75.5000 40.0000 -1.5000
v 75.5000 0.0000 -1.5000
v 75.5000 0.0000 0.6000
v 75.5000 40.0000 0.6000
v 75.5000 40.0000 -16.2000
v 75.5000 0.0000 -16.2000
v 75.5000 0.0000 -1.5000
v 75.5000 40.0000 -1.5000
v 80.0000 -4.5000 -16.2000
v 80.0000 -4.5000 1.8000
v 0.0000 -4.5000 1.8000
v 0.0000 -4.5000 -16.2000
v 80.0000 -4.5000 -16.2000
v 80.0000 40.0000 -16.2000
v 80.0000 40.0000 1.8000
v 80.0000 -4.5000 1.8000
v 0.0000 -4.5000 -16.2000
v 0.0000 -4.5000 1.8000
v 0.0000 0.0000 2.0000
v 0.0000 0.0000 -16.2000
v 75.5000 40.0000 -16.2000
v 75.5000 40.0000 2.0000
v 80.0000 40.0000 1.8000
v 80.0000 40.0000 -16.2000
v 0.0000 0.0000 -16.2000
v 75.5000 0.0000 -16.2000
v 75.5000 -4.5000 -16.2000
v 0.0000 -4.5000 -16.2000
v 75.5000 40.0000 -16.2000
v 80.0000 40.0000 -16.2000
v 80.0000 -4.5000 -16.2000
v 75.5000 -4.5000 -16.2000
v 4.7000 0.0000 -0.6000
v 4.7000 0.0000 0.6000
v 4.7228 0.1148 0.6000
v 4.7228 0.1148 -0.6000
v 4.7228 0.1148 -0.6000
v 4.7228 0.1148 0.6000
v 4.7879 0.2121 0.6000
v 4.7879 0.2121 -0.6000
v 4.7879 0.2121 -0.6000
v 4.7879 0.2121 0.6000
v 4.8852 0.2772 0.6000
v 4.8852 0.2772 -0.6000
v 4.8852 0.2772 -0.6000
v 4.8852 0.2772 0.6000
v 5.0000 0.3000 0.6000
v 5.0000 0.3000 -0.6000
v 5.0000 0.3000 -0.6000
v 5.0000 0.3000 0.6000
v 5.1148 0.2772 0.6000
v 5.1148 0.2772 -0.6000
v 5.1148 0.2772 -0.6000
v 5.1148 0.2772 0.6000
v 5.2121 0.2121 0.6000
v 5.2121 0.2121 -0.6000
v 5.2121 0.2121 -0.6000
v 5.2121 0.2121 0.6000
v 5.2772 0.1148 0.6000
v 5.2772 0.1148 -0.6000
v 5.2772 0.1148 -0.6000
v 5.2772 0.1148 0.6000
v 5.3000 0.0000 0.6000
v 5.3000 0.0000 -0.6000
v 5.0000 0.0000 0.6000
v 4.7228 0.1148 0.6000
v 4.7000 0.0000 0.6000
v 5.0000 0.0000 -0.6000
v 4.7000 0.0000 -0.6000
v 4.7228 0.1148 -0.6000
v 5.0000 0.0000 0.6000
v 4.7879 0.2121 0.6000
v 4.7228 0.1148 0.6000
v 5.0000 0.0000 -0.6000
v 4.7228 0.1148 -0.6000
v 4.7879 0.2121 -0.6000
v 5.0000 0.0000 0.6000
v 4.8852 0.2772 0.6000
v 4.7879 0.2121 0.6000
v 5.0000 0.0000 -0.6000
v 4.7879 0.2121 -0.6000
v 4.8852 0.2772 -0.6000
v 5.0000 0.0000 0.6000
v 5.0000 0.3000 0.6000
v 4.8852 0.2772 0.6000
v 5.0000 0.0000 -0.6000
v 4.8852 0.2772 -0.6000
v 5.0000 0.3000 -0.6000
v 5.0000 0.0000 0.6000
v 5.1148 0.2772 0.6000
v 5.0000 0.3000 0.6000
v 5.0000 0.0000 -0.6000
v 5.0000 0.3000 -0.6000
v 5.1148 0.2772 -0.6000
v 5.0000 0.0000 0.6000
v 5.2121 0.2121 0.6000
v 5.1148 0.2772 0.6000
v 5.0000 0.0000 -0.6000
v 5.1148 0.2772 -0.6000
v 5.2121 0.2121 -0.6000
v 5.0000 0.0000 0.6000
v 5.2772 0.1148 0.6000
v 5.2121 0.2121 0.6000
v 5.0000 0.0000 -0.6000
v 5.2121 0.2121 -0.6000
v 5.2772 0.1148 -0.6000
v 5.0000 0.0000 0.6000
v 5.3000 0.0000 0.6000
v 5.2772 0.1148 0.6000
v 5.0000 0.0000 -0.6000
v 5.2772 0.1148 -0.6000
v 5.3000 0.0000 -0.6000
v 15.7000 0.0000 -0.6000
v 15.7000 0.0000 0.6000
v 15.7228 0.1148 0.6000
v 15.7228 0.1148 -0.6000
v 15.7228 0.1148 -0.6000
v 15.7228 0.1148 0.6000
v 15.7879 0.2121 0.6000
v 15.7879 0.2121 -0.6000
v 15.7879 0.2121 -0.6000
v 15.7879 0.2121 0.6000
v 15.8852 0.2772 0.6000
v 15.8852 0.2772 -0.6000
v 15.8852 0.2772 -0.6000
v 15.8852 0.2772 0.6000
v 16.0000 0.3000 0.6000
v 16.0000 0.3000 -0.6000
v 16.0000 0.3000 -0.6000
v 16.0000 0.3000 0.6000
v 16.1148 0.2772 0.6000
v 16.1148 0.2772 -0.6000
v 16.1148 0.2772 -0.6000
v 16.1148 0.2772 0.6000
v 16.2121 0.2121 0.6000
v 16.2121 0.2121 -0.6000
v 16.2121 0.2121 -0.6000
v 16.2121 0.2121 0.6000
v 16.2772 0.1148 0.6000
v 16.2772 0.1148 -0.6000
v 16.2772 0.1148 -0.6000
v 16.2772 0.1148 0.6000
v 16.3000 0.0000 0.6000
v 16.3000 0.0000 -0.6000
v 16.0000 0.0000 0.6000
v 15.7228 0.1148 0.6000
v 15.7000 0.0000 0.6000
v 16.0000 0.0000 -0.6000
v 15.7000 0.0000 -0.6000
v 15.7228 0.1148 -0.6000
v 16.0000 0.0000 0.6000
v 15.7879 0.2121 0.6000
v 15.7228 0.1148 0.6000
v 16.0000 0.0000 -0.6000
v 15.7228 0.1148 -0.6000
v 15.7879 0.2121 -0.6000
v 16.0000 0.0000 0.6000
v 15.8852 0.2772 0.6000
v 15.7879 0.2121 0.6000
v 16.0000 0.0000 -0.6000
v 15.7879 0.2121 -0.6000
v 15.8852 0.2772 -0.6000
v 16.0000 0.0000 0.6000
v 16.0000 0.3000 0.6000
v 15.8852 0.2772 0.6000
v 16.0000 0.0000 -0.6000
v 15.8852 0.2772 -0.6000
v 16.0000 0.3000 -0.6000
v 16.0000 0.0000 0.6000
v 16.1148 0.2772 0.6000
v 16.0000 0.3000 0.6000
v 16.0000 0.0000 -0.6000
v 16.0000 0.3000 -0.6000
v 16.1148 0.2772 -0.6000
v 16.0000 0.0000 0.6000
v 16.2121 0.2121 0.6000
v 16.1148 0.2772 0.6000
v 16.0000 0.0000 -0.6000
v 16.1148 0.2772 -0.6000
v 16.2121 0.2121 -0.6000
v 16.0000 0.0000 0.6000
v 16.2772 0.1148 0.6000
v 16.2121 0.2121 0.6000
v 16.0000 0.0000 -0.6000
v 16.2121 0.2121 -0.6000
v 16.2772 0.1148 -0.6000
v 16.0000 0.0000 0.6000
v 16.3000 0.0000 0.6000
v 16.2772 0.1148 0.6000
v 16.0000 0.0000 -0.6000
v 16.2772 0.1148 -0.6000
v 16.3000 0.0000 -0.6000
v 26.7000 0.0000 -0.6000
v 26.7000 0.0000 0.6000
v 26.7228 0.1148 0.6000
v 26.7228 0.1148 -0.6000
v 26.7228 0.1148 -0.6000
v 26.7228 0.1148 0.6000
v 26.7879 0.2121 0.6000
v 26.7879 0.2121 -0.6000
v 26.7879 0.2121 -0.6000
v 26.7879 0.2121 0.6000
v 26.8852 0.2772 0.6000
v 26.8852 0.2772 -0.6000
v 26.8852 0.2772 -0.6000
v 26.8852 0.2772 0.6000
v 27.0000 0.3000 0.6000
v 27.0000 0.3000 -0.6000
v 27.0000 0.3000 -0.6000
v 27.0000 0.3000 0.6000
v 27.1148 0.2772 0.6000
v 27.1148 0.2772 -0.6000
v 27.1148 0.2772 -0.6000
v 27.1148 0.2772 0.6000
v 27.2121 0.2121 0.6000
v 27.2121 0.2121 -0.6000
v 27.2121 0.2121 -0.6000
v 27.2121 0.2121 0.6000
v 27.2772 0.1148 0.6000
v 27.2772 0.1148 -0.6000
v 27.2772 0.1148 -0.6000
v 27.2772 0.1148 0.6000
v 27.3000 0.0000 0.6000
v 27.3000 0.0000 -0.6000
v 27.0000 0.0000 0.6000
v 26.7228 0.1148 0.6000
v 26.7000 0.0000 0.6000
v 27.0000 0.0000 -0.6000
v 26.7000 0.0000 -0.6000
v 26.7228 0.1148 -0.6000
v 27.0000 0.0000 0.6000
v 26.7879 0.2121 0.6000
v 26.7228 0.1148 0.6000
v 27.0000 0.0000 -0.6000
v 26.7228 0.1148 -0.6000
v 26.7879 0.2121 -0.6000
v 27.0000 0.0000 0.6000
v 26.8852 0.2772 0.6000
v 26.7879 0.2121 0.6000
v 27.0000 0.0000 -0.6000
v 26.7879 0.2121 -0.6000
v 26.8852 0.2772 -0.6000
v 27.0000 0.0000 0.6000
v 27.0000 0.3000 0.6000
v 26.8852 0.2772 0.6000
v 27.0000 0.0000 -0.6000
v 26.8852 0.2772 -0.6000
v 27.0000 0.3000 -0.6000
v 27.0000 0.0000 0.6000
v 27.1148 0.2772 0.6000
v 27.0000 0.3000 0.6000
v 27.0000 0.0000 -0.6000
v 27.0000 0.3000 -0.6000
v 27.1148 0.2772 -0.6000
v 27.0000 0.0000 0.6000
v 27.2121 0.2121 0.6000
v 27.1148 0.2772 0.6000
v 27.0000 0.0000 -0.6000
v 27.1148 0.2772 -0.6000
v 27.2121 0.2121 -0.6000
v 27.0000 0.0000 0.6000
v 27.2772 0.1148 0.6000
v 27.2121 0.2121 0.6000
v 27.0000 0.0000 -0.6000
v 27.2121 0.2121 -0.6000
v 27.2772 0.1148 -0.6000
v 27.0000 0.0000 0.6000
v 27.3000 0.0000 0.6000
v 27.2772 0.1148 0.6000
v 27.0000 0.0000 -0.6000
v 27.2772 0.1148 -0.6000
v 27.3000 0.0000 -0.6000
v 37.7000 0.0000 -0.6000
v 37.7000 0.0000 0.6000
v 37.7228 0.1148 0.6000
v 37.7228 0.1148 -0.6000
v 37.7228 0.1148 -0.6000
v 37.7228 0.1148 0.6000
v 37.7879 0.2121 0.6000
v 37.7879 0.2121 -0.6000
v 37.7879 0.2121 -0.6000
v 37.7879 0.2121 0.6000
v 37.8852 0.2772 0.6000
v 37.8852 0.2772 -0.6000
v 37.8852 0.2772 -0.6000
v 37.8852 0.2772 0.6000
v 38.0000 0.3000 0.6000
v 38.0000 0.3000 -0.6000
v 38.0000 0.3000 -0.6000
v 38.0000 0.3000 0.6000
v 38.1148 0.2772 0.6000
v 38.1148 0.2772 -0.6000
v 38.1148 0.2772 -0.6000
v 38.1148 0.2772 0.6000
v 38.2121 0.2121 0.6000
v 38.2121 0.2121 -0.6000
v 38.2121 0.2121 -0.6000
v 38.2121 0.2121 0.6000
v 38.2772 0.1148 0.6000
v 38.2772 0.1148 -0.6000
v 38.2772 0.1148 -0.6000
v 38.2772 0.1148 0.6000
v 38.3000 0.0000 0.6000
v 38.3000 0.0000 -0.6000
v 38.0000 0.0000 0.6000
v 37.7228 0.1148 0.6000
v 37.7000 0.0000 0.6000
v 38.0000 0.0000 -0.6000
v 37.7000 0.0000 -0.6000
v 37.7228 0.1148 -0.6000
v 38.0000 0.0000 0.6000
v 37.7879 0.2121 0.6000
v 37.7228 0.1148 0.6000
v 38.0000 0.0000 -0.6000
v 37.7228 0.1148 -0.6000
v 37.7879 0.2121 -0.6000
v 38.0000 0.0000 0.6000
v 37.8852 0.2772 0.6000
v 37.7879 0.2121 0.6000
v 38.0000 0.0000 -0.6000
v 37.7879 0.2121 -0.6000
v 37.8852 0.2772 -0.6000
v 38.0000 0.0000 0.6000
v 38.0000 0.3000 0.6000
v 37.8852 0.2772 0.6000
v 38.0000 0.0000 -0.6000
v 37.8852 0.2772 -0.6000
v 38.0000 0.3000 -0.6000
v 38.0000 0.0000 0.6000
v 38.1148 0.2772 0.6000
v 38.0000 0.3000 0.6000
v 38.0000 0.0000 -0.6000
v 38.0000 0.3000 -0.6000
v 38.1148 0.2772 -0.6000
v 38.0000 0.0000 0.6000
v 38.2121 0.2121 0.6000
v 38.1148 0.2772 0.6000
v 38.0000 0.0000 -0.6000
v 38.1148 0.2772 -0.6000
v 38.2121 0.2121 -0.6000
v 38.0000 0.0000 0.6000
v 38.2772 0.1148 0.6000
v 38.2121 0.2121 0.6000
v 38.0000 0.0000 -0.6000
v 38.2121 0.2121 -0.6000
v 38.2772 0.1148 -0.6000
v 38.0000 0.0000 0.6000
v 38.3000 0.0000 0.6000
v 38.2772 0.1148 0.6000
v 38.0000 0.0000 -0.6000
v 38.2772 0.1148 -0.6000
v 38.3000 0.0000 -0.6000
v 48.7000 0.0000 -0.6000
v 48.7000 0.0000 0.6000
v 48.7228 0.1148 0.6000
v 48.7228 0.1148 -0.6000
v 48.7228 0.1148 -0.6000
v 48.7228 0.1148 0.6000
v 48.7879 0.2121 0.6000
v 48.7879 0.2121 -0.6000
v 48.7879 0.2121 -0.6000
v 48.7879 0.2121 0.6000
v 48.8852 0.2772 0.6000
v 48.8852 0.2772 -0.6000
v 48.8852 0.2772 -0.6000
v 48.8852 0.2772 0.6000
v 49.0000 0.3000 0.6000
v 49.0000 0.3000 -0.6000
v 49.0000 0.3000 -0.6000
v 49.0000 0.3000 0.6000
v 49.1148 0.2772 0.6000
v 49.1148 0.2772 -0.6000
v 49.1148 0.2772 -0.6000
v 49.1148 0.2772 0.6000
v 49.2121 0.2121 0.6000
v 49.2121 0.2121 -0.6000
v 49.2121 0.2121 -0.6000
v 49.2121 0.2121 0.6000
v 49.2772 0.1148 0.6000
v 49.2772 0.1148 -0.6000
v 49.2772 0.1148 -0.6000
v 49.2772 0.1148 0.6000
v 49.3000 0.0000 0.6000
v 49.3000 0.0000 -0.6000
v 49.0000 0.0000 0.6000
v 48.7228 0.1148 0.6000
v 48.7000 0.0000 0.6000
v 49.0000 0.0000 -0.6000
v 48.7000 0.0000 -0.6000
v 48.7228 0.1148 -0.6000
v 49.0000 0.0000 0.6000
v 48.7879 0.2121 0.6000
v 48.7228 0.1148 0.6000
v 49.0000 0.0000 -0.6000
v 48.7228 0.1148 -0.6000
v 48.7879 0.2121 -0.6000
v 49.0000 0.0000 0.6000
v 48.8852 0.2772 0.6000
v 48.7879 0.2121 0.6000
v 49.0000 0.0000 -0.6000
v 48.7879 0.2121 -0.6000
v 48.8852 0.2772 -0.6000
v 49.0000 0.0000 0.6000
v 49.0000 0.3000 0.6000
v 48.8852 0.2772 0.6000
v 49.0000 0.0000 -0.6000
v 48.8852 0.2772 -0.6000
v 49.0000 0.3000 -0.6000
v 49.0000 0.0000 0.6000
v 49.1148 0.2772 0.6000
v 49.0000 0.3000 0.6000
v 49.0000 0.0000 -0.6000
v 49.0000 0.3000 -0.6000
v 49.1148 0.2772 -0.6000
v 49.0000 0.0000 0.6000
v 49.2121 0.2121 0.6000
v 49.1148 0.2772 0.6000
v 49.0000 0.0000 -0.6000
v 49.1148 0.2772 -0.6000
v 49.2121 0.2121 -0.6000
v 49.0000 0.0000 0.6000
v 49.2772 0.1148 0.6000
v 49.2121 0.2121 0.6000
v 49.0000 0.0000 -0.6000
v 49.2121 0.2121 -0.6000
v 49.2772 0.1148 -0.6000
v 49.0000 0.0000 0.6000
v 49.3000 0.0000 0.6000
v 49.2772 0.1148 0.6000
v 49.0000 0.0000 -0.6000
v 49.2772 0.1148 -0.6000
v 49.3000 0.0000 -0.6000
v 59.7000 0.0000 -0.6000
v 59.7000 0.0000 0.6000
v 59.7228 0.1148 0.6000
v 59.7228 0.1148 -0.6000
v 59.7228 0.1148 -0.6000
v 59.7228 0.1148 0.6000
v 59.7879 0.2121 0.6000
v 59.7879 0.2121 -0.6000
v 59.7879 0.2121 -0.6000
v 59.7879 0.2121 0.6000
v 59.8852 0.2772 0.6000
v 59.8852 0.2772 -0.6000
v 59.8852 0.2772 -0.6000
v 59.8852 0.2772 0.6000
v 60.0000 0.3000 0.6000
v 60.0000 0.3000 -0.6000
v 60.0000 0.3000 -0.6000
v 60.0000 0.3000 0.6000
v 60.1148 0.2772 0.6000
v 60.1148 0.2772 -0.6000
v 60.1148 0.2772 -0.6000
v 60.1148 0.2772 0.6000
v 60.2121 0.2121 0.6000
v 60.2121 0.2121 -0.6000
v 60.2121 0.2121 -0.6000
v 60.2121 0.2121 0.6000
v 60.2772 0.1148 0.6000
v 60.2772 0.1148 -0.6000
v 60.2772 0.1148 -0.6000
v 60.2772 0.1148 0.6000
v 60.3000 0.0000 0.6000
v 60.3000 0.0000 -0.6000
v 60.0000 0.0000 0.6000
v 59.7228 0.1148 0.6000
v 59.7000 0.0000 0.6000
v 60.0000 0.0000 -0.6000
v 59.7000 0.0000 -0.6000
v 59.7228 0.1148 -0.6000
v 60.0000 0.0000 0.6000
v 59.7879 0.2121 0.6000
v 59.7228 0.1148 0.6000
v 60.0000 0.0000 -0.6000
v 59.7228 0.1148 -0.6000
v 59.7879 0.2121 -0.6000
v 60.0000 0.0000 0.6000
v 59.8852 0.2772 0.6000
v 59.7879 0.2121 0.6000
v 60.0000 0.0000 -0.6000
v 59.7879 0.2121 -0.6000
v 59.8852 0.2772 -0.6000
v 60.0000 0.0000 0.6000
v 60.0000 0.3000 0.6000
v 59.8852 0.2772 0.6000
v 60.0000 0.0000 -0.6000
v 59.8852 0.2772 -0.6000
v 60.0000 0.3000 -0.6000
v 60.0000 0.0000 0.6000
v 60.1148 0.2772 0.6000
v 60.0000 0.3000 0.6000
v 60.0000 0.0000 -0.6000
v 60.0000 0.3000 -0.6000
v 60.1148 0.2772 -0.6000
v 60.0000 0.0000 0.6000
v 60.2121 0.2121 0.6000
v 60.1148 0.2772 0.6000
v 60.0000 0.0000 -0.6000
v 60.1148 0.2772 -0.6000
v 60.2121 0.2121 -0.6000
v 60.0000 0.0000 0.6000
v 60.2772 0.1148 0.6000
v 60.2121 0.2121 0.6000
v 60.0000 0.0000 -0.6000
v 60.2121 0.2121 -0.6000
v 60.2772 0.1148 -0.6000
v 60.0000 0.0000 0.6000
v 60.3000 0.0000 0.6000
v 60.2772 0.1148 0.6000
v 60.0000 0.0000 -0.6000
v 60.2772 0.1148 -0.6000
v 60.3000 0.0000 -0.6000
v 75.5000 4.7000 -0.6000
v 75.5000 4.7000 0.6000
v 75.3852 4.7228 0.6000
v 75.3852 4.7228 -0.6000
v 75.3852 4.7228 -0.6000
v 75.3852 4.7228 0.6000
v 75.2879 4.7879 0.6000
v 75.2879 4.7879 -0.6000
v 75.2879 4.7879 -0.6000
v 75.2879 4.7879 0.6000
v 75.2228 4.8852 0.6000
v 75.2228 4.8852 -0.6000
v 75.2228 4.8852 -0.6000
v 75.2228 4.8852 0.6000
v 75.2000 5.0000 0.6000
v 75.2000 5.0000 -0.6000
v 75.2000 5.0000 -0.6000
v 75.2000 5.0000 0.6000
v 75.2228 5.1148 0.6000
v 75.2228 5.1148 -0.6000
v 75.2228 5.1148 -0.6000
v 75.2228 5.1148 0.6000
v 75.2879 5.2121 0.6000
v 75.2879 5.2121 -0.6000
v 75.2879 5.2121 -0.6000
v 75.2879 5.2121 0.6000
v 75.3852 5.2772 0.6000
v 75.3852 5.2772 -0.6000
v 75.3852 5.2772 -0.6000
v 75.3852 5.2772 0.6000
v 75.5000 5.3000 0.6000
v 75.5000 5.3000 -0.6000
v 75.5000 5.0000 0.6000
v 75.3852 4.7228 0.6000
v 75.5000 4.7000 0.6000
v 75.5000 5.0000 -0.6000
v 75.5000 4.7000 -0.6000
v 75.3852 4.7228 -0.6000
v 75.5000 5.0000 0.6000
v 75.2879 4.7879 0.6000
v 75.3852 4.7228 0.6000
v 75.5000 5.0000 -0.6000
v 75.3852 4.7228 -0.6000
v 75.2879 4.7879 -0.6000
v 75.5000 5.0000 0.6000
v 75.2228 4.8852 0.6000
v 75.2879 4.7879 0.6000
v 75.5000 5.0000 -0.6000
v 75.2879 4.7879 -0.6000
v 75.2228 4.8852 -0.6000
v 75.5000 5.0000 0.6000
v 75.2000 5.0000 0.6000
v 75.2228 4.8852 0.6000
v 75.5000 5.0000 -0.6000
v 75.2228 4.8852 -0.6000
v 75.2000 5.0000 -0.6000
v 75.5000 5.0000 0.6000
v 75.2228 5.1148 0.6000
v 75.2000 5.0000 0.6000
v 75.5000 5.0000 -0.6000
v 75.2000 5.0000 -0.6000
v 75.2228 5.1148 -0.6000
v 75.5000 5.0000 0.6000
v 75.2879 5.2121 0.6000
v 75.2228 5.1148 0.6000
v 75.5000 5.0000 -0.6000
v 75.2228 5.1148 -0.6000
v 75.2879 5.2121 -0.6000
v 75.5000 5.0000 0.6000
v 75.3852 5.2772 0.6000
v 75.2879 5.2121 0.6000
v 75.5000 5.0000 -0.6000
v 75.2879 5.2121 -0.6000
v 75.3852 5.2772 -0.6000
v 75.5000 5.0000 0.6000
v 75.5000 5.3000 0.6000
v 75.3852 5.2772 0.6000
v 75.5000 5.0000 -0.6000
v 75.3852 5.2772 -0.6000
v 75.5000 5.3000 -0.6000
v 75.5000 15.7000 -0.6000
v 75.5000 15.7000 0.6000
v 75.3852 15.7228 0.6000
v 75.3852 15.7228 -0.6000
v 75.3852 15.7228 -0.6000
v 75.3852 15.7228 0.6000
v 75.2879 15.7879 0.6000
v 75.2879 15.7879 -0.6000
v 75.2879 15.7879 -0.6000
v 75.2879 15.7879 0.6000
v 75.2228 15.8852 0.6000
v 75.2228 15.8852 -0.6000
v 75.2228 15.8852 -0.6000
v 75.2228 15.8852 0.6000
v 75.2000 16.0000 0.6000
v 75.2000 16.0000 -0.6000
v 75.2000 16.0000 -0.6000
v 75.2000 16.0000 0.6000
v 75.2228 16.1148 0.6000
v 75.2228 16.1148 -0.6000
v 75.2228 16.1148 -0.6000
v 75.2228 16.1148 0.6000
v 75.2879 16.2121 0.6000
v 75.2879 16.2121 -0.6000
v 75.2879 16.2121 -0.6000
v 75.2879 16.2121 0.6000
v 75.3852 16.2772 0.6000
v 75.3852 16.2772 -0.6000
v 75.3852 16.2772 -0.6000
v 75.3852 16.2772 0.6000
v 75.5000 16.3000 0.6000
v 75.5000 16.3000 -0.6000
v 75.5000 16.0000 0.6000
v 75.3852 15.7228 0.6000
v 75.5000 15.7000 0.6000
v 75.5000 16.0000 -0.6000
v 75.5000 15.7000 -0.6000
v 75.3852 15.7228 -0.6000
v 75.5000 16.0000 0.6000
v 75.2879 15.7879 0.6000
v 75.3852 15.7228 0.6000
v 75.5000 16.0000 -0.6000
v 75.3852 15.7228 -0.6000
v 75.2879 15.7879 -0.6000
v 75.5000 16.0000 0.6000
v 75.2228 15.8852 0.6000
v 75.2879 15.7879 0.6000
v 75.5000 16.0000 -0.6000
v 75.2879 15.7879 -0.6000
v 75.2228 15.8852 -0.6000
v 75.5000 16.0000 0.6000
v 75.2000 16.0000 0.6000
v 75.2228 15.8852 0.6000
v 75.5000 16.0000 -0.6000
v 75.2228 15.8852 -0.6000
v 75.2000 16.0000 -0.6000
v 75.5000 16.0000 0.6000
v 75.2228 16.1148 0.6000
v 75.2000 16.0000 0.6000
v 75.5000 16.0000 -0.6000
v 75.2000 16.0000 -0.6000
v 75.2228 16.1148 -0.6000
v 75.5000 16.0000 0.6000
v 75.2879 16.2121 0.6000
v 75.2228 16.1148 0.6000
v 75.5000 16.0000 -0.6000
v 75.2228 16.1148 -0.6000
v 75.2879 16.2121 -0.6000
v 75.5000 16.0000 0.6000
v 75.3852 16.2772 0.6000
v 75.2879 16.2121 0.6000
v 75.5000 16.0000 -0.6000
v 75.2879 16.2121 -0.6000
v 75.3852 16.2772 -0.6000
v 75.5000 16.0000 0.6000
v 75.5000 16.3000 0.6000
v 75.3852 16.2772 0.6000
v 75.5000 16.0000 -0.6000
v 75.3852 16.2772 -0.6000
v 75.5000 16.3000 -0.6000
v 75.5000 26.7000 -0.6000
v 75.5000 26.7000 0.6000
v 75.3852 26.7228 0.6000
v 75.3852 26.7228 -0.6000
v 75.3852 26.7228 -0.6000
v 75.3852 26.7228 0.6000
v 75.2879 26.7879 0.6000
v 75.2879 26.7879 -0.6000
v 75.2879 26.7879 -0.6000
v 75.2879 26.7879 0.6000
v 75.2228 26.8852 0.6000
v 75.2228 26.8852 -0.6000
v 75.2228 26.8852 -0.6000
v 75.2228 26.8852 0.6000
v 75.2000 27.0000 0.6000
v 75.2000 27.0000 -0.6000
v 75.2000 27.0000 -0.6000
v 75.2000 27.0000 0.6000
v 75.2228 27.1148 0.6000
v 75.2228 27.1148 -0.6000
v 75.2228 27.1148 -0.6000
v 75.2228 27.1148 0.6000
v 75.2879 27.2121 0.6000
v 75.2879 27.2121 -0.6000
v 75.2879 27.2121 -0.6000
v 75.2879 27.2121 0.6000
v 75.3852 27.2772 0.6000
v 75.3852 27.2772 -0.6000
v 75.3852 27.2772 -0.6000
v 75.3852 27.2772 0.6000
v 75.5000 27.3000 0.6000
v 75.5000 27.3000 -0.6000
v 75.5000 27.0000 0.6000
v 75.3852 26.7228 0.6000
v 75.5000 26.7000 0.6000
v 75.5000 27.0000 -0.6000
v 75.5000 26.7000 -0.6000
v 75.3852 26.7228 -0.6000
v 75.5000 27.0000 0.6000
v 75.2879 26.7879 0.6000
v 75.3852 26.7228 0.6000
v 75.5000 27.0000 -0.6000
v 75.3852 26.7228 -0.6000
v 75.2879 26.7879 -0.6000
v 75.5000 27.0000 0.6000
v 75.2228 26.8852 0.6000
v 75.2879 26.7879 0.6000
v 75.5000 27.0000 -0.6000
v 75.2879 26.7879 -0.6000
v 75.2228 26.8852 -0.6000
v 75.5000 27.0000 0.6000
v 75.2000 27.0000 0.6000
v 75.2228 26.8852 0.6000
v 75.5000 27.0000 -0.6000
v 75.2228 26.8852 -0.6000
v 75.2000 27.0000 -0.6000
v 75.5000 27.0000 0.6000
v 75.2228 27.1148 0.6000
v 75.2000 27.0000 0.6000
v 75.5000 27.0000 -0.6000
v 75.2000 27.0000 -0.6000
v 75.2228 27.1148 -0.6000
v 75.5000 27.0000 0.6000
v 75.2879 27.2121 0.6000
v 75.2228 27.1148 0.6000
v 75.5000 27.0000 -0.6000
v 75.2228 27.1148 -0.6000
v 75.2879 27.2121 -0.6000
v 75.5000 27.0000 0.6000
v 75.3852 27.2772 0.6000
v 75.2879 27.2121 0.6000
v 75.5000 27.0000 -0.6000
v 75.2879 27.2121 -0.6000
v 75.3852 27.2772 -0.6000
v 75.5000 27.0000 0.6000
v 75.5000 27.3000 0.6000
v 75.3852 27.2772 0.6000
v 75.5000 27.0000 -0.6000
v 75.3852 27.2772 -0.6000
v 75.5000 27.3000 -0.6000
v 5.3500 -0.6500 1.8000
v 5.3031 -0.4750 1.8000
v 5.3031 -0.4750 1.8800
v 5.3500 -0.6500 1.8800
v 5.3031 -0.4750 1.8000
v 5.1750 -0.3469 1.8000
v 5.1750 -0.3469 1.8800
v 5.3031 -0.4750 1.8800
v 5.1750 -0.3469 1.8000
v 5.0000 -0.3000 1.8000
v 5.0000 -0.3000 1.8800
v 5.1750 -0.3469 1.8800
v 5.0000 -0.3000 1.8000
v 4.8250 -0.3469 1.8000
v 4.8250 -0.3469 1.8800
v 5.0000 -0.3000 1.8800
v 4.8250 -0.3469 1.8000
v 4.6969 -0.4750 1.8000
v 4.6969 -0.4750 1.8800
v 4.8250 -0.3469 1.8800
v 4.6969 -0.4750 1.8000
v 4.6500 -0.6500 1.8000
v 4.6500 -0.6500 1.8800
v 4.6969 -0.4750 1.8800
v 4.6500 -0.6500 1.8000
v 4.6969 -0.8250 1.8000
v 4.6969 -0.8250 1.8800
v 4.6500 -0.6500 1.8800
v 4.6969 -0.8250 1.8000
v 4.8250 -0.9531 1.8000
v 4.8250 -0.9531 1.8800
v 4.6969 -0.8250 1.8800
v 4.8250 -0.9531 1.8000
v 5.0000 -1.0000 1.8000
v 5.0000 -1.0000 1.8800
v 4.8250 -0.9531 1.8800
v 5.0000 -1.0000 1.8000
v 5.1750 -0.9531 1.8000
v 5.1750 -0.9531 1.8800
v 5.0000 -1.0000 1.8800
v 5.1750 -0.9531 1.8000
v 5.3031 -0.8250 1.8000
v 5.3031 -0.8250 1.8800
v 5.1750 -0.9531 1.8800
v 5.3031 -0.8250 1.8000
v 5.3031 -0.8250 1.8800
v 5.3500 -0.6500 1.8800
v 5.3500 -0.6500 1.8000
v 5.0000 -0.6500 1.8800
v 5.3500 -0.6500 1.8800
v 5.3031 -0.4750 1.8800
v 5.0000 -0.6500 1.8000
v 5.3031 -0.4750 1.8000
v 5.3500 -0.6500 1.8000
v 5.0000 -0.6500 1.8800
v 5.3031 -0.4750 1.8800
v 5.1750 -0.3469 1.8800
v 5.0000 -0.6500 1.8000
v 5.1750 -0.3469 1.8000
v 5.3031 -0.4750 1.8000
v 5.0000 -0.6500 1.8800
v 5.1750 -0.3469 1.8800
v 5.0000 -0.3000 1.8800
v 5.0000 -0.6500 1.8000
v 5.0000 -0.3000 1.8000
v 5.1750 -0.3469 1.8000
v 5.0000 -0.6500 1.8800
v 5.0000 -0.3000 1.8800
v 4.8250 -0.3469 1.8800
v 5.0000 -0.6500 1.8000
v 4.8250 -0.3469 1.8000
v 5.0000 -0.3000 1.8000
v 5.0000 -0.6500 1.8800
v 4.8250 -0.3469 1.8800
v 4.6969 -0.4750 1.8800
v 5.0000 -0.6500 1.8000
v 4.6969 -0.4750 1.8000
v 4.8250 -0.3469 1.8000
v 5.0000 -0.6500 1.8800
v 4.6969 -0.4750 1.8800
v 4.6500 -0.6500 1.8800
v 5.0000 -0.6500 1.8000
v 4.6500 -0.6500 1.8000
v 4.6969 -0.4750 1.8000
v 5.0000 -0.6500 1.8800
v 4.6500 -0.6500 1.8800
v 4.6969 -0.8250 1.8800
v 5.0000 -0.6500 1.8000
v 4.6969 -0.8250 1.8000
v 4.6500 -0.6500 1.8000
v 5.0000 -0.6500 1.8800
v 4.6969 -0.8250 1.8800
v 4.8250 -0.9531 1.8800
v 5.0000 -0.6500 1.8000
v 4.8250 -0.9531 1.8000
v 4.6969 -0.8250 1.8000
v 5.0000 -0.6500 1.8800
v 4.8250 -0.9531 1.8800
v 5.0000 -1.0000 1.8800
v 5.0000 -0.6500 1.8000
v 5.0000 -1.0000 1.8000
v 4.8250 -0.9531 1.8000
v 5.0000 -0.6500 1.8800
v 5.0000 -1.0000 1.8800
v 5.1750 -0.9531 1.8800
v 5.0000 -0.6500 1.8000
v 5.1750 -0.9531 1.8000
v 5.0000 -1.0000 1.8000
v 5.0000 -0.6500 1.8800
v 5.1750 -0.9531 1.8800
v 5.3031 -0.8250 1.8800
v 5.0000 -0.6500 1.8000
v 5.3031 -0.8250 1.8000
v 5.1750 -0.9531 1.8000
v 5.0000 -0.6500 1.8800
v 5.3031 -0.8250 1.8800
v 5.3500 -0.6500 1.8800
v 5.0000 -0.6500 1.8000
v 5.3500 -0.6500 1.8000
v 5.3031 -0.8250 1.8000
v 5.2200 -0.6500 1.8800
v 5.1905 -0.5400 1.8800
v 5.1905 -0.5400 2.3500
v 5.2200 -0.6500 2.3500
v 5.1905 -0.5400 1.8800
v 5.1100 -0.4595 1.8800
v 5.1100 -0.4595 2.3500
v 5.1905 -0.5400 2.3500
v 5.1100 -0.4595 1.8800
v 5.0000 -0.4300 1.8800
v 5.0000 -0.4300 2.3500
v 5.1100 -0.4595 2.3500
v 5.0000 -0.4300 1.8800
v 4.8900 -0.4595 1.8800
v 4.8900 -0.4595 2.3500
v 5.0000 -0.4300 2.3500
v 4.8900 -0.4595 1.8800
v 4.8095 -0.5400 1.8800
v 4.8095 -0.5400 2.3500
v 4.8900 -0.4595 2.3500
v 4.8095 -0.5400 1.8800
v 4.7800 -0.6500 1.8800
v 4.7800 -0.6500 2.3500
v 4.8095 -0.5400 2.3500
v 4.7800 -0.6500 1.8800
v 4.8095 -0.7600 1.8800
v 4.8095 -0.7600 2.3500
v 4.7800 -0.6500 2.3500
v 4.8095 -0.7600 1.8800
v 4.8900 -0.8405 1.8800
v 4.8900 -0.8405 2.3500
v 4.8095 -0.7600 2.3500
v 4.8900 -0.8405 1.8800
v 5.0000 -0.8700 1.8800
v 5.0000 -0.8700 2.3500
v 4.8900 -0.8405 2.3500
v 5.0000 -0.8700 1.8800
v 5.1100 -0.8405 1.8800
v 5.1100 -0.8405 2.3500
v 5.0000 -0.8700 2.3500
v 5.1100 -0.8405 1.8800
v 5.1905 -0.7600 1.8800
v 5.1905 -0.7600 2.3500
v 5.1100 -0.8405 2.3500
v 5.1905 -0.7600 1.8800
v 5.1905 -0.7600 2.3500
v 5.2200 -0.6500 2.3500
v 5.2200 -0.6500 1.8800
v 5.2900 -0.6500 2.3500
v 5.2511 -0.5050 2.3500
v 5.2511 -0.5050 2.4800
v 5.2900 -0.6500 2.4800
v 5.2511 -0.5050 2.3500
v 5.1450 -0.3989 2.3500
v 5.1450 -0.3989 2.4800
v 5.2511 -0.5050 2.4800
v 5.1450 -0.3989 2.3500
v 5.0000 -0.3600 2.3500
v 5.0000 -0.3600 2.4800
v 5.1450 -0.3989 2.4800
v 5.0000 -0.3600 2.3500
v 4.8550 -0.3989 2.3500
v 4.8550 -0.3989 2.4800
v 5.0000 -0.3600 2.4800
v 4.8550 -0.3989 2.3500
v 4.7489 -0.5050 2.3500
v 4.7489 -0.5050 2.4800
v 4.8550 -0.3989 2.4800
v 4.7489 -0.5050 2.3500
v 4.7100 -0.6500 2.3500
v 4.7100 -0.6500 2.4800
v 4.7489 -0.5050 2.4800
v 4.7100 -0.6500 2.3500
v 4.7489 -0.7950 2.3500
v 4.7489 -0.7950 2.4800
v 4.7100 -0.6500 2.4800
v 4.7489 -0.7950 2.3500
v 4.8550 -0.9011 2.3500
v 4.8550 -0.9011 2.4800
v 4.7489 -0.7950 2.4800
v 4.8550 -0.9011 2.3500
v 5.0000 -0.9400 2.3500
v 5.0000 -0.9400 2.4800
v 4.8550 -0.9011 2.4800
v 5.0000 -0.9400 2.3500
v 5.1450 -0.9011 2.3500
v 5.1450 -0.9011 2.4800
v 5.0000 -0.9400 2.4800
v 5.1450 -0.9011 2.3500
v 5.2511 -0.7950 2.3500
v 5.2511 -0.7950 2.4800
v 5.1450 -0.9011 2.4800
v 5.2511 -0.7950 2.3500
v 5.2511 -0.7950 2.4800
v 5.2900 -0.6500 2.4800
v 5.2900 -0.6500 2.3500
v 5.0000 -0.6500 2.4800
v 5.2900 -0.6500 2.4800
v 5.2511 -0.5050 2.4800
v 5.0000 -0.6500 2.3500
v 5.2511 -0.5050 2.3500
v 5.2900 -0.6500 2.3500
v 5.0000 -0.6500 2.4800
v 5.2511 -0.5050 2.4800
v 5.1450 -0.3989 2.4800
v 5.0000 -0.6500 2.3500
v 5.1450 -0.3989 2.3500
v 5.2511 -0.5050 2.3500
v 5.0000 -0.6500 2.4800
v 5.1450 -0.3989 2.4800
v 5.0000 -0.3600 2.4800
v 5.0000 -0.6500 2.3500
v 5.0000 -0.3600 2.3500
v 5.1450 -0.3989 2.3500
v 5.0000 -0.6500 2.4800
v 5.0000 -0.3600 2.4800
v 4.8550 -0.3989 2.4800
v 5.0000 -0.6500 2.3500
v 4.8550 -0.3989 2.3500
v 5.0000 -0.3600 2.3500
v 5.0000 -0.6500 2.4800
v 4.8550 -0.3989 2.4800
v 4.7489 -0.5050 2.4800
v 5.0000 -0.6500 2.3500
v 4.7489 -0.5050 2.3500
v 4.8550 -0.3989 2.3500
v 5.0000 -0.6500 2.4800
v 4.7489 -0.5050 2.4800
v 4.7100 -0.6500 2.4800
v 5.0000 -0.6500 2.3500
v 4.7100 -0.6500 2.3500
v 4.7489 -0.5050 2.3500
v 5.0000 -0.6500 2.4800
v 4.7100 -0.6500 2.4800
v 4.7489 -0.7950 2.4800
v 5.0000 -0.6500 2.3500
v 4.7489 -0.7950 2.3500
v 4.7100 -0.6500 2.3500
v 5.0000 -0.6500 2.4800
v 4.7489 -0.7950 2.4800
v 4.8550 -0.9011 2.4800
v 5.0000 -0.6500 2.3500
v 4.8550 -0.9011 2.3500
v 4.7489 -0.7950 2.3500
v 5.0000 -0.6500 2.4800
v 4.8550 -0.9011 2.4800
v 5.0000 -0.9400 2.4800
v 5.0000 -0.6500 2.3500
v 5.0000 -0.9400 2.3500
v 4.8550 -0.9011 2.3500
v 5.0000 -0.6500 2.4800
v 5.0000 -0.9400 2.4800
v 5.1450 -0.9011 2.4800
v 5.0000 -0.6500 2.3500
v 5.1450 -0.9011 2.3500
v 5.0000 -0.9400 2.3500
v 5.0000 -0.6500 2.4800
v 5.1450 -0.9011 2.4800
v 5.2511 -0.7950 2.4800
v 5.0000 -0.6500 2.3500
v 5.2511 -0.7950 2.3500
v 5.1450 -0.9011 2.3500
v 5.0000 -0.6500 2.4800
v 5.2511 -0.7950 2.4800
v 5.2900 -0.6500 2.4800
v 5.0000 -0.6500 2.3500
v 5.2900 -0.6500 2.3500
v 5.2511 -0.7950 2.3500
v 4.6200 -0.7300 2.2400
v 5.3800 -0.7300 2.2400
v 5.3800 -0.5700 2.2400
v 4.6200 -0.5700 2.2400
v 4.6200 -0.5700 2.1600
v 5.3800 -0.5700 2.1600
v 5.3800 -0.7300 2.1600
v 4.6200 -0.7300 2.1600
v 4.6200 -0.5700 2.1600
v 4.6200 -0.5700 2.2400
v 5.3800 -0.5700 2.2400
v 5.3800 -0.5700 2.1600
v 5.3800 -0.7300 2.1600
v 5.3800 -0.7300 2.2400
v 4.6200 -0.7300 2.2400
v 4.6200 -0.7300 2.1600
v 4.6200 -0.7300 2.1600
v 4.6200 -0.7300 2.2400
v 4.6200 -0.5700 2.2400
v 4.6200 -0.5700 2.1600
v 5.3800 -0.5700 2.1600
v 5.3800 -0.5700 2.2400
v 5.3800 -0.7300 2.2400
v 5.3800 -0.7300 2.1600
v 16.3500 -0.6500 1.8000
v 16.3031 -0.4750 1.8000
v 16.3031 -0.4750 1.8800
v 16.3500 -0.6500 1.8800
v 16.3031 -0.4750 1.8000
v 16.1750 -0.3469 1.8000
v 16.1750 -0.3469 1.8800
v 16.3031 -0.4750 1.8800
v 16.1750 -0.3469 1.8000
v 16.0000 -0.3000 1.8000
v 16.0000 -0.3000 1.8800
v 16.1750 -0.3469 1.8800
v 16.0000 -0.3000 1.8000
v 15.8250 -0.3469 1.8000
v 15.8250 -0.3469 1.8800
v 16.0000 -0.3000 1.8800
v 15.8250 -0.3469 1.8000
v 15.6969 -0.4750 1.8000
v 15.6969 -0.4750 1.8800
v 15.8250 -0.3469 1.8800
v 15.6969 -0.4750 1.8000
v 15.6500 -0.6500 1.8000
v 15.6500 -0.6500 1.8800
v 15.6969 -0.4750 1.8800
v 15.6500 -0.6500 1.8000
v 15.6969 -0.8250 1.8000
v 15.6969 -0.8250 1.8800
v 15.6500 -0.6500 1.8800
v 15.6969 -0.8250 1.8000
v 15.8250 -0.9531 1.8000
v 15.8250 -0.9531 1.8800
v 15.6969 -0.8250 1.8800
v 15.8250 -0.9531 1.8000
v 16.0000 -1.0000 1.8000
v 16.0000 -1.0000 1.8800
v 15.8250 -0.9531 1.8800
v 16.0000 -1.0000 1.8000
v 16.1750 -0.9531 1.8000
v 16.1750 -0.9531 1.8800
v 16.0000 -1.0000 1.8800
v 16.1750 -0.9531 1.8000
v 16.3031 -0.8250 1.8000
v 16.3031 -0.8250 1.8800
v 16.1750 -0.9531 1.8800
v 16.3031 -0.8250 1.8000
v 16.3031 -0.8250 1.8800
v 16.3500 -0.6500 1.8800
v 16.3500 -0.6500 1.8000
v 16.0000 -0.6500 1.8800
v 16.3500 -0.6500 1.8800
v 16.3031 -0.4750 1.8800
v 16.0000 -0.6500 1.8000
v 16.3031 -0.4750 1.8000
v 16.3500 -0.6500 1.8000
v 16.0000 -0.6500 1.8800
v 16.3031 -0.4750 1.8800
v 16.1750 -0.3469 1.8800
v 16.0000 -0.6500 1.8000
v 16.1750 -0.3469 1.8000
v 16.3031 -0.4750 1.8000
v 16.0000 -0.6500 1.8800
v 16.1750 -0.3469 1.8800
v 16.0000 -0.3000 1.8800
v 16.0000 -0.6500 1.8000
v 16.0000 -0.3000 1.8000
v 16.1750 -0.3469 1.8000
v 16.0000 -0.6500 1.8800
v 16.0000 -0.3000 1.8800
v 15.8250 -0.3469 1.8800
v 16.0000 -0.6500 1.8000
v 15.8250 -0.3469 1.8000
v 16.0000 -0.3000 1.8000
v 16.0000 -0.6500 1.8800
v 15.8250 -0.3469 1.8800
v 15.6969 -0.4750 1.8800
v 16.0000 -0.6500 1.8000
v 15.6969 -0.4750 1.8000
v 15.8250 -0.3469 1.8000
v 16.0000 -0.6500 1.8800
v 15.6969 -0.4750 1.8800
v 15.6500 -0.6500 1.8800
v 16.0000 -0.6500 1.8000
v 15.6500 -0.6500 1.8000
v 15.6969 -0.4750 1.8000
v 16.0000 -0.6500 1.8800
v 15.6500 -0.6500 1.8800
v 15.6969 -0.8250 1.8800
v 16.0000 -0.6500 1.8000
v 15.6969 -0.8250 1.8000
v 15.6500 -0.6500 1.8000
v 16.0000 -0.6500 1.8800
v 15.6969 -0.8250 1.8800
v 15.8250 -0.9531 1.8800
v 16.0000 -0.6500 1.8000
v 15.8250 -0.9531 1.8000
v 15.6969 -0.8250 1.8000
v 16.0000 -0.6500 1.8800
v 15.8250 -0.9531 1.8800
v 16.0000 -1.0000 1.8800
v 16.0000 -0.6500 1.8000
v 16.0000 -1.0000 1.8000
v 15.8250 -0.9531 1.8000
v 16.0000 -0.6500 1.8800
v 16.0000 -1.0000 1.8800
v 16.1750 -0.9531 1.8800
v 16.0000 -0.6500 1.8000
v 16.1750 -0.9531 1.8000
v 16.0000 -1.0000 1.8000
v 16.0000 -0.6500 1.8800
v 16.1750 -0.9531 1.8800
v 16.3031 -0.8250 1.8800
v 16.0000 -0.6500 1.8000
v 16.3031 -0.8250 1.8000
v 16.1750 -0.9531 1.8000
v 16.0000 -0.6500 1.8800
v 16.3031 -0.8250 1.8800
v 16.3500 -0.6500 1.8800
v 16.0000 -0.6500 1.8000
v 16.3500 -0.6500 1.8000
v 16.3031 -0.8250 1.8000
v 16.2200 -0.6500 1.8800
v 16.1905 -0.5400 1.8800
v 16.1905 -0.5400 2.3500
v 16.2200 -0.6500 2.3500
v 16.1905 -0.5400 1.8800
v 16.1100 -0.4595 1.8800
v 16.1100 -0.4595 2.3500
v 16.1905 -0.5400 2.3500
v 16.1100 -0.4595 1.8800
v 16.0000 -0.4300 1.8800
v 16.0000 -0.4300 2.3500
v 16.1100 -0.4595 2.3500
v 16.0000 -0.4300 1.8800
v 15.8900 -0.4595 1.8800
v 15.8900 -0.4595 2.3500
v 16.0000 -0.4300 2.3500
v 15.8900 -0.4595 1.8800
v 15.8095 -0.5400 1.8800
v 15.8095 -0.5400 2.3500
v 15.8900 -0.4595 2.3500
v 15.8095 -0.5400 1.8800
v 15.7800 -0.6500 1.8800
v 15.7800 -0.6500 2.3500
v 15.8095 -0.5400 2.3500
v 15.7800 -0.6500 1.8800
v 15.8095 -0.7600 1.8800
v 15.8095 -0.7600 2.3500
v 15.7800 -0.6500 2.3500
v 15.8095 -0.7600 1.8800
v 15.8900 -0.8405 1.8800
v 15.8900 -0.8405 2.3500
v 15.8095 -0.7600 2.3500
v 15.8900 -0.8405 1.8800
v 16.0000 -0.8700 1.8800
v 16.0000 -0.8700 2.3500
v 15.8900 -0.8405 2.3500
v 16.0000 -0.8700 1.8800
v 16.1100 -0.8405 1.8800
v 16.1100 -0.8405 2.3500
v 16.0000 -0.8700 2.3500
v 16.1100 -0.8405 1.8800
v 16.1905 -0.7600 1.8800
v 16.1905 -0.7600 2.3500
v 16.1100 -0.8405 2.3500
v 16.1905 -0.7600 1.8800
v 16.1905 -0.7600 2.3500
v 16.2200 -0.6500 2.3500
v 16.2200 -0.6500 1.8800
v 16.2900 -0.6500 2.3500
v 16.2511 -0.5050 2.3500
v 16.2511 -0.5050 2.4800
v 16.2900 -0.6500 2.4800
v 16.2511 -0.5050 2.3500
v 16.1450 -0.3989 2.3500
v 16.1450 -0.3989 2.4800
v 16.2511 -0.5050 2.4800
v 16.1450 -0.3989 2.3500
v 16.0000 -0.3600 2.3500
v 16.0000 -0.3600 2.4800
v 16.1450 -0.3989 2.4800
v 16.0000 -0.3600 2.3500
v 15.8550 -0.3989 2.3500
v 15.8550 -0.3989 2.4800
v 16.0000 -0.3600 2.4800
v 15.8550 -0.3989 2.3500
v 15.7489 -0.5050 2.3500
v 15.7489 -0.5050 2.4800
v 15.8550 -0.3989 2.4800
v 15.7489 -0.5050 2.3500
v 15.7100 -0.6500 2.3500
v 15.7100 -0.6500 2.4800
v 15.7489 -0.5050 2.4800
v 15.7100 -0.6500 2.3500
v 15.7489 -0.7950 2.3500
v 15.7489 -0.7950 2.4800
v 15.7100 -0.6500 2.4800
v 15.7489 -0.7950 2.3500
v 15.8550 -0.9011 2.3500
v 15.8550 -0.9011 2.4800
v 15.7489 -0.7950 2.4800
v 15.8550 -0.9011 2.3500
v 16.0000 -0.9400 2.3500
v 16.0000 -0.9400 2.4800
v 15.8550 -0.9011 2.4800
v 16.0000 -0.9400 2.3500
v 16.1450 -0.9011 2.3500
v 16.1450 -0.9011 2.4800
v 16.0000 -0.9400 2.4800
v 16.1450 -0.9011 2.3500
v 16.2511 -0.7950 2.3500
v 16.2511 -0.7950 2.4800
v 16.1450 -0.9011 2.4800
v 16.2511 -0.7950 2.3500
v 16.2511 -0.7950 2.4800
v 16.2900 -0.6500 2.4800
v 16.2900 -0.6500 2.3500
v 16.0000 -0.6500 2.4800
v 16.2900 -0.6500 2.4800
v 16.2511 -0.5050 2.4800
v 16.0000 -0.6500 2.3500
v 16.2511 -0.5050 2.3500
v 16.2900 -0.6500 2.3500
v 16.0000 -0.6500 2.4800
v 16.2511 -0.5050 2.4800
v 16.1450 -0.3989 2.4800
v 16.0000 -0.6500 2.3500
v 16.1450 -0.3989 2.3500
v 16.2511 -0.5050 2.3500
v 16.0000 -0.6500 2.4800
v 16.1450 -0.3989 2.4800
v 16.0000 -0.3600 2.4800
v 16.0000 -0.6500 2.3500
v 16.0000 -0.3600 2.3500
v 16.1450 -0.3989 2.3500
v 16.0000 -0.6500 2.4800
v 16.0000 -0.3600 2.4800
v 15.8550 -0.3989 2.4800
v 16.0000 -0.6500 2.3500
v 15.8550 -0.3989 2.3500
v 16.0000 -0.3600 2.3500
v 16.0000 -0.6500 2.4800
v 15.8550 -0.3989 2.4800
v 15.7489 -0.5050 2.4800
v 16.0000 -0.6500 2.3500
v 15.7489 -0.5050 2.3500
v 15.8550 -0.3989 2.3500
v 16.0000 -0.6500 2.4800
v 15.7489 -0.5050 2.4800
v 15.7100 -0.6500 2.4800
v 16.0000 -0.6500 2.3500
v 15.7100 -0.6500 2.3500
v 15.7489 -0.5050 2.3500
v 16.0000 -0.6500 2.4800
v 15.7100 -0.6500 2.4800
v 15.7489 -0.7950 2.4800
v 16.0000 -0.6500 2.3500
v 15.7489 -0.7950 2.3500
v 15.7100 -0.6500 2.3500
v 16.0000 -0.6500 2.4800
v 15.7489 -0.7950 2.4800
v 15.8550 -0.9011 2.4800
v 16.0000 -0.6500 2.3500
v 15.8550 -0.9011 2.3500
v 15.7489 -0.7950 2.3500
v 16.0000 -0.6500 2.4800
v 15.8550 -0.9011 2.4800
v 16.0000 -0.9400 2.4800
v 16.0000 -0.6500 2.3500
v 16.0000 -0.9400 2.3500
v 15.8550 -0.9011 2.3500
v 16.0000 -0.6500 2.4800
v 16.0000 -0.9400 2.4800
v 16.1450 -0.9011 2.4800
v 16.0000 -0.6500 2.3500
v 16.1450 -0.9011 2.3500
v 16.0000 -0.9400 2.3500
v 16.0000 -0.6500 2.4800
v 16.1450 -0.9011 2.4800
v 16.2511 -0.7950 2.4800
v 16.0000 -0.6500 2.3500
v 16.2511 -0.7950 2.3500
v 16.1450 -0.9011 2.3500
v 16.0000 -0.6500 2.4800
v 16.2511 -0.7950 2.4800
v 16.2900 -0.6500 2.4800
v 16.0000 -0.6500 2.3500
v 16.2900 -0.6500 2.3500
v 16.2511 -0.7950 2.3500
v 15.6200 -0.7300 2.2400
v 16.3800 -0.7300 2.2400
v 16.3800 -0.5700 2.2400
v 15.6200 -0.5700 2.2400
v 15.6200 -0.5700 2.1600
v 16.3800 -0.5700 2.1600
v 16.3800 -0.7300 2.1600
v 15.6200 -0.7300 2.1600
v 15.6200 -0.5700 2.1600
v 15.6200 -0.5700 2.2400
v 16.3800 -0.5700 2.2400
v 16.3800 -0.5700 2.1600
v 16.3800 -0.7300 2.1600
v 16.3800 -0.7300 2.2400
v 15.6200 -0.7300 2.2400
v 15.6200 -0.7300 2.1600
v 15.6200 -0.7300 2.1600
v 15.6200 -0.7300 2.2400
v 15.6200 -0.5700 2.2400
v 15.6200 -0.5700 2.1600
v 16.3800 -0.5700 2.1600
v 16.3800 -0.5700 2.2400
v 16.3800 -0.7300 2.2400
v 16.3800 -0.7300 2.1600
v 27.3500 -0.6500 1.8000
v 27.3031 -0.4750 1.8000
v 27.3031 -0.4750 1.8800
v 27.3500 -0.6500 1.8800
v 27.3031 -0.4750 1.8000
v 27.1750 -0.3469 1.8000
v 27.1750 -0.3469 1.8800
v 27.3031 -0.4750 1.8800
v 27.1750 -0.3469 1.8000
v 27.0000 -0.3000 1.8000
v 27.0000 -0.3000 1.8800
v 27.1750 -0.3469 1.8800
v 27.0000 -0.3000 1.8000
v 26.8250 -0.3469 1.8000
v 26.8250 -0.3469 1.8800
v 27.0000 -0.3000 1.8800
v 26.8250 -0.3469 1.8000
v 26.6969 -0.4750 1.8000
v 26.6969 -0.4750 1.8800
v 26.8250 -0.3469 1.8800
v 26.6969 -0.4750 1.8000
v 26.6500 -0.6500 1.8000
v 26.6500 -0.6500 1.8800
v 26.6969 -0.4750 1.8800
v 26.6500 -0.6500 1.8000
v 26.6969 -0.8250 1.8000
v 26.6969 -0.8250 1.8800
v 26.6500 -0.6500 1.8800
v 26.6969 -0.8250 1.8000
v 26.8250 -0.9531 1.8000
v 26.8250 -0.9531 1.8800
v 26.6969 -0.8250 1.8800
v 26.8250 -0.9531 1.8000
v 27.0000 -1.0000 1.8000
v 27.0000 -1.0000 1.8800
v 26.8250 -0.9531 1.8800
v 27.0000 -1.0000 1.8000
v 27.1750 -0.9531 1.8000
v 27.1750 -0.9531 1.8800
v 27.0000 -1.0000 1.8800
v 27.1750 -0.9531 1.8000
v 27.3031 -0.8250 1.8000
v 27.3031 -0.8250 1.8800
v 27.1750 -0.9531 1.8800
v 27.3031 -0.8250 1.8000
v 27.3031 -0.8250 1.8800
v 27.3500 -0.6500 1.8800
v 27.3500 -0.6500 1.8000
v 27.0000 -0.6500 1.8800
v 27.3500 -0.6500 1.8800
v 27.3031 -0.4750 1.8800
v 27.0000 -0.6500 1.8000
v 27.3031 -0.4750 1.8000
v 27.3500 -0.6500 1.8000
v 27.0000 -0.6500 1.8800
v 27.3031 -0.4750 1.8800
v 27.1750 -0.3469 1.8800
v 27.0000 -0.6500 1.8000
v 27.1750 -0.3469 1.8000
v 27.3031 -0.4750 1.8000
v 27.0000 -0.6500 1.8800
v 27.1750 -0.3469 1.8800
v 27.0000 -0.3000 1.8800
v 27.0000 -0.6500 1.8000
v 27.0000 -0.3000 1.8000
v 27.1750 -0.3469 1.8000
v 27.0000 -0.6500 1.8800
v 27.0000 -0.3000 1.8800
v 26.8250 -0.3469 1.8800
v 27.0000 -0.6500 1.8000
v 26.8250 -0.3469 1.8000
v 27.0000 -0.3000 1.8000
v 27.0000 -0.6500 1.8800
v 26.8250 -0.3469 1.8800
v 26.6969 -0.4750 1.8800
v 27.0000 -0.6500 1.8000
v 26.6969 -0.4750 1.8000
v 26.8250 -0.3469 1.8000
v 27.0000 -0.6500 1.8800
v 26.6969 -0.4750 1.8800
v 26.6500 -0.6500 1.8800
v 27.0000 -0.6500 1.8000
v 26.6500 -0.6500 1.8000
v 26.6969 -0.4750 1.8000
v 27.0000 -0.6500 1.8800
v 26.6500 -0.6500 1.8800
v 26.6969 -0.8250 1.8800
v 27.0000 -0.6500 1.8000
v 26.6969 -0.8250 1.8000
v 26.6500 -0.6500 1.8000
v 27.0000 -0.6500 1.8800
v 26.6969 -0.8250 1.8800
v 26.8250 -0.9531 1.8800
v 27.0000 -0.6500 1.8000
v 26.8250 -0.9531 1.8000
v 26.6969 -0.8250 1.8000
v 27.0000 -0.6500 1.8800
v 26.8250 -0.9531 1.8800
v 27.0000 -1.0000 1.8800
v 27.0000 -0.6500 1.8000
v 27.0000 -1.0000 1.8000
v 26.8250 -0.9531 1.8000
v 27.0000 -0.6500 1.8800
v 27.0000 -1.0000 1.8800
v 27.1750 -0.9531 1.8800
v 27.0000 -0.6500 1.8000
v 27.1750 -0.9531 1.8000
v 27.0000 -1.0000 1.8000
v 27.0000 -0.6500 1.8800
v 27.1750 -0.9531 1.8800
v 27.3031 -0.8250 1.8800
v 27.0000 -0.6500 1.8000
v 27.3031 -0.8250 1.8000
v 27.1750 -0.9531 1.8000
v 27.0000 -0.6500 1.8800
v 27.3031 -0.8250 1.8800
v 27.3500 -0.6500 1.8800
v 27.0000 -0.6500 1.8000
v 27.3500 -0.6500 1.8000
v 27.3031 -0.8250 1.8000
v 27.2200 -0.6500 1.8800
v 27.1905 -0.5400 1.8800
v 27.1905 -0.5400 2.3500
v 27.2200 -0.6500 2.3500
v 27.1905 -0.5400 1.8800
v 27.1100 -0.4595 1.8800
v 27.1100 -0.4595 2.3500
v 27.1905 -0.5400 2.3500
v 27.1100 -0.4595 1.8800
v 27.0000 -0.4300 1.8800
v 27.0000 -0.4300 2.3500
v 27.1100 -0.4595 2.3500
v 27.0000 -0.4300 1.8800
v 26.8900 -0.4595 1.8800
v 26.8900 -0.4595 2.3500
v 27.0000 -0.4300 2.3500
v 26.8900 -0.4595 1.8800
v 26.8095 -0.5400 1.8800
v 26.8095 -0.5400 2.3500
v 26.8900 -0.4595 2.3500
v 26.8095 -0.5400 1.8800
v 26.7800 -0.6500 1.8800
v 26.7800 -0.6500 2.3500
v 26.8095 -0.5400 2.3500
v 26.7800 -0.6500 1.8800
v 26.8095 -0.7600 1.8800
v 26.8095 -0.7600 2.3500
v 26.7800 -0.6500 2.3500
v 26.8095 -0.7600 1.8800
v 26.8900 -0.8405 1.8800
v 26.8900 -0.8405 2.3500
v 26.8095 -0.7600 2.3500
v 26.8900 -0.8405 1.8800
v 27.0000 -0.8700 1.8800
v 27.0000 -0.8700 2.3500
v 26.8900 -0.8405 2.3500
v 27.0000 -0.8700 1.8800
v 27.1100 -0.8405 1.8800
v 27.1100 -0.8405 2.3500
v 27.0000 -0.8700 2.3500
v 27.1100 -0.8405 1.8800
v 27.1905 -0.7600 1.8800
v 27.1905 -0.7600 2.3500
v 27.1100 -0.8405 2.3500
v 27.1905 -0.7600 1.8800
v 27.1905 -0.7600 2.3500
v 27.2200 -0.6500 2.3500
v 27.2200 -0.6500 1.8800
v 27.2900 -0.6500 2.3500
v 27.2511 -0.5050 2.3500
v 27.2511 -0.5050 2.4800
v 27.2900 -0.6500 2.4800
v 27.2511 -0.5050 2.3500
v 27.1450 -0.3989 2.3500
v 27.1450 -0.3989 2.4800
v 27.2511 -0.5050 2.4800
v 27.1450 -0.3989 2.3500
v 27.0000 -0.3600 2.3500
v 27.0000 -0.3600 2.4800
v 27.1450 -0.3989 2.4800
v 27.0000 -0.3600 2.3500
v 26.8550 -0.3989 2.3500
v 26.8550 -0.3989 2.4800
v 27.0000 -0.3600 2.4800
v 26.8550 -0.3989 2.3500
v 26.7489 -0.5050 2.3500
v 26.7489 -0.5050 2.4800
v 26.8550 -0.3989 2.4800
v 26.7489 -0.5050 2.3500
v 26.7100 -0.6500 2.3500
v 26.7100 -0.6500 2.4800
v 26.7489 -0.5050 2.4800
v 26.7100 -0.6500 2.3500
v 26.7489 -0.7950 2.3500
v 26.7489 -0.7950 2.4800
v 26.7100 -0.6500 2.4800
v 26.7489 -0.7950 2.3500
v 26.8550 -0.9011 2.3500
v 26.8550 -0.9011 2.4800
v 26.7489 -0.7950 2.4800
v 26.8550 -0.9011 2.3500
v 27.0000 -0.9400 2.3500
v 27.0000 -0.9400 2.4800
v 26.8550 -0.9011 2.4800
v 27.0000 -0.9400 2.3500
v 27.1450 -0.9011 2.3500
v 27.1450 -0.9011 2.4800
v 27.0000 -0.9400 2.4800
v 27.1450 -0.9011 2.3500
v 27.2511 -0.7950 2.3500
v 27.2511 -0.7950 2.4800
v 27.1450 -0.9011 2.4800
v 27.2511 -0.7950 2.3500
v 27.2511 -0.7950 2.4800
v 27.2900 -0.6500 2.4800
v 27.2900 -0.6500 2.3500
v 27.0000 -0.6500 2.4800
v 27.2900 -0.6500 2.4800
v 27.2511 -0.5050 2.4800
v 27.0000 -0.6500 2.3500
v 27.2511 -0.5050 2.3500
v 27.2900 -0.6500 2.3500
v 27.0000 -0.6500 2.4800
v 27.2511 -0.5050 2.4800
v 27.1450 -0.3989 2.4800
v 27.0000 -0.6500 2.3500
v 27.1450 -0.3989 2.3500
v 27.2511 -0.5050 2.3500
v 27.0000 -0.6500 2.4800
v 27.1450 -0.3989 2.4800
v 27.0000 -0.3600 2.4800
v 27.0000 -0.6500 2.3500
v 27.0000 -0.3600 2.3500
v 27.1450 -0.3989 2.3500
v 27.0000 -0.6500 2.4800
v 27.0000 -0.3600 2.4800
v 26.8550 -0.3989 2.4800
v 27.0000 -0.6500 2.3500
v 26.8550 -0.3989 2.3500
v 27.0000 -0.3600 2.3500
v 27.0000 -0.6500 2.4800
v 26.8550 -0.3989 2.4800
v 26.7489 -0.5050 2.4800
v 27.0000 -0.6500 2.3500
v 26.7489 -0.5050 2.3500
v 26.8550 -0.3989 2.3500
v 27.0000 -0.6500 2.4800
v 26.7489 -0.5050 2.4800
v 26.7100 -0.6500 2.4800
v 27.0000 -0.6500 2.3500
v 26.7100 -0.6500 2.3500
v 26.7489 -0.5050 2.3500
v 27.0000 -0.6500 2.4800
v 26.7100 -0.6500 2.4800
v 26.7489 -0.7950 2.4800
v 27.0000 -0.6500 2.3500
v 26.7489 -0.7950 2.3500
v 26.7100 -0.6500 2.3500
v 27.0000 -0.6500 2.4800
v 26.7489 -0.7950 2.4800
v 26.8550 -0.9011 2.4800
v 27.0000 -0.6500 2.3500
v 26.8550 -0.9011 2.3500
v 26.7489 -0.7950 2.3500
v 27.0000 -0.6500 2.4800
v 26.8550 -0.9011 2.4800
v 27.0000 -0.9400 2.4800
v 27.0000 -0.6500 2.3500
v 27.0000 -0.9400 2.3500
v 26.8550 -0.9011 2.3500
v 27.0000 -0.6500 2.4800
v 27.0000 -0.9400 2.4800
v 27.1450 -0.9011 2.4800
v 27.0000 -0.6500 2.3500
v 27.1450 -0.9011 2.3500
v 27.0000 -0.9400 2.3500
v 27.0000 -0.6500 2.4800
v 27.1450 -0.9011 2.4800
v 27.2511 -0.7950 2.4800
v 27.0000 -0.6500 2.3500
v 27.2511 -0.7950 2.3500
v 27.1450 -0.9011 2.3500
v 27.0000 -0.6500 2.4800
v 27.2511 -0.7950 2.4800
v 27.2900 -0.6500 2.4800
v 27.0000 -0.6500 2.3500
v 27.2900 -0.6500 2.3500
v 27.2511 -0.7950 2.3500
v 26.6200 -0.7300 2.2400
v 27.3800 -0.7300 2.2400
v 27.3800 -0.5700 2.2400
v 26.6200 -0.5700 2.2400
v 26.6200 -0.5700 2.1600
v 27.3800 -0.5700 2.1600
v 27.3800 -0.7300 2.1600
v 26.6200 -0.7300 2.1600
v 26.6200 -0.5700 2.1600
v 26.6200 -0.5700 2.2400
v 27.3800 -0.5700 2.2400
v 27.3800 -0.5700 2.1600
v 27.3800 -0.7300 2.1600
v 27.3800 -0.7300 2.2400
v 26.6200 -0.7300 2.2400
v 26.6200 -0.7300 2.1600
v 26.6200 -0.7300 2.1600
v 26.6200 -0.7300 2.2400
v 26.6200 -0.5700 2.2400
v 26.6200 -0.5700 2.1600
v 27.3800 -0.5700 2.1600
v 27.3800 -0.5700 2.2400
v 27.3800 -0.7300 2.2400
v 27.3800 -0.7300 2.1600
v 38.3500 -0.6500 1.8000
v 38.3031 -0.4750 1.8000
v 38.3031 -0.4750 1.8800
v 38.3500 -0.6500 1.8800
v 38.3031 -0.4750 1.8000
v 38.1750 -0.3469 1.8000
v 38.1750 -0.3469 1.8800
v 38.3031 -0.4750 1.8800
v 38.1750 -0.3469 1.8000
v 38.0000 -0.3000 1.8000
v 38.0000 -0.3000 1.8800
v 38.1750 -0.3469 1.8800
v 38.0000 -0.3000 1.8000
v 37.8250 -0.3469 1.8000
v 37.8250 -0.3469 1.8800
v 38.0000 -0.3000 1.8800
v 37.8250 -0.3469 1.8000
v 37.6969 -0.4750 1.8000
v 37.6969 -0.4750 1.8800
v 37.8250 -0.3469 1.8800
v 37.6969 -0.4750 1.8000
v 37.6500 -0.6500 1.8000
v 37.6500 -0.6500 1.8800
v 37.6969 -0.4750 1.8800
v 37.6500 -0.6500 1.8000
v 37.6969 -0.8250 1.8000
v 37.6969 -0.8250 1.8800
v 37.6500 -0.6500 1.8800
v 37.6969 -0.8250 1.8000
v 37.8250 -0.9531 1.8000
v 37.8250 -0.9531 1.8800
v 37.6969 -0.8250 1.8800
v 37.8250 -0.9531 1.8000
v 38.0000 -1.0000 1.8000
v 38.0000 -1.0000 1.8800
v 37.8250 -0.9531 1.8800
v 38.0000 -1.0000 1.8000
v 38.1750 -0.9531 1.8000
v 38.1750 -0.9531 1.8800
v 38.0000 -1.0000 1.8800
v 38.1750 -0.9531 1.8000
v 38.3031 -0.8250 1.8000
v 38.3031 -0.8250 1.8800
v 38.1750 -0.9531 1.8800
v 38.3031 -0.8250 1.8000
v 38.3031 -0.8250 1.8800
v 38.3500 -0.6500 1.8800
v 38.3500 -0.6500 1.8000
v 38.0000 -0.6500 1.8800
v 38.3500 -0.6500 1.8800
v 38.3031 -0.4750 1.8800
v 38.0000 -0.6500 1.8000
v 38.3031 -0.4750 1.8000
v 38.3500 -0.6500 1.8000
v 38.0000 -0.6500 1.8800
v 38.3031 -0.4750 1.8800
v 38.1750 -0.3469 1.8800
v 38.0000 -0.6500 1.8000
v 38.1750 -0.3469 1.8000
v 38.3031 -0.4750 1.8000
v 38.0000 -0.6500 1.8800
v 38.1750 -0.3469 1.8800
v 38.0000 -0.3000 1.8800
v 38.0000 -0.6500 1.8000
v 38.0000 -0.3000 1.8000
v 38.1750 -0.3469 1.8000
v 38.0000 -0.6500 1.8800
v 38.0000 -0.3000 1.8800
v 37.8250 -0.3469 1.8800
v 38.0000 -0.6500 1.8000
v 37.8250 -0.3469 1.8000
v 38.0000 -0.3000 1.8000
v 38.0000 -0.6500 1.8800
v 37.8250 -0.3469 1.8800
v 37.6969 -0.4750 1.8800
v 38.0000 -0.6500 1.8000
v 37.6969 -0.4750 1.8000
v 37.8250 -0.3469 1.8000
v 38.0000 -0.6500 1.8800
v 37.6969 -0.4750 1.8800
v 37.6500 -0.6500 1.8800
v 38.0000 -0.6500 1.8000
v 37.6500 -0.6500 1.8000
v 37.6969 -0.4750 1.8000
v 38.0000 -0.6500 1.8800
v 37.6500 -0.6500 1.8800
v 37.6969 -0.8250 1.8800
v 38.0000 -0.6500 1.8000
v 37.6969 -0.8250 1.8000
v 37.6500 -0.6500 1.8000
v 38.0000 -0.6500 1.8800
v 37.6969 -0.8250 1.8800
v 37.8250 -0.9531 1.8800
v 38.0000 -0.6500 1.8000
v 37.8250 -0.9531 1.8000
v 37.6969 -0.8250 1.8000
v 38.0000 -0.6500 1.8800
v 37.8250 -0.9531 1.8800
v 38.0000 -1.0000 1.8800
v 38.0000 -0.6500 1.8000
v 38.0000 -1.0000 1.8000
v 37.8250 -0.9531 1.8000
v 38.0000 -0.6500 1.8800
v 38.0000 -1.0000 1.8800
v 38.1750 -0.9531 1.8800
v 38.0000 -0.6500 1.8000
v 38.1750 -0.9531 1.8000
v 38.0000 -1.0000 1.8000
v 38.0000 -0.6500 1.8800
v 38.1750 -0.9531 1.8800
v 38.3031 -0.8250 1.8800
v 38.0000 -0.6500 1.8000
v 38.3031 -0.8250 1.8000
v 38.1750 -0.9531 1.8000
v 38.0000 -0.6500 1.8800
v 38.3031 -0.8250 1.8800
v 38.3500 -0.6500 1.8800
v 38.0000 -0.6500 1.8000
v 38.3500 -0.6500 1.8000
v 38.3031 -0.8250 1.8000
v 38.2200 -0.6500 1.8800
v 38.1905 -0.5400 1.8800
v 38.1905 -0.5400 2.3500
v 38.2200 -0.6500 2.3500
v 38.1905 -0.5400 1.8800
v 38.1100 -0.4595 1.8800
v 38.1100 -0.4595 2.3500
v 38.1905 -0.5400 2.3500
v 38.1100 -0.4595 1.8800
v 38.0000 -0.4300 1.8800
v 38.0000 -0.4300 2.3500
v 38.1100 -0.4595 2.3500
v 38.0000 -0.4300 1.8800
v 37.8900 -0.4595 1.8800
v 37.8900 -0.4595 2.3500
v 38.0000 -0.4300 2.3500
v 37.8900 -0.4595 1.8800
v 37.8095 -0.5400 1.8800
v 37.8095 -0.5400 2.3500
v 37.8900 -0.4595 2.3500
v 37.8095 -0.5400 1.8800
v 37.7800 -0.6500 1.8800
v 37.7800 -0.6500 2.3500
v 37.8095 -0.5400 2.3500
v 37.7800 -0.6500 1.8800
v 37.8095 -0.7600 1.8800
v 37.8095 -0.7600 2.3500
v 37.7800 -0.6500 2.3500
v 37.8095 -0.7600 1.8800
v 37.8900 -0.8405 1.8800
v 37.8900 -0.8405 2.3500
v 37.8095 -0.7600 2.3500
v 37.8900 -0.8405 1.8800
v 38.0000 -0.8700 1.8800
v 38.0000 -0.8700 2.3500
v 37.8900 -0.8405 2.3500
v 38.0000 -0.8700 1.8800
v 38.1100 -0.8405 1.8800
v 38.1100 -0.8405 2.3500
v 38.0000 -0.8700 2.3500
v 38.1100 -0.8405 1.8800
v 38.1905 -0.7600 1.8800
v 38.1905 -0.7600 2.3500
v 38.1100 -0.8405 2.3500
v 38.1905 -0.7600 1.8800
v 38.1905 -0.7600 2.3500
v 38.2200 -0.6500 2.3500
v 38.2200 -0.6500 1.8800
v 38.2900 -0.6500 2.3500
v 38.2511 -0.5050 2.3500
v 38.2511 -0.5050 2.4800
v 38.2900 -0.6500 2.4800
v 38.2511 -0.5050 2.3500
v 38.1450 -0.3989 2.3500
v 38.1450 -0.3989 2.4800
v 38.2511 -0.5050 2.4800
v 38.1450 -0.3989 2.3500
v 38.0000 -0.3600 2.3500
v 38.0000 -0.3600 2.4800
v 38.1450 -0.3989 2.4800
v 38.0000 -0.3600 2.3500
v 37.8550 -0.3989 2.3500
v 37.8550 -0.3989 2.4800
v 38.0000 -0.3600 2.4800
v 37.8550 -0.3989 2.3500
v 37.7489 -0.5050 2.3500
v 37.7489 -0.5050 2.4800
v 37.8550 -0.3989 2.4800
v 37.7489 -0.5050 2.3500
v 37.7100 -0.6500 2.3500
v 37.7100 -0.6500 2.4800
v 37.7489 -0.5050 2.4800
v 37.7100 -0.6500 2.3500
v 37.7489 -0.7950 2.3500
v 37.7489 -0.7950 2.4800
v 37.7100 -0.6500 2.4800
v 37.7489 -0.7950 2.3500
v 37.8550 -0.9011 2.3500
v 37.8550 -0.9011 2.4800
v 37.7489 -0.7950 2.4800
v 37.8550 -0.9011 2.3500
v 38.0000 -0.9400 2.3500
v 38.0000 -0.9400 2.4800
v 37.8550 -0.9011 2.4800
v 38.0000 -0.9400 2.3500
v 38.1450 -0.9011 2.3500
v 38.1450 -0.9011 2.4800
v 38.0000 -0.9400 2.4800
v 38.1450 -0.9011 2.3500
v 38.2511 -0.7950 2.3500
v 38.2511 -0.7950 2.4800
v 38.1450 -0.9011 2.4800
v 38.2511 -0.7950 2.3500
v 38.2511 -0.7950 2.4800
v 38.2900 -0.6500 2.4800
v 38.2900 -0.6500 2.3500
v 38.0000 -0.6500 2.4800
v 38.2900 -0.6500 2.4800
v 38.2511 -0.5050 2.4800
v 38.0000 -0.6500 2.3500
v 38.2511 -0.5050 2.3500
v 38.2900 -0.6500 2.3500
v 38.0000 -0.6500 2.4800
v 38.2511 -0.5050 2.4800
v 38.1450 -0.3989 2.4800
v 38.0000 -0.6500 2.3500
v 38.1450 -0.3989 2.3500
v 38.2511 -0.5050 2.3500
v 38.0000 -0.6500 2.4800
v 38.1450 -0.3989 2.4800
v 38.0000 -0.3600 2.4800
v 38.0000 -0.6500 2.3500
v 38.0000 -0.3600 2.3500
v 38.1450 -0.3989 2.3500
v 38.0000 -0.6500 2.4800
v 38.0000 -0.3600 2.4800
v 37.8550 -0.3989 2.4800
v 38.0000 -0.6500 2.3500
v 37.8550 -0.3989 2.3500
v 38.0000 -0.3600 2.3500
v 38.0000 -0.6500 2.4800
v 37.8550 -0.3989 2.4800
v 37.7489 -0.5050 2.4800
v 38.0000 -0.6500 2.3500
v 37.7489 -0.5050 2.3500
v 37.8550 -0.3989 2.3500
v 38.0000 -0.6500 2.4800
v 37.7489 -0.5050 2.4800
v 37.7100 -0.6500 2.4800
v 38.0000 -0.6500 2.3500
v 37.7100 -0.6500 2.3500
v 37.7489 -0.5050 2.3500
v 38.0000 -0.6500 2.4800
v 37.7100 -0.6500 2.4800
v 37.7489 -0.7950 2.4800
v 38.0000 -0.6500 2.3500
v 37.7489 -0.7950 2.3500
v 37.7100 -0.6500 2.3500
v 38.0000 -0.6500 2.4800
v 37.7489 -0.7950 2.4800
v 37.8550 -0.9011 2.4800
v 38.0000 -0.6500 2.3500
v 37.8550 -0.9011 2.3500
v 37.7489 -0.7950 2.3500
v 38.0000 -0.6500 2.4800
v 37.8550 -0.9011 2.4800
v 38.0000 -0.9400 2.4800
v 38.0000 -0.6500 2.3500
v 38.0000 -0.9400 2.3500
v 37.8550 -0.9011 2.3500
v 38.0000 -0.6500 2.4800
v 38.0000 -0.9400 2.4800
v 38.1450 -0.9011 2.4800
v 38.0000 -0.6500 2.3500
v 38.1450 -0.9011 2.3500
v 38.0000 -0.9400 2.3500
v 38.0000 -0.6500 2.4800
v 38.1450 -0.9011 2.4800
v 38.2511 -0.7950 2.4800
v 38.0000 -0.6500 2.3500
v 38.2511 -0.7950 2.3500
v 38.1450 -0.9011 2.3500
v 38.0000 -0.6500 2.4800
v 38.2511 -0.7950 2.4800
v 38.2900 -0.6500 2.4800
v 38.0000 -0.6500 2.3500
v 38.2900 -0.6500 2.3500
v 38.2511 -0.7950 2.3500
v 37.6200 -0.7300 2.2400
v 38.3800 -0.7300 2.2400
v 38.3800 -0.5700 2.2400
v 37.6200 -0.5700 2.2400
v 37.6200 -0.5700 2.1600
v 38.3800 -0.5700 2.1600
v 38.3800 -0.7300 2.1600
v 37.6200 -0.7300 2.1600
v 37.6200 -0.5700 2.1600
v 37.6200 -0.5700 2.2400
v 38.3800 -0.5700 2.2400
v 38.3800 -0.5700 2.1600
v 38.3800 -0.7300 2.1600
v 38.3800 -0.7300 2.2400
v 37.6200 -0.7300 2.2400
v 37.6200 -0.7300 2.1600
v 37.6200 -0.7300 2.1600
v 37.6200 -0.7300 2.2400
v 37.6200 -0.5700 2.2400
v 37.6200 -0.5700 2.1600
v 38.3800 -0.5700 2.1600
v 38.3800 -0.5700 2.2400
v 38.3800 -0.7300 2.2400
v 38.3800 -0.7300 2.1600
v 49.3500 -0.6500 1.8000
v 49.3031 -0.4750 1.8000
v 49.3031 -0.4750 1.8800
v 49.3500 -0.6500 1.8800
v 49.3031 -0.4750 1.8000
v 49.1750 -0.3469 1.8000
v 49.1750 -0.3469 1.8800
v 49.3031 -0.4750 1.8800
v 49.1750 -0.3469 1.8000
v 49.0000 -0.3000 1.8000
v 49.0000 -0.3000 1.8800
v 49.1750 -0.3469 1.8800
v 49.0000 -0.3000 1.8000
v 48.8250 -0.3469 1.8000
v 48.8250 -0.3469 1.8800
v 49.0000 -0.3000 1.8800
v 48.8250 -0.3469 1.8000
v 48.6969 -0.4750 1.8000
v 48.6969 -0.4750 1.8800
v 48.8250 -0.3469 1.8800
v 48.6969 -0.4750 1.8000
v 48.6500 -0.6500 1.8000
v 48.6500 -0.6500 1.8800
v 48.6969 -0.4750 1.8800
v 48.6500 -0.6500 1.8000
v 48.6969 -0.8250 1.8000
v 48.6969 -0.8250 1.8800
v 48.6500 -0.6500 1.8800
v 48.6969 -0.8250 1.8000
v 48.8250 -0.9531 1.8000
v 48.8250 -0.9531 1.8800
v 48.6969 -0.8250 1.8800
v 48.8250 -0.9531 1.8000
v 49.0000 -1.0000 1.8000
v 49.0000 -1.0000 1.8800
v 48.8250 -0.9531 1.8800
v 49.0000 -1.0000 1.8000
v 49.1750 -0.9531 1.8000
v 49.1750 -0.9531 1.8800
v 49.0000 -1.0000 1.8800
v 49.1750 -0.9531 1.8000
v 49.3031 -0.8250 1.8000
v 49.3031 -0.8250 1.8800
v 49.1750 -0.9531 1.8800
v 49.3031 -0.8250 1.8000
v 49.3031 -0.8250 1.8800
v 49.3500 -0.6500 1.8800
v 49.3500 -0.6500 1.8000
v 49.0000 -0.6500 1.8800
v 49.3500 -0.6500 1.8800
v 49.3031 -0.4750 1.8800
v 49.0000 -0.6500 1.8000
v 49.3031 -0.4750 1.8000
v 49.3500 -0.6500 1.8000
v 49.0000 -0.6500 1.8800
v 49.3031 -0.4750 1.8800
v 49.1750 -0.3469 1.8800
v 49.0000 -0.6500 1.8000
v 49.1750 -0.3469 1.8000
v 49.3031 -0.4750 1.8000
v 49.0000 -0.6500 1.8800
v 49.1750 -0.3469 1.8800
v 49.0000 -0.3000 1.8800
v 49.0000 -0.6500 1.8000
v 49.0000 -0.3000 1.8000
v 49.1750 -0.3469 1.8000
v 49.0000 -0.6500 1.8800
v 49.0000 -0.3000 1.8800
v 48.8250 -0.3469 1.8800
v 49.0000 -0.6500 1.8000
v 48.8250 -0.3469 1.8000
v 49.0000 -0.3000 1.8000
v 49.0000 -0.6500 1.8800
v 48.8250 -0.3469 1.8800
v 48.6969 -0.4750 1.8800
v 49.0000 -0.6500 1.8000
v 48.6969 -0.4750 1.8000
v 48.8250 -0.3469 1.8000
v 49.0000 -0.6500 1.8800
v 48.6969 -0.4750 1.8800
v 48.6500 -0.6500 1.8800
v 49.0000 -0.6500 1.8000
v 48.6500 -0.6500 1.8000
v 48.6969 -0.4750 1.8000
v 49.0000 -0.6500 1.8800
v 48.6500 -0.6500 1.8800
v 48.6969 -0.8250 1.8800
v 49.0000 -0.6500 1.8000
v 48.6969 -0.8250 1.8000
v 48.6500 -0.6500 1.8000
v 49.0000 -0.6500 1.8800
v 48.6969 -0.8250 1.8800
v 48.8250 -0.9531 1.8800
v 49.0000 -0.6500 1.8000
v 48.8250 -0.9531 1.8000
v 48.6969 -0.8250 1.8000
v 49.0000 -0.6500 1.8800
v 48.8250 -0.9531 1.8800
v 49.0000 -1.0000 1.8800
v 49.0000 -0.6500 1.8000
v 49.0000 -1.0000 1.8000
v 48.8250 -0.9531 1.8000
v 49.0000 -0.6500 1.8800
v 49.0000 -1.0000 1.8800
v 49.1750 -0.9531 1.8800
v 49.0000 -0.6500 1.8000
v 49.1750 -0.9531 1.8000
v 49.0000 -1.0000 1.8000
v 49.0000 -0.6500 1.8800
v 49.1750 -0.9531 1.8800
v 49.3031 -0.8250 1.8800
v 49.0000 -0.6500 1.8000
v 49.3031 -0.8250 1.8000
v 49.1750 -0.9531 1.8000
v 49.0000 -0.6500 1.8800
v 49.3031 -0.8250 1.8800
v 49.3500 -0.6500 1.8800
v 49.0000 -0.6500 1.8000
v 49.3500 -0.6500 1.8000
v 49.3031 -0.8250 1.8000
v 49.2200 -0.6500 1.8800
v 49.1905 -0.5400 1.8800
v 49.1905 -0.5400 2.3500
v 49.2200 -0.6500 2.3500
v 49.1905 -0.5400 1.8800
v 49.1100 -0.4595 1.8800
v 49.1100 -0.4595 2.3500
v 49.1905 -0.5400 2.3500
v 49.1100 -0.4595 1.8800
v 49.0000 -0.4300 1.8800
v 49.0000 -0.4300 2.3500
v 49.1100 -0.4595 2.3500
v 49.0000 -0.4300 1.8800
v 48.8900 -0.4595 1.8800
v 48.8900 -0.4595 2.3500
v 49.0000 -0.4300 2.3500
v 48.8900 -0.4595 1.8800
v 48.8095 -0.5400 1.8800
v 48.8095 -0.5400 2.3500
v 48.8900 -0.4595 2.3500
v 48.8095 -0.5400 1.8800
v 48.7800 -0.6500 1.8800
v 48.7800 -0.6500 2.3500
v 48.8095 -0.5400 2.3500
v 48.7800 -0.6500 1.8800
v 48.8095 -0.7600 1.8800
v 48.8095 -0.7600 2.3500
v 48.7800 -0.6500 2.3500
v 48.8095 -0.7600 1.8800
v 48.8900 -0.8405 1.8800
v 48.8900 -0.8405 2.3500
v 48.8095 -0.7600 2.3500
v 48.8900 -0.8405 1.8800
v 49.0000 -0.8700 1.8800
v 49.0000 -0.8700 2.3500
v 48.8900 -0.8405 2.3500
v 49.0000 -0.8700 1.8800
v 49.1100 -0.8405 1.8800
v 49.1100 -0.8405 2.3500
v 49.0000 -0.8700 2.3500
v 49.1100 -0.8405 1.8800
v 49.1905 -0.7600 1.8800
v 49.1905 -0.7600 2.3500
v 49.1100 -0.8405 2.3500
v 49.1905 -0.7600 1.8800
v 49.1905 -0.7600 2.3500
v 49.2200 -0.6500 2.3500
v 49.2200 -0.6500 1.8800
v 49.2900 -0.6500 2.3500
v 49.2511 -0.5050 2.3500
v 49.2511 -0.5050 2.4800
v 49.2900 -0.6500 2.4800
v 49.2511 -0.5050 2.3500
v 49.1450 -0.3989 2.3500
v 49.1450 -0.3989 2.4800
v 49.2511 -0.5050 2.4800
v 49.1450 -0.3989 2.3500
v 49.0000 -0.3600 2.3500
v 49.0000 -0.3600 2.4800
v 49.1450 -0.3989 2.4800
v 49.0000 -0.3600 2.3500
v 48.8550 -0.3989 2.3500
v 48.8550 -0.3989 2.4800
v 49.0000 -0.3600 2.4800
v 48.8550 -0.3989 2.3500
v 48.7489 -0.5050 2.3500
v 48.7489 -0.5050 2.4800
v 48.8550 -0.3989 2.4800
v 48.7489 -0.5050 2.3500
v 48.7100 -0.6500 2.3500
v 48.7100 -0.6500 2.4800
v 48.7489 -0.5050 2.4800
v 48.7100 -0.6500 2.3500
v 48.7489 -0.7950 2.3500
v 48.7489 -0.7950 2.4800
v 48.7100 -0.6500 2.4800
v 48.7489 -0.7950 2.3500
v 48.8550 -0.9011 2.3500
v 48.8550 -0.9011 2.4800
v 48.7489 -0.7950 2.4800
v 48.8550 -0.9011 2.3500
v 49.0000 -0.9400 2.3500
v 49.0000 -0.9400 2.4800
v 48.8550 -0.9011 2.4800
v 49.0000 -0.9400 2.3500
v 49.1450 -0.9011 2.3500
v 49.1450 -0.9011 2.4800
v 49.0000 -0.9400 2.4800
v 49.1450 -0.9011 2.3500
v 49.2511 -0.7950 2.3500
v 49.2511 -0.7950 2.4800
v 49.1450 -0.9011 2.4800
v 49.2511 -0.7950 2.3500
v 49.2511 -0.7950 2.4800
v 49.2900 -0.6500 2.4800
v 49.2900 -0.6500 2.3500
v 49.0000 -0.6500 2.4800
v 49.2900 -0.6500 2.4800
v 49.2511 -0.5050 2.4800
v 49.0000 -0.6500 2.3500
v 49.2511 -0.5050 2.3500
v 49.2900 -0.6500 2.3500
v 49.0000 -0.6500 2.4800
v 49.2511 -0.5050 2.4800
v 49.1450 -0.3989 2.4800
v 49.0000 -0.6500 2.3500
v 49.1450 -0.3989 2.3500
v 49.2511 -0.5050 2.3500
v 49.0000 -0.6500 2.4800
v 49.1450 -0.3989 2.4800
v 49.0000 -0.3600 2.4800
v 49.0000 -0.6500 2.3500
v 49.0000 -0.3600 2.3500
v 49.1450 -0.3989 2.3500
v 49.0000 -0.6500 2.4800
v 49.0000 -0.3600 2.4800
v 48.8550 -0.3989 2.4800
v 49.0000 -0.6500 2.3500
v 48.8550 -0.3989 2.3500
v 49.0000 -0.3600 2.3500
v 49.0000 -0.6500 2.4800
v 48.8550 -0.3989 2.4800
v 48.7489 -0.5050 2.4800
v 49.0000 -0.6500 2.3500
v 48.7489 -0.5050 2.3500
v 48.8550 -0.3989 2.3500
v 49.0000 -0.6500 2.4800
v 48.7489 -0.5050 2.4800
v 48.7100 -0.6500 2.4800
v 49.0000 -0.6500 2.3500
v 48.7100 -0.6500 2.3500
v 48.7489 -0.5050 2.3500
v 49.0000 -0.6500 2.4800
v 48.7100 -0.6500 2.4800
v 48.7489 -0.7950 2.4800
v 49.0000 -0.6500 2.3500
v 48.7489 -0.7950 2.3500
v 48.7100 -0.6500 2.3500
v 49.0000 -0.6500 2.4800
v 48.7489 -0.7950 2.4800
v 48.8550 -0.9011 2.4800
v 49.0000 -0.6500 2.3500
v 48.8550 -0.9011 2.3500
v 48.7489 -0.7950 2.3500
v 49.0000 -0.6500 2.4800
v 48.8550 -0.9011 2.4800
v 49.0000 -0.9400 2.4800
v 49.0000 -0.6500 2.3500
v 49.0000 -0.9400 2.3500
v 48.8550 -0.9011 2.3500
v 49.0000 -0.6500 2.4800
v 49.0000 -0.9400 2.4800
v 49.1450 -0.9011 2.4800
v 49.0000 -0.6500 2.3500
v 49.1450 -0.9011 2.3500
v 49.0000 -0.9400 2.3500
v 49.0000 -0.6500 2.4800
v 49.1450 -0.9011 2.4800
v 49.2511 -0.7950 2.4800
v 49.0000 -0.6500 2.3500
v 49.2511 -0.7950 2.3500
v 49.1450 -0.9011 2.3500
v 49.0000 -0.6500 2.4800
v 49.2511 -0.7950 2.4800
v 49.2900 -0.6500 2.4800
v 49.0000 -0.6500 2.3500
v 49.2900 -0.6500 2.3500
v 49.2511 -0.7950 2.3500
v 48.6200 -0.7300 2.2400
v 49.3800 -0.7300 2.2400
v 49.3800 -0.5700 2.2400
v 48.6200 -0.5700 2.2400
v 48.6200 -0.5700 2.1600
v 49.3800 -0.5700 2.1600
v 49.3800 -0.7300 2.1600
v 48.6200 -0.7300 2.1600
v 48.6200 -0.5700 2.1600
v 48.6200 -0.5700 2.2400
v 49.3800 -0.5700 2.2400
v 49.3800 -0.5700 2.1600
v 49.3800 -0.7300 2.1600
v 49.3800 -0.7300 2.2400
v 48.6200 -0.7300 2.2400
v 48.6200 -0.7300 2.1600
v 48.6200 -0.7300 2.1600
v 48.6200 -0.7300 2.2400
v 48.6200 -0.5700 2.2400
v 48.6200 -0.5700 2.1600
v 49.3800 -0.5700 2.1600
v 49.3800 -0.5700 2.2400
v 49.3800 -0.7300 2.2400
v 49.3800 -0.7300 2.1600
v 60.3500 -0.6500 1.8000
v 60.3031 -0.4750 1.8000
v 60.3031 -0.4750 1.8800
v 60.3500 -0.6500 1.8800
v 60.3031 -0.4750 1.8000
v 60.1750 -0.3469 1.8000
v 60.1750 -0.3469 1.8800
v 60.3031 -0.4750 1.8800
v 60.1750 -0.3469 1.8000
v 60.0000 -0.3000 1.8000
v 60.0000 -0.3000 1.8800
v 60.1750 -0.3469 1.8800
v 60.0000 -0.3000 1.8000
v 59.8250 -0.3469 1.8000
v 59.8250 -0.3469 1.8800
v 60.0000 -0.3000 1.8800
v 59.8250 -0.3469 1.8000
v 59.6969 -0.4750 1.8000
v 59.6969 -0.4750 1.8800
v 59.8250 -0.3469 1.8800
v 59.6969 -0.4750 1.8000
v 59.6500 -0.6500 1.8000
v 59.6500 -0.6500 1.8800
v 59.6969 -0.4750 1.8800
v 59.6500 -0.6500 1.8000
v 59.6969 -0.8250 1.8000
v 59.6969 -0.8250 1.8800
v 59.6500 -0.6500 1.8800
v 59.6969 -0.8250 1.8000
v 59.8250 -0.9531 1.8000
v 59.8250 -0.9531 1.8800
v 59.6969 -0.8250 1.8800
v 59.8250 -0.9531 1.8000
v 60.0000 -1.0000 1.8000
v 60.0000 -1.0000 1.8800
v 59.8250 -0.9531 1.8800
v 60.0000 -1.0000 1.8000
v 60.1750 -0.9531 1.8000
v 60.1750 -0.9531 1.8800
v 60.0000 -1.0000 1.8800
v 60.1750 -0.9531 1.8000
v 60.3031 -0.8250 1.8000
v 60.3031 -0.8250 1.8800
v 60.1750 -0.9531 1.8800
v 60.3031 -0.8250 1.8000
v 60.3031 -0.8250 1.8800
v 60.3500 -0.6500 1.8800
v 60.3500 -0.6500 1.8000
v 60.0000 -0.6500 1.8800
v 60.3500 -0.6500 1.8800
v 60.3031 -0.4750 1.8800
v 60.0000 -0.6500 1.8000
v 60.3031 -0.4750 1.8000
v 60.3500 -0.6500 1.8000
v 60.0000 -0.6500 1.8800
v 60.3031 -0.4750 1.8800
v 60.1750 -0.3469 1.8800
v 60.0000 -0.6500 1.8000
v 60.1750 -0.3469 1.8000
v 60.3031 -0.4750 1.8000
v 60.0000 -0.6500 1.8800
v 60.1750 -0.3469 1.8800
v 60.0000 -0.3000 1.8800
v 60.0000 -0.6500 1.8000
v 60.0000 -0.3000 1.8000
v 60.1750 -0.3469 1.8000
v 60.0000 -0.6500 1.8800
v 60.0000 -0.3000 1.8800
v 59.8250 -0.3469 1.8800
v 60.0000 -0.6500 1.8000
v 59.8250 -0.3469 1.8000
v 60.0000 -0.3000 1.8000
v 60.0000 -0.6500 1.8800
v 59.8250 -0.3469 1.8800
v 59.6969 -0.4750 1.8800
v 60.0000 -0.6500 1.8000
v 59.6969 -0.4750 1.8000
v 59.8250 -0.3469 1.8000
v 60.0000 -0.6500 1.8800
v 59.6969 -0.4750 1.8800
v 59.6500 -0.6500 1.8800
v 60.0000 -0.6500 1.8000
v 59.6500 -0.6500 1.8000
v 59.6969 -0.4750 1.8000
v 60.0000 -0.6500 1.8800
v 59.6500 -0.6500 1.8800
v 59.6969 -0.8250 1.8800
v 60.0000 -0.6500 1.8000
v 59.6969 -0.8250 1.8000
v 59.6500 -0.6500 1.8000
v 60.0000 -0.6500 1.8800
v 59.6969 -0.8250 1.8800
v 59.8250 -0.9531 1.8800
v 60.0000 -0.6500 1.8000
v 59.8250 -0.9531 1.8000
v 59.6969 -0.8250 1.8000
v 60.0000 -0.6500 1.8800
v 59.8250 -0.9531 1.8800
v 60.0000 -1.0000 1.8800
v 60.0000 -0.6500 1.8000
v 60.0000 -1.0000 1.8000
v 59.8250 -0.9531 1.8000
v 60.0000 -0.6500 1.8800
v 60.0000 -1.0000 1.8800
v 60.1750 -0.9531 1.8800
v 60.0000 -0.6500 1.8000
v 60.1750 -0.9531 1.8000
v 60.0000 -1.0000 1.8000
v 60.0000 -0.6500 1.8800
v 60.1750 -0.9531 1.8800
v 60.3031 -0.8250 1.8800
v 60.0000 -0.6500 1.8000
v 60.3031 -0.8250 1.8000
v 60.1750 -0.9531 1.8000
v 60.0000 -0.6500 1.8800
v 60.3031 -0.8250 1.8800
v 60.3500 -0.6500 1.8800
v 60.0000 -0.6500 1.8000
v 60.3500 -0.6500 1.8000
v 60.3031 -0.8250 1.8000
v 60.2200 -0.6500 1.8800
v 60.1905 -0.5400 1.8800
v 60.1905 -0.5400 2.3500
v 60.2200 -0.6500 2.3500
v 60.1905 -0.5400 1.8800
v 60.1100 -0.4595 1.8800
v 60.1100 -0.4595 2.3500
v 60.1905 -0.5400 2.3500
v 60.1100 -0.4595 1.8800
v 60.0000 -0.4300 1.8800
v 60.0000 -0.4300 2.3500
v 60.1100 -0.4595 2.3500
v 60.0000 -0.4300 1.8800
v 59.8900 -0.4595 1.8800
v 59.8900 -0.4595 2.3500
v 60.0000 -0.4300 2.3500
v 59.8900 -0.4595 1.8800
v 59.8095 -0.5400 1.8800
v 59.8095 -0.5400 2.3500
v 59.8900 -0.4595 2.3500
v 59.8095 -0.5400 1.8800
v 59.7800 -0.6500 1.8800
v 59.7800 -0.6500 2.3500
v 59.8095 -0.5400 2.3500
v 59.7800 -0.6500 1.8800
v 59.8095 -0.7600 1.8800
v 59.8095 -0.7600 2.3500
v 59.7800 -0.6500 2.3500
v 59.8095 -0.7600 1.8800
v 59.8900 -0.8405 1.8800
v 59.8900 -0.8405 2.3500
v 59.8095 -0.7600 2.3500
v 59.8900 -0.8405 1.8800
v 60.0000 -0.8700 1.8800
v 60.0000 -0.8700 2.3500
v 59.8900 -0.8405 2.3500
v 60.0000 -0.8700 1.8800
v 60.1100 -0.8405 1.8800
v 60.1100 -0.8405 2.3500
v 60.0000 -0.8700 2.3500
v 60.1100 -0.8405 1.8800
v 60.1905 -0.7600 1.8800
v 60.1905 -0.7600 2.3500
v 60.1100 -0.8405 2.3500
v 60.1905 -0.7600 1.8800
v 60.1905 -0.7600 2.3500
v 60.2200 -0.6500 2.3500
v 60.2200 -0.6500 1.8800
v 60.2900 -0.6500 2.3500
v 60.2511 -0.5050 2.3500
v 60.2511 -0.5050 2.4800
v 60.2900 -0.6500 2.4800
v 60.2511 -0.5050 2.3500
v 60.1450 -0.3989 2.3500
v 60.1450 -0.3989 2.4800
v 60.2511 -0.5050 2.4800
v 60.1450 -0.3989 2.3500
v 60.0000 -0.3600 2.3500
v 60.0000 -0.3600 2.4800
v 60.1450 -0.3989 2.4800
v 60.0000 -0.3600 2.3500
v 59.8550 -0.3989 2.3500
v 59.8550 -0.3989 2.4800
v 60.0000 -0.3600 2.4800
v 59.8550 -0.3989 2.3500
v 59.7489 -0.5050 2.3500
v 59.7489 -0.5050 2.4800
v 59.8550 -0.3989 2.4800
v 59.7489 -0.5050 2.3500
v 59.7100 -0.6500 2.3500
v 59.7100 -0.6500 2.4800
v 59.7489 -0.5050 2.4800
v 59.7100 -0.6500 2.3500
v 59.7489 -0.7950 2.3500
v 59.7489 -0.7950 2.4800
v 59.7100 -0.6500 2.4800
v 59.7489 -0.7950 2.3500
v 59.8550 -0.9011 2.3500
v 59.8550 -0.9011 2.4800
v 59.7489 -0.7950 2.4800
v 59.8550 -0.9011 2.3500
v 60.0000 -0.9400 2.3500
v 60.0000 -0.9400 2.4800
v 59.8550 -0.9011 2.4800
v 60.0000 -0.9400 2.3500
v 60.1450 -0.9011 2.3500
v 60.1450 -0.9011 2.4800
v 60.0000 -0.9400 2.4800
v 60.1450 -0.9011 2.3500
v 60.2511 -0.7950 2.3500
v 60.2511 -0.7950 2.4800
v 60.1450 -0.9011 2.4800
v 60.2511 -0.7950 2.3500
v 60.2511 -0.7950 2.4800
v 60.2900 -0.6500 2.4800
v 60.2900 -0.6500 2.3500
v 60.0000 -0.6500 2.4800
v 60.2900 -0.6500 2.4800
v 60.2511 -0.5050 2.4800
v 60.0000 -0.6500 2.3500
v 60.2511 -0.5050 2.3500
v 60.2900 -0.6500 2.3500
v 60.0000 -0.6500 2.4800
v 60.2511 -0.5050 2.4800
v 60.1450 -0.3989 2.4800
v 60.0000 -0.6500 2.3500
v 60.1450 -0.3989 2.3500
v 60.2511 -0.5050 2.3500
v 60.0000 -0.6500 2.4800
v 60.1450 -0.3989 2.4800
v 60.0000 -0.3600 2.4800
v 60.0000 -0.6500 2.3500
v 60.0000 -0.3600 2.3500
v 60.1450 -0.3989 2.3500
v 60.0000 -0.6500 2.4800
v 60.0000 -0.3600 2.4800
v 59.8550 -0.3989 2.4800
v 60.0000 -0.6500 2.3500
v 59.8550 -0.3989 2.3500
v 60.0000 -0.3600 2.3500
v 60.0000 -0.6500 2.4800
v 59.8550 -0.3989 2.4800
v 59.7489 -0.5050 2.4800
v 60.0000 -0.6500 2.3500
v 59.7489 -0.5050 2.3500
v 59.8550 -0.3989 2.3500
v 60.0000 -0.6500 2.4800
v 59.7489 -0.5050 2.4800
v 59.7100 -0.6500 2.4800
v 60.0000 -0.6500 2.3500
v 59.7100 -0.6500 2.3500
v 59.7489 -0.5050 2.3500
v 60.0000 -0.6500 2.4800
v 59.7100 -0.6500 2.4800
v 59.7489 -0.7950 2.4800
v 60.0000 -0.6500 2.3500
v 59.7489 -0.7950 2.3500
v 59.7100 -0.6500 2.3500
v 60.0000 -0.6500 2.4800
v 59.7489 -0.7950 2.4800
v 59.8550 -0.9011 2.4800
v 60.0000 -0.6500 2.3500
v 59.8550 -0.9011 2.3500
v 59.7489 -0.7950 2.3500
v 60.0000 -0.6500 2.4800
v 59.8550 -0.9011 2.4800
v 60.0000 -0.9400 2.4800
v 60.0000 -0.6500 2.3500
v 60.0000 -0.9400 2.3500
v 59.8550 -0.9011 2.3500
v 60.0000 -0.6500 2.4800
v 60.0000 -0.9400 2.4800
v 60.1450 -0.9011 2.4800
v 60.0000 -0.6500 2.3500
v 60.1450 -0.9011 2.3500
v 60.0000 -0.9400 2.3500
v 60.0000 -0.6500 2.4800
v 60.1450 -0.9011 2.4800
v 60.2511 -0.7950 2.4800
v 60.0000 -0.6500 2.3500
v 60.2511 -0.7950 2.3500
v 60.1450 -0.9011 2.3500
v 60.0000 -0.6500 2.4800
v 60.2511 -0.7950 2.4800
v 60.2900 -0.6500 2.4800
v 60.0000 -0.6500 2.3500
v 60.2900 -0.6500 2.3500
v 60.2511 -0.7950 2.3500
v 59.6200 -0.7300 2.2400
v 60.3800 -0.7300 2.2400
v 60.3800 -0.5700 2.2400
v 59.6200 -0.5700 2.2400
v 59.6200 -0.5700 2.1600
v 60.3800 -0.5700 2.1600
v 60.3800 -0.7300 2.1600
v 59.6200 -0.7300 2.1600
v 59.6200 -0.5700 2.1600
v 59.6200 -0.5700 2.2400
v 60.3800 -0.5700 2.2400
v 60.3800 -0.5700 2.1600
v 60.3800 -0.7300 2.1600
v 60.3800 -0.7300 2.2400
v 59.6200 -0.7300 2.2400
v 59.6200 -0.7300 2.1600
v 59.6200 -0.7300 2.1600
v 59.6200 -0.7300 2.2400
v 59.6200 -0.5700 2.2400
v 59.6200 -0.5700 2.1600
v 60.3800 -0.5700 2.1600
v 60.3800 -0.5700 2.2400
v 60.3800 -0.7300 2.2400
v 60.3800 -0.7300 2.1600
v 76.5000 5.0000 1.8000
v 76.4531 5.1750 1.8000
v 76.4531 5.1750 1.8800
v 76.5000 5.0000 1.8800
v 76.4531 5.1750 1.8000
v 76.3250 5.3031 1.8000
v 76.3250 5.3031 1.8800
v 76.4531 5.1750 1.8800
v 76.3250 5.3031 1.8000
v 76.1500 5.3500 1.8000
v 76.1500 5.3500 1.8800
v 76.3250 5.3031 1.8800
v 76.1500 5.3500 1.8000
v 75.9750 5.3031 1.8000
v 75.9750 5.3031 1.8800
v 76.1500 5.3500 1.8800
v 75.9750 5.3031 1.8000
v 75.8469 5.1750 1.8000
v 75.8469 5.1750 1.8800
v 75.9750 5.3031 1.8800
v 75.8469 5.1750 1.8000
v 75.8000 5.0000 1.8000
v 75.8000 5.0000 1.8800
v 75.8469 5.1750 1.8800
v 75.8000 5.0000 1.8000
v 75.8469 4.8250 1.8000
v 75.8469 4.8250 1.8800
v 75.8000 5.0000 1.8800
v 75.8469 4.8250 1.8000
v 75.9750 4.6969 1.8000
v 75.9750 4.6969 1.8800
v 75.8469 4.8250 1.8800
v 75.9750 4.6969 1.8000
v 76.1500 4.6500 1.8000
v 76.1500 4.6500 1.8800
v 75.9750 4.6969 1.8800
v 76.1500 4.6500 1.8000
v 76.3250 4.6969 1.8000
v 76.3250 4.6969 1.8800
v 76.1500 4.6500 1.8800
v 76.3250 4.6969 1.8000
v 76.4531 4.8250 1.8000
v 76.4531 4.8250 1.8800
v 76.3250 4.6969 1.8800
v 76.4531 4.8250 1.8000
v 76.4531 4.8250 1.8800
v 76.5000 5.0000 1.8800
v 76.5000 5.0000 1.8000
v 76.1500 5.0000 1.8800
v 76.5000 5.0000 1.8800
v 76.4531 5.1750 1.8800
v 76.1500 5.0000 1.8000
v 76.4531 5.1750 1.8000
v 76.5000 5.0000 1.8000
v 76.1500 5.0000 1.8800
v 76.4531 5.1750 1.8800
v 76.3250 5.3031 1.8800
v 76.1500 5.0000 1.8000
v 76.3250 5.3031 1.8000
v 76.4531 5.1750 1.8000
v 76.1500 5.0000 1.8800
v 76.3250 5.3031 1.8800
v 76.1500 5.3500 1.8800
v 76.1500 5.0000 1.8000
v 76.1500 5.3500 1.8000
v 76.3250 5.3031 1.8000
v 76.1500 5.0000 1.8800
v 76.1500 5.3500 1.8800
v 75.9750 5.3031 1.8800
v 76.1500 5.0000 1.8000
v 75.9750 5.3031 1.8000
v 76.1500 5.3500 1.8000
v 76.1500 5.0000 1.8800
v 75.9750 5.3031 1.8800
v 75.8469 5.1750 1.8800
v 76.1500 5.0000 1.8000
v 75.8469 5.1750 1.8000
v 75.9750 5.3031 1.8000
v 76.1500 5.0000 1.8800
v 75.8469 5.1750 1.8800
v 75.8000 5.0000 1.8800
v 76.1500 5.0000 1.8000
v 75.8000 5.0000 1.8000
v 75.8469 5.1750 1.8000
v 76.1500 5.0000 1.8800
v 75.8000 5.0000 1.8800
v 75.8469 4.8250 1.8800
v 76.1500 5.0000 1.8000
v 75.8469 4.8250 1.8000
v 75.8000 5.0000 1.8000
v 76.1500 5.0000 1.8800
v 75.8469 4.8250 1.8800
v 75.9750 4.6969 1.8800
v 76.1500 5.0000 1.8000
v 75.9750 4.6969 1.8000
v 75.8469 4.8250 1.8000
v 76.1500 5.0000 1.8800
v 75.9750 4.6969 1.8800
v 76.1500 4.6500 1.8800
v 76.1500 5.0000 1.8000
v 76.1500 4.6500 1.8000
v 75.9750 4.6969 1.8000
v 76.1500 5.0000 1.8800
v 76.1500 4.6500 1.8800
v 76.3250 4.6969 1.8800
v 76.1500 5.0000 1.8000
v 76.3250 4.6969 1.8000
v 76.1500 4.6500 1.8000
v 76.1500 5.0000 1.8800
v 76.3250 4.6969 1.8800
v 76.4531 4.8250 1.8800
v 76.1500 5.0000 1.8000
v 76.4531 4.8250 1.8000
v 76.3250 4.6969 1.8000
v 76.1500 5.0000 1.8800
v 76.4531 4.8250 1.8800
v 76.5000 5.0000 1.8800
v 76.1500 5.0000 1.8000
v 76.5000 5.0000 1.8000
v 76.4531 4.8250 1.8000
v 76.3700 5.0000 1.8800
v 76.3405 5.1100 1.8800
v 76.3405 5.1100 2.3500
v 76.3700 5.0000 2.3500
v 76.3405 5.1100 1.8800
v 76.2600 5.1905 1.8800
v 76.2600 5.1905 2.3500
v 76.3405 5.1100 2.3500
v 76.2600 5.1905 1.8800
v 76.1500 5.2200 1.8800
v 76.1500 5.2200 2.3500
v 76.2600 5.1905 2.3500
v 76.1500 5.2200 1.8800
v 76.0400 5.1905 1.8800
v 76.0400 5.1905 2.3500
v 76.1500 5.2200 2.3500
v 76.0400 5.1905 1.8800
v 75.9595 5.1100 1.8800
v 75.9595 5.1100 2.3500
v 76.0400 5.1905 2.3500
v 75.9595 5.1100 1.8800
v 75.9300 5.0000 1.8800
v 75.9300 5.0000 2.3500
v 75.9595 5.1100 2.3500
v 75.9300 5.0000 1.8800
v 75.9595 4.8900 1.8800
v 75.9595 4.8900 2.3500
v 75.9300 5.0000 2.3500
v 75.9595 4.8900 1.8800
v 76.0400 4.8095 1.8800
v 76.0400 4.8095 2.3500
v 75.9595 4.8900 2.3500
v 76.0400 4.8095 1.8800
v 76.1500 4.7800 1.8800
v 76.1500 4.7800 2.3500
v 76.0400 4.8095 2.3500
v 76.1500 4.7800 1.8800
v 76.2600 4.8095 1.8800
v 76.2600 4.8095 2.3500
v 76.1500 4.7800 2.3500
v 76.2600 4.8095 1.8800
v 76.3405 4.8900 1.8800
v 76.3405 4.8900 2.3500
v 76.2600 4.8095 2.3500
v 76.3405 4.8900 1.8800
v 76.3405 4.8900 2.3500
v 76.3700 5.0000 2.3500
v 76.3700 5.0000 1.8800
v 76.4400 5.0000 2.3500
v 76.4011 5.1450 2.3500
v 76.4011 5.1450 2.4800
v 76.4400 5.0000 2.4800
v 76.4011 5.1450 2.3500
v 76.2950 5.2511 2.3500
v 76.2950 5.2511 2.4800
v 76.4011 5.1450 2.4800
v 76.2950 5.2511 2.3500
v 76.1500 5.2900 2.3500
v 76.1500 5.2900 2.4800
v 76.2950 5.2511 2.4800
v 76.1500 5.2900 2.3500
v 76.0050 5.2511 2.3500
v 76.0050 5.2511 2.4800
v 76.1500 5.2900 2.4800
v 76.0050 5.2511 2.3500
v 75.8989 5.1450 2.3500
v 75.8989 5.1450 2.4800
v 76.0050 5.2511 2.4800
v 75.8989 5.1450 2.3500
v 75.8600 5.0000 2.3500
v 75.8600 5.0000 2.4800
v 75.8989 5.1450 2.4800
v 75.8600 5.0000 2.3500
v 75.8989 4.8550 2.3500
v 75.8989 4.8550 2.4800
v 75.8600 5.0000 2.4800
v 75.8989 4.8550 2.3500
v 76.0050 4.7489 2.3500
v 76.0050 4.7489 2.4800
v 75.8989 4.8550 2.4800
v 76.0050 4.7489 2.3500
v 76.1500 4.7100 2.3500
v 76.1500 4.7100 2.4800
v 76.0050 4.7489 2.4800
v 76.1500 4.7100 2.3500
v 76.2950 4.7489 2.3500
v 76.2950 4.7489 2.4800
v 76.1500 4.7100 2.4800
v 76.2950 4.7489 2.3500
v 76.4011 4.8550 2.3500
v 76.4011 4.8550 2.4800
v 76.2950 4.7489 2.4800
v 76.4011 4.8550 2.3500
v 76.4011 4.8550 2.4800
v 76.4400 5.0000 2.4800
v 76.4400 5.0000 2.3500
v 76.1500 5.0000 2.4800
v 76.4400 5.0000 2.4800
v 76.4011 5.1450 2.4800
v 76.1500 5.0000 2.3500
v 76.4011 5.1450 2.3500
v 76.4400 5.0000 2.3500
v 76.1500 5.0000 2.4800
v 76.4011 5.1450 2.4800
v 76.2950 5.2511 2.4800
v 76.1500 5.0000 2.3500
v 76.2950 5.2511 2.3500
v 76.4011 5.1450 2.3500
v 76.1500 5.0000 2.4800
v 76.2950 5.2511 2.4800
v 76.1500 5.2900 2.4800
v 76.1500 5.0000 2.3500
v 76.1500 5.2900 2.3500
v 76.2950 5.2511 2.3500
v 76.1500 5.0000 2.4800
v 76.1500 5.2900 2.4800
v 76.0050 5.2511 2.4800
v 76.1500 5.0000 2.3500
v 76.0050 5.2511 2.3500
v 76.1500 5.2900 2.3500
v 76.1500 5.0000 2.4800
v 76.0050 5.2511 2.4800
v 75.8989 5.1450 2.4800
v 76.1500 5.0000 2.3500
v 75.8989 5.1450 2.3500
v 76.0050 5.2511 2.3500
v 76.1500 5.0000 2.4800
v 75.8989 5.1450 2.4800
v 75.8600 5.0000 2.4800
v 76.1500 5.0000 2.3500
v 75.8600 5.0000 2.3500
v 75.8989 5.1450 2.3500
v 76.1500 5.0000 2.4800
v 75.8600 5.0000 2.4800
v 75.8989 4.8550 2.4800
v 76.1500 5.0000 2.3500
v 75.8989 4.8550 2.3500
v 75.8600 5.0000 2.3500
v 76.1500 5.0000 2.4800
v 75.8989 4.8550 2.4800
v 76.0050 4.7489 2.4800
v 76.1500 5.0000 2.3500
v 76.0050 4.7489 2.3500
v 75.8989 4.8550 2.3500
v 76.1500 5.0000 2.4800
v 76.0050 4.7489 2.4800
v 76.1500 4.7100 2.4800
v 76.1500 5.0000 2.3500
v 76.1500 4.7100 2.3500
v 76.0050 4.7489 2.3500
v 76.1500 5.0000 2.4800
v 76.1500 4.7100 2.4800
v 76.2950 4.7489 2.4800
v 76.1500 5.0000 2.3500
v 76.2950 4.7489 2.3500
v 76.1500 4.7100 2.3500
v 76.1500 5.0000 2.4800
v 76.2950 4.7489 2.4800
v 76.4011 4.8550 2.4800
v 76.1500 5.0000 2.3500
v 76.4011 4.8550 2.3500
v 76.2950 4.7489 2.3500
v 76.1500 5.0000 2.4800
v 76.4011 4.8550 2.4800
v 76.4400 5.0000 2.4800
v 76.1500 5.0000 2.3500
v 76.4400 5.0000 2.3500
v 76.4011 4.8550 2.3500
v 75.7700 4.9200 2.2400
v 76.5300 4.9200 2.2400
v 76.5300 5.0800 2.2400
v 75.7700 5.0800 2.2400
v 75.7700 5.0800 2.1600
v 76.5300 5.0800 2.1600
v 76.5300 4.9200 2.1600
v 75.7700 4.9200 2.1600
v 75.7700 5.0800 2.1600
v 75.7700 5.0800 2.2400
v 76.5300 5.0800 2.2400
v 76.5300 5.0800 2.1600
v 76.5300 4.9200 2.1600
v 76.5300 4.9200 2.2400
v 75.7700 4.9200 2.2400
v 75.7700 4.9200 2.1600
v 75.7700 4.9200 2.1600
v 75.7700 4.9200 2.2400
v 75.7700 5.0800 2.2400
v 75.7700 5.0800 2.1600
v 76.5300 5.0800 2.1600
v 76.5300 5.0800 2.2400
v 76.5300 4.9200 2.2400
v 76.5300 4.9200 2.1600
v 76.5000 16.0000 1.8000
v 76.4531 16.1750 1.8000
v 76.4531 16.1750 1.8800
v 76.5000 16.0000 1.8800
v 76.4531 16.1750 1.8000
v 76.3250 16.3031 1.8000
v 76.3250 16.3031 1.8800
v 76.4531 16.1750 1.8800
v 76.3250 16.3031 1.8000
v 76.1500 16.3500 1.8000
v 76.1500 16.3500 1.8800
v 76.3250 16.3031 1.8800
v 76.1500 16.3500 1.8000
v 75.9750 16.3031 1.8000
v 75.9750 16.3031 1.8800
v 76.1500 16.3500 1.8800
v 75.9750 16.3031 1.8000
v 75.8469 16.1750 1.8000
v 75.8469 16.1750 1.8800
v 75.9750 16.3031 1.8800
v 75.8469 16.1750 1.8000
v 75.8000 16.0000 1.8000
v 75.8000 16.0000 1.8800
v 75.8469 16.1750 1.8800
v 75.8000 16.0000 1.8000
v 75.8469 15.8250 1.8000
v 75.8469 15.8250 1.8800
v 75.8000 16.0000 1.8800
v 75.8469 15.8250 1.8000
v 75.9750 15.6969 1.8000
v 75.9750 15.6969 1.8800
v 75.8469 15.8250 1.8800
v 75.9750 15.6969 1.8000
v 76.1500 15.6500 1.8000
v 76.1500 15.6500 1.8800
v 75.9750 15.6969 1.8800
v 76.1500 15.6500 1.8000
v 76.3250 15.6969 1.8000
v 76.3250 15.6969 1.8800
v 76.1500 15.6500 1.8800
v 76.3250 15.6969 1.8000
v 76.4531 15.8250 1.8000
v 76.4531 15.8250 1.8800
v 76.3250 15.6969 1.8800
v 76.4531 15.8250 1.8000
v 76.4531 15.8250 1.8800
v 76.5000 16.0000 1.8800
v 76.5000 16.0000 1.8000
v 76.1500 16.0000 1.8800
v 76.5000 16.0000 1.8800
v 76.4531 16.1750 1.8800
v 76.1500 16.0000 1.8000
v 76.4531 16.1750 1.8000
v 76.5000 16.0000 1.8000
v 76.1500 16.0000 1.8800
v 76.4531 16.1750 1.8800
v 76.3250 16.3031 1.8800
v 76.1500 16.0000 1.8000
v 76.3250 16.3031 1.8000
v 76.4531 16.1750 1.8000
v 76.1500 16.0000 1.8800
v 76.3250 16.3031 1.8800
v 76.1500 16.3500 1.8800
v 76.1500 16.0000 1.8000
v 76.1500 16.3500 1.8000
v 76.3250 16.3031 1.8000
v 76.1500 16.0000 1.8800
v 76.1500 16.3500 1.8800
v 75.9750 16.3031 1.8800
v 76.1500 16.0000 1.8000
v 75.9750 16.3031 1.8000
v 76.1500 16.3500 1.8000
v 76.1500 16.0000 1.8800
v 75.9750 16.3031 1.8800
v 75.8469 16.1750 1.8800
v 76.1500 16.0000 1.8000
v 75.8469 16.1750 1.8000
v 75.9750 16.3031 1.8000
v 76.1500 16.0000 1.8800
v 75.8469 16.1750 1.8800
v 75.8000 16.0000 1.8800
v 76.1500 16.0000 1.8000
v 75.8000 16.0000 1.8000
v 75.8469 16.1750 1.8000
v 76.1500 16.0000 1.8800
v 75.8000 16.0000 1.8800
v 75.8469 15.8250 1.8800
v 76.1500 16.0000 1.8000
v 75.8469 15.8250 1.8000
v 75.8000 16.0000 1.8000
v 76.1500 16.0000 1.8800
v 75.8469 15.8250 1.8800
v 75.9750 15.6969 1.8800
v 76.1500 16.0000 1.8000
v 75.9750 15.6969 1.8000
v 75.8469 15.8250 1.8000
v 76.1500 16.0000 1.8800
v 75.9750 15.6969 1.8800
v 76.1500 15.6500 1.8800
v 76.1500 16.0000 1.8000
v 76.1500 15.6500 1.8000
v 75.9750 15.6969 1.8000
v 76.1500 16.0000 1.8800
v 76.1500 15.6500 1.8800
v 76.3250 15.6969 1.8800
v 76.1500 16.0000 1.8000
v 76.3250 15.6969 1.8000
v 76.1500 15.6500 1.8000
v 76.1500 16.0000 1.8800
v 76.3250 15.6969 1.8800
v 76.4531 15.8250 1.8800
v 76.1500 16.0000 1.8000
v 76.4531 15.8250 1.8000
v 76.3250 15.6969 1.8000
v 76.1500 16.0000 1.8800
v 76.4531 15.8250 1.8800
v 76.5000 16.0000 1.8800
v 76.1500 16.0000 1.8000
v 76.5000 16.0000 1.8000
v 76.4531 15.8250 1.8000
v 76.3700 16.0000 1.8800
v 76.3405 16.1100 1.8800
v 76.3405 16.1100 2.3500
v 76.3700 16.0000 2.3500
v 76.3405 16.1100 1.8800
v 76.2600 16.1905 1.8800
v 76.2600 16.1905 2.3500
v 76.3405 16.1100 2.3500
v 76.2600 16.1905 1.8800
v 76.1500 16.2200 1.8800
v 76.1500 16.2200 2.3500
v 76.2600 16.1905 2.3500
v 76.1500 16.2200 1.8800
v 76.0400 16.1905 1.8800
v 76.0400 16.1905 2.3500
v 76.1500 16.2200 2.3500
v 76.0400 16.1905 1.8800
v 75.9595 16.1100 1.8800
v 75.9595 16.1100 2.3500
v 76.0400 16.1905 2.3500
v 75.9595 16.1100 1.8800
v 75.9300 16.0000 1.8800
v 75.9300 16.0000 2.3500
v 75.9595 16.1100 2.3500
v 75.9300 16.0000 1.8800
v 75.9595 15.8900 1.8800
v 75.9595 15.8900 2.3500
v 75.9300 16.0000 2.3500
v 75.9595 15.8900 1.8800
v 76.0400 15.8095 1.8800
v 76.0400 15.8095 2.3500
v 75.9595 15.8900 2.3500
v 76.0400 15.8095 1.8800
v 76.1500 15.7800 1.8800
v 76.1500 15.7800 2.3500
v 76.0400 15.8095 2.3500
v 76.1500 15.7800 1.8800
v 76.2600 15.8095 1.8800
v 76.2600 15.8095 2.3500
v 76.1500 15.7800 2.3500
v 76.2600 15.8095 1.8800
v 76.3405 15.8900 1.8800
v 76.3405 15.8900 2.3500
v 76.2600 15.8095 2.3500
v 76.3405 15.8900 1.8800
v 76.3405 15.8900 2.3500
v 76.3700 16.0000 2.3500
v 76.3700 16.0000 1.8800
v 76.4400 16.0000 2.3500
v 76.4011 16.1450 2.3500
v 76.4011 16.1450 2.4800
v 76.4400 16.0000 2.4800
v 76.4011 16.1450 2.3500
v 76.2950 16.2511 2.3500
v 76.2950 16.2511 2.4800
v 76.4011 16.1450 2.4800
v 76.2950 16.2511 2.3500
v 76.1500 16.2900 2.3500
v 76.1500 16.2900 2.4800
v 76.2950 16.2511 2.4800
v 76.1500 16.2900 2.3500
v 76.0050 16.2511 2.3500
v 76.0050 16.2511 2.4800
v 76.1500 16.2900 2.4800
v 76.0050 16.2511 2.3500
v 75.8989 16.1450 2.3500
v 75.8989 16.1450 2.4800
v 76.0050 16.2511 2.4800
v 75.8989 16.1450 2.3500
v 75.8600 16.0000 2.3500
v 75.8600 16.0000 2.4800
v 75.8989 16.1450 2.4800
v 75.8600 16.0000 2.3500
v 75.8989 15.8550 2.3500
v 75.8989 15.8550 2.4800
v 75.8600 16.0000 2.4800
v 75.8989 15.8550 2.3500
v 76.0050 15.7489 2.3500
v 76.0050 15.7489 2.4800
v 75.8989 15.8550 2.4800
v 76.0050 15.7489 2.3500
v 76.1500 15.7100 2.3500
v 76.1500 15.7100 2.4800
v 76.0050 15.7489 2.4800
v 76.1500 15.7100 2.3500
v 76.2950 15.7489 2.3500
v 76.2950 15.7489 2.4800
v 76.1500 15.7100 2.4800
v 76.2950 15.7489 2.3500
v 76.4011 15.8550 2.3500
v 76.4011 15.8550 2.4800
v 76.2950 15.7489 2.4800
v 76.4011 15.8550 2.3500
v 76.4011 15.8550 2.4800
v 76.4400 16.0000 2.4800
v 76.4400 16.0000 2.3500
v 76.1500 16.0000 2.4800
v 76.4400 16.0000 2.4800
v 76.4011 16.1450 2.4800
v 76.1500 16.0000 2.3500
v 76.4011 16.1450 2.3500
v 76.4400 16.0000 2.3500
v 76.1500 16.0000 2.4800
v 76.4011 16.1450 2.4800
v 76.2950 16.2511 2.4800
v 76.1500 16.0000 2.3500
v 76.2950 16.2511 2.3500
v 76.4011 16.1450 2.3500
v 76.1500 16.0000 2.4800
v 76.2950 16.2511 2.4800
v 76.1500 16.2900 2.4800
v 76.1500 16.0000 2.3500
v 76.1500 16.2900 2.3500
v 76.2950 16.2511 2.3500
v 76.1500 16.0000 2.4800
v 76.1500 16.2900 2.4800
v 76.0050 16.2511 2.4800
v 76.1500 16.0000 2.3500
v 76.0050 16.2511 2.3500
v 76.1500 16.2900 2.3500
v 76.1500 16.0000 2.4800
v 76.0050 16.2511 2.4800
v 75.8989 16.1450 2.4800
v 76.1500 16.0000 2.3500
v 75.8989 16.1450 2.3500
v 76.0050 16.2511 2.3500
v 76.1500 16.0000 2.4800
v 75.8989 16.1450 2.4800
v 75.8600 16.0000 2.4800
v 76.1500 16.0000 2.3500
v 75.8600 16.0000 2.3500
v 75.8989 16.1450 2.3500
v 76.1500 16.0000 2.4800
v 75.8600 16.0000 2.4800
v 75.8989 15.8550 2.4800
v 76.1500 16.0000 2.3500
v 75.8989 15.8550 2.3500
v 75.8600 16.0000 2.3500
v 76.1500 16.0000 2.4800
v 75.8989 15.8550 2.4800
v 76.0050 15.7489 2.4800
v 76.1500 16.0000 2.3500
v 76.0050 15.7489 2.3500
v 75.8989 15.8550 2.3500
v 76.1500 16.0000 2.4800
v 76.0050 15.7489 2.4800
v 76.1500 15.7100 2.4800
v 76.1500 16.0000 2.3500
v 76.1500 15.7100 2.3500
v 76.0050 15.7489 2.3500
v 76.1500 16.0000 2.4800
v 76.1500 15.7100 2.4800
v 76.2950 15.7489 2.4800
v 76.1500 16.0000 2.3500
v 76.2950 15.7489 2.3500
v 76.1500 15.7100 2.3500
v 76.1500 16.0000 2.4800
v 76.2950 15.7489 2.4800
v 76.4011 15.8550 2.4800
v 76.1500 16.0000 2.3500
v 76.4011 15.8550 2.3500
v 76.2950 15.7489 2.3500
v 76.1500 16.0000 2.4800
v 76.4011 15.8550 2.4800
v 76.4400 16.0000 2.4800
v 76.1500 16.0000 2.3500
v 76.4400 16.0000 2.3500
v 76.4011 15.8550 2.3500
v 75.7700 15.9200 2.2400
v 76.5300 15.9200 2.2400
v 76.5300 16.0800 2.2400
v 75.7700 16.0800 2.2400
v 75.7700 16.0800 2.1600
v 76.5300 16.0800 2.1600
v 76.5300 15.9200 2.1600
v 75.7700 15.9200 2.1600
v 75.7700 16.0800 2.1600
v 75.7700 16.0800 2.2400
v 76.5300 16.0800 2.2400
v 76.5300 16.0800 2.1600
v 76.5300 15.9200 2.1600
v 76.5300 15.9200 2.2400
v 75.7700 15.9200 2.2400
v 75.7700 15.9200 2.1600
v 75.7700 15.9200 2.1600
v 75.7700 15.9200 2.2400
v 75.7700 16.0800 2.2400
v 75.7700 16.0800 2.1600
v 76.5300 16.0800 2.1600
v 76.5300 16.0800 2.2400
v 76.5300 15.9200 2.2400
v 76.5300 15.9200 2.1600
v 76.5000 27.0000 1.8000
v 76.4531 27.1750 1.8000
v 76.4531 27.1750 1.8800
v 76.5000 27.0000 1.8800
v 76.4531 27.1750 1.8000
v 76.3250 27.3031 1.8000
v 76.3250 27.3031 1.8800
v 76.4531 27.1750 1.8800
v 76.3250 27.3031 1.8000
v 76.1500 27.3500 1.8000
v 76.1500 27.3500 1.8800
v 76.3250 27.3031 1.8800
v 76.1500 27.3500 1.8000
v 75.9750 27.3031 1.8000
v 75.9750 27.3031 1.8800
v 76.1500 27.3500 1.8800
v 75.9750 27.3031 1.8000
v 75.8469 27.1750 1.8000
v 75.8469 27.1750 1.8800
v 75.9750 27.3031 1.8800
v 75.8469 27.1750 1.8000
v 75.8000 27.0000 1.8000
v 75.8000 27.0000 1.8800
v 75.8469 27.1750 1.8800
v 75.8000 27.0000 1.8000
v 75.8469 26.8250 1.8000
v 75.8469 26.8250 1.8800
v 75.8000 27.0000 1.8800
v 75.8469 26.8250 1.8000
v 75.9750 26.6969 1.8000
v 75.9750 26.6969 1.8800
v 75.8469 26.8250 1.8800
v 75.9750 26.6969 1.8000
v 76.1500 26.6500 1.8000
v 76.1500 26.6500 1.8800
v 75.9750 26.6969 1.8800
v 76.1500 26.6500 1.8000
v 76.3250 26.6969 1.8000
v 76.3250 26.6969 1.8800
v 76.1500 26.6500 1.8800
v 76.3250 26.6969 1.8000
v 76.4531 26.8250 1.8000
v 76.4531 26.8250 1.8800
v 76.3250 26.6969 1.8800
v 76.4531 26.8250 1.8000
v 76.4531 26.8250 1.8800
v 76.5000 27.0000 1.8800
v 76.5000 27.0000 1.8000
v 76.1500 27.0000 1.8800
v 76.5000 27.0000 1.8800
v 76.4531 27.1750 1.8800
v 76.1500 27.0000 1.8000
v 76.4531 27.1750 1.8000
v 76.5000 27.0000 1.8000
v 76.1500 27.0000 1.8800
v 76.4531 27.1750 1.8800
v 76.3250 27.3031 1.8800
v 76.1500 27.0000 1.8000
v 76.3250 27.3031 1.8000
v 76.4531 27.1750 1.8000
v 76.1500 27.0000 1.8800
v 76.3250 27.3031 1.8800
v 76.1500 27.3500 1.8800
v 76.1500 27.0000 1.8000
v 76.1500 27.3500 1.8000
v 76.3250 27.3031 1.8000
v 76.1500 27.0000 1.8800
v 76.1500 27.3500 1.8800
v 75.9750 27.3031 1.8800
v 76.1500 27.0000 1.8000
v 75.9750 27.3031 1.8000
v 76.1500 27.3500 1.8000
v 76.1500 27.0000 1.8800
v 75.9750 27.3031 1.8800
v 75.8469 27.1750 1.8800
v 76.1500 27.0000 1.8000
v 75.8469 27.1750 1.8000
v 75.9750 27.3031 1.8000
v 76.1500 27.0000 1.8800
v 75.8469 27.1750 1.8800
v 75.8000 27.0000 1.8800
v 76.1500 27.0000 1.8000
v 75.8000 27.0000 1.8000
v 75.8469 27.1750 1.8000
v 76.1500 27.0000 1.8800
v 75.8000 27.0000 1.8800
v 75.8469 26.8250 1.8800
v 76.1500 27.0000 1.8000
v 75.8469 26.8250 1.8000
v 75.8000 27.0000 1.8000
v 76.1500 27.0000 1.8800
v 75.8469 26.8250 1.8800
v 75.9750 26.6969 1.8800
v 76.1500 27.0000 1.8000
v 75.9750 26.6969 1.8000
v 75.8469 26.8250 1.8000
v 76.1500 27.0000 1.8800
v 75.9750 26.6969 1.8800
v 76.1500 26.6500 1.8800
v 76.1500 27.0000 1.8000
v 76.1500 26.6500 1.8000
v 75.9750 26.6969 1.8000
v 76.1500 27.0000 1.8800
v 76.1500 26.6500 1.8800
v 76.3250 26.6969 1.8800
v 76.1500 27.0000 1.8000
v 76.3250 26.6969 1.8000
v 76.1500 26.6500 1.8000
v 76.1500 27.0000 1.8800
v 76.3250 26.6969 1.8800
v 76.4531 26.8250 1.8800
v 76.1500 27.0000 1.8000
v 76.4531 26.8250 1.8000
v 76.3250 26.6969 1.8000
v 76.1500 27.0000 1.8800
v 76.4531 26.8250 1.8800
v 76.5000 27.0000 1.8800
v 76.1500 27.0000 1.8000
v 76.5000 27.0000 1.8000
v 76.4531 26.8250 1.8000
v 76.3700 27.0000 1.8800
v 76.3405 27.1100 1.8800
v 76.3405 27.1100 2.3500
v 76.3700 27.0000 2.3500
v 76.3405 27.1100 1.8800
v 76.2600 27.1905 1.8800
v 76.2600 27.1905 2.3500
v 76.3405 27.1100 2.3500
v 76.2600 27.1905 1.8800
v 76.1500 27.2200 1.8800
v 76.1500 27.2200 2.3500
v 76.2600 27.1905 2.3500
v 76.1500 27.2200 1.8800
v 76.0400 27.1905 1.8800
v 76.0400 27.1905 2.3500
v 76.1500 27.2200 2.3500
v 76.0400 27.1905 1.8800
v 75.9595 27.1100 1.8800
v 75.9595 27.1100 2.3500
v 76.0400 27.1905 2.3500
v 75.9595 27.1100 1.8800
v 75.9300 27.0000 1.8800
v 75.9300 27.0000 2.3500
v 75.9595 27.1100 2.3500
v 75.9300 27.0000 1.8800
v 75.9595 26.8900 1.8800
v 75.9595 26.8900 2.3500
v 75.9300 27.0000 2.3500
v 75.9595 26.8900 1.8800
v 76.0400 26.8095 1.8800
v 76.0400 26.8095 2.3500
v 75.9595 26.8900 2.3500
v 76.0400 26.8095 1.8800
v 76.1500 26.7800 1.8800
v 76.1500 26.7800 2.3500
v 76.0400 26.8095 2.3500
v 76.1500 26.7800 1.8800
v 76.2600 26.8095 1.8800
v 76.2600 26.8095 2.3500
v 76.1500 26.7800 2.3500
v 76.2600 26.8095 1.8800
v 76.3405 26.8900 1.8800
v 76.3405 26.8900 2.3500
v 76.2600 26.8095 2.3500
v 76.3405 26.8900 1.8800
v 76.3405 26.8900 2.3500
v 76.3700 27.0000 2.3500
v 76.3700 27.0000 1.8800
v 76.4400 27.0000 2.3500
v 76.4011 27.1450 2.3500
v 76.4011 27.1450 2.4800
v 76.4400 27.0000 2.4800
v 76.4011 27.1450 2.3500
v 76.2950 27.2511 2.3500
v 76.2950 27.2511 2.4800
v 76.4011 27.1450 2.4800
v 76.2950 27.2511 2.3500
v 76.1500 27.2900 2.3500
v 76.1500 27.2900 2.4800
v 76.2950 27.2511 2.4800
v 76.1500 27.2900 2.3500
v 76.0050 27.2511 2.3500
v 76.0050 27.2511 2.4800
v 76.1500 27.2900 2.4800
v 76.0050 27.2511 2.3500
v 75.8989 27.1450 2.3500
v 75.8989 27.1450 2.4800
v 76.0050 27.2511 2.4800
v 75.8989 27.1450 2.3500
v 75.8600 27.0000 2.3500
v 75.8600 27.0000 2.4800
v 75.8989 27.1450 2.4800
v 75.8600 27.0000 2.3500
v 75.8989 26.8550 2.3500
v 75.8989 26.8550 2.4800
v 75.8600 27.0000 2.4800
v 75.8989 26.8550 2.3500
v 76.0050 26.7489 2.3500
v 76.0050 26.7489 2.4800
v 75.8989 26.8550 2.4800
v 76.0050 26.7489 2.3500
v 76.1500 26.7100 2.3500
v 76.1500 26.7100 2.4800
v 76.0050 26.7489 2.4800
v 76.1500 26.7100 2.3500
v 76.2950 26.7489 2.3500
v 76.2950 26.7489 2.4800
v 76.1500 26.7100 2.4800
v 76.2950 26.7489 2.3500
v 76.4011 26.8550 2.3500
v 76.4011 26.8550 2.4800
v 76.2950 26.7489 2.4800
v 76.4011 26.8550 2.3500
v 76.4011 26.8550 2.4800
v 76.4400 27.0000 2.4800
v 76.4400 27.0000 2.3500
v 76.1500 27.0000 2.4800
v 76.4400 27.0000 2.4800
v 76.4011 27.1450 2.4800
v 76.1500 27.0000 2.3500
v 76.4011 27.1450 2.3500
v 76.4400 27.0000 2.3500
v 76.1500 27.0000 2.4800
v 76.4011 27.1450 2.4800
v 76.2950 27.2511 2.4800
v 76.1500 27.0000 2.3500
v 76.2950 27.2511 2.3500
v 76.4011 27.1450 2.3500
v 76.1500 27.0000 2.4800
v 76.2950 27.2511 2.4800
v 76.1500 27.2900 2.4800
v 76.1500 27.0000 2.3500
v 76.1500 27.2900 2.3500
v 76.2950 27.2511 2.3500
v 76.1500 27.0000 2.4800
v 76.1500 27.2900 2.4800
v 76.0050 27.2511 2.4800
v 76.1500 27.0000 2.3500
v 76.0050 27.2511 2.3500
v 76.1500 27.2900 2.3500
v 76.1500 27.0000 2.4800
v 76.0050 27.2511 2.4800
v 75.8989 27.1450 2.4800
v 76.1500 27.0000 2.3500
v 75.8989 27.1450 2.3500
v 76.0050 27.2511 2.3500
v 76.1500 27.0000 2.4800
v 75.8989 27.1450 2.4800
v 75.8600 27.0000 2.4800
v 76.1500 27.0000 2.3500
v 75.8600 27.0000 2.3500
v 75.8989 27.1450 2.3500
v 76.1500 27.0000 2.4800
v 75.8600 27.0000 2.4800
v 75.8989 26.8550 2.4800
v 76.1500 27.0000 2.3500
v 75.8989 26.8550 2.3500
v 75.8600 27.0000 2.3500
v 76.1500 27.0000 2.4800
v 75.8989 26.8550 2.4800
v 76.0050 26.7489 2.4800
v 76.1500 27.0000 2.3500
v 76.0050 26.7489 2.3500
v 75.8989 26.8550 2.3500
v 76.1500 27.0000 2.4800
v 76.0050 26.7489 2.4800
v 76.1500 26.7100 2.4800
v 76.1500 27.0000 2.3500
v 76.1500 26.7100 2.3500
v 76.0050 26.7489 2.3500
v 76.1500 27.0000 2.4800
v 76.1500 26.7100 2.4800
v 76.2950 26.7489 2.4800
v 76.1500 27.0000 2.3500
v 76.2950 26.7489 2.3500
v 76.1500 26.7100 2.3500
v 76.1500 27.0000 2.4800
v 76.2950 26.7489 2.4800
v 76.4011 26.8550 2.4800
v 76.1500 27.0000 2.3500
v 76.4011 26.8550 2.3500
v 76.2950 26.7489 2.3500
v 76.1500 27.0000 2.4800
v 76.4011 26.8550 2.4800
v 76.4400 27.0000 2.4800
v 76.1500 27.0000 2.3500
v 76.4400 27.0000 2.3500
v 76.4011 26.8550 2.3500
v 75.7700 26.9200 2.2400
v 76.5300 26.9200 2.2400
v 76.5300 27.0800 2.2400
v 75.7700 27.0800 2.2400
v 75.7700 27.0800 2.1600
v 76.5300 27.0800 2.1600
v 76.5300 26.9200 2.1600
v 75.7700 26.9200 2.1600
v 75.7700 27.0800 2.1600
v 75.7700 27.0800 2.2400
v 76.5300 27.0800 2.2400
v 76.5300 27.0800 2.1600
v 76.5300 26.9200 2.1600
v 76.5300 26.9200 2.2400
v 75.7700 26.9200 2.2400
v 75.7700 26.9200 2.1600
v 75.7700 26.9200 2.1600
v 75.7700 26.9200 2.2400
v 75.7700 27.0800 2.2400
v 75.7700 27.0800 2.1600
v 76.5300 27.0800 2.1600
v 76.5300 27.0800 2.2400
v 76.5300 26.9200 2.2400
v 76.5300 26.9200 2.1600
v 33.6600 -0.0500 2.2000
v 33.7000 -0.0500 2.2000
v 33.7000 0.0200 2.2000
v 33.6600 0.0200 2.2000
v 33.6600 0.0200 -1.2000
v 33.7000 0.0200 -1.2000
v 33.7000 -0.0500 -1.2000
v 33.6600 -0.0500 -1.2000
v 33.6600 0.0200 -1.2000
v 33.6600 0.0200 2.2000
v 33.7000 0.0200 2.2000
v 33.7000 0.0200 -1.2000
v 33.7000 -0.0500 -1.2000
v 33.7000 -0.0500 2.2000
v 33.6600 -0.0500 2.2000
v 33.6600 -0.0500 -1.2000
v 33.6600 -0.0500 -1.2000
v 33.6600 -0.0500 2.2000
v 33.6600 0.0200 2.2000
v 33.6600 0.0200 -1.2000
v 33.7000 0.0200 -1.2000
v 33.7000 0.0200 2.2000
v 33.7000 -0.0500 2.2000
v 33.7000 -0.0500 -1.2000
v 34.2500 -0.0500 2.2000
v 34.2900 -0.0500 2.2000
v 34.2900 0.0200 2.2000
v 34.2500 0.0200 2.2000
v 34.2500 0.0200 -1.2000
v 34.2900 0.0200 -1.2000
v 34.2900 -0.0500 -1.2000
v 34.2500 -0.0500 -1.2000
v 34.2500 0.0200 -1.2000
v 34.2500 0.0200 2.2000
v 34.2900 0.0200 2.2000
v 34.2900 0.0200 -1.2000
v 34.2900 -0.0500 -1.2000
v 34.2900 -0.0500 2.2000
v 34.2500 -0.0500 2.2000
v 34.2500 -0.0500 -1.2000
v 34.2500 -0.0500 -1.2000
v 34.2500 -0.0500 2.2000
v 34.2500 0.0200 2.2000
v 34.2500 0.0200 -1.2000
v 34.2900 0.0200 -1.2000
v 34.2900 0.0200 2.2000
v 34.2900 -0.0500 2.2000
v 34.2900 -0.0500 -1.2000
v 33.7000 -0.0300 -1.0320
v 34.2500 -0.0300 -1.0320
v 34.2500 0.0100 -1.0320
v 33.7000 0.0100 -1.0320
v 33.7000 0.0100 -1.0680
v 34.2500 0.0100 -1.0680
v 34.2500 -0.0300 -1.0680
v 33.7000 -0.0300 -1.0680
v 33.7000 0.0100 -1.0680
v 33.7000 0.0100 -1.0320
v 34.2500 0.0100 -1.0320
v 34.2500 0.0100 -1.0680
v 34.2500 -0.0300 -1.0680
v 34.2500 -0.0300 -1.0320
v 33.7000 -0.0300 -1.0320
v 33.7000 -0.0300 -1.0680
v 33.7000 -0.0300 -1.0680
v 33.7000 -0.0300 -1.0320
v 33.7000 0.0100 -1.0320
v 33.7000 0.0100 -1.0680
v 34.2500 0.0100 -1.0680
v 34.2500 0.0100 -1.0320
v 34.2500 -0.0300 -1.0320
v 34.2500 -0.0300 -1.0680
v 33.7000 -0.0300 -0.7320
v 34.2500 -0.0300 -0.7320
v 34.2500 0.0100 -0.7320
v 33.7000 0.0100 -0.7320
v 33.7000 0.0100 -0.7680
v 34.2500 0.0100 -0.7680
v 34.2500 -0.0300 -0.7680
v 33.7000 -0.0300 -0.7680
v 33.7000 0.0100 -0.7680
v 33.7000 0.0100 -0.7320
v 34.2500 0.0100 -0.7320
v 34.2500 0.0100 -0.7680
v 34.2500 -0.0300 -0.7680
v 34.2500 -0.0300 -0.7320
v 33.7000 -0.0300 -0.7320
v 33.7000 -0.0300 -0.7680
v 33.7000 -0.0300 -0.7680
v 33.7000 -0.0300 -0.7320
v 33.7000 0.0100 -0.7320
v 33.7000 0.0100 -0.7680
v 34.2500 0.0100 -0.7680
v 34.2500 0.0100 -0.7320
v 34.2500 -0.0300 -0.7320
v 34.2500 -0.0300 -0.7680
v 33.7000 -0.0300 -0.4320
v 34.2500 -0.0300 -0.4320
v 34.2500 0.0100 -0.4320
v 33.7000 0.0100 -0.4320
v 33.7000 0.0100 -0.4680
v 34.2500 0.0100 -0.4680
v 34.2500 -0.0300 -0.4680
v 33.7000 -0.0300 -0.4680
v 33.7000 0.0100 -0.4680
v 33.7000 0.0100 -0.4320
v 34.2500 0.0100 -0.4320
v 34.2500 0.0100 -0.4680
v 34.2500 -0.0300 -0.4680
v 34.2500 -0.0300 -0.4320
v 33.7000 -0.0300 -0.4320
v 33.7000 -0.0300 -0.4680
v 33.7000 -0.0300 -0.4680
v 33.7000 -0.0300 -0.4320
v 33.7000 0.0100 -0.4320
v 33.7000 0.0100 -0.4680
v 34.2500 0.0100 -0.4680
v 34.2500 0.0100 -0.4320
v 34.2500 -0.0300 -0.4320
v 34.2500 -0.0300 -0.4680
v 33.7000 -0.0300 -0.1320
v 34.2500 -0.0300 -0.1320
v 34.2500 0.0100 -0.1320
v 33.7000 0.0100 -0.1320
v 33.7000 0.0100 -0.1680
v 34.2500 0.0100 -0.1680
v 34.2500 -0.0300 -0.1680
v 33.7000 -0.0300 -0.1680
v 33.7000 0.0100 -0.1680
v 33.7000 0.0100 -0.1320
v 34.2500 0.0100 -0.1320
v 34.2500 0.0100 -0.1680
v 34.2500 -0.0300 -0.1680
v 34.2500 -0.0300 -0.1320
v 33.7000 -0.0300 -0.1320
v 33.7000 -0.0300 -0.1680
v 33.7000 -0.0300 -0.1680
v 33.7000 -0.0300 -0.1320
v 33.7000 0.0100 -0.1320
v 33.7000 0.0100 -0.1680
v 34.2500 0.0100 -0.1680
v 34.2500 0.0100 -0.1320
v 34.2500 -0.0300 -0.1320
v 34.2500 -0.0300 -0.1680
v 33.7000 -0.0300 0.1680
v 34.2500 -0.0300 0.1680
v 34.2500 0.0100 0.1680
v 33.7000 0.0100 0.1680
v 33.7000 0.0100 0.1320
v 34.2500 0.0100 0.1320
v 34.2500 -0.0300 0.1320
v 33.7000 -0.0300 0.1320
v 33.7000 0.0100 0.1320
v 33.7000 0.0100 0.1680
v 34.2500 0.0100 0.1680
v 34.2500 0.0100 0.1320
v 34.2500 -0.0300 0.1320
v 34.2500 -0.0300 0.1680
v 33.7000 -0.0300 0.1680
v 33.7000 -0.0300 0.1320
v 33.7000 -0.0300 0.1320
v 33.7000 -0.0300 0.1680
v 33.7000 0.0100 0.1680
v 33.7000 0.0100 0.1320
v 34.2500 0.0100 0.1320
v 34.2500 0.0100 0.1680
v 34.2500 -0.0300 0.1680
v 34.2500 -0.0300 0.1320
v 33.7000 -0.0300 0.4680
v 34.2500 -0.0300 0.4680
v 34.2500 0.0100 0.4680
v 33.7000 0.0100 0.4680
v 33.7000 0.0100 0.4320
v 34.2500 0.0100 0.4320
v 34.2500 -0.0300 0.4320
v 33.7000 -0.0300 0.4320
v 33.7000 0.0100 0.4320
v 33.7000 0.0100 0.4680
v 34.2500 0.0100 0.4680
v 34.2500 0.0100 0.4320
v 34.2500 -0.0300 0.4320
v 34.2500 -0.0300 0.4680
v 33.7000 -0.0300 0.4680
v 33.7000 -0.0300 0.4320
v 33.7000 -0.0300 0.4320
v 33.7000 -0.0300 0.4680
v 33.7000 0.0100 0.4680
v 33.7000 0.0100 0.4320
v 34.2500 0.0100 0.4320
v 34.2500 0.0100 0.4680
v 34.2500 -0.0300 0.4680
v 34.2500 -0.0300 0.4320
v 33.7000 -0.0300 0.7680
v 34.2500 -0.0300 0.7680
v 34.2500 0.0100 0.7680
v 33.7000 0.0100 0.7680
v 33.7000 0.0100 0.7320
v 34.2500 0.0100 0.7320
v 34.2500 -0.0300 0.7320
v 33.7000 -0.0300 0.7320
v 33.7000 0.0100 0.7320
v 33.7000 0.0100 0.7680
v 34.2500 0.0100 0.7680
v 34.2500 0.0100 0.7320
v 34.2500 -0.0300 0.7320
v 34.2500 -0.0300 0.7680
v 33.7000 -0.0300 0.7680
v 33.7000 -0.0300 0.7320
v 33.7000 -0.0300 0.7320
v 33.7000 -0.0300 0.7680
v 33.7000 0.0100 0.7680
v 33.7000 0.0100 0.7320
v 34.2500 0.0100 0.7320
v 34.2500 0.0100 0.7680
v 34.2500 -0.0300 0.7680
v 34.2500 -0.0300 0.7320
v 33.7000 -0.0300 1.0680
v 34.2500 -0.0300 1.0680
v 34.2500 0.0100 1.0680
v 33.7000 0.0100 1.0680
v 33.7000 0.0100 1.0320
v 34.2500 0.0100 1.0320
v 34.2500 -0.0300 1.0320
v 33.7000 -0.0300 1.0320
v 33.7000 0.0100 1.0320
v 33.7000 0.0100 1.0680
v 34.2500 0.0100 1.0680
v 34.2500 0.0100 1.0320
v 34.2500 -0.0300 1.0320
v 34.2500 -0.0300 1.0680
v 33.7000 -0.0300 1.0680
v 33.7000 -0.0300 1.0320
v 33.7000 -0.0300 1.0320
v 33.7000 -0.0300 1.0680
v 33.7000 0.0100 1.0680
v 33.7000 0.0100 1.0320
v 34.2500 0.0100 1.0320
v 34.2500 0.0100 1.0680
v 34.2500 -0.0300 1.0680
v 34.2500 -0.0300 1.0320
v 33.7000 -0.0300 1.3680
v 34.2500 -0.0300 1.3680
v 34.2500 0.0100 1.3680
v 33.7000 0.0100 1.3680
v 33.7000 0.0100 1.3320
v 34.2500 0.0100 1.3320
v 34.2500 -0.0300 1.3320
v 33.7000 -0.0300 1.3320
v 33.7000 0.0100 1.3320
v 33.7000 0.0100 1.3680
v 34.2500 0.0100 1.3680
v 34.2500 0.0100 1.3320
v 34.2500 -0.0300 1.3320
v 34.2500 -0.0300 1.3680
v 33.7000 -0.0300 1.3680
v 33.7000 -0.0300 1.3320
v 33.7000 -0.0300 1.3320
v 33.7000 -0.0300 1.3680
v 33.7000 0.0100 1.3680
v 33.7000 0.0100 1.3320
v 34.2500 0.0100 1.3320
v 34.2500 0.0100 1.3680
v 34.2500 -0.0300 1.3680
v 34.2500 -0.0300 1.3320
v 33.7000 -0.0300 1.6680
v 34.2500 -0.0300 1.6680
v 34.2500 0.0100 1.6680
v 33.7000 0.0100 1.6680
v 33.7000 0.0100 1.6320
v 34.2500 0.0100 1.6320
v 34.2500 -0.0300 1.6320
v 33.7000 -0.0300 1.6320
v 33.7000 0.0100 1.6320
v 33.7000 0.0100 1.6680
v 34.2500 0.0100 1.6680
v 34.2500 0.0100 1.6320
v 34.2500 -0.0300 1.6320
v 34.2500 -0.0300 1.6680
v 33.7000 -0.0300 1.6680
v 33.7000 -0.0300 1.6320
v 33.7000 -0.0300 1.6320
v 33.7000 -0.0300 1.6680
v 33.7000 0.0100 1.6680
v 33.7000 0.0100 1.6320
v 34.2500 0.0100 1.6320
v 34.2500 0.0100 1.6680
v 34.2500 -0.0300 1.6680
v 34.2500 -0.0300 1.6320
v 75.4800 19.6850 2.2000
v 75.5500 19.6850 2.2000
v 75.5500 19.7250 2.2000
v 75.4800 19.7250 2.2000
v 75.4800 19.7250 -1.2000
v 75.5500 19.7250 -1.2000
v 75.5500 19.6850 -1.2000
v 75.4800 19.6850 -1.2000
v 75.4800 19.7250 -1.2000
v 75.4800 19.7250 2.2000
v 75.5500 19.7250 2.2000
v 75.5500 19.7250 -1.2000
v 75.5500 19.6850 -1.2000
v 75.5500 19.6850 2.2000
v 75.4800 19.6850 2.2000
v 75.4800 19.6850 -1.2000
v 75.4800 19.6850 -1.2000
v 75.4800 19.6850 2.2000
v 75.4800 19.7250 2.2000
v 75.4800 19.7250 -1.2000
v 75.5500 19.7250 -1.2000
v 75.5500 19.7250 2.2000
v 75.5500 19.6850 2.2000
v 75.5500 19.6850 -1.2000
v 75.4800 20.2750 2.2000
v 75.5500 20.2750 2.2000
v 75.5500 20.3150 2.2000
v 75.4800 20.3150 2.2000
v 75.4800 20.3150 -1.2000
v 75.5500 20.3150 -1.2000
v 75.5500 20.2750 -1.2000
v 75.4800 20.2750 -1.2000
v 75.4800 20.3150 -1.2000
v 75.4800 20.3150 2.2000
v 75.5500 20.3150 2.2000
v 75.5500 20.3150 -1.2000
v 75.5500 20.2750 -1.2000
v 75.5500 20.2750 2.2000
v 75.4800 20.2750 2.2000
v 75.4800 20.2750 -1.2000
v 75.4800 20.2750 -1.2000
v 75.4800 20.2750 2.2000
v 75.4800 20.3150 2.2000
v 75.4800 20.3150 -1.2000
v 75.5500 20.3150 -1.2000
v 75.5500 20.3150 2.2000
v 75.5500 20.2750 2.2000
v 75.5500 20.2750 -1.2000
v 75.4900 19.7250 -1.0320
v 75.5300 19.7250 -1.0320
v 75.5300 20.2750 -1.0320
v 75.4900 20.2750 -1.0320
v 75.4900 20.2750 -1.0680
v 75.5300 20.2750 -1.0680
v 75.5300 19.7250 -1.0680
v 75.4900 19.7250 -1.0680
v 75.4900 20.2750 -1.0680
v 75.4900 20.2750 -1.0320
v 75.5300 20.2750 -1.0320
v 75.5300 20.2750 -1.0680
v 75.5300 19.7250 -1.0680
v 75.5300 19.7250 -1.0320
v 75.4900 19.7250 -1.0320
v 75.4900 19.7250 -1.0680
v 75.4900 19.7250 -1.0680
v 75.4900 19.7250 -1.0320
v 75.4900 20.2750 -1.0320
v 75.4900 20.2750 -1.0680
v 75.5300 20.2750 -1.0680
v 75.5300 20.2750 -1.0320
v 75.5300 19.7250 -1.0320
v 75.5300 19.7250 -1.0680
v 75.4900 19.7250 -0.7320
v 75.5300 19.7250 -0.7320
v 75.5300 20.2750 -0.7320
v 75.4900 20.2750 -0.7320
v 75.4900 20.2750 -0.7680
v 75.5300 20.2750 -0.7680
v 75.5300 19.7250 -0.7680
v 75.4900 19.7250 -0.7680
v 75.4900 20.2750 -0.7680
v 75.4900 20.2750 -0.7320
v 75.5300 20.2750 -0.7320
v 75.5300 20.2750 -0.7680
v 75.5300 19.7250 -0.7680
v 75.5300 19.7250 -0.7320
v 75.4900 19.7250 -0.7320
v 75.4900 19.7250 -0.7680
v 75.4900 19.7250 -0.7680
v 75.4900 19.7250 -0.7320
v 75.4900 20.2750 -0.7320
v 75.4900 20.2750 -0.7680
v 75.5300 20.2750 -0.7680
v 75.5300 20.2750 -0.7320
v 75.5300 19.7250 -0.7320
v 75.5300 19.7250 -0.7680
v 75.4900 19.7250 -0.4320
v 75.5300 19.7250 -0.4320
v 75.5300 20.2750 -0.4320
v 75.4900 20.2750 -0.4320
v 75.4900 20.2750 -0.4680
v 75.5300 20.2750 -0.4680
v 75.5300 19.7250 -0.4680
v 75.4900 19.7250 -0.4680
v 75.4900 20.2750 -0.4680
v 75.4900 20.2750 -0.4320
v 75.5300 20.2750 -0.4320
v 75.5300 20.2750 -0.4680
v 75.5300 19.7250 -0.4680
v 75.5300 19.7250 -0.4320
v 75.4900 19.7250 -0.4320
v 75.4900 19.7250 -0.4680
v 75.4900 19.7250 -0.4680
v 75.4900 19.7250 -0.4320
v 75.4900 20.2750 -0.4320
v 75.4900 20.2750 -0.4680
v 75.5300 20.2750 -0.4680
v 75.5300 20.2750 -0.4320
v 75.5300 19.7250 -0.4320
v 75.5300 19.7250 -0.4680
v 75.4900 19.7250 -0.1320
v 75.5300 19.7250 -0.1320
v 75.5300 20.2750 -0.1320
v 75.4900 20.2750 -0.1320
v 75.4900 20.2750 -0.1680
v 75.5300 20.2750 -0.1680
v 75.5300 19.7250 -0.1680
v 75.4900 19.7250 -0.1680
v 75.4900 20.2750 -0.1680
v 75.4900 20.2750 -0.1320
v 75.5300 20.2750 -0.1320
v 75.5300 20.2750 -0.1680
v 75.5300 19.7250 -0.1680
v 75.5300 19.7250 -0.1320
v 75.4900 19.7250 -0.1320
v 75.4900 19.7250 -0.1680
v 75.4900 19.7250 -0.1680
v 75.4900 19.7250 -0.1320
v 75.4900 20.2750 -0.1320
v 75.4900 20.2750 -0.1680
v 75.5300 20.2750 -0.1680
v 75.5300 20.2750 -0.1320
v 75.5300 19.7250 -0.1320
v 75.5300 19.7250 -0.1680
v 75.4900 19.7250 0.1680
v 75.5300 19.7250 0.1680
v 75.5300 20.2750 0.1680
v 75.4900 20.2750 0.1680
v 75.4900 20.2750 0.1320
v 75.5300 20.2750 0.1320
v 75.5300 19.7250 0.1320
v 75.4900 19.7250 0.1320
v 75.4900 20.2750 0.1320
v 75.4900 20.2750 0.1680
v 75.5300 20.2750 0.1680
v 75.5300 20.2750 0.1320
v 75.5300 19.7250 0.1320
v 75.5300 19.7250 0.1680
v 75.4900 19.7250 0.1680
v 75.4900 19.7250 0.1320
v 75.4900 19.7250 0.1320
v 75.4900 19.7250 0.1680
v 75.4900 20.2750 0.1680
v 75.4900 20.2750 0.1320
v 75.5300 20.2750 0.1320
v 75.5300 20.2750 0.1680
v 75.5300 19.7250 0.1680
v 75.5300 19.7250 0.1320
v 75.4900 19.7250 0.4680
v 75.5300 19.7250 0.4680
v 75.5300 20.2750 0.4680
v 75.4900 20.2750 0.4680
v 75.4900 20.2750 0.4320
v 75.5300 20.2750 0.4320
v 75.5300 19.7250 0.4320
v 75.4900 19.7250 0.4320
v 75.4900 20.2750 0.4320
v 75.4900 20.2750 0.4680
v 75.5300 20.2750 0.4680
v 75.5300 20.2750 0.4320
v 75.5300 19.7250 0.4320
v 75.5300 19.7250 0.4680
v 75.4900 19.7250 0.4680
v 75.4900 19.7250 0.4320
v 75.4900 19.7250 0.4320
v 75.4900 19.7250 0.4680
v 75.4900 20.2750 0.4680
v 75.4900 20.2750 0.4320
v 75.5300 20.2750 0.4320
v 75.5300 20.2750 0.4680
v 75.5300 19.7250 0.4680
v 75.5300 19.7250 0.4320
v 75.4900 19.7250 0.7680
v 75.5300 19.7250 0.7680
v 75.5300 20.2750 0.7680
v 75.4900 20.2750 0.7680
v 75.4900 20.2750 0.7320
v 75.5300 20.2750 0.7320
v 75.5300 19.7250 0.7320
v 75.4900 19.7250 0.7320
v 75.4900 20.2750 0.7320
v 75.4900 20.2750 0.7680
v 75.5300 20.2750 0.7680
v 75.5300 20.2750 0.7320
v 75.5300 19.7250 0.7320
v 75.5300 19.7250 0.7680
v 75.4900 19.7250 0.7680
v 75.4900 19.7250 0.7320
v 75.4900 19.7250 0.7320
v 75.4900 19.7250 0.7680
v 75.4900 20.2750 0.7680
v 75.4900 20.2750 0.7320
v 75.5300 20.2750 0.7320
v 75.5300 20.2750 0.7680
v 75.5300 19.7250 0.7680
v 75.5300 19.7250 0.7320
v 75.4900 19.7250 1.0680
v 75.5300 19.7250 1.0680
v 75.5300 20.2750 1.0680
v 75.4900 20.2750 1.0680
v 75.4900 20.2750 1.0320
v 75.5300 20.2750 1.0320
v 75.5300 19.7250 1.0320
v 75.4900 19.7250 1.0320
v 75.4900 20.2750 1.0320
v 75.4900 20.2750 1.0680
v 75.5300 20.2750 1.0680
v 75.5300 20.2750 1.0320
v 75.5300 19.7250 1.0320
v 75.5300 19.7250 1.0680
v 75.4900 19.7250 1.0680
v 75.4900 19.7250 1.0320
v 75.4900 19.7250 1.0320
v 75.4900 19.7250 1.0680
v 75.4900 20.2750 1.0680
v 75.4900 20.2750 1.0320
v 75.5300 20.2750 1.0320
v 75.5300 20.2750 1.0680
v 75.5300 19.7250 1.0680
v 75.5300 19.7250 1.0320
v 75.4900 19.7250 1.3680
v 75.5300 19.7250 1.3680
v 75.5300 20.2750 1.3680
v 75.4900 20.2750 1.3680
v 75.4900 20.2750 1.3320
v 75.5300 20.2750 1.3320
v 75.5300 19.7250 1.3320
v 75.4900 19.7250 1.3320
v 75.4900 20.2750 1.3320
v 75.4900 20.2750 1.3680
v 75.5300 20.2750 1.3680
v 75.5300 20.2750 1.3320
v 75.5300 19.7250 1.3320
v 75.5300 19.7250 1.3680
v 75.4900 19.7250 1.3680
v 75.4900 19.7250 1.3320
v 75.4900 19.7250 1.3320
v 75.4900 19.7250 1.3680
v 75.4900 20.2750 1.3680
v 75.4900 20.2750 1.3320
v 75.5300 20.2750 1.3320
v 75.5300 20.2750 1.3680
v 75.5300 19.7250 1.3680
v 75.5300 19.7250 1.3320
v 75.4900 19.7250 1.6680
v 75.5300 19.7250 1.6680
v 75.5300 20.2750 1.6680
v 75.4900 20.2750 1.6680
v 75.4900 20.2750 1.6320
v 75.5300 20.2750 1.6320
v 75.5300 19.7250 1.6320
v 75.4900 19.7250 1.6320
v 75.4900 20.2750 1.6320
v 75.4900 20.2750 1.6680
v 75.5300 20.2750 1.6680
v 75.5300 20.2750 1.6320
v 75.5300 19.7250 1.6320
v 75.5300 19.7250 1.6680
v 75.4900 19.7250 1.6680
v 75.4900 19.7250 1.6320
v 75.4900 19.7250 1.6320
v 75.4900 19.7250 1.6680
v 75.4900 20.2750 1.6680
v 75.4900 20.2750 1.6320
v 75.5300 20.2750 1.6320
v 75.5300 20.2750 1.6680
v 75.5300 19.7250 1.6680
v 75.5300 19.7250 1.6320

vt 0.0000 0.0000
vt 37.7500 0.0000
vt 37.7500 0.3500
vt 0.0000 0.3500
vt 0.0000 0.0000
vt 0.3500 0.0000
vt 0.3500 0.3500
vt 0.0000 0.3500
vt 0.0000 0.0000
vt 0.3500 0.0000
vt 0.3500 20.0000
vt 0.0000 20.0000
vt 0.0000 0.0000
vt 0.0000 0.2000
vt 37.9250 0.2000
vt 37.9250 0.0000
vt 0.0000 0.0000
vt 0.0000 0.2000
vt 20.1750 0.2000
vt 20.1750 0.0000
vt 0.0000 0.0000
vt 18.9625 0.0000
vt 18.9625 1.0375
vt 0.0000 1.0375
vt 0.0000 0.0000
vt 1.0375 0.0000
vt 1.0375 10.0875
vt 0.0000 10.0875
vt 0.0000 0.0000
vt 1.0375 0.0000
vt 1.0375 1.0375
vt 0.0000 1.0375
vt 0.0000 0.0000
vt 0.0000 0.9333
vt 15.1000 0.9333
vt 15.1000 0.0000
vt 0.0000 0.0000
vt 0.0000 1.0000
vt 18.8750 1.0000
vt 18.8750 0.0000
vt 0.0000 0.0000
vt 0.0000 3.6750
vt 12.5833 3.6750
vt 12.5833 0.0000
vt 0.0000 0.0000
vt 8.0000 0.0000
vt 8.0000 0.9333
vt 0.0000 0.9333
vt 0.0000 0.0000
vt 10.0000 0.0000
vt 10.0000 1.0000
vt 0.0000 1.0000
vt 0.0000 0.0000
vt 6.6667 0.0000
vt 6.6667 3.6750
vt 0.0000 3.6750
vt 0.0000 0.0000
vt 0.0000 4.5000
vt 13.3333 4.5000
vt 13.3333 0.0000
vt 0.0000 0.0000
vt 7.4167 0.0000
vt 7.4167 4.5000
vt 0.0000 4.5000
vt 0.0000 0.0000
vt 0.0000 4.5000
vt 1.1250 4.5000
vt 1.1250 0.0000
vt 0.0000 0.0000
vt 0.0000 4.5000
vt 1.1250 4.5000
vt 1.1250 0.0000
vt 0.0000 0.0000
vt 0.0000 18.8750
vt 18.8750 1.1250
vt 1.1250 0.0000
vt 0.0000 0.0000
vt 0.0000 11.1250
vt 11.1250 1.1250
vt 1.1250 0.0000
vt 0.0000 0.0000
vt 0.0000 1.0000
vt 0.1250 1.0000
vt 0.1250 0.0000
vt 0.1250 0.0000
vt 0.1250 1.0000
vt 0.2500 1.0000
vt 0.2500 0.0000
vt 0.2500 0.0000
vt 0.2500 1.0000
vt 0.3750 1.0000
vt 0.3750 0.0000
vt 0.3750 0.0000
vt 0.3750 1.0000
vt 0.5000 1.0000
vt 0.5000 0.0000
vt 0.5000 0.0000
vt 0.5000 1.0000
vt 0.6250 1.0000
vt 0.6250 0.0000
vt 0.6250 0.0000
vt 0.6250 1.0000
vt 0.7500 1.0000
vt 0.7500 0.0000
vt 0.7500 0.0000
vt 0.7500 1.0000
vt 0.8750 1.0000
vt 0.8750 0.0000
vt 0.8750 0.0000
vt 0.8750 1.0000
vt 1.0000 1.0000
vt 1.0000 0.0000
vt 0.5000 0.5000
vt 1.0000 1.0000
vt 0.5000 1.0000
vt 0.5000 0.5000
vt 0.5000 1.0000
vt 1.0000 1.0000
vt 0.5000 0.5000
vt 1.0000 1.0000
vt 0.5000 1.0000
vt 0.5000 0.5000
vt 0.5000 1.0000
vt 1.0000 1.0000
vt 0.5000 0.5000
vt 1.0000 1.0000
vt 0.5000 1.0000
vt 0.5000 0.5000
vt 0.5000 1.0000
vt 1.0000 1.0000
vt 0.5000 0.5000
vt 1.0000 1.0000
vt 0.5000 1.0000
vt 0.5000 0.5000
vt 0.5000 1.0000
vt 1.0000 1.0000
vt 0.5000 0.5000
vt 1.0000 1.0000
vt 0.5000 1.0000
vt 0.5000 0.5000
vt 0.5000 1.0000
vt 1.0000 1.0000
vt 0.5000 0.5000
vt 1.0000 1.0000
vt 0.5000 1.0000
vt 0.5000 0.5000
vt 0.5000 1.0000
vt 1.0000 1.0000
vt 0.5000 0.5000
vt 1.0000 1.0000
vt 0.5000 1.0000
vt 0.5000 0.5000
vt 0.5000 1.0000
vt 1.0000 1.0000
vt 0.5000 0.5000
vt 1.0000 1.0000
vt 0.5000 1.0000
vt 0.5000 0.5000
vt 0.5000 1.0000
vt 1.0000 1.0000
vt 0.0000 0.0000
vt 0.0000 1.0000
vt 0.1250 1.0000
vt 0.1250 0.0000
vt 0.1250 0.0000
vt 0.1250 1.0000
vt 0.2500 1.0000
vt 0.2500 0.0000
vt 0.2500 0.0000
vt 0.2500 1.0000
vt 0.3750 1.0000
vt 0.3750 0.0000
vt 0.3750 0.0000
vt 0.3750 1.0000
vt 0.5000 1.0000
vt 0.5000 0.0000
vt 0.5000 0.0000
vt 0.5000 1.0000
vt 0.6250 1.0000
vt 0.6250 0.0000
vt 0.6250 0.0000
vt 0.6250 1.0000
vt 0.7500 1.0000
vt 0.7500 0.0000
vt 0.7500 0.0000
vt 0.7500 1.0000
vt 0.8750 1.0000
vt 0.8750 0.0000
vt 0.8750 0.0000
vt 0.8750 1.0000
vt 1.0000 1.0000
vt 1.0000 0.0000
vt 0.5000 0.5000
vt 1.0000 1.0000
vt 0.5000 1.0000
vt 0.5000 0.5000
vt 0.5000 1.0000
vt 1.0000 1.0000
vt 0.5000 0.5000
vt 1.0000 1.0000
vt 0.5000 1.0000
vt 0.5000 0.5000
vt 0.5000 1.0000
vt 1.0000 1.0000
vt 0.5000 0.5000
vt 1.0000 1.0000
vt 0.5000 1.0000
vt 0.5000 0.5000
vt 0.5000 1.0000
vt 1.0000 1.0000
vt 0.5000 0.5000
vt 1.0000 1.0000
vt 0.5000 1.0000
vt 0.5000 0.5000
vt 0.5000 1.0000
vt 1.0000 1.0000
vt 0.5000 0.5000
vt 1.0000 1.0000
vt 0.5000 1.0000
vt 0.5000 0.5000
vt 0.5000 1.0000
vt 1.0000 1.0000
vt 0.5000 0.5000
vt 1.0000 1.0000
vt 0.5000 1.0000
vt 0.5000 0.5000
vt 0.5000 1.0000
vt 1.0000 1.0000
vt 0.5000 0.5000
vt 1.0000 1.0000
vt 0.5000 1.0000
vt 0.5000 0.5000
vt 0.5000 1.0000
vt 1.0000 1.0000
vt 0.5000 0.5000
vt 1.0000 1.0000
vt 0.5000 1.0000
vt 0.5000 0.5000
vt 0.5000 1.0000
vt 1.0000 1.0000
vt 0.0000 0.0000
vt 0.0000 1.0000
vt 0.1250 1.0000
vt 0.1250 0.0000
vt 0.1250 0.0000
vt 0.1250 1.0000
vt 0.2500 1.0000
vt 0.2500 0.0000
vt 0.2500 0.0000
vt 0.2500 1.0000
vt 0.3750 1.0000
vt 0.3750 0.0000
vt 0.3750 0.0000
vt 0.3750 1.0000
vt 0.5000 1.0000
vt 0.5000 0.0000
vt 0.5000 0.0000
vt 0.5000 1.0000
vt 0.6250 1.0000
vt 0.6250 0.0000
vt 0.6250 0.0000
vt 0.6250 1.0000
vt 0.7500 1.0000
vt 0.7500 0.0000
vt 0.7500 0.0000
vt 0.7500 1.0000
vt 0.8750 1.0000
vt 0.8750 0.0000
vt 0.8750 0.0000
vt 0.8750 1.0000
vt 1.0000 1.0000
vt 1.0000 0.0000
vt 0.5000 0.5000
vt 1.0000 1.0000
vt 0.5000 1.0000
vt 0.5000 0.5000
vt 0.5000 1.0000
vt 1.0000 1.0000
vt 0.5000 0.5000
vt 1.0000 1.0000
vt 0.5000 1.0000
vt 0.5000 0.5000
vt 0.5000 1.0000
vt 1.0000 1.0000
vt 0.5000 0.5000
vt 1.0000 1.0000
vt 0.5000 1.0000
vt 0.5000 0.5000
vt 0.5000 1.0000
vt 1.0000 1.0000
vt 0.5000 0.5000
vt 1.0000 1.0000
vt 0.5000 1.0000
vt 0.5000 0.5000
vt 0.5000 1.0000
vt 1.0000 1.0000
vt 0.5000 0.5000
vt 1.0000 1.0000
vt 0.5000 1.0000
vt 0.5000 0.5000
vt 0.5000 1.0000
vt 1.0000 1.0000
vt 0.5000 0.5000
vt 1.0000 1.0000
vt 0.5000 1.0000
vt 0.5000 0.5000
vt 0.5000 1.0000
vt 1.0000 1.0000
vt 0.5000 0.5000
vt 1.0000 1.0000
vt 0.5000 1.0000
vt 0.5000 0.5000
vt 0.5000 1.0000
vt 1.0000 1.0000
vt 0.5000 0.5000
vt 1.0000 1.0000
vt 0.5000 1.0000
vt 0.5000 0.5000
vt 0.5000 1.0000
vt 1.0000 1.0000
vt 0.0000 0.0000
vt 0.0000 1.0000
vt 0.1250 1.0000
vt 0.1250 0.0000
vt 0.1250 0.0000
vt 0.1250 1.0000
vt 0.2500 1.0000
vt 0.2500 0.0000
vt 0.2500 0.0000
vt 0.2500 1.0000
vt 0.3750 1.0000
vt 0.3750 0.0000
vt 0.3750 0.0000
vt 0.3750 1.0000
vt 0.5000 1.0000
vt 0.5000 0.0000
vt 0.5000 0.0000
vt 0.5000 1.0000
vt 0.6250 1.0000
vt 0.6250 0.0000
vt 0.6250 0.0000
vt 0.6250 1.0000
vt 0.7500 1.0000
vt 0.7500 0.0000
vt 0.7500 0.0000
vt 0.7500 1.0000
vt 0.8750 1.0000
vt 0.8750 0.0000
vt 0.8750 0.0000
vt 0.8750 1.0000
vt 1.0000 1.0000
vt 1.0000 0.0000
vt 0.5000 0.5000
vt 1.0000 1.0000
vt 0.5000 1.0000
vt 0.5000 0.5000
vt 0.5000 1.0000
vt 1.0000 1.0000
vt 0.5000 0.5000
vt 1.0000 1.0000
vt 0.5000 1.0000
vt 0.5000 0.5000
vt 0.5000 1.0000
vt 1.0000 1.0000
vt 0.5000 0.5000
vt 1.0000 1.0000
vt 0.5000 1.0000
vt 0.5000 0.5000
vt 0.5000 1.0000
vt 1.0000 1.0000
vt 0.5000 0.5000
vt 1.0000 1.0000
vt 0.5000 1.0000
vt 0.5000 0.5000
vt 0.5000 1.0000
vt 1.0000 1.0000
vt 0.5000 0.5000
vt 1.0000 1.0000
vt 0.5000 1.0000
vt 0.5000 0.5000
vt 0.5000 1.0000
vt 1.0000 1.0000
vt 0.5000 0.5000
vt 1.0000 1.0000
vt 0.5000 1.0000
vt 0.5000 0.5000
vt 0.5000 1.0000
vt 1.0000 1.0000
vt 0.5000 0.5000
vt 1.0000 1.0000
vt 0.5000 1.0000
vt 0.5000 0.5000
vt 0.5000 1.0000
vt 1.0000 1.0000
vt 0.5000 0.5000
vt 1.0000 1.0000
vt 0.5000 1.0000
vt 0.5000 0.5000
vt 0.5000 1.0000
vt 1.0000 1.0000
vt 0.0000 0.0000
vt 0.0000 1.0000
vt 0.1250 1.0000
vt 0.1250 0.0000
vt 0.1250 0.0000
vt 0.1250 1.0000
vt 0.2500 1.0000
vt 0.2500 0.0000
vt 0.2500 0.0000
vt 0.2500 1.0000
vt 0.3750 1.0000
vt 0.3750 0.0000
vt 0.3750 0.0000
vt 0.3750 1.0000
vt 0.5000 1.0000
vt 0.5000 0.0000
vt 0.5000 0.0000
vt 0.5000 1.0000
vt 0.6250 1.0000
vt 0.6250 0.0000
vt 0.6250 0.0000
vt 0.6250 1.0000
vt 0.7500 1.0000
vt 0.7500 0.0000
vt 0.7500 0.0000
vt 0.7500 1.0000
vt 0.8750 1.0000
vt 0.8750 0.0000
vt 0.8750 0.0000
vt 0.8750 1.0000
vt 1.0000 1.0000
vt 1.0000 0.0000
vt 0.5000 0.5000
vt 1.0000 1.0000
vt 0.5000 1.0000
vt 0.5000 0.5000
vt 0.5000 1.0000
vt 1.0000 1.0000
vt 0.5000 0.5000
vt 1.0000 1.0000
vt 0.5000 1.0000
vt 0.5000 0.5000
vt 0.5000 1.0000
vt 1.0000 1.0000
vt 0.5000 0.5000
vt 1.0000 1.0000
vt 0.5000 1.0000
vt 0.5000 0.5000
vt 0.5000 1.0000
vt 1.0000 1.0000
vt 0.5000 0.5000
vt 1.0000 1.0000
vt 0.5000 1.0000
vt 0.5000 0.5000
vt 0.5000 1.0000
vt 1.0000 1.0000
vt 0.5000 0.5000
vt 1.0000 1.0000
vt 0.5000 1.0000
vt 0.5000 0.5000
vt 0.5000 1.0000
vt 1.0000 1.0000
vt 0.5000 0.5000
vt 1.0000 1.0000
vt 0.5000 1.0000
vt 0.5000 0.5000
vt 0.5000 1.0000
vt 1.0000 1.0000
vt 0.5000 0.5000
vt 1.0000 1.0000
vt 0.5000 1.0000
vt 0.5000 0.5000
vt 0.5000 1.0000
vt 1.0000 1.0000
vt 0.5000 0.5000
vt 1.0000 1.0000
vt 0.5000 1.0000
vt 0.5000 0.5000
vt 0.5000 1.0000
vt 1.0000 1.0000
vt 0.0000 0.0000
vt 0.0000 1.0000
vt 0.1250 1.0000
vt 0.1250 0.0000
vt 0.1250 0.0000
vt 0.1250 1.0000
vt 0.2500 1.0000
vt 0.2500 0.0000
vt 0.2500 0.0000
vt 0.2500 1.0000
vt 0.3750 1.0000
vt 0.3750 0.0000
vt 0.3750 0.0000
vt 0.3750 1.0000
vt 0.5000 1.0000
vt 0.5000 0.0000
vt 0.5000 0.0000
vt 0.5000 1.0000
vt 0.6250 1.0000
vt 0.6250 0.0000
vt 0.6250 0.0000
vt 0.6250 1.0000
vt 0.7500 1.0000
vt 0.7500 0.0000
vt 0.7500 0.0000
vt 0.7500 1.0000
vt 0.8750 1.0000
vt 0.8750 0.0000
vt 0.8750 0.0000
vt 0.8750 1.0000
vt 1.0000 1.0000
vt 1.0000 0.0000
vt 0.5000 0.5000
vt 1.0000 1.0000
vt 0.5000 1.0000
vt 0.5000 0.5000
vt 0.5000 1.0000
vt 1.0000 1.0000
vt 0.5000 0.5000
vt 1.0000 1.0000
vt 0.5000 1.0000
vt 0.5000 0.5000
vt 0.5000 1.0000
vt 1.0000 1.0000
vt 0.5000 0.5000
vt 1.0000 1.0000
vt 0.5000 1.0000
vt 0.5000 0.5000
vt 0.5000 1.0000
vt 1.0000 1.0000
vt 0.5000 0.5000
vt 1.0000 1.0000
vt 0.5000 1.0000
vt 0.5000 0.5000
vt 0.5000 1.0000
vt 1.0000 1.0000
vt 0.5000 0.5000
vt 1.0000 1.0000
vt 0.5000 1.0000
vt 0.5000 0.5000
vt 0.5000 1.0000
vt 1.0000 1.0000
vt 0.5000 0.5000
vt 1.0000 1.0000
vt 0.5000 1.0000
vt 0.5000 0.5000
vt 0.5000 1.0000
vt 1.0000 1.0000
vt 0.5000 0.5000
vt 1.0000 1.0000
vt 0.5000 1.0000
vt 0.5000 0.5000
vt 0.5000 1.0000
vt 1.0000 1.0000
vt 0.5000 0.5000
vt 1.0000 1.0000
vt 0.5000 1.0000
vt 0.5000 0.5000
vt 0.5000 1.0000
vt 1.0000 1.0000
vt 0.0000 0.0000
vt 0.0000 1.0000
vt 0.1250 1.0000
vt 0.1250 0.0000
vt 0.1250 0.0000
vt 0.1250 1.0000
vt 0.2500 1.0000
vt 0.2500 0.0000
vt 0.2500 0.0000
vt 0.2500 1.0000
vt 0.3750 1.0000
vt 0.3750 0.0000
vt 0.3750 0.0000
vt 0.3750 1.0000
vt 0.5000 1.0000
vt 0.5000 0.0000
vt 0.5000 0.0000
vt 0.5000 1.0000
vt 0.6250 1.0000
vt 0.6250 0.0000
vt 0.6250 0.0000
vt 0.6250 1.0000
vt 0.7500 1.0000
vt 0.7500 0.0000
vt 0.7500 0.0000
vt 0.7500 1.0000
vt 0.8750 1.0000
vt 0.8750 0.0000
vt 0.8750 0.0000
vt 0.8750 1.0000
vt 1.0000 1.0000
vt 1.0000 0.0000
vt 0.5000 0.5000
vt 1.0000 1.0000
vt 0.5000 1.0000
vt 0.5000 0.5000
vt 0.5000 1.0000
vt 1.0000 1.0000
vt 0.5000 0.5000
vt 1.0000 1.0000
vt 0.5000 1.0000
vt 0.5000 0.5000
vt 0.5000 1.0000
vt 1.0000 1.0000
vt 0.5000 0.5000
vt 1.0000 1.0000
vt 0.5000 1.0000
vt 0.5000 0.5000
vt 0.5000 1.0000
vt 1.0000 1.0000
vt 0.5000 0.5000
vt 1.0000 1.0000
vt 0.5000 1.0000
vt 0.5000 0.5000
vt 0.5000 1.0000
vt 1.0000 1.0000
vt 0.5000 0.5000
vt 1.0000 1.0000
vt 0.5000 1.0000
vt 0.5000 0.5000
vt 0.5000 1.0000
vt 1.0000 1.0000
vt 0.5000 0.5000
vt 1.0000 1.0000
vt 0.5000 1.0000
vt 0.5000 0.5000
vt 0.5000 1.0000
vt 1.0000 1.0000
vt 0.5000 0.5000
vt 1.0000 1.0000
vt 0.5000 1.0000
vt 0.5000 0.5000
vt 0.5000 1.0000
vt 1.0000 1.0000
vt 0.5000 0.5000
vt 1.0000 1.0000
vt 0.5000 1.0000
vt 0.5000 0.5000
vt 0.5000 1.0000
vt 1.0000 1.0000
vt 0.0000 0.0000
vt 0.0000 1.0000
vt 0.1250 1.0000
vt 0.1250 0.0000
vt 0.1250 0.0000
vt 0.1250 1.0000
vt 0.2500 1.0000
vt 0.2500 0.0000
vt 0.2500 0.0000
vt 0.2500 1.0000
vt 0.3750 1.0000
vt 0.3750 0.0000
vt 0.3750 0.0000
vt 0.3750 1.0000
vt 0.5000 1.0000
vt 0.5000 0.0000
vt 0.5000 0.0000
vt 0.5000 1.0000
vt 0.6250 1.0000
vt 0.6250 0.0000
vt 0.6250 0.0000
vt 0.6250 1.0000
vt 0.7500 1.0000
vt 0.7500 0.0000
vt 0.7500 0.0000
vt 0.7500 1.0000
vt 0.8750 1.0000
vt 0.8750 0.0000
vt 0.8750 0.0000
vt 0.8750 1.0000
vt 1.0000 1.0000
vt 1.0000 0.0000
vt 0.5000 0.5000
vt 1.0000 1.0000
vt 0.5000 1.0000
vt 0.5000 0.5000
vt 0.5000 1.0000
vt 1.0000 1.0000
vt 0.5000 0.5000
vt 1.0000 1.0000
vt 0.5000 1.0000
vt 0.5000 0.5000
vt 0.5000 1.0000
vt 1.0000 1.0000
vt 0.5000 0.5000
vt 1.0000 1.0000
vt 0.5000 1.0000
vt 0.5000 0.5000
vt 0.5000 1.0000
vt 1.0000 1.0000
vt 0.5000 0.5000
vt 1.0000 1.0000
vt 0.5000 1.0000
vt 0.5000 0.5000
vt 0.5000 1.0000
vt 1.0000 1.0000
vt 0.5000 0.5000
vt 1.0000 1.0000
vt 0.5000 1.0000
vt 0.5000 0.5000
vt 0.5000 1.0000
vt 1.0000 1.0000
vt 0.5000 0.5000
vt 1.0000 1.0000
vt 0.5000 1.0000
vt 0.5000 0.5000
vt 0.5000 1.0000
vt 1.0000 1.0000
vt 0.5000 0.5000
vt 1.0000 1.0000
vt 0.5000 1.0000
vt 0.5000 0.5000
vt 0.5000 1.0000
vt 1.0000 1.0000
vt 0.5000 0.5000
vt 1.0000 1.0000
vt 0.5000 1.0000
vt 0.5000 0.5000
vt 0.5000 1.0000
vt 1.0000 1.0000
vt 0.0000 0.0000
vt 0.0000 1.0000
vt 0.1250 1.0000
vt 0.1250 0.0000
vt 0.1250 0.0000
vt 0.1250 1.0000
vt 0.2500 1.0000
vt 0.2500 0.0000
vt 0.2500 0.0000
vt 0.2500 1.0000
vt 0.3750 1.0000
vt 0.3750 0.0000
vt 0.3750 0.0000
vt 0.3750 1.0000
vt 0.5000 1.0000
vt 0.5000 0.0000
vt 0.5000 0.0000
vt 0.5000 1.0000
vt 0.6250 1.0000
vt 0.6250 0.0000
vt 0.6250 0.0000
vt 0.6250 1.0000
vt 0.7500 1.0000
vt 0.7500 0.0000
vt 0.7500 0.0000
vt 0.7500 1.0000
vt 0.8750 1.0000
vt 0.8750 0.0000
vt 0.8750 0.0000
vt 0.8750 1.0000
vt 1.0000 1.0000
vt 1.0000 0.0000
vt 0.5000 0.5000
vt 1.0000 1.0000
vt 0.5000 1.0000
vt 0.5000 0.5000
vt 0.5000 1.0000
vt 1.0000 1.0000
vt 0.5000 0.5000
vt 1.0000 1.0000
vt 0.5000 1.0000
vt 0.5000 0.5000
vt 0.5000 1.0000
vt 1.0000 1.0000
vt 0.5000 0.5000
vt 1.0000 1.0000
vt 0.5000 1.0000
vt 0.5000 0.5000
vt 0.5000 1.0000
vt 1.0000 1.0000
vt 0.5000 0.5000
vt 1.0000 1.0000
vt 0.5000 1.0000
vt 0.5000 0.5000
vt 0.5000 1.0000
vt 1.0000 1.0000
vt 0.5000 0.5000
vt 1.0000 1.0000
vt 0.5000 1.0000
vt 0.5000 0.5000
vt 0.5000 1.0000
vt 1.0000 1.0000
vt 0.5000 0.5000
vt 1.0000 1.0000
vt 0.5000 1.0000
vt 0.5000 0.5000
vt 0.5000 1.0000
vt 1.0000 1.0000
vt 0.5000 0.5000
vt 1.0000 1.0000
vt 0.5000 1.0000
vt 0.5000 0.5000
vt 0.5000 1.0000
vt 1.0000 1.0000
vt 0.5000 0.5000
vt 1.0000 1.0000
vt 0.5000 1.0000
vt 0.5000 0.5000
vt 0.5000 1.0000
vt 1.0000 1.0000
vt 0.0000 0.0000
vt 0.0833 0.0000
vt 0.0833 1.0000
vt 0.0000 1.0000
vt 0.0833 0.0000
vt 0.1667 0.0000
vt 0.1667 1.0000
vt 0.0833 1.0000
vt 0.1667 0.0000
vt 0.2500 0.0000
vt 0.2500 1.0000
vt 0.1667 1.0000
vt 0.2500 0.0000
vt 0.3333 0.0000
vt 0.3333 1.0000
vt 0.2500 1.0000
vt 0.3333 0.0000
vt 0.4167 0.0000
vt 0.4167 1.0000
vt 0.3333 1.0000
vt 0.4167 0.0000
vt 0.5000 0.0000
vt 0.5000 1.0000
vt 0.4167 1.0000
vt 0.5000 0.0000
vt 0.5833 0.0000
vt 0.5833 1.0000
vt 0.5000 1.0000
vt 0.5833 0.0000
vt 0.6667 0.0000
vt 0.6667 1.0000
vt 0.5833 1.0000
vt 0.6667 0.0000
vt 0.7500 0.0000
vt 0.7500 1.0000
vt 0.6667 1.0000
vt 0.7500 0.0000
vt 0.8333 0.0000
vt 0.8333 1.0000
vt 0.7500 1.0000
vt 0.8333 0.0000
vt 0.9167 0.0000
vt 0.9167 1.0000
vt 0.8333 1.0000
vt 0.9167 0.0000
vt 0.9167 1.0000
vt 1.0000 1.0000
vt 1.0000 0.0000
vt 0.5000 0.5000
vt 1.0000 0.5000
vt 0.9330 0.7500
vt 0.5000 0.5000
vt 0.9330 0.7500
vt 1.0000 0.5000
vt 0.5000 0.5000
vt 0.9330 0.7500
vt 0.7500 0.9330
vt 0.5000 0.5000
vt 0.7500 0.9330
vt 0.9330 0.7500
vt 0.5000 0.5000
vt 0.7500 0.9330
vt 0.5000 1.0000
vt 0.5000 0.5000
vt 0.5000 1.0000
vt 0.7500 0.9330
vt 0.5000 0.5000
vt 0.5000 1.0000
vt 0.2500 0.9330
vt 0.5000 0.5000
vt 0.2500 0.9330
vt 0.5000 1.0000
vt 0.5000 0.5000
vt 0.2500 0.9330
vt 0.0670 0.7500
vt 0.5000 0.5000
vt 0.0670 0.7500
vt 0.2500 0.9330
vt 0.5000 0.5000
vt 0.0670 0.7500
vt 0.0000 0.5000
vt 0.5000 0.5000
vt 0.0000 0.5000
vt 0.0670 0.7500
vt 0.5000 0.5000
vt 0.0000 0.5000
vt 0.0670 0.2500
vt 0.5000 0.5000
vt 0.0670 0.2500
vt 0.0000 0.5000
vt 0.5000 0.5000
vt 0.0670 0.2500
vt 0.2500 0.0670
vt 0.5000 0.5000
vt 0.2500 0.0670
vt 0.0670 0.2500
vt 0.5000 0.5000
vt 0.2500 0.0670
vt 0.5000 0.0000
vt 0.5000 0.5000
vt 0.5000 0.0000
vt 0.2500 0.0670
vt 0.5000 0.5000
vt 0.5000 0.0000
vt 0.7500 0.0670
vt 0.5000 0.5000
vt 0.7500 0.0670
vt 0.5000 0.0000
vt 0.5000 0.5000
vt 0.7500 0.0670
vt 0.9330 0.2500
vt 0.5000 0.5000
vt 0.9330 0.2500
vt 0.7500 0.0670
vt 0.5000 0.5000
vt 0.9330 0.2500
vt 1.0000 0.5000
vt 0.5000 0.5000
vt 1.0000 0.5000
vt 0.9330 0.2500
vt 0.0000 0.0000
vt 0.0833 0.0000
vt 0.0833 1.0000
vt 0.0000 1.0000
vt 0.0833 0.0000
vt 0.1667 0.0000
vt 0.1667 1.0000
vt 0.0833 1.0000
vt 0.1667 0.0000
vt 0.2500 0.0000
vt 0.2500 1.0000
vt 0.1667 1.0000
vt 0.2500 0.0000
vt 0.3333 0.0000
vt 0.3333 1.0000
vt 0.2500 1.0000
vt 0.3333 0.0000
vt 0.4167 0.0000
vt 0.4167 1.0000
vt 0.3333 1.0000
vt 0.4167 0.0000
vt 0.5000 0.0000
vt 0.5000 1.0000
vt 0.4167 1.0000
vt 0.5000 0.0000
vt 0.5833 0.0000
vt 0.5833 1.0000
vt 0.5000 1.0000
vt 0.5833 0.0000
vt 0.6667 0.0000
vt 0.6667 1.0000
vt 0.5833 1.0000
vt 0.6667 0.0000
vt 0.7500 0.0000
vt 0.7500 1.0000
vt 0.6667 1.0000
vt 0.7500 0.0000
vt 0.8333 0.0000
vt 0.8333 1.0000
vt 0.7500 1.0000
vt 0.8333 0.0000
vt 0.9167 0.0000
vt 0.9167 1.0000
vt 0.8333 1.0000
vt 0.9167 0.0000
vt 0.9167 1.0000
vt 1.0000 1.0000
vt 1.0000 0.0000
vt 0.0000 0.0000
vt 0.0833 0.0000
vt 0.0833 1.0000
vt 0.0000 1.0000
vt 0.0833 0.0000
vt 0.1667 0.0000
vt 0.1667 1.0000
vt 0.0833 1.0000
vt 0.1667 0.0000
vt 0.2500 0.0000
vt 0.2500 1.0000
vt 0.1667 1.0000
vt 0.2500 0.0000
vt 0.3333 0.0000
vt 0.3333 1.0000
vt 0.2500 1.0000
vt 0.3333 0.0000
vt 0.4167 0.0000
vt 0.4167 1.0000
vt 0.3333 1.0000
vt 0.4167 0.0000
vt 0.5000 0.0000
vt 0.5000 1.0000
vt 0.4167 1.0000
vt 0.5000 0.0000
vt 0.5833 0.0000
vt 0.5833 1.0000
vt 0.5000 1.0000
vt 0.5833 0.0000
vt 0.6667 0.0000
vt 0.6667 1.0000
vt 0.5833 1.0000
vt 0.6667 0.0000
vt 0.7500 0.0000
vt 0.7500 1.0000
vt 0.6667 1.0000
vt 0.7500 0.0000
vt 0.8333 0.0000
vt 0.8333 1.0000
vt 0.7500 1.0000
vt 0.8333 0.0000
vt 0.9167 0.0000
vt 0.9167 1.0000
vt 0.8333 1.0000
vt 0.9167 0.0000
vt 0.9167 1.0000
vt 1.0000 1.0000
vt 1.0000 0.0000
vt 0.5000 0.5000
vt 1.0000 0.5000
vt 0.9330 0.7500
vt 0.5000 0.5000
vt 0.9330 0.7500
vt 1.0000 0.5000
vt 0.5000 0.5000
vt 0.9330 0.7500
vt 0.7500 0.9330
vt 0.5000 0.5000
vt 0.7500 0.9330
vt 0.9330 0.7500
vt 0.5000 0.5000
vt 0.7500 0.9330
vt 0.5000 1.0000
vt 0.5000 0.5000
vt 0.5000 1.0000
vt 0.7500 0.9330
vt 0.5000 0.5000
vt 0.5000 1.0000
vt 0.2500 0.9330
vt 0.5000 0.5000
vt 0.2500 0.9330
vt 0.5000 1.0000
vt 0.5000 0.5000
vt 0.2500 0.9330
vt 0.0670 0.7500
vt 0.5000 0.5000
vt 0.0670 0.7500
vt 0.2500 0.9330
vt 0.5000 0.5000
vt 0.0670 0.7500
vt 0.0000 0.5000
vt 0.5000 0.5000
vt 0.0000 0.5000
vt 0.0670 0.7500
vt 0.5000 0.5000
vt 0.0000 0.5000
vt 0.0670 0.2500
vt 0.5000 0.5000
vt 0.0670 0.2500
vt 0.0000 0.5000
vt 0.5000 0.5000
vt 0.0670 0.2500
vt 0.2500 0.0670
vt 0.5000 0.5000
vt 0.2500 0.0670
vt 0.0670 0.2500
vt 0.5000 0.5000
vt 0.2500 0.0670
vt 0.5000 0.0000
vt 0.5000 0.5000
vt 0.5000 0.0000
vt 0.2500 0.0670
vt 0.5000 0.5000
vt 0.5000 0.0000
vt 0.7500 0.0670
vt 0.5000 0.5000
vt 0.7500 0.0670
vt 0.5000 0.0000
vt 0.5000 0.5000
vt 0.7500 0.0670
vt 0.9330 0.2500
vt 0.5000 0.5000
vt 0.9330 0.2500
vt 0.7500 0.0670
vt 0.5000 0.5000
vt 0.9330 0.2500
vt 1.0000 0.5000
vt 0.5000 0.5000
vt 1.0000 0.5000
vt 0.9330 0.2500
vt 0.0000 0.0000
vt 0.7600 0.0000
vt 0.7600 0.1600
vt 0.0000 0.1600
vt 0.0000 0.0000
vt 0.7600 0.0000
vt 0.7600 0.1600
vt 0.0000 0.1600
vt 0.0000 0.0000
vt 0.0000 0.0800
vt 0.7600 0.0800
vt 0.7600 0.0000
vt 0.0000 0.0000
vt 0.0000 0.0800
vt 0.7600 0.0800
vt 0.7600 0.0000
vt 0.0000 0.0000
vt 0.0000 0.0800
vt 0.1600 0.0800
vt 0.1600 0.0000
vt 0.0000 0.0000
vt 0.0000 0.0800
vt 0.1600 0.0800
vt 0.1600 0.0000
vt 0.0000 0.0000
vt 0.0833 0.0000
vt 0.0833 1.0000
vt 0.0000 1.0000
vt 0.0833 0.0000
vt 0.1667 0.0000
vt 0.1667 1.0000
vt 0.0833 1.0000
vt 0.1667 0.0000
vt 0.2500 0.0000
vt 0.2500 1.0000
vt 0.1667 1.0000
vt 0.2500 0.0000
vt 0.3333 0.0000
vt 0.3333 1.0000
vt 0.2500 1.0000
vt 0.3333 0.0000
vt 0.4167 0.0000
vt 0.4167 1.0000
vt 0.3333 1.0000
vt 0.4167 0.0000
vt 0.5000 0.0000
vt 0.5000 1.0000
vt 0.4167 1.0000
vt 0.5000 0.0000
vt 0.5833 0.0000
vt 0.5833 1.0000
vt 0.5000 1.0000
vt 0.5833 0.0000
vt 0.6667 0.0000
vt 0.6667 1.0000
vt 0.5833 1.0000
vt 0.6667 0.0000
vt 0.7500 0.0000
vt 0.7500 1.0000
vt 0.6667 1.0000
vt 0.7500 0.0000
vt 0.8333 0.0000
vt 0.8333 1.0000
vt 0.7500 1.0000
vt 0.8333 0.0000
vt 0.9167 0.0000
vt 0.9167 1.0000
vt 0.8333 1.0000
vt 0.9167 0.0000
vt 0.9167 1.0000
vt 1.0000 1.0000
vt 1.0000 0.0000
vt 0.5000 0.5000
vt 1.0000 0.5000
vt 0.9330 0.7500
vt 0.5000 0.5000
vt 0.9330 0.7500
vt 1.0000 0.5000
vt 0.5000 0.5000
vt 0.9330 0.7500
vt 0.7500 0.9330
vt 0.5000 0.5000
vt 0.7500 0.9330
vt 0.9330 0.7500
vt 0.5000 0.5000
vt 0.7500 0.9330
vt 0.5000 1.0000
vt 0.5000 0.5000
vt 0.5000 1.0000
vt 0.7500 0.9330
vt 0.5000 0.5000
vt 0.5000 1.0000
vt 0.2500 0.9330
vt 0.5000 0.5000
vt 0.2500 0.9330
vt 0.5000 1.0000
vt 0.5000 0.5000
vt 0.2500 0.9330
vt 0.0670 0.7500
vt 0.5000 0.5000
vt 0.0670 0.7500
vt 0.2500 0.9330
vt 0.5000 0.5000
vt 0.0670 0.7500
vt 0.0000 0.5000
vt 0.5000 0.5000
vt 0.0000 0.5000
vt 0.0670 0.7500
vt 0.5000 0.5000
vt 0.0000 0.5000
vt 0.0670 0.2500
vt 0.5000 0.5000
vt 0.0670 0.2500
vt 0.0000 0.5000
vt 0.5000 0.5000
vt 0.0670 0.2500
vt 0.2500 0.0670
vt 0.5000 0.5000
vt 0.2500 0.0670
vt 0.0670 0.2500
vt 0.5000 0.5000
vt 0.2500 0.0670
vt 0.5000 0.0000
vt 0.5000 0.5000
vt 0.5000 0.0000
vt 0.2500 0.0670
vt 0.5000 0.5000
vt 0.5000 0.0000
vt 0.7500 0.0670
vt 0.5000 0.5000
vt 0.7500 0.0670
vt 0.5000 0.0000
vt 0.5000 0.5000
vt 0.7500 0.0670
vt 0.9330 0.2500
vt 0.5000 0.5000
vt 0.9330 0.2500
vt 0.7500 0.0670
vt 0.5000 0.5000
vt 0.9330 0.2500
vt 1.0000 0.5000
vt 0.5000 0.5000
vt 1.0000 0.5000
vt 0.9330 0.2500
vt 0.0000 0.0000
vt 0.0833 0.0000
vt 0.0833 1.0000
vt 0.0000 1.0000
vt 0.0833 0.0000
vt 0.1667 0.0000
vt 0.1667 1.0000
vt 0.0833 1.0000
vt 0.1667 0.0000
vt 0.2500 0.0000
vt 0.2500 1.0000
vt 0.1667 1.0000
vt 0.2500 0.0000
vt 0.3333 0.0000
vt 0.3333 1.0000
vt 0.2500 1.0000
vt 0.3333 0.0000
vt 0.4167 0.0000
vt 0.4167 1.0000
vt 0.3333 1.0000
vt 0.4167 0.0000
vt 0.5000 0.0000
vt 0.5000 1.0000
vt 0.4167 1.0000
vt 0.5000 0.0000
vt 0.5833 0.0000
vt 0.5833 1.0000
vt 0.5000 1.0000
vt 0.5833 0.0000
vt 0.6667 0.0000
vt 0.6667 1.0000
vt 0.5833 1.0000
vt 0.6667 0.0000
vt 0.7500 0.0000
vt 0.7500 1.0000
vt 0.6667 1.0000
vt 0.7500 0.0000
vt 0.8333 0.0000
vt 0.8333 1.0000
vt 0.7500 1.0000
vt 0.8333 0.0000
vt 0.9167 0.0000
vt 0.9167 1.0000
vt 0.8333 1.0000
vt 0.9167 0.0000
vt 0.9167 1.0000
vt 1.0000 1.0000
vt 1.0000 0.0000
vt 0.0000 0.0000
vt 0.0833 0.0000
vt 0.0833 1.0000
vt 0.0000 1.0000
vt 0.0833 0.0000
vt 0.1667 0.0000
vt 0.1667 1.0000
vt 0.0833 1.0000
vt 0.1667 0.0000
vt 0.2500 0.0000
vt 0.2500 1.0000
vt 0.1667 1.0000
vt 0.2500 0.0000
vt 0.3333 0.0000
vt 0.3333 1.0000
vt 0.2500 1.0000
vt 0.3333 0.0000
vt 0.4167 0.0000
vt 0.4167 1.0000
vt 0.3333 1.0000
vt 0.4167 0.0000
vt 0.5000 0.0000
vt 0.5000 1.0000
vt 0.4167 1.0000
vt 0.5000 0.0000
vt 0.5833 0.0000
vt 0.5833 1.0000
vt 0.5000 1.0000
vt 0.5833 0.0000
vt 0.6667 0.0000
vt 0.6667 1.0000
vt 0.5833 1.0000
vt 0.6667 0.0000
vt 0.7500 0.0000
vt 0.7500 1.0000
vt 0.6667 1.0000
vt 0.7500 0.0000
vt 0.8333 0.0000
vt 0.8333 1.0000
vt 0.7500 1.0000
vt 0.8333 0.0000
vt 0.9167 0.0000
vt 0.9167 1.0000
vt 0.8333 1.0000
vt 0.9167 0.0000
vt 0.9167 1.0000
vt 1.0000 1.0000
vt 1.0000 0.0000
vt 0.5000 0.5000
vt 1.0000 0.5000
vt 0.9330 0.7500
vt 0.5000 0.5000
vt 0.9330 0.7500
vt 1.0000 0.5000
vt 0.5000 0.5000
vt 0.9330 0.7500
vt 0.7500 0.9330
vt 0.5000 0.5000
vt 0.7500 0.9330
vt 0.9330 0.7500
vt 0.5000 0.5000
vt 0.7500 0.9330
vt 0.5000 1.0000
vt 0.5000 0.5000
vt 0.5000 1.0000
vt 0.7500 0.9330
vt 0.5000 0.5000
vt 0.5000 1.0000
vt 0.2500 0.9330
vt 0.5000 0.5000
vt 0.2500 0.9330
vt 0.5000 1.0000
vt 0.5000 0.5000
vt 0.2500 0.9330
vt 0.0670 0.7500
vt 0.5000 0.5000
vt 0.0670 0.7500
vt 0.2500 0.9330
vt 0.5000 0.5000
vt 0.0670 0.7500
vt 0.0000 0.5000
vt 0.5000 0.5000
vt 0.0000 0.5000
vt 0.0670 0.7500
vt 0.5000 0.5000
vt 0.0000 0.5000
vt 0.0670 0.2500
vt 0.5000 0.5000
vt 0.0670 0.2500
vt 0.0000 0.5000
vt 0.5000 0.5000
vt 0.0670 0.2500
vt 0.2500 0.0670
vt 0.5000 0.5000
vt 0.2500 0.0670
vt 0.0670 0.2500
vt 0.5000 0.5000
vt 0.2500 0.0670
vt 0.5000 0.0000
vt 0.5000 0.5000
vt 0.5000 0.0000
vt 0.2500 0.0670
vt 0.5000 0.5000
vt 0.5000 0.0000
vt 0.7500 0.0670
vt 0.5000 0.5000
vt 0.7500 0.0670
vt 0.5000 0.0000
vt 0.5000 0.5000
vt 0.7500 0.0670
vt 0.9330 0.2500
vt 0.5000 0.5000
vt 0.9330 0.2500
vt 0.7500 0.0670
vt 0.5000 0.5000
vt 0.9330 0.2500
vt 1.0000 0.5000
vt 0.5000 0.5000
vt 1.0000 0.5000
vt 0.9330 0.2500
vt 0.0000 0.0000
vt 0.7600 0.0000
vt 0.7600 0.1600
vt 0.0000 0.1600
vt 0.0000 0.0000
vt 0.7600 0.0000
vt 0.7600 0.1600
vt 0.0000 0.1600
vt 0.0000 0.0000
vt 0.0000 0.0800
vt 0.7600 0.0800
vt 0.7600 0.0000
vt 0.0000 0.0000
vt 0.0000 0.0800
vt 0.7600 0.0800
vt 0.7600 0.0000
vt 0.0000 0.0000
vt 0.0000 0.0800
vt 0.1600 0.0800
vt 0.1600 0.0000
vt 0.0000 0.0000
vt 0.0000 0.0800
vt 0.1600 0.0800
vt 0.1600 0.0000
vt 0.0000 0.0000
vt 0.0833 0.0000
vt 0.0833 1.0000
vt 0.0000 1.0000
vt 0.0833 0.0000
vt 0.1667 0.0000
vt 0.1667 1.0000
vt 0.0833 1.0000
vt 0.1667 0.0000
vt 0.2500 0.0000
vt 0.2500 1.0000
vt 0.1667 1.0000
vt 0.2500 0.0000
vt 0.3333 0.0000
vt 0.3333 1.0000
vt 0.2500 1.0000
vt 0.3333 0.0000
vt 0.4167 0.0000
vt 0.4167 1.0000
vt 0.3333 1.0000
vt 0.4167 0.0000
vt 0.5000 0.0000
vt 0.5000 1.0000
vt 0.4167 1.0000
vt 0.5000 0.0000
vt 0.5833 0.0000
vt 0.5833 1.0000
vt 0.5000 1.0000
vt 0.5833 0.0000
vt 0.6667 0.0000
vt 0.6667 1.0000
vt 0.5833 1.0000
vt 0.6667 0.0000
vt 0.7500 0.0000
vt 0.7500 1.0000
vt 0.6667 1.0000
vt 0.7500 0.0000
vt 0.8333 0.0000
vt 0.8333 1.0000
vt 0.7500 1.0000
vt 0.8333 0.0000
vt 0.9167 0.0000
vt 0.9167 1.0000
vt 0.8333 1.0000
vt 0.9167 0.0000
vt 0.9167 1.0000
vt 1.0000 1.0000
vt 1.0000 0.0000
vt 0.5000 0.5000
vt 1.0000 0.5000
vt 0.9330 0.7500
vt 0.5000 0.5000
vt 0.9330 0.7500
vt 1.0000 0.5000
vt 0.5000 0.5000
vt 0.9330 0.7500
vt 0.7500 0.9330
vt 0.5000 0.5000
vt 0.7500 0.9330
vt 0.9330 0.7500
vt 0.5000 0.5000
vt 0.7500 0.9330
vt 0.5000 1.0000
vt 0.5000 0.5000
vt 0.5000 1.0000
vt 0.7500 0.9330
vt 0.5000 0.5000
vt 0.5000 1.0000
vt 0.2500 0.9330
vt 0.5000 0.5000
vt 0.2500 0.9330
vt 0.5000 1.0000
vt 0.5000 0.5000
vt 0.2500 0.9330
vt 0.0670 0.7500
vt 0.5000 0.5000
vt 0.0670 0.7500
vt 0.2500 0.9330
vt 0.5000 0.5000
vt 0.0670 0.7500
vt 0.0000 0.5000
vt 0.5000 0.5000
vt 0.0000 0.5000
vt 0.0670 0.7500
vt 0.5000 0.5000
vt 0.0000 0.5000
vt 0.0670 0.2500
vt 0.5000 0.5000
vt 0.0670 0.2500
vt 0.0000 0.5000
vt 0.5000 0.5000
vt 0.0670 0.2500
vt 0.2500 0.0670
vt 0.5000 0.5000
vt 0.2500 0.0670
vt 0.0670 0.2500
vt 0.5000 0.5000
vt 0.2500 0.0670
vt 0.5000 0.0000
vt 0.5000 0.5000
vt 0.5000 0.0000
vt 0.2500 0.0670
vt 0.5000 0.5000
vt 0.5000 0.0000
vt 0.7500 0.0670
vt 0.5000 0.5000
vt 0.7500 0.0670
vt 0.5000 0.0000
vt 0.5000 0.5000
vt 0.7500 0.0670
vt 0.9330 0.2500
vt 0.5000 0.5000
vt 0.9330 0.2500
vt 0.7500 0.0670
vt 0.5000 0.5000
vt 0.9330 0.2500
vt 1.0000 0.5000
vt 0.5000 0.5000
vt 1.0000 0.5000
vt 0.9330 0.2500
vt 0.0000 0.0000
vt 0.0833 0.0000
vt 0.0833 1.0000
vt 0.0000 1.0000
vt 0.0833 0.0000
vt 0.1667 0.0000
vt 0.1667 1.0000
vt 0.0833 1.0000
vt 0.1667 0.0000
vt 0.2500 0.0000
vt 0.2500 1.0000
vt 0.1667 1.0000
vt 0.2500 0.0000
vt 0.3333 0.0000
vt 0.3333 1.0000
vt 0.2500 1.0000
vt 0.3333 0.0000
vt 0.4167 0.0000
vt 0.4167 1.0000
vt 0.3333 1.0000
vt 0.4167 0.0000
vt 0.5000 0.0000
vt 0.5000 1.0000
vt 0.4167 1.0000
vt 0.5000 0.0000
vt 0.5833 0.0000
vt 0.5833 1.0000
vt 0.5000 1.0000
vt 0.5833 0.0000
vt 0.6667 0.0000
vt 0.6667 1.0000
vt 0.5833 1.0000
vt 0.6667 0.0000
vt 0.7500 0.0000
vt 0.7500 1.0000
vt 0.6667 1.0000
vt 0.7500 0.0000
vt 0.8333 0.0000
vt 0.8333 1.0000
vt 0.7500 1.0000
vt 0.8333 0.0000
vt 0.9167 0.0000
vt 0.9167 1.0000
vt 0.8333 1.0000
vt 0.9167 0.0000
vt 0.9167 1.0000
vt 1.0000 1.0000
vt 1.0000 0.0000
vt 0.0000 0.0000
vt 0.0833 0.0000
vt 0.0833 1.0000
vt 0.0000 1.0000
vt 0.0833 0.0000
vt 0.1667 0.0000
vt 0.1667 1.0000
vt 0.0833 1.0000
vt 0.1667 0.0000
vt 0.2500 0.0000
vt 0.2500 1.0000
vt 0.1667 1.0000
vt 0.2500 0.0000
vt 0.3333 0.0000
vt 0.3333 1.0000
vt 0.2500 1.0000
vt 0.3333 0.0000
vt 0.4167 0.0000
vt 0.4167 1.0000
vt 0.3333 1.0000
vt 0.4167 0.0000
vt 0.5000 0.0000
vt 0.5000 1.0000
vt 0.4167 1.0000
vt 0.5000 0.0000
vt 0.5833 0.0000
vt 0.5833 1.0000
vt 0.5000 1.0000
vt 0.5833 0.0000
vt 0.6667 0.0000
vt 0.6667 1.0000
vt 0.5833 1.0000
vt 0.6667 0.0000
vt 0.7500 0.0000
vt 0.7500 1.0000
vt 0.6667 1.0000
vt 0.7500 0.0000
vt 0.8333 0.0000
vt 0.8333 1.0000
vt 0.7500 1.0000
vt 0.8333 0.0000
vt 0.9167 0.0000
vt 0.9167 1.0000
vt 0.8333 1.0000
vt 0.9167 0.0000
vt 0.9167 1.0000
vt 1.0000 1.0000
vt 1.0000 0.0000
vt 0.5000 0.5000
vt 1.0000 0.5000
vt 0.9330 0.7500
vt 0.5000 0.5000
vt 0.9330 0.7500
vt 1.0000 0.5000
vt 0.5000 0.5000
vt 0.9330 0.7500
vt 0.7500 0.9330
vt 0.5000 0.5000
vt 0.7500 0.9330
vt 0.9330 0.7500
vt 0.5000 0.5000
vt 0.7500 0.9330
vt 0.5000 1.0000
vt 0.5000 0.5000
vt 0.5000 1.0000
vt 0.7500 0.9330
vt 0.5000 0.5000
vt 0.5000 1.0000
vt 0.2500 0.9330
vt 0.5000 0.5000
vt 0.2500 0.9330
vt 0.5000 1.0000
vt 0.5000 0.5000
vt 0.2500 0.9330
vt 0.0670 0.7500
vt 0.5000 0.5000
vt 0.0670 0.7500
vt 0.2500 0.9330
vt 0.5000 0.5000
vt 0.0670 0.7500
vt 0.0000 0.5000
vt 0.5000 0.5000
vt 0.0000 0.5000
vt 0.0670 0.7500
vt 0.5000 0.5000
vt 0.0000 0.5000
vt 0.0670 0.2500
vt 0.5000 0.5000
vt 0.0670 0.2500
vt 0.0000 0.5000
vt 0.5000 0.5000
vt 0.0670 0.2500
vt 0.2500 0.0670
vt 0.5000 0.5000
vt 0.2500 0.0670
vt 0.0670 0.2500
vt 0.5000 0.5000
vt 0.2500 0.0670
vt 0.5000 0.0000
vt 0.5000 0.5000
vt 0.5000 0.0000
vt 0.2500 0.0670
vt 0.5000 0.5000
vt 0.5000 0.0000
vt 0.7500 0.0670
vt 0.5000 0.5000
vt 0.7500 0.0670
vt 0.5000 0.0000
vt 0.5000 0.5000
vt 0.7500 0.0670
vt 0.9330 0.2500
vt 0.5000 0.5000
vt 0.9330 0.2500
vt 0.7500 0.0670
vt 0.5000 0.5000
vt 0.9330 0.2500
vt 1.0000 0.5000
vt 0.5000 0.5000
vt 1.0000 0.5000
vt 0.9330 0.2500
vt 0.0000 0.0000
vt 0.7600 0.0000
vt 0.7600 0.1600
vt 0.0000 0.1600
vt 0.0000 0.0000
vt 0.7600 0.0000
vt 0.7600 0.1600
vt 0.0000 0.1600
vt 0.0000 0.0000
vt 0.0000 0.0800
vt 0.7600 0.0800
vt 0.7600 0.0000
vt 0.0000 0.0000
vt 0.0000 0.0800
vt 0.7600 0.0800
vt 0.7600 0.0000
vt 0.0000 0.0000
vt 0.0000 0.0800
vt 0.1600 0.0800
vt 0.1600 0.0000
vt 0.0000 0.0000
vt 0.0000 0.0800
vt 0.1600 0.0800
vt 0.1600 0.0000
vt 0.0000 0.0000
vt 0.0833 0.0000
vt 0.0833 1.0000
vt 0.0000 1.0000
vt 0.0833 0.0000
vt 0.1667 0.0000
vt 0.1667 1.0000
vt 0.0833 1.0000
vt 0.1667 0.0000
vt 0.2500 0.0000
vt 0.2500 1.0000
vt 0.1667 1.0000
vt 0.2500 0.0000
vt 0.3333 0.0000
vt 0.3333 1.0000
vt 0.2500 1.0000
vt 0.3333 0.0000
vt 0.4167 0.0000
vt 0.4167 1.0000
vt 0.3333 1.0000
vt 0.4167 0.0000
vt 0.5000 0.0000
vt 0.5000 1.0000
vt 0.4167 1.0000
vt 0.5000 0.0000
vt 0.5833 0.0000
vt 0.5833 1.0000
vt 0.5000 1.0000
vt 0.5833 0.0000
vt 0.6667 0.0000
vt 0.6667 1.0000
vt 0.5833 1.0000
vt 0.6667 0.0000
vt 0.7500 0.0000
vt 0.7500 1.0000
vt 0.6667 1.0000
vt 0.7500 0.0000
vt 0.8333 0.0000
vt 0.8333 1.0000
vt 0.7500 1.0000
vt 0.8333 0.0000
vt 0.9167 0.0000
vt 0.9167 1.0000
vt 0.8333 1.0000
vt 0.9167 0.0000
vt 0.9167 1.0000
vt 1.0000 1.0000
vt 1.0000 0.0000
vt 0.5000 0.5000
vt 1.0000 0.5000
vt 0.9330 0.7500
vt 0.5000 0.5000
vt 0.9330 0.7500
vt 1.0000 0.5000
vt 0.5000 0.5000
vt 0.9330 0.7500
vt 0.7500 0.9330
vt 0.5000 0.5000
vt 0.7500 0.9330
vt 0.9330 0.7500
vt 0.5000 0.5000
vt 0.7500 0.9330
vt 0.5000 1.0000
vt 0.5000 0.5000
vt 0.5000 1.0000
vt 0.7500 0.9330
vt 0.5000 0.5000
vt 0.5000 1.0000
vt 0.2500 0.9330
vt 0.5000 0.5000
vt 0.2500 0.9330
vt 0.5000 1.0000
vt 0.5000 0.5000
vt 0.2500 0.9330
vt 0.0670 0.7500
vt 0.5000 0.5000
vt 0.0670 0.7500
vt 0.2500 0.9330
vt 0.5000 0.5000
vt 0.0670 0.7500
vt 0.0000 0.5000
vt 0.5000 0.5000
vt 0.0000 0.5000
vt 0.0670 0.7500
vt 0.5000 0.5000
vt 0.0000 0.5000
vt 0.0670 0.2500
vt 0.5000 0.5000
vt 0.0670 0.2500
vt 0.0000 0.5000
vt 0.5000 0.5000
vt 0.0670 0.2500
vt 0.2500 0.0670
vt 0.5000 0.5000
vt 0.2500 0.0670
vt 0.0670 0.2500
vt 0.5000 0.5000
vt 0.2500 0.0670
vt 0.5000 0.0000
vt 0.5000 0.5000
vt 0.5000 0.0000
vt 0.2500 0.0670
vt 0.5000 0.5000
vt 0.5000 0.0000
vt 0.7500 0.0670
vt 0.5000 0.5000
vt 0.7500 0.0670
vt 0.5000 0.0000
vt 0.5000 0.5000
vt 0.7500 0.0670
vt 0.9330 0.2500
vt 0.5000 0.5000
vt 0.9330 0.2500
vt 0.7500 0.0670
vt 0.5000 0.5000
vt 0.9330 0.2500
vt 1.0000 0.5000
vt 0.5000 0.5000
vt 1.0000 0.5000
vt 0.9330 0.2500
vt 0.0000 0.0000
vt 0.0833 0.0000
vt 0.0833 1.0000
vt 0.0000 1.0000
vt 0.0833 0.0000
vt 0.1667 0.0000
vt 0.1667 1.0000
vt 0.0833 1.0000
vt 0.1667 0.0000
vt 0.2500 0.0000
vt 0.2500 1.0000
vt 0.1667 1.0000
vt 0.2500 0.0000
vt 0.3333 0.0000
vt 0.3333 1.0000
vt 0.2500 1.0000
vt 0.3333 0.0000
vt 0.4167 0.0000
vt 0.4167 1.0000
vt 0.3333 1.0000
vt 0.4167 0.0000
vt 0.5000 0.0000
vt 0.5000 1.0000
vt 0.4167 1.0000
vt 0.5000 0.0000
vt 0.5833 0.0000
vt 0.5833 1.0000
vt 0.5000 1.0000
vt 0.5833 0.0000
vt 0.6667 0.0000
vt 0.6667 1.0000
vt 0.5833 1.0000
vt 0.6667 0.0000
vt 0.7500 0.0000
vt 0.7500 1.0000
vt 0.6667 1.0000
vt 0.7500 0.0000
vt 0.8333 0.0000
vt 0.8333 1.0000
vt 0.7500 1.0000
vt 0.8333 0.0000
vt 0.9167 0.0000
vt 0.9167 1.0000
vt 0.8333 1.0000
vt 0.9167 0.0000
vt 0.9167 1.0000
vt 1.0000 1.0000
vt 1.0000 0.0000
vt 0.0000 0.0000
vt 0.0833 0.0000
vt 0.0833 1.0000
vt 0.0000 1.0000
vt 0.0833 0.0000
vt 0.1667 0.0000
vt 0.1667 1.0000
vt 0.0833 1.0000
vt 0.1667 0.0000
vt 0.2500 0.0000
vt 0.2500 1.0000
vt 0.1667 1.0000
vt 0.2500 0.0000
vt 0.3333 0.0000
vt 0.3333 1.0000
vt 0.2500 1.0000
vt 0.3333 0.0000
vt 0.4167 0.0000
vt 0.4167 1.0000
vt 0.3333 1.0000
vt 0.4167 0.0000
vt 0.5000 0.0000
vt 0.5000 1.0000
vt 0.4167 1.0000
vt 0.5000 0.0000
vt 0.5833 0.0000
vt 0.5833 1.0000
vt 0.5000 1.0000
vt 0.5833 0.0000
vt 0.6667 0.0000
vt 0.6667 1.0000
vt 0.5833 1.0000
vt 0.6667 0.0000
vt 0.7500 0.0000
vt 0.7500 1.0000
vt 0.6667 1.0000
vt 0.7500 0.0000
vt 0.8333 0.0000
vt 0.8333 1.0000
vt 0.7500 1.0000
vt 0.8333 0.0000
vt 0.9167 0.0000
vt 0.9167 1.0000
vt 0.8333 1.0000
vt 0.9167 0.0000
vt 0.9167 1.0000
vt 1.0000 1.0000
vt 1.0000 0.0000
vt 0.5000 0.5000
vt 1.0000 0.5000
vt 0.9330 0.7500
vt 0.5000 0.5000
vt 0.9330 0.7500
vt 1.0000 0.5000
vt 0.5000 0.5000
vt 0.9330 0.7500
vt 0.7500 0.9330
vt 0.5000 0.5000
vt 0.7500 0.9330
vt 0.9330 0.7500
vt 0.5000 0.5000
vt 0.7500 0.9330
vt 0.5000 1.0000
vt 0.5000 0.5000
vt 0.5000 1.0000
vt 0.7500 0.9330
vt 0.5000 0.5000
vt 0.5000 1.0000
vt 0.2500 0.9330
vt 0.5000 0.5000
vt 0.2500 0.9330
vt 0.5000 1.0000
vt 0.5000 0.5000
vt 0.2500 0.9330
vt 0.0670 0.7500
vt 0.5000 0.5000
vt 0.0670 0.7500
vt 0.2500 0.9330
vt 0.5000 0.5000
vt 0.0670 0.7500
vt 0.0000 0.5000
vt 0.5000 0.5000
vt 0.0000 0.5000
vt 0.0670 0.7500
vt 0.5000 0.5000
vt 0.0000 0.5000
vt 0.0670 0.2500
vt 0.5000 0.5000
vt 0.0670 0.2500
vt 0.0000 0.5000
vt 0.5000 0.5000
vt 0.0670 0.2500
vt 0.2500 0.0670
vt 0.5000 0.5000
vt 0.2500 0.0670
vt 0.0670 0.2500
vt 0.5000 0.5000
vt 0.2500 0.0670
vt 0.5000 0.0000
vt 0.5000 0.5000
vt 0.5000 0.0000
vt 0.2500 0.0670
vt 0.5000 0.5000
vt 0.5000 0.0000
vt 0.7500 0.0670
vt 0.5000 0.5000
vt 0.7500 0.0670
vt 0.5000 0.0000
vt 0.5000 0.5000
vt 0.7500 0.0670
vt 0.9330 0.2500
vt 0.5000 0.5000
vt 0.9330 0.2500
vt 0.7500 0.0670
vt 0.5000 0.5000
vt 0.9330 0.2500
vt 1.0000 0.5000
vt 0.5000 0.5000
vt 1.0000 0.5000
vt 0.9330 0.2500
vt 0.0000 0.0000
vt 0.7600 0.0000
vt 0.7600 0.1600
vt 0.0000 0.1600
vt 0.0000 0.0000
vt 0.7600 0.0000
vt 0.7600 0.1600
vt 0.0000 0.1600
vt 0.0000 0.0000
vt 0.0000 0.0800
vt 0.7600 0.0800
vt 0.7600 0.0000
vt 0.0000 0.0000
vt 0.0000 0.0800
vt 0.7600 0.0800
vt 0.7600 0.0000
vt 0.0000 0.0000
vt 0.0000 0.0800
vt 0.1600 0.0800
vt 0.1600 0.0000
vt 0.0000 0.0000
vt 0.0000 0.0800
vt 0.1600 0.0800
vt 0.1600 0.0000
vt 0.0000 0.0000
vt 0.0833 0.0000
vt 0.0833 1.0000
vt 0.0000 1.0000
vt 0.0833 0.0000
vt 0.1667 0.0000
vt 0.1667 1.0000
vt 0.0833 1.0000
vt 0.1667 0.0000
vt 0.2500 0.0000
vt 0.2500 1.0000
vt 0.1667 1.0000
vt 0.2500 0.0000
vt 0.3333 0.0000
vt 0.3333 1.0000
vt 0.2500 1.0000
vt 0.3333 0.0000
vt 0.4167 0.0000
vt 0.4167 1.0000
vt 0.3333 1.0000
vt 0.4167 0.0000
vt 0.5000 0.0000
vt 0.5000 1.0000
vt 0.4167 1.0000
vt 0.5000 0.0000
vt 0.5833 0.0000
vt 0.5833 1.0000
vt 0.5000 1.0000
vt 0.5833 0.0000
vt 0.6667 0.0000
vt 0.6667 1.0000
vt 0.5833 1.0000
vt 0.6667 0.0000
vt 0.7500 0.0000
vt 0.7500 1.0000
vt 0.6667 1.0000
vt 0.7500 0.0000
vt 0.8333 0.0000
vt 0.8333 1.0000
vt 0.7500 1.0000
vt 0.8333 0.0000
vt 0.9167 0.0000
vt 0.9167 1.0000
vt 0.8333 1.0000
vt 0.9167 0.0000
vt 0.9167 1.0000
vt 1.0000 1.0000
vt 1.0000 0.0000
vt 0.5000 0.5000
vt 1.0000 0.5000
vt 0.9330 0.7500
vt 0.5000 0.5000
vt 0.9330 0.7500
vt 1.0000 0.5000
vt 0.5000 0.5000
vt 0.9330 0.7500
vt 0.7500 0.9330
vt 0.5000 0.5000
vt 0.7500 0.9330
vt 0.9330 0.7500
vt 0.5000 0.5000
vt 0.7500 0.9330
vt 0.5000 1.0000
vt 0.5000 0.5000
vt 0.5000 1.0000
vt 0.7500 0.9330
vt 0.5000 0.5000
vt 0.5000 1.0000
vt 0.2500 0.9330
vt 0.5000 0.5000
vt 0.2500 0.9330
vt 0.5000 1.0000
vt 0.5000 0.5000
vt 0.2500 0.9330
vt 0.0670 0.7500
vt 0.5000 0.5000
vt 0.0670 0.7500
vt 0.2500 0.9330
vt 0.5000 0.5000
vt 0.0670 0.7500
vt 0.0000 0.5000
vt 0.5000 0.5000
vt 0.0000 0.5000
vt 0.0670 0.7500
vt 0.5000 0.5000
vt 0.0000 0.5000
vt 0.0670 0.2500
vt 0.5000 0.5000
vt 0.0670 0.2500
vt 0.0000 0.5000
vt 0.5000 0.5000
vt 0.0670 0.2500
vt 0.2500 0.0670
vt 0.5000 0.5000
vt 0.2500 0.0670
vt 0.0670 0.2500
vt 0.5000 0.5000
vt 0.2500 0.0670
vt 0.5000 0.0000
vt 0.5000 0.5000
vt 0.5000 0.0000
vt 0.2500 0.0670
vt 0.5000 0.5000
vt 0.5000 0.0000
vt 0.7500 0.0670
vt 0.5000 0.5000
vt 0.7500 0.0670
vt 0.5000 0.0000
vt 0.5000 0.5000
vt 0.7500 0.0670
vt 0.9330 0.2500
vt 0.5000 0.5000
vt 0.9330 0.2500
vt 0.7500 0.0670
vt 0.5000 0.5000
vt 0.9330 0.2500
vt 1.0000 0.5000
vt 0.5000 0.5000
vt 1.0000 0.5000
vt 0.9330 0.2500
vt 0.0000 0.0000
vt 0.0833 0.0000
vt 0.0833 1.0000
vt 0.0000 1.0000
vt 0.0833 0.0000
vt 0.1667 0.0000
vt 0.1667 1.0000
vt 0.0833 1.0000
vt 0.1667 0.0000
vt 0.2500 0.0000
vt 0.2500 1.0000
vt 0.1667 1.0000
vt 0.2500 0.0000
vt 0.3333 0.0000
vt 0.3333 1.0000
vt 0.2500 1.0000
vt 0.3333 0.0000
vt 0.4167 0.0000
vt 0.4167 1.0000
vt 0.3333 1.0000
vt 0.4167 0.0000
vt 0.5000 0.0000
vt 0.5000 1.0000
vt 0.4167 1.0000
vt 0.5000 0.0000
vt 0.5833 0.0000
vt 0.5833 1.0000
vt 0.5000 1.0000
vt 0.5833 0.0000
vt 0.6667 0.0000
vt 0.6667 1.0000
vt 0.5833 1.0000
vt 0.6667 0.0000
vt 0.7500 0.0000
vt 0.7500 1.0000
vt 0.6667 1.0000
vt 0.7500 0.0000
vt 0.8333 0.0000
vt 0.8333 1.0000
vt 0.7500 1.0000
vt 0.8333 0.0000
vt 0.9167 0.0000
vt 0.9167 1.0000
vt 0.8333 1.0000
vt 0.9167 0.0000
vt 0.9167 1.0000
vt 1.0000 1.0000
vt 1.0000 0.0000
vt 0.0000 0.0000
vt 0.0833 0.0000
vt 0.0833 1.0000
vt 0.0000 1.0000
vt 0.0833 0.0000
vt 0.1667 0.0000
vt 0.1667 1.0000
vt 0.0833 1.0000
vt 0.1667 0.0000
vt 0.2500 0.0000
vt 0.2500 1.0000
vt 0.1667 1.0000
vt 0.2500 0.0000
vt 0.3333 0.0000
vt 0.3333 1.0000
vt 0.2500 1.0000
vt 0.3333 0.0000
vt 0.4167 0.0000
vt 0.4167 1.0000
vt 0.3333 1.0000
vt 0.4167 0.0000
vt 0.5000 0.0000
vt 0.5000 1.0000
vt 0.4167 1.0000
vt 0.5000 0.0000
vt 0.5833 0.0000
vt 0.5833 1.0000
vt 0.5000 1.0000
vt 0.5833 0.0000
vt 0.6667 0.0000
vt 0.6667 1.0000
vt 0.5833 1.0000
vt 0.6667 0.0000
vt 0.7500 0.0000
vt 0.7500 1.0000
vt 0.6667 1.0000
vt 0.7500 0.0000
vt 0.8333 0.0000
vt 0.8333 1.0000
vt 0.7500 1.0000
vt 0.8333 0.0000
vt 0.9167 0.0000
vt 0.9167 1.0000
vt 0.8333 1.0000
vt 0.9167 0.0000
vt 0.9167 1.0000
vt 1.0000 1.0000
vt 1.0000 0.0000
vt 0.5000 0.5000
vt 1.0000 0.5000
vt 0.9330 0.7500
vt 0.5000 0.5000
vt 0.9330 0.7500
vt 1.0000 0.5000
vt 0.5000 0.5000
vt 0.9330 0.7500
vt 0.7500 0.9330
vt 0.5000 0.5000
vt 0.7500 0.9330
vt 0.9330 0.7500
vt 0.5000 0.5000
vt 0.7500 0.9330
vt 0.5000 1.0000
vt 0.5000 0.5000
vt 0.5000 1.0000
vt 0.7500 0.9330
vt 0.5000 0.5000
vt 0.5000 1.0000
vt 0.2500 0.9330
vt 0.5000 0.5000
vt 0.2500 0.9330
vt 0.5000 1.0000
vt 0.5000 0.5000
vt 0.2500 0.9330
vt 0.0670 0.7500
vt 0.5000 0.5000
vt 0.0670 0.7500
vt 0.2500 0.9330
vt 0.5000 0.5000
vt 0.0670 0.7500
vt 0.0000 0.5000
vt 0.5000 0.5000
vt 0.0000 0.5000
vt 0.0670 0.7500
vt 0.5000 0.5000
vt 0.0000 0.5000
vt 0.0670 0.2500
vt 0.5000 0.5000
vt 0.0670 0.2500
vt 0.0000 0.5000
vt 0.5000 0.5000
vt 0.0670 0.2500
vt 0.2500 0.0670
vt 0.5000 0.5000
vt 0.2500 0.0670
vt 0.0670 0.2500
vt 0.5000 0.5000
vt 0.2500 0.0670
vt 0.5000 0.0000
vt 0.5000 0.5000
vt 0.5000 0.0000
vt 0.2500 0.0670
vt 0.5000 0.5000
vt 0.5000 0.0000
vt 0.7500 0.0670
vt 0.5000 0.5000
vt 0.7500 0.0670
vt 0.5000 0.0000
vt 0.5000 0.5000
vt 0.7500 0.0670
vt 0.9330 0.2500
vt 0.5000 0.5000
vt 0.9330 0.2500
vt 0.7500 0.0670
vt 0.5000 0.5000
vt 0.9330 0.2500
vt 1.0000 0.5000
vt 0.5000 0.5000
vt 1.0000 0.5000
vt 0.9330 0.2500
vt 0.0000 0.0000
vt 0.7600 0.0000
vt 0.7600 0.1600
vt 0.0000 0.1600
vt 0.0000 0.0000
vt 0.7600 0.0000
vt 0.7600 0.1600
vt 0.0000 0.1600
vt 0.0000 0.0000
vt 0.0000 0.0800
vt 0.7600 0.0800
vt 0.7600 0.0000
vt 0.0000 0.0000
vt 0.0000 0.0800
vt 0.7600 0.0800
vt 0.7600 0.0000
vt 0.0000 0.0000
vt 0.0000 0.0800
vt 0.1600 0.0800
vt 0.1600 0.0000
vt 0.0000 0.0000
vt 0.0000 0.0800
vt 0.1600 0.0800
vt 0.1600 0.0000
vt 0.0000 0.0000
vt 0.0833 0.0000
vt 0.0833 1.0000
vt 0.0000 1.0000
vt 0.0833 0.0000
vt 0.1667 0.0000
vt 0.1667 1.0000
vt 0.0833 1.0000
vt 0.1667 0.0000
vt 0.2500 0.0000
vt 0.2500 1.0000
vt 0.1667 1.0000
vt 0.2500 0.0000
vt 0.3333 0.0000
vt 0.3333 1.0000
vt 0.2500 1.0000
vt 0.3333 0.0000
vt 0.4167 0.0000
vt 0.4167 1.0000
vt 0.3333 1.0000
vt 0.4167 0.0000
vt 0.5000 0.0000
vt 0.5000 1.0000
vt 0.4167 1.0000
vt 0.5000 0.0000
vt 0.5833 0.0000
vt 0.5833 1.0000
vt 0.5000 1.0000
vt 0.5833 0.0000
vt 0.6667 0.0000
vt 0.6667 1.0000
vt 0.5833 1.0000
vt 0.6667 0.0000
vt 0.7500 0.0000
vt 0.7500 1.0000
vt 0.6667 1.0000
vt 0.7500 0.0000
vt 0.8333 0.0000
vt 0.8333 1.0000
vt 0.7500 1.0000
vt 0.8333 0.0000
vt 0.9167 0.0000
vt 0.9167 1.0000
vt 0.8333 1.0000
vt 0.9167 0.0000
vt 0.9167 1.0000
vt 1.0000 1.0000
vt 1.0000 0.0000
vt 0.5000 0.5000
vt 1.0000 0.5000
vt 0.9330 0.7500
vt 0.5000 0.5000
vt 0.9330 0.7500
vt 1.0000 0.5000
vt 0.5000 0.5000
vt 0.9330 0.7500
vt 0.7500 0.9330
vt 0.5000 0.5000
vt 0.7500 0.9330
vt 0.9330 0.7500
vt 0.5000 0.5000
vt 0.7500 0.9330
vt 0.5000 1.0000
vt 0.5000 0.5000
vt 0.5000 1.0000
vt 0.7500 0.9330
vt 0.5000 0.5000
vt 0.5000 1.0000
vt 0.2500 0.9330
vt 0.5000 0.5000
vt 0.2500 0.9330
vt 0.5000 1.0000
vt 0.5000 0.5000
vt 0.2500 0.9330
vt 0.0670 0.7500
vt 0.5000 0.5000
vt 0.0670 0.7500
vt 0.2500 0.9330
vt 0.5000 0.5000
vt 0.0670 0.7500
vt 0.0000 0.5000
vt 0.5000 0.5000
vt 0.0000 0.5000
vt 0.0670 0.7500
vt 0.5000 0.5000
vt 0.0000 0.5000
vt 0.0670 0.2500
vt 0.5000 0.5000
vt 0.0670 0.2500
vt 0.0000 0.5000
vt 0.5000 0.5000
vt 0.0670 0.2500
vt 0.2500 0.0670
vt 0.5000 0.5000
vt 0.2500 0.0670
vt 0.0670 0.2500
vt 0.5000 0.5000
vt 0.2500 0.0670
vt 0.5000 0.0000
vt 0.5000 0.5000
vt 0.5000 0.0000
vt 0.2500 0.0670
vt 0.5000 0.5000
vt 0.5000 0.0000
vt 0.7500 0.0670
vt 0.5000 0.5000
vt 0.7500 0.0670
vt 0.5000 0.0000
vt 0.5000 0.5000
vt 0.7500 0.0670
vt 0.9330 0.2500
vt 0.5000 0.5000
vt 0.9330 0.2500
vt 0.7500 0.0670
vt 0.5000 0.5000
vt 0.9330 0.2500
vt 1.0000 0.5000
vt 0.5000 0.5000
vt 1.0000 0.5000
vt 0.9330 0.2500
vt 0.0000 0.0000
vt 0.0833 0.0000
vt 0.0833 1.0000
vt 0.0000 1.0000
vt 0.0833 0.0000
vt 0.1667 0.0000
vt 0.1667 1.0000
vt 0.0833 1.0000
vt 0.1667 0.0000
vt 0.2500 0.0000
vt 0.2500 1.0000
vt 0.1667 1.0000
vt 0.2500 0.0000
vt 0.3333 0.0000
vt 0.3333 1.0000
vt 0.2500 1.0000
vt 0.3333 0.0000
vt 0.4167 0.0000
vt 0.4167 1.0000
vt 0.3333 1.0000
vt 0.4167 0.0000
vt 0.5000 0.0000
vt 0.5000 1.0000
vt 0.4167 1.0000
vt 0.5000 0.0000
vt 0.5833 0.0000
vt 0.5833 1.0000
vt 0.5000 1.0000
vt 0.5833 0.0000
vt 0.6667 0.0000
vt 0.6667 1.0000
vt 0.5833 1.0000
vt 0.6667 0.0000
vt 0.7500 0.0000
vt 0.7500 1.0000
vt 0.6667 1.0000
vt 0.7500 0.0000
vt 0.8333 0.0000
vt 0.8333 1.0000
vt 0.7500 1.0000
vt 0.8333 0.0000
vt 0.9167 0.0000
vt 0.9167 1.0000
vt 0.8333 1.0000
vt 0.9167 0.0000
vt 0.9167 1.0000
vt 1.0000 1.0000
vt 1.0000 0.0000
vt 0.0000 0.0000
vt 0.0833 0.0000
vt 0.0833 1.0000
vt 0.0000 1.0000
vt 0.0833 0.0000
vt 0.1667 0.0000
vt 0.1667 1.0000
vt 0.0833 1.0000
vt 0.1667 0.0000
vt 0.2500 0.0000
vt 0.2500 1.0000
vt 0.1667 1.0000
vt 0.2500 0.0000
vt 0.3333 0.0000
vt 0.3333 1.0000
vt 0.2500 1.0000
vt 0.3333 0.0000
vt 0.4167 0.0000
vt 0.4167 1.0000
vt 0.3333 1.0000
vt 0.4167 0.0000
vt 0.5000 0.0000
vt 0.5000 1.0000
vt 0.4167 1.0000
vt 0.5000 0.0000
vt 0.5833 0.0000
vt 0.5833 1.0000
vt 0.5000 1.0000
vt 0.5833 0.0000
vt 0.6667 0.0000
vt 0.6667 1.0000
vt 0.5833 1.0000
vt 0.6667 0.0000
vt 0.7500 0.0000
vt 0.7500 1.0000
vt 0.6667 1.0000
vt 0.7500 0.0000
vt 0.8333 0.0000
vt 0.8333 1.0000
vt 0.7500 1.0000
vt 0.8333 0.0000
vt 0.9167 0.0000
vt 0.9167 1.0000
vt 0.8333 1.0000
vt 0.9167 0.0000
vt 0.9167 1.0000
vt 1.0000 1.0000
vt 1.0000 0.0000
vt 0.5000 0.5000
vt 1.0000 0.5000
vt 0.9330 0.7500
vt 0.5000 0.5000
vt 0.9330 0.7500
vt 1.0000 0.5000
vt 0.5000 0.5000
vt 0.9330 0.7500
vt 0.7500 0.9330
vt 0.5000 0.5000
vt 0.7500 0.9330
vt 0.9330 0.7500
vt 0.5000 0.5000
vt 0.7500 0.9330
vt 0.5000 1.0000
vt 0.5000 0.5000
vt 0.5000 1.0000
vt 0.7500 0.9330
vt 0.5000 0.5000
vt 0.5000 1.0000
vt 0.2500 0.9330
vt 0.5000 0.5000
vt 0.2500 0.9330
vt 0.5000 1.0000
vt 0.5000 0.5000
vt 0.2500 0.9330
vt 0.0670 0.7500
vt 0.5000 0.5000
vt 0.0670 0.7500
vt 0.2500 0.9330
vt 0.5000 0.5000
vt 0.0670 0.7500
vt 0.0000 0.5000
vt 0.5000 0.5000
vt 0.0000 0.5000
vt 0.0670 0.7500
vt 0.5000 0.5000
vt 0.0000 0.5000
vt 0.0670 0.2500
vt 0.5000 0.5000
vt 0.0670 0.2500
vt 0.0000 0.5000
vt 0.5000 0.5000
vt 0.0670 0.2500
vt 0.2500 0.0670
vt 0.5000 0.5000
vt 0.2500 0.0670
vt 0.0670 0.2500
vt 0.5000 0.5000
vt 0.2500 0.0670
vt 0.5000 0.0000
vt 0.5000 0.5000
vt 0.5000 0.0000
vt 0.2500 0.0670
vt 0.5000 0.5000
vt 0.5000 0.0000
vt 0.7500 0.0670
vt 0.5000 0.5000
vt 0.7500 0.0670
vt 0.5000 0.0000
vt 0.5000 0.5000
vt 0.7500 0.0670
vt 0.9330 0.2500
vt 0.5000 0.5000
vt 0.9330 0.2500
vt 0.7500 0.0670
vt 0.5000 0.5000
vt 0.9330 0.2500
vt 1.0000 0.5000
vt 0.5000 0.5000
vt 1.0000 0.5000
vt 0.9330 0.2500
vt 0.0000 0.0000
vt 0.7600 0.0000
vt 0.7600 0.1600
vt 0.0000 0.1600
vt 0.0000 0.0000
vt 0.7600 0.0000
vt 0.7600 0.1600
vt 0.0000 0.1600
vt 0.0000 0.0000
vt 0.0000 0.0800
vt 0.7600 0.0800
vt 0.7600 0.0000
vt 0.0000 0.0000
vt 0.0000 0.0800
vt 0.7600 0.0800
vt 0.7600 0.0000
vt 0.0000 0.0000
vt 0.0000 0.0800
vt 0.1600 0.0800
vt 0.1600 0.0000
vt 0.0000 0.0000
vt 0.0000 0.0800
vt 0.1600 0.0800
vt 0.1600 0.0000
vt 0.0000 0.0000
vt 0.0833 0.0000
vt 0.0833 1.0000
vt 0.0000 1.0000
vt 0.0833 0.0000
vt 0.1667 0.0000
vt 0.1667 1.0000
vt 0.0833 1.0000
vt 0.1667 0.0000
vt 0.2500 0.0000
vt 0.2500 1.0000
vt 0.1667 1.0000
vt 0.2500 0.0000
vt 0.3333 0.0000
vt 0.3333 1.0000
vt 0.2500 1.0000
vt 0.3333 0.0000
vt 0.4167 0.0000
vt 0.4167 1.0000
vt 0.3333 1.0000
vt 0.4167 0.0000
vt 0.5000 0.0000
vt 0.5000 1.0000
vt 0.4167 1.0000
vt 0.5000 0.0000
vt 0.5833 0.0000
vt 0.5833 1.0000
vt 0.5000 1.0000
vt 0.5833 0.0000
vt 0.6667 0.0000
vt 0.6667 1.0000
vt 0.5833 1.0000
vt 0.6667 0.0000
vt 0.7500 0.0000
vt 0.7500 1.0000
vt 0.6667 1.0000
vt 0.7500 0.0000
vt 0.8333 0.0000
vt 0.8333 1.0000
vt 0.7500 1.0000
vt 0.8333 0.0000
vt 0.9167 0.0000
vt 0.9167 1.0000
vt 0.8333 1.0000
vt 0.9167 0.0000
vt 0.9167 1.0000
vt 1.0000 1.0000
vt 1.0000 0.0000
vt 0.5000 0.5000
vt 1.0000 0.5000
vt 0.9330 0.7500
vt 0.5000 0.5000
vt 0.9330 0.7500
vt 1.0000 0.5000
vt 0.5000 0.5000
vt 0.9330 0.7500
vt 0.7500 0.9330
vt 0.5000 0.5000
vt 0.7500 0.9330
vt 0.9330 0.7500
vt 0.5000 0.5000
vt 0.7500 0.9330
vt 0.5000 1.0000
vt 0.5000 0.5000
vt 0.5000 1.0000
vt 0.7500 0.9330
vt 0.5000 0.5000
vt 0.5000 1.0000
vt 0.2500 0.9330
vt 0.5000 0.5000
vt 0.2500 0.9330
vt 0.5000 1.0000
vt 0.5000 0.5000
vt 0.2500 0.9330
vt 0.0670 0.7500
vt 0.5000 0.5000
vt 0.0670 0.7500
vt 0.2500 0.9330
vt 0.5000 0.5000
vt 0.0670 0.7500
vt 0.0000 0.5000
vt 0.5000 0.5000
vt 0.0000 0.5000
vt 0.0670 0.7500
vt 0.5000 0.5000
vt 0.0000 0.5000
vt 0.0670 0.2500
vt 0.5000 0.5000
vt 0.0670 0.2500
vt 0.0000 0.5000
vt 0.5000 0.5000
vt 0.0670 0.2500
vt 0.2500 0.0670
vt 0.5000 0.5000
vt 0.2500 0.0670
vt 0.0670 0.2500
vt 0.5000 0.5000
vt 0.2500 0.0670
vt 0.5000 0.0000
vt 0.5000 0.5000
vt 0.5000 0.0000
vt 0.2500 0.0670
vt 0.5000 0.5000
vt 0.5000 0.0000
vt 0.7500 0.0670
vt 0.5000 0.5000
vt 0.7500 0.0670
vt 0.5000 0.0000
vt 0.5000 0.5000
vt 0.7500 0.0670
vt 0.9330 0.2500
vt 0.5000 0.5000
vt 0.9330 0.2500
vt 0.7500 0.0670
vt 0.5000 0.5000
vt 0.9330 0.2500
vt 1.0000 0.5000
vt 0.5000 0.5000
vt 1.0000 0.5000
vt 0.9330 0.2500
vt 0.0000 0.0000
vt 0.0833 0.0000
vt 0.0833 1.0000
vt 0.0000 1.0000
vt 0.0833 0.0000
vt 0.1667 0.0000
vt 0.1667 1.0000
vt 0.0833 1.0000
vt 0.1667 0.0000
vt 0.2500 0.0000
vt 0.2500 1.0000
vt 0.1667 1.0000
vt 0.2500 0.0000
vt 0.3333 0.0000
vt 0.3333 1.0000
vt 0.2500 1.0000
vt 0.3333 0.0000
vt 0.4167 0.0000
vt 0.4167 1.0000
vt 0.3333 1.0000
vt 0.4167 0.0000
vt 0.5000 0.0000
vt 0.5000 1.0000
vt 0.4167 1.0000
vt 0.5000 0.0000
vt 0.5833 0.0000
vt 0.5833 1.0000
vt 0.5000 1.0000
vt 0.5833 0.0000
vt 0.6667 0.0000
vt 0.6667 1.0000
vt 0.5833 1.0000
vt 0.6667 0.0000
vt 0.7500 0.0000
vt 0.7500 1.0000
vt 0.6667 1.0000
vt 0.7500 0.0000
vt 0.8333 0.0000
vt 0.8333 1.0000
vt 0.7500 1.0000
vt 0.8333 0.0000
vt 0.9167 0.0000
vt 0.9167 1.0000
vt 0.8333 1.0000
vt 0.9167 0.0000
vt 0.9167 1.0000
vt 1.0000 1.0000
vt 1.0000 0.0000
vt 0.0000 0.0000
vt 0.0833 0.0000
vt 0.0833 1.0000
vt 0.0000 1.0000
vt 0.0833 0.0000
vt 0.1667 0.0000
vt 0.1667 1.0000
vt 0.0833 1.0000
vt 0.1667 0.0000
vt 0.2500 0.0000
vt 0.2500 1.0000
vt 0.1667 1.0000
vt 0.2500 0.0000
vt 0.3333 0.0000
vt 0.3333 1.0000
vt 0.2500 1.0000
vt 0.3333 0.0000
vt 0.4167 0.0000
vt 0.4167 1.0000
vt 0.3333 1.0000
vt 0.4167 0.0000
vt 0.5000 0.0000
vt 0.5000 1.0000
vt 0.4167 1.0000
vt 0.5000 0.0000
vt 0.5833 0.0000
vt 0.5833 1.0000
vt 0.5000 1.0000
vt 0.5833 0.0000
vt 0.6667 0.0000
vt 0.6667 1.0000
vt 0.5833 1.0000
vt 0.6667 0.0000
vt 0.7500 0.0000
vt 0.7500 1.0000
vt 0.6667 1.0000
vt 0.7500 0.0000
vt 0.8333 0.0000
vt 0.8333 1.0000
vt 0.7500 1.0000
vt 0.8333 0.0000
vt 0.9167 0.0000
vt 0.9167 1.0000
vt 0.8333 1.0000
vt 0.9167 0.0000
vt 0.9167 1.0000
vt 1.0000 1.0000
vt 1.0000 0.0000
vt 0.5000 0.5000
vt 1.0000 0.5000
vt 0.9330 0.7500
vt 0.5000 0.5000
vt 0.9330 0.7500
vt 1.0000 0.5000
vt 0.5000 0.5000
vt 0.9330 0.7500
vt 0.7500 0.9330
vt 0.5000 0.5000
vt 0.7500 0.9330
vt 0.9330 0.7500
vt 0.5000 0.5000
vt 0.7500 0.9330
vt 0.5000 1.0000
vt 0.5000 0.5000
vt 0.5000 1.0000
vt 0.7500 0.9330
vt 0.5000 0.5000
vt 0.5000 1.0000
vt 0.2500 0.9330
vt 0.5000 0.5000
vt 0.2500 0.9330
vt 0.5000 1.0000
vt 0.5000 0.5000
vt 0.2500 0.9330
vt 0.0670 0.7500
vt 0.5000 0.5000
vt 0.0670 0.7500
vt 0.2500 0.9330
vt 0.5000 0.5000
vt 0.0670 0.7500
vt 0.0000 0.5000
vt 0.5000 0.5000
vt 0.0000 0.5000
vt 0.0670 0.7500
vt 0.5000 0.5000
vt 0.0000 0.5000
vt 0.0670 0.2500
vt 0.5000 0.5000
vt 0.0670 0.2500
vt 0.0000 0.5000
vt 0.5000 0.5000
vt 0.0670 0.2500
vt 0.2500 0.0670
vt 0.5000 0.5000
vt 0.2500 0.0670
vt 0.0670 0.2500
vt 0.5000 0.5000
vt 0.2500 0.0670
vt 0.5000 0.0000
vt 0.5000 0.5000
vt 0.5000 0.0000
vt 0.2500 0.0670
vt 0.5000 0.5000
vt 0.5000 0.0000
vt 0.7500 0.0670
vt 0.5000 0.5000
vt 0.7500 0.0670
vt 0.5000 0.0000
vt 0.5000 0.5000
vt 0.7500 0.0670
vt 0.9330 0.2500
vt 0.5000 0.5000
vt 0.9330 0.2500
vt 0.7500 0.0670
vt 0.5000 0.5000
vt 0.9330 0.2500
vt 1.0000 0.5000
vt 0.5000 0.5000
vt 1.0000 0.5000
vt 0.9330 0.2500
vt 0.0000 0.0000
vt 0.7600 0.0000
vt 0.7600 0.1600
vt 0.0000 0.1600
vt 0.0000 0.0000
vt 0.7600 0.0000
vt 0.7600 0.1600
vt 0.0000 0.1600
vt 0.0000 0.0000
vt 0.0000 0.0800
vt 0.7600 0.0800
vt 0.7600 0.0000
vt 0.0000 0.0000
vt 0.0000 0.0800
vt 0.7600 0.0800
vt 0.7600 0.0000
vt 0.0000 0.0000
vt 0.0000 0.0800
vt 0.1600 0.0800
vt 0.1600 0.0000
vt 0.0000 0.0000
vt 0.0000 0.0800
vt 0.1600 0.0800
vt 0.1600 0.0000
vt 0.0000 0.0000
vt 0.0833 0.0000
vt 0.0833 1.0000
vt 0.0000 1.0000
vt 0.0833 0.0000
vt 0.1667 0.0000
vt 0.1667 1.0000
vt 0.0833 1.0000
vt 0.1667 0.0000
vt 0.2500 0.0000
vt 0.2500 1.0000
vt 0.1667 1.0000
vt 0.2500 0.0000
vt 0.3333 0.0000
vt 0.3333 1.0000
vt 0.2500 1.0000
vt 0.3333 0.0000
vt 0.4167 0.0000
vt 0.4167 1.0000
vt 0.3333 1.0000
vt 0.4167 0.0000
vt 0.5000 0.0000
vt 0.5000 1.0000
vt 0.4167 1.0000
vt 0.5000 0.0000
vt 0.5833 0.0000
vt 0.5833 1.0000
vt 0.5000 1.0000
vt 0.5833 0.0000
vt 0.6667 0.0000
vt 0.6667 1.0000
vt 0.5833 1.0000
vt 0.6667 0.0000
vt 0.7500 0.0000
vt 0.7500 1.0000
vt 0.6667 1.0000
vt 0.7500 0.0000
vt 0.8333 0.0000
vt 0.8333 1.0000
vt 0.7500 1.0000
vt 0.8333 0.0000
vt 0.9167 0.0000
vt 0.9167 1.0000
vt 0.8333 1.0000
vt 0.9167 0.0000
vt 0.9167 1.0000
vt 1.0000 1.0000
vt 1.0000 0.0000
vt 0.5000 0.5000
vt 1.0000 0.5000
vt 0.9330 0.7500
vt 0.5000 0.5000
vt 0.9330 0.7500
vt 1.0000 0.5000
vt 0.5000 0.5000
vt 0.9330 0.7500
vt 0.7500 0.9330
vt 0.5000 0.5000
vt 0.7500 0.9330
vt 0.9330 0.7500
vt 0.5000 0.5000
vt 0.7500 0.9330
vt 0.5000 1.0000
vt 0.5000 0.5000
vt 0.5000 1.0000
vt 0.7500 0.9330
vt 0.5000 0.5000
vt 0.5000 1.0000
vt 0.2500 0.9330
vt 0.5000 0.5000
vt 0.2500 0.9330
vt 0.5000 1.0000
vt 0.5000 0.5000
vt 0.2500 0.9330
vt 0.0670 0.7500
vt 0.5000 0.5000
vt 0.0670 0.7500
vt 0.2500 0.9330
vt 0.5000 0.5000
vt 0.0670 0.7500
vt 0.0000 0.5000
vt 0.5000 0.5000
vt 0.0000 0.5000
vt 0.0670 0.7500
vt 0.5000 0.5000
vt 0.0000 0.5000
vt 0.0670 0.2500
vt 0.5000 0.5000
vt 0.0670 0.2500
vt 0.0000 0.5000
vt 0.5000 0.5000
vt 0.0670 0.2500
vt 0.2500 0.0670
vt 0.5000 0.5000
vt 0.2500 0.0670
vt 0.0670 0.2500
vt 0.5000 0.5000
vt 0.2500 0.0670
vt 0.5000 0.0000
vt 0.5000 0.5000
vt 0.5000 0.0000
vt 0.2500 0.0670
vt 0.5000 0.5000
vt 0.5000 0.0000
vt 0.7500 0.0670
vt 0.5000 0.5000
vt 0.7500 0.0670
vt 0.5000 0.0000
vt 0.5000 0.5000
vt 0.7500 0.0670
vt 0.9330 0.2500
vt 0.5000 0.5000
vt 0.9330 0.2500
vt 0.7500 0.0670
vt 0.5000 0.5000
vt 0.9330 0.2500
vt 1.0000 0.5000
vt 0.5000 0.5000
vt 1.0000 0.5000
vt 0.9330 0.2500
vt 0.0000 0.0000
vt 0.0833 0.0000
vt 0.0833 1.0000
vt 0.0000 1.0000
vt 0.0833 0.0000
vt 0.1667 0.0000
vt 0.1667 1.0000
vt 0.0833 1.0000
vt 0.1667 0.0000
vt 0.2500 0.0000
vt 0.2500 1.0000
vt 0.1667 1.0000
vt 0.2500 0.0000
vt 0.3333 0.0000
vt 0.3333 1.0000
vt 0.2500 1.0000
vt 0.3333 0.0000
vt 0.4167 0.0000
vt 0.4167 1.0000
vt 0.3333 1.0000
vt 0.4167 0.0000
vt 0.5000 0.0000
vt 0.5000 1.0000
vt 0.4167 1.0000
vt 0.5000 0.0000
vt 0.5833 0.0000
vt 0.5833 1.0000
vt 0.5000 1.0000
vt 0.5833 0.0000
vt 0.6667 0.0000
vt 0.6667 1.0000
vt 0.5833 1.0000
vt 0.6667 0.0000
vt 0.7500 0.0000
vt 0.7500 1.0000
vt 0.6667 1.0000
vt 0.7500 0.0000
vt 0.8333 0.0000
vt 0.8333 1.0000
vt 0.7500 1.0000
vt 0.8333 0.0000
vt 0.9167 0.0000
vt 0.9167 1.0000
vt 0.8333 1.0000
vt 0.9167 0.0000
vt 0.9167 1.0000
vt 1.0000 1.0000
vt 1.0000 0.0000
vt 0.0000 0.0000
vt 0.0833 0.0000
vt 0.0833 1.0000
vt 0.0000 1.0000
vt 0.0833 0.0000
vt 0.1667 0.0000
vt 0.1667 1.0000
vt 0.0833 1.0000
vt 0.1667 0.0000
vt 0.2500 0.0000
vt 0.2500 1.0000
vt 0.1667 1.0000
vt 0.2500 0.0000
vt 0.3333 0.0000
vt 0.3333 1.0000
vt 0.2500 1.0000
vt 0.3333 0.0000
vt 0.4167 0.0000
vt 0.4167 1.0000
vt 0.3333 1.0000
vt 0.4167 0.0000
vt 0.5000 0.0000
vt 0.5000 1.0000
vt 0.4167 1.0000
vt 0.5000 0.0000
vt 0.5833 0.0000
vt 0.5833 1.0000
vt 0.5000 1.0000
vt 0.5833 0.0000
vt 0.6667 0.0000
vt 0.6667 1.0000
vt 0.5833 1.0000
vt 0.6667 0.0000
vt 0.7500 0.0000
vt 0.7500 1.0000
vt 0.6667 1.0000
vt 0.7500 0.0000
vt 0.8333 0.0000
vt 0.8333 1.0000
vt 0.7500 1.0000
vt 0.8333 0.0000
vt 0.9167 0.0000
vt 0.9167 1.0000
vt 0.8333 1.0000
vt 0.9167 0.0000
vt 0.9167 1.0000
vt 1.0000 1.0000
vt 1.0000 0.0000
vt 0.5000 0.5000
vt 1.0000 0.5000
vt 0.9330 0.7500
vt 0.5000 0.5000
vt 0.9330 0.7500
vt 1.0000 0.5000
vt 0.5000 0.5000
vt 0.9330 0.7500
vt 0.7500 0.9330
vt 0.5000 0.5000
vt 0.7500 0.9330
vt 0.9330 0.7500
vt 0.5000 0.5000
vt 0.7500 0.9330
vt 0.5000 1.0000
vt 0.5000 0.5000
vt 0.5000 1.0000
vt 0.7500 0.9330
vt 0.5000 0.5000
vt 0.5000 1.0000
vt 0.2500 0.9330
vt 0.5000 0.5000
vt 0.2500 0.9330
vt 0.5000 1.0000
vt 0.5000 0.5000
vt 0.2500 0.9330
vt 0.0670 0.7500
vt 0.5000 0.5000
vt 0.0670 0.7500
vt 0.2500 0.9330
vt 0.5000 0.5000
vt 0.0670 0.7500
vt 0.0000 0.5000
vt 0.5000 0.5000
vt 0.0000 0.5000
vt 0.0670 0.7500
vt 0.5000 0.5000
vt 0.0000 0.5000
vt 0.0670 0.2500
vt 0.5000 0.5000
vt 0.0670 0.2500
vt 0.0000 0.5000
vt 0.5000 0.5000
vt 0.0670 0.2500
vt 0.2500 0.0670
vt 0.5000 0.5000
vt 0.2500 0.0670
vt 0.0670 0.2500
vt 0.5000 0.5000
vt 0.2500 0.0670
vt 0.5000 0.0000
vt 0.5000 0.5000
vt 0.5000 0.0000
vt 0.2500 0.0670
vt 0.5000 0.5000
vt 0.5000 0.0000
vt 0.7500 0.0670
vt 0.5000 0.5000
vt 0.7500 0.0670
vt 0.5000 0.0000
vt 0.5000 0.5000
vt 0.7500 0.0670
vt 0.9330 0.2500
vt 0.5000 0.5000
vt 0.9330 0.2500
vt 0.7500 0.0670
vt 0.5000 0.5000
vt 0.9330 0.2500
vt 1.0000 0.5000
vt 0.5000 0.5000
vt 1.0000 0.5000
vt 0.9330 0.2500
vt 0.0000 0.0000
vt 0.7600 0.0000
vt 0.7600 0.1600
vt 0.0000 0.1600
vt 0.0000 0.0000
vt 0.7600 0.0000
vt 0.7600 0.1600
vt 0.0000 0.1600
vt 0.0000 0.0000
vt 0.0000 0.0800
vt 0.7600 0.0800
vt 0.7600 0.0000
vt 0.0000 0.0000
vt 0.0000 0.0800
vt 0.7600 0.0800
vt 0.7600 0.0000
vt 0.0000 0.0000
vt 0.0000 0.0800
vt 0.1600 0.0800
vt 0.1600 0.0000
vt 0.0000 0.0000
vt 0.0000 0.0800
vt 0.1600 0.0800
vt 0.1600 0.0000
vt 0.0000 0.0000
vt 0.0833 0.0000
vt 0.0833 1.0000
vt 0.0000 1.0000
vt 0.0833 0.0000
vt 0.1667 0.0000
vt 0.1667 1.0000
vt 0.0833 1.0000
vt 0.1667 0.0000
vt 0.2500 0.0000
vt 0.2500 1.0000
vt 0.1667 1.0000
vt 0.2500 0.0000
vt 0.3333 0.0000
vt 0.3333 1.0000
vt 0.2500 1.0000
vt 0.3333 0.0000
vt 0.4167 0.0000
vt 0.4167 1.0000
vt 0.3333 1.0000
vt 0.4167 0.0000
vt 0.5000 0.0000
vt 0.5000 1.0000
vt 0.4167 1.0000
vt 0.5000 0.0000
vt 0.5833 0.0000
vt 0.5833 1.0000
vt 0.5000 1.0000
vt 0.5833 0.0000
vt 0.6667 0.0000
vt 0.6667 1.0000
vt 0.5833 1.0000
vt 0.6667 0.0000
vt 0.7500 0.0000
vt 0.7500 1.0000
vt 0.6667 1.0000
vt 0.7500 0.0000
vt 0.8333 0.0000
vt 0.8333 1.0000
vt 0.7500 1.0000
vt 0.8333 0.0000
vt 0.9167 0.0000
vt 0.9167 1.0000
vt 0.8333 1.0000
vt 0.9167 0.0000
vt 0.9167 1.0000
vt 1.0000 1.0000
vt 1.0000 0.0000
vt 0.5000 0.5000
vt 1.0000 0.5000
vt 0.9330 0.7500
vt 0.5000 0.5000
vt 0.9330 0.7500
vt 1.0000 0.5000
vt 0.5000 0.5000
vt 0.9330 0.7500
vt 0.7500 0.9330
vt 0.5000 0.5000
vt 0.7500 0.9330
vt 0.9330 0.7500
vt 0.5000 0.5000
vt 0.7500 0.9330
vt 0.5000 1.0000
vt 0.5000 0.5000
vt 0.5000 1.0000
vt 0.7500 0.9330
vt 0.5000 0.5000
vt 0.5000 1.0000
vt 0.2500 0.9330
vt 0.5000 0.5000
vt 0.2500 0.9330
vt 0.5000 1.0000
vt 0.5000 0.5000
vt 0.2500 0.9330
vt 0.0670 0.7500
vt 0.5000 0.5000
vt 0.0670 0.7500
vt 0.2500 0.9330
vt 0.5000 0.5000
vt 0.0670 0.7500
vt 0.0000 0.5000
vt 0.5000 0.5000
vt 0.0000 0.5000
vt 0.0670 0.7500
vt 0.5000 0.5000
vt 0.0000 0.5000
vt 0.0670 0.2500
vt 0.5000 0.5000
vt 0.0670 0.2500
vt 0.0000 0.5000
vt 0.5000 0.5000
vt 0.0670 0.2500
vt 0.2500 0.0670
vt 0.5000 0.5000
vt 0.2500 0.0670
vt 0.0670 0.2500
vt 0.5000 0.5000
vt 0.2500 0.0670
vt 0.5000 0.0000
vt 0.5000 0.5000
vt 0.5000 0.0000
vt 0.2500 0.0670
vt 0.5000 0.5000
vt 0.5000 0.0000
vt 0.7500 0.0670
vt 0.5000 0.5000
vt 0.7500 0.0670
vt 0.5000 0.0000
vt 0.5000 0.5000
vt 0.7500 0.0670
vt 0.9330 0.2500
vt 0.5000 0.5000
vt 0.9330 0.2500
vt 0.7500 0.0670
vt 0.5000 0.5000
vt 0.9330 0.2500
vt 1.0000 0.5000
vt 0.5000 0.5000
vt 1.0000 0.5000
vt 0.9330 0.2500
vt 0.0000 0.0000
vt 0.0833 0.0000
vt 0.0833 1.0000
vt 0.0000 1.0000
vt 0.0833 0.0000
vt 0.1667 0.0000
vt 0.1667 1.0000
vt 0.0833 1.0000
vt 0.1667 0.0000
vt 0.2500 0.0000
vt 0.2500 1.0000
vt 0.1667 1.0000
vt 0.2500 0.0000
vt 0.3333 0.0000
vt 0.3333 1.0000
vt 0.2500 1.0000
vt 0.3333 0.0000
vt 0.4167 0.0000
vt 0.4167 1.0000
vt 0.3333 1.0000
vt 0.4167 0.0000
vt 0.5000 0.0000
vt 0.5000 1.0000
vt 0.4167 1.0000
vt 0.5000 0.0000
vt 0.5833 0.0000
vt 0.5833 1.0000
vt 0.5000 1.0000
vt 0.5833 0.0000
vt 0.6667 0.0000
vt 0.6667 1.0000
vt 0.5833 1.0000
vt 0.6667 0.0000
vt 0.7500 0.0000
vt 0.7500 1.0000
vt 0.6667 1.0000
vt 0.7500 0.0000
vt 0.8333 0.0000
vt 0.8333 1.0000
vt 0.7500 1.0000
vt 0.8333 0.0000
vt 0.9167 0.0000
vt 0.9167 1.0000
vt 0.8333 1.0000
vt 0.9167 0.0000
vt 0.9167 1.0000
vt 1.0000 1.0000
vt 1.0000 0.0000
vt 0.0000 0.0000
vt 0.0833 0.0000
vt 0.0833 1.0000
vt 0.0000 1.0000
vt 0.0833 0.0000
vt 0.1667 0.0000
vt 0.1667 1.0000
vt 0.0833 1.0000
vt 0.1667 0.0000
vt 0.2500 0.0000
vt 0.2500 1.0000
vt 0.1667 1.0000
vt 0.2500 0.0000
vt 0.3333 0.0000
vt 0.3333 1.0000
vt 0.2500 1.0000
vt 0.3333 0.0000
vt 0.4167 0.0000
vt 0.4167 1.0000
vt 0.3333 1.0000
vt 0.4167 0.0000
vt 0.5000 0.0000
vt 0.5000 1.0000
vt 0.4167 1.0000
vt 0.5000 0.0000
vt 0.5833 0.0000
vt 0.5833 1.0000
vt 0.5000 1.0000
vt 0.5833 0.0000
vt 0.6667 0.0000
vt 0.6667 1.0000
vt 0.5833 1.0000
vt 0.6667 0.0000
vt 0.7500 0.0000
vt 0.7500 1.0000
vt 0.6667 1.0000
vt 0.7500 0.0000
vt 0.8333 0.0000
vt 0.8333 1.0000
vt 0.7500 1.0000
vt 0.8333 0.0000
vt 0.9167 0.0000
vt 0.9167 1.0000
vt 0.8333 1.0000
vt 0.9167 0.0000
vt 0.9167 1.0000
vt 1.0000 1.0000
vt 1.0000 0.0000
vt 0.5000 0.5000
vt 1.0000 0.5000
vt 0.9330 0.7500
vt 0.5000 0.5000
vt 0.9330 0.7500
vt 1.0000 0.5000
vt 0.5000 0.5000
vt 0.9330 0.7500
vt 0.7500 0.9330
vt 0.5000 0.5000
vt 0.7500 0.9330
vt 0.9330 0.7500
vt 0.5000 0.5000
vt 0.7500 0.9330
vt 0.5000 1.0000
vt 0.5000 0.5000
vt 0.5000 1.0000
vt 0.7500 0.9330
vt 0.5000 0.5000
vt 0.5000 1.0000
vt 0.2500 0.9330
vt 0.5000 0.5000
vt 0.2500 0.9330
vt 0.5000 1.0000
vt 0.5000 0.5000
vt 0.2500 0.9330
vt 0.0670 0.7500
vt 0.5000 0.5000
vt 0.0670 0.7500
vt 0.2500 0.9330
vt 0.5000 0.5000
vt 0.0670 0.7500
vt 0.0000 0.5000
vt 0.5000 0.5000
vt 0.0000 0.5000
vt 0.0670 0.7500
vt 0.5000 0.5000
vt 0.0000 0.5000
vt 0.0670 0.2500
vt 0.5000 0.5000
vt 0.0670 0.2500
vt 0.0000 0.5000
vt 0.5000 0.5000
vt 0.0670 0.2500
vt 0.2500 0.0670
vt 0.5000 0.5000
vt 0.2500 0.0670
vt 0.0670 0.2500
vt 0.5000 0.5000
vt 0.2500 0.0670
vt 0.5000 0.0000
vt 0.5000 0.5000
vt 0.5000 0.0000
vt 0.2500 0.0670
vt 0.5000 0.5000
vt 0.5000 0.0000
vt 0.7500 0.0670
vt 0.5000 0.5000
vt 0.7500 0.0670
vt 0.5000 0.0000
vt 0.5000 0.5000
vt 0.7500 0.0670
vt 0.9330 0.2500
vt 0.5000 0.5000
vt 0.9330 0.2500
vt 0.7500 0.0670
vt 0.5000 0.5000
vt 0.9330 0.2500
vt 1.0000 0.5000
vt 0.5000 0.5000
vt 1.0000 0.5000
vt 0.9330 0.2500
vt 0.0000 0.0000
vt 0.7600 0.0000
vt 0.7600 0.1600
vt 0.0000 0.1600
vt 0.0000 0.0000
vt 0.7600 0.0000
vt 0.7600 0.1600
vt 0.0000 0.1600
vt 0.0000 0.0000
vt 0.0000 0.0800
vt 0.7600 0.0800
vt 0.7600 0.0000
vt 0.0000 0.0000
vt 0.0000 0.0800
vt 0.7600 0.0800
vt 0.7600 0.0000
vt 0.0000 0.0000
vt 0.0000 0.0800
vt 0.1600 0.0800
vt 0.1600 0.0000
vt 0.0000 0.0000
vt 0.0000 0.0800
vt 0.1600 0.0800
vt 0.1600 0.0000
vt 0.0000 0.0000
vt 0.0400 0.0000
vt 0.0400 0.0700
vt 0.0000 0.0700
vt 0.0000 0.0000
vt 0.0400 0.0000
vt 0.0400 0.0700
vt 0.0000 0.0700
vt 0.0000 0.0000
vt 0.0000 3.4000
vt 0.0400 3.4000
vt 0.0400 0.0000
vt 0.0000 0.0000
vt 0.0000 3.4000
vt 0.0400 3.4000
vt 0.0400 0.0000
vt 0.0000 0.0000
vt 0.0000 3.4000
vt 0.0700 3.4000
vt 0.0700 0.0000
vt 0.0000 0.0000
vt 0.0000 3.4000
vt 0.0700 3.4000
vt 0.0700 0.0000
vt 0.0000 0.0000
vt 0.0400 0.0000
vt 0.0400 0.0700
vt 0.0000 0.0700
vt 0.0000 0.0000
vt 0.0400 0.0000
vt 0.0400 0.0700
vt 0.0000 0.0700
vt 0.0000 0.0000
vt 0.0000 3.4000
vt 0.0400 3.4000
vt 0.0400 0.0000
vt 0.0000 0.0000
vt 0.0000 3.4000
vt 0.0400 3.4000
vt 0.0400 0.0000
vt 0.0000 0.0000
vt 0.0000 3.4000
vt 0.0700 3.4000
vt 0.0700 0.0000
vt 0.0000 0.0000
vt 0.0000 3.4000
vt 0.0700 3.4000
vt 0.0700 0.0000
vt 0.0000 0.0000
vt 0.5500 0.0000
vt 0.5500 0.0400
vt 0.0000 0.0400
vt 0.0000 0.0000
vt 0.5500 0.0000
vt 0.5500 0.0400
vt 0.0000 0.0400
vt 0.0000 0.0000
vt 0.0000 0.0360
vt 0.5500 0.0360
vt 0.5500 0.0000
vt 0.0000 0.0000
vt 0.0000 0.0360
vt 0.5500 0.0360
vt 0.5500 0.0000
vt 0.0000 0.0000
vt 0.0000 0.0360
vt 0.0400 0.0360
vt 0.0400 0.0000
vt 0.0000 0.0000
vt 0.0000 0.0360
vt 0.0400 0.0360
vt 0.0400 0.0000
vt 0.0000 0.0000
vt 0.5500 0.0000
vt 0.5500 0.0400
vt 0.0000 0.0400
vt 0.0000 0.0000
vt 0.5500 0.0000
vt 0.5500 0.0400
vt 0.0000 0.0400
vt 0.0000 0.0000
vt 0.0000 0.0360
vt 0.5500 0.0360
vt 0.5500 0.0000
vt 0.0000 0.0000
vt 0.0000 0.0360
vt 0.5500 0.0360
vt 0.5500 0.0000
vt 0.0000 0.0000
vt 0.0000 0.0360
vt 0.0400 0.0360
vt 0.0400 0.0000
vt 0.0000 0.0000
vt 0.0000 0.0360
vt 0.0400 0.0360
vt 0.0400 0.0000
vt 0.0000 0.0000
vt 0.5500 0.0000
vt 0.5500 0.0400
vt 0.0000 0.0400
vt 0.0000 0.0000
vt 0.5500 0.0000
vt 0.5500 0.0400
vt 0.0000 0.0400
vt 0.0000 0.0000
vt 0.0000 0.0360
vt 0.5500 0.0360
vt 0.5500 0.0000
vt 0.0000 0.0000
vt 0.0000 0.0360
vt 0.5500 0.0360
vt 0.5500 0.0000
vt 0.0000 0.0000
vt 0.0000 0.0360
vt 0.0400 0.0360
vt 0.0400 0.0000
vt 0.0000 0.0000
vt 0.0000 0.0360
vt 0.0400 0.0360
vt 0.0400 0.0000
vt 0.0000 0.0000
vt 0.5500 0.0000
vt 0.5500 0.0400
vt 0.0000 0.0400
vt 0.0000 0.0000
vt 0.5500 0.0000
vt 0.5500 0.0400
vt 0.0000 0.0400
vt 0.0000 0.0000
vt 0.0000 0.0360
vt 0.5500 0.0360
vt 0.5500 0.0000
vt 0.0000 0.0000
vt 0.0000 0.0360
vt 0.5500 0.0360
vt 0.5500 0.0000
vt 0.0000 0.0000
vt 0.0000 0.0360
vt 0.0400 0.0360
vt 0.0400 0.0000
vt 0.0000 0.0000
vt 0.0000 0.0360
vt 0.0400 0.0360
vt 0.0400 0.0000
vt 0.0000 0.0000
vt 0.5500 0.0000
vt 0.5500 0.0400
vt 0.0000 0.0400
vt 0.0000 0.0000
vt 0.5500 0.0000
vt 0.5500 0.0400
vt 0.0000 0.0400
vt 0.0000 0.0000
vt 0.0000 0.0360
vt 0.5500 0.0360
vt 0.5500 0.0000
vt 0.0000 0.0000
vt 0.0000 0.0360
vt 0.5500 0.0360
vt 0.5500 0.0000
vt 0.0000 0.0000
vt 0.0000 0.0360
vt 0.0400 0.0360
vt 0.0400 0.0000
vt 0.0000 0.0000
vt 0.0000 0.0360
vt 0.0400 0.0360
vt 0.0400 0.0000
vt 0.0000 0.0000
vt 0.5500 0.0000
vt 0.5500 0.0400
vt 0.0000 0.0400
vt 0.0000 0.0000
vt 0.5500 0.0000
vt 0.5500 0.0400
vt 0.0000 0.0400
vt 0.0000 0.0000
vt 0.0000 0.0360
vt 0.5500 0.0360
vt 0.5500 0.0000
vt 0.0000 0.0000
vt 0.0000 0.0360
vt 0.5500 0.0360
vt 0.5500 0.0000
vt 0.0000 0.0000
vt 0.0000 0.0360
vt 0.0400 0.0360
vt 0.0400 0.0000
vt 0.0000 0.0000
vt 0.0000 0.0360
vt 0.0400 0.0360
vt 0.0400 0.0000
vt 0.0000 0.0000
vt 0.5500 0.0000
vt 0.5500 0.0400
vt 0.0000 0.0400
vt 0.0000 0.0000
vt 0.5500 0.0000
vt 0.5500 0.0400
vt 0.0000 0.0400
vt 0.0000 0.0000
vt 0.0000 0.0360
vt 0.5500 0.0360
vt 0.5500 0.0000
vt 0.0000 0.0000
vt 0.0000 0.0360
vt 0.5500 0.0360
vt 0.5500 0.0000
vt 0.0000 0.0000
vt 0.0000 0.0360
vt 0.0400 0.0360
vt 0.0400 0.0000
vt 0.0000 0.0000
vt 0.0000 0.0360
vt 0.0400 0.0360
vt 0.0400 0.0000
vt 0.0000 0.0000
vt 0.5500 0.0000
vt 0.5500 0.0400
vt 0.0000 0.0400
vt 0.0000 0.0000
vt 0.5500 0.0000
vt 0.5500 0.0400
vt 0.0000 0.0400
vt 0.0000 0.0000
vt 0.0000 0.0360
vt 0.5500 0.0360
vt 0.5500 0.0000
vt 0.0000 0.0000
vt 0.0000 0.0360
vt 0.5500 0.0360
vt 0.5500 0.0000
vt 0.0000 0.0000
vt 0.0000 0.0360
vt 0.0400 0.0360
vt 0.0400 0.0000
vt 0.0000 0.0000
vt 0.0000 0.0360
vt 0.0400 0.0360
vt 0.0400 0.0000
vt 0.0000 0.0000
vt 0.5500 0.0000
vt 0.5500 0.0400
vt 0.0000 0.0400
vt 0.0000 0.0000
vt 0.5500 0.0000
vt 0.5500 0.0400
vt 0.0000 0.0400
vt 0.0000 0.0000
vt 0.0000 0.0360
vt 0.5500 0.0360
vt 0.5500 0.0000
vt 0.0000 0.0000
vt 0.0000 0.0360
vt 0.5500 0.0360
vt 0.5500 0.0000
vt 0.0000 0.0000
vt 0.0000 0.0360
vt 0.0400 0.0360
vt 0.0400 0.0000
vt 0.0000 0.0000
vt 0.0000 0.0360
vt 0.0400 0.0360
vt 0.0400 0.0000
vt 0.0000 0.0000
vt 0.5500 0.0000
vt 0.5500 0.0400
vt 0.0000 0.0400
vt 0.0000 0.0000
vt 0.5500 0.0000
vt 0.5500 0.0400
vt 0.0000 0.0400
vt 0.0000 0.0000
vt 0.0000 0.0360
vt 0.5500 0.0360
vt 0.5500 0.0000
vt 0.0000 0.0000
vt 0.0000 0.0360
vt 0.5500 0.0360
vt 0.5500 0.0000
vt 0.0000 0.0000
vt 0.0000 0.0360
vt 0.0400 0.0360
vt 0.0400 0.0000
vt 0.0000 0.0000
vt 0.0000 0.0360
vt 0.0400 0.0360
vt 0.0400 0.0000
vt 0.0000 0.0000
vt 0.0700 0.0000
vt 0.0700 0.0400
vt 0.0000 0.0400
vt 0.0000 0.0000
vt 0.0700 0.0000
vt 0.0700 0.0400
vt 0.0000 0.0400
vt 0.0000 0.0000
vt 0.0000 3.4000
vt 0.0700 3.4000
vt 0.0700 0.0000
vt 0.0000 0.0000
vt 0.0000 3.4000
vt 0.0700 3.4000
vt 0.0700 0.0000
vt 0.0000 0.0000
vt 0.0000 3.4000
vt 0.0400 3.4000
vt 0.0400 0.0000
vt 0.0000 0.0000
vt 0.0000 3.4000
vt 0.0400 3.4000
vt 0.0400 0.0000
vt 0.0000 0.0000
vt 0.0700 0.0000
vt 0.0700 0.0400
vt 0.0000 0.0400
vt 0.0000 0.0000
vt 0.0700 0.0000
vt 0.0700 0.0400
vt 0.0000 0.0400
vt 0.0000 0.0000
vt 0.0000 3.4000
vt 0.0700 3.4000
vt 0.0700 0.0000
vt 0.0000 0.0000
vt 0.0000 3.4000
vt 0.0700 3.4000
vt 0.0700 0.0000
vt 0.0000 0.0000
vt 0.0000 3.4000
vt 0.0400 3.4000
vt 0.0400 0.0000
vt 0.0000 0.0000
vt 0.0000 3.4000
vt 0.0400 3.4000
vt 0.0400 0.0000
vt 0.0000 0.0000
vt 0.0400 0.0000
vt 0.0400 0.5500
vt 0.0000 0.5500
vt 0.0000 0.0000
vt 0.0400 0.0000
vt 0.0400 0.5500
vt 0.0000 0.5500
vt 0.0000 0.0000
vt 0.0000 0.0360
vt 0.0400 0.0360
vt 0.0400 0.0000
vt 0.0000 0.0000
vt 0.0000 0.0360
vt 0.0400 0.0360
vt 0.0400 0.0000
vt 0.0000 0.0000
vt 0.0000 0.0360
vt 0.5500 0.0360
vt 0.5500 0.0000
vt 0.0000 0.0000
vt 0.0000 0.0360
vt 0.5500 0.0360
vt 0.5500 0.0000
vt 0.0000 0.0000
vt 0.0400 0.0000
vt 0.0400 0.5500
vt 0.0000 0.5500
vt 0.0000 0.0000
vt 0.0400 0.0000
vt 0.0400 0.5500
vt 0.0000 0.5500
vt 0.0000 0.0000
vt 0.0000 0.0360
vt 0.0400 0.0360
vt 0.0400 0.0000
vt 0.0000 0.0000
vt 0.0000 0.0360
vt 0.0400 0.0360
vt 0.0400 0.0000
vt 0.0000 0.0000
vt 0.0000 0.0360
vt 0.5500 0.0360
vt 0.5500 0.0000
vt 0.0000 0.0000
vt 0.0000 0.0360
vt 0.5500 0.0360
vt 0.5500 0.0000
vt 0.0000 0.0000
vt 0.0400 0.0000
vt 0.0400 0.5500
vt 0.0000 0.5500
vt 0.0000 0.0000
vt 0.0400 0.0000
vt 0.0400 0.5500
vt 0.0000 0.5500
vt 0.0000 0.0000
vt 0.0000 0.0360
vt 0.0400 0.0360
vt 0.0400 0.0000
vt 0.0000 0.0000
vt 0.0000 0.0360
vt 0.0400 0.0360
vt 0.0400 0.0000
vt 0.0000 0.0000
vt 0.0000 0.0360
vt 0.5500 0.0360
vt 0.5500 0.0000
vt 0.0000 0.0000
vt 0.0000 0.0360
vt 0.5500 0.0360
vt 0.5500 0.0000
vt 0.0000 0.0000
vt 0.0400 0.0000
vt 0.0400 0.5500
vt 0.0000 0.5500
vt 0.0000 0.0000
vt 0.0400 0.0000
vt 0.0400 0.5500
vt 0.0000 0.5500
vt 0.0000 0.0000
vt 0.0000 0.0360
vt 0.0400 0.0360
vt 0.0400 0.0000
vt 0.0000 0.0000
vt 0.0000 0.0360
vt 0.0400 0.0360
vt 0.0400 0.0000
vt 0.0000 0.0000
vt 0.0000 0.0360
vt 0.5500 0.0360
vt 0.5500 0.0000
vt 0.0000 0.0000
vt 0.0000 0.0360
vt 0.5500 0.0360
vt 0.5500 0.0000
vt 0.0000 0.0000
vt 0.0400 0.0000
vt 0.0400 0.5500
vt 0.0000 0.5500
vt 0.0000 0.0000
vt 0.0400 0.0000
vt 0.0400 0.5500
vt 0.0000 0.5500
vt 0.0000 0.0000
vt 0.0000 0.0360
vt 0.0400 0.0360
vt 0.0400 0.0000
vt 0.0000 0.0000
vt 0.0000 0.0360
vt 0.0400 0.0360
vt 0.0400 0.0000
vt 0.0000 0.0000
vt 0.0000 0.0360
vt 0.5500 0.0360
vt 0.5500 0.0000
vt 0.0000 0.0000
vt 0.0000 0.0360
vt 0.5500 0.0360
vt 0.5500 0.0000
vt 0.0000 0.0000
vt 0.0400 0.0000
vt 0.0400 0.5500
vt 0.0000 0.5500
vt 0.0000 0.0000
vt 0.0400 0.0000
vt 0.0400 0.5500
vt 0.0000 0.5500
vt 0.0000 0.0000
vt 0.0000 0.0360
vt 0.0400 0.0360
vt 0.0400 0.0000
vt 0.0000 0.0000
vt 0.0000 0.0360
vt 0.0400 0.0360
vt 0.0400 0.0000
vt 0.0000 0.0000
vt 0.0000 0.0360
vt 0.5500 0.0360
vt 0.5500 0.0000
vt 0.0000 0.0000
vt 0.0000 0.0360
vt 0.5500 0.0360
vt 0.5500 0.0000
vt 0.0000 0.0000
vt 0.0400 0.0000
vt 0.0400 0.5500
vt 0.0000 0.5500
vt 0.0000 0.0000
vt 0.0400 0.0000
vt 0.0400 0.5500
vt 0.0000 0.5500
vt 0.0000 0.0000
vt 0.0000 0.0360
vt 0.0400 0.0360
vt 0.0400 0.0000
vt 0.0000 0.0000
vt 0.0000 0.0360
vt 0.0400 0.0360
vt 0.0400 0.0000
vt 0.0000 0.0000
vt 0.0000 0.0360
vt 0.5500 0.0360
vt 0.5500 0.0000
vt 0.0000 0.0000
vt 0.0000 0.0360
vt 0.5500 0.0360
vt 0.5500 0.0000
vt 0.0000 0.0000
vt 0.0400 0.0000
vt 0.0400 0.5500
vt 0.0000 0.5500
vt 0.0000 0.0000
vt 0.0400 0.0000
vt 0.0400 0.5500
vt 0.0000 0.5500
vt 0.0000 0.0000
vt 0.0000 0.0360
vt 0.0400 0.0360
vt 0.0400 0.0000
vt 0.0000 0.0000
vt 0.0000 0.0360
vt 0.0400 0.0360
vt 0.0400 0.0000
vt 0.0000 0.0000
vt 0.0000 0.0360
vt 0.5500 0.0360
vt 0.5500 0.0000
vt 0.0000 0.0000
vt 0.0000 0.0360
vt 0.5500 0.0360
vt 0.5500 0.0000
vt 0.0000 0.0000
vt 0.0400 0.0000
vt 0.0400 0.5500
vt 0.0000 0.5500
vt 0.0000 0.0000
vt 0.0400 0.0000
vt 0.0400 0.5500
vt 0.0000 0.5500
vt 0.0000 0.0000
vt 0.0000 0.0360
vt 0.0400 0.0360
vt 0.0400 0.0000
vt 0.0000 0.0000
vt 0.0000 0.0360
vt 0.0400 0.0360
vt 0.0400 0.0000
vt 0.0000 0.0000
vt 0.0000 0.0360
vt 0.5500 0.0360
vt 0.5500 0.0000
vt 0.0000 0.0000
vt 0.0000 0.0360
vt 0.5500 0.0360
vt 0.5500 0.0000
vt 0.0000 0.0000
vt 0.0400 0.0000
vt 0.0400 0.5500
vt 0.0000 0.5500
vt 0.0000 0.0000
vt 0.0400 0.0000
vt 0.0400 0.5500
vt 0.0000 0.5500
vt 0.0000 0.0000
vt 0.0000 0.0360
vt 0.0400 0.0360
vt 0.0400 0.0000
vt 0.0000 0.0000
vt 0.0000 0.0360
vt 0.0400 0.0360
vt 0.0400 0.0000
vt 0.0000 0.0000
vt 0.0000 0.0360
vt 0.5500 0.0360
vt 0.5500 0.0000
vt 0.0000 0.0000
vt 0.0000 0.0360
vt 0.5500 0.0360
vt 0.5500 0.0000

vn 0.0000 0.0000 1.0000
vn 0.0000 0.0000 1.0000
vn 0.0000 0.0000 1.0000
vn 0.0000 -1.0000 0.0000
vn 1.0000 0.0000 0.0000
vn 0.0000 0.0000 1.0000
vn 0.0000 0.0000 1.0000
vn 0.0000 0.0000 1.0000
vn 0.0000 1.0000 0.0000
vn 0.0000 1.0000 0.0000
vn 0.0000 1.0000 0.0000
vn -1.0000 0.0000 0.0000
vn -1.0000 0.0000 0.0000
vn -1.0000 0.0000 0.0000
vn 0.0000 -1.0000 0.0000
vn 1.0000 0.0000 0.0000
vn -1.0000 0.0000 0.0000
vn 0.0000 1.0000 0.0000
vn 0.0000 0.0000 -1.0000
vn 0.0000 0.0000 -1.0000
vn -0.9808 0.1951 0.0000
vn -0.8315 0.5556 0.0000
vn -0.5556 0.8315 0.0000
vn -0.1951 0.9808 0.0000
vn 0.1951 0.9808 0.0000
vn 0.5556 0.8315 0.0000
vn 0.8315 0.5556 0.0000
vn 0.9808 0.1951 0.0000
vn 0.0000 0.0000 1.0000
vn 0.0000 0.0000 -1.0000
vn 0.0000 0.0000 1.0000
vn 0.0000 0.0000 -1.0000
vn 0.0000 0.0000 1.0000
vn 0.0000 0.0000 -1.0000
vn 0.0000 0.0000 1.0000
vn 0.0000 0.0000 -1.0000
vn 0.0000 0.0000 1.0000
vn 0.0000 0.0000 -1.0000
vn 0.0000 0.0000 1.0000
vn 0.0000 0.0000 -1.0000
vn 0.0000 0.0000 1.0000
vn 0.0000 0.0000 -1.0000
vn 0.0000 0.0000 1.0000
vn 0.0000 0.0000 -1.0000
vn -0.9808 0.1951 0.0000
vn -0.8315 0.5556 0.0000
vn -0.5556 0.8315 0.0000
vn -0.1951 0.9808 0.0000
vn 0.1951 0.9808 0.0000
vn 0.5556 0.8315 0.0000
vn 0.8315 0.5556 0.0000
vn 0.9808 0.1951 0.0000
vn 0.0000 0.0000 1.0000
vn 0.0000 0.0000 -1.0000
vn 0.0000 0.0000 1.0000
vn 0.0000 0.0000 -1.0000
vn 0.0000 0.0000 1.0000
vn 0.0000 0.0000 -1.0000
vn 0.0000 0.0000 1.0000
vn 0.0000 0.0000 -1.0000
vn 0.0000 0.0000 1.0000
vn 0.0000 0.0000 -1.0000
vn 0.0000 0.0000 1.0000
vn 0.0000 0.0000 -1.0000
vn 0.0000 0.0000 1.0000
vn 0.0000 0.0000 -1.0000
vn 0.0000 0.0000 1.0000
vn 0.0000 0.0000 -1.0000
vn -0.9808 0.1951 0.0000
vn -0.8315 0.5556 0.0000
vn -0.5556 0.8315 0.0000
vn -0.1951 0.9808 0.0000
vn 0.1951 0.9808 0.0000
vn 0.5556 0.8315 0.0000
vn 0.8315 0.5556 0.0000
vn 0.9808 0.1951 0.0000
vn 0.0000 0.0000 1.0000
vn 0.0000 0.0000 -1.0000
vn 0.0000 0.0000 1.0000
vn 0.0000 0.0000 -1.0000
vn 0.0000 0.0000 1.0000
vn 0.0000 0.0000 -1.0000
vn 0.0000 0.0000 1.0000
vn 0.0000 0.0000 -1.0000
vn 0.0000 0.0000 1.0000
vn 0.0000 0.0000 -1.0000
vn 0.0000 0.0000 1.0000
vn 0.0000 0.0000 -1.0000
vn 0.0000 0.0000 1.0000
vn 0.0000 0.0000 -1.0000
vn 0.0000 0.0000 1.0000
vn 0.0000 0.0000 -1.0000
vn -0.9808 0.1951 0.0000
vn -0.8315 0.5556 0.0000
vn -0.5556 0.8315 0.0000
vn -0.1951 0.9808 0.0000
vn 0.1951 0.9808 0.0000
vn 0.5556 0.8315 0.0000
vn 0.8315 0.5556 0.0000
vn 0.9808 0.1951 0.0000
vn 0.0000 0.0000 1.0000
vn 0.0000 0.0000 -1.0000
vn 0.0000 0.0000 1.0000
vn 0.0000 0.0000 -1.0000
vn 0.0000 0.0000 1.0000
vn 0.0000 0.0000 -1.0000
vn 0.0000 0.0000 1.0000
vn 0.0000 0.0000 -1.0000
vn 0.0000 0.0000 1.0000
vn 0.0000 0.0000 -1.0000
vn 0.0000 0.0000 1.0000
vn 0.0000 0.0000 -1.0000
vn 0.0000 0.0000 1.0000
vn 0.0000 0.0000 -1.0000
vn 0.0000 0.0000 1.0000
vn 0.0000 0.0000 -1.0000
vn -0.9808 0.1951 0.0000
vn -0.8315 0.5556 0.0000
vn -0.5556 0.8315 0.0000
vn -0.1951 0.9808 0.0000
vn 0.1951 0.9808 0.0000
vn 0.5556 0.8315 0.0000
vn 0.8315 0.5556 0.0000
vn 0.9808 0.1951 0.0000
vn 0.0000 0.0000 1.0000
vn 0.0000 0.0000 -1.0000
vn 0.0000 0.0000 1.0000
vn 0.0000 0.0000 -1.0000
vn 0.0000 0.0000 1.0000
vn 0.0000 0.0000 -1.0000
vn 0.0000 0.0000 1.0000
vn 0.0000 0.0000 -1.0000
vn 0.0000 0.0000 1.0000
vn 0.0000 0.0000 -1.0000
vn 0.0000 0.0000 1.0000
vn 0.0000 0.0000 -1.0000
vn 0.0000 0.0000 1.0000
vn 0.0000 0.0000 -1.0000
vn 0.0000 0.0000 1.0000
vn 0.0000 0.0000 -1.0000
vn -0.9808 0.1951 0.0000
vn -0.8315 0.5556 0.0000
vn -0.5556 0.8315 0.0000
vn -0.1951 0.9808 0.0000
vn 0.1951 0.9808 0.0000
vn 0.5556 0.8315 0.0000
vn 0.8315 0.5556 0.0000
vn 0.9808 0.1951 0.0000
vn 0.0000 0.0000 1.0000
vn 0.0000 0.0000 -1.0000
vn 0.0000 0.0000 1.0000
vn 0.0000 0.0000 -1.0000
vn 0.0000 0.0000 1.0000
vn 0.0000 0.0000 -1.0000
vn 0.0000 0.0000 1.0000
vn 0.0000 0.0000 -1.0000
vn 0.0000 0.0000 1.0000
vn 0.0000 0.0000 -1.0000
vn 0.0000 0.0000 1.0000
vn 0.0000 0.0000 -1.0000
vn 0.0000 0.0000 1.0000
vn 0.0000 0.0000 -1.0000
vn 0.0000 0.0000 1.0000
vn 0.0000 0.0000 -1.0000
vn -0.1951 -0.9808 0.0000
vn -0.5556 -0.8315 0.0000
vn -0.8315 -0.5556 0.0000
vn -0.9808 -0.1951 0.0000
vn -0.9808 0.1951 0.0000
vn -0.8315 0.5556 0.0000
vn -0.5556 0.8315 0.0000
vn -0.1951 0.9808 0.0000
vn 0.0000 0.0000 1.0000
vn 0.0000 0.0000 -1.0000
vn 0.0000 0.0000 1.0000
vn 0.0000 0.0000 -1.0000
vn 0.0000 0.0000 1.0000
vn 0.0000 0.0000 -1.0000
vn 0.0000 0.0000 1.0000
vn 0.0000 0.0000 -1.0000
vn 0.0000 0.0000 1.0000
vn 0.0000 0.0000 -1.0000
vn 0.0000 0.0000 1.0000
vn 0.0000 0.0000 -1.0000
vn 0.0000 0.0000 1.0000
vn 0.0000 0.0000 -1.0000
vn 0.0000 0.0000 1.0000
vn 0.0000 0.0000 -1.0000
vn -0.1951 -0.9808 0.0000
vn -0.5556 -0.8315 0.0000
vn -0.8315 -0.5556 0.0000
vn -0.9808 -0.1951 0.0000
vn -0.9808 0.1951 0.0000
vn -0.8315 0.5556 0.0000
vn -0.5556 0.8315 0.0000
vn -0.1951 0.9808 0.0000
vn 0.0000 0.0000 1.0000
vn 0.0000 0.0000 -1.0000
vn 0.0000 0.0000 1.0000
vn 0.0000 0.0000 -1.0000
vn 0.0000 0.0000 1.0000
vn 0.0000 0.0000 -1.0000
vn 0.0000 0.0000 1.0000
vn 0.0000 0.0000 -1.0000
vn 0.0000 0.0000 1.0000
vn 0.0000 0.0000 -1.0000
vn 0.0000 0.0000 1.0000
vn 0.0000 0.0000 -1.0000
vn 0.0000 0.0000 1.0000
vn 0.0000 0.0000 -1.0000
vn 0.0000 0.0000 1.0000
vn 0.0000 0.0000 -1.0000
vn -0.1951 -0.9808 0.0000
vn -0.5556 -0.8315 0.0000
vn -0.8315 -0.5556 0.0000
vn -0.9808 -0.1951 0.0000
vn -0.9808 0.1951 0.0000
vn -0.8315 0.5556 0.0000
vn -0.5556 0.8315 0.0000
vn -0.1951 0.9808 0.0000
vn 0.0000 0.0000 1.0000
vn 0.0000 0.0000 -1.0000
vn 0.0000 0.0000 1.0000
vn 0.0000 0.0000 -1.0000
vn 0.0000 0.0000 1.0000
vn 0.0000 0.0000 -1.0000
vn 0.0000 0.0000 1.0000
vn 0.0000 0.0000 -1.0000
vn 0.0000 0.0000 1.0000
vn 0.0000 0.0000 -1.0000
vn 0.0000 0.0000 1.0000
vn 0.0000 0.0000 -1.0000
vn 0.0000 0.0000 1.0000
vn 0.0000 0.0000 -1.0000
vn 0.0000 0.0000 1.0000
vn 0.0000 0.0000 -1.0000
vn 0.9659 0.2588 0.0000
vn 0.7071 0.7071 0.0000
vn 0.2588 0.9659 0.0000
vn -0.2588 0.9659 0.0000
vn -0.7071 0.7071 0.0000
vn -0.9659 0.2588 0.0000
vn -0.9659 -0.2588 0.0000
vn -0.7071 -0.7071 0.0000
vn -0.2588 -0.9659 0.0000
vn 0.2588 -0.9659 0.0000
vn 0.7071 -0.7071 0.0000
vn -0.9659 0.2588 0.0000
vn 0.0000 0.0000 1.0000
vn 0.0000 0.0000 -1.0000
vn 0.0000 0.0000 1.0000
vn 0.0000 0.0000 -1.0000
vn 0.0000 0.0000 1.0000
vn 0.0000 0.0000 -1.0000
vn 0.0000 0.0000 1.0000
vn 0.0000 0.0000 -1.0000
vn 0.0000 0.0000 1.0000
vn 0.0000 0.0000 -1.0000
vn 0.0000 0.0000 1.0000
vn 0.0000 0.0000 -1.0000
vn 0.0000 0.0000 1.0000
vn 0.0000 0.0000 -1.0000
vn 0.0000 0.0000 1.0000
vn 0.0000 0.0000 -1.0000
vn 0.0000 0.0000 1.0000
vn 0.0000 0.0000 -1.0000
vn 0.0000 0.0000 1.0000
vn 0.0000 0.0000 -1.0000
vn 0.0000 0.0000 1.0000
vn 0.0000 0.0000 -1.0000
vn 0.0000 0.0000 1.0000
vn 0.0000 0.0000 -1.0000
vn 0.9659 0.2588 0.0000
vn 0.7071 0.7071 0.0000
vn 0.2588 0.9659 0.0000
vn -0.2588 0.9659 0.0000
vn -0.7071 0.7071 0.0000
vn -0.9659 0.2588 0.0000
vn -0.9659 -0.2588 0.0000
vn -0.7071 -0.7071 0.0000
vn -0.2588 -0.9659 0.0000
vn 0.2588 -0.9659 0.0000
vn 0.7071 -0.7071 0.0000
vn -0.9659 0.2588 0.0000
vn 0.9659 0.2588 0.0000
vn 0.7071 0.7071 0.0000
vn 0.2588 0.9659 0.0000
vn -0.2588 0.9659 0.0000
vn -0.7071 0.7071 0.0000
vn -0.9659 0.2588 0.0000
vn -0.9659 -0.2588 0.0000
vn -0.7071 -0.7071 0.0000
vn -0.2588 -0.9659 0.0000
vn 0.2588 -0.9659 0.0000
vn 0.7071 -0.7071 0.0000
vn -0.9659 0.2588 0.0000
vn 0.0000 0.0000 1.0000
vn 0.0000 0.0000 -1.0000
vn 0.0000 0.0000 1.0000
vn 0.0000 0.0000 -1.0000
vn 0.0000 0.0000 1.0000
vn 0.0000 0.0000 -1.0000
vn 0.0000 0.0000 1.0000
vn 0.0000 0.0000 -1.0000
vn 0.0000 0.0000 1.0000
vn 0.0000 0.0000 -1.0000
vn 0.0000 0.0000 1.0000
vn 0.0000 0.0000 -1.0000
vn 0.0000 0.0000 1.0000
vn 0.0000 0.0000 -1.0000
vn 0.0000 0.0000 1.0000
vn 0.0000 0.0000 -1.0000
vn 0.0000 0.0000 1.0000
vn 0.0000 0.0000 -1.0000
vn 0.0000 0.0000 1.0000
vn 0.0000 0.0000 -1.0000
vn 0.0000 0.0000 1.0000
vn 0.0000 0.0000 -1.0000
vn 0.0000 0.0000 1.0000
vn 0.0000 0.0000 -1.0000
vn 0.0000 0.0000 1.0000
vn 0.0000 0.0000 -1.0000
vn 0.0000 1.0000 0.0000
vn 0.0000 -1.0000 0.0000
vn -1.0000 0.0000 0.0000
vn 1.0000 0.0000 0.0000
vn 0.9659 0.2588 0.0000
vn 0.7071 0.7071 0.0000
vn 0.2588 0.9659 0.0000
vn -0.2588 0.9659 0.0000
vn -0.7071 0.7071 0.0000
vn -0.9659 0.2588 0.0000
vn -0.9659 -0.2588 0.0000
vn -0.7071 -0.7071 0.0000
vn -0.2588 -0.9659 0.0000
vn 0.2588 -0.9659 0.0000
vn 0.7071 -0.7071 0.0000
vn -0.9659 0.2588 0.0000
vn 0.0000 0.0000 1.0000
vn 0.0000 0.0000 -1.0000
vn 0.0000 0.0000 1.0000
vn 0.0000 0.0000 -1.0000
vn 0.0000 0.0000 1.0000
vn 0.0000 0.0000 -1.0000
vn 0.0000 0.0000 1.0000
vn 0.0000 0.0000 -1.0000
vn 0.0000 0.0000 1.0000
vn 0.0000 0.0000 -1.0000
vn 0.0000 0.0000 1.0000
vn 0.0000 0.0000 -1.0000
vn 0.0000 0.0000 1.0000
vn 0.0000 0.0000 -1.0000
vn 0.0000 0.0000 1.0000
vn 0.0000 0.0000 -1.0000
vn 0.0000 0.0000 1.0000
vn 0.0000 0.0000 -1.0000
vn 0.0000 0.0000 1.0000
vn 0.0000 0.0000 -1.0000
vn 0.0000 0.0000 1.0000
vn 0.0000 0.0000 -1.0000
vn 0.0000 0.0000 1.0000
vn 0.0000 0.0000 -1.0000
vn 0.9659 0.2588 0.0000
vn 0.7071 0.7071 0.0000
vn 0.2588 0.9659 0.0000
vn -0.2588 0.9659 0.0000
vn -0.7071 0.7071 0.0000
vn -0.9659 0.2588 0.0000
vn -0.9659 -0.2588 0.0000
vn -0.7071 -0.7071 0.0000
vn -0.2588 -0.9659 0.0000
vn 0.2588 -0.9659 0.0000
vn 0.7071 -0.7071 0.0000
vn -0.9659 0.2588 0.0000
vn 0.9659 0.2588 0.0000
vn 0.7071 0.7071 0.0000
vn 0.2588 0.9659 0.0000
vn -0.2588 0.9659 0.0000
vn -0.7071 0.7071 0.0000
vn -0.9659 0.2588 0.0000
vn -0.9659 -0.2588 0.0000
vn -0.7071 -0.7071 0.0000
vn -0.2588 -0.9659 0.0000
vn 0.2588 -0.9659 0.0000
vn 0.7071 -0.7071 0.0000
vn -0.9659 0.2588 0.0000
vn 0.0000 0.0000 1.0000
vn 0.0000 0.0000 -1.0000
vn 0.0000 0.0000 1.0000
vn 0.0000 0.0000 -1.0000
vn 0.0000 0.0000 1.0000
vn 0.0000 0.0000 -1.0000
vn 0.0000 0.0000 1.0000
vn 0.0000 0.0000 -1.0000
vn 0.0000 0.0000 1.0000
vn 0.0000 0.0000 -1.0000
vn 0.0000 0.0000 1.0000
vn 0.0000 0.0000 -1.0000
vn 0.0000 0.0000 1.0000
vn 0.0000 0.0000 -1.0000
vn 0.0000 0.0000 1.0000
vn 0.0000 0.0000 -1.0000
vn 0.0000 0.0000 1.0000
vn 0.0000 0.0000 -1.0000
vn 0.0000 0.0000 1.0000
vn 0.0000 0.0000 -1.0000
vn 0.0000 0.0000 1.0000
vn 0.0000 0.0000 -1.0000
vn 0.0000 0.0000 1.0000
vn 0.0000 0.0000 -1.0000
vn 0.0000 0.0000 1.0000
vn 0.0000 0.0000 -1.0000
vn 0.0000 1.0000 0.0000
vn 0.0000 -1.0000 0.0000
vn -1.0000 0.0000 0.0000
vn 1.0000 0.0000 0.0000
vn 0.9659 0.2588 0.0000
vn 0.7071 0.7071 0.0000
vn 0.2588 0.9659 0.0000
vn -0.2588 0.9659 0.0000
vn -0.7071 0.7071 0.0000
vn -0.9659 0.2588 0.0000
vn -0.9659 -0.2588 0.0000
vn -0.7071 -0.7071 0.0000
vn -0.2588 -0.9659 0.0000
vn 0.2588 -0.9659 0.0000
vn 0.7071 -0.7071 0.0000
vn -0.9659 0.2588 0.0000
vn 0.0000 0.0000 1.0000
vn 0.0000 0.0000 -1.0000
vn 0.0000 0.0000 1.0000
vn 0.0000 0.0000 -1.0000
vn 0.0000 0.0000 1.0000
vn 0.0000 0.0000 -1.0000
vn 0.0000 0.0000 1.0000
vn 0.0000 0.0000 -1.0000
vn 0.0000 0.0000 1.0000
vn 0.0000 0.0000 -1.0000
vn 0.0000 0.0000 1.0000
vn 0.0000 0.0000 -1.0000
vn 0.0000 0.0000 1.0000
vn 0.0000 0.0000 -1.0000
vn 0.0000 0.0000 1.0000
vn 0.0000 0.0000 -1.0000
vn 0.0000 0.0000 1.0000
vn 0.0000 0.0000 -1.0000
vn 0.0000 0.0000 1.0000
vn 0.0000 0.0000 -1.0000
vn 0.0000 0.0000 1.0000
vn 0.0000 0.0000 -1.0000
vn 0.0000 0.0000 1.0000
vn 0.0000 0.0000 -1.0000
vn 0.9659 0.2588 0.0000
vn 0.7071 0.7071 0.0000
vn 0.2588 0.9659 0.0000
vn -0.2588 0.9659 0.0000
vn -0.7071 0.7071 0.0000
vn -0.9659 0.2588 0.0000
vn -0.9659 -0.2588 0.0000
vn -0.7071 -0.7071 0.0000
vn -0.2588 -0.9659 0.0000
vn 0.2588 -0.9659 0.0000
vn 0.7071 -0.7071 0.0000
vn -0.9659 0.2588 0.0000
vn 0.9659 0.2588 0.0000
vn 0.7071 0.7071 0.0000
vn 0.2588 0.9659 0.0000
vn -0.2588 0.9659 0.0000
vn -0.7071 0.7071 0.0000
vn -0.9659 0.2588 0.0000
vn -0.9659 -0.2588 0.0000
vn -0.7071 -0.7071 0.0000
vn -0.2588 -0.9659 0.0000
vn 0.2588 -0.9659 0.0000
vn 0.7071 -0.7071 0.0000
vn -0.9659 0.2588 0.0000
vn 0.0000 0.0000 1.0000
vn 0.0000 0.0000 -1.0000
vn 0.0000 0.0000 1.0000
vn 0.0000 0.0000 -1.0000
vn 0.0000 0.0000 1.0000
vn 0.0000 0.0000 -1.0000
vn 0.0000 0.0000 1.0000
vn 0.0000 0.0000 -1.0000
vn 0.0000 0.0000 1.0000
vn 0.0000 0.0000 -1.0000
vn 0.0000 0.0000 1.0000
vn 0.0000 0.0000 -1.0000
vn 0.0000 0.0000 1.0000
vn 0.0000 0.0000 -1.0000
vn 0.0000 0.0000 1.0000
vn 0.0000 0.0000 -1.0000
vn 0.0000 0.0000 1.0000
vn 0.0000 0.0000 -1.0000
vn 0.0000 0.0000 1.0000
vn 0.0000 0.0000 -1.0000
vn 0.0000 0.0000 1.0000
vn 0.0000 0.0000 -1.0000
vn 0.0000 0.0000 1.0000
vn 0.0000 0.0000 -1.0000
vn 0.0000 0.0000 1.0000
vn 0.0000 0.0000 -1.0000
vn 0.0000 1.0000 0.0000
vn 0.0000 -1.0000 0.0000
vn -1.0000 0.0000 0.0000
vn 1.0000 0.0000 0.0000
vn 0.9659 0.2588 0.0000
vn 0.7071 0.7071 0.0000
vn 0.2588 0.9659 0.0000
vn -0.2588 0.9659 0.0000
vn -0.7071 0.7071 0.0000
vn -0.9659 0.2588 0.0000
vn -0.9659 -0.2588 0.0000
vn -0.7071 -0.7071 0.0000
vn -0.2588 -0.9659 0.0000
vn 0.2588 -0.9659 0.0000
vn 0.7071 -0.7071 0.0000
vn -0.9659 0.2588 0.0000
vn 0.0000 0.0000 1.0000
vn 0.0000 0.0000 -1.0000
vn 0.0000 0.0000 1.0000
vn 0.0000 0.0000 -1.0000
vn 0.0000 0.0000 1.0000
vn 0.0000 0.0000 -1.0000
vn 0.0000 0.0000 1.0000
vn 0.0000 0.0000 -1.0000
vn 0.0000 0.0000 1.0000
vn 0.0000 0.0000 -1.0000
vn 0.0000 0.0000 1.0000
vn 0.0000 0.0000 -1.0000
vn 0.0000 0.0000 1.0000
vn 0.0000 0.0000 -1.0000
vn 0.0000 0.0000 1.0000
vn 0.0000 0.0000 -1.0000
vn 0.0000 0.0000 1.0000
vn 0.0000 0.0000 -1.0000
vn 0.0000 0.0000 1.0000
vn 0.0000 0.0000 -1.0000
vn 0.0000 0.0000 1.0000
vn 0.0000 0.0000 -1.0000
vn 0.0000 0.0000 1.0000
vn 0.0000 0.0000 -1.0000
vn 0.9659 0.2588 0.0000
vn 0.7071 0.7071 0.0000
vn 0.2588 0.9659 0.0000
vn -0.2588 0.9659 0.0000
vn -0.7071 0.7071 0.0000
vn -0.9659 0.2588 0.0000
vn -0.9659 -0.2588 0.0000
vn -0.7071 -0.7071 0.0000
vn -0.2588 -0.9659 0.0000
vn 0.2588 -0.9659 0.0000
vn 0.7071 -0.7071 0.0000
vn -0.9659 0.2588 0.0000
vn 0.9659 0.2588 0.0000
vn 0.7071 0.7071 0.0000
vn 0.2588 0.9659 0.0000
vn -0.2588 0.9659 0.0000
vn -0.7071 0.7071 0.0000
vn -0.9659 0.2588 0.0000
vn -0.9659 -0.2588 0.0000
vn -0.7071 -0.7071 0.0000
vn -0.2588 -0.9659 0.0000
vn 0.2588 -0.9659 0.0000
vn 0.7071 -0.7071 0.0000
vn -0.9659 0.2588 0.0000
vn 0.0000 0.0000 1.0000
vn 0.0000 0.0000 -1.0000
vn 0.0000 0.0000 1.0000
vn 0.0000 0.0000 -1.0000
vn 0.0000 0.0000 1.0000
vn 0.0000 0.0000 -1.0000
vn 0.0000 0.0000 1.0000
vn 0.0000 0.0000 -1.0000
vn 0.0000 0.0000 1.0000
vn 0.0000 0.0000 -1.0000
vn 0.0000 0.0000 1.0000
vn 0.0000 0.0000 -1.0000
vn 0.0000 0.0000 1.0000
vn 0.0000 0.0000 -1.0000
vn 0.0000 0.0000 1.0000
vn 0.0000 0.0000 -1.0000
vn 0.0000 0.0000 1.0000
vn 0.0000 0.0000 -1.0000
vn 0.0000 0.0000 1.0000
vn 0.0000 0.0000 -1.0000
vn 0.0000 0.0000 1.0000
vn 0.0000 0.0000 -1.0000
vn 0.0000 0.0000 1.0000
vn 0.0000 0.0000 -1.0000
vn 0.0000 0.0000 1.0000
vn 0.0000 0.0000 -1.0000
vn 0.0000 1.0000 0.0000
vn 0.0000 -1.0000 0.0000
vn -1.0000 0.0000 0.0000
vn 1.0000 0.0000 0.0000
vn 0.9659 0.2588 0.0000
vn 0.7071 0.7071 0.0000
vn 0.2588 0.9659 0.0000
vn -0.2588 0.9659 0.0000
vn -0.7071 0.7071 0.0000
vn -0.9659 0.2588 0.0000
vn -0.9659 -0.2588 0.0000
vn -0.7071 -0.7071 0.0000
vn -0.2588 -0.9659 0.0000
vn 0.2588 -0.9659 0.0000
vn 0.7071 -0.7071 0.0000
vn -0.9659 0.2588 0.0000
vn 0.0000 0.0000 1.0000
vn 0.0000 0.0000 -1.0000
vn 0.0000 0.0000 1.0000
vn 0.0000 0.0000 -1.0000
vn 0.0000 0.0000 1.0000
vn 0.0000 0.0000 -1.0000
vn 0.0000 0.0000 1.0000
vn 0.0000 0.0000 -1.0000
vn 0.0000 0.0000 1.0000
vn 0.0000 0.0000 -1.0000
vn 0.0000 0.0000 1.0000
vn 0.0000 0.0000 -1.0000
vn 0.0000 0.0000 1.0000
vn 0.0000 0.0000 -1.0000
vn 0.0000 0.0000 1.0000
vn 0.0000 0.0000 -1.0000
vn 0.0000 0.0000 1.0000
vn 0.0000 0.0000 -1.0000
vn 0.0000 0.0000 1.0000
vn 0.0000 0.0000 -1.0000
vn 0.0000 0.0000 1.0000
vn 0.0000 0.0000 -1.0000
vn 0.0000 0.0000 1.0000
vn 0.0000 0.0000 -1.0000
vn 0.9659 0.2588 0.0000
vn 0.7071 0.7071 0.0000
vn 0.2588 0.9659 0.0000
vn -0.2588 0.9659 0.0000
vn -0.7071 0.7071 0.0000
vn -0.9659 0.2588 0.0000
vn -0.9659 -0.2588 0.0000
vn -0.7071 -0.7071 0.0000
vn -0.2588 -0.9659 0.0000
vn 0.2588 -0.9659 0.0000
vn 0.7071 -0.7071 0.0000
vn -0.9659 0.2588 0.0000
vn 0.9659 0.2588 0.0000
vn 0.7071 0.7071 0.0000
vn 0.2588 0.9659 0.0000
vn -0.2588 0.9659 0.0000
vn -0.7071 0.7071 0.0000
vn -0.9659 0.2588 0.0000
vn -0.9659 -0.2588 0.0000
vn -0.7071 -0.7071 0.0000
vn -0.2588 -0.9659 0.0000
vn 0.2588 -0.9659 0.0000
vn 0.7071 -0.7071 0.0000
vn -0.9659 0.2588 0.0000
vn 0.0000 0.0000 1.0000
vn 0.0000 0.0000 -1.0000
vn 0.0000 0.0000 1.0000
vn 0.0000 0.0000 -1.0000
vn 0.0000 0.0000 1.0000
vn 0.0000 0.0000 -1.0000
vn 0.0000 0.0000 1.0000
vn 0.0000 0.0000 -1.0000
vn 0.0000 0.0000 1.0000
vn 0.0000 0.0000 -1.0000
vn 0.0000 0.0000 1.0000
vn 0.0000 0.0000 -1.0000
vn 0.0000 0.0000 1.0000
vn 0.0000 0.0000 -1.0000
vn 0.0000 0.0000 1.0000
vn 0.0000 0.0000 -1.0000
vn 0.0000 0.0000 1.0000
vn 0.0000 0.0000 -1.0000
vn 0.0000 0.0000 1.0000
vn 0.0000 0.0000 -1.0000
vn 0.0000 0.0000 1.0000
vn 0.0000 0.0000 -1.0000
vn 0.0000 0.0000 1.0000
vn 0.0000 0.0000 -1.0000
vn 0.0000 0.0000 1.0000
vn 0.0000 0.0000 -1.0000
vn 0.0000 1.0000 0.0000
vn 0.0000 -1.0000 0.0000
vn -1.0000 0.0000 0.0000
vn 1.0000 0.0000 0.0000
vn 0.9659 0.2588 0.0000
vn 0.7071 0.7071 0.0000
vn 0.2588 0.9659 0.0000
vn -0.2588 0.9659 0.0000
vn -0.7071 0.7071 0.0000
vn -0.9659 0.2588 0.0000
vn -0.9659 -0.2588 0.0000
vn -0.7071 -0.7071 0.0000
vn -0.2588 -0.9659 0.0000
vn 0.2588 -0.9659 0.0000
vn 0.7071 -0.7071 0.0000
vn -0.9659 0.2588 0.0000
vn 0.0000 0.0000 1.0000
vn 0.0000 0.0000 -1.0000
vn 0.0000 0.0000 1.0000
vn 0.0000 0.0000 -1.0000
vn 0.0000 0.0000 1.0000
vn 0.0000 0.0000 -1.0000
vn 0.0000 0.0000 1.0000
vn 0.0000 0.0000 -1.0000
vn 0.0000 0.0000 1.0000
vn 0.0000 0.0000 -1.0000
vn 0.0000 0.0000 1.0000
vn 0.0000 0.0000 -1.0000
vn 0.0000 0.0000 1.0000
vn 0.0000 0.0000 -1.0000
vn 0.0000 0.0000 1.0000
vn 0.0000 0.0000 -1.0000
vn 0.0000 0.0000 1.0000
vn 0.0000 0.0000 -1.0000
vn 0.0000 0.0000 1.0000
vn 0.0000 0.0000 -1.0000
vn 0.0000 0.0000 1.0000
vn 0.0000 0.0000 -1.0000
vn 0.0000 0.0000 1.0000
vn 0.0000 0.0000 -1.0000
vn 0.9659 0.2588 0.0000
vn 0.7071 0.7071 0.0000
vn 0.2588 0.9659 0.0000
vn -0.2588 0.9659 0.0000
vn -0.7071 0.7071 0.0000
vn -0.9659 0.2588 0.0000
vn -0.9659 -0.2588 0.0000
vn -0.7071 -0.7071 0.0000
vn -0.2588 -0.9659 0.0000
vn 0.2588 -0.9659 0.0000
vn 0.7071 -0.7071 0.0000
vn -0.9659 0.2588 0.0000
vn 0.9659 0.2588 0.0000
vn 0.7071 0.7071 0.0000
vn 0.2588 0.9659 0.0000
vn -0.2588 0.9659 0.0000
vn -0.7071 0.7071 0.0000
vn -0.9659 0.2588 0.0000
vn -0.9659 -0.2588 0.0000
vn -0.7071 -0.7071 0.0000
vn -0.2588 -0.9659 0.0000
vn 0.2588 -0.9659 0.0000
vn 0.7071 -0.7071 0.0000
vn -0.9659 0.2588 0.0000
vn 0.0000 0.0000 1.0000
vn 0.0000 0.0000 -1.0000
vn 0.0000 0.0000 1.0000
vn 0.0000 0.0000 -1.0000
vn 0.0000 0.0000 1.0000
vn 0.0000 0.0000 -1.0000
vn 0.0000 0.0000 1.0000
vn 0.0000 0.0000 -1.0000
vn 0.0000 0.0000 1.0000
vn 0.0000 0.0000 -1.0000
vn 0.0000 0.0000 1.0000
vn 0.0000 0.0000 -1.0000
vn 0.0000 0.0000 1.0000
vn 0.0000 0.0000 -1.0000
vn 0.0000 0.0000 1.0000
vn 0.0000 0.0000 -1.0000
vn 0.0000 0.0000 1.0000
vn 0.0000 0.0000 -1.0000
vn 0.0000 0.0000 1.0000
vn 0.0000 0.0000 -1.0000
vn 0.0000 0.0000 1.0000
vn 0.0000 0.0000 -1.0000
vn 0.0000 0.0000 1.0000
vn 0.0000 0.0000 -1.0000
vn 0.0000 0.0000 1.0000
vn 0.0000 0.0000 -1.0000
vn 0.0000 1.0000 0.0000
vn 0.0000 -1.0000 0.0000
vn -1.0000 0.0000 0.0000
vn 1.0000 0.0000 0.0000
vn 0.9659 0.2588 0.0000
vn 0.7071 0.7071 0.0000
vn 0.2588 0.9659 0.0000
vn -0.2588 0.9659 0.0000
vn -0.7071 0.7071 0.0000
vn -0.9659 0.2588 0.0000
vn -0.9659 -0.2588 0.0000
vn -0.7071 -0.7071 0.0000
vn -0.2588 -0.9659 0.0000
vn 0.2588 -0.9659 0.0000
vn 0.7071 -0.7071 0.0000
vn -0.9659 0.2588 0.0000
vn 0.0000 0.0000 1.0000
vn 0.0000 0.0000 -1.0000
vn 0.0000 0.0000 1.0000
vn 0.0000 0.0000 -1.0000
vn 0.0000 0.0000 1.0000
vn 0.0000 0.0000 -1.0000
vn 0.0000 0.0000 1.0000
vn 0.0000 0.0000 -1.0000
vn 0.0000 0.0000 1.0000
vn 0.0000 0.0000 -1.0000
vn 0.0000 0.0000 1.0000
vn 0.0000 0.0000 -1.0000
vn 0.0000 0.0000 1.0000
vn 0.0000 0.0000 -1.0000
vn 0.0000 0.0000 1.0000
vn 0.0000 0.0000 -1.0000
vn 0.0000 0.0000 1.0000
vn 0.0000 0.0000 -1.0000
vn 0.0000 0.0000 1.0000
vn 0.0000 0.0000 -1.0000
vn 0.0000 0.0000 1.0000
vn 0.0000 0.0000 -1.0000
vn 0.0000 0.0000 1.0000
vn 0.0000 0.0000 -1.0000
vn 0.9659 0.2588 0.0000
vn 0.7071 0.7071 0.0000
vn 0.2588 0.9659 0.0000
vn -0.2588 0.9659 0.0000
vn -0.7071 0.7071 0.0000
vn -0.9659 0.2588 0.0000
vn -0.9659 -0.2588 0.0000
vn -0.7071 -0.7071 0.0000
vn -0.2588 -0.9659 0.0000
vn 0.2588 -0.9659 0.0000
vn 0.7071 -0.7071 0.0000
vn -0.9659 0.2588 0.0000
vn 0.9659 0.2588 0.0000
vn 0.7071 0.7071 0.0000
vn 0.2588 0.9659 0.0000
vn -0.2588 0.9659 0.0000
vn -0.7071 0.7071 0.0000
vn -0.9659 0.2588 0.0000
vn -0.9659 -0.2588 0.0000
vn -0.7071 -0.7071 0.0000
vn -0.2588 -0.9659 0.0000
vn 0.2588 -0.9659 0.0000
vn 0.7071 -0.7071 0.0000
vn -0.9659 0.2588 0.0000
vn 0.0000 0.0000 1.0000
vn 0.0000 0.0000 -1.0000
vn 0.0000 0.0000 1.0000
vn 0.0000 0.0000 -1.0000
vn 0.0000 0.0000 1.0000
vn 0.0000 0.0000 -1.0000
vn 0.0000 0.0000 1.0000
vn 0.0000 0.0000 -1.0000
vn 0.0000 0.0000 1.0000
vn 0.0000 0.0000 -1.0000
vn 0.0000 0.0000 1.0000
vn 0.0000 0.0000 -1.0000
vn 0.0000 0.0000 1.0000
vn 0.0000 0.0000 -1.0000
vn 0.0000 0.0000 1.0000
vn 0.0000 0.0000 -1.0000
vn 0.0000 0.0000 1.0000
vn 0.0000 0.0000 -1.0000
vn 0.0000 0.0000 1.0000
vn 0.0000 0.0000 -1.0000
vn 0.0000 0.0000 1.0000
vn 0.0000 0.0000 -1.0000
vn 0.0000 0.0000 1.0000
vn 0.0000 0.0000 -1.0000
vn 0.0000 0.0000 1.0000
vn 0.0000 0.0000 -1.0000
vn 0.0000 1.0000 0.0000
vn 0.0000 -1.0000 0.0000
vn -1.0000 0.0000 0.0000
vn 1.0000 0.0000 0.0000
vn 0.9659 0.2588 0.0000
vn 0.7071 0.7071 0.0000
vn 0.2588 0.9659 0.0000
vn -0.2588 0.9659 0.0000
vn -0.7071 0.7071 0.0000
vn -0.9659 0.2588 0.0000
vn -0.9659 -0.2588 0.0000
vn -0.7071 -0.7071 0.0000
vn -0.2588 -0.9659 0.0000
vn 0.2588 -0.9659 0.0000
vn 0.7071 -0.7071 0.0000
vn -0.9659 0.2588 0.0000
vn 0.0000 0.0000 1.0000
vn 0.0000 0.0000 -1.0000
vn 0.0000 0.0000 1.0000
vn 0.0000 0.0000 -1.0000
vn 0.0000 0.0000 1.0000
vn 0.0000 0.0000 -1.0000
vn 0.0000 0.0000 1.0000
vn 0.0000 0.0000 -1.0000
vn 0.0000 0.0000 1.0000
vn 0.0000 0.0000 -1.0000
vn 0.0000 0.0000 1.0000
vn 0.0000 0.0000 -1.0000
vn 0.0000 0.0000 1.0000
vn 0.0000 0.0000 -1.0000
vn 0.0000 0.0000 1.0000
vn 0.0000 0.0000 -1.0000
vn 0.0000 0.0000 1.0000
vn 0.0000 0.0000 -1.0000
vn 0.0000 0.0000 1.0000
vn 0.0000 0.0000 -1.0000
vn 0.0000 0.0000 1.0000
vn 0.0000 0.0000 -1.0000
vn 0.0000 0.0000 1.0000
vn 0.0000 0.0000 -1.0000
vn 0.9659 0.2588 0.0000
vn 0.7071 0.7071 0.0000
vn 0.2588 0.9659 0.0000
vn -0.2588 0.9659 0.0000
vn -0.7071 0.7071 0.0000
vn -0.9659 0.2588 0.0000
vn -0.9659 -0.2588 0.0000
vn -0.7071 -0.7071 0.0000
vn -0.2588 -0.9659 0.0000
vn 0.2588 -0.9659 0.0000
vn 0.7071 -0.7071 0.0000
vn -0.9659 0.2588 0.0000
vn 0.9659 0.2588 0.0000
vn 0.7071 0.7071 0.0000
vn 0.2588 0.9659 0.0000
vn -0.2588 0.9659 0.0000
vn -0.7071 0.7071 0.0000
vn -0.9659 0.2588 0.0000
vn -0.9659 -0.2588 0.0000
vn -0.7071 -0.7071 0.0000
vn -0.2588 -0.9659 0.0000
vn 0.2588 -0.9659 0.0000
vn 0.7071 -0.7071 0.0000
vn -0.9659 0.2588 0.0000
vn 0.0000 0.0000 1.0000
vn 0.0000 0.0000 -1.0000
vn 0.0000 0.0000 1.0000
vn 0.0000 0.0000 -1.0000
vn 0.0000 0.0000 1.0000
vn 0.0000 0.0000 -1.0000
vn 0.0000 0.0000 1.0000
vn 0.0000 0.0000 -1.0000
vn 0.0000 0.0000 1.0000
vn 0.0000 0.0000 -1.0000
vn 0.0000 0.0000 1.0000
vn 0.0000 0.0000 -1.0000
vn 0.0000 0.0000 1.0000
vn 0.0000 0.0000 -1.0000
vn 0.0000 0.0000 1.0000
vn 0.0000 0.0000 -1.0000
vn 0.0000 0.0000 1.0000
vn 0.0000 0.0000 -1.0000
vn 0.0000 0.0000 1.0000
vn 0.0000 0.0000 -1.0000
vn 0.0000 0.0000 1.0000
vn 0.0000 0.0000 -1.0000
vn 0.0000 0.0000 1.0000
vn 0.0000 0.0000 -1.0000
vn 0.0000 0.0000 1.0000
vn 0.0000 0.0000 -1.0000
vn 0.0000 1.0000 0.0000
vn 0.0000 -1.0000 0.0000
vn -1.0000 0.0000 0.0000
vn 1.0000 0.0000 0.0000
vn 0.9659 0.2588 0.0000
vn 0.7071 0.7071 0.0000
vn 0.2588 0.9659 0.0000
vn -0.2588 0.9659 0.0000
vn -0.7071 0.7071 0.0000
vn -0.9659 0.2588 0.0000
vn -0.9659 -0.2588 0.0000
vn -0.7071 -0.7071 0.0000
vn -0.2588 -0.9659 0.0000
vn 0.2588 -0.9659 0.0000
vn 0.7071 -0.7071 0.0000
vn -0.9659 0.2588 0.0000
vn 0.0000 0.0000 1.0000
vn 0.0000 0.0000 -1.0000
vn 0.0000 0.0000 1.0000
vn 0.0000 0.0000 -1.0000
vn 0.0000 0.0000 1.0000
vn 0.0000 0.0000 -1.0000
vn 0.0000 0.0000 1.0000
vn 0.0000 0.0000 -1.0000
vn 0.0000 0.0000 1.0000
vn 0.0000 0.0000 -1.0000
vn 0.0000 0.0000 1.0000
vn 0.0000 0.0000 -1.0000
vn 0.0000 0.0000 1.0000
vn 0.0000 0.0000 -1.0000
vn 0.0000 0.0000 1.0000
vn 0.0000 0.0000 -1.0000
vn 0.0000 0.0000 1.0000
vn 0.0000 0.0000 -1.0000
vn 0.0000 0.0000 1.0000
vn 0.0000 0.0000 -1.0000
vn 0.0000 0.0000 1.0000
vn 0.0000 0.0000 -1.0000
vn 0.0000 0.0000 1.0000
vn 0.0000 0.0000 -1.0000
vn 0.9659 0.2588 0.0000
vn 0.7071 0.7071 0.0000
vn 0.2588 0.9659 0.0000
vn -0.2588 0.9659 0.0000
vn -0.7071 0.7071 0.0000
vn -0.9659 0.2588 0.0000
vn -0.9659 -0.2588 0.0000
vn -0.7071 -0.7071 0.0000
vn -0.2588 -0.9659 0.0000
vn 0.2588 -0.9659 0.0000
vn 0.7071 -0.7071 0.0000
vn -0.9659 0.2588 0.0000
vn 0.9659 0.2588 0.0000
vn 0.7071 0.7071 0.0000
vn 0.2588 0.9659 0.0000
vn -0.2588 0.9659 0.0000
vn -0.7071 0.7071 0.0000
vn -0.9659 0.2588 0.0000
vn -0.9659 -0.2588 0.0000
vn -0.7071 -0.7071 0.0000
vn -0.2588 -0.9659 0.0000
vn 0.2588 -0.9659 0.0000
vn 0.7071 -0.7071 0.0000
vn -0.9659 0.2588 0.0000
vn 0.0000 0.0000 1.0000
vn 0.0000 0.0000 -1.0000
vn 0.0000 0.0000 1.0000
vn 0.0000 0.0000 -1.0000
vn 0.0000 0.0000 1.0000
vn 0.0000 0.0000 -1.0000
vn 0.0000 0.0000 1.0000
vn 0.0000 0.0000 -1.0000
vn 0.0000 0.0000 1.0000
vn 0.0000 0.0000 -1.0000
vn 0.0000 0.0000 1.0000
vn 0.0000 0.0000 -1.0000
vn 0.0000 0.0000 1.0000
vn 0.0000 0.0000 -1.0000
vn 0.0000 0.0000 1.0000
vn 0.0000 0.0000 -1.0000
vn 0.0000 0.0000 1.0000
vn 0.0000 0.0000 -1.0000
vn 0.0000 0.0000 1.0000
vn 0.0000 0.0000 -1.0000
vn 0.0000 0.0000 1.0000
vn 0.0000 0.0000 -1.0000
vn 0.0000 0.0000 1.0000
vn 0.0000 0.0000 -1.0000
vn 0.0000 0.0000 1.0000
vn 0.0000 0.0000 -1.0000
vn 0.0000 1.0000 0.0000
vn 0.0000 -1.0000 0.0000
vn -1.0000 0.0000 0.0000
vn 1.0000 0.0000 0.0000
vn 0.0000 0.0000 1.0000
vn 0.0000 0.0000 -1.0000
vn 0.0000 1.0000 0.0000
vn 0.0000 -1.0000 0.0000
vn -1.0000 0.0000 0.0000
vn 1.0000 0.0000 0.0000
vn 0.0000 0.0000 1.0000
vn 0.0000 0.0000 -1.0000
vn 0.0000 1.0000 0.0000
vn 0.0000 -1.0000 0.0000
vn -1.0000 0.0000 0.0000
vn 1.0000 0.0000 0.0000
vn 0.0000 0.0000 1.0000
vn 0.0000 0.0000 -1.0000
vn 0.0000 1.0000 0.0000
vn 0.0000 -1.0000 0.0000
vn -1.0000 0.0000 0.0000
vn 1.0000 0.0000 0.0000
vn 0.0000 0.0000 1.0000
vn 0.0000 0.0000 -1.0000
vn 0.0000 1.0000 0.0000
vn 0.0000 -1.0000 0.0000
vn -1.0000 0.0000 0.0000
vn 1.0000 0.0000 0.0000
vn 0.0000 0.0000 1.0000
vn 0.0000 0.0000 -1.0000
vn 0.0000 1.0000 0.0000
vn 0.0000 -1.0000 0.0000
vn -1.0000 0.0000 0.0000
vn 1.0000 0.0000 0.0000
vn 0.0000 0.0000 1.0000
vn 0.0000 0.0000 -1.0000
vn 0.0000 1.0000 0.0000
vn 0.0000 -1.0000 0.0000
vn -1.0000 0.0000 0.0000
vn 1.0000 0.0000 0.0000
vn 0.0000 0.0000 1.0000
vn 0.0000 0.0000 -1.0000
vn 0.0000 1.0000 0.0000
vn 0.0000 -1.0000 0.0000
vn -1.0000 0.0000 0.0000
vn 1.0000 0.0000 0.0000
vn 0.0000 0.0000 1.0000
vn 0.0000 0.0000 -1.0000
vn 0.0000 1.0000 0.0000
vn 0.0000 -1.0000 0.0000
vn -1.0000 0.0000 0.0000
vn 1.0000 0.0000 0.0000
vn 0.0000 0.0000 1.0000
vn 0.0000 0.0000 -1.0000
vn 0.0000 1.0000 0.0000
vn 0.0000 -1.0000 0.0000
vn -1.0000 0.0000 0.0000
vn 1.0000 0.0000 0.0000
vn 0.0000 0.0000 1.0000
vn 0.0000 0.0000 -1.0000
vn 0.0000 1.0000 0.0000
vn 0.0000 -1.0000 0.0000
vn -1.0000 0.0000 0.0000
vn 1.0000 0.0000 0.0000
vn 0.0000 0.0000 1.0000
vn 0.0000 0.0000 -1.0000
vn 0.0000 1.0000 0.0000
vn 0.0000 -1.0000 0.0000
vn -1.0000 0.0000 0.0000
vn 1.0000 0.0000 0.0000
vn 0.0000 0.0000 1.0000
vn 0.0000 0.0000 -1.0000
vn 0.0000 1.0000 0.0000
vn 0.0000 -1.0000 0.0000
vn -1.0000 0.0000 0.0000
vn 1.0000 0.0000 0.0000
vn 0.0000 0.0000 1.0000
vn 0.0000 0.0000 -1.0000
vn 0.0000 1.0000 0.0000
vn 0.0000 -1.0000 0.0000
vn -1.0000 0.0000 0.0000
vn 1.0000 0.0000 0.0000
vn 0.0000 0.0000 1.0000
vn 0.0000 0.0000 -1.0000
vn 0.0000 1.0000 0.0000
vn 0.0000 -1.0000 0.0000
vn -1.0000 0.0000 0.0000
vn 1.0000 0.0000 0.0000
vn 0.0000 0.0000 1.0000
vn 0.0000 0.0000 -1.0000
vn 0.0000 1.0000 0.0000
vn 0.0000 -1.0000 0.0000
vn -1.0000 0.0000 0.0000
vn 1.0000 0.0000 0.0000
vn 0.0000 0.0000 1.0000
vn 0.0000 0.0000 -1.0000
vn 0.0000 1.0000 0.0000
vn 0.0000 -1.0000 0.0000
vn -1.0000 0.0000 0.0000
vn 1.0000 0.0000 0.0000
vn 0.0000 0.0000 1.0000
vn 0.0000 0.0000 -1.0000
vn 0.0000 1.0000 0.0000
vn 0.0000 -1.0000 0.0000
vn -1.0000 0.0000 0.0000
vn 1.0000 0.0000 0.0000
vn 0.0000 0.0000 1.0000
vn 0.0000 0.0000 -1.0000
vn 0.0000 1.0000 0.0000
vn 0.0000 -1.0000 0.0000
vn -1.0000 0.0000 0.0000
vn 1.0000 0.0000 0.0000
vn 0.0000 0.0000 1.0000
vn 0.0000 0.0000 -1.0000
vn 0.0000 1.0000 0.0000
vn 0.0000 -1.0000 0.0000
vn -1.0000 0.0000 0.0000
vn 1.0000 0.0000 0.0000
vn 0.0000 0.0000 1.0000
vn 0.0000 0.0000 -1.0000
vn 0.0000 1.0000 0.0000
vn 0.0000 -1.0000 0.0000
vn -1.0000 0.0000 0.0000
vn 1.0000 0.0000 0.0000
vn 0.0000 0.0000 1.0000
vn 0.0000 0.0000 -1.0000
vn 0.0000 1.0000 0.0000
vn 0.0000 -1.0000 0.0000
vn -1.0000 0.0000 0.0000
vn 1.0000 0.0000 0.0000
vn 0.0000 0.0000 1.0000
vn 0.0000 0.0000 -1.0000
vn 0.0000 1.0000 0.0000
vn 0.0000 -1.0000 0.0000
vn -1.0000 0.0000 0.0000
vn 1.0000 0.0000 0.0000
vn 0.0000 0.0000 1.0000
vn 0.0000 0.0000 -1.0000
vn 0.0000 1.0000 0.0000
vn 0.0000 -1.0000 0.0000
vn -1.0000 0.0000 0.0000
vn 1.0000 0.0000 0.0000
vn 0.0000 0.0000 1.0000
vn 0.0000 0.0000 -1.0000
vn 0.0000 1.0000 0.0000
vn 0.0000 -1.0000 0.0000
vn -1.0000 0.0000 0.0000
vn 1.0000 0.0000 0.0000

usemtl Quay_Curb
f 1/1/1 2/2/1 3/3/1
f 1/1/1 3/3/1 4/4/1
f 5/5/2 6/6/2 7/7/2
f 5/5/2 7/7/2 8/8/2
f 9/9/3 10/10/3 11/11/3
f 9/9/3 11/11/3 12/12/3
f 13/13/4 14/14/4 15/15/4
f 13/13/4 15/15/4 16/16/4
f 17/17/5 18/18/5 19/19/5
f 17/17/5 19/19/5 20/20/5
usemtl Quay_Deck
f 21/21/6 22/22/6 23/23/6
f 21/21/6 23/23/6 24/24/6
f 25/25/7 26/26/7 27/27/7
f 25/25/7 27/27/7 28/28/7
f 29/29/8 30/30/8 31/31/8
f 29/29/8 31/31/8 32/32/8
usemtl Quay_Wall_Upper
f 33/33/9 34/34/9 35/35/9
f 33/33/9 35/35/9 36/36/9
usemtl Quay_Wall_Tidal
f 37/37/10 38/38/10 39/39/10
f 37/37/10 39/39/10 40/40/10
usemtl Quay_Wall_Submerged
f 41/41/11 42/42/11 43/43/11
f 41/41/11 43/43/11 44/44/11
usemtl Quay_Wall_Upper
f 45/45/12 46/46/12 47/47/12
f 45/45/12 47/47/12 48/48/12
usemtl Quay_Wall_Tidal
f 49/49/13 50/50/13 51/51/13
f 49/49/13 51/51/13 52/52/13
usemtl Quay_Wall_Submerged
f 53/53/14 54/54/14 55/55/14
f 53/53/14 55/55/14 56/56/14
f 57/57/15 58/58/15 59/59/15
f 57/57/15 59/59/15 60/60/15
f 61/61/16 62/62/16 63/63/16
f 61/61/16 63/63/16 64/64/16
f 65/65/17 66/66/17 67/67/17
f 65/65/17 67/67/17 68/68/17
f 69/69/18 70/70/18 71/71/18
f 69/69/18 71/71/18 72/72/18
f 73/73/19 74/74/19 75/75/19
f 73/73/19 75/75/19 76/76/19
f 77/77/20 78/78/20 79/79/20
f 77/77/20 79/79/20 80/80/20
usemtl Fender_Rubber
f 81/81/21 82/82/21 83/83/21
f 81/81/21 83/83/21 84/84/21
f 85/85/22 86/86/22 87/87/22
f 85/85/22 87/87/22 88/88/22
f 89/89/23 90/90/23 91/91/23
f 89/89/23 91/91/23 92/92/23
f 93/93/24 94/94/24 95/95/24
f 93/93/24 95/95/24 96/96/24
f 97/97/25 98/98/25 99/99/25
f 97/97/25 99/99/25 100/100/25
f 101/101/26 102/102/26 103/103/26
f 101/101/26 103/103/26 104/104/26
f 105/105/27 106/106/27 107/107/27
f 105/105/27 107/107/27 108/108/27
f 109/109/28 110/110/28 111/111/28
f 109/109/28 111/111/28 112/112/28
f 113/113/29 114/114/29 115/115/29
f 116/116/30 117/117/30 118/118/30
f 119/119/31 120/120/31 121/121/31
f 122/122/32 123/123/32 124/124/32
f 125/125/33 126/126/33 127/127/33
f 128/128/34 129/129/34 130/130/34
f 131/131/35 132/132/35 133/133/35
f 134/134/36 135/135/36 136/136/36
f 137/137/37 138/138/37 139/139/37
f 140/140/38 141/141/38 142/142/38
f 143/143/39 144/144/39 145/145/39
f 146/146/40 147/147/40 148/148/40
f 149/149/41 150/150/41 151/151/41
f 152/152/42 153/153/42 154/154/42
f 155/155/43 156/156/43 157/157/43
f 158/158/44 159/159/44 160/160/44
f 161/161/45 162/162/45 163/163/45
f 161/161/45 163/163/45 164/164/45
f 165/165/46 166/166/46 167/167/46
f 165/165/46 167/167/46 168/168/46
f 169/169/47 170/170/47 171/171/47
f 169/169/47 171/171/47 172/172/47
f 173/173/48 174/174/48 175/175/48
f 173/173/48 175/175/48 176/176/48
f 177/177/49 178/178/49 179/179/49
f 177/177/49 179/179/49 180/180/49
f 181/181/50 182/182/50 183/183/50
f 181/181/50 183/183/50 184/184/50
f 185/185/51 186/186/51 187/187/51
f 185/185/51 187/187/51 188/188/51
f 189/189/52 190/190/52 191/191/52
f 189/189/52 191/191/52 192/192/52
f 193/193/53 194/194/53 195/195/53
f 196/196/54 197/197/54 198/198/54
f 199/199/55 200/200/55 201/201/55
f 202/202/56 203/203/56 204/204/56
f 205/205/57 206/206/57 207/207/57
f 208/208/58 209/209/58 210/210/58
f 211/211/59 212/212/59 213/213/59
f 214/214/60 215/215/60 216/216/60
f 217/217/61 218/218/61 219/219/61
f 220/220/62 221/221/62 222/222/62
f 223/223/63 224/224/63 225/225/63
f 226/226/64 227/227/64 228/228/64
f 229/229/65 230/230/65 231/231/65
f 232/232/66 233/233/66 234/234/66
f 235/235/67 236/236/67 237/237/67
f 238/238/68 239/239/68 240/240/68
f 241/241/69 242/242/69 243/243/69
f 241/241/69 243/243/69 244/244/69
f 245/245/70 246/246/70 247/247/70
f 245/245/70 247/247/70 248/248/70
f 249/249/71 250/250/71 251/251/71
f 249/249/71 251/251/71 252/252/71
f 253/253/72 254/254/72 255/255/72
f 253/253/72 255/255/72 256/256/72
f 257/257/73 258/258/73 259/259/73
f 257/257/73 259/259/73 260/260/73
f 261/261/74 262/262/74 263/263/74
f 261/261/74 263/263/74 264/264/74
f 265/265/75 266/266/75 267/267/75
f 265/265/75 267/267/75 268/268/75
f 269/269/76 270/270/76 271/271/76
f 269/269/76 271/271/76 272/272/76
f 273/273/77 274/274/77 275/275/77
f 276/276/78 277/277/78 278/278/78
f 279/279/79 280/280/79 281/281/79
f 282/282/80 283/283/80 284/284/80
f 285/285/81 286/286/81 287/287/81
f 288/288/82 289/289/82 290/290/82
f 291/291/83 292/292/83 293/293/83
f 294/294/84 295/295/84 296/296/84
f 297/297/85 298/298/85 299/299/85
f 300/300/86 301/301/86 302/302/86
f 303/303/87 304/304/87 305/305/87
f 306/306/88 307/307/88 308/308/88
f 309/309/89 310/310/89 311/311/89
f 312/312/90 313/313/90 314/314/90
f 315/315/91 316/316/91 317/317/91
f 318/318/92 319/319/92 320/320/92
f 321/321/93 322/322/93 323/323/93
f 321/321/93 323/323/93 324/324/93
f 325/325/94 326/326/94 327/327/94
f 325/325/94 327/327/94 328/328/94
f 329/329/95 330/330/95 331/331/95
f 329/329/95 331/331/95 332/332/95
f 333/333/96 334/334/96 335/335/96
f 333/333/96 335/335/96 336/336/96
f 337/337/97 338/338/97 339/339/97
f 337/337/97 339/339/97 340/340/97
f 341/341/98 342/342/98 343/343/98
f 341/341/98 343/343/98 344/344/98
f 345/345/99 346/346/99 347/347/99
f 345/345/99 347/347/99 348/348/99
f 349/349/100 350/350/100 351/351/100
f 349/349/100 351/351/100 352/352/100
f 353/353/101 354/354/101 355/355/101
f 356/356/102 357/357/102 358/358/102
f 359/359/103 360/360/103 361/361/103
f 362/362/104 363/363/104 364/364/104
f 365/365/105 366/366/105 367/367/105
f 368/368/106 369/369/106 370/370/106
f 371/371/107 372/372/107 373/373/107
f 374/374/108 375/375/108 376/376/108
f 377/377/109 378/378/109 379/379/109
f 380/380/110 381/381/110 382/382/110
f 383/383/111 384/384/111 385/385/111
f 386/386/112 387/387/112 388/388/112
f 389/389/113 390/390/113 391/391/113
f 392/392/114 393/393/114 394/394/114
f 395/395/115 396/396/115 397/397/115
f 398/398/116 399/399/116 400/400/116
f 401/401/117 402/402/117 403/403/117
f 401/401/117 403/403/117 404/404/117
f 405/405/118 406/406/118 407/407/118
f 405/405/118 407/407/118 408/408/118
f 409/409/119 410/410/119 411/411/119
f 409/409/119 411/411/119 412/412/119
f 413/413/120 414/414/120 415/415/120
f 413/413/120 415/415/120 416/416/120
f 417/417/121 418/418/121 419/419/121
f 417/417/121 419/419/121 420/420/121
f 421/421/122 422/422/122 423/423/122
f 421/421/122 423/423/122 424/424/122
f 425/425/123 426/426/123 427/427/123
f 425/425/123 427/427/123 428/428/123
f 429/429/124 430/430/124 431/431/124
f 429/429/124 431/431/124 432/432/124
f 433/433/125 434/434/125 435/435/125
f 436/436/126 437/437/126 438/438/126
f 439/439/127 440/440/127 441/441/127
f 442/442/128 443/443/128 444/444/128
f 445/445/129 446/446/129 447/447/129
f 448/448/130 449/449/130 450/450/130
f 451/451/131 452/452/131 453/453/131
f 454/454/132 455/455/132 456/456/132
f 457/457/133 458/458/133 459/459/133
f 460/460/134 461/461/134 462/462/134
f 463/463/135 464/464/135 465/465/135
f 466/466/136 467/467/136 468/468/136
f 469/469/137 470/470/137 471/471/137
f 472/472/138 473/473/138 474/474/138
f 475/475/139 476/476/139 477/477/139
f 478/478/140 479/479/140 480/480/140
f 481/481/141 482/482/141 483/483/141
f 481/481/141 483/483/141 484/484/141
f 485/485/142 486/486/142 487/487/142
f 485/485/142 487/487/142 488/488/142
f 489/489/143 490/490/143 491/491/143
f 489/489/143 491/491/143 492/492/143
f 493/493/144 494/494/144 495/495/144
f 493/493/144 495/495/144 496/496/144
f 497/497/145 498/498/145 499/499/145
f 497/497/145 499/499/145 500/500/145
f 501/501/146 502/502/146 503/503/146
f 501/501/146 503/503/146 504/504/146
f 505/505/147 506/506/147 507/507/147
f 505/505/147 507/507/147 508/508/147
f 509/509/148 510/510/148 511/511/148
f 509/509/148 511/511/148 512/512/148
f 513/513/149 514/514/149 515/515/149
f 516/516/150 517/517/150 518/518/150
f 519/519/151 520/520/151 521/521/151
f 522/522/152 523/523/152 524/524/152
f 525/525/153 526/526/153 527/527/153
f 528/528/154 529/529/154 530/530/154
f 531/531/155 532/532/155 533/533/155
f 534/534/156 535/535/156 536/536/156
f 537/537/157 538/538/157 539/539/157
f 540/540/158 541/541/158 542/542/158
f 543/543/159 544/544/159 545/545/159
f 546/546/160 547/547/160 548/548/160
f 549/549/161 550/550/161 551/551/161
f 552/552/162 553/553/162 554/554/162
f 555/555/163 556/556/163 557/557/163
f 558/558/164 559/559/164 560/560/164
f 561/561/165 562/562/165 563/563/165
f 561/561/165 563/563/165 564/564/165
f 565/565/166 566/566/166 567/567/166
f 565/565/166 567/567/166 568/568/166
f 569/569/167 570/570/167 571/571/167
f 569/569/167 571/571/167 572/572/167
f 573/573/168 574/574/168 575/575/168
f 573/573/168 575/575/168 576/576/168
f 577/577/169 578/578/169 579/579/169
f 577/577/169 579/579/169 580/580/169
f 581/581/170 582/582/170 583/583/170
f 581/581/170 583/583/170 584/584/170
f 585/585/171 586/586/171 587/587/171
f 585/585/171 587/587/171 588/588/171
f 589/589/172 590/590/172 591/591/172
f 589/589/172 591/591/172 592/592/172
f 593/593/173 594/594/173 595/595/173
f 596/596/174 597/597/174 598/598/174
f 599/599/175 600/600/175 601/601/175
f 602/602/176 603/603/176 604/604/176
f 605/605/177 606/606/177 607/607/177
f 608/608/178 609/609/178 610/610/178
f 611/611/179 612/612/179 613/613/179
f 614/614/180 615/615/180 616/616/180
f 617/617/181 618/618/181 619/619/181
f 620/620/182 621/621/182 622/622/182
f 623/623/183 624/624/183 625/625/183
f 626/626/184 627/627/184 628/628/184
f 629/629/185 630/630/185 631/631/185
f 632/632/186 633/633/186 634/634/186
f 635/635/187 636/636/187 637/637/187
f 638/638/188 639/639/188 640/640/188
f 641/641/189 642/642/189 643/643/189
f 641/641/189 643/643/189 644/644/189
f 645/645/190 646/646/190 647/647/190
f 645/645/190 647/647/190 648/648/190
f 649/649/191 650/650/191 651/651/191
f 649/649/191 651/651/191 652/652/191
f 653/653/192 654/654/192 655/655/192
f 653/653/192 655/655/192 656/656/192
f 657/657/193 658/658/193 659/659/193
f 657/657/193 659/659/193 660/660/193
f 661/661/194 662/662/194 663/663/194
f 661/661/194 663/663/194 664/664/194
f 665/665/195 666/666/195 667/667/195
f 665/665/195 667/667/195 668/668/195
f 669/669/196 670/670/196 671/671/196
f 669/669/196 671/671/196 672/672/196
f 673/673/197 674/674/197 675/675/197
f 676/676/198 677/677/198 678/678/198
f 679/679/199 680/680/199 681/681/199
f 682/682/200 683/683/200 684/684/200
f 685/685/201 686/686/201 687/687/201
f 688/688/202 689/689/202 690/690/202
f 691/691/203 692/692/203 693/693/203
f 694/694/204 695/695/204 696/696/204
f 697/697/205 698/698/205 699/699/205
f 700/700/206 701/701/206 702/702/206
f 703/703/207 704/704/207 705/705/207
f 706/706/208 707/707/208 708/708/208
f 709/709/209 710/710/209 711/711/209
f 712/712/210 713/713/210 714/714/210
f 715/715/211 716/716/211 717/717/211
f 718/718/212 719/719/212 720/720/212
f 721/721/213 722/722/213 723/723/213
f 721/721/213 723/723/213 724/724/213
f 725/725/214 726/726/214 727/727/214
f 725/725/214 727/727/214 728/728/214
f 729/729/215 730/730/215 731/731/215
f 729/729/215 731/731/215 732/732/215
f 733/733/216 734/734/216 735/735/216
f 733/733/216 735/735/216 736/736/216
f 737/737/217 738/738/217 739/739/217
f 737/737/217 739/739/217 740/740/217
f 741/741/218 742/742/218 743/743/218
f 741/741/218 743/743/218 744/744/218
f 745/745/219 746/746/219 747/747/219
f 745/745/219 747/747/219 748/748/219
f 749/749/220 750/750/220 751/751/220
f 749/749/220 751/751/220 752/752/220
f 753/753/221 754/754/221 755/755/221
f 756/756/222 757/757/222 758/758/222
f 759/759/223 760/760/223 761/761/223
f 762/762/224 763/763/224 764/764/224
f 765/765/225 766/766/225 767/767/225
f 768/768/226 769/769/226 770/770/226
f 771/771/227 772/772/227 773/773/227
f 774/774/228 775/775/228 776/776/228
f 777/777/229 778/778/229 779/779/229
f 780/780/230 781/781/230 782/782/230
f 783/783/231 784/784/231 785/785/231
f 786/786/232 787/787/232 788/788/232
f 789/789/233 790/790/233 791/791/233
f 792/792/234 793/793/234 794/794/234
f 795/795/235 796/796/235 797/797/235
f 798/798/236 799/799/236 800/800/236
usemtl Bollard_CastIron
f 801/801/237 802/802/237 803/803/237
f 801/801/237 803/803/237 804/804/237
f 805/805/238 806/806/238 807/807/238
f 805/805/238 807/807/238 808/808/238
f 809/809/239 810/810/239 811/811/239
f 809/809/239 811/811/239 812/812/239
f 813/813/240 814/814/240 815/815/240
f 813/813/240 815/815/240 816/816/240
f 817/817/241 818/818/241 819/819/241
f 817/817/241 819/819/241 820/820/241
f 821/821/242 822/822/242 823/823/242
f 821/821/242 823/823/242 824/824/242
f 825/825/243 826/826/243 827/827/243
f 825/825/243 827/827/243 828/828/243
f 829/829/244 830/830/244 831/831/244
f 829/829/244 831/831/244 832/832/244
f 833/833/245 834/834/245 835/835/245
f 833/833/245 835/835/245 836/836/245
f 837/837/246 838/838/246 839/839/246
f 837/837/246 839/839/246 840/840/246
f 841/841/247 842/842/247 843/843/247
f 841/841/247 843/843/247 844/844/247
f 845/845/248 846/846/248 847/847/248
f 845/845/248 847/847/248 848/848/248
f 849/849/249 850/850/249 851/851/249
f 852/852/250 853/853/250 854/854/250
f 855/855/251 856/856/251 857/857/251
f 858/858/252 859/859/252 860/860/252
f 861/861/253 862/862/253 863/863/253
f 864/864/254 865/865/254 866/866/254
f 867/867/255 868/868/255 869/869/255
f 870/870/256 871/871/256 872/872/256
f 873/873/257 874/874/257 875/875/257
f 876/876/258 877/877/258 878/878/258
f 879/879/259 880/880/259 881/881/259
f 882/882/260 883/883/260 884/884/260
f 885/885/261 886/886/261 887/887/261
f 888/888/262 889/889/262 890/890/262
f 891/891/263 892/892/263 893/893/263
f 894/894/264 895/895/264 896/896/264
f 897/897/265 898/898/265 899/899/265
f 900/900/266 901/901/266 902/902/266
f 903/903/267 904/904/267 905/905/267
f 906/906/268 907/907/268 908/908/268
f 909/909/269 910/910/269 911/911/269
f 912/912/270 913/913/270 914/914/270
f 915/915/271 916/916/271 917/917/271
f 918/918/272 919/919/272 920/920/272
f 921/921/273 922/922/273 923/923/273
f 921/921/273 923/923/273 924/924/273
f 925/925/274 926/926/274 927/927/274
f 925/925/274 927/927/274 928/928/274
f 929/929/275 930/930/275 931/931/275
f 929/929/275 931/931/275 932/932/275
f 933/933/276 934/934/276 935/935/276
f 933/933/276 935/935/276 936/936/276
f 937/937/277 938/938/277 939/939/277
f 937/937/277 939/939/277 940/940/277
f 941/941/278 942/942/278 943/943/278
f 941/941/278 943/943/278 944/944/278
f 945/945/279 946/946/279 947/947/279
f 945/945/279 947/947/279 948/948/279
f 949/949/280 950/950/280 951/951/280
f 949/949/280 951/951/280 952/952/280
f 953/953/281 954/954/281 955/955/281
f 953/953/281 955/955/281 956/956/281
f 957/957/282 958/958/282 959/959/282
f 957/957/282 959/959/282 960/960/282
f 961/961/283 962/962/283 963/963/283
f 961/961/283 963/963/283 964/964/283
f 965/965/284 966/966/284 967/967/284
f 965/965/284 967/967/284 968/968/284
f 969/969/285 970/970/285 971/971/285
f 969/969/285 971/971/285 972/972/285
f 973/973/286 974/974/286 975/975/286
f 973/973/286 975/975/286 976/976/286
f 977/977/287 978/978/287 979/979/287
f 977/977/287 979/979/287 980/980/287
f 981/981/288 982/982/288 983/983/288
f 981/981/288 983/983/288 984/984/288
f 985/985/289 986/986/289 987/987/289
f 985/985/289 987/987/289 988/988/289
f 989/989/290 990/990/290 991/991/290
f 989/989/290 991/991/290 992/992/290
f 993/993/291 994/994/291 995/995/291
f 993/993/291 995/995/291 996/996/291
f 997/997/292 998/998/292 999/999/292
f 997/997/292 999/999/292 1000/1000/292
f 1001/1001/293 1002/1002/293 1003/1003/293
f 1001/1001/293 1003/1003/293 1004/1004/293
f 1005/1005/294 1006/1006/294 1007/1007/294
f 1005/1005/294 1007/1007/294 1008/1008/294
f 1009/1009/295 1010/1010/295 1011/1011/295
f 1009/1009/295 1011/1011/295 1012/1012/295
f 1013/1013/296 1014/1014/296 1015/1015/296
f 1013/1013/296 1015/1015/296 1016/1016/296
f 1017/1017/297 1018/1018/297 1019/1019/297
f 1020/1020/298 1021/1021/298 1022/1022/298
f 1023/1023/299 1024/1024/299 1025/1025/299
f 1026/1026/300 1027/1027/300 1028/1028/300
f 1029/1029/301 1030/1030/301 1031/1031/301
f 1032/1032/302 1033/1033/302 1034/1034/302
f 1035/1035/303 1036/1036/303 1037/1037/303
f 1038/1038/304 1039/1039/304 1040/1040/304
f 1041/1041/305 1042/1042/305 1043/1043/305
f 1044/1044/306 1045/1045/306 1046/1046/306
f 1047/1047/307 1048/1048/307 1049/1049/307
f 1050/1050/308 1051/1051/308 1052/1052/308
f 1053/1053/309 1054/1054/309 1055/1055/309
f 1056/1056/310 1057/1057/310 1058/1058/310
f 1059/1059/311 1060/1060/311 1061/1061/311
f 1062/1062/312 1063/1063/312 1064/1064/312
f 1065/1065/313 1066/1066/313 1067/1067/313
f 1068/1068/314 1069/1069/314 1070/1070/314
f 1071/1071/315 1072/1072/315 1073/1073/315
f 1074/1074/316 1075/1075/316 1076/1076/316
f 1077/1077/317 1078/1078/317 1079/1079/317
f 1080/1080/318 1081/1081/318 1082/1082/318
f 1083/1083/319 1084/1084/319 1085/1085/319
f 1086/1086/320 1087/1087/320 1088/1088/320
f 1089/1089/321 1090/1090/321 1091/1091/321
f 1089/1089/321 1091/1091/321 1092/1092/321
f 1093/1093/322 1094/1094/322 1095/1095/322
f 1093/1093/322 1095/1095/322 1096/1096/322
f 1097/1097/323 1098/1098/323 1099/1099/323
f 1097/1097/323 1099/1099/323 1100/1100/323
f 1101/1101/324 1102/1102/324 1103/1103/324
f 1101/1101/324 1103/1103/324 1104/1104/324
f 1105/1105/325 1106/1106/325 1107/1107/325
f 1105/1105/325 1107/1107/325 1108/1108/325
f 1109/1109/326 1110/1110/326 1111/1111/326
f 1109/1109/326 1111/1111/326 1112/1112/326
f 1113/1113/327 1114/1114/327 1115/1115/327
f 1113/1113/327 1115/1115/327 1116/1116/327
f 1117/1117/328 1118/1118/328 1119/1119/328
f 1117/1117/328 1119/1119/328 1120/1120/328
f 1121/1121/329 1122/1122/329 1123/1123/329
f 1121/1121/329 1123/1123/329 1124/1124/329
f 1125/1125/330 1126/1126/330 1127/1127/330
f 1125/1125/330 1127/1127/330 1128/1128/330
f 1129/1129/331 1130/1130/331 1131/1131/331
f 1129/1129/331 1131/1131/331 1132/1132/331
f 1133/1133/332 1134/1134/332 1135/1135/332
f 1133/1133/332 1135/1135/332 1136/1136/332
f 1137/1137/333 1138/1138/333 1139/1139/333
f 1137/1137/333 1139/1139/333 1140/1140/333
f 1141/1141/334 1142/1142/334 1143/1143/334
f 1141/1141/334 1143/1143/334 1144/1144/334
f 1145/1145/335 1146/1146/335 1147/1147/335
f 1145/1145/335 1147/1147/335 1148/1148/335
f 1149/1149/336 1150/1150/336 1151/1151/336
f 1149/1149/336 1151/1151/336 1152/1152/336
f 1153/1153/337 1154/1154/337 1155/1155/337
f 1153/1153/337 1155/1155/337 1156/1156/337
f 1157/1157/338 1158/1158/338 1159/1159/338
f 1157/1157/338 1159/1159/338 1160/1160/338
f 1161/1161/339 1162/1162/339 1163/1163/339
f 1164/1164/340 1165/1165/340 1166/1166/340
f 1167/1167/341 1168/1168/341 1169/1169/341
f 1170/1170/342 1171/1171/342 1172/1172/342
f 1173/1173/343 1174/1174/343 1175/1175/343
f 1176/1176/344 1177/1177/344 1178/1178/344
f 1179/1179/345 1180/1180/345 1181/1181/345
f 1182/1182/346 1183/1183/346 1184/1184/346
f 1185/1185/347 1186/1186/347 1187/1187/347
f 1188/1188/348 1189/1189/348 1190/1190/348
f 1191/1191/349 1192/1192/349 1193/1193/349
f 1194/1194/350 1195/1195/350 1196/1196/350
f 1197/1197/351 1198/1198/351 1199/1199/351
f 1200/1200/352 1201/1201/352 1202/1202/352
f 1203/1203/353 1204/1204/353 1205/1205/353
f 1206/1206/354 1207/1207/354 1208/1208/354
f 1209/1209/355 1210/1210/355 1211/1211/355
f 1212/1212/356 1213/1213/356 1214/1214/356
f 1215/1215/357 1216/1216/357 1217/1217/357
f 1218/1218/358 1219/1219/358 1220/1220/358
f 1221/1221/359 1222/1222/359 1223/1223/359
f 1224/1224/360 1225/1225/360 1226/1226/360
f 1227/1227/361 1228/1228/361 1229/1229/361
f 1230/1230/362 1231/1231/362 1232/1232/362
f 1233/1233/363 1234/1234/363 1235/1235/363
f 1233/1233/363 1235/1235/363 1236/1236/363
f 1237/1237/364 1238/1238/364 1239/1239/364
f 1237/1237/364 1239/1239/364 1240/1240/364
f 1241/1241/365 1242/1242/365 1243/1243/365
f 1241/1241/365 1243/1243/365 1244/1244/365
f 1245/1245/366 1246/1246/366 1247/1247/366
f 1245/1245/366 1247/1247/366 1248/1248/366
f 1249/1249/367 1250/1250/367 1251/1251/367
f 1249/1249/367 1251/1251/367 1252/1252/367
f 1253/1253/368 1254/1254/368 1255/1255/368
f 1253/1253/368 1255/1255/368 1256/1256/368
f 1257/1257/369 1258/1258/369 1259/1259/369
f 1257/1257/369 1259/1259/369 1260/1260/369
f 1261/1261/370 1262/1262/370 1263/1263/370
f 1261/1261/370 1263/1263/370 1264/1264/370
f 1265/1265/371 1266/1266/371 1267/1267/371
f 1265/1265/371 1267/1267/371 1268/1268/371
f 1269/1269/372 1270/1270/372 1271/1271/372
f 1269/1269/372 1271/1271/372 1272/1272/372
f 1273/1273/373 1274/1274/373 1275/1275/373
f 1273/1273/373 1275/1275/373 1276/1276/373
f 1277/1277/374 1278/1278/374 1279/1279/374
f 1277/1277/374 1279/1279/374 1280/1280/374
f 1281/1281/375 1282/1282/375 1283/1283/375
f 1281/1281/375 1283/1283/375 1284/1284/375
f 1285/1285/376 1286/1286/376 1287/1287/376
f 1285/1285/376 1287/1287/376 1288/1288/376
f 1289/1289/377 1290/1290/377 1291/1291/377
f 1289/1289/377 1291/1291/377 1292/1292/377
f 1293/1293/378 1294/1294/378 1295/1295/378
f 1293/1293/378 1295/1295/378 1296/1296/378
f 1297/1297/379 1298/1298/379 1299/1299/379
f 1297/1297/379 1299/1299/379 1300/1300/379
f 1301/1301/380 1302/1302/380 1303/1303/380
f 1301/1301/380 1303/1303/380 1304/1304/380
f 1305/1305/381 1306/1306/381 1307/1307/381
f 1305/1305/381 1307/1307/381 1308/1308/381
f 1309/1309/382 1310/1310/382 1311/1311/382
f 1309/1309/382 1311/1311/382 1312/1312/382
f 1313/1313/383 1314/1314/383 1315/1315/383
f 1313/1313/383 1315/1315/383 1316/1316/383
f 1317/1317/384 1318/1318/384 1319/1319/384
f 1317/1317/384 1319/1319/384 1320/1320/384
f 1321/1321/385 1322/1322/385 1323/1323/385
f 1321/1321/385 1323/1323/385 1324/1324/385
f 1325/1325/386 1326/1326/386 1327/1327/386
f 1325/1325/386 1327/1327/386 1328/1328/386
f 1329/1329/387 1330/1330/387 1331/1331/387
f 1332/1332/388 1333/1333/388 1334/1334/388
f 1335/1335/389 1336/1336/389 1337/1337/389
f 1338/1338/390 1339/1339/390 1340/1340/390
f 1341/1341/391 1342/1342/391 1343/1343/391
f 1344/1344/392 1345/1345/392 1346/1346/392
f 1347/1347/393 1348/1348/393 1349/1349/393
f 1350/1350/394 1351/1351/394 1352/1352/394
f 1353/1353/395 1354/1354/395 1355/1355/395
f 1356/1356/396 1357/1357/396 1358/1358/396
f 1359/1359/397 1360/1360/397 1361/1361/397
f 1362/1362/398 1363/1363/398 1364/1364/398
f 1365/1365/399 1366/1366/399 1367/1367/399
f 1368/1368/400 1369/1369/400 1370/1370/400
f 1371/1371/401 1372/1372/401 1373/1373/401
f 1374/1374/402 1375/1375/402 1376/1376/402
f 1377/1377/403 1378/1378/403 1379/1379/403
f 1380/1380/404 1381/1381/404 1382/1382/404
f 1383/1383/405 1384/1384/405 1385/1385/405
f 1386/1386/406 1387/1387/406 1388/1388/406
f 1389/1389/407 1390/1390/407 1391/1391/407
f 1392/1392/408 1393/1393/408 1394/1394/408
f 1395/1395/409 1396/1396/409 1397/1397/409
f 1398/1398/410 1399/1399/410 1400/1400/410
f 1401/1401/411 1402/1402/411 1403/1403/411
f 1401/1401/411 1403/1403/411 1404/1404/411
f 1405/1405/412 1406/1406/412 1407/1407/412
f 1405/1405/412 1407/1407/412 1408/1408/412
f 1409/1409/413 1410/1410/413 1411/1411/413
f 1409/1409/413 1411/1411/413 1412/1412/413
f 1413/1413/414 1414/1414/414 1415/1415/414
f 1413/1413/414 1415/1415/414 1416/1416/414
f 1417/1417/415 1418/1418/415 1419/1419/415
f 1417/1417/415 1419/1419/415 1420/1420/415
f 1421/1421/416 1422/1422/416 1423/1423/416
f 1421/1421/416 1423/1423/416 1424/1424/416
f 1425/1425/417 1426/1426/417 1427/1427/417
f 1425/1425/417 1427/1427/417 1428/1428/417
f 1429/1429/418 1430/1430/418 1431/1431/418
f 1429/1429/418 1431/1431/418 1432/1432/418
f 1433/1433/419 1434/1434/419 1435/1435/419
f 1433/1433/419 1435/1435/419 1436/1436/419
f 1437/1437/420 1438/1438/420 1439/1439/420
f 1437/1437/420 1439/1439/420 1440/1440/420
f 1441/1441/421 1442/1442/421 1443/1443/421
f 1441/1441/421 1443/1443/421 1444/1444/421
f 1445/1445/422 1446/1446/422 1447/1447/422
f 1445/1445/422 1447/1447/422 1448/1448/422
f 1449/1449/423 1450/1450/423 1451/1451/423
f 1449/1449/423 1451/1451/423 1452/1452/423
f 1453/1453/424 1454/1454/424 1455/1455/424
f 1453/1453/424 1455/1455/424 1456/1456/424
f 1457/1457/425 1458/1458/425 1459/1459/425
f 1457/1457/425 1459/1459/425 1460/1460/425
f 1461/1461/426 1462/1462/426 1463/1463/426
f 1461/1461/426 1463/1463/426 1464/1464/426
f 1465/1465/427 1466/1466/427 1467/1467/427
f 1465/1465/427 1467/1467/427 1468/1468/427
f 1469/1469/428 1470/1470/428 1471/1471/428
f 1469/1469/428 1471/1471/428 1472/1472/428
f 1473/1473/429 1474/1474/429 1475/1475/429
f 1476/1476/430 1477/1477/430 1478/1478/430
f 1479/1479/431 1480/1480/431 1481/1481/431
f 1482/1482/432 1483/1483/432 1484/1484/432
f 1485/1485/433 1486/1486/433 1487/1487/433
f 1488/1488/434 1489/1489/434 1490/1490/434
f 1491/1491/435 1492/1492/435 1493/1493/435
f 1494/1494/436 1495/1495/436 1496/1496/436
f 1497/1497/437 1498/1498/437 1499/1499/437
f 1500/1500/438 1501/1501/438 1502/1502/438
f 1503/1503/439 1504/1504/439 1505/1505/439
f 1506/1506/440 1507/1507/440 1508/1508/440
f 1509/1509/441 1510/1510/441 1511/1511/441
f 1512/1512/442 1513/1513/442 1514/1514/442
f 1515/1515/443 1516/1516/443 1517/1517/443
f 1518/1518/444 1519/1519/444 1520/1520/444
f 1521/1521/445 1522/1522/445 1523/1523/445
f 1524/1524/446 1525/1525/446 1526/1526/446
f 1527/1527/447 1528/1528/447 1529/1529/447
f 1530/1530/448 1531/1531/448 1532/1532/448
f 1533/1533/449 1534/1534/449 1535/1535/449
f 1536/1536/450 1537/1537/450 1538/1538/450
f 1539/1539/451 1540/1540/451 1541/1541/451
f 1542/1542/452 1543/1543/452 1544/1544/452
f 1545/1545/453 1546/1546/453 1547/1547/453
f 1545/1545/453 1547/1547/453 1548/1548/453
f 1549/1549/454 1550/1550/454 1551/1551/454
f 1549/1549/454 1551/1551/454 1552/1552/454
f 1553/1553/455 1554/1554/455 1555/1555/455
f 1553/1553/455 1555/1555/455 1556/1556/455
f 1557/1557/456 1558/1558/456 1559/1559/456
f 1557/1557/456 1559/1559/456 1560/1560/456
f 1561/1561/457 1562/1562/457 1563/1563/457
f 1561/1561/457 1563/1563/457 1564/1564/457
f 1565/1565/458 1566/1566/458 1567/1567/458
f 1565/1565/458 1567/1567/458 1568/1568/458
f 1569/1569/459 1570/1570/459 1571/1571/459
f 1569/1569/459 1571/1571/459 1572/1572/459
f 1573/1573/460 1574/1574/460 1575/1575/460
f 1573/1573/460 1575/1575/460 1576/1576/460
f 1577/1577/461 1578/1578/461 1579/1579/461
f 1577/1577/461 1579/1579/461 1580/1580/461
f 1581/1581/462 1582/1582/462 1583/1583/462
f 1581/1581/462 1583/1583/462 1584/1584/462
f 1585/1585/463 1586/1586/463 1587/1587/463
f 1585/1585/463 1587/1587/463 1588/1588/463
f 1589/1589/464 1590/1590/464 1591/1591/464
f 1589/1589/464 1591/1591/464 1592/1592/464
f 1593/1593/465 1594/1594/465 1595/1595/465
f 1593/1593/465 1595/1595/465 1596/1596/465
f 1597/1597/466 1598/1598/466 1599/1599/466
f 1597/1597/466 1599/1599/466 1600/1600/466
f 1601/1601/467 1602/1602/467 1603/1603/467
f 1601/1601/467 1603/1603/467 1604/1604/467
f 1605/1605/468 1606/1606/468 1607/1607/468
f 1605/1605/468 1607/1607/468 1608/1608/468
f 1609/1609/469 1610/1610/469 1611/1611/469
f 1609/1609/469 1611/1611/469 1612/1612/469
f 1613/1613/470 1614/1614/470 1615/1615/470
f 1613/1613/470 1615/1615/470 1616/1616/470
f 1617/1617/471 1618/1618/471 1619/1619/471
f 1617/1617/471 1619/1619/471 1620/1620/471
f 1621/1621/472 1622/1622/472 1623/1623/472
f 1621/1621/472 1623/1623/472 1624/1624/472
f 1625/1625/473 1626/1626/473 1627/1627/473
f 1625/1625/473 1627/1627/473 1628/1628/473
f 1629/1629/474 1630/1630/474 1631/1631/474
f 1629/1629/474 1631/1631/474 1632/1632/474
f 1633/1633/475 1634/1634/475 1635/1635/475
f 1633/1633/475 1635/1635/475 1636/1636/475
f 1637/1637/476 1638/1638/476 1639/1639/476
f 1637/1637/476 1639/1639/476 1640/1640/476
f 1641/1641/477 1642/1642/477 1643/1643/477
f 1644/1644/478 1645/1645/478 1646/1646/478
f 1647/1647/479 1648/1648/479 1649/1649/479
f 1650/1650/480 1651/1651/480 1652/1652/480
f 1653/1653/481 1654/1654/481 1655/1655/481
f 1656/1656/482 1657/1657/482 1658/1658/482
f 1659/1659/483 1660/1660/483 1661/1661/483
f 1662/1662/484 1663/1663/484 1664/1664/484
f 1665/1665/485 1666/1666/485 1667/1667/485
f 1668/1668/486 1669/1669/486 1670/1670/486
f 1671/1671/487 1672/1672/487 1673/1673/487
f 1674/1674/488 1675/1675/488 1676/1676/488
f 1677/1677/489 1678/1678/489 1679/1679/489
f 1680/1680/490 1681/1681/490 1682/1682/490
f 1683/1683/491 1684/1684/491 1685/1685/491
f 1686/1686/492 1687/1687/492 1688/1688/492
f 1689/1689/493 1690/1690/493 1691/1691/493
f 1692/1692/494 1693/1693/494 1694/1694/494
f 1695/1695/495 1696/1696/495 1697/1697/495
f 1698/1698/496 1699/1699/496 1700/1700/496
f 1701/1701/497 1702/1702/497 1703/1703/497
f 1704/1704/498 1705/1705/498 1706/1706/498
f 1707/1707/499 1708/1708/499 1709/1709/499
f 1710/1710/500 1711/1711/500 1712/1712/500
f 1713/1713/501 1714/1714/501 1715/1715/501
f 1713/1713/501 1715/1715/501 1716/1716/501
f 1717/1717/502 1718/1718/502 1719/1719/502
f 1717/1717/502 1719/1719/502 1720/1720/502
f 1721/1721/503 1722/1722/503 1723/1723/503
f 1721/1721/503 1723/1723/503 1724/1724/503
f 1725/1725/504 1726/1726/504 1727/1727/504
f 1725/1725/504 1727/1727/504 1728/1728/504
f 1729/1729/505 1730/1730/505 1731/1731/505
f 1729/1729/505 1731/1731/505 1732/1732/505
f 1733/1733/506 1734/1734/506 1735/1735/506
f 1733/1733/506 1735/1735/506 1736/1736/506
f 1737/1737/507 1738/1738/507 1739/1739/507
f 1737/1737/507 1739/1739/507 1740/1740/507
f 1741/1741/508 1742/1742/508 1743/1743/508
f 1741/1741/508 1743/1743/508 1744/1744/508
f 1745/1745/509 1746/1746/509 1747/1747/509
f 1745/1745/509 1747/1747/509 1748/1748/509
f 1749/1749/510 1750/1750/510 1751/1751/510
f 1749/1749/510 1751/1751/510 1752/1752/510
f 1753/1753/511 1754/1754/511 1755/1755/511
f 1753/1753/511 1755/1755/511 1756/1756/511
f 1757/1757/512 1758/1758/512 1759/1759/512
f 1757/1757/512 1759/1759/512 1760/1760/512
f 1761/1761/513 1762/1762/513 1763/1763/513
f 1761/1761/513 1763/1763/513 1764/1764/513
f 1765/1765/514 1766/1766/514 1767/1767/514
f 1765/1765/514 1767/1767/514 1768/1768/514
f 1769/1769/515 1770/1770/515 1771/1771/515
f 1769/1769/515 1771/1771/515 1772/1772/515
f 1773/1773/516 1774/1774/516 1775/1775/516
f 1773/1773/516 1775/1775/516 1776/1776/516
f 1777/1777/517 1778/1778/517 1779/1779/517
f 1777/1777/517 1779/1779/517 1780/1780/517
f 1781/1781/518 1782/1782/518 1783/1783/518
f 1781/1781/518 1783/1783/518 1784/1784/518
f 1785/1785/519 1786/1786/519 1787/1787/519
f 1788/1788/520 1789/1789/520 1790/1790/520
f 1791/1791/521 1792/1792/521 1793/1793/521
f 1794/1794/522 1795/1795/522 1796/1796/522
f 1797/1797/523 1798/1798/523 1799/1799/523
f 1800/1800/524 1801/1801/524 1802/1802/524
f 1803/1803/525 1804/1804/525 1805/1805/525
f 1806/1806/526 1807/1807/526 1808/1808/526
f 1809/1809/527 1810/1810/527 1811/1811/527
f 1812/1812/528 1813/1813/528 1814/1814/528
f 1815/1815/529 1816/1816/529 1817/1817/529
f 1818/1818/530 1819/1819/530 1820/1820/530
f 1821/1821/531 1822/1822/531 1823/1823/531
f 1824/1824/532 1825/1825/532 1826/1826/532
f 1827/1827/533 1828/1828/533 1829/1829/533
f 1830/1830/534 1831/1831/534 1832/1832/534
f 1833/1833/535 1834/1834/535 1835/1835/535
f 1836/1836/536 1837/1837/536 1838/1838/536
f 1839/1839/537 1840/1840/537 1841/1841/537
f 1842/1842/538 1843/1843/538 1844/1844/538
f 1845/1845/539 1846/1846/539 1847/1847/539
f 1848/1848/540 1849/1849/540 1850/1850/540
f 1851/1851/541 1852/1852/541 1853/1853/541
f 1854/1854/542 1855/1855/542 1856/1856/542
f 1857/1857/543 1858/1858/543 1859/1859/543
f 1857/1857/543 1859/1859/543 1860/1860/543
f 1861/1861/544 1862/1862/544 1863/1863/544
f 1861/1861/544 1863/1863/544 1864/1864/544
f 1865/1865/545 1866/1866/545 1867/1867/545
f 1865/1865/545 1867/1867/545 1868/1868/545
f 1869/1869/546 1870/1870/546 1871/1871/546
f 1869/1869/546 1871/1871/546 1872/1872/546
f 1873/1873/547 1874/1874/547 1875/1875/547
f 1873/1873/547 1875/1875/547 1876/1876/547
f 1877/1877/548 1878/1878/548 1879/1879/548
f 1877/1877/548 1879/1879/548 1880/1880/548
f 1881/1881/549 1882/1882/549 1883/1883/549
f 1881/1881/549 1883/1883/549 1884/1884/549
f 1885/1885/550 1886/1886/550 1887/1887/550
f 1885/1885/550 1887/1887/550 1888/1888/550
f 1889/1889/551 1890/1890/551 1891/1891/551
f 1889/1889/551 1891/1891/551 1892/1892/551
f 1893/1893/552 1894/1894/552 1895/1895/552
f 1893/1893/552 1895/1895/552 1896/1896/552
f 1897/1897/553 1898/1898/553 1899/1899/553
f 1897/1897/553 1899/1899/553 1900/1900/553
f 1901/1901/554 1902/1902/554 1903/1903/554
f 1901/1901/554 1903/1903/554 1904/1904/554
f 1905/1905/555 1906/1906/555 1907/1907/555
f 1905/1905/555 1907/1907/555 1908/1908/555
f 1909/1909/556 1910/1910/556 1911/1911/556
f 1909/1909/556 1911/1911/556 1912/1912/556
f 1913/1913/557 1914/1914/557 1915/1915/557
f 1913/1913/557 1915/1915/557 1916/1916/557
f 1917/1917/558 1918/1918/558 1919/1919/558
f 1917/1917/558 1919/1919/558 1920/1920/558
f 1921/1921/559 1922/1922/559 1923/1923/559
f 1921/1921/559 1923/1923/559 1924/1924/559
f 1925/1925/560 1926/1926/560 1927/1927/560
f 1925/1925/560 1927/1927/560 1928/1928/560
f 1929/1929/561 1930/1930/561 1931/1931/561
f 1929/1929/561 1931/1931/561 1932/1932/561
f 1933/1933/562 1934/1934/562 1935/1935/562
f 1933/1933/562 1935/1935/562 1936/1936/562
f 1937/1937/563 1938/1938/563 1939/1939/563
f 1937/1937/563 1939/1939/563 1940/1940/563
f 1941/1941/564 1942/1942/564 1943/1943/564
f 1941/1941/564 1943/1943/564 1944/1944/564
f 1945/1945/565 1946/1946/565 1947/1947/565
f 1945/1945/565 1947/1947/565 1948/1948/565
f 1949/1949/566 1950/1950/566 1951/1951/566
f 1949/1949/566 1951/1951/566 1952/1952/566
f 1953/1953/567 1954/1954/567 1955/1955/567
f 1956/1956/568 1957/1957/568 1958/1958/568
f 1959/1959/569 1960/1960/569 1961/1961/569
f 1962/1962/570 1963/1963/570 1964/1964/570
f 1965/1965/571 1966/1966/571 1967/1967/571
f 1968/1968/572 1969/1969/572 1970/1970/572
f 1971/1971/573 1972/1972/573 1973/1973/573
f 1974/1974/574 1975/1975/574 1976/1976/574
f 1977/1977/575 1978/1978/575 1979/1979/575
f 1980/1980/576 1981/1981/576 1982/1982/576
f 1983/1983/577 1984/1984/577 1985/1985/577
f 1986/1986/578 1987/1987/578 1988/1988/578
f 1989/1989/579 1990/1990/579 1991/1991/579
f 1992/1992/580 1993/1993/580 1994/1994/580
f 1995/1995/581 1996/1996/581 1997/1997/581
f 1998/1998/582 1999/1999/582 2000/2000/582
f 2001/2001/583 2002/2002/583 2003/2003/583
f 2004/2004/584 2005/2005/584 2006/2006/584
f 2007/2007/585 2008/2008/585 2009/2009/585
f 2010/2010/586 2011/2011/586 2012/2012/586
f 2013/2013/587 2014/2014/587 2015/2015/587
f 2016/2016/588 2017/2017/588 2018/2018/588
f 2019/2019/589 2020/2020/589 2021/2021/589
f 2022/2022/590 2023/2023/590 2024/2024/590
f 2025/2025/591 2026/2026/591 2027/2027/591
f 2025/2025/591 2027/2027/591 2028/2028/591
f 2029/2029/592 2030/2030/592 2031/2031/592
f 2029/2029/592 2031/2031/592 2032/2032/592
f 2033/2033/593 2034/2034/593 2035/2035/593
f 2033/2033/593 2035/2035/593 2036/2036/593
f 2037/2037/594 2038/2038/594 2039/2039/594
f 2037/2037/594 2039/2039/594 2040/2040/594
f 2041/2041/595 2042/2042/595 2043/2043/595
f 2041/2041/595 2043/2043/595 2044/2044/595
f 2045/2045/596 2046/2046/596 2047/2047/596
f 2045/2045/596 2047/2047/596 2048/2048/596
f 2049/2049/597 2050/2050/597 2051/2051/597
f 2049/2049/597 2051/2051/597 2052/2052/597
f 2053/2053/598 2054/2054/598 2055/2055/598
f 2053/2053/598 2055/2055/598 2056/2056/598
f 2057/2057/599 2058/2058/599 2059/2059/599
f 2057/2057/599 2059/2059/599 2060/2060/599
f 2061/2061/600 2062/2062/600 2063/2063/600
f 2061/2061/600 2063/2063/600 2064/2064/600
f 2065/2065/601 2066/2066/601 2067/2067/601
f 2065/2065/601 2067/2067/601 2068/2068/601
f 2069/2069/602 2070/2070/602 2071/2071/602
f 2069/2069/602 2071/2071/602 2072/2072/602
f 2073/2073/603 2074/2074/603 2075/2075/603
f 2073/2073/603 2075/2075/603 2076/2076/603
f 2077/2077/604 2078/2078/604 2079/2079/604
f 2077/2077/604 2079/2079/604 2080/2080/604
f 2081/2081/605 2082/2082/605 2083/2083/605
f 2081/2081/605 2083/2083/605 2084/2084/605
f 2085/2085/606 2086/2086/606 2087/2087/606
f 2085/2085/606 2087/2087/606 2088/2088/606
f 2089/2089/607 2090/2090/607 2091/2091/607
f 2089/2089/607 2091/2091/607 2092/2092/607
f 2093/2093/608 2094/2094/608 2095/2095/608
f 2093/2093/608 2095/2095/608 2096/2096/608
f 2097/2097/609 2098/2098/609 2099/2099/609
f 2100/2100/610 2101/2101/610 2102/2102/610
f 2103/2103/611 2104/2104/611 2105/2105/611
f 2106/2106/612 2107/2107/612 2108/2108/612
f 2109/2109/613 2110/2110/613 2111/2111/613
f 2112/2112/614 2113/2113/614 2114/2114/614
f 2115/2115/615 2116/2116/615 2117/2117/615
f 2118/2118/616 2119/2119/616 2120/2120/616
f 2121/2121/617 2122/2122/617 2123/2123/617
f 2124/2124/618 2125/2125/618 2126/2126/618
f 2127/2127/619 2128/2128/619 2129/2129/619
f 2130/2130/620 2131/2131/620 2132/2132/620
f 2133/2133/621 2134/2134/621 2135/2135/621
f 2136/2136/622 2137/2137/622 2138/2138/622
f 2139/2139/623 2140/2140/623 2141/2141/623
f 2142/2142/624 2143/2143/624 2144/2144/624
f 2145/2145/625 2146/2146/625 2147/2147/625
f 2148/2148/626 2149/2149/626 2150/2150/626
f 2151/2151/627 2152/2152/627 2153/2153/627
f 2154/2154/628 2155/2155/628 2156/2156/628
f 2157/2157/629 2158/2158/629 2159/2159/629
f 2160/2160/630 2161/2161/630 2162/2162/630
f 2163/2163/631 2164/2164/631 2165/2165/631
f 2166/2166/632 2167/2167/632 2168/2168/632
f 2169/2169/633 2170/2170/633 2171/2171/633
f 2169/2169/633 2171/2171/633 2172/2172/633
f 2173/2173/634 2174/2174/634 2175/2175/634
f 2173/2173/634 2175/2175/634 2176/2176/634
f 2177/2177/635 2178/2178/635 2179/2179/635
f 2177/2177/635 2179/2179/635 2180/2180/635
f 2181/2181/636 2182/2182/636 2183/2183/636
f 2181/2181/636 2183/2183/636 2184/2184/636
f 2185/2185/637 2186/2186/637 2187/2187/637
f 2185/2185/637 2187/2187/637 2188/2188/637
f 2189/2189/638 2190/2190/638 2191/2191/638
f 2189/2189/638 2191/2191/638 2192/2192/638
f 2193/2193/639 2194/2194/639 2195/2195/639
f 2193/2193/639 2195/2195/639 2196/2196/639
f 2197/2197/640 2198/2198/640 2199/2199/640
f 2197/2197/640 2199/2199/640 2200/2200/640
f 2201/2201/641 2202/2202/641 2203/2203/641
f 2201/2201/641 2203/2203/641 2204/2204/641
f 2205/2205/642 2206/2206/642 2207/2207/642
f 2205/2205/642 2207/2207/642 2208/2208/642
f 2209/2209/643 2210/2210/643 2211/2211/643
f 2209/2209/643 2211/2211/643 2212/2212/643
f 2213/2213/644 2214/2214/644 2215/2215/644
f 2213/2213/644 2215/2215/644 2216/2216/644
f 2217/2217/645 2218/2218/645 2219/2219/645
f 2217/2217/645 2219/2219/645 2220/2220/645
f 2221/2221/646 2222/2222/646 2223/2223/646
f 2221/2221/646 2223/2223/646 2224/2224/646
f 2225/2225/647 2226/2226/647 2227/2227/647
f 2225/2225/647 2227/2227/647 2228/2228/647
f 2229/2229/648 2230/2230/648 2231/2231/648
f 2229/2229/648 2231/2231/648 2232/2232/648
f 2233/2233/649 2234/2234/649 2235/2235/649
f 2233/2233/649 2235/2235/649 2236/2236/649
f 2237/2237/650 2238/2238/650 2239/2239/650
f 2237/2237/650 2239/2239/650 2240/2240/650
f 2241/2241/651 2242/2242/651 2243/2243/651
f 2241/2241/651 2243/2243/651 2244/2244/651
f 2245/2245/652 2246/2246/652 2247/2247/652
f 2245/2245/652 2247/2247/652 2248/2248/652
f 2249/2249/653 2250/2250/653 2251/2251/653
f 2249/2249/653 2251/2251/653 2252/2252/653
f 2253/2253/654 2254/2254/654 2255/2255/654
f 2253/2253/654 2255/2255/654 2256/2256/654
f 2257/2257/655 2258/2258/655 2259/2259/655
f 2257/2257/655 2259/2259/655 2260/2260/655
f 2261/2261/656 2262/2262/656 2263/2263/656
f 2261/2261/656 2263/2263/656 2264/2264/656
f 2265/2265/657 2266/2266/657 2267/2267/657
f 2268/2268/658 2269/2269/658 2270/2270/658
f 2271/2271/659 2272/2272/659 2273/2273/659
f 2274/2274/660 2275/2275/660 2276/2276/660
f 2277/2277/661 2278/2278/661 2279/2279/661
f 2280/2280/662 2281/2281/662 2282/2282/662
f 2283/2283/663 2284/2284/663 2285/2285/663
f 2286/2286/664 2287/2287/664 2288/2288/664
f 2289/2289/665 2290/2290/665 2291/2291/665
f 2292/2292/666 2293/2293/666 2294/2294/666
f 2295/2295/667 2296/2296/667 2297/2297/667
f 2298/2298/668 2299/2299/668 2300/2300/668
f 2301/2301/669 2302/2302/669 2303/2303/669
f 2304/2304/670 2305/2305/670 2306/2306/670
f 2307/2307/671 2308/2308/671 2309/2309/671
f 2310/2310/672 2311/2311/672 2312/2312/672
f 2313/2313/673 2314/2314/673 2315/2315/673
f 2316/2316/674 2317/2317/674 2318/2318/674
f 2319/2319/675 2320/2320/675 2321/2321/675
f 2322/2322/676 2323/2323/676 2324/2324/676
f 2325/2325/677 2326/2326/677 2327/2327/677
f 2328/2328/678 2329/2329/678 2330/2330/678
f 2331/2331/679 2332/2332/679 2333/2333/679
f 2334/2334/680 2335/2335/680 2336/2336/680
f 2337/2337/681 2338/2338/681 2339/2339/681
f 2337/2337/681 2339/2339/681 2340/2340/681
f 2341/2341/682 2342/2342/682 2343/2343/682
f 2341/2341/682 2343/2343/682 2344/2344/682
f 2345/2345/683 2346/2346/683 2347/2347/683
f 2345/2345/683 2347/2347/683 2348/2348/683
f 2349/2349/684 2350/2350/684 2351/2351/684
f 2349/2349/684 2351/2351/684 2352/2352/684
f 2353/2353/685 2354/2354/685 2355/2355/685
f 2353/2353/685 2355/2355/685 2356/2356/685
f 2357/2357/686 2358/2358/686 2359/2359/686
f 2357/2357/686 2359/2359/686 2360/2360/686
f 2361/2361/687 2362/2362/687 2363/2363/687
f 2361/2361/687 2363/2363/687 2364/2364/687
f 2365/2365/688 2366/2366/688 2367/2367/688
f 2365/2365/688 2367/2367/688 2368/2368/688
f 2369/2369/689 2370/2370/689 2371/2371/689
f 2369/2369/689 2371/2371/689 2372/2372/689
f 2373/2373/690 2374/2374/690 2375/2375/690
f 2373/2373/690 2375/2375/690 2376/2376/690
f 2377/2377/691 2378/2378/691 2379/2379/691
f 2377/2377/691 2379/2379/691 2380/2380/691
f 2381/2381/692 2382/2382/692 2383/2383/692
f 2381/2381/692 2383/2383/692 2384/2384/692
f 2385/2385/693 2386/2386/693 2387/2387/693
f 2385/2385/693 2387/2387/693 2388/2388/693
f 2389/2389/694 2390/2390/694 2391/2391/694
f 2389/2389/694 2391/2391/694 2392/2392/694
f 2393/2393/695 2394/2394/695 2395/2395/695
f 2393/2393/695 2395/2395/695 2396/2396/695
f 2397/2397/696 2398/2398/696 2399/2399/696
f 2397/2397/696 2399/2399/696 2400/2400/696
f 2401/2401/697 2402/2402/697 2403/2403/697
f 2401/2401/697 2403/2403/697 2404/2404/697
f 2405/2405/698 2406/2406/698 2407/2407/698
f 2405/2405/698 2407/2407/698 2408/2408/698
f 2409/2409/699 2410/2410/699 2411/2411/699
f 2412/2412/700 2413/2413/700 2414/2414/700
f 2415/2415/701 2416/2416/701 2417/2417/701
f 2418/2418/702 2419/2419/702 2420/2420/702
f 2421/2421/703 2422/2422/703 2423/2423/703
f 2424/2424/704 2425/2425/704 2426/2426/704
f 2427/2427/705 2428/2428/705 2429/2429/705
f 2430/2430/706 2431/2431/706 2432/2432/706
f 2433/2433/707 2434/2434/707 2435/2435/707
f 2436/2436/708 2437/2437/708 2438/2438/708
f 2439/2439/709 2440/2440/709 2441/2441/709
f 2442/2442/710 2443/2443/710 2444/2444/710
f 2445/2445/711 2446/2446/711 2447/2447/711
f 2448/2448/712 2449/2449/712 2450/2450/712
f 2451/2451/713 2452/2452/713 2453/2453/713
f 2454/2454/714 2455/2455/714 2456/2456/714
f 2457/2457/715 2458/2458/715 2459/2459/715
f 2460/2460/716 2461/2461/716 2462/2462/716
f 2463/2463/717 2464/2464/717 2465/2465/717
f 2466/2466/718 2467/2467/718 2468/2468/718
f 2469/2469/719 2470/2470/719 2471/2471/719
f 2472/2472/720 2473/2473/720 2474/2474/720
f 2475/2475/721 2476/2476/721 2477/2477/721
f 2478/2478/722 2479/2479/722 2480/2480/722
f 2481/2481/723 2482/2482/723 2483/2483/723
f 2481/2481/723 2483/2483/723 2484/2484/723
f 2485/2485/724 2486/2486/724 2487/2487/724
f 2485/2485/724 2487/2487/724 2488/2488/724
f 2489/2489/725 2490/2490/725 2491/2491/725
f 2489/2489/725 2491/2491/725 2492/2492/725
f 2493/2493/726 2494/2494/726 2495/2495/726
f 2493/2493/726 2495/2495/726 2496/2496/726
f 2497/2497/727 2498/2498/727 2499/2499/727
f 2497/2497/727 2499/2499/727 2500/2500/727
f 2501/2501/728 2502/2502/728 2503/2503/728
f 2501/2501/728 2503/2503/728 2504/2504/728
f 2505/2505/729 2506/2506/729 2507/2507/729
f 2505/2505/729 2507/2507/729 2508/2508/729
f 2509/2509/730 2510/2510/730 2511/2511/730
f 2509/2509/730 2511/2511/730 2512/2512/730
f 2513/2513/731 2514/2514/731 2515/2515/731
f 2513/2513/731 2515/2515/731 2516/2516/731
f 2517/2517/732 2518/2518/732 2519/2519/732
f 2517/2517/732 2519/2519/732 2520/2520/732
f 2521/2521/733 2522/2522/733 2523/2523/733
f 2521/2521/733 2523/2523/733 2524/2524/733
f 2525/2525/734 2526/2526/734 2527/2527/734
f 2525/2525/734 2527/2527/734 2528/2528/734
f 2529/2529/735 2530/2530/735 2531/2531/735
f 2529/2529/735 2531/2531/735 2532/2532/735
f 2533/2533/736 2534/2534/736 2535/2535/736
f 2533/2533/736 2535/2535/736 2536/2536/736
f 2537/2537/737 2538/2538/737 2539/2539/737
f 2537/2537/737 2539/2539/737 2540/2540/737
f 2541/2541/738 2542/2542/738 2543/2543/738
f 2541/2541/738 2543/2543/738 2544/2544/738
f 2545/2545/739 2546/2546/739 2547/2547/739
f 2545/2545/739 2547/2547/739 2548/2548/739
f 2549/2549/740 2550/2550/740 2551/2551/740
f 2549/2549/740 2551/2551/740 2552/2552/740
f 2553/2553/741 2554/2554/741 2555/2555/741
f 2553/2553/741 2555/2555/741 2556/2556/741
f 2557/2557/742 2558/2558/742 2559/2559/742
f 2557/2557/742 2559/2559/742 2560/2560/742
f 2561/2561/743 2562/2562/743 2563/2563/743
f 2561/2561/743 2563/2563/743 2564/2564/743
f 2565/2565/744 2566/2566/744 2567/2567/744
f 2565/2565/744 2567/2567/744 2568/2568/744
f 2569/2569/745 2570/2570/745 2571/2571/745
f 2569/2569/745 2571/2571/745 2572/2572/745
f 2573/2573/746 2574/2574/746 2575/2575/746
f 2573/2573/746 2575/2575/746 2576/2576/746
f 2577/2577/747 2578/2578/747 2579/2579/747
f 2580/2580/748 2581/2581/748 2582/2582/748
f 2583/2583/749 2584/2584/749 2585/2585/749
f 2586/2586/750 2587/2587/750 2588/2588/750
f 2589/2589/751 2590/2590/751 2591/2591/751
f 2592/2592/752 2593/2593/752 2594/2594/752
f 2595/2595/753 2596/2596/753 2597/2597/753
f 2598/2598/754 2599/2599/754 2600/2600/754
f 2601/2601/755 2602/2602/755 2603/2603/755
f 2604/2604/756 2605/2605/756 2606/2606/756
f 2607/2607/757 2608/2608/757 2609/2609/757
f 2610/2610/758 2611/2611/758 2612/2612/758
f 2613/2613/759 2614/2614/759 2615/2615/759
f 2616/2616/760 2617/2617/760 2618/2618/760
f 2619/2619/761 2620/2620/761 2621/2621/761
f 2622/2622/762 2623/2623/762 2624/2624/762
f 2625/2625/763 2626/2626/763 2627/2627/763
f 2628/2628/764 2629/2629/764 2630/2630/764
f 2631/2631/765 2632/2632/765 2633/2633/765
f 2634/2634/766 2635/2635/766 2636/2636/766
f 2637/2637/767 2638/2638/767 2639/2639/767
f 2640/2640/768 2641/2641/768 2642/2642/768
f 2643/2643/769 2644/2644/769 2645/2645/769
f 2646/2646/770 2647/2647/770 2648/2648/770
f 2649/2649/771 2650/2650/771 2651/2651/771
f 2649/2649/771 2651/2651/771 2652/2652/771
f 2653/2653/772 2654/2654/772 2655/2655/772
f 2653/2653/772 2655/2655/772 2656/2656/772
f 2657/2657/773 2658/2658/773 2659/2659/773
f 2657/2657/773 2659/2659/773 2660/2660/773
f 2661/2661/774 2662/2662/774 2663/2663/774
f 2661/2661/774 2663/2663/774 2664/2664/774
f 2665/2665/775 2666/2666/775 2667/2667/775
f 2665/2665/775 2667/2667/775 2668/2668/775
f 2669/2669/776 2670/2670/776 2671/2671/776
f 2669/2669/776 2671/2671/776 2672/2672/776
f 2673/2673/777 2674/2674/777 2675/2675/777
f 2673/2673/777 2675/2675/777 2676/2676/777
f 2677/2677/778 2678/2678/778 2679/2679/778
f 2677/2677/778 2679/2679/778 2680/2680/778
f 2681/2681/779 2682/2682/779 2683/2683/779
f 2681/2681/779 2683/2683/779 2684/2684/779
f 2685/2685/780 2686/2686/780 2687/2687/780
f 2685/2685/780 2687/2687/780 2688/2688/780
f 2689/2689/781 2690/2690/781 2691/2691/781
f 2689/2689/781 2691/2691/781 2692/2692/781
f 2693/2693/782 2694/2694/782 2695/2695/782
f 2693/2693/782 2695/2695/782 2696/2696/782
f 2697/2697/783 2698/2698/783 2699/2699/783
f 2697/2697/783 2699/2699/783 2700/2700/783
f 2701/2701/784 2702/2702/784 2703/2703/784
f 2701/2701/784 2703/2703/784 2704/2704/784
f 2705/2705/785 2706/2706/785 2707/2707/785
f 2705/2705/785 2707/2707/785 2708/2708/785
f 2709/2709/786 2710/2710/786 2711/2711/786
f 2709/2709/786 2711/2711/786 2712/2712/786
f 2713/2713/787 2714/2714/787 2715/2715/787
f 2713/2713/787 2715/2715/787 2716/2716/787
f 2717/2717/788 2718/2718/788 2719/2719/788
f 2717/2717/788 2719/2719/788 2720/2720/788
f 2721/2721/789 2722/2722/789 2723/2723/789
f 2724/2724/790 2725/2725/790 2726/2726/790
f 2727/2727/791 2728/2728/791 2729/2729/791
f 2730/2730/792 2731/2731/792 2732/2732/792
f 2733/2733/793 2734/2734/793 2735/2735/793
f 2736/2736/794 2737/2737/794 2738/2738/794
f 2739/2739/795 2740/2740/795 2741/2741/795
f 2742/2742/796 2743/2743/796 2744/2744/796
f 2745/2745/797 2746/2746/797 2747/2747/797
f 2748/2748/798 2749/2749/798 2750/2750/798
f 2751/2751/799 2752/2752/799 2753/2753/799
f 2754/2754/800 2755/2755/800 2756/2756/800
f 2757/2757/801 2758/2758/801 2759/2759/801
f 2760/2760/802 2761/2761/802 2762/2762/802
f 2763/2763/803 2764/2764/803 2765/2765/803
f 2766/2766/804 2767/2767/804 2768/2768/804
f 2769/2769/805 2770/2770/805 2771/2771/805
f 2772/2772/806 2773/2773/806 2774/2774/806
f 2775/2775/807 2776/2776/807 2777/2777/807
f 2778/2778/808 2779/2779/808 2780/2780/808
f 2781/2781/809 2782/2782/809 2783/2783/809
f 2784/2784/810 2785/2785/810 2786/2786/810
f 2787/2787/811 2788/2788/811 2789/2789/811
f 2790/2790/812 2791/2791/812 2792/2792/812
f 2793/2793/813 2794/2794/813 2795/2795/813
f 2793/2793/813 2795/2795/813 2796/2796/813
f 2797/2797/814 2798/2798/814 2799/2799/814
f 2797/2797/814 2799/2799/814 2800/2800/814
f 2801/2801/815 2802/2802/815 2803/2803/815
f 2801/2801/815 2803/2803/815 2804/2804/815
f 2805/2805/816 2806/2806/816 2807/2807/816
f 2805/2805/816 2807/2807/816 2808/2808/816
f 2809/2809/817 2810/2810/817 2811/2811/817
f 2809/2809/817 2811/2811/817 2812/2812/817
f 2813/2813/818 2814/2814/818 2815/2815/818
f 2813/2813/818 2815/2815/818 2816/2816/818
f 2817/2817/819 2818/2818/819 2819/2819/819
f 2817/2817/819 2819/2819/819 2820/2820/819
f 2821/2821/820 2822/2822/820 2823/2823/820
f 2821/2821/820 2823/2823/820 2824/2824/820
f 2825/2825/821 2826/2826/821 2827/2827/821
f 2825/2825/821 2827/2827/821 2828/2828/821
f 2829/2829/822 2830/2830/822 2831/2831/822
f 2829/2829/822 2831/2831/822 2832/2832/822
f 2833/2833/823 2834/2834/823 2835/2835/823
f 2833/2833/823 2835/2835/823 2836/2836/823
f 2837/2837/824 2838/2838/824 2839/2839/824
f 2837/2837/824 2839/2839/824 2840/2840/824
f 2841/2841/825 2842/2842/825 2843/2843/825
f 2841/2841/825 2843/2843/825 2844/2844/825
f 2845/2845/826 2846/2846/826 2847/2847/826
f 2845/2845/826 2847/2847/826 2848/2848/826
f 2849/2849/827 2850/2850/827 2851/2851/827
f 2849/2849/827 2851/2851/827 2852/2852/827
f 2853/2853/828 2854/2854/828 2855/2855/828
f 2853/2853/828 2855/2855/828 2856/2856/828
f 2857/2857/829 2858/2858/829 2859/2859/829
f 2857/2857/829 2859/2859/829 2860/2860/829
f 2861/2861/830 2862/2862/830 2863/2863/830
f 2861/2861/830 2863/2863/830 2864/2864/830
f 2865/2865/831 2866/2866/831 2867/2867/831
f 2865/2865/831 2867/2867/831 2868/2868/831
f 2869/2869/832 2870/2870/832 2871/2871/832
f 2869/2869/832 2871/2871/832 2872/2872/832
f 2873/2873/833 2874/2874/833 2875/2875/833
f 2873/2873/833 2875/2875/833 2876/2876/833
f 2877/2877/834 2878/2878/834 2879/2879/834
f 2877/2877/834 2879/2879/834 2880/2880/834
f 2881/2881/835 2882/2882/835 2883/2883/835
f 2881/2881/835 2883/2883/835 2884/2884/835
f 2885/2885/836 2886/2886/836 2887/2887/836
f 2885/2885/836 2887/2887/836 2888/2888/836
f 2889/2889/837 2890/2890/837 2891/2891/837
f 2892/2892/838 2893/2893/838 2894/2894/838
f 2895/2895/839 2896/2896/839 2897/2897/839
f 2898/2898/840 2899/2899/840 2900/2900/840
f 2901/2901/841 2902/2902/841 2903/2903/841
f 2904/2904/842 2905/2905/842 2906/2906/842
f 2907/2907/843 2908/2908/843 2909/2909/843
f 2910/2910/844 2911/2911/844 2912/2912/844
f 2913/2913/845 2914/2914/845 2915/2915/845
f 2916/2916/846 2917/2917/846 2918/2918/846
f 2919/2919/847 2920/2920/847 2921/2921/847
f 2922/2922/848 2923/2923/848 2924/2924/848
f 2925/2925/849 2926/2926/849 2927/2927/849
f 2928/2928/850 2929/2929/850 2930/2930/850
f 2931/2931/851 2932/2932/851 2933/2933/851
f 2934/2934/852 2935/2935/852 2936/2936/852
f 2937/2937/853 2938/2938/853 2939/2939/853
f 2940/2940/854 2941/2941/854 2942/2942/854
f 2943/2943/855 2944/2944/855 2945/2945/855
f 2946/2946/856 2947/2947/856 2948/2948/856
f 2949/2949/857 2950/2950/857 2951/2951/857
f 2952/2952/858 2953/2953/858 2954/2954/858
f 2955/2955/859 2956/2956/859 2957/2957/859
f 2958/2958/860 2959/2959/860 2960/2960/860
f 2961/2961/861 2962/2962/861 2963/2963/861
f 2961/2961/861 2963/2963/861 2964/2964/861
f 2965/2965/862 2966/2966/862 2967/2967/862
f 2965/2965/862 2967/2967/862 2968/2968/862
f 2969/2969/863 2970/2970/863 2971/2971/863
f 2969/2969/863 2971/2971/863 2972/2972/863
f 2973/2973/864 2974/2974/864 2975/2975/864
f 2973/2973/864 2975/2975/864 2976/2976/864
f 2977/2977/865 2978/2978/865 2979/2979/865
f 2977/2977/865 2979/2979/865 2980/2980/865
f 2981/2981/866 2982/2982/866 2983/2983/866
f 2981/2981/866 2983/2983/866 2984/2984/866
f 2985/2985/867 2986/2986/867 2987/2987/867
f 2985/2985/867 2987/2987/867 2988/2988/867
f 2989/2989/868 2990/2990/868 2991/2991/868
f 2989/2989/868 2991/2991/868 2992/2992/868
f 2993/2993/869 2994/2994/869 2995/2995/869
f 2993/2993/869 2995/2995/869 2996/2996/869
f 2997/2997/870 2998/2998/870 2999/2999/870
f 2997/2997/870 2999/2999/870 3000/3000/870
f 3001/3001/871 3002/3002/871 3003/3003/871
f 3001/3001/871 3003/3003/871 3004/3004/871
f 3005/3005/872 3006/3006/872 3007/3007/872
f 3005/3005/872 3007/3007/872 3008/3008/872
f 3009/3009/873 3010/3010/873 3011/3011/873
f 3009/3009/873 3011/3011/873 3012/3012/873
f 3013/3013/874 3014/3014/874 3015/3015/874
f 3013/3013/874 3015/3015/874 3016/3016/874
f 3017/3017/875 3018/3018/875 3019/3019/875
f 3017/3017/875 3019/3019/875 3020/3020/875
f 3021/3021/876 3022/3022/876 3023/3023/876
f 3021/3021/876 3023/3023/876 3024/3024/876
f 3025/3025/877 3026/3026/877 3027/3027/877
f 3025/3025/877 3027/3027/877 3028/3028/877
f 3029/3029/878 3030/3030/878 3031/3031/878
f 3029/3029/878 3031/3031/878 3032/3032/878
f 3033/3033/879 3034/3034/879 3035/3035/879
f 3036/3036/880 3037/3037/880 3038/3038/880
f 3039/3039/881 3040/3040/881 3041/3041/881
f 3042/3042/882 3043/3043/882 3044/3044/882
f 3045/3045/883 3046/3046/883 3047/3047/883
f 3048/3048/884 3049/3049/884 3050/3050/884
f 3051/3051/885 3052/3052/885 3053/3053/885
f 3054/3054/886 3055/3055/886 3056/3056/886
f 3057/3057/887 3058/3058/887 3059/3059/887
f 3060/3060/888 3061/3061/888 3062/3062/888
f 3063/3063/889 3064/3064/889 3065/3065/889
f 3066/3066/890 3067/3067/890 3068/3068/890
f 3069/3069/891 3070/3070/891 3071/3071/891
f 3072/3072/892 3073/3073/892 3074/3074/892
f 3075/3075/893 3076/3076/893 3077/3077/893
f 3078/3078/894 3079/3079/894 3080/3080/894
f 3081/3081/895 3082/3082/895 3083/3083/895
f 3084/3084/896 3085/3085/896 3086/3086/896
f 3087/3087/897 3088/3088/897 3089/3089/897
f 3090/3090/898 3091/3091/898 3092/3092/898
f 3093/3093/899 3094/3094/899 3095/3095/899
f 3096/3096/900 3097/3097/900 3098/3098/900
f 3099/3099/901 3100/3100/901 3101/3101/901
f 3102/3102/902 3103/3103/902 3104/3104/902
f 3105/3105/903 3106/3106/903 3107/3107/903
f 3105/3105/903 3107/3107/903 3108/3108/903
f 3109/3109/904 3110/3110/904 3111/3111/904
f 3109/3109/904 3111/3111/904 3112/3112/904
f 3113/3113/905 3114/3114/905 3115/3115/905
f 3113/3113/905 3115/3115/905 3116/3116/905
f 3117/3117/906 3118/3118/906 3119/3119/906
f 3117/3117/906 3119/3119/906 3120/3120/906
f 3121/3121/907 3122/3122/907 3123/3123/907
f 3121/3121/907 3123/3123/907 3124/3124/907
f 3125/3125/908 3126/3126/908 3127/3127/908
f 3125/3125/908 3127/3127/908 3128/3128/908
f 3129/3129/909 3130/3130/909 3131/3131/909
f 3129/3129/909 3131/3131/909 3132/3132/909
f 3133/3133/910 3134/3134/910 3135/3135/910
f 3133/3133/910 3135/3135/910 3136/3136/910
f 3137/3137/911 3138/3138/911 3139/3139/911
f 3137/3137/911 3139/3139/911 3140/3140/911
f 3141/3141/912 3142/3142/912 3143/3143/912
f 3141/3141/912 3143/3143/912 3144/3144/912
f 3145/3145/913 3146/3146/913 3147/3147/913
f 3145/3145/913 3147/3147/913 3148/3148/913
f 3149/3149/914 3150/3150/914 3151/3151/914
f 3149/3149/914 3151/3151/914 3152/3152/914
f 3153/3153/915 3154/3154/915 3155/3155/915
f 3153/3153/915 3155/3155/915 3156/3156/915
f 3157/3157/916 3158/3158/916 3159/3159/916
f 3157/3157/916 3159/3159/916 3160/3160/916
f 3161/3161/917 3162/3162/917 3163/3163/917
f 3161/3161/917 3163/3163/917 3164/3164/917
f 3165/3165/918 3166/3166/918 3167/3167/918
f 3165/3165/918 3167/3167/918 3168/3168/918
f 3169/3169/919 3170/3170/919 3171/3171/919
f 3169/3169/919 3171/3171/919 3172/3172/919
f 3173/3173/920 3174/3174/920 3175/3175/920
f 3173/3173/920 3175/3175/920 3176/3176/920
f 3177/3177/921 3178/3178/921 3179/3179/921
f 3177/3177/921 3179/3179/921 3180/3180/921
f 3181/3181/922 3182/3182/922 3183/3183/922
f 3181/3181/922 3183/3183/922 3184/3184/922
f 3185/3185/923 3186/3186/923 3187/3187/923
f 3185/3185/923 3187/3187/923 3188/3188/923
f 3189/3189/924 3190/3190/924 3191/3191/924
f 3189/3189/924 3191/3191/924 3192/3192/924
f 3193/3193/925 3194/3194/925 3195/3195/925
f 3193/3193/925 3195/3195/925 3196/3196/925
f 3197/3197/926 3198/3198/926 3199/3199/926
f 3197/3197/926 3199/3199/926 3200/3200/926
f 3201/3201/927 3202/3202/927 3203/3203/927
f 3204/3204/928 3205/3205/928 3206/3206/928
f 3207/3207/929 3208/3208/929 3209/3209/929
f 3210/3210/930 3211/3211/930 3212/3212/930
f 3213/3213/931 3214/3214/931 3215/3215/931
f 3216/3216/932 3217/3217/932 3218/3218/932
f 3219/3219/933 3220/3220/933 3221/3221/933
f 3222/3222/934 3223/3223/934 3224/3224/934
f 3225/3225/935 3226/3226/935 3227/3227/935
f 3228/3228/936 3229/3229/936 3230/3230/936
f 3231/3231/937 3232/3232/937 3233/3233/937
f 3234/3234/938 3235/3235/938 3236/3236/938
f 3237/3237/939 3238/3238/939 3239/3239/939
f 3240/3240/940 3241/3241/940 3242/3242/940
f 3243/3243/941 3244/3244/941 3245/3245/941
f 3246/3246/942 3247/3247/942 3248/3248/942
f 3249/3249/943 3250/3250/943 3251/3251/943
f 3252/3252/944 3253/3253/944 3254/3254/944
f 3255/3255/945 3256/3256/945 3257/3257/945
f 3258/3258/946 3259/3259/946 3260/3260/946
f 3261/3261/947 3262/3262/947 3263/3263/947
f 3264/3264/948 3265/3265/948 3266/3266/948
f 3267/3267/949 3268/3268/949 3269/3269/949
f 3270/3270/950 3271/3271/950 3272/3272/950
f 3273/3273/951 3274/3274/951 3275/3275/951
f 3273/3273/951 3275/3275/951 3276/3276/951
f 3277/3277/952 3278/3278/952 3279/3279/952
f 3277/3277/952 3279/3279/952 3280/3280/952
f 3281/3281/953 3282/3282/953 3283/3283/953
f 3281/3281/953 3283/3283/953 3284/3284/953
f 3285/3285/954 3286/3286/954 3287/3287/954
f 3285/3285/954 3287/3287/954 3288/3288/954
f 3289/3289/955 3290/3290/955 3291/3291/955
f 3289/3289/955 3291/3291/955 3292/3292/955
f 3293/3293/956 3294/3294/956 3295/3295/956
f 3293/3293/956 3295/3295/956 3296/3296/956
f 3297/3297/957 3298/3298/957 3299/3299/957
f 3297/3297/957 3299/3299/957 3300/3300/957
f 3301/3301/958 3302/3302/958 3303/3303/958
f 3301/3301/958 3303/3303/958 3304/3304/958
f 3305/3305/959 3306/3306/959 3307/3307/959
f 3305/3305/959 3307/3307/959 3308/3308/959
f 3309/3309/960 3310/3310/960 3311/3311/960
f 3309/3309/960 3311/3311/960 3312/3312/960
f 3313/3313/961 3314/3314/961 3315/3315/961
f 3313/3313/961 3315/3315/961 3316/3316/961
f 3317/3317/962 3318/3318/962 3319/3319/962
f 3317/3317/962 3319/3319/962 3320/3320/962
f 3321/3321/963 3322/3322/963 3323/3323/963
f 3321/3321/963 3323/3323/963 3324/3324/963
f 3325/3325/964 3326/3326/964 3327/3327/964
f 3325/3325/964 3327/3327/964 3328/3328/964
f 3329/3329/965 3330/3330/965 3331/3331/965
f 3329/3329/965 3331/3331/965 3332/3332/965
f 3333/3333/966 3334/3334/966 3335/3335/966
f 3333/3333/966 3335/3335/966 3336/3336/966
f 3337/3337/967 3338/3338/967 3339/3339/967
f 3337/3337/967 3339/3339/967 3340/3340/967
f 3341/3341/968 3342/3342/968 3343/3343/968
f 3341/3341/968 3343/3343/968 3344/3344/968
f 3345/3345/969 3346/3346/969 3347/3347/969
f 3348/3348/970 3349/3349/970 3350/3350/970
f 3351/3351/971 3352/3352/971 3353/3353/971
f 3354/3354/972 3355/3355/972 3356/3356/972
f 3357/3357/973 3358/3358/973 3359/3359/973
f 3360/3360/974 3361/3361/974 3362/3362/974
f 3363/3363/975 3364/3364/975 3365/3365/975
f 3366/3366/976 3367/3367/976 3368/3368/976
f 3369/3369/977 3370/3370/977 3371/3371/977
f 3372/3372/978 3373/3373/978 3374/3374/978
f 3375/3375/979 3376/3376/979 3377/3377/979
f 3378/3378/980 3379/3379/980 3380/3380/980
f 3381/3381/981 3382/3382/981 3383/3383/981
f 3384/3384/982 3385/3385/982 3386/3386/982
f 3387/3387/983 3388/3388/983 3389/3389/983
f 3390/3390/984 3391/3391/984 3392/3392/984
f 3393/3393/985 3394/3394/985 3395/3395/985
f 3396/3396/986 3397/3397/986 3398/3398/986
f 3399/3399/987 3400/3400/987 3401/3401/987
f 3402/3402/988 3403/3403/988 3404/3404/988
f 3405/3405/989 3406/3406/989 3407/3407/989
f 3408/3408/990 3409/3409/990 3410/3410/990
f 3411/3411/991 3412/3412/991 3413/3413/991
f 3414/3414/992 3415/3415/992 3416/3416/992
f 3417/3417/993 3418/3418/993 3419/3419/993
f 3417/3417/993 3419/3419/993 3420/3420/993
f 3421/3421/994 3422/3422/994 3423/3423/994
f 3421/3421/994 3423/3423/994 3424/3424/994
f 3425/3425/995 3426/3426/995 3427/3427/995
f 3425/3425/995 3427/3427/995 3428/3428/995
f 3429/3429/996 3430/3430/996 3431/3431/996
f 3429/3429/996 3431/3431/996 3432/3432/996
f 3433/3433/997 3434/3434/997 3435/3435/997
f 3433/3433/997 3435/3435/997 3436/3436/997
f 3437/3437/998 3438/3438/998 3439/3439/998
f 3437/3437/998 3439/3439/998 3440/3440/998
f 3441/3441/999 3442/3442/999 3443/3443/999
f 3441/3441/999 3443/3443/999 3444/3444/999
f 3445/3445/1000 3446/3446/1000 3447/3447/1000
f 3445/3445/1000 3447/3447/1000 3448/3448/1000
f 3449/3449/1001 3450/3450/1001 3451/3451/1001
f 3449/3449/1001 3451/3451/1001 3452/3452/1001
f 3453/3453/1002 3454/3454/1002 3455/3455/1002
f 3453/3453/1002 3455/3455/1002 3456/3456/1002
f 3457/3457/1003 3458/3458/1003 3459/3459/1003
f 3457/3457/1003 3459/3459/1003 3460/3460/1003
f 3461/3461/1004 3462/3462/1004 3463/3463/1004
f 3461/3461/1004 3463/3463/1004 3464/3464/1004
f 3465/3465/1005 3466/3466/1005 3467/3467/1005
f 3465/3465/1005 3467/3467/1005 3468/3468/1005
f 3469/3469/1006 3470/3470/1006 3471/3471/1006
f 3469/3469/1006 3471/3471/1006 3472/3472/1006
f 3473/3473/1007 3474/3474/1007 3475/3475/1007
f 3473/3473/1007 3475/3475/1007 3476/3476/1007
f 3477/3477/1008 3478/3478/1008 3479/3479/1008
f 3477/3477/1008 3479/3479/1008 3480/3480/1008
f 3481/3481/1009 3482/3482/1009 3483/3483/1009
f 3481/3481/1009 3483/3483/1009 3484/3484/1009
f 3485/3485/1010 3486/3486/1010 3487/3487/1010
f 3485/3485/1010 3487/3487/1010 3488/3488/1010
f 3489/3489/1011 3490/3490/1011 3491/3491/1011
f 3489/3489/1011 3491/3491/1011 3492/3492/1011
f 3493/3493/1012 3494/3494/1012 3495/3495/1012
f 3493/3493/1012 3495/3495/1012 3496/3496/1012
f 3497/3497/1013 3498/3498/1013 3499/3499/1013
f 3497/3497/1013 3499/3499/1013 3500/3500/1013
f 3501/3501/1014 3502/3502/1014 3503/3503/1014
f 3501/3501/1014 3503/3503/1014 3504/3504/1014
f 3505/3505/1015 3506/3506/1015 3507/3507/1015
f 3505/3505/1015 3507/3507/1015 3508/3508/1015
f 3509/3509/1016 3510/3510/1016 3511/3511/1016
f 3509/3509/1016 3511/3511/1016 3512/3512/1016
f 3513/3513/1017 3514/3514/1017 3515/3515/1017
f 3516/3516/1018 3517/3517/1018 3518/3518/1018
f 3519/3519/1019 3520/3520/1019 3521/3521/1019
f 3522/3522/1020 3523/3523/1020 3524/3524/1020
f 3525/3525/1021 3526/3526/1021 3527/3527/1021
f 3528/3528/1022 3529/3529/1022 3530/3530/1022
f 3531/3531/1023 3532/3532/1023 3533/3533/1023
f 3534/3534/1024 3535/3535/1024 3536/3536/1024
f 3537/3537/1025 3538/3538/1025 3539/3539/1025
f 3540/3540/1026 3541/3541/1026 3542/3542/1026
f 3543/3543/1027 3544/3544/1027 3545/3545/1027
f 3546/3546/1028 3547/3547/1028 3548/3548/1028
f 3549/3549/1029 3550/3550/1029 3551/3551/1029
f 3552/3552/1030 3553/3553/1030 3554/3554/1030
f 3555/3555/1031 3556/3556/1031 3557/3557/1031
f 3558/3558/1032 3559/3559/1032 3560/3560/1032
f 3561/3561/1033 3562/3562/1033 3563/3563/1033
f 3564/3564/1034 3565/3565/1034 3566/3566/1034
f 3567/3567/1035 3568/3568/1035 3569/3569/1035
f 3570/3570/1036 3571/3571/1036 3572/3572/1036
f 3573/3573/1037 3574/3574/1037 3575/3575/1037
f 3576/3576/1038 3577/3577/1038 3578/3578/1038
f 3579/3579/1039 3580/3580/1039 3581/3581/1039
f 3582/3582/1040 3583/3583/1040 3584/3584/1040
f 3585/3585/1041 3586/3586/1041 3587/3587/1041
f 3585/3585/1041 3587/3587/1041 3588/3588/1041
f 3589/3589/1042 3590/3590/1042 3591/3591/1042
f 3589/3589/1042 3591/3591/1042 3592/3592/1042
f 3593/3593/1043 3594/3594/1043 3595/3595/1043
f 3593/3593/1043 3595/3595/1043 3596/3596/1043
f 3597/3597/1044 3598/3598/1044 3599/3599/1044
f 3597/3597/1044 3599/3599/1044 3600/3600/1044
f 3601/3601/1045 3602/3602/1045 3603/3603/1045
f 3601/3601/1045 3603/3603/1045 3604/3604/1045
f 3605/3605/1046 3606/3606/1046 3607/3607/1046
f 3605/3605/1046 3607/3607/1046 3608/3608/1046
usemtl Safety_Ladder
f 3609/3609/1047 3610/3610/1047 3611/3611/1047
f 3609/3609/1047 3611/3611/1047 3612/3612/1047
f 3613/3613/1048 3614/3614/1048 3615/3615/1048
f 3613/3613/1048 3615/3615/1048 3616/3616/1048
f 3617/3617/1049 3618/3618/1049 3619/3619/1049
f 3617/3617/1049 3619/3619/1049 3620/3620/1049
f 3621/3621/1050 3622/3622/1050 3623/3623/1050
f 3621/3621/1050 3623/3623/1050 3624/3624/1050
f 3625/3625/1051 3626/3626/1051 3627/3627/1051
f 3625/3625/1051 3627/3627/1051 3628/3628/1051
f 3629/3629/1052 3630/3630/1052 3631/3631/1052
f 3629/3629/1052 3631/3631/1052 3632/3632/1052
f 3633/3633/1053 3634/3634/1053 3635/3635/1053
f 3633/3633/1053 3635/3635/1053 3636/3636/1053
f 3637/3637/1054 3638/3638/1054 3639/3639/1054
f 3637/3637/1054 3639/3639/1054 3640/3640/1054
f 3641/3641/1055 3642/3642/1055 3643/3643/1055
f 3641/3641/1055 3643/3643/1055 3644/3644/1055
f 3645/3645/1056 3646/3646/1056 3647/3647/1056
f 3645/3645/1056 3647/3647/1056 3648/3648/1056
f 3649/3649/1057 3650/3650/1057 3651/3651/1057
f 3649/3649/1057 3651/3651/1057 3652/3652/1057
f 3653/3653/1058 3654/3654/1058 3655/3655/1058
f 3653/3653/1058 3655/3655/1058 3656/3656/1058
f 3657/3657/1059 3658/3658/1059 3659/3659/1059
f 3657/3657/1059 3659/3659/1059 3660/3660/1059
f 3661/3661/1060 3662/3662/1060 3663/3663/1060
f 3661/3661/1060 3663/3663/1060 3664/3664/1060
f 3665/3665/1061 3666/3666/1061 3667/3667/1061
f 3665/3665/1061 3667/3667/1061 3668/3668/1061
f 3669/3669/1062 3670/3670/1062 3671/3671/1062
f 3669/3669/1062 3671/3671/1062 3672/3672/1062
f 3673/3673/1063 3674/3674/1063 3675/3675/1063
f 3673/3673/1063 3675/3675/1063 3676/3676/1063
f 3677/3677/1064 3678/3678/1064 3679/3679/1064
f 3677/3677/1064 3679/3679/1064 3680/3680/1064
f 3681/3681/1065 3682/3682/1065 3683/3683/1065
f 3681/3681/1065 3683/3683/1065 3684/3684/1065
f 3685/3685/1066 3686/3686/1066 3687/3687/1066
f 3685/3685/1066 3687/3687/1066 3688/3688/1066
f 3689/3689/1067 3690/3690/1067 3691/3691/1067
f 3689/3689/1067 3691/3691/1067 3692/3692/1067
f 3693/3693/1068 3694/3694/1068 3695/3695/1068
f 3693/3693/1068 3695/3695/1068 3696/3696/1068
f 3697/3697/1069 3698/3698/1069 3699/3699/1069
f 3697/3697/1069 3699/3699/1069 3700/3700/1069
f 3701/3701/1070 3702/3702/1070 3703/3703/1070
f 3701/3701/1070 3703/3703/1070 3704/3704/1070
f 3705/3705/1071 3706/3706/1071 3707/3707/1071
f 3705/3705/1071 3707/3707/1071 3708/3708/1071
f 3709/3709/1072 3710/3710/1072 3711/3711/1072
f 3709/3709/1072 3711/3711/1072 3712/3712/1072
f 3713/3713/1073 3714/3714/1073 3715/3715/1073
f 3713/3713/1073 3715/3715/1073 3716/3716/1073
f 3717/3717/1074 3718/3718/1074 3719/3719/1074
f 3717/3717/1074 3719/3719/1074 3720/3720/1074
f 3721/3721/1075 3722/3722/1075 3723/3723/1075
f 3721/3721/1075 3723/3723/1075 3724/3724/1075
f 3725/3725/1076 3726/3726/1076 3727/3727/1076
f 3725/3725/1076 3727/3727/1076 3728/3728/1076
f 3729/3729/1077 3730/3730/1077 3731/3731/1077
f 3729/3729/1077 3731/3731/1077 3732/3732/1077
f 3733/3733/1078 3734/3734/1078 3735/3735/1078
f 3733/3733/1078 3735/3735/1078 3736/3736/1078
f 3737/3737/1079 3738/3738/1079 3739/3739/1079
f 3737/3737/1079 3739/3739/1079 3740/3740/1079
f 3741/3741/1080 3742/3742/1080 3743/3743/1080
f 3741/3741/1080 3743/3743/1080 3744/3744/1080
f 3745/3745/1081 3746/3746/1081 3747/3747/1081
f 3745/3745/1081 3747/3747/1081 3748/3748/1081
f 3749/3749/1082 3750/3750/1082 3751/3751/1082
f 3749/3749/1082 3751/3751/1082 3752/3752/1082
f 3753/3753/1083 3754/3754/1083 3755/3755/1083
f 3753/3753/1083 3755/3755/1083 3756/3756/1083
f 3757/3757/1084 3758/3758/1084 3759/3759/1084
f 3757/3757/1084 3759/3759/1084 3760/3760/1084
f 3761/3761/1085 3762/3762/1085 3763/3763/1085
f 3761/3761/1085 3763/3763/1085 3764/3764/1085
f 3765/3765/1086 3766/3766/1086 3767/3767/1086
f 3765/3765/1086 3767/3767/1086 3768/3768/1086
f 3769/3769/1087 3770/3770/1087 3771/3771/1087
f 3769/3769/1087 3771/3771/1087 3772/3772/1087
f 3773/3773/1088 3774/3774/1088 3775/3775/1088
f 3773/3773/1088 3775/3775/1088 3776/3776/1088
f 3777/3777/1089 3778/3778/1089 3779/3779/1089
f 3777/3777/1089 3779/3779/1089 3780/3780/1089
f 3781/3781/1090 3782/3782/1090 3783/3783/1090
f 3781/3781/1090 3783/3783/1090 3784/3784/1090
f 3785/3785/1091 3786/3786/1091 3787/3787/1091
f 3785/3785/1091 3787/3787/1091 3788/3788/1091
f 3789/3789/1092 3790/3790/1092 3791/3791/1092
f 3789/3789/1092 3791/3791/1092 3792/3792/1092
f 3793/3793/1093 3794/3794/1093 3795/3795/1093
f 3793/3793/1093 3795/3795/1093 3796/3796/1093
f 3797/3797/1094 3798/3798/1094 3799/3799/1094
f 3797/3797/1094 3799/3799/1094 3800/3800/1094
f 3801/3801/1095 3802/3802/1095 3803/3803/1095
f 3801/3801/1095 3803/3803/1095 3804/3804/1095
f 3805/3805/1096 3806/3806/1096 3807/3807/1096
f 3805/3805/1096 3807/3807/1096 3808/3808/1096
f 3809/3809/1097 3810/3810/1097 3811/3811/1097
f 3809/3809/1097 3811/3811/1097 3812/3812/1097
f 3813/3813/1098 3814/3814/1098 3815/3815/1098
f 3813/3813/1098 3815/3815/1098 3816/3816/1098
f 3817/3817/1099 3818/3818/1099 3819/3819/1099
f 3817/3817/1099 3819/3819/1099 3820/3820/1099
f 3821/3821/1100 3822/3822/1100 3823/3823/1100
f 3821/3821/1100 3823/3823/1100 3824/3824/1100
f 3825/3825/1101 3826/3826/1101 3827/3827/1101
f 3825/3825/1101 3827/3827/1101 3828/3828/1101
f 3829/3829/1102 3830/3830/1102 3831/3831/1102
f 3829/3829/1102 3831/3831/1102 3832/3832/1102
f 3833/3833/1103 3834/3834/1103 3835/3835/1103
f 3833/3833/1103 3835/3835/1103 3836/3836/1103
f 3837/3837/1104 3838/3838/1104 3839/3839/1104
f 3837/3837/1104 3839/3839/1104 3840/3840/1104
f 3841/3841/1105 3842/3842/1105 3843/3843/1105
f 3841/3841/1105 3843/3843/1105 3844/3844/1105
f 3845/3845/1106 3846/3846/1106 3847/3847/1106
f 3845/3845/1106 3847/3847/1106 3848/3848/1106
f 3849/3849/1107 3850/3850/1107 3851/3851/1107
f 3849/3849/1107 3851/3851/1107 3852/3852/1107
f 3853/3853/1108 3854/3854/1108 3855/3855/1108
f 3853/3853/1108 3855/3855/1108 3856/3856/1108
f 3857/3857/1109 3858/3858/1109 3859/3859/1109
f 3857/3857/1109 3859/3859/1109 3860/3860/1109
f 3861/3861/1110 3862/3862/1110 3863/3863/1110
f 3861/3861/1110 3863/3863/1110 3864/3864/1110
f 3865/3865/1111 3866/3866/1111 3867/3867/1111
f 3865/3865/1111 3867/3867/1111 3868/3868/1111
f 3869/3869/1112 3870/3870/1112 3871/3871/1112
f 3869/3869/1112 3871/3871/1112 3872/3872/1112
f 3873/3873/1113 3874/3874/1113 3875/3875/1113
f 3873/3873/1113 3875/3875/1113 3876/3876/1113
f 3877/3877/1114 3878/3878/1114 3879/3879/1114
f 3877/3877/1114 3879/3879/1114 3880/3880/1114
f 3881/3881/1115 3882/3882/1115 3883/3883/1115
f 3881/3881/1115 3883/3883/1115 3884/3884/1115
f 3885/3885/1116 3886/3886/1116 3887/3887/1116
f 3885/3885/1116 3887/3887/1116 3888/3888/1116
f 3889/3889/1117 3890/3890/1117 3891/3891/1117
f 3889/3889/1117 3891/3891/1117 3892/3892/1117
f 3893/3893/1118 3894/3894/1118 3895/3895/1118
f 3893/3893/1118 3895/3895/1118 3896/3896/1118
f 3897/3897/1119 3898/3898/1119 3899/3899/1119
f 3897/3897/1119 3899/3899/1119 3900/3900/1119
f 3901/3901/1120 3902/3902/1120 3903/3903/1120
f 3901/3901/1120 3903/3903/1120 3904/3904/1120
f 3905/3905/1121 3906/3906/1121 3907/3907/1121
f 3905/3905/1121 3907/3907/1121 3908/3908/1121
f 3909/3909/1122 3910/3910/1122 3911/3911/1122
f 3909/3909/1122 3911/3911/1122 3912/3912/1122
f 3913/3913/1123 3914/3914/1123 3915/3915/1123
f 3913/3913/1123 3915/3915/1123 3916/3916/1123
f 3917/3917/1124 3918/3918/1124 3919/3919/1124
f 3917/3917/1124 3919/3919/1124 3920/3920/1124
f 3921/3921/1125 3922/3922/1125 3923/3923/1125
f 3921/3921/1125 3923/3923/1125 3924/3924/1125
f 3925/3925/1126 3926/3926/1126 3927/3927/1126
f 3925/3925/1126 3927/3927/1126 3928/3928/1126
f 3929/3929/1127 3930/3930/1127 3931/3931/1127
f 3929/3929/1127 3931/3931/1127 3932/3932/1127
f 3933/3933/1128 3934/3934/1128 3935/3935/1128
f 3933/3933/1128 3935/3935/1128 3936/3936/1128
f 3937/3937/1129 3938/3938/1129 3939/3939/1129
f 3937/3937/1129 3939/3939/1129 3940/3940/1129
f 3941/3941/1130 3942/3942/1130 3943/3943/1130
f 3941/3941/1130 3943/3943/1130 3944/3944/1130
f 3945/3945/1131 3946/3946/1131 3947/3947/1131
f 3945/3945/1131 3947/3947/1131 3948/3948/1131
f 3949/3949/1132 3950/3950/1132 3951/3951/1132
f 3949/3949/1132 3951/3951/1132 3952/3952/1132
f 3953/3953/1133 3954/3954/1133 3955/3955/1133
f 3953/3953/1133 3955/3955/1133 3956/3956/1133
f 3957/3957/1134 3958/3958/1134 3959/3959/1134
f 3957/3957/1134 3959/3959/1134 3960/3960/1134
f 3961/3961/1135 3962/3962/1135 3963/3963/1135
f 3961/3961/1135 3963/3963/1135 3964/3964/1135
f 3965/3965/1136 3966/3966/1136 3967/3967/1136
f 3965/3965/1136 3967/3967/1136 3968/3968/1136
f 3969/3969/1137 3970/3970/1137 3971/3971/1137
f 3969/3969/1137 3971/3971/1137 3972/3972/1137
f 3973/3973/1138 3974/3974/1138 3975/3975/1138
f 3973/3973/1138 3975/3975/1138 3976/3976/1138
f 3977/3977/1139 3978/3978/1139 3979/3979/1139
f 3977/3977/1139 3979/3979/1139 3980/3980/1139
f 3981/3981/1140 3982/3982/1140 3983/3983/1140
f 3981/3981/1140 3983/3983/1140 3984/3984/1140
f 3985/3985/1141 3986/3986/1141 3987/3987/1141
f 3985/3985/1141 3987/3987/1141 3988/3988/1141
f 3989/3989/1142 3990/3990/1142 3991/3991/1142
f 3989/3989/1142 3991/3991/1142 3992/3992/1142
f 3993/3993/1143 3994/3994/1143 3995/3995/1143
f 3993/3993/1143 3995/3995/1143 3996/3996/1143
f 3997/3997/1144 3998/3998/1144 3999/3999/1144
f 3997/3997/1144 3999/3999/1144 4000/4000/1144
f 4001/4001/1145 4002/4002/1145 4003/4003/1145
f 4001/4001/1145 4003/4003/1145 4004/4004/1145
f 4005/4005/1146 4006/4006/1146 4007/4007/1146
f 4005/4005/1146 4007/4007/1146 4008/4008/1146
f 4009/4009/1147 4010/4010/1147 4011/4011/1147
f 4009/4009/1147 4011/4011/1147 4012/4012/1147
f 4013/4013/1148 4014/4014/1148 4015/4015/1148
f 4013/4013/1148 4015/4015/1148 4016/4016/1148
f 4017/4017/1149 4018/4018/1149 4019/4019/1149
f 4017/4017/1149 4019/4019/1149 4020/4020/1149
f 4021/4021/1150 4022/4022/1150 4023/4023/1150
f 4021/4021/1150 4023/4023/1150 4024/4024/1150
f 4025/4025/1151 4026/4026/1151 4027/4027/1151
f 4025/4025/1151 4027/4027/1151 4028/4028/1151
f 4029/4029/1152 4030/4030/1152 4031/4031/1152
f 4029/4029/1152 4031/4031/1152 4032/4032/1152
f 4033/4033/1153 4034/4034/1153 4035/4035/1153
f 4033/4033/1153 4035/4035/1153 4036/4036/1153
f 4037/4037/1154 4038/4038/1154 4039/4039/1154
f 4037/4037/1154 4039/4039/1154 4040/4040/1154
f 4041/4041/1155 4042/4042/1155 4043/4043/1155
f 4041/4041/1155 4043/4043/1155 4044/4044/1155
f 4045/4045/1156 4046/4046/1156 4047/4047/1156
f 4045/4045/1156 4047/4047/1156 4048/4048/1156
f 4049/4049/1157 4050/4050/1157 4051/4051/1157
f 4049/4049/1157 4051/4051/1157 4052/4052/1157
f 4053/4053/1158 4054/4054/1158 4055/4055/1158
f 4053/4053/1158 4055/4055/1158 4056/4056/1158
f 4057/4057/1159 4058/4058/1159 4059/4059/1159
f 4057/4057/1159 4059/4059/1159 4060/4060/1159
f 4061/4061/1160 4062/4062/1160 4063/4063/1160
f 4061/4061/1160 4063/4063/1160 4064/4064/1160
f 4065/4065/1161 4066/4066/1161 4067/4067/1161
f 4065/4065/1161 4067/4067/1161 4068/4068/1161
f 4069/4069/1162 4070/4070/1162 4071/4071/1162
f 4069/4069/1162 4071/4071/1162 4072/4072/1162
f 4073/4073/1163 4074/4074/1163 4075/4075/1163
f 4073/4073/1163 4075/4075/1163 4076/4076/1163
f 4077/4077/1164 4078/4078/1164 4079/4079/1164
f 4077/4077/1164 4079/4079/1164 4080/4080/1164
f 4081/4081/1165 4082/4082/1165 4083/4083/1165
f 4081/4081/1165 4083/4083/1165 4084/4084/1165
f 4085/4085/1166 4086/4086/1166 4087/4087/1166
f 4085/4085/1166 4087/4087/1166 4088/4088/1166
f 4089/4089/1167 4090/4090/1167 4091/4091/1167
f 4089/4089/1167 4091/4091/1167 4092/4092/1167
f 4093/4093/1168 4094/4094/1168 4095/4095/1168
f 4093/4093/1168 4095/4095/1168 4096/4096/1168
f 4097/4097/1169 4098/4098/1169 4099/4099/1169
f 4097/4097/1169 4099/4099/1169 4100/4100/1169
f 4101/4101/1170 4102/4102/1170 4103/4103/1170
f 4101/4101/1170 4103/4103/1170 4104/4104/1170
f 4105/4105/1171 4106/4106/1171 4107/4107/1171
f 4105/4105/1171 4107/4107/1171 4108/4108/1171
f 4109/4109/1172 4110/4110/1172 4111/4111/1172
f 4109/4109/1172 4111/4111/1172 4112/4112/1172
f 4113/4113/1173 4114/4114/1173 4115/4115/1173
f 4113/4113/1173 4115/4115/1173 4116/4116/1173
f 4117/4117/1174 4118/4118/1174 4119/4119/1174
f 4117/4117/1174 4119/4119/1174 4120/4120/1174
f 4121/4121/1175 4122/4122/1175 4123/4123/1175
f 4121/4121/1175 4123/4123/1175 4124/4124/1175
f 4125/4125/1176 4126/4126/1176 4127/4127/1176
f 4125/4125/1176 4127/4127/1176 4128/4128/1176
f 4129/4129/1177 4130/4130/1177 4131/4131/1177
f 4129/4129/1177 4131/4131/1177 4132/4132/1177
f 4133/4133/1178 4134/4134/1178 4135/4135/1178
f 4133/4133/1178 4135/4135/1178 4136/4136/1178
f 4137/4137/1179 4138/4138/1179 4139/4139/1179
f 4137/4137/1179 4139/4139/1179 4140/4140/1179
f 4141/4141/1180 4142/4142/1180 4143/4143/1180
f 4141/4141/1180 4143/4143/1180 4144/4144/1180
f 4145/4145/1181 4146/4146/1181 4147/4147/1181
f 4145/4145/1181 4147/4147/1181 4148/4148/1181
f 4149/4149/1182 4150/4150/1182 4151/4151/1182
f 4149/4149/1182 4151/4151/1182 4152/4152/1182
f 4153/4153/1183 4154/4154/1183 4155/4155/1183
f 4153/4153/1183 4155/4155/1183 4156/4156/1183
f 4157/4157/1184 4158/4158/1184 4159/4159/1184
f 4157/4157/1184 4159/4159/1184 4160/4160/1184
f 4161/4161/1185 4162/4162/1185 4163/4163/1185
f 4161/4161/1185 4163/4163/1185 4164/4164/1185
f 4165/4165/1186 4166/4166/1186 4167/4167/1186
f 4165/4165/1186 4167/4167/1186 4168/4168/1186
f 4169/4169/1187 4170/4170/1187 4171/4171/1187
f 4169/4169/1187 4171/4171/1187 4172/4172/1187
f 4173/4173/1188 4174/4174/1188 4175/4175/1188
f 4173/4173/1188 4175/4175/1188 4176/4176/1188
f 4177/4177/1189 4178/4178/1189 4179/4179/1189
f 4177/4177/1189 4179/4179/1189 4180/4180/1189
f 4181/4181/1190 4182/4182/1190 4183/4183/1190
f 4181/4181/1190 4183/4183/1190 4184/4184/1190
